1675497356.000000, IBI
77.750000,0.593750
130.109375,0.906250
247.593750,0.859375
312.609375,0.750000
313.343750,0.734375
314.078125,0.734375
314.890625,0.812500
315.796875,0.906250
316.625000,0.828125
317.500000,0.875000
318.359375,0.859375
319.203125,0.843750
320.125000,0.921875
320.984375,0.859375
321.906250,0.921875
322.687500,0.781250
323.484375,0.796875
324.359375,0.875000
325.234375,0.875000
326.250000,1.015625
327.109375,0.859375
328.046875,0.937500
328.906250,0.859375
348.937500,0.843750
349.906250,0.968750
361.156250,0.984375
362.328125,1.171875
363.171875,0.843750
364.156250,0.984375
365.046875,0.890625
365.859375,0.812500
366.890625,1.031250
367.718750,0.828125
368.578125,0.859375
381.812500,0.921875
382.687500,0.875000
383.609375,0.921875
384.468750,0.859375
389.812500,0.906250
390.703125,0.890625
391.593750,0.890625
408.671875,0.890625
409.546875,0.875000
410.468750,0.921875
411.375000,0.906250
412.312500,0.937500
413.234375,0.921875
414.093750,0.859375
414.937500,0.843750
415.781250,0.843750
416.640625,0.859375
417.312500,0.671875
420.750000,0.781250
421.546875,0.796875
422.343750,0.796875
423.187500,0.843750
424.031250,0.843750
424.890625,0.859375
425.781250,0.890625
426.671875,0.890625
427.546875,0.875000
428.390625,0.843750
429.250000,0.859375
430.078125,0.828125
430.906250,0.828125
431.703125,0.796875
432.515625,0.812500
433.328125,0.812500
434.140625,0.812500
434.953125,0.812500
435.765625,0.812500
436.656250,0.890625
437.578125,0.921875
438.515625,0.937500
439.421875,0.906250
440.343750,0.921875
441.234375,0.890625
442.125000,0.890625
442.984375,0.859375
443.843750,0.859375
453.953125,0.828125
454.843750,0.890625
455.703125,0.859375
456.531250,0.828125
457.359375,0.828125
458.234375,0.875000
459.109375,0.875000
460.000000,0.890625
460.875000,0.875000
461.750000,0.875000
462.578125,0.828125
463.406250,0.828125
464.171875,0.765625
464.968750,0.796875
465.765625,0.796875
466.593750,0.828125
467.437500,0.843750
472.281250,0.828125
473.109375,0.828125
473.906250,0.796875
474.718750,0.812500
475.531250,0.812500
476.390625,0.859375
477.203125,0.812500
478.031250,0.828125
478.859375,0.828125
479.671875,0.812500
480.531250,0.859375
481.375000,0.843750
482.171875,0.796875
483.203125,1.031250
484.046875,0.843750
484.906250,0.859375
485.765625,0.859375
486.562500,0.796875
487.406250,0.843750
488.250000,0.843750
489.078125,0.828125
489.906250,0.828125
490.718750,0.812500
491.531250,0.812500
492.171875,0.640625
499.640625,0.859375
500.500000,0.859375
501.375000,0.875000
502.203125,0.828125
503.031250,0.828125
503.859375,0.828125
504.687500,0.828125
505.453125,0.765625
506.250000,0.796875
507.046875,0.796875
507.890625,0.843750
508.750000,0.859375
509.625000,0.875000
510.468750,0.843750
511.328125,0.859375
512.187500,0.859375
513.046875,0.859375
513.890625,0.843750
514.687500,0.796875
515.484375,0.796875
516.296875,0.812500
517.093750,0.796875
517.906250,0.812500
518.671875,0.765625
519.515625,0.843750
520.312500,0.796875
521.078125,0.765625
521.859375,0.781250
522.625000,0.765625
523.406250,0.781250
524.203125,0.796875
525.015625,0.812500
525.812500,0.796875
526.593750,0.781250
527.375000,0.781250
528.156250,0.781250
528.968750,0.812500
529.750000,0.781250
530.515625,0.765625
531.281250,0.765625
541.015625,0.906250
541.937500,0.921875
543.015625,1.078125
543.921875,0.906250
544.828125,0.906250
545.656250,0.828125
546.468750,0.812500
547.312500,0.843750
548.171875,0.859375
549.062500,0.890625
549.953125,0.890625
550.828125,0.875000
551.703125,0.875000
552.578125,0.875000
553.437500,0.859375
554.312500,0.875000
555.109375,0.796875
555.937500,0.828125
556.781250,0.843750
557.656250,0.875000
558.531250,0.875000
559.421875,0.890625
560.296875,0.875000
561.171875,0.875000
562.000000,0.828125
562.859375,0.859375
563.703125,0.843750
564.593750,0.890625
565.390625,0.796875
566.171875,0.781250
566.921875,0.750000
567.656250,0.734375
568.453125,0.796875
569.250000,0.796875
570.062500,0.812500
570.937500,0.875000
571.812500,0.875000
572.671875,0.859375
573.500000,0.828125
574.328125,0.828125
575.125000,0.796875
575.890625,0.765625
576.640625,0.750000
577.390625,0.750000
578.125000,0.734375
578.890625,0.765625
579.625000,0.734375
580.406250,0.781250
581.203125,0.796875
582.015625,0.812500
582.828125,0.812500
583.656250,0.828125
584.437500,0.781250
585.203125,0.765625
585.984375,0.781250
586.765625,0.781250
587.562500,0.796875
588.375000,0.812500
589.187500,0.812500
590.000000,0.812500
590.796875,0.796875
591.578125,0.781250
592.390625,0.812500
593.156250,0.765625
593.906250,0.750000
594.640625,0.734375
595.375000,0.734375
595.953125,0.578125
602.250000,0.843750
603.265625,1.015625
604.093750,0.828125
604.890625,0.796875
605.687500,0.796875
606.484375,0.796875
607.328125,0.843750
608.187500,0.859375
609.031250,0.843750
613.906250,0.859375
614.953125,1.046875
620.203125,0.796875
621.000000,0.796875
621.828125,0.828125
631.062500,0.906250
632.000000,0.937500
632.906250,0.906250
633.828125,0.921875
638.062500,0.859375
638.937500,0.875000
639.796875,0.859375
640.671875,0.875000
646.250000,0.781250
647.187500,0.937500
647.937500,0.750000
648.703125,0.765625
655.781250,0.781250
656.531250,0.750000
657.328125,0.796875
658.093750,0.765625
658.890625,0.796875
659.703125,0.812500
660.515625,0.812500
661.359375,0.843750
662.250000,0.890625
663.203125,0.953125
664.140625,0.937500
665.078125,0.937500
666.015625,0.937500
666.953125,0.937500
667.843750,0.890625
668.703125,0.859375
669.515625,0.812500
673.171875,0.703125
673.875000,0.703125
674.609375,0.734375
675.515625,0.906250
676.437500,0.921875
677.390625,0.953125
678.343750,0.953125
679.265625,0.921875
680.140625,0.875000
680.953125,0.812500
681.718750,0.765625
682.484375,0.765625
683.265625,0.781250
684.093750,0.828125
684.890625,0.796875
685.765625,0.875000
686.703125,0.937500
687.703125,1.000000
688.656250,0.953125
689.562500,0.906250
690.437500,0.875000
691.312500,0.875000
692.218750,0.906250
693.140625,0.921875
694.015625,0.875000
694.890625,0.875000
695.796875,0.906250
696.734375,0.937500
697.656250,0.921875
698.531250,0.875000
699.406250,0.875000
700.265625,0.859375
709.531250,0.843750
710.312500,0.781250
711.093750,0.781250
711.875000,0.781250
712.656250,0.781250
713.421875,0.765625
714.203125,0.781250
714.968750,0.765625
715.765625,0.796875
716.593750,0.828125
717.453125,0.859375
718.406250,0.953125
719.218750,0.812500
720.218750,1.000000
721.062500,0.843750
721.875000,0.812500
722.687500,0.812500
723.671875,0.984375
724.484375,0.812500
725.265625,0.781250
726.046875,0.781250
726.812500,0.765625
727.578125,0.765625
728.343750,0.765625
729.078125,0.734375
729.859375,0.781250
730.656250,0.796875
731.515625,0.859375
732.375000,0.859375
733.218750,0.843750
734.046875,0.828125
734.875000,0.828125
741.140625,0.812500
741.984375,0.843750
742.859375,0.875000
743.718750,0.859375
744.546875,0.828125
745.375000,0.828125
756.687500,0.828125
757.500000,0.812500
758.312500,0.812500
759.109375,0.796875
759.859375,0.750000
760.625000,0.765625
761.625000,1.000000
765.125000,0.781250
765.906250,0.781250
766.687500,0.781250
767.484375,0.796875
768.281250,0.796875
769.078125,0.796875
769.875000,0.796875
770.656250,0.781250
771.453125,0.796875
772.234375,0.781250
772.984375,0.750000
773.734375,0.750000
774.500000,0.765625
775.281250,0.781250
776.078125,0.796875
776.859375,0.781250
777.671875,0.812500
778.515625,0.843750
779.375000,0.859375
780.218750,0.843750
781.078125,0.859375
781.953125,0.875000
782.859375,0.906250
783.687500,0.828125
788.484375,0.765625
789.250000,0.765625
790.031250,0.781250
790.828125,0.796875
791.671875,0.843750
792.500000,0.828125
793.296875,0.796875
794.109375,0.812500
794.890625,0.781250
795.671875,0.781250
796.437500,0.765625
797.156250,0.718750
797.843750,0.687500
798.531250,0.687500
799.234375,0.703125
799.953125,0.718750
800.734375,0.781250
801.578125,0.843750
802.453125,0.875000
803.406250,0.953125
804.359375,0.953125
805.312500,0.953125
806.187500,0.875000
807.062500,0.875000
807.921875,0.859375
808.812500,0.890625
809.640625,0.828125
810.500000,0.859375
811.328125,0.828125
812.187500,0.859375
813.015625,0.828125
813.859375,0.843750
814.703125,0.843750
815.562500,0.859375
816.406250,0.843750
817.250000,0.843750
818.093750,0.843750
818.906250,0.812500
819.718750,0.812500
820.562500,0.843750
821.406250,0.843750
822.265625,0.859375
823.109375,0.843750
823.968750,0.859375
824.843750,0.875000
825.718750,0.875000
826.562500,0.843750
827.375000,0.812500
828.203125,0.828125
829.031250,0.828125
829.812500,0.781250
830.609375,0.796875
831.406250,0.796875
832.234375,0.828125
833.046875,0.812500
833.875000,0.828125
834.687500,0.812500
835.515625,0.828125
836.328125,0.812500
837.156250,0.828125
837.984375,0.828125
838.796875,0.812500
839.609375,0.812500
840.437500,0.828125
841.265625,0.828125
842.062500,0.796875
842.890625,0.828125
843.734375,0.843750
844.562500,0.828125
845.406250,0.843750
846.234375,0.828125
847.078125,0.843750
847.843750,0.765625
848.640625,0.796875
849.453125,0.812500
850.296875,0.843750
851.156250,0.859375
852.015625,0.859375
852.859375,0.843750
853.718750,0.859375
854.484375,0.765625
855.281250,0.796875
856.046875,0.765625
856.828125,0.781250
857.625000,0.796875
858.390625,0.765625
859.156250,0.765625
859.953125,0.796875
860.734375,0.781250
861.515625,0.781250
862.281250,0.765625
863.031250,0.750000
863.796875,0.765625
864.546875,0.750000
865.312500,0.765625
866.109375,0.796875
866.921875,0.812500
867.765625,0.843750
868.640625,0.875000
869.500000,0.859375
870.343750,0.843750
871.171875,0.828125
871.984375,0.812500
872.796875,0.812500
873.609375,0.812500
874.421875,0.812500
875.218750,0.796875
876.031250,0.812500
876.843750,0.812500
877.656250,0.812500
878.484375,0.828125
879.281250,0.796875
880.109375,0.828125
880.968750,0.859375
881.828125,0.859375
882.656250,0.828125
883.437500,0.781250
884.218750,0.781250
884.984375,0.765625
885.765625,0.781250
886.562500,0.796875
887.312500,0.750000
888.109375,0.796875
888.906250,0.796875
889.718750,0.812500
890.546875,0.828125
891.343750,0.796875
892.156250,0.812500
892.953125,0.796875
893.781250,0.828125
894.578125,0.796875
895.343750,0.765625
896.140625,0.796875
896.921875,0.781250
897.718750,0.796875
898.500000,0.781250
899.296875,0.796875
900.109375,0.812500
907.343750,0.750000
908.140625,0.796875
908.968750,0.828125
909.781250,0.812500
910.625000,0.843750
911.484375,0.859375
912.328125,0.843750
913.140625,0.812500
913.953125,0.812500
914.781250,0.828125
915.593750,0.812500
916.421875,0.828125
917.203125,0.781250
918.000000,0.796875
918.812500,0.812500
919.656250,0.843750
920.468750,0.812500
921.312500,0.843750
922.187500,0.875000
923.046875,0.859375
923.890625,0.843750
924.750000,0.859375
925.625000,0.875000
926.484375,0.859375
927.328125,0.843750
928.187500,0.859375
929.062500,0.875000
929.906250,0.843750
930.750000,0.843750
931.609375,0.859375
932.453125,0.843750
933.265625,0.812500
934.078125,0.812500
934.875000,0.796875
935.640625,0.765625
936.421875,0.781250
937.187500,0.765625
937.937500,0.750000
938.734375,0.796875
939.562500,0.828125
940.421875,0.859375
941.375000,0.953125
942.296875,0.921875
943.187500,0.890625
944.015625,0.828125
944.843750,0.828125
945.640625,0.796875
946.421875,0.781250
947.203125,0.781250
947.984375,0.781250
948.765625,0.781250
949.578125,0.812500
950.359375,0.781250
951.125000,0.765625
951.921875,0.796875
952.734375,0.812500
953.578125,0.843750
954.437500,0.859375
955.281250,0.843750
956.156250,0.875000
957.015625,0.859375
957.890625,0.875000
958.718750,0.828125
959.546875,0.828125
960.375000,0.828125
961.187500,0.812500
961.984375,0.796875
962.718750,0.734375
963.515625,0.796875
964.296875,0.781250
965.156250,0.859375
966.046875,0.890625
966.953125,0.906250
967.843750,0.890625
968.703125,0.859375
969.578125,0.875000
970.421875,0.843750
971.265625,0.843750
972.046875,0.781250
972.859375,0.812500
973.515625,0.656250
974.390625,0.875000
975.109375,0.718750
975.875000,0.765625
976.578125,0.703125
977.328125,0.750000
978.046875,0.718750
978.859375,0.812500
979.593750,0.734375
980.203125,0.609375
986.109375,0.703125
986.796875,0.687500
987.468750,0.671875
988.140625,0.671875
988.812500,0.671875
989.500000,0.687500
990.171875,0.671875
990.875000,0.703125
991.609375,0.734375
992.437500,0.828125
993.375000,0.937500
994.406250,1.031250
995.437500,1.031250
996.421875,0.984375
1008.328125,0.781250
1017.906250,0.906250
1018.921875,1.015625
1020.000000,1.078125
1021.062500,1.062500
1022.109375,1.046875
1026.546875,0.921875
1027.515625,0.968750
1028.500000,0.984375
1029.562500,1.062500
1030.656250,1.093750
1031.687500,1.031250
1032.703125,1.015625
1033.687500,0.984375
1034.625000,0.937500
1035.515625,0.890625
1036.390625,0.875000
1037.265625,0.875000
1038.109375,0.843750
1038.953125,0.843750
1059.703125,0.875000
1060.562500,0.859375
1061.421875,0.859375
1062.281250,0.859375
1063.156250,0.875000
1064.062500,0.906250
1064.937500,0.875000
1065.828125,0.890625
1066.703125,0.875000
1067.593750,0.890625
1068.484375,0.890625
1069.343750,0.859375
1070.234375,0.890625
1071.109375,0.875000
1071.984375,0.875000
1072.828125,0.843750
1073.687500,0.859375
1074.562500,0.875000
1075.468750,0.906250
1076.375000,0.906250
1077.203125,0.828125
1078.046875,0.843750
1078.890625,0.843750
1079.765625,0.875000
1080.671875,0.906250
1081.531250,0.859375
1082.390625,0.859375
1083.265625,0.875000
1084.125000,0.859375
1084.968750,0.843750
1085.812500,0.843750
1086.687500,0.875000
1087.562500,0.875000
1088.453125,0.890625
1089.328125,0.875000
1090.187500,0.859375
1091.046875,0.859375
1091.921875,0.875000
1092.781250,0.859375
1093.609375,0.828125
1094.453125,0.843750
1095.312500,0.859375
1107.828125,0.890625
1108.687500,0.859375
1109.546875,0.859375
1110.421875,0.875000
1111.328125,0.906250
1112.234375,0.906250
1113.109375,0.875000
1114.000000,0.890625
1114.875000,0.875000
1115.734375,0.859375
1116.640625,0.906250
1117.546875,0.906250
1118.453125,0.906250
1119.328125,0.875000
1120.187500,0.859375
1121.062500,0.875000
1121.937500,0.875000
1122.781250,0.843750
1143.578125,0.750000
1144.359375,0.781250
1145.109375,0.750000
1145.890625,0.781250
1146.625000,0.734375
1147.281250,0.656250
1153.828125,0.750000
1154.578125,0.750000
1155.375000,0.796875
1156.187500,0.812500
1157.046875,0.859375
1157.875000,0.828125
1158.687500,0.812500
1163.875000,0.890625
1164.812500,0.937500
1165.703125,0.890625
1166.578125,0.875000
1167.406250,0.828125
1168.218750,0.812500
1175.703125,0.937500
1176.609375,0.906250
1177.515625,0.906250
1178.421875,0.906250
1179.343750,0.921875
1180.250000,0.906250
1192.468750,0.953125
1193.406250,0.937500
1194.312500,0.906250
1199.015625,0.750000
1199.781250,0.765625
1200.531250,0.750000
1201.281250,0.750000
1201.921875,0.640625
1202.734375,0.812500
1203.484375,0.750000
1204.453125,0.968750
1205.343750,0.890625
1206.281250,0.937500
1207.218750,0.937500
1208.171875,0.953125
1209.093750,0.921875
1209.968750,0.875000
1210.812500,0.843750
1211.656250,0.843750
1212.468750,0.812500
1213.281250,0.812500
1214.093750,0.812500
1214.890625,0.796875
1215.718750,0.828125
1216.546875,0.828125
1217.390625,0.843750
1218.265625,0.875000
1219.156250,0.890625
1220.015625,0.859375
1220.859375,0.843750
1221.703125,0.843750
1222.546875,0.843750
1223.484375,0.937500
1224.406250,0.921875
1225.234375,0.828125
1226.062500,0.828125
1226.875000,0.812500
1227.734375,0.859375
1228.609375,0.875000
1229.468750,0.859375
1230.328125,0.859375
1231.125000,0.796875
1231.953125,0.828125
1232.812500,0.859375
1233.703125,0.890625
1234.609375,0.906250
1235.500000,0.890625
1236.312500,0.812500
1237.156250,0.843750
1238.015625,0.859375
1238.890625,0.875000
1239.796875,0.906250
1240.671875,0.875000
1241.546875,0.875000
1242.406250,0.859375
1243.281250,0.875000
1244.125000,0.843750
1244.953125,0.828125
1245.781250,0.828125
1246.609375,0.828125
1247.437500,0.828125
1254.500000,0.734375
1255.234375,0.734375
1255.937500,0.703125
1256.625000,0.687500
1257.296875,0.671875
1257.953125,0.656250
1258.609375,0.656250
1259.281250,0.671875
1260.015625,0.734375
1260.812500,0.796875
1261.640625,0.828125
1262.500000,0.859375
1263.375000,0.875000
1264.265625,0.890625
1265.156250,0.890625
1266.046875,0.890625
1266.937500,0.890625
1267.812500,0.875000
1268.625000,0.812500
1269.468750,0.843750
1270.312500,0.843750
1271.125000,0.812500
1272.031250,0.906250
1272.953125,0.921875
1273.890625,0.937500
1274.812500,0.921875
1275.703125,0.890625
1276.578125,0.875000
1277.421875,0.843750
1278.218750,0.796875
1279.031250,0.812500
1279.875000,0.843750
1280.734375,0.859375
1281.609375,0.875000
1282.453125,0.843750
1283.312500,0.859375
1284.187500,0.875000
1285.046875,0.859375
1285.890625,0.843750
1286.734375,0.843750
1287.562500,0.828125
1288.343750,0.781250
1289.140625,0.796875
1289.937500,0.796875
1290.765625,0.828125
1291.578125,0.812500
1292.390625,0.812500
1293.218750,0.828125
1294.046875,0.828125
1294.890625,0.843750
1295.718750,0.828125
1296.546875,0.828125
1297.359375,0.812500
1298.171875,0.812500
1298.937500,0.765625
1299.703125,0.765625
1300.468750,0.765625
1301.234375,0.765625
1302.000000,0.765625
1302.781250,0.781250
1303.578125,0.796875
1304.390625,0.812500
1338.687500,0.843750
1339.515625,0.828125
1340.343750,0.828125
1341.171875,0.828125
1342.000000,0.828125
1342.781250,0.781250
1343.546875,0.765625
1344.328125,0.781250
1345.109375,0.781250
1345.921875,0.812500
1346.750000,0.828125
1347.625000,0.875000
1348.562500,0.937500
1349.578125,1.015625
1350.593750,1.015625
1351.578125,0.984375
1352.500000,0.921875
1353.390625,0.890625
1354.281250,0.890625
1355.093750,0.812500
1355.921875,0.828125
1356.765625,0.843750
1357.593750,0.828125
1369.828125,0.781250
1370.640625,0.812500
1371.500000,0.859375
1372.328125,0.828125
1373.187500,0.859375
1374.062500,0.875000
1374.953125,0.890625
1375.796875,0.843750
1376.609375,0.812500
1385.187500,0.875000
1386.046875,0.859375
1393.937500,0.906250
1394.843750,0.906250
1395.750000,0.906250
1396.609375,0.859375
1397.500000,0.890625
1398.406250,0.906250
1399.328125,0.921875
1400.203125,0.875000
1401.078125,0.875000
1401.859375,0.781250
1402.796875,0.937500
1403.609375,0.812500
1404.406250,0.796875
1405.250000,0.843750
1406.109375,0.859375
1406.984375,0.875000
1407.843750,0.859375
1408.718750,0.875000
1417.953125,0.875000
1418.828125,0.875000
1419.687500,0.859375
1420.500000,0.812500
1421.328125,0.828125
1422.203125,0.875000
1423.062500,0.859375
1423.906250,0.843750
1424.718750,0.812500
1425.546875,0.828125
1426.390625,0.843750
1427.140625,0.750000
1427.921875,0.781250
1428.765625,0.843750
1429.609375,0.843750
1430.437500,0.828125
1431.250000,0.812500
1432.062500,0.812500
1432.843750,0.781250
1433.593750,0.750000
1434.328125,0.734375
1435.078125,0.750000
1435.843750,0.765625
1436.625000,0.781250
1437.406250,0.781250
1438.171875,0.765625
1438.937500,0.765625
1439.734375,0.796875
1440.562500,0.828125
1441.421875,0.859375
1442.265625,0.843750
1443.093750,0.828125
1443.953125,0.859375
1444.734375,0.781250
1445.531250,0.796875
1459.968750,0.703125
1460.734375,0.765625
1461.531250,0.796875
1462.343750,0.812500
1463.125000,0.781250
1463.937500,0.812500
1464.734375,0.796875
1493.265625,0.781250
1494.031250,0.765625
1494.796875,0.765625
1495.546875,0.750000
1496.328125,0.781250
1497.125000,0.796875
1497.953125,0.828125
1498.796875,0.843750
1499.609375,0.812500
1500.406250,0.796875
1501.187500,0.781250
1502.015625,0.828125
1502.859375,0.843750
1503.718750,0.859375
1504.734375,1.015625
1505.578125,0.843750
1506.437500,0.859375
1507.328125,0.890625
1529.468750,0.750000
1530.390625,0.921875
1531.390625,1.000000
1532.421875,1.031250
1533.328125,0.906250
1534.187500,0.859375
1535.015625,0.828125
1535.828125,0.812500
1536.625000,0.796875
1537.421875,0.796875
1538.218750,0.796875
1539.015625,0.796875
1539.843750,0.828125
1540.671875,0.828125
1541.515625,0.843750
1542.328125,0.812500
1543.171875,0.843750
1548.781250,0.828125
1549.640625,0.859375
1550.531250,0.890625
1551.406250,0.875000
1552.234375,0.828125
1556.890625,0.812500
1557.734375,0.843750
1558.562500,0.828125
1559.390625,0.828125
1560.218750,0.828125
1561.046875,0.828125
1561.875000,0.828125
1562.703125,0.828125
1563.484375,0.781250
1564.250000,0.765625
1565.171875,0.921875
1565.937500,0.765625
1566.703125,0.765625
1567.453125,0.750000
1568.203125,0.750000
1587.843750,0.640625
1588.625000,0.781250
1594.500000,1.250000
1595.718750,1.218750
1596.890625,1.171875
1598.046875,1.156250
1599.234375,1.187500
1600.453125,1.218750
1601.640625,1.187500
1602.750000,1.109375
1603.781250,1.031250
1604.781250,1.000000
1606.000000,1.218750
1607.062500,1.062500
1608.093750,1.031250
1609.203125,1.109375
1610.343750,1.140625
1611.421875,1.078125
1612.515625,1.093750
1613.578125,1.062500
1614.625000,1.046875
1615.687500,1.062500
1616.734375,1.046875
1617.750000,1.015625
1618.671875,0.921875
1623.296875,0.921875
1624.203125,0.906250
1625.125000,0.921875
1626.046875,0.921875
1626.937500,0.890625
1627.828125,0.890625
1628.750000,0.921875
1629.656250,0.906250
1630.546875,0.890625
1631.437500,0.890625
1632.328125,0.890625
1633.187500,0.859375
1634.062500,0.875000
1634.937500,0.875000
1635.765625,0.828125
1636.640625,0.875000
1637.531250,0.890625
1638.437500,0.906250
1639.343750,0.906250
1640.234375,0.890625
1641.171875,0.937500
1642.125000,0.953125
1643.046875,0.921875
1643.953125,0.906250
1644.843750,0.890625
1645.703125,0.859375
1646.546875,0.843750
1647.390625,0.843750
1648.250000,0.859375
1649.093750,0.843750
1656.000000,0.828125
1667.625000,0.968750
1668.453125,0.828125
1669.281250,0.828125
1670.093750,0.812500
1681.796875,0.828125
1682.609375,0.812500
1683.437500,0.828125
1701.906250,0.781250
1717.281250,0.843750
1718.140625,0.859375
1719.015625,0.875000
1719.890625,0.875000
1720.765625,0.875000
1721.656250,0.890625
1722.468750,0.812500
1723.281250,0.812500
1724.093750,0.812500
1724.921875,0.828125
1725.781250,0.859375
1726.671875,0.890625
1727.562500,0.890625
1728.484375,0.921875
1729.406250,0.921875
1730.312500,0.906250
1731.203125,0.890625
1732.062500,0.859375
1732.921875,0.859375
1740.250000,0.781250
1741.093750,0.843750
1741.921875,0.828125
1742.734375,0.812500
1751.765625,0.828125
1752.562500,0.796875
1753.390625,0.828125
1754.250000,0.859375
1755.109375,0.859375
1755.984375,0.875000
1756.812500,0.828125
1757.671875,0.859375
1758.593750,0.921875
1759.562500,0.968750
1760.562500,1.000000
1761.484375,0.921875
1762.421875,0.937500
1763.343750,0.921875
1764.218750,0.875000
1765.031250,0.812500
1765.843750,0.812500
1766.656250,0.812500
1767.453125,0.796875
1768.265625,0.812500
1769.078125,0.812500
1769.906250,0.828125
1770.765625,0.859375
1771.656250,0.890625
1798.781250,0.671875
1799.500000,0.718750
1824.453125,1.078125
1825.578125,1.125000
1826.609375,1.031250
1832.437500,1.109375
1833.562500,1.125000
1834.656250,1.093750
1835.687500,1.031250
1836.625000,0.937500
1855.406250,0.812500
1856.265625,0.859375
1857.187500,0.921875
1858.125000,0.937500
1859.093750,0.968750
1860.093750,1.000000
1861.093750,1.000000
1862.093750,1.000000
1863.093750,1.000000
1864.078125,0.984375
1865.046875,0.968750
1878.906250,0.718750
1879.656250,0.750000
1880.437500,0.781250
1881.312500,0.875000
1882.234375,0.921875
1883.265625,1.031250
1884.265625,1.000000
1885.234375,0.968750
1886.218750,0.984375
1887.250000,1.031250
1888.265625,1.015625
1889.234375,0.968750
1890.156250,0.921875
1891.015625,0.859375
1891.828125,0.812500
1892.609375,0.781250
1893.375000,0.765625
1894.140625,0.765625
1894.937500,0.796875
1895.734375,0.796875
1896.625000,0.890625
1897.578125,0.953125
1898.578125,1.000000
1912.890625,0.812500
1913.750000,0.859375
1914.656250,0.906250
1915.609375,0.953125
1916.593750,0.984375
1917.515625,0.921875
1918.406250,0.890625
1919.296875,0.890625
1920.125000,0.828125
1920.968750,0.843750
1921.750000,0.781250
1922.500000,0.750000
1923.234375,0.734375
1923.937500,0.703125
1924.656250,0.718750
1925.546875,0.890625
1926.281250,0.734375
1927.140625,0.859375
1928.078125,0.937500
1928.953125,0.875000
1929.875000,0.921875
1930.843750,0.968750
1931.750000,0.906250
1932.625000,0.875000
1933.468750,0.843750
1934.296875,0.828125
1935.140625,0.843750
1936.000000,0.859375
1936.859375,0.859375
1937.734375,0.875000
1938.609375,0.875000
1939.500000,0.890625
1940.390625,0.890625
1941.296875,0.906250
1942.203125,0.906250
1943.062500,0.859375
1943.906250,0.843750
1944.765625,0.859375
1945.687500,0.921875
1946.625000,0.937500
1947.593750,0.968750
1948.562500,0.968750
1949.468750,0.906250
1950.375000,0.906250
1951.234375,0.859375
1952.078125,0.843750
1952.921875,0.843750
1953.796875,0.875000
1954.671875,0.875000
1955.562500,0.890625
1956.437500,0.875000
1957.281250,0.843750
1958.125000,0.843750
1958.984375,0.859375
1959.843750,0.859375
1960.703125,0.859375
1961.531250,0.828125
1962.390625,0.859375
1963.250000,0.859375
1964.109375,0.859375
1964.953125,0.843750
1965.781250,0.828125
1966.625000,0.843750
1967.484375,0.859375
1968.281250,0.796875
1969.093750,0.812500
1969.875000,0.781250
1970.609375,0.734375
1971.359375,0.750000
1972.125000,0.765625
1972.937500,0.812500
1973.765625,0.828125
1974.609375,0.843750
1975.437500,0.828125
1976.250000,0.812500
1977.046875,0.796875
1977.812500,0.765625
1978.531250,0.718750
1979.265625,0.734375
1979.968750,0.703125
1980.703125,0.734375
1981.437500,0.734375
1982.187500,0.750000
1982.953125,0.765625
1983.812500,0.859375
1984.671875,0.859375
1985.750000,1.078125
1986.703125,0.953125
1987.687500,0.984375
1988.703125,1.015625
1989.687500,0.984375
1990.625000,0.937500
1991.546875,0.921875
1992.468750,0.921875
1999.250000,0.765625
1999.984375,0.734375
2000.687500,0.703125
2001.421875,0.734375
2002.156250,0.734375
2003.000000,0.843750
2003.921875,0.921875
2004.890625,0.968750
2005.875000,0.984375
2006.828125,0.953125
2007.718750,0.890625
2008.531250,0.812500
2009.312500,0.781250
2010.062500,0.750000
2010.796875,0.734375
2011.515625,0.718750
2012.265625,0.750000
2013.031250,0.765625
2013.812500,0.781250
2014.609375,0.796875
2015.406250,0.796875
2016.218750,0.812500
2017.015625,0.796875
2017.796875,0.781250
2018.562500,0.765625
2019.312500,0.750000
2020.062500,0.750000
2020.828125,0.765625
2021.609375,0.781250
2022.406250,0.796875
2023.218750,0.812500
2024.031250,0.812500
2024.843750,0.812500
2025.656250,0.812500
2026.453125,0.796875
2027.234375,0.781250
2028.046875,0.812500
2028.859375,0.812500
2029.703125,0.843750
2030.546875,0.843750
2031.390625,0.843750
2032.234375,0.843750
2033.062500,0.828125
2033.906250,0.843750
2034.781250,0.875000
2035.656250,0.875000
2036.515625,0.859375
2037.312500,0.796875
2038.109375,0.796875
2038.875000,0.765625
2039.671875,0.796875
2040.500000,0.828125
2041.390625,0.890625
2042.203125,0.812500
2043.031250,0.828125
2043.906250,0.875000
2044.796875,0.890625
2045.718750,0.921875
2046.781250,1.062500
2047.671875,0.890625
2048.593750,0.921875
2049.671875,1.078125
2050.703125,1.031250
2051.640625,0.937500
2058.015625,0.875000
2058.875000,0.859375
2059.765625,0.890625
2060.671875,0.906250
2061.562500,0.890625
2062.437500,0.875000
2063.312500,0.875000
2064.203125,0.890625
2065.140625,0.937500
2066.046875,0.906250
2066.937500,0.890625
2067.828125,0.890625
2068.703125,0.875000
2069.578125,0.875000
2070.437500,0.859375
2071.312500,0.875000
2072.125000,0.812500
2072.968750,0.843750
2073.812500,0.843750
2074.656250,0.843750
2075.515625,0.859375
2076.375000,0.859375
2077.203125,0.828125
2078.046875,0.843750
2078.921875,0.875000
2079.828125,0.906250
2080.734375,0.906250
2089.359375,0.718750
2090.093750,0.734375
2090.781250,0.687500
2091.468750,0.687500
2092.187500,0.718750
2092.859375,0.671875
2113.921875,1.156250
2115.062500,1.140625
2116.171875,1.109375
2117.171875,1.000000
2118.203125,1.031250
2119.296875,1.093750
2120.312500,1.015625
2121.218750,0.906250
2122.140625,0.921875
2123.109375,0.968750
2124.093750,0.984375
2125.000000,0.906250
2125.906250,0.906250
2126.828125,0.921875
2127.953125,1.125000
2129.000000,1.046875
2130.015625,1.015625
2131.062500,1.046875
2132.171875,1.109375
2133.218750,1.046875
2134.265625,1.046875
2135.281250,1.015625
2136.281250,1.000000
2137.234375,0.953125
2138.140625,0.906250
2139.078125,0.937500
2140.031250,0.953125
2140.906250,0.875000
2141.843750,0.937500
2142.812500,0.968750
2143.796875,0.984375
2144.765625,0.968750
2145.718750,0.953125
2146.703125,0.984375
2147.640625,0.937500
2148.546875,0.906250
2149.453125,0.906250
2150.406250,0.953125
2151.343750,0.937500
2152.250000,0.906250
2153.171875,0.921875
2154.125000,0.953125
2155.093750,0.968750
2156.015625,0.921875
2156.968750,0.953125
2157.937500,0.968750
2158.875000,0.937500
2159.812500,0.937500
2160.796875,0.984375
2161.812500,1.015625
2162.796875,0.984375
2163.843750,1.046875
2164.890625,1.046875
2165.921875,1.031250
2167.109375,1.187500
2168.125000,1.015625
2169.156250,1.031250
2170.187500,1.031250
2171.250000,1.062500
2172.296875,1.046875
2173.296875,1.000000
2174.312500,1.015625
2175.328125,1.015625
2176.312500,0.984375
2177.281250,0.968750
2178.281250,1.000000
2179.296875,1.015625
2180.250000,0.953125
2181.250000,1.000000
2182.265625,1.015625
2183.218750,0.953125
2184.187500,0.968750
2213.796875,0.890625
2227.609375,0.796875
2228.437500,0.828125
2229.312500,0.875000
2230.203125,0.890625
2247.562500,0.921875
2255.562500,0.890625
2256.484375,0.921875
2257.421875,0.937500
2258.343750,0.921875
2259.296875,0.953125
2260.250000,0.953125
2261.203125,0.953125
2262.140625,0.937500
2263.078125,0.937500
2264.015625,0.937500
2264.937500,0.921875
2265.875000,0.937500
2266.828125,0.953125
2267.781250,0.953125
2268.687500,0.906250
2269.640625,0.953125
2270.578125,0.937500
2271.546875,0.968750
2272.500000,0.953125
2273.515625,1.015625
2274.578125,1.062500
2275.625000,1.046875
2276.656250,1.031250
2277.656250,1.000000
2278.656250,1.000000
2279.578125,0.921875
2280.515625,0.937500
2281.468750,0.953125
2282.390625,0.921875
2283.312500,0.921875
2284.265625,0.953125
2293.234375,0.937500
2294.156250,0.921875
2295.093750,0.937500
2296.031250,0.937500
2296.921875,0.890625
2297.812500,0.890625
2298.703125,0.890625
2299.593750,0.890625
2300.468750,0.875000
2307.609375,1.015625
2308.718750,1.109375
2309.812500,1.093750
2310.875000,1.062500
2327.953125,1.062500
2335.156250,0.984375
2336.125000,0.968750
2337.062500,0.937500
2338.265625,1.203125
2343.125000,1.031250
2344.109375,0.984375
2345.140625,1.031250
2346.125000,0.984375
2347.187500,1.062500
2347.984375,0.796875
2348.921875,0.937500
2349.875000,0.953125
2356.984375,0.859375
2357.828125,0.843750
2358.656250,0.828125
2359.500000,0.843750
2360.343750,0.843750
2361.171875,0.828125
2361.984375,0.812500
2362.812500,0.828125
2363.656250,0.843750
2364.484375,0.828125
2365.296875,0.812500
2366.171875,0.875000
2367.078125,0.906250
2367.984375,0.906250
2368.937500,0.953125
2369.921875,0.984375
2370.937500,1.015625
2371.921875,0.984375
2380.453125,0.828125
2381.296875,0.843750
2382.093750,0.796875
2382.875000,0.781250
2383.640625,0.765625
2384.453125,0.812500
2385.296875,0.843750
2386.187500,0.890625
2387.078125,0.890625
2387.968750,0.890625
2388.843750,0.875000
2389.687500,0.843750
2390.515625,0.828125
2391.328125,0.812500
2392.140625,0.812500
2392.968750,0.828125
2393.781250,0.812500
2394.609375,0.828125
2395.500000,0.890625
2396.406250,0.906250
2397.265625,0.859375
2414.531250,0.828125
2415.375000,0.843750
2416.281250,0.906250
2417.140625,0.859375
2418.031250,0.890625
2418.968750,0.937500
2419.921875,0.953125
2420.843750,0.921875
2421.796875,0.953125
2422.781250,0.984375
2423.750000,0.968750
2424.625000,0.875000
2441.031250,0.687500
2441.734375,0.703125
2442.437500,0.703125
2443.156250,0.718750
2471.703125,0.890625
2472.593750,0.890625
2473.484375,0.890625
2474.343750,0.859375
2475.203125,0.859375
2476.046875,0.843750
2476.843750,0.796875
2477.640625,0.796875
2478.421875,0.781250
2479.234375,0.812500
2480.093750,0.859375
2480.984375,0.890625
2481.921875,0.937500
2482.859375,0.937500
2483.734375,0.875000
2484.703125,0.968750
2497.406250,0.937500
2498.296875,0.890625
2499.187500,0.890625
2500.031250,0.843750
2500.875000,0.843750
2501.750000,0.875000
2518.109375,0.859375
2518.812500,0.703125
2519.812500,1.000000
2520.703125,0.890625
2521.531250,0.828125
2522.484375,0.953125
2523.500000,1.015625
2524.328125,0.828125
2525.437500,1.109375
2526.343750,0.906250
2527.421875,1.078125
2540.296875,0.937500
2541.281250,0.984375
2542.093750,0.812500
2542.906250,0.812500
2543.718750,0.812500
2548.640625,0.812500
2549.437500,0.796875
2550.234375,0.796875
2550.937500,0.703125
2566.203125,0.843750
2567.046875,0.843750
2567.921875,0.875000
2568.812500,0.890625
2569.687500,0.875000
2570.546875,0.859375
2571.437500,0.890625
2572.343750,0.906250
2573.203125,0.859375
2574.062500,0.859375
2574.968750,0.906250
2590.093750,0.937500
2591.062500,0.968750
2592.031250,0.968750
2592.968750,0.937500
2593.875000,0.906250
2594.781250,0.906250
2595.718750,0.937500
2596.718750,1.000000
2597.671875,0.953125
2598.640625,0.968750
2599.625000,0.984375
2600.609375,0.984375
2601.500000,0.890625
2602.390625,0.890625
2603.281250,0.890625
2604.140625,0.859375
2605.031250,0.890625
2605.875000,0.843750
2606.796875,0.921875
2607.750000,0.953125
2608.765625,1.015625
2609.703125,0.937500
2610.703125,1.000000
2611.718750,1.015625
2612.718750,1.000000
2613.640625,0.921875
2614.562500,0.921875
2615.484375,0.921875
2616.406250,0.921875
2617.281250,0.875000
2618.140625,0.859375
2619.046875,0.906250
2619.953125,0.906250
2620.890625,0.937500
2621.781250,0.890625
2622.656250,0.875000
2623.578125,0.921875
2624.500000,0.921875
2625.406250,0.906250
2626.312500,0.906250
2627.250000,0.937500
2628.187500,0.937500
2635.859375,0.875000
2636.718750,0.859375
2637.640625,0.921875
2638.484375,0.843750
2639.375000,0.890625
2640.250000,0.875000
2641.140625,0.890625
2655.078125,0.828125
2655.906250,0.828125
2656.796875,0.890625
2657.703125,0.906250
2658.562500,0.859375
2667.140625,0.859375
2668.078125,0.937500
2669.000000,0.921875
2669.953125,0.953125
2670.921875,0.968750
2671.812500,0.890625
2672.718750,0.906250
2673.609375,0.890625
2674.515625,0.906250
2675.406250,0.890625
2676.296875,0.890625
2677.187500,0.890625
2678.015625,0.828125
2678.859375,0.843750
2679.703125,0.843750
2680.562500,0.859375
2681.453125,0.890625
2682.343750,0.890625
2683.281250,0.937500
2684.250000,0.968750
2685.187500,0.937500
2686.093750,0.906250
2687.015625,0.921875
2687.906250,0.890625
2688.765625,0.859375
2689.625000,0.859375
2690.484375,0.859375
2691.359375,0.875000
2692.250000,0.890625
2693.125000,0.875000
2694.015625,0.890625
2694.906250,0.890625
2695.781250,0.875000
2696.625000,0.843750
2697.468750,0.843750
2698.328125,0.859375
2699.156250,0.828125
2700.000000,0.843750
2700.859375,0.859375
2701.765625,0.906250
2702.656250,0.890625
2703.546875,0.890625
2704.468750,0.921875
2705.390625,0.921875
2706.265625,0.875000
2707.109375,0.843750
2707.953125,0.843750
2708.796875,0.843750
2709.671875,0.875000
2716.218750,0.843750
2717.093750,0.875000
2718.000000,0.906250
2718.890625,0.890625
2719.781250,0.890625
2720.640625,0.859375
2721.468750,0.828125
2722.281250,0.812500
2723.078125,0.796875
2723.875000,0.796875
2724.656250,0.781250
2725.437500,0.781250
2726.234375,0.796875
2727.046875,0.812500
2727.843750,0.796875
2728.703125,0.859375
2729.562500,0.859375
2730.437500,0.875000
2731.343750,0.906250
2732.265625,0.921875
2733.156250,0.890625
2734.046875,0.890625
2734.953125,0.906250
2735.812500,0.859375
2736.656250,0.843750
2737.484375,0.828125
2738.312500,0.828125
2739.125000,0.812500
2739.937500,0.812500
2740.765625,0.828125
2741.625000,0.859375
2742.515625,0.890625
2743.437500,0.921875
2744.406250,0.968750
2745.343750,0.937500
2746.265625,0.921875
2747.203125,0.937500
2748.140625,0.937500
2749.046875,0.906250
2749.968750,0.921875
2750.875000,0.906250
2751.796875,0.921875
2752.656250,0.859375
2753.531250,0.875000
2754.406250,0.875000
2755.250000,0.843750
2756.078125,0.828125
2756.921875,0.843750
2757.781250,0.859375
2758.625000,0.843750
2759.453125,0.828125
2760.328125,0.875000
2761.171875,0.843750
2762.000000,0.828125
2762.796875,0.796875
2763.625000,0.828125
2764.484375,0.859375
2765.343750,0.859375
2766.187500,0.843750
2767.031250,0.843750
2768.078125,1.046875
2768.984375,0.906250
2769.921875,0.937500
2770.812500,0.890625
2771.734375,0.921875
2772.687500,0.953125
2773.656250,0.968750
2774.609375,0.953125
2775.593750,0.984375
2776.531250,0.937500
2777.437500,0.906250
2778.281250,0.843750
2779.140625,0.859375
2780.046875,0.906250
2780.968750,0.921875
2781.875000,0.906250
2782.796875,0.921875
2783.734375,0.937500
2784.656250,0.921875
2785.531250,0.875000
2786.406250,0.875000
2787.265625,0.859375
2788.125000,0.859375
2788.937500,0.812500
2789.765625,0.828125
2790.593750,0.828125
2791.453125,0.859375
2792.296875,0.843750
2793.156250,0.859375
2794.078125,0.921875
2794.984375,0.906250
2795.953125,0.968750
2796.937500,0.984375
2797.875000,0.937500
2798.828125,0.953125
2799.750000,0.921875
2800.593750,0.843750
2801.437500,0.843750
2802.281250,0.843750
2803.156250,0.875000
2804.015625,0.859375
2804.906250,0.890625
2805.812500,0.906250
2806.718750,0.906250
2807.640625,0.921875
2808.546875,0.906250
2809.390625,0.843750
2810.218750,0.828125
2811.046875,0.828125
2811.875000,0.828125
2812.703125,0.828125
2813.515625,0.812500
2814.343750,0.828125
2815.187500,0.843750
2816.015625,0.828125
2816.828125,0.812500
2817.656250,0.828125
2818.500000,0.843750
2819.343750,0.843750
2820.171875,0.828125
2821.000000,0.828125
2821.843750,0.843750
2822.687500,0.843750
2823.531250,0.843750
2824.390625,0.859375
2825.281250,0.890625
2826.140625,0.859375
2827.015625,0.875000
2828.078125,1.062500
2828.968750,0.890625
2829.859375,0.890625
2830.734375,0.875000
2831.609375,0.875000
2832.468750,0.859375
2833.312500,0.843750
2834.171875,0.859375
2835.015625,0.843750
2835.843750,0.828125
2836.671875,0.828125
2837.500000,0.828125
2838.328125,0.828125
2839.140625,0.812500
2839.984375,0.843750
2840.828125,0.843750
2841.703125,0.875000
2842.578125,0.875000
2843.453125,0.875000
2844.234375,0.781250
2845.031250,0.796875
2845.812500,0.781250
2846.609375,0.796875
2853.953125,0.875000
2854.875000,0.921875
2855.796875,0.921875
2856.734375,0.937500
2857.718750,0.984375
2858.671875,0.953125
2859.625000,0.953125
2860.562500,0.937500
2861.468750,0.906250
2862.375000,0.906250
2863.265625,0.890625
2864.125000,0.859375
2865.031250,0.906250
2865.953125,0.921875
2866.906250,0.953125
2867.859375,0.953125
2868.812500,0.953125
2869.781250,0.968750
2870.734375,0.953125
2871.625000,0.890625
2872.515625,0.890625
2873.343750,0.828125
2874.156250,0.812500
2874.953125,0.796875
2875.734375,0.781250
2876.531250,0.796875
2877.343750,0.812500
2878.187500,0.843750
2879.046875,0.859375
2879.859375,0.812500
2880.671875,0.812500
2881.500000,0.828125
2882.328125,0.828125
2883.187500,0.859375
2884.046875,0.859375
2884.875000,0.828125
2885.718750,0.843750
2886.562500,0.843750
2887.437500,0.875000
2888.296875,0.859375
2889.218750,0.921875
2890.109375,0.890625
2891.015625,0.906250
2891.906250,0.890625
2892.812500,0.906250
2893.718750,0.906250
2894.625000,0.906250
2895.546875,0.921875
2896.531250,0.984375
2897.546875,1.015625
2898.546875,1.000000
2899.500000,0.953125
2900.437500,0.937500
2901.406250,0.968750
2902.375000,0.968750
2903.296875,0.921875
2904.218750,0.921875
2905.140625,0.921875
2906.078125,0.937500
2907.000000,0.921875
2907.937500,0.937500
2908.890625,0.953125
2909.859375,0.968750
2910.781250,0.921875
2911.703125,0.921875
2912.625000,0.921875
2913.531250,0.906250
2914.390625,0.859375
2915.265625,0.875000
2916.171875,0.906250
2917.078125,0.906250
2917.968750,0.890625
2918.859375,0.890625
2919.765625,0.906250
2920.640625,0.875000
2921.515625,0.875000
2922.406250,0.890625
2923.281250,0.875000
2924.109375,0.828125
2924.968750,0.859375
2925.859375,0.890625
2926.796875,0.937500
2927.718750,0.921875
2928.625000,0.906250
2929.531250,0.906250
2930.437500,0.906250
2931.343750,0.906250
2932.265625,0.921875
2933.203125,0.937500
2934.140625,0.937500
2935.046875,0.906250
2935.953125,0.906250
2936.828125,0.875000
2937.640625,0.812500
2938.468750,0.828125
2939.312500,0.843750
2940.140625,0.828125
2941.000000,0.859375
2941.890625,0.890625
2942.828125,0.937500
2943.812500,0.984375
2944.796875,0.984375
2945.812500,1.015625
2946.796875,0.984375
2947.750000,0.953125
2948.875000,1.125000
2949.812500,0.937500
2950.750000,0.937500
2951.750000,1.000000
2952.765625,1.015625
2953.765625,1.000000
2954.718750,0.953125
2955.656250,0.937500
2964.109375,0.765625
2964.906250,0.796875
2965.640625,0.734375
2966.421875,0.781250
2967.171875,0.750000
2967.937500,0.765625
2968.703125,0.765625
2969.437500,0.734375
2970.109375,0.671875
2970.843750,0.734375
2971.578125,0.734375
2972.328125,0.750000
2973.109375,0.781250
2973.921875,0.812500
2974.796875,0.875000
2975.718750,0.921875
2976.671875,0.953125
2977.640625,0.968750
2978.656250,1.015625
2979.687500,1.031250
2980.671875,0.984375
2981.656250,0.984375
2982.640625,0.984375
2983.609375,0.968750
2984.562500,0.953125
2985.515625,0.953125
2986.453125,0.937500
2987.328125,0.875000
2988.234375,0.906250
2989.171875,0.937500
2990.265625,1.093750
2991.109375,0.843750
2996.562500,0.937500
2997.484375,0.921875
2998.375000,0.890625
2999.281250,0.906250
3000.125000,0.843750
3001.015625,0.890625
3002.078125,1.062500
3007.953125,0.921875
3008.828125,0.875000
3009.734375,0.906250
3010.625000,0.890625
3011.515625,0.890625
3012.359375,0.843750
3013.234375,0.875000
3014.109375,0.875000
3015.000000,0.890625
3021.953125,0.828125
3028.843750,0.921875
3029.750000,0.906250
3041.734375,0.890625
3042.640625,0.906250
3043.515625,0.875000
3044.390625,0.875000
3045.265625,0.875000
3046.156250,0.890625
3046.984375,0.828125
3047.812500,0.828125
3048.640625,0.828125
3049.515625,0.875000
3050.406250,0.890625
3051.296875,0.890625
3052.187500,0.890625
3053.109375,0.921875
3054.046875,0.937500
3054.984375,0.937500
3055.906250,0.921875
3056.828125,0.921875
3057.750000,0.921875
3058.609375,0.859375
3059.484375,0.875000
3060.359375,0.875000
3061.265625,0.906250
3062.140625,0.875000
3063.078125,0.937500
3070.375000,0.812500
3071.203125,0.828125
3072.031250,0.828125
3072.875000,0.843750
3073.718750,0.843750
3074.578125,0.859375
3075.453125,0.875000
3076.359375,0.906250
3077.281250,0.921875
3078.156250,0.875000
3079.062500,0.906250
3079.968750,0.906250
3080.859375,0.890625
3081.734375,0.875000
3082.609375,0.875000
3083.484375,0.875000
3084.359375,0.875000
3085.234375,0.875000
3086.125000,0.890625
3087.015625,0.890625
3087.906250,0.890625
3088.781250,0.875000
3089.656250,0.875000
3090.500000,0.843750
3091.375000,0.875000
3092.250000,0.875000
3093.078125,0.828125
3104.703125,0.843750
3105.562500,0.859375
3106.468750,0.906250
3107.421875,0.953125
3108.359375,0.937500
3109.343750,0.984375
3110.359375,1.015625
3111.390625,1.031250
3112.375000,0.984375
3113.359375,0.984375
3114.312500,0.953125
3115.250000,0.937500
3116.171875,0.921875
3117.125000,0.953125
3118.062500,0.937500
3119.062500,1.000000
3120.093750,1.031250
3121.093750,1.000000
3122.093750,1.000000
3123.078125,0.984375
3124.078125,1.000000
3125.046875,0.968750
3126.078125,1.031250
3127.109375,1.031250
3128.062500,0.953125
3129.062500,1.000000
3130.078125,1.015625
3131.093750,1.015625
3132.078125,0.984375
3133.078125,1.000000
3134.046875,0.968750
3134.953125,0.906250
3135.875000,0.921875
3136.796875,0.921875
3137.734375,0.937500
3138.640625,0.906250
3139.578125,0.937500
3140.515625,0.937500
3141.437500,0.921875
3142.406250,0.968750
3143.375000,0.968750
3144.312500,0.937500
3145.250000,0.937500
3146.203125,0.953125
3147.125000,0.921875
3148.046875,0.921875
3148.984375,0.937500
3149.875000,0.890625
3159.515625,0.875000
3164.875000,0.875000
3165.734375,0.859375
3166.609375,0.875000
3167.468750,0.859375
3168.375000,0.906250
3169.234375,0.859375
3170.093750,0.859375
3170.953125,0.859375
3171.812500,0.859375
3172.656250,0.843750
3173.515625,0.859375
3174.359375,0.843750
3175.187500,0.828125
3176.031250,0.843750
3182.125000,0.968750
3183.062500,0.937500
3183.984375,0.921875
3184.906250,0.921875
3185.812500,0.906250
3186.687500,0.875000
3187.562500,0.875000
3188.656250,1.093750
3189.562500,0.906250
3190.484375,0.921875
3191.453125,0.968750
3192.406250,0.953125
3193.296875,0.890625
3194.218750,0.921875
3195.171875,0.953125
3196.109375,0.937500
3197.078125,0.968750
3198.062500,0.984375
3198.984375,0.921875
3199.890625,0.906250
3200.812500,0.921875
3201.750000,0.937500
3202.640625,0.890625
3203.546875,0.906250
3204.437500,0.890625
3205.265625,0.828125
3206.078125,0.812500
3206.906250,0.828125
3207.750000,0.843750
3208.546875,0.796875
3209.406250,0.859375
3210.281250,0.875000
3211.203125,0.921875
3212.093750,0.890625
3212.984375,0.890625
3213.875000,0.890625
3214.765625,0.890625
3215.640625,0.875000
3216.531250,0.890625
3217.421875,0.890625
3218.296875,0.875000
3219.125000,0.828125
3219.968750,0.843750
3220.828125,0.859375
3221.703125,0.875000
3222.578125,0.875000
3223.500000,0.921875
3224.453125,0.953125
3225.406250,0.953125
3226.328125,0.921875
3227.312500,0.984375
3228.312500,1.000000
3229.296875,0.984375
3230.281250,0.984375
3231.218750,0.937500
3232.062500,0.843750
3232.953125,0.890625
3233.843750,0.890625
3234.734375,0.890625
3235.671875,0.937500
3236.609375,0.937500
3237.609375,1.000000
3238.625000,1.015625
3239.531250,0.906250
3240.562500,1.031250
3241.531250,0.968750
3242.515625,0.984375
3243.468750,0.953125
3244.437500,0.968750
3245.343750,0.906250
3246.281250,0.937500
3247.265625,0.984375
3248.203125,0.937500
3249.171875,0.968750
3256.750000,0.875000
3257.640625,0.890625
3258.562500,0.921875
3264.718750,0.843750
3265.515625,0.796875
3266.343750,0.828125
3267.187500,0.843750
3268.046875,0.859375
3268.921875,0.875000
3269.765625,0.843750
3270.640625,0.875000
3271.500000,0.859375
3272.312500,0.812500
3273.171875,0.859375
3274.062500,0.890625
3274.984375,0.921875
3275.906250,0.921875
3276.843750,0.937500
3277.843750,1.000000
3278.812500,0.968750
3279.828125,1.015625
3280.859375,1.031250
3281.937500,1.078125
3282.968750,1.031250
3283.984375,1.015625
3284.968750,0.984375
3285.953125,0.984375
3286.906250,0.953125
3287.812500,0.906250
3288.687500,0.875000
3289.531250,0.843750
3293.984375,1.000000
3294.890625,0.906250
3295.765625,0.875000
3296.703125,0.937500
3297.703125,1.000000
3298.703125,1.000000
3299.625000,0.921875
3300.531250,0.906250
3301.453125,0.921875
3302.375000,0.921875
3303.234375,0.859375
3304.140625,0.906250
3305.046875,0.906250
3305.953125,0.906250
3306.828125,0.875000
3307.734375,0.906250
3308.656250,0.921875
3309.812500,1.156250
3327.515625,1.031250
3328.484375,0.968750
3334.515625,0.796875
3335.390625,0.875000
3336.390625,1.000000
3355.343750,0.781250
3356.187500,0.843750
3357.062500,0.875000
3370.406250,0.875000
3371.250000,0.843750
3372.093750,0.843750
3372.921875,0.828125
3373.703125,0.781250
3374.484375,0.781250
3375.218750,0.734375
3375.968750,0.750000
3376.734375,0.765625
3382.406250,1.062500
3383.421875,1.015625
3384.390625,0.968750
3385.343750,0.953125
3386.265625,0.921875
3387.187500,0.921875
3388.078125,0.890625
3388.921875,0.843750
3389.750000,0.828125
3390.593750,0.843750
3391.406250,0.812500
3392.296875,0.890625
3393.296875,1.000000
3394.296875,1.000000
3395.203125,0.906250
3396.203125,1.000000
3397.281250,1.078125
3398.421875,1.140625
3399.531250,1.109375
3400.515625,0.984375
3401.484375,0.968750
3402.437500,0.953125
3403.390625,0.953125
3404.328125,0.937500
3405.296875,0.968750
3406.296875,1.000000
3407.343750,1.046875
3408.312500,0.968750
3409.250000,0.937500
3410.109375,0.859375
3425.859375,0.859375
3426.734375,0.875000
3427.703125,0.968750
3428.609375,0.906250
3429.546875,0.937500
3430.500000,0.953125
3431.562500,1.062500
3432.562500,1.000000
3433.578125,1.015625
3434.562500,0.984375
3435.546875,0.984375
3436.546875,1.000000
3437.593750,1.046875
3438.593750,1.000000
3439.593750,1.000000
3440.625000,1.031250
3441.531250,0.906250
3442.593750,1.062500
3443.578125,0.984375
3444.515625,0.937500
3445.406250,0.890625
3456.312500,0.781250
3457.062500,0.750000
3457.843750,0.781250
3458.609375,0.765625
3459.375000,0.765625
3460.140625,0.765625
3460.875000,0.734375
3468.468750,1.093750
3469.625000,1.156250
3470.796875,1.171875
3471.906250,1.109375
3472.953125,1.046875
3473.906250,0.953125
3474.765625,0.859375
3475.640625,0.875000
3476.515625,0.875000
3477.390625,0.875000
3478.234375,0.843750
3479.078125,0.843750
3479.937500,0.859375
3500.546875,0.750000
3501.312500,0.765625
3502.093750,0.781250
3502.890625,0.796875
3503.734375,0.843750
3504.625000,0.890625
3505.531250,0.906250
3506.546875,1.015625
3507.578125,1.031250
3508.656250,1.078125
3509.625000,0.968750
3510.593750,0.968750
3511.609375,1.015625
3512.687500,1.078125
3513.656250,0.968750
3514.625000,0.968750
3515.671875,1.046875
3516.750000,1.078125
3517.671875,0.921875
3518.640625,0.968750
3519.687500,1.046875
3520.781250,1.093750
3521.859375,1.078125
3522.796875,0.937500
3523.781250,0.984375
3524.812500,1.031250
3525.859375,1.046875
3526.687500,0.828125
3527.843750,1.156250
3528.875000,1.031250
3529.906250,1.031250
3530.890625,0.984375
3537.703125,0.953125
3538.656250,0.953125
3539.671875,1.015625
3540.640625,0.968750
3541.625000,0.984375
3542.593750,0.968750
3543.515625,0.921875
3544.375000,0.859375
3545.234375,0.859375
3546.109375,0.875000
3546.984375,0.875000
3547.890625,0.906250
3548.843750,0.953125
3550.031250,1.187500
3551.078125,1.046875
3552.046875,0.968750
3553.015625,0.968750
3553.968750,0.953125
3554.875000,0.906250
3561.265625,0.984375
3562.328125,1.062500
3563.437500,1.109375
3564.484375,1.046875
3578.234375,1.031250
3579.265625,1.031250
3580.281250,1.015625
3581.218750,0.937500
3582.171875,0.953125
3583.109375,0.937500
3583.984375,0.875000
3584.843750,0.859375
3585.703125,0.859375
3586.578125,0.875000
3587.421875,0.843750
3588.296875,0.875000
3589.187500,0.890625
3590.078125,0.890625
3591.000000,0.921875
3592.000000,1.000000
3592.953125,0.953125
3593.859375,0.906250
3594.796875,0.937500
3595.734375,0.937500
3596.656250,0.921875
3597.593750,0.937500
3598.484375,0.890625
3599.328125,0.843750
3600.171875,0.843750
3601.046875,0.875000
3601.921875,0.875000
3602.875000,0.953125
3603.781250,0.906250
3604.765625,0.984375
3605.750000,0.984375
3606.640625,0.890625
3607.562500,0.921875
3608.406250,0.843750
3609.296875,0.890625
3610.140625,0.843750
3611.078125,0.937500
3612.078125,1.000000
3613.078125,1.000000
3614.046875,0.968750
3615.062500,1.015625
3616.109375,1.046875
3617.046875,0.937500
3618.000000,0.953125
3618.953125,0.953125
3619.875000,0.921875
3620.828125,0.953125
3621.781250,0.953125
3622.703125,0.921875
3623.671875,0.968750
3624.593750,0.921875
3625.515625,0.921875
3626.453125,0.937500
3627.390625,0.937500
3628.265625,0.875000
3629.140625,0.875000
3630.000000,0.859375
3630.875000,0.875000
3631.765625,0.890625
3632.625000,0.859375
3633.531250,0.906250
3634.453125,0.921875
3635.328125,0.875000
3636.187500,0.859375
3637.046875,0.859375
3637.890625,0.843750
3638.718750,0.828125
3639.546875,0.828125
3640.390625,0.843750
3641.250000,0.859375
3642.093750,0.843750
3649.609375,0.984375
3650.593750,0.984375
3651.531250,0.937500
3652.468750,0.937500
3653.375000,0.906250
3654.296875,0.921875
3655.156250,0.859375
3656.031250,0.875000
3656.937500,0.906250
3657.875000,0.937500
3658.828125,0.953125
3659.812500,0.984375
3660.828125,1.015625
3661.750000,0.921875
3662.671875,0.921875
3663.562500,0.890625
3664.437500,0.875000
3665.296875,0.859375
3666.156250,0.859375
3667.093750,0.937500
3668.015625,0.921875
3668.968750,0.953125
3669.953125,0.984375
3670.906250,0.953125
3671.828125,0.921875
3672.765625,0.937500
3673.734375,0.968750
3674.687500,0.953125
3675.703125,1.015625
3676.750000,1.046875
3677.734375,0.984375
3678.671875,0.937500
3685.703125,0.875000
3686.625000,0.921875
3687.578125,0.953125
3688.484375,0.906250
3689.390625,0.906250
3690.281250,0.890625
3691.171875,0.890625
3692.015625,0.843750
3692.812500,0.796875
3693.625000,0.812500
3694.437500,0.812500
3695.296875,0.859375
3696.203125,0.906250
3697.062500,0.859375
3697.921875,0.859375
3698.828125,0.906250
3699.765625,0.937500
3700.671875,0.906250
3708.093750,0.859375
3708.953125,0.859375
3709.796875,0.843750
3710.703125,0.906250
3711.640625,0.937500
3712.593750,0.953125
3713.515625,0.921875
3714.453125,0.937500
3715.390625,0.937500
3722.671875,0.953125
3723.609375,0.937500
3724.484375,0.875000
3725.359375,0.875000
3726.234375,0.875000
3727.078125,0.843750
3727.968750,0.890625
3728.890625,0.921875
3729.765625,0.875000
3730.843750,1.078125
3736.671875,0.812500
3748.203125,0.875000
3749.093750,0.890625
3750.000000,0.906250
3750.968750,0.968750
3768.515625,0.703125
3769.328125,0.812500
3770.062500,0.734375
3770.828125,0.765625
3771.562500,0.734375
3772.328125,0.765625
3801.750000,0.718750
3802.500000,0.750000
3803.312500,0.812500
3811.250000,0.921875
3826.000000,1.000000
3827.000000,1.000000
3827.968750,0.968750
3828.890625,0.921875
3829.859375,0.968750
3830.718750,0.859375
3831.671875,0.953125
3832.703125,1.031250
3833.859375,1.156250
3834.890625,1.031250
3835.937500,1.046875
3836.828125,0.890625
3837.796875,0.968750
3838.718750,0.921875
3839.750000,1.031250
3840.812500,1.062500
3841.859375,1.046875
3842.859375,1.000000
3843.875000,1.015625
3844.906250,1.031250
3845.937500,1.031250
3846.937500,1.000000
3847.968750,1.031250
3848.984375,1.015625
3849.921875,0.937500
3850.843750,0.921875
3851.734375,0.890625
3852.671875,0.937500
3853.640625,0.968750
3854.546875,0.906250
3855.453125,0.906250
3856.421875,0.968750
3857.375000,0.953125
3858.343750,0.968750
3859.312500,0.968750
3860.281250,0.968750
3861.265625,0.984375
3862.234375,0.968750
3863.156250,0.921875
3864.078125,0.921875
3865.000000,0.921875
3865.968750,0.968750
3866.875000,0.906250
3867.859375,0.984375
3868.906250,1.046875
3869.937500,1.031250
3870.953125,1.015625
3871.953125,1.000000
3872.906250,0.953125
3873.796875,0.890625
3874.718750,0.921875
3875.640625,0.921875
3876.578125,0.937500
3877.468750,0.890625
3878.328125,0.859375
3879.203125,0.875000
3880.109375,0.906250
3881.093750,0.984375
3882.000000,0.906250
3882.921875,0.921875
3883.859375,0.937500
3884.781250,0.921875
3885.687500,0.906250
3886.515625,0.828125
3887.328125,0.812500
3888.140625,0.812500
3888.953125,0.812500
3889.750000,0.796875
3890.562500,0.812500
3891.406250,0.843750
3892.359375,0.953125
3893.312500,0.953125
3894.234375,0.921875
3895.109375,0.875000
3896.031250,0.921875
3896.953125,0.921875
3897.843750,0.890625
3898.765625,0.921875
3899.687500,0.921875
3900.562500,0.875000
3901.437500,0.875000
3902.265625,0.828125
3903.046875,0.781250
3903.796875,0.750000
3904.671875,0.875000
3905.562500,0.890625
3906.546875,0.984375
3907.546875,1.000000
3908.546875,1.000000
3909.562500,1.015625
3910.703125,1.140625
3911.703125,1.000000
3912.718750,1.015625
3913.750000,1.031250
3914.671875,0.921875
3915.625000,0.953125
3916.593750,0.968750
3917.562500,0.968750
3918.500000,0.937500
3919.406250,0.906250
3920.312500,0.906250
3921.140625,0.828125
3921.953125,0.812500
3922.796875,0.843750
3923.734375,0.937500
3924.718750,0.984375
3925.671875,0.953125
3926.578125,0.906250
3927.546875,0.968750
3928.546875,1.000000
3929.546875,1.000000
3930.500000,0.953125
3931.421875,0.921875
3932.359375,0.937500
3933.281250,0.921875
3934.250000,0.968750
3935.140625,0.890625
3936.062500,0.921875
3937.000000,0.937500
3937.953125,0.953125
3938.906250,0.953125
3939.812500,0.906250
3940.750000,0.937500
3941.703125,0.953125
3942.656250,0.953125
3943.578125,0.921875
3944.578125,1.000000
3945.609375,1.031250
3946.656250,1.046875
3947.640625,0.984375
3948.609375,0.968750
3949.578125,0.968750
3950.468750,0.890625
3951.343750,0.875000
3952.203125,0.859375
3971.937500,0.937500
3972.906250,0.968750
3973.875000,0.968750
3997.359375,0.984375
3998.328125,0.968750
3999.296875,0.968750
4000.281250,0.984375
4001.250000,0.968750
4002.156250,0.906250
4003.140625,0.984375
4004.109375,0.968750
4005.125000,1.015625
4006.000000,0.875000
4006.953125,0.953125
4021.015625,0.812500
4021.843750,0.828125
4022.640625,0.796875
4023.468750,0.828125
4024.265625,0.796875
4025.062500,0.796875
4025.843750,0.781250
4026.625000,0.781250
4027.421875,0.796875
4028.218750,0.796875
4029.046875,0.828125
4029.843750,0.796875
4030.625000,0.781250
4031.437500,0.812500
4037.984375,1.078125
4039.000000,1.015625
4039.937500,0.937500
4040.921875,0.984375
4041.843750,0.921875
4042.781250,0.937500
4043.703125,0.921875
4044.562500,0.859375
4045.390625,0.828125
4046.250000,0.859375
4047.171875,0.921875
4048.156250,0.984375
4049.171875,1.015625
4050.187500,1.015625
4074.703125,1.062500
4075.718750,1.015625
4076.718750,1.000000
4077.671875,0.953125
4078.578125,0.906250
4079.484375,0.906250
4080.390625,0.906250
4081.312500,0.921875
4082.281250,0.968750
4083.250000,0.968750
4084.187500,0.937500
4085.109375,0.921875
4085.984375,0.875000
4086.843750,0.859375
4087.734375,0.890625
4088.687500,0.953125
4089.703125,1.015625
4090.718750,1.015625
4091.671875,0.953125
4092.640625,0.968750
4093.593750,0.953125
4094.578125,0.984375
4095.546875,0.968750
4096.484375,0.937500
4097.390625,0.906250
4098.281250,0.890625
4099.156250,0.875000
4100.046875,0.890625
4104.328125,0.859375
4105.203125,0.875000
4106.125000,0.921875
4107.078125,0.953125
4108.046875,0.968750
4108.984375,0.937500
4109.937500,0.953125
4110.875000,0.937500
4111.765625,0.890625
4112.578125,0.812500
4113.406250,0.828125
4114.250000,0.843750
4115.109375,0.859375
4115.968750,0.859375
4116.875000,0.906250
4117.812500,0.937500
4118.796875,0.984375
4119.765625,0.968750
4120.671875,0.906250
4121.531250,0.859375
4122.375000,0.843750
4123.156250,0.781250
4123.937500,0.781250
4124.734375,0.796875
4125.531250,0.796875
4126.390625,0.859375
4127.250000,0.859375
4128.125000,0.875000
4138.046875,0.843750
4138.921875,0.875000
4139.796875,0.875000
4140.671875,0.875000
4141.515625,0.843750
4142.390625,0.875000
4143.250000,0.859375
4144.156250,0.906250
4145.125000,0.968750
4146.125000,1.000000
4147.000000,0.875000
4157.765625,0.906250
4158.640625,0.875000
4159.562500,0.921875
4160.468750,0.906250
4161.421875,0.953125
4162.390625,0.968750
4163.343750,0.953125
4175.250000,0.984375
4176.281250,1.031250
4177.281250,1.000000
4178.234375,0.953125
4179.171875,0.937500
4180.156250,0.984375
4181.187500,1.031250
4182.203125,1.015625
4189.359375,0.921875
4190.343750,0.984375
4191.437500,1.093750
4192.500000,1.062500
4193.437500,0.937500
4194.437500,1.000000
4195.437500,1.000000
4196.421875,0.984375
4197.312500,0.890625
4198.187500,0.875000
4199.093750,0.906250
4200.078125,0.984375
4201.062500,0.984375
4202.031250,0.968750
4203.031250,1.000000
4203.937500,0.906250
4204.796875,0.859375
4205.609375,0.812500
4206.437500,0.828125
4207.296875,0.859375
4208.156250,0.859375
4209.000000,0.843750
4209.890625,0.890625
4210.937500,1.046875
4211.812500,0.875000
4212.625000,0.812500
4213.453125,0.828125
4214.281250,0.828125
4215.140625,0.859375
4216.062500,0.921875
4216.953125,0.890625
4217.875000,0.921875
4218.812500,0.937500
4219.718750,0.906250
4220.578125,0.859375
4221.468750,0.890625
4222.390625,0.921875
4223.328125,0.937500
4224.265625,0.937500
4225.171875,0.906250
4226.078125,0.906250
4227.031250,0.953125
4227.984375,0.953125
4228.984375,1.000000
4229.937500,0.953125
4230.875000,0.937500
4231.828125,0.953125
4232.765625,0.937500
4233.703125,0.937500
4234.656250,0.953125
4235.625000,0.968750
4236.609375,0.984375
4237.562500,0.953125
4238.468750,0.906250
4239.406250,0.937500
4240.437500,1.031250
4241.578125,1.140625
4242.625000,1.046875
4243.656250,1.031250
4244.625000,0.968750
4245.531250,0.906250
4246.375000,0.843750
4247.234375,0.859375
4248.125000,0.890625
4249.171875,1.046875
4250.171875,1.000000
4251.140625,0.968750
4252.062500,0.921875
4252.906250,0.843750
4253.687500,0.781250
4254.437500,0.750000
4255.250000,0.812500
4256.093750,0.843750
4257.062500,0.968750
4258.046875,0.984375
4258.984375,0.937500
4259.859375,0.875000
4260.703125,0.843750
4261.578125,0.875000
4262.484375,0.906250
4263.406250,0.921875
4264.296875,0.890625
4265.156250,0.859375
4266.156250,1.000000
4267.140625,0.984375
4268.109375,0.968750
4269.031250,0.921875
4270.031250,1.000000
4271.031250,1.000000
4272.015625,0.984375
4272.937500,0.921875
4273.828125,0.890625
4274.750000,0.921875
4275.703125,0.953125
4276.671875,0.968750
4277.609375,0.937500
4278.609375,1.000000
4279.625000,1.015625
4280.625000,1.000000
4281.593750,0.968750
4282.531250,0.937500
4283.421875,0.890625
4284.312500,0.890625
4285.109375,0.796875
4285.890625,0.781250
4286.640625,0.750000
4287.468750,0.828125
4288.312500,0.843750
4289.296875,0.984375
4290.375000,1.078125
4291.375000,1.000000
4292.390625,1.015625
4293.359375,0.968750
4298.484375,0.828125
4299.359375,0.875000
4300.265625,0.906250
4301.125000,0.859375
4302.031250,0.906250
4311.781250,0.968750
4312.812500,1.031250
4324.984375,0.890625
4325.859375,0.875000
4326.765625,0.906250
4327.640625,0.875000
4328.562500,0.921875
4329.500000,0.937500
4330.437500,0.937500
4349.890625,0.609375
4360.281250,1.234375
4361.578125,1.296875
4362.859375,1.281250
4364.140625,1.281250
4365.437500,1.296875
4366.765625,1.328125
4368.125000,1.359375
4369.468750,1.343750
4370.828125,1.359375
4372.140625,1.312500
4373.531250,1.390625
4374.875000,1.343750
4376.187500,1.312500
4377.531250,1.343750
4378.796875,1.265625
4380.125000,1.328125
4381.312500,1.187500
4382.500000,1.187500
4383.734375,1.234375
4384.890625,1.156250
4386.000000,1.109375
4387.171875,1.171875
4388.390625,1.218750
4389.578125,1.187500
4390.750000,1.171875
4392.046875,1.296875
4399.484375,1.203125
4400.671875,1.187500
4401.796875,1.125000
4402.953125,1.156250
4403.984375,1.031250
4405.078125,1.093750
4406.203125,1.125000
4416.171875,1.078125
4417.312500,1.140625
4418.375000,1.062500
4419.500000,1.125000
4420.687500,1.187500
4421.796875,1.109375
4434.671875,1.078125
4435.687500,1.015625
4436.656250,0.968750
4437.578125,0.921875
4445.171875,1.109375
4451.312500,0.984375
4462.468750,0.968750
4463.468750,1.000000
4464.406250,0.937500
4465.359375,0.953125
4466.328125,0.968750
4467.328125,1.000000
4468.328125,1.000000
4469.328125,1.000000
4470.328125,1.000000
4471.296875,0.968750
4472.312500,1.015625
4473.328125,1.015625
4474.375000,1.046875
4475.328125,0.953125
4476.343750,1.015625
4477.390625,1.046875
4478.453125,1.062500
4479.562500,1.109375
4480.625000,1.062500
4485.578125,1.015625
4486.625000,1.046875
4493.562500,1.062500
4494.578125,1.015625
4495.578125,1.000000
4496.593750,1.015625
4497.578125,0.984375
4498.484375,0.906250
4499.421875,0.937500
4500.390625,0.968750
4507.312500,1.031250
4508.375000,1.062500
4509.468750,1.093750
4510.500000,1.031250
4511.453125,0.953125
4512.437500,0.984375
4513.343750,0.906250
4514.234375,0.890625
4515.093750,0.859375
4515.984375,0.890625
4516.984375,1.000000
4518.031250,1.046875
4519.015625,0.984375
4520.031250,1.015625
4521.031250,1.000000
4522.000000,0.968750
4522.968750,0.968750
4523.937500,0.968750
4524.859375,0.921875
4525.796875,0.937500
4526.750000,0.953125
4527.718750,0.968750
4528.703125,0.984375
4529.687500,0.984375
4530.656250,0.968750
4531.625000,0.968750
4532.531250,0.906250
4533.515625,0.984375
4540.109375,1.015625
4541.015625,0.906250
4545.250000,0.843750
4546.093750,0.843750
4546.921875,0.828125
4547.828125,0.906250
4548.718750,0.890625
4549.671875,0.953125
4550.656250,0.984375
4551.687500,1.031250
4552.640625,0.953125
4553.609375,0.968750
4554.531250,0.921875
4555.421875,0.890625
4556.312500,0.890625
4557.203125,0.890625
4558.125000,0.921875
4567.953125,0.828125
4568.765625,0.812500
4569.546875,0.781250
4570.343750,0.796875
4571.187500,0.843750
4572.203125,1.015625
4573.046875,0.843750
4573.843750,0.796875
4574.687500,0.843750
4575.562500,0.875000
4576.468750,0.906250
4577.343750,0.875000
4578.203125,0.859375
4579.125000,0.921875
4580.125000,1.000000
4581.125000,1.000000
4582.078125,0.953125
4589.015625,0.656250
4589.671875,0.656250
4602.781250,0.875000
4609.781250,0.968750
4610.781250,1.000000
4611.718750,0.937500
4612.687500,0.968750
4613.703125,1.015625
4614.718750,1.015625
4615.703125,0.984375
4616.671875,0.968750
4617.609375,0.937500
4618.500000,0.890625
4619.437500,0.937500
4620.390625,0.953125
4621.343750,0.953125
4622.187500,0.843750
4623.062500,0.875000
4623.937500,0.875000
4624.828125,0.890625
4625.734375,0.906250
4626.562500,0.828125
4627.406250,0.843750
4628.296875,0.890625
4629.265625,0.968750
4630.234375,0.968750
4631.156250,0.921875
4632.281250,1.125000
4633.234375,0.953125
4634.171875,0.937500
4635.031250,0.859375
4635.859375,0.828125
4636.687500,0.828125
4637.609375,0.921875
4638.515625,0.906250
4646.093750,0.875000
4647.125000,1.031250
4648.125000,1.000000
4649.109375,0.984375
4650.093750,0.984375
4651.062500,0.968750
4652.000000,0.937500
4652.890625,0.890625
4653.781250,0.890625
4654.687500,0.906250
4655.578125,0.890625
4656.453125,0.875000
4657.359375,0.906250
4658.312500,0.953125
4666.937500,1.031250
4667.953125,1.015625
4668.859375,0.906250
4669.671875,0.812500
4670.500000,0.828125
4671.265625,0.765625
4672.031250,0.765625
4672.796875,0.765625
4673.578125,0.781250
4674.390625,0.812500
4675.234375,0.843750
4676.109375,0.875000
4677.015625,0.906250
4677.953125,0.937500
4686.843750,0.781250
4687.609375,0.765625
4688.375000,0.765625
4689.171875,0.796875
4690.000000,0.828125
4690.859375,0.859375
4691.750000,0.890625
4692.593750,0.843750
4693.437500,0.843750
4694.265625,0.828125
4695.078125,0.812500
4695.875000,0.796875
4696.671875,0.796875
4697.453125,0.781250
4698.312500,0.859375
4699.234375,0.921875
4700.218750,0.984375
4701.234375,1.015625
4702.187500,0.953125
4703.187500,1.000000
4704.203125,1.015625
4705.171875,0.968750
4712.187500,0.906250
4713.171875,0.984375
4714.140625,0.968750
4715.031250,0.890625
4715.968750,0.937500
4716.921875,0.953125
4717.859375,0.937500
4718.796875,0.937500
4719.656250,0.859375
4720.531250,0.875000
4721.421875,0.890625
4722.281250,0.859375
4723.187500,0.906250
4724.062500,0.875000
4724.968750,0.906250
4725.812500,0.843750
4735.468750,0.718750
4736.203125,0.734375
4736.921875,0.718750
4737.718750,0.796875
4749.843750,0.812500
4750.671875,0.828125
4751.546875,0.875000
4752.593750,1.046875
4753.484375,0.890625
4754.390625,0.906250
4755.343750,0.953125
4756.312500,0.968750
4798.671875,1.046875
4799.671875,1.000000
4800.718750,1.046875
4801.718750,1.000000
4802.640625,0.921875
4803.578125,0.937500
4804.515625,0.937500
4805.500000,0.984375
4826.531250,0.781250
4827.281250,0.750000
4828.156250,0.875000
4828.984375,0.828125
4829.687500,0.703125
4850.312500,0.937500
4851.203125,0.890625
4852.125000,0.921875
4859.609375,0.906250
4860.640625,1.031250
4861.703125,1.062500
4862.765625,1.062500
4863.718750,0.953125
4864.750000,1.031250
4865.781250,1.031250
4866.765625,0.984375
4872.171875,1.296875
4896.890625,0.921875
4897.765625,0.875000
4898.671875,0.906250
4899.578125,0.906250
4909.156250,1.140625
4916.671875,1.046875
4926.718750,0.859375
4939.562500,0.953125
4940.468750,0.906250
4941.437500,0.968750
4942.468750,1.031250
4943.406250,0.937500
4972.203125,0.953125
4973.218750,1.015625
4974.171875,0.953125
4975.140625,0.968750
4976.156250,1.015625
4977.156250,1.000000
4978.203125,1.046875
4979.234375,1.031250
4980.328125,1.093750
5001.781250,1.000000
5002.765625,0.984375
5003.703125,0.937500
5004.703125,1.000000
5005.750000,1.046875
5006.703125,0.953125
5007.687500,0.984375
5008.703125,1.015625
5029.546875,1.078125
5030.453125,0.906250
5031.578125,1.125000
5032.640625,1.062500
5033.687500,1.046875
5034.937500,1.250000
5036.296875,1.359375
5037.656250,1.359375
5038.875000,1.218750
5039.906250,1.031250
5044.484375,0.984375
5045.578125,1.093750
5079.734375,1.218750
5080.906250,1.171875
5082.015625,1.109375
5083.062500,1.046875
5084.015625,0.953125
5085.015625,1.000000
5086.140625,1.125000
5087.296875,1.156250
5088.390625,1.093750
5089.390625,1.000000
5090.531250,1.140625
5091.609375,1.078125
5092.656250,1.046875
5093.609375,0.953125
5094.609375,1.000000
5095.687500,1.078125
5096.750000,1.062500
5097.796875,1.046875
5098.781250,0.984375
5099.828125,1.046875
5100.906250,1.078125
5101.937500,1.031250
5102.953125,1.015625
5104.031250,1.078125
5105.062500,1.031250
5106.078125,1.015625
5107.093750,1.015625
5108.078125,0.984375
5109.046875,0.968750
5110.078125,1.031250
5111.171875,1.093750
5112.187500,1.015625
5113.234375,1.046875
5114.296875,1.062500
5115.359375,1.062500
5116.406250,1.046875
5117.437500,1.031250
5118.437500,1.000000
5119.468750,1.031250
5120.515625,1.046875
5121.500000,0.984375
5122.453125,0.953125
5123.500000,1.046875
5124.531250,1.031250
5125.515625,0.984375
5126.546875,1.031250
5127.609375,1.062500
5128.593750,0.984375
5129.609375,1.015625
5137.406250,0.953125
5138.359375,0.953125
5139.265625,0.906250
5140.218750,0.953125
5141.218750,1.000000
5142.171875,0.953125
5143.156250,0.984375
5144.125000,0.968750
5145.093750,0.968750
5146.015625,0.921875
5146.984375,0.968750
5147.937500,0.953125
5148.890625,0.953125
5149.828125,0.937500
5150.828125,1.000000
5151.812500,0.984375
5152.734375,0.921875
5153.734375,1.000000
5154.718750,0.984375
5155.625000,0.906250
5156.578125,0.953125
5157.562500,0.984375
5158.531250,0.968750
5209.359375,0.984375
5210.390625,1.031250
5211.343750,0.953125
5212.359375,1.015625
5213.265625,0.906250
5214.171875,0.906250
5215.140625,0.968750
5216.203125,1.062500
5217.343750,1.140625
5218.187500,0.843750
5219.218750,1.031250
5220.312500,1.093750
5233.515625,0.906250
5234.578125,1.062500
5235.500000,0.921875
5254.875000,0.968750
5255.890625,1.015625
5256.921875,1.031250
5257.906250,0.984375
5258.890625,0.984375
5259.890625,1.000000
5260.875000,0.984375
5261.781250,0.906250
5262.734375,0.953125
5263.718750,0.984375
5264.671875,0.953125
5265.578125,0.906250
5266.578125,1.000000
5267.531250,0.953125
5268.453125,0.921875
5269.343750,0.890625
5270.312500,0.968750
5271.328125,1.015625
5272.281250,0.953125
5273.250000,0.968750
5274.296875,1.046875
5275.390625,1.093750
5276.359375,0.968750
5277.359375,1.000000
5278.390625,1.031250
5279.390625,1.000000
5287.156250,1.046875
5288.218750,1.062500
5289.156250,0.937500
5290.093750,0.937500
5291.062500,0.968750
5292.062500,1.000000
5293.062500,1.000000
5294.218750,1.156250
5295.203125,0.984375
5296.312500,1.109375
5303.937500,0.765625
5304.687500,0.750000
5305.437500,0.750000
5306.203125,0.765625
5329.593750,0.906250
5336.593750,1.015625
5337.609375,1.015625
5338.546875,0.937500
5339.609375,1.062500
5340.671875,1.062500
5341.765625,1.093750
5342.796875,1.031250
5343.890625,1.093750
5345.000000,1.109375
5345.843750,0.843750
5359.156250,1.046875
5360.125000,0.968750
5361.140625,1.015625
5362.125000,0.984375
5363.156250,1.031250
5364.171875,1.015625
5365.156250,0.984375
5372.296875,1.031250
5373.328125,1.031250
5374.390625,1.062500
5375.453125,1.062500
5376.515625,1.062500
5377.531250,1.015625
5378.546875,1.015625
5379.500000,0.953125
5380.468750,0.968750
5381.484375,1.015625
5382.468750,0.984375
5383.390625,0.921875
5384.328125,0.937500
5385.296875,0.968750
5386.250000,0.953125
5387.109375,0.859375
5388.187500,1.078125
5389.109375,0.921875
5390.000000,0.890625
5390.937500,0.937500
5391.890625,0.953125
5392.890625,1.000000
5393.890625,1.000000
5394.859375,0.968750
5395.828125,0.968750
5396.812500,0.984375
5397.875000,1.062500
5398.968750,1.093750
5399.968750,1.000000
5401.000000,1.031250
5407.218750,1.046875
5408.203125,0.984375
5409.203125,1.000000
5410.296875,1.093750
5411.375000,1.078125
5412.218750,0.843750
5422.234375,0.968750
5423.203125,0.968750
5424.187500,0.984375
5425.140625,0.953125
5426.078125,0.937500
5427.000000,0.921875
5427.921875,0.921875
5428.875000,0.953125
5429.859375,0.984375
5430.890625,1.031250
5431.921875,1.031250
5432.859375,0.937500
5433.843750,0.984375
5434.843750,1.000000
5435.781250,0.937500
5436.734375,0.953125
5437.718750,0.984375
5438.671875,0.953125
5443.546875,1.000000
5444.484375,0.937500
5445.484375,1.000000
5446.359375,0.875000
5447.296875,0.937500
5448.250000,0.953125
5449.218750,0.968750
5475.984375,0.828125
5476.828125,0.843750
5477.734375,0.906250
5478.671875,0.937500
5479.625000,0.953125
5480.515625,0.890625
5485.781250,0.875000
5486.718750,0.937500
5487.640625,0.921875
5493.312500,0.937500
5494.312500,1.000000
5495.343750,1.031250
5496.375000,1.031250
5497.359375,0.984375
5498.343750,0.984375
5499.375000,1.031250
5500.234375,0.859375
5507.062500,0.984375
5508.000000,0.937500
5508.953125,0.953125
5509.937500,0.984375
5510.968750,1.031250
5511.984375,1.015625
5512.921875,0.937500
5513.937500,1.015625
5514.984375,1.046875
5516.031250,1.046875
5516.968750,0.937500
5517.984375,1.015625
5518.921875,0.937500
5538.125000,1.000000
5539.140625,1.015625
5562.015625,0.953125
5569.187500,1.031250
5570.171875,0.984375
5571.125000,0.953125
5572.156250,1.031250
5573.218750,1.062500
5805.296875,1.000000
5806.375000,1.078125
5807.484375,1.109375
5808.562500,1.078125
5826.906250,1.078125
5827.750000,0.843750
5863.328125,0.765625
5943.390625,0.796875
5955.921875,0.875000
5956.750000,0.828125
5957.609375,0.859375
5958.500000,0.890625
5959.296875,0.796875
5969.468750,0.890625
5981.625000,0.718750
5982.375000,0.750000
5998.968750,1.031250
6006.453125,0.671875
6017.453125,0.734375
6018.375000,0.921875
6039.375000,0.890625
6040.281250,0.906250
6045.625000,0.859375
6046.296875,0.671875
6057.296875,0.843750
6058.265625,0.968750
6072.203125,0.765625
6073.171875,0.968750
6146.281250,0.812500
6147.156250,0.875000
6147.937500,0.781250
6148.734375,0.796875
6166.234375,0.906250
6166.984375,0.750000
6167.640625,0.656250
6190.562500,0.609375
6191.343750,0.781250
6192.000000,0.656250
6197.875000,0.734375
6215.406250,1.078125
6216.406250,1.000000
6234.359375,0.703125
6234.968750,0.609375
6235.734375,0.765625
6236.328125,0.593750
6236.984375,0.656250
6419.828125,0.750000
6420.531250,0.703125
6421.265625,0.734375
6422.093750,0.828125
6422.906250,0.812500
6423.640625,0.734375
6424.406250,0.765625
6425.187500,0.781250
6425.906250,0.718750
6426.546875,0.640625
6427.359375,0.812500
6428.015625,0.656250
6428.671875,0.656250
6445.062500,0.875000
6446.062500,1.000000
6446.937500,0.875000
6447.796875,0.859375
6448.671875,0.875000
6449.390625,0.718750
6658.796875,1.031250
6659.687500,0.890625
6660.609375,0.921875
6661.812500,1.203125
6662.828125,1.015625
6748.921875,0.796875
6749.843750,0.921875
6750.859375,1.015625
6751.828125,0.968750
6752.718750,0.890625
6753.546875,0.828125
6763.000000,1.156250
6764.109375,1.109375
6765.140625,1.031250
6766.125000,0.984375
6767.140625,1.015625
6768.015625,0.875000
6769.046875,1.031250
6769.921875,0.875000
6771.015625,1.093750
6772.078125,1.062500
6773.109375,1.031250
6774.203125,1.093750
6775.265625,1.062500
6776.281250,1.015625
6777.375000,1.093750
6778.281250,0.906250
6779.328125,1.046875
6780.343750,1.015625
6810.218750,1.015625
6811.296875,1.078125
6812.375000,1.078125
6813.421875,1.046875
6814.468750,1.046875
6815.562500,1.093750
6816.656250,1.093750
6842.875000,0.906250
6843.843750,0.968750
6844.828125,0.984375
6845.812500,0.984375
6846.765625,0.953125
6847.812500,1.046875
6848.765625,0.953125
6849.687500,0.921875
6850.515625,0.828125
6851.390625,0.875000
6852.250000,0.859375
6853.203125,0.953125
6854.234375,1.031250
6855.281250,1.046875
6856.265625,0.984375
6862.234375,1.015625
6863.171875,0.937500
6864.187500,1.015625
6865.250000,1.062500
6866.281250,1.031250
6867.265625,0.984375
6868.281250,1.015625
6869.359375,1.078125
6870.343750,0.984375
6871.140625,0.796875
6871.843750,0.703125
6872.718750,0.875000
6887.359375,1.062500
6888.406250,1.046875
6889.421875,1.015625
6890.468750,1.046875
6901.765625,0.984375
6908.250000,0.968750
6915.546875,0.921875
6916.640625,1.093750
6917.531250,0.890625
6918.390625,0.859375
6919.296875,0.906250
6920.187500,0.890625
6921.062500,0.875000
6921.921875,0.859375
6922.765625,0.843750
6923.656250,0.890625
6924.562500,0.906250
6925.453125,0.890625
6926.265625,0.812500
6927.125000,0.859375
6928.015625,0.890625
6928.906250,0.890625
6929.734375,0.828125
6930.593750,0.859375
6931.484375,0.890625
6932.406250,0.921875
6933.250000,0.843750
6934.125000,0.875000
6935.093750,0.968750
6936.046875,0.953125
6937.046875,1.000000
6937.953125,0.906250
6938.875000,0.921875
6939.890625,1.015625
6940.921875,1.031250
6941.906250,0.984375
6942.828125,0.921875
6943.796875,0.968750
6944.781250,0.984375
6945.625000,0.843750
6946.546875,0.921875
6947.515625,0.968750
6948.453125,0.937500
6949.359375,0.906250
6950.328125,0.968750
6951.296875,0.968750
6952.250000,0.953125
6953.171875,0.921875
6954.171875,1.000000
6955.140625,0.968750
6956.125000,0.984375
6965.000000,0.906250
6965.953125,0.953125
6966.906250,0.953125
6967.875000,0.968750
6972.359375,0.875000
6973.281250,0.921875
6974.250000,0.968750
6975.234375,0.984375
6976.187500,0.953125
6977.125000,0.937500
6978.125000,1.000000
6979.140625,1.015625
6990.453125,0.968750
6991.390625,0.937500
6992.343750,0.953125
6993.218750,0.875000
6994.187500,0.968750
6995.171875,0.984375
7002.734375,1.031250
7003.796875,1.062500
7011.484375,0.968750
7012.484375,1.000000
7013.515625,1.031250
7014.500000,0.984375
7015.437500,0.937500
7016.453125,1.015625
7017.578125,1.125000
7018.687500,1.109375
7019.703125,1.015625
7020.656250,0.953125
7021.671875,1.015625
7022.687500,1.015625
7023.640625,0.953125
7024.609375,0.968750
7025.671875,1.062500
7026.734375,1.062500
7027.750000,1.015625
7028.750000,1.000000
7029.765625,1.015625
7030.812500,1.046875
7031.781250,0.968750
7032.796875,1.015625
7033.828125,1.031250
7034.859375,1.031250
7035.859375,1.000000
7036.890625,1.031250
7037.937500,1.046875
7038.937500,1.000000
7039.968750,1.031250
7041.015625,1.046875
7042.015625,1.000000
7043.031250,1.015625
7044.109375,1.078125
7045.203125,1.093750
7046.171875,0.968750
7085.390625,1.015625
7086.359375,0.968750
7087.296875,0.937500
7088.406250,1.109375
7089.468750,1.062500
7090.453125,0.984375
7091.484375,1.031250
7092.562500,1.078125
7093.546875,0.984375
7094.562500,1.015625
7095.609375,1.046875
7096.656250,1.046875
7097.781250,1.125000
7098.828125,1.046875
7099.906250,1.078125
7104.843750,0.984375
7105.828125,0.984375
7106.828125,1.000000
7107.812500,0.984375
7108.843750,1.031250
7109.859375,1.015625
7110.796875,0.937500
7118.796875,0.984375
7119.765625,0.968750
7120.687500,0.921875
7121.500000,0.812500
7122.640625,1.140625
7123.421875,0.781250
7124.437500,1.015625
7144.906250,0.968750
7145.843750,0.937500
7146.750000,0.906250
7147.609375,0.859375
7148.515625,0.906250
7149.531250,1.015625
7150.562500,1.031250
7151.500000,0.937500
7152.468750,0.968750
7153.468750,1.000000
7154.500000,1.031250
7155.437500,0.937500
7156.359375,0.921875
7161.546875,1.031250
7162.593750,1.046875
7163.593750,1.000000
7164.546875,0.953125
7165.546875,1.000000
7166.531250,0.984375
7167.453125,0.921875
7168.421875,0.968750
7169.421875,1.000000
7170.375000,0.953125
7171.296875,0.921875
7172.250000,0.953125
7173.218750,0.968750
7174.140625,0.921875
7175.031250,0.890625
7176.015625,0.984375
7177.015625,1.000000
7177.953125,0.937500
7178.875000,0.921875
7179.859375,0.984375
7180.843750,0.984375
7181.765625,0.921875
7182.671875,0.906250
7183.625000,0.953125
7184.625000,1.000000
7185.578125,0.953125
7186.531250,0.953125
7204.375000,0.859375
7205.296875,0.921875
7206.078125,0.781250
7206.906250,0.828125
7207.781250,0.875000
7208.578125,0.796875
7209.484375,0.906250
7210.296875,0.812500
7211.187500,0.890625
7212.000000,0.812500
7224.265625,0.968750
7225.203125,0.937500
7226.062500,0.859375
7226.984375,0.921875
7227.984375,1.000000
7228.953125,0.968750
7229.859375,0.906250
7230.812500,0.953125
7231.843750,1.031250
7232.890625,1.046875
7233.906250,1.015625
7234.843750,0.937500
7235.859375,1.015625
7236.875000,1.015625
7237.859375,0.984375
7238.828125,0.968750
7239.875000,1.046875
7240.953125,1.078125
7242.015625,1.062500
7255.828125,1.000000
7256.796875,0.968750
7257.796875,1.000000
7258.812500,1.015625
7259.765625,0.953125
7301.484375,0.718750
7364.609375,0.968750
7372.234375,0.875000
7373.109375,0.875000
7373.937500,0.828125
7374.812500,0.875000
7375.687500,0.875000
7384.578125,0.890625
7385.421875,0.843750
7386.312500,0.890625
7387.218750,0.906250
7388.109375,0.890625
7389.078125,0.968750
7389.968750,0.890625
7390.906250,0.937500
7391.734375,0.828125
7392.609375,0.875000
7393.484375,0.875000
7394.406250,0.921875
7395.296875,0.890625
7396.171875,0.875000
7397.093750,0.921875
7398.062500,0.968750
7399.015625,0.953125
7399.875000,0.859375
7400.796875,0.921875
7401.765625,0.968750
7402.703125,0.937500
7403.640625,0.937500
7404.578125,0.937500
7405.593750,1.015625
7406.593750,1.000000
7407.593750,1.000000
7408.593750,1.000000
7409.593750,1.000000
7410.578125,0.984375
7411.515625,0.937500
7412.453125,0.937500
7413.390625,0.937500
7414.359375,0.968750
7415.296875,0.937500
7416.218750,0.921875
7417.203125,0.984375
7418.218750,1.015625
7419.187500,0.968750
7420.187500,1.000000
7421.171875,0.984375
7422.109375,0.937500
7423.078125,0.968750
7424.093750,1.015625
7425.109375,1.015625
7426.046875,0.937500
7427.015625,0.968750
7428.015625,1.000000
7429.000000,0.984375
7430.000000,1.000000
7430.984375,0.984375
7432.031250,1.046875
7432.984375,0.953125
7433.984375,1.000000
7435.015625,1.031250
7436.046875,1.031250
7437.015625,0.968750
7438.015625,1.000000
7439.062500,1.046875
7440.062500,1.000000
7441.046875,0.984375
7442.062500,1.015625
7443.046875,0.984375
7443.968750,0.921875
7444.953125,0.984375
7445.937500,0.984375
7446.875000,0.937500
7447.828125,0.953125
7448.828125,1.000000
7449.843750,1.015625
7450.843750,1.000000
7451.875000,1.031250
7453.031250,1.156250
7457.953125,1.000000
7538.828125,1.125000
7650.031250,1.000000
7650.968750,0.937500
7651.968750,1.000000
7653.031250,1.062500
7684.265625,1.031250
7685.250000,0.984375
7686.140625,0.890625
7687.171875,1.031250
7688.171875,1.000000
7689.156250,0.984375
7690.093750,0.937500
7695.875000,1.015625
7696.859375,0.984375
7704.406250,0.968750
7717.015625,1.031250
7718.015625,1.000000
7727.000000,1.046875
7727.968750,0.968750
7728.953125,0.984375
7730.015625,1.062500
7731.062500,1.046875
7732.015625,0.953125
7732.984375,0.968750
7733.937500,0.953125
7734.937500,1.000000
7735.953125,1.015625
7741.828125,0.890625
7742.687500,0.859375
7743.531250,0.843750
7744.421875,0.890625
7745.265625,0.843750
7745.968750,0.703125
7746.765625,0.796875
7756.468750,0.796875
7757.296875,0.828125
7765.609375,1.000000
7766.531250,0.921875
7767.515625,0.984375
7776.125000,1.031250
7777.000000,0.875000
7777.921875,0.921875
7779.015625,1.093750
7780.109375,1.093750
7781.125000,1.015625
7788.093750,0.968750
7788.984375,0.890625
7789.953125,0.968750
7790.859375,0.906250
7791.812500,0.953125
7792.796875,0.984375
7793.765625,0.968750
7794.671875,0.906250
7795.593750,0.921875
7796.578125,0.984375
7797.500000,0.921875
7798.359375,0.859375
7799.281250,0.921875
7803.562500,0.812500
7804.359375,0.796875
7816.515625,0.984375
7817.406250,0.890625
7818.359375,0.953125
7819.296875,0.937500
7824.734375,0.875000
7825.593750,0.859375
7826.562500,0.968750
7827.468750,0.906250
7851.328125,0.875000
7852.296875,0.968750
7853.296875,1.000000
7854.328125,1.031250
7871.796875,1.031250
7872.859375,1.062500
7873.843750,0.984375
7874.890625,1.046875
7875.890625,1.000000
7887.140625,0.812500
7888.265625,1.125000
7916.968750,0.890625
7917.843750,0.875000
7918.703125,0.859375
7919.437500,0.734375
7923.406250,0.437500
7927.468750,0.687500
7928.312500,0.843750
7940.703125,0.796875
7941.484375,0.781250
7942.156250,0.671875
7942.937500,0.781250
7972.406250,1.015625
7985.234375,0.937500
8008.000000,0.812500
8109.203125,0.984375
8110.078125,0.875000
8110.953125,0.875000
8111.796875,0.843750
8120.296875,0.953125
8121.218750,0.921875
8131.375000,0.937500
8132.312500,0.937500
8133.250000,0.937500
8134.140625,0.890625
8134.984375,0.843750
8135.875000,0.890625
8136.718750,0.843750
8137.625000,0.906250
8138.500000,0.875000
8139.375000,0.875000
8140.234375,0.859375
8141.156250,0.921875
8142.109375,0.953125
8143.046875,0.937500
8144.046875,1.000000
8144.843750,0.796875
8145.796875,0.953125
8162.906250,0.781250
8163.750000,0.843750
8164.625000,0.875000
8165.484375,0.859375
8166.421875,0.937500
8167.390625,0.968750
8168.359375,0.968750
8169.265625,0.906250
8170.234375,0.968750
8171.187500,0.953125
8172.109375,0.921875
8172.984375,0.875000
8173.906250,0.921875
8174.812500,0.906250
8175.765625,0.953125
8176.703125,0.937500
8177.640625,0.937500
8178.515625,0.875000
8179.468750,0.953125
8180.328125,0.859375
8181.187500,0.859375
8181.984375,0.796875
8182.718750,0.734375
8216.234375,0.968750
8217.171875,0.937500
8218.062500,0.890625
8218.953125,0.890625
8219.906250,0.953125
8220.812500,0.906250
8221.578125,0.765625
8222.656250,1.078125
8223.593750,0.937500
8224.500000,0.906250
8225.437500,0.937500
8226.312500,0.875000
8227.218750,0.906250
8228.093750,0.875000
8229.000000,0.906250
8229.890625,0.890625
8230.796875,0.906250
8231.656250,0.859375
8232.531250,0.875000
8233.437500,0.906250
8257.390625,0.828125
8258.296875,0.906250
8259.203125,0.906250
8260.140625,0.937500
8261.078125,0.937500
8262.000000,0.921875
8262.937500,0.937500
8263.906250,0.968750
8264.859375,0.953125
8265.765625,0.906250
8266.640625,0.875000
8296.046875,0.968750
8297.000000,0.953125
8305.640625,0.875000
8306.609375,0.968750
8307.515625,0.906250
8308.437500,0.921875
8309.312500,0.875000
8310.250000,0.937500
8326.250000,0.750000
8327.062500,0.812500
8327.843750,0.781250
8328.703125,0.859375
8329.656250,0.953125
8330.687500,1.031250
8331.593750,0.906250
8332.562500,0.968750
8333.578125,1.015625
8334.578125,1.000000
8335.531250,0.953125
8336.437500,0.906250
8337.359375,0.921875
8338.250000,0.890625
8339.140625,0.890625
8340.000000,0.859375
8340.890625,0.890625
8341.781250,0.890625
8342.703125,0.921875
8343.609375,0.906250
8344.500000,0.890625
8345.421875,0.921875
8346.359375,0.937500
8347.312500,0.953125
8348.250000,0.937500
8349.203125,0.953125
8350.203125,1.000000
8351.187500,0.984375
8352.125000,0.937500
8353.062500,0.937500
8354.046875,0.984375
8354.953125,0.906250
8355.828125,0.875000
8356.765625,0.937500
8357.765625,1.000000
8358.828125,1.062500
8359.968750,1.140625
8360.968750,1.000000
8361.953125,0.984375
8362.937500,0.984375
8363.859375,0.921875
8364.812500,0.953125
8365.796875,0.984375
8366.796875,1.000000
8367.734375,0.937500
8368.718750,0.984375
8369.765625,1.046875
8390.968750,0.859375
8391.843750,0.875000
8392.765625,0.921875
8393.656250,0.890625
8394.562500,0.906250
8395.437500,0.875000
8396.328125,0.890625
8397.218750,0.890625
8398.125000,0.906250
8399.031250,0.906250
8399.906250,0.875000
8400.734375,0.828125
8401.640625,0.906250
8402.562500,0.921875
8403.531250,0.968750
8411.218750,0.953125
8412.171875,0.953125
8413.062500,0.890625
8413.953125,0.890625
8414.828125,0.875000
8415.671875,0.843750
8416.546875,0.875000
8417.468750,0.921875
8418.421875,0.953125
8419.406250,0.984375
8432.062500,0.921875
8433.031250,0.968750
8433.890625,0.859375
8434.781250,0.890625
8447.156250,0.812500
8464.953125,0.890625
8465.781250,0.828125
8466.625000,0.843750
8471.875000,0.875000
8472.734375,0.859375
8473.531250,0.796875
8474.375000,0.843750
8475.234375,0.859375
8476.140625,0.906250
8477.125000,0.984375
8478.078125,0.953125
8479.046875,0.968750
8479.859375,0.812500
8480.781250,0.921875
8481.859375,1.078125
8485.984375,0.921875
8486.828125,0.843750
8487.671875,0.843750
8488.515625,0.843750
8489.203125,0.687500
8506.406250,0.890625
8507.281250,0.875000
8508.140625,0.859375
8509.000000,0.859375
8509.843750,0.843750
8510.671875,0.828125
8511.531250,0.859375
8512.390625,0.859375
8513.234375,0.843750
8540.843750,1.093750
8541.796875,0.953125
8542.718750,0.921875
8543.578125,0.859375
8544.531250,0.953125
8545.390625,0.859375
8546.234375,0.843750
8547.109375,0.875000
8548.000000,0.890625
8596.453125,0.953125
8597.406250,0.953125
8598.390625,0.984375
8599.406250,1.015625
8600.328125,0.921875
8601.281250,0.953125
8602.218750,0.937500
8603.156250,0.937500
8604.046875,0.890625
8604.984375,0.937500
8605.953125,0.968750
8638.468750,0.984375
8639.390625,0.921875
8640.265625,0.875000
8641.203125,0.937500
8646.453125,0.859375
8647.328125,0.875000
8648.218750,0.890625
8649.140625,0.921875
8650.000000,0.859375
8650.890625,0.890625
8651.796875,0.906250
8652.703125,0.906250
8653.578125,0.875000
8654.468750,0.890625
8655.406250,0.937500
8656.375000,0.968750
8657.312500,0.937500
8658.296875,0.984375
8659.312500,1.015625
8660.281250,0.968750
8661.156250,0.875000
8662.078125,0.921875
8663.046875,0.968750
8664.031250,0.984375
8665.015625,0.984375
8666.015625,1.000000
8671.687500,0.890625
8672.578125,0.890625
8678.875000,0.937500
8679.765625,0.890625
8680.687500,0.921875
8681.609375,0.921875
8682.500000,0.890625
8683.390625,0.890625
8684.296875,0.906250
8685.218750,0.921875
8686.109375,0.890625
8687.015625,0.906250
8687.984375,0.968750
8694.562500,0.921875
8724.359375,0.875000
8725.218750,0.859375
8726.062500,0.843750
8727.031250,0.968750
8728.031250,1.000000
8739.718750,0.859375
8740.578125,0.859375
8741.437500,0.859375
8742.375000,0.937500
8743.312500,0.937500
8744.234375,0.921875
8745.203125,0.968750
8746.125000,0.921875
8753.125000,0.968750
8754.062500,0.937500
8754.937500,0.875000
8755.812500,0.875000
8756.671875,0.859375
8757.531250,0.859375
8758.406250,0.875000
8759.296875,0.890625
8760.234375,0.937500
8761.062500,0.828125
8761.921875,0.859375
8762.828125,0.906250
8763.734375,0.906250
8764.625000,0.890625
8765.484375,0.859375
8773.671875,0.671875
8805.968750,0.906250
8806.875000,0.906250
8818.046875,0.750000
8818.812500,0.765625
8819.593750,0.781250
8820.312500,0.718750
8821.046875,0.734375
8821.781250,0.734375
8822.468750,0.687500
8823.218750,0.750000
8823.937500,0.718750
8824.687500,0.750000
8825.437500,0.750000
8826.203125,0.765625
8827.000000,0.796875
8827.796875,0.796875
8828.625000,0.828125
8829.484375,0.859375
8847.359375,0.750000
8848.156250,0.796875
8848.953125,0.796875
8849.781250,0.828125
8850.562500,0.781250
8851.390625,0.828125
8908.562500,1.156250
8909.562500,1.000000
8925.359375,1.109375
8926.531250,1.171875
8927.687500,1.156250
8928.750000,1.062500
8929.921875,1.171875
8931.000000,1.078125
8932.093750,1.093750
8933.156250,1.062500
8934.218750,1.062500
8935.156250,0.937500
8936.140625,0.984375
8937.171875,1.031250
8938.140625,0.968750
8939.156250,1.015625
8940.203125,1.046875
8941.187500,0.984375
8942.265625,1.078125
8943.250000,0.984375
8944.203125,0.953125
8945.187500,0.984375
8946.250000,1.062500
8947.281250,1.031250
8948.218750,0.937500
8949.140625,0.921875
8950.203125,1.062500
8951.296875,1.093750
8952.343750,1.046875
9000.640625,0.937500
9001.609375,0.968750
9008.625000,1.046875
9009.921875,1.296875
9165.453125,0.875000
9166.343750,0.890625
9167.312500,0.968750
9168.125000,0.812500
9169.140625,1.015625
9170.000000,0.859375
9170.890625,0.890625
9171.781250,0.890625
9172.671875,0.890625
9173.593750,0.921875
9174.515625,0.921875
9175.468750,0.953125
9176.406250,0.937500
9177.359375,0.953125
9178.265625,0.906250
9179.234375,0.968750
9203.218750,0.859375
9204.062500,0.843750
9204.890625,0.828125
9205.765625,0.875000
9206.656250,0.890625
9207.593750,0.937500
9208.515625,0.921875
9209.515625,1.000000
9210.562500,1.046875
9211.609375,1.046875
9212.593750,0.984375
9213.593750,1.000000
9214.531250,0.937500
9215.453125,0.921875
9236.984375,0.843750
9237.843750,0.859375
9238.703125,0.859375
9251.359375,0.765625
9252.140625,0.781250
9252.921875,0.781250
9253.765625,0.843750
9257.609375,0.781250
9321.750000,0.843750
9322.609375,0.859375
9323.453125,0.843750
9324.296875,0.843750
9325.203125,0.906250
9326.203125,1.000000
9327.203125,1.000000
9328.140625,0.937500
9329.109375,0.968750
9330.093750,0.984375
9331.015625,0.921875
9331.859375,0.843750
9332.671875,0.812500
9333.515625,0.843750
9334.390625,0.875000
9335.343750,0.953125
9336.250000,0.906250
9337.171875,0.921875
9338.125000,0.953125
9339.109375,0.984375
9340.093750,0.984375
9341.046875,0.953125
9342.015625,0.968750
9342.984375,0.968750
9343.937500,0.953125
9344.828125,0.890625
9345.703125,0.875000
9346.531250,0.828125
9347.375000,0.843750
9348.218750,0.843750
9349.078125,0.859375
9349.953125,0.875000
9350.843750,0.890625
9351.718750,0.875000
9359.187500,0.828125
9359.984375,0.796875
9360.765625,0.781250
9361.546875,0.781250
9362.359375,0.812500
9363.140625,0.781250
9368.796875,0.781250
9369.640625,0.843750
9432.937500,0.906250
9433.750000,0.812500
9437.953125,1.109375
9438.968750,1.015625
9474.953125,0.843750
9475.796875,0.843750
9488.093750,1.125000
9489.140625,1.046875
9490.171875,1.031250
9491.171875,1.000000
9492.031250,0.859375
9492.906250,0.875000
9549.156250,1.000000
9550.062500,0.906250
9559.687500,1.000000
9560.718750,1.031250
9572.328125,1.046875
9619.984375,0.875000
9661.265625,0.859375
9662.140625,0.875000
9668.953125,0.843750
9721.078125,0.875000
9722.046875,0.968750
9722.937500,0.890625
9723.828125,0.890625
9744.937500,0.828125
9745.781250,0.843750
9746.671875,0.890625
9747.531250,0.859375
9748.312500,0.781250
9749.140625,0.828125
9749.968750,0.828125
9750.828125,0.859375
9751.640625,0.812500
9752.531250,0.890625
9753.421875,0.890625
9754.328125,0.906250
9755.234375,0.906250
9756.125000,0.890625
9842.453125,0.859375
9843.250000,0.796875
9844.109375,0.859375
9892.046875,1.109375
9893.203125,1.156250
9894.281250,1.078125
9895.328125,1.046875
9896.250000,0.921875
9897.234375,0.984375
9898.203125,0.968750
9906.671875,0.828125
9907.500000,0.828125
9923.125000,0.843750
9924.187500,1.062500
9925.109375,0.921875
9932.140625,0.953125
9950.859375,0.875000
9951.703125,0.843750
9952.593750,0.890625
9953.468750,0.875000
9954.406250,0.937500
9955.312500,0.906250
9966.125000,0.890625
9976.843750,0.890625
9977.781250,0.937500
9978.656250,0.875000
9991.687500,0.890625
10003.593750,0.734375
10004.515625,0.921875
10024.984375,0.859375
10100.937500,0.921875
10101.718750,0.781250
10102.640625,0.921875
10108.656250,1.140625
10109.890625,1.234375
10111.062500,1.171875
10112.187500,1.125000
10113.421875,1.234375
10114.671875,1.250000
10115.796875,1.125000
10116.921875,1.125000
10129.750000,1.109375
10130.921875,1.171875
10426.453125,0.828125
10427.359375,0.906250
10428.250000,0.890625
10507.781250,0.875000
10516.078125,0.906250
10554.515625,0.953125
10567.671875,0.875000
10568.593750,0.921875
10569.484375,0.890625
10570.406250,0.921875
10571.250000,0.843750
10572.109375,0.859375
10572.937500,0.828125
10573.796875,0.859375
10624.750000,0.890625
10625.609375,0.859375
10626.328125,0.718750
10627.328125,1.000000
10628.156250,0.828125
10632.500000,0.875000
10633.359375,0.859375
10634.203125,0.843750
10635.078125,0.875000
10635.984375,0.906250
10636.859375,0.875000
10637.703125,0.843750
10638.562500,0.859375
10649.093750,0.765625
10649.843750,0.750000
10650.671875,0.828125
10651.500000,0.828125
10652.250000,0.750000
10653.109375,0.859375
10659.156250,0.781250
10659.890625,0.734375
10679.531250,0.875000
10680.421875,0.890625
10681.359375,0.937500
10682.265625,0.906250
10683.203125,0.937500
10684.125000,0.921875
10685.093750,0.968750
10686.000000,0.906250
10686.921875,0.921875
10687.812500,0.890625
10688.656250,0.843750
10689.453125,0.796875
10690.250000,0.796875
10691.109375,0.859375
10757.343750,0.921875
10804.046875,0.953125
10805.078125,1.031250
10806.093750,1.015625
10807.062500,0.968750
10808.046875,0.984375
10809.000000,0.953125
10809.937500,0.937500
10810.781250,0.843750
10811.609375,0.828125
10812.406250,0.796875
10813.218750,0.812500
10814.000000,0.781250
10814.812500,0.812500
10815.640625,0.828125
10816.421875,0.781250
10817.250000,0.828125
10818.109375,0.859375
10818.953125,0.843750
10819.828125,0.875000
10820.703125,0.875000
10821.671875,0.968750
10822.640625,0.968750
10823.562500,0.921875
10824.484375,0.921875
10825.562500,1.078125
10826.437500,0.875000
10827.312500,0.875000
10828.156250,0.843750
10828.984375,0.828125
10829.828125,0.843750
10830.593750,0.765625
10831.359375,0.765625
10832.203125,0.843750
10833.171875,0.968750
10862.703125,0.687500
10863.328125,0.625000
10864.125000,0.796875
10864.906250,0.781250
10865.765625,0.859375
10866.656250,0.890625
10867.546875,0.890625
10868.234375,0.687500
10873.078125,0.875000
10878.765625,0.937500
10879.734375,0.968750
10880.750000,1.015625
10881.656250,0.906250
10882.656250,1.000000
10895.187500,0.765625
10984.437500,1.000000
10985.375000,0.937500
11007.171875,0.828125
11011.750000,0.875000
11012.656250,0.906250
11039.468750,0.937500
11040.328125,0.859375
11041.359375,1.031250
11050.421875,0.890625
11061.359375,0.953125
11095.687500,0.828125
11096.828125,1.140625
11097.828125,1.000000
11108.640625,0.953125
11109.656250,1.015625
11110.625000,0.968750
11111.562500,0.937500
11112.515625,0.953125
11113.390625,0.875000
11114.359375,0.968750
11115.296875,0.937500
11139.140625,1.015625
11149.796875,0.843750
11150.687500,0.890625
11151.609375,0.921875
11152.546875,0.937500
11153.437500,0.890625
11154.296875,0.859375
11155.156250,0.859375
11156.031250,0.875000
11156.921875,0.890625
11157.796875,0.875000
11158.687500,0.890625
11159.609375,0.921875
11160.468750,0.859375
11161.265625,0.796875
11162.125000,0.859375
11163.015625,0.890625
11163.984375,0.968750
11165.000000,1.015625
11166.015625,1.015625
11167.031250,1.015625
11167.984375,0.953125
11174.968750,0.781250
11175.703125,0.734375
11176.468750,0.765625
11192.171875,0.718750
11192.906250,0.734375
11193.671875,0.765625
11228.015625,0.796875
11228.875000,0.859375
11229.859375,0.984375
11230.843750,0.984375
11231.796875,0.953125
11232.734375,0.937500
11233.671875,0.937500
11234.562500,0.890625
11235.515625,0.953125
11236.515625,1.000000
11237.468750,0.953125
11238.468750,1.000000
11239.546875,1.078125
11240.640625,1.093750
11241.640625,1.000000
11242.703125,1.062500
11243.781250,1.078125
11244.781250,1.000000
11245.906250,1.125000
11252.515625,1.031250
11253.609375,1.093750
11254.656250,1.046875
11255.671875,1.015625
11256.734375,1.062500
11257.781250,1.046875
11258.765625,0.984375
11259.875000,1.109375
11261.000000,1.125000
11262.000000,1.000000
11263.093750,1.093750
11264.218750,1.125000
11265.234375,1.015625
11281.265625,0.984375
11282.234375,0.968750
11283.125000,0.890625
11284.156250,1.031250
11296.046875,0.984375
11308.875000,1.062500
11309.703125,0.828125
11310.531250,0.828125
11311.625000,1.093750
11328.468750,0.968750
11329.515625,1.046875
11330.562500,1.046875
11331.406250,0.843750
11332.359375,0.953125
11333.343750,0.984375
11340.328125,0.937500
11341.296875,0.968750
11342.328125,1.031250
11343.328125,1.000000
11344.312500,0.984375
11345.265625,0.953125
11346.281250,1.015625
11347.265625,0.984375
11348.156250,0.890625
11349.078125,0.921875
11349.984375,0.906250
11350.890625,0.906250
11351.875000,0.984375
11352.890625,1.015625
11353.937500,1.046875
11358.468750,0.890625
11359.421875,0.953125
11360.375000,0.953125
11361.187500,0.812500
11392.703125,0.859375
11393.500000,0.796875
11424.796875,0.984375
11425.765625,0.968750
11426.750000,0.984375
11427.578125,0.828125
11433.406250,0.750000
11434.156250,0.750000
11434.921875,0.765625
11435.828125,0.906250
11535.109375,0.921875
11555.625000,0.984375
11663.328125,0.671875
11664.046875,0.718750
11664.781250,0.734375
11665.468750,0.687500
11682.578125,0.843750
11683.421875,0.843750
11785.296875,0.765625
11848.812500,0.515625
11856.437500,0.875000
11873.328125,0.875000
11874.250000,0.921875
11875.171875,0.921875
11876.046875,0.875000
11876.875000,0.828125
11877.796875,0.921875
11878.656250,0.859375
11879.515625,0.859375
11880.375000,0.859375
11881.234375,0.859375
11891.484375,0.500000
11895.593750,0.734375
11934.921875,0.921875
11935.750000,0.828125
11936.750000,1.000000
11948.406250,0.718750
12020.250000,1.156250
12021.125000,0.875000
12039.515625,1.031250
12061.125000,0.734375
12061.859375,0.734375
12062.796875,0.937500
12063.656250,0.859375
12064.562500,0.906250
12065.578125,1.015625
12080.234375,1.265625
12081.250000,1.015625
12082.250000,1.000000
12162.484375,0.859375
12163.390625,0.906250
12164.421875,1.031250
12190.203125,0.921875
12191.281250,1.078125
12192.296875,1.015625
12229.593750,0.734375
12248.062500,0.984375
12248.937500,0.875000
12249.890625,0.953125
12250.812500,0.921875
12251.750000,0.937500
12298.718750,0.968750
12299.671875,0.953125
12300.406250,0.734375
12301.437500,1.031250
12370.156250,0.687500
12370.640625,0.484375
12382.281250,0.953125
12383.156250,0.875000
12384.062500,0.906250
12384.968750,0.906250
12385.859375,0.890625
12386.890625,1.031250
12387.796875,0.906250
12388.734375,0.937500
12445.156250,0.875000
12445.921875,0.765625
12446.781250,0.859375
12447.750000,0.968750
12456.312500,0.968750
12457.328125,1.015625
12458.312500,0.984375
12459.250000,0.937500
12460.203125,0.953125
12461.078125,0.875000
12790.062500,0.828125
12791.015625,0.953125
12804.484375,0.828125
12805.312500,0.828125
12806.156250,0.843750
13482.468750,0.609375
13483.140625,0.671875
13483.765625,0.625000
13484.500000,0.734375
13527.125000,1.078125
13571.203125,0.562500
13571.921875,0.718750
13572.687500,0.765625
13573.500000,0.812500
13670.859375,0.890625
14042.750000,0.484375
14070.500000,0.703125
14071.234375,0.734375
14072.046875,0.812500
14113.281250,0.796875
14118.312500,0.875000
14119.000000,0.687500
14119.828125,0.828125
14567.812500,0.500000
14568.265625,0.453125
14706.562500,0.781250
15042.953125,0.593750
15155.578125,0.593750
15156.203125,0.625000
15190.281250,1.062500
15191.203125,0.921875
15192.343750,1.140625
15212.453125,1.046875
15235.515625,0.921875
15239.140625,0.750000
15255.031250,0.937500
15256.000000,0.968750
15257.062500,1.062500
15258.062500,1.000000
15335.078125,0.781250
15335.765625,0.687500
15396.125000,0.500000
15490.031250,1.046875
15491.000000,0.968750
15580.078125,0.687500
15580.812500,0.734375
15581.546875,0.734375
15630.312500,0.953125
15657.734375,0.843750
15658.625000,0.890625
15659.531250,0.906250
15660.453125,0.921875
15661.343750,0.890625
15662.296875,0.953125
15663.218750,0.921875
15672.609375,1.000000
15673.562500,0.953125
15674.468750,0.906250
15679.531250,1.125000
15680.562500,1.031250
15681.546875,0.984375
15682.546875,1.000000
15783.453125,1.046875
15794.515625,1.234375
15795.562500,1.046875
15796.703125,1.140625
15833.515625,0.937500
15834.546875,1.031250
15835.343750,0.796875
15836.140625,0.796875
15858.812500,0.953125
15859.765625,0.953125
15860.640625,0.875000
15861.640625,1.000000
15862.609375,0.968750
15863.562500,0.953125
15864.468750,0.906250
15865.453125,0.984375
15866.468750,1.015625
15890.578125,0.859375
15891.625000,1.046875
15892.500000,0.875000
15893.343750,0.843750
15904.015625,0.953125
15905.000000,0.984375
15905.953125,0.953125
15906.875000,0.921875
15931.484375,0.921875
15951.546875,0.750000
16014.812500,1.109375
16015.609375,0.796875
16022.843750,0.921875
16023.640625,0.796875
16075.312500,1.000000
16076.078125,0.765625
16082.281250,1.031250
16083.375000,1.093750
16088.265625,1.093750
16089.250000,0.984375
16090.140625,0.890625
16091.281250,1.140625
16092.265625,0.984375
16093.156250,0.890625
16136.156250,0.968750
16136.937500,0.781250
16141.031250,1.031250
16141.984375,0.953125
16142.921875,0.937500
16143.953125,1.031250
16144.937500,0.984375
16145.890625,0.953125
16156.687500,0.968750
16157.781250,1.093750
16158.750000,0.968750
16159.718750,0.968750
16160.609375,0.890625
16161.640625,1.031250
16181.875000,0.734375
16182.484375,0.609375
16205.281250,1.171875
16210.328125,1.218750
16222.750000,0.859375
16235.390625,0.843750
16236.187500,0.796875
16237.140625,0.953125
16238.234375,1.093750
16257.328125,0.937500
16262.843750,0.968750
16263.562500,0.718750
16270.750000,1.000000
16271.734375,0.984375
16272.765625,1.031250
16273.812500,1.046875
16275.093750,1.281250
16286.671875,1.000000
16287.437500,0.765625
16295.609375,1.015625
16296.640625,1.031250
16297.656250,1.015625
16298.671875,1.015625
16299.703125,1.031250
16300.750000,1.046875
16301.703125,0.953125
16302.671875,0.968750
16312.109375,1.000000
16313.015625,0.906250
16368.093750,0.890625
16368.750000,0.656250
16393.734375,0.984375
16394.656250,0.921875
16395.640625,0.984375
16396.656250,1.015625
16397.703125,1.046875
16420.640625,0.953125
16421.640625,1.000000
16422.578125,0.937500
16423.484375,0.906250
16424.468750,0.984375
16425.453125,0.984375
16426.500000,1.046875
16427.453125,0.953125
16465.734375,0.906250
16466.578125,0.843750
16467.546875,0.968750
16468.453125,0.906250
16528.968750,0.609375
16542.609375,1.125000
16543.671875,1.062500
16559.468750,1.203125
16560.546875,1.078125
16561.734375,1.187500
16626.359375,0.718750
16636.015625,0.937500
16636.828125,0.812500
16637.796875,0.968750
16705.718750,0.921875
16706.718750,1.000000
16707.765625,1.046875
16708.781250,1.015625
16709.843750,1.062500
16710.828125,0.984375
16711.812500,0.984375
16712.812500,1.000000
16713.828125,1.015625
16719.406250,0.906250
16720.281250,0.875000
16721.312500,1.031250
16722.218750,0.906250
16726.640625,0.765625
16727.656250,1.015625
16728.640625,0.984375
16866.375000,0.781250
16867.093750,0.718750
16880.109375,1.015625
16907.156250,0.734375
16908.031250,0.875000
16908.984375,0.953125
16935.656250,1.000000
17145.187500,0.671875
17146.046875,0.859375
17146.921875,0.875000
17147.875000,0.953125
17161.046875,1.140625
17173.531250,0.843750
17174.453125,0.921875
17175.343750,0.890625
17176.328125,0.984375
17177.265625,0.937500
17181.328125,1.125000
17182.375000,1.046875
17262.484375,1.000000
17275.984375,0.906250
17276.921875,0.937500
17277.828125,0.906250
17278.718750,0.890625
17279.656250,0.937500
17280.593750,0.937500
17281.562500,0.968750
17282.484375,0.921875
17283.468750,0.984375
17284.406250,0.937500
17285.359375,0.953125
17286.343750,0.984375
17298.218750,0.812500
17299.062500,0.843750
17299.921875,0.859375
17300.828125,0.906250
17301.750000,0.921875
17302.781250,1.031250
17303.734375,0.953125
17304.562500,0.828125
17305.562500,1.000000
17306.500000,0.937500
17311.937500,0.875000
17312.843750,0.906250
17313.750000,0.906250
17314.687500,0.937500
17315.671875,0.984375
17316.578125,0.906250
17317.562500,0.984375
17318.515625,0.953125
17319.546875,1.031250
17320.453125,0.906250
17321.437500,0.984375
17322.359375,0.921875
17323.328125,0.968750
17324.171875,0.843750
17325.140625,0.968750
17326.062500,0.921875
17359.312500,0.765625
17360.078125,0.765625
17360.859375,0.781250
17369.171875,0.937500
17369.968750,0.796875
17378.203125,0.984375
17393.078125,0.890625
17505.921875,0.859375
17506.812500,0.890625
17507.718750,0.906250
17508.625000,0.906250
17509.531250,0.906250
17510.406250,0.875000
17511.234375,0.828125
17512.078125,0.843750
17512.921875,0.843750
17513.796875,0.875000
17514.687500,0.890625
17515.515625,0.828125
17516.390625,0.875000
17517.312500,0.921875
17518.296875,0.984375
17519.250000,0.953125
17520.234375,0.984375
17562.343750,1.125000
17612.437500,0.828125
17613.281250,0.843750
17614.125000,0.843750
17614.953125,0.828125
17615.750000,0.796875
17616.546875,0.796875
17617.312500,0.765625
17618.015625,0.703125
17618.734375,0.718750
17619.437500,0.703125
17620.156250,0.718750
17620.921875,0.765625
17668.031250,0.953125
17669.062500,1.031250
17670.000000,0.937500
17670.984375,0.984375
17705.781250,0.921875
17706.765625,0.984375
17707.750000,0.984375
17708.734375,0.984375
17709.625000,0.890625
17710.531250,0.906250
17711.500000,0.968750
17712.453125,0.953125
17713.375000,0.921875
17714.343750,0.968750
17715.312500,0.968750
17716.265625,0.953125
17717.218750,0.953125
17718.125000,0.906250
17719.031250,0.906250
17719.859375,0.828125
17720.687500,0.828125
17721.515625,0.828125
17848.046875,1.031250
17848.937500,0.890625
17864.562500,0.875000
17865.484375,0.921875
17866.390625,0.906250
17867.296875,0.906250
17868.203125,0.906250
17869.125000,0.921875
17869.968750,0.843750
17870.812500,0.843750
17871.656250,0.843750
17872.500000,0.843750
17873.390625,0.890625
17874.296875,0.906250
17875.218750,0.921875
17876.187500,0.968750
17877.125000,0.937500
17878.046875,0.921875
17879.000000,0.953125
17879.968750,0.968750
17880.921875,0.953125
17881.890625,0.968750
17882.859375,0.968750
17883.875000,1.015625
17884.796875,0.921875
17885.765625,0.968750
17886.703125,0.937500
17887.640625,0.937500
17910.843750,0.890625
17911.750000,0.906250
17912.625000,0.875000
17913.531250,0.906250
17914.421875,0.890625
17915.296875,0.875000
17916.156250,0.859375
17917.031250,0.875000
17917.859375,0.828125
17918.703125,0.843750
17919.578125,0.875000
17920.437500,0.859375
17921.281250,0.843750
17922.296875,1.015625
17923.156250,0.859375
17924.015625,0.859375
17924.859375,0.843750
17925.718750,0.859375
17926.593750,0.875000
17927.453125,0.859375
17928.187500,0.734375
17942.828125,0.843750
17943.687500,0.859375
17944.515625,0.828125
17945.359375,0.843750
17946.218750,0.859375
17947.078125,0.859375
17947.953125,0.875000
17948.828125,0.875000
17949.718750,0.890625
17950.578125,0.859375
17951.484375,0.906250
17952.187500,0.703125
17952.828125,0.640625
17977.718750,0.937500
17978.640625,0.921875
17985.171875,0.921875
17986.156250,0.984375
17987.125000,0.968750
18044.859375,0.968750
18050.734375,1.015625
18051.781250,1.046875
18052.781250,1.000000
18053.750000,0.968750
18054.734375,0.984375
18065.062500,0.937500
18065.984375,0.921875
18066.843750,0.859375
18067.718750,0.875000
18068.562500,0.843750
18077.593750,0.703125
18078.421875,0.828125
18079.453125,1.031250
18095.718750,1.000000
18106.593750,0.875000
18107.500000,0.906250
18108.437500,0.937500
18121.906250,0.890625
18122.781250,0.875000
18123.671875,0.890625
18124.484375,0.812500
18125.359375,0.875000
18134.515625,0.875000
18135.390625,0.875000
18136.281250,0.890625
18137.218750,0.937500
18138.062500,0.843750
18138.921875,0.859375
18139.843750,0.921875
18140.734375,0.890625
18141.640625,0.906250
18142.546875,0.906250
18143.484375,0.937500
18144.390625,0.906250
18145.250000,0.859375
18146.156250,0.906250
18147.046875,0.890625
18147.906250,0.859375
18148.734375,0.828125
18149.562500,0.828125
18150.406250,0.843750
18151.296875,0.890625
18152.140625,0.843750
18152.984375,0.843750
18153.843750,0.859375
18165.421875,0.812500
18166.203125,0.781250
18167.031250,0.828125
18167.875000,0.843750
18168.703125,0.828125
18169.546875,0.843750
18170.468750,0.921875
18171.359375,0.890625
18172.296875,0.937500
18173.140625,0.843750
18173.937500,0.796875
18193.593750,0.843750
18194.468750,0.875000
18195.375000,0.906250
18196.203125,0.828125
18197.109375,0.906250
18198.015625,0.906250
18198.921875,0.906250
18207.250000,0.875000
18208.109375,0.859375
18208.906250,0.796875
18209.640625,0.734375
18210.484375,0.843750
18211.203125,0.718750
18212.171875,0.968750
18213.125000,0.953125
18214.031250,0.906250
18214.968750,0.937500
18215.890625,0.921875
18216.609375,0.718750
18217.640625,1.031250
18218.468750,0.828125
18219.265625,0.796875
18220.062500,0.796875
18220.875000,0.812500
18221.703125,0.828125
18222.562500,0.859375
18223.593750,1.031250
18224.484375,0.890625
18225.406250,0.921875
18226.343750,0.937500
18227.281250,0.937500
18228.187500,0.906250
18229.125000,0.937500
18229.984375,0.859375
18230.828125,0.843750
18231.671875,0.843750
18232.546875,0.875000
18233.343750,0.796875
18234.187500,0.843750
18235.046875,0.859375
18236.000000,0.953125
18236.937500,0.937500
18237.890625,0.953125
18238.812500,0.921875
18248.140625,0.843750
18248.968750,0.828125
18249.828125,0.859375
18257.781250,0.921875
18258.609375,0.828125
18259.468750,0.859375
18260.359375,0.890625
18261.234375,0.875000
18262.062500,0.828125
18262.906250,0.843750
18263.750000,0.843750
18264.609375,0.859375
18265.437500,0.828125
18266.312500,0.875000
18267.156250,0.843750
18268.046875,0.890625
18268.937500,0.890625
18269.843750,0.906250
18270.765625,0.921875
18271.671875,0.906250
18272.609375,0.937500
18273.515625,0.906250
18274.437500,0.921875
18275.328125,0.890625
18276.187500,0.859375
18277.078125,0.890625
18277.953125,0.875000
18278.812500,0.859375
18279.703125,0.890625
18280.593750,0.890625
18281.484375,0.890625
18282.296875,0.812500
18282.968750,0.671875
18288.375000,0.843750
18293.015625,0.750000
18293.781250,0.765625
18294.531250,0.750000
18295.343750,0.812500
18296.093750,0.750000
18296.781250,0.687500
18324.500000,0.765625
18325.218750,0.718750
18325.937500,0.718750
18326.671875,0.734375
18327.390625,0.718750
18328.109375,0.718750
18328.859375,0.750000
18329.625000,0.765625
18330.421875,0.796875
18331.218750,0.796875
18332.000000,0.781250
18332.828125,0.828125
18333.703125,0.875000
18334.593750,0.890625
18335.546875,0.953125
18336.562500,1.015625
18337.562500,1.000000
18338.531250,0.968750
18339.453125,0.921875
18340.296875,0.843750
18341.156250,0.859375
18342.015625,0.859375
18342.859375,0.843750
18343.890625,1.031250
18344.796875,0.906250
18345.703125,0.906250
18346.640625,0.937500
18347.625000,0.984375
18348.593750,0.968750
18349.515625,0.921875
18350.421875,0.906250
18351.312500,0.890625
18352.234375,0.921875
18353.187500,0.953125
18354.187500,1.000000
18355.203125,1.015625
18356.171875,0.968750
18357.156250,0.984375
18358.140625,0.984375
18359.015625,0.875000
18359.921875,0.906250
18360.828125,0.906250
18361.765625,0.937500
18362.687500,0.921875
18363.593750,0.906250
18364.546875,0.953125
18365.515625,0.968750
18366.390625,0.875000
18367.250000,0.859375
18367.984375,0.734375
18372.171875,0.734375
18373.000000,0.828125
18373.734375,0.734375
18374.531250,0.796875
18379.875000,0.843750
18380.765625,0.890625
18381.656250,0.890625
18382.484375,0.828125
18383.312500,0.828125
18384.171875,0.859375
18385.015625,0.843750
18385.921875,0.906250
18386.796875,0.875000
18387.734375,0.937500
18388.734375,1.000000
18389.734375,1.000000
18390.734375,1.000000
18391.718750,0.984375
18392.656250,0.937500
18393.546875,0.890625
18394.453125,0.906250
18395.406250,0.953125
18396.296875,0.890625
18397.281250,0.984375
18398.296875,1.015625
18399.281250,0.984375
18400.281250,1.000000
18401.296875,1.015625
18402.312500,1.015625
18403.218750,0.906250
18404.140625,0.921875
18441.203125,0.968750
18442.156250,0.953125
18442.890625,0.734375
18457.046875,0.781250
18457.890625,0.843750
18470.250000,0.812500
18479.625000,1.031250
18480.609375,0.984375
18481.515625,0.906250
18482.468750,0.953125
18483.390625,0.921875
18487.765625,0.906250
18488.656250,0.890625
18489.515625,0.859375
18490.328125,0.812500
18491.187500,0.859375
18492.109375,0.921875
18493.015625,0.906250
18494.000000,0.984375
18494.859375,0.859375
18495.859375,1.000000
18496.734375,0.875000
18497.484375,0.750000
18498.156250,0.671875
18503.000000,0.953125
18503.953125,0.953125
18504.968750,1.015625
18505.984375,1.015625
18506.937500,0.953125
18507.843750,0.906250
18508.796875,0.953125
18509.703125,0.906250
18510.656250,0.953125
18511.656250,1.000000
18512.656250,1.000000
18513.625000,0.968750
18514.609375,0.984375
18515.640625,1.031250
18516.421875,0.781250
18522.281250,0.968750
18523.203125,0.921875
18524.343750,1.140625
18525.312500,0.968750
18526.250000,0.937500
18527.156250,0.906250
18528.093750,0.937500
18529.078125,0.984375
18538.671875,1.015625
18539.625000,0.953125
18540.609375,0.984375
18541.531250,0.921875
18542.468750,0.937500
18543.406250,0.937500
18544.343750,0.937500
18545.265625,0.921875
18546.187500,0.921875
18611.984375,0.906250
18613.015625,1.031250
18613.968750,0.953125
18614.796875,0.828125
18615.843750,1.046875
18616.828125,0.984375
18626.000000,0.921875
18626.937500,0.937500
18627.828125,0.890625
18628.687500,0.859375
18629.625000,0.937500
18630.484375,0.859375
18631.328125,0.843750
18632.218750,0.890625
18633.125000,0.906250
18634.031250,0.906250
18634.984375,0.953125
18635.984375,1.000000
18636.890625,0.906250
18637.812500,0.921875
18638.640625,0.828125
18639.531250,0.890625
18640.437500,0.906250
18641.359375,0.921875
18642.312500,0.953125
18643.312500,1.000000
18650.953125,0.781250
18651.718750,0.765625
18652.468750,0.750000
18653.296875,0.828125
18654.109375,0.812500
18671.046875,0.828125
18671.875000,0.828125
18672.781250,0.906250
18673.765625,0.984375
18674.796875,1.031250
18675.625000,0.828125
18682.250000,0.750000
18687.093750,0.828125
18687.921875,0.828125
18688.609375,0.687500
18693.390625,0.968750
18694.281250,0.890625
18695.250000,0.968750
18696.203125,0.953125
18697.140625,0.937500
18698.078125,0.937500
18698.984375,0.906250
18699.906250,0.921875
18700.875000,0.968750
18701.812500,0.937500
18702.750000,0.937500
18703.687500,0.937500
18704.718750,1.031250
18705.656250,0.937500
18706.593750,0.937500
18707.343750,0.750000
18715.140625,0.921875
18716.015625,0.875000
18716.875000,0.859375
18717.750000,0.875000
18718.531250,0.781250
18719.234375,0.703125
18724.125000,0.968750
18725.187500,1.062500
18726.234375,1.046875
18727.156250,0.921875
18728.078125,0.921875
18728.937500,0.859375
18729.875000,0.937500
18730.843750,0.968750
18731.781250,0.937500
18732.859375,1.078125
18733.890625,1.031250
18734.906250,1.015625
18735.937500,1.031250
18736.906250,0.968750
18737.906250,1.000000
18738.875000,0.968750
18739.890625,1.015625
18740.921875,1.031250
18741.968750,1.046875
18742.984375,1.015625
18744.015625,1.031250
18749.593750,0.890625
18750.437500,0.843750
18751.390625,0.953125
18752.328125,0.937500
18753.234375,0.906250
18754.187500,0.953125
18755.093750,0.906250
18756.000000,0.906250
18756.875000,0.875000
18757.718750,0.843750
18758.671875,0.953125
18759.578125,0.906250
18760.453125,0.875000
18761.359375,0.906250
18771.531250,1.046875
18772.546875,1.015625
18773.484375,0.937500
18778.328125,0.875000
18779.218750,0.890625
18780.187500,0.968750
18781.156250,0.968750
18782.156250,1.000000
18783.093750,0.937500
18784.046875,0.953125
18784.968750,0.921875
18785.796875,0.828125
18786.609375,0.812500
18787.375000,0.765625
18788.156250,0.781250
18789.000000,0.843750
18790.000000,1.000000
18791.015625,1.015625
18792.031250,1.015625
18793.062500,1.031250
18793.984375,0.921875
18794.875000,0.890625
18795.828125,0.953125
18796.734375,0.906250
18797.656250,0.921875
18798.500000,0.843750
18799.375000,0.875000
18800.281250,0.906250
18801.250000,0.968750
18802.062500,0.812500
18807.406250,1.015625
18808.437500,1.031250
18809.453125,1.015625
18810.421875,0.968750
18811.359375,0.937500
18815.562500,0.796875
18816.343750,0.781250
18817.218750,0.875000
18818.078125,0.859375
18818.953125,0.875000
18819.812500,0.859375
18824.031250,0.859375
18829.875000,0.687500
18835.234375,0.625000
18842.218750,0.875000
18843.281250,1.062500
18844.296875,1.015625
18845.343750,1.046875
18846.390625,1.046875
18847.265625,0.875000
18848.281250,1.015625
18849.156250,0.875000
18850.078125,0.921875
18850.968750,0.890625
18851.875000,0.906250
18852.859375,0.984375
18873.875000,1.015625
18874.843750,0.968750
18875.890625,1.046875
18876.781250,0.890625
18877.968750,1.187500
18882.609375,0.921875
18883.500000,0.890625
18884.421875,0.921875
18885.343750,0.921875
18886.203125,0.859375
18887.062500,0.859375
18896.390625,0.968750
18897.328125,0.937500
18898.265625,0.937500
18899.109375,0.843750
18899.968750,0.859375
18900.781250,0.812500
18901.593750,0.812500
18902.406250,0.812500
18903.203125,0.796875
18904.031250,0.828125
18904.875000,0.843750
18905.765625,0.890625
18906.640625,0.875000
18907.562500,0.921875
18908.500000,0.937500
18909.390625,0.890625
18910.250000,0.859375
18911.125000,0.875000
18911.984375,0.859375
18912.875000,0.890625
18917.937500,0.828125
18918.781250,0.843750
18919.640625,0.859375
18920.531250,0.890625
18921.375000,0.843750
18922.250000,0.875000
18923.109375,0.859375
18924.000000,0.890625
18924.828125,0.828125
18925.703125,0.875000
18926.468750,0.765625
18931.140625,0.906250
18932.000000,0.859375
18932.890625,0.890625
18933.843750,0.953125
18934.703125,0.859375
18935.546875,0.843750
18936.406250,0.859375
18937.281250,0.875000
18938.218750,0.937500
18939.078125,0.859375
18939.953125,0.875000
18940.859375,0.906250
18941.796875,0.937500
18942.640625,0.843750
18953.968750,0.781250
18954.750000,0.781250
18955.531250,0.781250
18956.359375,0.828125
18957.171875,0.812500
18963.656250,0.781250
18964.750000,1.093750
18965.671875,0.921875
18966.546875,0.875000
18978.375000,0.859375
18995.281250,0.890625
18999.625000,0.953125
19000.562500,0.937500
19001.546875,0.984375
19002.453125,0.906250
19003.390625,0.937500
19017.421875,0.906250
19018.343750,0.921875
19027.140625,0.890625
19028.062500,0.921875
19028.953125,0.890625
19029.859375,0.906250
19030.765625,0.906250
19031.703125,0.937500
19032.609375,0.906250
19033.531250,0.921875
19034.437500,0.906250
19035.421875,0.984375
19036.375000,0.953125
19037.359375,0.984375
19038.218750,0.859375
19066.406250,0.859375
19067.390625,0.984375
19068.359375,0.968750
19069.312500,0.953125
19070.250000,0.937500
19071.328125,1.078125
19072.281250,0.953125
19073.156250,0.875000
19074.031250,0.875000
19074.890625,0.859375
19084.687500,0.953125
19093.093750,0.937500
19094.031250,0.937500
19094.890625,0.859375
19095.703125,0.812500
19096.562500,0.859375
19097.343750,0.781250
19098.140625,0.796875
19098.953125,0.812500
19099.687500,0.734375
19100.531250,0.843750
19101.375000,0.843750
19106.375000,0.812500
19107.203125,0.828125
19108.078125,0.875000
19113.750000,0.843750
19114.453125,0.703125
19115.421875,0.968750
19116.281250,0.859375
19117.125000,0.843750
19117.890625,0.765625
19118.781250,0.890625
19165.828125,0.734375
19166.390625,0.562500
19166.906250,0.515625
19170.906250,0.750000
19171.671875,0.765625
19172.421875,0.750000
19173.234375,0.812500
19173.937500,0.703125
19226.156250,1.062500
19227.234375,1.078125
19228.203125,0.968750
19229.234375,1.031250
19230.312500,1.078125
19231.328125,1.015625
19232.187500,0.859375
19233.375000,1.187500
19234.468750,1.093750
19317.984375,0.937500
19325.531250,0.953125
19326.468750,0.937500
19371.968750,0.921875
19372.937500,0.968750
19373.921875,0.984375
19374.875000,0.953125
19375.859375,0.984375
19376.843750,0.984375
19377.843750,1.000000
19378.796875,0.953125
19379.750000,0.953125
19380.640625,0.890625
19381.500000,0.859375
19464.218750,0.843750
19465.218750,1.000000
19466.015625,0.796875
19467.109375,1.093750
19468.031250,0.921875
19469.031250,1.000000
19469.984375,0.953125
19470.984375,1.000000
19471.984375,1.000000
19472.890625,0.906250
19473.843750,0.953125
19474.828125,0.984375
19475.828125,1.000000
19476.718750,0.890625
19477.765625,1.046875
19478.750000,0.984375
19479.671875,0.921875
19480.578125,0.906250
19481.484375,0.906250
19482.421875,0.937500
19483.406250,0.984375
19490.828125,0.890625
19491.765625,0.937500
19492.687500,0.921875
19493.515625,0.828125
19494.296875,0.781250
19495.250000,0.953125
19496.078125,0.828125
19496.750000,0.671875
19497.546875,0.796875
19498.484375,0.937500
19499.343750,0.859375
19500.171875,0.828125
19506.734375,0.953125
19507.656250,0.921875
19508.500000,0.843750
19509.437500,0.937500
19510.343750,0.906250
19511.250000,0.906250
19512.046875,0.796875
19513.109375,1.062500
19514.015625,0.906250
19514.937500,0.921875
19515.906250,0.968750
19516.906250,1.000000
19517.781250,0.875000
19518.750000,0.968750
19519.734375,0.984375
19520.687500,0.953125
19567.500000,0.859375
19568.359375,0.859375
19569.250000,0.890625
19570.109375,0.859375
19571.015625,0.906250
19571.859375,0.843750
19572.765625,0.906250
19573.640625,0.875000
19574.484375,0.843750
19575.390625,0.906250
19576.265625,0.875000
19577.125000,0.859375
19578.000000,0.875000
19578.796875,0.796875
19579.640625,0.843750
19580.562500,0.921875
19581.609375,1.046875
19582.671875,1.062500
19583.640625,0.968750
19610.265625,0.859375
19625.000000,1.031250
19625.984375,0.984375
19626.921875,0.937500
19627.843750,0.921875
19628.687500,0.843750
19643.703125,0.859375
19644.562500,0.859375
19645.546875,0.984375
19686.390625,0.921875
19714.781250,0.906250
19715.718750,0.937500
19733.093750,0.875000
19733.953125,0.859375
19734.843750,0.890625
19735.671875,0.828125
19736.593750,0.921875
19763.421875,0.859375
19769.343750,0.859375
19776.296875,0.828125
19777.046875,0.750000
19777.984375,0.937500
19778.765625,0.781250
19805.171875,0.875000
19806.046875,0.875000
19806.937500,0.890625
19807.843750,0.906250
19808.812500,0.968750
19809.750000,0.937500
19810.718750,0.968750
19811.671875,0.953125
19812.578125,0.906250
19838.203125,0.937500
19839.140625,0.937500
19840.062500,0.921875
19915.015625,0.906250
19916.000000,0.984375
19916.968750,0.968750
19926.328125,1.000000
19927.218750,0.890625
19932.515625,0.859375
19933.390625,0.875000
19934.296875,0.906250
19935.218750,0.921875
19936.156250,0.937500
19937.062500,0.906250
19937.984375,0.921875
19938.890625,0.906250
19939.828125,0.937500
19940.718750,0.890625
19941.656250,0.937500
19942.609375,0.953125
19943.546875,0.937500
19944.453125,0.906250
19945.359375,0.906250
19946.406250,1.046875
20173.796875,0.906250
20174.625000,0.828125
20215.390625,0.765625
20292.453125,0.656250
20460.515625,0.859375
20461.453125,0.937500
20469.406250,0.828125
20523.562500,0.875000
20524.421875,0.859375
20530.593750,0.890625
20531.515625,0.921875
20532.468750,0.953125
20533.406250,0.937500
20534.375000,0.968750
20535.359375,0.984375
20536.296875,0.937500
20552.937500,0.875000
20553.828125,0.890625
20554.718750,0.890625
20555.578125,0.859375
20556.406250,0.828125
20557.218750,0.812500
20558.046875,0.828125
20558.906250,0.859375
20559.750000,0.843750
20560.625000,0.875000
20561.515625,0.890625
20562.390625,0.875000
20566.765625,0.906250
20567.718750,0.953125
20568.843750,1.125000
20569.765625,0.921875
20592.890625,0.859375
20593.750000,0.859375
20621.781250,0.859375
20639.875000,0.750000
20677.125000,0.843750
20677.968750,0.843750
20678.859375,0.890625
20679.578125,0.718750
20680.562500,0.984375
20681.390625,0.828125
20682.281250,0.890625
20683.171875,0.890625
20684.078125,0.906250
20684.968750,0.890625
20685.859375,0.890625
20686.796875,0.937500
20687.671875,0.875000
20688.718750,1.046875
20689.640625,0.921875
20690.515625,0.875000
20691.421875,0.906250
20692.281250,0.859375
20693.187500,0.906250
20694.140625,0.953125
20695.031250,0.890625
20695.968750,0.937500
20696.875000,0.906250
20705.718750,0.890625
20706.593750,0.875000
20707.531250,0.937500
20708.500000,0.968750
20709.437500,0.937500
20710.390625,0.953125
20711.296875,0.906250
20712.218750,0.921875
20713.093750,0.875000
20713.968750,0.875000
20714.859375,0.890625
20715.718750,0.859375
20716.578125,0.859375
20717.421875,0.843750
20718.281250,0.859375
20719.140625,0.859375
20719.984375,0.843750
20720.843750,0.859375
20721.718750,0.875000
20722.640625,0.921875
20723.515625,0.875000
20724.453125,0.937500
20725.406250,0.953125
20726.296875,0.890625
20727.203125,0.906250
20728.078125,0.875000
20728.937500,0.859375
20729.796875,0.859375
20730.703125,0.906250
20731.609375,0.906250
20732.515625,0.906250
20733.453125,0.937500
20734.390625,0.937500
20735.343750,0.953125
20736.203125,0.859375
20737.093750,0.890625
20738.000000,0.906250
20738.906250,0.906250
20739.796875,0.890625
20740.687500,0.890625
20741.593750,0.906250
20742.500000,0.906250
20743.312500,0.812500
20744.140625,0.828125
20744.953125,0.812500
20745.796875,0.843750
20822.046875,0.875000
20848.703125,0.875000
20849.531250,0.828125
20850.250000,0.718750
20856.906250,0.796875
20857.843750,0.937500
20937.718750,0.906250
20938.609375,0.890625
20939.484375,0.875000
20940.375000,0.890625
20941.234375,0.859375
21035.718750,0.593750
21156.484375,1.093750
21157.484375,1.000000
21172.937500,1.109375
21190.312500,1.015625
21209.890625,0.921875
21210.750000,0.859375
21220.046875,0.984375
21226.890625,0.953125
21227.875000,0.984375
21265.343750,0.890625
21266.250000,0.906250
21267.203125,0.953125
21268.140625,0.937500
21269.156250,1.015625
21270.109375,0.953125
21278.734375,0.640625
21309.843750,0.875000
21310.859375,1.015625
21343.843750,0.921875
21348.718750,1.015625
21349.906250,1.187500
21350.828125,0.921875
21351.750000,0.921875
21352.687500,0.937500
21353.593750,0.906250
21397.500000,0.718750
21398.265625,0.765625
21398.921875,0.656250
21403.437500,0.906250
21404.359375,0.921875
21405.218750,0.859375
21406.093750,0.875000
21407.000000,0.906250
21407.890625,0.890625
21408.750000,0.859375
21409.640625,0.890625
21410.703125,1.062500
21411.671875,0.968750
21412.609375,0.937500
21432.375000,0.906250
21433.281250,0.906250
21434.203125,0.921875
21435.171875,0.968750
21435.906250,0.734375
21451.421875,0.875000
21452.296875,0.875000
21453.187500,0.890625
21454.093750,0.906250
21455.078125,0.984375
21456.015625,0.937500
21456.937500,0.921875
21457.796875,0.859375
21458.734375,0.937500
21459.656250,0.921875
21460.500000,0.843750
21554.187500,0.828125
21555.062500,0.875000
21555.937500,0.875000
21781.750000,0.531250
21782.281250,0.531250
21782.734375,0.453125
21783.296875,0.562500
21810.671875,0.781250
21811.484375,0.812500
21812.250000,0.765625
21812.968750,0.718750
21813.718750,0.750000
21814.421875,0.703125
21815.171875,0.750000
21815.984375,0.812500
21816.812500,0.828125
21817.734375,0.921875
21818.609375,0.875000
21819.515625,0.906250
21820.390625,0.875000
21821.234375,0.843750
21822.062500,0.828125
21987.015625,0.625000
21987.515625,0.500000
21988.156250,0.640625
21988.640625,0.484375
22730.234375,0.515625
22820.843750,0.859375
23093.171875,1.093750
23094.171875,1.000000
23095.125000,0.953125
23096.140625,1.015625
23116.359375,1.078125
23117.703125,1.343750
23126.718750,1.031250
23158.093750,0.781250
23159.203125,1.109375
23160.093750,0.890625
23161.000000,0.906250
23161.718750,0.718750
23179.890625,0.734375
23180.625000,0.734375
23181.390625,0.765625
23182.312500,0.921875
23206.296875,0.921875
23207.218750,0.921875
23208.140625,0.921875
23209.093750,0.953125
23209.968750,0.875000
23210.859375,0.890625
23218.093750,0.937500
23219.031250,0.937500
23220.000000,0.968750
23250.984375,1.000000
23252.031250,1.046875
23253.125000,1.093750
23254.093750,0.968750
23255.093750,1.000000
23286.562500,1.078125
23287.562500,1.000000
23288.531250,0.968750
23289.562500,1.031250
23290.609375,1.046875
23291.609375,1.000000
23292.656250,1.046875
23293.781250,1.125000
23294.812500,1.031250
23295.734375,0.921875
23296.625000,0.890625
23297.531250,0.906250
23298.265625,0.734375
23311.203125,0.984375
23312.125000,0.921875
23313.031250,0.906250
23313.984375,0.953125
23314.906250,0.921875
23315.921875,1.015625
23333.796875,1.031250
23334.937500,1.140625
23335.890625,0.953125
23336.875000,0.984375
23337.859375,0.984375
23338.828125,0.968750
23339.703125,0.875000
23340.765625,1.062500
23341.859375,1.093750
23342.890625,1.031250
23343.890625,1.000000
23344.859375,0.968750
23345.843750,0.984375
23346.781250,0.937500
23347.671875,0.890625
23348.609375,0.937500
23349.609375,1.000000
23350.562500,0.953125
23351.546875,0.984375
23352.609375,1.062500
23353.671875,1.062500
23354.671875,1.000000
23355.718750,1.046875
23356.781250,1.062500
23357.703125,0.921875
23358.593750,0.890625
23363.531250,0.828125
23364.484375,0.953125
23365.500000,1.015625
23372.656250,0.953125
23373.578125,0.921875
23374.578125,1.000000
23375.593750,1.015625
23376.593750,1.000000
23377.531250,0.937500
23378.500000,0.968750
23379.484375,0.984375
23380.437500,0.953125
23381.359375,0.921875
23382.234375,0.875000
23383.109375,0.875000
23384.000000,0.890625
23384.890625,0.890625
23385.812500,0.921875
23386.718750,0.906250
23387.656250,0.937500
23400.484375,1.140625
23401.281250,0.796875
23402.203125,0.921875
23403.125000,0.921875
23404.031250,0.906250
23405.031250,1.000000
23405.937500,0.906250
23406.875000,0.937500
23407.828125,0.953125
23408.765625,0.937500
23409.765625,1.000000
23410.765625,1.000000
23411.687500,0.921875
23412.671875,0.984375
23413.656250,0.984375
23414.593750,0.937500
23415.593750,1.000000
23416.593750,1.000000
23417.562500,0.968750
23418.578125,1.015625
23419.593750,1.015625
23420.546875,0.953125
23421.562500,1.015625
23422.359375,0.796875
23430.468750,1.000000
23431.421875,0.953125
23432.453125,1.031250
23433.468750,1.015625
23455.640625,1.125000
23456.703125,1.062500
23457.671875,0.968750
23458.609375,0.937500
23459.578125,0.968750
23460.562500,0.984375
23461.531250,0.968750
23462.781250,1.250000
23463.640625,0.859375
23467.968750,0.828125
23468.968750,1.000000
23470.000000,1.031250
23476.281250,0.921875
23477.203125,0.921875
23478.125000,0.921875
23504.421875,0.968750
23521.906250,0.906250
23522.718750,0.812500
23523.812500,1.093750
23524.781250,0.968750
23525.703125,0.921875
23531.265625,0.953125
23537.031250,0.937500
23545.171875,1.000000
23546.125000,0.953125
23547.015625,0.890625
23547.812500,0.796875
23548.750000,0.937500
23573.171875,1.046875
23574.156250,0.984375
23575.093750,0.937500
23576.046875,0.953125
23577.000000,0.953125
23577.906250,0.906250
23578.859375,0.953125
23579.843750,0.984375
23580.890625,1.046875
23581.859375,0.968750
23598.093750,0.906250
23612.734375,1.015625
23613.781250,1.046875
23614.750000,0.968750
23615.718750,0.968750
23626.250000,0.937500
23627.203125,0.953125
23628.140625,0.937500
23629.046875,0.906250
23629.953125,0.906250
23630.875000,0.921875
23631.765625,0.890625
23632.640625,0.875000
23633.546875,0.906250
23634.484375,0.937500
23635.546875,1.062500
23636.312500,0.765625
23637.390625,1.078125
23638.187500,0.796875
23849.515625,0.875000
23857.406250,1.000000
23900.328125,1.093750
24316.328125,0.968750
24317.171875,0.843750
24317.890625,0.718750
24334.000000,0.843750
24392.718750,0.796875
24432.718750,0.625000
24524.000000,1.078125
24556.875000,0.843750
24557.625000,0.750000
24690.546875,0.828125
25202.796875,0.765625
25203.593750,0.796875
25290.875000,0.781250
25291.671875,0.796875
25362.296875,0.781250
25363.031250,0.734375
25368.281250,0.718750
25417.156250,0.718750
25457.781250,0.718750
25458.484375,0.703125
25493.421875,0.687500
25494.218750,0.796875
25494.796875,0.578125
25546.265625,0.859375
25546.984375,0.718750
25547.734375,0.750000
25548.546875,0.812500
25549.328125,0.781250
25550.125000,0.796875
25550.953125,0.828125
25587.484375,0.796875
25588.390625,0.906250
25589.296875,0.906250
25590.109375,0.812500
25591.000000,0.890625
25591.921875,0.921875
25592.828125,0.906250
25593.812500,0.984375
25606.359375,0.890625
25607.203125,0.843750
25607.953125,0.750000
25608.968750,1.015625
25609.828125,0.859375
25610.671875,0.843750
25611.500000,0.828125
25612.359375,0.859375
25712.062500,0.843750
25712.875000,0.812500
25713.671875,0.796875
25714.453125,0.781250
25715.171875,0.718750
25715.984375,0.812500
25716.781250,0.796875
25830.671875,0.937500
26099.734375,0.781250
26143.499999,0.750000
26352.156249,1.265625
26356.406249,0.843750
26497.874999,0.671875
26508.203124,0.750000
26508.968749,0.765625
26509.749999,0.781250
26517.171874,0.890625
26518.078124,0.906250
26519.015624,0.937500
26541.656249,0.843750
26542.499999,0.843750
26543.328124,0.828125
26618.968749,0.843750
26619.843749,0.875000
26620.671874,0.828125
26621.499999,0.828125
26622.312499,0.812500
26653.984374,0.859375
26654.890624,0.906250
26655.703124,0.812500
26656.484374,0.781250
26657.265624,0.781250
26658.062499,0.796875
26658.812499,0.750000
26659.609374,0.796875
26660.359374,0.750000
26661.156249,0.796875
26662.093749,0.937500
26728.859374,0.812500
26729.671874,0.812500
26730.484374,0.812500
26731.265624,0.781250
26792.374999,0.734375
26793.078124,0.703125
26793.812499,0.734375
26794.562499,0.750000
26795.203124,0.640625
26795.953124,0.750000
26796.687499,0.734375
26797.328124,0.640625
26798.062499,0.734375
26798.734374,0.671875
26799.453124,0.718750
26800.140624,0.687500
26800.953124,0.812500
26801.906249,0.953125
26802.874999,0.968750
26803.859374,0.984375
26804.874999,1.015625
26805.812499,0.937500
26806.734374,0.921875
26807.562499,0.828125
26808.421874,0.859375
26809.249999,0.828125
26810.046874,0.796875
26810.859374,0.812500
26811.718749,0.859375
26812.562499,0.843750
26813.421874,0.859375
26814.343749,0.921875
26824.578124,0.890625
26825.468749,0.890625
26826.328124,0.859375
26827.156249,0.828125
26827.968749,0.812500
26828.749999,0.781250
26829.593749,0.843750
26830.421874,0.828125
26831.281249,0.859375
26832.109374,0.828125
26832.937499,0.828125
26833.765624,0.828125
26834.624999,0.859375
26835.421874,0.796875
26836.281249,0.859375
26837.140624,0.859375
26837.984374,0.843750
26838.828124,0.843750
26839.656249,0.828125
26840.515624,0.859375
26841.359374,0.843750
26896.953124,0.859375
26897.828124,0.875000
26898.640624,0.812500
26899.453124,0.812500
26900.234374,0.781250
26900.999999,0.765625
26901.781249,0.781250
26902.546874,0.765625
26903.328124,0.781250
26929.984374,0.843750
26930.781249,0.796875
26931.562499,0.781250
26932.343749,0.781250
26933.124999,0.781250
26933.890624,0.765625
26939.812499,0.796875
26940.656249,0.843750
26941.453124,0.796875
26942.265624,0.812500
26943.203124,0.937500
26943.968749,0.765625
26944.718749,0.750000
26945.499999,0.781250
26946.265624,0.765625
26947.031249,0.765625
26947.796874,0.765625
26948.578124,0.781250
26949.343749,0.765625
26950.109374,0.765625
26950.890624,0.781250
26951.703124,0.812500
26952.515624,0.812500
26953.171874,0.656250
26957.578124,0.828125
26962.578124,0.875000
26963.468749,0.890625
26964.281249,0.812500
26965.140624,0.859375
26965.968749,0.828125
26966.812499,0.843750
26967.640624,0.828125
26968.484374,0.843750
26969.328124,0.843750
26970.187499,0.859375
26970.999999,0.812500
26971.812499,0.812500
26972.624999,0.812500
26973.453124,0.828125
26974.281249,0.828125
26975.062499,0.781250
26975.812499,0.750000
26976.609374,0.796875
26977.390624,0.781250
26978.140624,0.750000
26978.921874,0.781250
26979.718749,0.796875
26980.484374,0.765625
26981.249999,0.765625
26982.046874,0.796875
26982.828124,0.781250
26983.656249,0.828125
26984.484374,0.828125
26985.281249,0.796875
26986.078124,0.796875
26986.874999,0.796875
26987.671874,0.796875
26988.453124,0.781250
27000.765624,0.765625
27001.609374,0.843750
27011.421874,0.765625
27012.234374,0.812500
27013.078124,0.843750
27013.921874,0.843750
27014.765624,0.843750
27015.624999,0.859375
27016.499999,0.875000
27017.359374,0.859375
27018.218749,0.859375
27019.109374,0.890625
27019.984374,0.875000
27032.906249,0.812500
27033.656249,0.750000
27034.390624,0.734375
27035.187499,0.796875
27035.999999,0.812500
27036.828124,0.828125
27040.937499,0.812500
27041.718749,0.781250
27131.390624,0.734375
27132.156249,0.765625
27132.859374,0.703125
27213.624999,0.765625
27214.421874,0.796875
27215.187499,0.765625
27215.984374,0.796875
27216.781249,0.796875
27256.984374,0.703125
27257.703124,0.718750
27258.468749,0.765625
27259.249999,0.781250
27260.062499,0.812500
27260.890624,0.828125
27261.749999,0.859375
27262.609374,0.859375
27263.437499,0.828125
27264.249999,0.812500
27265.046874,0.796875
27265.874999,0.828125
27271.124999,0.843750
27281.015624,0.859375
27281.874999,0.859375
27282.640624,0.765625
27283.468749,0.828125
27284.234374,0.765625
27285.031249,0.796875
27285.890624,0.859375
27286.671874,0.781250
27287.484374,0.812500
27288.265624,0.781250
27289.093749,0.828125
27289.874999,0.781250
27290.687499,0.812500
27291.499999,0.812500
27292.328124,0.828125
27293.171874,0.843750
27293.953124,0.781250
27294.812499,0.859375
27295.687499,0.875000
27296.624999,0.937500
27297.546874,0.921875
27298.406249,0.859375
27299.203124,0.796875
27335.374999,0.937500
27336.359374,0.984375
27350.281249,1.015625
27351.296874,1.015625
27352.234374,0.937500
27353.171874,0.937500
27354.124999,0.953125
27354.937499,0.812500
27366.874999,0.843750
27367.687499,0.812500
27368.499999,0.812500
27369.281249,0.781250
27370.156249,0.875000
27371.109374,0.953125
27372.046874,0.937500
27372.968749,0.921875
27373.874999,0.906250
27374.718749,0.843750
27375.593749,0.875000
27376.453124,0.859375
27377.343749,0.890625
27378.203124,0.859375
27379.062499,0.859375
27379.906249,0.843750
27380.734374,0.828125
27381.562499,0.828125
27382.390624,0.828125
27383.218749,0.828125
27384.031249,0.812500
27384.843749,0.812500
27385.687499,0.843750
27386.531249,0.843750
27387.390624,0.859375
27388.265624,0.875000
27389.124999,0.859375
27389.937499,0.812500
27390.765624,0.828125
27391.578124,0.812500
27392.374999,0.796875
27393.156249,0.781250
27393.953124,0.796875
27394.781249,0.828125
27395.578124,0.796875
27396.421874,0.843750
27397.187499,0.765625
27398.015624,0.828125
27398.812499,0.796875
27399.593749,0.781250
27400.374999,0.781250
27413.843749,0.765625
27414.624999,0.781250
27415.406249,0.781250
27416.187499,0.781250
27416.937499,0.750000
27451.828124,0.828125
27464.953124,0.750000
27465.734374,0.781250
27466.531249,0.796875
27467.312499,0.781250
27468.109374,0.796875
27468.874999,0.765625
27543.328124,1.093750
27571.453124,0.843750
27708.156249,0.781250
27708.953124,0.796875
27709.749999,0.796875
27710.593749,0.843750
27711.406249,0.812500
27717.281249,0.703125
27717.953124,0.671875
27718.531249,0.578125
27723.546874,0.968750
27724.374999,0.828125
27725.093749,0.718750
27725.843749,0.750000
27738.249999,0.656250
27813.546874,0.828125
27814.359374,0.812500
27815.171874,0.812500
27892.031249,0.750000
27892.796874,0.765625
27893.624999,0.828125
27901.718749,0.968750
27902.656249,0.937500
27903.593749,0.937500
27904.499999,0.906250
27905.515624,1.015625
27906.328124,0.812500
27983.609374,0.921875
27984.453124,0.843750
27985.296874,0.843750
27986.109374,0.812500
27986.890624,0.781250
27987.687499,0.796875
28006.718749,0.718750
28007.484374,0.765625
28008.249999,0.765625
28009.015624,0.765625
28055.515624,0.750000
28089.374999,0.796875
28090.203124,0.828125
28090.999999,0.796875
28100.874999,0.875000
28113.609374,0.890625
28114.484374,0.875000
28115.343749,0.859375
28116.171874,0.828125
28116.937499,0.765625
28117.734374,0.796875
28150.671874,0.734375
28151.421874,0.750000
28176.453124,0.718750
28177.234374,0.781250
28178.015624,0.781250
28261.281249,0.890625
28262.078124,0.796875
28262.843749,0.765625
28263.656249,0.812500
28264.468749,0.812500
28297.109374,0.734375
28297.890624,0.781250
28298.703124,0.812500
28299.515624,0.812500
28300.374999,0.859375
28301.249999,0.875000
28302.203124,0.953125
28303.062499,0.859375
28303.968749,0.906250
28304.859374,0.890625
28305.749999,0.890625
28306.624999,0.875000
28307.515624,0.890625
28308.421874,0.906250
28309.374999,0.953125
28310.249999,0.875000
28311.124999,0.875000
28312.078124,0.953125
28313.031249,0.953125
28313.984374,0.953125
28314.906249,0.921875
28315.734374,0.828125
28316.593749,0.859375
28317.437499,0.843750
28318.265624,0.828125
28319.187499,0.921875
28319.890624,0.703125
28320.656249,0.765625
28349.296874,0.687500
28349.984374,0.687500
28350.718749,0.734375
28351.374999,0.656250
28352.140624,0.765625
28352.890624,0.750000
28353.671874,0.781250
28354.546874,0.875000
28355.437499,0.890625
28356.437499,1.000000
28370.421874,0.843750
28371.359374,0.937500
28372.249999,0.890625
28373.109374,0.859375
28373.968749,0.859375
28374.828124,0.859375
28375.765624,0.937500
28376.765624,1.000000
28377.781249,1.015625
28378.687499,0.906250
28379.531249,0.843750
28383.984374,0.890625
28384.874999,0.890625
28385.937499,1.062500
28386.890624,0.953125
28387.718749,0.828125
28388.640624,0.921875
28394.343749,0.937500
28395.249999,0.906250
28396.171874,0.921875
28397.078124,0.906250
28397.984374,0.906250
28398.874999,0.890625
28399.781249,0.906250
28400.703124,0.921875
28401.624999,0.921875
28402.515624,0.890625
28403.390624,0.875000
28404.312499,0.921875
28405.265624,0.953125
28406.171874,0.906250
28407.015624,0.843750
28407.874999,0.859375
28408.765624,0.890625
28409.609374,0.843750
28410.515624,0.906250
28411.374999,0.859375
28412.265624,0.890625
28413.203124,0.937500
28414.124999,0.921875
28414.999999,0.875000
28415.906249,0.906250
28416.859374,0.953125
28417.749999,0.890625
28418.656249,0.906250
28419.593749,0.937500
28420.531249,0.937500
28421.453124,0.921875
28422.421874,0.968750
28423.343749,0.921875
28424.281249,0.937500
28425.109374,0.828125
28434.578124,1.093750
28438.890624,0.968750
28439.828124,0.937500
28440.781249,0.953125
28441.765624,0.984375
28442.593749,0.828125
28443.671874,1.078125
28449.999999,0.890625
28450.843749,0.843750
28451.796874,0.953125
28452.734374,0.937500
28453.687499,0.953125
28454.687499,1.000000
28455.656249,0.968750
28456.562499,0.906250
28457.484374,0.921875
28458.406249,0.921875
28459.281249,0.875000
28460.124999,0.843750
28460.953124,0.828125
28461.781249,0.828125
28462.609374,0.828125
28463.515624,0.906250
28464.359374,0.843750
28465.203124,0.843750
28466.062499,0.859375
28466.953124,0.890625
28467.687499,0.734375
28468.374999,0.687500
28472.953124,0.843750
28473.828124,0.875000
28474.640624,0.812500
28475.468749,0.828125
28476.328124,0.859375
28477.156249,0.828125
28477.999999,0.843750
28478.874999,0.875000
28479.718749,0.843750
28480.546874,0.828125
28484.593749,0.843750
28485.406249,0.812500
28486.312499,0.906250
28487.140624,0.828125
28487.937499,0.796875
28488.749999,0.812500
28489.531249,0.781250
28490.390624,0.859375
28491.265624,0.875000
28492.140624,0.875000
28492.984374,0.843750
28493.812499,0.828125
28494.624999,0.812500
28495.374999,0.750000
28496.124999,0.750000
28496.890624,0.765625
28497.671874,0.781250
28498.484374,0.812500
28499.234374,0.750000
28500.187499,0.953125
28506.749999,0.734375
28507.546874,0.796875
28508.359374,0.812500
28509.124999,0.765625
28509.874999,0.750000
28510.640624,0.765625
28511.515624,0.875000
28512.281249,0.765625
28513.078124,0.796875
28513.874999,0.796875
28514.703124,0.828125
28515.515624,0.812500
28516.359374,0.843750
28517.203124,0.843750
28518.062499,0.859375
28518.890624,0.828125
28519.718749,0.828125
28520.593749,0.875000
28521.437499,0.843750
28522.265624,0.828125
28523.093749,0.828125
28523.781249,0.687500
28532.499999,0.875000
28586.812499,0.968750
28587.781249,0.968750
28588.749999,0.968750
28589.703124,0.953125
28590.609374,0.906250
28591.468749,0.859375
28592.218749,0.750000
28592.968749,0.750000
28593.968749,1.000000
28594.812499,0.843750
28595.640624,0.828125
28596.484374,0.843750
28597.359374,0.875000
28598.218749,0.859375
28599.046874,0.828125
28599.859374,0.812500
28600.624999,0.765625
28606.453124,0.812500
28607.234374,0.781250
28608.078124,0.843750
