1678262310.000000, IBI
56.640625,0.781250
267.656250,0.921875
268.796875,1.140625
380.421875,1.046875
381.421875,1.000000
424.750000,0.890625
425.718750,0.968750
426.656250,0.937500
446.468750,0.890625
447.375000,0.906250
448.187500,0.812500
449.031250,0.843750
511.171875,0.921875
512.109375,0.937500
512.984375,0.875000
513.890625,0.906250
514.750000,0.859375
515.593750,0.843750
516.343750,0.750000
526.875000,0.812500
527.671875,0.796875
528.375000,0.703125
532.953125,0.953125
533.812500,0.859375
534.687500,0.875000
535.562500,0.875000
536.531250,0.968750
537.328125,0.796875
538.265625,0.937500
635.843750,0.890625
636.734375,0.890625
637.718750,0.984375
645.359375,1.015625
646.406250,1.046875
658.812500,0.796875
691.046875,0.968750
691.921875,0.875000
692.781250,0.859375
738.781250,0.890625
748.531250,0.984375
749.515625,0.984375
750.484375,0.968750
758.500000,0.953125
771.421875,1.000000
772.421875,1.000000
773.296875,0.875000
774.187500,0.890625
775.125000,0.937500
776.156250,1.031250
777.125000,0.968750
778.125000,1.000000
779.078125,0.953125
780.000000,0.921875
780.921875,0.921875
781.859375,0.937500
782.828125,0.968750
783.765625,0.937500
784.718750,0.953125
785.703125,0.984375
786.718750,1.015625
787.656250,0.937500
788.562500,0.906250
789.531250,0.968750
790.453125,0.921875
791.390625,0.937500
792.375000,0.984375
793.375000,1.000000
794.328125,0.953125
795.281250,0.953125
796.265625,0.984375
797.156250,0.890625
798.015625,0.859375
798.828125,0.812500
799.593750,0.765625
800.390625,0.796875
801.250000,0.859375
802.109375,0.859375
802.984375,0.875000
803.687500,0.703125
810.765625,0.875000
811.609375,0.843750
812.484375,0.875000
813.312500,0.828125
814.171875,0.859375
815.062500,0.890625
830.265625,0.859375
831.171875,0.906250
831.984375,0.812500
832.781250,0.796875
833.421875,0.640625
848.750000,0.937500
849.625000,0.875000
850.531250,0.906250
851.453125,0.921875
852.328125,0.875000
853.234375,0.906250
854.187500,0.953125
855.203125,1.015625
856.234375,1.031250
857.171875,0.937500
865.765625,0.875000
866.609375,0.843750
874.437500,0.765625
907.125000,0.890625
908.000000,0.875000
942.062500,0.906250
942.859375,0.796875
943.796875,0.937500
944.546875,0.750000
954.031250,0.859375
954.890625,0.859375
955.781250,0.890625
992.953125,0.875000
993.843750,0.890625
994.687500,0.843750
995.500000,0.812500
996.312500,0.812500
1004.656250,1.000000
1005.703125,1.046875
1006.531250,0.828125
1007.296875,0.765625
1008.234375,0.937500
1009.125000,0.890625
1010.031250,0.906250
1010.921875,0.890625
1011.828125,0.906250
1012.625000,0.796875
1013.671875,1.046875
1014.656250,0.984375
1015.640625,0.984375
1016.546875,0.906250
1017.453125,0.906250
1018.312500,0.859375
1019.281250,0.968750
1020.140625,0.859375
1021.046875,0.906250
1021.984375,0.937500
1023.031250,1.046875
1024.031250,1.000000
1025.031250,1.000000
1026.046875,1.015625
1027.015625,0.968750
1027.937500,0.921875
1028.890625,0.953125
1029.875000,0.984375
1030.812500,0.937500
1031.734375,0.921875
1032.703125,0.968750
1033.671875,0.968750
1034.609375,0.937500
1035.562500,0.953125
1036.531250,0.968750
1037.453125,0.921875
1038.390625,0.937500
1039.359375,0.968750
1040.328125,0.968750
1041.265625,0.937500
1042.218750,0.953125
1043.234375,1.015625
1044.187500,0.953125
1045.109375,0.921875
1053.234375,0.937500
1054.125000,0.890625
1055.078125,0.953125
1056.218750,1.140625
1061.187500,0.890625
1062.125000,0.937500
1063.093750,0.968750
1064.078125,0.984375
1065.031250,0.953125
1065.953125,0.921875
1066.906250,0.953125
1067.859375,0.953125
1068.718750,0.859375
1069.640625,0.921875
1070.500000,0.859375
1071.359375,0.859375
1072.156250,0.796875
1072.953125,0.796875
1073.812500,0.859375
1074.718750,0.906250
1075.640625,0.921875
1076.593750,0.953125
1077.343750,0.750000
1082.062500,0.921875
1082.906250,0.843750
1090.140625,0.906250
1091.046875,0.906250
1091.968750,0.921875
1092.890625,0.921875
1093.796875,0.906250
1094.687500,0.890625
1095.578125,0.890625
1096.531250,0.953125
1097.468750,0.937500
1098.468750,1.000000
1099.468750,1.000000
1100.468750,1.000000
1101.390625,0.921875
1102.312500,0.921875
1103.250000,0.937500
1104.156250,0.906250
1105.062500,0.906250
1106.046875,0.984375
1106.937500,0.890625
1114.015625,0.734375
1114.968750,0.953125
1120.125000,0.906250
1121.000000,0.875000
1121.937500,0.937500
1132.156250,0.875000
1133.000000,0.843750
1133.843750,0.843750
1134.687500,0.843750
1135.531250,0.843750
1136.359375,0.828125
1137.187500,0.828125
1137.984375,0.796875
1138.765625,0.781250
1139.546875,0.781250
1140.343750,0.796875
1141.171875,0.828125
1142.015625,0.843750
1142.890625,0.875000
1143.718750,0.828125
1144.609375,0.890625
1145.468750,0.859375
1146.312500,0.843750
1147.171875,0.859375
1148.062500,0.890625
1149.000000,0.937500
1149.937500,0.937500
1150.953125,1.015625
1152.031250,1.078125
1153.062500,1.031250
1154.015625,0.953125
1154.968750,0.953125
1155.937500,0.968750
1156.812500,0.875000
1165.781250,0.906250
1166.656250,0.875000
1167.531250,0.875000
1168.437500,0.906250
1169.343750,0.906250
1170.156250,0.812500
1170.937500,0.781250
1171.968750,1.031250
1172.921875,0.953125
1173.859375,0.937500
1174.812500,0.953125
1175.750000,0.937500
1176.625000,0.875000
1177.546875,0.921875
1178.484375,0.937500
1179.390625,0.906250
1180.359375,0.968750
1181.328125,0.968750
1182.328125,1.000000
1183.265625,0.937500
1184.171875,0.906250
1185.062500,0.890625
1185.984375,0.921875
1186.859375,0.875000
1187.781250,0.921875
1188.734375,0.953125
1189.656250,0.921875
1190.531250,0.875000
1191.453125,0.921875
1192.359375,0.906250
1193.218750,0.859375
1194.062500,0.843750
1194.937500,0.875000
1195.843750,0.906250
1196.687500,0.843750
1197.484375,0.796875
1198.296875,0.812500
1199.156250,0.859375
1200.015625,0.859375
1200.890625,0.875000
1201.828125,0.937500
1202.734375,0.906250
1203.625000,0.890625
1204.656250,1.031250
1205.531250,0.875000
1206.437500,0.906250
1207.296875,0.859375
1208.203125,0.906250
1209.078125,0.875000
1209.921875,0.843750
1210.718750,0.796875
1211.484375,0.765625
1212.281250,0.796875
1218.078125,0.875000
1218.906250,0.828125
1219.781250,0.875000
1220.640625,0.859375
1221.531250,0.890625
1222.250000,0.718750
1223.265625,1.015625
1228.609375,0.843750
1229.406250,0.796875
1230.218750,0.812500
1231.062500,0.843750
1231.953125,0.890625
1232.765625,0.812500
1233.593750,0.828125
1234.468750,0.875000
1235.421875,0.953125
1236.296875,0.875000
1237.140625,0.843750
1237.984375,0.843750
1238.875000,0.890625
1239.703125,0.828125
1240.531250,0.828125
1241.359375,0.828125
1242.218750,0.859375
1243.109375,0.890625
1244.000000,0.890625
1244.859375,0.859375
1245.765625,0.906250
1246.703125,0.937500
1247.640625,0.937500
1248.500000,0.859375
1249.281250,0.781250
1250.281250,1.000000
1251.109375,0.828125
1251.984375,0.875000
1252.890625,0.906250
1253.750000,0.859375
1254.609375,0.859375
1255.500000,0.890625
1256.406250,0.906250
1257.281250,0.875000
1265.687500,0.875000
1266.531250,0.843750
1267.390625,0.859375
1268.234375,0.843750
1269.062500,0.828125
1269.859375,0.796875
1270.625000,0.765625
1279.921875,0.859375
1288.140625,0.812500
1289.000000,0.859375
1289.859375,0.859375
1294.796875,0.828125
1295.625000,0.828125
1296.500000,0.875000
1297.187500,0.687500
1302.890625,0.875000
1303.703125,0.812500
1304.578125,0.875000
1305.406250,0.828125
1306.140625,0.734375
1307.015625,0.875000
1307.968750,0.953125
1308.796875,0.828125
1309.656250,0.859375
1310.468750,0.812500
1311.203125,0.734375
1312.203125,1.000000
1313.140625,0.937500
1313.875000,0.734375
1321.718750,0.703125
1333.703125,0.890625
1334.625000,0.921875
1340.031250,0.875000
1340.921875,0.890625
1341.812500,0.890625
1342.703125,0.890625
1343.546875,0.843750
1344.421875,0.875000
1345.281250,0.859375
1346.203125,0.921875
1347.062500,0.859375
1347.937500,0.875000
1348.828125,0.890625
1359.421875,0.859375
1360.250000,0.828125
1361.093750,0.843750
1361.890625,0.796875
1366.937500,0.828125
1367.765625,0.828125
1368.703125,0.937500
1369.609375,0.906250
1370.515625,0.906250
1374.640625,0.828125
1375.375000,0.734375
1376.343750,0.968750
1377.218750,0.875000
1378.062500,0.843750
1378.890625,0.828125
1379.734375,0.843750
1380.578125,0.843750
1381.375000,0.796875
1382.187500,0.812500
1382.984375,0.796875
1383.765625,0.781250
1384.562500,0.796875
1385.312500,0.750000
1418.343750,0.796875
1422.718750,0.890625
1423.625000,0.906250
1424.468750,0.843750
1425.343750,0.875000
1426.187500,0.843750
1427.062500,0.875000
1427.859375,0.796875
1428.687500,0.828125
1429.531250,0.843750
1430.390625,0.859375
1431.234375,0.843750
1436.406250,0.859375
1437.359375,0.953125
1448.468750,0.796875
1449.453125,0.984375
1450.328125,0.875000
1451.218750,0.890625
1452.078125,0.859375
1452.968750,0.890625
1453.890625,0.921875
1454.828125,0.937500
1455.703125,0.875000
1456.625000,0.921875
1457.562500,0.937500
1458.453125,0.890625
1459.359375,0.906250
1460.265625,0.906250
1461.171875,0.906250
1461.984375,0.812500
1479.656250,0.921875
1480.562500,0.906250
1502.921875,0.812500
1503.734375,0.812500
1504.765625,1.031250
1505.625000,0.859375
1506.500000,0.875000
1507.421875,0.921875
1508.359375,0.937500
1509.296875,0.937500
1510.250000,0.953125
1518.718750,0.875000
1519.609375,0.890625
1535.000000,0.875000
1535.890625,0.890625
1536.765625,0.875000
1537.640625,0.875000
1549.843750,0.843750
1550.703125,0.859375
1551.703125,1.000000
1552.718750,1.015625
1553.640625,0.921875
1554.609375,0.968750
1555.609375,1.000000
1556.515625,0.906250
1557.359375,0.843750
1558.375000,1.015625
1559.281250,0.906250
1560.156250,0.875000
1565.640625,1.000000
1566.515625,0.875000
1567.359375,0.843750
1568.187500,0.828125
1569.000000,0.812500
1569.781250,0.781250
1570.562500,0.781250
1571.375000,0.812500
1572.171875,0.796875
1573.000000,0.828125
1573.890625,0.890625
1574.734375,0.843750
1585.484375,0.859375
1586.343750,0.859375
1587.218750,0.875000
1588.109375,0.890625
1588.968750,0.859375
1589.812500,0.843750
1590.640625,0.828125
1591.468750,0.828125
1592.312500,0.843750
1593.140625,0.828125
1594.000000,0.859375
1594.890625,0.890625
1595.765625,0.875000
1596.656250,0.890625
1597.578125,0.921875
1598.515625,0.937500
1599.406250,0.890625
1608.031250,0.890625
1608.953125,0.921875
1609.828125,0.875000
1610.828125,1.000000
1617.000000,0.984375
1617.890625,0.890625
1618.750000,0.859375
1619.593750,0.843750
1620.468750,0.875000
1621.406250,0.937500
1622.343750,0.937500
1623.234375,0.890625
1624.156250,0.921875
1625.125000,0.968750
1626.093750,0.968750
1651.390625,0.968750
1652.343750,0.953125
1653.328125,0.984375
1660.921875,0.968750
1661.921875,1.000000
1682.296875,0.890625
1683.156250,0.859375
1684.046875,0.890625
1699.859375,0.937500
1700.765625,0.906250
1701.671875,0.906250
1712.000000,0.843750
1712.828125,0.828125
1731.546875,0.718750
1732.171875,0.625000
1748.968750,0.796875
1749.953125,0.984375
1750.750000,0.796875
1751.781250,1.031250
1752.703125,0.921875
1753.656250,0.953125
1794.296875,0.781250
1795.093750,0.796875
1803.296875,0.843750
1804.093750,0.796875
1804.859375,0.765625
1805.625000,0.765625
1806.406250,0.781250
1807.203125,0.796875
1808.015625,0.812500
1808.812500,0.796875
1809.625000,0.812500
1810.437500,0.812500
1811.203125,0.765625
1811.984375,0.781250
1812.796875,0.812500
1813.625000,0.828125
1814.515625,0.890625
1831.515625,0.828125
1832.421875,0.906250
1833.343750,0.921875
1834.234375,0.890625
1835.171875,0.937500
1836.125000,0.953125
1837.109375,0.984375
1837.984375,0.875000
1838.921875,0.937500
1912.281250,0.890625
1913.156250,0.875000
1914.000000,0.843750
1914.875000,0.875000
1915.750000,0.875000
1916.593750,0.843750
1917.406250,0.812500
1918.250000,0.843750
1919.093750,0.843750
1919.968750,0.875000
1920.875000,0.906250
1921.828125,0.953125
1922.843750,1.015625
1923.812500,0.968750
1924.828125,1.015625
1926.015625,1.187500
1927.046875,1.031250
1927.984375,0.937500
1928.937500,0.953125
1929.906250,0.968750
1930.843750,0.937500
1931.812500,0.968750
1932.828125,1.015625
1933.843750,1.015625
1934.734375,0.890625
1935.703125,0.968750
1936.703125,1.000000
1937.750000,1.046875
1938.718750,0.968750
1939.734375,1.015625
1940.796875,1.062500
1941.843750,1.046875
1942.750000,0.906250
1943.671875,0.921875
1944.593750,0.921875
1945.484375,0.890625
1946.437500,0.953125
1947.484375,1.046875
1948.484375,1.000000
1973.937500,0.921875
1974.812500,0.875000
1975.734375,0.921875
1976.687500,0.953125
1977.562500,0.875000
2089.421875,0.468750
2101.109375,0.968750
2102.031250,0.921875
2111.796875,0.937500
2112.656250,0.859375
2113.625000,0.968750
2114.515625,0.890625
2115.406250,0.890625
2116.234375,0.828125
2117.312500,1.078125
2118.296875,0.984375
2119.343750,1.046875
2120.390625,1.046875
2121.296875,0.906250
2122.140625,0.843750
2123.046875,0.906250
2137.046875,0.937500
2137.906250,0.859375
2138.734375,0.828125
2146.000000,0.781250
2147.093750,1.093750
2148.078125,0.984375
2148.953125,0.875000
2149.781250,0.828125
2150.671875,0.890625
2155.593750,0.984375
2156.531250,0.937500
2157.500000,0.968750
2158.484375,0.984375
2159.421875,0.937500
2160.421875,1.000000
2161.375000,0.953125
2162.312500,0.937500
2163.296875,0.984375
2164.203125,0.906250
2165.171875,0.968750
2186.515625,0.468750
2266.625000,0.546875
2279.921875,0.812500
2280.718750,0.796875
2373.125000,0.875000
2373.984375,0.859375
2374.875000,0.890625
2375.828125,0.953125
2376.765625,0.937500
2377.593750,0.828125
2378.562500,0.968750
2379.484375,0.921875
2380.421875,0.937500
2381.234375,0.812500
2382.109375,0.875000
2383.000000,0.890625
2383.843750,0.843750
2384.750000,0.906250
2385.671875,0.921875
2386.625000,0.953125
2387.562500,0.937500
2388.515625,0.953125
2389.484375,0.968750
2390.296875,0.812500
2391.328125,1.031250
2392.281250,0.953125
2393.062500,0.781250
2393.953125,0.890625
2394.781250,0.828125
2395.625000,0.843750
2396.500000,0.875000
2397.390625,0.890625
2398.296875,0.906250
2399.250000,0.953125
2400.171875,0.921875
2401.109375,0.937500
2402.031250,0.921875
2402.953125,0.921875
2403.843750,0.890625
2404.687500,0.843750
2405.765625,1.078125
2406.609375,0.843750
2407.437500,0.828125
2408.281250,0.843750
2409.250000,0.968750
2413.406250,0.781250
2419.796875,0.750000
2420.578125,0.781250
2421.390625,0.812500
2422.265625,0.875000
2423.140625,0.875000
2424.093750,0.953125
2425.000000,0.906250
2425.796875,0.796875
2426.640625,0.843750
2433.890625,0.828125
2434.750000,0.859375
2435.656250,0.906250
2436.531250,0.875000
2437.484375,0.953125
2438.406250,0.921875
2439.312500,0.906250
2440.140625,0.828125
2440.890625,0.750000
2441.859375,0.968750
2442.750000,0.890625
2443.687500,0.937500
2444.656250,0.968750
2445.609375,0.953125
2446.515625,0.906250
2447.468750,0.953125
2448.406250,0.937500
2449.296875,0.890625
2450.218750,0.921875
2451.125000,0.906250
2451.968750,0.843750
2453.000000,1.031250
2453.859375,0.859375
2458.984375,0.890625
2459.968750,0.984375
2460.906250,0.937500
2461.921875,1.015625
2471.281250,0.875000
2472.234375,0.953125
2473.234375,1.000000
2474.140625,0.906250
2475.031250,0.890625
2475.921875,0.890625
2476.906250,0.984375
2477.890625,0.984375
2478.812500,0.921875
2484.765625,0.765625
2550.703125,1.031250
2551.750000,1.046875
2552.843750,1.093750
2553.875000,1.031250
2566.015625,0.812500
2577.000000,0.796875
2578.140625,1.140625
2579.140625,1.000000
2580.062500,0.921875
2580.953125,0.890625
2589.859375,1.000000
2590.812500,0.953125
2591.765625,0.953125
2592.750000,0.984375
2597.562500,0.953125
2598.437500,0.875000
2599.203125,0.765625
2600.156250,0.953125
2600.953125,0.796875
2601.906250,0.953125
2602.859375,0.953125
2603.734375,0.875000
2604.828125,1.093750
2605.781250,0.953125
2606.765625,0.984375
2607.578125,0.812500
2608.625000,1.046875
2609.515625,0.890625
2610.484375,0.968750
2611.453125,0.968750
2612.406250,0.953125
2613.437500,1.031250
2614.531250,1.093750
2615.468750,0.937500
2616.546875,1.078125
2631.703125,0.734375
2632.625000,0.921875
2633.703125,1.078125
2634.640625,0.937500
2635.562500,0.921875
2636.453125,0.890625
2645.765625,0.937500
2646.687500,0.921875
2651.984375,0.718750
2666.953125,0.812500
2667.984375,1.031250
2669.000000,1.015625
2670.046875,1.046875
2671.046875,1.000000
2672.062500,1.015625
2673.125000,1.062500
2673.953125,0.828125
2675.015625,1.062500
2675.875000,0.859375
2676.906250,1.031250
2677.890625,0.984375
2678.953125,1.062500
2680.046875,1.093750
2681.078125,1.031250
2682.093750,1.015625
2683.140625,1.046875
2683.953125,0.812500
2685.000000,1.046875
2686.000000,1.000000
2687.031250,1.031250
2687.968750,0.937500
2688.953125,0.984375
2689.984375,1.031250
2691.015625,1.031250
2692.031250,1.015625
2699.078125,0.812500
2714.468750,0.875000
2715.390625,0.921875
2716.296875,0.906250
2717.046875,0.750000
2718.031250,0.984375
2718.937500,0.906250
2719.828125,0.890625
2720.765625,0.937500
2736.171875,0.843750
2736.937500,0.765625
2745.468750,1.000000
2749.031250,0.937500
2775.703125,0.953125
2776.625000,0.921875
2777.578125,0.953125
2778.546875,0.968750
2779.484375,0.937500
2804.312500,0.750000
2805.203125,0.890625
2813.484375,0.906250
2814.437500,0.953125
2829.656250,0.921875
2830.531250,0.875000
2831.406250,0.875000
2832.171875,0.765625
2833.187500,1.015625
2834.000000,0.812500
2834.890625,0.890625
2835.937500,1.046875
2836.890625,0.953125
2848.671875,0.984375
2871.656250,0.796875
2872.640625,0.984375
2873.500000,0.859375
2874.234375,0.734375
2875.250000,1.015625
2876.140625,0.890625
2877.062500,0.921875
2877.968750,0.906250
2878.875000,0.906250
2879.812500,0.937500
2880.671875,0.859375
2881.609375,0.937500
2961.671875,0.796875
2962.609375,0.937500
2963.718750,1.109375
2964.671875,0.953125
2994.640625,0.937500
3033.859375,0.968750
3034.921875,1.062500
3074.390625,0.781250
3075.250000,0.859375
3076.140625,0.890625
3085.640625,0.984375
3086.593750,0.953125
3087.625000,1.031250
3088.578125,0.953125
3089.546875,0.968750
3090.562500,1.015625
3091.484375,0.921875
3102.125000,0.953125
3103.015625,0.890625
3103.953125,0.937500
3104.921875,0.968750
3105.781250,0.859375
3118.250000,1.078125
3119.140625,0.890625
3119.906250,0.765625
3120.937500,1.031250
3121.859375,0.921875
3122.828125,0.968750
3123.828125,1.000000
3124.843750,1.015625
3125.875000,1.031250
3126.875000,1.000000
3127.671875,0.796875
3128.765625,1.093750
3129.750000,0.984375
3130.625000,0.875000
3131.546875,0.921875
3132.500000,0.953125
3133.437500,0.937500
3134.406250,0.968750
3135.375000,0.968750
3160.765625,0.796875
3161.546875,0.781250
3162.187500,0.640625
3199.828125,0.890625
3200.781250,0.953125
3213.734375,0.968750
3214.687500,0.953125
3215.562500,0.875000
3216.437500,0.875000
3217.281250,0.843750
3244.671875,0.890625
3245.453125,0.781250
3246.390625,0.937500
3247.484375,1.093750
3248.468750,0.984375
3249.453125,0.984375
3250.218750,0.765625
3251.296875,1.078125
3252.218750,0.921875
3253.125000,0.906250
3254.031250,0.906250
3254.968750,0.937500
3255.921875,0.953125
3256.859375,0.937500
3258.015625,1.156250
3289.000000,0.828125
3289.937500,0.937500
3290.875000,0.937500
3291.796875,0.921875
3390.296875,0.921875
3391.265625,0.968750
3404.125000,0.859375
3409.015625,0.921875
3409.937500,0.921875
3421.343750,1.015625
3422.343750,1.000000
3423.375000,1.031250
3424.296875,0.921875
3425.406250,1.109375
3432.671875,0.828125
3433.656250,0.984375
3434.625000,0.968750
3435.546875,0.921875
3436.484375,0.937500
3437.468750,0.984375
3438.343750,0.875000
3439.140625,0.796875
3440.234375,1.093750
3441.156250,0.921875
3441.984375,0.828125
3443.062500,1.078125
3444.015625,0.953125
3444.859375,0.843750
3445.953125,1.093750
3446.750000,0.796875
3493.000000,0.796875
3493.718750,0.718750
3545.453125,0.796875
3546.531250,1.078125
3547.500000,0.968750
3548.437500,0.937500
3549.421875,0.984375
3550.296875,0.875000
3561.156250,1.015625
3562.031250,0.875000
3563.031250,1.000000
3606.546875,1.046875
3607.531250,0.984375
3621.593750,0.875000
3622.468750,0.875000
3623.359375,0.890625
3624.234375,0.875000
3625.109375,0.875000
3774.921875,0.890625
3775.796875,0.875000
3776.687500,0.890625
3777.625000,0.937500
3778.546875,0.921875
3779.484375,0.937500
3780.421875,0.937500
3781.375000,0.953125
3782.312500,0.937500
3788.796875,0.937500
3789.750000,0.953125
3790.656250,0.906250
3791.625000,0.968750
3792.593750,0.968750
3793.562500,0.968750
3794.468750,0.906250
3795.406250,0.937500
3796.390625,0.984375
3797.375000,0.984375
3798.390625,1.015625
3799.421875,1.031250
3800.421875,1.000000
3801.421875,1.000000
3802.437500,1.015625
3866.031250,0.984375
3898.656250,0.968750
3899.578125,0.921875
3900.484375,0.906250
3901.453125,0.968750
3931.046875,0.921875
3931.921875,0.875000
3932.765625,0.843750
3933.515625,0.750000
3934.406250,0.890625
3972.125000,1.000000
3973.062500,0.937500
3974.031250,0.968750
3975.031250,1.000000
3990.046875,0.906250
3990.906250,0.859375
4008.765625,0.953125
4009.750000,0.984375
4018.125000,0.968750
4025.515625,0.937500
4026.421875,0.906250
4027.375000,0.953125
4028.328125,0.953125
4029.203125,0.875000
4030.125000,0.921875
4031.062500,0.937500
4031.968750,0.906250
4032.937500,0.968750
4049.468750,0.875000
4050.328125,0.859375
4051.187500,0.859375
4052.093750,0.906250
4053.031250,0.937500
4060.250000,0.906250
4061.187500,0.937500
4062.062500,0.875000
4062.937500,0.875000
4122.890625,0.984375
4123.796875,0.906250
4124.921875,1.125000
4125.843750,0.921875
4126.750000,0.906250
4127.765625,1.015625
4128.640625,0.875000
4129.453125,0.812500
4146.046875,1.015625
4152.000000,1.078125
4152.968750,0.968750
4153.890625,0.921875
4168.265625,0.937500
4169.187500,0.921875
4177.671875,1.187500
4178.656250,0.984375
4179.703125,1.046875
4235.250000,0.828125
4236.046875,0.796875
4236.859375,0.812500
4254.546875,0.937500
4255.390625,0.843750
4256.250000,0.859375
4257.093750,0.843750
4257.937500,0.843750
4460.046875,0.843750
4460.906250,0.859375
4461.828125,0.921875
4466.531250,0.968750
4467.500000,0.968750
4468.437500,0.937500
4469.359375,0.921875
4470.281250,0.921875
4471.218750,0.937500
4472.140625,0.921875
4473.109375,0.968750
4474.062500,0.953125
4475.031250,0.968750
4476.015625,0.984375
4477.015625,1.000000
4478.015625,1.000000
4479.031250,1.015625
4480.031250,1.000000
4481.000000,0.968750
4482.015625,1.015625
4483.031250,1.015625
4484.015625,0.984375
4485.015625,1.000000
4486.000000,0.984375
4486.953125,0.953125
4487.906250,0.953125
4488.875000,0.968750
4494.718750,0.984375
4495.671875,0.953125
4496.656250,0.984375
4497.687500,1.031250
4498.640625,0.953125
4499.593750,0.953125
4500.562500,0.968750
4541.453125,0.906250
4542.343750,0.890625
4543.203125,0.859375
4544.140625,0.937500
4545.031250,0.890625
4546.093750,1.062500
4547.000000,0.906250
4553.750000,0.859375
4554.859375,1.109375
4555.843750,0.984375
4556.765625,0.921875
4557.718750,0.953125
4558.718750,1.000000
4559.687500,0.968750
4560.578125,0.890625
4572.218750,0.968750
4573.031250,0.812500
4573.843750,0.812500
4574.609375,0.765625
4575.437500,0.828125
4646.765625,1.031250
4647.828125,1.062500
4648.781250,0.953125
4649.828125,1.046875
4650.953125,1.125000
4651.890625,0.937500
4652.984375,1.093750
4654.109375,1.125000
4734.718750,1.109375
4742.703125,1.093750
4743.734375,1.031250
4991.234375,0.734375
5038.937500,0.921875
5053.156250,0.781250
5053.984375,0.828125
5054.890625,0.906250
5055.750000,0.859375
5056.703125,0.953125
5057.671875,0.968750
5058.625000,0.953125
5059.531250,0.906250
5060.484375,0.953125
5061.453125,0.968750
5062.343750,0.890625
5063.265625,0.921875
5064.250000,0.984375
5065.218750,0.968750
5066.187500,0.968750
5067.250000,1.062500
5068.234375,0.984375
5069.250000,1.015625
5070.343750,1.093750
5071.312500,0.968750
5072.187500,0.875000
5132.359375,0.703125
5133.031250,0.671875
5220.484375,1.015625
5221.437500,0.953125
5222.375000,0.937500
5234.828125,0.953125
5235.765625,0.937500
5236.750000,0.984375
5237.765625,1.015625
5238.781250,1.015625
5239.781250,1.000000
5240.812500,1.031250
5241.812500,1.000000
5242.765625,0.953125
5243.750000,0.984375
5250.234375,0.968750
5251.109375,0.875000
5252.031250,0.921875
5252.890625,0.859375
5253.796875,0.906250
5254.796875,1.000000
5255.750000,0.953125
5256.750000,1.000000
5257.718750,0.968750
5258.656250,0.937500
5259.546875,0.890625
5260.484375,0.937500
5261.421875,0.937500
5262.343750,0.921875
5263.234375,0.890625
5264.187500,0.953125
5265.156250,0.968750
5270.421875,0.890625
5271.375000,0.953125
5272.390625,1.015625
5273.375000,0.984375
5274.312500,0.937500
5275.250000,0.937500
5276.187500,0.937500
5277.093750,0.906250
5278.015625,0.921875
5278.968750,0.953125
5279.968750,1.000000
5280.921875,0.953125
5281.906250,0.984375
5283.031250,1.125000
5284.093750,1.062500
5285.062500,0.968750
5286.078125,1.015625
5287.125000,1.046875
5288.125000,1.000000
5289.171875,1.046875
5290.187500,1.015625
5291.187500,1.000000
5292.218750,1.031250
5293.468750,1.250000
5294.500000,1.031250
5295.500000,1.000000
5296.406250,0.906250
5297.625000,1.218750
5298.531250,0.906250
5299.578125,1.046875
5300.593750,1.015625
5301.593750,1.000000
5302.609375,1.015625
5303.671875,1.062500
5304.703125,1.031250
5305.703125,1.000000
5306.703125,1.000000
5307.734375,1.031250
5308.671875,0.937500
5315.656250,1.000000
5316.703125,1.046875
5317.734375,1.031250
5318.718750,0.984375
5319.640625,0.921875
5320.734375,1.093750
5386.984375,1.062500
5399.578125,1.046875
5400.515625,0.937500
5401.437500,0.921875
5402.375000,0.937500
5413.375000,0.937500
5414.390625,1.015625
5436.703125,0.937500
5437.640625,0.937500
5438.593750,0.953125
5439.531250,0.937500
5450.937500,0.968750
5457.968750,0.968750
5458.984375,1.015625
5459.890625,0.906250
5460.859375,0.968750
5461.828125,0.968750
5462.718750,0.890625
5463.734375,1.015625
6461.781250,0.984375
6579.312500,1.015625
6580.328125,1.015625
6581.265625,0.937500
6582.203125,0.937500
6630.359375,1.000000
6631.328125,0.968750
6632.328125,1.000000
6633.359375,1.031250
6634.359375,1.000000
6635.406250,1.046875
6636.468750,1.062500
6637.453125,0.984375
6638.468750,1.015625
6639.531250,1.062500
6652.593750,1.031250
6653.593750,1.000000
6654.593750,1.000000
6655.625000,1.031250
6656.671875,1.046875
6657.796875,1.125000
6658.921875,1.125000
6659.984375,1.062500
6660.984375,1.000000
6661.953125,0.968750
6662.812500,0.859375
6663.687500,0.875000
6702.781250,1.093750
6703.843750,1.062500
6704.796875,0.953125
6705.718750,0.921875
6706.593750,0.875000
6707.437500,0.843750
6708.437500,1.000000
6709.296875,0.859375
6743.328125,0.859375
6744.218750,0.890625
6745.140625,0.921875
6745.968750,0.828125
6753.015625,0.906250
6753.953125,0.937500
6755.000000,1.046875
6756.031250,1.031250
6757.000000,0.968750
6757.984375,0.984375
6758.906250,0.921875
6759.796875,0.890625
7037.453125,1.000000
7434.515625,0.875000
7435.437500,0.921875
7436.546875,1.109375
7437.593750,1.046875
7438.609375,1.015625
7439.625000,1.015625
7518.125000,1.218750
7527.109375,1.000000
7528.328125,1.218750
7529.703125,1.375000
7538.000000,0.921875
7538.921875,0.921875
7539.875000,0.953125
7540.687500,0.812500
7541.562500,0.875000
7542.625000,1.062500
7543.640625,1.015625
7544.718750,1.078125
7545.781250,1.062500
7546.812500,1.031250
7547.828125,1.015625
7548.812500,0.984375
7549.796875,0.984375
7550.781250,0.984375
7551.765625,0.984375
7552.718750,0.953125
7553.640625,0.921875
7554.640625,1.000000
7581.812500,0.859375
7582.703125,0.890625
7583.609375,0.906250
7584.468750,0.859375
7585.406250,0.937500
7586.359375,0.953125
7591.937500,0.968750
7598.734375,1.015625
7599.687500,0.953125
7600.640625,0.953125
7632.296875,0.984375
7633.281250,0.984375
7634.296875,1.015625
7635.328125,1.031250
7636.328125,1.000000
7637.343750,1.015625
7638.562500,1.218750
7639.546875,0.984375
7640.593750,1.046875
7654.578125,1.015625
7655.562500,0.984375
7656.562500,1.000000
7657.609375,1.046875
7658.609375,1.000000
7659.593750,0.984375
7660.593750,1.000000
7661.531250,0.937500
7662.500000,0.968750
7663.500000,1.000000
7664.515625,1.015625
7665.484375,0.968750
7666.546875,1.062500
7673.859375,1.062500
7674.890625,1.031250
7675.921875,1.031250
7676.984375,1.062500
7678.000000,1.015625
7679.031250,1.031250
7680.062500,1.031250
7681.109375,1.046875
7682.125000,1.015625
7683.093750,0.968750
7684.093750,1.000000
7685.078125,0.984375
7686.093750,1.015625
7687.125000,1.031250
7688.125000,1.000000
7689.078125,0.953125
7690.078125,1.000000
7691.109375,1.031250
7692.109375,1.000000
7693.140625,1.031250
7694.218750,1.078125
7713.000000,0.828125
7713.859375,0.859375
7714.703125,0.843750
7715.578125,0.875000
7721.421875,0.875000
7722.359375,0.937500
7723.375000,1.015625
7724.375000,1.000000
7725.328125,0.953125
7726.234375,0.906250
7727.109375,0.875000
7727.984375,0.875000
7728.828125,0.843750
7733.937500,0.812500
7734.703125,0.765625
7735.546875,0.843750
7736.375000,0.828125
7737.234375,0.859375
7738.156250,0.921875
7739.093750,0.937500
7740.093750,1.000000
7741.140625,1.046875
7742.171875,1.031250
7743.171875,1.000000
7744.218750,1.046875
7745.187500,0.968750
7773.109375,1.000000
7774.156250,1.046875
7775.218750,1.062500
7776.234375,1.015625
7777.265625,1.031250
7778.296875,1.031250
7779.250000,0.953125
7790.375000,0.937500
7791.343750,0.968750
7792.312500,0.968750
7793.250000,0.937500
7794.250000,1.000000
7795.140625,0.890625
7796.046875,0.906250
7796.953125,0.906250
7797.859375,0.906250
7798.796875,0.937500
7799.656250,0.859375
7800.515625,0.859375
7801.375000,0.859375
7802.250000,0.875000
7803.125000,0.875000
7804.062500,0.937500
7804.921875,0.859375
7811.000000,0.843750
7811.859375,0.859375
7812.750000,0.890625
7813.625000,0.875000
7814.515625,0.890625
7815.437500,0.921875
7816.343750,0.906250
7817.187500,0.843750
7818.093750,0.906250
7819.031250,0.937500
7819.937500,0.906250
7820.859375,0.921875
7821.828125,0.968750
7822.765625,0.937500
7823.718750,0.953125
7824.687500,0.968750
7825.656250,0.968750
7826.593750,0.937500
7827.546875,0.953125
7828.546875,1.000000
7835.484375,1.015625
7836.531250,1.046875
7837.562500,1.031250
7838.484375,0.921875
7844.203125,1.062500
7845.375000,1.171875
7846.515625,1.140625
7847.546875,1.031250
7848.562500,1.015625
7849.546875,0.984375
7850.484375,0.937500
7851.375000,0.890625
7852.312500,0.937500
7853.296875,0.984375
7854.062500,0.765625
7869.593750,0.984375
7870.562500,0.968750
7871.609375,1.046875
7872.703125,1.093750
7873.781250,1.078125
7874.796875,1.015625
7875.765625,0.968750
7876.656250,0.890625
7877.468750,0.812500
7878.281250,0.812500
7879.171875,0.890625
7880.078125,0.906250
7881.046875,0.968750
7881.843750,0.796875
7882.937500,1.093750
7883.812500,0.875000
7884.703125,0.890625
7885.593750,0.890625
7886.500000,0.906250
7887.406250,0.906250
7888.343750,0.937500
7889.265625,0.921875
7890.234375,0.968750
7891.218750,0.984375
7892.171875,0.953125
7893.187500,1.015625
7894.171875,0.984375
7895.109375,0.937500
7896.125000,1.015625
7897.203125,1.078125
7898.156250,0.953125
7899.390625,1.234375
7900.500000,1.109375
7901.562500,1.062500
7902.609375,1.046875
7903.671875,1.062500
7911.156250,1.109375
7912.281250,1.125000
7913.390625,1.109375
7920.515625,1.078125
7921.609375,1.093750
7922.718750,1.109375
7944.937500,0.921875
7970.343750,1.218750
7971.437500,1.093750
7972.390625,0.953125
7973.484375,1.093750
7974.531250,1.046875
7975.562500,1.031250
7995.859375,0.796875
8000.968750,0.937500
8009.640625,0.937500
8010.609375,0.968750
8011.562500,0.953125
8029.421875,0.906250
8049.656250,1.078125
8050.734375,1.078125
8051.750000,1.015625
8052.765625,1.015625
8053.718750,0.953125
8159.781250,1.031250
8160.875000,1.093750
8161.953125,1.078125
8162.953125,1.000000
8163.859375,0.906250
8213.265625,1.031250
8214.234375,0.968750
8215.312500,1.078125
8216.328125,1.015625
8217.328125,1.000000
8218.390625,1.062500
8219.453125,1.062500
8220.500000,1.046875
8239.140625,0.921875
8240.265625,1.125000
8241.250000,0.984375
8242.156250,0.906250
8243.093750,0.937500
8244.015625,0.921875
8244.906250,0.890625
8245.812500,0.906250
8246.750000,0.937500
8247.671875,0.921875
8248.546875,0.875000
8249.453125,0.906250
8250.359375,0.906250
8251.250000,0.890625
8252.187500,0.937500
8253.156250,0.968750
8254.078125,0.921875
8265.890625,0.765625
8266.671875,0.781250
8267.484375,0.812500
8268.328125,0.843750
8269.171875,0.843750
8270.031250,0.859375
8270.906250,0.875000
8271.765625,0.859375
8284.625000,0.953125
8285.593750,0.968750
8286.531250,0.937500
8287.484375,0.953125
8288.421875,0.937500
8289.375000,0.953125
8290.312500,0.937500
8291.203125,0.890625
8292.109375,0.906250
8293.062500,0.953125
8294.015625,0.953125
8294.937500,0.921875
8295.906250,0.968750
8296.828125,0.921875
8297.750000,0.921875
8298.703125,0.953125
8299.640625,0.937500
8329.531250,0.921875
8330.484375,0.953125
8449.578125,1.109375
8450.625000,1.046875
8451.703125,1.078125
8452.765625,1.062500
8453.781250,1.015625
8454.843750,1.062500
8455.937500,1.093750
8456.953125,1.015625
8458.000000,1.046875
8459.078125,1.078125
8459.921875,0.843750
8461.062500,1.140625
8462.093750,1.031250
8463.187500,1.093750
8479.437500,0.812500
8480.343750,0.906250
8481.234375,0.890625
8482.234375,1.000000
8483.265625,1.031250
8484.281250,1.015625
8501.515625,0.750000
8502.265625,0.750000
8503.062500,0.796875
8503.906250,0.843750
8519.421875,0.890625
8520.359375,0.937500
8521.328125,0.968750
8522.125000,0.796875
8523.156250,1.031250
8524.093750,0.937500
8525.031250,0.937500
8525.937500,0.906250
8526.906250,0.968750
8527.906250,1.000000
8528.859375,0.953125
8529.734375,0.875000
8530.890625,1.156250
8531.890625,1.000000
8537.828125,1.109375
8538.859375,1.031250
8539.890625,1.031250
8541.187500,1.296875
8553.343750,0.968750
8629.062500,0.359375
8687.312500,1.062500
9059.171875,0.843750
9087.812500,0.968750
9088.562500,0.750000
9107.421875,1.140625
9120.328125,1.000000
9121.343750,1.015625
9122.281250,0.937500
9123.296875,1.015625
9124.343750,1.046875
9125.375000,1.031250
9126.390625,1.015625
9127.515625,1.125000
9128.562500,1.046875
9129.625000,1.062500
9130.750000,1.125000
9292.937500,0.406250
9320.734375,0.515625
9321.328125,0.593750
9428.234375,0.500000
9768.312500,1.078125
9769.406250,1.093750
9770.281250,0.875000
9778.296875,1.031250
9846.046875,0.859375
9847.046875,1.000000
9943.796875,0.656250
10136.218750,1.015625
10137.062500,0.843750
10192.406250,1.015625
10193.359375,0.953125
10200.953125,1.031250
10202.031250,1.078125
10208.375000,1.093750
10209.421875,1.046875
10210.468750,1.046875
10211.546875,1.078125
10212.578125,1.031250
10213.562500,0.984375
10238.843750,1.093750
10239.953125,1.109375
10240.781250,0.828125
10250.015625,1.046875
10251.171875,1.156250
10399.296875,0.859375
10400.093750,0.796875
10400.937500,0.843750
10401.781250,0.843750
10402.609375,0.828125
10948.703125,0.796875
11394.937500,0.984375
11395.875000,0.937500
11396.734375,0.859375
11413.593750,0.593750
11414.171875,0.578125
11414.812500,0.640625
11596.828125,0.421875
11916.046875,0.390625
11916.468750,0.421875
11916.859375,0.390625
11917.171875,0.312500
11930.203125,0.546875
11954.671875,0.562500
11987.890625,0.453125
12028.234375,0.515625
12035.703125,0.671875
12109.531250,0.859375
12110.203125,0.671875
12110.796875,0.593750
12242.453125,1.000000
12243.421875,0.968750
12244.437500,1.015625
12245.375000,0.937500
12246.359375,0.984375
12247.171875,0.812500
12248.296875,1.125000
12249.359375,1.062500
15049.140625,0.968750
15050.093750,0.953125
15051.062500,0.968750
15052.062500,1.000000
15053.015625,0.953125
15214.890625,1.015625
15215.906250,1.015625
15216.890625,0.984375
15217.937500,1.046875
15218.921875,0.984375
15219.890625,0.968750
15245.906250,0.937500
15246.796875,0.890625
15247.718750,0.921875
15280.562500,0.843750
15296.578125,0.875000
15297.437500,0.859375
15298.296875,0.859375
15299.109375,0.812500
15299.906250,0.796875
15300.656250,0.750000
15301.546875,0.890625
15337.531250,0.890625
15338.453125,0.921875
15339.375000,0.921875
15347.140625,0.921875
15348.046875,0.906250
15348.921875,0.875000
15349.828125,0.906250
15350.765625,0.937500
15351.640625,0.875000
15352.515625,0.875000
15353.421875,0.906250
15354.312500,0.890625
15355.250000,0.937500
15356.218750,0.968750
15357.078125,0.859375
15358.015625,0.937500
15358.953125,0.937500
15359.859375,0.906250
15360.781250,0.921875
15361.765625,0.984375
15362.703125,0.937500
15408.015625,0.875000
15408.859375,0.843750
15409.750000,0.890625
15410.593750,0.843750
15411.265625,0.671875
15412.187500,0.921875
15412.953125,0.765625
15413.718750,0.765625
15423.187500,0.859375
15424.062500,0.875000
15424.921875,0.859375
15425.796875,0.875000
15426.687500,0.890625
15427.562500,0.875000
15428.453125,0.890625
15429.359375,0.906250
15430.218750,0.859375
15437.015625,0.781250
15437.828125,0.812500
15438.687500,0.859375
15439.578125,0.890625
15440.421875,0.843750
15441.281250,0.859375
15494.500000,0.875000
15495.328125,0.828125
15496.125000,0.796875
15496.906250,0.781250
15497.703125,0.796875
15498.453125,0.750000
15499.234375,0.781250
15500.015625,0.781250
15500.781250,0.765625
15501.593750,0.812500
15502.437500,0.843750
15503.281250,0.843750
15504.171875,0.890625
15505.078125,0.906250
15505.906250,0.828125
15506.718750,0.812500
15507.515625,0.796875
15508.343750,0.828125
15509.187500,0.843750
15510.015625,0.828125
15510.906250,0.890625
15511.812500,0.906250
15512.718750,0.906250
15513.640625,0.921875
15514.500000,0.859375
15515.421875,0.921875
15522.609375,0.937500
15523.500000,0.890625
15524.375000,0.875000
15525.281250,0.906250
15532.515625,0.937500
15533.421875,0.906250
15534.312500,0.890625
15535.234375,0.921875
15536.171875,0.937500
15537.031250,0.859375
15537.921875,0.890625
15538.781250,0.859375
15539.656250,0.875000
15540.546875,0.890625
15541.437500,0.890625
15542.375000,0.937500
15543.281250,0.906250
15544.187500,0.906250
15545.109375,0.921875
15545.984375,0.875000
15546.875000,0.890625
15547.765625,0.890625
15548.578125,0.812500
15556.093750,0.859375
15556.968750,0.875000
15557.796875,0.828125
15558.578125,0.781250
15559.484375,0.906250
15576.359375,0.953125
15577.156250,0.796875
15577.968750,0.812500
15578.812500,0.843750
15579.671875,0.859375
15580.515625,0.843750
15585.578125,0.812500
15586.390625,0.812500
15587.234375,0.843750
15596.421875,0.828125
15601.296875,0.843750
15605.453125,0.781250
15606.281250,0.828125
15607.078125,0.796875
15607.890625,0.812500
15608.765625,0.875000
15609.609375,0.843750
15623.796875,0.796875
15624.640625,0.843750
15625.515625,0.875000
15626.375000,0.859375
15627.281250,0.906250
15628.156250,0.875000
15633.125000,0.828125
15633.953125,0.828125
15634.812500,0.859375
15635.484375,0.671875
15639.718750,0.828125
15640.562500,0.843750
15641.328125,0.765625
15642.156250,0.828125
15642.984375,0.828125
15643.828125,0.843750
15644.671875,0.843750
15645.515625,0.843750
15646.312500,0.796875
15647.109375,0.796875
15654.187500,0.828125
15661.078125,0.796875
15711.796875,0.781250
15727.312500,0.875000
15734.531250,0.781250
15776.859375,0.718750
15782.406250,0.812500
15783.218750,0.812500
15784.031250,0.812500
15784.812500,0.781250
15785.640625,0.828125
15786.437500,0.796875
15787.265625,0.828125
15788.125000,0.859375
15788.812500,0.687500
15789.796875,0.984375
15790.625000,0.828125
15791.468750,0.843750
15792.234375,0.765625
15808.921875,0.875000
15809.796875,0.875000
15817.453125,1.000000
15818.343750,0.890625
15819.171875,0.828125
15820.140625,0.968750
15820.859375,0.718750
15821.703125,0.843750
15822.546875,0.843750
15823.359375,0.812500
15824.187500,0.828125
15825.046875,0.859375
15825.921875,0.875000
15826.734375,0.812500
15827.656250,0.921875
15828.531250,0.875000
15829.406250,0.875000
15830.218750,0.812500
15837.921875,0.859375
15838.703125,0.781250
15839.500000,0.796875
15840.328125,0.828125
15841.171875,0.843750
15841.968750,0.796875
15842.812500,0.843750
15843.687500,0.875000
15844.484375,0.796875
15845.328125,0.843750
15850.375000,0.843750
15851.250000,0.875000
15852.078125,0.828125
15852.937500,0.859375
15857.046875,0.687500
15858.015625,0.968750
15858.843750,0.828125
15866.984375,0.812500
15867.703125,0.718750
15868.640625,0.937500
15884.578125,0.656250
15983.796875,0.875000
15989.828125,0.859375
15990.656250,0.828125
15991.406250,0.750000
15992.343750,0.937500
15993.062500,0.718750
15993.875000,0.812500
15998.203125,0.875000
15998.984375,0.781250
15999.703125,0.718750
16021.265625,0.843750
16044.578125,0.859375
16045.437500,0.859375
16046.156250,0.718750
16047.171875,1.015625
16048.078125,0.906250
16048.984375,0.906250
16049.828125,0.843750
16050.718750,0.890625
16051.578125,0.859375
16052.421875,0.843750
16053.281250,0.859375
16054.109375,0.828125
16054.984375,0.875000
16066.093750,0.828125
16127.281250,0.796875
16128.156250,0.875000
16129.078125,0.921875
16129.984375,0.906250
16130.890625,0.906250
16131.765625,0.875000
16132.656250,0.890625
16133.484375,0.828125
16134.359375,0.875000
16135.234375,0.875000
16143.046875,0.859375
16143.906250,0.859375
16144.765625,0.859375
16145.640625,0.875000
16146.437500,0.796875
16147.468750,1.031250
16148.296875,0.828125
16149.234375,0.937500
16174.718750,0.906250
16203.187500,0.703125
16207.578125,0.890625
16208.328125,0.750000
16209.234375,0.906250
16210.093750,0.859375
16210.937500,0.843750
16211.625000,0.687500
16240.015625,0.859375
16240.906250,0.890625
16255.453125,0.859375
16266.546875,0.812500
16267.453125,0.906250
16272.718750,0.875000
16273.578125,0.859375
16274.421875,0.843750
16275.203125,0.781250
16319.875000,0.859375
16320.593750,0.718750
16321.609375,1.015625
16322.453125,0.843750
16328.531250,0.968750
16329.500000,0.968750
16387.468750,0.890625
16388.343750,0.875000
16389.250000,0.906250
16403.015625,0.843750
16404.031250,1.015625
16417.468750,1.000000
16418.390625,0.921875
16419.328125,0.937500
16427.437500,0.921875
16451.515625,0.968750
16452.453125,0.937500
16453.359375,0.906250
16481.046875,0.765625
16492.671875,0.937500
16493.609375,0.937500
16494.531250,0.921875
16495.468750,0.937500
16496.218750,0.750000
16497.062500,0.843750
16508.625000,0.843750
16509.531250,0.906250
16541.359375,0.984375
16542.343750,0.984375
16548.828125,0.890625
16549.750000,0.921875
16550.703125,0.953125
16551.625000,0.921875
16552.593750,0.968750
16553.531250,0.937500
16554.421875,0.890625
16555.390625,0.968750
16565.187500,0.921875
16566.093750,0.906250
16567.046875,0.953125
16568.015625,0.968750
16568.906250,0.890625
16594.125000,0.921875
16594.984375,0.859375
16595.828125,0.843750
16604.625000,0.875000
16605.375000,0.750000
16606.406250,1.031250
16607.234375,0.828125
16608.109375,0.875000
16608.984375,0.875000
16609.859375,0.875000
16610.765625,0.906250
16611.656250,0.890625
16612.578125,0.921875
16613.421875,0.843750
16614.281250,0.859375
16615.140625,0.859375
16615.968750,0.828125
16625.265625,0.734375
16626.093750,0.828125
16626.953125,0.859375
16627.937500,0.984375
16644.421875,0.890625
16645.265625,0.843750
16646.125000,0.859375
16654.718750,0.890625
16655.640625,0.921875
16656.562500,0.921875
16657.500000,0.937500
16658.390625,0.890625
16659.484375,1.093750
16660.421875,0.937500
16661.328125,0.906250
16662.234375,0.906250
16663.156250,0.921875
16664.078125,0.921875
16664.937500,0.859375
16665.843750,0.906250
16666.781250,0.937500
16667.656250,0.875000
16668.546875,0.890625
16669.453125,0.906250
16670.312500,0.859375
16671.140625,0.828125
16672.000000,0.859375
16680.140625,0.890625
16681.062500,0.921875
16681.953125,0.890625
16682.906250,0.953125
16693.203125,0.781250
16694.000000,0.796875
16694.796875,0.796875
16695.640625,0.843750
16696.515625,0.875000
16697.375000,0.859375
16698.234375,0.859375
16699.125000,0.890625
16699.984375,0.859375
16700.828125,0.843750
16701.671875,0.843750
16702.546875,0.875000
16703.406250,0.859375
16704.250000,0.843750
16705.125000,0.875000
16706.031250,0.906250
16706.921875,0.890625
16707.796875,0.875000
16708.671875,0.875000
16709.531250,0.859375
16710.375000,0.843750
16711.234375,0.859375
16712.140625,0.906250
16713.031250,0.890625
16713.890625,0.859375
16714.765625,0.875000
16715.671875,0.906250
16716.546875,0.875000
16717.437500,0.890625
16718.312500,0.875000
16719.187500,0.875000
16720.031250,0.843750
16720.875000,0.843750
16721.687500,0.812500
16722.484375,0.796875
16723.265625,0.781250
16724.093750,0.828125
16724.953125,0.859375
16725.812500,0.859375
16726.718750,0.906250
16727.640625,0.921875
16728.531250,0.890625
16738.093750,0.937500
16739.000000,0.906250
16739.937500,0.937500
16740.906250,0.968750
16741.828125,0.921875
16742.734375,0.906250
16743.609375,0.875000
16744.500000,0.890625
16745.328125,0.828125
16746.218750,0.890625
16747.156250,0.937500
16748.046875,0.890625
16748.875000,0.828125
16753.500000,0.750000
16754.312500,0.812500
16755.171875,0.859375
16756.031250,0.859375
16756.937500,0.906250
16757.937500,1.000000
16758.968750,1.031250
16759.906250,0.937500
16760.828125,0.921875
16761.734375,0.906250
16762.578125,0.843750
16763.406250,0.828125
16764.234375,0.828125
16765.015625,0.781250
16765.781250,0.765625
16766.546875,0.765625
16767.343750,0.796875
16768.156250,0.812500
16768.953125,0.796875
16778.812500,0.796875
16794.265625,0.968750
16795.218750,0.953125
16796.156250,0.937500
16797.031250,0.875000
16797.921875,0.890625
16798.812500,0.890625
16799.687500,0.875000
16818.421875,0.765625
16819.234375,0.812500
16824.156250,0.812500
16825.000000,0.843750
16834.328125,0.843750
16835.218750,0.890625
16836.031250,0.812500
16836.906250,0.875000
16837.781250,0.875000
16838.687500,0.906250
16839.687500,1.000000
16840.546875,0.859375
16841.406250,0.859375
16842.265625,0.859375
16843.125000,0.859375
16855.531250,0.843750
16856.390625,0.859375
16861.656250,0.937500
16862.593750,0.937500
16863.468750,0.875000
16864.390625,0.921875
16865.265625,0.875000
16866.093750,0.828125
16866.921875,0.828125
16867.796875,0.875000
16868.515625,0.718750
16869.484375,0.968750
16870.500000,1.015625
16871.437500,0.937500
16872.328125,0.890625
16884.531250,1.000000
16889.859375,1.000000
16900.718750,0.921875
16901.609375,0.890625
16902.515625,0.906250
16903.437500,0.921875
16904.343750,0.906250
16905.265625,0.921875
16906.156250,0.890625
16931.234375,0.875000
16932.140625,0.906250
16964.390625,0.953125
16965.296875,0.906250
16966.140625,0.843750
16967.000000,0.859375
16967.890625,0.890625
16968.796875,0.906250
16969.703125,0.906250
16970.671875,0.968750
16971.531250,0.859375
16972.671875,1.140625
16979.046875,0.937500
16979.984375,0.937500
16980.937500,0.953125
16981.796875,0.859375
16982.750000,0.953125
16983.734375,0.984375
16984.703125,0.968750
16985.625000,0.921875
16986.593750,0.968750
16987.578125,0.984375
16988.453125,0.875000
16989.375000,0.921875
16990.296875,0.921875
16991.187500,0.890625
16992.109375,0.921875
16993.062500,0.953125
16994.031250,0.968750
16994.953125,0.921875
16995.906250,0.953125
16996.906250,1.000000
16997.812500,0.906250
16998.765625,0.953125
16999.718750,0.953125
17000.625000,0.906250
17001.531250,0.906250
17002.484375,0.953125
17003.468750,0.984375
17004.390625,0.921875
17005.375000,0.984375
17006.390625,1.015625
17007.328125,0.937500
17008.328125,1.000000
17009.343750,1.015625
17010.296875,0.953125
17011.171875,0.875000
17012.062500,0.890625
17012.984375,0.921875
17013.859375,0.875000
17014.812500,0.953125
17015.765625,0.953125
17016.703125,0.937500
17017.578125,0.875000
17018.437500,0.859375
17019.234375,0.796875
17020.031250,0.796875
17020.828125,0.796875
17021.687500,0.859375
17022.593750,0.906250
17023.484375,0.890625
17024.359375,0.875000
17025.265625,0.906250
17026.171875,0.906250
17027.015625,0.843750
17027.875000,0.859375
17028.750000,0.875000
17029.625000,0.875000
17030.468750,0.843750
17031.406250,0.937500
17032.375000,0.968750
17033.296875,0.921875
17034.250000,0.953125
17035.203125,0.953125
17036.109375,0.906250
17037.046875,0.937500
17037.984375,0.937500
17038.890625,0.906250
17039.796875,0.906250
17040.750000,0.953125
17041.718750,0.968750
17042.640625,0.921875
17043.578125,0.937500
17044.468750,0.890625
17045.359375,0.890625
17046.281250,0.921875
17047.250000,0.968750
17048.187500,0.937500
17049.140625,0.953125
17050.109375,0.968750
17051.062500,0.953125
17051.968750,0.906250
17052.906250,0.937500
17053.859375,0.953125
17054.812500,0.953125
17055.812500,1.000000
17056.859375,1.046875
17057.843750,0.984375
17058.796875,0.953125
17059.718750,0.921875
17060.687500,0.968750
17061.593750,0.906250
17062.484375,0.890625
17063.390625,0.906250
17064.328125,0.937500
17065.234375,0.906250
17066.187500,0.953125
17085.015625,0.828125
17085.796875,0.781250
17086.656250,0.859375
17095.593750,0.968750
17096.484375,0.890625
17097.203125,0.718750
17098.187500,0.984375
17099.000000,0.812500
17099.843750,0.843750
17104.828125,0.734375
17105.687500,0.859375
17134.500000,0.859375
17135.421875,0.921875
17136.312500,0.890625
17137.234375,0.921875
17138.171875,0.937500
17139.046875,0.875000
17139.906250,0.859375
17140.953125,1.046875
17141.718750,0.765625
17142.609375,0.890625
17143.500000,0.890625
17144.437500,0.937500
17145.421875,0.984375
17146.375000,0.953125
17147.390625,1.015625
17156.593750,0.968750
17157.578125,0.984375
17158.546875,0.968750
17159.484375,0.937500
17160.406250,0.921875
17161.328125,0.921875
17162.281250,0.953125
17190.468750,0.890625
17191.359375,0.890625
17192.281250,0.921875
17193.125000,0.843750
17193.984375,0.859375
17194.875000,0.890625
17195.765625,0.890625
17196.609375,0.843750
17197.515625,0.906250
17198.421875,0.906250
17207.078125,0.781250
17207.890625,0.812500
17208.718750,0.828125
17209.625000,0.906250
17220.812500,0.906250
17221.687500,0.875000
17222.625000,0.937500
17223.531250,0.906250
17224.437500,0.906250
17225.312500,0.875000
17226.187500,0.875000
17227.046875,0.859375
17227.859375,0.812500
17228.671875,0.812500
17229.484375,0.812500
17230.375000,0.890625
17231.328125,0.953125
17232.265625,0.937500
17233.234375,0.968750
17234.218750,0.984375
17235.156250,0.937500
17236.109375,0.953125
17237.062500,0.953125
17237.953125,0.890625
17238.875000,0.921875
17239.781250,0.906250
17240.703125,0.921875
17241.609375,0.906250
17242.531250,0.921875
17243.437500,0.906250
17244.406250,0.968750
17245.296875,0.890625
17249.906250,0.953125
17250.765625,0.859375
17251.703125,0.937500
17252.640625,0.937500
17253.546875,0.906250
17254.453125,0.906250
17255.375000,0.921875
17256.281250,0.906250
17257.156250,0.875000
17258.031250,0.875000
17258.953125,0.921875
17259.875000,0.921875
17260.812500,0.937500
17261.765625,0.953125
17287.859375,0.812500
17288.593750,0.734375
17289.546875,0.953125
17290.390625,0.843750
17291.218750,0.828125
17291.968750,0.750000
17292.734375,0.765625
17293.515625,0.781250
17294.468750,0.953125
17295.500000,1.031250
17296.515625,1.015625
17297.515625,1.000000
17309.906250,0.843750
17310.765625,0.859375
17311.593750,0.828125
17312.437500,0.843750
17313.265625,0.828125
17314.093750,0.828125
17314.875000,0.781250
17315.671875,0.796875
17316.421875,0.750000
17321.187500,0.812500
17334.109375,0.734375
17334.906250,0.796875
17335.718750,0.812500
17336.546875,0.828125
17337.406250,0.859375
17338.265625,0.859375
17346.171875,0.843750
17346.890625,0.718750
17353.250000,0.984375
17354.078125,0.828125
17371.265625,0.843750
17372.171875,0.906250
17373.078125,0.906250
17409.359375,0.812500
17410.218750,0.859375
17411.062500,0.843750
17411.921875,0.859375
17412.750000,0.828125
17413.703125,0.953125
17414.515625,0.812500
17418.765625,0.875000
17419.562500,0.796875
17420.406250,0.843750
17421.265625,0.859375
17422.125000,0.859375
17423.000000,0.875000
17423.671875,0.671875
17424.343750,0.671875
17447.093750,0.812500
17454.765625,1.000000
17455.765625,1.000000
17456.703125,0.937500
17457.687500,0.984375
17458.593750,0.906250
17459.453125,0.859375
17460.343750,0.890625
17461.265625,0.921875
17462.125000,0.859375
17467.687500,0.859375
17472.484375,0.828125
17473.421875,0.937500
17474.218750,0.796875
17475.046875,0.828125
17475.843750,0.796875
17480.406250,0.656250
17484.515625,0.812500
17485.328125,0.812500
17486.171875,0.843750
17486.953125,0.781250
17511.156250,0.859375
17512.125000,0.968750
17513.156250,1.031250
17514.156250,1.000000
17515.156250,1.000000
17516.156250,1.000000
17517.156250,1.000000
17518.093750,0.937500
17519.046875,0.953125
17520.031250,0.984375
17521.000000,0.968750
17521.937500,0.937500
17522.937500,1.000000
17523.937500,1.000000
17524.906250,0.968750
17525.906250,1.000000
17526.875000,0.968750
17527.828125,0.953125
17528.703125,0.875000
17529.640625,0.937500
17530.562500,0.921875
17531.421875,0.859375
17532.390625,0.968750
17533.406250,1.015625
17534.359375,0.953125
17535.359375,1.000000
17536.359375,1.000000
17537.281250,0.921875
17538.234375,0.953125
17539.171875,0.937500
17540.062500,0.890625
17540.953125,0.890625
17541.890625,0.937500
17542.781250,0.890625
17543.687500,0.906250
17544.656250,0.968750
17545.625000,0.968750
17546.515625,0.890625
17555.921875,0.890625
17556.859375,0.937500
17557.593750,0.734375
17558.640625,1.046875
17570.421875,0.859375
17571.328125,0.906250
17583.328125,0.921875
17584.281250,0.953125
17585.265625,0.984375
17586.171875,0.906250
17587.109375,0.937500
17588.062500,0.953125
17588.984375,0.921875
17589.953125,0.968750
17590.921875,0.968750
17591.843750,0.921875
17592.796875,0.953125
17593.765625,0.968750
17594.687500,0.921875
17595.656250,0.968750
17596.625000,0.968750
17597.562500,0.937500
17598.484375,0.921875
17599.437500,0.953125
17600.312500,0.875000
17601.218750,0.906250
17602.125000,0.906250
17603.078125,0.953125
17610.156250,0.859375
17611.031250,0.875000
17611.796875,0.765625
17612.593750,0.796875
17613.406250,0.812500
17614.234375,0.828125
17615.046875,0.812500
17615.890625,0.843750
17616.781250,0.890625
17617.671875,0.890625
17624.937500,0.812500
17625.765625,0.828125
17626.562500,0.796875
17627.343750,0.781250
17628.171875,0.828125
17628.984375,0.812500
17637.171875,1.000000
17638.234375,1.062500
17639.234375,1.000000
17640.250000,1.015625
17641.234375,0.984375
17642.203125,0.968750
17652.812500,0.906250
17653.734375,0.921875
17654.640625,0.906250
17655.578125,0.937500
17656.546875,0.968750
17657.515625,0.968750
17658.531250,1.015625
17705.890625,0.906250
17706.765625,0.875000
17707.640625,0.875000
17708.468750,0.828125
17715.578125,0.890625
17716.515625,0.937500
17717.453125,0.937500
17718.390625,0.937500
17719.281250,0.890625
17720.187500,0.906250
17730.859375,0.937500
17731.734375,0.875000
17732.625000,0.890625
17733.515625,0.890625
17734.312500,0.796875
17735.156250,0.843750
17741.187500,0.953125
17742.375000,1.187500
17743.328125,0.953125
17748.687500,0.890625
17749.609375,0.921875
17750.484375,0.875000
17751.406250,0.921875
17752.359375,0.953125
17753.281250,0.921875
17766.046875,1.031250
17767.031250,0.984375
17768.015625,0.984375
17768.968750,0.953125
17769.906250,0.937500
17770.859375,0.953125
17771.765625,0.906250
17772.640625,0.875000
17773.531250,0.890625
17774.406250,0.875000
17775.281250,0.875000
17776.140625,0.859375
17777.031250,0.890625
17783.046875,1.328125
17786.984375,0.781250
17787.750000,0.765625
17788.531250,0.781250
17789.296875,0.765625
17790.125000,0.828125
17790.953125,0.828125
17791.750000,0.796875
17792.562500,0.812500
17793.390625,0.828125
17794.265625,0.875000
17795.140625,0.875000
17796.015625,0.875000
17796.953125,0.937500
17797.890625,0.937500
17798.812500,0.921875
17799.718750,0.906250
17800.609375,0.890625
17801.531250,0.921875
17802.640625,1.109375
17803.562500,0.921875
17804.468750,0.906250
17805.375000,0.906250
17806.296875,0.921875
17807.140625,0.843750
17808.015625,0.875000
17808.875000,0.859375
17809.781250,0.906250
17814.187500,0.906250
17815.078125,0.890625
17815.984375,0.906250
17816.828125,0.843750
17817.656250,0.828125
17833.906250,0.921875
17850.500000,0.718750
17851.218750,0.718750
17851.968750,0.750000
17852.687500,0.718750
17857.437500,0.828125
17858.312500,0.875000
17859.203125,0.890625
17860.062500,0.859375
17860.937500,0.875000
17861.828125,0.890625
17862.718750,0.890625
17863.578125,0.859375
17864.453125,0.875000
17865.359375,0.906250
17866.234375,0.875000
17867.109375,0.875000
17868.031250,0.921875
17869.000000,0.968750
17869.937500,0.937500
17870.921875,0.984375
17871.843750,0.921875
17872.703125,0.859375
17873.578125,0.875000
17874.453125,0.875000
17875.281250,0.828125
17876.140625,0.859375
17876.984375,0.843750
17877.890625,0.906250
17878.765625,0.875000
17879.687500,0.921875
17880.625000,0.937500
17881.593750,0.968750
17882.515625,0.921875
17883.406250,0.890625
17884.265625,0.859375
17885.078125,0.812500
17885.906250,0.828125
17894.531250,0.890625
17903.734375,0.843750
17904.578125,0.843750
17905.437500,0.859375
17906.328125,0.890625
17907.265625,0.937500
17924.796875,0.734375
17931.750000,0.921875
17932.687500,0.937500
17933.609375,0.921875
17934.515625,0.906250
17935.437500,0.921875
17936.328125,0.890625
17937.218750,0.890625
17938.062500,0.843750
17938.937500,0.875000
17939.859375,0.921875
17940.812500,0.953125
17941.734375,0.921875
17942.671875,0.937500
17943.640625,0.968750
17944.546875,0.906250
17945.343750,0.796875
17946.453125,1.109375
17956.406250,0.937500
17957.375000,0.968750
17958.250000,0.875000
17959.140625,0.890625
17960.062500,0.921875
17960.984375,0.921875
17961.890625,0.906250
17962.796875,0.906250
17963.734375,0.937500
17978.234375,0.843750
17979.062500,0.828125
17979.875000,0.812500
17980.734375,0.859375
17981.593750,0.859375
17982.546875,0.953125
17983.343750,0.796875
17987.406250,0.640625
17988.046875,0.640625
17988.703125,0.656250
17989.359375,0.656250
17990.015625,0.656250
17990.640625,0.625000
17991.312500,0.671875
17991.968750,0.656250
17992.625000,0.656250
17993.312500,0.687500
18007.546875,0.937500
18008.468750,0.921875
18009.406250,0.937500
18019.484375,0.796875
18020.296875,0.812500
18021.140625,0.843750
18021.953125,0.812500
18022.750000,0.796875
18023.546875,0.796875
18024.359375,0.812500
18025.140625,0.781250
18033.140625,0.968750
18034.109375,0.968750
18035.109375,1.000000
18036.062500,0.953125
18037.000000,0.937500
18037.734375,0.734375
18038.812500,1.078125
18039.671875,0.859375
18040.531250,0.859375
18041.421875,0.890625
18042.328125,0.906250
18043.203125,0.875000
18044.140625,0.937500
18045.125000,0.984375
18046.078125,0.953125
18047.015625,0.937500
18047.968750,0.953125
18053.468750,0.953125
18054.453125,0.984375
18055.359375,0.906250
18056.312500,0.953125
18057.203125,0.890625
18058.046875,0.843750
18058.890625,0.843750
18059.750000,0.859375
18060.671875,0.921875
18061.593750,0.921875
18072.296875,0.781250
18072.953125,0.656250
18073.609375,0.656250
18078.109375,0.937500
18079.093750,0.984375
18080.062500,0.968750
18081.000000,0.937500
18081.906250,0.906250
18082.781250,0.875000
18083.656250,0.875000
18084.500000,0.843750
18085.421875,0.921875
18086.406250,0.984375
18087.359375,0.953125
18088.265625,0.906250
18089.187500,0.921875
18090.046875,0.859375
18090.875000,0.828125
18091.718750,0.843750
18092.546875,0.828125
18097.390625,0.781250
18098.203125,0.812500
18099.015625,0.812500
18099.812500,0.796875
18100.593750,0.781250
18101.421875,0.828125
18102.312500,0.890625
18103.375000,1.062500
18104.390625,1.015625
18105.453125,1.062500
18106.468750,1.015625
18107.453125,0.984375
18108.437500,0.984375
18109.328125,0.890625
18110.203125,0.875000
18111.078125,0.875000
18111.953125,0.875000
18112.812500,0.859375
18113.703125,0.890625
18114.640625,0.937500
18115.531250,0.890625
18116.453125,0.921875
18117.375000,0.921875
18118.281250,0.906250
18119.140625,0.859375
18120.031250,0.890625
18120.953125,0.921875
18121.843750,0.890625
18122.765625,0.921875
18123.718750,0.953125
18130.734375,0.906250
18131.640625,0.906250
18132.562500,0.921875
18133.406250,0.843750
18134.343750,0.937500
18135.203125,0.859375
18136.031250,0.828125
18136.859375,0.828125
18137.718750,0.859375
18138.609375,0.890625
18139.468750,0.859375
18140.359375,0.890625
18141.218750,0.859375
18142.062500,0.843750
18142.890625,0.828125
18143.734375,0.843750
18150.265625,0.843750
18150.953125,0.687500
18151.890625,0.937500
18162.015625,0.812500
18162.812500,0.796875
18163.625000,0.812500
18164.437500,0.812500
18165.265625,0.828125
18166.078125,0.812500
18166.875000,0.796875
18173.421875,0.843750
18174.265625,0.843750
18183.390625,0.859375
18184.281250,0.890625
18185.171875,0.890625
18186.015625,0.843750
18186.890625,0.875000
18187.750000,0.859375
18188.593750,0.843750
18189.421875,0.828125
18190.296875,0.875000
18191.156250,0.859375
18192.015625,0.859375
18192.875000,0.859375
18193.734375,0.859375
18194.562500,0.828125
18195.453125,0.890625
18196.328125,0.875000
18197.218750,0.890625
18206.156250,0.765625
18206.937500,0.781250
18207.703125,0.765625
18208.515625,0.812500
18209.375000,0.859375
18210.218750,0.843750
18211.093750,0.875000
18211.953125,0.859375
18212.781250,0.828125
18213.625000,0.843750
18214.468750,0.843750
18215.312500,0.843750
18216.187500,0.875000
18217.062500,0.875000
18217.921875,0.859375
18218.796875,0.875000
18219.671875,0.875000
18220.593750,0.921875
18221.531250,0.937500
18231.234375,0.734375
18231.953125,0.718750
18236.000000,0.687500
18236.718750,0.718750
18250.125000,0.937500
18250.984375,0.859375
18251.859375,0.875000
18252.750000,0.890625
18261.750000,0.796875
18262.531250,0.781250
18263.312500,0.781250
18264.125000,0.812500
18264.984375,0.859375
18265.812500,0.828125
18266.625000,0.812500
18267.453125,0.828125
18268.312500,0.859375
18277.156250,0.875000
18278.062500,0.906250
18279.015625,0.953125
18279.906250,0.890625
18287.125000,0.734375
18288.046875,0.921875
18288.843750,0.796875
18289.640625,0.796875
18290.421875,0.781250
18291.218750,0.796875
18291.984375,0.765625
18296.765625,0.859375
18297.640625,0.875000
18298.531250,0.890625
18299.359375,0.828125
18300.203125,0.843750
18301.062500,0.859375
18301.921875,0.859375
18302.828125,0.906250
18303.750000,0.921875
18304.656250,0.906250
18305.578125,0.921875
18306.515625,0.937500
18307.453125,0.937500
18316.531250,0.921875
18317.390625,0.859375
18318.265625,0.875000
18319.156250,0.890625
18320.062500,0.906250
18320.968750,0.906250
18325.843750,0.765625
18326.671875,0.828125
18327.500000,0.828125
18328.359375,0.859375
18336.390625,0.921875
18337.328125,0.937500
18338.234375,0.906250
18339.187500,0.953125
18340.140625,0.953125
18341.031250,0.890625
18341.953125,0.921875
18342.921875,0.968750
18344.109375,1.187500
18345.078125,0.968750
18346.125000,1.046875
18347.203125,1.078125
18348.203125,1.000000
18349.218750,1.015625
18350.265625,1.046875
18351.250000,0.984375
18357.093750,1.093750
18358.156250,1.062500
18359.187500,1.031250
18360.265625,1.078125
18361.312500,1.046875
18362.265625,0.953125
18363.250000,0.984375
18364.265625,1.015625
18365.281250,1.015625
18366.296875,1.015625
18367.343750,1.046875
18368.421875,1.078125
18369.437500,1.015625
18370.484375,1.046875
18371.531250,1.046875
18372.500000,0.968750
18373.515625,1.015625
18374.578125,1.062500
18375.562500,0.984375
18376.546875,0.984375
18377.531250,0.984375
18378.421875,0.890625
18379.328125,0.906250
18380.296875,0.968750
18381.203125,0.906250
18382.140625,0.937500
18383.109375,0.968750
18384.078125,0.968750
18384.953125,0.875000
18385.859375,0.906250
18386.781250,0.921875
18387.718750,0.937500
18388.640625,0.921875
18389.609375,0.968750
18390.546875,0.937500
18391.453125,0.906250
18392.390625,0.937500
18393.328125,0.937500
18394.203125,0.875000
18395.109375,0.906250
18396.000000,0.890625
18396.937500,0.937500
18397.812500,0.875000
18398.765625,0.953125
18399.781250,1.015625
18400.796875,1.015625
18401.796875,1.000000
18402.812500,1.015625
18403.765625,0.953125
18404.656250,0.890625
18405.562500,0.906250
18406.468750,0.906250
18407.343750,0.875000
18408.250000,0.906250
18409.203125,0.953125
18410.093750,0.890625
18411.000000,0.906250
18411.921875,0.921875
18412.828125,0.906250
18413.718750,0.890625
18414.640625,0.921875
18415.578125,0.937500
18416.484375,0.906250
18417.375000,0.890625
18418.281250,0.906250
18419.187500,0.906250
18420.046875,0.859375
18420.921875,0.875000
18421.843750,0.921875
18422.750000,0.906250
18423.671875,0.921875
18424.593750,0.921875
18425.531250,0.937500
18426.406250,0.875000
18427.328125,0.921875
18428.265625,0.937500
18429.125000,0.859375
18430.046875,0.921875
18430.984375,0.937500
18431.890625,0.906250
18432.765625,0.875000
18433.671875,0.906250
18434.609375,0.937500
18435.515625,0.906250
18436.437500,0.921875
18437.390625,0.953125
18438.328125,0.937500
18439.218750,0.890625
18440.093750,0.875000
18441.000000,0.906250
18448.453125,0.890625
18449.312500,0.859375
18450.187500,0.875000
18451.093750,0.906250
18451.968750,0.875000
18452.812500,0.843750
18453.671875,0.859375
18454.546875,0.875000
18455.390625,0.843750
18456.265625,0.875000
18457.234375,0.968750
18458.218750,0.984375
18459.203125,0.984375
18460.203125,1.000000
18468.843750,0.968750
18469.859375,1.015625
18470.843750,0.984375
18471.843750,1.000000
18472.875000,1.031250
18479.687500,1.000000
18480.734375,1.046875
18481.734375,1.000000
18482.734375,1.000000
18483.750000,1.015625
18484.750000,1.000000
18485.703125,0.953125
18486.687500,0.984375
18487.671875,0.984375
18488.656250,0.984375
18489.671875,1.015625
18490.750000,1.078125
18491.812500,1.062500
18492.843750,1.031250
18493.875000,1.031250
18494.937500,1.062500
18495.906250,0.968750
18496.859375,0.953125
18497.843750,0.984375
18498.812500,0.968750
18499.843750,1.031250
18500.906250,1.062500
18501.984375,1.078125
18503.000000,1.015625
18504.031250,1.031250
18505.078125,1.046875
18506.062500,0.984375
18507.078125,1.015625
18508.078125,1.000000
18509.031250,0.953125
18510.000000,0.968750
18511.015625,1.015625
18512.031250,1.015625
18512.984375,0.953125
18513.968750,0.984375
18515.000000,1.031250
18516.015625,1.015625
18525.281250,0.890625
18526.140625,0.859375
18526.968750,0.828125
18527.796875,0.828125
18528.671875,0.875000
18529.453125,0.781250
18530.218750,0.765625
18531.046875,0.828125
18531.859375,0.812500
18532.671875,0.812500
18533.515625,0.843750
18534.265625,0.750000
18535.187500,0.921875
18536.015625,0.828125
18536.937500,0.921875
18537.640625,0.703125
18542.453125,0.921875
18543.390625,0.937500
18553.625000,0.953125
18554.609375,0.984375
18555.640625,1.031250
18556.671875,1.031250
18557.656250,0.984375
18558.625000,0.968750
18559.640625,1.015625
18560.484375,0.843750
18561.625000,1.140625
18562.546875,0.921875
18568.000000,0.937500
18568.984375,0.984375
18569.953125,0.968750
18570.937500,0.984375
18571.937500,1.000000
18572.921875,0.984375
18573.843750,0.921875
18574.765625,0.921875
18575.718750,0.953125
18576.609375,0.890625
18577.546875,0.937500
18578.500000,0.953125
18579.437500,0.937500
18580.343750,0.906250
18581.265625,0.921875
18582.203125,0.937500
18583.109375,0.906250
18584.078125,0.968750
18585.078125,1.000000
18586.000000,0.921875
18586.921875,0.921875
18587.828125,0.906250
18588.781250,0.953125
18589.640625,0.859375
18590.562500,0.921875
18591.531250,0.968750
18592.453125,0.921875
18593.421875,0.968750
18594.421875,1.000000
18595.343750,0.921875
18596.265625,0.921875
18597.156250,0.890625
18597.984375,0.828125
18598.828125,0.843750
18599.687500,0.859375
18600.562500,0.875000
18601.265625,0.703125
18605.515625,0.781250
18606.312500,0.796875
18607.031250,0.718750
18607.984375,0.953125
18608.875000,0.890625
18609.812500,0.937500
18615.093750,0.828125
18620.109375,0.875000
18620.843750,0.734375
18621.859375,1.015625
18622.781250,0.921875
18623.625000,0.843750
18624.500000,0.875000
18625.375000,0.875000
18626.234375,0.859375
18627.093750,0.859375
18627.984375,0.890625
18628.890625,0.906250
18629.765625,0.875000
18630.687500,0.921875
18631.625000,0.937500
18632.515625,0.890625
18633.343750,0.828125
18634.140625,0.796875
18634.937500,0.796875
18635.703125,0.765625
18636.500000,0.796875
18637.312500,0.812500
18638.109375,0.796875
18646.593750,0.921875
18647.531250,0.937500
18648.437500,0.906250
18655.781250,0.953125
18656.796875,1.015625
18657.734375,0.937500
18658.625000,0.890625
18659.546875,0.921875
18660.468750,0.921875
18661.328125,0.859375
18662.125000,0.796875
18663.109375,0.984375
18663.984375,0.875000
18669.593750,0.968750
18670.546875,0.953125
18671.468750,0.921875
18672.406250,0.937500
18673.328125,0.921875
18674.218750,0.890625
18675.078125,0.859375
18675.937500,0.859375
18676.734375,0.796875
18677.562500,0.828125
18678.421875,0.859375
18679.312500,0.890625
18680.171875,0.859375
18681.078125,0.906250
18682.031250,0.953125
18682.953125,0.921875
18683.875000,0.921875
18684.812500,0.937500
18685.718750,0.906250
18686.578125,0.859375
18687.468750,0.890625
18688.375000,0.906250
18689.250000,0.875000
18690.250000,1.000000
18691.296875,1.046875
18692.296875,1.000000
18693.328125,1.031250
18694.359375,1.031250
18695.328125,0.968750
18696.265625,0.937500
18697.203125,0.937500
18698.093750,0.890625
18699.015625,0.921875
18699.984375,0.968750
18701.000000,1.015625
18701.968750,0.968750
18702.984375,1.015625
18704.187500,1.203125
18705.187500,1.000000
18706.171875,0.984375
18707.187500,1.015625
18708.093750,0.906250
18709.000000,0.906250
18709.921875,0.921875
18710.843750,0.921875
18711.765625,0.921875
18712.765625,1.000000
18713.781250,1.015625
18714.750000,0.968750
18715.750000,1.000000
18716.781250,1.031250
18717.765625,0.984375
18718.734375,0.968750
18719.734375,1.000000
18720.718750,0.984375
18721.671875,0.953125
18722.687500,1.015625
18723.718750,1.031250
18724.687500,0.968750
18725.671875,0.984375
18726.656250,0.984375
18727.609375,0.953125
18728.562500,0.953125
18729.531250,0.968750
18730.453125,0.921875
18731.359375,0.906250
18732.296875,0.937500
18733.296875,1.000000
18734.218750,0.921875
18735.203125,0.984375
18736.218750,1.015625
18737.218750,1.000000
18738.203125,0.984375
18739.171875,0.968750
18740.109375,0.937500
18741.031250,0.921875
18742.000000,0.968750
18742.984375,0.984375
18743.890625,0.906250
18744.812500,0.921875
18745.750000,0.937500
18746.625000,0.875000
18747.531250,0.906250
18748.500000,0.968750
18749.453125,0.953125
18750.406250,0.953125
18751.390625,0.984375
18752.406250,1.015625
18753.343750,0.937500
18754.312500,0.968750
18755.281250,0.968750
18756.187500,0.906250
18757.125000,0.937500
18758.031250,0.906250
18758.906250,0.875000
18759.781250,0.875000
18760.687500,0.906250
18761.640625,0.953125
18762.593750,0.953125
18763.546875,0.953125
18771.234375,0.921875
18772.187500,0.953125
18773.062500,0.875000
18773.953125,0.890625
18774.890625,0.937500
18775.843750,0.953125
18781.812500,0.984375
18782.750000,0.937500
18783.718750,0.968750
18784.718750,1.000000
18794.281250,0.906250
18795.250000,0.968750
18796.250000,1.000000
18797.218750,0.968750
18798.234375,1.015625
18799.265625,1.031250
18800.234375,0.968750
18801.218750,0.984375
18802.218750,1.000000
18803.171875,0.953125
18809.468750,0.875000
18810.296875,0.828125
18823.312500,0.640625
18823.984375,0.671875
18833.953125,1.125000
18834.984375,1.031250
18840.812500,0.953125
18841.828125,1.015625
18842.781250,0.953125
18843.781250,1.000000
18844.765625,0.984375
18845.703125,0.937500
18846.687500,0.984375
18847.703125,1.015625
18848.671875,0.968750
18849.671875,1.000000
18850.718750,1.046875
18851.718750,1.000000
18852.718750,1.000000
18853.718750,1.000000
18854.656250,0.937500
18855.593750,0.937500
18856.546875,0.953125
18857.468750,0.921875
18858.406250,0.937500
18859.375000,0.968750
18860.375000,1.000000
18861.437500,1.062500
18862.437500,1.000000
18863.468750,1.031250
18864.468750,1.000000
18865.406250,0.937500
18866.359375,0.953125
18867.281250,0.921875
18868.171875,0.890625
18869.062500,0.890625
18869.984375,0.921875
18870.890625,0.906250
18871.843750,0.953125
18872.875000,1.031250
18873.843750,0.968750
18874.812500,0.968750
18875.703125,0.890625
18876.578125,0.875000
18877.468750,0.890625
18878.390625,0.921875
18891.937500,0.953125
18892.890625,0.953125
18893.890625,1.000000
18894.703125,0.812500
18895.468750,0.765625
18902.218750,0.984375
18903.140625,0.921875
18916.203125,0.906250
18920.546875,0.843750
18921.375000,0.828125
18922.218750,0.843750
18923.093750,0.875000
18923.953125,0.859375
18924.828125,0.875000
18925.750000,0.921875
18926.609375,0.859375
18927.468750,0.859375
18928.328125,0.859375
18929.171875,0.843750
18930.031250,0.859375
18930.890625,0.859375
18931.765625,0.875000
18932.656250,0.890625
18942.437500,0.718750
18943.171875,0.734375
18943.921875,0.750000
18944.656250,0.734375
18945.390625,0.734375
18946.109375,0.718750
18946.859375,0.750000
18947.609375,0.750000
18948.343750,0.734375
18949.093750,0.750000
18949.859375,0.765625
18950.640625,0.781250
18951.421875,0.781250
18952.250000,0.828125
18953.078125,0.828125
18953.921875,0.843750
18954.750000,0.828125
18955.593750,0.843750
18956.484375,0.890625
18957.406250,0.921875
18962.531250,0.828125
18963.343750,0.812500
18964.140625,0.796875
18964.953125,0.812500
18965.828125,0.875000
18966.734375,0.906250
18967.609375,0.875000
18968.515625,0.906250
18969.437500,0.921875
18970.312500,0.875000
18971.218750,0.906250
18972.109375,0.890625
18972.968750,0.859375
18973.843750,0.875000
18974.750000,0.906250
18975.625000,0.875000
18976.500000,0.875000
18977.437500,0.937500
18978.375000,0.937500
18979.343750,0.968750
18980.343750,1.000000
18981.343750,1.000000
18982.281250,0.937500
18983.234375,0.953125
18984.187500,0.953125
18985.109375,0.921875
18986.031250,0.921875
18986.984375,0.953125
18987.921875,0.937500
18988.812500,0.890625
18989.750000,0.937500
18990.734375,0.984375
18991.734375,1.000000
18992.718750,0.984375
18993.734375,1.015625
18994.750000,1.015625
18995.671875,0.921875
18996.593750,0.921875
18997.546875,0.953125
18998.453125,0.906250
18999.343750,0.890625
19000.296875,0.953125
19001.281250,0.984375
19002.265625,0.984375
19003.312500,1.046875
19004.343750,1.031250
19005.531250,1.187500
19006.515625,0.984375
19007.437500,0.921875
19008.359375,0.921875
19009.312500,0.953125
19010.265625,0.953125
19011.140625,0.875000
19012.046875,0.906250
19012.968750,0.921875
19013.843750,0.875000
19014.734375,0.890625
19015.703125,0.968750
19016.734375,1.031250
19017.765625,1.031250
19018.781250,1.015625
19019.781250,1.000000
19020.734375,0.953125
19021.734375,1.000000
19022.687500,0.953125
19023.640625,0.953125
19024.656250,1.015625
19025.671875,1.015625
19026.609375,0.937500
19027.531250,0.921875
19028.515625,0.984375
19029.562500,1.046875
19030.546875,0.984375
19031.531250,0.984375
19032.578125,1.046875
19033.562500,0.984375
19034.578125,1.015625
19035.671875,1.093750
19036.750000,1.078125
19037.781250,1.031250
19038.843750,1.062500
19039.906250,1.062500
19040.937500,1.031250
19041.968750,1.031250
19043.015625,1.046875
19043.984375,0.968750
19044.937500,0.953125
19045.906250,0.968750
19046.906250,1.000000
19047.890625,0.984375
19048.937500,1.046875
19050.046875,1.109375
19051.093750,1.046875
19052.140625,1.046875
19053.156250,1.015625
19054.109375,0.953125
19055.093750,0.984375
19056.109375,1.015625
19057.078125,0.968750
19070.843750,0.937500
19071.828125,0.984375
19072.781250,0.953125
19073.750000,0.968750
19074.750000,1.000000
19075.671875,0.921875
19076.609375,0.937500
19077.562500,0.953125
19078.468750,0.906250
19079.390625,0.921875
19080.328125,0.937500
19081.234375,0.906250
19082.203125,0.968750
19083.203125,1.000000
19084.156250,0.953125
19085.125000,0.968750
19086.109375,0.984375
19087.046875,0.937500
19087.984375,0.937500
19088.953125,0.968750
19089.859375,0.906250
19090.781250,0.921875
19091.765625,0.984375
19092.734375,0.968750
19093.703125,0.968750
19094.687500,0.984375
19095.703125,1.015625
19096.671875,0.968750
19097.640625,0.968750
19098.593750,0.953125
19099.468750,0.875000
19100.359375,0.890625
19101.281250,0.921875
19102.250000,0.968750
19103.203125,0.953125
19104.187500,0.984375
19105.156250,0.968750
19106.031250,0.875000
19106.937500,0.906250
19107.843750,0.906250
19108.703125,0.859375
19109.531250,0.828125
19110.312500,0.781250
19111.109375,0.796875
19111.890625,0.781250
19112.703125,0.812500
19113.578125,0.875000
19114.453125,0.875000
19115.359375,0.906250
19116.328125,0.968750
19117.296875,0.968750
19118.187500,0.890625
19119.078125,0.890625
19119.968750,0.890625
19120.859375,0.890625
19121.734375,0.875000
19122.671875,0.937500
19123.640625,0.968750
19124.640625,1.000000
19125.609375,0.968750
19126.578125,0.968750
19127.515625,0.937500
19128.390625,0.875000
19129.296875,0.906250
19130.218750,0.921875
19131.140625,0.921875
19132.078125,0.937500
19133.078125,1.000000
19134.078125,1.000000
19135.000000,0.921875
19135.890625,0.890625
19136.796875,0.906250
19137.703125,0.906250
19138.562500,0.859375
19139.437500,0.875000
19140.375000,0.937500
19141.296875,0.921875
19142.265625,0.968750
19143.281250,1.015625
19144.265625,0.984375
19145.265625,1.000000
19146.281250,1.015625
19147.234375,0.953125
19148.171875,0.937500
19149.109375,0.937500
19149.984375,0.875000
19150.937500,0.953125
19151.968750,1.031250
19153.000000,1.031250
19154.031250,1.031250
19155.078125,1.046875
19156.125000,1.046875
19157.078125,0.953125
19158.000000,0.921875
19158.968750,0.968750
19159.890625,0.921875
19160.812500,0.921875
19161.781250,0.968750
19162.781250,1.000000
19163.718750,0.937500
19164.671875,0.953125
19165.640625,0.968750
19166.578125,0.937500
19167.562500,0.984375
19168.625000,1.062500
19169.656250,1.031250
19170.703125,1.046875
19171.765625,1.062500
19172.765625,1.000000
19173.734375,0.968750
19174.718750,0.984375
19175.750000,1.031250
19176.734375,0.984375
19177.750000,1.015625
19178.765625,1.015625
19179.671875,0.906250
19180.625000,0.953125
19189.515625,0.812500
19190.328125,0.812500
19191.171875,0.843750
19192.046875,0.875000
19192.906250,0.859375
19193.796875,0.890625
19194.703125,0.906250
19195.593750,0.890625
19196.437500,0.843750
19197.296875,0.859375
19198.171875,0.875000
19199.125000,0.953125
19199.859375,0.734375
19200.765625,0.906250
19201.875000,1.109375
19202.828125,0.953125
19203.734375,0.906250
19204.671875,0.937500
19205.671875,1.000000
19206.578125,0.906250
19207.546875,0.968750
19208.484375,0.937500
19209.359375,0.875000
19210.234375,0.875000
19211.109375,0.875000
19212.031250,0.921875
19212.906250,0.875000
19221.953125,0.906250
19222.828125,0.875000
19223.765625,0.937500
19224.703125,0.937500
19225.562500,0.859375
19226.453125,0.890625
19227.343750,0.890625
19228.218750,0.875000
19229.078125,0.859375
19229.953125,0.875000
19230.859375,0.906250
19231.718750,0.859375
19232.609375,0.890625
19233.515625,0.906250
19234.453125,0.937500
19235.343750,0.890625
19236.234375,0.890625
19237.046875,0.812500
19237.843750,0.796875
19238.625000,0.781250
19239.390625,0.765625
19240.171875,0.781250
19240.984375,0.812500
19241.796875,0.812500
19242.609375,0.812500
19243.468750,0.859375
19244.343750,0.875000
19245.234375,0.890625
19246.156250,0.921875
19247.093750,0.937500
19247.968750,0.875000
19248.859375,0.890625
19249.750000,0.890625
19250.656250,0.906250
19251.531250,0.875000
19252.468750,0.937500
19253.421875,0.953125
19254.359375,0.937500
19255.312500,0.953125
19256.265625,0.953125
19257.234375,0.968750
19258.156250,0.921875
19259.093750,0.937500
19260.046875,0.953125
19260.968750,0.921875
19261.921875,0.953125
19262.906250,0.984375
19263.890625,0.984375
19264.828125,0.937500
19265.796875,0.968750
19266.781250,0.984375
19267.734375,0.953125
19268.703125,0.968750
19269.671875,0.968750
19270.593750,0.921875
19271.562500,0.968750
19272.593750,1.031250
19273.609375,1.015625
19274.640625,1.031250
19275.671875,1.031250
19276.640625,0.968750
19277.593750,0.953125
19278.562500,0.968750
19279.468750,0.906250
19280.343750,0.875000
19289.359375,0.828125
19290.203125,0.843750
19291.031250,0.828125
19291.937500,0.906250
19292.906250,0.968750
19293.890625,0.984375
19294.875000,0.984375
19295.828125,0.953125
19296.796875,0.968750
19297.703125,0.906250
19298.671875,0.968750
19299.718750,1.046875
19300.687500,0.968750
19301.671875,0.984375
19302.687500,1.015625
19303.656250,0.968750
19304.609375,0.953125
19305.687500,1.078125
19306.562500,0.875000
19307.343750,0.781250
19308.125000,0.781250
19308.843750,0.718750
19309.531250,0.687500
19310.265625,0.734375
19310.953125,0.687500
19311.656250,0.703125
19312.390625,0.734375
19313.156250,0.765625
19313.937500,0.781250
19314.750000,0.812500
19315.562500,0.812500
19320.328125,0.812500
19321.187500,0.859375
19322.062500,0.875000
19322.921875,0.859375
19323.796875,0.875000
19324.687500,0.890625
19325.546875,0.859375
19326.468750,0.921875
19327.421875,0.953125
19334.515625,0.812500
19335.406250,0.890625
19336.281250,0.875000
19337.187500,0.906250
19338.062500,0.875000
19338.937500,0.875000
19339.828125,0.890625
19340.765625,0.937500
19341.703125,0.937500
19356.062500,0.906250
19356.968750,0.906250
19357.921875,0.953125
19358.890625,0.968750
19359.843750,0.953125
19377.015625,0.937500
19377.890625,0.875000
19378.781250,0.890625
19379.687500,0.906250
19380.546875,0.859375
19381.437500,0.890625
19382.343750,0.906250
19383.250000,0.906250
19384.140625,0.890625
19385.046875,0.906250
19385.921875,0.875000
19386.828125,0.906250
19387.703125,0.875000
19388.562500,0.859375
19389.406250,0.843750
19390.265625,0.859375
19391.140625,0.875000
19391.984375,0.843750
19392.859375,0.875000
19393.781250,0.921875
19394.718750,0.937500
19395.656250,0.937500
19396.578125,0.921875
19397.484375,0.906250
19398.234375,0.750000
19399.046875,0.812500
19399.968750,0.921875
19400.718750,0.750000
19401.500000,0.781250
19402.328125,0.828125
19403.250000,0.921875
19404.046875,0.796875
19409.281250,0.937500
19410.140625,0.859375
19411.109375,0.968750
19411.953125,0.843750
19412.984375,1.031250
19413.890625,0.906250
19414.750000,0.859375
19427.281250,1.000000
19428.218750,0.937500
19429.187500,0.968750
19430.171875,0.984375
19431.171875,1.000000
19432.171875,1.000000
19433.187500,1.015625
19434.125000,0.937500
19435.078125,0.953125
19436.046875,0.968750
19437.000000,0.953125
19438.062500,1.062500
19439.109375,1.046875
19440.109375,1.000000
19454.187500,0.750000
19454.937500,0.750000
19455.687500,0.750000
19456.437500,0.750000
19457.250000,0.812500
19458.062500,0.812500
19458.906250,0.843750
19459.812500,0.906250
19460.734375,0.921875
19461.625000,0.890625
19483.515625,0.609375
19484.125000,0.609375
19488.078125,0.765625
19488.875000,0.796875
19489.734375,0.859375
19490.640625,0.906250
19491.578125,0.937500
19492.578125,1.000000
19493.578125,1.000000
19494.484375,0.906250
19495.406250,0.921875
19496.359375,0.953125
19497.218750,0.859375
19498.062500,0.843750
19498.921875,0.859375
19499.734375,0.812500
19500.593750,0.859375
19501.687500,1.093750
19502.656250,0.968750
19503.625000,0.968750
19504.593750,0.968750
19505.609375,1.015625
19506.625000,1.015625
19507.609375,0.984375
19508.515625,0.906250
19519.500000,0.921875
19520.468750,0.968750
19521.406250,0.937500
19522.328125,0.921875
19523.296875,0.968750
19534.453125,0.890625
19535.375000,0.921875
19536.296875,0.921875
19537.218750,0.921875
19538.171875,0.953125
19550.515625,0.781250
19551.296875,0.781250
19552.109375,0.812500
19553.015625,0.906250
19553.937500,0.921875
19554.781250,0.843750
19555.875000,1.093750
19556.828125,0.953125
19557.734375,0.906250
19558.687500,0.953125
19559.640625,0.953125
19560.390625,0.750000
19561.375000,0.984375
19562.203125,0.828125
19563.015625,0.812500
19572.062500,1.125000
19578.250000,0.953125
19590.250000,0.859375
19601.890625,0.796875
19602.687500,0.796875
19603.500000,0.812500
19604.312500,0.812500
19605.109375,0.796875
19605.921875,0.812500
19606.734375,0.812500
19607.562500,0.828125
19608.421875,0.859375
19618.140625,0.796875
19619.015625,0.875000
19619.953125,0.937500
19620.828125,0.875000
19621.671875,0.843750
19622.515625,0.843750
19623.328125,0.812500
19631.281250,0.937500
19636.765625,0.937500
19644.203125,0.906250
19645.078125,0.875000
19645.968750,0.890625
19646.890625,0.921875
19647.750000,0.859375
19648.609375,0.859375
19678.750000,1.015625
19679.781250,1.031250
19680.875000,1.093750
19681.859375,0.984375
19682.906250,1.046875
19683.968750,1.062500
19684.968750,1.000000
19738.000000,0.937500
19738.906250,0.906250
19739.875000,0.968750
19740.593750,0.718750
19747.046875,0.921875
19747.984375,0.937500
19760.140625,0.687500
19760.812500,0.671875
19784.062500,0.765625
19784.875000,0.812500
19785.734375,0.859375
19786.593750,0.859375
19787.500000,0.906250
19788.390625,0.890625
19789.234375,0.843750
19790.125000,0.890625
19791.046875,0.921875
19791.968750,0.921875
19792.921875,0.953125
19793.828125,0.906250
19794.703125,0.875000
19795.640625,0.937500
19814.546875,0.812500
19815.390625,0.843750
19825.328125,0.765625
19826.093750,0.765625
19826.890625,0.796875
19827.687500,0.796875
19828.484375,0.796875
19829.312500,0.828125
19830.140625,0.828125
19831.031250,0.890625
19831.937500,0.906250
19864.390625,0.890625
19877.656250,0.781250
19878.328125,0.671875
19879.265625,0.937500
19880.109375,0.843750
19880.953125,0.843750
19881.890625,0.937500
19882.781250,0.890625
19883.656250,0.875000
19884.515625,0.859375
19885.343750,0.828125
19886.265625,0.921875
19887.140625,0.875000
19888.015625,0.875000
19888.921875,0.906250
19889.781250,0.859375
19890.640625,0.859375
19891.531250,0.890625
19892.468750,0.937500
19893.390625,0.921875
19894.296875,0.906250
19895.140625,0.843750
19896.046875,0.906250
19896.921875,0.875000
19901.078125,0.875000
19901.968750,0.890625
19902.843750,0.875000
19903.796875,0.953125
19904.734375,0.937500
19905.687500,0.953125
19906.593750,0.906250
19907.671875,1.078125
19908.578125,0.906250
19909.343750,0.765625
19910.437500,1.093750
19911.343750,0.906250
19912.234375,0.890625
19913.140625,0.906250
19913.953125,0.812500
19914.828125,0.875000
19915.578125,0.750000
19916.359375,0.781250
19917.203125,0.843750
19918.093750,0.890625
19919.093750,1.000000
19934.218750,0.812500
19949.109375,0.843750
19949.984375,0.875000
19962.921875,0.843750
19963.859375,0.937500
19964.828125,0.968750
19974.125000,0.843750
19975.046875,0.921875
19976.015625,0.968750
19976.937500,0.921875
19977.859375,0.921875
19978.765625,0.906250
19984.015625,0.921875
19984.921875,0.906250
19985.812500,0.890625
19986.671875,0.859375
19987.546875,0.875000
19988.390625,0.843750
19989.265625,0.875000
19990.187500,0.921875
19991.093750,0.906250
20001.328125,0.875000
20002.234375,0.906250
20003.156250,0.921875
20004.046875,0.890625
20004.937500,0.890625
20005.812500,0.875000
20006.671875,0.859375
20007.484375,0.812500
20008.281250,0.796875
20009.171875,0.890625
20010.062500,0.890625
20010.968750,0.906250
20011.953125,0.984375
20013.000000,1.046875
20014.078125,1.078125
20015.093750,1.015625
20016.062500,0.968750
20017.046875,0.984375
20017.984375,0.937500
20018.859375,0.875000
20019.734375,0.875000
20020.609375,0.875000
20021.484375,0.875000
20022.343750,0.859375
20023.265625,0.921875
20024.234375,0.968750
20025.281250,1.046875
20026.265625,0.984375
20043.125000,0.812500
20043.968750,0.843750
20044.828125,0.859375
20055.359375,0.875000
20056.281250,0.921875
20057.218750,0.937500
20058.078125,0.859375
20058.984375,0.906250
20059.906250,0.921875
20060.671875,0.765625
20061.718750,1.046875
20062.593750,0.875000
20063.437500,0.843750
20064.328125,0.890625
20065.171875,0.843750
20076.562500,1.015625
20077.500000,0.937500
20078.437500,0.937500
20079.265625,0.828125
20080.093750,0.828125
20080.953125,0.859375
20081.812500,0.859375
20082.703125,0.890625
20083.640625,0.937500
20084.343750,0.703125
20085.375000,1.031250
20086.171875,0.796875
20087.062500,0.890625
20088.015625,0.953125
20088.843750,0.828125
20089.687500,0.843750
20090.609375,0.921875
20091.531250,0.921875
20103.187500,0.875000
20111.968750,0.750000
20112.718750,0.750000
20113.593750,0.875000
20114.312500,0.718750
20118.937500,0.828125
20119.812500,0.875000
20120.718750,0.906250
20121.578125,0.859375
20122.406250,0.828125
20123.250000,0.843750
20124.109375,0.859375
20124.953125,0.843750
20125.843750,0.890625
20134.062500,0.937500
20134.968750,0.906250
20135.890625,0.921875
20136.812500,0.921875
20137.734375,0.921875
20138.671875,0.937500
20139.578125,0.906250
20140.500000,0.921875
20141.359375,0.859375
20142.234375,0.875000
20143.171875,0.937500
20150.109375,0.937500
20151.062500,0.953125
20151.937500,0.875000
20168.734375,0.890625
20169.578125,0.843750
20213.093750,0.968750
20213.890625,0.796875
20228.531250,0.734375
20229.265625,0.734375
20229.968750,0.703125
20230.687500,0.718750
20231.421875,0.734375
20241.453125,0.718750
20242.171875,0.718750
20242.890625,0.718750
20243.640625,0.750000
20244.390625,0.750000
20245.171875,0.781250
20246.015625,0.843750
20246.875000,0.859375
20247.718750,0.843750
20248.531250,0.812500
20270.296875,0.875000
20271.203125,0.906250
20272.093750,0.890625
20272.968750,0.875000
20273.843750,0.875000
20274.750000,0.906250
20275.671875,0.921875
20276.562500,0.890625
20286.968750,0.859375
20287.859375,0.890625
20288.765625,0.906250
20289.703125,0.937500
20290.546875,0.843750
20291.375000,0.828125
20292.156250,0.781250
20292.937500,0.781250
20293.734375,0.796875
20294.593750,0.859375
20295.406250,0.812500
20296.296875,0.890625
20297.203125,0.906250
20298.156250,0.953125
20299.046875,0.890625
20299.953125,0.906250
20300.875000,0.921875
20301.796875,0.921875
20302.640625,0.843750
20303.515625,0.875000
20310.140625,0.796875
20310.968750,0.828125
20311.875000,0.906250
20312.687500,0.812500
20318.781250,0.781250
20319.609375,0.828125
20320.484375,0.875000
20321.359375,0.875000
20322.312500,0.953125
20323.296875,0.984375
20324.250000,0.953125
20325.187500,0.937500
20339.125000,0.843750
20340.015625,0.890625
20340.921875,0.906250
20341.781250,0.859375
20342.640625,0.859375
20343.531250,0.890625
20344.390625,0.859375
20360.406250,0.796875
20361.234375,0.828125
20362.078125,0.843750
20362.937500,0.859375
20363.781250,0.843750
20364.625000,0.843750
20365.484375,0.859375
20370.015625,0.750000
20370.765625,0.750000
20371.531250,0.765625
20372.343750,0.812500
20373.171875,0.828125
20374.000000,0.828125
20374.796875,0.796875
20375.625000,0.828125
20376.437500,0.812500
20377.234375,0.796875
20378.000000,0.765625
20378.781250,0.781250
20379.593750,0.812500
20380.515625,0.921875
20381.406250,0.890625
20382.375000,0.968750
20383.375000,1.000000
20384.328125,0.953125
20385.281250,0.953125
20386.218750,0.937500
20387.140625,0.921875
20388.203125,1.062500
20389.140625,0.937500
20390.046875,0.906250
20390.937500,0.890625
20391.828125,0.890625
20392.718750,0.890625
20393.656250,0.937500
20394.562500,0.906250
20395.546875,0.984375
20396.546875,1.000000
20397.515625,0.968750
20398.468750,0.953125
20399.453125,0.984375
20403.984375,0.890625
20404.890625,0.906250
20405.812500,0.921875
20406.718750,0.906250
20407.593750,0.875000
20408.515625,0.921875
20409.421875,0.906250
20410.343750,0.921875
20411.312500,0.968750
20412.281250,0.968750
20413.218750,0.937500
20414.203125,0.984375
20415.218750,1.015625
20416.218750,1.000000
20417.218750,1.000000
20418.203125,0.984375
20419.093750,0.890625
20420.000000,0.906250
20420.921875,0.921875
20421.859375,0.937500
20422.765625,0.906250
20423.750000,0.984375
20424.687500,0.937500
20425.625000,0.937500
20426.515625,0.890625
20427.437500,0.921875
20428.484375,1.046875
20429.515625,1.031250
20430.468750,0.953125
20431.453125,0.984375
20432.421875,0.968750
20433.343750,0.921875
20434.281250,0.937500
20435.218750,0.937500
20436.156250,0.937500
20437.062500,0.906250
20438.015625,0.953125
20438.984375,0.968750
20439.906250,0.921875
20440.843750,0.937500
20441.843750,1.000000
20442.796875,0.953125
20443.703125,0.906250
20444.609375,0.906250
20445.546875,0.937500
20446.421875,0.875000
20447.359375,0.937500
20448.296875,0.937500
20449.218750,0.921875
20450.062500,0.843750
20450.906250,0.843750
20451.765625,0.859375
20452.640625,0.875000
20453.546875,0.906250
20474.937500,0.859375
20475.812500,0.875000
20476.671875,0.859375
20477.531250,0.859375
20478.296875,0.765625
20479.109375,0.812500
20479.875000,0.765625
20495.812500,0.937500
20501.578125,0.953125
20502.531250,0.953125
20507.984375,0.937500
20508.984375,1.000000
20509.984375,1.000000
20511.031250,1.046875
20511.984375,0.953125
20525.515625,0.875000
20526.453125,0.937500
20531.781250,0.921875
20566.140625,0.859375
20566.953125,0.812500
20616.859375,0.796875
20617.765625,0.906250
20618.781250,1.015625
20619.718750,0.937500
20620.718750,1.000000
20621.734375,1.015625
20622.718750,0.984375
20623.640625,0.921875
20624.546875,0.906250
20625.468750,0.921875
20626.328125,0.859375
20627.250000,0.921875
20628.171875,0.921875
20629.093750,0.921875
20630.046875,0.953125
20631.031250,0.984375
20631.953125,0.921875
20632.859375,0.906250
20633.796875,0.937500
20634.703125,0.906250
20635.578125,0.875000
20636.468750,0.890625
20637.421875,0.953125
20638.406250,0.984375
20639.343750,0.937500
20640.296875,0.953125
20641.250000,0.953125
20642.171875,0.921875
20643.031250,0.859375
20656.531250,0.921875
20657.562500,1.031250
20672.031250,0.890625
20672.875000,0.843750
20673.734375,0.859375
20674.656250,0.921875
20675.593750,0.937500
20676.515625,0.921875
20677.500000,0.984375
20678.484375,0.984375
20679.421875,0.937500
20680.375000,0.953125
20681.296875,0.921875
20682.171875,0.875000
20683.093750,0.921875
20684.031250,0.937500
20684.921875,0.890625
20685.875000,0.953125
20686.875000,1.000000
20687.828125,0.953125
20688.968750,1.140625
20689.968750,1.000000
20690.937500,0.968750
20691.828125,0.890625
20692.718750,0.890625
20693.625000,0.906250
20694.359375,0.734375
20695.406250,1.046875
20704.843750,0.875000
20705.718750,0.875000
20706.625000,0.906250
20707.578125,0.953125
20714.187500,0.937500
20725.062500,0.953125
20726.015625,0.953125
20726.812500,0.796875
20727.921875,1.109375
20728.796875,0.875000
20729.531250,0.734375
20734.359375,0.953125
20735.234375,0.875000
20768.250000,0.906250
20769.218750,0.968750
20770.203125,0.984375
20771.078125,0.875000
20771.921875,0.843750
20772.750000,0.828125
20773.562500,0.812500
20774.406250,0.843750
20775.281250,0.875000
20776.187500,0.906250
20777.046875,0.859375
20777.953125,0.906250
20778.859375,0.906250
20779.750000,0.890625
20791.265625,0.765625
20792.000000,0.734375
20792.765625,0.765625
20793.546875,0.781250
20794.343750,0.796875
20795.140625,0.796875
20796.015625,0.875000
20796.906250,0.890625
20797.578125,0.671875
20801.843750,0.828125
20802.671875,0.828125
20803.546875,0.875000
20804.421875,0.875000
20805.281250,0.859375
20806.171875,0.890625
20807.015625,0.843750
20807.843750,0.828125
20808.734375,0.890625
20809.640625,0.906250
20810.484375,0.843750
20811.343750,0.859375
20827.171875,0.796875
20827.937500,0.765625
20828.734375,0.796875
20829.515625,0.781250
20830.281250,0.765625
20831.046875,0.765625
20831.828125,0.781250
20832.625000,0.796875
20833.406250,0.781250
20834.140625,0.734375
20834.984375,0.843750
20835.718750,0.734375
20836.484375,0.765625
20837.250000,0.765625
20838.015625,0.765625
20838.812500,0.796875
20839.578125,0.765625
20840.343750,0.765625
20841.171875,0.828125
20841.953125,0.781250
20842.734375,0.781250
20843.500000,0.765625
20844.265625,0.765625
20845.015625,0.750000
20845.765625,0.750000
20846.484375,0.718750
20847.343750,0.859375
20848.125000,0.781250
20853.031250,0.796875
20853.875000,0.843750
20854.687500,0.812500
20855.406250,0.718750
20865.390625,0.734375
20866.156250,0.765625
20866.890625,0.734375
20867.671875,0.781250
20872.859375,0.734375
20895.703125,0.937500
20896.593750,0.890625
20897.468750,0.875000
20910.437500,0.781250
20911.234375,0.796875
20912.093750,0.859375
20913.000000,0.906250
20913.921875,0.921875
20914.921875,1.000000
20915.921875,1.000000
20916.890625,0.968750
20917.843750,0.953125
20918.828125,0.984375
20919.750000,0.921875
20920.703125,0.953125
20921.703125,1.000000
20922.687500,0.984375
20923.640625,0.953125
20924.640625,1.000000
20925.703125,1.062500
20926.734375,1.031250
20927.703125,0.968750
20928.687500,0.984375
20929.656250,0.968750
20930.609375,0.953125
20931.593750,0.984375
20932.609375,1.015625
20933.671875,1.062500
20934.687500,1.015625
20935.687500,1.000000
20999.984375,0.906250
21028.953125,0.984375
21029.890625,0.937500
21030.843750,0.953125
21031.687500,0.843750
21032.781250,1.093750
21038.546875,0.968750
21039.515625,0.968750
21040.468750,0.953125
21041.453125,0.984375
21042.437500,0.984375
21043.390625,0.953125
21044.390625,1.000000
21045.390625,1.000000
21046.343750,0.953125
21047.281250,0.937500
21048.250000,0.968750
21052.296875,1.000000
21053.281250,0.984375
21075.484375,0.906250
21076.406250,0.921875
21077.328125,0.921875
21078.281250,0.953125
21079.218750,0.937500
21080.125000,0.906250
21081.062500,0.937500
21082.000000,0.937500
21082.921875,0.921875
21083.921875,1.000000
21084.937500,1.015625
21085.921875,0.984375
21086.875000,0.953125
21087.859375,0.984375
21088.765625,0.906250
21089.687500,0.921875
21090.546875,0.859375
21099.296875,1.000000
21100.296875,1.000000
21101.265625,0.968750
21102.250000,0.984375
21103.156250,0.906250
21109.140625,0.953125
21110.125000,0.984375
21111.078125,0.953125
21112.078125,1.000000
21113.062500,0.984375
21114.000000,0.937500
21114.968750,0.968750
21115.953125,0.984375
21116.875000,0.921875
21117.828125,0.953125
21118.828125,1.000000
21134.250000,0.828125
21135.078125,0.828125
21135.953125,0.875000
21136.890625,0.937500
21149.218750,0.984375
21150.187500,0.968750
21151.078125,0.890625
21152.000000,0.921875
21152.953125,0.953125
21153.890625,0.937500
21171.203125,0.875000
21171.984375,0.781250
21173.000000,1.015625
21173.890625,0.890625
21174.812500,0.921875
21175.656250,0.843750
21176.484375,0.828125
21177.328125,0.843750
21178.140625,0.812500
21178.921875,0.781250
21179.671875,0.750000
21180.468750,0.796875
21181.312500,0.843750
21188.031250,0.890625
21188.953125,0.921875
21189.890625,0.937500
21222.468750,0.765625
21223.234375,0.765625
21223.984375,0.750000
21224.734375,0.750000
21225.500000,0.765625
21226.265625,0.765625
21227.031250,0.765625
21227.828125,0.796875
21228.656250,0.828125
21229.531250,0.875000
21230.375000,0.843750
21231.265625,0.890625
21232.156250,0.890625
21233.031250,0.875000
21233.843750,0.812500
21578.328125,0.406250
21645.718750,0.531250
21646.234375,0.515625
21646.828125,0.593750
21716.015625,0.750000
21716.796875,0.781250
21721.640625,0.781250
21722.218750,0.578125
21757.390625,0.562500
22065.656250,0.718750
22066.406250,0.750000
22067.187500,0.781250
22067.953125,0.765625
22068.703125,0.750000
22069.484375,0.781250
22070.328125,0.843750
22071.156250,0.828125
22072.031250,0.875000
22072.953125,0.921875
22073.843750,0.890625
22074.750000,0.906250
22075.671875,0.921875
22113.390625,0.937500
22114.359375,0.968750
22115.281250,0.921875
22116.359375,1.078125
22135.171875,0.890625
22136.000000,0.828125
22136.921875,0.921875
22137.875000,0.953125
22138.796875,0.921875
22139.718750,0.921875
22140.656250,0.937500
22141.531250,0.875000
22142.437500,0.906250
22143.375000,0.937500
22144.328125,0.953125
22145.203125,0.875000
22146.187500,0.984375
22147.140625,0.953125
22148.046875,0.906250
22148.890625,0.843750
22149.859375,0.968750
22150.578125,0.718750
22151.343750,0.765625
22152.234375,0.890625
22152.921875,0.687500
22153.859375,0.937500
22225.062499,0.812500
22261.249999,0.843750
22262.124999,0.875000
22262.999999,0.875000
22363.359374,0.859375
22364.328124,0.968750
22365.281249,0.953125
22366.171874,0.890625
22372.062499,0.968750
22373.234374,1.171875
22374.171874,0.937500
22375.187499,1.015625
22376.203124,1.015625
22410.968749,0.921875
22411.921874,0.953125
22412.874999,0.953125
22465.749999,0.718750
22473.468749,0.953125
22476.265624,0.625000
22483.781249,0.859375
22484.703124,0.921875
22485.687499,0.984375
22486.640624,0.953125
22487.656249,1.015625
22497.921874,0.921875
22498.874999,0.953125
22499.828124,0.953125
22583.984374,0.968750
22584.859374,0.875000
22585.765624,0.906250
22586.718749,0.953125
22594.468749,0.765625
22654.187499,0.984375
22655.171874,0.984375
22656.109374,0.937500
22657.031249,0.921875
22677.499999,0.828125
22678.359374,0.859375
22679.218749,0.859375
22701.281249,0.953125
22745.124999,0.906250
22746.093749,0.968750
22747.093749,1.000000
22748.078124,0.984375
22749.093749,1.015625
22750.078124,0.984375
22751.093749,1.015625
22752.109374,1.015625
22784.453124,0.843750
22785.234374,0.781250
22786.046874,0.812500
22786.921874,0.875000
22787.859374,0.937500
22788.906249,1.046875
22789.874999,0.968750
22790.921874,1.046875
22791.906249,0.984375
22792.828124,0.921875
22793.734374,0.906250
22836.093749,0.968750
22837.046874,0.953125
22837.984374,0.937500
22843.624999,1.000000
22922.640624,0.906250
22923.531249,0.890625
22924.437499,0.906250
22925.390624,0.953125
22926.312499,0.921875
22947.671874,0.781250
22958.593749,0.937500
22959.609374,1.015625
22973.296874,0.906250
22974.296874,1.000000
22975.249999,0.953125
23020.859374,1.015625
23028.968749,0.968750
23029.953124,0.984375
23041.437499,1.031250
23042.296874,0.859375
23043.406249,1.109375
23044.421874,1.015625
23075.187499,0.796875
23102.937499,1.078125
23103.937499,1.000000
23150.828124,0.968750
23151.999999,1.171875
23152.984374,0.984375
23161.187499,0.921875
23162.140624,0.953125
23178.015624,0.812500
23178.828124,0.812500
23179.624999,0.796875
23180.437499,0.812500
23181.218749,0.781250
23181.999999,0.781250
23182.781249,0.781250
23183.578124,0.796875
23184.406249,0.828125
23185.265624,0.859375
23185.999999,0.734375
23201.062499,0.906250
23202.031249,0.968750
23202.937499,0.906250
23203.796874,0.859375
23204.609374,0.812500
23205.421874,0.812500
23206.218749,0.796875
23207.093749,0.875000
23208.078124,0.984375
23208.906249,0.828125
23209.968749,1.062500
23210.921874,0.953125
23211.890624,0.968750
23212.765624,0.875000
23213.687499,0.921875
23214.578124,0.890625
23215.453124,0.875000
23216.343749,0.890625
23217.281249,0.937500
23218.234374,0.953125
23219.234374,1.000000
23220.265624,1.031250
23267.109374,0.937500
23267.921874,0.812500
23268.656249,0.734375
23279.671874,0.796875
23280.437499,0.765625
23286.609374,0.703125
23287.578124,0.968750
23288.484374,0.906250
23289.296874,0.812500
23290.140624,0.843750
23294.937499,0.796875
23295.843749,0.906250
23296.656249,0.812500
23297.640624,0.984375
23298.562499,0.921875
23299.484374,0.921875
23300.312499,0.828125
23301.203124,0.890625
23302.140624,0.937500
23303.015624,0.875000
23303.953124,0.937500
23304.906249,0.953125
23305.781249,0.875000
23306.609374,0.828125
23307.437499,0.828125
23360.968749,1.046875
23361.812499,0.843750
23362.640624,0.828125
23381.781249,0.828125
23396.062499,0.953125
23397.046874,0.984375
23398.046874,1.000000
23398.968749,0.921875
23399.796874,0.828125
23400.765624,0.968750
23401.687499,0.921875
23402.515624,0.828125
23403.624999,1.109375
23435.249999,1.015625
23436.281249,1.031250
23450.984374,0.609375
23468.921874,0.859375
23473.937499,0.906250
23474.843749,0.906250
23475.703124,0.859375
23476.562499,0.859375
23477.468749,0.906250
23478.390624,0.921875
23496.343749,0.906250
23497.328124,0.984375
23515.874999,0.796875
23516.703124,0.828125
23517.562499,0.859375
23518.406249,0.843750
23519.218749,0.812500
23520.046874,0.828125
23520.906249,0.859375
23521.765624,0.859375
23522.593749,0.828125
23523.406249,0.812500
23524.281249,0.875000
23525.171874,0.890625
23525.984374,0.812500
23526.906249,0.921875
23527.859374,0.953125
23528.703124,0.843750
23529.562499,0.859375
23530.484374,0.921875
23531.328124,0.843750
23532.249999,0.921875
23533.156249,0.906250
23534.140624,0.984375
23535.093749,0.953125
23536.046874,0.953125
23536.953124,0.906250
23537.765624,0.812500
23538.640624,0.875000
23539.531249,0.890625
23540.390624,0.859375
23541.296874,0.906250
23542.187499,0.890625
23543.109374,0.921875
23543.999999,0.890625
23544.843749,0.843750
23549.640624,0.921875
23550.484374,0.843750
23551.390624,0.906250
23552.265624,0.875000
23553.234374,0.968750
23554.296874,1.062500
23555.343749,1.046875
23556.296874,0.953125
23557.218749,0.921875
23558.249999,1.031250
23559.171874,0.921875
23560.124999,0.953125
23561.031249,0.906250
23561.984374,0.953125
23562.890624,0.906250
23563.812499,0.921875
23564.624999,0.812500
23565.328124,0.703125
23574.218749,0.765625
23575.046874,0.828125
23575.890624,0.843750
23576.734374,0.843750
23577.640624,0.906250
23578.656249,1.015625
23579.671874,1.015625
23580.671874,1.000000
23581.687499,1.015625
23582.671874,0.984375
23583.718749,1.046875
23584.812499,1.093750
23585.874999,1.062500
23586.890624,1.015625
23587.874999,0.984375
23588.874999,1.000000
23637.499999,0.875000
23638.390624,0.890625
23645.765624,1.046875
23646.765624,1.000000
23655.671874,1.093750
23656.781249,1.109375
23657.796874,1.015625
23671.937499,0.812500
23672.812499,0.875000
23673.781249,0.968750
23674.671874,0.890625
23675.828124,1.156250
23676.859374,1.031250
23677.906249,1.046875
23696.171874,1.000000
23697.124999,0.953125
23705.437499,1.078125
23706.390624,0.953125
23707.312499,0.921875
23736.031249,0.843750
23736.968749,0.937500
23737.953124,0.984375
23738.906249,0.953125
23739.874999,0.968750
23740.812499,0.937500
23741.718749,0.906250
23742.640624,0.921875
23743.609374,0.968750
23744.609374,1.000000
23745.671874,1.062500
23746.687499,1.015625
23747.734374,1.046875
23748.812499,1.078125
23767.437499,1.015625
23776.624999,0.937500
23782.374999,0.937500
23783.296874,0.921875
23797.437499,1.046875
23798.437499,1.000000
23799.499999,1.062500
23805.671874,1.015625
23806.656249,0.984375
23819.906249,0.953125
23820.937499,1.031250
23848.140624,0.906250
23849.109374,0.968750
23849.984374,0.875000
23850.937499,0.953125
23851.890624,0.953125
23852.781249,0.890625
23853.640624,0.859375
23854.484374,0.843750
23855.374999,0.890625
23856.218749,0.843750
23857.171874,0.953125
23858.140624,0.968750
23859.093749,0.953125
23860.078124,0.984375
23861.046874,0.968750
23861.937499,0.890625
23862.859374,0.921875
23863.796874,0.937500
23864.671874,0.875000
23929.343749,1.031250
23930.296874,0.953125
23931.296874,1.000000
23932.421874,1.125000
23933.437499,1.015625
23934.468749,1.031250
23940.468749,0.937500
23941.468749,1.000000
23942.484374,1.015625
23943.453124,0.968750
23944.468749,1.015625
23945.546874,1.078125
23946.531249,0.984375
23947.624999,1.093750
23965.640624,0.906250
23966.531249,0.890625
23967.468749,0.937500
23968.421874,0.953125
23969.343749,0.921875
23970.312499,0.968750
23971.265624,0.953125
23972.218749,0.953125
23973.140624,0.921875
23974.140624,1.000000
24026.093749,1.015625
24027.109374,1.015625
24028.078124,0.968750
24029.093749,1.015625
24030.124999,1.031250
24031.062499,0.937500
24032.062499,1.000000
24033.078124,1.015625
24043.046874,0.937500
24044.015624,0.968750
24044.984374,0.968750
24045.874999,0.890625
24046.781249,0.906250
24047.718749,0.937500
24048.640624,0.921875
24054.374999,1.062500
24055.406249,1.031250
24056.374999,0.968750
24057.343749,0.968750
24058.328124,0.984375
24059.265624,0.937500
24060.171874,0.906250
24061.124999,0.953125
24062.124999,1.000000
24063.062499,0.937500
24071.718749,1.000000
24072.671874,0.953125
24073.671874,1.000000
24074.671874,1.000000
24083.796874,0.953125
24084.734374,0.937500
24085.562499,0.828125
24086.640624,1.078125
24095.265624,0.890625
24096.140624,0.875000
24097.093749,0.953125
24098.062499,0.968750
24098.968749,0.906250
24099.906249,0.937500
24100.812499,0.906250
24101.703124,0.890625
24102.578124,0.875000
24103.468749,0.890625
24104.359374,0.890625
24105.234374,0.875000
24115.359374,0.937500
24116.374999,1.015625
24117.374999,1.000000
24118.374999,1.000000
24119.374999,1.000000
24120.421874,1.046875
24121.468749,1.046875
24122.468749,1.000000
24123.562499,1.093750
24124.562499,1.000000
24125.578124,1.015625
24126.640624,1.062500
24137.296874,0.937500
24138.218749,0.921875
24139.171874,0.953125
24140.156249,0.984375
24141.171874,1.015625
24142.265624,1.093750
24143.328124,1.062500
24144.359374,1.031250
24145.390624,1.031250
24146.421874,1.031250
24147.406249,0.984375
24148.421874,1.015625
24149.437499,1.015625
24150.406249,0.968750
24151.453124,1.046875
24152.484374,1.031250
24153.499999,1.015625
24154.578124,1.078125
24155.671874,1.093750
24156.656249,0.984375
24157.687499,1.031250
24158.781249,1.093750
24159.812499,1.031250
24165.703124,1.000000
24166.671874,0.968750
24167.671874,1.000000
24168.718749,1.046875
24169.718749,1.000000
24170.703124,0.984375
24171.703124,1.000000
24172.687499,0.984375
24173.640624,0.953125
24174.609374,0.968750
24175.593749,0.984375
24176.718749,1.125000
24177.703124,0.984375
24178.703124,1.000000
24179.671874,0.968750
24180.671874,1.000000
24181.734374,1.062500
24182.718749,0.984375
24189.343749,0.812500
24190.203124,0.859375
24191.062499,0.859375
24191.859374,0.796875
24192.656249,0.796875
24193.499999,0.843750
24211.453124,0.812500
24219.859374,0.984375
24220.937499,1.078125
24221.968749,1.031250
24222.921874,0.953125
24223.890624,0.968750
24224.828124,0.937500
24225.734374,0.906250
24226.609374,0.875000
24227.453124,0.843750
24228.359374,0.906250
24229.281249,0.921875
24246.140624,0.734375
24246.874999,0.734375
24247.624999,0.750000
24255.187499,0.750000
24256.015624,0.828125
24256.859374,0.843750
24257.671874,0.812500
24258.515624,0.843750
24259.390624,0.875000
24260.218749,0.828125
24264.874999,0.765625
24265.796874,0.921875
24266.703124,0.906250
24267.687499,0.984375
24268.718749,1.031250
24269.703124,0.984375
24270.687499,0.984375
24271.687499,1.000000
24272.640624,0.953125
24273.624999,0.984375
24274.546874,0.921875
24275.468749,0.921875
24276.359374,0.890625
24277.249999,0.890625
24278.109374,0.859375
24278.968749,0.859375
24279.890624,0.921875
24280.765624,0.875000
24293.312499,0.937500
24294.296874,0.984375
24300.624999,0.703125
24319.265624,0.953125
24320.203124,0.937500
24321.078124,0.875000
24325.312499,0.859375
24326.203124,0.890625
24327.140624,0.937500
24328.109374,0.968750
24329.109374,1.000000
24330.124999,1.015625
24331.109374,0.984375
24332.046874,0.937500
24332.999999,0.953125
24333.984374,0.984375
24334.921874,0.937500
24335.890624,0.968750
24336.874999,0.984375
24337.843749,0.968750
24338.874999,1.031250
24339.874999,1.000000
24340.874999,1.000000
24341.874999,1.000000
24342.812499,0.937500
24343.812499,1.000000
24344.609374,0.796875
24345.640624,1.031250
24346.593749,0.953125
24347.578124,0.984375
24348.515624,0.937500
24349.578124,1.062500
24350.624999,1.046875
24351.640624,1.015625
24352.624999,0.984375
24353.671874,1.046875
24354.749999,1.078125
24355.671874,0.921875
24356.859374,1.187500
24357.859374,1.000000
24358.890624,1.031250
24359.984374,1.093750
24361.031249,1.046875
24362.140624,1.109375
24363.203124,1.062500
24364.140624,0.937500
24374.999999,0.906250
24375.781249,0.781250
24376.796874,1.015625
24425.953124,1.000000
24426.937499,0.984375
24427.874999,0.937500
24428.828124,0.953125
24429.765624,0.937500
24430.656249,0.890625
24431.593749,0.937500
24432.562499,0.968750
24433.609374,1.046875
24434.624999,1.015625
24435.609374,0.984375
24442.843749,0.984375
24443.843749,1.000000
24444.859374,1.015625
24450.453124,0.953125
24451.390624,0.937500
24452.343749,0.953125
24461.343749,0.968750
24462.343749,1.000000
24482.984374,0.937500
24483.921874,0.937500
24484.656249,0.734375
24508.890624,1.109375
24509.968749,1.078125
24511.015624,1.046875
24516.968749,0.953125
24517.921874,0.953125
24590.718749,0.937500
24591.640624,0.921875
24592.593749,0.953125
24593.578124,0.984375
24594.546874,0.968750
24599.078124,0.953125
24600.078124,1.000000
24601.078124,1.000000
24602.109374,1.031250
24603.124999,1.015625
24604.156249,1.031250
24605.187499,1.031250
24606.281249,1.093750
24607.296874,1.015625
24608.203124,0.906250
24609.062499,0.859375
24609.921874,0.859375
24610.796874,0.875000
24611.749999,0.953125
24612.812499,1.062500
24613.749999,0.937500
24614.937499,1.187500
24615.906249,0.968750
24620.203124,0.796875
24621.093749,0.890625
24622.093749,1.000000
24623.093749,1.000000
24624.140624,1.046875
24625.234374,1.093750
24626.187499,0.953125
24627.249999,1.062500
24628.265624,1.015625
24629.187499,0.921875
24630.109374,0.921875
24631.031249,0.921875
24631.984374,0.953125
24670.765624,0.718750
24676.328124,0.906250
24677.265624,0.937500
24678.249999,0.984375
24679.171874,0.921875
24680.124999,0.953125
24681.078124,0.953125
24681.968749,0.890625
24682.906249,0.937500
24683.921874,1.015625
24684.843749,0.921875
24685.765624,0.921875
24686.734374,0.968750
24687.640624,0.906250
24688.546874,0.906250
24689.437499,0.890625
24714.578124,0.859375
24722.046874,0.968750
24722.968749,0.921875
24723.859374,0.890625
24724.734374,0.875000
24725.609374,0.875000
24726.499999,0.890625
24727.374999,0.875000
24728.328124,0.953125
24729.312499,0.984375
24730.281249,0.968750
24731.249999,0.968750
24732.156249,0.906250
24733.124999,0.968750
24733.999999,0.875000
24734.921874,0.921875
24747.578124,1.031250
24748.562499,0.984375
24749.515624,0.953125
24750.499999,0.984375
24751.421874,0.921875
24752.312499,0.890625
24753.203124,0.890625
24761.593749,1.062500
24762.624999,1.031250
24763.640624,1.015625
24764.687499,1.046875
24765.624999,0.937500
24766.640624,1.015625
24767.671874,1.031250
24768.687499,1.015625
24778.249999,0.828125
24779.015624,0.765625
24779.765624,0.750000
24780.515624,0.750000
24791.593749,0.968750
24792.468749,0.875000
24793.359374,0.890625
24794.203124,0.843750
24794.906249,0.703125
24795.734374,0.828125
24796.499999,0.765625
24797.234374,0.734375
24797.984374,0.750000
24798.734374,0.750000
24799.546874,0.812500
24800.453124,0.906250
24801.437499,0.984375
24802.390624,0.953125
24803.374999,0.984375
24804.421874,1.046875
24805.468749,1.046875
24806.421874,0.953125
24807.421874,1.000000
24808.453124,1.031250
24809.437499,0.984375
24810.546874,1.109375
24811.671874,1.125000
24812.734374,1.062500
24813.749999,1.015625
24814.796874,1.046875
24815.890624,1.093750
24816.828124,0.937500
24817.828124,1.000000
24818.843749,1.015625
24819.796874,0.953125
24820.796874,1.000000
24821.859374,1.062500
24822.828124,0.968750
24823.859374,1.031250
24824.953124,1.093750
24825.984374,1.031250
24827.031249,1.046875
24828.124999,1.093750
24829.171874,1.046875
24830.140624,0.968750
24831.171874,1.031250
24832.234374,1.062500
24833.140624,0.906250
24834.249999,1.109375
24835.249999,1.000000
24836.140624,0.890625
24837.109374,0.968750
24838.234374,1.125000
24839.203124,0.968750
24840.265624,1.062500
24841.359374,1.093750
24842.421874,1.062500
24843.531249,1.109375
24844.593749,1.062500
24856.046874,0.875000
24856.781249,0.734375
24868.374999,0.859375
24869.281249,0.906250
24870.156249,0.875000
24871.031249,0.875000
24871.984374,0.953125
24872.890624,0.906250
24873.796874,0.906250
24874.703124,0.906250
24875.656249,0.953125
24876.468749,0.812500
24877.531249,1.062500
24878.484374,0.953125
24879.406249,0.921875
24880.328124,0.921875
24881.249999,0.921875
24882.109374,0.859375
24882.999999,0.890625
24883.953124,0.953125
24884.906249,0.953125
24885.859374,0.953125
24886.828124,0.968750
24887.812499,0.984375
24888.749999,0.937500
24889.703124,0.953125
24890.624999,0.921875
24894.656249,0.765625
24895.546874,0.890625
24896.484374,0.937500
24897.453124,0.968750
24898.640624,1.187500
24899.656249,1.015625
24900.562499,0.906250
24901.531249,0.968750
24902.374999,0.843750
24903.390624,1.015625
24904.312499,0.921875
24905.124999,0.812500
24905.953124,0.828125
24913.890624,0.984375
24914.843749,0.953125
24915.843749,1.000000
24916.812499,0.968750
24917.874999,1.062500
24918.937499,1.062500
24919.999999,1.062500
24921.015624,1.015625
24922.093749,1.078125
24923.156249,1.062500
24924.171874,1.015625
24925.078124,0.906250
24926.062499,0.984375
24927.078124,1.015625
24928.046874,0.968750
24928.984374,0.937500
24929.999999,1.015625
24931.078124,1.078125
24932.109374,1.031250
24933.140624,1.031250
24934.124999,0.984375
24935.062499,0.937500
24935.953124,0.890625
24936.812499,0.859375
24937.765624,0.953125
24945.109374,0.843750
24946.015624,0.906250
24946.953124,0.937500
24947.937499,0.984375
24948.999999,1.062500
24962.374999,0.921875
24963.296874,0.921875
24964.187499,0.890625
24965.078124,0.890625
24965.953124,0.875000
24966.874999,0.921875
24967.765624,0.890625
24968.578124,0.812500
24969.624999,1.046875
24970.656249,1.031250
24971.624999,0.968750
24972.609374,0.984375
24973.562499,0.953125
24974.359374,0.796875
24975.328124,0.968750
24976.234374,0.906250
24977.343749,1.109375
24978.328124,0.984375
24979.328124,1.000000
24980.343749,1.015625
24981.312499,0.968750
24982.203124,0.890625
24983.328124,1.125000
24984.124999,0.796875
24985.218749,1.093750
24991.484374,1.015625
24992.374999,0.890625
24993.234374,0.859375
24994.109374,0.875000
25001.796874,0.875000
25015.671874,0.890625
25016.609374,0.937500
25017.656249,1.046875
25018.484374,0.828125
25019.468749,0.984375
25020.343749,0.875000
25021.203124,0.859375
25022.171874,0.968750
25023.156249,0.984375
25024.109374,0.953125
25024.984374,0.875000
25026.015624,1.031250
25027.062499,1.046875
25027.984374,0.921875
25028.812499,0.828125
25029.671874,0.859375
25041.437499,0.937500
25042.203124,0.765625
25049.656249,1.031250
25050.562499,0.906250
25051.484374,0.921875
25052.390624,0.906250
25053.359374,0.968750
25054.374999,1.015625
25055.281249,0.906250
25056.390624,1.109375
25057.468749,1.078125
25058.374999,0.906250
25064.906249,0.937500
25071.437499,1.031250
25072.343749,0.906250
25073.171874,0.828125
25074.249999,1.078125
25075.015624,0.765625
25075.874999,0.859375
25076.906249,1.031250
25077.859374,0.953125
25078.953124,1.093750
25079.937499,0.984375
25080.765624,0.828125
25081.703124,0.937500
25082.656249,0.953125
25083.546874,0.890625
25084.609374,1.062500
25085.624999,1.015625
25086.656249,1.031250
25087.609374,0.953125
25088.531249,0.921875
25089.296874,0.765625
25090.218749,0.921875
25091.234374,1.015625
25092.078124,0.843750
25092.828124,0.750000
25093.828124,1.000000
25094.624999,0.796875
25095.593749,0.968750
25110.796874,0.765625
25118.874999,0.734375
25119.609374,0.734375
25120.328124,0.718750
25121.078124,0.750000
25121.843749,0.765625
25122.593749,0.750000
25123.343749,0.750000
25124.093749,0.750000
25124.859374,0.765625
25125.593749,0.734375
25126.328124,0.734375
25138.624999,0.968750
25139.437499,0.812500
25140.234374,0.796875
25149.953124,0.843750
25150.812499,0.859375
25151.656249,0.843750
25152.453124,0.796875
25157.968749,0.703125
25163.015624,0.937500
25163.749999,0.734375
25164.765624,1.015625
25165.656249,0.890625
25166.578124,0.921875
25167.531249,0.953125
25168.484374,0.953125
25169.421874,0.937500
25170.437499,1.015625
25171.328124,0.890625
25172.406249,1.078125
25173.390624,0.984375
25174.374999,0.984375
25175.281249,0.906250
25176.249999,0.968750
25177.218749,0.968750
25193.390624,0.796875
25194.124999,0.734375
25194.890624,0.765625
25195.671874,0.781250
25196.453124,0.781250
25197.203124,0.750000
25197.953124,0.750000
25198.671874,0.718750
25210.593749,0.921875
25211.453124,0.859375
25212.359374,0.906250
25213.249999,0.890625
25214.140624,0.890625
25215.015624,0.875000
25215.906249,0.890625
25216.812499,0.906250
25217.687499,0.875000
25218.593749,0.906250
25219.531249,0.937500
25220.453124,0.921875
25221.390624,0.937500
25222.296874,0.906250
25223.171874,0.875000
25224.078124,0.906250
25225.015624,0.937500
25225.906249,0.890625
25226.796874,0.890625
25227.734374,0.937500
25228.703124,0.968750
25229.593749,0.890625
25230.515624,0.921875
25231.453124,0.937500
25232.343749,0.890625
25233.265624,0.921875
25234.203124,0.937500
25235.093749,0.890625
25236.046874,0.953125
25237.031249,0.984375
25237.999999,0.968750
25238.999999,1.000000
25239.828124,0.828125
25247.656249,0.875000
25248.531249,0.875000
25249.453124,0.921875
25250.390624,0.937500
25251.312499,0.921875
25252.218749,0.906250
25253.093749,0.875000
25253.968749,0.875000
25254.812499,0.843750
25255.656249,0.843750
25256.499999,0.843750
25257.359374,0.859375
25258.203124,0.843750
25258.921874,0.718750
25259.859374,0.937500
25260.687499,0.828125
25261.531249,0.843750
25262.421874,0.890625
25263.312499,0.890625
25270.171874,0.859375
25270.999999,0.828125
25271.656249,0.656250
25276.484374,0.765625
25277.265624,0.781250
25278.046874,0.781250
25278.890624,0.843750
25279.765624,0.875000
25280.687499,0.921875
25281.656249,0.968750
25282.656249,1.000000
25283.609374,0.953125
25284.578124,0.968750
25285.437499,0.859375
25286.390624,0.953125
25287.156249,0.765625
25296.499999,0.812500
25297.359374,0.859375
25298.249999,0.890625
25299.156249,0.906250
25300.093749,0.937500
25301.015624,0.921875
25301.921874,0.906250
25302.843749,0.921875
25303.796874,0.953125
25304.703124,0.906250
25305.656249,0.953125
25306.609374,0.953125
25307.531249,0.921875
25308.546874,1.015625
25309.609374,1.062500
25310.640624,1.031250
25311.718749,1.078125
25312.796874,1.078125
25313.765624,0.968750
25314.749999,0.984375
25315.781249,1.031250
25316.749999,0.968750
25317.781249,1.031250
25318.843749,1.062500
25319.859374,1.015625
25320.921874,1.062500
25321.937499,1.015625
25322.828124,0.890625
25323.749999,0.921875
25324.703124,0.953125
25325.656249,0.953125
25326.656249,1.000000
25327.734374,1.078125
25328.734374,1.000000
25329.781249,1.046875
25330.843749,1.062500
25331.874999,1.031250
25332.937499,1.062500
25333.968749,1.031250
25334.953124,0.984375
25335.968749,1.015625
25336.968749,1.000000
25337.953124,0.984375
25338.968749,1.015625
25339.796874,0.828125
25340.890624,1.093750
25341.906249,1.015625
25370.437499,1.000000
25371.468749,1.031250
25372.515624,1.046875
25373.531249,1.015625
25374.546874,1.015625
25375.593749,1.046875
25376.468749,0.875000
25377.624999,1.156250
25390.531249,0.890625
25391.421874,0.890625
25392.328124,0.906250
25393.265624,0.937500
25394.218749,0.953125
25395.124999,0.906250
25396.078124,0.953125
25397.062499,0.984375
25398.062499,1.000000
25398.984374,0.921875
25399.937499,0.953125
25400.921874,0.984375
25401.906249,0.984375
25402.828124,0.921875
25403.796874,0.968750
25404.796874,1.000000
25405.734374,0.937500
25406.718749,0.984375
25407.656249,0.937500
25408.578124,0.921875
25409.515624,0.937500
25410.499999,0.984375
25411.437499,0.937500
25412.437499,1.000000
25413.468749,1.031250
25414.453124,0.984375
25415.437499,0.984375
25416.421874,0.984375
25417.328124,0.906250
25418.249999,0.921875
25419.187499,0.937500
25420.156249,0.968750
25421.109374,0.953125
25422.093749,0.984375
25423.109374,1.015625
25424.078124,0.968750
25425.062499,0.984375
25426.031249,0.968750
25426.937499,0.906250
25427.828124,0.890625
25428.718749,0.890625
25429.609374,0.890625
25430.484374,0.875000
25431.390624,0.906250
25432.265624,0.875000
25433.124999,0.859375
25434.031249,0.906250
25434.890624,0.859375
25435.781249,0.890625
25436.640624,0.859375
25437.531249,0.890625
25438.453124,0.921875
25439.484374,1.031250
25440.390624,0.906250
25441.343749,0.953125
25442.296874,0.953125
25443.281249,0.984375
25444.281249,1.000000
25445.249999,0.968750
25446.156249,0.906250
25447.031249,0.875000
25447.921874,0.890625
25448.828124,0.906250
25449.718749,0.890625
25450.640624,0.921875
25451.562499,0.921875
25452.468749,0.906250
25453.374999,0.906250
25454.328124,0.953125
25455.296874,0.968750
25456.234374,0.937500
25457.218749,0.984375
25458.187499,0.968750
25459.140624,0.953125
25460.062499,0.921875
25465.421874,0.968750
25466.359374,0.937500
25467.343749,0.984375
25468.343749,1.000000
25469.296874,0.953125
25470.187499,0.890625
25471.062499,0.875000
25471.906249,0.843750
25472.671874,0.765625
25473.421874,0.750000
25474.156249,0.734375
25474.859374,0.703125
25475.531249,0.671875
25476.203124,0.671875
25476.906249,0.703125
25477.687499,0.781250
25478.515624,0.828125
25479.374999,0.859375
25480.312499,0.937500
25481.281249,0.968750
25482.218749,0.937500
25483.187499,0.968750
25484.187499,1.000000
25485.156249,0.968750
25486.187499,1.031250
25487.343749,1.156250
25494.999999,1.062500
25496.124999,1.125000
25497.265624,1.140625
25498.343749,1.078125
25499.468749,1.125000
25500.593749,1.125000
25501.687499,1.093750
25502.749999,1.062500
25503.593749,0.843750
25508.906249,1.000000
25509.921874,1.015625
25510.874999,0.953125
25511.812499,0.937500
25512.781249,0.968750
25513.687499,0.906250
25514.609374,0.921875
25515.531249,0.921875
25516.437499,0.906250
25517.374999,0.937500
25518.265624,0.890625
25519.156249,0.890625
25520.062499,0.906250
25520.953124,0.890625
25521.859374,0.906250
25522.812499,0.953125
25523.749999,0.937500
25524.734374,0.984375
25525.749999,1.015625
25526.718749,0.968750
25527.703124,0.984375
25528.671874,0.968750
25529.562499,0.890625
25536.687499,0.875000
25537.546874,0.859375
25538.406249,0.859375
25539.281249,0.875000
25540.124999,0.843750
25540.968749,0.843750
25541.828124,0.859375
25542.656249,0.828125
25543.453124,0.796875
25544.265624,0.812500
25545.062499,0.796875
25545.843749,0.781250
25546.609374,0.765625
25547.359374,0.750000
25548.156249,0.796875
25548.953124,0.796875
25549.781249,0.828125
25550.656249,0.875000
25551.531249,0.875000
25552.421874,0.890625
25553.281249,0.859375
25554.109374,0.828125
25554.921874,0.812500
25555.718749,0.796875
25556.546874,0.828125
25557.359374,0.812500
25558.249999,0.890625
25559.218749,0.968750
25560.187499,0.968750
25561.171874,0.984375
25562.140624,0.968750
25563.015624,0.875000
25563.890624,0.875000
25564.781249,0.890625
25565.624999,0.843750
25566.468749,0.843750
25573.484374,0.921875
25574.437499,0.953125
25575.359374,0.921875
25576.328124,0.968750
25577.296874,0.968750
25578.218749,0.921875
25579.203124,0.984375
25580.265624,1.062500
25581.234374,0.968750
25582.218749,0.984375
25583.140624,0.921875
25584.015624,0.875000
25584.890624,0.875000
25585.624999,0.734375
25586.671874,1.046875
25590.593749,0.765625
25591.312499,0.718750
25592.156249,0.843750
25592.968749,0.812500
25593.734374,0.765625
25594.484374,0.750000
25595.249999,0.765625
25596.015624,0.765625
25596.781249,0.765625
25597.562499,0.781250
25598.312499,0.750000
25605.843749,0.953125
25606.859374,1.015625
25607.843749,0.984375
25608.749999,0.906250
25609.687499,0.937500
25610.687499,1.000000
25611.703124,1.015625
25612.687499,0.984375
25613.718749,1.031250
25614.765624,1.046875
25615.687499,0.921875
25616.671874,0.984375
25617.718749,1.046875
25618.703124,0.984375
25619.921874,1.218750
25621.078124,1.156250
25622.156249,1.078125
25623.187499,1.031250
25624.187499,1.000000
25625.218749,1.031250
25626.187499,0.968750
25627.234374,1.046875
25628.359374,1.125000
25629.390624,1.031250
25630.421874,1.031250
25631.468749,1.046875
25632.468749,1.000000
25633.453124,0.984375
25634.437499,0.984375
25635.390624,0.953125
25636.359374,0.968750
25637.343749,0.984375
25638.343749,1.000000
25639.265624,0.921875
25640.203124,0.937500
25641.187499,0.984375
25642.171874,0.984375
25643.124999,0.953125
25644.078124,0.953125
25645.046874,0.968750
25645.953124,0.906250
25646.874999,0.921875
25647.843749,0.968750
25648.796874,0.953125
25649.687499,0.890625
25650.624999,0.937500
25651.546874,0.921875
25652.374999,0.828125
25653.218749,0.843750
25654.062499,0.843750
25654.937499,0.875000
25659.890624,0.812500
25660.718749,0.828125
25661.609374,0.890625
25662.515624,0.906250
25663.406249,0.890625
25664.359374,0.953125
25665.359374,1.000000
25666.281249,0.921875
25667.203124,0.921875
25668.171874,0.968750
25669.140624,0.968750
25670.062499,0.921875
25670.984374,0.921875
25671.921874,0.937500
25672.812499,0.890625
25673.734374,0.921875
25674.718749,0.984375
25675.734374,1.015625
25676.703124,0.968750
25677.671874,0.968750
25678.624999,0.953125
25679.468749,0.843750
25680.343749,0.875000
25681.203124,0.859375
25682.031249,0.828125
25682.828124,0.796875
25683.624999,0.796875
25684.421874,0.796875
25685.218749,0.796875
25686.031249,0.812500
25686.874999,0.843750
25687.749999,0.875000
25688.593749,0.843750
25701.156249,0.906250
25702.062499,0.906250
25702.937499,0.875000
25703.890624,0.953125
25704.781249,0.890625
25710.921874,1.015625
25711.828124,0.906250
25712.703124,0.875000
25713.624999,0.921875
25714.624999,1.000000
25715.578124,0.953125
25716.656249,1.078125
25717.734374,1.078125
25718.812499,1.078125
25719.874999,1.062500
25720.874999,1.000000
25721.874999,1.000000
25722.859374,0.984375
25723.796874,0.937500
25724.593749,0.796875
25725.734374,1.140625
25726.656249,0.921875
25733.437499,0.812500
25734.234374,0.796875
25734.999999,0.765625
25735.796874,0.796875
25736.593749,0.796875
25737.421874,0.828125
25738.265624,0.843750
25739.156249,0.890625
25740.249999,1.093750
25741.281249,1.031250
25742.249999,0.968750
25743.249999,1.000000
25744.203124,0.953125
25745.093749,0.890625
25746.015624,0.921875
25764.765624,0.906250
25765.671874,0.906250
25766.562499,0.890625
25767.359374,0.796875
25768.343749,0.984375
25769.171874,0.828125
25777.609374,0.828125
25778.468749,0.859375
25779.124999,0.656250
25780.062499,0.937500
25780.828124,0.765625
25781.593749,0.765625
25782.374999,0.781250
25783.140624,0.765625
25783.921874,0.781250
25784.718749,0.796875
25790.124999,0.843750
25791.046874,0.921875
25792.015624,0.968750
25792.937499,0.921875
25793.906249,0.968750
25794.859374,0.953125
25795.749999,0.890625
25796.671874,0.921875
25797.656249,0.984375
25798.593749,0.937500
25799.562499,0.968750
25800.718749,1.156250
25801.656249,0.937500
25802.624999,0.968750
25803.609374,0.984375
25804.562499,0.953125
25805.531249,0.968750
25806.484374,0.953125
25807.437499,0.953125
25808.218749,0.781250
25808.937499,0.718750
25809.640624,0.703125
25810.296874,0.656250
25814.890624,0.890625
25815.828124,0.937500
25816.703124,0.875000
25817.640624,0.937500
25818.578124,0.937500
25819.562499,0.984375
25820.468749,0.906250
25821.406249,0.937500
25822.343749,0.937500
25823.281249,0.937500
25824.203124,0.921875
25824.984374,0.781250
25826.093749,1.109375
25826.984374,0.890625
25827.890624,0.906250
25828.812499,0.921875
25829.718749,0.906250
25830.671874,0.953125
25831.656249,0.984375
25832.609374,0.953125
25833.562499,0.953125
25834.484374,0.921875
25843.374999,1.000000
25844.390624,1.015625
25845.328124,0.937500
25846.265624,0.937500
25847.156249,0.890625
25852.406249,0.890625
25853.187499,0.781250
25854.265624,1.078125
25855.171874,0.906250
25856.078124,0.906250
25857.015624,0.937500
25857.921874,0.906250
25865.062499,0.921875
25865.999999,0.937500
25866.937499,0.937500
25867.921874,0.984375
25868.906249,0.984375
25869.843749,0.937500
25870.796874,0.953125
25871.687499,0.890625
25872.609374,0.921875
25873.515624,0.906250
25874.437499,0.921875
25875.312499,0.875000
25876.249999,0.937500
25877.218749,0.968750
25878.140624,0.921875
25879.109374,0.968750
25884.906249,0.734375
25893.140624,0.812500
25893.953124,0.812500
25894.749999,0.796875
25895.515624,0.765625
25896.296874,0.781250
25897.062499,0.765625
25897.828124,0.765625
25898.624999,0.796875
25899.453124,0.828125
25900.343749,0.890625
25901.312499,0.968750
25902.312499,1.000000
25903.359374,1.046875
25904.437499,1.078125
25905.453124,1.015625
25911.921874,0.890625
25912.874999,0.953125
25913.828124,0.953125
25914.890624,1.062500
25915.921874,1.031250
25917.078124,1.156250
25918.124999,1.046875
25919.062499,0.937500
25919.968749,0.906250
25921.078124,1.109375
25922.015624,0.937500
25922.906249,0.890625
25923.843749,0.937500
25924.828124,0.984375
25925.765624,0.937500
25926.718749,0.953125
25927.656249,0.937500
25928.546874,0.890625
25929.468749,0.921875
25930.406249,0.937500
25931.296874,0.890625
25932.218749,0.921875
25933.156249,0.937500
25934.062499,0.906250
25935.015624,0.953125
25936.031249,1.015625
25937.031249,1.000000
25937.999999,0.968750
25939.015624,1.015625
25939.999999,0.984375
25940.937499,0.937500
25941.843749,0.906250
25942.765624,0.921875
25943.671874,0.906250
25944.593749,0.921875
25945.593749,1.000000
25946.546874,0.953125
25947.453124,0.906250
25948.390624,0.937500
25949.312499,0.921875
25950.234374,0.921875
25951.109374,0.875000
25951.999999,0.890625
25952.874999,0.875000
25953.718749,0.843750
25954.578124,0.859375
25955.468749,0.890625
25956.328124,0.859375
25957.218749,0.890625
25958.109374,0.890625
25958.968749,0.859375
25959.828124,0.859375
25960.671874,0.843750
25961.546874,0.875000
25962.374999,0.828125
25963.249999,0.875000
25964.140624,0.890625
25965.015624,0.875000
25965.968749,0.953125
25966.953124,0.984375
25967.906249,0.953125
25968.828124,0.921875
25969.781249,0.953125
25970.703124,0.921875
25981.515624,0.890625
25982.453124,0.937500
25983.359374,0.906250
25984.265624,0.906250
25985.171874,0.906250
25986.093749,0.921875
25991.906249,0.875000
25992.781249,0.875000
25993.703124,0.921875
25994.640624,0.937500
25995.546874,0.906250
25996.515624,0.968750
25997.531249,1.015625
25998.468749,0.937500
25999.406249,0.937500
26000.343749,0.937500
26001.249999,0.906250
26002.140624,0.890625
26003.031249,0.890625
26019.031249,0.796875
26019.765624,0.734375
26020.609374,0.843750
26021.406249,0.796875
26022.234374,0.828125
26070.843749,0.984375
26071.874999,1.031250
26072.843749,0.968750
26073.859374,1.015625
26075.031249,1.171875
26079.968749,0.546875
26080.531249,0.562500
26081.187499,0.656250
26081.703124,0.515625
26082.312499,0.609375
26090.093749,0.406250
26090.468749,0.375000
26090.843749,0.375000
26091.234374,0.390625
26091.593749,0.359375
26092.031249,0.437500
26092.437499,0.406250
26092.874999,0.437500
26093.265624,0.390625
26093.624999,0.359375
26093.999999,0.375000
26098.515624,0.390625
26111.515624,0.859375
26112.531249,1.015625
26113.499999,0.968750
26114.453124,0.953125
26115.296874,0.843750
26116.390624,1.093750
26134.046874,1.000000
26142.703124,0.843750
26148.703124,0.937500
26149.624999,0.921875
26150.562499,0.937500
26151.531249,0.968750
26152.453124,0.921875
26153.328124,0.875000
26154.234374,0.906250
26155.140624,0.906250
26155.999999,0.859375
26156.921874,0.921875
26157.921874,1.000000
26158.906249,0.984375
26159.796874,0.890625
26160.687499,0.890625
26161.765624,1.078125
26162.640624,0.875000
26163.578124,0.937500
26164.593749,1.015625
26165.578124,0.984375
26166.578124,1.000000
26167.640624,1.062500
26168.640624,1.000000
26169.609374,0.968750
26170.578124,0.968750
26171.515624,0.937500
26172.484374,0.968750
26173.406249,0.921875
26185.374999,0.750000
26186.156249,0.781250
26186.968749,0.812500
26187.734374,0.765625
26188.515624,0.781250
26189.281249,0.765625
26190.031249,0.750000
26190.812499,0.781250
26198.781249,0.859375
26199.671874,0.890625
26200.640624,0.968750
26201.531249,0.890625
26202.421874,0.890625
26203.312499,0.890625
26204.187499,0.875000
26205.093749,0.906250
26206.062499,0.968750
26207.062499,1.000000
26207.999999,0.937500
26208.984374,0.984375
26209.968749,0.984375
26210.906249,0.937500
26211.874999,0.968750
26212.921874,1.046875
26213.921874,1.000000
26220.953124,1.000000
26221.999999,1.046875
26222.968749,0.968750
26223.984374,1.015625
26225.031249,1.046875
26226.062499,1.031250
26227.156249,1.093750
26228.234374,1.078125
26229.265624,1.031250
26230.296874,1.031250
26231.328124,1.031250
26232.312499,0.984375
26233.343749,1.031250
26234.374999,1.031250
26235.343749,0.968750
26236.359374,1.015625
26252.734374,0.968750
26253.531249,0.796875
26258.968749,0.828125
26259.812499,0.843750
26286.953124,0.984375
26287.953124,1.000000
26288.906249,0.953125
26289.921874,1.015625
26290.968749,1.046875
26291.984374,1.015625
26292.999999,1.015625
26294.015624,1.015625
26294.937499,0.921875
26338.546874,0.859375
26339.374999,0.828125
26354.093749,0.968750
26355.015624,0.921875
26355.999999,0.984375
26356.999999,1.000000
26357.999999,1.000000
26359.078124,1.078125
26360.078124,1.000000
26361.062499,0.984375
26362.093749,1.031250
26363.109374,1.015625
26364.140624,1.031250
26365.234374,1.093750
26366.249999,1.015625
26376.156249,0.703125
26406.218749,0.812500
26407.203124,0.984375
26408.187499,0.984375
26409.234374,1.046875
26410.218749,0.984375
26411.218749,1.000000
26412.171874,0.953125
26412.921874,0.750000
26418.203124,0.906250
26419.218749,1.015625
26420.265624,1.046875
26421.390624,1.125000
26422.359374,0.968750
26423.218749,0.859375
26428.406249,1.015625
26477.703124,0.843750
26478.515624,0.812500
26479.296874,0.781250
26480.109374,0.812500
26481.031249,0.921875
26494.859374,0.812500
26495.609374,0.750000
26496.453124,0.843750
26497.312499,0.859375
26498.312499,1.000000
26541.546874,0.625000
26542.203124,0.656250
26542.921874,0.718750
26543.781249,0.859375
26544.640624,0.859375
26545.578124,0.937500
26546.609374,1.031250
26547.671874,1.062500
26548.718749,1.046875
26549.812499,1.093750
26550.828124,1.015625
26551.843749,1.015625
26552.843749,1.000000
26553.906249,1.062500
26554.953124,1.046875
26555.953124,1.000000
26556.999999,1.046875
26558.078124,1.078125
26559.046874,0.968750
26560.078124,1.031250
26561.046874,0.968750
26561.968749,0.921875
26567.468749,0.968750
26568.437499,0.968750
26569.468749,1.031250
26570.421874,0.953125
26571.390624,0.968750
26572.343749,0.953125
26577.156249,0.750000
26600.921874,0.796875
26621.046874,0.921875
26621.906249,0.859375
26622.734374,0.828125
26623.406249,0.671875
26633.968749,0.734375
26634.718749,0.750000
26645.328124,0.812500
26646.171874,0.843750
26647.078124,0.906250
26647.953124,0.875000
26648.874999,0.921875
26657.078124,0.953125
26658.031249,0.953125
26674.671874,0.828125
26675.453124,0.781250
26676.234374,0.781250
26677.015624,0.781250
26687.609374,0.921875
26688.562499,0.953125
26689.343749,0.781250
26690.359374,1.015625
26691.281249,0.921875
26692.156249,0.875000
26692.999999,0.843750
26693.828124,0.828125
26694.640624,0.812500
26695.499999,0.859375
26696.390624,0.890625
26697.265624,0.875000
26698.187499,0.921875
26699.140624,0.953125
26700.093749,0.953125
26701.078124,0.984375
26702.093749,1.015625
26703.015624,0.921875
26703.953124,0.937500
26704.906249,0.953125
26705.812499,0.906250
26706.781249,0.968750
26707.812499,1.031250
26718.265624,0.968750
26754.140624,1.046875
26755.124999,0.984375
26756.124999,1.000000
26757.109374,0.984375
26758.031249,0.921875
26758.984374,0.953125
26759.984374,1.000000
26775.703124,0.984375
26776.671874,0.968750
26777.640624,0.968750
26778.562499,0.921875
26779.468749,0.906250
26780.374999,0.906250
26781.234374,0.859375
26782.093749,0.859375
26782.984374,0.890625
26783.890624,0.906250
26784.796874,0.906250
26785.796874,1.000000
26786.812499,1.015625
26787.765624,0.953125
26788.734374,0.968750
26789.703124,0.968750
26790.624999,0.921875
26791.562499,0.937500
26792.546874,0.984375
26793.499999,0.953125
26794.484374,0.984375
26795.421874,0.937500
26796.359374,0.937500
26797.328124,0.968750
26798.265624,0.937500
26799.187499,0.921875
26800.156249,0.968750
26801.156249,1.000000
26802.124999,0.968750
26803.140624,1.015625
26804.203124,1.062500
26805.171874,0.968750
26806.140624,0.968750
26807.093749,0.953125
26808.046874,0.953125
26808.968749,0.921875
26809.953124,0.984375
26810.921874,0.968750
26811.828124,0.906250
26812.781249,0.953125
26813.749999,0.968750
26814.703124,0.953125
26815.734374,1.031250
26816.796874,1.062500
26817.781249,0.984375
26818.796874,1.015625
26819.781249,0.984375
26820.718749,0.937500
26821.703124,0.984375
26831.406249,0.984375
26832.406249,1.000000
26842.203124,0.953125
26843.187499,0.984375
26844.203124,1.015625
26845.171874,0.968750
26846.140624,0.968750
26847.093749,0.953125
26848.015624,0.921875
26848.906249,0.890625
26849.906249,1.000000
26850.765624,0.859375
26851.687499,0.921875
26852.624999,0.937500
26863.578124,0.859375
26864.437499,0.859375
26865.296874,0.859375
26866.124999,0.828125
26866.921874,0.796875
26867.734374,0.812500
26868.515624,0.781250
26869.265624,0.750000
26869.999999,0.734375
26870.749999,0.750000
26871.484374,0.734375
26872.218749,0.734375
26872.953124,0.734375
26873.765624,0.812500
26874.515624,0.750000
26880.687499,1.000000
26890.015624,1.078125
26890.999999,0.984375
26892.015624,1.015625
26893.015624,1.000000
26893.953124,0.937500
26894.921874,0.968750
26895.874999,0.953125
26912.124999,0.734375
26924.687499,0.921875
26925.624999,0.937500
26926.562499,0.937500
26927.437499,0.875000
26928.343749,0.906250
26929.265624,0.921875
26930.156249,0.890625
26931.093749,0.937500
26932.093749,1.000000
26933.124999,1.031250
26934.109374,0.984375
26935.124999,1.015625
26936.156249,1.031250
26937.078124,0.921875
26937.984374,0.906250
26938.890624,0.906250
26939.781249,0.890625
26940.687499,0.906250
26941.656249,0.968750
26942.812499,1.156250
26943.749999,0.937500
26944.765624,1.015625
26945.828124,1.062500
26946.843749,1.015625
26947.828124,0.984375
26955.921874,0.843750
26956.812499,0.890625
26961.921874,0.859375
26962.734374,0.812500
26963.609374,0.875000
26964.453124,0.843750
26965.359374,0.906250
26966.312499,0.953125
26967.343749,1.031250
26968.343749,1.000000
26969.312499,0.968750
26970.296874,0.984375
26971.249999,0.953125
26972.203124,0.953125
26973.140624,0.937500
26974.124999,0.984375
26975.093749,0.968750
26976.046874,0.953125
26977.078124,1.031250
26978.093749,1.015625
26979.046874,0.953125
26980.046874,1.000000
26981.031249,0.984375
26981.984374,0.953125
26982.984374,1.000000
26987.968749,1.031250
26988.984374,1.015625
26990.015624,1.031250
26991.078124,1.062500
26992.062499,0.984375
26993.062499,1.000000
26994.093749,1.031250
26995.062499,0.968750
27009.718749,1.000000
27010.703124,0.984375
27011.656249,0.953125
27012.609374,0.953125
27013.562499,0.953125
27014.531249,0.968750
27015.437499,0.906250
27016.343749,0.906250
27017.281249,0.937500
27018.218749,0.937500
27019.093749,0.875000
27027.171874,0.875000
27028.062499,0.890625
27028.953124,0.890625
27029.859374,0.906250
27030.781249,0.921875
27031.609374,0.828125
27032.593749,0.984375
27033.499999,0.906250
27034.421874,0.921875
27035.312499,0.890625
27036.265624,0.953125
27037.265624,1.000000
27038.328124,1.062500
27039.328124,1.000000
27040.374999,1.046875
27041.421874,1.046875
27042.374999,0.953125
27043.374999,1.000000
27044.390624,1.015625
27045.328124,0.937500
27046.343749,1.015625
27047.406249,1.062500
27048.406249,1.000000
27056.124999,0.984375
27057.171874,1.046875
27057.984374,0.812500
27063.796874,0.953125
27064.718749,0.921875
27065.703124,0.984375
27066.703124,1.000000
27067.687499,0.984375
27068.687499,1.000000
27069.671874,0.984375
27093.406249,0.890625
27104.749999,0.984375
27105.781249,1.031250
27106.843749,1.062500
27107.828124,0.984375
27146.531249,0.734375
27147.296874,0.765625
27148.062499,0.765625
27148.796874,0.734375
27149.578124,0.781250
27150.359374,0.781250
27165.187499,0.765625
27165.953124,0.765625
27166.765624,0.812500
27167.562499,0.796875
27168.390624,0.828125
27169.203124,0.812500
27176.749999,0.796875
27177.546874,0.796875
27178.328124,0.781250
27179.109374,0.781250
27179.906249,0.796875
27180.671874,0.765625
27181.562499,0.890625
27182.437499,0.875000
27191.984374,0.906250
27192.890624,0.906250
27193.812499,0.921875
27194.734374,0.921875
27195.671874,0.937500
27196.562499,0.890625
27197.484374,0.921875
27198.406249,0.921875
27199.249999,0.843750
27200.093749,0.843750
27200.968749,0.875000
27201.843749,0.875000
27202.781249,0.937500
27203.781249,1.000000
27204.734374,0.953125
27205.687499,0.953125
27206.640624,0.953125
27207.562499,0.921875
27208.453124,0.890625
27209.359374,0.906250
27210.203124,0.843750
27211.078124,0.875000
27211.953124,0.875000
27212.828124,0.875000
27213.734374,0.906250
27214.687499,0.953125
27215.656249,0.968750
27216.640624,0.984375
27217.671874,1.031250
27218.593749,0.921875
27219.499999,0.906250
27220.406249,0.906250
27258.312499,0.687500
27259.109374,0.796875
27259.999999,0.890625
27260.906249,0.906250
27261.843749,0.937500
27262.843749,1.000000
27263.859374,1.015625
27269.312499,0.890625
27269.999999,0.687500
27275.531249,1.015625
27276.468749,0.937500
27277.421874,0.953125
27278.343749,0.921875
27279.140624,0.796875
27284.124999,1.062500
27284.937499,0.812500
27290.437499,0.921875
27291.437499,1.000000
27292.453124,1.015625
27293.531249,1.078125
27294.624999,1.093750
27295.593749,0.968750
27296.593749,1.000000
27297.578124,0.984375
27298.531249,0.953125
27299.546874,1.015625
27300.624999,1.078125
27301.671874,1.046875
27302.781249,1.109375
27304.062499,1.281250
27305.078124,1.015625
27306.093749,1.015625
27307.046874,0.953125
27308.031249,0.984375
27309.093749,1.062500
27310.140624,1.046875
27311.218749,1.078125
27312.312499,1.093750
27317.906249,0.937500
27318.796874,0.890625
27319.796874,1.000000
27320.812499,1.015625
27321.765624,0.953125
27322.796874,1.031250
27323.843749,1.046875
27324.812499,0.968750
27325.828124,1.015625
27326.828124,1.000000
27327.781249,0.953125
27328.734374,0.953125
27329.718749,0.984375
27330.624999,0.906250
27331.640624,1.015625
27332.609374,0.968750
27333.531249,0.921875
27334.468749,0.937500
27335.390624,0.921875
27336.281249,0.890625
27337.203124,0.921875
27338.187499,0.984375
27339.171874,0.984375
27340.203124,1.031250
27341.249999,1.046875
27342.265624,1.015625
27343.296874,1.031250
27344.359374,1.062500
27345.390624,1.031250
27346.453124,1.062500
27347.515624,1.062500
27348.515624,1.000000
27349.546874,1.031250
27350.624999,1.078125
27351.671874,1.046875
27352.734374,1.062500
27353.796874,1.062500
27354.765624,0.968750
27355.734374,0.968750
27356.765624,1.031250
27357.734374,0.968750
27358.749999,1.015625
27359.796874,1.046875
27360.781249,0.984375
27361.781249,1.000000
27362.828124,1.046875
27363.796874,0.968750
27364.796874,1.000000
27365.812499,1.015625
27366.765624,0.953125
27367.734374,0.968750
27368.749999,1.015625
27369.703124,0.953125
27370.703124,1.000000
27379.421874,1.015625
27380.453124,1.031250
27381.499999,1.046875
27382.515624,1.015625
27383.593749,1.078125
27384.640624,1.046875
27385.515624,0.875000
27386.624999,1.109375
27387.578124,0.953125
27388.484374,0.906250
27401.406249,0.906250
27402.359374,0.953125
27403.374999,1.015625
27404.343749,0.968750
27405.374999,1.031250
27406.437499,1.062500
27407.437499,1.000000
27408.484374,1.046875
27409.546874,1.062500
27410.546874,1.000000
27411.624999,1.078125
27412.703124,1.078125
27413.703124,1.000000
27414.718749,1.015625
27415.749999,1.031250
27416.796874,1.046875
27417.781249,0.984375
27418.843749,1.062500
27419.937499,1.093750
27420.953124,1.015625
27421.999999,1.046875
27423.062499,1.062500
27424.093749,1.031250
27425.124999,1.031250
27426.156249,1.031250
27427.124999,0.968750
27428.015624,0.890625
27428.890624,0.875000
27429.812499,0.921875
27430.703124,0.890625
27431.656249,0.953125
27432.671874,1.015625
27433.593749,0.921875
27434.390624,0.796875
27435.421874,1.031250
27436.265624,0.843750
27441.406249,0.890625
27442.296874,0.890625
27443.218749,0.921875
27444.109374,0.890625
27444.968749,0.859375
27445.796874,0.828125
27446.640624,0.843750
27447.468749,0.828125
27461.609374,1.093750
27468.328124,0.828125
27468.984374,0.656250
27473.859374,1.000000
27474.859374,1.000000
27475.765624,0.906250
27476.671874,0.906250
27477.624999,0.953125
27478.546874,0.921875
27479.499999,0.953125
27480.468749,0.968750
27481.328124,0.859375
27482.296874,0.968750
27483.171874,0.875000
27484.296874,1.125000
27489.124999,1.000000
27490.031249,0.906250
27491.015624,0.984375
27491.984374,0.968750
27492.953124,0.968750
27493.812499,0.859375
27494.718749,0.906250
27495.640624,0.921875
27496.562499,0.921875
27497.468749,0.906250
27498.406249,0.937500
27499.437499,1.031250
27500.499999,1.062500
27501.484374,0.984375
27502.546874,1.062500
27503.624999,1.078125
27504.671874,1.046875
27505.624999,0.953125
27506.593749,0.968750
27507.468749,0.875000
27508.359374,0.890625
27509.296874,0.937500
27510.328124,1.031250
27511.312499,0.984375
27512.437499,1.125000
27513.593749,1.156250
27514.640624,1.046875
27515.687499,1.046875
27559.390624,0.921875
27565.765624,0.921875
27566.562499,0.796875
27567.390624,0.828125
27568.281249,0.890625
27569.171874,0.890625
27587.421874,0.859375
27588.343749,0.921875
27589.312499,0.968750
27590.218749,0.906250
27626.765624,0.937500
27627.624999,0.859375
27628.703124,1.078125
27629.765624,1.062500
27630.812499,1.046875
27631.796874,0.984375
27639.265624,0.812500
27644.921874,0.734375
27645.656249,0.734375
27654.874999,0.843750
27655.734374,0.859375
27656.703124,0.968750
27657.656249,0.953125
27658.562499,0.906250
27659.468749,0.906250
27660.390624,0.921875
27661.265624,0.875000
27662.015624,0.750000
27662.843749,0.828125
27695.312499,0.750000
27696.093749,0.781250
27696.843749,0.750000
27697.624999,0.781250
27707.124999,0.734375
27707.859374,0.734375
27708.640624,0.781250
27709.453124,0.812500
27715.124999,0.812500
27715.890624,0.765625
27716.687499,0.796875
27717.593749,0.906250
27722.687499,0.859375
27723.624999,0.937500
27734.656249,0.906250
27735.421874,0.765625
27740.249999,0.937500
27741.218749,0.968750
27742.234374,1.015625
27743.156249,0.921875
27744.078124,0.921875
27745.109374,1.031250
27746.015624,0.906250
27747.187499,1.171875
27748.281249,1.093750
27749.296874,1.015625
27750.421874,1.125000
27751.468749,1.046875
27781.687499,0.890625
27782.593749,0.906250
27783.515624,0.921875
27788.421874,0.843750
27789.281249,0.859375
27790.156249,0.875000
27791.078124,0.921875
27792.062499,0.984375
27793.140624,1.078125
27794.203124,1.062500
27795.343749,1.140625
27796.437499,1.093750
27797.484374,1.046875
27798.624999,1.140625
27799.687499,1.062500
27800.734374,1.046875
27801.828124,1.093750
27802.859374,1.031250
27803.984374,1.125000
27875.468749,0.843750
27895.921874,0.437500
27896.437499,0.515625
27901.124999,0.390625
27901.671874,0.546875
27904.062499,0.500000
27904.484374,0.421875
27907.859374,0.453125
27908.359374,0.500000
27908.734374,0.375000
27909.078124,0.343750
27925.515624,0.484375
27931.703124,0.437500
27932.140624,0.437500
27936.890624,0.515625
27937.437499,0.546875
27946.171874,0.875000
27946.937499,0.765625
27953.999999,0.375000
27963.593749,0.906250
27964.484374,0.890625
27965.515624,1.031250
27966.374999,0.859375
27967.249999,0.875000
27967.999999,0.750000
28007.468749,0.859375
28036.546874,0.937500
28037.531249,0.984375
28038.515624,0.984375
28039.421874,0.906250
28040.312499,0.890625
28041.234374,0.921875
28042.093749,0.859375
28043.015624,0.921875
28043.937499,0.921875
28057.624999,0.828125
28058.578124,0.953125
28059.593749,1.015625
28060.562499,0.968750
28061.562499,1.000000
28062.531249,0.968750
28063.499999,0.968750
28064.390624,0.890625
28110.812499,0.953125
28118.562499,1.046875
28119.546874,0.984375
28120.531249,0.984375
28121.484374,0.953125
28122.468749,0.984375
28123.406249,0.937500
28124.328124,0.921875
28125.265624,0.937500
