1673509535.000000, IBI
24.250000,0.640625
32.031250,0.718750
32.781250,0.750000
33.515625,0.734375
34.234375,0.718750
34.937500,0.703125
35.640625,0.703125
36.328125,0.687500
37.031250,0.703125
37.656250,0.625000
38.375000,0.718750
39.109375,0.734375
39.906250,0.796875
40.609375,0.703125
41.265625,0.656250
41.937500,0.671875
42.593750,0.656250
43.250000,0.656250
43.937500,0.687500
44.593750,0.656250
45.250000,0.656250
59.593750,0.718750
60.359375,0.765625
61.078125,0.718750
61.953125,0.875000
62.593750,0.640625
63.250000,0.656250
63.890625,0.640625
64.562500,0.671875
65.312500,0.750000
66.078125,0.765625
66.828125,0.750000
67.578125,0.750000
68.375000,0.796875
69.171875,0.796875
69.953125,0.781250
70.703125,0.750000
71.406250,0.703125
72.093750,0.687500
72.812500,0.718750
73.531250,0.718750
74.250000,0.718750
74.953125,0.703125
75.687500,0.734375
76.453125,0.765625
77.250000,0.796875
77.968750,0.718750
78.687500,0.718750
79.406250,0.718750
80.140625,0.734375
80.875000,0.734375
81.578125,0.703125
82.281250,0.703125
83.015625,0.734375
83.765625,0.750000
84.531250,0.765625
85.250000,0.718750
85.984375,0.734375
86.734375,0.750000
87.500000,0.765625
88.250000,0.750000
88.968750,0.718750
89.687500,0.718750
90.390625,0.703125
91.093750,0.703125
91.796875,0.703125
92.484375,0.687500
93.171875,0.687500
93.906250,0.734375
94.765625,0.859375
95.562500,0.796875
96.296875,0.734375
107.453125,0.656250
108.140625,0.687500
108.796875,0.656250
109.515625,0.718750
110.265625,0.750000
110.968750,0.703125
111.687500,0.718750
112.421875,0.734375
113.156250,0.734375
113.921875,0.765625
114.656250,0.734375
115.375000,0.718750
116.078125,0.703125
146.453125,0.718750
147.234375,0.781250
148.046875,0.812500
148.812500,0.765625
149.515625,0.703125
169.515625,0.687500
173.734375,0.781250
222.640625,0.796875
223.406250,0.765625
224.296875,0.890625
243.921875,0.718750
244.640625,0.718750
272.734375,0.656250
273.437500,0.703125
274.171875,0.734375
274.968750,0.796875
275.750000,0.781250
276.593750,0.843750
277.296875,0.703125
278.031250,0.734375
278.796875,0.765625
279.546875,0.750000
280.343750,0.796875
281.109375,0.765625
281.859375,0.750000
282.593750,0.734375
283.312500,0.718750
283.984375,0.671875
284.656250,0.671875
285.359375,0.703125
286.062500,0.703125
286.750000,0.687500
287.437500,0.687500
288.234375,0.796875
289.109375,0.875000
289.953125,0.843750
290.703125,0.750000
291.453125,0.750000
292.203125,0.750000
292.953125,0.750000
293.703125,0.750000
310.281250,0.718750
318.296875,0.750000
319.046875,0.750000
319.781250,0.734375
320.531250,0.750000
321.265625,0.734375
321.984375,0.718750
322.734375,0.750000
323.453125,0.718750
324.156250,0.703125
324.843750,0.687500
325.578125,0.734375
344.000000,0.703125
344.765625,0.765625
345.531250,0.765625
346.250000,0.718750
346.984375,0.734375
347.687500,0.703125
355.500000,0.718750
356.218750,0.718750
356.937500,0.718750
357.687500,0.750000
358.437500,0.750000
359.218750,0.781250
360.000000,0.781250
360.750000,0.750000
361.484375,0.734375
362.375000,0.890625
363.109375,0.734375
363.843750,0.734375
364.593750,0.750000
365.328125,0.734375
366.156250,0.828125
367.000000,0.843750
367.812500,0.812500
368.609375,0.796875
369.421875,0.812500
370.109375,0.687500
370.843750,0.734375
371.562500,0.718750
372.265625,0.703125
372.968750,0.703125
373.625000,0.656250
374.296875,0.671875
375.031250,0.734375
375.828125,0.796875
376.625000,0.796875
377.375000,0.750000
378.109375,0.734375
378.812500,0.703125
386.156250,0.750000
386.890625,0.734375
387.609375,0.718750
388.312500,0.703125
389.046875,0.734375
389.781250,0.734375
390.531250,0.750000
391.328125,0.796875
392.093750,0.765625
392.843750,0.750000
406.093750,0.625000
413.609375,0.718750
414.312500,0.703125
415.031250,0.718750
415.718750,0.687500
416.437500,0.718750
417.062500,0.625000
424.859375,0.765625
425.625000,0.765625
426.375000,0.750000
431.343750,0.734375
432.078125,0.734375
432.859375,0.781250
433.625000,0.765625
434.390625,0.765625
435.125000,0.734375
435.796875,0.671875
436.484375,0.687500
437.171875,0.687500
437.859375,0.687500
438.609375,0.750000
439.328125,0.718750
440.046875,0.718750
440.796875,0.750000
441.546875,0.750000
442.265625,0.718750
442.937500,0.671875
443.687500,0.750000
448.234375,0.781250
449.015625,0.781250
449.781250,0.765625
450.500000,0.718750
451.187500,0.687500
451.859375,0.671875
452.531250,0.671875
453.218750,0.687500
453.953125,0.734375
454.625000,0.671875
455.375000,0.750000
456.125000,0.750000
456.906250,0.781250
461.250000,0.687500
461.921875,0.671875
462.578125,0.656250
463.265625,0.687500
463.984375,0.718750
464.750000,0.765625
465.484375,0.734375
466.265625,0.781250
467.062500,0.796875
467.828125,0.765625
468.578125,0.750000
469.281250,0.703125
469.953125,0.671875
470.625000,0.671875
471.281250,0.656250
471.968750,0.687500
472.703125,0.734375
473.406250,0.703125
474.156250,0.750000
474.968750,0.812500
475.781250,0.812500
476.578125,0.796875
477.343750,0.765625
478.015625,0.671875
478.703125,0.687500
479.390625,0.687500
480.093750,0.703125
480.812500,0.718750
481.500000,0.687500
482.203125,0.703125
483.078125,0.875000
483.843750,0.765625
484.656250,0.812500
485.421875,0.765625
486.140625,0.718750
486.843750,0.703125
487.546875,0.703125
488.265625,0.718750
488.984375,0.718750
489.703125,0.718750
490.375000,0.671875
491.046875,0.671875
491.765625,0.718750
492.515625,0.750000
493.265625,0.750000
494.015625,0.750000
494.750000,0.734375
495.500000,0.750000
496.234375,0.734375
496.953125,0.718750
497.640625,0.687500
498.281250,0.640625
498.921875,0.640625
499.593750,0.671875
507.734375,0.687500
508.421875,0.687500
509.125000,0.703125
509.828125,0.703125
510.515625,0.687500
511.187500,0.671875
511.890625,0.703125
512.625000,0.734375
513.484375,0.859375
514.312500,0.828125
515.078125,0.765625
515.796875,0.718750
516.500000,0.703125
517.187500,0.687500
517.921875,0.734375
522.500000,0.781250
523.265625,0.765625
523.984375,0.718750
524.687500,0.703125
525.406250,0.718750
526.109375,0.703125
526.796875,0.687500
527.500000,0.703125
531.578125,0.671875
532.250000,0.671875
532.906250,0.656250
541.406250,0.703125
542.171875,0.765625
543.078125,0.906250
543.781250,0.703125
544.437500,0.656250
545.093750,0.656250
545.734375,0.640625
546.375000,0.640625
547.000000,0.625000
547.656250,0.656250
548.390625,0.734375
549.234375,0.843750
550.031250,0.796875
550.765625,0.734375
551.500000,0.734375
552.250000,0.750000
553.000000,0.750000
553.734375,0.734375
554.453125,0.718750
555.140625,0.687500
555.796875,0.656250
556.484375,0.687500
557.234375,0.750000
558.078125,0.843750
558.875000,0.796875
559.687500,0.812500
560.484375,0.796875
561.328125,0.843750
562.140625,0.812500
562.921875,0.781250
563.640625,0.718750
564.328125,0.687500
565.015625,0.687500
565.718750,0.703125
566.468750,0.750000
567.156250,0.687500
567.875000,0.718750
568.593750,0.718750
569.437500,0.843750
570.203125,0.765625
570.921875,0.718750
571.625000,0.703125
572.359375,0.734375
573.062500,0.703125
573.781250,0.718750
574.468750,0.687500
575.125000,0.656250
575.781250,0.656250
576.453125,0.671875
577.156250,0.703125
577.953125,0.796875
578.718750,0.765625
579.453125,0.734375
580.203125,0.750000
580.968750,0.765625
581.750000,0.781250
582.500000,0.750000
583.234375,0.734375
583.953125,0.718750
597.015625,0.953125
605.343750,0.687500
611.671875,0.703125
612.328125,0.656250
724.671875,0.687500
725.359375,0.687500
726.078125,0.718750
726.796875,0.718750
727.578125,0.781250
728.312500,0.734375
729.046875,0.734375
729.812500,0.765625
742.953125,0.718750
743.671875,0.718750
744.343750,0.671875
745.015625,0.671875
745.734375,0.718750
746.531250,0.796875
747.359375,0.828125
748.187500,0.828125
761.828125,0.671875
762.531250,0.703125
763.234375,0.703125
763.937500,0.703125
764.609375,0.671875
765.343750,0.734375
766.140625,0.796875
766.953125,0.812500
767.750000,0.796875
768.500000,0.750000
769.234375,0.734375
769.953125,0.718750
770.703125,0.750000
771.437500,0.734375
772.187500,0.750000
772.906250,0.718750
796.921875,0.718750
797.703125,0.781250
798.531250,0.828125
799.343750,0.812500
800.156250,0.812500
809.984375,0.718750
810.718750,0.734375
820.281250,0.671875
820.937500,0.656250
854.593750,0.750000
855.343750,0.750000
874.640625,0.671875
875.328125,0.687500
889.703125,0.765625
890.453125,0.750000
912.984375,0.796875
913.812500,0.828125
914.578125,0.765625
915.296875,0.718750
916.046875,0.750000
916.796875,0.750000
917.546875,0.750000
918.281250,0.734375
918.984375,0.703125
919.656250,0.671875
920.312500,0.656250
921.000000,0.687500
921.734375,0.734375
922.515625,0.781250
923.296875,0.781250
924.015625,0.718750
924.750000,0.734375
925.546875,0.796875
926.312500,0.765625
927.062500,0.750000
927.796875,0.734375
931.203125,0.671875
938.828125,0.718750
943.328125,0.781250
944.109375,0.781250
944.937500,0.828125
945.765625,0.828125
946.593750,0.828125
947.421875,0.828125
948.203125,0.781250
948.953125,0.750000
949.718750,0.765625
950.500000,0.781250
951.265625,0.765625
952.062500,0.796875
952.796875,0.734375
953.531250,0.734375
962.562500,0.750000
963.328125,0.765625
964.031250,0.703125
964.750000,0.718750
965.484375,0.734375
966.234375,0.750000
967.015625,0.781250
967.796875,0.781250
979.484375,0.750000
980.250000,0.765625
981.000000,0.750000
981.718750,0.718750
982.453125,0.734375
983.218750,0.765625
984.000000,0.781250
984.812500,0.812500
985.609375,0.796875
986.421875,0.812500
987.203125,0.781250
987.937500,0.734375
1004.171875,0.718750
1005.015625,0.843750
1005.859375,0.843750
1006.718750,0.859375
1007.593750,0.875000
1008.390625,0.796875
1009.156250,0.765625
1009.906250,0.750000
1010.640625,0.734375
1011.375000,0.734375
1012.125000,0.750000
1012.859375,0.734375
1013.578125,0.718750
1014.281250,0.703125
1015.000000,0.718750
1015.750000,0.750000
1016.578125,0.828125
1017.390625,0.812500
1018.187500,0.796875
1018.921875,0.734375
1019.640625,0.718750
1020.343750,0.703125
1021.031250,0.687500
1021.718750,0.687500
1022.421875,0.703125
1023.125000,0.703125
1023.796875,0.671875
1024.453125,0.656250
1025.109375,0.656250
1025.812500,0.703125
1026.531250,0.718750
1027.328125,0.796875
1028.109375,0.781250
1028.859375,0.750000
1029.578125,0.718750
1030.265625,0.687500
1030.968750,0.703125
1031.671875,0.703125
1032.390625,0.718750
1033.125000,0.734375
1033.875000,0.750000
1034.593750,0.718750
1035.296875,0.703125
1036.015625,0.718750
1036.734375,0.718750
1037.468750,0.734375
1052.546875,0.734375
1053.265625,0.718750
1054.046875,0.781250
1054.703125,0.656250
1055.515625,0.812500
1059.843750,0.734375
1060.640625,0.796875
1061.390625,0.750000
1062.125000,0.734375
1062.921875,0.796875
1063.703125,0.781250
1064.500000,0.796875
1068.640625,0.593750
1069.453125,0.812500
1070.171875,0.718750
1070.875000,0.703125
1071.640625,0.765625
1072.312500,0.671875
1073.203125,0.890625
1076.687500,0.703125
1081.578125,0.687500
1082.296875,0.718750
1083.031250,0.734375
1083.750000,0.718750
1102.671875,0.593750
1103.125000,0.453125
1103.578125,0.453125
1130.453125,0.734375
1131.171875,0.718750
1136.890625,0.687500
1137.640625,0.750000
1138.484375,0.843750
1139.328125,0.843750
1140.171875,0.843750
1140.953125,0.781250
1141.703125,0.750000
1142.437500,0.734375
1143.171875,0.734375
1143.937500,0.765625
1144.718750,0.781250
1145.515625,0.796875
1146.281250,0.765625
1147.015625,0.734375
1147.718750,0.703125
1148.468750,0.750000
1160.437500,0.718750
1161.234375,0.796875
1161.937500,0.703125
1162.640625,0.703125
1163.312500,0.671875
1163.968750,0.656250
1164.609375,0.640625
1165.296875,0.687500
1166.031250,0.734375
1166.781250,0.750000
1167.515625,0.734375
1168.234375,0.718750
1168.921875,0.687500
1169.609375,0.687500
1170.312500,0.703125
1171.015625,0.703125
1171.750000,0.734375
1172.453125,0.703125
1173.171875,0.718750
1173.890625,0.718750
1174.656250,0.765625
1175.437500,0.781250
1176.250000,0.812500
1177.000000,0.750000
1177.734375,0.734375
1178.453125,0.718750
1179.187500,0.734375
1179.937500,0.750000
1180.687500,0.750000
1181.390625,0.703125
1182.093750,0.703125
1182.796875,0.703125
1183.500000,0.703125
1184.218750,0.718750
1184.953125,0.734375
1185.687500,0.734375
1186.406250,0.718750
1187.125000,0.718750
1187.859375,0.734375
1188.578125,0.718750
1189.312500,0.734375
1190.031250,0.718750
1190.703125,0.671875
1191.359375,0.656250
1192.031250,0.671875
1192.718750,0.687500
1193.468750,0.750000
1194.250000,0.781250
1195.000000,0.750000
1195.734375,0.734375
1196.453125,0.718750
1197.171875,0.718750
1197.890625,0.718750
1198.593750,0.703125
1199.281250,0.687500
1199.953125,0.671875
1200.609375,0.656250
1201.296875,0.687500
1202.015625,0.718750
1202.765625,0.750000
1203.515625,0.750000
1204.390625,0.875000
1205.078125,0.687500
1205.765625,0.687500
1206.468750,0.703125
1207.187500,0.718750
1207.921875,0.734375
1208.656250,0.734375
1209.375000,0.718750
1210.062500,0.687500
1210.750000,0.687500
1211.468750,0.718750
1212.203125,0.734375
1212.968750,0.765625
1213.703125,0.734375
1214.421875,0.718750
1215.140625,0.718750
1215.890625,0.750000
1216.625000,0.734375
1217.375000,0.750000
1218.093750,0.718750
1218.796875,0.703125
1219.468750,0.671875
1220.171875,0.703125
1220.875000,0.703125
1221.593750,0.718750
1222.312500,0.718750
1223.015625,0.703125
1223.734375,0.718750
1224.468750,0.734375
1233.796875,0.687500
1234.390625,0.593750
1248.406250,0.640625
1260.234375,0.750000
1261.015625,0.781250
1261.781250,0.765625
1262.531250,0.750000
1266.953125,0.734375
1271.546875,0.734375
1272.234375,0.687500
1272.984375,0.750000
1273.718750,0.734375
1274.531250,0.812500
1275.296875,0.765625
1276.046875,0.750000
1276.828125,0.781250
1277.609375,0.781250
1278.359375,0.750000
1279.078125,0.718750
1279.765625,0.687500
1280.437500,0.671875
1281.140625,0.703125
1281.890625,0.750000
1282.687500,0.796875
1283.453125,0.765625
1284.203125,0.750000
1284.953125,0.750000
1285.734375,0.781250
1286.531250,0.796875
1287.296875,0.765625
1288.078125,0.781250
1288.812500,0.734375
1289.546875,0.734375
1290.296875,0.750000
1291.093750,0.796875
1291.921875,0.828125
1292.703125,0.781250
1293.468750,0.765625
1294.250000,0.781250
1295.078125,0.828125
1295.875000,0.796875
1296.625000,0.750000
1297.343750,0.718750
1298.046875,0.703125
1298.765625,0.718750
1299.484375,0.718750
1300.218750,0.734375
1300.921875,0.703125
1301.640625,0.718750
1302.390625,0.750000
1303.156250,0.765625
1303.968750,0.812500
1304.765625,0.796875
1305.500000,0.734375
1306.234375,0.734375
1306.984375,0.750000
1307.750000,0.765625
1308.515625,0.765625
1309.312500,0.796875
1310.046875,0.734375
1310.796875,0.750000
1311.578125,0.781250
1312.359375,0.781250
1313.140625,0.781250
1313.921875,0.781250
1314.640625,0.718750
1315.375000,0.734375
1316.078125,0.703125
1316.796875,0.718750
1317.546875,0.750000
1318.281250,0.734375
1319.015625,0.734375
1319.765625,0.750000
1320.562500,0.796875
1321.375000,0.812500
1322.125000,0.750000
1322.843750,0.718750
1323.546875,0.703125
1324.453125,0.906250
1325.218750,0.765625
1326.000000,0.781250
1326.750000,0.750000
1327.500000,0.750000
1328.218750,0.718750
1328.968750,0.750000
1329.734375,0.765625
1330.484375,0.750000
1331.234375,0.750000
1331.984375,0.750000
1332.750000,0.765625
1333.531250,0.781250
1334.296875,0.765625
1335.031250,0.734375
1335.750000,0.718750
1336.484375,0.734375
1337.218750,0.734375
1337.968750,0.750000
1356.546875,0.812500
1371.531250,0.718750
1390.265625,0.812500
1391.093750,0.828125
1391.937500,0.843750
1392.687500,0.750000
1393.421875,0.734375
1394.156250,0.734375
1394.875000,0.718750
1395.562500,0.687500
1396.250000,0.687500
1396.921875,0.671875
1397.593750,0.671875
1398.281250,0.687500
1398.953125,0.671875
1399.609375,0.656250
1400.281250,0.671875
1400.984375,0.703125
1401.734375,0.750000
1402.500000,0.765625
1403.265625,0.765625
1403.968750,0.703125
1404.656250,0.687500
1405.343750,0.687500
1406.015625,0.671875
1406.687500,0.671875
1407.359375,0.671875
1408.031250,0.671875
1408.687500,0.656250
1409.328125,0.640625
1409.968750,0.640625
1410.640625,0.671875
1411.343750,0.703125
1412.078125,0.734375
1412.781250,0.703125
1413.468750,0.687500
1414.156250,0.687500
1414.828125,0.671875
1415.515625,0.687500
1416.203125,0.687500
1416.859375,0.656250
1417.484375,0.625000
1418.140625,0.656250
1418.796875,0.656250
1419.484375,0.687500
1420.203125,0.718750
1420.890625,0.687500
1421.578125,0.687500
1422.281250,0.703125
1423.015625,0.734375
1423.750000,0.734375
1424.484375,0.734375
1425.187500,0.703125
1425.859375,0.671875
1426.546875,0.687500
1427.234375,0.687500
1427.953125,0.718750
1428.703125,0.750000
1429.421875,0.718750
1430.140625,0.718750
1430.843750,0.703125
1431.546875,0.703125
1432.250000,0.703125
1432.968750,0.718750
1433.687500,0.718750
1434.390625,0.703125
1435.078125,0.687500
1445.140625,0.703125
1445.875000,0.734375
1446.625000,0.750000
1447.359375,0.734375
1447.968750,0.609375
1455.421875,0.718750
1456.140625,0.718750
1456.875000,0.734375
1457.562500,0.687500
1458.234375,0.671875
1458.906250,0.671875
1459.578125,0.671875
1460.265625,0.687500
1460.968750,0.703125
1461.687500,0.718750
1462.390625,0.703125
1463.062500,0.671875
1463.750000,0.687500
1464.437500,0.687500
1465.125000,0.687500
1465.843750,0.718750
1466.546875,0.703125
1467.234375,0.687500
1467.906250,0.671875
1468.562500,0.656250
1469.250000,0.687500
1469.953125,0.703125
1470.656250,0.703125
1471.343750,0.687500
1472.015625,0.671875
1472.671875,0.656250
1473.343750,0.671875
1474.046875,0.703125
1474.765625,0.718750
1475.484375,0.718750
1476.171875,0.687500
1476.843750,0.671875
1477.531250,0.687500
1478.203125,0.671875
1478.875000,0.671875
1479.546875,0.671875
1480.218750,0.671875
1480.859375,0.640625
1481.531250,0.671875
1482.234375,0.703125
1482.984375,0.750000
1483.750000,0.765625
1484.500000,0.750000
1485.203125,0.703125
1485.875000,0.671875
1486.546875,0.671875
1487.234375,0.687500
1487.906250,0.671875
1488.593750,0.687500
1489.250000,0.656250
1489.906250,0.656250
1490.578125,0.671875
1491.265625,0.687500
1491.984375,0.718750
1498.875000,0.593750
1499.484375,0.609375
1500.078125,0.593750
1500.671875,0.593750
1501.312500,0.640625
1501.953125,0.640625
1502.578125,0.625000
1503.203125,0.625000
1503.828125,0.625000
1504.609375,0.781250
1505.250000,0.640625
1505.906250,0.656250
1506.609375,0.703125
1507.343750,0.734375
1508.062500,0.718750
1508.750000,0.687500
1509.453125,0.703125
1537.359375,0.750000
1538.125000,0.765625
1538.843750,0.718750
1539.531250,0.687500
1540.234375,0.703125
1541.000000,0.765625
1557.390625,0.562500
1563.656250,0.796875
1564.437500,0.781250
1608.734375,0.734375
1609.468750,0.734375
1610.218750,0.750000
1610.968750,0.750000
1611.734375,0.765625
1612.562500,0.828125
1618.140625,0.718750
1618.875000,0.734375
1624.109375,0.750000
1669.296875,0.765625
1670.078125,0.781250
1670.796875,0.718750
1671.484375,0.687500
1672.171875,0.687500
1672.859375,0.687500
1673.578125,0.718750
1683.500000,0.671875
1726.984375,0.765625
1727.734375,0.750000
1728.468750,0.734375
1729.187500,0.718750
1729.859375,0.671875
1730.562500,0.703125
1731.250000,0.687500
1731.984375,0.734375
1732.703125,0.718750
1733.453125,0.750000
1734.171875,0.718750
1734.875000,0.703125
1735.609375,0.734375
1736.359375,0.750000
1737.125000,0.765625
1737.890625,0.765625
1745.000000,0.734375
1745.890625,0.890625
1746.578125,0.687500
1747.250000,0.671875
1747.968750,0.718750
1748.656250,0.687500
1749.359375,0.703125
1750.125000,0.765625
1782.531250,0.687500
1783.203125,0.671875
1783.875000,0.671875
1784.578125,0.703125
1785.296875,0.718750
1786.062500,0.765625
1786.859375,0.796875
1787.609375,0.750000
1788.375000,0.765625
1789.171875,0.796875
1789.953125,0.781250
1790.703125,0.750000
1791.406250,0.703125
1792.093750,0.687500
1792.781250,0.687500
1793.500000,0.718750
1794.281250,0.781250
1795.093750,0.812500
1795.890625,0.796875
1796.640625,0.750000
1797.359375,0.718750
1802.328125,0.734375
1803.140625,0.812500
1803.953125,0.812500
1804.781250,0.828125
1809.734375,0.718750
1810.437500,0.703125
1811.140625,0.703125
1811.828125,0.687500
1812.546875,0.718750
1813.296875,0.750000
1814.078125,0.781250
1814.859375,0.781250
1815.593750,0.734375
1816.312500,0.718750
1817.015625,0.703125
1817.734375,0.718750
1818.437500,0.703125
1819.187500,0.750000
1819.968750,0.781250
1820.718750,0.750000
1821.468750,0.750000
1822.218750,0.750000
1822.984375,0.765625
1823.734375,0.750000
1824.484375,0.750000
1825.187500,0.703125
1825.859375,0.671875
1826.515625,0.656250
1827.187500,0.671875
1827.906250,0.718750
1828.656250,0.750000
1829.453125,0.796875
1830.234375,0.781250
1830.984375,0.750000
1831.750000,0.765625
1832.531250,0.781250
1833.328125,0.796875
1834.109375,0.781250
1834.875000,0.765625
1835.609375,0.734375
1836.328125,0.718750
1837.062500,0.734375
1837.812500,0.750000
1838.562500,0.750000
1839.343750,0.781250
1840.062500,0.718750
1840.781250,0.718750
1841.484375,0.703125
1842.218750,0.734375
1842.968750,0.750000
1843.718750,0.750000
1844.453125,0.734375
1845.171875,0.718750
1845.875000,0.703125
1846.593750,0.718750
1847.359375,0.765625
1848.109375,0.750000
1854.828125,0.687500
1855.515625,0.687500
1856.218750,0.703125
1856.937500,0.718750
1857.671875,0.734375
1858.375000,0.703125
1859.062500,0.687500
1859.734375,0.671875
1860.453125,0.718750
1861.187500,0.734375
1861.937500,0.750000
1862.718750,0.781250
1863.421875,0.703125
1864.125000,0.703125
1871.250000,0.796875
1872.031250,0.781250
1872.765625,0.734375
1873.468750,0.703125
1874.156250,0.687500
1874.859375,0.703125
1879.921875,0.781250
1880.703125,0.781250
1881.453125,0.750000
1882.171875,0.718750
1882.906250,0.734375
1883.609375,0.703125
1884.312500,0.703125
1885.031250,0.718750
1885.734375,0.703125
1886.421875,0.687500
1887.093750,0.671875
1887.765625,0.671875
1888.453125,0.687500
1889.171875,0.718750
1889.906250,0.734375
1890.625000,0.718750
1891.328125,0.703125
1892.046875,0.718750
1892.750000,0.703125
1893.453125,0.703125
1894.140625,0.687500
1894.781250,0.640625
1895.437500,0.656250
1896.093750,0.656250
1896.796875,0.703125
1897.546875,0.750000
1898.296875,0.750000
1899.031250,0.734375
1903.296875,0.671875
1903.953125,0.656250
1904.609375,0.656250
1905.312500,0.703125
1906.109375,0.796875
1906.921875,0.812500
1907.718750,0.796875
1908.515625,0.796875
1911.984375,0.687500
1912.656250,0.671875
1913.359375,0.703125
1914.015625,0.656250
1914.703125,0.687500
1915.468750,0.765625
1916.296875,0.828125
1917.093750,0.796875
1917.906250,0.812500
1918.609375,0.703125
1922.921875,0.718750
1923.640625,0.718750
1924.375000,0.734375
1925.203125,0.828125
1926.171875,0.968750
1927.000000,0.828125
1927.781250,0.781250
1928.515625,0.734375
1929.234375,0.718750
1929.953125,0.718750
1930.671875,0.718750
1931.406250,0.734375
1932.156250,0.750000
1932.875000,0.718750
1933.593750,0.718750
1934.328125,0.734375
1935.109375,0.781250
1935.890625,0.781250
1936.656250,0.765625
1943.031250,0.765625
1943.875000,0.843750
1944.718750,0.843750
1945.484375,0.765625
1946.234375,0.750000
1947.000000,0.765625
1947.750000,0.750000
1948.468750,0.718750
1949.171875,0.703125
1949.875000,0.703125
1950.609375,0.734375
1951.375000,0.765625
1952.171875,0.796875
1953.000000,0.828125
1953.796875,0.796875
1954.562500,0.765625
1955.296875,0.734375
1956.046875,0.750000
1956.796875,0.750000
1957.531250,0.734375
1958.265625,0.734375
1958.984375,0.718750
1959.687500,0.703125
1960.484375,0.796875
1961.281250,0.796875
1962.062500,0.781250
1962.828125,0.765625
1963.531250,0.703125
1964.250000,0.718750
1964.968750,0.718750
1965.687500,0.718750
1966.406250,0.718750
1972.218750,0.734375
1972.921875,0.703125
1978.312500,0.671875
1986.515625,0.734375
1987.234375,0.718750
1987.968750,0.734375
1988.734375,0.765625
1989.546875,0.812500
1990.390625,0.843750
1991.187500,0.796875
1991.968750,0.781250
1992.718750,0.750000
2000.296875,0.796875
2026.375000,0.750000
2027.171875,0.796875
2027.968750,0.796875
2028.765625,0.796875
2029.484375,0.718750
2030.203125,0.718750
2030.890625,0.687500
2031.578125,0.687500
2032.296875,0.718750
2033.031250,0.734375
2033.750000,0.718750
2034.484375,0.734375
2039.703125,0.703125
2040.421875,0.718750
2041.125000,0.703125
2041.843750,0.718750
2042.562500,0.718750
2043.296875,0.734375
2044.015625,0.718750
2044.796875,0.781250
2045.562500,0.765625
2046.515625,0.953125
2047.296875,0.781250
2048.031250,0.734375
2048.734375,0.703125
2049.468750,0.734375
2054.406250,0.718750
2055.156250,0.750000
2055.890625,0.734375
2056.671875,0.781250
2057.406250,0.734375
2058.093750,0.687500
2058.781250,0.687500
2059.515625,0.734375
2060.265625,0.750000
2061.062500,0.796875
2061.859375,0.796875
2062.625000,0.765625
2063.359375,0.734375
2064.093750,0.734375
2064.828125,0.734375
2065.593750,0.765625
2066.359375,0.765625
2067.125000,0.765625
2067.843750,0.718750
2068.578125,0.734375
2069.312500,0.734375
2070.078125,0.765625
2070.859375,0.781250
2071.578125,0.718750
2072.312500,0.734375
2072.984375,0.671875
2073.671875,0.687500
2074.343750,0.671875
2075.078125,0.734375
2075.843750,0.765625
2076.609375,0.765625
2077.359375,0.750000
2078.031250,0.671875
2082.484375,0.703125
2083.187500,0.703125
2083.937500,0.750000
2084.687500,0.750000
2085.500000,0.812500
2086.296875,0.796875
2087.046875,0.750000
2087.781250,0.734375
2088.531250,0.750000
2089.265625,0.734375
2090.015625,0.750000
2090.734375,0.718750
2091.437500,0.703125
2092.140625,0.703125
2092.875000,0.734375
2093.671875,0.796875
2094.484375,0.812500
2095.296875,0.812500
2096.109375,0.812500
2096.843750,0.734375
2097.578125,0.734375
2098.296875,0.718750
2106.046875,0.796875
2106.796875,0.750000
2107.593750,0.796875
2108.343750,0.750000
2109.078125,0.734375
2109.796875,0.718750
2110.484375,0.687500
2111.140625,0.656250
2111.796875,0.656250
2112.468750,0.671875
2113.218750,0.750000
2114.031250,0.812500
2114.828125,0.796875
2115.578125,0.750000
2116.312500,0.734375
2117.062500,0.750000
2117.812500,0.750000
2118.562500,0.750000
2119.281250,0.718750
2119.984375,0.703125
2120.671875,0.687500
2121.406250,0.734375
2122.156250,0.750000
2122.937500,0.781250
2123.703125,0.765625
2124.406250,0.703125
2125.109375,0.703125
2125.812500,0.703125
2126.515625,0.703125
2127.234375,0.718750
2127.937500,0.703125
2128.625000,0.687500
2129.343750,0.718750
2130.109375,0.765625
2130.890625,0.781250
2131.640625,0.750000
2132.359375,0.718750
2133.046875,0.687500
2133.765625,0.718750
2134.484375,0.718750
2135.250000,0.765625
2136.000000,0.750000
2136.750000,0.750000
2137.468750,0.718750
2138.140625,0.671875
2166.921875,0.984375
2167.687500,0.765625
2168.421875,0.734375
2169.203125,0.781250
2174.375000,0.687500
2175.109375,0.734375
2175.843750,0.734375
2176.468750,0.625000
2192.187500,0.703125
2192.906250,0.718750
2193.625000,0.718750
2194.406250,0.781250
2195.187500,0.781250
2195.937500,0.750000
2196.703125,0.765625
2197.484375,0.781250
2198.296875,0.812500
2199.109375,0.812500
2199.906250,0.796875
2200.640625,0.734375
2201.343750,0.703125
2205.656250,0.718750
2206.359375,0.703125
2207.062500,0.703125
2207.812500,0.750000
2208.593750,0.781250
2209.390625,0.796875
2210.187500,0.796875
2210.937500,0.750000
2211.656250,0.718750
2212.390625,0.734375
2213.109375,0.718750
2213.843750,0.734375
2214.578125,0.734375
2215.312500,0.734375
2216.015625,0.703125
2216.750000,0.734375
2217.500000,0.750000
2218.296875,0.796875
2219.093750,0.796875
2219.843750,0.750000
2220.562500,0.718750
2221.312500,0.750000
2222.078125,0.765625
2222.828125,0.750000
2223.546875,0.718750
2224.265625,0.718750
2224.968750,0.703125
2225.687500,0.718750
2226.453125,0.765625
2227.250000,0.796875
2228.046875,0.796875
2228.812500,0.765625
2229.609375,0.796875
2230.406250,0.796875
2231.203125,0.796875
2231.953125,0.750000
2232.671875,0.718750
2233.375000,0.703125
2234.078125,0.703125
2234.843750,0.765625
2235.609375,0.765625
2236.421875,0.812500
2237.234375,0.812500
2238.015625,0.781250
2238.796875,0.781250
2239.578125,0.781250
2240.359375,0.781250
2241.125000,0.765625
2241.890625,0.765625
2242.625000,0.734375
2243.359375,0.734375
2244.093750,0.734375
2244.890625,0.796875
2245.687500,0.796875
2246.484375,0.796875
2247.250000,0.765625
2247.984375,0.734375
2248.687500,0.703125
2249.421875,0.734375
2250.171875,0.750000
2250.890625,0.718750
2251.609375,0.718750
2252.296875,0.687500
2253.000000,0.703125
2253.750000,0.750000
2254.562500,0.812500
2255.359375,0.796875
2256.156250,0.796875
2256.906250,0.750000
2257.656250,0.750000
2258.421875,0.765625
2259.187500,0.765625
2259.921875,0.734375
2260.640625,0.718750
2261.328125,0.687500
2262.015625,0.687500
2262.718750,0.703125
2263.500000,0.781250
2264.328125,0.828125
2265.171875,0.843750
2265.984375,0.812500
2266.750000,0.765625
2267.515625,0.765625
2268.265625,0.750000
2269.000000,0.734375
2275.890625,0.765625
2276.562500,0.671875
2285.984375,0.796875
2286.812500,0.828125
2287.609375,0.796875
2299.765625,0.765625
2300.531250,0.765625
2330.593750,0.750000
2358.453125,0.828125
2359.250000,0.796875
2363.328125,0.812500
2364.078125,0.750000
2368.578125,0.640625
2379.531250,0.781250
2380.312500,0.781250
2381.093750,0.781250
2381.859375,0.765625
2398.125000,0.671875
2398.812500,0.687500
2399.562500,0.750000
2400.328125,0.765625
2401.093750,0.765625
2401.812500,0.718750
2402.500000,0.687500
2403.156250,0.656250
2403.796875,0.640625
2404.468750,0.671875
2405.140625,0.671875
2405.843750,0.703125
2406.531250,0.687500
2407.171875,0.640625
2410.906250,0.609375
2411.546875,0.640625
2412.187500,0.640625
2412.812500,0.625000
2413.453125,0.640625
2414.109375,0.656250
2414.765625,0.656250
2421.953125,0.781250
2422.703125,0.750000
2423.437500,0.734375
2424.187500,0.750000
2424.937500,0.750000
2425.703125,0.765625
2426.453125,0.750000
2427.156250,0.703125
2427.875000,0.718750
2428.609375,0.734375
2429.343750,0.734375
2430.031250,0.687500
2436.500000,0.750000
2437.187500,0.687500
2437.859375,0.671875
2438.546875,0.687500
2439.234375,0.687500
2439.953125,0.718750
2440.703125,0.750000
2441.437500,0.734375
2442.171875,0.734375
2442.875000,0.703125
2443.562500,0.687500
2444.234375,0.671875
2444.921875,0.687500
2445.640625,0.718750
2446.359375,0.718750
2447.078125,0.718750
2447.953125,0.875000
2448.734375,0.781250
2455.375000,0.812500
2456.156250,0.781250
2456.890625,0.734375
2457.578125,0.687500
2458.281250,0.703125
2458.984375,0.703125
2466.531250,0.765625
2469.765625,0.781250
2470.546875,0.781250
2471.312500,0.765625
2472.062500,0.750000
2472.843750,0.781250
2473.625000,0.781250
2474.406250,0.781250
2475.140625,0.734375
2475.875000,0.734375
2476.609375,0.734375
2477.343750,0.734375
2478.125000,0.781250
2478.890625,0.765625
2479.812500,0.921875
2483.218750,0.750000
2483.953125,0.734375
2484.687500,0.734375
2485.390625,0.703125
2486.125000,0.734375
2486.859375,0.734375
2487.625000,0.765625
2488.343750,0.718750
2489.078125,0.734375
2489.796875,0.718750
2490.531250,0.734375
2491.265625,0.734375
2492.015625,0.750000
2492.796875,0.781250
2493.546875,0.750000
2494.281250,0.734375
2495.000000,0.718750
2495.765625,0.765625
2496.515625,0.750000
2497.265625,0.750000
2497.984375,0.718750
2498.703125,0.718750
2499.421875,0.718750
2500.125000,0.703125
2500.859375,0.734375
2501.578125,0.718750
2502.296875,0.718750
2503.015625,0.718750
2503.734375,0.718750
2504.468750,0.734375
2505.234375,0.765625
2506.000000,0.765625
2506.765625,0.765625
2507.500000,0.734375
2508.187500,0.687500
2508.875000,0.687500
2513.796875,0.718750
2514.515625,0.718750
2515.265625,0.750000
2515.968750,0.703125
2516.656250,0.687500
2517.312500,0.656250
2517.968750,0.656250
2518.625000,0.656250
2519.312500,0.687500
2520.000000,0.687500
2520.718750,0.718750
2521.437500,0.718750
2522.171875,0.734375
2522.953125,0.781250
2523.734375,0.781250
2524.515625,0.781250
2525.250000,0.734375
2525.953125,0.703125
2526.609375,0.656250
2527.421875,0.812500
2528.093750,0.671875
2528.781250,0.687500
2529.531250,0.750000
2530.296875,0.765625
2531.062500,0.765625
2531.843750,0.781250
2532.671875,0.828125
2533.484375,0.812500
2534.281250,0.796875
2535.062500,0.781250
2535.750000,0.687500
2536.437500,0.687500
2537.109375,0.671875
2537.765625,0.656250
2538.468750,0.703125
2539.218750,0.750000
2540.000000,0.781250
2540.750000,0.750000
2541.546875,0.796875
2542.359375,0.812500
2543.156250,0.796875
2543.953125,0.796875
2544.703125,0.750000
2545.390625,0.687500
2546.109375,0.718750
2546.812500,0.703125
2547.546875,0.734375
2548.250000,0.703125
2548.921875,0.671875
2549.578125,0.656250
2550.234375,0.656250
2550.890625,0.656250
2551.593750,0.703125
2571.187500,0.812500
2598.578125,0.687500
2599.328125,0.750000
2600.109375,0.781250
2600.859375,0.750000
2601.625000,0.765625
2602.375000,0.750000
2603.140625,0.765625
2603.937500,0.796875
2604.750000,0.812500
2605.546875,0.796875
2606.296875,0.750000
2607.015625,0.718750
2607.750000,0.734375
2608.546875,0.796875
2609.312500,0.765625
2619.812500,0.734375
2620.531250,0.718750
2621.265625,0.734375
2636.109375,0.656250
2636.734375,0.625000
2637.343750,0.609375
2637.984375,0.640625
2638.671875,0.687500
2639.421875,0.750000
2640.218750,0.796875
2641.015625,0.796875
2641.812500,0.796875
2642.562500,0.750000
2643.312500,0.750000
2644.093750,0.781250
2644.828125,0.734375
2645.562500,0.734375
2646.250000,0.687500
2646.921875,0.671875
2647.609375,0.687500
2648.312500,0.703125
2649.109375,0.796875
2649.937500,0.828125
2650.765625,0.828125
2675.187500,0.656250
2675.843750,0.656250
2676.484375,0.640625
2677.109375,0.625000
2677.734375,0.625000
2706.296875,0.968750
2710.921875,0.687500
2711.656250,0.734375
2712.406250,0.750000
2713.203125,0.796875
2713.906250,0.703125
2714.609375,0.703125
2715.312500,0.703125
2715.953125,0.640625
2721.968750,0.734375
2722.656250,0.687500
2723.343750,0.687500
2724.031250,0.687500
2724.750000,0.718750
2725.500000,0.750000
2726.296875,0.796875
2727.062500,0.765625
2727.781250,0.718750
2728.515625,0.734375
2729.265625,0.750000
2730.078125,0.812500
2730.890625,0.812500
2731.656250,0.765625
2732.437500,0.781250
2733.234375,0.796875
2734.046875,0.812500
2734.843750,0.796875
2735.593750,0.750000
2747.062500,0.718750
2747.765625,0.703125
2748.468750,0.703125
2749.171875,0.703125
2749.812500,0.640625
2750.500000,0.687500
2751.234375,0.734375
2752.046875,0.812500
2752.875000,0.828125
2753.703125,0.828125
2754.546875,0.843750
2755.359375,0.812500
2756.156250,0.796875
2756.937500,0.781250
2757.718750,0.781250
2758.515625,0.796875
2759.312500,0.796875
2760.078125,0.765625
2776.812500,0.765625
2777.578125,0.765625
2778.312500,0.734375
2779.015625,0.703125
2779.750000,0.734375
2780.500000,0.750000
2781.328125,0.828125
2782.156250,0.828125
2782.953125,0.796875
2783.718750,0.765625
2784.500000,0.781250
2785.359375,0.859375
2798.156250,0.781250
2798.968750,0.812500
2799.781250,0.812500
2800.546875,0.765625
2801.328125,0.781250
2802.125000,0.796875
2802.921875,0.796875
2803.765625,0.843750
2804.593750,0.828125
2805.406250,0.812500
2806.203125,0.796875
2810.843750,0.750000
2811.625000,0.781250
2812.421875,0.796875
2813.265625,0.843750
2814.062500,0.796875
2814.890625,0.828125
2815.625000,0.734375
2816.375000,0.750000
2817.125000,0.750000
2817.859375,0.734375
2818.656250,0.796875
2819.421875,0.765625
2820.187500,0.765625
2820.937500,0.750000
2821.750000,0.812500
2822.531250,0.781250
2823.328125,0.796875
2824.078125,0.750000
2824.765625,0.687500
2825.468750,0.703125
2826.187500,0.718750
2826.921875,0.734375
2830.937500,0.781250
2831.734375,0.796875
2832.468750,0.734375
2833.203125,0.734375
2833.921875,0.718750
2834.671875,0.750000
2835.328125,0.656250
2868.828125,0.812500
2869.640625,0.812500
2921.765625,0.734375
2922.484375,0.718750
2923.171875,0.687500
2923.859375,0.687500
2924.562500,0.703125
2925.312500,0.750000
2926.062500,0.750000
2926.828125,0.765625
2927.562500,0.734375
2928.328125,0.765625
2929.109375,0.781250
2946.750000,0.765625
2947.531250,0.781250
2948.484375,0.953125
2961.500000,0.781250
2962.343750,0.843750
2963.171875,0.828125
2973.953125,0.781250
3000.343750,0.671875
3001.125000,0.781250
3001.984375,0.859375
3002.828125,0.843750
3003.687500,0.859375
3004.484375,0.796875
3005.296875,0.812500
3006.125000,0.828125
3006.921875,0.796875
3007.718750,0.796875
3008.421875,0.703125
3009.109375,0.687500
3009.812500,0.703125
3010.546875,0.734375
3011.328125,0.781250
3012.140625,0.812500
3012.968750,0.828125
3013.781250,0.812500
3014.562500,0.781250
3015.343750,0.781250
3016.140625,0.796875
3016.937500,0.796875
3017.718750,0.781250
3018.500000,0.781250
3019.234375,0.734375
3020.000000,0.765625
3020.781250,0.781250
3021.593750,0.812500
3029.109375,0.750000
3029.906250,0.796875
3030.703125,0.796875
3031.562500,0.859375
3032.343750,0.781250
3033.125000,0.781250
3033.859375,0.734375
3034.625000,0.765625
3038.312500,0.671875
3039.046875,0.734375
3039.718750,0.671875
3040.453125,0.734375
3041.218750,0.765625
3041.984375,0.765625
3042.718750,0.734375
3043.437500,0.718750
3044.140625,0.703125
3044.890625,0.750000
3045.640625,0.750000
3046.375000,0.734375
3047.140625,0.765625
3047.890625,0.750000
3048.609375,0.718750
3049.359375,0.750000
3050.156250,0.796875
3050.953125,0.796875
3051.765625,0.812500
3052.562500,0.796875
3053.312500,0.750000
3061.609375,0.703125
3090.562500,0.656250
3091.234375,0.671875
3091.953125,0.718750
3097.765625,0.781250
3098.500000,0.734375
3099.203125,0.703125
3099.921875,0.718750
3100.640625,0.718750
3101.375000,0.734375
3102.125000,0.750000
3102.859375,0.734375
3103.578125,0.718750
3104.343750,0.765625
3105.125000,0.781250
3105.921875,0.796875
3106.687500,0.765625
3107.437500,0.750000
3108.187500,0.750000
3108.937500,0.750000
3109.718750,0.781250
3110.515625,0.796875
3111.296875,0.781250
3112.078125,0.781250
3112.843750,0.765625
3113.609375,0.765625
3114.390625,0.781250
3115.156250,0.765625
3115.968750,0.812500
3121.765625,0.750000
3122.515625,0.750000
3123.281250,0.765625
3124.062500,0.781250
3124.859375,0.796875
3128.359375,0.703125
3129.109375,0.750000
3129.859375,0.750000
3130.656250,0.796875
3131.390625,0.734375
3132.125000,0.734375
3132.859375,0.734375
3137.375000,0.750000
3138.125000,0.750000
3138.906250,0.781250
3139.671875,0.765625
3140.421875,0.750000
3141.187500,0.765625
3141.921875,0.734375
3142.703125,0.781250
3143.453125,0.750000
3144.250000,0.796875
3145.046875,0.796875
3145.750000,0.703125
3154.906250,0.828125
3155.703125,0.796875
3156.468750,0.765625
3161.578125,0.718750
3162.328125,0.750000
3163.156250,0.828125
3163.984375,0.828125
3164.812500,0.828125
3165.640625,0.828125
3166.437500,0.796875
3167.203125,0.765625
3167.937500,0.734375
3168.671875,0.734375
3169.421875,0.750000
3170.171875,0.750000
3170.953125,0.781250
3171.718750,0.765625
3172.531250,0.812500
3173.390625,0.859375
3174.234375,0.843750
3175.109375,0.875000
3175.906250,0.796875
3176.671875,0.765625
3177.390625,0.718750
3178.093750,0.703125
3178.828125,0.734375
3179.578125,0.750000
3180.406250,0.828125
3181.218750,0.812500
3182.015625,0.796875
3182.859375,0.843750
3183.750000,0.890625
3184.609375,0.859375
3185.484375,0.875000
3186.328125,0.843750
3192.312500,0.750000
3193.078125,0.765625
3193.906250,0.828125
3238.734375,0.468750
3280.875000,0.734375
3281.671875,0.796875
3282.531250,0.859375
3283.359375,0.828125
3284.234375,0.875000
3326.000000,0.765625
3334.218750,0.765625
3335.000000,0.781250
3353.421875,0.781250
3354.234375,0.812500
3354.984375,0.750000
3368.781250,0.640625
3369.609375,0.828125
3370.265625,0.656250
3370.953125,0.687500
3371.656250,0.703125
3372.390625,0.734375
3373.125000,0.734375
3373.921875,0.796875
3374.734375,0.812500
3375.609375,0.875000
3376.515625,0.906250
3377.437500,0.921875
3378.375000,0.937500
3379.265625,0.890625
3380.093750,0.828125
3380.921875,0.828125
3381.765625,0.843750
3382.593750,0.828125
3383.375000,0.781250
3384.109375,0.734375
3384.859375,0.750000
3402.921875,0.781250
3403.718750,0.796875
3404.500000,0.781250
3416.765625,0.703125
3417.484375,0.718750
3418.250000,0.765625
3419.062500,0.812500
3419.906250,0.843750
3420.687500,0.781250
3421.515625,0.828125
3422.328125,0.812500
3423.171875,0.843750
3424.000000,0.828125
3424.796875,0.796875
3425.562500,0.765625
3426.343750,0.781250
3427.140625,0.796875
3427.984375,0.843750
3428.750000,0.765625
3429.515625,0.765625
3430.312500,0.796875
3431.125000,0.812500
3431.921875,0.796875
3432.718750,0.796875
3433.484375,0.765625
3434.265625,0.781250
3435.093750,0.828125
3435.937500,0.843750
3436.781250,0.843750
3437.593750,0.812500
3438.343750,0.750000
3439.109375,0.765625
3444.953125,0.781250
3445.718750,0.765625
3454.921875,0.765625
3455.718750,0.796875
3456.500000,0.781250
3457.281250,0.781250
3458.000000,0.718750
3458.734375,0.734375
3459.468750,0.734375
3460.203125,0.734375
3460.984375,0.781250
3461.734375,0.750000
3462.500000,0.765625
3463.312500,0.812500
3464.140625,0.828125
3464.984375,0.843750
3465.765625,0.781250
3466.531250,0.765625
3467.343750,0.812500
3468.140625,0.796875
3468.953125,0.812500
3469.718750,0.765625
3470.453125,0.734375
3471.234375,0.781250
3472.046875,0.812500
3472.859375,0.812500
3494.468750,0.796875
3495.312500,0.843750
3496.156250,0.843750
3497.000000,0.843750
3505.265625,0.812500
3506.109375,0.843750
3506.906250,0.796875
3507.656250,0.750000
3508.390625,0.734375
3509.125000,0.734375
3509.843750,0.718750
3510.578125,0.734375
3511.343750,0.765625
3512.125000,0.781250
3512.906250,0.781250
3513.703125,0.796875
3514.546875,0.843750
3515.406250,0.859375
3516.250000,0.843750
3517.015625,0.765625
3517.734375,0.718750
3518.484375,0.750000
3528.265625,0.734375
3529.046875,0.781250
3533.484375,0.796875
3534.296875,0.812500
3535.046875,0.750000
3535.828125,0.781250
3536.625000,0.796875
3537.437500,0.812500
3538.250000,0.812500
3539.046875,0.796875
3539.843750,0.796875
3540.625000,0.781250
3541.406250,0.781250
3542.203125,0.796875
3543.000000,0.796875
3543.765625,0.765625
3544.500000,0.734375
3545.234375,0.734375
3546.000000,0.765625
3546.703125,0.703125
3547.437500,0.734375
3548.203125,0.765625
3549.000000,0.796875
3549.953125,0.953125
3550.687500,0.734375
3551.390625,0.703125
3552.109375,0.718750
3552.828125,0.718750
3553.593750,0.765625
3554.375000,0.781250
3555.171875,0.796875
3555.937500,0.765625
3556.687500,0.750000
3557.453125,0.765625
3558.265625,0.812500
3559.062500,0.796875
3559.890625,0.828125
3560.687500,0.796875
3561.484375,0.796875
3562.265625,0.781250
3563.078125,0.812500
3563.921875,0.843750
3564.765625,0.843750
3565.625000,0.859375
3566.437500,0.812500
3567.203125,0.765625
3573.328125,0.703125
3574.031250,0.703125
3581.859375,0.734375
3582.625000,0.765625
3583.406250,0.781250
3584.156250,0.750000
3584.906250,0.750000
3585.687500,0.781250
3586.484375,0.796875
3587.296875,0.812500
3588.093750,0.796875
3588.859375,0.765625
3589.609375,0.750000
3590.375000,0.765625
3591.156250,0.781250
3591.953125,0.796875
3592.734375,0.781250
3593.484375,0.750000
3594.250000,0.765625
3595.015625,0.765625
3595.812500,0.796875
3596.546875,0.734375
3597.250000,0.703125
3597.953125,0.703125
3598.625000,0.671875
3599.343750,0.718750
3600.109375,0.765625
3600.890625,0.781250
3601.656250,0.765625
3602.421875,0.765625
3603.234375,0.812500
3604.031250,0.796875
3604.859375,0.828125
3605.656250,0.796875
3606.437500,0.781250
3607.218750,0.781250
3608.031250,0.812500
3608.843750,0.812500
3609.656250,0.812500
3610.453125,0.796875
3611.234375,0.781250
3612.015625,0.781250
3612.828125,0.812500
3624.484375,0.640625
3629.796875,0.718750
3630.562500,0.765625
3631.312500,0.750000
3632.046875,0.734375
3640.328125,0.718750
3653.468750,0.750000
3654.156250,0.687500
3654.953125,0.796875
3655.718750,0.765625
3656.500000,0.781250
3657.312500,0.812500
3658.000000,0.687500
3658.906250,0.906250
3659.703125,0.796875
3660.546875,0.843750
3661.390625,0.843750
3662.250000,0.859375
3663.015625,0.765625
3663.812500,0.796875
3664.578125,0.765625
3665.406250,0.828125
3666.218750,0.812500
3667.078125,0.859375
3667.875000,0.796875
3699.984375,0.796875
3700.765625,0.781250
3701.515625,0.750000
3702.281250,0.765625
3703.046875,0.765625
3703.843750,0.796875
3704.656250,0.812500
3705.406250,0.750000
3706.156250,0.750000
3706.890625,0.734375
3707.578125,0.687500
3708.296875,0.718750
3719.218750,0.750000
3719.953125,0.734375
3720.703125,0.750000
3721.500000,0.796875
3722.359375,0.859375
3723.265625,0.906250
3724.140625,0.875000
3724.953125,0.812500
3725.750000,0.796875
3726.593750,0.843750
3727.421875,0.828125
3728.218750,0.796875
3729.000000,0.781250
3729.765625,0.765625
3730.734375,0.968750
3731.578125,0.843750
3732.437500,0.859375
3733.312500,0.875000
3734.109375,0.796875
3734.906250,0.796875
3735.687500,0.781250
3736.500000,0.812500
3737.312500,0.812500
3738.140625,0.828125
3746.171875,0.812500
3746.968750,0.796875
3747.781250,0.812500
3748.609375,0.828125
3749.468750,0.859375
3750.375000,0.906250
3751.250000,0.875000
3752.062500,0.812500
3752.859375,0.796875
3753.640625,0.781250
3754.437500,0.796875
3755.250000,0.812500
3756.046875,0.796875
3756.843750,0.796875
3757.640625,0.796875
3758.421875,0.781250
3759.156250,0.734375
3759.937500,0.781250
3760.734375,0.796875
3761.484375,0.750000
3762.203125,0.718750
3762.953125,0.750000
3763.687500,0.734375
3764.437500,0.750000
3793.640625,0.796875
3794.453125,0.812500
3795.203125,0.750000
3795.890625,0.687500
3796.593750,0.703125
3797.250000,0.656250
3797.984375,0.734375
3798.750000,0.765625
3799.578125,0.828125
3800.390625,0.812500
3801.218750,0.828125
3802.046875,0.828125
3802.875000,0.828125
3803.703125,0.828125
3804.531250,0.828125
3805.343750,0.812500
3810.078125,0.750000
3810.828125,0.750000
3811.640625,0.812500
3812.453125,0.812500
3813.328125,0.875000
3814.109375,0.781250
3814.859375,0.750000
3815.796875,0.937500
3821.812500,0.796875
3822.562500,0.750000
3823.312500,0.750000
3824.093750,0.781250
3831.093750,0.765625
3831.843750,0.750000
3832.593750,0.750000
3833.359375,0.765625
3834.156250,0.796875
3834.953125,0.796875
3835.734375,0.781250
3836.515625,0.781250
3837.296875,0.781250
3838.109375,0.812500
3838.906250,0.796875
3839.703125,0.796875
3840.484375,0.781250
3841.234375,0.750000
3842.000000,0.765625
3842.781250,0.781250
3843.578125,0.796875
3844.375000,0.796875
3845.140625,0.765625
3845.890625,0.750000
3846.640625,0.750000
3847.406250,0.765625
3848.156250,0.750000
3848.937500,0.781250
3849.687500,0.750000
3850.453125,0.765625
3851.250000,0.796875
3852.046875,0.796875
3852.843750,0.796875
3853.609375,0.765625
3854.375000,0.765625
3855.156250,0.781250
3855.968750,0.812500
3856.765625,0.796875
3857.546875,0.781250
3858.375000,0.828125
3859.187500,0.812500
3860.015625,0.828125
3860.828125,0.812500
3861.609375,0.781250
3862.375000,0.765625
3863.140625,0.765625
3863.953125,0.812500
3864.765625,0.812500
3865.546875,0.781250
3866.359375,0.812500
3867.171875,0.812500
3868.000000,0.828125
3868.812500,0.812500
3869.593750,0.781250
3870.328125,0.734375
3883.078125,0.781250
3883.859375,0.781250
3884.640625,0.781250
3885.515625,0.875000
3886.390625,0.875000
3892.812500,0.765625
3899.093750,0.828125
3899.921875,0.828125
3900.734375,0.812500
3901.515625,0.781250
3902.281250,0.765625
3903.093750,0.812500
3903.921875,0.828125
3904.718750,0.796875
3905.531250,0.812500
3909.359375,0.750000
3910.093750,0.734375
3911.015625,0.921875
3911.812500,0.796875
3912.640625,0.828125
3913.500000,0.859375
3914.296875,0.796875
3915.109375,0.812500
3924.437500,0.828125
3925.250000,0.812500
3926.062500,0.812500
3926.812500,0.750000
3927.546875,0.734375
3928.296875,0.750000
3935.515625,0.765625
3936.296875,0.781250
3937.046875,0.750000
3937.812500,0.765625
3938.593750,0.781250
3939.359375,0.765625
3940.093750,0.734375
3941.031250,0.937500
3941.875000,0.843750
3945.171875,0.703125
3953.171875,0.718750
3953.890625,0.718750
3954.640625,0.750000
3955.390625,0.750000
3956.140625,0.750000
3956.875000,0.734375
3957.625000,0.750000
3958.375000,0.750000
3959.171875,0.796875
3959.968750,0.796875
3960.750000,0.781250
3961.468750,0.718750
3962.187500,0.718750
3962.906250,0.718750
3989.562500,0.703125
3990.234375,0.671875
3990.906250,0.671875
3995.640625,0.703125
3996.390625,0.750000
3997.156250,0.765625
3997.906250,0.750000
3998.640625,0.734375
3999.359375,0.718750
4000.093750,0.734375
4000.828125,0.734375
4001.593750,0.765625
4002.343750,0.750000
4003.109375,0.765625
4003.890625,0.781250
4004.718750,0.828125
4005.531250,0.812500
4006.328125,0.796875
4007.078125,0.750000
4007.875000,0.796875
4008.687500,0.812500
4009.515625,0.828125
4010.296875,0.781250
4011.093750,0.796875
4011.906250,0.812500
4012.718750,0.812500
4013.500000,0.781250
4014.250000,0.750000
4015.000000,0.750000
4015.750000,0.750000
4016.531250,0.781250
4017.343750,0.812500
4018.156250,0.812500
4018.968750,0.812500
4019.812500,0.843750
4020.671875,0.859375
4021.500000,0.828125
4022.265625,0.765625
4023.015625,0.750000
4023.765625,0.750000
4024.531250,0.765625
4025.328125,0.796875
4026.140625,0.812500
4026.953125,0.812500
4027.765625,0.812500
4028.609375,0.843750
4029.453125,0.843750
4030.265625,0.812500
4031.031250,0.765625
4031.796875,0.765625
4032.593750,0.796875
4033.437500,0.843750
4034.265625,0.828125
4035.093750,0.828125
4035.906250,0.812500
4036.750000,0.843750
4037.593750,0.843750
4038.437500,0.843750
4039.250000,0.812500
4040.031250,0.781250
4040.828125,0.796875
4041.640625,0.812500
4066.468750,0.796875
4072.671875,0.765625
4073.390625,0.718750
4074.125000,0.734375
4074.875000,0.750000
4075.625000,0.750000
4076.421875,0.796875
4077.187500,0.765625
4089.718750,0.703125
4090.375000,0.656250
4091.000000,0.625000
4091.640625,0.640625
4092.281250,0.640625
4092.968750,0.687500
4093.734375,0.765625
4094.515625,0.781250
4095.343750,0.828125
4096.203125,0.859375
4097.031250,0.828125
4097.843750,0.812500
4098.718750,0.875000
4099.531250,0.812500
4100.281250,0.750000
4100.984375,0.703125
4101.656250,0.671875
4102.359375,0.703125
4103.187500,0.828125
4104.078125,0.890625
4105.015625,0.937500
4105.843750,0.828125
4106.671875,0.828125
4107.500000,0.828125
4108.312500,0.812500
4109.125000,0.812500
4109.921875,0.796875
4110.703125,0.781250
4111.531250,0.828125
4112.421875,0.890625
4113.328125,0.906250
4114.156250,0.828125
4114.937500,0.781250
4115.687500,0.750000
4116.406250,0.718750
4117.140625,0.734375
4117.968750,0.828125
4118.718750,0.750000
4119.468750,0.750000
4120.250000,0.781250
4121.078125,0.828125
4121.921875,0.843750
4122.750000,0.828125
4123.546875,0.796875
4124.296875,0.750000
4125.062500,0.765625
4125.812500,0.750000
4126.562500,0.750000
4127.265625,0.703125
4128.031250,0.765625
4128.859375,0.828125
4129.718750,0.859375
4130.531250,0.812500
4131.375000,0.843750
4132.265625,0.890625
4133.203125,0.937500
4134.093750,0.890625
4134.968750,0.875000
4135.765625,0.796875
4147.875000,0.750000
4148.640625,0.765625
4149.437500,0.796875
4150.250000,0.812500
4151.218750,0.968750
4152.015625,0.796875
4152.812500,0.796875
4153.609375,0.796875
4154.468750,0.859375
4155.343750,0.875000
4156.234375,0.890625
4157.093750,0.859375
4157.890625,0.796875
4158.687500,0.796875
4159.484375,0.796875
4160.328125,0.843750
4161.218750,0.890625
4162.062500,0.843750
4162.906250,0.843750
4163.671875,0.765625
4164.437500,0.765625
4165.234375,0.796875
4166.093750,0.859375
4166.984375,0.890625
4167.859375,0.875000
4168.703125,0.843750
4169.468750,0.765625
4170.281250,0.812500
4171.093750,0.812500
4171.921875,0.828125
4172.750000,0.828125
4173.578125,0.828125
4174.375000,0.796875
4175.156250,0.781250
4187.234375,0.828125
4188.109375,0.875000
4188.984375,0.875000
4189.828125,0.843750
4190.609375,0.781250
4191.281250,0.671875
4200.125000,0.625000
4219.843750,0.843750
4220.703125,0.859375
4221.562500,0.859375
4222.328125,0.765625
4223.125000,0.796875
4298.062500,0.828125
4309.093750,0.843750
4309.906250,0.812500
4310.734375,0.828125
4311.531250,0.796875
4329.625000,0.671875
4333.890625,0.781250
4416.859375,0.703125
4417.546875,0.687500
4418.250000,0.703125
4418.984375,0.734375
4419.718750,0.734375
4420.468750,0.750000
4429.390625,0.828125
4430.156250,0.765625
4442.984375,0.812500
4443.703125,0.718750
4444.421875,0.718750
4488.468750,0.875000
4489.328125,0.859375
4490.156250,0.828125
4491.031250,0.875000
4491.859375,0.828125
4499.375000,0.828125
4500.171875,0.796875
4501.000000,0.828125
4501.843750,0.843750
4502.671875,0.828125
4503.468750,0.796875
4546.046875,0.812500
4546.843750,0.796875
4563.843750,0.859375
4564.671875,0.828125
4565.468750,0.796875
4579.765625,0.781250
4580.765625,1.000000
4693.406250,0.859375
4721.156250,0.765625
4764.046875,0.750000
4764.796875,0.750000
4775.437500,0.750000
4802.750000,0.796875
4803.593750,0.843750
4804.453125,0.859375
4805.234375,0.781250
4846.062500,0.796875
4846.875000,0.812500
4867.328125,0.765625
4916.109375,0.734375
4916.843750,0.734375
4917.656250,0.812500
4918.453125,0.796875
4925.078125,0.765625
4925.937500,0.859375
4926.703125,0.765625
4927.500000,0.796875
4934.468750,0.765625
4935.234375,0.765625
4936.046875,0.812500
4936.859375,0.812500
4937.687500,0.828125
4938.500000,0.812500
4939.328125,0.828125
4940.156250,0.828125
4941.000000,0.843750
4941.796875,0.796875
4942.578125,0.781250
4943.312500,0.734375
4949.828125,0.968750
4950.593750,0.765625
4951.375000,0.781250
4952.171875,0.796875
4953.000000,0.828125
4953.859375,0.859375
4957.921875,0.812500
4958.718750,0.796875
4959.562500,0.843750
4960.421875,0.859375
4961.296875,0.875000
4980.921875,0.843750
4981.796875,0.875000
4982.625000,0.828125
4983.484375,0.859375
4984.187500,0.703125
4984.953125,0.765625
5035.546875,0.859375
5036.437500,0.890625
5037.296875,0.859375
5038.156250,0.859375
5038.984375,0.828125
5039.828125,0.843750
5040.718750,0.890625
5041.593750,0.875000
5042.453125,0.859375
5043.296875,0.843750
5044.125000,0.828125
5044.968750,0.843750
5045.828125,0.859375
5046.640625,0.812500
5047.421875,0.781250
5048.250000,0.828125
5049.125000,0.875000
5050.031250,0.906250
5050.890625,0.859375
5051.718750,0.828125
5052.546875,0.828125
5053.390625,0.843750
5054.250000,0.859375
5055.140625,0.890625
5055.968750,0.828125
5056.796875,0.828125
5057.671875,0.875000
5058.546875,0.875000
5059.406250,0.859375
5060.250000,0.843750
5061.062500,0.812500
5061.812500,0.750000
5062.546875,0.734375
5063.328125,0.781250
5064.109375,0.781250
5064.890625,0.781250
5065.640625,0.750000
5066.437500,0.796875
5067.265625,0.828125
5068.078125,0.812500
5068.843750,0.765625
5069.593750,0.750000
5070.343750,0.750000
5071.109375,0.765625
5071.921875,0.812500
5072.734375,0.812500
5073.562500,0.828125
5074.421875,0.859375
5082.484375,0.640625
5087.609375,0.718750
5088.359375,0.750000
5089.125000,0.765625
5089.875000,0.750000
5090.625000,0.750000
5091.343750,0.718750
5092.046875,0.703125
5092.750000,0.703125
5112.359375,0.718750
5113.046875,0.687500
5113.765625,0.718750
5114.531250,0.765625
5115.312500,0.781250
5116.140625,0.828125
5116.906250,0.765625
5117.515625,0.609375
5118.265625,0.750000
5119.015625,0.750000
5119.687500,0.671875
5120.406250,0.718750
5121.031250,0.625000
5121.718750,0.687500
5122.390625,0.671875
5123.078125,0.687500
5123.796875,0.718750
5124.562500,0.765625
5125.359375,0.796875
5126.093750,0.734375
5126.812500,0.718750
5127.562500,0.750000
5128.234375,0.671875
5128.937500,0.703125
5129.640625,0.703125
5130.343750,0.703125
5133.609375,0.687500
5134.406250,0.796875
5135.187500,0.781250
5135.937500,0.750000
5136.703125,0.765625
5137.437500,0.734375
5138.140625,0.703125
5138.750000,0.609375
5147.203125,0.812500
5147.968750,0.765625
5148.703125,0.734375
5149.437500,0.734375
5150.187500,0.750000
5150.953125,0.765625
5151.703125,0.750000
5152.453125,0.750000
5164.656250,0.781250
5165.421875,0.765625
5166.156250,0.734375
5166.875000,0.718750
5167.625000,0.750000
5168.390625,0.765625
5169.171875,0.781250
5169.921875,0.750000
5170.656250,0.734375
5171.375000,0.718750
5179.093750,0.812500
5179.875000,0.781250
5180.609375,0.734375
5181.375000,0.765625
5182.156250,0.781250
5182.937500,0.781250
5183.734375,0.796875
5184.515625,0.781250
5185.281250,0.765625
5186.109375,0.828125
5186.953125,0.843750
5187.765625,0.812500
5188.531250,0.765625
5189.234375,0.703125
5190.000000,0.765625
5190.781250,0.781250
5191.609375,0.828125
5192.406250,0.796875
5193.156250,0.750000
5194.015625,0.859375
5194.828125,0.812500
5195.656250,0.828125
5196.484375,0.828125
5197.125000,0.640625
5214.625000,0.750000
5215.406250,0.781250
5216.203125,0.796875
5216.921875,0.718750
5217.640625,0.718750
5218.312500,0.671875
5219.000000,0.687500
5219.734375,0.734375
5220.515625,0.781250
5221.312500,0.796875
5222.078125,0.765625
5222.875000,0.796875
5269.203125,0.703125
5269.937500,0.734375
5314.296875,0.796875
5315.109375,0.812500
5315.906250,0.796875
5316.687500,0.781250
5317.453125,0.765625
5318.234375,0.781250
5318.968750,0.734375
5319.656250,0.687500
5340.953125,0.734375
5385.484375,0.843750
5407.156250,0.750000
5407.906250,0.750000
5408.718750,0.812500
5409.562500,0.843750
5428.734375,0.828125
5429.515625,0.781250
5438.234375,0.812500
5439.093750,0.859375
5439.984375,0.890625
5440.953125,0.968750
5441.906250,0.953125
5442.812500,0.906250
5443.656250,0.843750
5444.515625,0.859375
5445.375000,0.859375
5446.296875,0.921875
5447.218750,0.921875
5448.109375,0.890625
5448.937500,0.828125
5449.734375,0.796875
5450.640625,0.906250
5451.562500,0.921875
5452.515625,0.953125
5453.453125,0.937500
5454.312500,0.859375
5455.156250,0.843750
5456.015625,0.859375
5456.875000,0.859375
5457.734375,0.859375
5458.625000,0.890625
5481.500000,0.796875
5482.359375,0.859375
5483.234375,0.875000
5484.109375,0.875000
5485.000000,0.890625
5485.875000,0.875000
5486.734375,0.859375
5487.593750,0.859375
5488.453125,0.859375
5489.328125,0.875000
5490.203125,0.875000
5491.062500,0.859375
5491.921875,0.859375
5492.828125,0.906250
5493.718750,0.890625
5494.593750,0.875000
5495.437500,0.843750
5496.328125,0.890625
5497.171875,0.843750
5497.984375,0.812500
5498.812500,0.828125
5499.625000,0.812500
5500.453125,0.828125
5501.281250,0.828125
5502.046875,0.765625
5502.812500,0.765625
5503.625000,0.812500
5504.500000,0.875000
5505.406250,0.906250
5506.171875,0.765625
5506.968750,0.796875
5507.765625,0.796875
5508.562500,0.796875
5509.375000,0.812500
5510.234375,0.859375
5511.078125,0.843750
5511.843750,0.765625
5512.656250,0.812500
5513.484375,0.828125
5514.328125,0.843750
5515.156250,0.828125
5515.937500,0.781250
5516.781250,0.843750
5517.609375,0.828125
5518.468750,0.859375
5519.312500,0.843750
5520.187500,0.875000
5521.062500,0.875000
5521.921875,0.859375
5522.703125,0.781250
5523.468750,0.765625
5524.281250,0.812500
5525.046875,0.765625
5525.812500,0.765625
5526.531250,0.718750
5527.343750,0.812500
5528.171875,0.828125
5528.984375,0.812500
5529.765625,0.781250
5530.578125,0.812500
5531.343750,0.765625
5532.109375,0.765625
5532.921875,0.812500
5533.656250,0.734375
5534.468750,0.812500
5535.281250,0.812500
5536.093750,0.812500
5536.906250,0.812500
5537.718750,0.812500
5538.500000,0.781250
5539.343750,0.843750
5540.125000,0.781250
5540.968750,0.843750
5541.796875,0.828125
5542.625000,0.828125
5543.500000,0.875000
5544.328125,0.828125
5545.140625,0.812500
5545.890625,0.750000
5546.718750,0.828125
5547.546875,0.828125
5548.390625,0.843750
5549.218750,0.828125
5550.078125,0.859375
5550.921875,0.843750
5556.031250,0.765625
5556.828125,0.796875
5557.625000,0.796875
5558.421875,0.796875
5559.281250,0.859375
5560.093750,0.812500
5560.953125,0.859375
5561.765625,0.812500
5562.593750,0.828125
5563.375000,0.781250
5564.187500,0.812500
5564.953125,0.765625
5565.765625,0.812500
5566.546875,0.781250
5567.312500,0.765625
5568.109375,0.796875
5568.953125,0.843750
5569.796875,0.843750
5570.625000,0.828125
5571.468750,0.843750
5572.281250,0.812500
5573.031250,0.750000
5573.796875,0.765625
5574.500000,0.703125
5575.296875,0.796875
5576.031250,0.734375
5576.875000,0.843750
5577.703125,0.828125
5578.546875,0.843750
5579.390625,0.843750
5580.218750,0.828125
5581.046875,0.828125
5581.843750,0.796875
5582.609375,0.765625
5583.359375,0.750000
5584.109375,0.750000
5584.875000,0.765625
5585.703125,0.828125
5586.546875,0.843750
5587.343750,0.796875
5588.203125,0.859375
5589.015625,0.812500
5589.859375,0.843750
5590.703125,0.843750
5591.515625,0.812500
5592.359375,0.843750
5593.125000,0.765625
5593.921875,0.796875
5594.734375,0.812500
5595.578125,0.843750
5596.375000,0.796875
5597.187500,0.812500
5598.000000,0.812500
5598.843750,0.843750
5599.687500,0.843750
5600.562500,0.875000
5601.437500,0.875000
5602.250000,0.812500
5603.046875,0.796875
5603.875000,0.828125
5608.843750,0.875000
5609.718750,0.875000
5610.546875,0.828125
5611.375000,0.828125
5612.171875,0.796875
5612.937500,0.765625
5613.703125,0.765625
5614.375000,0.671875
5615.203125,0.828125
5615.953125,0.750000
5616.718750,0.765625
5617.468750,0.750000
5618.281250,0.812500
5619.109375,0.828125
5619.937500,0.828125
5620.781250,0.843750
5621.562500,0.781250
5622.375000,0.812500
5623.125000,0.750000
5623.968750,0.843750
5624.796875,0.828125
5625.609375,0.812500
5629.625000,0.781250
5630.359375,0.734375
5631.109375,0.750000
5631.843750,0.734375
5632.625000,0.781250
5633.421875,0.796875
5634.281250,0.859375
5635.125000,0.843750
5635.906250,0.781250
5636.671875,0.765625
5637.421875,0.750000
5638.203125,0.781250
5639.000000,0.796875
5639.843750,0.843750
5640.593750,0.750000
5644.718750,0.796875
5645.500000,0.781250
5646.250000,0.750000
5647.046875,0.796875
5647.843750,0.796875
5648.625000,0.781250
5649.406250,0.781250
5650.171875,0.765625
5650.937500,0.765625
5651.750000,0.812500
5652.593750,0.843750
5653.375000,0.781250
5654.156250,0.781250
5654.953125,0.796875
5655.781250,0.828125
5656.640625,0.859375
5657.484375,0.843750
5658.296875,0.812500
5659.140625,0.843750
5659.859375,0.718750
5660.531250,0.671875
5661.328125,0.796875
5662.062500,0.734375
5662.781250,0.718750
5663.515625,0.734375
5664.312500,0.796875
5665.109375,0.796875
5665.921875,0.812500
5666.750000,0.828125
5693.203125,0.765625
5698.562500,0.781250
5699.406250,0.843750
5700.265625,0.859375
5701.125000,0.859375
5701.953125,0.828125
5702.750000,0.796875
5703.609375,0.859375
5704.500000,0.890625
5705.375000,0.875000
5706.218750,0.843750
5707.015625,0.796875
5707.812500,0.796875
5708.609375,0.796875
5709.484375,0.875000
5710.312500,0.828125
5711.140625,0.828125
5712.000000,0.859375
5712.875000,0.875000
5713.750000,0.875000
5722.656250,0.843750
5723.421875,0.765625
5724.265625,0.843750
5725.109375,0.843750
5725.906250,0.796875
5726.671875,0.765625
5727.421875,0.750000
5728.171875,0.750000
5728.906250,0.734375
5729.718750,0.812500
5730.546875,0.828125
5731.406250,0.859375
5732.281250,0.875000
5733.125000,0.843750
5734.000000,0.875000
5734.828125,0.828125
5760.468750,0.906250
5761.343750,0.875000
5762.187500,0.843750
5763.046875,0.859375
5763.937500,0.890625
5764.828125,0.890625
5765.687500,0.859375
5766.515625,0.828125
5767.328125,0.812500
5768.156250,0.828125
5769.000000,0.843750
5769.906250,0.906250
5770.703125,0.796875
5771.515625,0.812500
5772.375000,0.859375
5804.906250,0.718750
5805.656250,0.750000
5806.421875,0.765625
5807.203125,0.781250
5807.984375,0.781250
5808.750000,0.765625
5809.609375,0.859375
5810.406250,0.796875
5811.218750,0.812500
5811.953125,0.734375
5812.781250,0.828125
5813.562500,0.781250
5814.406250,0.843750
5815.250000,0.843750
5816.078125,0.828125
5816.859375,0.781250
5817.656250,0.796875
5818.453125,0.796875
5819.234375,0.781250
5820.046875,0.812500
5820.875000,0.828125
5821.750000,0.875000
5822.609375,0.859375
5823.468750,0.859375
5824.281250,0.812500
6021.859375,1.093750
6030.593750,0.796875
6031.343750,0.750000
6528.265625,0.843750
6529.062500,0.796875
6529.781250,0.718750
6530.531250,0.750000
6531.328125,0.796875
6532.187500,0.859375
6533.046875,0.859375
6533.921875,0.875000
6534.781250,0.859375
6535.671875,0.890625
6536.468750,0.796875
6537.312500,0.843750
6538.203125,0.890625
6539.062500,0.859375
6545.156250,0.921875
6546.031250,0.875000
6546.906250,0.875000
6547.828125,0.921875
6548.734375,0.906250
6549.593750,0.859375
6550.453125,0.859375
6551.312500,0.859375
6552.156250,0.843750
6553.015625,0.859375
6553.937500,0.921875
6554.890625,0.953125
6555.921875,1.031250
6556.781250,0.859375
6557.656250,0.875000
6558.500000,0.843750
6559.312500,0.812500
6560.203125,0.890625
6561.109375,0.906250
6562.015625,0.906250
6562.906250,0.890625
6563.796875,0.890625
6564.687500,0.890625
6565.531250,0.843750
6566.390625,0.859375
6567.281250,0.890625
6568.171875,0.890625
6569.046875,0.875000
6569.937500,0.890625
6570.843750,0.906250
6571.734375,0.890625
6572.562500,0.828125
6573.406250,0.843750
6574.281250,0.875000
6575.187500,0.906250
6576.062500,0.875000
6576.890625,0.828125
6577.781250,0.890625
6578.656250,0.875000
6579.500000,0.843750
6580.343750,0.843750
6581.203125,0.859375
6582.093750,0.890625
6582.937500,0.843750
6583.828125,0.890625
6584.750000,0.921875
6585.625000,0.875000
6586.468750,0.843750
6587.343750,0.875000
6588.203125,0.859375
6593.500000,0.906250
6594.421875,0.921875
6595.281250,0.859375
6596.140625,0.859375
6597.031250,0.890625
6597.968750,0.937500
6598.875000,0.906250
6599.750000,0.875000
6600.640625,0.890625
6601.546875,0.906250
6602.406250,0.859375
6603.296875,0.890625
6604.218750,0.921875
6605.171875,0.953125
6606.078125,0.906250
6606.937500,0.859375
6607.796875,0.859375
6608.640625,0.843750
6609.453125,0.812500
6610.265625,0.812500
6611.125000,0.859375
6612.031250,0.906250
6612.921875,0.890625
6613.734375,0.812500
6632.328125,0.859375
6633.218750,0.890625
6634.046875,0.828125
6634.812500,0.765625
6635.656250,0.843750
6636.406250,0.750000
6637.171875,0.765625
6637.906250,0.734375
6638.703125,0.796875
6639.546875,0.843750
6640.437500,0.890625
6641.281250,0.843750
6642.078125,0.796875
6642.953125,0.875000
6643.734375,0.781250
6644.468750,0.734375
6650.062500,0.812500
6650.890625,0.828125
6651.718750,0.828125
6652.515625,0.796875
6653.265625,0.750000
6654.062500,0.796875
6654.890625,0.828125
6655.734375,0.843750
6656.562500,0.828125
6657.437500,0.875000
6658.312500,0.875000
6659.109375,0.796875
6659.906250,0.796875
6660.750000,0.843750
6661.578125,0.828125
6662.375000,0.796875
6663.218750,0.843750
6664.125000,0.906250
6665.031250,0.906250
6665.906250,0.875000
6666.781250,0.875000
6667.640625,0.859375
6668.484375,0.843750
6669.546875,1.062500
6670.375000,0.828125
6682.109375,0.890625
6689.781250,0.812500
6690.656250,0.875000
6691.562500,0.906250
6692.406250,0.843750
6693.281250,0.875000
6694.046875,0.765625
6694.812500,0.765625
6695.625000,0.812500
6696.453125,0.828125
6697.281250,0.828125
6698.078125,0.796875
6698.875000,0.796875
6699.718750,0.843750
6700.562500,0.843750
6701.406250,0.843750
6702.234375,0.828125
6703.078125,0.843750
6703.953125,0.875000
6704.843750,0.890625
6705.671875,0.828125
6706.453125,0.781250
6707.265625,0.812500
6708.140625,0.875000
6709.031250,0.890625
6709.906250,0.875000
6710.750000,0.843750
6711.625000,0.875000
6712.515625,0.890625
6713.406250,0.890625
6714.234375,0.828125
6715.046875,0.812500
6715.921875,0.875000
6716.781250,0.859375
6717.671875,0.890625
6718.578125,0.906250
6719.484375,0.906250
6720.390625,0.906250
6721.234375,0.843750
6722.062500,0.828125
6722.890625,0.828125
6723.734375,0.843750
6724.546875,0.812500
6725.390625,0.843750
6726.281250,0.890625
6727.156250,0.875000
6728.046875,0.890625
6728.890625,0.843750
6729.796875,0.906250
6730.703125,0.906250
6731.609375,0.906250
6732.468750,0.859375
6733.375000,0.906250
6734.281250,0.906250
6735.203125,0.921875
6736.062500,0.859375
6736.921875,0.859375
6737.828125,0.906250
6738.765625,0.937500
6739.671875,0.906250
6740.546875,0.875000
6741.453125,0.906250
6742.359375,0.906250
6743.218750,0.859375
6744.078125,0.859375
6744.953125,0.875000
6745.843750,0.890625
6746.718750,0.875000
6747.546875,0.828125
6748.421875,0.875000
6749.281250,0.859375
6750.125000,0.843750
6750.953125,0.828125
6751.812500,0.859375
6752.734375,0.921875
6753.609375,0.875000
6754.437500,0.828125
6755.328125,0.890625
6756.171875,0.843750
6757.031250,0.859375
6757.828125,0.796875
6758.640625,0.812500
6759.500000,0.859375
6760.390625,0.890625
6761.265625,0.875000
6762.140625,0.875000
6763.046875,0.906250
6763.953125,0.906250
6764.828125,0.875000
6765.671875,0.843750
6766.562500,0.890625
6767.453125,0.890625
6768.312500,0.859375
6769.156250,0.843750
6770.046875,0.890625
6770.968750,0.921875
6771.906250,0.937500
6772.765625,0.859375
6773.671875,0.906250
6774.578125,0.906250
6775.468750,0.890625
6776.343750,0.875000
6777.171875,0.828125
6778.093750,0.921875
6779.031250,0.937500
6779.906250,0.875000
6780.750000,0.843750
6781.656250,0.906250
6782.562500,0.906250
6783.437500,0.875000
6784.312500,0.875000
6785.171875,0.859375
6786.062500,0.890625
6826.671875,0.875000
6827.515625,0.843750
6828.296875,0.781250
6829.109375,0.812500
6829.937500,0.828125
6877.406250,0.812500
6878.187500,0.781250
6878.921875,0.734375
6904.921875,0.906250
6905.828125,0.906250
6906.656250,0.828125
6907.531250,0.875000
6908.437500,0.906250
6909.234375,0.796875
6910.078125,0.843750
6910.875000,0.796875
6911.703125,0.828125
6912.609375,0.906250
6913.500000,0.890625
6914.312500,0.812500
6915.171875,0.859375
6916.000000,0.828125
6916.984375,0.984375
6917.781250,0.796875
6935.421875,0.859375
6936.187500,0.765625
6936.984375,0.796875
6966.500000,0.859375
6967.343750,0.843750
6968.125000,0.781250
6968.968750,0.843750
6969.828125,0.859375
6970.703125,0.875000
6971.562500,0.859375
6972.437500,0.875000
6973.390625,0.953125
6974.359375,0.968750
6975.265625,0.906250
6976.093750,0.828125
6976.968750,0.875000
6977.843750,0.875000
6978.734375,0.890625
6979.609375,0.875000
6980.500000,0.890625
6981.437500,0.937500
6982.359375,0.921875
6983.218750,0.859375
6984.078125,0.859375
6984.953125,0.875000
6985.812500,0.859375
6986.671875,0.859375
6987.500000,0.828125
6988.359375,0.859375
6989.218750,0.859375
6990.078125,0.859375
6990.875000,0.796875
6991.703125,0.828125
6992.562500,0.859375
6993.406250,0.843750
6994.218750,0.812500
6995.000000,0.781250
6995.812500,0.812500
6996.671875,0.859375
6997.546875,0.875000
6998.406250,0.859375
6999.265625,0.859375
7000.171875,0.906250
7001.078125,0.906250
7002.000000,0.921875
7002.828125,0.828125
7009.453125,0.859375
7010.312500,0.859375
7011.156250,0.843750
7012.015625,0.859375
7012.921875,0.906250
7013.828125,0.906250
7014.687500,0.859375
7015.531250,0.843750
7023.421875,0.906250
7028.453125,0.890625
7029.375000,0.921875
7030.250000,0.875000
7031.171875,0.921875
7032.093750,0.921875
7032.984375,0.890625
7033.843750,0.859375
7034.671875,0.828125
7035.546875,0.875000
7036.453125,0.906250
7037.375000,0.921875
7038.234375,0.859375
7039.140625,0.906250
7046.890625,0.859375
7047.796875,0.906250
7048.750000,0.953125
7049.671875,0.921875
7050.562500,0.890625
7051.484375,0.921875
7052.406250,0.921875
7053.296875,0.890625
7054.140625,0.843750
7054.968750,0.828125
7055.828125,0.859375
7056.750000,0.921875
7057.640625,0.890625
7058.515625,0.875000
7059.390625,0.875000
7060.281250,0.890625
7061.203125,0.921875
7062.062500,0.859375
7062.921875,0.859375
7063.765625,0.843750
7070.484375,0.859375
7071.390625,0.906250
7072.328125,0.937500
7073.171875,0.843750
7073.937500,0.765625
7074.718750,0.781250
7124.875000,0.906250
7154.812500,0.937500
7155.734375,0.921875
7156.875000,1.140625
7158.187500,1.312500
7211.828125,0.921875
7212.765625,0.937500
7213.640625,0.875000
7214.546875,0.906250
7215.484375,0.937500
7216.328125,0.843750
7217.093750,0.765625
7218.093750,1.000000
7218.796875,0.703125
7219.796875,1.000000
7220.687500,0.890625
7221.546875,0.859375
7222.421875,0.875000
7223.265625,0.843750
7224.062500,0.796875
7224.921875,0.859375
7225.781250,0.859375
7226.625000,0.843750
7227.484375,0.859375
7228.375000,0.890625
7229.281250,0.906250
7230.171875,0.890625
7231.046875,0.875000
7231.890625,0.843750
7232.796875,0.906250
7233.750000,0.953125
7253.375000,1.093750
7254.312500,0.937500
7255.171875,0.859375
7256.078125,0.906250
7257.000000,0.921875
7257.921875,0.921875
7258.812500,0.890625
7264.296875,0.921875
7302.218750,0.937500
7341.515625,0.906250
7342.484375,0.968750
7343.453125,0.968750
7344.343750,0.890625
7358.265625,0.906250
7359.218750,0.953125
7360.140625,0.921875
7360.953125,0.812500
7361.968750,1.015625
7362.921875,0.953125
7363.875000,0.953125
7364.781250,0.906250
7365.703125,0.921875
7366.656250,0.953125
7367.593750,0.937500
7368.546875,0.953125
7369.515625,0.968750
7406.046875,0.921875
7406.953125,0.906250
7407.828125,0.875000
7408.656250,0.828125
7409.515625,0.859375
7410.421875,0.906250
7411.359375,0.937500
7412.281250,0.921875
7413.156250,0.875000
7414.031250,0.875000
7414.937500,0.906250
7415.859375,0.921875
7416.765625,0.906250
7417.578125,0.812500
7418.468750,0.890625
7419.375000,0.906250
7420.296875,0.921875
7421.156250,0.859375
7421.968750,0.812500
7422.843750,0.875000
7423.718750,0.875000
7424.609375,0.890625
7425.453125,0.843750
7426.390625,0.937500
7427.296875,0.906250
7428.203125,0.906250
7429.046875,0.843750
7429.953125,0.906250
7430.859375,0.906250
7431.796875,0.937500
7432.671875,0.875000
7433.531250,0.859375
7434.406250,0.875000
7435.312500,0.906250
7436.234375,0.921875
7437.125000,0.890625
7438.000000,0.875000
7438.890625,0.890625
7439.796875,0.906250
7440.875000,1.078125
7442.046875,1.171875
7445.859375,0.843750
7446.734375,0.875000
7447.640625,0.906250
7455.593750,0.906250
7456.515625,0.921875
7457.468750,0.953125
7458.343750,0.875000
7459.187500,0.843750
7460.015625,0.828125
7460.906250,0.890625
7461.765625,0.859375
7462.625000,0.859375
7463.468750,0.843750
7464.343750,0.875000
7465.281250,0.937500
7466.218750,0.937500
7467.140625,0.921875
7468.000000,0.859375
7468.812500,0.812500
7469.625000,0.812500
7470.500000,0.875000
7471.390625,0.890625
7472.265625,0.875000
7473.140625,0.875000
7474.031250,0.890625
7474.921875,0.890625
7475.750000,0.828125
7481.656250,0.859375
7482.515625,0.859375
7483.390625,0.875000
7484.218750,0.828125
7485.046875,0.828125
7485.906250,0.859375
7486.765625,0.859375
7487.593750,0.828125
7488.406250,0.812500
7489.250000,0.843750
7490.140625,0.890625
7491.031250,0.890625
7491.890625,0.859375
7492.718750,0.828125
7493.562500,0.843750
7494.421875,0.859375
7495.312500,0.890625
7496.156250,0.843750
7497.031250,0.875000
7502.312500,0.812500
7503.171875,0.859375
7504.015625,0.843750
7504.843750,0.828125
7505.640625,0.796875
7506.390625,0.750000
7507.140625,0.750000
7507.984375,0.843750
7508.859375,0.875000
7509.718750,0.859375
7510.546875,0.828125
7511.375000,0.828125
7512.203125,0.828125
7513.046875,0.843750
7513.859375,0.812500
7514.640625,0.781250
7515.390625,0.750000
7524.812500,0.859375
7525.687500,0.875000
7526.546875,0.859375
7527.406250,0.859375
7528.265625,0.859375
7529.171875,0.906250
7530.046875,0.875000
7530.937500,0.890625
7531.765625,0.828125
7532.625000,0.859375
7533.531250,0.906250
7534.468750,0.937500
7535.359375,0.890625
7536.218750,0.859375
7537.125000,0.906250
7538.031250,0.906250
7538.921875,0.890625
7539.750000,0.828125
7540.609375,0.859375
7541.515625,0.906250
7542.437500,0.921875
7543.359375,0.921875
7544.203125,0.843750
7545.093750,0.890625
7546.031250,0.937500
7546.968750,0.937500
7547.890625,0.921875
7548.765625,0.875000
7549.640625,0.875000
7550.531250,0.890625
7551.437500,0.906250
7552.343750,0.906250
7553.250000,0.906250
7554.203125,0.953125
7555.171875,0.968750
7556.109375,0.937500
7557.031250,0.921875
7557.906250,0.875000
7558.828125,0.921875
7559.750000,0.921875
7560.703125,0.953125
7561.609375,0.906250
7562.500000,0.890625
7563.406250,0.906250
7564.343750,0.937500
7565.281250,0.937500
7566.187500,0.906250
7567.078125,0.890625
7567.984375,0.906250
7568.906250,0.921875
7569.796875,0.890625
7570.640625,0.843750
7571.515625,0.875000
7582.656250,0.875000
7583.500000,0.843750
7584.406250,0.906250
7585.281250,0.875000
7586.156250,0.875000
7586.921875,0.765625
7587.765625,0.843750
7588.687500,0.921875
7589.671875,0.984375
7590.656250,0.984375
7611.578125,0.953125
7612.500000,0.921875
7613.406250,0.906250
7614.343750,0.937500
7615.296875,0.953125
7616.218750,0.921875
7617.062500,0.843750
7617.953125,0.890625
7618.859375,0.906250
7619.828125,0.968750
7620.796875,0.968750
7621.734375,0.937500
7622.625000,0.890625
7623.515625,0.890625
7624.390625,0.875000
7625.171875,0.781250
7626.078125,0.906250
7626.921875,0.843750
7627.781250,0.859375
7628.687500,0.906250
7629.562500,0.875000
7630.484375,0.921875
7631.421875,0.937500
7647.375000,0.828125
7648.437500,1.062500
7658.171875,0.953125
7659.109375,0.937500
7659.953125,0.843750
7668.125000,0.921875
7669.000000,0.875000
7669.906250,0.906250
7670.796875,0.890625
7671.734375,0.937500
7672.640625,0.906250
7673.515625,0.875000
7674.406250,0.890625
7675.328125,0.921875
7676.281250,0.953125
7677.203125,0.921875
7678.125000,0.921875
7679.078125,0.953125
7680.046875,0.968750
7680.968750,0.921875
7681.859375,0.890625
7682.734375,0.875000
7683.468750,0.734375
7688.296875,0.968750
7689.281250,0.984375
7690.187500,0.906250
7691.062500,0.875000
7691.968750,0.906250
7692.890625,0.921875
7693.812500,0.921875
7699.171875,0.953125
7700.265625,1.093750
7710.093750,0.859375
7710.984375,0.890625
7711.890625,0.906250
7712.781250,0.890625
7713.671875,0.890625
7714.500000,0.828125
7715.328125,0.828125
7716.187500,0.859375
7717.093750,0.906250
7718.031250,0.937500
7718.937500,0.906250
7719.843750,0.906250
7747.656250,0.875000
7748.546875,0.890625
7770.453125,0.843750
7771.375000,0.921875
7772.296875,0.921875
7773.187500,0.890625
7774.062500,0.875000
7774.906250,0.843750
7775.828125,0.921875
7776.765625,0.937500
7777.656250,0.890625
7784.343750,0.859375
7785.250000,0.906250
7786.093750,0.843750
7786.875000,0.781250
7787.671875,0.796875
7788.468750,0.796875
7789.265625,0.796875
7790.078125,0.812500
7810.921875,0.734375
7825.218750,0.937500
7846.500000,0.968750
7847.375000,0.875000
7857.234375,0.921875
7858.140625,0.906250
7859.062500,0.921875
7859.937500,0.875000
7860.859375,0.921875
7868.234375,0.984375
7869.156250,0.921875
7875.046875,0.781250
7882.765625,0.796875
7883.593750,0.828125
7884.484375,0.890625
7885.359375,0.875000
7886.234375,0.875000
7903.421875,0.812500
7904.296875,0.875000
7905.171875,0.875000
7906.078125,0.906250
7907.015625,0.937500
7907.937500,0.921875
7908.859375,0.921875
7915.812500,1.000000
7938.890625,1.046875
7939.734375,0.843750
7947.031250,0.859375
7947.859375,0.828125
7948.734375,0.875000
7949.593750,0.859375
7950.453125,0.859375
7951.281250,0.828125
7952.156250,0.875000
7953.078125,0.921875
7954.046875,0.968750
7954.984375,0.937500
7955.828125,0.843750
7956.687500,0.859375
7957.578125,0.890625
7958.484375,0.906250
7963.640625,0.828125
7964.500000,0.859375
7965.390625,0.890625
7966.296875,0.906250
7967.203125,0.906250
7968.015625,0.812500
7968.812500,0.796875
7969.640625,0.828125
7970.484375,0.843750
7971.359375,0.875000
7972.187500,0.828125
7973.062500,0.875000
7973.984375,0.921875
7974.921875,0.937500
7976.046875,1.125000
7977.328125,1.281250
7978.312500,0.984375
7998.687500,0.750000
7999.500000,0.812500
8000.250000,0.750000
8043.718750,0.828125
8044.453125,0.734375
8045.156250,0.703125
8045.859375,0.703125
8046.609375,0.750000
8047.390625,0.781250
8048.156250,0.765625
8048.812500,0.656250
8049.593750,0.781250
8155.000000,0.718750
8155.750000,0.750000
8185.453125,0.828125
8186.328125,0.875000
8214.312500,0.781250
8215.093750,0.781250
8215.781250,0.687500
8216.500000,0.718750
8217.421875,0.921875
8218.359375,0.937500
8219.296875,0.937500
8220.343750,1.046875
8221.203125,0.859375
8380.531250,0.796875
8381.359375,0.828125
8382.234375,0.875000
8383.140625,0.906250
8391.203125,0.796875
8391.984375,0.781250
8392.781250,0.796875
8393.609375,0.828125
8394.437500,0.828125
8395.250000,0.812500
8444.734375,0.906250
8477.875000,0.921875
8478.781250,0.906250
8479.531250,0.750000
8480.453125,0.921875
8481.234375,0.781250
8482.078125,0.843750
8482.812500,0.734375
8483.765625,0.953125
8521.484375,0.796875
8522.312500,0.828125
8523.171875,0.859375
8524.000000,0.828125
8604.500000,0.750000
8605.515625,1.015625
8606.343750,0.828125
8612.578125,0.843750
8613.406250,0.828125
8614.218750,0.812500
8615.046875,0.828125
8615.921875,0.875000
8616.843750,0.921875
8620.921875,0.750000
8621.734375,0.812500
8622.609375,0.875000
8623.546875,0.937500
8624.234375,0.687500
8628.781250,0.765625
8629.593750,0.812500
8640.453125,0.734375
8641.218750,0.765625
8642.000000,0.781250
8642.859375,0.859375
8643.718750,0.859375
8644.562500,0.843750
8645.390625,0.828125
8646.312500,0.921875
8647.171875,0.859375
8648.015625,0.843750
8648.859375,0.843750
8649.687500,0.828125
8650.531250,0.843750
8686.015625,0.843750
8686.906250,0.890625
8687.796875,0.890625
8688.625000,0.828125
8689.421875,0.796875
8690.250000,0.828125
8691.109375,0.859375
8692.000000,0.890625
8692.953125,0.953125
8693.843750,0.890625
8694.750000,0.906250
8695.656250,0.906250
8696.578125,0.921875
8716.062500,0.875000
8716.968750,0.906250
8725.093750,0.875000
8725.984375,0.890625
8726.875000,0.890625
8736.546875,0.828125
8782.890625,0.890625
8783.750000,0.859375
8784.625000,0.875000
8785.421875,0.796875
8786.250000,0.828125
8787.015625,0.765625
8787.875000,0.859375
8804.421875,0.765625
8805.187500,0.765625
8806.000000,0.812500
8830.828125,0.906250
8840.062500,0.781250
8840.687500,0.625000
8845.796875,0.843750
8846.640625,0.843750
8847.484375,0.843750
8848.281250,0.796875
8849.093750,0.812500
8849.921875,0.828125
8850.765625,0.843750
8986.234375,0.984375
8987.015625,0.781250
8987.703125,0.687500
8988.687500,0.984375
8989.515625,0.828125
8990.203125,0.687500
8990.968750,0.765625
8991.687500,0.718750
8992.453125,0.765625
9021.890625,0.843750
9158.734375,0.843750
9159.625000,0.890625
9168.203125,0.906250
9169.093750,0.890625
9170.000000,0.906250
9170.859375,0.859375
9171.703125,0.843750
9172.546875,0.843750
9173.359375,0.812500
9174.125000,0.765625
9253.515625,0.843750
9254.375000,0.859375
9255.203125,0.828125
9256.000000,0.796875
9256.734375,0.734375
9257.453125,0.718750
9258.156250,0.703125
9258.968750,0.812500
9259.812500,0.843750
9260.703125,0.890625
9261.593750,0.890625
9262.687500,1.093750
9263.546875,0.859375
9264.390625,0.843750
9265.234375,0.843750
9266.093750,0.859375
9266.968750,0.875000
9267.687500,0.718750
9268.515625,0.828125
9269.296875,0.781250
9270.156250,0.859375
9271.031250,0.875000
9271.937500,0.906250
9272.781250,0.843750
9273.578125,0.796875
9274.375000,0.796875
9275.015625,0.640625
9275.828125,0.812500
9276.484375,0.656250
9277.140625,0.656250
9277.890625,0.750000
9278.734375,0.843750
9279.671875,0.937500
9280.671875,1.000000
9281.609375,0.937500
9282.593750,0.984375
9283.515625,0.921875
9284.406250,0.890625
9285.234375,0.828125
9286.062500,0.828125
9286.734375,0.671875
9287.437500,0.703125
9288.093750,0.656250
9288.781250,0.687500
9293.390625,1.015625
9294.390625,1.000000
9295.343750,0.953125
9296.250000,0.906250
9297.125000,0.875000
9297.906250,0.781250
9298.671875,0.765625
9299.437500,0.765625
9300.250000,0.812500
9301.140625,0.890625
9302.062500,0.921875
9302.984375,0.921875
9303.921875,0.937500
9304.796875,0.875000
9305.734375,0.937500
9306.640625,0.906250
9307.484375,0.843750
9308.359375,0.875000
9309.125000,0.765625
9309.875000,0.750000
9310.593750,0.718750
9311.421875,0.828125
9312.312500,0.890625
9313.250000,0.937500
9314.187500,0.937500
9315.109375,0.921875
9316.015625,0.906250
9316.890625,0.875000
9317.750000,0.859375
9318.625000,0.875000
9319.515625,0.890625
9320.375000,0.859375
9321.218750,0.843750
9322.000000,0.781250
9322.859375,0.859375
9323.734375,0.875000
9324.625000,0.890625
9325.578125,0.953125
9326.500000,0.921875
9327.375000,0.875000
9328.234375,0.859375
9329.062500,0.828125
9338.843750,0.796875
9339.703125,0.859375
9340.468750,0.765625
9341.218750,0.750000
9341.953125,0.734375
9342.734375,0.781250
9343.562500,0.828125
9344.375000,0.812500
9345.156250,0.781250
9345.906250,0.750000
9346.703125,0.796875
9347.421875,0.718750
9348.140625,0.718750
9348.875000,0.734375
9349.671875,0.796875
9350.562500,0.890625
9351.484375,0.921875
9352.421875,0.937500
9353.312500,0.890625
9354.171875,0.859375
9354.937500,0.765625
9355.734375,0.796875
9356.500000,0.765625
9357.250000,0.750000
9358.031250,0.781250
9358.890625,0.859375
9359.750000,0.859375
9360.656250,0.906250
9361.546875,0.890625
9362.406250,0.859375
9363.250000,0.843750
9370.343750,0.812500
9371.203125,0.859375
9372.140625,0.937500
9373.078125,0.937500
9374.000000,0.921875
9374.921875,0.921875
9375.828125,0.906250
9376.687500,0.859375
9377.515625,0.828125
9378.328125,0.812500
9379.171875,0.843750
9380.078125,0.906250
9380.984375,0.906250
9381.906250,0.921875
9382.984375,1.078125
9410.953125,0.718750
9448.093750,0.843750
9448.906250,0.812500
9475.453125,0.734375
9476.203125,0.750000
9476.937500,0.734375
9477.703125,0.765625
9587.406250,0.812500
9588.281250,0.875000
9589.140625,0.859375
9590.062500,0.921875
9591.015625,0.953125
9591.921875,0.906250
9659.109375,0.843750
9659.890625,0.781250
9660.687500,0.796875
9661.515625,0.828125
9662.375000,0.859375
9663.281250,0.906250
9664.156250,0.875000
9664.968750,0.812500
9665.875000,0.906250
9666.812500,0.937500
9672.078125,0.906250
9673.000000,0.921875
9673.906250,0.906250
9674.875000,0.968750
9675.812500,0.937500
9676.781250,0.968750
9677.718750,0.937500
9678.593750,0.875000
9679.500000,0.906250
9680.437500,0.937500
9681.375000,0.937500
9682.281250,0.906250
9683.156250,0.875000
9684.031250,0.875000
9684.921875,0.890625
9685.843750,0.921875
9686.750000,0.906250
9687.640625,0.890625
9688.515625,0.875000
9689.390625,0.875000
9690.296875,0.906250
9691.171875,0.875000
9692.015625,0.843750
9692.875000,0.859375
9693.781250,0.906250
9694.718750,0.937500
9695.640625,0.921875
9696.484375,0.843750
9697.343750,0.859375
9698.203125,0.859375
9699.093750,0.890625
9700.000000,0.906250
9700.859375,0.859375
9701.687500,0.828125
9702.546875,0.859375
9703.421875,0.875000
9704.343750,0.921875
9705.203125,0.859375
9706.062500,0.859375
9706.953125,0.890625
9707.843750,0.890625
9708.703125,0.859375
9709.515625,0.812500
9710.359375,0.843750
9711.234375,0.875000
9712.140625,0.906250
9713.031250,0.890625
9713.890625,0.859375
9714.781250,0.890625
9715.687500,0.906250
9716.593750,0.906250
9717.484375,0.890625
9718.406250,0.921875
9719.343750,0.937500
9720.265625,0.921875
9721.203125,0.937500
9722.062500,0.859375
9722.968750,0.906250
9723.875000,0.906250
9724.781250,0.906250
9725.609375,0.828125
9726.453125,0.843750
9727.328125,0.875000
9728.234375,0.906250
9729.140625,0.906250
9730.015625,0.875000
9730.906250,0.890625
9731.750000,0.843750
9732.625000,0.875000
9733.437500,0.812500
9734.281250,0.843750
9735.156250,0.875000
9736.078125,0.921875
9736.984375,0.906250
9737.843750,0.859375
9738.703125,0.859375
9739.593750,0.890625
9740.500000,0.906250
9741.375000,0.875000
9742.203125,0.828125
9743.171875,0.968750
9744.046875,0.875000
9744.937500,0.890625
9745.828125,0.890625
9746.671875,0.843750
9747.578125,0.906250
9748.500000,0.921875
9749.406250,0.906250
9750.218750,0.812500
9751.031250,0.812500
9751.812500,0.781250
9752.640625,0.828125
9753.484375,0.843750
9754.312500,0.828125
9755.156250,0.843750
9756.031250,0.875000
9756.937500,0.906250
9757.796875,0.859375
9758.687500,0.890625
9759.593750,0.906250
9760.500000,0.906250
9761.375000,0.875000
9762.203125,0.828125
9763.046875,0.843750
9763.906250,0.859375
9764.765625,0.859375
9765.625000,0.859375
9766.437500,0.812500
9767.265625,0.828125
9768.125000,0.859375
9769.046875,0.921875
9769.953125,0.906250
9770.796875,0.843750
9771.671875,0.875000
9772.593750,0.921875
9773.515625,0.921875
9774.390625,0.875000
9775.218750,0.828125
9776.031250,0.812500
9776.859375,0.828125
9777.734375,0.875000
9778.656250,0.921875
9779.578125,0.921875
9780.468750,0.890625
9781.375000,0.906250
9782.281250,0.906250
9783.203125,0.921875
9784.093750,0.890625
9784.968750,0.875000
9785.875000,0.906250
9786.781250,0.906250
9787.703125,0.921875
9788.593750,0.890625
9789.437500,0.843750
9790.312500,0.875000
9791.187500,0.875000
9792.078125,0.890625
9792.937500,0.859375
9793.781250,0.843750
9794.656250,0.875000
9795.531250,0.875000
9796.640625,1.109375
9803.171875,0.890625
9804.093750,0.921875
9804.968750,0.875000
9805.812500,0.843750
9806.687500,0.875000
9807.609375,0.921875
9808.515625,0.906250
9809.406250,0.890625
9810.250000,0.843750
9811.171875,0.921875
9812.093750,0.921875
9813.015625,0.921875
9813.875000,0.859375
9814.734375,0.859375
9815.609375,0.875000
9816.515625,0.906250
9817.421875,0.906250
9818.281250,0.859375
9819.171875,0.890625
9820.078125,0.906250
9820.968750,0.890625
9821.828125,0.859375
9822.656250,0.828125
9823.484375,0.828125
9824.359375,0.875000
9825.281250,0.921875
9826.187500,0.906250
9827.046875,0.859375
9827.937500,0.890625
9828.812500,0.875000
9829.718750,0.906250
9830.578125,0.859375
9831.421875,0.843750
9832.218750,0.796875
9833.046875,0.828125
9833.906250,0.859375
9834.734375,0.828125
9835.562500,0.828125
9836.421875,0.859375
9837.312500,0.890625
9838.218750,0.906250
9839.109375,0.890625
9839.953125,0.843750
9840.781250,0.828125
9841.609375,0.828125
9842.625000,1.015625
9858.265625,0.906250
9859.109375,0.843750
9859.937500,0.828125
9860.687500,0.750000
9861.437500,0.750000
9862.234375,0.796875
9862.984375,0.750000
9863.671875,0.687500
9864.296875,0.625000
9876.000000,0.875000
9876.828125,0.828125
9877.640625,0.812500
9878.515625,0.875000
9879.406250,0.890625
9880.312500,0.906250
9881.125000,0.812500
9881.953125,0.828125
9882.796875,0.843750
9883.640625,0.843750
9884.531250,0.890625
9885.390625,0.859375
9886.203125,0.812500
9887.078125,0.875000
9887.984375,0.906250
9888.890625,0.906250
9889.812500,0.921875
9890.687500,0.875000
9891.562500,0.875000
9892.468750,0.906250
9893.375000,0.906250
9894.218750,0.843750
9895.046875,0.828125
9895.906250,0.859375
9896.796875,0.890625
9897.703125,0.906250
9898.578125,0.875000
9899.406250,0.828125
9900.281250,0.875000
9901.218750,0.937500
9902.140625,0.921875
9903.000000,0.859375
9903.843750,0.843750
9904.718750,0.875000
9905.609375,0.890625
9906.453125,0.843750
9907.296875,0.843750
9908.171875,0.875000
9909.078125,0.906250
9909.968750,0.890625
9910.812500,0.843750
9911.593750,0.781250
9912.437500,0.843750
9913.328125,0.890625
9914.187500,0.859375
9915.000000,0.812500
9915.796875,0.796875
9916.656250,0.859375
9917.531250,0.875000
9918.437500,0.906250
9919.296875,0.859375
9920.156250,0.859375
9921.093750,0.937500
9922.000000,0.906250
9922.921875,0.921875
9923.937500,1.015625
9924.796875,0.859375
9925.671875,0.875000
9926.562500,0.890625
9927.437500,0.875000
9928.234375,0.796875
9929.078125,0.843750
9929.984375,0.906250
9930.921875,0.937500
9931.859375,0.937500
9932.703125,0.843750
9933.593750,0.890625
9934.468750,0.875000
9935.343750,0.875000
9936.187500,0.843750
9937.031250,0.843750
9937.890625,0.859375
9938.750000,0.859375
9939.656250,0.906250
9940.468750,0.812500
9941.343750,0.875000
9942.218750,0.875000
9943.078125,0.859375
9943.921875,0.843750
9944.703125,0.781250
9945.515625,0.812500
9946.359375,0.843750
9954.437500,0.796875
9955.171875,0.734375
9955.968750,0.796875
9956.796875,0.828125
9957.656250,0.859375
9958.515625,0.859375
9959.359375,0.843750
9960.203125,0.843750
9961.046875,0.843750
9961.906250,0.859375
9962.781250,0.875000
9963.593750,0.812500
9964.421875,0.828125
9965.265625,0.843750
9966.171875,0.906250
9967.078125,0.906250
9973.156250,0.859375
9974.046875,0.890625
9974.953125,0.906250
9975.859375,0.906250
9976.687500,0.828125
9977.546875,0.859375
9978.453125,0.906250
9979.375000,0.921875
9980.250000,0.875000
9981.109375,0.859375
9982.000000,0.890625
9982.890625,0.890625
9983.828125,0.937500
9984.734375,0.906250
9985.578125,0.843750
9986.468750,0.890625
9987.375000,0.906250
9988.265625,0.890625
9989.125000,0.859375
9989.921875,0.796875
9990.750000,0.828125
9991.609375,0.859375
9992.484375,0.875000
9993.343750,0.859375
9994.203125,0.859375
9995.125000,0.921875
9996.031250,0.906250
9996.937500,0.906250
9997.812500,0.875000
9998.656250,0.843750
9999.531250,0.875000
10000.421875,0.890625
10001.296875,0.875000
10002.187500,0.890625
10003.062500,0.875000
10003.984375,0.921875
10004.906250,0.921875
10005.828125,0.921875
10006.687500,0.859375
10007.546875,0.859375
10008.421875,0.875000
10009.296875,0.875000
10010.187500,0.890625
10011.046875,0.859375
10011.921875,0.875000
10012.796875,0.875000
10013.671875,0.875000
10014.531250,0.859375
10015.375000,0.843750
10016.234375,0.859375
10017.125000,0.890625
10022.078125,0.781250
10022.828125,0.750000
10023.640625,0.812500
10024.531250,0.890625
10025.281250,0.750000
10026.171875,0.890625
10044.203125,0.765625
10045.187500,0.984375
10046.031250,0.843750
10046.859375,0.828125
10047.953125,1.093750
10100.750000,0.812500
10101.562500,0.812500
10102.359375,0.796875
10103.171875,0.812500
10104.156250,0.984375
10104.968750,0.812500
10105.781250,0.812500
10106.656250,0.875000
10107.468750,0.812500
10222.812500,0.812500
10223.671875,0.859375
10224.578125,0.906250
10225.406250,0.828125
10226.218750,0.812500
10226.906250,0.687500
10245.281250,1.093750
10251.562500,0.640625
10252.406250,0.843750
10253.250000,0.843750
10254.218750,0.968750
10378.859375,0.734375
10431.140625,0.921875
10432.000000,0.859375
10467.343750,0.953125
10468.312500,0.968750
10469.250000,0.937500
10470.203125,0.953125
10471.093750,0.890625
10471.984375,0.890625
10472.796875,0.812500
10473.828125,1.031250
10539.265625,0.859375
10540.046875,0.781250
10540.843750,0.796875
10541.640625,0.796875
10542.453125,0.812500
10543.234375,0.781250
10543.968750,0.734375
10544.718750,0.750000
10545.546875,0.828125
10546.390625,0.843750
10547.218750,0.828125
10548.031250,0.812500
10548.890625,0.859375
10555.765625,0.859375
10556.593750,0.828125
10579.437500,0.812500
10580.312500,0.875000
10581.203125,0.890625
10582.093750,0.890625
10582.953125,0.859375
10583.843750,0.890625
10584.765625,0.921875
10585.671875,0.906250
10586.562500,0.890625
10587.437500,0.875000
10588.343750,0.906250
10589.250000,0.906250
10590.187500,0.937500
10591.062500,0.875000
10591.921875,0.859375
10592.828125,0.906250
10593.750000,0.921875
10594.625000,0.875000
10609.875000,0.781250
10610.593750,0.718750
10611.296875,0.703125
10612.046875,0.750000
10642.453125,0.812500
10643.343750,0.890625
10644.234375,0.890625
10645.328125,1.093750
10646.203125,0.875000
10647.046875,0.843750
10647.875000,0.828125
10648.718750,0.843750
10649.562500,0.843750
10650.406250,0.843750
10651.218750,0.812500
10652.109375,0.890625
10653.046875,0.937500
10653.937500,0.890625
10654.828125,0.890625
10659.062500,0.843750
10659.875000,0.812500
10660.703125,0.828125
10661.546875,0.843750
10662.468750,0.921875
10663.359375,0.890625
10664.281250,0.921875
10665.234375,0.953125
10666.171875,0.937500
10670.546875,0.906250
10675.687500,0.812500
10676.484375,0.796875
10677.312500,0.828125
10678.218750,0.906250
10679.093750,0.875000
10679.953125,0.859375
10680.765625,0.812500
10681.593750,0.828125
10682.421875,0.828125
10683.234375,0.812500
10684.015625,0.781250
10684.765625,0.750000
10685.578125,0.812500
10686.453125,0.875000
10687.328125,0.875000
10688.187500,0.859375
10689.015625,0.828125
10689.859375,0.843750
10690.734375,0.875000
10722.203125,0.796875
10734.421875,0.843750
10735.265625,0.843750
10736.093750,0.828125
10736.890625,0.796875
10737.718750,0.828125
10738.562500,0.843750
10739.390625,0.828125
10740.187500,0.796875
10741.031250,0.843750
10741.953125,0.921875
10766.562500,0.906250
10779.093750,0.812500
10779.921875,0.828125
10780.781250,0.859375
10781.609375,0.828125
10782.375000,0.765625
10783.250000,0.875000
10784.125000,0.875000
10785.031250,0.906250
10785.875000,0.843750
10786.703125,0.828125
10787.562500,0.859375
10801.921875,0.921875
10802.703125,0.781250
10803.781250,1.078125
10804.671875,0.890625
10805.562500,0.890625
10806.500000,0.937500
10825.796875,1.046875
10837.515625,0.828125
10838.390625,0.875000
10839.250000,0.859375
10840.093750,0.843750
10845.109375,0.875000
10864.218750,0.765625
10865.000000,0.781250
10865.828125,0.828125
10866.640625,0.812500
10867.437500,0.796875
10868.234375,0.796875
10869.046875,0.812500
10869.906250,0.859375
10870.781250,0.875000
10871.656250,0.875000
10872.500000,0.843750
10873.359375,0.859375
10874.234375,0.875000
10875.093750,0.859375
10875.906250,0.812500
10876.734375,0.828125
10877.609375,0.875000
10878.500000,0.890625
10879.343750,0.843750
10889.640625,0.906250
10890.484375,0.843750
10891.531250,1.046875
10928.015625,0.890625
10947.062500,0.921875
10947.953125,0.890625
10948.828125,0.875000
10949.640625,0.812500
10950.437500,0.796875
10951.343750,0.906250
10952.234375,0.890625
10953.187500,0.953125
10961.484375,0.781250
10962.281250,0.796875
10963.062500,0.781250
10963.812500,0.750000
10964.531250,0.718750
10965.296875,0.765625
10966.140625,0.843750
10967.062500,0.921875
10968.078125,1.015625
10969.046875,0.968750
10969.953125,0.906250
10970.906250,0.953125
10971.828125,0.921875
10972.734375,0.906250
10973.625000,0.890625
11030.312500,0.781250
11031.078125,0.765625
11053.375000,0.953125
11072.250000,0.875000
11073.156250,0.906250
11074.046875,0.890625
11074.875000,0.828125
11075.671875,0.796875
11076.484375,0.812500
11077.546875,1.062500
11092.703125,0.890625
11093.593750,0.890625
11094.453125,0.859375
11095.328125,0.875000
11096.234375,0.906250
11097.187500,0.953125
11098.187500,1.000000
11104.265625,0.859375
11105.109375,0.843750
11105.984375,0.875000
11106.875000,0.890625
11107.796875,0.921875
11108.703125,0.906250
11109.562500,0.859375
11110.453125,0.890625
11111.343750,0.890625
11112.218750,0.875000
11113.093750,0.875000
11113.937500,0.843750
11114.765625,0.828125
11115.656250,0.890625
11116.562500,0.906250
11117.515625,0.953125
11118.406250,0.890625
11119.281250,0.875000
11120.156250,0.875000
11121.046875,0.890625
11121.921875,0.875000
11122.687500,0.765625
11123.468750,0.781250
11124.328125,0.859375
11125.250000,0.921875
11126.375000,1.125000
11127.296875,0.921875
11128.187500,0.890625
11129.093750,0.906250
11129.984375,0.890625
11130.843750,0.859375
11131.656250,0.812500
11132.484375,0.828125
11133.312500,0.828125
11134.203125,0.890625
11158.531250,0.687500
11159.234375,0.703125
11159.937500,0.703125
11211.984375,0.812500
11223.687500,1.062500
11237.218750,0.843750
11238.328125,1.109375
11277.671875,0.843750
11278.515625,0.843750
11279.390625,0.875000
11280.250000,0.859375
11281.062500,0.812500
11281.921875,0.859375
11282.812500,0.890625
11283.718750,0.906250
11284.593750,0.875000
11285.437500,0.843750
11286.296875,0.859375
11287.015625,0.718750
11291.609375,0.906250
11292.531250,0.921875
11293.421875,0.890625
11294.296875,0.875000
11295.218750,0.921875
11296.140625,0.921875
11297.031250,0.890625
11297.953125,0.921875
11307.234375,0.859375
11308.093750,0.859375
11322.937500,0.890625
11323.812500,0.875000
11324.656250,0.843750
11325.468750,0.812500
11326.265625,0.796875
11327.093750,0.828125
11327.890625,0.796875
11328.640625,0.750000
11329.421875,0.781250
11330.234375,0.812500
11331.031250,0.796875
11331.828125,0.796875
11332.640625,0.812500
11333.468750,0.828125
11334.296875,0.828125
11335.140625,0.843750
11335.906250,0.765625
11336.656250,0.750000
11337.437500,0.781250
11338.234375,0.796875
11377.578125,0.859375
11378.437500,0.859375
11379.312500,0.875000
11380.156250,0.843750
11400.328125,0.765625
11401.109375,0.781250
11442.750000,0.875000
11443.609375,0.859375
11444.468750,0.859375
11445.312500,0.843750
11509.859375,0.796875
11510.828125,0.968750
11579.171875,0.906250
11599.187500,0.765625
11600.234375,1.046875
11639.296875,0.843750
11640.140625,0.843750
11641.000000,0.859375
11641.828125,0.828125
11642.500000,0.671875
11652.015625,0.937500
11652.843750,0.828125
11653.703125,0.859375
11654.562500,0.859375
11677.296875,0.875000
11678.171875,0.875000
11679.031250,0.859375
11679.843750,0.812500
11680.812500,0.968750
11681.703125,0.890625
11682.703125,1.000000
11686.703125,0.921875
11687.515625,0.812500
11688.281250,0.765625
11723.578125,0.875000
11753.921875,0.718750
11754.703125,0.781250
11755.562500,0.859375
11756.453125,0.890625
11757.359375,0.906250
11812.984375,0.890625
11813.796875,0.812500
11814.625000,0.828125
11815.468750,0.843750
11816.312500,0.843750
11817.125000,0.812500
11817.953125,0.828125
11818.718750,0.765625
11819.531250,0.812500
11820.328125,0.796875
11847.953125,0.843750
11858.312500,0.953125
11872.265625,0.921875
11873.171875,0.906250
11874.109375,0.937500
11874.968750,0.859375
11875.812500,0.843750
11876.703125,0.890625
11877.562500,0.859375
11878.421875,0.859375
11879.296875,0.875000
11880.187500,0.890625
11881.140625,0.953125
11882.093750,0.953125
11883.031250,0.937500
11883.968750,0.937500
11884.906250,0.937500
11885.984375,1.078125
11895.015625,0.984375
11895.953125,0.937500
11896.890625,0.937500
11897.750000,0.859375
11898.625000,0.875000
11899.546875,0.921875
11900.484375,0.937500
11901.390625,0.906250
11902.296875,0.906250
11903.234375,0.937500
11904.093750,0.859375
11905.156250,1.062500
11906.031250,0.875000
11906.906250,0.875000
11907.828125,0.921875
11908.968750,1.140625
11909.875000,0.906250
11910.765625,0.890625
11911.703125,0.937500
11912.656250,0.953125
11913.578125,0.921875
11914.468750,0.890625
11922.046875,0.937500
11922.984375,0.937500
11923.859375,0.875000
11924.703125,0.843750
11925.546875,0.843750
11926.390625,0.843750
11927.125000,0.734375
11928.140625,1.015625
11934.984375,0.843750
11935.750000,0.765625
11936.515625,0.765625
11942.312500,0.859375
11951.734375,0.890625
11952.406250,0.671875
11956.953125,0.796875
11957.734375,0.781250
11958.531250,0.796875
11959.375000,0.843750
11960.218750,0.843750
11961.062500,0.843750
11961.890625,0.828125
11962.750000,0.859375
11963.625000,0.875000
11964.484375,0.859375
11965.312500,0.828125
11966.156250,0.843750
11967.031250,0.875000
11967.875000,0.843750
11968.671875,0.796875
11994.328125,0.828125
11998.468750,0.796875
11999.296875,0.828125
12000.171875,0.875000
12001.062500,0.890625
12001.937500,0.875000
12002.781250,0.843750
12003.640625,0.859375
12004.515625,0.875000
12005.437500,0.921875
12006.296875,0.859375
12007.156250,0.859375
12008.031250,0.875000
12008.890625,0.859375
12009.781250,0.890625
12010.640625,0.859375
12011.484375,0.843750
12012.328125,0.843750
12013.187500,0.859375
12014.046875,0.859375
12014.875000,0.828125
12015.734375,0.859375
12021.671875,0.828125
12022.515625,0.843750
12023.343750,0.828125
12024.171875,0.828125
12025.015625,0.843750
12025.906250,0.890625
12026.796875,0.890625
12027.671875,0.875000
12028.484375,0.812500
12029.468750,0.984375
12030.312500,0.843750
12031.171875,0.859375
12032.031250,0.859375
12032.890625,0.859375
12033.656250,0.765625
12034.421875,0.765625
12035.171875,0.750000
12035.953125,0.781250
12036.781250,0.828125
12037.656250,0.875000
12038.531250,0.875000
12039.328125,0.796875
12040.171875,0.843750
12041.015625,0.843750
12041.859375,0.843750
12042.687500,0.828125
12043.500000,0.812500
12044.296875,0.796875
12045.140625,0.843750
12046.000000,0.859375
12046.875000,0.875000
12047.750000,0.875000
12048.625000,0.875000
12049.531250,0.906250
12050.421875,0.890625
12051.281250,0.859375
12052.125000,0.843750
12052.953125,0.828125
12053.812500,0.859375
12054.671875,0.859375
12055.531250,0.859375
12056.406250,0.875000
12091.140625,0.828125
12091.968750,0.828125
12092.828125,0.859375
12093.671875,0.843750
12169.890625,0.890625
12170.781250,0.890625
12171.625000,0.843750
12178.156250,0.812500
12179.015625,0.859375
12179.890625,0.875000
12180.812500,0.921875
12197.437500,0.921875
12198.390625,0.953125
12199.312500,0.921875
12200.203125,0.890625
12201.078125,0.875000
12206.234375,0.890625
12207.187500,0.953125
12208.156250,0.968750
12215.234375,0.843750
12216.093750,0.859375
12216.953125,0.859375
12217.890625,0.937500
12218.796875,0.906250
12219.656250,0.859375
12220.609375,0.953125
12236.546875,0.828125
12237.312500,0.765625
12255.234375,0.875000
12256.093750,0.859375
12256.859375,0.765625
12257.828125,0.968750
12278.187500,1.375000
12297.812500,0.843750
12298.640625,0.828125
12299.437500,0.796875
12300.234375,0.796875
12332.406250,0.859375
12333.203125,0.796875
12334.046875,0.843750
12334.875000,0.828125
12335.750000,0.875000
12336.609375,0.859375
12337.453125,0.843750
12338.234375,0.781250
12345.046875,0.890625
12345.921875,0.875000
12346.750000,0.828125
12351.718750,0.859375
12367.125000,0.859375
12368.000000,0.875000
12368.875000,0.875000
12369.703125,0.828125
12370.531250,0.828125
12371.406250,0.875000
12372.281250,0.875000
12373.078125,0.796875
12373.859375,0.781250
12374.718750,0.859375
12382.703125,0.890625
12383.546875,0.843750
12384.343750,0.796875
12385.218750,0.875000
12386.093750,0.875000
12408.015625,0.671875
12408.671875,0.656250
12409.328125,0.656250
12410.000000,0.671875
12410.687500,0.687500
12411.421875,0.734375
12412.218750,0.796875
12413.046875,0.828125
12413.859375,0.812500
12414.640625,0.781250
12415.437500,0.796875
12416.250000,0.812500
12417.078125,0.828125
12417.875000,0.796875
12418.640625,0.765625
12419.390625,0.750000
12420.156250,0.765625
12420.890625,0.734375
12421.671875,0.781250
12422.437500,0.765625
12423.203125,0.765625
12424.000000,0.796875
12424.812500,0.812500
12425.625000,0.812500
12426.390625,0.765625
12427.125000,0.734375
12427.890625,0.765625
12428.609375,0.718750
12449.968750,0.781250
12450.765625,0.796875
12451.515625,0.750000
12452.250000,0.734375
12453.046875,0.796875
12453.875000,0.828125
12454.765625,0.890625
12455.656250,0.890625
12456.531250,0.875000
12457.421875,0.890625
12458.281250,0.859375
12459.156250,0.875000
12460.015625,0.859375
12460.859375,0.843750
12461.687500,0.828125
12462.515625,0.828125
12463.375000,0.859375
12464.203125,0.828125
12464.984375,0.781250
12465.765625,0.781250
12477.765625,0.812500
12478.812500,1.046875
12487.546875,0.812500
12488.406250,0.859375
12489.171875,0.765625
12490.000000,0.828125
12495.656250,0.765625
12496.421875,0.765625
12497.218750,0.796875
12498.046875,0.828125
12498.875000,0.828125
12568.437500,0.578125
12569.031250,0.593750
12569.640625,0.609375
12573.218750,0.718750
12573.906250,0.687500
12574.578125,0.671875
12575.265625,0.687500
12575.968750,0.703125
12576.656250,0.687500
12614.609375,0.734375
12615.328125,0.718750
12628.828125,0.703125
12629.500000,0.671875
12630.343750,0.843750
12631.031250,0.687500
12631.796875,0.765625
12632.593750,0.796875
12633.421875,0.828125
12634.218750,0.796875
12635.015625,0.796875
12635.812500,0.796875
12636.609375,0.796875
12637.359375,0.750000
12638.109375,0.750000
12638.828125,0.718750
12662.921875,0.671875
12676.343750,0.687500
12688.093750,0.750000
12710.984375,0.812500
12736.765625,0.812500
12737.640625,0.875000
12738.421875,0.781250
12743.171875,0.843750
12744.031250,0.859375
12744.875000,0.843750
12763.484375,0.906250
12764.390625,0.906250
12765.281250,0.890625
12766.156250,0.875000
12767.000000,0.843750
12767.812500,0.812500
12768.687500,0.875000
12769.531250,0.843750
12770.406250,0.875000
12771.218750,0.812500
12772.062500,0.843750
12772.953125,0.890625
12773.859375,0.906250
12774.781250,0.921875
12775.640625,0.859375
12776.453125,0.812500
12777.218750,0.765625
12777.968750,0.750000
12778.781250,0.812500
12779.625000,0.843750
12780.484375,0.859375
12781.281250,0.796875
12799.890625,0.796875
12800.718750,0.828125
12801.546875,0.828125
12802.375000,0.828125
12803.234375,0.859375
12804.109375,0.875000
12805.125000,1.015625
12814.421875,0.875000
12815.265625,0.843750
12816.109375,0.843750
12816.921875,0.812500
12817.781250,0.859375
12818.593750,0.812500
12819.421875,0.828125
12820.296875,0.875000
12821.187500,0.890625
12822.125000,0.937500
12823.000000,0.875000
12823.906250,0.906250
12824.812500,0.906250
12825.687500,0.875000
12826.578125,0.890625
12827.437500,0.859375
12828.312500,0.875000
12829.171875,0.859375
12830.062500,0.890625
12830.968750,0.906250
12840.406250,0.890625
12847.125000,0.828125
12847.937500,0.812500
12848.765625,0.828125
12849.609375,0.843750
12850.437500,0.828125
12851.281250,0.843750
12852.093750,0.812500
12852.937500,0.843750
12853.734375,0.796875
12854.546875,0.812500
12855.359375,0.812500
12856.203125,0.843750
12857.062500,0.859375
12857.875000,0.812500
12858.703125,0.828125
12859.484375,0.781250
12863.531250,0.812500
12864.375000,0.843750
12865.218750,0.843750
12866.078125,0.859375
12866.921875,0.843750
12867.734375,0.812500
12871.890625,0.859375
12872.734375,0.843750
12873.578125,0.843750
12874.375000,0.796875
12875.171875,0.796875
12875.968750,0.796875
12876.750000,0.781250
12877.500000,0.750000
12878.250000,0.750000
12879.078125,0.828125
12879.921875,0.843750
12880.781250,0.859375
12884.609375,0.703125
12885.359375,0.750000
12889.062500,0.765625
12889.750000,0.687500
12890.656250,0.906250
12891.437500,0.781250
12892.171875,0.734375
12896.968750,0.812500
12897.750000,0.781250
12898.546875,0.796875
12899.343750,0.796875
12900.109375,0.765625
12900.890625,0.781250
12901.687500,0.796875
12902.453125,0.765625
12903.250000,0.796875
12904.046875,0.796875
12904.843750,0.796875
12905.656250,0.812500
12906.484375,0.828125
12907.296875,0.812500
12908.046875,0.750000
12908.812500,0.765625
12909.578125,0.765625
12910.343750,0.765625
12911.156250,0.812500
12911.953125,0.796875
12912.750000,0.796875
12913.546875,0.796875
12914.343750,0.796875
12915.156250,0.812500
12919.062500,0.734375
12919.859375,0.796875
12920.656250,0.796875
12921.421875,0.765625
12922.296875,0.875000
12923.140625,0.843750
12923.984375,0.843750
12924.812500,0.828125
12925.578125,0.765625
12926.328125,0.750000
12927.062500,0.734375
12927.812500,0.750000
12928.546875,0.734375
12929.296875,0.750000
12930.062500,0.765625
12930.796875,0.734375
12931.562500,0.765625
12932.343750,0.781250
12933.109375,0.765625
12933.890625,0.781250
12934.640625,0.750000
12954.218750,0.656250
12954.921875,0.703125
12960.312500,0.796875
12961.140625,0.828125
12961.921875,0.781250
12962.609375,0.687500
12975.406250,0.718750
12976.187500,0.781250
12976.968750,0.781250
12977.781250,0.812500
12978.609375,0.828125
12979.468750,0.859375
12980.296875,0.828125
12981.125000,0.828125
13002.531250,1.031250
13003.375000,0.843750
13004.218750,0.843750
13008.890625,0.750000
13009.656250,0.765625
13010.453125,0.796875
13011.296875,0.843750
13012.125000,0.828125
13012.968750,0.843750
13013.718750,0.750000
13014.484375,0.765625
13099.500000,0.781250
13100.281250,0.781250
13101.109375,0.828125
13101.921875,0.812500
13594.656250,0.640625
13595.312500,0.656250
13596.000000,0.687500
13596.625000,0.625000
13754.484375,0.765625
13755.265625,0.781250
13756.109375,0.843750
13756.953125,0.843750
13757.796875,0.843750
13758.625000,0.828125
13812.390625,0.796875
13887.437500,0.750000
13893.296875,0.890625
13898.390625,0.828125
13919.453125,0.890625
13920.406250,0.953125
13953.828125,1.015625
13954.625000,0.796875
13981.937500,1.203125
13989.000000,0.890625
13989.906250,0.906250
13990.828125,0.921875
13991.656250,0.828125
14006.203125,0.750000
14006.953125,0.750000
14007.734375,0.781250
14008.593750,0.859375
14009.484375,0.890625
14062.937500,0.828125
14063.765625,0.828125
14064.609375,0.843750
14065.468750,0.859375
14066.343750,0.875000
14111.437500,0.625000
14112.078125,0.640625
14112.703125,0.625000
14147.359375,0.687500
14148.031250,0.671875
14148.687500,0.656250
14149.359375,0.671875
14149.984375,0.625000
14266.703125,0.734375
14267.375000,0.671875
14268.265625,0.890625
14269.187500,0.921875
14270.000000,0.812500
14304.671875,0.812500
14305.562500,0.890625
14306.468750,0.906250
14307.343750,0.875000
14308.171875,0.828125
14309.015625,0.843750
14309.812500,0.796875
14310.718750,0.906250
14316.609375,0.890625
14317.484375,0.875000
14318.312500,0.828125
14319.140625,0.828125
14319.937500,0.796875
14320.875000,0.937500
14321.765625,0.890625
14322.656250,0.890625
14323.421875,0.765625
14397.453125,0.921875
14398.312500,0.859375
14399.171875,0.859375
14404.125000,0.875000
14405.015625,0.890625
14405.984375,0.968750
14406.921875,0.937500
14414.312500,0.843750
14415.156250,0.843750
14415.968750,0.812500
14416.750000,0.781250
14417.546875,0.796875
14418.359375,0.812500
14419.156250,0.796875
14419.906250,0.750000
14420.703125,0.796875
14421.531250,0.828125
14422.437500,0.906250
14423.343750,0.906250
14424.187500,0.843750
14425.062500,0.875000
14425.953125,0.890625
14426.859375,0.906250
14427.703125,0.843750
14428.562500,0.859375
14429.437500,0.875000
14430.359375,0.921875
14431.312500,0.953125
14432.218750,0.906250
14433.140625,0.921875
14434.062500,0.921875
14434.968750,0.906250
14435.812500,0.843750
14436.609375,0.796875
14437.343750,0.734375
14438.156250,0.812500
14458.734375,0.859375
14459.609375,0.875000
14460.468750,0.859375
14461.375000,0.906250
14462.328125,0.953125
14463.265625,0.937500
14464.156250,0.890625
14465.000000,0.843750
14465.843750,0.843750
14466.718750,0.875000
14467.640625,0.921875
14468.468750,0.828125
14469.343750,0.875000
14470.218750,0.875000
14471.156250,0.937500
14472.046875,0.890625
14472.890625,0.843750
14473.750000,0.859375
14474.625000,0.875000
14475.500000,0.875000
14476.328125,0.828125
14477.171875,0.843750
14478.031250,0.859375
14478.937500,0.906250
14479.859375,0.921875
14480.781250,0.921875
14481.703125,0.921875
14482.640625,0.937500
14483.546875,0.906250
14484.390625,0.843750
14485.281250,0.890625
14486.156250,0.875000
14487.078125,0.921875
14487.953125,0.875000
14488.859375,0.906250
14489.796875,0.937500
14490.734375,0.937500
14491.609375,0.875000
14492.765625,1.156250
14497.015625,0.859375
14508.421875,0.812500
14509.187500,0.765625
14510.000000,0.812500
14510.781250,0.781250
14511.609375,0.828125
14512.453125,0.843750
14513.250000,0.796875
14514.046875,0.796875
14514.890625,0.843750
14515.765625,0.875000
14516.687500,0.921875
14517.578125,0.890625
14518.437500,0.859375
14519.265625,0.828125
14520.109375,0.843750
14520.937500,0.828125
14521.718750,0.781250
14522.531250,0.812500
14523.390625,0.859375
14524.296875,0.906250
14529.484375,0.781250
14530.312500,0.828125
14531.156250,0.843750
14532.031250,0.875000
14532.921875,0.890625
14533.796875,0.875000
14534.640625,0.843750
14535.546875,0.906250
14536.421875,0.875000
14537.265625,0.843750
14538.062500,0.796875
14538.875000,0.812500
14539.687500,0.812500
14540.546875,0.859375
14541.375000,0.828125
14542.234375,0.859375
14543.109375,0.875000
14544.031250,0.921875
14549.093750,0.828125
14549.890625,0.796875
14550.781250,0.890625
14551.671875,0.890625
14552.578125,0.906250
14553.421875,0.843750
14554.265625,0.843750
14555.156250,0.890625
14556.031250,0.875000
14556.921875,0.890625
14557.796875,0.875000
14558.562500,0.765625
14559.359375,0.796875
14560.171875,0.812500
14561.000000,0.828125
14561.890625,0.890625
14572.718750,0.921875
14573.750000,1.031250
14598.359375,0.968750
14751.828125,0.781250
14752.468750,0.640625
14753.140625,0.671875
14859.062500,0.703125
14878.750000,0.531250
14916.062500,0.625000
14916.640625,0.578125
14917.312500,0.671875
14917.812500,0.500000
14944.656250,0.562500
14945.312500,0.656250
14949.890625,0.703125
14950.468750,0.578125
14951.062500,0.593750
15000.109375,0.609375
15000.718750,0.609375
15001.328125,0.609375
15001.875000,0.546875
15002.406250,0.531250
15138.640625,0.609375
15150.015625,0.656250
15150.593750,0.578125
15151.296875,0.703125
15151.921875,0.625000
15152.546875,0.625000
15153.187500,0.640625
15153.843750,0.656250
15154.484375,0.640625
15155.140625,0.656250
15155.968750,0.828125
15156.656250,0.687500
15157.343750,0.687500
15158.062500,0.718750
15158.781250,0.718750
15159.453125,0.671875
15160.140625,0.687500
15160.796875,0.656250
15161.421875,0.625000
15162.078125,0.656250
15162.687500,0.609375
15163.312500,0.625000
15163.937500,0.625000
15164.578125,0.640625
15165.218750,0.640625
15165.890625,0.671875
15166.609375,0.718750
15167.296875,0.687500
15168.000000,0.703125
15168.656250,0.656250
15169.343750,0.687500
15172.546875,0.640625
15173.203125,0.656250
15173.859375,0.656250
15174.500000,0.640625
15175.171875,0.671875
15175.906250,0.734375
15176.656250,0.750000
15177.421875,0.765625
15178.062500,0.640625
15178.906250,0.843750
15179.625000,0.718750
15180.328125,0.703125
15189.296875,0.718750
15189.968750,0.671875
15195.203125,0.640625
15195.906250,0.703125
15196.625000,0.718750
15197.343750,0.718750
15198.062500,0.718750
15198.781250,0.718750
15199.500000,0.718750
15200.218750,0.718750
15200.921875,0.703125
15201.593750,0.671875
15202.281250,0.687500
15202.953125,0.671875
15203.671875,0.718750
15204.375000,0.703125
15205.093750,0.718750
15212.875000,0.625000
15213.515625,0.640625
15214.171875,0.656250
15784.765625,0.718750
15785.531250,0.765625
15786.296875,0.765625
15787.031250,0.734375
15787.718750,0.687500
15788.453125,0.734375
15789.203125,0.750000
15789.968750,0.765625
15790.703125,0.734375
15791.421875,0.718750
15792.125000,0.703125
15792.843750,0.718750
15793.562500,0.718750
15794.265625,0.703125
15794.937500,0.671875
15795.640625,0.703125
15796.312500,0.671875
15797.015625,0.703125
15797.734375,0.718750
15798.453125,0.718750
15799.156250,0.703125
15799.859375,0.703125
15800.593750,0.734375
15801.312500,0.718750
15802.015625,0.703125
15802.718750,0.703125
15803.406250,0.687500
15804.109375,0.703125
15804.843750,0.734375
15805.562500,0.718750
15806.265625,0.703125
15806.984375,0.718750
15807.765625,0.781250
15808.546875,0.781250
15809.296875,0.750000
15810.046875,0.750000
15810.765625,0.718750
15811.546875,0.781250
15812.265625,0.718750
15812.984375,0.718750
15813.734375,0.750000
15819.093750,0.703125
15819.828125,0.734375
15820.546875,0.718750
15821.265625,0.718750
15822.015625,0.750000
15822.796875,0.781250
15823.593750,0.796875
15824.343750,0.750000
15825.093750,0.750000
15825.828125,0.734375
15826.578125,0.750000
15827.296875,0.718750
15828.046875,0.750000
15828.828125,0.781250
15829.640625,0.812500
15830.453125,0.812500
15831.250000,0.796875
15832.015625,0.765625
15832.734375,0.718750
15833.468750,0.734375
15834.187500,0.718750
15834.906250,0.718750
15835.625000,0.718750
15836.390625,0.765625
15837.218750,0.828125
15838.062500,0.843750
15838.906250,0.843750
15839.718750,0.812500
15840.500000,0.781250
15841.265625,0.765625
15842.000000,0.734375
15842.703125,0.703125
15843.390625,0.687500
15844.093750,0.703125
15844.796875,0.703125
15845.546875,0.750000
15846.296875,0.750000
15847.031250,0.734375
15847.859375,0.828125
15854.500000,0.781250
15855.250000,0.750000
15855.953125,0.703125
15856.687500,0.734375
15857.437500,0.750000
15858.171875,0.734375
15858.906250,0.734375
15859.656250,0.750000
15860.390625,0.734375
15861.140625,0.750000
15861.921875,0.781250
15862.687500,0.765625
15863.437500,0.750000
15864.171875,0.734375
15864.921875,0.750000
15865.671875,0.750000
15866.406250,0.734375
15867.156250,0.750000
15867.875000,0.718750
15868.625000,0.750000
15869.375000,0.750000
15870.125000,0.750000
15870.859375,0.734375
15871.609375,0.750000
15872.375000,0.765625
15873.140625,0.765625
15873.921875,0.781250
15874.687500,0.765625
15875.453125,0.765625
15876.218750,0.765625
15877.000000,0.781250
15877.781250,0.781250
15878.546875,0.765625
15879.296875,0.750000
15880.046875,0.750000
15880.812500,0.765625
15881.593750,0.781250
15882.375000,0.781250
15883.125000,0.750000
15883.890625,0.765625
15884.656250,0.765625
15885.437500,0.781250
15891.484375,0.812500
15892.296875,0.812500
15893.093750,0.796875
15893.859375,0.765625
15894.625000,0.765625
15895.375000,0.750000
15896.140625,0.765625
15900.625000,0.781250
15901.390625,0.765625
15902.125000,0.734375
15902.843750,0.718750
15903.593750,0.750000
15904.328125,0.734375
15905.078125,0.750000
15909.625000,0.765625
15910.406250,0.781250
15911.203125,0.796875
15911.968750,0.765625
15912.703125,0.734375
15913.453125,0.750000
15914.203125,0.750000
15914.984375,0.781250
15915.796875,0.812500
15916.609375,0.812500
15917.421875,0.812500
15918.203125,0.781250
15918.968750,0.765625
15919.750000,0.781250
15920.500000,0.750000
15921.234375,0.734375
15921.968750,0.734375
15922.703125,0.734375
15923.484375,0.781250
15924.265625,0.781250
15925.015625,0.750000
15925.750000,0.734375
15926.453125,0.703125
15927.140625,0.687500
15927.843750,0.703125
15928.546875,0.703125
15929.250000,0.703125
15934.093750,0.687500
15934.796875,0.703125
15935.562500,0.765625
15936.312500,0.750000
15937.062500,0.750000
15937.984375,0.921875
15938.734375,0.750000
15939.500000,0.765625
15940.265625,0.765625
15941.062500,0.796875
15941.843750,0.781250
15942.671875,0.828125
15943.515625,0.843750
15944.343750,0.828125
15945.125000,0.781250
15945.890625,0.765625
15950.421875,0.734375
15951.125000,0.703125
15951.828125,0.703125
15952.546875,0.718750
15953.265625,0.718750
15954.000000,0.734375
15954.750000,0.750000
15955.484375,0.734375
15956.203125,0.718750
15956.921875,0.718750
15957.656250,0.734375
15958.421875,0.765625
15959.187500,0.765625
15959.921875,0.734375
15960.671875,0.750000
15961.437500,0.765625
15962.250000,0.812500
15963.062500,0.812500
15963.875000,0.812500
15964.671875,0.796875
15965.468750,0.796875
15966.234375,0.765625
15966.984375,0.750000
15967.750000,0.765625
15968.515625,0.765625
15969.296875,0.781250
15970.093750,0.796875
15970.890625,0.796875
15971.718750,0.828125
15972.562500,0.843750
15973.390625,0.828125
15974.203125,0.812500
15974.968750,0.765625
15975.718750,0.750000
15976.484375,0.765625
15977.250000,0.765625
15978.031250,0.781250
15978.812500,0.781250
15979.609375,0.796875
15980.437500,0.828125
15981.250000,0.812500
15982.031250,0.781250
15982.812500,0.781250
15983.562500,0.750000
15984.328125,0.765625
15985.078125,0.750000
15985.828125,0.750000
15986.578125,0.750000
15987.343750,0.765625
15988.156250,0.812500
15988.953125,0.796875
15989.765625,0.812500
15990.531250,0.765625
15991.296875,0.765625
15992.078125,0.781250
15992.843750,0.765625
15993.625000,0.781250
15994.390625,0.765625
15995.171875,0.781250
15995.968750,0.796875
15996.781250,0.812500
15997.781250,1.000000
15998.578125,0.796875
15999.375000,0.796875
16000.187500,0.812500
16001.000000,0.812500
16001.828125,0.828125
16002.625000,0.796875
16003.421875,0.796875
16004.203125,0.781250
16005.000000,0.796875
16005.796875,0.796875
16006.578125,0.781250
16007.328125,0.750000
16008.093750,0.765625
16008.890625,0.796875
16009.687500,0.796875
16010.484375,0.796875
16011.265625,0.781250
16012.046875,0.781250
16012.875000,0.828125
16013.687500,0.812500
16014.484375,0.796875
16015.265625,0.781250
16016.015625,0.750000
16016.796875,0.781250
16017.578125,0.781250
16018.359375,0.781250
16019.125000,0.765625
16019.906250,0.781250
16020.671875,0.765625
16021.453125,0.781250
16022.234375,0.781250
16022.968750,0.734375
16023.718750,0.750000
16024.468750,0.750000
16025.234375,0.765625
16026.000000,0.765625
16026.765625,0.765625
16027.515625,0.750000
16028.296875,0.781250
16029.062500,0.765625
16029.859375,0.796875
16030.625000,0.765625
16031.390625,0.765625
16032.171875,0.781250
16033.015625,0.843750
16033.859375,0.843750
16034.718750,0.859375
16035.531250,0.812500
16036.343750,0.812500
16037.125000,0.781250
16037.921875,0.796875
16038.750000,0.828125
16039.546875,0.796875
16040.312500,0.765625
16041.093750,0.781250
16041.890625,0.796875
16057.468750,0.765625
16058.281250,0.812500
16059.078125,0.796875
16059.875000,0.796875
16060.671875,0.796875
16071.812500,0.796875
16072.609375,0.796875
16073.421875,0.812500
16074.234375,0.812500
16075.031250,0.796875
16075.812500,0.781250
16076.593750,0.781250
16085.937500,0.796875
16086.750000,0.812500
16087.531250,0.781250
16088.296875,0.765625
16089.062500,0.765625
16089.843750,0.781250
16090.625000,0.781250
16091.421875,0.796875
16092.218750,0.796875
16092.984375,0.765625
16093.765625,0.781250
16094.562500,0.796875
16095.390625,0.828125
16096.203125,0.812500
16096.968750,0.765625
16097.750000,0.781250
16098.500000,0.750000
16099.281250,0.781250
16117.000000,0.781250
16180.296875,0.765625
16180.906250,0.609375
16184.312500,0.781250
16185.078125,0.765625
16185.843750,0.765625
16191.093750,0.781250
16191.890625,0.796875
16192.687500,0.796875
16193.515625,0.828125
16194.375000,0.859375
16195.218750,0.843750
16196.000000,0.781250
16196.734375,0.734375
16197.468750,0.734375
16198.187500,0.718750
16198.937500,0.750000
16199.687500,0.750000
16200.421875,0.734375
16201.187500,0.765625
16201.921875,0.734375
16202.656250,0.734375
16203.375000,0.718750
16204.156250,0.781250
16204.890625,0.734375
16205.468750,0.578125
16209.093750,0.687500
16209.812500,0.718750
16210.546875,0.734375
16211.359375,0.812500
16212.109375,0.750000
16212.890625,0.781250
16213.703125,0.812500
16214.500000,0.796875
16215.250000,0.750000
16216.015625,0.765625
16221.812500,0.812500
16222.578125,0.765625
16223.343750,0.765625
16231.468750,0.750000
16232.187500,0.718750
16232.953125,0.765625
16233.703125,0.750000
16234.421875,0.718750
16235.171875,0.750000
16235.937500,0.765625
16236.734375,0.796875
16237.500000,0.765625
16238.437500,0.937500
16239.203125,0.765625
16239.953125,0.750000
16240.703125,0.750000
16245.140625,0.765625
16245.875000,0.734375
16246.640625,0.765625
16247.421875,0.781250
16256.734375,0.812500
16260.578125,0.812500
16261.390625,0.812500
16262.171875,0.781250
16262.968750,0.796875
16263.812500,0.843750
16264.671875,0.859375
16265.515625,0.843750
16266.328125,0.812500
16267.140625,0.812500
16267.953125,0.812500
16268.781250,0.828125
16269.578125,0.796875
16270.343750,0.765625
16271.109375,0.765625
16271.890625,0.781250
16272.687500,0.796875
16273.515625,0.828125
16274.281250,0.765625
16275.078125,0.796875
16275.890625,0.812500
16276.687500,0.796875
16277.421875,0.734375
16278.125000,0.703125
16278.781250,0.656250
16279.421875,0.640625
16280.093750,0.671875
16280.796875,0.703125
16281.546875,0.750000
16282.296875,0.750000
16283.062500,0.765625
16283.828125,0.765625
16284.578125,0.750000
16285.296875,0.718750
16286.031250,0.734375
16286.750000,0.718750
16287.546875,0.796875
16288.281250,0.734375
16289.046875,0.765625
16289.828125,0.781250
16290.625000,0.796875
16291.421875,0.796875
16292.234375,0.812500
16293.015625,0.781250
16293.781250,0.765625
16294.562500,0.781250
16295.328125,0.765625
16296.109375,0.781250
16296.875000,0.765625
16297.671875,0.796875
16298.421875,0.750000
16299.234375,0.812500
16300.046875,0.812500
16300.843750,0.796875
16301.640625,0.796875
16302.453125,0.812500
16303.250000,0.796875
16304.015625,0.765625
16304.796875,0.781250
16305.546875,0.750000
16306.343750,0.796875
16307.093750,0.750000
16307.890625,0.796875
16308.687500,0.796875
16309.515625,0.828125
16310.328125,0.812500
16311.093750,0.765625
16311.843750,0.750000
16312.593750,0.750000
16313.343750,0.750000
16317.828125,0.750000
16318.578125,0.750000
16319.328125,0.750000
16320.109375,0.781250
16320.812500,0.703125
16321.531250,0.718750
16322.265625,0.734375
16332.937500,0.718750
16333.625000,0.687500
16338.296875,0.671875
16338.921875,0.625000
16339.578125,0.656250
16340.359375,0.781250
16341.125000,0.765625
16341.859375,0.734375
16342.593750,0.734375
16343.250000,0.656250
16343.984375,0.734375
16351.140625,0.765625
16354.671875,0.734375
16355.343750,0.671875
16356.062500,0.718750
16356.750000,0.687500
16357.468750,0.718750
16358.187500,0.718750
16359.046875,0.859375
16359.781250,0.734375
16360.562500,0.781250
16367.578125,0.750000
16368.296875,0.718750
16368.953125,0.656250
16369.687500,0.734375
16370.343750,0.656250
16371.031250,0.687500
16371.703125,0.671875
16372.375000,0.671875
16373.062500,0.687500
16373.796875,0.734375
16374.562500,0.765625
16375.296875,0.734375
16376.031250,0.734375
16376.812500,0.781250
16392.203125,0.796875
16412.296875,0.703125
16413.015625,0.718750
16413.781250,0.765625
16414.515625,0.734375
16415.234375,0.718750
16419.718750,0.812500
16420.515625,0.796875
16421.312500,0.796875
16422.125000,0.812500
16422.906250,0.781250
16423.640625,0.734375
16424.359375,0.718750
16425.078125,0.718750
16425.812500,0.734375
16426.593750,0.781250
16427.312500,0.718750
16428.078125,0.765625
16428.859375,0.781250
16429.656250,0.796875
16430.453125,0.796875
16431.218750,0.765625
16431.984375,0.765625
16432.734375,0.750000
16433.500000,0.765625
16434.203125,0.703125
16434.937500,0.734375
16435.656250,0.718750
16436.390625,0.734375
16437.156250,0.765625
16437.906250,0.750000
16438.671875,0.765625
16439.437500,0.765625
16440.218750,0.781250
16441.015625,0.796875
16441.781250,0.765625
16442.500000,0.718750
16443.234375,0.734375
16443.968750,0.734375
16444.687500,0.718750
16445.406250,0.718750
16446.156250,0.750000
16446.906250,0.750000
16447.656250,0.750000
16448.390625,0.734375
16449.125000,0.734375
16449.859375,0.734375
16450.593750,0.734375
16451.359375,0.765625
16452.078125,0.718750
16452.781250,0.703125
16453.500000,0.718750
16454.250000,0.750000
16455.000000,0.750000
16455.750000,0.750000
16456.484375,0.734375
16457.203125,0.718750
16457.906250,0.703125
16458.609375,0.703125
16459.343750,0.734375
16460.062500,0.718750
16460.812500,0.750000
16461.546875,0.734375
16462.312500,0.765625
16463.078125,0.765625
16463.796875,0.718750
16464.515625,0.718750
16471.812500,0.750000
16472.531250,0.718750
16473.250000,0.718750
16473.968750,0.718750
16474.687500,0.718750
16475.390625,0.703125
16484.890625,0.718750
16485.625000,0.734375
16486.375000,0.750000
16487.125000,0.750000
16487.843750,0.718750
16488.546875,0.703125
16489.250000,0.703125
16489.984375,0.734375
16490.765625,0.781250
16491.546875,0.781250
16492.281250,0.734375
16493.031250,0.750000
16493.781250,0.750000
16494.515625,0.734375
16495.250000,0.734375
16495.984375,0.734375
16496.718750,0.734375
16497.437500,0.718750
16498.171875,0.734375
16498.937500,0.765625
16499.687500,0.750000
16500.437500,0.750000
16501.171875,0.734375
16501.875000,0.703125
16502.593750,0.718750
16503.328125,0.734375
16504.031250,0.703125
16504.765625,0.734375
16505.484375,0.718750
16506.203125,0.718750
16506.937500,0.734375
16507.687500,0.750000
16508.421875,0.734375
16509.140625,0.718750
16509.859375,0.718750
16510.562500,0.703125
16511.296875,0.734375
16512.046875,0.750000
16512.812500,0.765625
16513.562500,0.750000
16514.265625,0.703125
16514.968750,0.703125
16515.609375,0.640625
16516.234375,0.625000
16516.875000,0.640625
16517.578125,0.703125
16518.328125,0.750000
16519.046875,0.718750
16519.796875,0.750000
16520.531250,0.734375
16521.281250,0.750000
16522.015625,0.734375
16522.718750,0.703125
16523.406250,0.687500
16524.125000,0.718750
16524.875000,0.750000
16525.640625,0.765625
16526.375000,0.734375
16527.093750,0.718750
16527.828125,0.734375
16528.562500,0.734375
16529.312500,0.750000
16530.093750,0.781250
16530.812500,0.718750
16531.562500,0.750000
16532.312500,0.750000
16533.062500,0.750000
16533.843750,0.781250
16534.609375,0.765625
16535.359375,0.750000
16536.109375,0.750000
16536.843750,0.734375
16537.578125,0.734375
16538.312500,0.734375
16539.046875,0.734375
16539.781250,0.734375
16540.531250,0.750000
16541.296875,0.765625
16542.078125,0.781250
16542.859375,0.781250
16543.593750,0.734375
16544.328125,0.734375
16545.046875,0.718750
16545.781250,0.734375
16546.500000,0.718750
16547.171875,0.671875
16547.828125,0.656250
16548.500000,0.671875
16549.156250,0.656250
16549.859375,0.703125
16550.562500,0.703125
16551.250000,0.687500
16551.906250,0.656250
16552.593750,0.687500
16553.343750,0.750000
16554.062500,0.718750
16554.765625,0.703125
16555.453125,0.687500
16556.156250,0.703125
16593.281250,0.718750
16594.046875,0.765625
16594.750000,0.703125
16595.484375,0.734375
16596.203125,0.718750
16596.906250,0.703125
16597.687500,0.781250
16598.421875,0.734375
16599.140625,0.718750
16608.140625,0.750000
16608.921875,0.781250
16609.687500,0.765625
16610.484375,0.796875
16611.218750,0.734375
16612.015625,0.796875
16612.781250,0.765625
16613.500000,0.718750
16618.953125,0.828125
16619.750000,0.796875
16620.500000,0.750000
16621.265625,0.765625
16622.015625,0.750000
16622.781250,0.765625
16623.531250,0.750000
16624.296875,0.765625
16625.046875,0.750000
16625.781250,0.734375
16626.500000,0.718750
16627.281250,0.781250
16628.062500,0.781250
16628.859375,0.796875
16629.640625,0.781250
16630.421875,0.781250
16631.218750,0.796875
16631.984375,0.765625
16632.718750,0.734375
16633.453125,0.734375
16634.171875,0.718750
16634.875000,0.703125
16635.609375,0.734375
16636.390625,0.781250
16637.187500,0.796875
16637.968750,0.781250
16638.765625,0.796875
16639.546875,0.781250
16640.328125,0.781250
16641.109375,0.781250
16645.593750,0.781250
16646.359375,0.765625
16647.140625,0.781250
16647.890625,0.750000
16648.640625,0.750000
16649.390625,0.750000
16650.140625,0.750000
16650.906250,0.765625
16651.656250,0.750000
16652.390625,0.734375
16653.125000,0.734375
16653.890625,0.765625
16654.687500,0.796875
16655.484375,0.796875
16660.031250,0.718750
16660.781250,0.750000
16661.515625,0.734375
16662.281250,0.765625
16663.046875,0.765625
16663.828125,0.781250
16664.609375,0.781250
16670.843750,0.734375
16671.609375,0.765625
16672.406250,0.796875
16673.203125,0.796875
16674.000000,0.796875
16674.781250,0.781250
16675.531250,0.750000
16676.296875,0.765625
16677.062500,0.765625
16677.859375,0.796875
16678.656250,0.796875
16679.437500,0.781250
16680.203125,0.765625
16681.000000,0.796875
16681.828125,0.828125
16682.640625,0.812500
16683.453125,0.812500
16684.218750,0.765625
16684.968750,0.750000
16685.703125,0.734375
16686.468750,0.765625
16687.218750,0.750000
16688.000000,0.781250
16688.765625,0.765625
16689.546875,0.781250
16690.375000,0.828125
16691.187500,0.812500
16691.968750,0.781250
16692.734375,0.765625
16693.468750,0.734375
16694.218750,0.750000
16695.000000,0.781250
16695.781250,0.781250
16696.531250,0.750000
16697.296875,0.765625
16698.062500,0.765625
16698.843750,0.781250
16699.640625,0.796875
16700.421875,0.781250
16701.171875,0.750000
16701.875000,0.703125
16702.593750,0.718750
16703.328125,0.734375
16704.078125,0.750000
16704.828125,0.750000
16705.562500,0.734375
16706.296875,0.734375
16707.046875,0.750000
16707.843750,0.796875
16708.593750,0.750000
16709.312500,0.718750
16713.671875,0.750000
16714.406250,0.734375
16715.156250,0.750000
16715.953125,0.796875
16716.734375,0.781250
16717.531250,0.796875
16718.296875,0.765625
16719.062500,0.765625
16719.796875,0.734375
16720.562500,0.765625
16721.312500,0.750000
16722.093750,0.781250
16722.875000,0.781250
16723.640625,0.765625
16724.406250,0.765625
16725.156250,0.750000
16725.937500,0.781250
16726.718750,0.781250
16727.515625,0.796875
16728.312500,0.796875
16729.078125,0.765625
16729.843750,0.765625
16730.593750,0.750000
16731.328125,0.734375
16732.109375,0.781250
16732.859375,0.750000
16733.531250,0.671875
16734.187500,0.656250
16734.812500,0.625000
16735.468750,0.656250
16736.140625,0.671875
16736.828125,0.687500
16737.406250,0.578125
16738.187500,0.781250
16738.843750,0.656250
16739.484375,0.640625
16740.171875,0.687500
16740.906250,0.734375
16741.687500,0.781250
16742.390625,0.703125
16750.906250,0.765625
16751.625000,0.718750
16794.578125,0.765625
16798.046875,0.687500
16816.812500,0.750000
16817.578125,0.765625
16818.343750,0.765625
16832.125000,0.750000
16882.343750,0.578125
16911.171875,0.687500
16911.828125,0.656250
16912.531250,0.703125
16913.281250,0.750000
16914.031250,0.750000
16914.765625,0.734375
16915.500000,0.734375
16916.265625,0.765625
16917.031250,0.765625
16917.765625,0.734375
16918.500000,0.734375
16919.234375,0.734375
16919.968750,0.734375
16920.718750,0.750000
16921.484375,0.765625
16966.593750,0.843750
16993.687500,0.703125
17016.890625,0.734375
17017.609375,0.718750
17018.359375,0.750000
17046.562500,0.750000
17047.343750,0.781250
17048.140625,0.796875
17048.828125,0.687500
17071.265625,0.687500
17093.062500,0.796875
17093.843750,0.781250
17094.765625,0.921875
17110.390625,0.687500
17111.093750,0.703125
17125.453125,0.718750
17126.187500,0.734375
17126.937500,0.750000
17127.687500,0.750000
17128.421875,0.734375
17129.093750,0.671875
17129.828125,0.734375
17130.562500,0.734375
17131.328125,0.765625
17351.859375,0.765625
17352.531250,0.671875
17353.312500,0.781250
17354.093750,0.781250
17373.140625,0.843750
17373.859375,0.718750
17388.578125,0.687500
17389.328125,0.750000
17390.265625,0.937500
17393.890625,0.718750
17394.687500,0.796875
17395.500000,0.812500
17396.265625,0.765625
17397.015625,0.750000
17397.781250,0.765625
17398.546875,0.765625
17399.375000,0.828125
17400.203125,0.828125
17400.953125,0.750000
17401.734375,0.781250
17402.453125,0.718750
17403.156250,0.703125
17403.906250,0.750000
17428.390625,0.718750
17429.093750,0.703125
17429.796875,0.703125
17430.515625,0.718750
17431.234375,0.718750
17431.921875,0.687500
17451.093750,0.750000
17451.796875,0.703125
17471.234375,0.687500
17471.953125,0.718750
17472.640625,0.687500
17473.343750,0.703125
17474.031250,0.687500
17474.765625,0.734375
17475.546875,0.781250
17476.359375,0.812500
17477.156250,0.796875
17486.531250,0.812500
17487.343750,0.812500
17488.093750,0.750000
17488.828125,0.734375
17489.515625,0.687500
17490.187500,0.671875
17490.921875,0.734375
17491.671875,0.750000
17492.437500,0.765625
17523.625000,0.765625
17532.500000,0.718750
17533.296875,0.796875
17534.015625,0.718750
17534.734375,0.718750
17603.046875,0.765625
17603.906250,0.859375
17604.656250,0.750000
17620.046875,0.687500
17636.625000,0.781250
17637.453125,0.828125
17653.000000,0.687500
17653.718750,0.718750
17654.437500,0.718750
17655.203125,0.765625
17662.328125,0.734375
17670.781250,0.703125
17671.515625,0.734375
17672.203125,0.687500
17672.921875,0.718750
17680.890625,0.734375
17681.656250,0.765625
17682.406250,0.750000
17683.140625,0.734375
17683.843750,0.703125
17684.546875,0.703125
17685.250000,0.703125
17685.953125,0.703125
17686.687500,0.734375
17687.390625,0.703125
17688.187500,0.796875
17688.953125,0.765625
17689.734375,0.781250
17690.468750,0.734375
17691.218750,0.750000
17691.953125,0.734375
17692.718750,0.765625
17693.468750,0.750000
17694.203125,0.734375
17694.921875,0.718750
17702.015625,0.687500
17702.687500,0.671875
17703.375000,0.687500
17704.093750,0.718750
17722.281250,0.781250
17723.046875,0.765625
17723.796875,0.750000
17724.562500,0.765625
17725.296875,0.734375
17726.000000,0.703125
17726.687500,0.687500
17727.343750,0.656250
17728.015625,0.671875
17728.750000,0.734375
17729.578125,0.828125
17730.406250,0.828125
17731.250000,0.843750
17732.078125,0.828125
17732.890625,0.812500
17733.703125,0.812500
17734.468750,0.765625
17735.218750,0.750000
17735.921875,0.703125
17736.625000,0.703125
17737.328125,0.703125
17738.062500,0.734375
17738.875000,0.812500
17739.671875,0.796875
17740.468750,0.796875
17741.265625,0.796875
17742.250000,0.984375
17743.046875,0.796875
17743.796875,0.750000
17744.500000,0.703125
17745.187500,0.687500
17745.875000,0.687500
17746.609375,0.734375
17747.437500,0.828125
17748.218750,0.781250
17749.000000,0.781250
17770.921875,0.796875
17771.656250,0.734375
17772.406250,0.750000
17773.171875,0.765625
17773.937500,0.765625
17774.687500,0.750000
17775.437500,0.750000
17776.156250,0.718750
17776.890625,0.734375
17777.640625,0.750000
17778.453125,0.812500
17779.250000,0.796875
17780.015625,0.765625
17780.765625,0.750000
17781.468750,0.703125
17782.234375,0.765625
17782.968750,0.734375
17783.734375,0.765625
17784.500000,0.765625
17785.234375,0.734375
17785.953125,0.718750
17786.703125,0.750000
17787.468750,0.765625
17788.265625,0.796875
17789.015625,0.750000
17789.765625,0.750000
17790.484375,0.718750
17791.203125,0.718750
17791.921875,0.718750
17792.718750,0.796875
17793.421875,0.703125
17794.109375,0.687500
17794.812500,0.703125
17795.562500,0.750000
17796.343750,0.781250
17797.156250,0.812500
17797.890625,0.734375
17798.578125,0.687500
17799.281250,0.703125
17799.984375,0.703125
17800.703125,0.718750
17801.484375,0.781250
17802.375000,0.890625
17803.093750,0.718750
17803.828125,0.734375
17804.593750,0.765625
17805.406250,0.812500
17949.078125,0.734375
17949.843750,0.765625
17992.218750,0.718750
17992.921875,0.703125
17993.593750,0.671875
17994.265625,0.671875
17994.890625,0.625000
17995.546875,0.656250
17996.250000,0.703125
17997.046875,0.796875
17997.843750,0.796875
17998.609375,0.765625
17999.390625,0.781250
18000.156250,0.765625
18000.953125,0.796875
18008.578125,0.781250
18013.734375,0.687500
18032.796875,0.703125
18033.546875,0.750000
18034.343750,0.796875
18035.156250,0.812500
18035.906250,0.750000
18036.671875,0.765625
18047.171875,0.796875
18056.390625,0.765625
18057.125000,0.734375
18057.875000,0.750000
18058.609375,0.734375
18059.296875,0.687500
18059.984375,0.687500
18060.671875,0.687500
18072.984375,0.765625
18079.078125,0.812500
18079.890625,0.812500
18080.703125,0.812500
18091.046875,0.828125
18091.875000,0.828125
18092.656250,0.781250
18101.625000,0.734375
18102.359375,0.734375
18117.828125,0.796875
18118.609375,0.781250
18119.375000,0.765625
18120.109375,0.734375
18120.875000,0.765625
18121.593750,0.718750
18122.328125,0.734375
18123.078125,0.750000
18123.875000,0.796875
18124.671875,0.796875
18125.421875,0.750000
18126.187500,0.765625
18126.968750,0.781250
18127.750000,0.781250
18128.515625,0.765625
18129.265625,0.750000
18130.000000,0.734375
18130.765625,0.765625
18131.515625,0.750000
18132.265625,0.750000
18133.031250,0.765625
18137.593750,0.734375
18138.328125,0.734375
18160.250000,0.640625
18160.875000,0.625000
18161.515625,0.640625
18162.171875,0.656250
18162.906250,0.734375
18184.281250,0.750000
18184.968750,0.687500
18208.031250,0.687500
18225.750000,0.828125
18226.515625,0.765625
18227.312500,0.796875
18228.062500,0.750000
18228.859375,0.796875
18229.640625,0.781250
18230.421875,0.781250
18231.171875,0.750000
18231.953125,0.781250
18232.781250,0.828125
18233.562500,0.781250
18234.312500,0.750000
18235.078125,0.765625
18235.828125,0.750000
18236.421875,0.593750
18239.468750,0.671875
18240.140625,0.671875
18240.843750,0.703125
18241.578125,0.734375
18242.359375,0.781250
18243.187500,0.828125
18244.015625,0.828125
18244.812500,0.796875
18245.609375,0.796875
18246.406250,0.796875
18247.203125,0.796875
18248.000000,0.796875
18248.796875,0.796875
18249.593750,0.796875
18250.359375,0.765625
18251.125000,0.765625
18251.921875,0.796875
18252.765625,0.843750
18253.578125,0.812500
18254.343750,0.765625
18255.093750,0.750000
18255.859375,0.765625
18256.593750,0.734375
18257.343750,0.750000
18258.093750,0.750000
18258.812500,0.718750
18259.578125,0.765625
18260.375000,0.796875
18261.187500,0.812500
18262.000000,0.812500
18262.750000,0.750000
18263.484375,0.734375
18264.218750,0.734375
18264.968750,0.750000
18265.750000,0.781250
18266.562500,0.812500
18267.312500,0.750000
18268.062500,0.750000
18268.796875,0.734375
18269.562500,0.765625
18270.359375,0.796875
18271.125000,0.765625
18271.921875,0.796875
18272.671875,0.750000
18273.453125,0.781250
18274.234375,0.781250
18275.015625,0.781250
18275.796875,0.781250
18276.562500,0.765625
18277.343750,0.781250
18278.093750,0.750000
18278.859375,0.765625
18279.656250,0.796875
18280.453125,0.796875
18281.265625,0.812500
18282.046875,0.781250
18283.000000,0.953125
18283.765625,0.765625
18284.546875,0.781250
18285.343750,0.796875
18286.125000,0.781250
18286.890625,0.765625
18287.625000,0.734375
18288.375000,0.750000
18289.125000,0.750000
18289.906250,0.781250
18290.718750,0.812500
18291.468750,0.750000
18292.218750,0.750000
18302.687500,0.734375
18303.437500,0.750000
18304.140625,0.703125
18304.859375,0.718750
18305.578125,0.718750
18309.140625,0.796875
18309.921875,0.781250
18310.687500,0.765625
18311.437500,0.750000
18312.187500,0.750000
18312.953125,0.765625
18313.718750,0.765625
18314.484375,0.765625
18315.218750,0.734375
18315.937500,0.718750
18316.625000,0.687500
18317.390625,0.765625
18334.437500,0.765625
18335.187500,0.750000
18335.968750,0.781250
18336.750000,0.781250
18337.531250,0.781250
18338.312500,0.781250
18339.078125,0.765625
18339.875000,0.796875
18340.687500,0.812500
18352.984375,0.750000
18353.750000,0.765625
18354.546875,0.796875
18355.328125,0.781250
18356.078125,0.750000
18356.828125,0.750000
18357.609375,0.781250
18358.406250,0.796875
18359.218750,0.812500
18360.031250,0.812500
18360.812500,0.781250
18361.609375,0.796875
18362.406250,0.796875
18363.187500,0.781250
18363.953125,0.765625
18364.718750,0.765625
18365.468750,0.750000
18366.281250,0.812500
18367.031250,0.750000
18367.796875,0.765625
18368.515625,0.718750
18369.250000,0.734375
18369.953125,0.703125
18370.687500,0.734375
18371.453125,0.765625
18372.187500,0.734375
18372.937500,0.750000
18373.671875,0.734375
18374.421875,0.750000
18375.156250,0.734375
18375.906250,0.750000
18376.625000,0.718750
18377.343750,0.718750
18381.500000,0.687500
18389.984375,0.718750
18399.468750,0.812500
18400.281250,0.812500
18401.093750,0.812500
18401.890625,0.796875
18402.656250,0.765625
18403.437500,0.781250
18404.234375,0.796875
18405.062500,0.828125
18405.890625,0.828125
18406.765625,0.875000
18407.546875,0.781250
18435.187500,0.718750
18442.500000,0.828125
18443.359375,0.859375
18444.187500,0.828125
18448.781250,0.750000
18449.578125,0.796875
18450.375000,0.796875
18451.171875,0.796875
18451.937500,0.765625
18468.968750,0.781250
18469.781250,0.812500
18470.609375,0.828125
18471.421875,0.812500
18472.218750,0.796875
18473.015625,0.796875
18473.859375,0.843750
18474.703125,0.843750
18475.593750,0.890625
18476.390625,0.796875
18477.187500,0.796875
18477.859375,0.671875
18495.421875,0.750000
18496.171875,0.750000
18496.921875,0.750000
18497.687500,0.765625
18498.437500,0.750000
18499.187500,0.750000
18499.968750,0.781250
18500.765625,0.796875
18501.578125,0.812500
18502.359375,0.781250
18503.156250,0.796875
18503.953125,0.796875
18504.734375,0.781250
18505.500000,0.765625
18506.234375,0.734375
18506.906250,0.671875
18507.562500,0.656250
18508.234375,0.671875
18508.953125,0.718750
18509.843750,0.890625
18510.703125,0.859375
18511.593750,0.890625
18512.468750,0.875000
18513.312500,0.843750
18514.187500,0.875000
18520.406250,0.828125
18521.218750,0.812500
18521.984375,0.765625
18522.734375,0.750000
18523.437500,0.703125
18524.328125,0.890625
18525.078125,0.750000
18525.796875,0.718750
18526.484375,0.687500
18527.296875,0.812500
18528.078125,0.781250
18528.843750,0.765625
18529.640625,0.796875
18530.375000,0.734375
18531.093750,0.718750
18570.296875,0.734375
18571.000000,0.703125
18571.687500,0.687500
18572.390625,0.703125
18573.093750,0.703125
18573.875000,0.781250
18574.671875,0.796875
18575.421875,0.750000
18576.203125,0.781250
18577.015625,0.812500
18577.828125,0.812500
18578.625000,0.796875
18579.375000,0.750000
18580.125000,0.750000
18580.859375,0.734375
18581.593750,0.734375
18582.312500,0.718750
18583.015625,0.703125
18583.734375,0.718750
18584.484375,0.750000
18585.281250,0.796875
18586.093750,0.812500
18586.843750,0.750000
18587.578125,0.734375
18588.312500,0.734375
18589.046875,0.734375
18589.765625,0.718750
18590.500000,0.734375
18591.218750,0.718750
18591.953125,0.734375
18592.718750,0.765625
18593.515625,0.796875
18594.296875,0.781250
18595.046875,0.750000
18595.812500,0.765625
18596.593750,0.781250
18597.390625,0.796875
18598.187500,0.796875
18598.937500,0.750000
18599.687500,0.750000
18600.484375,0.796875
18601.234375,0.750000
18602.000000,0.765625
18602.750000,0.750000
18603.468750,0.718750
18604.265625,0.796875
18605.062500,0.796875
18605.843750,0.781250
18606.578125,0.734375
18607.328125,0.750000
18608.093750,0.765625
18608.875000,0.781250
18609.593750,0.718750
18610.296875,0.703125
18611.000000,0.703125
18611.781250,0.781250
18612.500000,0.718750
18613.281250,0.781250
18614.062500,0.781250
18614.796875,0.734375
18615.546875,0.750000
18616.312500,0.765625
18617.031250,0.718750
18632.687500,0.937500
18640.593750,0.718750
18641.453125,0.859375
18667.890625,0.718750
18668.671875,0.781250
18669.453125,0.781250
18670.234375,0.781250
18671.031250,0.796875
18671.750000,0.718750
18672.468750,0.718750
18673.203125,0.734375
18673.921875,0.718750
18674.640625,0.718750
18675.343750,0.703125
18676.046875,0.703125
18676.781250,0.734375
18677.531250,0.750000
18678.265625,0.734375
18679.015625,0.750000
18679.718750,0.703125
18680.421875,0.703125
18684.750000,0.687500
18694.343750,0.812500
18695.093750,0.750000
18695.734375,0.640625
18708.078125,0.750000
18708.812500,0.734375
18709.546875,0.734375
18710.359375,0.812500
18711.093750,0.734375
18711.890625,0.796875
18715.359375,0.703125
18716.078125,0.718750
18716.765625,0.687500
18717.500000,0.734375
18718.265625,0.765625
18719.000000,0.734375
18719.734375,0.734375
18720.437500,0.703125
18721.125000,0.687500
18721.812500,0.687500
18722.531250,0.718750
18723.234375,0.703125
18723.937500,0.703125
18724.593750,0.656250
18725.312500,0.718750
18729.656250,0.750000
18730.453125,0.796875
18731.171875,0.718750
18731.921875,0.750000
18732.671875,0.750000
18733.375000,0.703125
18734.125000,0.750000
18734.859375,0.734375
18735.578125,0.718750
18736.296875,0.718750
18746.843750,0.734375
18747.593750,0.750000
18748.375000,0.781250
18749.171875,0.796875
18749.953125,0.781250
18750.703125,0.750000
18751.421875,0.718750
18752.312500,0.890625
18763.687500,0.718750
18764.437500,0.750000
18765.203125,0.765625
18765.968750,0.765625
18766.718750,0.750000
18783.609375,0.703125
18784.328125,0.718750
18785.046875,0.718750
18785.765625,0.718750
18786.484375,0.718750
18787.187500,0.703125
18787.953125,0.765625
18792.562500,0.781250
18793.328125,0.765625
18794.031250,0.703125
18794.765625,0.734375
18795.484375,0.718750
18796.265625,0.781250
18797.015625,0.750000
18797.765625,0.750000
18809.984375,0.765625
18810.718750,0.734375
18825.531250,0.734375
18826.250000,0.718750
18826.953125,0.703125
18827.625000,0.671875
18828.343750,0.718750
18840.218750,0.593750
18840.828125,0.609375
18841.421875,0.593750
18844.375000,0.593750
18844.984375,0.609375
18845.578125,0.593750
18846.187500,0.609375
18846.859375,0.671875
18847.609375,0.750000
18860.031250,0.765625
18860.812500,0.781250
18861.593750,0.781250
18862.390625,0.796875
18863.140625,0.750000
18863.875000,0.734375
18864.625000,0.750000
18865.375000,0.750000
18866.140625,0.765625
18866.890625,0.750000
18867.640625,0.750000
18868.390625,0.750000
18869.140625,0.750000
18869.875000,0.734375
18870.562500,0.687500
18871.234375,0.671875
18871.921875,0.687500
18872.609375,0.687500
18873.296875,0.687500
18874.031250,0.734375
18874.781250,0.750000
18875.515625,0.734375
18876.234375,0.718750
18876.937500,0.703125
18877.640625,0.703125
18878.328125,0.687500
18879.000000,0.671875
18879.687500,0.687500
18880.375000,0.687500
18881.093750,0.718750
18881.828125,0.734375
18882.578125,0.750000
18883.296875,0.718750
18884.062500,0.765625
18884.828125,0.765625
18885.578125,0.750000
18886.296875,0.718750
18887.000000,0.703125
18887.734375,0.734375
18888.468750,0.734375
18889.187500,0.718750
18889.890625,0.703125
18890.609375,0.718750
18891.343750,0.734375
18892.109375,0.765625
18892.875000,0.765625
18893.609375,0.734375
18894.343750,0.734375
18895.093750,0.750000
18895.843750,0.750000
18896.593750,0.750000
18897.328125,0.734375
18898.062500,0.734375
18898.796875,0.734375
18899.578125,0.781250
18900.375000,0.796875
18901.187500,0.812500
18902.000000,0.812500
18902.796875,0.796875
18903.562500,0.765625
18904.375000,0.812500
18905.171875,0.796875
18905.968750,0.796875
18906.765625,0.796875
18907.562500,0.796875
18908.343750,0.781250
18909.125000,0.781250
18909.890625,0.765625
18910.671875,0.781250
18932.203125,0.640625
18932.843750,0.640625
18933.500000,0.656250
18934.156250,0.656250
18934.812500,0.656250
18935.484375,0.671875
18936.140625,0.656250
18936.843750,0.703125
18937.546875,0.703125
18938.250000,0.703125
18939.015625,0.765625
18939.812500,0.796875
18940.671875,0.859375
18941.500000,0.828125
18942.328125,0.828125
18943.093750,0.765625
18943.875000,0.781250
18944.687500,0.812500
18945.500000,0.812500
18946.296875,0.796875
18947.031250,0.734375
18947.796875,0.765625
18948.593750,0.796875
18949.390625,0.796875
18950.156250,0.765625
18950.906250,0.750000
18951.687500,0.781250
18952.515625,0.828125
18953.359375,0.843750
18954.156250,0.796875
18954.921875,0.765625
18955.687500,0.765625
18956.500000,0.812500
18957.312500,0.812500
18958.125000,0.812500
18958.906250,0.781250
18959.718750,0.812500
18960.593750,0.875000
18961.453125,0.859375
18962.265625,0.812500
18963.046875,0.781250
18963.828125,0.781250
18964.640625,0.812500
18976.453125,0.812500
18977.281250,0.828125
18978.078125,0.796875
18978.906250,0.828125
18979.718750,0.812500
18980.531250,0.812500
18981.312500,0.781250
18982.109375,0.796875
18982.921875,0.812500
18983.750000,0.828125
18984.578125,0.828125
18985.406250,0.828125
18986.218750,0.812500
18987.031250,0.812500
18987.875000,0.843750
18988.609375,0.734375
18989.328125,0.718750
18990.031250,0.703125
18990.765625,0.734375
18991.578125,0.812500
18992.359375,0.781250
18993.156250,0.796875
18993.906250,0.750000
18994.687500,0.781250
18995.468750,0.781250
18996.234375,0.765625
18996.968750,0.734375
18997.703125,0.734375
18998.468750,0.765625
18999.265625,0.796875
19000.031250,0.765625
19000.765625,0.734375
19001.515625,0.750000
19002.296875,0.781250
19003.062500,0.765625
19003.859375,0.796875
19004.765625,0.906250
19005.531250,0.765625
19009.937500,0.750000
19010.734375,0.796875
19011.484375,0.750000
19012.203125,0.718750
19012.906250,0.703125
19013.625000,0.718750
19036.578125,0.765625
19037.312500,0.734375
19038.062500,0.750000
19038.812500,0.750000
19039.546875,0.734375
19040.281250,0.734375
19041.093750,0.812500
19041.906250,0.812500
19042.734375,0.828125
19043.546875,0.812500
19060.906250,0.812500
19061.734375,0.828125
19062.562500,0.828125
19063.375000,0.812500
19064.156250,0.781250
19064.953125,0.796875
19065.734375,0.781250
19066.468750,0.734375
19067.218750,0.750000
19067.968750,0.750000
19068.781250,0.812500
19069.625000,0.843750
19070.437500,0.812500
19071.250000,0.812500
19072.078125,0.828125
19072.890625,0.812500
19073.703125,0.812500
19094.625000,0.796875
19095.421875,0.796875
19096.250000,0.828125
19097.093750,0.843750
19097.859375,0.765625
19098.656250,0.796875
19139.687500,0.765625
19140.484375,0.796875
19141.250000,0.765625
19150.015625,0.812500
19150.812500,0.796875
19151.609375,0.796875
19152.437500,0.828125
19153.234375,0.796875
19154.015625,0.781250
19154.812500,0.796875
19155.656250,0.843750
19156.500000,0.843750
19157.343750,0.843750
19158.171875,0.828125
19158.984375,0.812500
19159.812500,0.828125
19160.562500,0.750000
19161.328125,0.765625
19162.093750,0.765625
19162.890625,0.796875
19163.718750,0.828125
19164.531250,0.812500
19165.359375,0.828125
19166.187500,0.828125
19167.062500,0.875000
19167.890625,0.828125
19168.671875,0.781250
19169.484375,0.812500
19174.281250,0.843750
19175.109375,0.828125
19175.890625,0.781250
19182.000000,0.765625
19182.796875,0.796875
19189.109375,0.781250
19189.921875,0.812500
19190.750000,0.828125
19191.578125,0.828125
19192.375000,0.796875
19193.171875,0.796875
19193.937500,0.765625
19194.703125,0.765625
19195.484375,0.781250
19196.250000,0.765625
19197.031250,0.781250
19197.796875,0.765625
19198.609375,0.812500
19199.421875,0.812500
19200.234375,0.812500
19201.031250,0.796875
19201.812500,0.781250
19202.562500,0.750000
19203.312500,0.750000
19204.031250,0.718750
19204.734375,0.703125
19205.437500,0.703125
19206.140625,0.703125
19206.875000,0.734375
19212.093750,0.812500
19212.875000,0.781250
19213.640625,0.765625
19214.359375,0.718750
19215.078125,0.718750
19215.796875,0.718750
19216.562500,0.765625
19217.296875,0.734375
19218.046875,0.750000
19218.843750,0.796875
19219.656250,0.812500
19220.468750,0.812500
19221.234375,0.765625
19221.984375,0.750000
19222.734375,0.750000
19227.046875,0.734375
19227.796875,0.750000
19228.500000,0.703125
19229.250000,0.750000
19230.000000,0.750000
19230.750000,0.750000
19231.484375,0.734375
19232.203125,0.718750
19232.953125,0.750000
19233.671875,0.718750
19234.406250,0.734375
19235.171875,0.765625
19235.921875,0.750000
19236.656250,0.734375
19237.390625,0.734375
19238.140625,0.750000
19238.875000,0.734375
19239.609375,0.734375
19240.343750,0.734375
19241.078125,0.734375
19241.859375,0.781250
19242.687500,0.828125
19243.515625,0.828125
19254.093750,0.765625
19254.828125,0.734375
19255.562500,0.734375
19256.312500,0.750000
19257.078125,0.765625
19257.875000,0.796875
19258.656250,0.781250
19259.437500,0.781250
19260.203125,0.765625
19261.015625,0.812500
19261.796875,0.781250
19262.562500,0.765625
19263.312500,0.750000
19264.078125,0.765625
19264.843750,0.765625
19265.640625,0.796875
19266.406250,0.765625
19267.171875,0.765625
19267.921875,0.750000
19268.703125,0.781250
19269.468750,0.765625
19270.203125,0.734375
19290.734375,0.750000
19291.484375,0.750000
19292.234375,0.750000
19292.984375,0.750000
19293.734375,0.750000
19294.468750,0.734375
19295.203125,0.734375
19295.953125,0.750000
19296.750000,0.796875
19297.515625,0.765625
19298.265625,0.750000
19298.984375,0.718750
19299.718750,0.734375
19300.437500,0.718750
19301.171875,0.734375
19301.890625,0.718750
19302.625000,0.734375
19303.390625,0.765625
19304.171875,0.781250
19304.937500,0.765625
19305.828125,0.890625
19306.546875,0.718750
19307.265625,0.718750
19307.984375,0.718750
19308.718750,0.734375
19309.453125,0.734375
19310.171875,0.718750
19310.937500,0.765625
19311.703125,0.765625
19312.484375,0.781250
19313.234375,0.750000
19313.984375,0.750000
19321.687500,0.750000
19322.437500,0.750000
19323.156250,0.718750
19323.875000,0.718750
19324.562500,0.687500
19325.250000,0.687500
19325.937500,0.687500
19326.656250,0.718750
19327.375000,0.718750
19328.109375,0.734375
19328.828125,0.718750
19329.546875,0.718750
19330.265625,0.718750
19331.000000,0.734375
19331.718750,0.718750
19332.437500,0.718750
19333.156250,0.718750
19333.875000,0.718750
19334.593750,0.718750
19335.312500,0.718750
19341.281250,0.750000
19342.015625,0.734375
19342.734375,0.718750
19347.000000,0.718750
19347.734375,0.734375
19348.453125,0.718750
19349.187500,0.734375
19349.906250,0.718750
19350.656250,0.750000
19351.406250,0.750000
19352.156250,0.750000
19352.921875,0.765625
19353.671875,0.750000
19354.390625,0.718750
19355.140625,0.750000
19355.875000,0.734375
19364.125000,0.718750
19364.843750,0.718750
19365.578125,0.734375
19366.359375,0.781250
19367.125000,0.765625
19367.875000,0.750000
19368.593750,0.718750
19369.312500,0.718750
19370.046875,0.734375
19370.796875,0.750000
19371.546875,0.750000
19372.281250,0.734375
19373.000000,0.718750
19377.609375,0.765625
19378.343750,0.734375
19379.031250,0.687500
19379.703125,0.671875
19380.406250,0.703125
19381.078125,0.671875
19381.781250,0.703125
19382.531250,0.750000
19383.281250,0.750000
19384.046875,0.765625
19384.765625,0.718750
19385.468750,0.703125
19386.171875,0.703125
19386.921875,0.750000
19387.671875,0.750000
19388.406250,0.734375
19389.140625,0.734375
19389.921875,0.781250
19390.671875,0.750000
19391.375000,0.703125
19392.078125,0.703125
19397.250000,0.796875
19398.046875,0.796875
19398.812500,0.765625
19404.640625,0.796875
19405.421875,0.781250
19406.187500,0.765625
19406.953125,0.765625
19407.718750,0.765625
19408.453125,0.734375
19409.171875,0.718750
19409.859375,0.687500
19410.578125,0.718750
19411.296875,0.718750
19412.062500,0.765625
19412.828125,0.765625
19413.578125,0.750000
19414.359375,0.781250
19415.171875,0.812500
19415.953125,0.781250
19416.703125,0.750000
19417.421875,0.718750
19418.140625,0.718750
19418.843750,0.703125
19419.562500,0.718750
19420.281250,0.718750
19421.015625,0.734375
19421.750000,0.734375
19422.531250,0.781250
19423.281250,0.750000
19424.031250,0.750000
19424.781250,0.750000
19425.750000,0.968750
19426.515625,0.765625
19427.281250,0.765625
19428.015625,0.734375
19428.750000,0.734375
19429.468750,0.718750
19430.187500,0.718750
19430.906250,0.718750
19431.625000,0.718750
19432.375000,0.750000
19433.140625,0.765625
19433.937500,0.796875
19434.703125,0.765625
19435.437500,0.734375
19436.140625,0.703125
19436.812500,0.671875
19437.500000,0.687500
19438.203125,0.703125
19438.890625,0.687500
19439.593750,0.703125
19440.328125,0.734375
19441.078125,0.750000
19441.843750,0.765625
19442.593750,0.750000
19443.312500,0.718750
19444.062500,0.750000
19444.796875,0.734375
19445.531250,0.734375
19446.218750,0.687500
19446.890625,0.671875
19447.578125,0.687500
19448.343750,0.765625
19449.156250,0.812500
19449.921875,0.765625
19450.703125,0.781250
19451.484375,0.781250
19452.296875,0.812500
19453.093750,0.796875
19453.875000,0.781250
19454.625000,0.750000
19455.359375,0.734375
19456.078125,0.718750
19456.781250,0.703125
19457.468750,0.687500
19458.171875,0.703125
19458.890625,0.718750
19459.687500,0.796875
19460.484375,0.796875
19461.265625,0.781250
19462.015625,0.750000
19462.781250,0.765625
19463.546875,0.765625
19464.281250,0.734375
19465.015625,0.734375
19465.781250,0.765625
19466.531250,0.750000
19467.296875,0.765625
19474.812500,0.750000
19475.531250,0.718750
19476.281250,0.750000
19477.062500,0.781250
19477.828125,0.765625
19478.562500,0.734375
19479.281250,0.718750
19480.015625,0.734375
19480.734375,0.718750
19481.437500,0.703125
19482.140625,0.703125
19482.843750,0.703125
19496.656250,0.703125
19497.359375,0.703125
19498.093750,0.734375
19498.812500,0.718750
19499.578125,0.765625
19500.359375,0.781250
19507.640625,0.750000
19508.484375,0.843750
19509.250000,0.765625
19513.093750,0.765625
19513.843750,0.750000
19514.546875,0.703125
19515.281250,0.734375
19516.062500,0.781250
19516.859375,0.796875
19517.640625,0.781250
19518.437500,0.796875
19519.187500,0.750000
19523.843750,0.781250
19524.625000,0.781250
19525.406250,0.781250
19526.187500,0.781250
19554.109375,0.734375
19607.812499,0.734375
19608.546874,0.734375
19609.281249,0.734375
19609.984374,0.703125
19610.687499,0.703125
19611.390624,0.703125
19620.515624,0.718750
19621.203124,0.687500
19621.937499,0.734375
19622.687499,0.750000
19623.468749,0.781250
19628.109374,0.750000
19628.874999,0.765625
19629.640624,0.765625
19630.406249,0.765625
19631.171874,0.765625
19631.953124,0.781250
19632.718749,0.765625
19633.484374,0.765625
19637.281249,0.765625
19638.046874,0.765625
19638.781249,0.734375
19639.515624,0.734375
19640.265624,0.750000
19641.015624,0.750000
19641.765624,0.750000
19642.531249,0.765625
19643.296874,0.765625
19644.109374,0.812500
19644.906249,0.796875
19645.656249,0.750000
19646.390624,0.734375
19647.109374,0.718750
19647.828124,0.718750
19648.562499,0.734375
19649.265624,0.703125
19649.984374,0.718750
19650.749999,0.765625
19651.531249,0.781250
19652.328124,0.796875
19653.109374,0.781250
19653.890624,0.781250
19654.640624,0.750000
19655.390624,0.750000
19656.156249,0.765625
19656.921874,0.765625
19660.624999,0.750000
19661.359374,0.734375
19662.093749,0.734375
19662.843749,0.750000
19663.593749,0.750000
19664.328124,0.734375
19665.062499,0.734375
19670.078124,0.718750
19670.765624,0.687500
19671.484374,0.718750
19672.203124,0.718750
19672.890624,0.687500
19673.593749,0.703125
19674.328124,0.734375
19675.078124,0.750000
19675.796874,0.718750
19676.484374,0.687500
19681.453124,0.687500
19682.109374,0.656250
19682.781249,0.671875
19683.453124,0.671875
19684.140624,0.687500
19684.796874,0.656250
19685.468749,0.671875
19686.171874,0.703125
19686.874999,0.703125
19687.578124,0.703125
19688.296874,0.718750
19688.968749,0.671875
19689.656249,0.687500
19690.328124,0.671875
19691.031249,0.703125
19691.718749,0.687500
19692.437499,0.718750
19693.156249,0.718750
19693.874999,0.718750
19694.593749,0.718750
19695.281249,0.687500
19695.968749,0.687500
19696.640624,0.671875
19697.343749,0.703125
19698.093749,0.750000
19698.859374,0.765625
19699.609374,0.750000
19700.343749,0.734375
19701.078124,0.734375
19701.828124,0.750000
19702.578124,0.750000
19703.281249,0.703125
19703.968749,0.687500
19704.640624,0.671875
19705.328124,0.687500
19706.015624,0.687500
19706.687499,0.671875
19707.374999,0.687500
19708.046874,0.671875
19708.718749,0.671875
19709.437499,0.718750
19710.171874,0.734375
19710.921874,0.750000
19711.671874,0.750000
19712.406249,0.734375
19713.171874,0.765625
19713.937499,0.765625
19714.671874,0.734375
19715.374999,0.703125
19716.062499,0.687500
19716.749999,0.687500
19717.484374,0.734375
19728.078124,0.640625
19728.703124,0.625000
19729.328124,0.625000
19729.937499,0.609375
19730.546874,0.609375
19731.171874,0.625000
19737.937499,0.718750
19738.609374,0.671875
19739.296874,0.687500
19739.953124,0.656250
19740.609374,0.656250
19741.265624,0.656250
19741.937499,0.671875
19742.609374,0.671875
19743.312499,0.703125
19744.062499,0.750000
19744.796874,0.734375
19745.515624,0.718750
19746.265624,0.750000
19746.937499,0.671875
19747.609374,0.671875
19748.296874,0.687500
19748.953124,0.656250
19749.640624,0.687500
19750.296874,0.656250
19750.984374,0.687500
19751.734374,0.750000
19752.484374,0.750000
19753.234374,0.750000
19753.953124,0.718750
19754.609374,0.656250
19765.515624,0.640625
19766.156249,0.640625
19766.812499,0.656250
19767.515624,0.703125
19768.203124,0.687500
19768.906249,0.703125
19769.562499,0.656250
19770.218749,0.656250
19770.906249,0.687500
19771.562499,0.656250
19772.203124,0.640625
19772.812499,0.609375
19773.421874,0.609375
19774.046874,0.625000
19774.671874,0.625000
19775.328124,0.656250
19776.062499,0.734375
19776.781249,0.718750
19777.499999,0.718750
19778.234374,0.734375
19778.984374,0.750000
19783.109374,0.703125
19783.796874,0.687500
19784.499999,0.703125
19785.203124,0.703125
19785.921874,0.718750
19786.671874,0.750000
19787.437499,0.765625
19788.187499,0.750000
19788.937499,0.750000
19789.687499,0.750000
19790.437499,0.750000
19791.140624,0.703125
19791.812499,0.671875
19792.499999,0.687500
19793.234374,0.734375
19793.984374,0.750000
19794.734374,0.750000
19795.421874,0.687500
19800.249999,0.656250
19800.921874,0.671875
19801.562499,0.640625
19802.203124,0.640625
19802.843749,0.640625
19803.484374,0.640625
19804.124999,0.640625
19804.765624,0.640625
19805.437499,0.671875
19806.109374,0.671875
19806.749999,0.640625
19807.406249,0.656250
19808.015624,0.609375
19808.671874,0.656250
19809.296874,0.625000
19809.812499,0.515625
19813.359374,0.734375
19814.062499,0.703125
19814.749999,0.687500
19815.421874,0.671875
19816.078124,0.656250
19816.734374,0.656250
19817.406249,0.671875
19818.093749,0.687500
19818.749999,0.656250
19819.421874,0.671875
19820.109374,0.687500
19820.828124,0.718750
19821.531249,0.703125
19822.234374,0.703125
19822.937499,0.703125
19823.609374,0.671875
19824.296874,0.687500
19824.984374,0.687500
19833.624999,0.750000
19834.343749,0.718750
19835.062499,0.718750
19835.749999,0.687500
19836.484374,0.734375
19837.187499,0.703125
19837.890624,0.703125
19838.593749,0.703125
19839.265624,0.671875
19839.953124,0.687500
19840.656249,0.703125
19841.406249,0.750000
19842.203124,0.796875
19842.968749,0.765625
19865.921874,0.625000
19866.546874,0.625000
19867.187499,0.640625
19867.812499,0.625000
19868.453124,0.640625
19869.140624,0.687500
19869.796874,0.656250
19870.468749,0.671875
19871.109374,0.640625
19871.765624,0.656250
19872.468749,0.703125
19880.624999,0.656250
19881.312499,0.687500
19882.078124,0.765625
19882.843749,0.765625
19891.828124,0.812500
19892.593749,0.765625
19893.343749,0.750000
19894.234374,0.890625
19917.249999,0.781250
19918.062499,0.812500
19918.859374,0.796875
19945.328124,0.734375
19946.046874,0.718750
19946.796874,0.750000
19951.765624,0.656250
19952.499999,0.734375
19953.265624,0.765625
19954.015624,0.750000
19954.781249,0.765625
19955.531249,0.750000
19956.234374,0.703125
19956.937499,0.703125
19957.640624,0.703125
19958.343749,0.703125
19959.046874,0.703125
19959.749999,0.703125
19960.437499,0.687500
19961.171874,0.734375
19961.890624,0.718750
19962.624999,0.734375
19963.343749,0.718750
19964.093749,0.750000
19964.859374,0.765625
19965.546874,0.687500
19966.343749,0.796875
19966.953124,0.609375
19978.234374,0.781250
19979.046874,0.812500
19979.781249,0.734375
19980.515624,0.734375
19981.249999,0.734375
19981.968749,0.718750
19982.687499,0.718750
19983.406249,0.718750
19984.109374,0.703125
20010.624999,0.765625
20011.421874,0.796875
20012.187499,0.765625
20012.906249,0.718750
20013.593749,0.687500
20014.296874,0.703125
20015.031249,0.734375
20015.781249,0.750000
20016.546874,0.765625
20017.296874,0.750000
20018.046874,0.750000
20018.812499,0.765625
20019.624999,0.812500
20020.421874,0.796875
20021.171874,0.750000
20021.843749,0.671875
20022.578124,0.734375
20023.312499,0.734375
20024.093749,0.781250
20024.906249,0.812500
20025.609374,0.703125
20026.343749,0.734375
20042.437499,0.718750
20043.156249,0.718750
20043.890624,0.734375
20044.624999,0.734375
20045.406249,0.781250
20046.156249,0.750000
20079.515624,0.765625
20080.328124,0.812500
20081.046874,0.718750
20090.968749,0.687500
20091.656249,0.687500
20092.359374,0.703125
20093.031249,0.671875
20093.671874,0.640625
20094.359374,0.687500
20111.656249,0.781250
20134.218749,0.671875
20134.953124,0.734375
20135.703124,0.750000
20136.468749,0.765625
20137.265624,0.796875
20138.031249,0.765625
20138.890624,0.859375
20139.703124,0.812500
20140.437499,0.734375
20141.218749,0.781250
20141.968749,0.750000
20142.703124,0.734375
20143.437499,0.734375
20144.156249,0.718750
20144.859374,0.703125
20145.562499,0.703125
20146.312499,0.750000
20182.281249,0.796875
20183.046874,0.765625
20183.843749,0.796875
20184.624999,0.781250
20185.437499,0.812500
20186.171874,0.734375
20186.921874,0.750000
20187.609374,0.687500
20188.249999,0.640625
20188.906249,0.656250
20189.609374,0.703125
20190.328124,0.718750
20191.062499,0.734375
20191.781249,0.718750
20195.343749,0.703125
20195.999999,0.656250
20196.656249,0.656250
20197.296874,0.640625
20197.921874,0.625000
20198.624999,0.703125
20199.312499,0.687500
20199.984374,0.671875
20200.687499,0.703125
20201.359374,0.671875
20202.015624,0.656250
20202.796874,0.781250
20203.359374,0.562500
20204.015624,0.656250
20204.687499,0.671875
20205.312499,0.625000
20205.921874,0.609375
20206.593749,0.671875
20207.249999,0.656250
20207.937499,0.687500
20208.656249,0.718750
20213.562499,0.656250
20214.171874,0.609375
20214.828124,0.656250
20215.453124,0.625000
20216.171874,0.718750
20216.890624,0.718750
20217.593749,0.703125
20218.296874,0.703125
20219.031249,0.734375
20219.624999,0.593750
20225.374999,0.687500
20226.078124,0.703125
20226.749999,0.671875
20227.437499,0.687500
20240.718749,0.593750
20241.312499,0.593750
20241.906249,0.593750
20242.499999,0.593750
20243.109374,0.609375
20243.687499,0.578125
20244.265624,0.578125
20244.843749,0.578125
20245.421874,0.578125
20246.015624,0.593750
20246.624999,0.609375
20247.265624,0.640625
20247.921874,0.656250
20248.593749,0.671875
20249.343749,0.750000
20250.140624,0.796875
20250.937499,0.796875
20251.687499,0.750000
20260.328124,0.718750
20261.046874,0.718750
20271.124999,0.750000
20271.874999,0.750000
20272.640624,0.765625
20273.421874,0.781250
20274.171874,0.750000
20274.890624,0.718750
20275.609374,0.718750
20276.249999,0.640625
20276.968749,0.718750
20277.687499,0.718750
20278.390624,0.703125
20279.109374,0.718750
20279.828124,0.718750
20280.546874,0.718750
20281.281249,0.734375
20282.015624,0.734375
20282.640624,0.625000
20283.249999,0.609375
20293.859374,0.687500
20294.531249,0.671875
20295.187499,0.656250
20295.843749,0.656250
20296.515624,0.671875
20356.859374,0.671875
20357.609374,0.750000
20358.437499,0.828125
20359.234374,0.796875
20359.906249,0.671875
20360.593749,0.687500
20361.265624,0.671875
20361.937499,0.671875
20362.656249,0.718750
20363.359374,0.703125
20364.078124,0.718750
20364.796874,0.718750
20365.499999,0.703125
20366.234374,0.734375
20366.968749,0.734375
20367.718749,0.750000
20368.484374,0.765625
20369.265624,0.781250
20370.015624,0.750000
20370.749999,0.734375
20371.453124,0.703125
20372.171874,0.718750
20372.890624,0.718750
20373.609374,0.718750
20374.343749,0.734375
20375.109374,0.765625
20375.890624,0.781250
20376.671874,0.781250
20377.437499,0.765625
20378.203124,0.765625
20378.890624,0.687500
20379.578124,0.687500
20380.249999,0.671875
20380.968749,0.718750
20381.687499,0.718750
20382.421874,0.734375
20383.171874,0.750000
20383.906249,0.734375
20384.671874,0.765625
20385.421874,0.750000
20386.203124,0.781250
20386.953124,0.750000
20387.859374,0.906250
20388.593749,0.734375
20389.296874,0.703125
20389.984374,0.687500
20390.734374,0.750000
20407.156249,0.687500
20407.828124,0.671875
20408.546874,0.718750
20409.281249,0.734375
20410.062499,0.781250
20410.843749,0.781250
20411.624999,0.781250
20412.359374,0.734375
20413.109374,0.750000
20413.874999,0.765625
20414.640624,0.765625
20415.406249,0.765625
20416.203124,0.796875
20416.953124,0.750000
20417.703124,0.750000
20418.468749,0.765625
20419.234374,0.765625
20419.999999,0.765625
20420.734374,0.734375
20421.468749,0.734375
20422.234374,0.765625
20422.984374,0.750000
20423.765624,0.781250
20424.531249,0.765625
20425.312499,0.781250
20426.031249,0.718750
20426.765624,0.734375
20427.515624,0.750000
20434.265624,0.828125
20435.078124,0.812500
20435.812499,0.734375
20436.593749,0.781250
20437.374999,0.781250
20438.124999,0.750000
20438.874999,0.750000
20439.640624,0.765625
20440.374999,0.734375
20441.140624,0.765625
20441.921874,0.781250
20442.687499,0.765625
20443.453124,0.765625
20444.203124,0.750000
20444.906249,0.703125
20445.671874,0.765625
20446.453124,0.781250
20447.234374,0.781250
20448.015624,0.781250
20448.765624,0.750000
20449.546874,0.781250
20450.234374,0.687500
20450.937499,0.703125
20451.640624,0.703125
20452.437499,0.796875
20453.203124,0.765625
20459.187499,0.687500
20459.906249,0.718750
20460.671874,0.765625
20461.468749,0.796875
20462.312499,0.843750
20463.156249,0.843750
20463.984374,0.828125
20464.749999,0.765625
20465.453124,0.703125
20466.156249,0.703125
20466.843749,0.687500
20467.546874,0.703125
20468.281249,0.734375
20469.046874,0.765625
20469.812499,0.765625
20470.578124,0.765625
20471.343749,0.765625
20472.109374,0.765625
20472.874999,0.765625
20473.640624,0.765625
20474.484374,0.843750
20475.281249,0.796875
20476.046874,0.765625
20476.796874,0.750000
20477.531249,0.734375
20478.249999,0.718750
20488.374999,0.734375
20489.109374,0.734375
20489.828124,0.718750
20490.562499,0.734375
20491.359374,0.796875
20492.124999,0.765625
20492.890624,0.765625
20493.656249,0.765625
20494.312499,0.656250
20498.984374,0.765625
20499.749999,0.765625
20510.609374,0.718750
20511.312499,0.703125
20512.078124,0.765625
20512.843749,0.765625
20513.609374,0.765625
20514.390624,0.781250
20515.171874,0.781250
20515.937499,0.765625
20516.703124,0.765625
20517.499999,0.796875
20518.281249,0.781250
20519.046874,0.765625
20519.828124,0.781250
20520.593749,0.765625
20532.187499,0.750000
20532.921874,0.734375
20533.687499,0.765625
20534.453124,0.765625
20535.171874,0.718750
20535.921874,0.750000
20536.671874,0.750000
20557.421874,0.687500
20558.078124,0.656250
20558.765624,0.687500
20559.453124,0.687500
20560.140624,0.687500
20560.843749,0.703125
20561.546874,0.703125
20562.281249,0.734375
20563.062499,0.781250
20563.874999,0.812500
20568.031249,0.968750
20568.796874,0.765625
20575.593749,0.750000
20576.296874,0.703125
20576.999999,0.703125
20577.734374,0.734375
20578.468749,0.734375
20579.171874,0.703125
20579.906249,0.734375
20580.656249,0.750000
20581.437499,0.781250
20582.203124,0.765625
20582.953124,0.750000
20583.703124,0.750000
20584.453124,0.750000
20585.187499,0.734375
20585.953124,0.765625
20586.718749,0.765625
20587.453124,0.734375
20588.203124,0.750000
20588.968749,0.765625
20589.734374,0.765625
20590.515624,0.781250
20591.296874,0.781250
20592.031249,0.734375
20592.796874,0.765625
20593.562499,0.765625
20594.343749,0.781250
20595.109374,0.765625
20595.843749,0.734375
20596.578124,0.734375
20597.328124,0.750000
20598.109374,0.781250
20598.890624,0.781250
20599.687499,0.796875
20600.453124,0.765625
20601.265624,0.812500
20602.046874,0.781250
20602.890624,0.843750
20603.671874,0.781250
20604.437499,0.765625
20605.218749,0.781250
20605.984374,0.765625
20606.781249,0.796875
20607.562499,0.781250
20608.390624,0.828125
20609.078124,0.687500
20609.921874,0.843750
20610.671874,0.750000
20611.406249,0.734375
20612.124999,0.718750
20612.890624,0.765625
20613.593749,0.703125
20614.359374,0.765625
20645.437499,0.796875
20646.265624,0.828125
20647.093749,0.828125
20647.921874,0.828125
20648.734374,0.812500
20649.578124,0.843750
20650.296874,0.718750
20651.062499,0.765625
20651.828124,0.765625
20652.578124,0.750000
20653.343749,0.765625
20654.109374,0.765625
20654.890624,0.781250
20655.656249,0.765625
20656.421874,0.765625
20657.171874,0.750000
20657.906249,0.734375
20658.656249,0.750000
20659.390624,0.734375
20660.140624,0.750000
20660.890624,0.750000
20661.656249,0.765625
20662.406249,0.750000
20663.187499,0.781250
20663.968749,0.781250
20664.749999,0.781250
20665.499999,0.750000
20666.249999,0.750000
20666.984374,0.734375
20667.671874,0.687500
20668.359374,0.687500
20669.031249,0.671875
20669.687499,0.656250
20670.374999,0.687500
20671.015624,0.640625
20671.687499,0.671875
20672.343749,0.656250
20672.999999,0.656250
20673.718749,0.718750
20674.437499,0.718750
20675.171874,0.734375
20675.921874,0.750000
20679.562499,0.718750
20680.249999,0.687500
20680.968749,0.718750
20681.734374,0.765625
20682.515624,0.781250
20683.296874,0.781250
20684.078124,0.781250
20684.890624,0.812500
20685.687499,0.796875
20686.453124,0.765625
20687.218749,0.765625
20687.968749,0.750000
20688.874999,0.906250
20689.609374,0.734375
20690.343749,0.734375
20691.093749,0.750000
20691.828124,0.734375
20692.578124,0.750000
20693.328124,0.750000
20694.093749,0.765625
20694.843749,0.750000
20695.593749,0.750000
20696.296874,0.703125
20696.968749,0.671875
20697.656249,0.687500
20698.343749,0.687500
20701.859374,0.734375
20702.593749,0.734375
20703.359374,0.765625
20706.984374,0.703125
20707.687499,0.703125
20708.406249,0.718750
20709.109374,0.703125
20717.328124,0.718750
20718.015624,0.687500
20718.703124,0.687500
20719.406249,0.703125
20720.109374,0.703125
20720.828124,0.718750
20721.546874,0.718750
20722.249999,0.703125
20722.999999,0.750000
20723.765624,0.765625
20724.546874,0.781250
20725.312499,0.765625
20726.046874,0.734375
20726.812499,0.765625
20727.546874,0.734375
20728.281249,0.734375
20729.031249,0.750000
20729.765624,0.734375
20730.515624,0.750000
20731.281249,0.765625
20732.078124,0.796875
20732.859374,0.781250
20737.281249,0.703125
20737.953124,0.671875
20738.640624,0.687500
20739.406249,0.765625
20740.124999,0.718750
20740.812499,0.687500
20741.531249,0.718750
20742.281249,0.750000
20742.999999,0.718750
20743.734374,0.734375
20744.437499,0.703125
20745.140624,0.703125
20745.859374,0.718750
20746.593749,0.734375
20747.343749,0.750000
20748.078124,0.734375
20748.796874,0.718750
20749.515624,0.718750
20750.249999,0.734375
20750.999999,0.750000
20751.765624,0.765625
20752.562499,0.796875
20753.312499,0.750000
20754.093749,0.781250
20754.859374,0.765625
20755.562499,0.703125
20756.281249,0.718750
20756.968749,0.687500
20757.703124,0.734375
20758.484374,0.781250
20759.265624,0.781250
20760.046874,0.781250
20763.796874,0.734375
20764.515624,0.718750
20765.218749,0.703125
20765.984374,0.765625
20766.734374,0.750000
20767.468749,0.734375
20768.203124,0.734375
20768.906249,0.703125
20769.593749,0.687500
20770.265624,0.671875
20770.968749,0.703125
20771.640624,0.671875
20772.312499,0.671875
20772.984374,0.671875
20773.687499,0.703125
20774.390624,0.703125
20775.109374,0.718750
20775.828124,0.718750
20776.531249,0.703125
20777.218749,0.687500
20777.890624,0.671875
20778.593749,0.703125
20779.312499,0.718750
20780.046874,0.734375
20780.781249,0.734375
20781.499999,0.718750
20782.203124,0.703125
20782.921874,0.718750
20783.656249,0.734375
20784.390624,0.734375
20785.171874,0.781250
20785.921874,0.750000
20786.656249,0.734375
20787.437499,0.781250
20788.187499,0.750000
20788.953124,0.765625
20789.703124,0.750000
20790.406249,0.703125
20841.249999,0.578125
20850.031249,0.656250
20863.937499,0.625000
20881.703124,0.406250
20886.046874,0.593750
20886.609374,0.562500
21028.843749,0.562500
21029.499999,0.656250
21029.968749,0.468750
21063.312499,0.656250
21063.984374,0.671875
21091.328124,0.812500
21095.156249,0.750000
21095.890624,0.734375
21096.609374,0.718750
21097.359374,0.750000
21098.124999,0.765625
21122.171874,0.750000
21122.874999,0.703125
21123.624999,0.750000
21128.437499,0.687500
21129.171874,0.734375
21129.984374,0.812500
21130.781249,0.796875
21131.578124,0.796875
21132.343749,0.765625
21133.109374,0.765625
21133.890624,0.781250
21134.656249,0.765625
21135.406249,0.750000
21136.156249,0.750000
21136.890624,0.734375
21137.640624,0.750000
21138.390624,0.750000
21139.124999,0.734375
21139.874999,0.750000
21140.609374,0.734375
21141.374999,0.765625
21142.171874,0.796875
21142.953124,0.781250
21143.734374,0.781250
21144.515624,0.781250
21145.312499,0.796875
21146.124999,0.812500
21146.921874,0.796875
21147.703124,0.781250
21148.468749,0.765625
21149.203124,0.734375
21149.968749,0.765625
21150.781249,0.812500
21151.593749,0.812500
21152.406249,0.812500
21153.187499,0.781250
21153.921874,0.734375
21154.656249,0.734375
21155.374999,0.718750
21156.109374,0.734375
21156.828124,0.718750
21157.531249,0.703125
21158.265624,0.734375
21159.015624,0.750000
21159.749999,0.734375
21160.468749,0.718750
21161.203124,0.734375
21161.937499,0.734375
21162.671874,0.734375
21163.390624,0.718750
21164.140624,0.750000
21164.874999,0.734375
21165.656249,0.781250
21166.453124,0.796875
21167.249999,0.796875
21168.046874,0.796875
21168.828124,0.781250
21169.765624,0.937500
21170.515624,0.750000
21171.265624,0.750000
21171.999999,0.734375
21172.703124,0.703125
21173.406249,0.703125
21174.109374,0.703125
21174.859374,0.750000
21175.609374,0.750000
21176.390624,0.781250
21177.140624,0.750000
21181.484374,0.718750
21182.187499,0.703125
21182.890624,0.703125
21183.609374,0.718750
21184.328124,0.718750
21185.015624,0.687500
21185.718749,0.703125
21186.406249,0.687500
21187.124999,0.718750
21187.828124,0.703125
21188.499999,0.671875
21189.124999,0.625000
21195.921874,0.671875
21196.593749,0.671875
21197.281249,0.687500
21197.984374,0.703125
21198.640624,0.656250
21199.328124,0.687500
21199.906249,0.578125
21211.093749,0.609375
21211.718749,0.625000
21212.328124,0.609375
21212.921874,0.593750
21218.656249,0.562500
21219.359374,0.703125
21220.124999,0.765625
21220.937499,0.812500
21221.749999,0.812500
21222.546874,0.796875
21223.374999,0.828125
21224.203124,0.828125
21225.046874,0.843750
21225.828124,0.781250
21226.531249,0.703125
21227.203124,0.671875
21227.890624,0.687500
21228.640624,0.750000
21281.718749,0.765625
21282.499999,0.781250
21283.312499,0.812500
21284.124999,0.812500
21284.953124,0.828125
21285.749999,0.796875
21286.531249,0.781250
21287.343749,0.812500
21288.156249,0.812500
21288.968749,0.812500
21289.921874,0.953125
21290.671874,0.750000
21291.437499,0.765625
21302.249999,0.765625
21307.343749,0.734375
21308.062499,0.718750
21308.828124,0.765625
21309.593749,0.765625
21310.343749,0.750000
21311.093749,0.750000
21311.828124,0.734375
21312.578124,0.750000
21313.328124,0.750000
21333.812499,0.703125
21334.515624,0.703125
21335.171874,0.656250
21335.859374,0.687500
21336.546874,0.687500
21337.249999,0.703125
21338.015624,0.765625
21338.765624,0.750000
21351.718749,0.687500
21352.421874,0.703125
21353.140624,0.718750
21353.890624,0.750000
21354.656249,0.765625
21355.406249,0.750000
21356.187499,0.781250
21362.453124,0.781250
21363.249999,0.796875
21381.749999,0.781250
21388.562499,0.734375
21389.312499,0.750000
21390.062499,0.750000
21411.296874,0.718750
21412.031249,0.734375
21412.749999,0.718750
21413.484374,0.734375
21414.234374,0.750000
21415.031249,0.796875
21415.796874,0.765625
21416.546874,0.750000
21417.296874,0.750000
21418.078124,0.781250
21418.874999,0.796875
21419.687499,0.812500
21433.843749,0.781250
21434.640624,0.796875
21443.078124,0.750000
21450.546874,0.765625
21451.281249,0.734375
21452.031249,0.750000
21452.812499,0.781250
21453.593749,0.781250
21454.374999,0.781250
21455.140624,0.765625
21455.921874,0.781250
21456.687499,0.765625
21457.484374,0.796875
21458.249999,0.765625
21459.015624,0.765625
21459.781249,0.765625
21460.515624,0.734375
21461.281249,0.765625
21462.031249,0.750000
21462.796874,0.765625
21463.546874,0.750000
21464.328124,0.781250
21468.640624,0.718750
21469.374999,0.734375
21470.046874,0.671875
21470.718749,0.671875
21471.406249,0.687500
21472.093749,0.687500
21472.812499,0.718750
21473.562499,0.750000
21474.328124,0.765625
21475.078124,0.750000
21475.812499,0.734375
21476.531249,0.718750
21477.296874,0.765625
21483.015624,0.796875
21483.828124,0.812500
21484.609374,0.781250
21485.390624,0.781250
21486.187499,0.796875
21486.953124,0.765625
21493.640624,0.781250
21494.406249,0.765625
21495.203124,0.796875
21495.984374,0.781250
21496.749999,0.765625
21497.515624,0.765625
21498.265624,0.750000
21498.999999,0.734375
21499.734374,0.734375
21500.499999,0.765625
21501.281249,0.781250
21502.062499,0.781250
21502.812499,0.750000
21503.578124,0.765625
21504.359374,0.781250
21505.124999,0.765625
21505.906249,0.781250
21506.640624,0.734375
21507.390624,0.750000
21508.140624,0.750000
21508.874999,0.734375
21509.609374,0.734375
21510.328124,0.718750
21511.015624,0.687500
21511.734374,0.718750
21512.453124,0.718750
21513.187499,0.734375
21513.906249,0.718750
21517.531249,0.750000
21518.281249,0.750000
21519.015624,0.734375
21519.765624,0.750000
21520.531249,0.765625
21521.296874,0.765625
21522.062499,0.765625
21522.812499,0.750000
21523.562499,0.750000
21528.718749,0.765625
21529.468749,0.750000
21530.406249,0.937500
21531.156249,0.750000
21531.906249,0.750000
21532.609374,0.703125
21533.359374,0.750000
21534.062499,0.703125
21534.828124,0.765625
21535.546874,0.718750
21536.281249,0.734375
21537.031249,0.750000
21551.390624,0.750000
21552.124999,0.734375
21552.843749,0.718750
21553.531249,0.687500
21554.265624,0.734375
21554.984374,0.718750
21555.703124,0.718750
21556.437499,0.734375
21664.406249,0.765625
21665.171874,0.765625
21665.937499,0.765625
21666.671874,0.734375
21667.499999,0.828125
21668.296874,0.796875
21669.109374,0.812500
21669.937499,0.828125
21677.156249,0.671875
21678.062499,0.906250
21678.843749,0.781250
21682.421874,0.765625
21683.218749,0.796875
21683.999999,0.781250
21692.296874,0.703125
21693.109374,0.812500
21693.890624,0.781250
21694.703124,0.812500
21695.390624,0.687500
21696.093749,0.703125
21697.031249,0.937500
21697.765624,0.734375
21706.062499,0.718750
21706.843749,0.781250
21707.624999,0.781250
21708.374999,0.750000
21709.140624,0.765625
21709.843749,0.703125
21710.749999,0.906250
21711.484374,0.734375
21712.218749,0.734375
21712.968749,0.750000
21713.687499,0.718750
21714.437499,0.750000
21715.249999,0.812500
21716.046874,0.796875
21716.796874,0.750000
21717.546874,0.750000
21722.718749,0.734375
21723.484374,0.765625
21724.265624,0.781250
21724.999999,0.734375
21725.718749,0.718750
21726.437499,0.718750
21727.109374,0.671875
21727.828124,0.718750
21728.562499,0.734375
21729.281249,0.718750
21729.984374,0.703125
21730.749999,0.765625
21731.499999,0.750000
21732.296874,0.796875
21733.062499,0.765625
21733.828124,0.765625
21734.578124,0.750000
21735.265624,0.687500
21735.968749,0.703125
21736.671874,0.703125
21737.406249,0.734375
21738.078124,0.671875
21738.781249,0.703125
21739.515624,0.734375
21740.296874,0.781250
21741.062499,0.765625
21741.874999,0.812500
21742.703124,0.828125
21743.484374,0.781250
21744.296874,0.812500
21745.109374,0.812500
21745.874999,0.765625
21746.609374,0.734375
21747.343749,0.734375
21748.078124,0.734375
21748.859374,0.781250
21749.656249,0.796875
21750.437499,0.781250
21751.249999,0.812500
21752.046874,0.796875
21752.890624,0.843750
21753.656249,0.765625
21754.406249,0.750000
21755.156249,0.750000
21755.890624,0.734375
21756.609374,0.718750
21757.312499,0.703125
21758.031249,0.718750
21758.734374,0.703125
21759.453124,0.718750
21760.203124,0.750000
21760.921874,0.718750
21761.640624,0.718750
21762.343749,0.703125
21763.031249,0.687500
21763.718749,0.687500
21764.499999,0.781250
21765.249999,0.750000
21765.984374,0.734375
21766.687499,0.703125
21767.484374,0.796875
21768.218749,0.734375
21768.984374,0.765625
21769.734374,0.750000
21770.421874,0.687500
21771.156249,0.734375
21771.890624,0.734375
21772.640624,0.750000
21773.328124,0.687500
21774.062499,0.734375
21774.765624,0.703125
21775.546874,0.781250
21776.343749,0.796875
21777.109374,0.765625
21777.921874,0.812500
21778.656249,0.734375
21779.406249,0.750000
21780.109374,0.703125
21780.828124,0.718750
21785.249999,0.781250
21786.015624,0.765625
21786.734374,0.718750
21787.499999,0.765625
21788.234374,0.734375
21788.953124,0.718750
21789.671874,0.718750
21790.374999,0.703125
21791.015624,0.640625
21797.515624,0.796875
21798.296874,0.781250
21799.093749,0.796875
21799.843749,0.750000
21800.593749,0.750000
21801.312499,0.718750
21802.031249,0.718750
21802.703124,0.671875
21803.374999,0.671875
21804.109374,0.734375
21804.828124,0.718750
21805.562499,0.734375
21806.265624,0.703125
21806.984374,0.718750
21807.749999,0.765625
21808.484374,0.734375
21809.218749,0.734375
21809.937499,0.718750
21810.640624,0.703125
21811.343749,0.703125
21812.078124,0.734375
21812.843749,0.765625
21813.593749,0.750000
21814.328124,0.734375
21817.953124,0.765625
21818.718749,0.765625
21819.468749,0.750000
21820.187499,0.718750
21820.937499,0.750000
21821.656249,0.718750
21822.374999,0.718750
21825.906249,0.718750
21826.624999,0.718750
21827.296874,0.671875
21828.015624,0.718750
21828.749999,0.734375
21829.484374,0.734375
21830.249999,0.765625
21831.156249,0.906250
21831.890624,0.734375
21832.687499,0.796875
21833.437499,0.750000
21834.187499,0.750000
21834.921874,0.734375
21835.640624,0.718750
21836.359374,0.718750
21837.078124,0.718750
21837.812499,0.734375
21838.562499,0.750000
21839.296874,0.734375
21840.046874,0.750000
21840.828124,0.781250
21841.593749,0.765625
21842.296874,0.703125
21842.890624,0.593750
21843.703124,0.812500
21844.390624,0.687500
21864.937499,0.843750
21865.781249,0.843750
21870.562499,0.750000
21871.296874,0.734375
21872.015624,0.718750
21872.749999,0.734375
21873.468749,0.718750
21874.187499,0.718750
21874.937499,0.750000
21875.687499,0.750000
21876.499999,0.812500
21877.296874,0.796875
21878.062499,0.765625
21878.843749,0.781250
21879.562499,0.718750
21880.265624,0.703125
21880.968749,0.703125
21884.734374,0.781250
21892.734374,0.718750
21898.890624,0.687500
21899.624999,0.734375
21908.906249,0.796875
21922.546873,0.703125
21923.203123,0.656250
21923.921873,0.718750
21924.671873,0.750000
21925.374998,0.703125
21935.796873,0.718750
21936.484373,0.687500
21937.156248,0.671875
21937.859373,0.703125
21941.328123,0.687500
21942.078123,0.750000
22279.437498,0.546875
22725.078123,0.703125
22725.749998,0.671875
22726.421873,0.671875
22727.093748,0.671875
22727.812498,0.718750
22728.531248,0.718750
22729.234373,0.703125
22729.937498,0.703125
22730.609373,0.671875
22731.249998,0.640625
22731.906248,0.656250
22732.609373,0.703125
22844.687498,0.531250
22867.578123,0.796875
22868.296873,0.718750
22869.124998,0.828125
22869.953123,0.828125
22870.734373,0.781250
22871.515623,0.781250
22872.328123,0.812500
22873.109373,0.781250
22873.859373,0.750000
22874.609373,0.750000
22875.390623,0.781250
22876.203123,0.812500
22876.984373,0.781250
22877.796873,0.812500
22878.640623,0.843750
22879.499998,0.859375
22880.343748,0.843750
22881.109373,0.765625
22881.890623,0.781250
22882.687498,0.796875
22883.484373,0.796875
22884.296873,0.812500
22885.124998,0.828125
22885.968748,0.843750
22886.781248,0.812500
22887.578123,0.796875
22888.359373,0.781250
22889.171873,0.812500
22889.968748,0.796875
22890.749998,0.781250
22891.531248,0.781250
22892.328123,0.796875
22893.156248,0.828125
22893.968748,0.812500
22894.749998,0.781250
22895.546873,0.796875
22896.359373,0.812500
22897.156248,0.796875
22897.921873,0.765625
22898.687498,0.765625
22899.499998,0.812500
22900.343748,0.843750
22901.156248,0.812500
22901.953123,0.796875
22902.749998,0.796875
22903.562498,0.812500
22904.374998,0.812500
22905.156248,0.781250
22905.953123,0.796875
22906.781248,0.828125
22907.624998,0.843750
22908.421873,0.796875
22909.218748,0.796875
22910.015623,0.796875
22910.843748,0.828125
22911.656248,0.812500
22912.437498,0.781250
22913.249998,0.812500
22914.249998,1.000000
22915.093748,0.843750
22915.890623,0.796875
22916.703123,0.812500
22917.531248,0.828125
22918.359373,0.828125
22919.124998,0.765625
22923.874998,0.796875
22924.718748,0.843750
22925.546873,0.828125
22926.296873,0.750000
22926.999998,0.703125
22927.718748,0.718750
22928.421873,0.703125
22929.124998,0.703125
22929.874998,0.750000
22930.640623,0.765625
22931.421873,0.781250
22932.218748,0.796875
22933.062498,0.843750
22933.890623,0.828125
22934.703123,0.812500
22935.453123,0.750000
22936.171873,0.718750
22936.937498,0.765625
22937.718748,0.781250
22938.499998,0.781250
22939.281248,0.781250
22940.078123,0.796875
22940.921873,0.843750
22941.765623,0.843750
22942.578123,0.812500
22943.359373,0.781250
22944.140623,0.781250
22944.921873,0.781250
22945.718748,0.796875
22946.468748,0.750000
22947.234373,0.765625
22948.031248,0.796875
22948.874998,0.843750
22949.703123,0.828125
22950.499998,0.796875
22956.765623,0.843750
22957.531248,0.765625
22958.328123,0.796875
22959.124998,0.796875
22959.937498,0.812500
22960.734373,0.796875
22961.515623,0.781250
22962.281248,0.765625
22963.078123,0.796875
22963.906248,0.828125
22964.718748,0.812500
22965.531248,0.812500
22966.343748,0.812500
22967.187498,0.843750
22968.015623,0.828125
22968.796873,0.781250
22969.562498,0.765625
22970.328123,0.765625
22971.093748,0.765625
22971.890623,0.796875
22972.687498,0.796875
22985.390623,0.781250
22986.187498,0.796875
22986.953123,0.765625
22987.718748,0.765625
23005.749998,0.765625
23006.562498,0.812500
23007.343748,0.781250
23008.124998,0.781250
23008.906248,0.781250
23009.671873,0.765625
23010.421873,0.750000
23011.156248,0.734375
23011.843748,0.687500
23012.609373,0.765625
23013.390623,0.781250
23028.124998,0.765625
23028.906248,0.781250
23048.453123,0.765625
23054.453123,0.750000
23055.249998,0.796875
23056.031248,0.781250
23056.781248,0.750000
23057.546873,0.765625
23058.328123,0.781250
23059.093748,0.765625
23059.874998,0.781250
23060.624998,0.750000
23061.374998,0.750000
23099.437498,0.796875
23100.281248,0.843750
23101.109373,0.828125
23101.906248,0.796875
23102.656248,0.750000
23103.374998,0.718750
23104.124998,0.750000
23104.890623,0.765625
23105.687498,0.796875
23106.499998,0.812500
23107.312498,0.812500
23108.124998,0.812500
23108.921873,0.796875
23109.765623,0.843750
23110.593748,0.828125
23111.374998,0.781250
23116.874998,0.828125
23117.734373,0.859375
23118.593748,0.859375
23119.421873,0.828125
23120.234373,0.812500
23121.015623,0.781250
23121.828123,0.812500
23122.656248,0.828125
23123.499998,0.843750
23124.281248,0.781250
23125.078123,0.796875
23125.890623,0.812500
23126.718748,0.828125
23127.578123,0.859375
23128.374998,0.796875
23129.156248,0.781250
23129.921873,0.765625
23130.687498,0.765625
23131.468748,0.781250
23132.343748,0.875000
23137.859373,0.750000
23138.624998,0.765625
23139.421873,0.796875
23156.453123,0.859375
23157.296873,0.843750
23158.140623,0.843750
23158.968748,0.828125
23159.734373,0.765625
23191.124998,0.734375
23191.906248,0.781250
23192.687498,0.781250
23193.437498,0.750000
23194.171873,0.734375
23198.484373,0.812500
23199.281248,0.796875
23200.062498,0.781250
23200.874998,0.812500
23201.656248,0.781250
23202.437498,0.781250
23203.203123,0.765625
23203.968748,0.765625
23204.703123,0.734375
23205.468748,0.765625
23206.249998,0.781250
23207.046873,0.796875
23207.859373,0.812500
23208.624998,0.765625
23209.406248,0.781250
23210.218748,0.812500
23211.046873,0.828125
23211.874998,0.828125
23212.671873,0.796875
23246.328123,0.812500
23247.140623,0.812500
23247.906248,0.765625
23248.656248,0.750000
23249.421873,0.765625
23250.203123,0.781250
23250.984373,0.781250
23251.749998,0.765625
23252.515623,0.765625
23253.265623,0.750000
23253.984373,0.718750
23254.749998,0.765625
23255.531248,0.781250
23256.343748,0.812500
23257.124998,0.781250
23257.874998,0.750000
23258.624998,0.750000
23268.890623,0.781250
23269.624998,0.734375
23270.374998,0.750000
23271.140623,0.765625
23275.671873,0.796875
23276.484373,0.812500
23277.265623,0.781250
23278.109373,0.843750
23278.937498,0.828125
23279.781248,0.843750
23280.593748,0.812500
23281.359373,0.765625
23289.562498,0.718750
23290.281248,0.718750
23291.015623,0.734375
23291.765623,0.750000
23292.531248,0.765625
23293.312498,0.781250
23294.062498,0.750000
23294.812498,0.750000
23295.578123,0.765625
23296.359373,0.781250
23297.171873,0.812500
23297.953123,0.781250
23298.734373,0.781250
23299.515623,0.781250
23300.328123,0.812500
23301.156248,0.828125
23301.937498,0.781250
23302.749998,0.812500
23303.578123,0.828125
23304.406248,0.828125
23305.218748,0.812500
23306.015623,0.796875
23306.765623,0.750000
23307.546873,0.781250
23308.328123,0.781250
23309.124998,0.796875
23309.890623,0.765625
23310.656248,0.765625
23311.468748,0.812500
23312.296873,0.828125
23313.124998,0.828125
23313.937498,0.812500
23314.718748,0.781250
23315.515623,0.796875
23316.312498,0.796875
23317.093748,0.781250
23317.874998,0.781250
23318.656248,0.781250
23319.453123,0.796875
23320.296873,0.843750
23321.140623,0.843750
23321.937498,0.796875
23322.703123,0.765625
23323.499998,0.796875
23324.281248,0.781250
23325.046873,0.765625
23325.796873,0.750000
23326.562498,0.765625
23327.328123,0.765625
23328.109373,0.781250
23328.874998,0.765625
23329.624998,0.750000
23330.406248,0.781250
23331.234373,0.828125
23332.062498,0.828125
23332.874998,0.812500
23333.687498,0.812500
23334.640623,0.953125
23335.421873,0.781250
23336.218748,0.796875
23336.999998,0.781250
23337.765623,0.765625
23338.531248,0.765625
23339.328123,0.796875
23340.124998,0.796875
23340.953123,0.828125
23341.749998,0.796875
23342.531248,0.781250
23343.328123,0.796875
23344.124998,0.796875
23344.937498,0.812500
23345.734373,0.796875
23346.468748,0.734375
23347.234373,0.765625
23348.031248,0.796875
23348.859373,0.828125
23349.703123,0.843750
23350.546873,0.843750
23351.328123,0.781250
23352.140623,0.812500
23352.968748,0.828125
23353.765623,0.796875
23354.546873,0.781250
23355.312498,0.765625
23356.093748,0.781250
23356.906248,0.812500
23357.718748,0.812500
23358.562498,0.843750
23359.374998,0.812500
23360.218748,0.843750
23361.078123,0.859375
23361.953123,0.875000
23362.765623,0.812500
23363.531248,0.765625
23364.312498,0.781250
23365.124998,0.812500
23365.968748,0.843750
23366.812498,0.843750
23367.624998,0.812500
23368.406248,0.781250
23369.218748,0.812500
23370.015623,0.796875
23370.828123,0.812500
23371.624998,0.796875
23372.406248,0.781250
23373.187498,0.781250
23373.984373,0.796875
23374.781248,0.796875
23375.609373,0.828125
23376.437498,0.828125
23377.234373,0.796875
23377.999998,0.765625
23378.859373,0.859375
23379.703123,0.843750
23380.531248,0.828125
23381.328123,0.796875
23382.109373,0.781250
23382.921873,0.812500
23383.734373,0.812500
23384.546873,0.812500
23385.343748,0.796875
23386.140623,0.796875
23386.953123,0.812500
23387.812498,0.859375
23388.687498,0.875000
23389.531248,0.843750
23390.343748,0.812500
23391.140623,0.796875
23391.984373,0.843750
23392.828123,0.843750
23393.703123,0.875000
23394.749998,1.046875
23395.578123,0.828125
23396.390623,0.812500
23397.203123,0.812500
23398.046873,0.843750
23398.890623,0.843750
23399.718748,0.828125
23400.546873,0.828125
23401.390623,0.843750
23402.249998,0.859375
23403.062498,0.812500
23403.843748,0.781250
23404.593748,0.750000
23405.343748,0.750000
23406.140623,0.796875
23406.968748,0.828125
23407.749998,0.781250
23408.499998,0.750000
23409.249998,0.750000
23409.999998,0.750000
23410.765623,0.765625
23411.531248,0.765625
23412.265623,0.734375
23413.015623,0.750000
23413.749998,0.734375
23414.531248,0.781250
23415.281248,0.750000
23416.046873,0.765625
23416.781248,0.734375
23417.499998,0.718750
23418.234373,0.734375
23419.046873,0.812500
23419.828123,0.781250
23420.609373,0.781250
23421.374998,0.765625
23422.124998,0.750000
23422.921873,0.796875
23423.734373,0.812500
23424.546873,0.812500
23425.328123,0.781250
23426.109373,0.781250
23441.765623,0.796875
23442.562498,0.796875
23443.312498,0.750000
23444.093748,0.781250
23444.859373,0.765625
23445.593748,0.734375
23446.328123,0.734375
23447.062498,0.734375
23447.828123,0.765625
23448.624998,0.796875
23472.515623,0.781250
23477.249998,0.859375
23478.078123,0.828125
23478.874998,0.796875
23520.046873,0.812500
23520.859373,0.812500
23521.687498,0.828125
23522.531248,0.843750
23523.359373,0.828125
23524.171873,0.812500
23544.187498,0.796875
23544.859373,0.671875
23572.812498,0.765625
23573.624998,0.812500
23574.406248,0.781250
23575.171873,0.765625
23575.937498,0.765625
23576.718748,0.781250
23577.515623,0.796875
23578.312498,0.796875
23581.953123,0.828125
23582.796873,0.843750
23583.671873,0.875000
23593.406248,0.843750
23594.249998,0.843750
23595.109373,0.859375
23595.968748,0.859375
23602.515623,0.750000
23624.031248,0.953125
23624.890623,0.859375
23625.718748,0.828125
23626.749998,1.031250
23627.890623,1.140625
23628.874998,0.984375
23660.812498,0.687500
23677.546873,0.734375
23678.281248,0.734375
23679.078123,0.796875
23679.843748,0.765625
23680.562498,0.718750
23681.281248,0.718750
23681.984373,0.703125
23682.718748,0.734375
23683.484373,0.765625
23684.265623,0.781250
23685.046873,0.781250
23685.796873,0.750000
23686.562498,0.765625
23687.359373,0.796875
23688.171873,0.812500
23689.015623,0.843750
23689.843748,0.828125
23690.640623,0.796875
23691.453123,0.812500
23692.265623,0.812500
23693.078123,0.812500
23693.874998,0.796875
23694.640623,0.765625
23695.421873,0.781250
23696.218748,0.796875
23697.031248,0.812500
23697.843748,0.812500
23698.656248,0.812500
23699.406248,0.750000
23739.015623,0.953125
23739.749998,0.734375
23740.453123,0.703125
23741.234373,0.781250
23742.031248,0.796875
23742.874998,0.843750
23743.703123,0.828125
23744.484373,0.781250
23745.281248,0.796875
23746.093748,0.812500
23746.921873,0.828125
23747.718748,0.796875
23748.484373,0.765625
23749.249998,0.765625
23750.046873,0.796875
23750.890623,0.843750
23751.718748,0.828125
23752.515623,0.796875
23753.343748,0.828125
23754.203123,0.859375
23755.062498,0.859375
23756.046873,0.984375
23756.828123,0.781250
23757.640623,0.812500
23758.499998,0.859375
23759.406248,0.906250
23760.265623,0.859375
23761.093748,0.828125
23761.937498,0.843750
23762.781248,0.843750
23763.624998,0.843750
23764.437498,0.812500
23765.203123,0.765625
23765.999998,0.796875
23766.796873,0.796875
23767.624998,0.828125
23777.999998,0.765625
23778.765623,0.765625
23779.578123,0.812500
23780.421873,0.843750
23781.281248,0.859375
23782.140623,0.859375
23782.968748,0.828125
23783.749998,0.781250
23784.578123,0.828125
23785.406248,0.828125
23786.281248,0.875000
23787.109373,0.828125
23787.906248,0.796875
23788.718748,0.812500
23789.562498,0.843750
23794.468748,0.796875
23795.249998,0.781250
23795.999998,0.750000
23796.749998,0.750000
23797.546873,0.796875
23804.593748,0.734375
23917.140623,0.843750
23917.796873,0.656250
23918.624998,0.828125
23919.593748,0.968750
23920.656248,1.062500
23921.421873,0.765625
23922.249998,0.828125
23923.015623,0.765625
23923.765623,0.750000
23924.562498,0.796875
23925.374998,0.812500
23983.718748,0.781250
23984.499998,0.781250
23985.281248,0.781250
23986.046873,0.765625
23986.828123,0.781250
23987.578123,0.750000
24001.234373,0.765625
24002.046873,0.812500
24041.312498,0.796875
24042.093748,0.781250
24042.859373,0.765625
24043.609373,0.750000
24044.390623,0.781250
24045.078123,0.687500
24045.828123,0.750000
24046.515623,0.687500
24047.328123,0.812500
24051.999998,0.828125
24052.703123,0.703125
24053.453123,0.750000
24064.859373,0.781250
24065.656248,0.796875
24066.453123,0.796875
24067.249998,0.796875
24068.031248,0.781250
24068.812498,0.781250
24069.578123,0.765625
24070.296873,0.718750
24070.999998,0.703125
24071.734373,0.734375
24072.515623,0.781250
24073.296873,0.781250
24074.093748,0.796875
24074.828123,0.734375
24075.562498,0.734375
24076.312498,0.750000
24077.109373,0.796875
24077.906248,0.796875
24086.187498,0.812500
24086.968748,0.781250
24087.765623,0.796875
24088.562498,0.796875
24089.374998,0.812500
24090.140623,0.765625
24090.890623,0.750000
24091.671873,0.781250
24092.499998,0.828125
24093.359373,0.859375
24094.203123,0.843750
24095.031248,0.828125
24095.859373,0.828125
24096.671873,0.812500
24097.453123,0.781250
24098.218748,0.765625
24098.953123,0.734375
24099.703123,0.750000
24100.499998,0.796875
24114.124998,0.734375
24114.874998,0.750000
24115.656248,0.781250
24116.453123,0.796875
24117.249998,0.796875
24118.031248,0.781250
24118.828123,0.796875
24119.609373,0.781250
24120.390623,0.781250
24121.140623,0.750000
24121.859373,0.718750
24122.593748,0.734375
24123.328123,0.734375
24124.124998,0.796875
24124.937498,0.812500
24125.718748,0.781250
24126.515623,0.796875
24127.328123,0.812500
24128.156248,0.828125
24128.953123,0.796875
24129.703123,0.750000
24130.437498,0.734375
24131.187498,0.750000
24131.937498,0.750000
24132.687498,0.750000
24133.437498,0.750000
24134.234373,0.796875
24135.078123,0.843750
24135.937498,0.859375
24136.765623,0.828125
24137.546873,0.781250
24138.296873,0.750000
24139.078123,0.781250
24139.859373,0.781250
24140.624998,0.765625
24141.390623,0.765625
24142.203123,0.812500
24143.015623,0.812500
24147.624998,0.781250
24148.390623,0.765625
24149.156248,0.765625
24149.968748,0.812500
24150.765623,0.796875
24151.531248,0.765625
24152.281248,0.750000
24152.999998,0.718750
24153.718748,0.718750
24154.484373,0.765625
24155.296873,0.812500
24156.062498,0.765625
24156.843748,0.781250
24157.609373,0.765625
24158.390623,0.781250
24159.156248,0.765625
24159.906248,0.750000
24160.640623,0.734375
24161.406248,0.765625
24162.171873,0.765625
24162.937498,0.765625
24163.718748,0.781250
24164.515623,0.796875
24165.328123,0.812500
24166.187498,0.859375
24167.015623,0.828125
24167.812498,0.796875
24168.593748,0.781250
24169.359373,0.765625
24170.140623,0.781250
24170.890623,0.750000
24171.624998,0.734375
24172.343748,0.718750
24173.093748,0.750000
24173.890623,0.796875
24174.718748,0.828125
24175.531248,0.812500
24176.453123,0.921875
24177.218748,0.765625
24177.999998,0.781250
24178.749998,0.750000
24179.468748,0.718750
24180.187498,0.718750
24180.906248,0.718750
24181.718748,0.812500
24182.531248,0.812500
24183.343748,0.812500
24184.140623,0.796875
24184.937498,0.796875
24185.734373,0.796875
24186.546873,0.812500
24187.281248,0.734375
24188.031248,0.750000
24188.749998,0.718750
24189.468748,0.718750
24190.203123,0.734375
24190.984373,0.781250
24191.749998,0.765625
24192.484373,0.734375
24193.218748,0.734375
24193.984373,0.765625
24194.749998,0.765625
24195.468748,0.718750
24196.140623,0.671875
24196.859373,0.718750
24197.593748,0.734375
24198.343748,0.750000
24199.078123,0.734375
24199.781248,0.703125
24200.499998,0.718750
24213.124998,0.765625
24213.953123,0.828125
24214.703123,0.750000
24215.499998,0.796875
24216.312498,0.812500
24217.124998,0.812500
24217.906248,0.781250
24218.640623,0.734375
24219.374998,0.734375
24220.140623,0.765625
24220.859373,0.718750
24221.609373,0.750000
24222.343748,0.734375
24223.078123,0.734375
24223.890623,0.812500
24224.734373,0.843750
24225.562498,0.828125
24226.374998,0.812500
24227.140623,0.765625
24227.953123,0.812500
24228.734373,0.781250
24229.515623,0.781250
24230.281248,0.765625
24231.015623,0.734375
24231.734373,0.718750
24232.484373,0.750000
24233.265623,0.781250
24234.062498,0.796875
24234.843748,0.781250
24235.656248,0.812500
24236.484373,0.828125
24237.328123,0.843750
24238.140623,0.812500
24238.906248,0.765625
24239.656248,0.750000
24240.390623,0.734375
24241.156248,0.765625
24241.906248,0.750000
24242.671873,0.765625
24243.421873,0.750000
24244.218748,0.796875
24245.046873,0.828125
24245.906248,0.859375
24246.718748,0.812500
24247.515623,0.796875
24248.296873,0.781250
24249.062498,0.765625
24249.828123,0.765625
24250.546873,0.718750
24251.281248,0.734375
24252.015623,0.734375
24252.781248,0.765625
24253.624998,0.843750
24254.468748,0.843750
24255.281248,0.812500
24256.062498,0.781250
24256.859373,0.796875
24257.640623,0.781250
24258.406248,0.765625
24259.124998,0.718750
24259.859373,0.734375
24260.593748,0.734375
24261.421873,0.828125
24262.265623,0.843750
24263.124998,0.859375
24263.937498,0.812500
24264.749998,0.812500
24265.578123,0.828125
24266.374998,0.796875
24267.124998,0.750000
24267.843748,0.718750
24268.546873,0.703125
24269.265623,0.718750
24270.031248,0.765625
24270.781248,0.750000
24271.484373,0.703125
24272.171873,0.687500
24272.921873,0.750000
24273.765623,0.843750
24274.578123,0.812500
24275.374998,0.796875
24276.093748,0.718750
24276.781248,0.687500
24277.437498,0.656250
24278.093748,0.656250
24278.765623,0.671875
24279.499998,0.734375
24280.234373,0.734375
24280.937498,0.703125
24281.640623,0.703125
24282.406248,0.765625
24283.187498,0.781250
24283.984373,0.796875
24284.703123,0.718750
24285.406248,0.703125
24286.109373,0.703125
24286.843748,0.734375
24287.609373,0.765625
24353.718748,0.796875
24354.499998,0.781250
24355.296873,0.796875
24356.124998,0.828125
24356.999998,0.875000
24357.906248,0.906250
24372.656248,0.859375
24373.484373,0.828125
24374.312498,0.828125
24379.374998,0.859375
24392.124998,0.828125
24392.953123,0.828125
24393.749998,0.796875
24394.531248,0.781250
24395.312498,0.781250
24396.124998,0.812500
24396.953123,0.828125
24397.765623,0.812500
24411.390623,0.781250
24434.953123,0.718750
24435.671873,0.718750
24436.390623,0.718750
24437.124998,0.734375
24437.843748,0.718750
24438.546873,0.703125
24439.234373,0.687500
24439.937498,0.703125
24440.687498,0.750000
24441.484373,0.796875
24442.312498,0.828125
24443.140623,0.828125
24443.937498,0.796875
24444.765623,0.828125
24445.593748,0.828125
24455.578123,0.828125
24456.359373,0.781250
24457.109373,0.750000
24457.828123,0.718750
24458.531248,0.703125
24459.249998,0.718750
24459.984373,0.734375
24460.796873,0.812500
24461.593748,0.796875
24462.374998,0.781250
24463.171873,0.796875
24463.984373,0.812500
24464.812498,0.828125
24465.624998,0.812500
24466.406248,0.781250
24467.124998,0.718750
24467.843748,0.718750
24468.562498,0.718750
24469.281248,0.718750
24470.046873,0.765625
24470.796873,0.750000
24471.609373,0.812500
24472.453123,0.843750
24473.328123,0.875000
24496.906248,0.828125
24507.078123,0.812500
24507.890623,0.812500
24508.671873,0.781250
24509.468748,0.796875
24510.218748,0.750000
24511.015623,0.796875
24511.843748,0.828125
24512.640623,0.796875
24513.468748,0.828125
24514.281248,0.812500
24515.156248,0.875000
24515.984373,0.828125
24516.812498,0.828125
24517.609373,0.796875
24518.421873,0.812500
24519.234373,0.812500
24520.046873,0.812500
24520.859373,0.812500
24521.656248,0.796875
24522.468748,0.812500
24523.296873,0.828125
24524.156248,0.859375
24524.984373,0.828125
24571.546873,0.859375
24577.265623,0.828125
24587.156248,0.796875
24587.968748,0.812500
24588.796873,0.828125
24589.656248,0.859375
24590.562498,0.906250
24591.421873,0.859375
24592.234373,0.812500
24593.015623,0.781250
24593.812498,0.796875
24594.609373,0.796875
24595.437498,0.828125
24596.249998,0.812500
24597.062498,0.812500
24614.015623,0.796875
24614.828123,0.812500
24615.609373,0.781250
24616.390623,0.781250
24617.156248,0.765625
24617.859373,0.703125
24632.374998,0.906250
24633.156248,0.781250
24678.124998,0.703125
24684.421873,0.859375
24685.234373,0.812500
24685.999998,0.765625
24686.781248,0.781250
24687.562498,0.781250
24688.359373,0.796875
24689.203123,0.843750
24690.015623,0.812500
24690.796873,0.781250
24691.499998,0.703125
24692.421873,0.921875
24699.531248,0.750000
24700.265623,0.734375
24700.999998,0.734375
24701.796873,0.796875
24702.624998,0.828125
24703.453123,0.828125
24704.296873,0.843750
24705.078123,0.781250
24705.874998,0.796875
24706.671873,0.796875
24707.499998,0.828125
24708.328123,0.828125
24709.140623,0.812500
24709.906248,0.765625
24710.671873,0.765625
24711.468748,0.796875
24712.312498,0.843750
24713.187498,0.875000
24714.046873,0.859375
24714.859373,0.812500
24715.671873,0.812500
24716.484373,0.812500
24717.499998,1.015625
24718.374998,0.875000
24719.203123,0.828125
24720.015623,0.812500
24720.828123,0.812500
24721.703123,0.875000
24722.593748,0.890625
24723.484373,0.890625
24724.312498,0.828125
24725.140623,0.828125
24726.093748,0.953125
24726.812498,0.718750
24732.281248,0.781250
24733.046873,0.765625
24733.812498,0.765625
24734.499998,0.687500
24768.499998,0.796875
24769.312498,0.812500
24770.171873,0.859375
24770.968748,0.796875
24771.749998,0.781250
24772.468748,0.718750
24773.234373,0.765625
24774.046873,0.812500
24774.906248,0.859375
24775.765623,0.859375
24776.609373,0.843750
24777.437498,0.828125
24778.281248,0.843750
24779.109373,0.828125
24779.984373,0.875000
24780.812498,0.828125
24781.593748,0.781250
24782.359373,0.765625
24783.140623,0.781250
24783.937498,0.796875
24784.765623,0.828125
24785.578123,0.812500
24796.015623,0.765625
24804.843748,0.687500
24805.515623,0.671875
24806.187498,0.671875
24806.843748,0.656250
24807.499998,0.656250
24808.124998,0.625000
24808.765623,0.640625
24809.421873,0.656250
24810.078123,0.656250
24810.781248,0.703125
24811.515623,0.734375
24812.234373,0.718750
24812.937498,0.703125
24813.640623,0.703125
24814.312498,0.671875
24814.984373,0.671875
24815.687498,0.703125
24816.374998,0.687500
24817.062498,0.687500
24817.687498,0.625000
24818.343748,0.656250
24818.999998,0.656250
24819.656248,0.656250
24820.281248,0.625000
24820.906248,0.625000
24821.562498,0.656250
24822.187498,0.625000
24833.218748,0.765625
24834.015623,0.796875
24834.796873,0.781250
24835.593748,0.796875
24841.093748,0.890625
24842.015623,0.921875
24842.984373,0.968750
24843.781248,0.796875
24855.906248,0.718750
24856.671873,0.765625
24863.406248,0.828125
24864.187498,0.781250
24864.984373,0.796875
24865.765623,0.781250
24866.578123,0.812500
24867.374998,0.796875
24868.203123,0.828125
24874.265623,0.812500
24875.078123,0.812500
24875.953123,0.875000
24876.734373,0.781250
24877.531248,0.796875
24889.484373,0.718750
24890.234373,0.750000
24891.046873,0.812500
24891.890623,0.843750
24892.718748,0.828125
24893.499998,0.781250
24894.312498,0.812500
24895.109373,0.796875
24895.890623,0.781250
24896.671873,0.781250
24897.421873,0.750000
24901.687498,0.812500
24902.515623,0.828125
24903.312498,0.796875
24904.140623,0.828125
24904.953123,0.812500
24917.499998,0.843750
24918.374998,0.875000
24919.234373,0.859375
24920.093748,0.859375
24939.328123,0.765625
24948.874998,0.843750
24949.671873,0.796875
24950.453123,0.781250
24951.265623,0.812500
24952.062498,0.796875
24952.921873,0.859375
24953.796873,0.875000
24954.624998,0.828125
24955.468748,0.843750
24963.828123,0.812500
24972.718748,0.812500
24973.499998,0.781250
24974.265623,0.765625
24975.062498,0.796875
24975.828123,0.765625
24976.671873,0.843750
24977.453123,0.781250
24978.312498,0.859375
24984.531248,0.796875
24985.312498,0.781250
24986.187498,0.875000
24986.984373,0.796875
25019.562498,0.828125
25020.359373,0.796875
25025.624998,0.796875
25026.453123,0.828125
25027.281248,0.828125
25028.078123,0.796875
25028.859373,0.781250
25029.578123,0.718750
25030.359373,0.781250
25031.124998,0.765625
25031.859373,0.734375
25032.609373,0.750000
25033.359373,0.750000
25034.156248,0.796875
25034.906248,0.750000
25035.718748,0.812500
25036.515623,0.796875
25037.312498,0.796875
25038.046873,0.734375
25046.281248,0.734375
25061.984373,0.765625
25062.749998,0.765625
25063.531248,0.781250
25069.140623,0.843750
25069.999998,0.859375
25070.828123,0.828125
25071.640623,0.812500
25072.406248,0.765625
25073.156248,0.750000
25073.906248,0.750000
25074.671873,0.765625
25075.437498,0.765625
25076.203123,0.765625
25076.984373,0.781250
25077.796873,0.812500
25078.624998,0.828125
25079.484373,0.859375
25080.312498,0.828125
25081.124998,0.812500
25100.203123,0.859375
25101.062498,0.859375
25101.937498,0.875000
25102.781248,0.843750
25138.890623,0.843750
25139.749998,0.859375
25157.593748,0.796875
25158.406248,0.812500
25159.203123,0.796875
25160.015623,0.812500
25160.765623,0.750000
25161.562498,0.796875
25162.343748,0.781250
25163.140623,0.796875
25163.953123,0.812500
25164.749998,0.796875
25165.546873,0.796875
25166.328123,0.781250
25167.109373,0.781250
25167.906248,0.796875
25168.656248,0.750000
25169.453123,0.796875
25170.265623,0.812500
25171.093748,0.828125
25171.890623,0.796875
25182.874998,0.781250
25183.624998,0.750000
25184.374998,0.750000
25192.140623,0.843750
25192.937498,0.796875
25193.718748,0.781250
25194.531248,0.812500
25195.312498,0.781250
25196.093748,0.781250
25196.859373,0.765625
25197.562498,0.703125
25206.109373,0.796875
25227.249998,0.781250
25228.015623,0.765625
25228.781248,0.765625
25234.937498,0.796875
25235.718748,0.781250
25236.515623,0.796875
25237.312498,0.796875
25238.109373,0.796875
25238.874998,0.765625
25239.624998,0.750000
25240.359373,0.734375
25241.140623,0.781250
25245.906248,0.812500
25246.703123,0.796875
25247.468748,0.765625
25248.218748,0.750000
25248.984373,0.765625
25249.765623,0.781250
25250.562498,0.796875
25251.343748,0.781250
25252.171873,0.828125
25253.015623,0.843750
25253.859373,0.843750
25254.687498,0.828125
25255.499998,0.812500
25256.343748,0.843750
25257.156248,0.812500
25257.953123,0.796875
25273.390623,0.718750
25274.109373,0.718750
25274.812498,0.703125
25275.546873,0.734375
25276.265623,0.718750
25276.984373,0.718750
25277.703123,0.718750
25278.421873,0.718750
25279.187498,0.765625
25279.953123,0.765625
25324.953123,0.796875
25325.718748,0.765625
25326.484373,0.765625
25327.296873,0.812500
25328.109373,0.812500
25328.874998,0.765625
25329.609373,0.734375
25330.390623,0.781250
25331.187498,0.796875
25376.624998,0.687500
25377.328123,0.703125
25378.031248,0.703125
25378.921873,0.890625
25379.640623,0.718750
25380.374998,0.734375
25391.671873,0.750000
25392.406248,0.734375
25393.140623,0.734375
25401.249998,0.734375
25401.953123,0.703125
25402.671873,0.718750
25403.343748,0.671875
25404.046873,0.703125
25404.749998,0.703125
25405.421873,0.671875
25406.093748,0.671875
25413.046873,0.703125
25413.812498,0.765625
25422.906248,0.796875
25423.546873,0.640625
25424.468748,0.921875
25425.234373,0.765625
25426.015623,0.781250
25426.812498,0.796875
25427.578123,0.765625
25428.343748,0.765625
25435.671873,0.812500
25436.453123,0.781250
25437.312498,0.859375
25438.031248,0.718750
25438.812498,0.781250
25446.859373,0.781250
25447.578123,0.718750
25448.281248,0.703125
25448.968748,0.687500
25449.624998,0.656250
25471.156248,0.765625
25471.921873,0.765625
25472.687498,0.765625
25473.453123,0.765625
25493.812498,0.859375
25494.671873,0.859375
25495.484373,0.812500
25496.312498,0.828125
25516.953123,0.703125
25520.546873,0.765625
25521.265623,0.718750
25521.968748,0.703125
25522.656248,0.687500
25523.328123,0.671875
25524.031248,0.703125
25524.781248,0.750000
25525.578123,0.796875
25535.406248,0.859375
25536.234373,0.828125
25537.093748,0.859375
25537.828123,0.734375
25538.562498,0.734375
25539.328123,0.765625
25540.078123,0.750000
25540.859373,0.781250
25541.609373,0.750000
25554.062498,0.734375
25559.453123,0.734375
25560.218748,0.765625
25561.015623,0.796875
25561.812498,0.796875
25562.609373,0.796875
25563.421873,0.812500
25564.203123,0.781250
25564.968748,0.765625
25565.765623,0.796875
25566.546873,0.781250
25567.343748,0.796875
25568.140623,0.796875
25568.921873,0.781250
25569.734373,0.812500
25578.999998,0.750000
25579.718748,0.718750
25580.406248,0.687500
25581.093748,0.687500
25581.781248,0.687500
25582.453123,0.671875
25583.140623,0.687500
25583.874998,0.734375
25596.156248,0.750000
25607.843748,0.781250
25608.624998,0.781250
25609.359373,0.734375
25610.062498,0.703125
25614.484373,0.781250
25632.406248,0.656250
25633.062498,0.656250
25633.687498,0.625000
25646.437498,0.609375
25647.031248,0.593750
25647.640623,0.609375
25648.281248,0.640625
25649.015623,0.734375
25649.765623,0.750000
25650.484373,0.718750
25651.218748,0.734375
25652.015623,0.796875
25652.828123,0.812500
25653.624998,0.796875
25654.343748,0.718750
25655.078123,0.734375
25655.812498,0.734375
25656.515623,0.703125
25657.265623,0.750000
25657.937498,0.671875
25658.609373,0.671875
25659.359373,0.750000
25659.921873,0.562500
25680.609373,0.781250
25681.374998,0.765625
25682.140623,0.765625
25682.953123,0.812500
25683.609373,0.656250
25684.328123,0.718750
25748.312498,0.703125
25749.062498,0.750000
25749.890623,0.828125
25750.749998,0.859375
25751.562498,0.812500
25752.359373,0.796875
25753.171873,0.812500
25753.968748,0.796875
25789.124998,0.781250
25793.906248,0.781250
25794.656248,0.750000
25795.453123,0.796875
25796.234373,0.781250
25797.015623,0.781250
25797.796873,0.781250
25798.578123,0.781250
25799.421873,0.843750
25800.453123,1.031250
25801.296873,0.843750
25802.109373,0.812500
25802.890623,0.781250
25803.703123,0.812500
25804.468748,0.765625
25805.249998,0.781250
25805.968748,0.718750
25822.937498,0.859375
25823.765623,0.828125
25824.546873,0.781250
25825.328123,0.781250
25836.968748,0.859375
25837.718748,0.750000
25838.468748,0.750000
25839.218748,0.750000
25840.015623,0.796875
25840.781248,0.765625
25841.499998,0.718750
25842.281248,0.781250
25867.015623,0.734375
25867.796873,0.781250
25868.484373,0.687500
25877.312498,0.796875
25878.062498,0.750000
25878.796873,0.734375
25879.578123,0.781250
25880.343748,0.765625
25881.156248,0.812500
25881.953123,0.796875
25882.749998,0.796875
25883.562498,0.812500
25884.406248,0.843750
25885.234373,0.828125
25885.874998,0.640625
25889.265623,0.828125
25890.062498,0.796875
25890.828123,0.765625
25891.609373,0.781250
25892.406248,0.796875
25893.187498,0.781250
25893.937498,0.750000
25894.640623,0.703125
25895.406248,0.765625
25896.187498,0.781250
25896.999998,0.812500
25897.765623,0.765625
25898.468748,0.703125
25899.218748,0.750000
25899.968748,0.750000
25900.687498,0.718750
25901.421873,0.734375
25902.156248,0.734375
25902.937498,0.781250
25903.734373,0.796875
25904.531248,0.796875
25905.296873,0.765625
25906.015623,0.718750
25906.749998,0.734375
25907.484373,0.734375
25908.265623,0.781250
25909.078123,0.812500
25909.859373,0.781250
25910.640623,0.781250
25911.421873,0.781250
25912.218748,0.796875
25913.031248,0.812500
25913.843748,0.812500
25914.624998,0.781250
25915.390623,0.765625
25916.156248,0.765625
25916.953123,0.796875
25917.765623,0.812500
25918.593748,0.828125
25919.374998,0.781250
25920.343748,0.968750
25921.124998,0.781250
25921.984373,0.859375
25922.781248,0.796875
25923.531248,0.750000
25924.265623,0.734375
25925.062498,0.796875
25925.874998,0.812500
25926.749998,0.875000
25927.609373,0.859375
25928.421873,0.812500
25929.249998,0.828125
25929.890623,0.640625
25972.359373,0.734375
25977.218748,0.734375
25977.968748,0.750000
25978.749998,0.781250
25979.515623,0.765625
25980.234373,0.718750
25981.171873,0.937500
25981.937498,0.765625
25982.671873,0.734375
25983.421873,0.750000
25984.124998,0.703125
25984.796873,0.671875
25985.515623,0.718750
25986.265623,0.750000
25987.031248,0.765625
25987.687498,0.656250
25992.734373,0.750000
25993.484373,0.750000
25994.203123,0.718750
25997.687498,0.703125
25998.359373,0.671875
25999.062498,0.703125
25999.765623,0.703125
26000.484373,0.718750
26076.031248,0.562500
26111.796873,0.781250
26112.531248,0.734375
26113.249998,0.718750
26113.953123,0.703125
26114.687498,0.734375
26115.468748,0.781250
26116.296873,0.828125
26122.578123,0.687500
26123.281248,0.703125
26123.999998,0.718750
26138.578123,0.828125
26139.343748,0.765625
26140.109373,0.765625
26140.874998,0.765625
26141.671873,0.796875
26142.468748,0.796875
26143.296873,0.828125
26144.343748,1.046875
26194.999998,0.593750
26195.843748,0.843750
26196.515623,0.671875
26197.187498,0.671875
26197.843748,0.656250
26198.515623,0.671875
26204.828123,0.703125
26220.374998,0.609375
26221.015623,0.640625
26235.218748,0.671875
26235.921873,0.703125
26236.640623,0.718750
26237.374998,0.734375
26238.124998,0.750000
26238.812498,0.687500
26251.124998,0.734375
26251.890623,0.765625
26292.999998,0.765625
26293.812498,0.812500
26294.609373,0.796875
26295.359373,0.750000
26296.140623,0.781250
26309.015623,0.734375
26309.796873,0.781250
26310.578123,0.781250
26311.374998,0.796875
26312.171873,0.796875
26312.906248,0.734375
26313.624998,0.718750
26314.328123,0.703125
26315.031248,0.703125
26315.734373,0.703125
26316.484373,0.750000
26317.265623,0.781250
26318.046873,0.781250
26318.874998,0.828125
26319.687498,0.812500
26320.515623,0.828125
26321.312498,0.796875
26343.249998,0.734375
26344.015623,0.765625
26344.812498,0.796875
26345.671873,0.859375
26346.437498,0.765625
26355.374998,0.765625
26356.093748,0.718750
26356.828123,0.734375
26357.546873,0.718750
26358.296873,0.750000
26359.046873,0.750000
26359.796873,0.750000
26360.515623,0.718750
26361.281248,0.765625
26362.046873,0.765625
26362.828123,0.781250
26363.578123,0.750000
26364.328123,0.750000
26365.062498,0.734375
26365.781248,0.718750
26366.531248,0.750000
26367.249998,0.718750
26367.984373,0.734375
26368.687498,0.703125
26369.453123,0.765625
26370.234373,0.781250
26370.953123,0.718750
26371.687498,0.734375
26372.421873,0.734375
26373.156248,0.734375
26373.906248,0.750000
26374.656248,0.750000
26375.374998,0.718750
26376.093748,0.718750
26376.812498,0.718750
26377.593748,0.781250
26378.374998,0.781250
26379.140623,0.765625
26379.859373,0.718750
26414.703123,0.796875
26415.499998,0.796875
26416.249998,0.750000
26417.015623,0.765625
26423.703123,0.781250
26424.484373,0.781250
26425.281248,0.796875
26426.078123,0.796875
26426.874998,0.796875
26427.624998,0.750000
26428.374998,0.750000
26429.124998,0.750000
26429.890623,0.765625
26430.671873,0.781250
26431.437498,0.765625
26432.218748,0.781250
26445.937498,0.796875
26446.734373,0.796875
26447.562498,0.828125
26448.359373,0.796875
26449.156248,0.796875
26449.937498,0.781250
26450.640623,0.703125
26451.437498,0.796875
26452.156248,0.718750
26452.874998,0.718750
26453.640623,0.765625
26454.421873,0.781250
26455.249998,0.828125
26456.078123,0.828125
26456.890623,0.812500
26457.703123,0.812500
26458.546873,0.843750
26459.328123,0.781250
26460.093748,0.765625
26460.812498,0.718750
26461.531248,0.718750
26462.296873,0.765625
26463.078123,0.781250
26463.906248,0.828125
26464.703123,0.796875
26465.484373,0.781250
26466.296873,0.812500
26467.109373,0.812500
26467.937498,0.828125
26468.734373,0.796875
26469.468748,0.734375
26470.234373,0.765625
26470.953123,0.718750
26471.703123,0.750000
26472.390623,0.687500
26473.124998,0.734375
26473.890623,0.765625
26474.671873,0.781250
26475.515623,0.843750
26476.343748,0.828125
26477.171873,0.828125
26477.999998,0.828125
26478.843748,0.843750
26479.624998,0.781250
26480.390623,0.765625
26481.171873,0.781250
26481.906248,0.734375
26482.671873,0.765625
26483.453123,0.781250
26484.234373,0.781250
26497.531248,0.781250
26498.296873,0.765625
26499.031248,0.734375
26499.859373,0.828125
26500.812498,0.953125
26501.890623,1.078125
26502.796873,0.906250
26509.390623,0.687500
26513.671873,0.671875
26514.437498,0.765625
26515.249998,0.812500
26516.109373,0.859375
26516.968748,0.859375
26517.796873,0.828125
26518.593748,0.796875
26525.453123,0.765625
26526.234373,0.781250
26527.046873,0.812500
26527.890623,0.843750
26528.703123,0.812500
26529.484373,0.781250
26530.265623,0.781250
26531.031248,0.765625
26531.781248,0.750000
26532.468748,0.687500
26533.124998,0.656250
26533.765623,0.640625
26534.437498,0.671875
26535.156248,0.718750
26535.968748,0.812500
26536.781248,0.812500
26537.562498,0.781250
26538.374998,0.812500
26539.171873,0.796875
26539.937498,0.765625
26540.656248,0.718750
26541.359373,0.703125
26542.093748,0.734375
26542.828123,0.734375
26543.562498,0.734375
26544.296873,0.734375
26544.984373,0.687500
26545.718748,0.734375
26546.499998,0.781250
26547.312498,0.812500
26548.109373,0.796875
26548.843748,0.734375
26549.562498,0.718750
26550.281248,0.718750
26550.984373,0.703125
26551.671873,0.687500
26552.406248,0.734375
26553.109373,0.703125
26553.843748,0.734375
26554.640623,0.796875
26555.453123,0.812500
26556.249998,0.796875
26557.046873,0.796875
26592.765623,0.734375
26593.484373,0.718750
26594.234373,0.750000
26594.968748,0.734375
26595.687498,0.718750
26596.390623,0.703125
26597.109373,0.718750
26597.812498,0.703125
26598.546873,0.734375
26599.281248,0.734375
26600.046873,0.765625
26600.812498,0.765625
26601.593748,0.781250
26602.437498,0.843750
26603.265623,0.828125
26604.031248,0.765625
26604.781248,0.750000
26605.531248,0.750000
26606.281248,0.750000
26607.031248,0.750000
26607.781248,0.750000
26608.531248,0.750000
26609.281248,0.750000
26610.093748,0.812500
26610.906248,0.812500
26622.109373,0.828125
26622.859373,0.750000
26623.624998,0.765625
26624.328123,0.703125
26625.046873,0.718750
26625.765623,0.718750
26626.515623,0.750000
26627.281248,0.765625
26628.015623,0.734375
26628.765623,0.750000
26629.531248,0.765625
26630.328123,0.796875
26630.937498,0.609375
26637.499998,0.921875
26638.296873,0.796875
26639.046873,0.750000
26639.781248,0.734375
26640.546873,0.765625
26654.109373,0.796875
26654.890623,0.781250
26655.515623,0.625000
26659.437498,0.750000
26660.187498,0.750000
26660.906248,0.718750
26670.156248,0.734375
26670.874998,0.718750
26676.437498,0.796875
26677.218748,0.781250
26677.984373,0.765625
26678.718748,0.734375
26679.437498,0.718750
26680.140623,0.703125
26680.859373,0.718750
26681.593748,0.734375
26682.328123,0.734375
26683.078123,0.750000
26683.859373,0.781250
26684.687498,0.828125
26685.515623,0.828125
26686.328123,0.812500
26687.093748,0.765625
26687.890623,0.796875
26688.671873,0.781250
26689.453123,0.781250
26693.234373,0.796875
26694.046873,0.812500
26694.859373,0.812500
26695.640623,0.781250
26696.437498,0.796875
26697.218748,0.781250
26697.999998,0.781250
26698.765623,0.765625
26699.484373,0.718750
26700.234373,0.750000
26700.999998,0.765625
26701.812498,0.812500
26702.593748,0.781250
26703.406248,0.812500
26704.203123,0.796875
26704.984373,0.781250
26705.734373,0.750000
26706.484373,0.750000
26707.203123,0.718750
26707.953123,0.750000
26708.687498,0.734375
26709.468748,0.781250
26710.234373,0.765625
26711.062498,0.828125
26711.890623,0.828125
26712.718748,0.828125
26713.499998,0.781250
26714.249998,0.750000
26714.999998,0.750000
26715.734373,0.734375
26716.437498,0.703125
26717.140623,0.703125
26717.874998,0.734375
26731.156248,0.640625
26731.812498,0.656250
26732.499998,0.687500
26733.187498,0.687500
26733.953123,0.765625
26734.718748,0.765625
26735.484373,0.765625
26736.265623,0.781250
26737.031248,0.765625
26737.812498,0.781250
26738.562498,0.750000
26739.296873,0.734375
26740.031248,0.734375
26740.749998,0.718750
26741.468748,0.718750
26742.187498,0.718750
26742.921873,0.734375
26743.687498,0.765625
26744.437498,0.750000
26745.171873,0.734375
26745.906248,0.734375
26746.656248,0.750000
26747.406248,0.750000
26748.156248,0.750000
26748.874998,0.718750
26749.609373,0.734375
26750.390623,0.781250
26751.109373,0.718750
26751.843748,0.734375
26764.468748,0.703125
26765.171873,0.703125
26765.874998,0.703125
26766.562498,0.687500
26767.312498,0.750000
26768.078123,0.765625
26768.828123,0.750000
26769.640623,0.812500
26770.421873,0.781250
26771.203123,0.781250
26771.953123,0.750000
26772.671873,0.718750
26773.390623,0.718750
26774.109373,0.718750
26774.828123,0.718750
26775.562498,0.734375
26776.265623,0.703125
26827.281248,0.718750
26827.999998,0.718750
26828.781248,0.781250
26867.015623,0.750000
26867.718748,0.703125
26868.421873,0.703125
26869.093748,0.671875
26869.796873,0.703125
26870.499998,0.703125
26871.218748,0.718750
26871.921873,0.703125
26872.624998,0.703125
26873.328123,0.703125
26874.093748,0.765625
26874.859373,0.765625
26875.640623,0.781250
26876.406248,0.765625
26877.156248,0.750000
26877.921873,0.765625
26878.703123,0.781250
26879.499998,0.796875
26880.281248,0.781250
26881.062498,0.781250
26881.843748,0.781250
26882.796873,0.953125
26883.578123,0.781250
26884.359373,0.781250
26885.140623,0.781250
26885.906248,0.765625
26886.703123,0.796875
26887.515623,0.812500
26888.328123,0.812500
26889.140623,0.812500
26889.937498,0.796875
26890.718748,0.781250
26891.484373,0.765625
26892.234373,0.750000
26892.968748,0.734375
26893.703123,0.734375
26894.468748,0.765625
26903.640623,0.734375
26904.374998,0.734375
26948.703123,0.625000
26977.156248,0.796875
26977.937498,0.781250
26978.749998,0.812500
26979.546873,0.796875
27064.984373,0.796875
27065.796873,0.812500
27066.624998,0.828125
27067.421873,0.796875
27068.265623,0.843750
27069.156248,0.890625
27074.812498,0.765625
27096.374998,0.796875
27097.406248,1.031250
27133.953123,0.828125
27134.687498,0.734375
27135.531248,0.843750
27136.312498,0.781250
27175.749998,0.796875
27176.546873,0.796875
27177.468748,0.921875
27178.328123,0.859375
27179.296873,0.968750
27180.078123,0.781250
27180.765623,0.687500
27181.640623,0.875000
27182.468748,0.828125
27183.359373,0.890625
27184.093748,0.734375
27197.859373,0.812500
27212.609373,0.765625
27213.390623,0.781250
27237.156248,0.812500
27237.968748,0.812500
27238.843748,0.875000
27239.671873,0.828125
27240.515623,0.843750
27241.312498,0.796875
27242.156248,0.843750
27242.984373,0.828125
27243.812498,0.828125
27273.624998,0.734375
27274.328123,0.703125
27275.031248,0.703125
27275.796873,0.765625
27284.796873,0.812500
27285.640623,0.843750
27286.468748,0.828125
27287.281248,0.812500
27288.093748,0.812500
27288.906248,0.812500
27289.718748,0.812500
27290.546873,0.828125
27291.343748,0.796875
27292.156248,0.812500
27292.984373,0.828125
27293.843748,0.859375
27294.687498,0.843750
27295.531248,0.843750
27296.343748,0.812500
27297.156248,0.812500
27297.984373,0.828125
27298.796873,0.812500
27310.656248,0.796875
27311.453123,0.796875
27312.218748,0.765625
27313.046873,0.828125
27313.843748,0.796875
27314.609373,0.765625
27315.421873,0.812500
27316.249998,0.828125
27317.109373,0.859375
27317.968748,0.859375
27318.812498,0.843750
27319.640623,0.828125
27320.484373,0.843750
27321.312498,0.828125
27322.124998,0.812500
27322.921873,0.796875
27323.734373,0.812500
27324.546873,0.812500
27325.374998,0.828125
27326.234373,0.859375
27327.093748,0.859375
27327.937498,0.843750
27328.718748,0.781250
27329.515623,0.796875
27330.281248,0.765625
27351.109373,0.859375
27351.953123,0.843750
27352.765623,0.812500
27353.562498,0.796875
27354.343748,0.781250
27355.140623,0.796875
27355.921873,0.781250
27356.703123,0.781250
27357.484373,0.781250
27358.218748,0.734375
27359.015623,0.796875
27359.828123,0.812500
27360.671873,0.843750
27366.281248,0.781250
27367.031248,0.750000
27367.796873,0.765625
27368.578123,0.781250
27369.390623,0.812500
27370.187498,0.796875
27370.968748,0.781250
27371.781248,0.812500
27372.562498,0.781250
27373.343748,0.781250
27374.109373,0.765625
27374.890623,0.781250
27375.624998,0.734375
27376.328123,0.703125
27377.062498,0.734375
27377.859373,0.796875
27378.671873,0.812500
27379.468748,0.796875
27380.281248,0.812500
27381.109373,0.828125
27381.921873,0.812500
27382.734373,0.812500
27383.515623,0.781250
27389.281248,0.718750
27389.999998,0.718750
27390.749998,0.750000
27391.515623,0.765625
27392.281248,0.765625
27392.999998,0.718750
27393.687498,0.687500
27394.359373,0.671875
27395.046873,0.687500
27395.796873,0.750000
27396.656248,0.859375
27397.515623,0.859375
27398.312498,0.796875
27399.078123,0.765625
27399.890623,0.812500
27400.687498,0.796875
27401.484373,0.796875
27402.296873,0.812500
27403.109373,0.812500
27403.890623,0.781250
27404.656248,0.765625
27405.468748,0.812500
27406.359373,0.890625
27407.234373,0.875000
27408.109373,0.875000
27408.953123,0.843750
27409.734373,0.781250
27410.531248,0.796875
27411.312498,0.781250
27412.140623,0.828125
27412.984373,0.843750
27413.843748,0.859375
27414.656248,0.812500
27415.468748,0.812500
27416.296873,0.828125
27417.156248,0.859375
27417.999998,0.843750
27418.843748,0.843750
27419.671873,0.828125
27420.453123,0.781250
27421.265623,0.812500
27422.062498,0.796875
27422.859373,0.796875
27423.640623,0.781250
27424.374998,0.734375
27425.109373,0.734375
27425.859373,0.750000
27426.656248,0.796875
27427.453123,0.796875
27428.187498,0.734375
27428.906248,0.718750
27429.687498,0.781250
27430.515623,0.828125
27431.343748,0.828125
27432.124998,0.781250
27432.843748,0.718750
27433.562498,0.718750
27434.296873,0.734375
27435.015623,0.718750
27435.765623,0.750000
27436.562498,0.796875
27437.312498,0.750000
27438.078123,0.765625
27438.906248,0.828125
27439.734373,0.828125
27440.562498,0.828125
27441.390623,0.828125
27442.156248,0.765625
27442.937498,0.781250
27443.734373,0.796875
27444.515623,0.781250
27445.312498,0.796875
27446.109373,0.796875
27446.859373,0.750000
27447.578123,0.718750
27448.343748,0.765625
27449.156248,0.812500
27449.999998,0.843750
27450.843748,0.843750
27451.656248,0.812500
27452.437498,0.781250
27453.249998,0.812500
27454.046873,0.796875
27454.859373,0.812500
27455.640623,0.781250
27456.406248,0.765625
27457.124998,0.718750
27457.843748,0.718750
27458.609373,0.765625
27459.437498,0.828125
27460.249998,0.812500
27461.062498,0.812500
27461.796873,0.734375
27462.531248,0.734375
27463.281248,0.750000
27486.781248,0.859375
27487.609373,0.828125
27488.406248,0.796875
27489.187498,0.781250
27489.953123,0.765625
27490.718748,0.765625
27491.468748,0.750000
27492.218748,0.750000
27492.999998,0.781250
27493.843748,0.843750
27494.703123,0.859375
27495.546873,0.843750
27496.374998,0.828125
27497.234373,0.859375
27498.062498,0.828125
27498.890623,0.828125
27512.874998,0.781250
27513.640623,0.765625
27514.437498,0.796875
27534.562498,0.765625
27535.343748,0.781250
27536.124998,0.781250
27536.921873,0.796875
27537.718748,0.796875
27538.453123,0.734375
27557.468748,0.625000
27563.296873,0.593750
27563.953123,0.656250
27564.593748,0.640625
27565.187498,0.593750
27565.796873,0.609375
27566.390623,0.593750
27566.968748,0.578125
27567.562498,0.593750
27568.234373,0.671875
27568.937498,0.703125
27569.671873,0.734375
27570.421873,0.750000
27571.109373,0.687500
27574.984373,0.687500
27575.749998,0.765625
27576.531248,0.781250
27577.281248,0.750000
27608.156248,0.875000
27609.015623,0.859375
27609.812498,0.796875
27610.624998,0.812500
27611.437498,0.812500
27612.234373,0.796875
27612.984373,0.750000
27613.843748,0.859375
27614.609373,0.765625
27615.343748,0.734375
27616.156248,0.812500
27616.984373,0.828125
27617.859373,0.875000
27618.734373,0.875000
27619.562498,0.828125
27620.374998,0.812500
27621.187498,0.812500
27621.999998,0.812500
27622.749998,0.750000
27623.515623,0.765625
27624.265623,0.750000
27625.046873,0.781250
27625.828123,0.781250
27626.640623,0.812500
27627.406248,0.765625
27628.171873,0.765625
27628.937498,0.765625
27629.734373,0.796875
27630.515623,0.781250
27631.296873,0.781250
27632.093748,0.796875
27632.890623,0.796875
27633.624998,0.734375
27634.343748,0.718750
27635.031248,0.687500
27635.687498,0.656250
27636.374998,0.687500
27637.031248,0.656250
27637.749998,0.718750
27638.531248,0.781250
27639.265623,0.734375
27639.984373,0.718750
27640.656248,0.671875
27645.374998,0.671875
27646.062498,0.687500
27646.828123,0.765625
27647.624998,0.796875
27648.406248,0.781250
27649.140623,0.734375
27649.859373,0.718750
27650.531248,0.671875
27651.203123,0.671875
27651.906248,0.703125
27652.640623,0.734375
27653.390623,0.750000
27654.140623,0.750000
27654.859373,0.718750
27655.578123,0.718750
27656.312498,0.734375
27657.078123,0.765625
27657.859373,0.781250
27658.640623,0.781250
27659.421873,0.781250
27660.218748,0.796875
27661.031248,0.812500
27661.859373,0.828125
27662.703123,0.843750
27663.531248,0.828125
27664.343748,0.812500
27665.156248,0.812500
27665.984373,0.828125
27666.812498,0.828125
27667.624998,0.812500
27668.421873,0.796875
27669.218748,0.796875
27670.015623,0.796875
27670.828123,0.812500
27671.656248,0.828125
27672.531248,0.875000
27680.437498,0.765625
27681.218748,0.781250
27681.999998,0.781250
27682.765623,0.765625
27683.515623,0.750000
27684.234373,0.718750
27684.921873,0.687500
27685.624998,0.703125
27686.359373,0.734375
27687.093748,0.734375
27687.828123,0.734375
27688.562498,0.734375
27689.312498,0.750000
27690.109373,0.796875
27690.906248,0.796875
27691.718748,0.812500
27692.515623,0.796875
27693.296873,0.781250
27694.062498,0.765625
27694.796873,0.734375
27695.562498,0.765625
27696.296873,0.734375
27697.015623,0.718750
27697.734373,0.718750
27698.484373,0.750000
27699.249998,0.765625
27700.046873,0.796875
27700.828123,0.781250
27701.578123,0.750000
27702.343748,0.765625
27703.109373,0.765625
27703.890623,0.781250
27704.671873,0.781250
27705.437498,0.765625
27706.156248,0.718750
27706.890623,0.734375
27707.640623,0.750000
27708.421873,0.781250
27709.234373,0.812500
27710.015623,0.781250
27710.796873,0.781250
27711.546873,0.750000
27712.281248,0.734375
27713.046873,0.765625
27713.796873,0.750000
27714.531248,0.734375
27715.265623,0.734375
27715.999998,0.734375
27716.765623,0.765625
27717.515623,0.750000
27718.312498,0.796875
27719.062498,0.750000
27719.828123,0.765625
27720.609373,0.781250
27721.390623,0.781250
27722.171873,0.781250
27722.937498,0.765625
27723.671873,0.734375
27724.578123,0.906250
27725.312498,0.734375
27726.062498,0.750000
27726.828123,0.765625
27727.578123,0.750000
27728.312498,0.734375
27729.046873,0.734375
27729.781248,0.734375
27730.531248,0.750000
27731.203123,0.671875
27751.078123,0.937500
27778.281248,0.828125
27779.046873,0.765625
27806.453123,0.796875
27807.234373,0.781250
27808.078123,0.843750
27849.328123,0.812500
27850.171873,0.843750
27857.984373,0.890625
27858.781248,0.796875
27859.578123,0.796875
27865.109373,0.781250
27865.921873,0.812500
27866.734373,0.812500
27867.546873,0.812500
27873.953123,0.843750
27874.765623,0.812500
27875.546873,0.781250
27876.343748,0.796875
27877.187498,0.843750
27877.999998,0.812500
27878.749998,0.750000
27879.546873,0.796875
27880.203123,0.656250
27881.124998,0.921875
27881.968748,0.843750
27882.796873,0.828125
27883.609373,0.812500
27884.421873,0.812500
27885.265623,0.843750
27886.093748,0.828125
27886.921873,0.828125
27887.703123,0.781250
27903.781248,0.734375
27904.765623,0.984375
27911.124998,0.828125
27911.890623,0.765625
27912.687498,0.796875
27918.890623,0.796875
27919.656248,0.765625
27920.453123,0.796875
27921.265623,0.812500
27922.015623,0.750000
27922.749998,0.734375
27923.484373,0.734375
27924.234373,0.750000
27924.999998,0.765625
27925.749998,0.750000
27926.499998,0.750000
27927.249998,0.750000
27928.015623,0.765625
27928.812498,0.796875
27929.640623,0.828125
27937.312498,0.812500
27938.109373,0.796875
27938.890623,0.781250
27939.687498,0.796875
27940.484373,0.796875
27941.281248,0.796875
27942.031248,0.750000
27942.781248,0.750000
27943.546873,0.765625
27944.328123,0.781250
27945.124998,0.796875
27945.906248,0.781250
27946.703123,0.796875
27947.499998,0.796875
27948.343748,0.843750
27949.171873,0.828125
27950.015623,0.843750
27950.843748,0.828125
27951.656248,0.812500
27952.484373,0.828125
27953.328123,0.843750
27954.187498,0.859375
27955.046873,0.859375
27955.890623,0.843750
27956.734373,0.843750
27957.578123,0.843750
27958.374998,0.796875
27959.156248,0.781250
27959.968748,0.812500
27960.781248,0.812500
27961.609373,0.828125
27962.390623,0.781250
27963.187498,0.796875
27963.999998,0.812500
27964.796873,0.796875
27965.765623,0.968750
27966.546873,0.781250
27971.749998,0.765625
27972.515623,0.765625
27973.281248,0.765625
27973.999998,0.718750
27974.749998,0.750000
27975.515623,0.765625
27976.265623,0.750000
27976.984373,0.718750
27977.749998,0.765625
27978.468748,0.718750
27979.218748,0.750000
27979.984373,0.765625
28015.343748,0.703125
28016.046873,0.703125
28016.812498,0.765625
28017.562498,0.750000
28022.062498,0.750000
28037.765623,0.687500
28038.515623,0.750000
28039.296873,0.781250
28040.031248,0.734375
28040.765623,0.734375
28041.546873,0.781250
28042.390623,0.843750
28043.234373,0.843750
28044.078123,0.843750
28051.374998,0.796875
28052.234373,0.859375
28053.078123,0.843750
28053.921873,0.843750
28054.687498,0.765625
28055.484373,0.796875
28056.265623,0.781250
28068.265623,0.765625
28073.109373,0.796875
28073.937498,0.828125
28074.734373,0.796875
28075.593748,0.859375
28076.374998,0.781250
28077.203123,0.828125
28078.046873,0.843750
28078.843748,0.796875
28079.671873,0.828125
28080.484373,0.812500
28081.281248,0.796875
28082.124998,0.843750
28082.937498,0.812500
28145.093748,0.734375
28146.015623,0.921875
28146.968748,0.953125
28161.781248,0.734375
28162.453123,0.671875
28163.124998,0.671875
28163.828123,0.703125
28164.499998,0.671875
28165.203123,0.703125
28165.921873,0.718750
28166.609373,0.687500
28167.328123,0.718750
28168.078123,0.750000
28168.828123,0.750000
28169.578123,0.750000
28170.312498,0.734375
28171.062498,0.750000
28171.828123,0.765625
28172.609373,0.781250
28173.406248,0.796875
28174.156248,0.750000
28174.968748,0.812500
28175.796873,0.828125
28176.640623,0.843750
28177.468748,0.828125
28178.281248,0.812500
28179.109373,0.828125
28179.937498,0.828125
28180.749998,0.812500
28181.781248,1.031250
28187.218748,0.859375
28188.078123,0.859375
28196.578123,0.828125
28197.390623,0.812500
28198.203123,0.812500
28198.984373,0.781250
28199.765623,0.781250
28203.562498,0.765625
28204.390623,0.828125
28205.234373,0.843750
28206.078123,0.843750
28206.921873,0.843750
28207.734373,0.812500
28208.531248,0.796875
28209.343748,0.812500
28210.156248,0.812500
28210.953123,0.796875
28211.734373,0.781250
28212.515623,0.781250
28213.343748,0.828125
28214.171873,0.828125
28215.015623,0.843750
28215.843748,0.828125
28216.656248,0.812500
28217.468748,0.812500
28218.296873,0.828125
28219.109373,0.812500
28219.906248,0.796875
28220.703123,0.796875
28221.546873,0.843750
28222.390623,0.843750
28223.218748,0.828125
28224.031248,0.812500
28224.984373,0.953125
28237.374998,0.812500
28238.171873,0.796875
28238.999998,0.828125
28239.796873,0.796875
28240.640623,0.843750
28241.499998,0.859375
28242.359373,0.859375
28243.203123,0.843750
28244.031248,0.828125
28249.078123,0.828125
28249.921873,0.843750
28250.765623,0.843750
28251.609373,0.843750
28252.281248,0.671875
28253.203123,0.921875
28253.984373,0.781250
28254.781248,0.796875
28255.609373,0.828125
28256.406248,0.796875
28257.218748,0.812500
28258.031248,0.812500
28258.874998,0.843750
28267.453123,0.828125
28286.046873,0.812500
28286.874998,0.828125
28291.859373,0.812500
28292.687498,0.828125
28293.453123,0.765625
28294.234373,0.781250
28295.031248,0.796875
28295.781248,0.750000
28322.093748,0.812500
28322.890623,0.796875
28323.687498,0.796875
28324.468748,0.781250
28325.281248,0.812500
28326.124998,0.843750
28326.953123,0.828125
28327.749998,0.796875
28328.593748,0.843750
28329.406248,0.812500
28330.218748,0.812500
28330.999998,0.781250
28331.749998,0.750000
28339.187498,0.734375
28339.953123,0.765625
28340.828123,0.875000
28341.593748,0.765625
28346.953123,0.812500
28347.781248,0.828125
28348.546873,0.765625
28349.296873,0.750000
28350.062498,0.765625
28363.953123,0.734375
28364.687498,0.734375
28365.390623,0.703125
28366.203123,0.812500
28366.953123,0.750000
28367.734373,0.781250
28368.515623,0.781250
28369.265623,0.750000
28369.968748,0.703125
28370.734373,0.765625
28371.531248,0.796875
28372.296873,0.765625
28373.078123,0.781250
28373.843748,0.765625
28374.609373,0.765625
28375.374998,0.765625
28376.156248,0.781250
28376.921873,0.765625
28377.703123,0.781250
28378.468748,0.765625
28379.218748,0.750000
28379.968748,0.750000
28380.749998,0.781250
28381.593748,0.843750
28382.437498,0.843750
28383.249998,0.812500
28384.062498,0.812500
28384.874998,0.812500
28385.859373,0.984375
28386.671873,0.812500
28387.406248,0.734375
28388.124998,0.718750
28388.859373,0.734375
28389.593748,0.734375
28390.390623,0.796875
28391.171873,0.781250
28391.984373,0.812500
28392.843748,0.859375
28393.703123,0.859375
28394.531248,0.828125
28395.343748,0.812500
28396.156248,0.812500
28396.953123,0.796875
28397.749998,0.796875
28398.531248,0.781250
28399.312498,0.781250
28400.124998,0.812500
28400.953123,0.828125
28401.828123,0.875000
28402.687498,0.859375
28403.578123,0.890625
28404.453123,0.875000
28405.312498,0.859375
28406.140623,0.828125
28406.953123,0.812500
28407.781248,0.828125
28408.609373,0.828125
28409.421873,0.812500
28410.265623,0.843750
28411.124998,0.859375
28412.015623,0.890625
28412.890623,0.875000
28413.749998,0.859375
28414.624998,0.875000
28415.484373,0.859375
28416.343748,0.859375
28417.156248,0.812500
28417.953123,0.796875
28418.765623,0.812500
28419.609373,0.843750
28420.437498,0.828125
28421.265623,0.828125
28475.953123,1.093750
28603.468748,0.828125
28604.312498,0.843750
28605.156248,0.843750
28605.953123,0.796875
28606.718748,0.765625
28607.484373,0.765625
28608.218748,0.734375
28609.015623,0.796875
28609.812498,0.796875
28610.609373,0.796875
28611.468748,0.859375
28612.343748,0.875000
28613.218748,0.875000
28614.046873,0.828125
28614.874998,0.828125
28615.718748,0.843750
28616.546873,0.828125
28617.359373,0.812500
28618.140623,0.781250
28618.921873,0.781250
28619.718748,0.796875
28620.593748,0.875000
28621.484373,0.890625
28622.343748,0.859375
28623.249998,0.906250
28624.156248,0.906250
28625.015623,0.859375
28625.843748,0.828125
28626.828123,0.984375
28627.656248,0.828125
28628.484373,0.828125
28629.265623,0.781250
28647.218748,0.812500
28648.062498,0.843750
28648.906248,0.843750
28649.734373,0.828125
28650.531248,0.796875
28651.328123,0.796875
28652.124998,0.796875
28652.937498,0.812500
28653.734373,0.796875
28654.609373,0.875000
28655.312498,0.703125
28655.968748,0.656250
28656.890623,0.921875
28657.718748,0.828125
28683.109373,0.859375
28683.921873,0.812500
28684.749998,0.828125
28702.953123,0.781250
28712.781248,0.859375
28713.624998,0.843750
28714.406248,0.781250
28715.156248,0.750000
28715.953123,0.796875
28716.765623,0.812500
28717.609373,0.843750
28718.421873,0.812500
28719.218748,0.796875
28720.031248,0.812500
28720.874998,0.843750
28721.703123,0.828125
28722.468748,0.765625
28723.249998,0.781250
28723.999998,0.750000
28724.749998,0.750000
28725.468748,0.718750
28726.203123,0.734375
28726.937498,0.734375
28727.718748,0.781250
28728.531248,0.812500
28729.312498,0.781250
28730.140623,0.828125
28730.890623,0.750000
28738.062498,0.750000
28738.828123,0.765625
28739.640623,0.812500
28740.406248,0.765625
28741.171873,0.765625
28741.937498,0.765625
28742.734373,0.796875
28743.515623,0.781250
28744.281248,0.765625
28745.031248,0.750000
28745.796873,0.765625
28746.718748,0.921875
28747.468748,0.750000
28748.265623,0.796875
28749.093748,0.828125
28749.921873,0.828125
28750.687498,0.765625
28751.515623,0.828125
28752.328123,0.812500
28753.078123,0.750000
28753.828123,0.750000
28754.562498,0.734375
28755.359373,0.796875
28756.156248,0.796875
28756.953123,0.796875
28757.734373,0.781250
28758.515623,0.781250
28763.187498,0.812500
28763.984373,0.796875
28764.734373,0.750000
28765.484373,0.750000
28766.265623,0.781250
28767.031248,0.765625
28767.828123,0.796875
28768.562498,0.734375
28769.281248,0.718750
28770.109373,0.828125
28770.874998,0.765625
28771.656248,0.781250
28772.453123,0.796875
28773.265623,0.812500
28774.093748,0.828125
28774.937498,0.843750
28775.749998,0.812500
28776.546873,0.796875
28777.296873,0.750000
28778.031248,0.734375
28778.749998,0.718750
28779.421873,0.671875
28780.187498,0.765625
28781.031248,0.843750
28781.906248,0.875000
28782.734373,0.828125
28783.562498,0.828125
28784.406248,0.843750
28785.249998,0.843750
28786.046873,0.796875
28786.828123,0.781250
28787.624998,0.796875
28788.343748,0.718750
28789.078123,0.734375
28789.781248,0.703125
28790.484373,0.703125
28791.187498,0.703125
28791.906248,0.718750
28792.656248,0.750000
28793.531248,0.875000
28794.421873,0.890625
28804.249998,0.765625
28813.515623,0.687500
28840.265623,0.718750
28840.968748,0.703125
28841.687498,0.718750
28842.437498,0.750000
28843.234373,0.796875
28844.078123,0.843750
28844.874998,0.796875
28845.656248,0.781250
28846.421873,0.765625
28847.203123,0.781250
28848.015623,0.812500
28848.828123,0.812500
28849.640623,0.812500
28850.453123,0.812500
28851.281248,0.828125
28852.124998,0.843750
28852.968748,0.843750
28853.765623,0.796875
28854.546873,0.781250
28855.359373,0.812500
28856.171873,0.812500
28856.984373,0.812500
28857.796873,0.812500
28858.640623,0.843750
28859.531248,0.890625
28860.406248,0.875000
28861.281248,0.875000
28862.124998,0.843750
28862.937498,0.812500
28863.765623,0.828125
28864.531248,0.765625
28865.296873,0.765625
28866.093748,0.796875
28867.078123,0.984375
28867.906248,0.828125
28868.749998,0.843750
28869.578123,0.828125
28870.421873,0.843750
28871.281248,0.859375
28872.078123,0.796875
28872.843748,0.765625
28873.624998,0.781250
28874.343748,0.718750
28875.093748,0.750000
28875.859373,0.765625
28876.609373,0.750000
28877.406248,0.796875
28878.187498,0.781250
28879.015623,0.828125
28879.796873,0.781250
28880.562498,0.765625
28909.078123,0.843750
28909.968748,0.890625
28910.874998,0.906250
28911.687498,0.812500
28912.499998,0.812500
28913.296873,0.796875
28914.093748,0.796875
28914.874998,0.781250
28915.671873,0.796875
28916.421873,0.750000
28917.140623,0.718750
28917.874998,0.734375
28918.749998,0.875000
28919.640623,0.890625
28920.515623,0.875000
28921.406248,0.890625
28922.265623,0.859375
28930.953123,0.921875
28931.828123,0.875000
28932.703123,0.875000
28933.562498,0.859375
28934.390623,0.828125
28935.203123,0.812500
28935.968748,0.765625
28936.687498,0.718750
28937.499998,0.812500
28938.312498,0.812500
28939.156248,0.843750
28940.015623,0.859375
28940.843748,0.828125
28941.687498,0.843750
28942.515623,0.828125
28943.328123,0.812500
28944.140623,0.812500
28944.921873,0.781250
28945.734373,0.812500
28946.515623,0.781250
28947.281248,0.765625
28948.062498,0.781250
28948.843748,0.781250
28949.703123,0.859375
28950.609373,0.906250
28951.468748,0.859375
28952.359373,0.890625
28953.203123,0.843750
28954.046873,0.843750
28954.890623,0.843750
28955.734373,0.843750
28956.562498,0.828125
28957.359373,0.796875
28958.203123,0.843750
28963.046873,0.812500
28963.890623,0.843750
28964.656248,0.765625
28965.406248,0.750000
28966.234373,0.828125
28972.312498,0.765625
28973.046873,0.734375
28973.953123,0.906250
28994.234373,0.781250
28995.046873,0.812500
28995.843748,0.796875
28996.609373,0.765625
28997.390623,0.781250
28998.218748,0.828125
28999.015623,0.796875
28999.812498,0.796875
29000.593748,0.781250
29001.406248,0.812500
29002.187498,0.781250
29002.984373,0.796875
29003.765623,0.781250
29004.531248,0.765625
29005.343748,0.812500
29006.140623,0.796875
29006.921873,0.781250
29007.703123,0.781250
29008.453123,0.750000
29009.234373,0.781250
29010.031248,0.796875
29010.812498,0.781250
29011.546873,0.734375
29012.265623,0.718750
29013.015623,0.750000
29013.812498,0.796875
29014.624998,0.812500
29015.437498,0.812500
29039.718748,0.656250
29040.578123,0.859375
29041.359373,0.781250
29042.124998,0.765625
29042.859373,0.734375
29043.562498,0.703125
29044.265623,0.703125
29044.968748,0.703125
29045.749998,0.781250
29046.499998,0.750000
29047.218748,0.718750
29047.953123,0.734375
29048.734373,0.781250
29049.515623,0.781250
29050.359373,0.843750
29051.124998,0.765625
29051.874998,0.750000
29052.671873,0.796875
29076.015623,0.734375
29081.906248,0.765625
29082.718748,0.812500
29083.562498,0.843750
29088.234373,0.796875
29088.984373,0.750000
29089.781248,0.796875
29090.578123,0.796875
29091.578123,1.000000
29128.562498,0.750000
29129.328123,0.765625
29130.109373,0.781250
29130.906248,0.796875
29131.687498,0.781250
29132.484373,0.796875
29133.249998,0.765625
29134.046873,0.796875
29134.859373,0.812500
29135.656248,0.796875
29136.437498,0.781250
29137.156248,0.718750
29137.968748,0.812500
29138.796873,0.828125
29139.624998,0.828125
29140.406248,0.781250
29141.171873,0.765625
29141.984373,0.812500
29142.796873,0.812500
29149.328123,0.765625
29150.109373,0.781250
29150.906248,0.796875
29151.749998,0.843750
29152.578123,0.828125
29153.421873,0.843750
29154.234373,0.812500
29154.937498,0.703125
29184.984373,0.812500
29185.765623,0.781250
29203.390623,0.750000
29204.156248,0.765625
29204.937498,0.781250
29205.718748,0.781250
29206.515623,0.796875
29207.281248,0.765625
29208.031248,0.750000
29208.781248,0.750000
29209.578123,0.796875
29309.046873,0.781250
29309.843748,0.796875
29310.703123,0.859375
29362.234373,0.828125
29363.062498,0.828125
29363.984373,0.921875
29364.781248,0.796875
29365.593748,0.812500
29366.374998,0.781250
29367.187498,0.812500
29368.046873,0.859375
29406.734373,0.812500
29407.531248,0.796875
29408.531248,1.000000
29409.390623,0.859375
29410.218748,0.828125
29411.062498,0.843750
29411.906248,0.843750
29412.781248,0.875000
29413.656248,0.875000
29414.515623,0.859375
29418.796873,0.875000
29419.671873,0.875000
29420.531248,0.859375
29421.374998,0.843750
29422.187498,0.812500
29423.031248,0.843750
29423.921873,0.890625
29424.781248,0.859375
29425.640623,0.859375
29426.484373,0.843750
29427.343748,0.859375
29428.218748,0.875000
29429.062498,0.843750
29429.874998,0.812500
29430.734373,0.859375
29431.578123,0.843750
29432.453123,0.875000
29433.296873,0.843750
29434.187498,0.890625
29435.078123,0.890625
29435.968748,0.890625
29436.781248,0.812500
29437.609373,0.828125
29438.437498,0.828125
29439.265623,0.828125
29440.078123,0.812500
29440.874998,0.796875
29441.687498,0.812500
29442.531248,0.843750
29443.343748,0.812500
29444.171873,0.828125
29445.015623,0.843750
29445.874998,0.859375
29446.718748,0.843750
29447.515623,0.796875
29448.296873,0.781250
29449.062498,0.765625
29449.859373,0.796875
29450.656248,0.796875
29451.437498,0.781250
29452.249998,0.812500
29453.062498,0.812500
29453.890623,0.828125
29454.703123,0.812500
29455.499998,0.796875
29456.265623,0.765625
29457.062498,0.796875
29457.843748,0.781250
29458.609373,0.765625
29459.374998,0.765625
29460.156248,0.781250
29460.953123,0.796875
29461.796873,0.843750
29462.593748,0.796875
29463.406248,0.812500
29464.218748,0.812500
29465.046873,0.828125
29465.859373,0.812500
29466.656248,0.796875
29467.437498,0.781250
29468.249998,0.812500
29469.249998,1.000000
29470.124998,0.875000
29470.937498,0.812500
29471.749998,0.812500
29472.578123,0.828125
29473.406248,0.828125
29474.234373,0.828125
29475.062498,0.828125
29475.828123,0.765625
29476.609373,0.781250
29477.406248,0.796875
29478.203123,0.796875
29512.984373,0.812500
29513.781248,0.796875
29514.531248,0.750000
29515.281248,0.750000
29528.578123,0.671875
29529.328123,0.750000
29530.078123,0.750000
29530.843748,0.765625
29531.624998,0.781250
29532.437498,0.812500
29533.296873,0.859375
29534.124998,0.828125
29534.921873,0.796875
29535.749998,0.828125
29536.562498,0.812500
29537.343748,0.781250
29538.124998,0.781250
29538.874998,0.750000
29539.640623,0.765625
29540.437498,0.796875
29541.249998,0.812500
29542.046873,0.796875
29542.812498,0.765625
29543.609373,0.796875
29569.187498,0.796875
29569.968748,0.781250
29570.765623,0.796875
29571.531248,0.765625
29572.328123,0.796875
29573.124998,0.796875
29573.937498,0.812500
29574.734373,0.796875
29575.499998,0.765625
29576.281248,0.781250
29577.062498,0.781250
29577.874998,0.812500
29578.703123,0.828125
29579.499998,0.796875
29580.328123,0.828125
29581.156248,0.828125
29581.968748,0.812500
29582.749998,0.781250
29583.546873,0.796875
29584.374998,0.828125
29585.218748,0.843750
29586.062498,0.843750
29586.890623,0.828125
29587.718748,0.828125
29588.531248,0.812500
29589.499998,0.968750
29590.265623,0.765625
29591.031248,0.765625
29591.812498,0.781250
29592.640623,0.828125
29593.453123,0.812500
29594.265623,0.812500
29595.078123,0.812500
29595.890623,0.812500
29596.656248,0.765625
29597.437498,0.781250
29598.156248,0.718750
29598.859373,0.703125
29599.562498,0.703125
29600.234373,0.671875
29600.906248,0.671875
29601.593748,0.687500
29602.312498,0.718750
29602.874998,0.562500
29607.390623,0.640625
29607.999998,0.609375
29608.656248,0.656250
29609.296873,0.640625
29609.921873,0.625000
29610.531248,0.609375
29611.140623,0.609375
29611.781248,0.640625
29612.484373,0.703125
29613.187498,0.703125
29613.890623,0.703125
29618.656248,0.656250
29634.390623,0.718750
29635.156248,0.765625
29635.953123,0.796875
29636.765623,0.812500
29637.531248,0.765625
29656.484373,0.812500
29657.343748,0.859375
29658.218748,0.875000
29659.015623,0.796875
29659.859373,0.843750
29660.687498,0.828125
29661.546873,0.859375
29662.390623,0.843750
29663.203123,0.812500
29664.015623,0.812500
29664.890623,0.875000
29665.765623,0.875000
29666.656248,0.890625
29667.515623,0.859375
29668.374998,0.859375
29669.265623,0.890625
29670.156248,0.890625
29671.031248,0.875000
29671.874998,0.843750
29672.765623,0.890625
29680.796873,0.718750
29681.468748,0.671875
29686.109373,0.859375
29686.953123,0.843750
29687.812498,0.859375
29688.687498,0.875000
29689.578123,0.890625
29690.437498,0.859375
29691.328123,0.890625
29692.453123,1.125000
29699.156248,0.859375
29700.031248,0.875000
29700.968748,0.937500
29728.328123,0.812500
29729.156248,0.828125
29729.953123,0.796875
29730.609373,0.656250
29731.546873,0.937500
29751.187498,0.812500
29751.968748,0.781250
29752.781248,0.812500
29753.624998,0.843750
29754.531248,0.906250
29755.406248,0.875000
29756.265623,0.859375
29757.156248,0.890625
29758.046873,0.890625
29758.874998,0.828125
29759.656248,0.781250
29760.453123,0.796875
29761.265623,0.812500
29762.046873,0.781250
29762.874998,0.828125
29763.671873,0.796875
29764.484373,0.812500
29765.343748,0.859375
29766.218748,0.875000
29766.999998,0.781250
29767.843748,0.843750
29768.718748,0.875000
29779.296873,0.828125
29780.109373,0.812500
29780.921873,0.812500
29781.718748,0.796875
29782.499998,0.781250
29783.281248,0.781250
29784.078123,0.796875
29784.859373,0.781250
29785.640623,0.781250
29786.437498,0.796875
29787.265623,0.828125
29788.140623,0.875000
29789.015623,0.875000
29789.874998,0.859375
29790.703123,0.828125
29860.124998,0.890625
29860.953123,0.828125
29861.796873,0.843750
29862.687498,0.890625
29863.578123,0.890625
29864.515623,0.937500
29865.359373,0.843750
29866.265623,0.906250
29867.203123,0.937500
29868.109373,0.906250
29868.968748,0.859375
29869.859373,0.890625
29870.734373,0.875000
29871.671873,0.937500
29872.640623,0.968750
29873.499998,0.859375
29874.296873,0.796875
29875.218748,0.921875
29876.140623,0.921875
29877.031248,0.890625
29877.890623,0.859375
29878.843748,0.953125
29879.687498,0.843750
29880.593748,0.906250
29881.593748,1.000000
29896.234373,0.843750
29897.046873,0.812500
29897.906248,0.859375
29898.734373,0.828125
29899.562498,0.828125
29900.296873,0.734375
29901.171873,0.875000
29901.937498,0.765625
29927.156248,0.796875
29927.921873,0.765625
29928.718748,0.796875
29929.531248,0.812500
29930.328123,0.796875
29949.328123,0.812500
29966.703123,0.828125
29967.515623,0.812500
29968.312498,0.796875
29985.296873,0.812500
29998.828123,0.796875
30006.312498,0.875000
30007.140623,0.828125
30007.968748,0.828125
30008.765623,0.796875
30029.328123,0.828125
30030.031248,0.703125
30036.406248,0.828125
30037.156248,0.750000
30037.937498,0.781250
30038.671873,0.734375
30039.515623,0.843750
30040.499998,0.984375
30041.390623,0.890625
30042.234373,0.843750
30043.187498,0.953125
30049.999998,0.843750
30050.921873,0.921875
30064.453123,0.750000
30065.187498,0.734375
30065.984373,0.796875
30066.843748,0.859375
30067.703123,0.859375
30068.546873,0.843750
30069.343748,0.796875
30096.749998,0.890625
30097.609373,0.859375
30098.437498,0.828125
30099.265623,0.828125
30100.109373,0.843750
30146.093748,0.765625
30146.921873,0.828125
30147.734373,0.812500
30148.562498,0.828125
30149.343748,0.781250
30150.140623,0.796875
30150.937498,0.796875
30151.749998,0.812500
30163.046873,0.781250
30163.843748,0.796875
30164.624998,0.781250
30165.390623,0.765625
30166.203123,0.812500
30167.015623,0.812500
30167.859373,0.843750
30168.734373,0.875000
30169.640623,0.906250
30170.515623,0.875000
30171.343748,0.828125
30172.187498,0.843750
30172.999998,0.812500
30173.828123,0.828125
30174.640623,0.812500
30175.437498,0.796875
30176.281248,0.843750
30177.140623,0.859375
30178.046873,0.906250
30178.921873,0.875000
30179.796873,0.875000
30180.671873,0.875000
30181.546873,0.875000
30182.421873,0.875000
30183.234373,0.812500
30184.031248,0.796875
30184.843748,0.812500
30185.671873,0.828125
30186.499998,0.828125
30187.312498,0.812500
30188.124998,0.812500
30188.968748,0.843750
30194.093748,0.812500
30194.874998,0.781250
30195.656248,0.781250
30196.453123,0.796875
30197.265623,0.812500
30198.078123,0.812500
30198.906248,0.828125
30199.749998,0.843750
30200.624998,0.875000
30201.468748,0.843750
30202.296873,0.828125
30203.124998,0.828125
30203.937498,0.812500
30204.765623,0.828125
30205.578123,0.812500
30206.359373,0.781250
30207.156248,0.796875
30207.984373,0.828125
30208.828123,0.843750
30214.468748,0.687500
30226.656248,0.750000
30227.453123,0.796875
30228.281248,0.828125
30229.062498,0.781250
30229.828123,0.765625
30235.468748,0.812500
30236.296873,0.828125
30237.156248,0.859375
30237.984373,0.828125
30238.843748,0.859375
30239.718748,0.875000
30240.578123,0.859375
30241.390623,0.812500
30242.187498,0.796875
30242.984373,0.796875
30243.781248,0.796875
30244.624998,0.843750
30245.468748,0.843750
30246.296873,0.828125
30247.156248,0.859375
30247.968748,0.812500
30248.859373,0.890625
30249.656248,0.796875
30250.453123,0.796875
30251.234373,0.781250
30252.031248,0.796875
30252.843748,0.812500
30253.640623,0.796875
30254.421873,0.781250
30255.281248,0.859375
30255.968748,0.687500
30256.765623,0.796875
30262.187498,0.812500
30263.015623,0.828125
30263.828123,0.812500
30264.624998,0.796875
30265.374998,0.750000
30273.890623,0.734375
30274.656248,0.765625
30275.390623,0.734375
30276.124998,0.734375
30276.828123,0.703125
30277.562498,0.734375
30278.328123,0.765625
30279.171873,0.843750
30291.531248,0.875000
30292.359373,0.828125
30293.156248,0.796875
30293.968748,0.812500
30294.796873,0.828125
30295.593748,0.796875
30304.484373,0.843750
30305.249998,0.765625
30306.031248,0.781250
30306.781248,0.750000
30307.437498,0.656250
30342.234373,0.687500
30343.093748,0.859375
30343.843748,0.750000
30344.656248,0.812500
30345.484373,0.828125
30346.328123,0.843750
30347.062498,0.734375
30347.828123,0.765625
30348.640623,0.812500
30349.453123,0.812500
30350.296873,0.843750
30351.093748,0.796875
30351.890623,0.796875
30352.718748,0.828125
30353.562498,0.843750
30354.390623,0.828125
30355.187498,0.796875
30355.968748,0.781250
30356.734373,0.765625
30357.515623,0.781250
30358.265623,0.750000
30363.109373,0.890625
30363.906248,0.796875
30370.109373,0.828125
30371.109373,1.000000
30371.937498,0.828125
30372.718748,0.781250
30373.468748,0.750000
30374.249998,0.781250
30375.031248,0.781250
30375.843748,0.812500
30376.624998,0.781250
30377.437498,0.812500
30378.281248,0.843750
30379.140623,0.859375
30379.968748,0.828125
30380.812498,0.843750
30381.624998,0.812500
30382.453123,0.828125
30383.296873,0.843750
30384.156248,0.859375
30405.874998,0.765625
30406.656248,0.781250
30407.390623,0.734375
30408.124998,0.734375
30408.874998,0.750000
30409.656248,0.781250
30410.453123,0.796875
30411.281248,0.828125
30423.828123,0.812500
30428.406248,0.796875
30429.203123,0.796875
30430.015623,0.812500
30440.749998,0.734375
30441.546873,0.796875
30442.265623,0.718750
30443.031248,0.765625
30452.124998,0.765625
30457.546873,0.718750
30458.406248,0.859375
30459.187498,0.781250
30459.937498,0.750000
30460.734373,0.796875
30461.453123,0.718750
30462.062498,0.609375
30462.921873,0.859375
30463.687498,0.765625
30464.499998,0.812500
30465.265623,0.765625
30470.843748,0.843750
30471.718748,0.875000
30472.546873,0.828125
30473.343748,0.796875
30474.203123,0.859375
30475.062498,0.859375
30475.843748,0.781250
30476.656248,0.812500
30477.437498,0.781250
30478.265623,0.828125
30479.109373,0.843750
30479.968748,0.859375
30480.781248,0.812500
30481.593748,0.812500
30482.484373,0.890625
30518.859373,0.859375
30519.718748,0.859375
30657.656248,0.640625
30658.374998,0.718750
30659.265623,0.890625
30660.093748,0.828125
30660.843748,0.750000
30661.609373,0.765625
30662.406248,0.796875
30663.218748,0.812500
30664.015623,0.796875
30664.796873,0.781250
30665.546873,0.750000
30666.328123,0.781250
30667.124998,0.796875
30667.921873,0.796875
30668.734373,0.812500
30698.046873,0.781250
30698.828123,0.781250
30714.609373,0.750000
30715.453123,0.843750
30716.312498,0.859375
30717.156248,0.843750
30718.015623,0.859375
30718.843748,0.828125
30719.718748,0.875000
30726.765623,0.734375
30727.515623,0.750000
30728.296873,0.781250
30729.124998,0.828125
30729.937498,0.812500
30738.093748,0.812500
30738.921873,0.828125
30739.734373,0.812500
30740.515623,0.781250
30741.249998,0.734375
30742.015623,0.765625
30757.062498,0.796875
30757.921873,0.859375
30758.812498,0.890625
30759.671873,0.859375
30765.203123,0.765625
30766.031248,0.828125
30766.859373,0.828125
30767.718748,0.859375
30768.546873,0.828125
30769.343748,0.796875
30770.124998,0.781250
30770.937498,0.812500
30771.718748,0.781250
30772.453123,0.734375
30773.234373,0.781250
30774.078123,0.843750
30774.921873,0.843750
30775.765623,0.843750
30776.546873,0.781250
30777.390623,0.843750
30778.234373,0.843750
30779.062498,0.828125
30779.859373,0.796875
30780.640623,0.781250
30781.421873,0.781250
30782.218748,0.796875
30783.031248,0.812500
30783.828123,0.796875
30784.656248,0.828125
30785.499998,0.843750
30786.171873,0.671875
30806.874998,0.796875
30807.656248,0.781250
30808.437498,0.781250
30809.218748,0.781250
30810.062498,0.843750
30849.140623,0.843750
30854.781248,0.750000
30855.640623,0.859375
30856.515623,0.875000
30871.249998,0.812500
30872.078123,0.828125
30898.609373,0.859375
30899.249998,0.640625
30907.468748,0.828125
30908.328123,0.859375
30909.156248,0.828125
30909.984373,0.828125
30910.781248,0.796875
30911.624998,0.843750
30912.624998,1.000000
30913.515623,0.890625
30921.140623,0.906250
30922.031248,0.890625
30950.671873,0.781250
30951.421873,0.750000
30952.187498,0.765625
30953.015623,0.828125
30972.140623,0.859375
30972.984373,0.843750
30979.765623,0.796875
30980.562498,0.796875
30981.421873,0.859375
30982.281248,0.859375
30983.093748,0.812500
30983.921873,0.828125
30984.734373,0.812500
30985.593748,0.859375
30986.437498,0.843750
31142.078123,0.859375
31142.921873,0.843750
31143.765623,0.843750
31144.546873,0.781250
31145.343748,0.796875
31146.109373,0.765625
31146.906248,0.796875
31147.687498,0.781250
31148.468748,0.781250
31149.249998,0.781250
31150.046873,0.796875
31150.874998,0.828125
31151.749998,0.875000
31197.874998,0.812500
31198.687498,0.812500
31199.453123,0.765625
31200.234373,0.781250
31201.031248,0.796875
31201.812498,0.781250
31202.624998,0.812500
31203.421873,0.796875
31204.203123,0.781250
31205.015623,0.812500
31205.843748,0.828125
31206.718748,0.875000
31207.546873,0.828125
31208.406248,0.859375
31209.281248,0.875000
31210.156248,0.875000
31211.031248,0.875000
31211.859373,0.828125
31220.312498,0.812500
31221.156248,0.843750
31222.015623,0.859375
31222.859373,0.843750
31223.656248,0.796875
31224.437498,0.781250
31225.234373,0.796875
31235.484373,0.718750
31236.171873,0.687500
31236.890623,0.718750
31237.609373,0.718750
31238.343748,0.734375
31239.109373,0.765625
31239.859373,0.750000
31240.640623,0.781250
31241.499998,0.859375
31242.203123,0.703125
31243.062498,0.859375
31262.906248,0.812500
31263.718748,0.812500
31264.531248,0.812500
31265.249998,0.718750
31265.984373,0.734375
31266.718748,0.734375
31267.437498,0.718750
31319.265623,0.812500
31320.046873,0.781250
31320.843748,0.796875
31321.640623,0.796875
31322.421873,0.781250
31323.171873,0.750000
31323.999998,0.828125
31324.781248,0.781250
31325.703123,0.921875
31341.109373,0.796875
31341.906248,0.796875
31342.687498,0.781250
31343.453123,0.765625
31351.968748,0.906250
31362.015623,0.906250
31362.874998,0.859375
31363.718748,0.843750
31364.562498,0.843750
31365.374998,0.812500
31366.249998,0.875000
31367.031248,0.781250
31367.828123,0.796875
31368.656248,0.828125
31369.484373,0.828125
31370.281248,0.796875
31371.078123,0.796875
31371.874998,0.796875
31382.656248,0.781250
31383.390623,0.734375
31384.265623,0.875000
31385.046873,0.781250
31385.812498,0.765625
31386.593748,0.781250
31387.359373,0.765625
31388.156248,0.796875
31388.984373,0.828125
31389.781248,0.796875
31390.562498,0.781250
31391.374998,0.812500
31392.203123,0.828125
31392.999998,0.796875
31393.781248,0.781250
31394.515623,0.734375
31395.296873,0.781250
31396.093748,0.796875
31396.890623,0.796875
31397.687498,0.796875
31398.484373,0.796875
31399.328123,0.843750
31400.140623,0.812500
31400.953123,0.812500
31401.749998,0.796875
31402.546873,0.796875
31403.296873,0.750000
31404.015623,0.718750
31410.843748,0.781250
31411.624998,0.781250
31412.406248,0.781250
31413.203123,0.796875
31413.937498,0.734375
31444.890623,0.750000
31445.687498,0.796875
31454.109373,0.718750
31454.906248,0.796875
31461.124998,0.781250
31461.937498,0.812500
31462.687498,0.750000
31463.328123,0.640625
31473.718748,0.750000
31474.499998,0.781250
31475.265623,0.765625
31476.046873,0.781250
31483.671873,0.812500
31484.421873,0.750000
31485.187498,0.765625
31485.984373,0.796875
31501.546873,0.765625
31502.281248,0.734375
31503.062498,0.781250
31503.796873,0.734375
31504.531248,0.734375
31505.265623,0.734375
31505.953123,0.687500
31506.624998,0.671875
31507.359373,0.734375
31523.031248,0.812500
31523.874998,0.843750
31524.624998,0.750000
31525.374998,0.750000
31543.781248,0.875000
31544.671873,0.890625
31545.578123,0.906250
31546.437498,0.859375
31547.312498,0.875000
31548.187498,0.875000
31549.062498,0.875000
31549.906248,0.843750
31550.765623,0.859375
31551.640623,0.875000
31552.531248,0.890625
31553.374998,0.843750
31554.203123,0.828125
31555.062498,0.859375
31555.906248,0.843750
31556.734373,0.828125
31557.546873,0.812500
31558.390623,0.843750
31559.234373,0.843750
31560.046873,0.812500
31560.906248,0.859375
31561.734373,0.828125
31562.546873,0.812500
31563.312498,0.765625
31564.109373,0.796875
31564.906248,0.796875
31565.749998,0.843750
31566.562498,0.812500
31567.406248,0.843750
31568.249998,0.843750
31569.124998,0.875000
31569.999998,0.875000
31570.812498,0.812500
31571.671873,0.859375
31572.484373,0.812500
31573.453123,0.968750
31574.249998,0.796875
31575.062498,0.812500
31575.921873,0.859375
31576.796873,0.875000
31577.640623,0.843750
31578.468748,0.828125
31579.328123,0.859375
31580.171873,0.843750
31580.999998,0.828125
31581.781248,0.781250
31582.578123,0.796875
31583.359373,0.781250
31584.124998,0.765625
31584.859373,0.734375
31585.687498,0.828125
31586.515623,0.828125
31672.921873,0.875000
31681.843748,0.828125
31686.874998,0.843750
31687.734373,0.859375
31688.609373,0.875000
31704.234373,0.843750
31719.921873,0.781250
31720.749998,0.828125
31730.890623,0.906250
31793.796873,0.828125
31794.624998,0.828125
31827.843748,0.812500
31828.640623,0.796875
31829.390623,0.750000
31857.812498,0.812500
31858.671873,0.859375
31859.593748,0.921875
31860.484373,0.890625
31861.390623,0.906250
31862.343748,0.953125
31863.234373,0.890625
31864.124998,0.890625
31864.999998,0.875000
31865.843748,0.843750
31866.656248,0.812500
31867.406248,0.750000
31868.203123,0.796875
31868.968748,0.765625
31869.765623,0.796875
31870.593748,0.828125
31871.406248,0.812500
31872.234373,0.828125
31891.453123,0.781250
31892.218748,0.765625
31932.359373,0.828125
31941.187498,0.828125
31942.015623,0.828125
31942.828123,0.812500
31962.468748,0.875000
31963.249998,0.781250
31964.046873,0.796875
31973.140623,0.859375
31973.953123,0.812500
31974.812498,0.859375
31975.687498,0.875000
31976.531248,0.843750
31977.359373,0.828125
31978.218748,0.859375
31979.078123,0.859375
31979.921873,0.843750
31980.765623,0.843750
31981.624998,0.859375
31982.515623,0.890625
31983.374998,0.859375
31984.203123,0.828125
32008.718748,1.296875
32036.406248,0.859375
32037.296873,0.890625
32038.156248,0.859375
32050.859373,0.875000
32051.734373,0.875000
32052.531248,0.796875
32082.078123,0.859375
32082.843748,0.765625
32083.624998,0.781250
32084.374998,0.750000
32085.187498,0.812500
32086.015623,0.828125
32093.499998,1.203125
32117.546873,0.796875
32137.046873,0.734375
32137.890623,0.843750
32138.765623,0.875000
32139.593748,0.828125
32140.421873,0.828125
32141.281248,0.859375
32142.140623,0.859375
32170.312498,0.859375
32171.203123,0.890625
32172.093748,0.890625
32172.999998,0.906250
32173.921873,0.921875
32175.015623,1.093750
32175.937498,0.921875
32176.828123,0.890625
32177.703123,0.875000
32178.562498,0.859375
32179.374998,0.812500
32180.171873,0.796875
32181.015623,0.843750
32181.906248,0.890625
32196.999998,0.906250
32205.249998,0.875000
32206.156248,0.906250
32207.062498,0.906250
32207.906248,0.843750
32208.812498,0.906250
32220.296873,0.859375
32221.109373,0.812500
32221.921873,0.812500
32222.749998,0.828125
32223.562498,0.812500
32224.359373,0.796875
32225.156248,0.796875
32225.984373,0.828125
32226.828123,0.843750
32227.718748,0.890625
32228.562498,0.843750
32229.406248,0.843750
32230.249998,0.843750
32231.124998,0.875000
32231.953123,0.828125
32232.765623,0.812500
32233.531248,0.765625
32234.359373,0.828125
32235.171873,0.812500
32236.046873,0.875000
32236.906248,0.859375
32237.703123,0.796875
32238.515623,0.812500
32239.359373,0.843750
32240.234373,0.875000
32241.093748,0.859375
32241.890623,0.796875
32242.656248,0.765625
32243.531248,0.875000
32260.359373,0.812500
32273.140623,0.843750
32273.984373,0.843750
32274.828123,0.843750
32275.718748,0.890625
32285.281248,0.828125
32286.109373,0.828125
32286.921873,0.812500
32287.687498,0.765625
32288.499998,0.812500
32289.328123,0.828125
32290.171873,0.843750
32307.140623,0.906250
32308.062498,0.921875
32319.109373,0.843750
32319.968748,0.859375
32320.781248,0.812500
32321.593748,0.812500
32322.406248,0.812500
32323.171873,0.765625
32323.921873,0.750000
32324.703123,0.781250
32325.468748,0.765625
32335.484373,0.812500
32348.093748,0.906250
32348.968748,0.875000
32349.843748,0.875000
32350.640623,0.796875
32351.468748,0.828125
32352.296873,0.828125
32366.562498,0.875000
32367.406248,0.843750
32368.203123,0.796875
32369.015623,0.812500
32374.874998,0.859375
32375.796873,0.921875
32376.593748,0.796875
32377.453123,0.859375
32378.203123,0.750000
32526.046873,0.578125
32558.937498,0.828125
32559.796873,0.859375
32560.656248,0.859375
32561.499998,0.843750
32562.328123,0.828125
32563.093748,0.765625
32563.890623,0.796875
32564.687498,0.796875
32565.499998,0.812500
32566.328123,0.828125
32567.156248,0.828125
32567.968748,0.812500
32568.812498,0.843750
32569.656248,0.843750
32570.515623,0.859375
32593.015623,0.734375
32593.765623,0.750000
32594.484373,0.718750
32595.171873,0.687500
32596.031248,0.859375
32596.734373,0.703125
32597.437498,0.703125
32598.171873,0.734375
32598.906248,0.734375
32599.640623,0.734375
32600.390623,0.750000
32601.171873,0.781250
32601.968748,0.796875
32602.765623,0.796875
32603.546873,0.781250
32630.046873,0.703125
32677.999998,0.796875
32685.296873,0.828125
32713.374998,0.875000
32718.437498,0.828125
32719.265623,0.828125
32720.124998,0.859375
32721.031248,0.906250
32721.921873,0.890625
32722.765623,0.843750
32723.593748,0.828125
32724.421873,0.828125
32725.249998,0.828125
32725.999998,0.750000
32726.765623,0.765625
32732.390623,0.796875
32733.218748,0.828125
32738.140623,0.828125
32738.968748,0.828125
32745.734373,0.875000
32746.562498,0.828125
32747.343748,0.781250
32752.671873,0.828125
32753.499998,0.828125
32754.328123,0.828125
32755.156248,0.828125
32755.999998,0.843750
32756.859373,0.859375
32757.687498,0.828125
32758.484373,0.796875
32759.328123,0.843750
32760.156248,0.828125
32760.984373,0.828125
32761.781248,0.796875
32762.624998,0.843750
32763.468748,0.843750
32764.343748,0.875000
32765.234373,0.890625
32766.124998,0.890625
32766.999998,0.875000
32767.859373,0.859375
32768.703123,0.843750
32769.531248,0.828125
32770.421873,0.890625
32771.281248,0.859375
32772.156248,0.875000
32772.999998,0.843750
32773.874998,0.875000
32774.749998,0.875000
32775.609373,0.859375
32776.484373,0.875000
32777.374998,0.890625
32778.281248,0.906250
32779.156248,0.875000
32780.031248,0.875000
32780.921873,0.890625
32781.796873,0.875000
32782.640623,0.843750
32783.484373,0.843750
32784.328123,0.843750
32792.171873,0.781250
32792.953123,0.781250
32793.734373,0.781250
32794.484373,0.750000
32795.218748,0.734375
32795.968748,0.750000
32796.734373,0.765625
32797.515623,0.781250
32798.296873,0.781250
32799.062498,0.765625
32805.906248,0.859375
32806.734373,0.828125
32807.546873,0.812500
32808.343748,0.796875
32809.124998,0.781250
32809.874998,0.750000
32810.671873,0.796875
32811.468748,0.796875
32812.312498,0.843750
32813.124998,0.812500
32813.937498,0.812500
32814.781248,0.843750
32815.624998,0.843750
32816.406248,0.781250
32837.765623,0.781250
32838.578123,0.812500
32853.499998,0.765625
32854.312498,0.812500
32855.093748,0.781250
32855.843748,0.750000
32856.656248,0.812500
32857.484373,0.828125
32858.453123,0.968750
32890.999998,0.812500
32891.812498,0.812500
32892.640623,0.828125
32893.468748,0.828125
32894.296873,0.828125
32895.109373,0.812500
32895.890623,0.781250
32896.874998,0.984375
32897.687498,0.812500
32898.468748,0.781250
32899.234373,0.765625
32900.062498,0.828125
32900.921873,0.859375
32901.781248,0.859375
32902.593748,0.812500
32903.406248,0.812500
32904.218748,0.812500
32943.749998,0.796875
32944.531248,0.781250
32945.296873,0.765625
32946.062498,0.765625
32946.843748,0.781250
32951.437498,0.781250
32952.187498,0.750000
32952.984373,0.796875
32959.515623,0.750000
32960.281248,0.765625
32961.109373,0.828125
32961.921873,0.812500
32962.671873,0.750000
32980.765623,0.812500
32981.562498,0.796875
32982.374998,0.812500
32983.124998,0.750000
32983.921873,0.796875
33004.156248,0.843750
33004.953123,0.796875
33005.796873,0.843750
33006.671873,0.875000
33007.562498,0.890625
33008.437498,0.875000
33009.312498,0.875000
33010.249998,0.937500
33011.156248,0.906250
33012.062498,0.906250
33012.921873,0.859375
33013.828123,0.906250
33014.734373,0.906250
33015.609373,0.875000
33016.453123,0.843750
33017.484373,1.031250
33018.359373,0.875000
33019.281248,0.921875
33020.156248,0.875000
33021.015623,0.859375
33021.921873,0.906250
33022.843748,0.921875
33023.781248,0.937500
33024.640623,0.859375
33025.453123,0.812500
33026.281248,0.828125
33027.109373,0.828125
33027.921873,0.812500
33028.718748,0.796875
33029.578123,0.859375
33030.484373,0.906250
33031.390623,0.906250
33032.281248,0.890625
33033.187498,0.906250
33034.046873,0.859375
33046.078123,0.875000
33046.937498,0.859375
33065.499998,0.781250
33066.312498,0.812500
33067.343748,1.031250
33070.968748,0.718750
33076.468748,0.828125
33077.265623,0.796875
33078.031248,0.765625
33090.921873,0.968750
33103.281248,0.765625
33104.062498,0.781250
33104.906248,0.843750
33105.796873,0.890625
33106.640623,0.843750
33107.484373,0.843750
33108.374998,0.890625
33109.218748,0.843750
33110.046873,0.828125
33110.859373,0.812500
33111.656248,0.796875
33112.468748,0.812500
33113.249998,0.781250
33114.031248,0.781250
33114.843748,0.812500
33115.656248,0.812500
33116.484373,0.828125
33117.234373,0.750000
33118.093748,0.859375
33118.921873,0.828125
33119.749998,0.828125
33120.578123,0.828125
33121.390623,0.812500
33122.218748,0.828125
33123.093748,0.875000
33123.953123,0.859375
33134.859373,0.843750
33135.734373,0.875000
33136.562498,0.828125
33137.390623,0.828125
33138.171873,0.781250
33138.921873,0.750000
33139.687498,0.765625
33140.453123,0.765625
33141.249998,0.796875
33142.031248,0.781250
33142.828123,0.796875
33143.624998,0.796875
33144.468748,0.843750
33145.312498,0.843750
33146.109373,0.796875
33146.906248,0.796875
33147.718748,0.812500
33148.531248,0.812500
33149.312498,0.781250
33150.093748,0.781250
33150.906248,0.812500
33151.749998,0.843750
33152.593748,0.843750
33153.406248,0.812500
33154.234373,0.828125
33155.078123,0.843750
33155.921873,0.843750
33156.749998,0.828125
33157.562498,0.812500
33158.359373,0.796875
33159.187498,0.828125
33160.015623,0.828125
33160.796873,0.781250
33161.578123,0.781250
33162.374998,0.796875
33163.187498,0.812500
33164.046873,0.859375
33164.859373,0.812500
33165.671873,0.812500
33166.499998,0.828125
33167.359373,0.859375
33168.187498,0.828125
33169.015623,0.828125
33169.796873,0.781250
33170.593748,0.796875
33171.406248,0.812500
33172.203123,0.796875
33172.984373,0.781250
33173.765623,0.781250
33174.593748,0.828125
33175.437498,0.843750
33176.281248,0.843750
33177.078123,0.796875
33177.890623,0.812500
33178.703123,0.812500
33179.515623,0.812500
33180.296873,0.781250
33181.078123,0.781250
33181.859373,0.781250
33182.671873,0.812500
33183.499998,0.828125
33184.343748,0.843750
33185.171873,0.828125
33186.015623,0.843750
33186.874998,0.859375
33187.734373,0.859375
33188.531248,0.796875
33189.328123,0.796875
33190.124998,0.796875
33190.921873,0.796875
33191.765623,0.843750
33192.593748,0.828125
33193.453123,0.859375
33194.359373,0.906250
33195.265623,0.906250
33196.171873,0.906250
33197.234373,1.062500
33198.078123,0.843750
33198.937498,0.859375
33199.812498,0.875000
33200.703123,0.890625
33201.531248,0.828125
33202.359373,0.828125
33203.218748,0.859375
33204.078123,0.859375
33204.937498,0.859375
33205.765623,0.828125
33206.562498,0.796875
33207.374998,0.812500
33208.218748,0.843750
33209.046873,0.828125
33209.859373,0.812500
33210.671873,0.812500
33211.515623,0.843750
33212.328123,0.812500
33213.124998,0.796875
33213.937498,0.812500
33214.765623,0.828125
33215.593748,0.828125
33216.390623,0.796875
33217.203123,0.812500
33218.015623,0.812500
33218.828123,0.812500
33219.624998,0.796875
33220.406248,0.781250
33345.953123,1.359375
33357.562498,0.796875
33472.468748,0.812500
33473.265623,0.796875
33473.999998,0.734375
33474.624998,0.625000
33492.484373,0.796875
33493.281248,0.796875
33637.421873,0.906250
33786.078123,0.875000
33800.703123,0.796875
33801.499998,0.796875
33802.328123,0.828125
33803.109373,0.781250
33803.953123,0.843750
33804.812498,0.859375
33905.093748,0.765625
33905.859373,0.765625
33906.578123,0.718750
33907.359373,0.781250
33908.140623,0.781250
33908.921873,0.781250
33909.734373,0.812500
33910.546873,0.812500
33974.812498,0.859375
34000.546873,0.984375
34025.734373,0.937500
34062.937498,0.890625
34063.812498,0.875000
34064.687498,0.875000
34065.562498,0.875000
34066.437498,0.875000
34067.328123,0.890625
34068.187498,0.859375
34069.015623,0.828125
34069.859373,0.843750
34070.749998,0.890625
34071.624998,0.875000
34072.499998,0.875000
34073.374998,0.875000
34074.265623,0.890625
34075.156248,0.890625
34076.031248,0.875000
34076.921873,0.890625
34077.828123,0.906250
34078.749998,0.921875
34079.640623,0.890625
34080.531248,0.890625
34081.437498,0.906250
34082.328123,0.890625
34083.187498,0.859375
34084.031248,0.843750
34084.921873,0.890625
34085.828123,0.906250
34086.703123,0.875000
34087.546873,0.843750
34088.437498,0.890625
34089.328123,0.890625
34090.203123,0.875000
34091.046873,0.843750
34091.906248,0.859375
34092.796873,0.890625
34093.671873,0.875000
34094.515623,0.843750
34095.374998,0.859375
34096.249998,0.875000
34097.093748,0.843750
34097.937498,0.843750
34098.843748,0.906250
34099.656248,0.812500
34100.609373,0.953125
34150.999998,0.812500
34151.906248,0.906250
34152.781248,0.875000
34153.656248,0.875000
34337.624998,0.750000
34338.624998,1.000000
34354.796873,0.718750
34355.531248,0.734375
34356.296873,0.765625
34357.046873,0.750000
34357.859373,0.812500
34358.593748,0.734375
34359.359373,0.765625
34360.109373,0.750000
34360.921873,0.812500
34361.718748,0.796875
34362.499998,0.781250
34363.328123,0.828125
34364.124998,0.796875
34364.968748,0.843750
34365.765623,0.796875
34366.499998,0.734375
34367.312498,0.812500
34368.093748,0.781250
34368.921873,0.828125
34369.749998,0.828125
34382.203123,0.828125
34383.296873,1.093750
34384.390623,1.093750
34392.609373,0.875000
34393.421873,0.812500
34424.374998,0.765625
34425.203123,0.828125
34426.078123,0.875000
34444.171873,0.796875
34444.999998,0.828125
34453.249998,0.890625
34460.703123,1.000000
34461.515623,0.812500
34462.234373,0.718750
34463.140623,0.906250
34463.859373,0.718750
34464.781248,0.921875
34518.968748,0.937500
34519.921873,0.953125
34543.484373,0.765625
34544.234373,0.750000
34545.046873,0.812500
34545.921873,0.875000
34546.765623,0.843750
34547.593748,0.828125
34548.390623,0.796875
34570.374998,0.875000
34571.234373,0.859375
34572.046873,0.812500
34572.921873,0.875000
34612.593748,0.875000
34619.328123,0.859375
34620.374998,1.046875
34621.281248,0.906250
34622.031248,0.750000
34622.999998,0.968750
34633.374998,0.890625
34634.187498,0.812500
34635.093748,0.906250
34635.968748,0.875000
34636.687498,0.718750
34637.718748,1.031250
34638.593748,0.875000
34639.468748,0.875000
34640.374998,0.906250
34641.140623,0.765625
34642.171873,1.031250
34643.031248,0.859375
34643.999998,0.968750
34644.921873,0.921875
34653.296873,0.859375
34734.249998,0.796875
34734.999998,0.750000
34735.843748,0.843750
34736.640623,0.796875
34737.437498,0.796875
34738.249998,0.812500
34739.078123,0.828125
34739.859373,0.781250
34845.281248,0.781250
34846.343748,1.062500
34847.156248,0.812500
34847.906248,0.750000
34848.578123,0.671875
34861.046873,0.859375
34927.656248,0.812500
34928.484373,0.828125
34929.312498,0.828125
34930.109373,0.796875
34930.890623,0.781250
34931.640623,0.750000
34932.390623,0.750000
34933.078123,0.687500
34933.781248,0.703125
34934.515623,0.734375
34935.281248,0.765625
34936.046873,0.765625
34936.843748,0.796875
34937.640623,0.796875
34938.484373,0.843750
34939.312498,0.828125
34961.749998,0.765625
34962.546873,0.796875
34963.374998,0.828125
34964.187498,0.812500
34965.031248,0.843750
34965.906248,0.875000
34966.781248,0.875000
34967.656248,0.875000
34968.499998,0.843750
34969.343748,0.843750
34970.218748,0.875000
34971.140623,0.921875
34972.031248,0.890625
34972.937498,0.906250
34973.874998,0.937500
34974.843748,0.968750
34975.781248,0.937500
34976.656248,0.875000
34977.562498,0.906250
34978.484373,0.921875
34979.453123,0.968750
34980.406248,0.953125
34981.328123,0.921875
34982.234373,0.906250
34983.187498,0.953125
34984.156248,0.968750
34985.124998,0.968750
34986.093748,0.968750
34987.078123,0.984375
34988.046873,0.968750
34988.953123,0.906250
34989.843748,0.890625
34990.734373,0.890625
34991.624998,0.890625
34992.453123,0.828125
34993.312498,0.859375
34994.265623,0.953125
34995.234373,0.968750
34996.171873,0.937500
34997.062498,0.890625
34997.953123,0.890625
34998.828123,0.875000
34999.671873,0.843750
35000.499998,0.828125
35001.296873,0.796875
35002.124998,0.828125
35003.015623,0.890625
35003.937498,0.921875
35004.828123,0.890625
35029.703123,0.843750
35030.562498,0.859375
35031.453123,0.890625
35032.343748,0.890625
35033.218748,0.875000
35034.093748,0.875000
35034.999998,0.906250
35035.937498,0.937500
35036.843748,0.906250
35037.703123,0.859375
35038.578123,0.875000
35039.484373,0.906250
35040.390623,0.906250
35041.265623,0.875000
35072.890623,0.812500
35073.687498,0.796875
35080.890623,0.843750
35081.718748,0.828125
35089.265623,0.703125
35090.046873,0.781250
35090.906248,0.859375
35091.734373,0.828125
35092.578123,0.843750
35093.437498,0.859375
35094.265623,0.828125
35095.046873,0.781250
35095.843748,0.796875
35096.671873,0.828125
35097.593748,0.921875
35098.359373,0.765625
35099.390623,1.031250
35100.203123,0.812500
35108.765623,0.734375
35135.437498,0.687500
35136.062498,0.625000
35136.718748,0.656250
35137.390623,0.671875
35138.078123,0.687500
35138.734373,0.656250
35139.578123,0.843750
35140.312498,0.734375
35141.046873,0.734375
35141.734373,0.687500
35142.453123,0.718750
35143.218748,0.765625
35143.999998,0.781250
35144.749998,0.750000
35145.531248,0.781250
35146.328123,0.796875
35147.078123,0.750000
35147.828123,0.750000
35148.531248,0.703125
35149.265623,0.734375
35149.921873,0.656250
35150.593748,0.671875
35151.265623,0.671875
35151.968748,0.703125
35152.718748,0.750000
35153.453123,0.734375
35154.187498,0.734375
35154.890623,0.703125
35155.609373,0.718750
35156.296873,0.687500
35160.718748,0.687500
35161.453123,0.734375
35162.109373,0.656250
35162.906248,0.796875
35173.499998,0.875000
35174.343748,0.843750
35175.187498,0.843750
35200.781248,0.734375
35201.468748,0.687500
35202.046873,0.578125
35209.531248,0.734375
35210.234373,0.703125
35210.984373,0.750000
35211.749998,0.765625
35263.468748,0.703125
35264.249998,0.781250
35264.906248,0.656250
35265.796873,0.890625
35266.515623,0.718750
35267.203123,0.687500
35274.859373,0.687500
35291.749998,0.796875
35292.468748,0.718750
35293.359373,0.890625
35326.390623,0.781250
35327.203123,0.812500
35327.999998,0.796875
35328.859373,0.859375
35329.640623,0.781250
35330.421873,0.781250
35331.234373,0.812500
35332.078123,0.843750
35332.874998,0.796875
35333.656248,0.781250
35334.515623,0.859375
35335.359373,0.843750
35336.218748,0.859375
35337.031248,0.812500
35337.781248,0.750000
35338.562498,0.781250
35339.359373,0.796875
35340.171873,0.812500
35340.953123,0.781250
35341.734373,0.781250
35342.406248,0.671875
35343.140623,0.734375
35348.281248,0.671875
35348.953123,0.671875
35349.687498,0.734375
35510.937498,0.890625
35511.828123,0.890625
35512.656248,0.828125
35513.515623,0.859375
35524.906248,0.796875
35525.703123,0.796875
35526.515623,0.812500
35527.343748,0.828125
35528.249998,0.906250
35529.093748,0.843750
35534.843748,0.843750
35535.718748,0.875000
35536.624998,0.906250
35537.531248,0.906250
35538.374998,0.843750
35539.218748,0.843750
35540.062498,0.843750
35540.953123,0.890625
35541.765623,0.812500
35546.109373,0.843750
35546.999998,0.890625
35547.890623,0.890625
35548.749998,0.859375
35549.609373,0.859375
35550.499998,0.890625
35551.421873,0.921875
35552.312498,0.890625
35553.156248,0.843750
35554.015623,0.859375
35554.890623,0.875000
35555.765623,0.875000
35556.624998,0.859375
35557.406248,0.781250
35558.249998,0.843750
35559.015623,0.765625
35559.781248,0.765625
35560.531248,0.750000
35561.328123,0.796875
35562.187498,0.859375
35563.093748,0.906250
35564.046873,0.953125
