DateTime;timestamp;DeviceID;uptime;Status;measuretime;person;window_open;window_event;door_event;dHdt;dCO2dt;bat;bat_e;health;performance;virus;tvoc;tvoc_e;co2;co2_e;oxygen;oxygen_e;co;co_e;o3;o3_e;pm1;pm1_e;pm2_5;pm2_5_e;pm10;pm10_e;cnt0_3;cnt0_3_e;cnt0_5;cnt0_5_e;cnt1;cnt1_e;cnt2_5;cnt2_5_e;cnt5;cnt5_e;cnt10;cnt10_e;TypPS;temperature;temperature_e;humidity;humidity_e;humidity_abs;humidity_abs_e;dewpt;dewpt_e;pressure;pressure_e;pressure_rel;pressure_rel_e;no2;no2_e;so2;so2_e;h2s;h2s_e;sound;sound_e;sound_max;tvoc_ionsc;tvoc_ionsc_e;radon;radon_e;n2o;n2o_e;no2_insplorion;no2_insplorion_e;ch4_MIPEX;ch4_MIPEX_e;c3h8_MIPEX;c3h8_MIPEX_e;flammable;ethanol;ethanol_e;iaq_spec;iaq_spec_e;resp_irr_spec;resp_irr_spec_e;nh3_MR100;nh3_MR100_e;acid_M100;acid_M100_e;h2_M1000;h2_M1000_e;no_M250;no_M250_e;cl2_M20;cl2_M20_e;ch2o_M10;ch2o_M10_e;pm1_SPS30;pm1_SPS30_e;pm2_5_SPS30;pm2_5_SPS30_e;pm4_SPS30;pm4_SPS30_e;pm10_SPS30;pm10_SPS30_e;cnt0_5_SPS30;cnt0_5_SPS30_e;cnt1_SPS30;cnt1_SPS30_e;cnt2_5_SPS30;cnt2_5_SPS30_e;cnt4_SPS30;cnt4_SPS30_e;cnt10_SPS30;cnt10_SPS30_e;TypPS_SPS30;br2;f2;hf;hcl;hcn;ch4s;clo2;cs2;ph3;sih4;c2h4;c2h4o;ash3;h2o2;refrigerant
05.01.2023 01:01:03;1672876863000;880f01e687e2572cea04e80fc6a68085;404592;OK;1827;0;0;0;0;0,0;6,78;0;0;900;843;"";103,395;15,51;416,306;62,49;20,876;0,93;1,365;0,19;15,621;1,99;0,0;10,0;0,0;10,0;0,0;10,0;32,853;13,4;8,187;10,66;0,189;10,0;0,0;10,0;0,0;10,0;0,0;10,0;1,0;22,464;0,53;34,041;3,33;6,814;0,57;6,014;1,23;962,196;1,0;"";"";16,387;2,69;61,101;14,44;"";"";32,613;12,82;56,3;"";"";"";"";"";"";"";"";"";"";"";"";"";"";"";"";"";"";"";"";"";"";"";"";"";"";"";"";"";"";"";"";"";"";"";"";"";"";"";"";"";"";"";"";"";"";"";"";"";"";"";"";"";"";"";"";"";"";"";"";"";"";"";"";""
05.01.2023 01:03:04;1672876984000;880f01e687e2572cea04e80fc6a68085;404712;OK;1827;0;0;0;0;-0,0;6,04;0;0;900;843;"";102,023;15,3;417,362;62,52;20,874;0,93;1,364;0,19;15,523;1,99;0,0;10,0;0,0;10,0;0,0;10,0;31,626;13,27;8,519;10,84;0,02;10,0;0,0;10,0;0,0;10,0;0,0;10,0;1,0;22,459;0,53;34,043;3,33;6,813;0,57;6,01;1,23;962,21;1,0;"";"";16,356;2,69;60,797;14,42;"";"";31,804;13,29;53,5;"";"";"";"";"";"";"";"";"";"";"";"";"";"";"";"";"";"";"";"";"";"";"";"";"";"";"";"";"";"";"";"";"";"";"";"";"";"";"";"";"";"";"";"";"";"";"";"";"";"";"";"";"";"";"";"";"";"";"";"";"";"";"";"";""
05.01.2023 01:05:04;1672877104000;880f01e687e2572cea04e80fc6a68085;404832;OK;1807;0;0;0;0;-0,01;-0,95;0;0;900;843;"";99,72;14,96;415,048;62,45;20,878;0,93;1,363;0,19;15,537;1,99;0,0;10,0;0,0;10,0;0,0;10,0;40,219;14,08;12,869;11,27;0,646;10,0;0,0;10,0;0,0;10,0;0,0;10,0;1,0;22,454;0,53;34,046;3,33;6,811;0,57;6,006;1,23;962,219;1,0;"";"";16,243;2,7;60,084;14,38;"";"";32,171;13,02;53,9;"";"";"";"";"";"";"";"";"";"";"";"";"";"";"";"";"";"";"";"";"";"";"";"";"";"";"";"";"";"";"";"";"";"";"";"";"";"";"";"";"";"";"";"";"";"";"";"";"";"";"";"";"";"";"";"";"";"";"";"";"";"";"";"";""
05.01.2023 01:07:03;1672877223000;880f01e687e2572cea04e80fc6a68085;404952;OK;1808;0;0;0;0;-0,01;-5,75;0;0;900;843;"";102,756;15,41;414,816;62,44;20,872;0,93;1,363;0,19;15,576;1,99;0,0;10,0;0,0;10,0;0,0;10,0;29,476;12,98;9,334;10,96;0,069;10,0;0,0;10,0;0,0;10,0;0,0;10,0;1,0;22,453;0,53;34,046;3,33;6,811;0,57;6,006;1,23;962,254;1,0;"";"";16,104;2,71;59,896;14,37;"";"";32,041;12,66;52,8;"";"";"";"";"";"";"";"";"";"";"";"";"";"";"";"";"";"";"";"";"";"";"";"";"";"";"";"";"";"";"";"";"";"";"";"";"";"";"";"";"";"";"";"";"";"";"";"";"";"";"";"";"";"";"";"";"";"";"";"";"";"";"";"";""
05.01.2023 01:09:03;1672877343000;880f01e687e2572cea04e80fc6a68085;405071;OK;1825;0;0;0;0;-0,0;-5,47;0;0;900;843;"";101,469;15,22;415,498;62,46;20,871;0,93;1,362;0,19;15,562;1,99;0,0;10,0;0,0;10,0;0,046;10,0;34,684;13,54;10,58;11,07;0,189;10,0;0,181;10,0;0,181;10,0;0,0;10,0;1,411;22,455;0,53;34,046;3,33;6,812;0,57;6,007;1,23;962,212;1,0;"";"";16,196;2,7;60,114;14,38;"";"";31,931;13,19;55,4;"";"";"";"";"";"";"";"";"";"";"";"";"";"";"";"";"";"";"";"";"";"";"";"";"";"";"";"";"";"";"";"";"";"";"";"";"";"";"";"";"";"";"";"";"";"";"";"";"";"";"";"";"";"";"";"";"";"";"";"";"";"";"";"";""
05.01.2023 01:11:04;1672877464000;880f01e687e2572cea04e80fc6a68085;405192;OK;1834;0;0;0;0;-0,0;-3,78;0;0;900;843;"";102,742;15,41;413,705;62,41;20,871;0,93;1,362;0,19;15,48;1,98;0,0;10,0;0,0;10,0;0,005;10,0;27,637;12,74;8,327;10,78;0,02;10,0;0,019;10,0;0,019;10,0;0,0;10,0;1,044;22,453;0,53;34,046;3,33;6,811;0,57;6,006;1,23;962,193;1,0;"";"";16,075;2,71;60,073;14,38;"";"";32,337;13,49;53,8;"";"";"";"";"";"";"";"";"";"";"";"";"";"";"";"";"";"";"";"";"";"";"";"";"";"";"";"";"";"";"";"";"";"";"";"";"";"";"";"";"";"";"";"";"";"";"";"";"";"";"";"";"";"";"";"";"";"";"";"";"";"";"";"";""
05.01.2023 01:13:04;1672877584000;880f01e687e2572cea04e80fc6a68085;405312;OK;1817;0;0;0;0;0,0;-4,67;0;0;900;843;"";103,522;15,53;414,022;62,42;20,871;0,93;1,361;0,19;15,378;1,98;0,0;10,0;0,0;10,0;0,001;10,0;26,955;12,67;8,668;10,75;0,22;10,0;0,22;10,0;0,002;10,0;0,0;10,0;1,005;22,455;0,53;34,046;3,33;6,812;0,57;6,008;1,23;962,189;1,0;"";"";16,098;2,71;59,882;14,37;"";"";32,16;12,11;58,0;"";"";"";"";"";"";"";"";"";"";"";"";"";"";"";"";"";"";"";"";"";"";"";"";"";"";"";"";"";"";"";"";"";"";"";"";"";"";"";"";"";"";"";"";"";"";"";"";"";"";"";"";"";"";"";"";"";"";"";"";"";"";"";"";""
05.01.2023 01:15:04;1672877704000;880f01e687e2572cea04e80fc6a68085;405432;OK;1825;0;0;0;0;-0,0;-2,72;0;0;900;843;"";102,153;15,32;414,191;62,43;20,876;0,93;1,362;0,19;15,2;1,97;0,0;10,0;0,0;10,0;0,311;10,0;43,245;14,18;12,873;11,16;0,704;10,0;0,704;10,0;0,681;10,0;0,0;10,0;3,802;22,454;0,53;34,046;3,33;6,811;0,57;6,007;1,23;962,188;1,0;"";"";16,136;2,71;59,088;14,33;"";"";32,119;12,1;53,6;"";"";"";"";"";"";"";"";"";"";"";"";"";"";"";"";"";"";"";"";"";"";"";"";"";"";"";"";"";"";"";"";"";"";"";"";"";"";"";"";"";"";"";"";"";"";"";"";"";"";"";"";"";"";"";"";"";"";"";"";"";"";"";"";""
05.01.2023 01:17:06;1672877826000;880f01e687e2572cea04e80fc6a68085;405555;OK;1814;0;0;0;0;-0,0;4,83;0;0;900;843;"";105,902;15,89;415,942;62,48;20,873;0,93;1,361;0,19;15,108;1,96;0,0;10,0;0,0;10,0;0,039;10,0;48,104;14,69;14,418;11,4;0,26;10,0;0,073;10,0;0,07;10,0;0,0;10,0;1,354;22,452;0,53;34,046;3,33;6,811;0,57;6,005;1,23;962,1779;1,0;"";"";16,107;2,71;58,318;14,29;"";"";30,456;13,93;53,3;"";"";"";"";"";"";"";"";"";"";"";"";"";"";"";"";"";"";"";"";"";"";"";"";"";"";"";"";"";"";"";"";"";"";"";"";"";"";"";"";"";"";"";"";"";"";"";"";"";"";"";"";"";"";"";"";"";"";"";"";"";"";"";"";""
05.01.2023 01:19:06;1672877946000;880f01e687e2572cea04e80fc6a68085;405675;OK;1824;0;0;0;0;-0,01;3,8;0;0;900;844;"";104,937;15,74;415,402;62,46;20,872;0,93;1,361;0,19;15,108;1,96;0,0;10,0;0,0;10,0;0,004;10,0;31,725;13,19;10,403;10,94;0,028;10,0;0,008;10,0;0,007;10,0;0,0;10,0;1,038;22,449;0,53;34,046;3,33;6,81;0,57;6,003;1,23;962,132;1,0;"";"";16,06;2,71;57,923;14,27;"";"";31,87;13,06;54,8;"";"";"";"";"";"";"";"";"";"";"";"";"";"";"";"";"";"";"";"";"";"";"";"";"";"";"";"";"";"";"";"";"";"";"";"";"";"";"";"";"";"";"";"";"";"";"";"";"";"";"";"";"";"";"";"";"";"";"";"";"";"";"";"";""
05.01.2023 01:21:06;1672878066000;880f01e687e2572cea04e80fc6a68085;405794;OK;1822;0;0;0;0;-0,01;0,7;0;0;900;844;"";103,148;15,47;415,496;62,46;20,874;0,93;1,361;0,19;15,067;1,96;0,0;10,0;0,0;10,0;0,0;10,0;37,198;13,7;11,517;11,0;0,003;10,0;0,001;10,0;0,001;10,0;0,0;10,0;1,004;22,445;0,53;34,046;3,33;6,808;0,57;5,999;1,23;962,052;1,0;"";"";16,127;2,71;57,35;14,24;"";"";31,854;13,63;56,4;"";"";"";"";"";"";"";"";"";"";"";"";"";"";"";"";"";"";"";"";"";"";"";"";"";"";"";"";"";"";"";"";"";"";"";"";"";"";"";"";"";"";"";"";"";"";"";"";"";"";"";"";"";"";"";"";"";"";"";"";"";"";"";"";""
05.01.2023 01:23:07;1672878187000;880f01e687e2572cea04e80fc6a68085;405916;OK;1808;0;0;0;0;-0,01;-2,63;0;0;900;844;"";103,394;15,51;414,546;62,44;20,875;0,93;1,361;0,19;15,055;1,96;0,0;10,0;0,0;10,0;0,107;10,0;32,676;13,35;9,254;10,94;0,258;10,0;0,258;10,0;0,258;10,0;0,0;10,0;1,963;22,44;0,53;34,047;3,33;6,806;0,57;5,995;1,23;962,0399;1,0;"";"";15,998;2,71;57,205;14,23;"";"";30,504;14,62;53,1;"";"";"";"";"";"";"";"";"";"";"";"";"";"";"";"";"";"";"";"";"";"";"";"";"";"";"";"";"";"";"";"";"";"";"";"";"";"";"";"";"";"";"";"";"";"";"";"";"";"";"";"";"";"";"";"";"";"";"";"";"";"";"";"";""
05.01.2023 01:25:07;1672878307000;880f01e687e2572cea04e80fc6a68085;406036;OK;1834;0;0;0;0;-0,01;-1,12;0;0;900;844;"";106,803;16,02;414,929;62,45;20,875;0,93;1,36;0,19;15,006;1,96;0,0;10,0;0,0;10,0;0,011;10,0;42,455;14,13;12,019;11,16;0,323;10,0;0,323;10,0;0,028;10,0;0,0;10,0;1,103;22,437;0,53;34,047;3,33;6,805;0,57;5,993;1,23;961,979;1,0;"";"";15,983;2,71;57,318;14,23;"";"";30,358;14,55;54,1;"";"";"";"";"";"";"";"";"";"";"";"";"";"";"";"";"";"";"";"";"";"";"";"";"";"";"";"";"";"";"";"";"";"";"";"";"";"";"";"";"";"";"";"";"";"";"";"";"";"";"";"";"";"";"";"";"";"";"";"";"";"";"";"";""
05.01.2023 01:27:08;1672878428000;880f01e687e2572cea04e80fc6a68085;406156;OK;1830;0;0;0;0;-0,01;2,65;0;0;900;844;"";105,849;15,88;415,524;62,47;20,876;0,93;1,36;0,19;14,973;1,96;0,0;10,0;0,0;10,0;0,001;10,0;38,774;13,97;11,201;11,11;1,732;10,22;0,034;10,0;0,003;10,0;0,0;10,0;1,011;22,432;0,53;34,056;3,33;6,805;0,57;5,992;1,23;961,961;1,0;"";"";16,01;2,71;57,259;14,23;"";"";30,483;13,77;53,4;"";"";"";"";"";"";"";"";"";"";"";"";"";"";"";"";"";"";"";"";"";"";"";"";"";"";"";"";"";"";"";"";"";"";"";"";"";"";"";"";"";"";"";"";"";"";"";"";"";"";"";"";"";"";"";"";"";"";"";"";"";"";"";"";""
05.01.2023 01:29:08;1672878548000;880f01e687e2572cea04e80fc6a68085;406276;OK;1812;0;0;0;0;0,0;5,88;0;0;901;845;"";106,275;15,94;416,909;62,51;20,875;0,93;1,361;0,19;14,928;1,95;0,0;10,0;0,0;10,0;0,0;10,0;25,913;12,65;8,454;10,74;0,829;10,02;0,004;10,0;0,0;10,0;0,0;10,0;1,001;22,43;0,53;34,085;3,33;6,81;0,57;6,002;1,23;961,943;1,0;"";"";15,912;2,72;56,963;14,21;"";"";31,256;14,12;54,5;"";"";"";"";"";"";"";"";"";"";"";"";"";"";"";"";"";"";"";"";"";"";"";"";"";"";"";"";"";"";"";"";"";"";"";"";"";"";"";"";"";"";"";"";"";"";"";"";"";"";"";"";"";"";"";"";"";"";"";"";"";"";"";"";""
05.01.2023 01:31:07;1672878667000;880f01e687e2572cea04e80fc6a68085;406395;OK;1838;0;0;0;0;0,0;2,93;0;0;901;845;"";102,789;15,42;416,039;62,48;20,877;0,93;1,36;0,19;14,893;1,95;0,0;10,0;0,0;10,0;0,204;10,0;33,81;13,44;10,954;11,11;1,136;10,0;0,444;10,0;0,443;10,0;0,0;10,0;2,839;22,428;0,53;34,069;3,33;6,806;0,57;5,994;1,23;961,907;1,0;"";"";15,832;2,72;56,589;14,19;"";"";33,243;13,11;61,6;"";"";"";"";"";"";"";"";"";"";"";"";"";"";"";"";"";"";"";"";"";"";"";"";"";"";"";"";"";"";"";"";"";"";"";"";"";"";"";"";"";"";"";"";"";"";"";"";"";"";"";"";"";"";"";"";"";"";"";"";"";"";"";"";""
05.01.2023 01:33:09;1672878789000;880f01e687e2572cea04e80fc6a68085;406517;OK;1825;0;0;0;0;0,02;-6,43;0;0;901;845;"";103,845;15,58;414,534;62,44;20,874;0,93;1,359;0,19;14,974;1,96;0,0;10,0;0,0;10,0;0,022;10,0;35,117;13,52;11,213;11,02;0,121;10,0;0,047;10,0;0,047;10,0;0,0;10,0;1,196;22,429;0,53;34,098;3,33;6,812;0,57;6,007;1,23;961,8259;1,0;"";"";15,785;2,72;56,431;14,18;"";"";30,556;14,19;52,8;"";"";"";"";"";"";"";"";"";"";"";"";"";"";"";"";"";"";"";"";"";"";"";"";"";"";"";"";"";"";"";"";"";"";"";"";"";"";"";"";"";"";"";"";"";"";"";"";"";"";"";"";"";"";"";"";"";"";"";"";"";"";"";"";""
05.01.2023 01:35:09;1672878909000;880f01e687e2572cea04e80fc6a68085;406637;OK;1819;0;0;0;0;0,01;-2,08;0;0;901;845;"";104,789;15,72;415,744;62,47;20,87;0,93;1,359;0,19;14,929;1,95;0,0;10,0;0,0;10,0;0,002;10,0;28,952;12,98;8,592;10,87;0,013;10,0;0,005;10,0;0,005;10,0;0,0;10,0;1,021;22,426;0,53;34,085;3,33;6,808;0,57;5,999;1,23;961,772;1,0;"";"";15,825;2,72;56,195;14,17;"";"";29,974;13,8;52,2;"";"";"";"";"";"";"";"";"";"";"";"";"";"";"";"";"";"";"";"";"";"";"";"";"";"";"";"";"";"";"";"";"";"";"";"";"";"";"";"";"";"";"";"";"";"";"";"";"";"";"";"";"";"";"";"";"";"";"";"";"";"";"";"";""
05.01.2023 01:37:10;1672879030000;880f01e687e2572cea04e80fc6a68085;406758;OK;1817;0;0;0;0;0,02;4,51;0;0;902;846;"";103,823;15,57;417,094;62,51;20,877;0,93;1,358;0,19;14,79;1,95;0,0;10,0;0,0;10,0;0,373;10,0;29,026;13,04;8,866;10,97;0,682;10,0;0,681;10,0;0,681;10,0;0,0;10,0;4,355;22,422;0,53;34,129;3,33;6,815;0,57;6,014;1,23;961,77;1,0;"";"";15,807;2,72;56,145;14,17;"";"";30,269;14,45;53,0;"";"";"";"";"";"";"";"";"";"";"";"";"";"";"";"";"";"";"";"";"";"";"";"";"";"";"";"";"";"";"";"";"";"";"";"";"";"";"";"";"";"";"";"";"";"";"";"";"";"";"";"";"";"";"";"";"";"";"";"";"";"";"";"";""
05.01.2023 01:39:11;1672879151000;880f01e687e2572cea04e80fc6a68085;406879;OK;1851;0;0;0;0;-0,0;5,59;0;0;901;845;"";104,623;15,69;415,96;62,48;20,879;0,93;1,359;0,19;14,724;1,94;0,0;10,0;0,0;10,0;0,047;10,0;23,909;12,48;6,256;10,64;0,073;10,0;0,073;10,0;0,073;10,0;0,0;10,0;1,425;22,425;0,53;34,096;3,33;6,81;0,57;6,003;1,23;961,7689;1,0;"";"";15,926;2,71;56,009;14,16;"";"";32,564;12,51;53,3;"";"";"";"";"";"";"";"";"";"";"";"";"";"";"";"";"";"";"";"";"";"";"";"";"";"";"";"";"";"";"";"";"";"";"";"";"";"";"";"";"";"";"";"";"";"";"";"";"";"";"";"";"";"";"";"";"";"";"";"";"";"";"";"";""
05.01.2023 01:41:13;1672879273000;880f01e687e2572cea04e80fc6a68085;407001;OK;1819;0;0;0;0;0,01;4,12;0;0;902;846;"";102,422;15,36;417,691;62,53;20,874;0,93;1,359;0,19;14,652;1,94;0,0;10,0;0,0;10,0;0,005;10,0;11,445;11,17;3,372;10,25;0,008;10,0;0,007;10,0;0,007;10,0;0,0;10,0;1,044;22,419;0,53;34,136;3,33;6,816;0,57;6,015;1,23;961,736;1,0;"";"";15,866;2,72;55,998;14,16;"";"";30,746;14,27;53,1;"";"";"";"";"";"";"";"";"";"";"";"";"";"";"";"";"";"";"";"";"";"";"";"";"";"";"";"";"";"";"";"";"";"";"";"";"";"";"";"";"";"";"";"";"";"";"";"";"";"";"";"";"";"";"";"";"";"";"";"";"";"";"";"";""
05.01.2023 01:43:13;1672879393000;880f01e687e2572cea04e80fc6a68085;407121;OK;1839;0;0;0;0;0,01;-3,29;0;0;902;846;"";106,416;15,96;414,927;62,45;20,88;0,93;1,358;0,19;14,711;1,94;0,0;10,0;0,0;10,0;0,001;10,0;27,09;12,79;7,151;10,74;0,001;10,0;0,001;10,0;0,001;10,0;0,0;10,0;1,005;22,423;0,53;34,147;3,33;6,819;0,57;6,023;1,22;961,745;1,0;"";"";15,754;2,72;55,949;14,16;"";"";30,711;14,65;56,1;"";"";"";"";"";"";"";"";"";"";"";"";"";"";"";"";"";"";"";"";"";"";"";"";"";"";"";"";"";"";"";"";"";"";"";"";"";"";"";"";"";"";"";"";"";"";"";"";"";"";"";"";"";"";"";"";"";"";"";"";"";"";"";"";""
05.01.2023 01:45:14;1672879514000;880f01e687e2572cea04e80fc6a68085;407242;OK;1822;0;0;0;0;-0,0;-5,46;0;0;901;845;"";106,946;16,04;414,982;62,45;20,88;0,93;1,359;0,19;14,612;1,94;0,0;10,0;0,0;10,0;0,0;10,0;32,377;13,24;9,114;10,77;0,537;10,0;0,0;10,0;0,0;10,0;0,0;10,0;1,0;22,428;0,53;34,085;3,33;6,809;0,57;6,0;1,23;961,7399;1,0;"";"";15,708;2,72;55,835;14,15;"";"";30,511;14,43;57,2;"";"";"";"";"";"";"";"";"";"";"";"";"";"";"";"";"";"";"";"";"";"";"";"";"";"";"";"";"";"";"";"";"";"";"";"";"";"";"";"";"";"";"";"";"";"";"";"";"";"";"";"";"";"";"";"";"";"";"";"";"";"";"";"";""
05.01.2023 01:47:14;1672879634000;880f01e687e2572cea04e80fc6a68085;407362;OK;1844;0;0;0;0;-0,02;-5,3;0;0;901;845;"";108,784;16,32;415,445;62,46;20,876;0,93;1,358;0,19;14,555;1,93;0,0;10,0;0,0;10,0;0,176;10,0;29,269;13,01;8,776;10,8;0,735;10,0;0,676;10,0;0,676;10,0;0,238;10,0;2,475;22,43;0,53;34,094;3,33;6,811;0,57;6,006;1,23;961,781;1,0;"";"";15,745;2,72;55,581;14,14;"";"";31,12;13,85;52,2;"";"";"";"";"";"";"";"";"";"";"";"";"";"";"";"";"";"";"";"";"";"";"";"";"";"";"";"";"";"";"";"";"";"";"";"";"";"";"";"";"";"";"";"";"";"";"";"";"";"";"";"";"";"";"";"";"";"";"";"";"";"";"";"";""
05.01.2023 01:49:14;1672879754000;880f01e687e2572cea04e80fc6a68085;407482;OK;1833;0;0;0;0;-0,02;4,96;0;0;901;845;"";106,356;15,95;416,669;62,5;20,878;0,93;1,358;0,19;14,337;1,92;0,0;10,0;0,0;10,0;0,019;10,0;40,608;14,02;11,431;11,04;0,078;10,0;0,072;10,0;0,072;10,0;0,025;10,0;1,157;22,431;0,53;34,077;3,33;6,809;0,57;6,0;1,23;961,822;1,0;"";"";15,839;2,72;55,227;14,12;"";"";32,509;12,68;54,4;"";"";"";"";"";"";"";"";"";"";"";"";"";"";"";"";"";"";"";"";"";"";"";"";"";"";"";"";"";"";"";"";"";"";"";"";"";"";"";"";"";"";"";"";"";"";"";"";"";"";"";"";"";"";"";"";"";"";"";"";"";"";"";"";""
05.01.2023 01:51:15;1672879875000;880f01e687e2572cea04e80fc6a68085;407603;OK;1826;0;0;0;0;0,02;3,66;0;0;902;846;"";107,439;16,12;416,147;62,48;20,875;0,93;1,359;0,19;14,37;1,92;0,0;10,0;0,0;10,0;0,002;10,0;27,742;12,82;7,334;10,61;0,008;10,0;0,008;10,0;0,008;10,0;0,003;10,0;1,017;22,429;0,53;34,119;3,33;6,816;0,57;6,016;1,23;961,743;1,0;"";"";15,89;2,72;54,968;14,11;"";"";30,384;14,08;53,0;"";"";"";"";"";"";"";"";"";"";"";"";"";"";"";"";"";"";"";"";"";"";"";"";"";"";"";"";"";"";"";"";"";"";"";"";"";"";"";"";"";"";"";"";"";"";"";"";"";"";"";"";"";"";"";"";"";"";"";"";"";"";"";"";""
05.01.2023 01:53:15;1672879995000;880f01e687e2572cea04e80fc6a68085;407724;OK;1819;0;0;0;0;0,02;-4,71;0;0;902;846;"";106,775;16,02;414,795;62,44;20,871;0,93;1,358;0,19;14,269;1,92;0,0;10,0;0,0;10,0;0,267;10,0;41,06;14,14;12,541;11,22;0,358;10,0;0,358;10,0;0,358;10,0;0,0;10,0;3,404;22,426;0,53;34,143;3,33;6,82;0,57;6,023;1,23;961,72;1,0;"";"";15,91;2,71;54,516;14,08;"";"";30,932;14,1;54,8;"";"";"";"";"";"";"";"";"";"";"";"";"";"";"";"";"";"";"";"";"";"";"";"";"";"";"";"";"";"";"";"";"";"";"";"";"";"";"";"";"";"";"";"";"";"";"";"";"";"";"";"";"";"";"";"";"";"";"";"";"";"";"";"";""
05.01.2023 01:55:15;1672880115000;880f01e687e2572cea04e80fc6a68085;407843;OK;1809;0;0;0;0;0,04;-8,08;0;0;903;847;"";102,147;15,32;414,759;62,44;20,871;0,93;1,358;0,19;14,258;1,92;0,0;10,0;0,0;10,0;0,029;10,0;35,156;13,49;9,459;10,89;0,038;10,0;0,038;10,0;0,038;10,0;0,0;10,0;1,257;22,418;0,53;34,166;3,33;6,821;0,57;6,027;1,22;961,6779;1,0;"";"";15,815;2,72;54,139;14,06;"";"";30,635;13,87;53,9;"";"";"";"";"";"";"";"";"";"";"";"";"";"";"";"";"";"";"";"";"";"";"";"";"";"";"";"";"";"";"";"";"";"";"";"";"";"";"";"";"";"";"";"";"";"";"";"";"";"";"";"";"";"";"";"";"";"";"";"";"";"";"";"";""
05.01.2023 01:57:17;1672880237000;880f01e687e2572cea04e80fc6a68085;407965;OK;1818;0;0;0;0;0,01;-4,14;0;0;903;847;"";103,871;15,58;414,454;62,43;20,873;0,93;1,358;0,19;14,232;1,92;0,0;10,0;0,0;10,0;0,003;10,0;28,189;12,89;7,505;10,73;0,004;10,0;0,004;10,0;0,004;10,0;0,0;10,0;1,026;22,41;0,53;34,169;3,33;6,819;0,57;6,02;1,22;961,665;1,0;"";"";15,811;2,72;53,68;14,04;"";"";29,465;14,83;53,0;"";"";"";"";"";"";"";"";"";"";"";"";"";"";"";"";"";"";"";"";"";"";"";"";"";"";"";"";"";"";"";"";"";"";"";"";"";"";"";"";"";"";"";"";"";"";"";"";"";"";"";"";"";"";"";"";"";"";"";"";"";"";"";"";""
05.01.2023 01:59:16;1672880356000;880f01e687e2572cea04e80fc6a68085;408085;OK;1805;0;0;0;0;-0,0;4,57;0;0;903;847;"";102,587;15,39;416,229;62,49;20,872;0,93;1,357;0,19;14,182;1,91;0,0;10,0;0,0;10,0;0,0;10,0;21,455;12,24;6,321;10,66;0,35;10,0;0,0;10,0;0,0;10,0;0,0;10,0;1,003;22,408;0,53;34,17;3,33;6,818;0,57;6,019;1,22;961,628;1,0;"";"";15,806;2,72;53,76;14,04;"";"";31,408;13,13;53,1;"";"";"";"";"";"";"";"";"";"";"";"";"";"";"";"";"";"";"";"";"";"";"";"";"";"";"";"";"";"";"";"";"";"";"";"";"";"";"";"";"";"";"";"";"";"";"";"";"";"";"";"";"";"";"";"";"";"";"";"";"";"";"";"";""
05.01.2023 02:01:16;1672880476000;880f01e687e2572cea04e80fc6a68085;408205;OK;1827;0;0;0;0;-0,01;2,25;0;0;903;847;"";105,216;15,78;414,542;62,44;20,873;0,93;1,356;0,19;14,163;1,91;0,0;10,0;0,0;10,0;0,0;10,0;23,71;12,44;6,227;10,62;0,037;10,0;0,0;10,0;0,0;10,0;0,0;10,0;1,0;22,413;0,53;34,169;3,33;6,82;0,57;6,023;1,22;961,585;1,0;"";"";15,678;2,73;53,843;14,04;"";"";30,259;14,78;52,9;"";"";"";"";"";"";"";"";"";"";"";"";"";"";"";"";"";"";"";"";"";"";"";"";"";"";"";"";"";"";"";"";"";"";"";"";"";"";"";"";"";"";"";"";"";"";"";"";"";"";"";"";"";"";"";"";"";"";"";"";"";"";"";"";""
05.01.2023 02:03:17;1672880597000;880f01e687e2572cea04e80fc6a68085;408326;OK;1800;0;0;0;0;0,01;-1,12;0;0;903;847;"";104,768;15,72;415,179;62,46;20,873;0,93;1,357;0,19;14,177;1,91;0,0;10,0;0,0;10,0;0,0;10,0;33,222;13,3;9,917;10,87;0,004;10,0;0,0;10,0;0,0;10,0;0,0;10,0;1,0;22,413;0,53;34,169;3,33;6,82;0,57;6,023;1,22;961,646;1,0;"";"";15,744;2,72;53,7;14,04;"";"";30,009;14,73;54,0;"";"";"";"";"";"";"";"";"";"";"";"";"";"";"";"";"";"";"";"";"";"";"";"";"";"";"";"";"";"";"";"";"";"";"";"";"";"";"";"";"";"";"";"";"";"";"";"";"";"";"";"";"";"";"";"";"";"";"";"";"";"";"";"";""
05.01.2023 02:05:17;1672880717000;880f01e687e2572cea04e80fc6a68085;408446;OK;1815;0;0;0;0;0,0;0,4;0;0;903;847;"";103,365;15,5;416,191;62,49;20,881;0,93;1,357;0,19;14,127;1,91;0,0;10,0;0,0;10,0;0,0;10,0;23,918;12,4;7,285;10,7;0,306;10,0;0,0;10,0;0,0;10,0;0,0;10,0;1,0;22,411;0,53;34,169;3,33;6,819;0,57;6,021;1,22;961,6599;1,0;"";"";15,718;2,72;53,619;14,03;"";"";31,427;14,05;53,2;"";"";"";"";"";"";"";"";"";"";"";"";"";"";"";"";"";"";"";"";"";"";"";"";"";"";"";"";"";"";"";"";"";"";"";"";"";"";"";"";"";"";"";"";"";"";"";"";"";"";"";"";"";"";"";"";"";"";"";"";"";"";"";"";""
05.01.2023 02:07:18;1672880838000;880f01e687e2572cea04e80fc6a68085;408566;OK;1841;0;0;0;0;-0,0;4,71;0;0;903;847;"";103,201;15,48;415,348;62,46;20,874;0,93;1,357;0,19;14,141;1,91;0,0;10,0;0,0;10,0;0,0;10,0;19,4;11,94;4,785;10,45;0,033;10,0;0,0;10,0;0,0;10,0;0,0;10,0;1,0;22,411;0,53;34,169;3,33;6,819;0,57;6,022;1,22;961,7089;1,0;"";"";15,798;2,72;53,782;14,04;"";"";31,612;13,89;52,7;"";"";"";"";"";"";"";"";"";"";"";"";"";"";"";"";"";"";"";"";"";"";"";"";"";"";"";"";"";"";"";"";"";"";"";"";"";"";"";"";"";"";"";"";"";"";"";"";"";"";"";"";"";"";"";"";"";"";"";"";"";"";"";"";""
05.01.2023 02:09:18;1672880958000;880f01e687e2572cea04e80fc6a68085;408687;OK;1826;0;0;0;0;0,0;-1,61;0;0;903;847;"";108,437;16,27;413,884;62,42;20,873;0,93;1,356;0,19;14,087;1,91;0,0;10,0;0,0;10,0;0,0;10,0;19,52;12,04;6,293;10,54;0,003;10,0;0,0;10,0;0,0;10,0;0,0;10,0;1,0;22,416;0,53;34,169;3,33;6,821;0,57;6,026;1,22;961,722;1,0;"";"";15,817;2,72;54,045;14,06;"";"";31,871;13,35;54,7;"";"";"";"";"";"";"";"";"";"";"";"";"";"";"";"";"";"";"";"";"";"";"";"";"";"";"";"";"";"";"";"";"";"";"";"";"";"";"";"";"";"";"";"";"";"";"";"";"";"";"";"";"";"";"";"";"";"";"";"";"";"";"";"";""
05.01.2023 02:11:18;1672881078000;880f01e687e2572cea04e80fc6a68085;408807;OK;1819;0;0;0;0;0,0;-4,49;0;0;903;847;"";108,365;16,25;414,694;62,44;20,873;0,93;1,356;0,19;14,131;1,91;0,0;10,0;0,0;10,0;0,0;10,0;18,973;11,99;5,858;10,57;0,0;10,0;0,0;10,0;0,0;10,0;0,0;10,0;1,0;22,414;0,53;34,169;3,33;6,82;0,57;6,024;1,22;961,7459;1,0;"";"";15,841;2,72;53,965;14,05;"";"";31,778;13,5;53,5;"";"";"";"";"";"";"";"";"";"";"";"";"";"";"";"";"";"";"";"";"";"";"";"";"";"";"";"";"";"";"";"";"";"";"";"";"";"";"";"";"";"";"";"";"";"";"";"";"";"";"";"";"";"";"";"";"";"";"";"";"";"";"";"";""
05.01.2023 02:13:20;1672881200000;880f01e687e2572cea04e80fc6a68085;408928;OK;1818;0;0;0;0;-0,0;-0,43;0;0;903;847;"";102,862;15,43;414,963;62,45;20,874;0,93;1,356;0,19;14,084;1,91;0,0;10,0;0,0;10,0;0,0;10,0;41,213;14,0;13,529;11,22;1,306;10,0;0,0;10,0;0,0;10,0;0,0;10,0;1,0;22,411;0,53;34,169;3,33;6,819;0,57;6,022;1,22;961,72;1,0;"";"";15,899;2,71;53,515;14,03;"";"";29,912;14,66;56,4;"";"";"";"";"";"";"";"";"";"";"";"";"";"";"";"";"";"";"";"";"";"";"";"";"";"";"";"";"";"";"";"";"";"";"";"";"";"";"";"";"";"";"";"";"";"";"";"";"";"";"";"";"";"";"";"";"";"";"";"";"";"";"";"";""
05.01.2023 02:15:20;1672881320000;880f01e687e2572cea04e80fc6a68085;409048;OK;1813;0;0;0;0;-0,01;2,95;0;0;903;847;"";102,882;15,43;415,086;62,45;20,876;0,93;1,356;0,19;14,173;1,91;0,0;10,0;0,0;10,0;0,23;10,0;43,892;14,4;13,498;11,23;1,547;10,11;1,038;10,0;0,357;10,0;0,0;10,0;3,07;22,408;0,53;34,17;3,33;6,818;0,57;6,019;1,22;961,729;1,0;"";"";15,751;2,72;53,343;14,02;"";"";30,692;14,81;55,9;"";"";"";"";"";"";"";"";"";"";"";"";"";"";"";"";"";"";"";"";"";"";"";"";"";"";"";"";"";"";"";"";"";"";"";"";"";"";"";"";"";"";"";"";"";"";"";"";"";"";"";"";"";"";"";"";"";"";"";"";"";"";"";"";""
05.01.2023 02:17:20;1672881440000;880f01e687e2572cea04e80fc6a68085;409169;OK;1805;0;0;0;0;-0,01;0,17;0;0;903;847;"";105,633;15,84;414,881;62,45;20,874;0,93;1,356;0,19;14,127;1,91;0,0;10,0;0,0;10,0;0,025;10,0;39,76;13,98;12,388;11,17;0,325;10,01;0,111;10,0;0,038;10,0;0,0;10,0;1,221;22,406;0,53;34,17;3,33;6,817;0,57;6,017;1,22;961,692;1,0;"";"";15,788;2,72;52,956;14,0;"";"";30,693;14,38;51,9;"";"";"";"";"";"";"";"";"";"";"";"";"";"";"";"";"";"";"";"";"";"";"";"";"";"";"";"";"";"";"";"";"";"";"";"";"";"";"";"";"";"";"";"";"";"";"";"";"";"";"";"";"";"";"";"";"";"";"";"";"";"";"";"";""
05.01.2023 02:19:21;1672881561000;880f01e687e2572cea04e80fc6a68085;409289;OK;1838;0;0;0;0;-0,01;-3,59;0;0;903;847;"";106,205;15,93;414,002;62,42;20,872;0,93;1,355;0,19;14,008;1,91;0,0;10,0;0,0;10,0;0,003;10,0;38,855;13,96;11,54;11,22;1,21;10,11;0,012;10,0;0,004;10,0;0,0;10,0;1,024;22,404;0,53;34,17;3,33;6,816;0,57;6,015;1,22;961,6699;1,0;"";"";15,737;2,72;52,782;13,99;"";"";32,005;13,73;52,7;"";"";"";"";"";"";"";"";"";"";"";"";"";"";"";"";"";"";"";"";"";"";"";"";"";"";"";"";"";"";"";"";"";"";"";"";"";"";"";"";"";"";"";"";"";"";"";"";"";"";"";"";"";"";"";"";"";"";"";"";"";"";"";"";""
05.01.2023 02:21:23;1672881683000;880f01e687e2572cea04e80fc6a68085;409411;OK;1821;0;0;0;0;-0,0;-0,56;0;0;903;847;"";105,76;15,86;415,551;62,47;20,872;0,93;1,354;0,19;13,941;1,9;0,0;10,0;0,0;10,0;0,0;10,0;29,613;13,11;9,503;10,93;0,125;10,01;0,001;10,0;0,0;10,0;0,0;10,0;1,002;22,406;0,53;34,17;3,33;6,817;0,57;6,017;1,22;961,632;1,0;"";"";15,707;2,72;52,519;13,97;"";"";31,008;14,47;55,6;"";"";"";"";"";"";"";"";"";"";"";"";"";"";"";"";"";"";"";"";"";"";"";"";"";"";"";"";"";"";"";"";"";"";"";"";"";"";"";"";"";"";"";"";"";"";"";"";"";"";"";"";"";"";"";"";"";"";"";"";"";"";"";"";""
05.01.2023 02:23:22;1672881802000;880f01e687e2572cea04e80fc6a68085;409530;OK;1847;0;0;0;0;-0,0;-1,53;0;0;903;847;"";105,289;15,79;414,051;62,42;20,872;0,93;1,355;0,19;13,964;1,9;0,0;10,0;0,0;10,0;0,0;10,0;18,277;12,0;6,052;10,55;0,967;10,0;0,381;10,0;0,38;10,0;0,0;10,0;1,0;22,403;0,53;34,17;3,33;6,816;0,57;6,015;1,22;961,654;1,0;"";"";15,725;2,72;52,238;13,96;"";"";30,078;14,56;55,6;"";"";"";"";"";"";"";"";"";"";"";"";"";"";"";"";"";"";"";"";"";"";"";"";"";"";"";"";"";"";"";"";"";"";"";"";"";"";"";"";"";"";"";"";"";"";"";"";"";"";"";"";"";"";"";"";"";"";"";"";"";"";"";"";""
05.01.2023 02:25:22;1672881922000;880f01e687e2572cea04e80fc6a68085;409650;OK;1834;0;0;0;0;0,01;-3,34;0;0;903;848;"";101,982;15,3;412,879;62,39;20,872;0,93;1,354;0,19;13,91;1,9;0,0;10,0;0,0;10,0;0,0;10,0;22,82;12,47;4,873;10,48;0,162;10,0;0,1;10,0;0,1;10,0;0,0;10,0;1,0;22,4;0,53;34,192;3,33;6,819;0,57;6,021;1,22;961,646;1,0;"";"";15,635;2,73;52,314;13,96;"";"";31,281;13,55;53,3;"";"";"";"";"";"";"";"";"";"";"";"";"";"";"";"";"";"";"";"";"";"";"";"";"";"";"";"";"";"";"";"";"";"";"";"";"";"";"";"";"";"";"";"";"";"";"";"";"";"";"";"";"";"";"";"";"";"";"";"";"";"";"";"";""
05.01.2023 02:27:24;1672882044000;880f01e687e2572cea04e80fc6a68085;409773;OK;1806;0;0;0;0;0,0;-6,6;0;0;903;848;"";102,065;15,31;413,371;62,4;20,871;0,93;1,355;0,19;13,841;1,9;0,0;10,0;0,0;10,0;0,0;10,0;13,459;11,49;4,204;10,49;0,017;10,0;0,01;10,0;0,01;10,0;0,0;10,0;1,0;22,401;0,53;34,176;3,33;6,817;0,57;6,016;1,22;961,6699;1,0;"";"";15,524;2,73;52,132;13,95;"";"";30,671;14,32;55,7;"";"";"";"";"";"";"";"";"";"";"";"";"";"";"";"";"";"";"";"";"";"";"";"";"";"";"";"";"";"";"";"";"";"";"";"";"";"";"";"";"";"";"";"";"";"";"";"";"";"";"";"";"";"";"";"";"";"";"";"";"";"";"";"";""
05.01.2023 02:29:23;1672882163000;880f01e687e2572cea04e80fc6a68085;409892;OK;1824;0;0;0;0;-0,01;0,2;0;0;903;848;"";103,66;15,55;414,059;62,42;20,872;0,93;1,355;0,19;13,885;1,9;0,0;10,0;0,0;10,0;0,0;10,0;27,482;12,78;8,512;10,81;0,002;10,0;0,001;10,0;0,001;10,0;0,0;10,0;1,0;22,402;0,53;34,178;3,33;6,817;0,57;6,017;1,22;961,645;1,0;"";"";15,554;2,73;52,2;13,96;"";"";30,464;13,89;53,6;"";"";"";"";"";"";"";"";"";"";"";"";"";"";"";"";"";"";"";"";"";"";"";"";"";"";"";"";"";"";"";"";"";"";"";"";"";"";"";"";"";"";"";"";"";"";"";"";"";"";"";"";"";"";"";"";"";"";"";"";"";"";"";"";""
05.01.2023 02:31:25;1672882285000;880f01e687e2572cea04e80fc6a68085;410013;OK;1836;0;0;0;0;-0,01;0,44;0;0;903;847;"";106,767;16,02;413,128;62,39;20,872;0,93;1,355;0,19;13,982;1,9;0,0;10,0;0,0;10,0;0,0;10,0;18,921;12,03;5,297;10,53;0,0;10,0;0,0;10,0;0,0;10,0;0,0;10,0;1,0;22,403;0,53;34,171;3,33;6,816;0,57;6,015;1,22;961,658;1,0;"";"";15,619;2,73;51,905;13,94;"";"";31,594;14,61;53,3;"";"";"";"";"";"";"";"";"";"";"";"";"";"";"";"";"";"";"";"";"";"";"";"";"";"";"";"";"";"";"";"";"";"";"";"";"";"";"";"";"";"";"";"";"";"";"";"";"";"";"";"";"";"";"";"";"";"";"";"";"";"";"";"";""
05.01.2023 02:33:25;1672882405000;880f01e687e2572cea04e80fc6a68085;410134;OK;1815;0;0;0;0;0,0;-1,95;0;0;903;847;"";104,555;15,68;412,523;62,38;20,872;0,93;1,354;0,19;13,962;1,9;0,0;10,0;0,0;10,0;0,0;10,0;28,67;12,9;8,131;10,72;0,0;10,0;0,0;10,0;0,0;10,0;0,0;10,0;1,0;22,406;0,53;34,174;3,33;6,818;0,57;6,019;1,22;961,632;1,0;"";"";15,593;2,73;51,669;13,93;"";"";31,174;13,93;52,9;"";"";"";"";"";"";"";"";"";"";"";"";"";"";"";"";"";"";"";"";"";"";"";"";"";"";"";"";"";"";"";"";"";"";"";"";"";"";"";"";"";"";"";"";"";"";"";"";"";"";"";"";"";"";"";"";"";"";"";"";"";"";"";"";""
05.01.2023 02:35:27;1672882527000;880f01e687e2572cea04e80fc6a68085;410255;OK;1817;0;0;0;0;-0,0;-3,07;0;0;903;848;"";104,841;15,73;413,378;62,4;20,873;0,93;1,354;0,19;13,931;1,9;0,0;10,0;0,0;10,0;0,0;10,0;18,581;12,01;4,484;10,54;0,0;10,0;0,0;10,0;0,0;10,0;0,0;10,0;1,0;22,402;0,53;34,172;3,33;6,816;0,57;6,015;1,22;961,588;1,0;"";"";15,578;2,73;51,687;13,93;"";"";30,5;13,82;54,6;"";"";"";"";"";"";"";"";"";"";"";"";"";"";"";"";"";"";"";"";"";"";"";"";"";"";"";"";"";"";"";"";"";"";"";"";"";"";"";"";"";"";"";"";"";"";"";"";"";"";"";"";"";"";"";"";"";"";"";"";"";"";"";"";""
05.01.2023 02:37:26;1672882646000;880f01e687e2572cea04e80fc6a68085;410374;OK;1838;0;0;0;0;-0,0;7,46;0;0;903;848;"";103,712;15,56;415,736;62,47;20,871;0,93;1,354;0,19;13,78;1,89;0,0;10,0;0,0;10,0;0,0;10,0;33,03;13,28;9,722;10,99;0,0;10,0;0,0;10,0;0,0;10,0;0,0;10,0;1,0;22,402;0,53;34,174;3,33;6,817;0,57;6,016;1,22;961,566;1,0;"";"";15,606;2,73;51,698;13,93;"";"";31,934;13,68;54,7;"";"";"";"";"";"";"";"";"";"";"";"";"";"";"";"";"";"";"";"";"";"";"";"";"";"";"";"";"";"";"";"";"";"";"";"";"";"";"";"";"";"";"";"";"";"";"";"";"";"";"";"";"";"";"";"";"";"";"";"";"";"";"";"";""
05.01.2023 02:39:26;1672882766000;880f01e687e2572cea04e80fc6a68085;410494;OK;1838;0;0;0;0;-0,01;2,64;0;0;903;848;"";107,007;16,05;413,224;62,4;20,868;0,93;1,354;0,19;13,757;1,89;0,0;10,0;0,0;10,0;0,0;10,0;25,641;12,68;6,724;10,74;0,114;10,0;0,0;10,0;0,0;10,0;0,0;10,0;1,0;22,402;0,53;34,17;3,33;6,816;0,57;6,014;1,22;961,567;1,0;"";"";15,576;2,73;51,671;13,93;"";"";30,685;14,22;53,5;"";"";"";"";"";"";"";"";"";"";"";"";"";"";"";"";"";"";"";"";"";"";"";"";"";"";"";"";"";"";"";"";"";"";"";"";"";"";"";"";"";"";"";"";"";"";"";"";"";"";"";"";"";"";"";"";"";"";"";"";"";"";"";"";""
05.01.2023 02:41:26;1672882886000;880f01e687e2572cea04e80fc6a68085;410615;OK;1835;0;0;0;0;0,01;-2,12;0;0;903;848;"";108,682;16,3;413,88;62,42;20,872;0,93;1,354;0,19;13,693;1,89;0,0;10,0;0,0;10,0;0,0;10,0;26,615;12,7;6,828;10,56;0,012;10,0;0,0;10,0;0,0;10,0;0,0;10,0;1,0;22,405;0,53;34,189;3,33;6,821;0,57;6,024;1,22;961,603;1,0;"";"";15,661;2,73;51,503;13,92;"";"";32,032;13,73;54,0;"";"";"";"";"";"";"";"";"";"";"";"";"";"";"";"";"";"";"";"";"";"";"";"";"";"";"";"";"";"";"";"";"";"";"";"";"";"";"";"";"";"";"";"";"";"";"";"";"";"";"";"";"";"";"";"";"";"";"";"";"";"";"";"";""
05.01.2023 02:43:28;1672883008000;880f01e687e2572cea04e80fc6a68085;410736;OK;1806;0;0;0;0;0,03;-6,4;0;0;904;849;"";105,523;15,83;413,127;62,39;20,87;0,93;1,354;0,19;13,688;1,89;0,0;10,0;0,0;10,0;0,279;10,0;35,194;13,52;10,462;11,01;0,425;10,0;0,423;10,0;0,423;10,0;0,0;10,0;3,509;22,405;0,53;34,226;3,33;6,828;0,57;6,04;1,22;961,715;1,0;"";"";15,614;2,73;51,111;13,9;"";"";30,209;14,59;52,9;"";"";"";"";"";"";"";"";"";"";"";"";"";"";"";"";"";"";"";"";"";"";"";"";"";"";"";"";"";"";"";"";"";"";"";"";"";"";"";"";"";"";"";"";"";"";"";"";"";"";"";"";"";"";"";"";"";"";"";"";"";"";"";"";""
05.01.2023 02:45:29;1672883129000;880f01e687e2572cea04e80fc6a68085;410857;OK;1801;0;0;0;0;0,04;3,85;0;0;904;849;"";106,053;15,91;413,84;62,42;20,869;0,93;1,354;0,19;13,565;1,88;0,0;10,0;0,0;10,0;0,029;10,0;30,463;13,06;8,273;10,89;0,497;10,0;0,497;10,0;0,044;10,0;0,0;10,0;1,259;22,404;0,53;34,224;3,33;6,827;0,57;6,038;1,22;961,8;1,0;"";"";15,583;2,73;50,896;13,89;"";"";33,404;12,57;57,8;"";"";"";"";"";"";"";"";"";"";"";"";"";"";"";"";"";"";"";"";"";"";"";"";"";"";"";"";"";"";"";"";"";"";"";"";"";"";"";"";"";"";"";"";"";"";"";"";"";"";"";"";"";"";"";"";"";"";"";"";"";"";"";"";""
05.01.2023 02:47:29;1672883249000;880f01e687e2572cea04e80fc6a68085;410977;OK;1817;0;0;0;0;0,04;9,0;0;0;905;850;"";106,857;16,03;416,469;62,49;20,869;0,93;1,353;0,19;13,577;1,88;0,0;10,0;0,0;10,0;0,003;10,0;44,561;14,49;11,477;11,1;0,053;10,0;0,053;10,0;0,005;10,0;0,0;10,0;1,028;22,402;0,53;34,277;3,33;6,837;0,57;6,059;1,22;961,778;1,0;"";"";15,556;2,73;50,966;13,89;"";"";30,191;14,92;53,4;"";"";"";"";"";"";"";"";"";"";"";"";"";"";"";"";"";"";"";"";"";"";"";"";"";"";"";"";"";"";"";"";"";"";"";"";"";"";"";"";"";"";"";"";"";"";"";"";"";"";"";"";"";"";"";"";"";"";"";"";"";"";"";"";""
05.01.2023 02:49:28;1672883368000;880f01e687e2572cea04e80fc6a68085;411097;OK;1807;0;0;0;0;0,03;7,5;0;0;905;850;"";105,114;15,77;414,933;62,45;20,873;0,93;1,353;0,19;13,648;1,89;0,0;10,0;0,0;10,0;0,0;10,0;24,516;12,47;7,21;10,68;0,006;10,0;0,006;10,0;0,0;10,0;0,0;10,0;1,003;22,401;0,53;34,286;3,33;6,839;0,57;6,062;1,22;961,601;1,0;"";"";15,626;2,73;50,793;13,88;"";"";31,52;13,67;57,9;"";"";"";"";"";"";"";"";"";"";"";"";"";"";"";"";"";"";"";"";"";"";"";"";"";"";"";"";"";"";"";"";"";"";"";"";"";"";"";"";"";"";"";"";"";"";"";"";"";"";"";"";"";"";"";"";"";"";"";"";"";"";"";"";""
05.01.2023 02:51:29;1672883489000;880f01e687e2572cea04e80fc6a68085;411218;OK;1831;0;0;0;0;0,02;0,04;0;0;905;850;"";103,323;15,5;413,72;62,41;20,875;0,93;1,353;0,19;13,628;1,88;0,0;10,0;0,0;10,0;0,0;10,0;13,01;11,42;4,038;10,4;0,001;10,0;0,001;10,0;0,0;10,0;0,0;10,0;1,0;22,398;0,53;34,291;3,33;6,838;0,57;6,061;1,22;961,471;1,0;"";"";15,586;2,73;50,601;13,87;"";"";33,841;11,8;53,8;"";"";"";"";"";"";"";"";"";"";"";"";"";"";"";"";"";"";"";"";"";"";"";"";"";"";"";"";"";"";"";"";"";"";"";"";"";"";"";"";"";"";"";"";"";"";"";"";"";"";"";"";"";"";"";"";"";"";"";"";"";"";"";"";""
05.01.2023 02:53:30;1672883610000;880f01e687e2572cea04e80fc6a68085;411338;OK;1824;0;0;0;0;0,0;-8,39;0;0;905;850;"";107,263;16,09;413,427;62,4;20,877;0,93;1,353;0,19;13,653;1,89;0,0;10,0;0,0;10,0;0,0;10,0;26,933;12,74;7,355;10,67;0,0;10,0;0,0;10,0;0,0;10,0;0,0;10,0;1,0;22,397;0,53;34,291;3,33;6,838;0,57;6,061;1,22;961,405;1,0;"";"";15,605;2,73;50,307;13,86;"";"";34,339;11,44;55,8;"";"";"";"";"";"";"";"";"";"";"";"";"";"";"";"";"";"";"";"";"";"";"";"";"";"";"";"";"";"";"";"";"";"";"";"";"";"";"";"";"";"";"";"";"";"";"";"";"";"";"";"";"";"";"";"";"";"";"";"";"";"";"";"";""
05.01.2023 02:55:30;1672883730000;880f01e687e2572cea04e80fc6a68085;411459;OK;1823;0;0;0;0;-0,01;-5,16;0;0;905;850;"";104,927;15,74;413,236;62,4;20,869;0,93;1,353;0,19;13,706;1,89;0,0;10,0;0,0;10,0;0,178;10,0;22,916;12,38;7,466;10,76;0,634;10,0;0,634;10,0;0,634;10,0;0,0;10,0;2,601;22,394;0,54;34,291;3,33;6,837;0,57;6,059;1,22;961,3669;1,0;"";"";15,567;2,73;49,8;13,83;"";"";31,299;13,3;52,8;"";"";"";"";"";"";"";"";"";"";"";"";"";"";"";"";"";"";"";"";"";"";"";"";"";"";"";"";"";"";"";"";"";"";"";"";"";"";"";"";"";"";"";"";"";"";"";"";"";"";"";"";"";"";"";"";"";"";"";"";"";"";"";"";""
05.01.2023 02:57:30;1672883850000;880f01e687e2572cea04e80fc6a68085;411578;OK;1820;0;0;0;0;-0,0;0,87;0;0;905;850;"";105,738;15,86;414,476;62,43;20,871;0,93;1,352;0,19;13,727;1,89;0,0;10,0;0,0;10,0;0,057;10,0;17,894;11,85;5,946;10,43;0,093;10,0;0,093;10,0;0,093;10,0;0,0;10,0;1,514;22,394;0,54;34,291;3,33;6,837;0,57;6,058;1,22;961,372;1,0;"";"";15,531;2,73;49,456;13,81;"";"";31,352;13,97;53,2;"";"";"";"";"";"";"";"";"";"";"";"";"";"";"";"";"";"";"";"";"";"";"";"";"";"";"";"";"";"";"";"";"";"";"";"";"";"";"";"";"";"";"";"";"";"";"";"";"";"";"";"";"";"";"";"";"";"";"";"";"";"";"";"";""
05.01.2023 02:59:31;1672883971000;880f01e687e2572cea04e80fc6a68085;411699;OK;1826;0;0;0;0;-0,01;0,9;0;0;905;850;"";106,519;15,98;413,451;62,4;20,869;0,93;1,352;0,19;13,746;1,89;0,0;10,0;0,0;10,0;0,13;10,0;17,563;11,94;5,752;10,54;0,206;10,0;0,206;10,0;0,206;10,0;0,196;10,0;2,166;22,391;0,54;34,292;3,33;6,836;0,57;6,055;1,22;961,319;1,0;"";"";15,514;2,73;49,457;13,81;"";"";31,891;13,66;53,2;"";"";"";"";"";"";"";"";"";"";"";"";"";"";"";"";"";"";"";"";"";"";"";"";"";"";"";"";"";"";"";"";"";"";"";"";"";"";"";"";"";"";"";"";"";"";"";"";"";"";"";"";"";"";"";"";"";"";"";"";"";"";"";"";""
05.01.2023 03:01:33;1672884093000;880f01e687e2572cea04e80fc6a68085;411821;OK;1812;0;0;0;0;-0,01;-0,83;0;0;905;850;"";106,51;15,98;413,783;62,41;20,871;0,93;1,352;0,19;13,909;1,9;0,0;10,0;0,0;10,0;0,013;10,0;23,118;12,47;6,715;10,6;0,333;10,0;0,333;10,0;0,333;10,0;0,02;10,0;1,12;22,387;0,54;34,292;3,33;6,834;0,57;6,052;1,22;961,3379;1,0;"";"";15,585;2,73;49,32;13,8;"";"";30,821;14,65;56,9;"";"";"";"";"";"";"";"";"";"";"";"";"";"";"";"";"";"";"";"";"";"";"";"";"";"";"";"";"";"";"";"";"";"";"";"";"";"";"";"";"";"";"";"";"";"";"";"";"";"";"";"";"";"";"";"";"";"";"";"";"";"";"";"";""
05.01.2023 03:03:32;1672884212000;880f01e687e2572cea04e80fc6a68085;411941;OK;1814;0;0;0;0;-0,01;-3,07;0;0;905;851;"";106,501;15,98;413,466;62,4;20,877;0,93;1,352;0,19;13,897;1,9;0,0;10,0;0,0;10,0;0,001;10,0;17,897;11,96;5,635;10,58;0,036;10,0;0,036;10,0;0,036;10,0;0,002;10,0;1,013;22,38;0,54;34,3;3,33;6,833;0,57;6,05;1,22;961,3319;1,0;"";"";15,572;2,73;49,221;13,8;"";"";29,372;15,38;53,4;"";"";"";"";"";"";"";"";"";"";"";"";"";"";"";"";"";"";"";"";"";"";"";"";"";"";"";"";"";"";"";"";"";"";"";"";"";"";"";"";"";"";"";"";"";"";"";"";"";"";"";"";"";"";"";"";"";"";"";"";"";"";"";"";""
05.01.2023 03:05:32;1672884332000;880f01e687e2572cea04e80fc6a68085;412061;OK;1815;0;0;0;0;0,0;3,13;0;0;905;851;"";105,909;15,89;413,619;62,41;20,878;0,93;1,352;0,19;13,917;1,9;0,0;10,0;0,0;10,0;0,0;10,0;18,701;11,91;4,798;10,45;0,004;10,0;0,004;10,0;0,004;10,0;0,0;10,0;1,001;22,381;0,54;34,309;3,33;6,835;0,57;6,055;1,22;961,349;1,0;"";"";15,575;2,73;49,265;13,8;"";"";30,558;14,64;55,6;"";"";"";"";"";"";"";"";"";"";"";"";"";"";"";"";"";"";"";"";"";"";"";"";"";"";"";"";"";"";"";"";"";"";"";"";"";"";"";"";"";"";"";"";"";"";"";"";"";"";"";"";"";"";"";"";"";"";"";"";"";"";"";"";""
05.01.2023 03:07:33;1672884453000;880f01e687e2572cea04e80fc6a68085;412182;OK;1807;0;0;0;0;0,02;0,63;0;0;906;852;"";104,512;15,68;413,441;62,4;20,87;0,93;1,351;0,19;13,878;1,9;0,0;10,0;0,0;10,0;0,0;10,0;21,916;12,42;5,654;10,73;0,0;10,0;0,0;10,0;0,0;10,0;0,0;10,0;1,0;22,378;0,54;34,339;3,33;6,84;0,57;6,064;1,22;961,337;1,0;"";"";15,679;2,72;49,083;13,79;"";"";32,077;12,94;53,3;"";"";"";"";"";"";"";"";"";"";"";"";"";"";"";"";"";"";"";"";"";"";"";"";"";"";"";"";"";"";"";"";"";"";"";"";"";"";"";"";"";"";"";"";"";"";"";"";"";"";"";"";"";"";"";"";"";"";"";"";"";"";"";"";""
05.01.2023 03:09:33;1672884573000;880f01e687e2572cea04e80fc6a68085;412302;OK;1823;0;0;0;0;0,03;-1,08;0;0;906;852;"";106,059;15,91;413,86;62,42;20,876;0,93;1,35;0,19;13,906;1,9;0,0;10,0;0,0;10,0;0,0;10,0;10,959;11,22;2,0;10,28;0,0;10,0;0,0;10,0;0,0;10,0;0,0;10,0;1,0;22,381;0,54;34,35;3,33;6,843;0,57;6,071;1,22;961,3319;1,0;"";"";15,681;2,72;49,178;13,79;"";"";32,768;12,03;57,1;"";"";"";"";"";"";"";"";"";"";"";"";"";"";"";"";"";"";"";"";"";"";"";"";"";"";"";"";"";"";"";"";"";"";"";"";"";"";"";"";"";"";"";"";"";"";"";"";"";"";"";"";"";"";"";"";"";"";"";"";"";"";"";"";""
05.01.2023 03:11:33;1672884693000;880f01e687e2572cea04e80fc6a68085;412422;OK;1813;0;0;0;0;0,05;-3,98;0;0;908;853;"";106,07;15,91;413,78;62,41;20,879;0,93;1,35;0,19;13,946;1,9;0,0;10,0;0,0;10,0;0,0;10,0;10,774;11,2;2,421;10,2;0,208;10,0;0,0;10,0;0,0;10,0;0,0;10,0;1,0;22,379;0,54;34,403;3,33;6,853;0,57;6,092;1,21;961,2479;1,0;"";"";15,773;2,72;49,093;13,79;"";"";31,271;13,67;55,2;"";"";"";"";"";"";"";"";"";"";"";"";"";"";"";"";"";"";"";"";"";"";"";"";"";"";"";"";"";"";"";"";"";"";"";"";"";"";"";"";"";"";"";"";"";"";"";"";"";"";"";"";"";"";"";"";"";"";"";"";"";"";"";"";""
05.01.2023 03:13:33;1672884813000;880f01e687e2572cea04e80fc6a68085;412542;OK;1802;0;0;0;0;0,04;-3,26;0;0;908;853;"";105,36;15,8;412,671;62,38;20,873;0,93;1,35;0,19;13,939;1,9;0,0;10,0;0,0;10,0;0,362;10,0;8,16;10,91;2,572;10,21;0,451;10,0;0,429;10,0;0,429;10,0;0,0;10,0;4,259;22,379;0,54;34,413;3,33;6,855;0,57;6,096;1,21;961,152;1,0;"";"";15,702;2,72;48,877;13,78;"";"";31,044;13,66;52,6;"";"";"";"";"";"";"";"";"";"";"";"";"";"";"";"";"";"";"";"";"";"";"";"";"";"";"";"";"";"";"";"";"";"";"";"";"";"";"";"";"";"";"";"";"";"";"";"";"";"";"";"";"";"";"";"";"";"";"";"";"";"";"";"";""
05.01.2023 03:15:35;1672884935000;880f01e687e2572cea04e80fc6a68085;412664;OK;1815;0;0;0;0;0,03;6,77;0;0;908;854;"";103,899;15,58;415,908;62,48;20,873;0,93;1,35;0,19;13,939;1,9;0,0;10,0;0,0;10,0;0,037;10,0;17,415;11,86;3,394;10,24;0,369;10,0;0,044;10,0;0,044;10,0;0,0;10,0;1,336;22,374;0,54;34,42;3,33;6,854;0,57;6,094;1,21;961,084;1,0;"";"";15,862;2,71;48,553;13,76;"";"";32,123;13,9;53,7;"";"";"";"";"";"";"";"";"";"";"";"";"";"";"";"";"";"";"";"";"";"";"";"";"";"";"";"";"";"";"";"";"";"";"";"";"";"";"";"";"";"";"";"";"";"";"";"";"";"";"";"";"";"";"";"";"";"";"";"";"";"";"";"";""
05.01.2023 03:17:36;1672885056000;880f01e687e2572cea04e80fc6a68085;412784;OK;1826;0;0;0;0;0,0;-1,84;0;0;909;854;"";101,532;15,23;411,612;62,35;20,873;0,93;1,349;0,19;13,985;1,9;0,0;10,0;0,0;10,0;0,004;10,0;25,723;12,58;5,887;10,53;0,039;10,0;0,005;10,0;0,005;10,0;0,0;10,0;1,036;22,368;0,54;34,434;3,33;6,855;0,57;6,096;1,21;961,046;1,0;"";"";15,913;2,71;48,506;13,75;"";"";31,07;13,98;55,9;"";"";"";"";"";"";"";"";"";"";"";"";"";"";"";"";"";"";"";"";"";"";"";"";"";"";"";"";"";"";"";"";"";"";"";"";"";"";"";"";"";"";"";"";"";"";"";"";"";"";"";"";"";"";"";"";"";"";"";"";"";"";"";"";""
05.01.2023 03:19:35;1672885175000;880f01e687e2572cea04e80fc6a68085;412904;OK;1808;0;0;0;0;0,0;-3,65;0;0;909;854;"";103,996;15,6;412,342;62,37;20,88;0,93;1,348;0,19;13,988;1,9;0,0;10,0;0,0;10,0;0,0;10,0;32,166;13,15;8,864;10,85;0,004;10,0;0,001;10,0;0,001;10,0;0,0;10,0;1,004;22,366;0,54;34,451;3,32;6,858;0,57;6,101;1,21;961,033;1,0;"";"";15,914;2,71;48,731;13,77;"";"";31,439;13,35;57,1;"";"";"";"";"";"";"";"";"";"";"";"";"";"";"";"";"";"";"";"";"";"";"";"";"";"";"";"";"";"";"";"";"";"";"";"";"";"";"";"";"";"";"";"";"";"";"";"";"";"";"";"";"";"";"";"";"";"";"";"";"";"";"";"";""
05.01.2023 03:21:35;1672885295000;880f01e687e2572cea04e80fc6a68085;413024;OK;1821;0;0;0;0;0,04;-7,15;0;0;910;855;"";105,37;15,81;412,273;62,37;20,876;0,93;1,349;0,19;14,112;1,91;0,0;10,0;0,0;10,0;0,0;10,0;8,595;10,91;2,112;10,15;0,0;10,0;0,0;10,0;0,0;10,0;0,0;10,0;1,0;22,369;0,54;34,493;3,32;6,867;0,57;6,121;1,21;960,975;1,0;"";"";15,858;2,71;48,816;13,77;"";"";30,875;14,17;53,5;"";"";"";"";"";"";"";"";"";"";"";"";"";"";"";"";"";"";"";"";"";"";"";"";"";"";"";"";"";"";"";"";"";"";"";"";"";"";"";"";"";"";"";"";"";"";"";"";"";"";"";"";"";"";"";"";"";"";"";"";"";"";"";"";""
05.01.2023 03:23:36;1672885416000;880f01e687e2572cea04e80fc6a68085;413144;OK;1826;0;0;0;0;0,04;2,7;0;0;910;856;"";105,83;15,87;412,835;62,39;20,876;0,93;1,348;0,19;14,054;1,91;0,0;10,0;0,0;10,0;0,0;10,0;12,686;11,4;3,436;10,26;0,155;10,0;0,0;10,0;0,0;10,0;0,0;10,0;1,0;22,367;0,54;34,51;3,32;6,87;0,57;6,126;1,21;960,886;1,0;"";"";15,912;2,71;48,607;13,76;"";"";31,256;13,59;55,0;"";"";"";"";"";"";"";"";"";"";"";"";"";"";"";"";"";"";"";"";"";"";"";"";"";"";"";"";"";"";"";"";"";"";"";"";"";"";"";"";"";"";"";"";"";"";"";"";"";"";"";"";"";"";"";"";"";"";"";"";"";"";"";"";""
05.01.2023 03:25:36;1672885536000;880f01e687e2572cea04e80fc6a68085;413264;OK;1809;0;0;0;0;0,05;-0,39;0;0;911;856;"";107,874;16,18;412,671;62,38;20,879;0,93;1,347;0,19;14,077;1,91;0,0;10,0;0,0;10,0;0,0;10,0;11,23;11,19;3,659;10,41;0,017;10,0;0,0;10,0;0,0;10,0;0,0;10,0;1,0;22,37;0,54;34,532;3,32;6,875;0,57;6,138;1,21;960,793;1,0;"";"";15,905;2,71;48,651;13,76;"";"";31,521;12,98;53,6;"";"";"";"";"";"";"";"";"";"";"";"";"";"";"";"";"";"";"";"";"";"";"";"";"";"";"";"";"";"";"";"";"";"";"";"";"";"";"";"";"";"";"";"";"";"";"";"";"";"";"";"";"";"";"";"";"";"";"";"";"";"";"";"";""
05.01.2023 03:27:37;1672885657000;880f01e687e2572cea04e80fc6a68085;413386;OK;1814;0;0;0;0;0,03;1,13;0;0;911;856;"";107,098;16,06;413,051;62,39;20,878;0,93;1,347;0,19;14,098;1,91;0,0;10,0;0,0;10,0;0,0;10,0;8,917;10,98;2,555;10,26;0,002;10,0;0,0;10,0;0,0;10,0;0,0;10,0;1,0;22,369;0,54;34,549;3,32;6,879;0,57;6,145;1,21;960,762;1,0;"";"";15,898;2,71;48,712;13,76;"";"";32,198;13,21;53,6;"";"";"";"";"";"";"";"";"";"";"";"";"";"";"";"";"";"";"";"";"";"";"";"";"";"";"";"";"";"";"";"";"";"";"";"";"";"";"";"";"";"";"";"";"";"";"";"";"";"";"";"";"";"";"";"";"";"";"";"";"";"";"";"";""
05.01.2023 03:29:38;1672885778000;880f01e687e2572cea04e80fc6a68085;413506;OK;1814;0;0;0;0;0,03;1,79;0;0;911;857;"";106,168;15,93;412,754;62,38;20,872;0,93;1,347;0,19;14,141;1,91;0,0;10,0;0,0;10,0;0,0;10,0;14,263;11,54;3,535;10,34;0,0;10,0;0,0;10,0;0,0;10,0;0,0;10,0;1,0;22,368;0,54;34,553;3,32;6,879;0,57;6,146;1,21;960,736;1,0;"";"";15,92;2,71;48,416;13,75;"";"";32,158;12,21;52,8;"";"";"";"";"";"";"";"";"";"";"";"";"";"";"";"";"";"";"";"";"";"";"";"";"";"";"";"";"";"";"";"";"";"";"";"";"";"";"";"";"";"";"";"";"";"";"";"";"";"";"";"";"";"";"";"";"";"";"";"";"";"";"";"";""
05.01.2023 03:31:38;1672885898000;880f01e687e2572cea04e80fc6a68085;413627;OK;1822;0;0;0;0;0,0;-0,3;0;0;911;857;"";103,465;15,52;412,631;62,38;20,871;0,93;1,346;0,19;14,203;1,91;0,0;10,0;0,0;10,0;0,0;10,0;14,34;11,56;3,179;10,34;0,0;10,0;0,0;10,0;0,0;10,0;0,0;10,0;1,0;22,362;0,54;34,557;3,32;6,877;0,57;6,141;1,21;960,7329;1,0;"";"";15,94;2,71;47,927;13,72;"";"";31,061;13,74;55,9;"";"";"";"";"";"";"";"";"";"";"";"";"";"";"";"";"";"";"";"";"";"";"";"";"";"";"";"";"";"";"";"";"";"";"";"";"";"";"";"";"";"";"";"";"";"";"";"";"";"";"";"";"";"";"";"";"";"";"";"";"";"";"";"";""
05.01.2023 03:33:37;1672886017000;880f01e687e2572cea04e80fc6a68085;413746;OK;1829;0;0;0;0;-0,01;3,9;0;0;911;857;"";100,596;15,09;414,578;62,44;20,876;0,93;1,346;0,19;14,236;1,92;0,0;10,0;0,0;10,0;0,0;10,0;14,33;11,59;3,568;10,36;0,0;10,0;0,0;10,0;0,0;10,0;0,0;10,0;1,0;22,356;0,54;34,558;3,32;6,875;0,57;6,137;1,21;960,695;1,0;"";"";15,888;2,71;47,925;13,72;"";"";30,635;14,14;55,0;"";"";"";"";"";"";"";"";"";"";"";"";"";"";"";"";"";"";"";"";"";"";"";"";"";"";"";"";"";"";"";"";"";"";"";"";"";"";"";"";"";"";"";"";"";"";"";"";"";"";"";"";"";"";"";"";"";"";"";"";"";"";"";"";""
05.01.2023 03:35:37;1672886137000;880f01e687e2572cea04e80fc6a68085;413866;OK;1813;0;0;0;0;-0,0;5,92;0;0;911;857;"";102,71;15,41;414,782;62,44;20,871;0,93;1,345;0,19;14,37;1,92;0,0;10,0;0,0;10,0;0,0;10,0;30,452;13,1;8,435;10,75;0,0;10,0;0,0;10,0;0,0;10,0;0,0;10,0;1,0;22,357;0,54;34,574;3,32;6,878;0,57;6,144;1,21;960,71;1,0;"";"";15,919;2,71;47,66;13,7;"";"";30,0;14,5;52,4;"";"";"";"";"";"";"";"";"";"";"";"";"";"";"";"";"";"";"";"";"";"";"";"";"";"";"";"";"";"";"";"";"";"";"";"";"";"";"";"";"";"";"";"";"";"";"";"";"";"";"";"";"";"";"";"";"";"";"";"";"";"";"";"";""
05.01.2023 03:37:39;1672886259000;880f01e687e2572cea04e80fc6a68085;413988;OK;1812;0;0;0;0;0,01;-2,15;0;0;912;858;"";103,83;15,57;411,821;62,35;20,876;0,93;1,344;0,19;14,381;1,92;0,0;10,0;0,0;10,0;0,0;10,0;21,945;12,41;6,275;10,65;0,0;10,0;0,0;10,0;0,0;10,0;0,0;10,0;1,0;22,355;0,54;34,587;3,32;6,881;0,57;6,149;1,21;960,671;1,0;"";"";15,988;2,71;47,722;13,71;"";"";32,144;13,57;56,7;"";"";"";"";"";"";"";"";"";"";"";"";"";"";"";"";"";"";"";"";"";"";"";"";"";"";"";"";"";"";"";"";"";"";"";"";"";"";"";"";"";"";"";"";"";"";"";"";"";"";"";"";"";"";"";"";"";"";"";"";"";"";"";"";""
05.01.2023 03:39:38;1672886378000;880f01e687e2572cea04e80fc6a68085;414106;OK;1835;0;0;0;0;0,03;-7,33;0;0;913;859;"";103,612;15,54;412,651;62,38;20,873;0,93;1,344;0,19;14,294;1,92;0,0;10,0;0,0;10,0;0,0;10,0;13,373;11,48;3,797;10,35;0,0;10,0;0,0;10,0;0,0;10,0;0,0;10,0;1,0;22,353;0,54;34,628;3,32;6,888;0,57;6,164;1,2;960,65;1,0;"";"";15,912;2,71;47,688;13,71;"";"";31,091;13,92;56,2;"";"";"";"";"";"";"";"";"";"";"";"";"";"";"";"";"";"";"";"";"";"";"";"";"";"";"";"";"";"";"";"";"";"";"";"";"";"";"";"";"";"";"";"";"";"";"";"";"";"";"";"";"";"";"";"";"";"";"";"";"";"";"";"";""
05.01.2023 03:41:40;1672886500000;880f01e687e2572cea04e80fc6a68085;414227;OK;1832;0;0;0;0;0,04;-7,52;0;0;913;859;"";100,108;15,02;410,935;62,33;20,873;0,93;1,344;0,19;14,302;1,92;0,0;10,0;0,0;10,0;0,0;10,0;17,088;11,9;5,526;10,6;0,0;10,0;0,0;10,0;0,0;10,0;0,0;10,0;1,0;22,347;0,54;34,658;3,32;6,891;0,57;6,17;1,2;960,616;1,0;"";"";15,842;2,71;48,235;13,73;"";"";33,177;13,31;53,6;"";"";"";"";"";"";"";"";"";"";"";"";"";"";"";"";"";"";"";"";"";"";"";"";"";"";"";"";"";"";"";"";"";"";"";"";"";"";"";"";"";"";"";"";"";"";"";"";"";"";"";"";"";"";"";"";"";"";"";"";"";"";"";"";""
05.01.2023 03:43:40;1672886620000;880f01e687e2572cea04e80fc6a68085;414348;OK;1822;0;0;0;0;0,03;-1,5;0;0;913;859;"";104,934;15,74;412,843;62,39;20,873;0,93;1,344;0,19;14,248;1,92;0,0;10,0;0,0;10,0;0,0;10,0;15,849;11,76;5,265;10,6;0,0;10,0;0,0;10,0;0,0;10,0;0,0;10,0;1,0;22,351;0,54;34,657;3,32;6,893;0,57;6,174;1,2;960,572;1,0;"";"";15,836;2,71;48,496;13,75;"";"";30,849;14,17;56,4;"";"";"";"";"";"";"";"";"";"";"";"";"";"";"";"";"";"";"";"";"";"";"";"";"";"";"";"";"";"";"";"";"";"";"";"";"";"";"";"";"";"";"";"";"";"";"";"";"";"";"";"";"";"";"";"";"";"";"";"";"";"";"";"";""
05.01.2023 03:45:40;1672886740000;880f01e687e2572cea04e80fc6a68085;414469;OK;1825;0;0;0;0;0,02;3,73;0;0;913;859;"";104,515;15,68;414,073;62,42;20,873;0,93;1,344;0,19;14,223;1,92;0,0;10,0;0,0;10,0;0,07;10,0;15,394;11,54;5,129;10,42;0,175;10,0;0,175;10,0;0,175;10,0;0,0;10,0;1,627;22,359;0,54;34,641;3,32;6,893;0,57;6,175;1,2;960,5689;1,0;"";"";15,82;2,71;48,304;13,74;"";"";29,596;15,06;56,4;"";"";"";"";"";"";"";"";"";"";"";"";"";"";"";"";"";"";"";"";"";"";"";"";"";"";"";"";"";"";"";"";"";"";"";"";"";"";"";"";"";"";"";"";"";"";"";"";"";"";"";"";"";"";"";"";"";"";"";"";"";"";"";"";""
05.01.2023 03:47:40;1672886860000;880f01e687e2572cea04e80fc6a68085;414589;OK;1817;0;0;0;0;0,01;2,77;0;0;913;859;"";109,374;16,41;411,992;62,36;20,873;0,93;1,345;0,19;14,124;1,91;0,0;10,0;0,0;10,0;0,072;10,0;5,042;10,54;1,536;10,1;0,15;10,0;0,15;10,0;0,15;10,0;0,0;10,0;1,652;22,364;0,54;34,643;3,32;6,895;0,57;6,18;1,2;960,572;1,0;"";"";15,773;2,72;47,766;13,71;"";"";30,623;14,08;53,7;"";"";"";"";"";"";"";"";"";"";"";"";"";"";"";"";"";"";"";"";"";"";"";"";"";"";"";"";"";"";"";"";"";"";"";"";"";"";"";"";"";"";"";"";"";"";"";"";"";"";"";"";"";"";"";"";"";"";"";"";"";"";"";"";""
05.01.2023 03:49:42;1672886982000;880f01e687e2572cea04e80fc6a68085;414708;OK;1898;0;0;0;0;0,02;1,38;0;0;913;859;"";108,577;16,29;413,486;62,4;20,873;0,93;1,345;0,19;14,074;1,91;0,0;10,0;0,0;10,0;0,211;10,0;14,295;11,59;4,359;10,47;0,754;10,0;0,754;10,0;0,754;10,0;0,0;10,0;2,898;22,368;0,54;34,647;3,32;6,897;0,57;6,185;1,2;960,5889;1,0;"";"";15,832;2,71;46,673;13,7;"";"";31,864;13,43;52,7;"";"";"";"";"";"";"";"";"";"";"";"";"";"";"";"";"";"";"";"";"";"";"";"";"";"";"";"";"";"";"";"";"";"";"";"";"";"";"";"";"";"";"";"";"";"";"";"";"";"";"";"";"";"";"";"";"";"";"";"";"";"";"";"";""
05.01.2023 03:51:43;1672887103000;880f01e687e2572cea04e80fc6a68085;414831;OK;1842;0;0;0;0;0,02;-4,05;0;0;914;859;"";109,639;16,45;412,212;62,37;20,871;0,93;1,345;0,19;13,996;1,9;0,0;10,0;0,0;10,0;0,035;10,0;9,642;11,05;2,984;10,28;0,08;10,0;0,08;10,0;0,08;10,0;0,0;10,0;1,313;22,369;0,54;34,662;3,32;6,901;0,57;6,193;1,2;960,662;1,0;"";"";15,887;2,71;39,612;13,68;"";"";31,705;13,37;56,9;"";"";"";"";"";"";"";"";"";"";"";"";"";"";"";"";"";"";"";"";"";"";"";"";"";"";"";"";"";"";"";"";"";"";"";"";"";"";"";"";"";"";"";"";"";"";"";"";"";"";"";"";"";"";"";"";"";"";"";"";"";"";"";"";""
05.01.2023 03:53:43;1672887223000;880f01e687e2572cea04e80fc6a68085;414952;OK;1817;0;0;0;0;0,02;-2,7;0;0;914;859;"";106,204;15,93;411,819;62,35;20,871;0,93;1,345;0,19;13,843;1,9;0,0;10,0;0,0;10,0;0,004;10,0;23,179;12,39;6,275;10,71;0,009;10,0;0,009;10,0;0,009;10,0;0,0;10,0;1,033;22,369;0,54;34,671;3,32;6,903;0,57;6,196;1,2;960,762;1,0;"";"";15,975;2,71;38,574;13,66;"";"";31,237;13,46;53,3;"";"";"";"";"";"";"";"";"";"";"";"";"";"";"";"";"";"";"";"";"";"";"";"";"";"";"";"";"";"";"";"";"";"";"";"";"";"";"";"";"";"";"";"";"";"";"";"";"";"";"";"";"";"";"";"";"";"";"";"";"";"";"";"";""
05.01.2023 03:55:44;1672887344000;880f01e687e2572cea04e80fc6a68085;415072;OK;1825;0;0;0;0;0,01;2,36;0;0;914;859;"";103,399;15,51;414,54;62,44;20,871;0,93;1,344;0,19;13,769;1,89;0,0;10,0;0,0;10,0;0,0;10,0;8,739;10,93;2,614;10,24;0,001;10,0;0,001;10,0;0,001;10,0;0,0;10,0;1,004;22,368;0,54;34,674;3,32;6,903;0,57;6,196;1,2;960,781;1,0;"";"";15,926;2,71;38,769;13,68;"";"";34,677;10,73;54,0;"";"";"";"";"";"";"";"";"";"";"";"";"";"";"";"";"";"";"";"";"";"";"";"";"";"";"";"";"";"";"";"";"";"";"";"";"";"";"";"";"";"";"";"";"";"";"";"";"";"";"";"";"";"";"";"";"";"";"";"";"";"";"";"";""
05.01.2023 03:57:44;1672887464000;880f01e687e2572cea04e80fc6a68085;415192;OK;1846;0;0;0;0;0,0;3,93;0;0;914;859;"";108,772;16,32;413,245;62,4;20,87;0,93;1,343;0,19;13,825;1,89;0,0;10,0;0,0;10,0;0,0;10,0;11,797;11,31;3,319;10,43;0,0;10,0;0,0;10,0;0,0;10,0;0,0;10,0;1,0;22,369;0,54;34,673;3,32;6,903;0,57;6,197;1,2;960,7369;1,0;"";"";15,836;2,71;38,538;13,67;"";"";32,788;13,15;53,9;"";"";"";"";"";"";"";"";"";"";"";"";"";"";"";"";"";"";"";"";"";"";"";"";"";"";"";"";"";"";"";"";"";"";"";"";"";"";"";"";"";"";"";"";"";"";"";"";"";"";"";"";"";"";"";"";"";"";"";"";"";"";"";"";""
05.01.2023 03:59:44;1672887584000;880f01e687e2572cea04e80fc6a68085;415313;OK;1818;0;0;0;0;0,01;1,4;0;0;915;860;"";104,317;15,65;413,55;62,41;20,87;0,93;1,343;0,19;13,896;1,9;0,0;10,0;0,0;10,0;0,0;10,0;20,042;12,13;5,788;10,58;0,644;10,0;0,644;10,0;0,0;10,0;0,0;10,0;1,0;22,37;0,54;34,698;3,32;6,908;0,57;6,208;1,2;960,6939;1,0;"";"";15,819;2,72;38,094;13,64;"";"";31,489;13,63;56,8;"";"";"";"";"";"";"";"";"";"";"";"";"";"";"";"";"";"";"";"";"";"";"";"";"";"";"";"";"";"";"";"";"";"";"";"";"";"";"";"";"";"";"";"";"";"";"";"";"";"";"";"";"";"";"";"";"";"";"";"";"";"";"";"";""
05.01.2023 04:01:44;1672887704000;880f01e687e2572cea04e80fc6a68085;415433;OK;1807;0;0;0;0;0,05;2,74;0;0;916;861;"";105,316;15,8;415,07;62,45;20,874;0,93;1,343;0,19;13,924;1,9;0,0;10,0;0,0;10,0;0,0;10,0;10,571;11,08;3,165;10,19;0,24;10,0;0,069;10,0;0,0;10,0;0,0;10,0;1,0;22,368;0,54;34,76;3,32;6,92;0,57;6,233;1,2;960,662;1,0;"";"";15,877;2,71;37,705;13,62;"";"";30,292;14,41;52,5;"";"";"";"";"";"";"";"";"";"";"";"";"";"";"";"";"";"";"";"";"";"";"";"";"";"";"";"";"";"";"";"";"";"";"";"";"";"";"";"";"";"";"";"";"";"";"";"";"";"";"";"";"";"";"";"";"";"";"";"";"";"";"";"";""
05.01.2023 04:03:44;1672887824000;880f01e687e2572cea04e80fc6a68085;415553;OK;1817;0;0;0;0;0,07;4,69;0;0;917;862;"";104,664;15,7;413,791;62,41;20,881;0,93;1,344;0,19;13,93;1,9;0,0;10,0;0,0;10,0;0,0;10,0;11,835;11,23;3,52;10,25;0,026;10,0;0,007;10,0;0,0;10,0;0,0;10,0;1,0;22,364;0,54;34,795;3,32;6,925;0,57;6,243;1,2;960,616;1,0;"";"";15,885;2,71;37,477;13,61;"";"";30,598;14,29;53,2;"";"";"";"";"";"";"";"";"";"";"";"";"";"";"";"";"";"";"";"";"";"";"";"";"";"";"";"";"";"";"";"";"";"";"";"";"";"";"";"";"";"";"";"";"";"";"";"";"";"";"";"";"";"";"";"";"";"";"";"";"";"";"";"";""
05.01.2023 04:05:44;1672887944000;880f01e687e2572cea04e80fc6a68085;415673;OK;1818;0;0;0;0;0,05;0,9;0;0;917;862;"";104,402;15,66;414,202;62,43;20,875;0,93;1,345;0,19;13,938;1,9;0,0;10,0;0,0;10,0;0,0;10,0;21,828;12,31;6,793;10,64;0,731;10,0;0,001;10,0;0,0;10,0;0,0;10,0;1,0;22,363;0,54;34,798;3,32;6,926;0,57;6,244;1,2;960,567;1,0;"";"";15,863;2,71;37,373;13,6;"";"";29,957;15,23;56,2;"";"";"";"";"";"";"";"";"";"";"";"";"";"";"";"";"";"";"";"";"";"";"";"";"";"";"";"";"";"";"";"";"";"";"";"";"";"";"";"";"";"";"";"";"";"";"";"";"";"";"";"";"";"";"";"";"";"";"";"";"";"";"";"";""
05.01.2023 04:07:46;1672888066000;880f01e687e2572cea04e80fc6a68085;415795;OK;1801;0;0;0;0;0,01;-8,15;0;0;917;863;"";105,871;15,88;412,074;62,36;20,874;0,93;1,344;0,19;13,926;1,9;0,0;10,0;0,0;10,0;0,0;10,0;8,662;10,95;2,838;10,18;0,075;10,0;0,0;10,0;0,0;10,0;0,0;10,0;1,0;22,357;0,54;34,817;3,32;6,927;0,57;6,246;1,2;960,515;1,0;"";"";15,9;2,71;37,359;13,6;"";"";31,154;14,05;53,1;"";"";"";"";"";"";"";"";"";"";"";"";"";"";"";"";"";"";"";"";"";"";"";"";"";"";"";"";"";"";"";"";"";"";"";"";"";"";"";"";"";"";"";"";"";"";"";"";"";"";"";"";"";"";"";"";"";"";"";"";"";"";"";"";""
05.01.2023 04:09:46;1672888186000;880f01e687e2572cea04e80fc6a68085;415914;OK;1814;0;0;0;0;0,03;-7,95;0;0;918;864;"";105,511;15,83;411,683;62,35;20,875;0,93;1,343;0,19;14,034;1,9;0,0;10,0;0,0;10,0;0,0;10,0;18,939;12,08;6,308;10,73;0,712;10,0;0,704;10,0;0,704;10,0;0,0;10,0;1,0;22,35;0,54;34,892;3,32;6,939;0,57;6,271;1,19;960,468;1,0;"";"";15,863;2,71;37,418;13,6;"";"";29,809;14,84;55,3;"";"";"";"";"";"";"";"";"";"";"";"";"";"";"";"";"";"";"";"";"";"";"";"";"";"";"";"";"";"";"";"";"";"";"";"";"";"";"";"";"";"";"";"";"";"";"";"";"";"";"";"";"";"";"";"";"";"";"";"";"";"";"";"";""
05.01.2023 04:11:46;1672888306000;880f01e687e2572cea04e80fc6a68085;416035;OK;1809;0;0;0;0;0,06;2,95;0;0;919;865;"";106,583;15,99;415,517;62,47;20,875;0,93;1,344;0,19;14,097;1,91;0,0;10,0;0,0;10,0;0,0;10,0;16,6;11,84;5,336;10,63;0,076;10,0;0,075;10,0;0,075;10,0;0,0;10,0;1,0;22,349;0,54;34,921;3,32;6,944;0,57;6,283;1,19;960,439;1,0;"";"";15,895;2,71;37,63;13,61;"";"";30,706;13,59;53,1;"";"";"";"";"";"";"";"";"";"";"";"";"";"";"";"";"";"";"";"";"";"";"";"";"";"";"";"";"";"";"";"";"";"";"";"";"";"";"";"";"";"";"";"";"";"";"";"";"";"";"";"";"";"";"";"";"";"";"";"";"";"";"";"";""
05.01.2023 04:13:48;1672888428000;880f01e687e2572cea04e80fc6a68085;416156;OK;1814;0;0;0;0;0,06;12,06;0;0;919;865;"";103,843;15,58;415,835;62,48;20,875;0,93;1,343;0,19;14,125;1,91;0,0;10,0;0,0;10,0;0,0;10,0;19,167;11,99;5,356;10,54;0,008;10,0;0,008;10,0;0,008;10,0;0,0;10,0;1,0;22,348;0,54;34,929;3,32;6,946;0,57;6,285;1,19;960,421;1,0;"";"";15,916;2,71;37,568;13,61;"";"";31,305;13,67;55,6;"";"";"";"";"";"";"";"";"";"";"";"";"";"";"";"";"";"";"";"";"";"";"";"";"";"";"";"";"";"";"";"";"";"";"";"";"";"";"";"";"";"";"";"";"";"";"";"";"";"";"";"";"";"";"";"";"";"";"";"";"";"";"";"";""
05.01.2023 04:15:48;1672888548000;880f01e687e2572cea04e80fc6a68085;416276;OK;1818;0;0;0;0;0,01;5,78;0;0;919;865;"";107,75;16,16;414,233;62,43;20,874;0,93;1,343;0,19;14,124;1,91;0,0;10,0;0,0;10,0;0,0;10,0;14,417;11,58;3,656;10,5;0,001;10,0;0,001;10,0;0,001;10,0;0,0;10,0;1,0;22,345;0,54;34,93;3,32;6,945;0,57;6,283;1,19;960,382;1,0;"";"";15,886;2,71;37,199;13,59;"";"";30,932;13,83;52,7;"";"";"";"";"";"";"";"";"";"";"";"";"";"";"";"";"";"";"";"";"";"";"";"";"";"";"";"";"";"";"";"";"";"";"";"";"";"";"";"";"";"";"";"";"";"";"";"";"";"";"";"";"";"";"";"";"";"";"";"";"";"";"";"";""
05.01.2023 04:17:48;1672888668000;880f01e687e2572cea04e80fc6a68085;416397;OK;1805;0;0;0;0;0,0;-3,15;0;0;919;866;"";110,607;16,59;414,895;62,45;20,868;0,93;1,343;0,19;14,275;1,92;0,0;10,0;0,0;10,0;0,0;10,0;12,95;11,39;3,005;10,14;0,0;10,0;0,0;10,0;0,0;10,0;0,0;10,0;1,0;22,346;0,54;34,941;3,32;6,947;0,57;6,288;1,19;960,341;1,0;"";"";15,942;2,71;37,259;13,59;"";"";31,339;13,85;52,5;"";"";"";"";"";"";"";"";"";"";"";"";"";"";"";"";"";"";"";"";"";"";"";"";"";"";"";"";"";"";"";"";"";"";"";"";"";"";"";"";"";"";"";"";"";"";"";"";"";"";"";"";"";"";"";"";"";"";"";"";"";"";"";"";""
05.01.2023 04:19:48;1672888788000;880f01e687e2572cea04e80fc6a68085;416517;OK;1818;0;0;0;0;0,03;-7,28;0;0;921;867;"";109,448;16,42;412,164;62,36;20,875;0,93;1,342;0,19;14,34;1,92;0,0;10,0;0,0;10,0;0,0;10,0;16,819;11,86;4,67;10,52;0,0;10,0;0,0;10,0;0,0;10,0;0,0;10,0;1,0;22,343;0,54;35,004;3,32;6,959;0,57;6,312;1,19;960,301;1,0;"";"";15,987;2,71;37,403;13,6;"";"";30,694;14,39;52,4;"";"";"";"";"";"";"";"";"";"";"";"";"";"";"";"";"";"";"";"";"";"";"";"";"";"";"";"";"";"";"";"";"";"";"";"";"";"";"";"";"";"";"";"";"";"";"";"";"";"";"";"";"";"";"";"";"";"";"";"";"";"";"";"";""
05.01.2023 04:21:49;1672888909000;880f01e687e2572cea04e80fc6a68085;416638;OK;1821;0;0;0;0;0,07;-7,07;0;0;922;868;"";108,565;16,28;411,834;62,36;20,875;0,93;1,342;0,19;14,268;1,92;0,0;10,0;0,0;10,0;0,0;10,0;15,488;11,72;4,918;10,46;0,374;10,0;0,0;10,0;0,0;10,0;0,0;10,0;1,0;22,342;0,54;35,046;3,32;6,966;0,57;6,328;1,19;960,3129;1,0;"";"";16,056;2,7;37,517;13,61;"";"";31,357;13,88;57,9;"";"";"";"";"";"";"";"";"";"";"";"";"";"";"";"";"";"";"";"";"";"";"";"";"";"";"";"";"";"";"";"";"";"";"";"";"";"";"";"";"";"";"";"";"";"";"";"";"";"";"";"";"";"";"";"";"";"";"";"";"";"";"";"";""
05.01.2023 04:23:50;1672889030000;880f01e687e2572cea04e80fc6a68085;416759;OK;1817;0;0;0;0;0,06;-8,29;0;0;922;868;"";107,147;16,07;411,781;62,35;20,876;0,93;1,342;0,19;14,305;1,92;0,0;10,0;0,0;10,0;0,105;10,0;6,761;10,75;2,227;10,15;1,043;10,0;1,003;10,0;1,003;10,0;0,0;10,0;1,946;22,341;0,54;35,051;3,32;6,967;0,57;6,329;1,19;960,312;1,0;"";"";16,098;2,7;37,718;13,62;"";"";31,0;13,54;53,7;"";"";"";"";"";"";"";"";"";"";"";"";"";"";"";"";"";"";"";"";"";"";"";"";"";"";"";"";"";"";"";"";"";"";"";"";"";"";"";"";"";"";"";"";"";"";"";"";"";"";"";"";"";"";"";"";"";"";"";"";"";"";"";"";""
05.01.2023 04:25:51;1672889151000;880f01e687e2572cea04e80fc6a68085;416879;OK;1814;0;0;0;0;0,02;2,57;0;0;922;868;"";107,595;16,14;413,441;62,4;20,872;0,93;1,34;0,19;14,332;1,92;0,0;10,0;0,0;10,0;0,011;10,0;12,792;11,41;2,537;10,27;0,111;10,0;0,107;10,0;0,107;10,0;0,0;10,0;1,101;22,34;0,54;35,055;3,32;6,967;0,57;6,33;1,19;960,306;1,0;"";"";16,09;2,7;37,299;13,59;"";"";31,803;13,01;54,6;"";"";"";"";"";"";"";"";"";"";"";"";"";"";"";"";"";"";"";"";"";"";"";"";"";"";"";"";"";"";"";"";"";"";"";"";"";"";"";"";"";"";"";"";"";"";"";"";"";"";"";"";"";"";"";"";"";"";"";"";"";"";"";"";""
05.01.2023 04:27:51;1672889271000;880f01e687e2572cea04e80fc6a68085;417000;OK;1825;0;0;0;0;0,05;9,5;0;0;924;870;"";109,196;16,38;414,242;62,43;20,872;0,93;1,341;0,19;14,475;1,93;0,0;10,0;0,0;10,0;0,001;10,0;23,133;12,45;6,534;10,69;0,012;10,0;0,011;10,0;0,011;10,0;0,0;10,0;1,011;22,341;0,54;35,14;3,32;6,985;0,57;6,366;1,18;960,277;1,0;"";"";16,197;2,7;37,24;13,59;"";"";31,173;14,64;53,2;"";"";"";"";"";"";"";"";"";"";"";"";"";"";"";"";"";"";"";"";"";"";"";"";"";"";"";"";"";"";"";"";"";"";"";"";"";"";"";"";"";"";"";"";"";"";"";"";"";"";"";"";"";"";"";"";"";"";"";"";"";"";"";"";""
05.01.2023 04:29:53;1672889393000;880f01e687e2572cea04e80fc6a68085;417120;OK;1828;0;0;0;0;0,07;9,34;0;0;925;871;"";108,66;16,3;415,176;62,46;20,873;0,93;1,341;0,19;14,558;1,93;0,0;10,0;0,0;10,0;0,0;10,0;6,385;10,7;2,003;10,08;0,001;10,0;0,001;10,0;0,001;10,0;0,0;10,0;1,001;22,338;0,54;35,169;3,32;6,989;0,56;6,376;1,18;960,304;1,0;"";"";16,161;2,7;37,327;13,59;"";"";32,172;13,91;53,6;"";"";"";"";"";"";"";"";"";"";"";"";"";"";"";"";"";"";"";"";"";"";"";"";"";"";"";"";"";"";"";"";"";"";"";"";"";"";"";"";"";"";"";"";"";"";"";"";"";"";"";"";"";"";"";"";"";"";"";"";"";"";"";"";""
05.01.2023 04:31:53;1672889513000;880f01e687e2572cea04e80fc6a68085;417241;OK;1818;0;0;0;0;0,06;-1,47;0;0;925;871;"";105,83;15,87;412,896;62,39;20,875;0,93;1,342;0,19;14,507;1,93;0,0;10,0;0,0;10,0;0,0;10,0;17,587;11,93;5,345;10,62;0,0;10,0;0,0;10,0;0,0;10,0;0,0;10,0;1,0;22,337;0,54;35,172;3,32;6,99;0,56;6,376;1,18;960,331;1,0;"";"";16,139;2,7;37,572;13,61;"";"";31,722;13,32;52,9;"";"";"";"";"";"";"";"";"";"";"";"";"";"";"";"";"";"";"";"";"";"";"";"";"";"";"";"";"";"";"";"";"";"";"";"";"";"";"";"";"";"";"";"";"";"";"";"";"";"";"";"";"";"";"";"";"";"";"";"";"";"";"";"";""
05.01.2023 04:33:54;1672889634000;880f01e687e2572cea04e80fc6a68085;417362;OK;1824;0;0;0;0;0,01;-6,37;0;0;925;871;"";107,629;16,14;413,719;62,41;20,874;0,93;1,342;0,19;14,454;1,93;0,0;10,0;0,0;10,0;0,0;10,0;20,432;12,08;6,495;10,59;0,0;10,0;0,0;10,0;0,0;10,0;0,0;10,0;1,0;22,336;0,54;35,173;3,32;6,989;0,56;6,376;1,18;960,308;1,0;"";"";16,131;2,7;37,544;13,61;"";"";30,258;14,62;52,8;"";"";"";"";"";"";"";"";"";"";"";"";"";"";"";"";"";"";"";"";"";"";"";"";"";"";"";"";"";"";"";"";"";"";"";"";"";"";"";"";"";"";"";"";"";"";"";"";"";"";"";"";"";"";"";"";"";"";"";"";"";"";"";"";""
05.01.2023 04:35:55;1672889755000;880f01e687e2572cea04e80fc6a68085;417483;OK;1837;0;0;0;0;-0,0;0,29;0;0;925;871;"";109,84;16,48;415,007;62,45;20,875;0,93;1,342;0,19;14,411;1,92;0,0;10,0;0,0;10,0;0,0;10,0;23,345;12,48;7,305;10,73;0,158;10,0;0,0;10,0;0,0;10,0;0,0;10,0;1,0;22,337;0,54;35,173;3,32;6,99;0,56;6,376;1,18;960,3339;1,0;"";"";16,078;2,7;37,583;13,61;"";"";33,364;12,85;55,3;"";"";"";"";"";"";"";"";"";"";"";"";"";"";"";"";"";"";"";"";"";"";"";"";"";"";"";"";"";"";"";"";"";"";"";"";"";"";"";"";"";"";"";"";"";"";"";"";"";"";"";"";"";"";"";"";"";"";"";"";"";"";"";"";""
05.01.2023 04:37:55;1672889875000;880f01e687e2572cea04e80fc6a68085;417603;OK;1815;0;0;0;0;0,0;0,7;0;0;925;871;"";103,83;15,57;413,161;62,39;20,875;0,93;1,341;0,19;14,297;1,92;0,0;10,0;0,0;10,0;0,0;10,0;17,969;11,98;5,173;10,55;0,017;10,0;0,0;10,0;0,0;10,0;0,0;10,0;1,0;22,337;0,54;35,175;3,32;6,99;0,56;6,377;1,18;960,335;1,0;"";"";16,142;2,7;37,625;13,61;"";"";31,813;13,43;58,6;"";"";"";"";"";"";"";"";"";"";"";"";"";"";"";"";"";"";"";"";"";"";"";"";"";"";"";"";"";"";"";"";"";"";"";"";"";"";"";"";"";"";"";"";"";"";"";"";"";"";"";"";"";"";"";"";"";"";"";"";"";"";"";"";""
05.01.2023 04:39:57;1672889997000;880f01e687e2572cea04e80fc6a68085;417724;OK;1831;0;0;0;0;0,0;-8,01;0;0;925;871;"";107,813;16,17;411,644;62,35;20,875;0,93;1,341;0,19;14,311;1,92;0,0;10,0;0,0;10,0;0,0;10,0;10,195;11,12;2,385;10,11;0,002;10,0;0,0;10,0;0,0;10,0;0,0;10,0;1,0;22,338;0,54;35,176;3,32;6,991;0,56;6,379;1,18;960,36;1,0;"";"";16,15;2,7;37,894;13,62;"";"";32,138;13,04;53,4;"";"";"";"";"";"";"";"";"";"";"";"";"";"";"";"";"";"";"";"";"";"";"";"";"";"";"";"";"";"";"";"";"";"";"";"";"";"";"";"";"";"";"";"";"";"";"";"";"";"";"";"";"";"";"";"";"";"";"";"";"";"";"";"";""
05.01.2023 04:41:56;1672890116000;880f01e687e2572cea04e80fc6a68085;417844;OK;1835;0;0;0;0;0,0;-8,83;0;0;925;871;"";112,142;16,82;411,706;62,35;20,873;0,93;1,34;0,19;14,321;1,92;0,0;10,0;0,0;10,0;0,0;10,0;12,434;11,34;3,513;10,31;0,0;10,0;0,0;10,0;0,0;10,0;0,0;10,0;1,0;22,339;0,54;35,174;3,32;6,99;0,56;6,378;1,18;960,329;1,0;"";"";16,035;2,7;37,739;13,62;"";"";34,602;11,6;53,7;"";"";"";"";"";"";"";"";"";"";"";"";"";"";"";"";"";"";"";"";"";"";"";"";"";"";"";"";"";"";"";"";"";"";"";"";"";"";"";"";"";"";"";"";"";"";"";"";"";"";"";"";"";"";"";"";"";"";"";"";"";"";"";"";""
05.01.2023 04:43:56;1672890236000;880f01e687e2572cea04e80fc6a68085;417964;OK;1812;0;0;0;0;0,05;0,33;0;0;927;873;"";110,564;16,58;412,372;62,37;20,869;0,93;1,341;0,19;14,282;1,92;0,0;10,0;0,0;10,0;0,0;10,0;4,009;10,44;0,987;10,09;0,0;10,0;0,0;10,0;0,0;10,0;0,0;10,0;1,0;22,341;0,54;35,27;3,31;7,01;0,56;6,42;1,18;960,343;1,0;"";"";16,074;2,7;37,164;13,59;"";"";33,472;11,55;54,1;"";"";"";"";"";"";"";"";"";"";"";"";"";"";"";"";"";"";"";"";"";"";"";"";"";"";"";"";"";"";"";"";"";"";"";"";"";"";"";"";"";"";"";"";"";"";"";"";"";"";"";"";"";"";"";"";"";"";"";"";"";"";"";"";""
05.01.2023 04:45:56;1672890356000;880f01e687e2572cea04e80fc6a68085;418085;OK;1824;0;0;0;0;0,07;12,59;0;0;927;874;"";108,46;16,27;416,086;62,48;20,868;0,93;1,341;0,19;14,319;1,92;0,0;10,0;0,0;10,0;0,0;10,0;13,657;11,37;4,007;10,34;0,0;10,0;0,0;10,0;0,0;10,0;0,0;10,0;1,0;22,339;0,54;35,291;3,31;7,014;0,56;6,426;1,18;960,31;1,0;"";"";16,122;2,7;36,6;13,56;"";"";31,694;13,29;52,8;"";"";"";"";"";"";"";"";"";"";"";"";"";"";"";"";"";"";"";"";"";"";"";"";"";"";"";"";"";"";"";"";"";"";"";"";"";"";"";"";"";"";"";"";"";"";"";"";"";"";"";"";"";"";"";"";"";"";"";"";"";"";"";"";""
05.01.2023 04:47:59;1672890479000;880f01e687e2572cea04e80fc6a68085;418207;OK;1821;0;0;0;0;0,06;11,06;0;0;927;874;"";108,006;16,2;414,944;62,45;20,872;0,93;1,341;0,19;14,346;1,92;0,0;10,0;0,0;10,0;0,0;10,0;9,775;11,07;2,872;10,27;0,0;10,0;0,0;10,0;0,0;10,0;0,0;10,0;1,0;22,337;0,54;35,294;3,31;7,014;0,56;6,426;1,18;960,259;1,0;"";"";16,261;2,69;36,267;13,54;"";"";31,432;13,36;53,0;"";"";"";"";"";"";"";"";"";"";"";"";"";"";"";"";"";"";"";"";"";"";"";"";"";"";"";"";"";"";"";"";"";"";"";"";"";"";"";"";"";"";"";"";"";"";"";"";"";"";"";"";"";"";"";"";"";"";"";"";"";"";"";"";""
05.01.2023 04:49:57;1672890597000;880f01e687e2572cea04e80fc6a68085;418325;OK;1869;0;0;0;0;0,0;2,29;0;0;927;874;"";104,828;15,72;413,751;62,41;20,869;0,93;1,34;0,19;14,287;1,92;0,0;10,0;0,0;10,0;0,0;10,0;15,888;11,76;4,224;10,55;0,763;10,0;0,763;10,0;0,763;10,0;0,0;10,0;1,0;22,336;0,54;35,294;3,31;7,013;0,56;6,425;1,18;960,239;1,0;"";"";16,246;2,69;36,034;13,53;"";"";33,614;11,37;53,5;"";"";"";"";"";"";"";"";"";"";"";"";"";"";"";"";"";"";"";"";"";"";"";"";"";"";"";"";"";"";"";"";"";"";"";"";"";"";"";"";"";"";"";"";"";"";"";"";"";"";"";"";"";"";"";"";"";"";"";"";"";"";"";"";""
05.01.2023 04:51:58;1672890718000;880f01e687e2572cea04e80fc6a68085;418446;OK;1849;0;0;0;0;0,02;-8,83;0;0;929;875;"";104,115;15,62;412,607;62,38;20,868;0,93;1,339;0,19;14,311;1,92;0,0;10,0;0,0;10,0;0,0;10,0;17,171;11,8;4,956;10,5;0,084;10,0;0,084;10,0;0,084;10,0;0,0;10,0;1,0;22,335;0,54;35,368;3,31;7,027;0,56;6,454;1,17;960,2739;1,0;"";"";16,202;2,69;36,192;13,53;"";"";32,437;12,96;57,2;"";"";"";"";"";"";"";"";"";"";"";"";"";"";"";"";"";"";"";"";"";"";"";"";"";"";"";"";"";"";"";"";"";"";"";"";"";"";"";"";"";"";"";"";"";"";"";"";"";"";"";"";"";"";"";"";"";"";"";"";"";"";"";"";""
05.01.2023 04:54:00;1672890840000;880f01e687e2572cea04e80fc6a68085;418568;OK;1812;0;0;0;0;0,06;-4,32;0;0;930;877;"";101,447;15,22;413,273;62,4;20,876;0,93;1,338;0,18;14,326;1,92;0,0;10,0;0,0;10,0;0,0;10,0;14,25;11,57;3,757;10,41;0,009;10,0;0,009;10,0;0,009;10,0;0,0;10,0;1,0;22,329;0,54;35,417;3,31;7,035;0,56;6,47;1,17;960,242;1,0;"";"";16,058;2,7;36,16;13,53;"";"";31,578;12,47;56,5;"";"";"";"";"";"";"";"";"";"";"";"";"";"";"";"";"";"";"";"";"";"";"";"";"";"";"";"";"";"";"";"";"";"";"";"";"";"";"";"";"";"";"";"";"";"";"";"";"";"";"";"";"";"";"";"";"";"";"";"";"";"";"";"";""
05.01.2023 04:56:00;1672890960000;880f01e687e2572cea04e80fc6a68085;418688;OK;1821;0;0;0;0;0,06;-6,75;0;0;930;877;"";107,595;16,14;411,297;62,34;20,87;0,93;1,339;0,19;14,385;1,92;0,0;10,0;0,0;10,0;0,0;10,0;8,832;10,98;2,838;10,21;0,001;10,0;0,001;10,0;0,001;10,0;0,0;10,0;1,0;22,327;0,54;35,422;3,31;7,035;0,56;6,47;1,17;960,2349;1,0;"";"";16,028;2,7;35,886;13,52;"";"";32,334;12,23;55,4;"";"";"";"";"";"";"";"";"";"";"";"";"";"";"";"";"";"";"";"";"";"";"";"";"";"";"";"";"";"";"";"";"";"";"";"";"";"";"";"";"";"";"";"";"";"";"";"";"";"";"";"";"";"";"";"";"";"";"";"";"";"";"";"";""
05.01.2023 04:58:00;1672891080000;880f01e687e2572cea04e80fc6a68085;418808;OK;1823;0;0;0;0;0,03;-7,12;0;0;930;877;"";106,604;15,99;410,838;62,33;20,873;0,93;1,338;0,19;14,431;1,93;0,0;10,0;0,0;10,0;0,0;10,0;10,064;11,12;3,343;10,38;0,0;10,0;0,0;10,0;0,0;10,0;0,0;10,0;1,0;22,329;0,54;35,423;3,31;7,036;0,56;6,472;1,17;960,187;1,0;"";"";15,989;2,7;35,962;13,52;"";"";30,321;13,66;52,8;"";"";"";"";"";"";"";"";"";"";"";"";"";"";"";"";"";"";"";"";"";"";"";"";"";"";"";"";"";"";"";"";"";"";"";"";"";"";"";"";"";"";"";"";"";"";"";"";"";"";"";"";"";"";"";"";"";"";"";"";"";"";"";"";""
05.01.2023 05:00:01;1672891201000;880f01e687e2572cea04e80fc6a68085;418929;OK;1822;0;0;0;0;0,0;-6,67;0;0;930;877;"";104,417;15,66;410,946;62,33;20,874;0,93;1,338;0,18;14,413;1,92;0,0;10,0;0,0;10,0;0,0;10,0;7,143;10,79;2,38;10,21;0,0;10,0;0,0;10,0;0,0;10,0;0,0;10,0;1,0;22,328;0,54;35,423;3,31;7,036;0,56;6,471;1,17;960,149;1,0;"";"";15,996;2,7;35,639;13,5;"";"";32,783;13,05;53,3;"";"";"";"";"";"";"";"";"";"";"";"";"";"";"";"";"";"";"";"";"";"";"";"";"";"";"";"";"";"";"";"";"";"";"";"";"";"";"";"";"";"";"";"";"";"";"";"";"";"";"";"";"";"";"";"";"";"";"";"";"";"";"";"";""
05.01.2023 05:02:00;1672891320000;880f01e687e2572cea04e80fc6a68085;419049;OK;1811;0;0;0;0;-0,0;2,16;0;0;930;877;"";109,154;16,37;412,582;62,38;20,875;0,93;1,338;0,18;14,404;1,92;0,0;10,0;0,0;10,0;0,0;10,0;13,954;11,5;4,277;10,41;0,0;10,0;0,0;10,0;0,0;10,0;0,0;10,0;1,0;22,325;0,54;35,423;3,31;7,035;0,56;6,469;1,17;960,1439;1,0;"";"";16,074;2,7;35,465;13,49;"";"";31,037;13,51;55,3;"";"";"";"";"";"";"";"";"";"";"";"";"";"";"";"";"";"";"";"";"";"";"";"";"";"";"";"";"";"";"";"";"";"";"";"";"";"";"";"";"";"";"";"";"";"";"";"";"";"";"";"";"";"";"";"";"";"";"";"";"";"";"";"";""
05.01.2023 05:04:01;1672891441000;880f01e687e2572cea04e80fc6a68085;419170;OK;1798;0;0;0;0;-0,0;3,66;0;0;930;877;"";106,05;15,91;412,141;62,36;20,872;0,93;1,337;0,18;14,37;1,92;0,0;10,0;0,0;10,0;0,205;10,0;18,08;11,98;5,284;10,52;0,713;10,0;0,713;10,0;0,713;10,0;0,0;10,0;2,848;22,326;0,54;35,423;3,31;7,035;0,56;6,469;1,17;960,1089;1,0;"";"";16,023;2,7;35,326;13,49;"";"";30,655;13,5;56,7;"";"";"";"";"";"";"";"";"";"";"";"";"";"";"";"";"";"";"";"";"";"";"";"";"";"";"";"";"";"";"";"";"";"";"";"";"";"";"";"";"";"";"";"";"";"";"";"";"";"";"";"";"";"";"";"";"";"";"";"";"";"";"";"";""
05.01.2023 05:06:01;1672891561000;880f01e687e2572cea04e80fc6a68085;419289;OK;1817;0;0;0;0;-0,0;3,01;0;0;930;877;"";106,382;15,96;411,846;62,36;20,869;0,93;1,337;0,18;14,353;1,92;0,0;10,0;0,0;10,0;0,061;10,0;14,497;11,56;4,055;10,47;0,087;10,0;0,087;10,0;0,087;10,0;0,0;10,0;1,548;22,326;0,54;35,423;3,31;7,035;0,56;6,47;1,17;960,156;1,0;"";"";16,039;2,7;35,351;13,49;"";"";32,455;12,37;52,7;"";"";"";"";"";"";"";"";"";"";"";"";"";"";"";"";"";"";"";"";"";"";"";"";"";"";"";"";"";"";"";"";"";"";"";"";"";"";"";"";"";"";"";"";"";"";"";"";"";"";"";"";"";"";"";"";"";"";"";"";"";"";"";"";""
05.01.2023 05:08:00;1672891680000;880f01e687e2572cea04e80fc6a68085;419409;OK;1807;0;0;0;0;0,0;-10,26;0;0;930;877;"";110,198;16,53;407,998;62,24;20,869;0,93;1,337;0,18;14,398;1,92;0,0;10,0;0,0;10,0;0,007;10,0;13,671;11,51;3,415;10,33;0,009;10,0;0,009;10,0;0,009;10,0;0,0;10,0;1,059;22,329;0,54;35,423;3,31;7,036;0,56;6,472;1,17;960,154;1,0;"";"";16,077;2,7;35,514;13,5;"";"";32,305;12,14;53,3;"";"";"";"";"";"";"";"";"";"";"";"";"";"";"";"";"";"";"";"";"";"";"";"";"";"";"";"";"";"";"";"";"";"";"";"";"";"";"";"";"";"";"";"";"";"";"";"";"";"";"";"";"";"";"";"";"";"";"";"";"";"";"";"";""
05.01.2023 05:10:01;1672891801000;880f01e687e2572cea04e80fc6a68085;419529;OK;1826;0;0;0;0;0,01;-9,18;0;0;930;877;"";106,977;16,05;410,377;62,31;20,869;0,93;1,336;0,18;14,381;1,92;0,0;10,0;0,0;10,0;0,001;10,0;11,832;11,3;3,455;10,3;0,001;10,0;0,001;10,0;0,001;10,0;0,0;10,0;1,006;22,329;0,54;35,423;3,31;7,036;0,56;6,473;1,17;960,131;1,0;"";"";16,076;2,7;35,239;13,48;"";"";31,161;13,32;52,1;"";"";"";"";"";"";"";"";"";"";"";"";"";"";"";"";"";"";"";"";"";"";"";"";"";"";"";"";"";"";"";"";"";"";"";"";"";"";"";"";"";"";"";"";"";"";"";"";"";"";"";"";"";"";"";"";"";"";"";"";"";"";"";"";""
05.01.2023 05:12:02;1672891922000;880f01e687e2572cea04e80fc6a68085;419650;OK;1828;0;0;0;0;0,01;-2,58;0;0;930;877;"";106,956;16,04;410,397;62,31;20,871;0,93;1,336;0,18;14,241;1,92;0,0;10,0;0,0;10,0;0,0;10,0;6,2;10,69;2,014;10,09;0,166;10,0;0,0;10,0;0,0;10,0;0,0;10,0;1,001;22,331;0,54;35,423;3,31;7,037;0,56;6,474;1,17;960,102;1,0;"";"";15,915;2,71;34,995;13,47;"";"";30,47;13,95;55,9;"";"";"";"";"";"";"";"";"";"";"";"";"";"";"";"";"";"";"";"";"";"";"";"";"";"";"";"";"";"";"";"";"";"";"";"";"";"";"";"";"";"";"";"";"";"";"";"";"";"";"";"";"";"";"";"";"";"";"";"";"";"";"";"";""
05.01.2023 05:14:01;1672892041000;880f01e687e2572cea04e80fc6a68085;419770;OK;1814;0;0;0;0;0,0;11,11;0;0;930;877;"";106,933;16,04;412,452;62,37;20,872;0,93;1,336;0,18;14,271;1,92;0,0;10,0;0,0;10,0;0,0;10,0;11,844;11,32;3,626;10,36;0,018;10,0;0,0;10,0;0,0;10,0;0,0;10,0;1,0;22,33;0,54;35,423;3,31;7,036;0,56;6,473;1,17;960,0659;1,0;"";"";15,866;2,71;34,641;13,45;"";"";32,394;12,51;56,8;"";"";"";"";"";"";"";"";"";"";"";"";"";"";"";"";"";"";"";"";"";"";"";"";"";"";"";"";"";"";"";"";"";"";"";"";"";"";"";"";"";"";"";"";"";"";"";"";"";"";"";"";"";"";"";"";"";"";"";"";"";"";"";"";""
05.01.2023 05:16:03;1672892163000;880f01e687e2572cea04e80fc6a68085;419890;OK;1846;0;0;0;0;0,0;5,62;0;0;930;877;"";109,998;16,5;411,418;62,34;20,869;0,93;1,336;0,18;14,225;1,91;0,0;10,0;0,0;10,0;0,0;10,0;10,628;11,18;3,159;10,25;0,002;10,0;0,0;10,0;0,0;10,0;0,0;10,0;1,0;22,331;0,54;35,423;3,31;7,037;0,56;6,474;1,17;960,0969;1,0;"";"";15,891;2,71;34,244;13,43;"";"";32,418;12,54;53,3;"";"";"";"";"";"";"";"";"";"";"";"";"";"";"";"";"";"";"";"";"";"";"";"";"";"";"";"";"";"";"";"";"";"";"";"";"";"";"";"";"";"";"";"";"";"";"";"";"";"";"";"";"";"";"";"";"";"";"";"";"";"";"";"";""
05.01.2023 05:18:02;1672892282000;880f01e687e2572cea04e80fc6a68085;420011;OK;1816;0;0;0;0;-0,0;3,63;0;0;930;877;"";108,663;16,3;412,94;62,39;20,87;0,93;1,337;0,18;14,243;1,92;0,0;10,0;0,0;10,0;0,0;10,0;15,584;11,69;4,816;10,48;0,0;10,0;0,0;10,0;0,0;10,0;0,0;10,0;1,0;22,327;0,54;35,423;3,31;7,035;0,56;6,47;1,17;960,102;1,0;"";"";15,918;2,71;34,017;13,42;"";"";31,278;13,08;52,7;"";"";"";"";"";"";"";"";"";"";"";"";"";"";"";"";"";"";"";"";"";"";"";"";"";"";"";"";"";"";"";"";"";"";"";"";"";"";"";"";"";"";"";"";"";"";"";"";"";"";"";"";"";"";"";"";"";"";"";"";"";"";"";"";""
05.01.2023 05:20:02;1672892402000;880f01e687e2572cea04e80fc6a68085;420131;OK;1813;0;0;0;0;-0,0;-4,79;0;0;930;877;"";106,947;16,04;411,184;62,34;20,875;0,93;1,337;0,18;14,214;1,91;0,0;10,0;0,0;10,0;0,0;10,0;9,624;11,07;3,167;10,31;0,1;10,0;0,0;10,0;0,0;10,0;0,0;10,0;1,0;22,326;0,54;35,426;3,31;7,036;0,56;6,471;1,17;960,1179;1,0;"";"";15,888;2,71;33,673;13,4;"";"";32,326;13,24;56,5;"";"";"";"";"";"";"";"";"";"";"";"";"";"";"";"";"";"";"";"";"";"";"";"";"";"";"";"";"";"";"";"";"";"";"";"";"";"";"";"";"";"";"";"";"";"";"";"";"";"";"";"";"";"";"";"";"";"";"";"";"";"";"";"";""
05.01.2023 05:22:04;1672892524000;880f01e687e2572cea04e80fc6a68085;420252;OK;1807;0;0;0;0;-0,0;-0,8;0;0;930;877;"";107,527;16,13;412,446;62,37;20,872;0,93;1,337;0,18;14,14;1,91;0,0;10,0;0,0;10,0;0,0;10,0;14,323;11,59;3,314;10,24;0,107;10,0;0,0;10,0;0,0;10,0;0,0;10,0;1,0;22,324;0,54;35,432;3,31;7,036;0,56;6,471;1,17;960,168;1,0;"";"";15,876;2,71;33,138;13,37;"";"";31,108;13,65;54,0;"";"";"";"";"";"";"";"";"";"";"";"";"";"";"";"";"";"";"";"";"";"";"";"";"";"";"";"";"";"";"";"";"";"";"";"";"";"";"";"";"";"";"";"";"";"";"";"";"";"";"";"";"";"";"";"";"";"";"";"";"";"";"";"";""
05.01.2023 05:24:04;1672892644000;880f01e687e2572cea04e80fc6a68085;420372;OK;1826;0;0;0;0;0,0;-0,76;0;0;930;877;"";106,084;15,91;411,707;62,35;20,873;0,93;1,336;0,18;14,086;1,91;0,0;10,0;0,0;10,0;0,0;10,0;11,112;11,22;2,756;10,13;0,011;10,0;0,0;10,0;0,0;10,0;0,0;10,0;1,0;22,32;0,54;35,439;3,31;7,036;0,56;6,471;1,17;960,22;1,0;"";"";15,79;2,71;32,875;13,36;"";"";31,346;13,15;57,2;"";"";"";"";"";"";"";"";"";"";"";"";"";"";"";"";"";"";"";"";"";"";"";"";"";"";"";"";"";"";"";"";"";"";"";"";"";"";"";"";"";"";"";"";"";"";"";"";"";"";"";"";"";"";"";"";"";"";"";"";"";"";"";"";""
05.01.2023 05:26:05;1672892765000;880f01e687e2572cea04e80fc6a68085;420493;OK;1830;0;0;0;0;0,02;3,72;0;0;932;879;"";107,054;16,06;412,383;62,37;20,874;0,93;1,336;0,18;14,075;1,91;0,0;10,0;0,0;10,0;0,0;10,0;2,012;10,22;0,497;10,02;0,001;10,0;0,0;10,0;0,0;10,0;0,0;10,0;1,0;22,316;0,54;35,501;3,31;7,046;0,56;6,493;1,17;960,302;1,0;"";"";15,776;2,72;32,682;13,35;"";"";32,627;11,71;53,2;"";"";"";"";"";"";"";"";"";"";"";"";"";"";"";"";"";"";"";"";"";"";"";"";"";"";"";"";"";"";"";"";"";"";"";"";"";"";"";"";"";"";"";"";"";"";"";"";"";"";"";"";"";"";"";"";"";"";"";"";"";"";"";"";""
05.01.2023 05:28:05;1672892885000;880f01e687e2572cea04e80fc6a68085;420613;OK;1827;0;0;0;0;0,05;-0,89;0;0;933;879;"";108,986;16,35;411,689;62,35;20,872;0,93;1,336;0,18;14,206;1,91;0,0;10,0;0,0;10,0;0,0;10,0;8,788;10,98;2,911;10,24;0,0;10,0;0,0;10,0;0,0;10,0;0,0;10,0;1,0;22,317;0,54;35,528;3,31;7,052;0,56;6,504;1,17;960,3829;1,0;"";"";15,807;2,71;32,744;13,35;"";"";31,905;12,51;52,9;"";"";"";"";"";"";"";"";"";"";"";"";"";"";"";"";"";"";"";"";"";"";"";"";"";"";"";"";"";"";"";"";"";"";"";"";"";"";"";"";"";"";"";"";"";"";"";"";"";"";"";"";"";"";"";"";"";"";"";"";"";"";"";"";""
05.01.2023 05:30:05;1672893005000;880f01e687e2572cea04e80fc6a68085;420733;OK;1838;0;0;0;0;0,05;1,99;0;0;933;880;"";107,635;16,15;412,593;62,38;20,872;0,93;1,336;0,18;14,31;1,92;0,0;10,0;0,0;10,0;0,0;10,0;8,412;10,93;2,12;10,31;0,0;10,0;0,0;10,0;0,0;10,0;0,0;10,0;1,0;22,31;0,54;35,543;3,31;7,052;0,56;6,505;1,17;960,398;1,0;"";"";15,762;2,72;32,94;13,36;"";"";32,144;12,95;54,1;"";"";"";"";"";"";"";"";"";"";"";"";"";"";"";"";"";"";"";"";"";"";"";"";"";"";"";"";"";"";"";"";"";"";"";"";"";"";"";"";"";"";"";"";"";"";"";"";"";"";"";"";"";"";"";"";"";"";"";"";"";"";"";"";""
05.01.2023 05:32:04;1672893124000;880f01e687e2572cea04e80fc6a68085;420853;OK;1813;0;0;0;0;0,02;2,49;0;0;933;880;"";108,618;16,29;413,464;62,4;20,873;0,93;1,336;0,18;14,47;1,93;0,0;10,0;0,0;10,0;0,0;10,0;7,455;10,83;2,412;10,18;0,0;10,0;0,0;10,0;0,0;10,0;0,0;10,0;1,0;22,308;0,54;35,545;3,31;7,052;0,56;6,504;1,17;960,386;1,0;"";"";15,757;2,72;32,846;13,36;"";"";31,397;13,33;56,4;"";"";"";"";"";"";"";"";"";"";"";"";"";"";"";"";"";"";"";"";"";"";"";"";"";"";"";"";"";"";"";"";"";"";"";"";"";"";"";"";"";"";"";"";"";"";"";"";"";"";"";"";"";"";"";"";"";"";"";"";"";"";"";"";""
05.01.2023 05:34:06;1672893246000;880f01e687e2572cea04e80fc6a68085;420974;OK;1828;0;0;0;0;-0,01;6,96;0;0;933;880;"";104,097;15,61;414,108;62,42;20,871;0,93;1,335;0,18;14,509;1,93;0,0;10,0;0,0;10,0;0,0;10,0;5,718;10,64;1,898;10,11;0,0;10,0;0,0;10,0;0,0;10,0;0,0;10,0;1,0;22,304;0,54;35,546;3,31;7,05;0,56;6,5;1,17;960,434;1,0;"";"";15,836;2,71;32,834;13,36;"";"";33,577;11,66;54,7;"";"";"";"";"";"";"";"";"";"";"";"";"";"";"";"";"";"";"";"";"";"";"";"";"";"";"";"";"";"";"";"";"";"";"";"";"";"";"";"";"";"";"";"";"";"";"";"";"";"";"";"";"";"";"";"";"";"";"";"";"";"";"";"";""
05.01.2023 05:36:07;1672893367000;880f01e687e2572cea04e80fc6a68085;421096;OK;1809;0;0;0;0;-0,01;-2,56;0;0;933;880;"";107,12;16,07;411,382;62,34;20,871;0,93;1,335;0,18;14,461;1,93;0,0;10,0;0,0;10,0;0,0;10,0;17,828;11,74;5,816;10,47;0,131;10,0;0,0;10,0;0,0;10,0;0,0;10,0;1,0;22,303;0,54;35,546;3,31;7,05;0,56;6,5;1,17;960,442;1,0;"";"";15,905;2,71;32,973;13,37;"";"";30,881;13,87;53,2;"";"";"";"";"";"";"";"";"";"";"";"";"";"";"";"";"";"";"";"";"";"";"";"";"";"";"";"";"";"";"";"";"";"";"";"";"";"";"";"";"";"";"";"";"";"";"";"";"";"";"";"";"";"";"";"";"";"";"";"";"";"";"";"";""
05.01.2023 05:38:06;1672893486000;880f01e687e2572cea04e80fc6a68085;421215;OK;1832;0;0;0;0;-0,01;-6,28;0;0;933;880;"";105,856;15,88;411,079;62,33;20,872;0,93;1,335;0,18;14,552;1,93;0,0;10,0;0,0;10,0;0,0;10,0;14,818;11,53;4,128;10,29;0,014;10,0;0,0;10,0;0,0;10,0;0,0;10,0;1,0;22,301;0,54;35,546;3,31;7,049;0,56;6,498;1,17;960,417;1,0;"";"";15,957;2,71;32,928;13,36;"";"";31,887;13,28;54,7;"";"";"";"";"";"";"";"";"";"";"";"";"";"";"";"";"";"";"";"";"";"";"";"";"";"";"";"";"";"";"";"";"";"";"";"";"";"";"";"";"";"";"";"";"";"";"";"";"";"";"";"";"";"";"";"";"";"";"";"";"";"";"";"";""
05.01.2023 05:40:08;1672893608000;880f01e687e2572cea04e80fc6a68085;421335;OK;1837;0;0;0;0;-0,0;-8,71;0;0;933;880;"";106,396;15,96;411,309;62,34;20,874;0,93;1,335;0,18;14,562;1,93;0,0;10,0;0,0;10,0;0,396;10,0;10,25;11,13;2,839;10,27;0,527;10,0;0,525;10,0;0,525;10,0;0,0;10,0;4,56;22,3;0,54;35,546;3,31;7,049;0,56;6,497;1,17;960,455;1,0;"";"";15,887;2,71;32,802;13,36;"";"";30,135;13,82;52,3;"";"";"";"";"";"";"";"";"";"";"";"";"";"";"";"";"";"";"";"";"";"";"";"";"";"";"";"";"";"";"";"";"";"";"";"";"";"";"";"";"";"";"";"";"";"";"";"";"";"";"";"";"";"";"";"";"";"";"";"";"";"";"";"";""
05.01.2023 05:42:09;1672893729000;880f01e687e2572cea04e80fc6a68085;421456;OK;1824;0;0;0;0;-0,0;6,14;0;0;933;880;"";108,423;16,26;413,638;62,41;20,873;0,93;1,335;0,18;14,516;1,93;0,0;10,0;0,0;10,0;0,042;10,0;17,916;11,82;4,595;10,52;0,056;10,0;0,056;10,0;0,056;10,0;0,0;10,0;1,38;22,299;0,54;35,546;3,31;7,048;0,56;6,496;1,17;960,364;1,0;"";"";15,805;2,71;32,991;13,36;"";"";33,197;11,6;51,9;"";"";"";"";"";"";"";"";"";"";"";"";"";"";"";"";"";"";"";"";"";"";"";"";"";"";"";"";"";"";"";"";"";"";"";"";"";"";"";"";"";"";"";"";"";"";"";"";"";"";"";"";"";"";"";"";"";"";"";"";"";"";"";"";""
05.01.2023 05:44:09;1672893849000;880f01e687e2572cea04e80fc6a68085;421577;OK;1813;0;0;0;0;-0,0;3,11;0;0;933;880;"";110,264;16,54;412,24;62,37;20,872;0,93;1,334;0,18;14,487;1,93;0,0;10,0;0,0;10,0;0,005;10,0;14,459;11,59;4,638;10,51;0,269;10,0;0,006;10,0;0,006;10,0;0,0;10,0;1,041;22,298;0,54;35,546;3,31;7,048;0,56;6,496;1,17;960,3809;1,0;"";"";15,757;2,72;32,696;13,35;"";"";31,727;13,19;53,9;"";"";"";"";"";"";"";"";"";"";"";"";"";"";"";"";"";"";"";"";"";"";"";"";"";"";"";"";"";"";"";"";"";"";"";"";"";"";"";"";"";"";"";"";"";"";"";"";"";"";"";"";"";"";"";"";"";"";"";"";"";"";"";"";""
05.01.2023 05:46:10;1672893970000;880f01e687e2572cea04e80fc6a68085;421698;OK;1833;0;0;0;0;0,0;-0,35;0;0;933;880;"";112,026;16,8;411,632;62,35;20,872;0,93;1,334;0,18;14,469;1,93;0,0;10,0;0,0;10,0;0,0;10,0;11,423;11,27;3,09;10,43;0,029;10,0;0,001;10,0;0,001;10,0;0,0;10,0;1,004;22,3;0,54;35,546;3,31;7,049;0,56;6,497;1,17;960,376;1,0;"";"";15,842;2,71;32,808;13,36;"";"";32,31;12,34;54,1;"";"";"";"";"";"";"";"";"";"";"";"";"";"";"";"";"";"";"";"";"";"";"";"";"";"";"";"";"";"";"";"";"";"";"";"";"";"";"";"";"";"";"";"";"";"";"";"";"";"";"";"";"";"";"";"";"";"";"";"";"";"";"";"";""
05.01.2023 05:48:10;1672894090000;880f01e687e2572cea04e80fc6a68085;421818;OK;1818;0;0;0;0;0,0;-3,57;0;0;933;880;"";108,802;16,32;412,401;62,37;20,872;0,93;1,334;0,18;14,407;1,92;0,0;10,0;0,0;10,0;0,0;10,0;17,905;11,94;5,229;10,64;0,117;10,0;0,114;10,0;0,114;10,0;0,0;10,0;1,0;22,299;0,54;35,546;3,31;7,048;0,56;6,496;1,17;960,406;1,0;"";"";15,866;2,71;32,273;13,33;"";"";33,095;11,35;54,2;"";"";"";"";"";"";"";"";"";"";"";"";"";"";"";"";"";"";"";"";"";"";"";"";"";"";"";"";"";"";"";"";"";"";"";"";"";"";"";"";"";"";"";"";"";"";"";"";"";"";"";"";"";"";"";"";"";"";"";"";"";"";"";"";""
05.01.2023 05:50:09;1672894209000;880f01e687e2572cea04e80fc6a68085;421937;OK;1822;0;0;0;0;0,0;1,13;0;0;933;880;"";107,581;16,14;412,555;62,38;20,871;0,93;1,335;0,18;14,386;1,92;0,0;10,0;0,0;10,0;0,428;10,0;16,096;11,74;5,011;10,51;0,875;10,0;0,875;10,0;0,875;10,0;0,15;10,0;4,848;22,299;0,54;35,546;3,31;7,048;0,56;6,496;1,17;960,366;1,0;"";"";15,779;2,72;31,923;13,31;"";"";33,43;12,01;56,6;"";"";"";"";"";"";"";"";"";"";"";"";"";"";"";"";"";"";"";"";"";"";"";"";"";"";"";"";"";"";"";"";"";"";"";"";"";"";"";"";"";"";"";"";"";"";"";"";"";"";"";"";"";"";"";"";"";"";"";"";"";"";"";"";""
05.01.2023 05:52:11;1672894331000;880f01e687e2572cea04e80fc6a68085;422059;OK;1830;0;0;0;0;-0,0;-2,16;0;0;933;880;"";109,433;16,41;410,49;62,31;20,872;0,93;1,335;0,18;14,41;1,92;0,0;10,0;0,0;10,0;0,058;10,0;19,249;12,03;6,378;10,66;0,093;10,0;0,093;10,0;0,093;10,0;0,016;10,0;1,518;22,299;0,54;35,546;3,31;7,048;0,56;6,496;1,17;960,362;1,0;"";"";15,777;2,72;31,854;13,31;"";"";33,234;12,47;60,7;"";"";"";"";"";"";"";"";"";"";"";"";"";"";"";"";"";"";"";"";"";"";"";"";"";"";"";"";"";"";"";"";"";"";"";"";"";"";"";"";"";"";"";"";"";"";"";"";"";"";"";"";"";"";"";"";"";"";"";"";"";"";"";"";""
05.01.2023 05:54:10;1672894450000;880f01e687e2572cea04e80fc6a68085;422178;OK;1833;0;0;0;0;-0,0;-5,19;0;0;933;880;"";110,57;16,59;411,606;62,35;20,873;0,93;1,335;0,18;14,379;1,92;0,0;10,0;0,0;10,0;0,006;10,0;16,248;11,79;5,412;10,7;0,01;10,0;0,01;10,0;0,01;10,0;0,002;10,0;1,057;22,299;0,54;35,54;3,31;7,047;0,56;6,494;1,17;960,314;1,0;"";"";15,699;2,72;31,719;13,3;"";"";33,326;12,04;57,5;"";"";"";"";"";"";"";"";"";"";"";"";"";"";"";"";"";"";"";"";"";"";"";"";"";"";"";"";"";"";"";"";"";"";"";"";"";"";"";"";"";"";"";"";"";"";"";"";"";"";"";"";"";"";"";"";"";"";"";"";"";"";"";"";""
05.01.2023 05:56:10;1672894570000;880f01e687e2572cea04e80fc6a68085;422298;OK;1823;0;0;0;0;-0,0;2,02;0;0;933;880;"";108,069;16,21;413,455;62,4;20,872;0,93;1,335;0,18;14,378;1,92;0,0;10,0;0,0;10,0;0,001;10,0;14,405;11,6;4,363;10,56;0,001;10,0;0,001;10,0;0,001;10,0;0,0;10,0;1,006;22,298;0,54;35,543;3,31;7,047;0,56;6,494;1,17;960,304;1,0;"";"";15,683;2,72;31,073;13,26;"";"";33,008;11,76;52,7;"";"";"";"";"";"";"";"";"";"";"";"";"";"";"";"";"";"";"";"";"";"";"";"";"";"";"";"";"";"";"";"";"";"";"";"";"";"";"";"";"";"";"";"";"";"";"";"";"";"";"";"";"";"";"";"";"";"";"";"";"";"";"";"";""
05.01.2023 05:58:10;1672894690000;880f01e687e2572cea04e80fc6a68085;422418;OK;1820;0;0;0;0;-0,0;8,88;0;0;933;880;"";105,583;15,84;414,062;62,42;20,873;0,93;1,334;0,18;14,344;1,92;0,0;10,0;0,0;10,0;0,0;10,0;15,726;11,75;4,728;10,46;0,0;10,0;0,0;10,0;0,0;10,0;0,0;10,0;1,001;22,296;0,54;35,546;3,31;7,047;0,56;6,493;1,17;960,2659;1,0;"";"";15,608;2,72;30,729;13,25;"";"";33,861;11,63;53,4;"";"";"";"";"";"";"";"";"";"";"";"";"";"";"";"";"";"";"";"";"";"";"";"";"";"";"";"";"";"";"";"";"";"";"";"";"";"";"";"";"";"";"";"";"";"";"";"";"";"";"";"";"";"";"";"";"";"";"";"";"";"";"";"";""
05.01.2023 06:00:12;1672894812000;880f01e687e2572cea04e80fc6a68085;422540;OK;1816;0;0;0;0;-0,0;2,86;0;0;933;881;"";106,74;16,01;412,845;62,39;20,874;0,93;1,334;0,18;14,377;1,92;0,0;10,0;0,0;10,0;0,0;10,0;13,096;11,37;3,899;10,28;0,0;10,0;0,0;10,0;0,0;10,0;0,0;10,0;1,0;22,295;0,54;35,546;3,31;7,047;0,56;6,492;1,17;960,2429;1,0;"";"";15,63;2,72;30,471;13,23;"";"";33,321;11,67;54,2;"";"";"";"";"";"";"";"";"";"";"";"";"";"";"";"";"";"";"";"";"";"";"";"";"";"";"";"";"";"";"";"";"";"";"";"";"";"";"";"";"";"";"";"";"";"";"";"";"";"";"";"";"";"";"";"";"";"";"";"";"";"";"";"";""
05.01.2023 06:02:11;1672894931000;880f01e687e2572cea04e80fc6a68085;422660;OK;1823;0;0;0;0;-0,0;-2,2;0;0;933;881;"";108,052;16,21;412,608;62,38;20,874;0,93;1,334;0,18;14,32;1,92;0,0;10,0;0,0;10,0;0,211;10,0;16,775;11,82;5,542;10,57;0,713;10,0;0,713;10,0;0,713;10,0;0,713;10,0;2,901;22,295;0,54;35,546;3,31;7,047;0,56;6,493;1,17;960,213;1,0;"";"";15,671;2,72;30,643;13,24;"";"";30,76;13,5;51,5;"";"";"";"";"";"";"";"";"";"";"";"";"";"";"";"";"";"";"";"";"";"";"";"";"";"";"";"";"";"";"";"";"";"";"";"";"";"";"";"";"";"";"";"";"";"";"";"";"";"";"";"";"";"";"";"";"";"";"";"";"";"";"";"";""
05.01.2023 06:04:12;1672895052000;880f01e687e2572cea04e80fc6a68085;422780;OK;1826;0;0;0;0;0,0;-6,7;0;0;933;880;"";108,607;16,29;411,929;62,36;20,874;0,93;1,333;0,18;14,273;1,92;0,0;10,0;0,0;10,0;0,071;10,0;15,519;11,7;4,935;10,57;0,087;10,0;0,087;10,0;0,087;10,0;0,087;10,0;1,637;22,296;0,54;35,546;3,31;7,047;0,56;6,494;1,17;960,228;1,0;"";"";15,798;2,71;31,036;13,26;"";"";36,45;9,31;57,5;"";"";"";"";"";"";"";"";"";"";"";"";"";"";"";"";"";"";"";"";"";"";"";"";"";"";"";"";"";"";"";"";"";"";"";"";"";"";"";"";"";"";"";"";"";"";"";"";"";"";"";"";"";"";"";"";"";"";"";"";"";"";"";"";""
05.01.2023 06:06:12;1672895172000;880f01e687e2572cea04e80fc6a68085;422900;OK;1816;0;0;0;0;-0,0;-0,25;0;0;933;880;"";110,407;16,56;412,775;62,38;20,875;0,93;1,333;0,18;14,253;1,92;0,0;10,0;0,0;10,0;0,008;10,0;9,281;11,03;2,858;10,18;0,179;10,0;0,179;10,0;0,179;10,0;0,009;10,0;1,068;22,297;0,54;35,541;3,31;7,047;0,56;6,492;1,17;960,1569;1,0;"";"";15,81;2,71;30,967;13,26;"";"";33,756;11,62;57,6;"";"";"";"";"";"";"";"";"";"";"";"";"";"";"";"";"";"";"";"";"";"";"";"";"";"";"";"";"";"";"";"";"";"";"";"";"";"";"";"";"";"";"";"";"";"";"";"";"";"";"";"";"";"";"";"";"";"";"";"";"";"";"";"";""
05.01.2023 06:08:14;1672895294000;880f01e687e2572cea04e80fc6a68085;423022;OK;1819;0;0;0;0;-0,0;-5,59;0;0;933;880;"";108,39;16,26;410,708;62,32;20,869;0,93;1,334;0,18;14,289;1,92;0,0;10,0;0,0;10,0;0,001;10,0;14,869;11,65;4,167;10,34;0,018;10,0;0,018;10,0;0,018;10,0;0,001;10,0;1,007;22,298;0,54;35,535;3,31;7,046;0,56;6,491;1,17;960,14;1,0;"";"";15,75;2,72;30,809;13,25;"";"";32,224;12,32;53,4;"";"";"";"";"";"";"";"";"";"";"";"";"";"";"";"";"";"";"";"";"";"";"";"";"";"";"";"";"";"";"";"";"";"";"";"";"";"";"";"";"";"";"";"";"";"";"";"";"";"";"";"";"";"";"";"";"";"";"";"";"";"";"";"";""
05.01.2023 06:10:13;1672895413000;880f01e687e2572cea04e80fc6a68085;423142;OK;1821;0;0;0;0;-0,02;-2,01;0;0;932;879;"";109,06;16,36;412,129;62,36;20,874;0,93;1,334;0,18;14,309;1,92;0,0;10,0;0,0;10,0;0,0;10,0;9,935;11,1;3,227;10,26;0,002;10,0;0,002;10,0;0,002;10,0;0,0;10,0;1,001;22,3;0,54;35,497;3,31;7,039;0,56;6,477;1,17;960,19;1,0;"";"";15,822;2,71;30,535;13,23;"";"";33,068;10,91;55,4;"";"";"";"";"";"";"";"";"";"";"";"";"";"";"";"";"";"";"";"";"";"";"";"";"";"";"";"";"";"";"";"";"";"";"";"";"";"";"";"";"";"";"";"";"";"";"";"";"";"";"";"";"";"";"";"";"";"";"";"";"";"";"";"";""
05.01.2023 06:12:14;1672895534000;880f01e687e2572cea04e80fc6a68085;423262;OK;1826;0;0;0;0;-0,01;1,1;0;0;932;880;"";106,354;15,95;412,254;62,37;20,875;0,93;1,334;0,18;14,275;1,92;0,0;10,0;0,0;10,0;0,0;10,0;10,736;11,17;3,09;10,29;0,0;10,0;0,0;10,0;0,0;10,0;0,0;10,0;1,0;22,3;0,54;35,525;3,31;7,044;0,56;6,488;1,17;960,183;1,0;"";"";15,823;2,71;30,156;13,21;"";"";32,205;11,79;52,4;"";"";"";"";"";"";"";"";"";"";"";"";"";"";"";"";"";"";"";"";"";"";"";"";"";"";"";"";"";"";"";"";"";"";"";"";"";"";"";"";"";"";"";"";"";"";"";"";"";"";"";"";"";"";"";"";"";"";"";"";"";"";"";"";""
05.01.2023 06:14:14;1672895654000;880f01e687e2572cea04e80fc6a68085;423382;OK;1826;0;0;0;0;-0,0;3,31;0;0;932;879;"";106,393;15,96;411,783;62,35;20,868;0,93;1,333;0,18;14,253;1,92;0,0;10,0;0,0;10,0;0,0;10,0;13,969;11,55;3,056;10,32;0,0;10,0;0,0;10,0;0,0;10,0;0,0;10,0;1,0;22,3;0,54;35,503;3,31;7,04;0,56;6,479;1,17;960,199;1,0;"";"";15,854;2,71;29,914;13,2;"";"";32,769;11,92;52,7;"";"";"";"";"";"";"";"";"";"";"";"";"";"";"";"";"";"";"";"";"";"";"";"";"";"";"";"";"";"";"";"";"";"";"";"";"";"";"";"";"";"";"";"";"";"";"";"";"";"";"";"";"";"";"";"";"";"";"";"";"";"";"";"";""
05.01.2023 06:16:15;1672895775000;880f01e687e2572cea04e80fc6a68085;423503;OK;1822;0;0;0;0;-0,01;1,17;0;0;932;879;"";104,983;15,75;412,46;62,37;20,868;0,93;1,334;0,18;14,283;1,92;0,0;10,0;0,0;10,0;0,0;10,0;15,18;11,64;4,381;10,47;0,0;10,0;0,0;10,0;0,0;10,0;0,0;10,0;1,0;22,298;0,54;35,494;3,31;7,038;0,56;6,474;1,17;960,189;1,0;"";"";15,854;2,71;29,36;13,17;"";"";33,27;11,37;53,6;"";"";"";"";"";"";"";"";"";"";"";"";"";"";"";"";"";"";"";"";"";"";"";"";"";"";"";"";"";"";"";"";"";"";"";"";"";"";"";"";"";"";"";"";"";"";"";"";"";"";"";"";"";"";"";"";"";"";"";"";"";"";"";"";""
05.01.2023 06:18:16;1672895896000;880f01e687e2572cea04e80fc6a68085;423624;OK;1810;0;0;0;0;-0,03;2,07;0;0;932;879;"";104,291;15,64;412,484;62,37;20,874;0,93;1,335;0,18;14,342;1,92;0,0;10,0;0,0;10,0;0,0;10,0;9,271;10,98;3,02;10,23;0,0;10,0;0,0;10,0;0,0;10,0;0,0;10,0;1,0;22,296;0,54;35,491;3,31;7,036;0,56;6,471;1,17;960,211;1,0;"";"";15,8;2,71;28,991;13,15;"";"";33,511;11,57;58,2;"";"";"";"";"";"";"";"";"";"";"";"";"";"";"";"";"";"";"";"";"";"";"";"";"";"";"";"";"";"";"";"";"";"";"";"";"";"";"";"";"";"";"";"";"";"";"";"";"";"";"";"";"";"";"";"";"";"";"";"";"";"";"";"";""
05.01.2023 06:20:15;1672896015000;880f01e687e2572cea04e80fc6a68085;423743;OK;1840;0;0;0;0;-0,02;3,85;0;0;932;879;"";105,487;15,82;413,355;62,4;20,87;0,93;1,334;0,18;14,28;1,92;0,0;10,0;0,0;10,0;0,0;10,0;8,723;10,96;1,656;10,15;0,0;10,0;0,0;10,0;0,0;10,0;0,0;10,0;1,0;22,294;0,54;35,488;3,31;7,035;0,56;6,468;1,17;960,187;1,0;"";"";15,91;2,71;28,849;13,15;"";"";35,227;10,99;56,6;"";"";"";"";"";"";"";"";"";"";"";"";"";"";"";"";"";"";"";"";"";"";"";"";"";"";"";"";"";"";"";"";"";"";"";"";"";"";"";"";"";"";"";"";"";"";"";"";"";"";"";"";"";"";"";"";"";"";"";"";"";"";"";"";""
05.01.2023 06:22:15;1672896135000;880f01e687e2572cea04e80fc6a68085;423864;OK;1817;0;0;0;0;-0,03;6,54;0;0;930;878;"";105,225;15,78;415,059;62,45;20,873;0,93;1,333;0,18;14,314;1,92;0,0;10,0;0,0;10,0;0,048;10,0;14,457;11,56;3,486;10,23;0,143;10,0;0,143;10,0;0,143;10,0;0,0;10,0;1,428;22,294;0,54;35,444;3,31;7,026;0,56;6,449;1,17;960,19;1,0;"";"";15,907;2,71;28,842;13,15;"";"";34,964;10,85;59,8;"";"";"";"";"";"";"";"";"";"";"";"";"";"";"";"";"";"";"";"";"";"";"";"";"";"";"";"";"";"";"";"";"";"";"";"";"";"";"";"";"";"";"";"";"";"";"";"";"";"";"";"";"";"";"";"";"";"";"";"";"";"";"";"";""
05.01.2023 06:24:16;1672896256000;880f01e687e2572cea04e80fc6a68085;423984;OK;1819;0;0;0;0;-0,03;-0,31;0;0;930;878;"";107,52;16,13;412,046;62,36;20,875;0,93;1,335;0,18;14,382;1,92;0,0;10,0;0,0;10,0;0,005;10,0;16,253;11,78;5,131;10,62;0,015;10,0;0,015;10,0;0,015;10,0;0,0;10,0;1,046;22,294;0,54;35,441;3,31;7,025;0,56;6,449;1,17;960,1729;1,0;"";"";16,022;2,7;28,609;13,13;"";"";33,484;11,6;57,6;"";"";"";"";"";"";"";"";"";"";"";"";"";"";"";"";"";"";"";"";"";"";"";"";"";"";"";"";"";"";"";"";"";"";"";"";"";"";"";"";"";"";"";"";"";"";"";"";"";"";"";"";"";"";"";"";"";"";"";"";"";"";"";"";""
05.01.2023 06:26:16;1672896376000;880f01e687e2572cea04e80fc6a68085;424104;OK;1822;0;0;0;0;-0,03;-7,95;0;0;930;878;"";106,693;16,0;410,492;62,31;20,869;0,93;1,334;0,18;14,301;1,92;0,0;10,0;0,0;10,0;0,001;10,0;29,646;13,01;8,249;10,74;1,251;10,0;0,002;10,0;0,002;10,0;0,0;10,0;1,005;22,293;0,54;35,433;3,31;7,023;0,56;6,444;1,17;960,123;1,0;"";"";15,973;2,71;28,546;13,13;"";"";31,923;11,71;52,4;"";"";"";"";"";"";"";"";"";"";"";"";"";"";"";"";"";"";"";"";"";"";"";"";"";"";"";"";"";"";"";"";"";"";"";"";"";"";"";"";"";"";"";"";"";"";"";"";"";"";"";"";"";"";"";"";"";"";"";"";"";"";"";"";""
05.01.2023 06:28:18;1672896498000;880f01e687e2572cea04e80fc6a68085;424226;OK;1812;0;0;0;0;-0,01;-3,33;0;0;930;878;"";108,746;16,31;413,752;62,41;20,873;0,93;1,335;0,18;14,305;1,92;0,0;10,0;0,0;10,0;0,0;10,0;20,835;12,25;6,429;10,64;0,783;10,0;0,0;10,0;0,0;10,0;0,0;10,0;1,001;22,286;0,54;35,437;3,31;7,021;0,56;6,44;1,17;960,158;1,0;"";"";15,942;2,71;28,577;13,13;"";"";32,522;11,63;52,6;"";"";"";"";"";"";"";"";"";"";"";"";"";"";"";"";"";"";"";"";"";"";"";"";"";"";"";"";"";"";"";"";"";"";"";"";"";"";"";"";"";"";"";"";"";"";"";"";"";"";"";"";"";"";"";"";"";"";"";"";"";"";"";"";""
05.01.2023 06:30:18;1672896618000;880f01e687e2572cea04e80fc6a68085;424347;OK;1815;0;0;0;0;-0,0;3,79;0;0;930;878;"";108,462;16,27;412,154;62,36;20,872;0,93;1,335;0,18;14,335;1,92;0,0;10,0;0,0;10,0;0,0;10,0;11,652;11,29;3,066;10,34;0,084;10,0;0,0;10,0;0,0;10,0;0,0;10,0;1,0;22,288;0,54;35,439;3,31;7,022;0,56;6,442;1,17;960,154;1,0;"";"";16,009;2,7;28,691;13,14;"";"";33,329;11,21;54,7;"";"";"";"";"";"";"";"";"";"";"";"";"";"";"";"";"";"";"";"";"";"";"";"";"";"";"";"";"";"";"";"";"";"";"";"";"";"";"";"";"";"";"";"";"";"";"";"";"";"";"";"";"";"";"";"";"";"";"";"";"";"";"";"";""
05.01.2023 06:32:19;1672896739000;880f01e687e2572cea04e80fc6a68085;424467;OK;1824;0;0;0;0;-0,0;6,54;0;0;930;878;"";108,3;16,24;413,98;62,42;20,872;0,93;1,334;0,18;14,269;1,92;0,0;10,0;0,0;10,0;0,0;10,0;18,741;11,95;5,576;10,45;0,009;10,0;0,0;10,0;0,0;10,0;0,0;10,0;1,0;22,289;0,54;35,428;3,31;7,021;0,56;6,439;1,17;960,217;1,0;"";"";16,104;2,7;28,468;13,13;"";"";33,615;10,49;53,0;"";"";"";"";"";"";"";"";"";"";"";"";"";"";"";"";"";"";"";"";"";"";"";"";"";"";"";"";"";"";"";"";"";"";"";"";"";"";"";"";"";"";"";"";"";"";"";"";"";"";"";"";"";"";"";"";"";"";"";"";"";"";"";"";""
05.01.2023 06:34:19;1672896859000;880f01e687e2572cea04e80fc6a68085;424587;OK;1815;0;0;0;0;-0,01;-5,29;0;0;930;878;"";107,09;16,06;411,999;62,36;20,871;0,93;1,334;0,18;14,313;1,92;0,0;10,0;0,0;10,0;0,0;10,0;18,361;11,91;5,896;10,64;0,001;10,0;0,0;10,0;0,0;10,0;0,0;10,0;1,0;22,287;0,54;35,43;3,31;7,02;0,56;6,438;1,17;960,2449;1,0;"";"";16,045;2,7;27,98;13,1;"";"";36,605;9,23;54,8;"";"";"";"";"";"";"";"";"";"";"";"";"";"";"";"";"";"";"";"";"";"";"";"";"";"";"";"";"";"";"";"";"";"";"";"";"";"";"";"";"";"";"";"";"";"";"";"";"";"";"";"";"";"";"";"";"";"";"";"";"";"";"";"";""
05.01.2023 06:36:20;1672896980000;880f01e687e2572cea04e80fc6a68085;424709;OK;1821;0;0;0;0;-0,01;2,23;0;0;930;878;"";105,39;15,81;414,278;62,43;20,872;0,93;1,335;0,18;14,327;1,92;0,0;10,0;0,0;10,0;0,0;10,0;19,826;12,15;6,236;10,62;0,0;10,0;0,0;10,0;0,0;10,0;0,0;10,0;1,0;22,287;0,54;35,432;3,31;7,021;0,56;6,439;1,17;960,2639;1,0;"";"";16,036;2,7;28,236;13,11;"";"";36,547;8,68;54,1;"";"";"";"";"";"";"";"";"";"";"";"";"";"";"";"";"";"";"";"";"";"";"";"";"";"";"";"";"";"";"";"";"";"";"";"";"";"";"";"";"";"";"";"";"";"";"";"";"";"";"";"";"";"";"";"";"";"";"";"";"";"";"";"";""
05.01.2023 06:38:20;1672897100000;880f01e687e2572cea04e80fc6a68085;424828;OK;1825;0;0;0;0;0,0;1,06;0;0;931;879;"";104,539;15,68;413,867;62,42;20,872;0,93;1,336;0,18;14,386;1,92;0,0;10,0;0,0;10,0;0,085;10,0;12,35;11,37;3,714;10,4;0,14;10,0;0,14;10,0;0,14;10,0;0,0;10,0;1,762;22,288;0,54;35,449;3,31;7,025;0,56;6,447;1,17;960,2249;1,0;"";"";16,089;2,7;28,351;13,12;"";"";34,183;10,82;53,6;"";"";"";"";"";"";"";"";"";"";"";"";"";"";"";"";"";"";"";"";"";"";"";"";"";"";"";"";"";"";"";"";"";"";"";"";"";"";"";"";"";"";"";"";"";"";"";"";"";"";"";"";"";"";"";"";"";"";"";"";"";"";"";"";""
05.01.2023 06:40:20;1672897220000;880f01e687e2572cea04e80fc6a68085;424948;OK;1824;0;0;0;0;0,01;0,14;0;0;931;879;"";103,896;15,58;411,958;62,36;20,871;0,93;1,335;0,18;14,444;1,93;0,0;10,0;0,0;10,0;0,12;10,0;18,369;11,95;5,599;10,53;0,196;10,0;0,196;10,0;0,196;10,0;0,181;10,0;2,082;22,286;0,54;35,451;3,31;7,024;0,56;6,445;1,17;960,2819;1,0;"";"";16,218;2,69;28,284;13,12;"";"";32,821;10,85;52,7;"";"";"";"";"";"";"";"";"";"";"";"";"";"";"";"";"";"";"";"";"";"";"";"";"";"";"";"";"";"";"";"";"";"";"";"";"";"";"";"";"";"";"";"";"";"";"";"";"";"";"";"";"";"";"";"";"";"";"";"";"";"";"";"";""
05.01.2023 06:42:20;1672897340000;880f01e687e2572cea04e80fc6a68085;425069;OK;1829;0;0;0;0;0,01;-4,97;0;0;931;879;"";103,626;15,54;412,695;62,38;20,874;0,93;1,335;0,18;14,536;1,93;0,0;10,0;0,0;10,0;0,013;10,0;23,809;12,57;6,754;10,78;0,021;10,0;0,021;10,0;0,021;10,0;0,019;10,0;1,115;22,283;0,54;35,465;3,31;7,026;0,56;6,449;1,17;960,211;1,0;"";"";16,257;2,69;28,249;13,11;"";"";33,009;11,49;53,2;"";"";"";"";"";"";"";"";"";"";"";"";"";"";"";"";"";"";"";"";"";"";"";"";"";"";"";"";"";"";"";"";"";"";"";"";"";"";"";"";"";"";"";"";"";"";"";"";"";"";"";"";"";"";"";"";"";"";"";"";"";"";"";"";""
05.01.2023 06:44:21;1672897461000;880f01e687e2572cea04e80fc6a68085;425189;OK;1824;0;0;0;0;0,02;-0,2;0;0;932;880;"";102,453;15,37;412,46;62,37;20,873;0,93;1,335;0,18;14,556;1,93;0,0;10,0;0,0;10,0;0,001;10,0;18,041;11,97;5,184;10,65;0,26;10,0;0,002;10,0;0,002;10,0;0,002;10,0;1,012;22,276;0,54;35,503;3,31;7,031;0,56;6,458;1,17;960,203;1,0;"";"";16,265;2,69;28,096;13,1;"";"";31,643;12,56;54,9;"";"";"";"";"";"";"";"";"";"";"";"";"";"";"";"";"";"";"";"";"";"";"";"";"";"";"";"";"";"";"";"";"";"";"";"";"";"";"";"";"";"";"";"";"";"";"";"";"";"";"";"";"";"";"";"";"";"";"";"";"";"";"";"";""
05.01.2023 06:46:21;1672897581000;880f01e687e2572cea04e80fc6a68085;425309;OK;1817;0;0;0;0;-0,01;2,37;0;0;931;879;"";105,085;15,76;412,193;62,37;20,872;0,93;1,334;0,18;14,531;1,93;0,0;10,0;0,0;10,0;0,0;10,0;27,326;12,76;9,02;10,79;0,028;10,0;0,0;10,0;0,0;10,0;0,0;10,0;1,001;22,273;0,54;35,47;3,31;7,023;0,56;6,442;1,17;960,261;1,0;"";"";16,228;2,69;27,861;13,09;"";"";34,614;9,86;53,1;"";"";"";"";"";"";"";"";"";"";"";"";"";"";"";"";"";"";"";"";"";"";"";"";"";"";"";"";"";"";"";"";"";"";"";"";"";"";"";"";"";"";"";"";"";"";"";"";"";"";"";"";"";"";"";"";"";"";"";"";"";"";"";"";""
05.01.2023 06:48:22;1672897702000;880f01e687e2572cea04e80fc6a68085;425430;OK;1813;0;0;0;0;0,01;-5,49;0;0;932;881;"";100,85;15,13;410,268;62,31;20,871;0,93;1,334;0,18;14,63;1,94;0,0;10,0;0,0;10,0;0,0;10,0;22,157;12,33;7,088;10,73;0,003;10,0;0,0;10,0;0,0;10,0;0,0;10,0;1,0;22,271;0,54;35,52;3,31;7,032;0,56;6,46;1,17;960,3189;1,0;"";"";16,311;2,69;27,895;13,1;"";"";33,514;10,95;53,1;"";"";"";"";"";"";"";"";"";"";"";"";"";"";"";"";"";"";"";"";"";"";"";"";"";"";"";"";"";"";"";"";"";"";"";"";"";"";"";"";"";"";"";"";"";"";"";"";"";"";"";"";"";"";"";"";"";"";"";"";"";"";"";"";""
05.01.2023 06:50:22;1672897822000;880f01e687e2572cea04e80fc6a68085;425550;OK;1828;0;0;0;0;0,0;-6,5;0;0;932;880;"";104,698;15,7;411,516;62,35;20,871;0,93;1,334;0,18;14,749;1,94;0,0;10,0;0,0;10,0;0,0;10,0;16,646;11,75;4,807;10,4;0,704;10,0;0,0;10,0;0,0;10,0;0,0;10,0;1,0;22,27;0,54;35,507;3,31;7,029;0,56;6,455;1,17;960,34;1,0;"";"";16,368;2,69;27,739;13,09;"";"";35,028;9,88;57,2;"";"";"";"";"";"";"";"";"";"";"";"";"";"";"";"";"";"";"";"";"";"";"";"";"";"";"";"";"";"";"";"";"";"";"";"";"";"";"";"";"";"";"";"";"";"";"";"";"";"";"";"";"";"";"";"";"";"";"";"";"";"";"";"";""
05.01.2023 06:52:23;1672897943000;880f01e687e2572cea04e80fc6a68085;425670;OK;1833;0;0;0;0;0,04;1,87;0;0;933;881;"";103,41;15,51;413,461;62,4;20,87;0,93;1,334;0,18;14,76;1,94;0,0;10,0;0,0;10,0;0,0;10,0;24,826;12,37;7,574;10,73;0,075;10,0;0,0;10,0;0,0;10,0;0,0;10,0;1,0;22,272;0,54;35,531;3,31;7,034;0,56;6,466;1,17;960,361;1,0;"";"";16,349;2,69;27,973;13,1;"";"";34,982;10,47;53,6;"";"";"";"";"";"";"";"";"";"";"";"";"";"";"";"";"";"";"";"";"";"";"";"";"";"";"";"";"";"";"";"";"";"";"";"";"";"";"";"";"";"";"";"";"";"";"";"";"";"";"";"";"";"";"";"";"";"";"";"";"";"";"";"";""
05.01.2023 06:54:21;1672898061000;880f01e687e2572cea04e80fc6a68085;425790;OK;1818;0;0;0;0;0,01;12,24;0;0;932;881;"";102,963;15,44;414,688;62,44;20,866;0,93;1,334;0,18;14,784;1,94;0,0;10,0;0,0;10,0;0,0;10,0;21,423;12,12;5,465;10,43;0,008;10,0;0,0;10,0;0,0;10,0;0,0;10,0;1,0;22,271;0,54;35,521;3,31;7,032;0,56;6,461;1,17;960,387;1,0;"";"";16,419;2,68;27,963;13,1;"";"";33,377;10,76;53,2;"";"";"";"";"";"";"";"";"";"";"";"";"";"";"";"";"";"";"";"";"";"";"";"";"";"";"";"";"";"";"";"";"";"";"";"";"";"";"";"";"";"";"";"";"";"";"";"";"";"";"";"";"";"";"";"";"";"";"";"";"";"";"";"";""
05.01.2023 06:56:23;1672898183000;880f01e687e2572cea04e80fc6a68085;425911;OK;1831;0;0;0;0;-0,0;7,02;0;0;932;880;"";102,272;15,34;413,627;62,41;20,869;0,93;1,334;0,18;14,662;1,94;0,0;10,0;0,0;10,0;0,0;10,0;15,308;11,56;4,431;10,31;0,001;10,0;0,0;10,0;0,0;10,0;0,0;10,0;1,0;22,27;0,54;35,505;3,31;7,029;0,56;6,454;1,17;960,388;1,0;"";"";16,416;2,68;27,799;13,09;"";"";32,948;11,81;52,7;"";"";"";"";"";"";"";"";"";"";"";"";"";"";"";"";"";"";"";"";"";"";"";"";"";"";"";"";"";"";"";"";"";"";"";"";"";"";"";"";"";"";"";"";"";"";"";"";"";"";"";"";"";"";"";"";"";"";"";"";"";"";"";"";""
05.01.2023 06:58:22;1672898302000;880f01e687e2572cea04e80fc6a68085;426031;OK;1809;0;0;0;0;-0,02;0,1;0;0;932;880;"";103,087;15,46;413,423;62,4;20,87;0,93;1,334;0,18;14,791;1,94;0,0;10,0;0,0;10,0;0,0;10,0;21,762;12,23;6,424;10,58;0,0;10,0;0,0;10,0;0,0;10,0;0,0;10,0;1,0;22,269;0,54;35,508;3,31;7,029;0,56;6,454;1,17;960,3629;1,0;"";"";16,36;2,69;27,783;13,09;"";"";32,416;12,11;53,9;"";"";"";"";"";"";"";"";"";"";"";"";"";"";"";"";"";"";"";"";"";"";"";"";"";"";"";"";"";"";"";"";"";"";"";"";"";"";"";"";"";"";"";"";"";"";"";"";"";"";"";"";"";"";"";"";"";"";"";"";"";"";"";"";""
05.01.2023 07:00:23;1672898423000;880f01e687e2572cea04e80fc6a68085;426151;OK;1814;0;0;0;0;-0,02;-6,81;0;0;931;880;"";105,66;15,85;412,419;62,37;20,869;0,93;1,334;0,18;14,788;1,94;0,0;10,0;0,0;10,0;0,0;10,0;18,356;12,01;4,93;10,49;0,0;10,0;0,0;10,0;0,0;10,0;0,0;10,0;1,0;22,268;0,54;35,478;3,31;7,022;0,56;6,441;1,17;960,365;1,0;"";"";16,416;2,68;27,692;13,08;"";"";34,866;9,93;53,8;"";"";"";"";"";"";"";"";"";"";"";"";"";"";"";"";"";"";"";"";"";"";"";"";"";"";"";"";"";"";"";"";"";"";"";"";"";"";"";"";"";"";"";"";"";"";"";"";"";"";"";"";"";"";"";"";"";"";"";"";"";"";"";"";""
05.01.2023 07:02:25;1672898545000;880f01e687e2572cea04e80fc6a68085;426273;OK;1820;0;0;0;0;0,0;-5,57;0;0;932;880;"";104,436;15,67;412,255;62,37;20,87;0,93;1,334;0,18;14,82;1,95;0,0;10,0;0,0;10,0;0,0;10,0;13,172;11,46;4,235;10,38;0,741;10,0;0,126;10,0;0,126;10,0;0,0;10,0;1,0;22,267;0,54;35,501;3,31;7,026;0,56;6,449;1,17;960,2949;1,0;"";"";16,46;2,68;27,621;13,08;"";"";34,566;10,72;56,6;"";"";"";"";"";"";"";"";"";"";"";"";"";"";"";"";"";"";"";"";"";"";"";"";"";"";"";"";"";"";"";"";"";"";"";"";"";"";"";"";"";"";"";"";"";"";"";"";"";"";"";"";"";"";"";"";"";"";"";"";"";"";"";"";""
05.01.2023 07:04:24;1672898664000;880f01e687e2572cea04e80fc6a68085;426393;OK;1813;0;0;0;0;0,02;2,84;0;0;933;881;"";103,762;15,56;414,921;62,45;20,87;0,93;1,335;0,18;14,848;1,95;0,0;10,0;0,0;10,0;0,0;10,0;21,352;12,28;7,101;10,76;0,079;10,0;0,013;10,0;0,013;10,0;0,0;10,0;1,0;22,266;0,54;35,536;3,31;7,033;0,56;6,463;1,17;960,3319;1,0;"";"";16,535;2,68;27,586;13,08;"";"";33,136;11,65;53,3;"";"";"";"";"";"";"";"";"";"";"";"";"";"";"";"";"";"";"";"";"";"";"";"";"";"";"";"";"";"";"";"";"";"";"";"";"";"";"";"";"";"";"";"";"";"";"";"";"";"";"";"";"";"";"";"";"";"";"";"";"";"";"";"";""
05.01.2023 07:06:26;1672898786000;880f01e687e2572cea04e80fc6a68085;426514;OK;1818;0;0;0;0;0,02;10,32;0;0;932;881;"";102,967;15,44;415,233;62,46;20,869;0,93;1,334;0,18;14,828;1,95;0,0;10,0;0,0;10,0;0,0;10,0;25,849;12,66;8,313;10,83;0,008;10,0;0,001;10,0;0,001;10,0;0,0;10,0;1,0;22,265;0,54;35,524;3,31;7,03;0,56;6,457;1,17;960,3909;1,0;"";"";16,471;2,68;27,566;13,08;"";"";33,911;10,9;54,2;"";"";"";"";"";"";"";"";"";"";"";"";"";"";"";"";"";"";"";"";"";"";"";"";"";"";"";"";"";"";"";"";"";"";"";"";"";"";"";"";"";"";"";"";"";"";"";"";"";"";"";"";"";"";"";"";"";"";"";"";"";"";"";"";""
05.01.2023 07:08:26;1672898906000;880f01e687e2572cea04e80fc6a68085;426634;OK;1811;0;0;0;0;0,0;7,64;0;0;933;881;"";101,962;15,29;414,522;62,44;20,869;0,93;1,334;0,18;14,819;1,95;0,0;10,0;0,0;10,0;0,0;10,0;14,577;11,56;4,352;10,4;0,001;10,0;0,0;10,0;0,0;10,0;0,0;10,0;1,0;22,265;0,54;35,53;3,31;7,031;0,56;6,46;1,17;960,398;1,0;"";"";16,567;2,68;27,726;13,09;"";"";32,868;11,05;52,3;"";"";"";"";"";"";"";"";"";"";"";"";"";"";"";"";"";"";"";"";"";"";"";"";"";"";"";"";"";"";"";"";"";"";"";"";"";"";"";"";"";"";"";"";"";"";"";"";"";"";"";"";"";"";"";"";"";"";"";"";"";"";"";"";""
05.01.2023 07:10:25;1672899025000;880f01e687e2572cea04e80fc6a68085;426754;OK;1810;0;0;0;0;0,0;-5,63;0;0;933;881;"";102,632;15,39;412,286;62,37;20,868;0,93;1,334;0,18;14,868;1,95;0,0;10,0;0,0;10,0;0,0;10,0;22,994;12,42;6,466;10,61;0,0;10,0;0,0;10,0;0,0;10,0;0,0;10,0;1,0;22,264;0,54;35,537;3,31;7,032;0,56;6,461;1,17;960,448;1,0;"";"";16,459;2,68;27,611;13,08;"";"";33,713;11,35;57,2;"";"";"";"";"";"";"";"";"";"";"";"";"";"";"";"";"";"";"";"";"";"";"";"";"";"";"";"";"";"";"";"";"";"";"";"";"";"";"";"";"";"";"";"";"";"";"";"";"";"";"";"";"";"";"";"";"";"";"";"";"";"";"";"";""
05.01.2023 07:12:27;1672899147000;880f01e687e2572cea04e80fc6a68085;426875;OK;1831;0;0;0;0;0,01;-6,43;0;0;933;881;"";104,417;15,66;412,431;62,37;20,866;0,93;1,333;0,18;14,896;1,95;0,0;10,0;0,0;10,0;0,0;10,0;23,607;12,54;7,279;10,75;0,0;10,0;0,0;10,0;0,0;10,0;0,0;10,0;1,0;22,265;0,54;35,542;3,31;7,034;0,56;6,464;1,17;960,506;1,0;"";"";16,492;2,68;27,622;13,08;"";"";33,149;11,73;54,2;"";"";"";"";"";"";"";"";"";"";"";"";"";"";"";"";"";"";"";"";"";"";"";"";"";"";"";"";"";"";"";"";"";"";"";"";"";"";"";"";"";"";"";"";"";"";"";"";"";"";"";"";"";"";"";"";"";"";"";"";"";"";"";"";""
05.01.2023 07:14:26;1672899266000;880f01e687e2572cea04e80fc6a68085;426994;OK;1827;0;0;0;0;0,01;-0,86;0;0;933;881;"";105,446;15,82;413,615;62,41;20,865;0,93;1,333;0,18;14,837;1,95;0,0;10,0;0,0;10,0;0,0;10,0;16,94;11,84;5,393;10,59;0,0;10,0;0,0;10,0;0,0;10,0;0,0;10,0;1,0;22,265;0,54;35,545;3,31;7,034;0,56;6,466;1,17;960,5599;1,0;"";"";16,479;2,68;27,501;13,08;"";"";33,911;11,21;52,3;"";"";"";"";"";"";"";"";"";"";"";"";"";"";"";"";"";"";"";"";"";"";"";"";"";"";"";"";"";"";"";"";"";"";"";"";"";"";"";"";"";"";"";"";"";"";"";"";"";"";"";"";"";"";"";"";"";"";"";"";"";"";"";"";""
05.01.2023 07:16:27;1672899387000;880f01e687e2572cea04e80fc6a68085;427116;OK;1811;0;0;0;0;0,0;-1,01;0;0;933;881;"";103,41;15,51;411,34;62,34;20,865;0,93;1,333;0,18;14,87;1,95;0,0;10,0;0,0;10,0;0,0;10,0;12,373;11,37;3,568;10,31;0,0;10,0;0,0;10,0;0,0;10,0;0,0;10,0;1,0;22,262;0,54;35,548;3,31;7,034;0,56;6,464;1,17;960,5689;1,0;"";"";16,538;2,68;27,734;13,09;"";"";33,128;11,73;55,6;"";"";"";"";"";"";"";"";"";"";"";"";"";"";"";"";"";"";"";"";"";"";"";"";"";"";"";"";"";"";"";"";"";"";"";"";"";"";"";"";"";"";"";"";"";"";"";"";"";"";"";"";"";"";"";"";"";"";"";"";"";"";"";"";""
05.01.2023 07:18:28;1672899508000;880f01e687e2572cea04e80fc6a68085;427236;OK;1829;0;0;0;0;-0,0;-5,63;0;0;933;882;"";105,42;15,81;411,171;62,34;20,867;0,93;1,333;0,18;14,876;1,95;0,0;10,0;0,0;10,0;0,0;10,0;24,547;12,56;5,481;10,42;0,468;10,0;0,468;10,0;0,468;10,0;0,0;10,0;1,0;22,261;0,54;35,547;3,31;7,033;0,56;6,463;1,17;960,577;1,0;"";"";16,529;2,68;27,927;13,1;"";"";33,573;11,33;53,3;"";"";"";"";"";"";"";"";"";"";"";"";"";"";"";"";"";"";"";"";"";"";"";"";"";"";"";"";"";"";"";"";"";"";"";"";"";"";"";"";"";"";"";"";"";"";"";"";"";"";"";"";"";"";"";"";"";"";"";"";"";"";"";"";""
05.01.2023 07:20:28;1672899628000;880f01e687e2572cea04e80fc6a68085;427356;OK;1829;0;0;0;0;-0,0;-2,3;0;0;933;882;"";104,391;15,66;413,756;62,41;20,865;0,93;1,334;0,18;14,823;1,95;0,0;10,0;0,0;10,0;0,0;10,0;19,723;12,16;6,115;10,67;0,096;10,0;0,096;10,0;0,096;10,0;0,0;10,0;1,0;22,261;0,54;35,548;3,31;7,034;0,56;6,464;1,17;960,563;1,0;"";"";16,601;2,68;28,106;13,11;"";"";34,197;11,27;64,2;"";"";"";"";"";"";"";"";"";"";"";"";"";"";"";"";"";"";"";"";"";"";"";"";"";"";"";"";"";"";"";"";"";"";"";"";"";"";"";"";"";"";"";"";"";"";"";"";"";"";"";"";"";"";"";"";"";"";"";"";"";"";"";"";""
05.01.2023 07:22:29;1672899749000;880f01e687e2572cea04e80fc6a68085;427477;OK;1823;0;0;0;0;-0,0;5,97;0;0;933;881;"";105,044;15,76;413,241;62,4;20,866;0,93;1,334;0,18;14,819;1,95;0,0;10,0;0,0;10,0;0,0;10,0;33,713;13,33;10,637;11,06;0,01;10,0;0,01;10,0;0,01;10,0;0,0;10,0;1,0;22,262;0,54;35,545;3,31;7,033;0,56;6,463;1,17;960,5689;1,0;"";"";16,631;2,67;27,918;13,1;"";"";32,953;12,19;54,4;"";"";"";"";"";"";"";"";"";"";"";"";"";"";"";"";"";"";"";"";"";"";"";"";"";"";"";"";"";"";"";"";"";"";"";"";"";"";"";"";"";"";"";"";"";"";"";"";"";"";"";"";"";"";"";"";"";"";"";"";"";"";"";"";""
05.01.2023 07:24:29;1672899869000;880f01e687e2572cea04e80fc6a68085;427597;OK;1819;0;0;0;0;-0,0;4,09;0;0;933;882;"";102,76;15,41;412,75;62,38;20,867;0,93;1,334;0,18;14,925;1,95;0,0;10,0;0,0;10,0;0,0;10,0;20,137;12,07;6,323;10,62;0,001;10,0;0,001;10,0;0,001;10,0;0,0;10,0;1,0;22,259;0,54;35,548;3,31;7,032;0,56;6,461;1,17;960,571;1,0;"";"";16,524;2,68;27,546;13,08;"";"";33,162;11,68;53,7;"";"";"";"";"";"";"";"";"";"";"";"";"";"";"";"";"";"";"";"";"";"";"";"";"";"";"";"";"";"";"";"";"";"";"";"";"";"";"";"";"";"";"";"";"";"";"";"";"";"";"";"";"";"";"";"";"";"";"";"";"";"";"";"";""
05.01.2023 07:26:29;1672899989000;880f01e687e2572cea04e80fc6a68085;427717;OK;1822;0;0;0;0;-0,0;-0,58;0;0;933;882;"";106,634;16,0;412,412;62,37;20,869;0,93;1,335;0,18;14,98;1,95;0,0;10,0;0,0;10,0;0,0;10,0;11,36;11,18;2,947;10,24;0,0;10,0;0,0;10,0;0,0;10,0;0,0;10,0;1,0;22,26;0,54;35,548;3,31;7,033;0,56;6,463;1,17;960,578;1,0;"";"";16,549;2,68;27,515;13,08;"";"";34,192;10,4;55,3;"";"";"";"";"";"";"";"";"";"";"";"";"";"";"";"";"";"";"";"";"";"";"";"";"";"";"";"";"";"";"";"";"";"";"";"";"";"";"";"";"";"";"";"";"";"";"";"";"";"";"";"";"";"";"";"";"";"";"";"";"";"";"";"";""
05.01.2023 07:28:29;1672900109000;880f01e687e2572cea04e80fc6a68085;427837;OK;1821;0;0;0;0;0,0;-2,03;0;0;933;882;"";104,683;15,7;412,776;62,38;20,865;0,93;1,335;0,18;14,86;1,95;0,0;10,0;0,0;10,0;0,0;10,0;34,142;13,43;9,86;10,95;0,0;10,0;0,0;10,0;0,0;10,0;0,0;10,0;1,0;22,26;0,54;35,548;3,31;7,033;0,56;6,463;1,17;960,573;1,0;"";"";16,554;2,68;27,192;13,06;"";"";32,542;11,53;52,3;"";"";"";"";"";"";"";"";"";"";"";"";"";"";"";"";"";"";"";"";"";"";"";"";"";"";"";"";"";"";"";"";"";"";"";"";"";"";"";"";"";"";"";"";"";"";"";"";"";"";"";"";"";"";"";"";"";"";"";"";"";"";"";"";""
05.01.2023 07:30:29;1672900229000;880f01e687e2572cea04e80fc6a68085;427957;OK;1825;0;0;0;0;-0,0;3,38;0;0;933;882;"";104,748;15,71;414,656;62,44;20,864;0,93;1,335;0,18;14,884;1,95;0,0;10,0;0,0;10,0;0,0;10,0;12,594;11,34;3,75;10,27;0,0;10,0;0,0;10,0;0,0;10,0;0,0;10,0;1,0;22,257;0,54;35,548;3,31;7,032;0,56;6,46;1,17;960,606;1,0;"";"";16,636;2,67;27,046;13,05;"";"";32,8;11,23;53,1;"";"";"";"";"";"";"";"";"";"";"";"";"";"";"";"";"";"";"";"";"";"";"";"";"";"";"";"";"";"";"";"";"";"";"";"";"";"";"";"";"";"";"";"";"";"";"";"";"";"";"";"";"";"";"";"";"";"";"";"";"";"";"";"";""
05.01.2023 07:32:29;1672900349000;880f01e687e2572cea04e80fc6a68085;428078;OK;1821;0;0;0;0;-0,01;6,77;0;0;933;882;"";103,77;15,57;415,075;62,45;20,87;0,93;1,336;0,18;14,986;1,96;0,0;10,0;0,0;10,0;0,0;10,0;22,245;12,34;6,124;10,62;0,0;10,0;0,0;10,0;0,0;10,0;0,0;10,0;1,0;22,256;0,54;35,549;3,31;7,031;0,56;6,459;1,17;960,5989;1,0;"";"";16,62;2,68;27,034;13,05;"";"";32,687;11,85;55,9;"";"";"";"";"";"";"";"";"";"";"";"";"";"";"";"";"";"";"";"";"";"";"";"";"";"";"";"";"";"";"";"";"";"";"";"";"";"";"";"";"";"";"";"";"";"";"";"";"";"";"";"";"";"";"";"";"";"";"";"";"";"";"";"";""
05.01.2023 07:34:30;1672900470000;880f01e687e2572cea04e80fc6a68085;428198;OK;1813;0;0;0;0;-0,01;1,39;0;0;933;882;"";105,605;15,84;413,06;62,39;20,873;0,93;1,335;0,18;14,901;1,95;0,0;10,0;0,0;10,0;0,0;10,0;35,854;13,53;10,339;10,96;0,0;10,0;0,0;10,0;0,0;10,0;0,0;10,0;1,0;22,252;0,54;35,549;3,31;7,03;0,56;6,455;1,17;960,651;1,0;"";"";16,646;2,67;27,229;13,06;"";"";33,147;11,84;55,1;"";"";"";"";"";"";"";"";"";"";"";"";"";"";"";"";"";"";"";"";"";"";"";"";"";"";"";"";"";"";"";"";"";"";"";"";"";"";"";"";"";"";"";"";"";"";"";"";"";"";"";"";"";"";"";"";"";"";"";"";"";"";"";"";""
05.01.2023 07:36:31;1672900591000;880f01e687e2572cea04e80fc6a68085;428319;OK;1849;0;0;0;0;-0,01;-4,44;0;0;933;882;"";101,844;15,28;413,406;62,4;20,868;0,93;1,336;0,18;14,889;1,95;0,0;10,0;0,0;10,0;0,0;10,0;33,091;13,28;9,672;11,01;0,0;10,0;0,0;10,0;0,0;10,0;0,0;10,0;1,0;22,247;0,54;35,549;3,31;7,028;0,56;6,452;1,17;960,666;1,0;"";"";16,609;2,68;27,381;13,07;"";"";33,514;11,82;53,1;"";"";"";"";"";"";"";"";"";"";"";"";"";"";"";"";"";"";"";"";"";"";"";"";"";"";"";"";"";"";"";"";"";"";"";"";"";"";"";"";"";"";"";"";"";"";"";"";"";"";"";"";"";"";"";"";"";"";"";"";"";"";"";"";""
05.01.2023 07:38:31;1672900711000;880f01e687e2572cea04e80fc6a68085;428440;OK;1819;0;0;0;0;-0,01;-11,26;0;0;933;882;"";102,456;15,37;410,353;62,31;20,865;0,93;1,336;0,18;14,895;1,95;0,0;10,0;0,0;10,0;0,0;10,0;11,272;11,17;3,613;10,36;0,0;10,0;0,0;10,0;0,0;10,0;0,0;10,0;1,0;22,247;0,54;35,549;3,31;7,028;0,56;6,452;1,17;960,675;1,0;"";"";16,533;2,68;27,417;13,07;"";"";31,545;12,29;53,1;"";"";"";"";"";"";"";"";"";"";"";"";"";"";"";"";"";"";"";"";"";"";"";"";"";"";"";"";"";"";"";"";"";"";"";"";"";"";"";"";"";"";"";"";"";"";"";"";"";"";"";"";"";"";"";"";"";"";"";"";"";"";"";"";""
05.01.2023 07:40:32;1672900832000;880f01e687e2572cea04e80fc6a68085;428560;OK;1827;0;0;0;0;0,0;-1,09;0;0;933;882;"";108,392;16,26;413,859;62,42;20,869;0,93;1,337;0,18;14,931;1,95;0,0;10,0;0,0;10,0;0,0;10,0;26,675;12,76;7,815;10,68;0,443;10,0;0,0;10,0;0,0;10,0;0,0;10,0;1,0;22,253;0,54;35,549;3,31;7,03;0,56;6,456;1,17;960,701;1,0;"";"";16,614;2,68;27,65;13,09;"";"";32,177;11,91;52,6;"";"";"";"";"";"";"";"";"";"";"";"";"";"";"";"";"";"";"";"";"";"";"";"";"";"";"";"";"";"";"";"";"";"";"";"";"";"";"";"";"";"";"";"";"";"";"";"";"";"";"";"";"";"";"";"";"";"";"";"";"";"";"";"";""
05.01.2023 07:42:32;1672900952000;880f01e687e2572cea04e80fc6a68085;428680;OK;1825;0;0;0;0;0,01;1,05;0;0;933;882;"";111,582;16,74;412,865;62,39;20,871;0,93;1,336;0,18;14,859;1,95;0,0;10,0;0,0;10,0;0,0;10,0;30,933;13,17;7,929;10,75;0,591;10,0;0,0;10,0;0,0;10,0;0,0;10,0;1,0;22,257;0,54;35,548;3,31;7,032;0,56;6,46;1,17;960,699;1,0;"";"";16,603;2,68;27,922;13,1;"";"";32,287;12,21;53,3;"";"";"";"";"";"";"";"";"";"";"";"";"";"";"";"";"";"";"";"";"";"";"";"";"";"";"";"";"";"";"";"";"";"";"";"";"";"";"";"";"";"";"";"";"";"";"";"";"";"";"";"";"";"";"";"";"";"";"";"";"";"";"";"";""
05.01.2023 07:44:33;1672901073000;880f01e687e2572cea04e80fc6a68085;428801;OK;1823;0;0;0;0;0,01;3,24;0;0;933;882;"";109,602;16,44;412,468;62,37;20,869;0,93;1,337;0,18;14,732;1,94;0,0;10,0;0,0;10,0;0,0;10,0;21,985;12,35;6,072;10,63;0,063;10,0;0,0;10,0;0,0;10,0;0,0;10,0;1,0;22,259;0,54;35,548;3,31;7,033;0,56;6,462;1,17;960,718;1,0;"";"";16,699;2,67;27,843;13,1;"";"";31,118;13,21;52,7;"";"";"";"";"";"";"";"";"";"";"";"";"";"";"";"";"";"";"";"";"";"";"";"";"";"";"";"";"";"";"";"";"";"";"";"";"";"";"";"";"";"";"";"";"";"";"";"";"";"";"";"";"";"";"";"";"";"";"";"";"";"";"";"";""
05.01.2023 07:46:33;1672901193000;880f01e687e2572cea04e80fc6a68085;428922;OK;1817;0;0;0;0;0,01;-0,84;0;0;933;882;"";105,705;15,86;413,401;62,4;20,871;0,93;1,337;0,18;14,651;1,94;0,0;10,0;0,0;10,0;0,0;10,0;25,33;12,73;8,108;10,82;0,007;10,0;0,0;10,0;0,0;10,0;0,0;10,0;1,0;22,259;0,54;35,548;3,31;7,033;0,56;6,462;1,17;960,762;1,0;"";"";16,726;2,67;27,997;13,1;"";"";32,817;12,14;52,9;"";"";"";"";"";"";"";"";"";"";"";"";"";"";"";"";"";"";"";"";"";"";"";"";"";"";"";"";"";"";"";"";"";"";"";"";"";"";"";"";"";"";"";"";"";"";"";"";"";"";"";"";"";"";"";"";"";"";"";"";"";"";"";"";""
05.01.2023 07:48:33;1672901313000;880f01e687e2572cea04e80fc6a68085;429042;OK;1815;0;0;0;0;0,0;-1,55;0;0;933;882;"";104,058;15,61;412,006;62,36;20,871;0,93;1,337;0,18;14,757;1,94;0,0;10,0;0,0;10,0;0,0;10,0;11,448;11,25;3,584;10,42;0,001;10,0;0,0;10,0;0,0;10,0;0,0;10,0;1,0;22,26;0,54;35,548;3,31;7,033;0,56;6,462;1,17;960,777;1,0;"";"";16,731;2,67;27,65;13,09;"";"";32,27;11,69;53,8;"";"";"";"";"";"";"";"";"";"";"";"";"";"";"";"";"";"";"";"";"";"";"";"";"";"";"";"";"";"";"";"";"";"";"";"";"";"";"";"";"";"";"";"";"";"";"";"";"";"";"";"";"";"";"";"";"";"";"";"";"";"";"";"";""
05.01.2023 07:50:34;1672901434000;880f01e687e2572cea04e80fc6a68085;429162;OK;1814;0;0;0;0;0,0;-0,27;0;0;933;881;"";106,385;15,96;412,898;62,39;20,871;0,93;1,338;0,18;14,825;1,95;0,0;10,0;0,0;10,0;0,0;10,0;17,19;11,91;5,324;10,56;0,0;10,0;0,0;10,0;0,0;10,0;0,0;10,0;1,0;22,263;0,54;35,548;3,31;7,034;0,56;6,465;1,17;960,778;1,0;"";"";16,75;2,67;27,643;13,09;"";"";32,822;11,18;52,9;"";"";"";"";"";"";"";"";"";"";"";"";"";"";"";"";"";"";"";"";"";"";"";"";"";"";"";"";"";"";"";"";"";"";"";"";"";"";"";"";"";"";"";"";"";"";"";"";"";"";"";"";"";"";"";"";"";"";"";"";"";"";"";"";""
05.01.2023 07:52:35;1672901555000;880f01e687e2572cea04e80fc6a68085;429283;OK;1845;0;0;0;0;0,01;-4,91;0;0;933;881;"";106,866;16,03;412,01;62,36;20,869;0,93;1,338;0,18;14,794;1,95;0,0;10,0;0,0;10,0;0,0;10,0;26,056;12,79;6,841;10,73;0,4;10,0;0,0;10,0;0,0;10,0;0,0;10,0;1,0;22,264;0,54;35,55;3,31;7,035;0,56;6,467;1,17;960,8109;1,0;"";"";16,862;2,66;27,793;13,1;"";"";33,782;11,44;54,4;"";"";"";"";"";"";"";"";"";"";"";"";"";"";"";"";"";"";"";"";"";"";"";"";"";"";"";"";"";"";"";"";"";"";"";"";"";"";"";"";"";"";"";"";"";"";"";"";"";"";"";"";"";"";"";"";"";"";"";"";"";"";"";"";""
05.01.2023 07:54:35;1672901675000;880f01e687e2572cea04e80fc6a68085;429403;OK;1820;0;0;0;0;0,0;1,41;0;0;933;881;"";105,551;15,83;413,46;62,4;20,87;0,93;1,338;0,18;14,807;1,95;0,0;10,0;0,0;10,0;0,0;10,0;24,309;12,56;6,773;10,67;0,043;10,0;0,0;10,0;0,0;10,0;0,0;10,0;1,0;22,263;0,54;35,548;3,31;7,034;0,56;6,465;1,17;960,835;1,0;"";"";16,948;2,66;27,414;13,08;"";"";34,02;11,21;53,6;"";"";"";"";"";"";"";"";"";"";"";"";"";"";"";"";"";"";"";"";"";"";"";"";"";"";"";"";"";"";"";"";"";"";"";"";"";"";"";"";"";"";"";"";"";"";"";"";"";"";"";"";"";"";"";"";"";"";"";"";"";"";"";"";""
05.01.2023 07:56:35;1672901795000;880f01e687e2572cea04e80fc6a68085;429524;OK;1819;0;0;0;0;-0,0;0,8;0;0;933;882;"";101,536;15,23;412,115;62,36;20,87;0,93;1,338;0,18;14,616;1,94;0,0;10,0;0,0;10,0;0,09700001;10,0;16,088;11,75;4,762;10,56;0,442;10,0;0,438;10,0;0,438;10,0;0,0;10,0;1,877;22,262;0,54;35,548;3,31;7,034;0,56;6,464;1,17;960,81;1,0;"";"";16,854;2,66;27,137;13,06;"";"";34,16;10,3;66,4;"";"";"";"";"";"";"";"";"";"";"";"";"";"";"";"";"";"";"";"";"";"";"";"";"";"";"";"";"";"";"";"";"";"";"";"";"";"";"";"";"";"";"";"";"";"";"";"";"";"";"";"";"";"";"";"";"";"";"";"";"";"";"";"";""
05.01.2023 07:58:36;1672901916000;880f01e687e2572cea04e80fc6a68085;429644;OK;1833;0;0;0;0;-0,0;5,25;0;0;933;882;"";101,198;15,18;413,88;62,42;20,87;0,93;1,338;0,18;14,585;1,93;0,0;10,0;0,0;10,0;0,01;10,0;18,61;11,99;4,483;10,44;0,323;10,0;0,047;10,0;0,047;10,0;0,0;10,0;1,094;22,26;0,54;35,558;3,31;7,035;0,56;6,466;1,17;960,841;1,0;"";"";16,862;2,66;26,943;13,05;"";"";32,887;11,62;53,1;"";"";"";"";"";"";"";"";"";"";"";"";"";"";"";"";"";"";"";"";"";"";"";"";"";"";"";"";"";"";"";"";"";"";"";"";"";"";"";"";"";"";"";"";"";"";"";"";"";"";"";"";"";"";"";"";"";"";"";"";"";"";"";"";""
05.01.2023 08:00:37;1672902037000;880f01e687e2572cea04e80fc6a68085;429765;OK;1828;0;0;0;0;0,03;0,81;0;0;934;883;"";104,159;15,62;413,444;62,4;20,869;0,93;1,338;0,18;14,568;1,93;0,0;10,0;0,0;10,0;0,095;10,0;26,671;12,72;7,065;10,79;0,328;10,04;0,14;10,0;0,14;10,0;0,0;10,0;1,855;22,262;0,54;35,615;3,31;7,047;0,56;6,492;1,16;960,889;1,0;"";"";16,861;2,66;26,796;13,04;"";"";32,352;11,85;52,3;"";"";"";"";"";"";"";"";"";"";"";"";"";"";"";"";"";"";"";"";"";"";"";"";"";"";"";"";"";"";"";"";"";"";"";"";"";"";"";"";"";"";"";"";"";"";"";"";"";"";"";"";"";"";"";"";"";"";"";"";"";"";"";"";""
05.01.2023 08:02:37;1672902157000;880f01e687e2572cea04e80fc6a68085;429886;OK;1809;0;0;0;0;0,03;6,2;0;0;934;882;"";105,307;15,8;415,376;62,46;20,868;0,93;1,338;0,18;14,576;1,93;0,0;10,0;0,0;10,0;0,01;10,0;26,036;12,67;7,678;10,69;0,035;10,0;0,015;10,0;0,015;10,0;0,0;10,0;1,091;22,264;0,54;35,59;3,31;7,043;0,56;6,483;1,16;960,917;1,0;"";"";16,874;2,66;26,899;13,05;"";"";35,034;10,02;56,8;"";"";"";"";"";"";"";"";"";"";"";"";"";"";"";"";"";"";"";"";"";"";"";"";"";"";"";"";"";"";"";"";"";"";"";"";"";"";"";"";"";"";"";"";"";"";"";"";"";"";"";"";"";"";"";"";"";"";"";"";"";"";"";"";""
05.01.2023 08:04:37;1672902277000;880f01e687e2572cea04e80fc6a68085;430006;OK;1826;0;0;0;0;0,0;8,2;0;0;933;882;"";106,883;16,03;416,053;62,48;20,866;0,93;1,339;0,18;14,518;1,93;0,0;10,0;0,0;10,0;0,001;10,0;15,493;11,68;4,215;10,51;0,004;10,0;0,002;10,0;0,002;10,0;0,0;10,0;1,01;22,261;0,54;35,567;3,31;7,037;0,56;6,471;1,17;960,957;1,0;"";"";16,847;2,67;26,89;13,05;"";"";33,629;10,99;53,4;"";"";"";"";"";"";"";"";"";"";"";"";"";"";"";"";"";"";"";"";"";"";"";"";"";"";"";"";"";"";"";"";"";"";"";"";"";"";"";"";"";"";"";"";"";"";"";"";"";"";"";"";"";"";"";"";"";"";"";"";"";"";"";"";""
05.01.2023 08:06:39;1672902399000;880f01e687e2572cea04e80fc6a68085;430127;OK;1809;0;0;0;0;-0,03;7,34;0;0;933;882;"";107,522;16,13;415,507;62,47;20,864;0,93;1,339;0,18;14,468;1,93;0,0;10,0;0,0;10,0;0,0;10,0;28,185;12,89;8,022;10,75;0,0;10,0;0,0;10,0;0,0;10,0;0,0;10,0;1,001;22,26;0,54;35,554;3,31;7,034;0,56;6,465;1,17;960,909;1,0;"";"";16,79;2,67;26,83;13,05;"";"";33,702;11,73;53,2;"";"";"";"";"";"";"";"";"";"";"";"";"";"";"";"";"";"";"";"";"";"";"";"";"";"";"";"";"";"";"";"";"";"";"";"";"";"";"";"";"";"";"";"";"";"";"";"";"";"";"";"";"";"";"";"";"";"";"";"";"";"";"";"";""
05.01.2023 08:08:39;1672902519000;880f01e687e2572cea04e80fc6a68085;430247;OK;1810;0;0;0;0;-0,01;-6,31;0;0;933;882;"";106,303;15,95;413,473;62,4;20,867;0,93;1,34;0,19;14,576;1,93;0,0;10,0;0,0;10,0;0,0;10,0;27,503;12,91;7,693;10,8;0,0;10,0;0,0;10,0;0,0;10,0;0,0;10,0;1,0;22,262;0,54;35,57;3,31;7,038;0,56;6,473;1,17;960,9039;1,0;"";"";16,757;2,67;26,991;13,05;"";"";34,594;9,98;54,5;"";"";"";"";"";"";"";"";"";"";"";"";"";"";"";"";"";"";"";"";"";"";"";"";"";"";"";"";"";"";"";"";"";"";"";"";"";"";"";"";"";"";"";"";"";"";"";"";"";"";"";"";"";"";"";"";"";"";"";"";"";"";"";"";""
05.01.2023 08:10:38;1672902638000;880f01e687e2572cea04e80fc6a68085;430367;OK;1820;0;0;0;0;0,02;-9,22;0;0;934;883;"";108,581;16,29;413,214;62,4;20,868;0,93;1,34;0,19;14,51;1,93;0,0;10,0;0,0;10,0;0,335;10,0;29,004;13,03;8,86;10,89;1,032;10,0;1,032;10,0;1,032;10,0;0,135;10,0;3,528;22,261;0,54;35,619;3,31;7,047;0,56;6,492;1,16;960,87;1,0;"";"";16,795;2,67;26,828;13,05;"";"";33,14;11,01;54,2;"";"";"";"";"";"";"";"";"";"";"";"";"";"";"";"";"";"";"";"";"";"";"";"";"";"";"";"";"";"";"";"";"";"";"";"";"";"";"";"";"";"";"";"";"";"";"";"";"";"";"";"";"";"";"";"";"";"";"";"";"";"";"";"";""
05.01.2023 08:12:39;1672902759000;880f01e687e2572cea04e80fc6a68085;430486;OK;1843;0;0;0;0;0,04;-6,24;0;0;934;883;"";106,702;16,01;413,039;62,39;20,868;0,93;1,339;0,19;14,597;1,94;0,0;10,0;0,0;10,0;0,041;10,0;32,831;13,24;10,651;11,03;0,404;10,0;0,404;10,0;0,404;10,0;0,015;10,0;1,318;22,26;0,54;35,6;3,31;7,043;0,56;6,484;1,16;960,857;1,0;"";"";16,913;2,66;26,886;13,05;"";"";34,775;10,11;52,0;"";"";"";"";"";"";"";"";"";"";"";"";"";"";"";"";"";"";"";"";"";"";"";"";"";"";"";"";"";"";"";"";"";"";"";"";"";"";"";"";"";"";"";"";"";"";"";"";"";"";"";"";"";"";"";"";"";"";"";"";"";"";"";"";""
05.01.2023 08:14:39;1672902879000;880f01e687e2572cea04e80fc6a68085;430607;OK;1822;0;0;0;0;-0,0;-4,5;0;0;934;882;"";107,087;16,06;411,314;62,34;20,867;0,93;1,339;0,19;14,566;1,93;0,0;10,0;0,0;10,0;0,004;10,0;30,606;13,15;8,39;10,79;0,115;10,0;0,115;10,0;0,115;10,0;0,002;10,0;1,034;22,259;0,54;35,58;3,31;7,039;0,56;6,474;1,17;960,947;1,0;"";"";16,879;2,66;26,405;13,02;"";"";34,26;10,8;52,5;"";"";"";"";"";"";"";"";"";"";"";"";"";"";"";"";"";"";"";"";"";"";"";"";"";"";"";"";"";"";"";"";"";"";"";"";"";"";"";"";"";"";"";"";"";"";"";"";"";"";"";"";"";"";"";"";"";"";"";"";"";"";"";"";""
05.01.2023 08:16:39;1672902999000;880f01e687e2572cea04e80fc6a68085;430727;OK;1815;0;0;0;0;0,02;-5,12;0;0;935;884;"";103,251;15,49;412,368;62,37;20,866;0,93;1,339;0,19;14,668;1,94;0,0;10,0;0,0;10,0;0,175;10,0;13,394;11,46;3,959;10,33;0,27;10,0;0,27;10,0;0,27;10,0;0,258;10,0;2,574;22,258;0,54;35,656;3,31;7,054;0,56;6,505;1,16;960,927;1,0;"";"";16,99;2,66;26,352;13,02;"";"";34,123;10,95;52,9;"";"";"";"";"";"";"";"";"";"";"";"";"";"";"";"";"";"";"";"";"";"";"";"";"";"";"";"";"";"";"";"";"";"";"";"";"";"";"";"";"";"";"";"";"";"";"";"";"";"";"";"";"";"";"";"";"";"";"";"";"";"";"";"";""
05.01.2023 08:18:41;1672903121000;880f01e687e2572cea04e80fc6a68085;430849;OK;1808;0;0;0;0;0,04;3,82;0;0;935;884;"";103,221;15,48;414,372;62,43;20,867;0,93;1,34;0,19;14,698;1,94;0,0;10,0;0,0;10,0;0,018;10,0;21,229;12,34;5,457;10,65;0,028;10,0;0,028;10,0;0,028;10,0;0,027;10,0;1,162;22,259;0,54;35,662;3,31;7,055;0,56;6,508;1,16;960,935;1,0;"";"";17,088;2,65;26,12;13,01;"";"";31,759;13,13;53,3;"";"";"";"";"";"";"";"";"";"";"";"";"";"";"";"";"";"";"";"";"";"";"";"";"";"";"";"";"";"";"";"";"";"";"";"";"";"";"";"";"";"";"";"";"";"";"";"";"";"";"";"";"";"";"";"";"";"";"";"";"";"";"";"";""
05.01.2023 08:20:41;1672903241000;880f01e687e2572cea04e80fc6a68085;430969;OK;1809;0;0;0;0;0,04;8,97;0;0;935;884;"";102,566;15,38;414,011;62,42;20,866;0,93;1,34;0,19;14,778;1,94;0,0;10,0;0,0;10,0;0,002;10,0;25,508;12,69;7,514;10,77;0,225;10,0;0,003;10,0;0,003;10,0;0,003;10,0;1,017;22,254;0,54;35,669;3,31;7,054;0,56;6,507;1,16;960,955;1,0;"";"";17,03;2,66;26,181;13,01;"";"";34,096;10,67;53,0;"";"";"";"";"";"";"";"";"";"";"";"";"";"";"";"";"";"";"";"";"";"";"";"";"";"";"";"";"";"";"";"";"";"";"";"";"";"";"";"";"";"";"";"";"";"";"";"";"";"";"";"";"";"";"";"";"";"";"";"";"";"";"";"";""
05.01.2023 08:22:40;1672903360000;880f01e687e2572cea04e80fc6a68085;431089;OK;1804;0;0;0;0;0,0;8,41;0;0;935;885;"";97,556;14,63;415,484;62,46;20,867;0,93;1,34;0,19;14,846;1,95;0,0;10,0;0,0;10,0;0,0;10,0;17,161;11,83;5,348;10,52;0,024;10,0;0,0;10,0;0,0;10,0;0,0;10,0;1,002;22,254;0,54;35,67;3,31;7,055;0,56;6,507;1,16;960,948;1,0;"";"";17,073;2,65;26,473;13,03;"";"";32,307;11,65;52,5;"";"";"";"";"";"";"";"";"";"";"";"";"";"";"";"";"";"";"";"";"";"";"";"";"";"";"";"";"";"";"";"";"";"";"";"";"";"";"";"";"";"";"";"";"";"";"";"";"";"";"";"";"";"";"";"";"";"";"";"";"";"";"";"";""
05.01.2023 08:24:42;1672903482000;880f01e687e2572cea04e80fc6a68085;431211;OK;1818;0;0;0;0;0,01;-0,86;0;0;936;885;"";102,921;15,44;413,995;62,42;20,865;0,93;1,34;0,19;14,813;1,95;0,0;10,0;0,0;10,0;0,0;10,0;25,918;12,68;7,838;10,78;0,002;10,0;0,0;10,0;0,0;10,0;0,0;10,0;1,0;22,251;0,54;35,708;3,31;7,061;0,56;6,519;1,16;961,01;1,0;"";"";17,148;2,65;26,93;13,05;"";"";32,766;11,67;52,2;"";"";"";"";"";"";"";"";"";"";"";"";"";"";"";"";"";"";"";"";"";"";"";"";"";"";"";"";"";"";"";"";"";"";"";"";"";"";"";"";"";"";"";"";"";"";"";"";"";"";"";"";"";"";"";"";"";"";"";"";"";"";"";"";""
05.01.2023 08:26:42;1672903602000;880f01e687e2572cea04e80fc6a68085;431330;OK;1819;0;0;0;0;0,07;15,9;0;0;939;888;"";95,64601;14,35;421,16;62,63;20,866;0,93;1,34;0,19;14,87;1,95;0,0;10,0;0,0;10,0;0,0;10,0;19,861;12,1;4,715;10,36;0,0;10,0;0,0;10,0;0,0;10,0;0,0;10,0;1,0;22,244;0,54;35,823;3,31;7,081;0,56;6,56;1,16;961,0129;1,0;"";"";17,243;2,65;27,851;13,1;"";"";31,0;12,99;53,5;"";"";"";"";"";"";"";"";"";"";"";"";"";"";"";"";"";"";"";"";"";"";"";"";"";"";"";"";"";"";"";"";"";"";"";"";"";"";"";"";"";"";"";"";"";"";"";"";"";"";"";"";"";"";"";"";"";"";"";"";"";"";"";"";""
05.01.2023 08:28:42;1672903722000;880f01e687e2572cea04e80fc6a68085;431451;OK;1814;1;0;0;0;0,11;32,07;0;0;939;889;"";102,075;15,31;425,514;62,77;20,865;0,93;1,339;0,19;15,071;1,96;0,0;10,0;0,0;10,0;0,0;10,0;22,253;12,28;7,059;10,62;0,0;10,0;0,0;10,0;0,0;10,0;0,0;10,0;1,0;22,252;0,54;35,85;3,31;7,089;0,56;6,578;1,15;961,047;1,0;"";"";17,31;2,64;28,744;13,15;"";"";31,171;13,27;58,0;"";"";"";"";"";"";"";"";"";"";"";"";"";"";"";"";"";"";"";"";"";"";"";"";"";"";"";"";"";"";"";"";"";"";"";"";"";"";"";"";"";"";"";"";"";"";"";"";"";"";"";"";"";"";"";"";"";"";"";"";"";"";"";"";""
05.01.2023 08:30:42;1672903842000;880f01e687e2572cea04e80fc6a68085;431571;OK;1809;1;0;0;0;0,06;30,85;0;0;938;887;"";105,784;15,87;424,522;62,74;20,865;0,93;1,34;0,19;15,153;1,96;0,0;10,0;0,0;10,0;0,0;10,0;22,262;12,36;6,849;10,65;0,423;10,0;0,0;10,0;0,0;10,0;0,0;10,0;1,0;22,26;0,54;35,797;3,31;7,082;0,56;6,564;1,16;961,0519;1,0;"";"";17,332;2,64;28,845;13,15;"";"";33,814;11,58;57,0;"";"";"";"";"";"";"";"";"";"";"";"";"";"";"";"";"";"";"";"";"";"";"";"";"";"";"";"";"";"";"";"";"";"";"";"";"";"";"";"";"";"";"";"";"";"";"";"";"";"";"";"";"";"";"";"";"";"";"";"";"";"";"";"";""
05.01.2023 08:32:42;1672903962000;880f01e687e2572cea04e80fc6a68085;431690;OK;1847;0;0;0;0;-0,0;1,39;0;0;938;887;"";105,011;15,75;421,562;62,65;20,865;0,93;1,34;0,19;15,094;1,96;0,0;10,0;0,0;10,0;0,0;10,0;10,957;11,2;3,589;10,41;0,047;10,0;0,0;10,0;0,0;10,0;0,0;10,0;1,0;22,265;0,54;35,791;3,31;7,083;0,56;6,566;1,16;960,999;1,0;"";"";17,481;2,63;28,704;13,15;"";"";32,073;12,5;52,7;"";"";"";"";"";"";"";"";"";"";"";"";"";"";"";"";"";"";"";"";"";"";"";"";"";"";"";"";"";"";"";"";"";"";"";"";"";"";"";"";"";"";"";"";"";"";"";"";"";"";"";"";"";"";"";"";"";"";"";"";"";"";"";"";""
05.01.2023 08:34:44;1672904084000;880f01e687e2572cea04e80fc6a68085;431813;OK;1815;0;0;0;0;-0,01;-18,99;0;0;938;887;"";106,981;16,05;419,499;62,58;20,866;0,93;1,341;0,19;14,968;1,95;0,0;10,0;0,0;10,0;0,0;10,0;36,541;13,75;11,459;11,09;0,005;10,0;0,0;10,0;0,0;10,0;0,0;10,0;1,0;22,268;0,54;35,802;3,31;7,086;0,56;6,573;1,16;961,068;1,0;"";"";17,415;2,64;28,377;13,13;"";"";46,225;7,52;77,4;"";"";"";"";"";"";"";"";"";"";"";"";"";"";"";"";"";"";"";"";"";"";"";"";"";"";"";"";"";"";"";"";"";"";"";"";"";"";"";"";"";"";"";"";"";"";"";"";"";"";"";"";"";"";"";"";"";"";"";"";"";"";"";"";""
05.01.2023 08:36:45;1672904205000;880f01e687e2572cea04e80fc6a68085;431934;OK;1812;4;0;0;0;0,37;243,64;0;0;950;864;"";105,319;15,8;512,228;65,37;20,856;0,93;1,341;0,19;15,306;1,97;0,0;10,0;0,0;10,0;0,0;10,0;21,33;12,31;6,152;10,74;0,0;10,0;0,0;10,0;0,0;10,0;0,0;10,0;1,0;22,263;0,54;36,355;3,3;7,194;0,56;6,791;1,14;961,0909;1,0;"";"";18,241;2,6;30,252;13,23;"";"";35,403;10,35;71,8;"";"";"";"";"";"";"";"";"";"";"";"";"";"";"";"";"";"";"";"";"";"";"";"";"";"";"";"";"";"";"";"";"";"";"";"";"";"";"";"";"";"";"";"";"";"";"";"";"";"";"";"";"";"";"";"";"";"";"";"";"";"";"";"";""
05.01.2023 08:38:45;1672904325000;880f01e687e2572cea04e80fc6a68085;432053;OK;1818;2;0;0;0;0,23;142,39;0;0;945;891;"";105,667;15,85;448,78;63,46;20,863;0,93;1,341;0,19;15,15;1,96;0,0;10,0;0,0;10,0;0,127;10,0;28,177;13,05;8,563;10,9;0,687;10,05;0,38;10,0;0,38;10,0;0,0;10,0;2,141;22,257;0,54;36,104;3,31;7,142;0,56;6,685;1,15;961,134;1,0;"";"";18,321;2,59;30,633;13,25;"";"";32,882;12,2;54,6;"";"";"";"";"";"";"";"";"";"";"";"";"";"";"";"";"";"";"";"";"";"";"";"";"";"";"";"";"";"";"";"";"";"";"";"";"";"";"";"";"";"";"";"";"";"";"";"";"";"";"";"";"";"";"";"";"";"";"";"";"";"";"";"";""
05.01.2023 08:40:46;1672904446000;880f01e687e2572cea04e80fc6a68085;432174;OK;1822;0;1;0;0;-0,04;-41,89;0;0;944;893;"";110,564;16,58;434,127;63,02;20,862;0,93;1,342;0,19;14,91;1,95;0,0;10,0;0,0;10,0;0,08;10,0;29,747;13,05;8,936;11,08;0,132;10,01;0,1;10,0;0,1;10,0;0,0;10,0;1,721;22,257;0,54;36,052;3,31;7,131;0,56;6,665;1,15;961,152;1,0;"";"";18,199;2,6;30,6;13,24;"";"";31,262;13,11;55,3;"";"";"";"";"";"";"";"";"";"";"";"";"";"";"";"";"";"";"";"";"";"";"";"";"";"";"";"";"";"";"";"";"";"";"";"";"";"";"";"";"";"";"";"";"";"";"";"";"";"";"";"";"";"";"";"";"";"";"";"";"";"";"";"";""
05.01.2023 08:42:46;1672904566000;880f01e687e2572cea04e80fc6a68085;432294;OK;1813;0;1;0;0;-0,27;-249,66;0;0;943;892;"";116,798;17,52;434,24;63,03;20,863;0,93;1,342;0,19;14,798;1,95;0,0;10,0;0,0;10,0;0,009;10,0;28,822;12,99;8,366;10,82;0,68;10,0;0,011;10,0;0,011;10,0;0,0;10,0;1,077;22,265;0,54;36,004;3,31;7,125;0,56;6,652;1,15;961,148;1,0;"";"";17,906;2,61;30,921;13,26;"";"";32,791;11,96;56,6;"";"";"";"";"";"";"";"";"";"";"";"";"";"";"";"";"";"";"";"";"";"";"";"";"";"";"";"";"";"";"";"";"";"";"";"";"";"";"";"";"";"";"";"";"";"";"";"";"";"";"";"";"";"";"";"";"";"";"";"";"";"";"";"";""
05.01.2023 08:44:47;1672904687000;880f01e687e2572cea04e80fc6a68085;432415;OK;1822;0;0;0;0;-0,02;-16,01;0;0;913;892;"";122,54;18,38;437,45;63,12;20,857;0,93;1,343;0,19;14,824;1,95;0,802;10,1;0,84;10,1;0,84;10,1;243,521;33,86;44,247;14,36;0,279;10,03;0,001;10,0;0,001;10,0;0,0;10,0;1,016;22,276;0,54;36,032;3,31;7,135;0,56;6,673;1,15;961,141;1,0;"";"";17,862;2,62;31,45;13,29;"";"";32,43;12,04;53,4;"";"";"";"";"";"";"";"";"";"";"";"";"";"";"";"";"";"";"";"";"";"";"";"";"";"";"";"";"";"";"";"";"";"";"";"";"";"";"";"";"";"";"";"";"";"";"";"";"";"";"";"";"";"";"";"";"";"";"";"";"";"";"";"";""
05.01.2023 08:46:47;1672904807000;880f01e687e2572cea04e80fc6a68085;432535;OK;1826;0;0;0;0;0,1;7,22;0;0;943;895;"";128,322;19,25;434,022;63,02;20,859;0,93;1,344;0,19;14,82;1,95;0,086;10,01;0,09;10,01;0,09;10,01;39,06;14,0;8,028;10,87;0,342;10,0;0,312;10,0;0,312;10,0;0,0;10,0;1,002;22,287;0,54;36,183;3,3;7,17;0,56;6,744;1,14;961,1879;1,0;"";"";18,02;2,61;32,456;13,35;"";"";31,782;13,49;52,8;"";"";"";"";"";"";"";"";"";"";"";"";"";"";"";"";"";"";"";"";"";"";"";"";"";"";"";"";"";"";"";"";"";"";"";"";"";"";"";"";"";"";"";"";"";"";"";"";"";"";"";"";"";"";"";"";"";"";"";"";"";"";"";"";""
05.01.2023 08:48:47;1672904927000;880f01e687e2572cea04e80fc6a68085;432655;OK;1805;0;0;0;0;0,21;-8,36;0;0;949;898;"";132,151;19,82;432,463;62,97;20,859;0,93;1,346;0,19;14,91;1,95;0,009;10,0;0,01;10,0;0,01;10,0;26,162;12,77;7,119;10,76;0,036;10,0;0,033;10,0;0,033;10,0;0,0;10,0;1,0;22,3;0,54;36,317;3,3;7,202;0,56;6,809;1,14;961,2249;1,0;"";"";18,387;2,59;33,803;13,42;"";"";30,935;13,51;51,8;"";"";"";"";"";"";"";"";"";"";"";"";"";"";"";"";"";"";"";"";"";"";"";"";"";"";"";"";"";"";"";"";"";"";"";"";"";"";"";"";"";"";"";"";"";"";"";"";"";"";"";"";"";"";"";"";"";"";"";"";"";"";"";"";""
05.01.2023 08:50:49;1672905049000;880f01e687e2572cea04e80fc6a68085;432777;OK;1825;0;0;0;0;0,21;-20,37;0;0;949;897;"";133,457;20,02;430,823;62,92;20,856;0,93;1,348;0,19;14,901;1,95;0,001;10,0;0,001;10,0;0,001;10,0;21,362;12,29;5,509;10,61;0,004;10,0;0,003;10,0;0,003;10,0;0,0;10,0;1,0;22,316;0,54;36,302;3,3;7,205;0,56;6,818;1,14;961,2659;1,0;"";"";18,688;2,58;34,676;13,47;"";"";32,399;12,7;53,6;"";"";"";"";"";"";"";"";"";"";"";"";"";"";"";"";"";"";"";"";"";"";"";"";"";"";"";"";"";"";"";"";"";"";"";"";"";"";"";"";"";"";"";"";"";"";"";"";"";"";"";"";"";"";"";"";"";"";"";"";"";"";"";"";""
05.01.2023 08:52:48;1672905168000;880f01e687e2572cea04e80fc6a68085;432896;OK;1826;0;0;0;0;0,13;-8,57;0;0;950;898;"";137,259;20,59;431,807;62,95;20,859;0,93;1,348;0,19;14,807;1,95;0,0;10,0;0,0;10,0;0,0;10,0;49,92;15,11;16,128;11,54;0,0;10,0;0,0;10,0;0,0;10,0;0,0;10,0;1,0;22,329;0,54;36,361;3,3;7,223;0,56;6,853;1,14;961,2849;1,0;"";"";18,857;2,57;35,124;13,49;"";"";32,121;12,74;57,6;"";"";"";"";"";"";"";"";"";"";"";"";"";"";"";"";"";"";"";"";"";"";"";"";"";"";"";"";"";"";"";"";"";"";"";"";"";"";"";"";"";"";"";"";"";"";"";"";"";"";"";"";"";"";"";"";"";"";"";"";"";"";"";"";""
05.01.2023 08:54:49;1672905289000;880f01e687e2572cea04e80fc6a68085;433017;OK;1828;0;0;0;0;0,1;-1,41;0;0;951;899;"";140,442;21,07;431,425;62,94;20,856;0,93;1,349;0,19;14,731;1,94;0,0;10,0;0,0;10,0;0,0;10,0;18,186;11,9;5,702;10,62;0,0;10,0;0,0;10,0;0,0;10,0;0,0;10,0;1,0;22,339;0,54;36,404;3,3;7,235;0,56;6,879;1,13;961,3319;1,0;"";"";19,276;2,55;35,976;13,54;"";"";31,478;13,35;53,7;"";"";"";"";"";"";"";"";"";"";"";"";"";"";"";"";"";"";"";"";"";"";"";"";"";"";"";"";"";"";"";"";"";"";"";"";"";"";"";"";"";"";"";"";"";"";"";"";"";"";"";"";"";"";"";"";"";"";"";"";"";"";"";"";""
05.01.2023 08:56:50;1672905410000;880f01e687e2572cea04e80fc6a68085;433138;OK;1807;0;0;0;0;0,08;3,61;0;0;951;899;"";142,574;21,39;431,948;62,96;20,856;0,93;1,35;0,19;14,499;1,93;0,0;10,0;0,0;10,0;0,0;10,0;22,155;12,22;5,704;10,54;0,0;10,0;0,0;10,0;0,0;10,0;0,0;10,0;1,0;22,349;0,54;36,39;3,3;7,236;0,56;6,882;1,13;961,398;1,0;"";"";19,447;2,54;35,955;13,54;"";"";30,988;13,76;53,2;"";"";"";"";"";"";"";"";"";"";"";"";"";"";"";"";"";"";"";"";"";"";"";"";"";"";"";"";"";"";"";"";"";"";"";"";"";"";"";"";"";"";"";"";"";"";"";"";"";"";"";"";"";"";"";"";"";"";"";"";"";"";"";"";""
05.01.2023 08:58:51;1672905531000;880f01e687e2572cea04e80fc6a68085;433260;OK;1803;0;0;0;0;0,13;2,37;0;0;955;903;"";144,786;21,72;433,149;62,99;20,86;0,93;1,351;0,19;14,311;1,92;0,0;10,0;0,0;10,0;0,0;10,0;18,212;12,0;3,893;10,27;0,0;10,0;0,0;10,0;0,0;10,0;0,0;10,0;1,0;22,363;0,54;36,583;3,3;7,281;0,56;6,972;1,13;961,4019;1,0;"";"";19,489;2,54;36,244;13,55;"";"";51,747;5,57;82,0;"";"";"";"";"";"";"";"";"";"";"";"";"";"";"";"";"";"";"";"";"";"";"";"";"";"";"";"";"";"";"";"";"";"";"";"";"";"";"";"";"";"";"";"";"";"";"";"";"";"";"";"";"";"";"";"";"";"";"";"";"";"";"";"";""
05.01.2023 09:00:51;1672905651000;880f01e687e2572cea04e80fc6a68085;433379;OK;1804;2;0;0;0;0,33;102,23;0;0;961;909;"";151,296;22,69;468,817;64,06;20,856;0,93;1,352;0,19;14,33;1,92;0,0;10,0;0,0;10,0;0,0;10,0;153,79;25,02;20,658;12,0;0,0;10,0;0,0;10,0;0,0;10,0;0,0;10,0;1,0;22,374;0,54;36,863;3,3;7,341;0,56;7,093;1,12;961,442;1,0;"";"";19,886;2,52;38,609;13,68;"";"";36,566;9,69;74,6;"";"";"";"";"";"";"";"";"";"";"";"";"";"";"";"";"";"";"";"";"";"";"";"";"";"";"";"";"";"";"";"";"";"";"";"";"";"";"";"";"";"";"";"";"";"";"";"";"";"";"";"";"";"";"";"";"";"";"";"";"";"";"";"";""
05.01.2023 09:02:52;1672905772000;880f01e687e2572cea04e80fc6a68085;433501;OK;1807;1;0;0;0;0,38;62,93;0;0;930;910;"";154,677;23,2;444,572;63,34;20,854;0,93;1,354;0,19;14,207;1,92;1,304;10,0;1,304;10,0;1,304;10,0;998,755;107,27;159,095;25,46;0,0;10,0;0,0;10,0;0,0;10,0;0,0;10,0;1,0;22,391;0,54;36,906;3,3;7,357;0,56;7,125;1,12;961,486;1,0;"";"";20,249;2,5;39,887;13,75;"";"";35,045;10,08;60,0;"";"";"";"";"";"";"";"";"";"";"";"";"";"";"";"";"";"";"";"";"";"";"";"";"";"";"";"";"";"";"";"";"";"";"";"";"";"";"";"";"";"";"";"";"";"";"";"";"";"";"";"";"";"";"";"";"";"";"";"";"";"";"";"";""
05.01.2023 09:04:50;1672905890000;880f01e687e2572cea04e80fc6a68085;433619;OK;1830;0;0;0;0;0,33;-7,42;0;0;783;915;"";160,081;24,01;441,846;63,26;20,854;0,93;1,355;0,19;14,149;1,91;4,509;10,33;4,509;10,33;4,509;10,33;2215,335;225,77;358,538;44,9;0,0;10,0;0,0;10,0;0,0;10,0;0,0;10,0;1,0;22,41;0,53;37,132;3,29;7,41;0,56;7,232;1,11;961,498;1,0;"";"";20,461;2,49;40,927;13,81;"";"";33,088;11,46;73,5;"";"";"";"";"";"";"";"";"";"";"";"";"";"";"";"";"";"";"";"";"";"";"";"";"";"";"";"";"";"";"";"";"";"";"";"";"";"";"";"";"";"";"";"";"";"";"";"";"";"";"";"";"";"";"";"";"";"";"";"";"";"";"";"";""
05.01.2023 09:06:51;1672906011000;880f01e687e2572cea04e80fc6a68085;433739;OK;1815;0;1;0;0;0,18;-60,12;0;0;866;914;"";166,54;24,98;451,528;63,55;20,852;0,93;1,356;0,19;13,999;1,9;2,807;10,15;3,138;10,15;3,138;10,15;1267,964;133,47;209,19;30,4;2,457;10,25;0,0;10,0;0,0;10,0;0,0;10,0;1,227;22,443;0,53;37,145;3,29;7,427;0,56;7,266;1,11;961,5629;1,0;"";"";20,618;2,48;42,329;13,88;"";"";32,262;11,72;52,8;"";"";"";"";"";"";"";"";"";"";"";"";"";"";"";"";"";"";"";"";"";"";"";"";"";"";"";"";"";"";"";"";"";"";"";"";"";"";"";"";"";"";"";"";"";"";"";"";"";"";"";"";"";"";"";"";"";"";"";"";"";"";"";"";""
05.01.2023 09:08:51;1672906131000;880f01e687e2572cea04e80fc6a68085;433860;OK;1811;1;0;0;0;0,23;63,51;0;0;924;915;"";171,416;25,71;468,062;64,04;20,854;0,93;1,359;0,19;13,812;1,89;1,672;10,02;1,708;10,02;1,708;10,02;1302,47;136,89;199,669;29,51;0,262;10,03;0,0;10,0;0,0;10,0;0,0;10,0;1,024;22,473;0,53;37,227;3,29;7,456;0,56;7,325;1,1;961,555;1,0;"";"";20,723;2,48;43,846;13,97;"";"";29,969;13,87;53,7;"";"";"";"";"";"";"";"";"";"";"";"";"";"";"";"";"";"";"";"";"";"";"";"";"";"";"";"";"";"";"";"";"";"";"";"";"";"";"";"";"";"";"";"";"";"";"";"";"";"";"";"";"";"";"";"";"";"";"";"";"";"";"";"";""
05.01.2023 09:10:52;1672906252000;880f01e687e2572cea04e80fc6a68085;433980;OK;1834;1;0;0;0;0,22;88,12;0;0;849;917;"";171,672;25,75;471,631;64,15;20,853;0,93;1,36;0,19;13,738;1,89;3,14;10,0;3,143;10,0;3,315;10,0;1703,728;175,83;268,653;36,22;0,243;10,0;0,215;10,0;0,215;10,0;0,0;10,0;1,424;22,501;0,53;37,33;3,29;7,488;0,56;7,39;1,1;961,587;1,0;"";"";20,85;2,47;45,369;14,05;"";"";33,559;12,22;69,0;"";"";"";"";"";"";"";"";"";"";"";"";"";"";"";"";"";"";"";"";"";"";"";"";"";"";"";"";"";"";"";"";"";"";"";"";"";"";"";"";"";"";"";"";"";"";"";"";"";"";"";"";"";"";"";"";"";"";"";"";"";"";"";"";""
05.01.2023 09:12:54;1672906374000;880f01e687e2572cea04e80fc6a68085;434102;OK;1809;1;0;0;0;0,25;89,06;0;0;913;910;"";175,417;26,31;485,903;64,58;20,85;0,93;1,362;0,19;13,552;1,88;1,883;10,0;1,883;10,0;1,901;10,0;1337,756;140,26;189,193;28,43;0,025;10,0;0,022;10,0;0,022;10,0;0,0;10,0;1,044;22,528;0,53;37,358;3,29;7,506;0,56;7,425;1,1;961,582;1,0;"";"";20,964;2,47;46,708;14,12;"";"";33,327;11,79;53,9;"";"";"";"";"";"";"";"";"";"";"";"";"";"";"";"";"";"";"";"";"";"";"";"";"";"";"";"";"";"";"";"";"";"";"";"";"";"";"";"";"";"";"";"";"";"";"";"";"";"";"";"";"";"";"";"";"";"";"";"";"";"";"";"";""
05.01.2023 09:14:53;1672906493000;880f01e687e2572cea04e80fc6a68085;434221;OK;1811;1;0;0;0;0,23;86,6;0;0;965;902;"";178,999;26,85;496,946;64,91001;20,845;0,93;1,364;0,19;13,365;1,87;0,422;10,0;0,422;10,0;0,633;10,0;585,199;67,0;78,905;17,67;0,465;10,05;0,334;10,04;0,334;10,04;0,0;10,0;2,088;22,555;0,53;37,444;3,29;7,535;0,56;7,483;1,1;961,5399;1,0;"";"";21,106;2,46;47,885;14,19;"";"";33,139;12,15;54,6;"";"";"";"";"";"";"";"";"";"";"";"";"";"";"";"";"";"";"";"";"";"";"";"";"";"";"";"";"";"";"";"";"";"";"";"";"";"";"";"";"";"";"";"";"";"";"";"";"";"";"";"";"";"";"";"";"";"";"";"";"";"";"";"";""
05.01.2023 09:16:54;1672906614000;880f01e687e2572cea04e80fc6a68085;434343;OK;1818;1;0;0;0;0,26;97,29;0;0;975;898;"";179,85;26,98;505,622;65,17;20,842;0,93;1,365;0,19;13,287;1,87;0,044;10,0;0,044;10,0;0,065;10,0;248,121;34,15;36,102;13,57;0,048;10,01;0,034;10,0;0,034;10,0;0,0;10,0;1,112;22,586;0,53;37,632;3,29;7,586;0,56;7,584;1,09;961,6469;1,0;"";"";21,175;2,46;49,376;14,27;"";"";32,55;12,74;61,7;"";"";"";"";"";"";"";"";"";"";"";"";"";"";"";"";"";"";"";"";"";"";"";"";"";"";"";"";"";"";"";"";"";"";"";"";"";"";"";"";"";"";"";"";"";"";"";"";"";"";"";"";"";"";"";"";"";"";"";"";"";"";"";"";""
05.01.2023 09:18:54;1672906734000;880f01e687e2572cea04e80fc6a68085;434463;OK;1818;1;0;0;0;0,35;86,17;0;0;975;888;"";185,025;27,75;518,8;65,56;20,846;0,93;1,368;0,19;13,297;1,87;0,005;10,0;0,005;10,0;0,007;10,0;218,254;31,23;30,147;12,94;0,005;10,0;0,004;10,0;0,004;10,0;0,0;10,0;1,012;22,623;0,53;37,77;3,28;7,63;0,56;7,67;1,09;961,632;1,0;"";"";21,255;2,45;50,691;14,34;"";"";31,199;12,55;53,5;"";"";"";"";"";"";"";"";"";"";"";"";"";"";"";"";"";"";"";"";"";"";"";"";"";"";"";"";"";"";"";"";"";"";"";"";"";"";"";"";"";"";"";"";"";"";"";"";"";"";"";"";"";"";"";"";"";"";"";"";"";"";"";"";""
05.01.2023 09:20:55;1672906855000;880f01e687e2572cea04e80fc6a68085;434583;OK;1823;2;0;0;0;0,39;119,97;0;0;974;871;"";187,913;28,19;541,454;66,24;20,838;0,93;1,37;0,19;13,219;1,86;0,0;10,0;0,0;10,0;0,001;10,0;195,411;29,03;27,1;12,61;0,141;10,0;0,0;10,0;0,0;10,0;0,0;10,0;1,001;22,656;0,53;37,907;3,28;7,672;0,56;7,753;1,08;961,72;1,0;"";"";21,384;2,45;51,612;14,4;"";"";31,892;12,62;53,8;"";"";"";"";"";"";"";"";"";"";"";"";"";"";"";"";"";"";"";"";"";"";"";"";"";"";"";"";"";"";"";"";"";"";"";"";"";"";"";"";"";"";"";"";"";"";"";"";"";"";"";"";"";"";"";"";"";"";"";"";"";"";"";"";""
05.01.2023 09:22:54;1672906974000;880f01e687e2572cea04e80fc6a68085;434702;OK;1842;3;0;0;0;0,36;166,0;0;0;972;853;"";192,192;28,83;564,749;66,94;20,838;0,93;1,372;0,19;13,159;1,86;0,0;10,0;0,0;10,0;0,151;10,0;218,694;31,34;33,705;13,37;0,27;10,0;0,255;10,0;0,255;10,0;0,0;10,0;2,358;22,686;0,53;38,036;3,28;7,712;0,56;7,83;1,08;961,7459;1,0;"";"";21,454;2,44;52,306;14,44;"";"";35,55;9,65;63,0;"";"";"";"";"";"";"";"";"";"";"";"";"";"";"";"";"";"";"";"";"";"";"";"";"";"";"";"";"";"";"";"";"";"";"";"";"";"";"";"";"";"";"";"";"";"";"";"";"";"";"";"";"";"";"";"";"";"";"";"";"";"";"";"";""
05.01.2023 09:24:55;1672907095000;880f01e687e2572cea04e80fc6a68085;434823;OK;1827;3;0;0;0;0,33;184,75;0;0;972;840;"";193,512;29,03;582,921;67,49;20,839;0,93;1,374;0,19;13,065;1,86;0,0;10,0;0,0;10,0;0,126;10,0;106,967;20,51;18,979;11,99;0,771;10,0;0,512;10,0;0,512;10,0;0,0;10,0;2,135;22,709;0,53;38,152;3,28;7,745;0,56;7,895;1,07;961,814;1,0;"";"";21,579;2,44;52,808;14,47;"";"";34,223;10,88;54,1;"";"";"";"";"";"";"";"";"";"";"";"";"";"";"";"";"";"";"";"";"";"";"";"";"";"";"";"";"";"";"";"";"";"";"";"";"";"";"";"";"";"";"";"";"";"";"";"";"";"";"";"";"";"";"";"";"";"";"";"";"";"";"";"";""
05.01.2023 09:26:55;1672907215000;880f01e687e2572cea04e80fc6a68085;434943;OK;1823;2;0;0;0;0,28;149,28;0;0;970;831;"";196,917;29,54;595,829;67,87;20,834;0,93;1,376;0,19;12,873;1,85;0,0;10,0;0,0;10,0;0,3;10,0;57,482;15,62;11,358;11,14;1,139;10,01;0,412;10,0;0,412;10,0;0,357;10,0;3,697;22,733;0,53;38,231;3,28;7,772;0,56;7,947;1,07;961,88;1,0;"";"";21,62;2,44;53,122;14,49;"";"";32,969;12,35;52,9;"";"";"";"";"";"";"";"";"";"";"";"";"";"";"";"";"";"";"";"";"";"";"";"";"";"";"";"";"";"";"";"";"";"";"";"";"";"";"";"";"";"";"";"";"";"";"";"";"";"";"";"";"";"";"";"";"";"";"";"";"";"";"";"";""
05.01.2023 09:28:56;1672907336000;880f01e687e2572cea04e80fc6a68085;435065;OK;1814;2;0;0;0;0,25;127,69;0;0;969;820;"";201,137;30,17;610,592;68,32;20,832;0,93;1,379;0,19;12,622;1,83;0,0;10,0;0,0;10,0;0,031;10,0;51,991;15,11;12,173;11,19;0,951;10,0;0,042;10,0;0,042;10,0;0,037;10,0;1,278;22,762;0,53;38,33;3,28;7,805;0,56;8,011;1,07;961,883;1,0;"";"";21,554;2,44;53,175;14,49;"";"";33,98;11,28;54,7;"";"";"";"";"";"";"";"";"";"";"";"";"";"";"";"";"";"";"";"";"";"";"";"";"";"";"";"";"";"";"";"";"";"";"";"";"";"";"";"";"";"";"";"";"";"";"";"";"";"";"";"";"";"";"";"";"";"";"";"";"";"";"";"";""
05.01.2023 09:30:56;1672907456000;880f01e687e2572cea04e80fc6a68085;435184;OK;1808;2;0;0;0;0,24;114,6;0;0;969;811;"";200,833;30,12;622,4619;68,67;20,836;0,93;1,381;0,19;12,448;1,82;0,0;10,0;0,0;10,0;0,003;10,0;15,134;11,54;4,366;10,3;0,102;10,0;0,005;10,0;0,005;10,0;0,004;10,0;1,03;22,794;0,53;38,382;3,28;7,83;0,56;8,059;1,07;961,8239;1,0;"";"";21,493;2,44;53,063;14,49;"";"";32,172;12,43;53,5;"";"";"";"";"";"";"";"";"";"";"";"";"";"";"";"";"";"";"";"";"";"";"";"";"";"";"";"";"";"";"";"";"";"";"";"";"";"";"";"";"";"";"";"";"";"";"";"";"";"";"";"";"";"";"";"";"";"";"";"";"";"";"";"";""
05.01.2023 09:32:57;1672907577000;880f01e687e2572cea04e80fc6a68085;435305;OK;1819;2;0;0;0;0,23;109,11;0;0;967;801;"";205,309;30,8;635,307;69,06;20,829;0,93;1,383;0,19;12,268;1,81;0,0;10,0;0,0;10,0;0,0;10,0;20,921;12,22;4,507;10,53;0,011;10,0;0,0;10,0;0,0;10,0;0,0;10,0;1,003;22,823;0,53;38,446;3,28;7,856;0,56;8,109;1,07;961,832;1,0;"";"";21,405;2,45;52,879;14,48;"";"";32,935;11,63;55,9;"";"";"";"";"";"";"";"";"";"";"";"";"";"";"";"";"";"";"";"";"";"";"";"";"";"";"";"";"";"";"";"";"";"";"";"";"";"";"";"";"";"";"";"";"";"";"";"";"";"";"";"";"";"";"";"";"";"";"";"";"";"";"";"";""
05.01.2023 09:34:57;1672907697000;880f01e687e2572cea04e80fc6a68085;435425;OK;1835;1;0;0;0;0,18;97,37;0;0;967;792;"";205,265;30,79;647,01;69,41;20,828;0,93;1,384;0,19;12,019;1,8;0,0;10,0;0,0;10,0;0,184;10,0;26,818;12,74;7,62;10,73;0,849;10,0;0,246;10,0;0,246;10,0;0,246;10,0;2,654;22,848;0,53;38,462;3,28;7,871;0,56;8,139;1,06;961,8159;1,0;"";"";21,224;2,46;52,511;14,47;"";"";32,444;11,68;52,5;"";"";"";"";"";"";"";"";"";"";"";"";"";"";"";"";"";"";"";"";"";"";"";"";"";"";"";"";"";"";"";"";"";"";"";"";"";"";"";"";"";"";"";"";"";"";"";"";"";"";"";"";"";"";"";"";"";"";"";"";"";"";"";"";""
05.01.2023 09:36:59;1672907819000;880f01e687e2572cea04e80fc6a68085;435547;OK;1808;2;0;0;0;0,16;113,21;0;0;965;778;"";208,299;31,24;665,495;69,96;20,826;0,93;1,385;0,19;11,778;1,79;0,0;10,0;0,0;10,0;0,019;10,0;34,333;13,34;9,471;10,92;0,088;10,0;0,025;10,0;0,025;10,0;0,025;10,0;1,171;22,868;0,53;38,52;3,28;7,891;0,56;8,178;1,06;961,906;1,0;"";"";21,072;2,46;52,056;14,45;"";"";34,729;11,12;79,1;"";"";"";"";"";"";"";"";"";"";"";"";"";"";"";"";"";"";"";"";"";"";"";"";"";"";"";"";"";"";"";"";"";"";"";"";"";"";"";"";"";"";"";"";"";"";"";"";"";"";"";"";"";"";"";"";"";"";"";"";"";"";"";"";""
05.01.2023 09:38:59;1672907939000;880f01e687e2572cea04e80fc6a68085;435667;OK;1813;2;0;0;0;0,17;133,41;0;0;965;766;"";208,738;31,31;680,989;70,43;20,824;0,93;1,388;0,19;11,503;1,77;0,0;10,0;0,0;10,0;0,002;10,0;32,055;13,21;10,474;11,02;0,009;10,0;0,003;10,0;0,003;10,0;0,003;10,0;1,018;22,896;0,53;38,556;3,27;7,912;0,57;8,217;1,06;961,924;1,0;"";"";20,96;2,47;51,631;14,43;"";"";33,957;11,85;70,4;"";"";"";"";"";"";"";"";"";"";"";"";"";"";"";"";"";"";"";"";"";"";"";"";"";"";"";"";"";"";"";"";"";"";"";"";"";"";"";"";"";"";"";"";"";"";"";"";"";"";"";"";"";"";"";"";"";"";"";"";"";"";"";"";""
05.01.2023 09:40:57;1672908057000;880f01e687e2572cea04e80fc6a68085;435786;OK;1824;1;0;0;0;0,16;64,91001;0;0;965;776;"";208,116;31,22;667,774;70,03;20,826;0,93;1,389;0,19;11,16;1,76;0,0;10,0;0,0;10,0;0,0;10,0;41,05;14,05;11,435;11,11;0,738;10,0;0,0;10,0;0,0;10,0;0,0;10,0;1,002;22,924;0,53;38,581;3,27;7,929;0,57;8,251;1,06;961,987;1,0;"";"";20,748;2,48;50,921;14,39;"";"";33,072;11,64;60,8;"";"";"";"";"";"";"";"";"";"";"";"";"";"";"";"";"";"";"";"";"";"";"";"";"";"";"";"";"";"";"";"";"";"";"";"";"";"";"";"";"";"";"";"";"";"";"";"";"";"";"";"";"";"";"";"";"";"";"";"";"";"";"";"";""
05.01.2023 09:42:59;1672908179000;880f01e687e2572cea04e80fc6a68085;435907;OK;1816;0;0;0;0;0,14;19,36;0;0;965;769;"";209,562;31,43;675,952;70,28;20,827;0,93;1,391;0,19;10,911;1,74;0,0;10,0;0,0;10,0;0,0;10,0;25,925;12,71;7,322;10,82;0,076;10,0;0,0;10,0;0,0;10,0;0,0;10,0;1,0;22,948;0,53;38,603;3,27;7,945;0,57;8,281;1,06;962,0029;1,0;"";"";20,543;2,49;50,383;14,37;"";"";33,994;10,91;53,2;"";"";"";"";"";"";"";"";"";"";"";"";"";"";"";"";"";"";"";"";"";"";"";"";"";"";"";"";"";"";"";"";"";"";"";"";"";"";"";"";"";"";"";"";"";"";"";"";"";"";"";"";"";"";"";"";"";"";"";"";"";"";"";"";""
05.01.2023 09:44:59;1672908299000;880f01e687e2572cea04e80fc6a68085;436027;OK;1812;0;0;0;0;0,16;11,06;0;0;964;763;"";212,236;31,84;684,846;70,55;20,822;0,93;1,392;0,19;10,842;1,74;0,0;10,0;0,0;10,0;0,603;10,0;31,231;13,19;8,607;10,96;1,05;10,03;1,042;10,03;0,942;10,03;0,0;10,0;5,222;22,969;0,53;38,703;3,27;7,975;0,57;8,339;1,06;962,007;1,0;"";"";20,381;2,5;50,098;14,36;"";"";34,547;10,9;58,9;"";"";"";"";"";"";"";"";"";"";"";"";"";"";"";"";"";"";"";"";"";"";"";"";"";"";"";"";"";"";"";"";"";"";"";"";"";"";"";"";"";"";"";"";"";"";"";"";"";"";"";"";"";"";"";"";"";"";"";"";"";"";"";"";""
05.01.2023 09:46:59;1672908419000;880f01e687e2572cea04e80fc6a68085;436147;OK;1820;1;0;0;0;0,15;91,02;0;0;964;750;"";212,057;31,81;698,239;70,95;20,822;0,93;1,393;0,19;10,696;1,73;0,0;10,0;0,0;10,0;0,1;10,0;29,581;13,0;7,91;10,7;0,467;10,04;0,466;10,04;0,223;10,0;0,0;10,0;1,768;23,001;0,53;38,629;3,27;7,974;0,57;8,339;1,06;962,019;1,0;"";"";20,172;2,51;49,478;14,33;"";"";35,41;10,44;53,9;"";"";"";"";"";"";"";"";"";"";"";"";"";"";"";"";"";"";"";"";"";"";"";"";"";"";"";"";"";"";"";"";"";"";"";"";"";"";"";"";"";"";"";"";"";"";"";"";"";"";"";"";"";"";"";"";"";"";"";"";"";"";"";"";""
05.01.2023 09:49:00;1672908540000;880f01e687e2572cea04e80fc6a68085;436268;OK;1819;1;0;0;0;0,08;53,3;0;0;964;750;"";210,822;31,62;695,5349;70,87;20,825;0,93;1,395;0,19;10,357;1,71;0,0;10,0;0,0;10,0;0,011;10,0;31,058;13,19;8,722;10,87;0,612;10,0;0,05;10,0;0,024;10,0;0,0;10,0;1,082;23,022;0,53;38,569;3,27;7,972;0,57;8,335;1,06;962,017;1,0;"";"";19,778;2,53;48,764;14,29;"";"";33,56;11,36;58,2;"";"";"";"";"";"";"";"";"";"";"";"";"";"";"";"";"";"";"";"";"";"";"";"";"";"";"";"";"";"";"";"";"";"";"";"";"";"";"";"";"";"";"";"";"";"";"";"";"";"";"";"";"";"";"";"";"";"";"";"";"";"";"";"";""
05.01.2023 09:51:00;1672908660000;880f01e687e2572cea04e80fc6a68085;436388;OK;1815;0;1;0;0;-0,07;-83,38;0;0;968;778;"";201,837;30,28;652,216;69,57;20,826;0,93;1,396;0,19;10,093;1,7;0,0;10,0;0,0;10,0;0,001;10,0;26,558;12,71;7,197;10,66;0,065;10,0;0,005;10,0;0,003;10,0;0,0;10,0;1,009;23,046;0,53;38,404;3,27;7,948;0,57;8,292;1,07;962,026;1,0;"";"";19,291;2,55;47,413;14,23;"";"";33,67;11,31;57,8;"";"";"";"";"";"";"";"";"";"";"";"";"";"";"";"";"";"";"";"";"";"";"";"";"";"";"";"";"";"";"";"";"";"";"";"";"";"";"";"";"";"";"";"";"";"";"";"";"";"";"";"";"";"";"";"";"";"";"";"";"";"";"";"";""
05.01.2023 09:53:02;1672908782000;880f01e687e2572cea04e80fc6a68085;436510;OK;1824;0;1;0;0;-0,14;-187,62;0;0;970;782;"";198,356;29,75;641,367;69,24;20,83;0,93;1,396;0,19;9,848;1,69;0,0;10,0;0,0;10,0;0,442;10,0;34,927;13,54;11,461;11,11;0,642;10,0;0,636;10,0;0,636;10,0;0,0;10,0;4,975;23,07;0,53;38,267;3,27;7,931;0,57;8,261;1,07;962,086;1,0;"";"";18,846;2,57;45,949;14,15;"";"";33,047;11,63;53,4;"";"";"";"";"";"";"";"";"";"";"";"";"";"";"";"";"";"";"";"";"";"";"";"";"";"";"";"";"";"";"";"";"";"";"";"";"";"";"";"";"";"";"";"";"";"";"";"";"";"";"";"";"";"";"";"";"";"";"";"";"";"";"";"";""
05.01.2023 09:55:01;1672908901000;880f01e687e2572cea04e80fc6a68085;436629;OK;1815;0;1;0;0;-0,1;-135,11;0;0;969;780;"";199,056;29,86;644,02;69,32;20,834;0,93;1,396;0,19;9,585;1,67;0,0;10,0;0,0;10,0;0,049;10,0;32,448;13,31;8,728;10,93;0,267;10,0;0,07;10,0;0,07;10,0;0,0;10,0;1,439;23,089;0,53;38,284;3,27;7,943;0,57;8,285;1,07;962,087;1,0;"";"";18,545;2,59;44,445;14,08;"";"";33,49;11,54;71,30001;"";"";"";"";"";"";"";"";"";"";"";"";"";"";"";"";"";"";"";"";"";"";"";"";"";"";"";"";"";"";"";"";"";"";"";"";"";"";"";"";"";"";"";"";"";"";"";"";"";"";"";"";"";"";"";"";"";"";"";"";"";"";"";"";""
05.01.2023 09:57:01;1672909021000;880f01e687e2572cea04e80fc6a68085;436750;OK;1825;3;0;0;0;0,16;170,61;0;0;964;728;"";211,069;31,66;718,79;71,56;20,821;0,93;1,398;0,19;9,597;1,67;0,0;10,0;0,0;10,0;0,005;10,0;20,05;12,14;6,401;10,83;0,029;10,0;0,007;10,0;0,007;10,0;0,0;10,0;1,047;23,115;0,53;38,527;3,27;8,005;0,57;8,401;1,06;962,149;1,0;"";"";18,588;2,59;44,67;14,09;"";"";35,228;10,79;57,7;"";"";"";"";"";"";"";"";"";"";"";"";"";"";"";"";"";"";"";"";"";"";"";"";"";"";"";"";"";"";"";"";"";"";"";"";"";"";"";"";"";"";"";"";"";"";"";"";"";"";"";"";"";"";"";"";"";"";"";"";"";"";"";"";""
05.01.2023 09:59:01;1672909141000;880f01e687e2572cea04e80fc6a68085;436870;OK;1812;6;0;0;0;0,36;325,24;0;0;962;711;"";216,556;32,48;744,99;72,35;20,82;0,93;1,401;0,2;9,696;1,68;0,0;10,0;0,0;10,0;0,401;10,0;40,359;14,06;13,423;11,3;0,945;10,0;0,475;10,0;0,475;10,0;0,474;10,0;4,613;23,142;0,53;38,695;3,27;8,053;0,57;8,49;1,06;962,223;1,0;"";"";18,777;2,58;45,266;14,13;"";"";36,879;9,06;55,8;"";"";"";"";"";"";"";"";"";"";"";"";"";"";"";"";"";"";"";"";"";"";"";"";"";"";"";"";"";"";"";"";"";"";"";"";"";"";"";"";"";"";"";"";"";"";"";"";"";"";"";"";"";"";"";"";"";"";"";"";"";"";"";"";""
05.01.2023 10:01:03;1672909263000;880f01e687e2572cea04e80fc6a68085;436992;OK;1816;5;0;0;0;0,36;285,12;0;0;961;708;"";218,349;32,75;747,791;72,43;20,82;0,93;1,403;0,2;9,75;1,68;0,0;10,0;0,0;10,0;0,041;10,0;25,736;12,69;8,576;10,86;0,98;10,0;0,049;10,0;0,049;10,0;0,049;10,0;1,373;23,169;0,53;38,707;3,27;8,068;0,57;8,519;1,06;962,222;1,0;"";"";18,934;2,57;45,422;14,14;"";"";33,481;12,05;58,2;"";"";"";"";"";"";"";"";"";"";"";"";"";"";"";"";"";"";"";"";"";"";"";"";"";"";"";"";"";"";"";"";"";"";"";"";"";"";"";"";"";"";"";"";"";"";"";"";"";"";"";"";"";"";"";"";"";"";"";"";"";"";"";"";""
05.01.2023 10:03:04;1672909384000;880f01e687e2572cea04e80fc6a68085;437112;OK;1825;1;0;0;0;0,2;36,78;0;0;961;717;"";216,832;32,52;735,151;72,05;20,817;0,93;1,405;0,2;9,729;1,68;0,0;10,0;0,0;10,0;0,442;10,0;45,635;14,57;14,215;11,43;0,689;10,0;0,567;10,0;0,567;10,0;0,005;10,0;4,982;23,192;0,53;38,732;3,27;8,083;0,57;8,549;1,06;962,197;1,0;"";"";19,013;2,57;45,342;14,14;"";"";34,243;11,3;54,6;"";"";"";"";"";"";"";"";"";"";"";"";"";"";"";"";"";"";"";"";"";"";"";"";"";"";"";"";"";"";"";"";"";"";"";"";"";"";"";"";"";"";"";"";"";"";"";"";"";"";"";"";"";"";"";"";"";"";"";"";"";"";"";"";""
05.01.2023 10:05:04;1672909504000;880f01e687e2572cea04e80fc6a68085;437232;OK;1811;0;0;0;0;0,11;-14,43;0;0;961;710;"";217,44;32,62;743,173;72,3;20,816;0,93;1,406;0,2;9,758;1,68;0,0;10,0;0,0;10,0;0,156;10,0;37,67;13,76;11,271;11,05;1,112;10,0;0,346;10,0;0,346;10,0;0,286;10,0;2,401;23,216;0,53;38,752;3,27;8,098;0,57;8,577;1,06;962,203;1,0;"";"";19,045;2,56;45,386;14,14;"";"";34,343;10,75;54,7;"";"";"";"";"";"";"";"";"";"";"";"";"";"";"";"";"";"";"";"";"";"";"";"";"";"";"";"";"";"";"";"";"";"";"";"";"";"";"";"";"";"";"";"";"";"";"";"";"";"";"";"";"";"";"";"";"";"";"";"";"";"";"";"";""
05.01.2023 10:07:03;1672909623000;880f01e687e2572cea04e80fc6a68085;437352;OK;1807;1;0;0;0;0,13;56,63;0;0;960;691;"";219,872;32,98;770,122;73,1;20,816;0,93;1,409;0,2;9,695;1,68;0,0;10,0;0,0;10,0;0,017;10,0;24,894;12,59;7,87;10,84;0,586;10,0;0,505;10,0;0,505;10,0;0,031;10,0;1,149;23,235;0,53;38,82;3,27;8,121;0,57;8,62;1,05;962,227;1,0;"";"";18,962;2,57;45,061;14,13;"";"";34,584;10,69;54,1;"";"";"";"";"";"";"";"";"";"";"";"";"";"";"";"";"";"";"";"";"";"";"";"";"";"";"";"";"";"";"";"";"";"";"";"";"";"";"";"";"";"";"";"";"";"";"";"";"";"";"";"";"";"";"";"";"";"";"";"";"";"";"";"";""
05.01.2023 10:09:04;1672909744000;880f01e687e2572cea04e80fc6a68085;437472;OK;1821;2;0;0;0;0,15;137,46;0;0;959;685;"";221,864;33,28;778,834;73,36;20,817;0,93;1,41;0,2;9,593;1,67;0,0;10,0;0,0;10,0;0,254;10,0;50,504;14,98;16,142;11,58;2,191;10,24;0,906;10,0;0,906;10,0;0,003;10,0;3,289;23,254;0,53;38,862;3,27;8,139;0,58;8,653;1,05;962,257;1,0;"";"";18,941;2,57;44,999;14,13;"";"";34,309;11,1;62,8;"";"";"";"";"";"";"";"";"";"";"";"";"";"";"";"";"";"";"";"";"";"";"";"";"";"";"";"";"";"";"";"";"";"";"";"";"";"";"";"";"";"";"";"";"";"";"";"";"";"";"";"";"";"";"";"";"";"";"";"";"";"";"";"";""
05.01.2023 10:11:05;1672909865000;880f01e687e2572cea04e80fc6a68085;437594;OK;1807;2;0;0;0;0,1;120,64;0;0;959;678;"";221,979;33,3;785,637;73,57;20,819;0,93;1,41;0,2;9,467;1,67;0,0;10,0;0,0;10,0;0,05;10,0;33,313;13,41;8,165;10,77;0,259;10,02;0,094;10,0;0,094;10,0;0,0;10,0;1,453;23,274;0,53;38,768;3,27;8,129;0,58;8,636;1,06;962,231;1,0;"";"";18,798;2,58;44,758;14,12;"";"";36,435;9,88;55,6;"";"";"";"";"";"";"";"";"";"";"";"";"";"";"";"";"";"";"";"";"";"";"";"";"";"";"";"";"";"";"";"";"";"";"";"";"";"";"";"";"";"";"";"";"";"";"";"";"";"";"";"";"";"";"";"";"";"";"";"";"";"";"";"";""
05.01.2023 10:13:05;1672909985000;880f01e687e2572cea04e80fc6a68085;437713;OK;1827;0;0;0;0;0,03;-2,3;0;0;960;685;"";221,045;33,16;772,479;73,17;20,819;0,93;1,411;0,2;9,366;1,66;0,0;10,0;0,0;10,0;0,005;10,0;33,116;13,4;9,915;10,9;0,782;10,0;0,01;10,0;0,01;10,0;0,0;10,0;1,048;23,293;0,53;38,734;3,27;8,131;0,58;8,64;1,06;962,253;1,0;"";"";18,669;2,58;44,189;14,09;"";"";32,538;12,85;53,3;"";"";"";"";"";"";"";"";"";"";"";"";"";"";"";"";"";"";"";"";"";"";"";"";"";"";"";"";"";"";"";"";"";"";"";"";"";"";"";"";"";"";"";"";"";"";"";"";"";"";"";"";"";"";"";"";"";"";"";"";"";"";"";"";""
05.01.2023 10:15:06;1672910106000;880f01e687e2572cea04e80fc6a68085;437834;OK;1824;0;0;0;0;0,07;-19,94;0;0;959;678;"";223,195;33,48;783,749;73,51;20,815;0,93;1,413;0,2;9,339;1,66;0,0;10,0;0,0;10,0;0,001;10,0;37,338;13,84;11,483;11,1;0,083;10,0;0,001;10,0;0,001;10,0;0,0;10,0;1,005;23,315;0,53;38,817;3,27;8,158;0,58;8,691;1,05;962,338;1,0;"";"";18,531;2,59;43,7;14,07;"";"";31,039;13,19;53,5;"";"";"";"";"";"";"";"";"";"";"";"";"";"";"";"";"";"";"";"";"";"";"";"";"";"";"";"";"";"";"";"";"";"";"";"";"";"";"";"";"";"";"";"";"";"";"";"";"";"";"";"";"";"";"";"";"";"";"";"";"";"";"";"";""
05.01.2023 10:17:06;1672910226000;880f01e687e2572cea04e80fc6a68085;437954;OK;1831;0;1;0;0;0,06;-26,03;0;0;959;682;"";222,803;33,42;774,233;73,23;20,817;0,93;1,415;0,2;9,246;1,65;0,0;10,0;0,0;10,0;0,0;10,0;33,47;13,5;10,117;11,06;0,009;10,0;0,0;10,0;0,0;10,0;0,0;10,0;1,001;23,332;0,53;38,731;3,27;8,148;0,58;8,673;1,06;962,346;1,0;"";"";18,233;2,61;43,249;14,05;"";"";33,105;11,8;56,2;"";"";"";"";"";"";"";"";"";"";"";"";"";"";"";"";"";"";"";"";"";"";"";"";"";"";"";"";"";"";"";"";"";"";"";"";"";"";"";"";"";"";"";"";"";"";"";"";"";"";"";"";"";"";"";"";"";"";"";"";"";"";"";"";""
05.01.2023 10:19:07;1672910347000;880f01e687e2572cea04e80fc6a68085;438075;OK;1835;0;0;0;0;-0,03;14,21;0;0;962;673;"";216,605;32,49;778,064;73,34;20,816;0,93;1,415;0,2;9,031;1,64;0,0;10,0;0,0;10,0;0,0;10,0;25,069;12,7;7,214;10,81;0,001;10,0;0,0;10,0;0,0;10,0;0,0;10,0;1,0;23,353;0,53;38,517;3,27;8,113;0,58;8,61;1,06;962,312;1,0;"";"";17,921;2,62;43,073;14,04;"";"";38,844;10,97;77,5;"";"";"";"";"";"";"";"";"";"";"";"";"";"";"";"";"";"";"";"";"";"";"";"";"";"";"";"";"";"";"";"";"";"";"";"";"";"";"";"";"";"";"";"";"";"";"";"";"";"";"";"";"";"";"";"";"";"";"";"";"";"";"";"";""
05.01.2023 10:21:07;1672910467000;880f01e687e2572cea04e80fc6a68085;438195;OK;1815;0;1;0;0;-0,16;-58,28;0;0;964;688;"";211,534;31,73;753,549;72,61;20,819;0,93;1,415;0,2;8,787;1,63;0,0;10,0;0,0;10,0;0,092;10,0;34,942;13,64;9,568;10,97;0,143;10,0;0,143;10,0;0,143;10,0;0,143;10,0;1,829;23,372;0,53;38,463;3,27;8,11;0,58;8,606;1,07;962,313;1,0;"";"";17,422;2,64;40,187;13,89;"";"";32,762;12,24;54,5;"";"";"";"";"";"";"";"";"";"";"";"";"";"";"";"";"";"";"";"";"";"";"";"";"";"";"";"";"";"";"";"";"";"";"";"";"";"";"";"";"";"";"";"";"";"";"";"";"";"";"";"";"";"";"";"";"";"";"";"";"";"";"";"";""
05.01.2023 10:23:08;1672910588000;880f01e687e2572cea04e80fc6a68085;438316;OK;1834;0;0;0;0;-0,07;-14,32;0;0;962;671;"";214,965;32,24;777,638;73,33;20,815;0,93;1,416;0,2;8,775;1,63;0,0;10,0;0,0;10,0;0,11;10,0;29,791;13,08;9,082;10,83;0,133;10,0;0,133;10,0;0,133;10,0;0,015;10,0;1,987;23,388;0,53;38,471;3,27;8,119;0,58;8,623;1,07;962,3679;1,0;"";"";17,231;2,65;39,004;13,83;"";"";32,189;12,06;63,4;"";"";"";"";"";"";"";"";"";"";"";"";"";"";"";"";"";"";"";"";"";"";"";"";"";"";"";"";"";"";"";"";"";"";"";"";"";"";"";"";"";"";"";"";"";"";"";"";"";"";"";"";"";"";"";"";"";"";"";"";"";"";"";"";""
05.01.2023 10:25:08;1672910708000;880f01e687e2572cea04e80fc6a68085;438437;OK;1814;1;0;0;0;0,11;37,83;0;0;958;664;"";223,884;33,58;790,9699;73,73001;20,811;0,93;1,416;0,2;8,953;1,64;0,0;10,0;0,0;10,0;0,083;10,0;24,455;12,67;8,061;10,83;0,175;10,0;0,175;10,0;0,175;10,0;0,002;10,0;1,747;23,413;0,53;38,615;3,27;8,161;0,58;8,701;1,06;962,356;1,0;"";"";17,295;2,65;38,952;13,83;"";"";31,999;12,58;54,2;"";"";"";"";"";"";"";"";"";"";"";"";"";"";"";"";"";"";"";"";"";"";"";"";"";"";"";"";"";"";"";"";"";"";"";"";"";"";"";"";"";"";"";"";"";"";"";"";"";"";"";"";"";"";"";"";"";"";"";"";"";"";"";"";""
05.01.2023 10:27:09;1672910829000;880f01e687e2572cea04e80fc6a68085;438557;OK;1818;4;0;0;0;0,22;212,99;0;0;957;630;"";227,509;34,13;842,248;75,27;20,811;0,93;1,419;0,2;9,113;1,65;0,0;10,0;0,0;10,0;0,266;10,0;31,778;13,21;8,805;10,85;1,318;10,02;0,5809999;10,0;0,5809999;10,0;0,0;10,0;3,397;23,436;0,53;38,677;3,27;8,185;0,58;8,745;1,06;962,399;1,0;"";"";17,375;2,65;39,933;13,88;"";"";33,028;11,74;67,0;"";"";"";"";"";"";"";"";"";"";"";"";"";"";"";"";"";"";"";"";"";"";"";"";"";"";"";"";"";"";"";"";"";"";"";"";"";"";"";"";"";"";"";"";"";"";"";"";"";"";"";"";"";"";"";"";"";"";"";"";"";"";"";"";""
05.01.2023 10:29:09;1672910949000;880f01e687e2572cea04e80fc6a68085;438677;OK;1810;4;0;0;0;0,02;245,53;0;0;962;609;"";216,658;32,5;855,48;75,66;20,811;0,93;1,42;0,2;8,896;1,64;0,0;10,0;0,0;10,0;0,028;10,0;34,92;13,54;8,925;10,91;0,141;10,0;0,062;10,0;0,062;10,0;0,0;10,0;1,256;23,452;0,53;38,242;3,27;8,1;0,58;8,591;1,07;962,406;1,0;"";"";17,192;2,66;40,105;13,9;"";"";39,619;8,41;78,2;"";"";"";"";"";"";"";"";"";"";"";"";"";"";"";"";"";"";"";"";"";"";"";"";"";"";"";"";"";"";"";"";"";"";"";"";"";"";"";"";"";"";"";"";"";"";"";"";"";"";"";"";"";"";"";"";"";"";"";"";"";"";"";"";""
05.01.2023 10:31:10;1672911070000;880f01e687e2572cea04e80fc6a68085;438798;OK;1821;0;1;0;0;-1,01;-313,43;0;0;955;716;"";175,531;26,33;658,468;69,75;20,844;0,93;1,417;0,2;7,412;1,61;0,0;10,0;0,0;10,0;0,003;10,0;31,475;13,23;8,244;10,76;0,015;10,0;0,007;10,0;0,007;10,0;0,0;10,0;1,027;23,452;0,53;36,736;3,28;7,781;0,59;7,997;1,13;962,44;1,0;"";"";15,332;2,75;29,676;13,35;"";"";33,915;11,62;53,3;"";"";"";"";"";"";"";"";"";"";"";"";"";"";"";"";"";"";"";"";"";"";"";"";"";"";"";"";"";"";"";"";"";"";"";"";"";"";"";"";"";"";"";"";"";"";"";"";"";"";"";"";"";"";"";"";"";"";"";"";"";"";"";"";""
05.01.2023 10:33:10;1672911190000;880f01e687e2572cea04e80fc6a68085;438918;OK;1822;0;1;0;0;-1,87;-949,91;0;0;937;794;"";144,138;21,62;536,696;66,1;20,857;0,93;1,41;0,2;5,61;1,68;0,0;10,0;0,0;10,0;0,0;10,0;44,325;14,28;14,197;11,29;0,687;10,0;0,001;10,0;0,001;10,0;0,0;10,0;1,003;23,425;0,53;35,78;3,29;7,567;0,6;7,587;1,16;962,4269;1,0;"";"";12,641;2,88;16,164;12,64;"";"";41,394;7,9;82,2;"";"";"";"";"";"";"";"";"";"";"";"";"";"";"";"";"";"";"";"";"";"";"";"";"";"";"";"";"";"";"";"";"";"";"";"";"";"";"";"";"";"";"";"";"";"";"";"";"";"";"";"";"";"";"";"";"";"";"";"";"";"";"";"";""
05.01.2023 10:35:10;1672911310000;880f01e687e2572cea04e80fc6a68085;439037;OK;1834;0;1;0;0;-1,8;-1018,97;0;0;933;827;"";129,904;19,49;496,613;64,9;20,859;0,93;1,403;0,2;4,501;1,73;0,0;10,0;0,0;10,0;0,0;10,0;48,601;14,9;14,487;11,4;0,076;10,0;0,0;10,0;0,0;10,0;0,0;10,0;1,0;23,381;0,53;35,563;3,3;7,503;0,59;7,46;1,17;962,442;1,0;"";"";10,318;2,99;8,088;12,21;"";"";47,813;5,88;81,7;"";"";"";"";"";"";"";"";"";"";"";"";"";"";"";"";"";"";"";"";"";"";"";"";"";"";"";"";"";"";"";"";"";"";"";"";"";"";"";"";"";"";"";"";"";"";"";"";"";"";"";"";"";"";"";"";"";"";"";"";"";"";"";"";""
05.01.2023 10:37:09;1672911429000;880f01e687e2572cea04e80fc6a68085;439158;OK;1820;0;1;0;0;-0,78;-419,7;0;0;934;825;"";136,688;20,5;501,65;65,05001;20,858;0,93;1,399;0,2;4,4;1,73;0,0;10,0;0,0;10,0;0,0;10,0;55,993;15,37;16,492;11,55;0,008;10,0;0,0;10,0;0,0;10,0;0,0;10,0;1,0;23,345;0,53;35,593;3,3;7,494;0,59;7,441;1,17;962,4479;1,0;"";"";9,125;3,05;2,431;11,91;"";"";34,588;11,23;53,0;"";"";"";"";"";"";"";"";"";"";"";"";"";"";"";"";"";"";"";"";"";"";"";"";"";"";"";"";"";"";"";"";"";"";"";"";"";"";"";"";"";"";"";"";"";"";"";"";"";"";"";"";"";"";"";"";"";"";"";"";"";"";"";"";""
05.01.2023 10:39:10;1672911550000;880f01e687e2572cea04e80fc6a68085;439278;OK;1823;0;1;0;0;-0,15;-45,05;0;0;935;821;"";145,71;21,86;509,105;65,27;20,857;0,93;1,395;0,19;4,884;1,71;0,0;10,0;0,0;10,0;0,0;10,0;46,522;14,66;13,738;11,4;0,001;10,0;0,0;10,0;0,0;10,0;0,0;10,0;1,0;23,331;0,53;35,651;3,3;7,5;0,59;7,452;1,17;962,4829;1,0;"";"";8,901;3,06;1,293;11,85;"";"";34,661;9,97;55,2;"";"";"";"";"";"";"";"";"";"";"";"";"";"";"";"";"";"";"";"";"";"";"";"";"";"";"";"";"";"";"";"";"";"";"";"";"";"";"";"";"";"";"";"";"";"";"";"";"";"";"";"";"";"";"";"";"";"";"";"";"";"";"";"";""
05.01.2023 10:41:11;1672911671000;880f01e687e2572cea04e80fc6a68085;439399;OK;1818;1;0;0;0;0,07;54,92;0;0;937;821;"";150,453;22,57;512,086;65,36;20,859;0,93;1,393;0,19;5,842;1,66;0,0;10,0;0,0;10,0;0,0;10,0;30,001;13,23;8,655;10,99;0,763;10,0;0,763;10,0;0,763;10,0;0,0;10,0;1,0;23,33;0,53;35,733;3,3;7,516;0,59;7,484;1,16;962,442;1,0;"";"";9,194;3,05;3,566;11,97;"";"";33,121;11,33;54,0;"";"";"";"";"";"";"";"";"";"";"";"";"";"";"";"";"";"";"";"";"";"";"";"";"";"";"";"";"";"";"";"";"";"";"";"";"";"";"";"";"";"";"";"";"";"";"";"";"";"";"";"";"";"";"";"";"";"";"";"";"";"";"";"";""
05.01.2023 10:43:10;1672911790000;880f01e687e2572cea04e80fc6a68085;439519;OK;1819;1;0;0;0;0,13;50,07;0;0;940;814;"";159,075;23,86;522,338;65,67;20,858;0,93;1,392;0,19;7,068;1,61;0,0;10,0;0,0;10,0;0,0;10,0;17,916;11,92;4,586;10,29;0,081;10,0;0,081;10,0;0,081;10,0;0,0;10,0;1,0;23,335;0,53;35,853;3,29;7,544;0,59;7,538;1,16;962,431;1,0;"";"";9,979;3,01;6,881;12,14;"";"";31,73;12,77;56,0;"";"";"";"";"";"";"";"";"";"";"";"";"";"";"";"";"";"";"";"";"";"";"";"";"";"";"";"";"";"";"";"";"";"";"";"";"";"";"";"";"";"";"";"";"";"";"";"";"";"";"";"";"";"";"";"";"";"";"";"";"";"";"";"";""
05.01.2023 10:45:11;1672911911000;880f01e687e2572cea04e80fc6a68085;439639;OK;1815;2;0;0;0;0,28;110,49;0;0;945;795;"";172,469;25,87;550,887;66,53;20,856;0,93;1,393;0,19;8,365;1,62;0,0;10,0;0,0;10,0;0,078;10,0;27,079;12,77;7,546;10,65;1,117;10,0;0,771;10,0;0,771;10,0;0,0;10,0;1,703;23,342;0,53;36,096;3,29;7,598;0,59;7,644;1,15;962,4539;1,0;"";"";11,165;2,95;11,06;12,36;"";"";31,333;13,22;58,3;"";"";"";"";"";"";"";"";"";"";"";"";"";"";"";"";"";"";"";"";"";"";"";"";"";"";"";"";"";"";"";"";"";"";"";"";"";"";"";"";"";"";"";"";"";"";"";"";"";"";"";"";"";"";"";"";"";"";"";"";"";"";"";"";""
05.01.2023 10:47:13;1672912033000;880f01e687e2572cea04e80fc6a68085;439761;OK;1804;3;0;0;0;0,33;153,89;0;0;947;786;"";182,36;27,35;564,243;66,93;20,851;0,93;1,395;0,19;9,494;1,67;0,0;10,0;0,0;10,0;0,04;10,0;41,289;14,12;13,21;11,23;1,074;10,0;0,326;10,0;0,326;10,0;0,0;10,0;1,362;23,357;0,53;36,218;3,29;7,63;0,59;7,706;1,14;962,435;1,0;"";"";12,292;2,9;14,853;12,56;"";"";30,404;13,63;53,0;"";"";"";"";"";"";"";"";"";"";"";"";"";"";"";"";"";"";"";"";"";"";"";"";"";"";"";"";"";"";"";"";"";"";"";"";"";"";"";"";"";"";"";"";"";"";"";"";"";"";"";"";"";"";"";"";"";"";"";"";"";"";"";"";""
05.01.2023 10:49:12;1672912152000;880f01e687e2572cea04e80fc6a68085;439879;OK;1844;2;0;0;0;0,21;132,09;0;0;945;781;"";184,512;27,68;565,626;66,97;20,857;0,93;1,396;0,19;10,1;1,7;0,0;10,0;0,0;10,0;0,042;10,0;31,224;13,13;9,783;10,82;0,684;10,06;0,246;10,0;0,246;10,0;0,21;10,0;1,376;23,375;0,53;36,11;3,29;7,615;0,59;7,679;1,15;962,41;1,0;"";"";13,073;2,86;17,472;12,7;"";"";33,105;12,66;56,6;"";"";"";"";"";"";"";"";"";"";"";"";"";"";"";"";"";"";"";"";"";"";"";"";"";"";"";"";"";"";"";"";"";"";"";"";"";"";"";"";"";"";"";"";"";"";"";"";"";"";"";"";"";"";"";"";"";"";"";"";"";"";"";"";""
05.01.2023 10:51:14;1672912274000;880f01e687e2572cea04e80fc6a68085;440002;OK;1809;0;0;0;0;-0,02;16,76;0;0;943;787;"";185,901;27,89;555,626;66,67;20,853;0,93;1,398;0,2;10,39;1,72;0,0;10,0;0,0;10,0;0,004;10,0;37,696;13,7;10,333;10,94;0,759;10,01;0,025;10,0;0,025;10,0;0,022;10,0;1,039;23,385;0,53;36,013;3,29;7,599;0,59;7,647;1,15;962,404;1,0;"";"";13,373;2,84;19,238;12,79;"";"";31,573;13,49;53,9;"";"";"";"";"";"";"";"";"";"";"";"";"";"";"";"";"";"";"";"";"";"";"";"";"";"";"";"";"";"";"";"";"";"";"";"";"";"";"";"";"";"";"";"";"";"";"";"";"";"";"";"";"";"";"";"";"";"";"";"";"";"";"";"";""
05.01.2023 10:53:12;1672912392000;880f01e687e2572cea04e80fc6a68085;440120;OK;1821;0;1;0;0;-0,11;-43,91;0;0;941;788;"";185,532;27,83;551,125;66,53;20,85;0,93;1,4;0,2;10,494;1,72;0,0;10,0;0,0;10,0;0,0;10,0;34,946;13,45;8,479;10,88;0,084;10,0;0,003;10,0;0,003;10,0;0,002;10,0;1,004;23,393;0,53;35,94;3,29;7,587;0,59;7,625;1,16;962,3759;1,0;"";"";13,606;2,83;20,306;12,85;"";"";32,019;12,5;53,9;"";"";"";"";"";"";"";"";"";"";"";"";"";"";"";"";"";"";"";"";"";"";"";"";"";"";"";"";"";"";"";"";"";"";"";"";"";"";"";"";"";"";"";"";"";"";"";"";"";"";"";"";"";"";"";"";"";"";"";"";"";"";"";"";""
05.01.2023 10:55:13;1672912513000;880f01e687e2572cea04e80fc6a68085;440241;OK;1827;0;1;0;0;-0,1;-59,67;0;0;940;789;"";186,794;28,02;547,6;66,43;20,853;0,93;1,4;0,2;10,566;1,72;0,0;10,0;0,0;10,0;0,0;10,0;38,29;13,71;11,187;11,06;0,583;10,0;0,0;10,0;0,0;10,0;0,0;10,0;1,0;23,405;0,53;35,887;3,29;7,581;0,59;7,614;1,16;962,4359;1,0;"";"";13,814;2,82;21,346;12,91;"";"";32,767;11,46;53,1;"";"";"";"";"";"";"";"";"";"";"";"";"";"";"";"";"";"";"";"";"";"";"";"";"";"";"";"";"";"";"";"";"";"";"";"";"";"";"";"";"";"";"";"";"";"";"";"";"";"";"";"";"";"";"";"";"";"";"";"";"";"";"";"";""
05.01.2023 10:57:14;1672912634000;880f01e687e2572cea04e80fc6a68085;440362;OK;1831;0;1;0;0;-0,08;-29,83;0;0;938;790;"";188,351;28,25;543,409;66,30001;20,858;0,93;1,401;0,2;10,542;1,72;0,0;10,0;0,0;10,0;0,0;10,0;32,148;13,34;9,155;10,92;0,503;10,02;0,233;10,0;0,0;10,0;0,0;10,0;1,0;23,412;0,53;35,796;3,29;7,565;0,59;7,583;1,16;962,426;1,0;"";"";13,893;2,82;22,105;12,95;"";"";37,744;10,89;74,5;"";"";"";"";"";"";"";"";"";"";"";"";"";"";"";"";"";"";"";"";"";"";"";"";"";"";"";"";"";"";"";"";"";"";"";"";"";"";"";"";"";"";"";"";"";"";"";"";"";"";"";"";"";"";"";"";"";"";"";"";"";"";"";"";""
05.01.2023 10:59:14;1672912754000;880f01e687e2572cea04e80fc6a68085;440482;OK;1810;0;0;0;0;-0,01;-23,7;0;0;941;794;"";179,474;26,92;542,924;66,29;20,858;0,93;1,401;0,2;10,348;1,71;0,0;10,0;0,0;10,0;0,0;10,0;43,326;14,33;11,685;11,07;1,005;10,0;0,025;10,0;0,0;10,0;0,0;10,0;1,0;23,42;0,53;35,936;3,29;7,598;0,59;7,647;1,16;962,482;1,0;"";"";13,999;2,81;24,918;13,1;"";"";50,375;6,06;84,2;"";"";"";"";"";"";"";"";"";"";"";"";"";"";"";"";"";"";"";"";"";"";"";"";"";"";"";"";"";"";"";"";"";"";"";"";"";"";"";"";"";"";"";"";"";"";"";"";"";"";"";"";"";"";"";"";"";"";"";"";"";"";"";"";""
05.01.2023 11:01:15;1672912875000;880f01e687e2572cea04e80fc6a68085;440603;OK;1834;1;0;0;0;0,24;50,93;0;0;947;775;"";182,199;27,33;571,246;67,14;20,851;0,93;1,402;0,2;10,546;1,72;0,0;10,0;0,0;10,0;0,0;10,0;45,767;14,46;12,724;11,24;0,467;10,05;0,197;10,0;0,0;10,0;0,0;10,0;1,0;23,439;0,53;36,207;3,29;7,663;0,59;7,774;1,15;962,45;1,0;"";"";14,46;2,79;28,918;13,31;"";"";40,432;9,0;77,1;"";"";"";"";"";"";"";"";"";"";"";"";"";"";"";"";"";"";"";"";"";"";"";"";"";"";"";"";"";"";"";"";"";"";"";"";"";"";"";"";"";"";"";"";"";"";"";"";"";"";"";"";"";"";"";"";"";"";"";"";"";"";"";"";""
05.01.2023 11:03:14;1672912994000;880f01e687e2572cea04e80fc6a68085;440722;OK;1816;1;0;0;0;0,28;85,88;0;0;944;773;"";184,722;27,71;567,726;67,03;20,852;0,93;1,405;0,2;10,72;1,73;0,0;10,0;0,0;10,0;0,0;10,0;39,746;13,98;12,738;11,22;0,526;10,01;0,171;10,0;0,0;10,0;0,0;10,0;1,0;23,47;0,53;36,073;3,29;7,649;0,59;7,748;1,15;962,457;1,0;"";"";14,761;2,78;30,948;13,42;"";"";34,188;12,13;56,8;"";"";"";"";"";"";"";"";"";"";"";"";"";"";"";"";"";"";"";"";"";"";"";"";"";"";"";"";"";"";"";"";"";"";"";"";"";"";"";"";"";"";"";"";"";"";"";"";"";"";"";"";"";"";"";"";"";"";"";"";"";"";"";"";""
05.01.2023 11:05:15;1672913115000;880f01e687e2572cea04e80fc6a68085;440844;OK;1805;1;0;0;0;0,12;56,89;0;0;943;772;"";190,37;28,56;565,418;66,96;20,854;0,93;1,407;0,2;10,678;1,73;0,0;10,0;0,0;10,0;0,235;10,0;40,623;14,05;13,076;11,31;0,906;10,0;0,64;10,0;0,622;10,0;0,0;10,0;3,112;23,501;0,53;36,002;3,29;7,647;0,6;7,746;1,15;962,496;1,0;"";"";15,065;2,76;32,316;13,49;"";"";33,897;11,0;53,5;"";"";"";"";"";"";"";"";"";"";"";"";"";"";"";"";"";"";"";"";"";"";"";"";"";"";"";"";"";"";"";"";"";"";"";"";"";"";"";"";"";"";"";"";"";"";"";"";"";"";"";"";"";"";"";"";"";"";"";"";"";"";"";"";""
05.01.2023 11:07:15;1672913235000;880f01e687e2572cea04e80fc6a68085;440963;OK;1819;0;1;0;0;-0,09;-27,48;0;0;940;773;"";190,526;28,58;560,116;66,8;20,857;0,93;1,408;0,2;10,383;1,72;0,0;10,0;0,0;10,0;0,033;10,0;25,403;12,59;8,016;10,75;0,09700001;10,0;0,06800001;10,0;0,06599999;10,0;0,0;10,0;1,293;23,527;0,53;35,893;3,29;7,635;0,6;7,724;1,16;962,463;1,0;"";"";15,259;2,75;33,487;13,56;"";"";34,496;11,0;58,6;"";"";"";"";"";"";"";"";"";"";"";"";"";"";"";"";"";"";"";"";"";"";"";"";"";"";"";"";"";"";"";"";"";"";"";"";"";"";"";"";"";"";"";"";"";"";"";"";"";"";"";"";"";"";"";"";"";"";"";"";"";"";"";"";""
05.01.2023 11:09:15;1672913355000;880f01e687e2572cea04e80fc6a68085;441083;OK;1822;0;0;0;0;0,0;-8,07;0;0;941;763;"";190,979;28,65;569,558;67,09;20,852;0,93;1,411;0,2;10,232;1,71;0,0;10,0;0,0;10,0;0,003;10,0;44,795;14,33;13,93;11,34;1,297;10,02;0,007;10,0;0,007;10,0;0,0;10,0;1,031;23,561;0,53;35,91;3,29;7,653;0,6;7,761;1,16;962,4969;1,0;"";"";15,417;2,74;33,999;13,59;"";"";35,151;9,82;71,2;"";"";"";"";"";"";"";"";"";"";"";"";"";"";"";"";"";"";"";"";"";"";"";"";"";"";"";"";"";"";"";"";"";"";"";"";"";"";"";"";"";"";"";"";"";"";"";"";"";"";"";"";"";"";"";"";"";"";"";"";"";"";"";"";""
05.01.2023 11:11:16;1672913476000;880f01e687e2572cea04e80fc6a68085;441204;OK;1811;1;0;0;0;0,06;53,47;0;0;940;750;"";194,215;29,13;583,2459;67,5;20,857;0,93;1,412;0,2;9,975;1,69;0,0;10,0;0,0;10,0;0,0;10,0;60,484;15,96;18,756;11,81;1,739;10,16;0,001;10,0;0,001;10,0;0,0;10,0;1,003;23,589;0,53;35,895;3,29;7,663;0,6;7,78;1,16;962,533;1,0;"";"";15,506;2,74;34,475;13,62;"";"";35,51;10,05;56,6;"";"";"";"";"";"";"";"";"";"";"";"";"";"";"";"";"";"";"";"";"";"";"";"";"";"";"";"";"";"";"";"";"";"";"";"";"";"";"";"";"";"";"";"";"";"";"";"";"";"";"";"";"";"";"";"";"";"";"";"";"";"";"";"";""
05.01.2023 11:13:17;1672913597000;880f01e687e2572cea04e80fc6a68085;441325;OK;1837;1;0;0;0;0,1;87,21;0;0;941;744;"";197,465;29,62;590,52;67,72;20,856;0,93;1,414;0,2;9,796;1,68;0,0;10,0;0,0;10,0;0,0;10,0;32,583;13,41;9,299;10,96;0,186;10,02;0,0;10,0;0,0;10,0;0,0;10,0;1,0;23,612;0,53;35,924;3,29;7,679;0,6;7,813;1,16;962,543;1,0;"";"";15,561;2,74;35,544;13,68;"";"";35,315;11,69;62,1;"";"";"";"";"";"";"";"";"";"";"";"";"";"";"";"";"";"";"";"";"";"";"";"";"";"";"";"";"";"";"";"";"";"";"";"";"";"";"";"";"";"";"";"";"";"";"";"";"";"";"";"";"";"";"";"";"";"";"";"";"";"";"";"";""
05.01.2023 11:15:17;1672913717000;880f01e687e2572cea04e80fc6a68085;441445;OK;1814;2;0;0;0;0,09;100,47;0;0;940;730;"";198,567;29,79;605,269;68,16;20,855;0,93;1,417;0,2;9,623;1,67;0,0;10,0;0,0;10,0;0,26;10,0;36,648;13,68;10,316;11,08;1,363;10,08;1,077;10,05;0,495;10,05;0,249;10,0;2,389;23,641;0,53;35,908;3,29;7,688;0,6;7,831;1,16;962,509;1,0;"";"";15,526;2,74;36,823;13,75;"";"";34,899;10,46;57,8;"";"";"";"";"";"";"";"";"";"";"";"";"";"";"";"";"";"";"";"";"";"";"";"";"";"";"";"";"";"";"";"";"";"";"";"";"";"";"";"";"";"";"";"";"";"";"";"";"";"";"";"";"";"";"";"";"";"";"";"";"";"";"";"";""
05.01.2023 11:17:18;1672913838000;880f01e687e2572cea04e80fc6a68085;441567;OK;1805;1;0;0;0;0,1;54,29;0;0;940;732;"";198,873;29,83;600,146;68,0;20,856;0,93;1,419;0,2;9,401;1,66;0,0;10,0;0,0;10,0;0,714;10,0;34,638;13,49;10,921;11,01;1,759;10,11;1,575;10,11;1,515;10,11;0,026;10,0;6,635;23,668;0,53;35,901;3,29;7,699;0,6;7,853;1,16;962,549;1,0;"";"";15,566;2,74;38,208;13,82;"";"";33,506;10,99;53,5;"";"";"";"";"";"";"";"";"";"";"";"";"";"";"";"";"";"";"";"";"";"";"";"";"";"";"";"";"";"";"";"";"";"";"";"";"";"";"";"";"";"";"";"";"";"";"";"";"";"";"";"";"";"";"";"";"";"";"";"";"";"";"";"";""
05.01.2023 11:19:18;1672913958000;880f01e687e2572cea04e80fc6a68085;441686;OK;1816;1;0;0;0;0,14;86,82;0;0;941;713;"";199,507;29,93;624,184;68,73001;20,852;0,93;1,421;0,2;9,286;1,66;0,0;10,0;0,0;10,0;0,228;10,0;32,439;13,28;9,311;10,97;1,777;10,01;0,969;10,01;0,646;10,01;0,003;10,0;2,964;23,694;0,53;35,947;3,29;7,72;0,6;7,894;1,16;962,616;1,0;"";"";15,651;2,73;39,313;13,89;"";"";34,371;10,16;57,8;"";"";"";"";"";"";"";"";"";"";"";"";"";"";"";"";"";"";"";"";"";"";"";"";"";"";"";"";"";"";"";"";"";"";"";"";"";"";"";"";"";"";"";"";"";"";"";"";"";"";"";"";"";"";"";"";"";"";"";"";"";"";"";"";""
05.01.2023 11:21:18;1672914078000;880f01e687e2572cea04e80fc6a68085;441806;OK;1823;1;0;0;0;0,12;48,59;0;0;942;717;"";202,181;30,33;619,217;68,58;20,858;0,93;1,422;0,2;9,105;1,65;0,0;10,0;0,086;10,0;0,187;10,0;34,779;13,57;11,255;10,97;1,4;10,13;0,355;10,0;0,139;10,0;0,0;10,0;1,648;23,713;0,53;35,988;3,29;7,737;0,6;7,928;1,15;962,6639;1,0;"";"";15,738;2,73;39,735;13,91;"";"";35,083;10,21;55,0;"";"";"";"";"";"";"";"";"";"";"";"";"";"";"";"";"";"";"";"";"";"";"";"";"";"";"";"";"";"";"";"";"";"";"";"";"";"";"";"";"";"";"";"";"";"";"";"";"";"";"";"";"";"";"";"";"";"";"";"";"";"";"";"";""
05.01.2023 11:23:18;1672914198000;880f01e687e2572cea04e80fc6a68085;441926;OK;1817;1;0;0;0;0,13;74,36;0;0;942;707;"";202,141;30,32;628,437;68,85;20,856;0,93;1,424;0,2;8,924;1,64;0,0;10,0;0,009;10,0;0,02;10,0;29,939;13,05;9,642;11,0;0,149;10,01;0,038;10,0;0,015;10,0;0,0;10,0;1,069;23,744;0,53;35,96;3,29;7,744;0,6;7,943;1,16;962,675;1,0;"";"";15,747;2,73;40,23;13,94;"";"";32,912;11,76;56,6;"";"";"";"";"";"";"";"";"";"";"";"";"";"";"";"";"";"";"";"";"";"";"";"";"";"";"";"";"";"";"";"";"";"";"";"";"";"";"";"";"";"";"";"";"";"";"";"";"";"";"";"";"";"";"";"";"";"";"";"";"";"";"";"";""
05.01.2023 11:25:19;1672914319000;880f01e687e2572cea04e80fc6a68085;442048;OK;1808;0;0;0;0;0,1;16,18;0;0;943;706;"";201,385;30,21;629,418;68,88;20,853;0,93;1,426;0,2;8,749;1,63;0,0;10,0;0,001;10,0;0,002;10,0;44,971;14,54;12,581;11,25;1,688;10,19;0,693;10,0;0,002;10,0;0,0;10,0;1,007;23,768;0,53;36,009;3,29;7,766;0,6;7,985;1,15;962,6829;1,0;"";"";15,721;2,73;40,4;13,95;"";"";33,535;11,55;58,2;"";"";"";"";"";"";"";"";"";"";"";"";"";"";"";"";"";"";"";"";"";"";"";"";"";"";"";"";"";"";"";"";"";"";"";"";"";"";"";"";"";"";"";"";"";"";"";"";"";"";"";"";"";"";"";"";"";"";"";"";"";"";"";"";""
05.01.2023 11:27:19;1672914439000;880f01e687e2572cea04e80fc6a68085;442168;OK;1809;1;0;0;0;0,18;76,13;0;0;945;691;"";205,052;30,76;650,002;69,5;20,851;0,93;1,428;0,2;8,687;1,63;0,0;10,0;0,0;10,0;0,398;10,0;55,446;15,37;17,029;11,53;1,037;10,02;0,9309999;10,0;0,338;10,0;0,338;10,0;3,358;23,791;0,53;36,108;3,29;7,797;0,6;8,046;1,15;962,667;1,0;"";"";15,795;2,73;40,588;13,96;"";"";34,911;10,67;83,9;"";"";"";"";"";"";"";"";"";"";"";"";"";"";"";"";"";"";"";"";"";"";"";"";"";"";"";"";"";"";"";"";"";"";"";"";"";"";"";"";"";"";"";"";"";"";"";"";"";"";"";"";"";"";"";"";"";"";"";"";"";"";"";"";""
05.01.2023 11:29:19;1672914559000;880f01e687e2572cea04e80fc6a68085;442286;OK;1856;2;0;0;0;0,22;104,39;0;0;946;675;"";208,866;31,33;670,619;70,12001;20,849;0,93;1,43;0,2;8,734;1,63;0,0;10,0;0,0;10,0;0,044;10,0;74,423;17,18;22,074;12,06;0,114;10,0;0,103;10,0;0,037;10,0;0,037;10,0;1,26;23,815;0,53;36,164;3,29;7,82;0,61;8,09;1,15;962,704;1,0;"";"";16,013;2,72;41,114;13,99;"";"";36,166;9,22;53,9;"";"";"";"";"";"";"";"";"";"";"";"";"";"";"";"";"";"";"";"";"";"";"";"";"";"";"";"";"";"";"";"";"";"";"";"";"";"";"";"";"";"";"";"";"";"";"";"";"";"";"";"";"";"";"";"";"";"";"";"";"";"";"";"";""
05.01.2023 11:31:21;1672914681000;880f01e687e2572cea04e80fc6a68085;442409;OK;1825;2;0;0;0;0,15;138,58;0;0;944;665;"";209,392;31,41;679,064;70,37;20,85;0,93;1,432;0,2;8,618;1,62;0,0;10,0;0,0;10,0;0,005;10,0;42,119;14,14;12,65;11,19;0,012;10,0;0,011;10,0;0,004;10,0;0,004;10,0;1,027;23,839;0,53;36,059;3,29;7,808;0,61;8,068;1,15;962,6909;1,0;"";"";16,057;2,71;41,496;14,02;"";"";33,554;10,41;63,9;"";"";"";"";"";"";"";"";"";"";"";"";"";"";"";"";"";"";"";"";"";"";"";"";"";"";"";"";"";"";"";"";"";"";"";"";"";"";"";"";"";"";"";"";"";"";"";"";"";"";"";"";"";"";"";"";"";"";"";"";"";"";"";"";""
05.01.2023 11:33:20;1672914800000;880f01e687e2572cea04e80fc6a68085;442528;OK;1823;1;0;0;0;-0,03;22,5;0;0;941;677;"";204,659;30,7;657,253;69,72;20,849;0,93;1,433;0,2;8,403;1,61;0,0;10,0;0,0;10,0;0,001;10,0;42,698;14,18;11,991;11,12;0,173;10,0;0,173;10,0;0,172;10,0;0,0;10,0;1,003;23,856;0,53;35,913;3,29;7,784;0,61;8,023;1,16;962,661;1,0;"";"";15,821;2,73;41,237;14,01;"";"";35,06;10,69;66,8;"";"";"";"";"";"";"";"";"";"";"";"";"";"";"";"";"";"";"";"";"";"";"";"";"";"";"";"";"";"";"";"";"";"";"";"";"";"";"";"";"";"";"";"";"";"";"";"";"";"";"";"";"";"";"";"";"";"";"";"";"";"";"";"";""
05.01.2023 11:35:20;1672914920000;880f01e687e2572cea04e80fc6a68085;442649;OK;1829;0;1;0;0;0,05;-28,62;0;0;947;672;"";210,757;31,61;671,667;70,15;20,847;0,93;1,435;0,2;8,427;1,61;0,0;10,0;0,0;10,0;0,227;10,0;42,827;14,17;12,485;11,17;0,764;10,0;0,593;10,0;0,593;10,0;0,574;10,0;3,046;23,878;0,53;36,202;3,28;7,856;0,61;8,161;1,15;962,715;1,0;"";"";15,89;2,72;41,43;14,02;"";"";38,284;8,57;72,5;"";"";"";"";"";"";"";"";"";"";"";"";"";"";"";"";"";"";"";"";"";"";"";"";"";"";"";"";"";"";"";"";"";"";"";"";"";"";"";"";"";"";"";"";"";"";"";"";"";"";"";"";"";"";"";"";"";"";"";"";"";"";"";"";""
05.01.2023 11:37:21;1672915041000;880f01e687e2572cea04e80fc6a68085;442769;OK;1818;2;0;0;0;0,3;147,68;0;0;950;632;"";217,317;32,6;727,637;71,83;20,846;0,93;1,439;0,2;8,544;1,62;0,0;10,0;0,0;10,0;0,024;10,0;45,952;14,53;12,598;11,11;0,08200001;10,0;0,063;10,0;0,063;10,0;0,061;10,0;1,218;23,902;0,53;36,343;3,28;7,897;0,61;8,239;1,14;962,729;1,0;"";"";16,255;2,71;43,116;14,11;"";"";38,39;8,61;71,7;"";"";"";"";"";"";"";"";"";"";"";"";"";"";"";"";"";"";"";"";"";"";"";"";"";"";"";"";"";"";"";"";"";"";"";"";"";"";"";"";"";"";"";"";"";"";"";"";"";"";"";"";"";"";"";"";"";"";"";"";"";"";"";"";""
05.01.2023 11:39:21;1672915161000;880f01e687e2572cea04e80fc6a68085;442889;OK;1811;5;0;0;0;0,38;266,04;0;0;950;621;"";216,672;32,5;739,508;72,19;20,84;0,93;1,44;0,2;8,431;1,61;0,0;10,0;0,0;10,0;0,003;10,0;30,217;13,0;9,187;10,84;0,157;10,0;0,007;10,0;0,007;10,0;0,007;10,0;1,023;23,931;0,53;36,341;3,28;7,91;0,61;8,264;1,14;962,719;1,0;"";"";16,424;2,7;43,748;14,15;"";"";44,715;6,32;73,5;"";"";"";"";"";"";"";"";"";"";"";"";"";"";"";"";"";"";"";"";"";"";"";"";"";"";"";"";"";"";"";"";"";"";"";"";"";"";"";"";"";"";"";"";"";"";"";"";"";"";"";"";"";"";"";"";"";"";"";"";"";"";"";"";""
05.01.2023 11:41:21;1672915281000;880f01e687e2572cea04e80fc6a68085;443009;OK;1820;3;0;0;0;0,18;169,12;0;0;949;625;"";213,446;32,02;732,011;71,96;20,84;0,93;1,443;0,2;8,39;1,61;0,0;10,0;0,0;10,0;0,637;10,0;37,197;13,72;11,171;10,96;1,895;10,19;1,478;10,19;0,897;10,0;0,582;10,0;4,86;23,95;0,53;36,318;3,28;7,914;0,61;8,272;1,14;962,7419;1,0;"";"";16,468;2,69;44,559;14,19;"";"";35,544;11,26;67,7;"";"";"";"";"";"";"";"";"";"";"";"";"";"";"";"";"";"";"";"";"";"";"";"";"";"";"";"";"";"";"";"";"";"";"";"";"";"";"";"";"";"";"";"";"";"";"";"";"";"";"";"";"";"";"";"";"";"";"";"";"";"";"";"";""
05.01.2023 11:43:23;1672915403000;880f01e687e2572cea04e80fc6a68085;443131;OK;1824;0;1;0;0;0,05;-59,79;0;0;950;636;"";213,541;32,03;717,81;71,53;20,845;0,93;1,444;0,2;8,317;1,61;0,0;10,0;0,0;10,0;0,117;10,0;29,368;13,13;9,11;11,01;0,507;10,02;0,249;10,02;0,189;10,0;0,06;10,0;1,857;23,971;0,53;36,359;3,28;7,932;0,61;8,307;1,14;962,7399;1,0;"";"";16,378;2,7;44,87;14,21;"";"";34,195;11,58;64,9;"";"";"";"";"";"";"";"";"";"";"";"";"";"";"";"";"";"";"";"";"";"";"";"";"";"";"";"";"";"";"";"";"";"";"";"";"";"";"";"";"";"";"";"";"";"";"";"";"";"";"";"";"";"";"";"";"";"";"";"";"";"";"";"";""
05.01.2023 11:45:22;1672915522000;880f01e687e2572cea04e80fc6a68085;443250;OK;1817;0;1;0;0;0,08;-31,25;0;0;951;625;"";217,792;32,67;732,52;71,98;20,843;0,93;1,446;0,2;8,219;1,6;0,0;10,0;0,0;10,0;0,136;10,0;44,211;14,45;13,056;11,36;0,281;10,0;0,253;10,0;0,246;10,0;0,007;10,0;2,207;23,988;0,53;36,395;3,28;7,948;0,61;8,337;1,14;962,766;1,0;"";"";16,354;2,7;45,212;14,23;"";"";31,729;12,63;54,0;"";"";"";"";"";"";"";"";"";"";"";"";"";"";"";"";"";"";"";"";"";"";"";"";"";"";"";"";"";"";"";"";"";"";"";"";"";"";"";"";"";"";"";"";"";"";"";"";"";"";"";"";"";"";"";"";"";"";"";"";"";"";"";"";""
05.01.2023 11:47:24;1672915644000;880f01e687e2572cea04e80fc6a68085;443372;OK;1816;0;1;0;0;-0,05;-31,95;0;0;944;635;"";214,265;32,14;706,953;71,21;20,844;0,93;1,447;0,2;7,939;1,59;0,0;10,0;0,0;10,0;0,104;10,0;53,725;15,36;17,075;11,65;0,497;10,0;0,494;10,0;0,493;10,0;0,001;10,0;1,938;24,009;0,53;36,087;3,28;7,89;0,61;8,23;1,15;962,783;1,0;"";"";16,032;2,72;44,485;14,2;"";"";30,408;13,36;52,6;"";"";"";"";"";"";"";"";"";"";"";"";"";"";"";"";"";"";"";"";"";"";"";"";"";"";"";"";"";"";"";"";"";"";"";"";"";"";"";"";"";"";"";"";"";"";"";"";"";"";"";"";"";"";"";"";"";"";"";"";"";"";"";"";""
05.01.2023 11:49:23;1672915763000;880f01e687e2572cea04e80fc6a68085;443491;OK;1825;0;1;0;0;-0,08;-36,59;0;0;945;633;"";218,027;32,7;709,918;71,30001;20,846;0,93;1,449;0,2;7,79;1,58;0,0;10,0;0,0;10,0;0,058;10,0;46,814;14,65;14,489;11,35;0,816;10,0;0,103;10,0;0,103;10,0;0,0;10,0;1,523;24,034;0,53;36,131;3,28;7,911;0,61;8,27;1,15;962,7729;1,0;"";"";15,818;2,73;43,959;14,17;"";"";34,65;11,28;56,3;"";"";"";"";"";"";"";"";"";"";"";"";"";"";"";"";"";"";"";"";"";"";"";"";"";"";"";"";"";"";"";"";"";"";"";"";"";"";"";"";"";"";"";"";"";"";"";"";"";"";"";"";"";"";"";"";"";"";"";"";"";"";"";"";""
05.01.2023 11:51:25;1672915885000;880f01e687e2572cea04e80fc6a68085;443613;OK;1824;0;1;0;0;-0,15;-60,69;0;0;942;628;"";218,629;32,79;709,947;71,30001;20,848;0,93;1,45;0,2;7,5;1,59;0,0;10,0;0,0;10,0;0,113;10,0;49,747;14,82;16,003;11,54;0,281;10,0;0,186;10,0;0,186;10,0;0,0;10,0;2,017;24,052;0,53;35,965;3,28;7,882;0,61;8,219;1,16;962,7609;1,0;"";"";15,435;2,75;43,307;14,14;"";"";33,721;12,18;58,2;"";"";"";"";"";"";"";"";"";"";"";"";"";"";"";"";"";"";"";"";"";"";"";"";"";"";"";"";"";"";"";"";"";"";"";"";"";"";"";"";"";"";"";"";"";"";"";"";"";"";"";"";"";"";"";"";"";"";"";"";"";"";"";"";""
05.01.2023 11:53:25;1672916005000;880f01e687e2572cea04e80fc6a68085;443733;OK;1809;0;1;0;0;-0,07;-36,14;0;0;942;636;"";217,251;32,59;697,487;70,92;20,848;0,93;1,451;0,2;7,408;1,59;0,0;10,0;0,0;10,0;0,012;10,0;51,184;15,05;14,6;11,39;0,03;10,0;0,02;10,0;0,02;10,0;0,0;10,0;1,109;24,073;0,53;35,958;3,28;7,89;0,61;8,234;1,16;962,78;1,0;"";"";15,006;2,77;42,637;14,11;"";"";31,742;12,2;54,1;"";"";"";"";"";"";"";"";"";"";"";"";"";"";"";"";"";"";"";"";"";"";"";"";"";"";"";"";"";"";"";"";"";"";"";"";"";"";"";"";"";"";"";"";"";"";"";"";"";"";"";"";"";"";"";"";"";"";"";"";"";"";"";"";""
05.01.2023 11:55:25;1672916125000;880f01e687e2572cea04e80fc6a68085;443853;OK;1816;0;0;0;0;-0,04;10,17;0;0;942;623;"";220,075;33,01;714,01;71,42;20,845;0,93;1,453;0,2;7,358;1,59;0,0;10,0;0,0;10,0;0,001;10,0;45,311;14,53;13,674;11,29;0,267;10,0;0,002;10,0;0,002;10,0;0,0;10,0;1,012;24,095;0,53;35,965;3,28;7,902;0,62;8,257;1,16;962,7509;1,0;"";"";14,876;2,77;42,781;14,12;"";"";31,671;12,54;53,2;"";"";"";"";"";"";"";"";"";"";"";"";"";"";"";"";"";"";"";"";"";"";"";"";"";"";"";"";"";"";"";"";"";"";"";"";"";"";"";"";"";"";"";"";"";"";"";"";"";"";"";"";"";"";"";"";"";"";"";"";"";"";"";"";""
05.01.2023 11:57:25;1672916245000;880f01e687e2572cea04e80fc6a68085;443974;OK;1835;1;0;0;0;0,17;77,53;0;0;945;611;"";223,767;33,57;733,72;72,01;20,843;0,93;1,453;0,2;7,392;1,59;0,0;10,0;0,0;10,0;0,0;10,0;54,979;15,45;16,584;11,59;0,758;10,07;0,203;10,0;0,0;10,0;0,0;10,0;1,001;24,12;0,53;36,114;3,28;7,945;0,62;8,339;1,15;962,768;1,0;"";"";15,037;2,77;43,005;14,13;"";"";32,429;11,89;53,4;"";"";"";"";"";"";"";"";"";"";"";"";"";"";"";"";"";"";"";"";"";"";"";"";"";"";"";"";"";"";"";"";"";"";"";"";"";"";"";"";"";"";"";"";"";"";"";"";"";"";"";"";"";"";"";"";"";"";"";"";"";"";"";"";""
05.01.2023 11:59:26;1672916366000;880f01e687e2572cea04e80fc6a68085;444094;OK;1815;3;0;0;0;0,23;162,03;0;0;946;596;"";226,119;33,92;754,549;72,64;20,845;0,93;1,455;0,2;7,358;1,59;0,0;10,0;0,0;10,0;0,106;10,0;55,473;15,62;16,072;11,58;0,86;10,01;0,801;10,0;0,779;10,0;0,0;10,0;1,95;24,135;0,53;36,14;3,28;7,958;0,62;8,364;1,15;962,748;1,0;"";"";15,095;2,76;43,319;14,15;"";"";33,451;11,08;58,5;"";"";"";"";"";"";"";"";"";"";"";"";"";"";"";"";"";"";"";"";"";"";"";"";"";"";"";"";"";"";"";"";"";"";"";"";"";"";"";"";"";"";"";"";"";"";"";"";"";"";"";"";"";"";"";"";"";"";"";"";"";"";"";"";""
05.01.2023 12:01:26;1672916486000;880f01e687e2572cea04e80fc6a68085;444214;OK;1823;1;0;0;0;0,05;93,13;0;0;940;599;"";219,89;32,98;739,092;72,17;20,847;0,93;1,457;0,21;7,295;1,6;0,0;10,0;0,0;10,0;0,229;10,0;48,181;14,8;14,61;11,46;0,825;10,1;0,481;10,0;0,479;10,0;0,396;10,0;3,06;24,158;0,53;35,87;3,28;7,909;0,62;8,273;1,16;962,734;1,0;"";"";15,062;2,76;43,744;14,17;"";"";32,685;11,95;61,5;"";"";"";"";"";"";"";"";"";"";"";"";"";"";"";"";"";"";"";"";"";"";"";"";"";"";"";"";"";"";"";"";"";"";"";"";"";"";"";"";"";"";"";"";"";"";"";"";"";"";"";"";"";"";"";"";"";"";"";"";"";"";"";"";""
05.01.2023 12:03:27;1672916607000;880f01e687e2572cea04e80fc6a68085;444335;OK;1838;0;1;0;0;-0,12;-128,35;0;0;939;635;"";215,745;32,36;688,278;70,65;20,848;0,93;1,457;0,21;7,159;1,6;0,0;10,0;0,0;10,0;0,074;10,0;37,781;13,85;11,61;11,18;0,263;10,01;0,227;10,0;0,226;10,0;0,042;10,0;1,662;24,176;0,53;35,835;3,28;7,909;0,62;8,275;1,16;962,7399;1,0;"";"";14,792;2,78;43,447;14,16;"";"";35,06;10,69;55,3;"";"";"";"";"";"";"";"";"";"";"";"";"";"";"";"";"";"";"";"";"";"";"";"";"";"";"";"";"";"";"";"";"";"";"";"";"";"";"";"";"";"";"";"";"";"";"";"";"";"";"";"";"";"";"";"";"";"";"";"";"";"";"";"";""
05.01.2023 12:05:28;1672916728000;880f01e687e2572cea04e80fc6a68085;444456;OK;1816;0;1;0;0;-0,09;-147,05;0;0;941;618;"";219,848;32,98;712,281;71,37001;20,847;0,93;1,459;0,21;7,079;1,61;0,0;10,0;0,0;10,0;0,008;10,0;36,305;13,54;11,793;11,15;0,891;10,0;0,024;10,0;0,024;10,0;0,005;10,0;1,071;24,195;0,53;35,897;3,28;7,931;0,62;8,317;1,16;962,781;1,0;"";"";14,695;2,78;43,43;14,16;"";"";35,253;10,56;75,1;"";"";"";"";"";"";"";"";"";"";"";"";"";"";"";"";"";"";"";"";"";"";"";"";"";"";"";"";"";"";"";"";"";"";"";"";"";"";"";"";"";"";"";"";"";"";"";"";"";"";"";"";"";"";"";"";"";"";"";"";"";"";"";"";""
05.01.2023 12:07:28;1672916848000;880f01e687e2572cea04e80fc6a68085;444576;OK;1821;0;1;0;0;0,01;-49,04;0;0;938;614;"";218,841;32,83;713,05;71,39;20,847;0,93;1,459;0,21;7,125;1,6;0,0;10,0;0,0;10,0;0,038;10,0;41,443;13,97;12,276;11,13;0,31;10,0;0,217;10,0;0,217;10,0;0,0;10,0;1,339;24,214;0,53;35,804;3,28;7,92;0,62;8,296;1,16;962,739;1,0;"";"";14,631;2,79;43,282;14,16;"";"";37,33;8,14;56,5;"";"";"";"";"";"";"";"";"";"";"";"";"";"";"";"";"";"";"";"";"";"";"";"";"";"";"";"";"";"";"";"";"";"";"";"";"";"";"";"";"";"";"";"";"";"";"";"";"";"";"";"";"";"";"";"";"";"";"";"";"";"";"";"";""
05.01.2023 12:09:28;1672916968000;880f01e687e2572cea04e80fc6a68085;444696;OK;1827;1;0;0;0;0,07;80,4;0;0;940;612;"";219,116;32,87;716,776;71,5;20,848;0,93;1,461;0,21;7,097;1,6;0,0;10,0;0,0;10,0;0,004;10,0;72,096;17,12;20,112;11,92;0,033;10,0;0,023;10,0;0,023;10,0;0,0;10,0;1,036;24,228;0,53;35,876;3,28;7,942;0,62;8,338;1,16;962,7299;1,0;"";"";14,637;2,79;43,149;14,15;"";"";38,937;6,58;55,4;"";"";"";"";"";"";"";"";"";"";"";"";"";"";"";"";"";"";"";"";"";"";"";"";"";"";"";"";"";"";"";"";"";"";"";"";"";"";"";"";"";"";"";"";"";"";"";"";"";"";"";"";"";"";"";"";"";"";"";"";"";"";"";"";""
05.01.2023 12:11:30;1672917090000;880f01e687e2572cea04e80fc6a68085;444817;OK;1835;1;0;0;0;0,06;53,44;0;0;940;597;"";223,829;33,57;735,2509;72,06;20,842;0,93;1,462;0,21;7,026;1,61;0,0;10,0;0,0;10,0;0,0;10,0;54,511;15,3;16,319;11,49;0,122;10,0;0,002;10,0;0,002;10,0;0,0;10,0;1,004;24,248;0,53;35,85;3,28;7,945;0,62;8,344;1,16;962,706;1,0;"";"";14,578;2,79;43,589;14,18;"";"";39,864;6,57;53,7;"";"";"";"";"";"";"";"";"";"";"";"";"";"";"";"";"";"";"";"";"";"";"";"";"";"";"";"";"";"";"";"";"";"";"";"";"";"";"";"";"";"";"";"";"";"";"";"";"";"";"";"";"";"";"";"";"";"";"";"";"";"";"";"";""
05.01.2023 12:13:30;1672917210000;880f01e687e2572cea04e80fc6a68085;444938;OK;1823;1;0;0;0;0,06;70,78;0;0;940;594;"";225,697;33,85;738,043;72,14;20,839;0,93;1,464;0,21;7,014;1,61;0,0;10,0;0,0;10,0;0,0;10,0;60,722;15,77;18,092;11,63;0,013;10,0;0,0;10,0;0,0;10,0;0,0;10,0;1,0;24,267;0,53;35,845;3,28;7,952;0,62;8,359;1,16;962,737;1,0;"";"";14,426;2,8;43,755;14,19;"";"";33,041;11,38;54,2;"";"";"";"";"";"";"";"";"";"";"";"";"";"";"";"";"";"";"";"";"";"";"";"";"";"";"";"";"";"";"";"";"";"";"";"";"";"";"";"";"";"";"";"";"";"";"";"";"";"";"";"";"";"";"";"";"";"";"";"";"";"";"";"";""
05.01.2023 12:15:31;1672917331000;880f01e687e2572cea04e80fc6a68085;445059;OK;1829;1;0;0;0;0,11;76,02;0;0;942;588;"";226,227;33,93;748,618;72,46;20,841;0,93;1,465;0,21;7,131;1,6;0,0;10,0;0,0;10,0;0,0;10,0;45,615;14,53;13,608;11,42;0,287;10,0;0,0;10,0;0,0;10,0;0,0;10,0;1,0;24,286;0,53;35,964;3,28;7,987;0,62;8,425;1,16;962,7009;1,0;"";"";14,633;2,79;43,948;14,2;"";"";44,244;8,02;76,7;"";"";"";"";"";"";"";"";"";"";"";"";"";"";"";"";"";"";"";"";"";"";"";"";"";"";"";"";"";"";"";"";"";"";"";"";"";"";"";"";"";"";"";"";"";"";"";"";"";"";"";"";"";"";"";"";"";"";"";"";"";"";"";"";""
05.01.2023 12:17:31;1672917451000;880f01e687e2572cea04e80fc6a68085;445179;OK;1824;2;0;0;0;0,2;136,36;0;0;945;563;"";226,321;33,95;786,565;73,6;20,837;0,93;1,467;0,21;7,196;1,6;0,0;10,0;0,0;10,0;0,0;10,0;48,028;14,65;13,383;11,29;0,582;10,0;0,0;10,0;0,0;10,0;0,0;10,0;1,0;24,305;0,53;36,088;3,28;8,024;0,62;8,493;1,15;962,685;1,0;"";"";14,765;2,78;44,918;14,25;"";"";33,287;12,94;54,6;"";"";"";"";"";"";"";"";"";"";"";"";"";"";"";"";"";"";"";"";"";"";"";"";"";"";"";"";"";"";"";"";"";"";"";"";"";"";"";"";"";"";"";"";"";"";"";"";"";"";"";"";"";"";"";"";"";"";"";"";"";"";"";"";""
05.01.2023 12:19:32;1672917572000;880f01e687e2572cea04e80fc6a68085;445301;OK;1805;4;0;0;0;0,29;200,06;0;0;947;554;"";232,106;34,82;803,1469;74,09;20,833;0,93;1,469;0,21;7,343;1,59;0,0;10,0;0,0;10,0;0,127;10,0;60,869;15,82;18,518;11,72;0,8389999;10,07;0,169;10,0;0,169;10,0;0,0;10,0;2,139;24,324;0,53;36,209;3,28;8,059;0,62;8,559;1,15;962,723;1,0;"";"";14,987;2,77;45,685;14,29;"";"";37,98;9,46;68,4;"";"";"";"";"";"";"";"";"";"";"";"";"";"";"";"";"";"";"";"";"";"";"";"";"";"";"";"";"";"";"";"";"";"";"";"";"";"";"";"";"";"";"";"";"";"";"";"";"";"";"";"";"";"";"";"";"";"";"";"";"";"";"";"";""
05.01.2023 12:21:33;1672917693000;880f01e687e2572cea04e80fc6a68085;445421;OK;1827;3;0;0;0;0,23;156,62;0;0;949;556;"";231,159;34,67;801,108;74,03;20,835;0,93;1,471;0,21;7,468;1,59;0,0;10,0;0,0;10,0;0,014;10,0;62,572;15,99;19,017;11,74;0,909;10,01;0,018;10,0;0,018;10,0;0,0;10,0;1,122;24,339;0,53;36,275;3,28;8,081;0,62;8,599;1,15;962,656;1,0;"";"";15,235;2,76;46,309;14,33;"";"";45,268;5,32;65,1;"";"";"";"";"";"";"";"";"";"";"";"";"";"";"";"";"";"";"";"";"";"";"";"";"";"";"";"";"";"";"";"";"";"";"";"";"";"";"";"";"";"";"";"";"";"";"";"";"";"";"";"";"";"";"";"";"";"";"";"";"";"";"";"";""
05.01.2023 12:23:34;1672917814000;880f01e687e2572cea04e80fc6a68085;445542;OK;1808;1;0;0;0;0,25;70,8;0;0;951;545;"";234,998;35,25;819,888;74,6;20,835;0,93;1,472;0,21;7,803;1,58;0,0;10,0;0,0;10,0;0,001;10,0;46,798;14,68;11,919;11,15;0,263;10,0;0,002;10,0;0,002;10,0;0,0;10,0;1,013;24,356;0,53;36,407;3,28;8,118;0,62;8,668;1,14;962,6619;1,0;"";"";15,421;2,75;47,871;14,41;"";"";45,691;6,43;77,3;"";"";"";"";"";"";"";"";"";"";"";"";"";"";"";"";"";"";"";"";"";"";"";"";"";"";"";"";"";"";"";"";"";"";"";"";"";"";"";"";"";"";"";"";"";"";"";"";"";"";"";"";"";"";"";"";"";"";"";"";"";"";"";"";""
05.01.2023 12:25:33;1672917933000;880f01e687e2572cea04e80fc6a68085;445661;OK;1823;0;1;0;0;-0,73;-119,82;0;0;912;570;"";197,034;29,56;730,52;71,92;20,859;0,93;1,471;0,21;6,656;1,63;0,0;10,0;0,0;10,0;0,0;10,0;37,154;13,87;10,364;11,0;0,029;10,0;0,0;10,0;0,0;10,0;0,0;10,0;1,001;24,363;0,53;34,606;3,3;7,719;0,63;7,921;1,21;962,6599;1,0;"";"";14,278;2,8;41,181;14,06;"";"";51,362;5,26;84,1;"";"";"";"";"";"";"";"";"";"";"";"";"";"";"";"";"";"";"";"";"";"";"";"";"";"";"";"";"";"";"";"";"";"";"";"";"";"";"";"";"";"";"";"";"";"";"";"";"";"";"";"";"";"";"";"";"";"";"";"";"";"";"";"";""
05.01.2023 12:27:35;1672918055000;880f01e687e2572cea04e80fc6a68085;445782;OK;1842;0;1;0;0;-1,8;-717,92;0;0;892;690;"";156,825;23,52;557,005;66,71;20,878;0,93;1,463;0,21;4,921;1,71;0,0;10,0;0,0;10,0;0,219;10,0;47,235;14,74;11,362;11,14;1,221;10,03;0,5809999;10,0;0,5809999;10,0;0,5809999;10,0;2,972;24,321;0,53;33,676;3,31;7,494;0,64;7,488;1,25;962,725;1,0;"";"";11,302;2,95;25,617;13,24;"";"";51,233;5,44;81,8;"";"";"";"";"";"";"";"";"";"";"";"";"";"";"";"";"";"";"";"";"";"";"";"";"";"";"";"";"";"";"";"";"";"";"";"";"";"";"";"";"";"";"";"";"";"";"";"";"";"";"";"";"";"";"";"";"";"";"";"";"";"";"";"";""
05.01.2023 12:29:34;1672918174000;880f01e687e2572cea04e80fc6a68085;445902;OK;1837;0;1;0;0;-2,0;-951,4799;0;0;885;720;"";140,841;21,13;517,108;65,51;20,881;0,93;1,457;0,21;3,893;1,76;0,0;10,0;0,0;10,0;0,217;10,0;45,656;14,4;12,944;11,19;1,67;10,08;1,6;10,07;1,6;10,07;0,06400001;10,0;2,951;24,267;0,53;33,39;3,32;7,408;0,64;7,316;1,27;962,69;1,0;"";"";8,9;3,07;13,366;12,58;"";"";37,646;8,43;71,6;"";"";"";"";"";"";"";"";"";"";"";"";"";"";"";"";"";"";"";"";"";"";"";"";"";"";"";"";"";"";"";"";"";"";"";"";"";"";"";"";"";"";"";"";"";"";"";"";"";"";"";"";"";"";"";"";"";"";"";"";"";"";"";"";""
05.01.2023 12:31:36;1672918296000;880f01e687e2572cea04e80fc6a68085;446023;OK;1841;0;1;0;0;-1,07;-670,03;0;0;883;736;"";133,432;20,01;500,202;65,01;20,889;0,93;1,452;0,2;3,345;1,79;0,0;10,0;0,0;10,0;0,394;10,0;48,117;14,7;14,976;11,4;1,303;10,01;1,296;10,01;1,296;10,01;0,007;10,0;4,286;24,208;0,53;33,254;3,32;7,353;0,64;7,205;1,27;962,687;1,0;"";"";7,509;3,14;4,695;12,12;"";"";36,39;9,01;64,1;"";"";"";"";"";"";"";"";"";"";"";"";"";"";"";"";"";"";"";"";"";"";"";"";"";"";"";"";"";"";"";"";"";"";"";"";"";"";"";"";"";"";"";"";"";"";"";"";"";"";"";"";"";"";"";"";"";"";"";"";"";"";"";"";""
05.01.2023 12:33:35;1672918415000;880f01e687e2572cea04e80fc6a68085;446143;OK;1826;0;1;0;0;-0,47;-145,78;0;0;880;746;"";129,206;19,38;489,059;64,67;20,886;0,93;1,446;0,2;3,517;1,78;0,0;10,0;0,0;10,0;0,677;10,0;57,627;15,74;15,632;11,56;4,06;10,33;2,646;10,21;1,411;10,21;0,635;10,0;3,264;24,149;0,53;33,131;3,32;7,301;0,63;7,098;1,28;962,6519;1,0;"";"";6,849;3,17;-0,586;11,84;"";"";34,414;10,38;57,0;"";"";"";"";"";"";"";"";"";"";"";"";"";"";"";"";"";"";"";"";"";"";"";"";"";"";"";"";"";"";"";"";"";"";"";"";"";"";"";"";"";"";"";"";"";"";"";"";"";"";"";"";"";"";"";"";"";"";"";"";"";"";"";"";""
05.01.2023 12:35:36;1672918536000;880f01e687e2572cea04e80fc6a68085;446264;OK;1819;0;1;0;0;-0,34;-81,49;0;0;881;756;"";128,75;19,31;482,908;64,49;20,883;0,93;1,441;0,2;4,323;1,74;0,0;10,0;0,0;10,0;0,224;10,0;36,537;13,71;11,63;11,11;1,287;10,09;0,35;10,03;0,195;10,03;0,09;10,0;1,724;24,09;0,53;33,171;3,32;7,286;0,63;7,065;1,28;962,603;1,0;"";"";6,814;3,17;-3,888;11,67;"";"";33,389;11,23;56,2;"";"";"";"";"";"";"";"";"";"";"";"";"";"";"";"";"";"";"";"";"";"";"";"";"";"";"";"";"";"";"";"";"";"";"";"";"";"";"";"";"";"";"";"";"";"";"";"";"";"";"";"";"";"";"";"";"";"";"";"";"";"";"";"";""
05.01.2023 12:37:37;1672918657000;880f01e687e2572cea04e80fc6a68085;446385;OK;1823;0;1;0;0;-0,2;-53,36;0;0;882;761;"";127,551;19,13;481,568;64,45;20,882;0,93;1,437;0,2;5,397;1,69;0,0;10,0;0,0;10,0;0,024;10,0;37,652;13,77;8,681;10,92;0,315;10,03;0,037;10,0;0,021;10,0;0,01;10,0;1,077;24,041;0,53;33,236;3,32;7,279;0,63;7,05;1,27;962,6329;1,0;"";"";7,193;3,15;-3,506;11,68;"";"";34,965;10,33;67,3;"";"";"";"";"";"";"";"";"";"";"";"";"";"";"";"";"";"";"";"";"";"";"";"";"";"";"";"";"";"";"";"";"";"";"";"";"";"";"";"";"";"";"";"";"";"";"";"";"";"";"";"";"";"";"";"";"";"";"";"";"";"";"";"";""
05.01.2023 12:39:38;1672918778000;880f01e687e2572cea04e80fc6a68085;446506;OK;1843;0;0;0;0;-0,08;-19,26;0;0;882;763;"";124,737;18,71;481,936;64,46;20,882;0,93;1,434;0,2;6,653;1,63;0,0;10,0;0,0;10,0;0,003;10,0;39,478;13,91;10,997;10,98;0,274;10,0;0,004;10,0;0,002;10,0;0,001;10,0;1,008;23,996;0,53;33,268;3,32;7,268;0,63;7,025;1,27;962,644;1,0;"";"";7,89;3,12;-1,378;11,78;"";"";36,634;9,37;55,6;"";"";"";"";"";"";"";"";"";"";"";"";"";"";"";"";"";"";"";"";"";"";"";"";"";"";"";"";"";"";"";"";"";"";"";"";"";"";"";"";"";"";"";"";"";"";"";"";"";"";"";"";"";"";"";"";"";"";"";"";"";"";"";"";""
05.01.2023 12:41:38;1672918898000;880f01e687e2572cea04e80fc6a68085;446625;OK;1838;0;0;0;0;-0,03;-2,38;0;0;885;768;"";123,766;18,56;481,256;64,44;20,883;0,93;1,431;0,2;8,012;1,6;0,0;10,0;0,0;10,0;0,0;10,0;30,642;13,06;8,776;10,8;0,03;10,0;0,0;10,0;0,0;10,0;0,0;10,0;1,001;23,958;0,53;33,36;3,32;7,273;0,63;7,032;1,27;962,6699;1,0;"";"";8,565;3,08;1,752;11,94;"";"";34,119;10,84;58,8;"";"";"";"";"";"";"";"";"";"";"";"";"";"";"";"";"";"";"";"";"";"";"";"";"";"";"";"";"";"";"";"";"";"";"";"";"";"";"";"";"";"";"";"";"";"";"";"";"";"";"";"";"";"";"";"";"";"";"";"";"";"";"";"";""
05.01.2023 12:43:40;1672919020000;880f01e687e2572cea04e80fc6a68085;446748;OK;1819;0;0;0;0;-0,03;-3,77;0;0;886;772;"";121,735;18,26;480,225;64,41;20,886;0,93;1,428;0,2;9,406;1,66;0,0;10,0;0,0;10,0;0,0;10,0;37,419;13,65;10,28;10,91;0,384;10,0;0,0;10,0;0,0;10,0;0,0;10,0;1,0;23,911;0,53;33,426;3,32;7,267;0,62;7,02;1,26;962,656;1,0;"";"";9,479;3,04;5,18;12,12;"";"";30,801;12,71;54,6;"";"";"";"";"";"";"";"";"";"";"";"";"";"";"";"";"";"";"";"";"";"";"";"";"";"";"";"";"";"";"";"";"";"";"";"";"";"";"";"";"";"";"";"";"";"";"";"";"";"";"";"";"";"";"";"";"";"";"";"";"";"";"";"";""
05.01.2023 12:45:39;1672919139000;880f01e687e2572cea04e80fc6a68085;446867;OK;1827;0;0;0;0;-0,0;0,71;0;0;888;773;"";123,848;18,58;482,892;64,49;20,886;0,93;1,428;0,2;10,693;1,73;0,0;10,0;0,0;10,0;0,0;10,0;31,049;13,19;9,304;10,82;0,562;10,0;0,459;10,0;0,459;10,0;0,0;10,0;1,0;23,872;0,53;33,512;3,32;7,27;0,62;7,023;1,26;962,645;1,0;"";"";10,35;3,0;9,025;12,31;"";"";33,085;13,21;79,0;"";"";"";"";"";"";"";"";"";"";"";"";"";"";"";"";"";"";"";"";"";"";"";"";"";"";"";"";"";"";"";"";"";"";"";"";"";"";"";"";"";"";"";"";"";"";"";"";"";"";"";"";"";"";"";"";"";"";"";"";"";"";"";"";""
05.01.2023 12:47:40;1672919260000;880f01e687e2572cea04e80fc6a68085;446988;OK;1843;0;0;0;0;0,04;2,53;0;0;890;777;"";131,204;19,68;481,553;64,45;20,888;0,93;1,426;0,2;11,806;1,79;0,0;10,0;0,0;10,0;0,0;10,0;20,64;12,12;5,962;10,53;0,198;10,0;0,187;10,0;0,049;10,0;0,0;10,0;1,0;23,855;0,53;33,626;3,32;7,288;0,62;7,057;1,25;962,656;1,0;"";"";11,333;2,95;15,417;12,65;"";"";36,858;11,53;76,5;"";"";"";"";"";"";"";"";"";"";"";"";"";"";"";"";"";"";"";"";"";"";"";"";"";"";"";"";"";"";"";"";"";"";"";"";"";"";"";"";"";"";"";"";"";"";"";"";"";"";"";"";"";"";"";"";"";"";"";"";"";"";"";"";""
05.01.2023 12:49:40;1672919380000;880f01e687e2572cea04e80fc6a68085;447108;OK;1835;0;0;0;0;0,12;18,2;0;0;893;775;"";134,514;20,18;486,732;64,6;20,886;0,93;1,426;0,2;12,736;1,84;0,0;10,0;0,0;10,0;0,331;10,0;48,261;14,76;14,095;11,32;0,986;10,0;0,985;10,0;0,9700001;10,0;0,0;10,0;3,98;23,843;0,53;33,732;3,32;7,306;0,62;7,093;1,25;962,659;1,0;"";"";12,514;2,89;22,676;13,03;"";"";30,787;14,5;53,4;"";"";"";"";"";"";"";"";"";"";"";"";"";"";"";"";"";"";"";"";"";"";"";"";"";"";"";"";"";"";"";"";"";"";"";"";"";"";"";"";"";"";"";"";"";"";"";"";"";"";"";"";"";"";"";"";"";"";"";"";"";"";"";"";""
05.01.2023 12:51:41;1672919501000;880f01e687e2572cea04e80fc6a68085;447229;OK;1833;0;0;0;0;0,11;17,84;0;0;893;774;"";138,481;20,77;488,08;64,64;20,885;0,93;1,425;0,2;13,482;1,88;0,0;10,0;0,0;10,0;0,109;10,0;35,673;13,52;10,118;10,9;0,981;10,0;0,691;10,0;0,251;10,0;0,0;10,0;1,978;23,842;0,53;33,745;3,32;7,308;0,62;7,098;1,25;962,6349;1,0;"";"";13,463;2,84;29,298;13,38;"";"";32,37;13,46;53,6;"";"";"";"";"";"";"";"";"";"";"";"";"";"";"";"";"";"";"";"";"";"";"";"";"";"";"";"";"";"";"";"";"";"";"";"";"";"";"";"";"";"";"";"";"";"";"";"";"";"";"";"";"";"";"";"";"";"";"";"";"";"";"";"";""
05.01.2023 12:53:40;1672919620000;880f01e687e2572cea04e80fc6a68085;447348;OK;1819;0;0;0;0;0,06;16,38;0;0;893;774;"";143,143;21,47;488,763;64,66001;20,885;0,93;1,426;0,2;14,027;1,91;0,0;10,0;0,0;10,0;0,045;10,0;48,113;14,78;15,62;11,43;1,022;10,12;0,176;10,0;0,128;10,0;0,0;10,0;1,408;23,847;0,53;33,753;3,32;7,312;0,62;7,106;1,25;962,642;1,0;"";"";14,208;2,81;34,342;13,64;"";"";30,754;14,34;54,0;"";"";"";"";"";"";"";"";"";"";"";"";"";"";"";"";"";"";"";"";"";"";"";"";"";"";"";"";"";"";"";"";"";"";"";"";"";"";"";"";"";"";"";"";"";"";"";"";"";"";"";"";"";"";"";"";"";"";"";"";"";"";"";"";""
05.01.2023 12:55:42;1672919742000;880f01e687e2572cea04e80fc6a68085;447469;OK;1835;0;0;0;0;0,05;1,07;0;0;895;775;"";147,824;22,17;487,747;64,63;20,889;0,93;1,428;0,2;14,429;1,93;0,0;10,0;0,0;10,0;0,065;10,0;45,457;14,4;14,321;11,32;0,734;10,01;0,119;10,0;0,113;10,0;0,0;10,0;1,584;23,856;0,53;33,829;3,32;7,332;0,62;7,146;1,24;962,636;1,0;"";"";14,726;2,78;38,493;13,86;"";"";31,781;13,63;53,0;"";"";"";"";"";"";"";"";"";"";"";"";"";"";"";"";"";"";"";"";"";"";"";"";"";"";"";"";"";"";"";"";"";"";"";"";"";"";"";"";"";"";"";"";"";"";"";"";"";"";"";"";"";"";"";"";"";"";"";"";"";"";"";"";""
05.01.2023 12:57:42;1672919862000;880f01e687e2572cea04e80fc6a68085;447590;OK;1821;0;0;0;0;0,11;-1,24;0;0;896;776;"";155,265;23,29;487,151;64,61;20,887;0,93;1,43;0,2;14,511;1,94;0,0;10,0;0,0;10,0;0,007;10,0;49,884;14,85;16,317;11,57;1,804;10,29;0,013;10,0;0,012;10,0;0,0;10,0;1,062;23,871;0,53;33,863;3,32;7,346;0,62;7,174;1,24;962,612;1,0;"";"";15,071;2,76;41,645;14,03;"";"";30,468;14,87;56,5;"";"";"";"";"";"";"";"";"";"";"";"";"";"";"";"";"";"";"";"";"";"";"";"";"";"";"";"";"";"";"";"";"";"";"";"";"";"";"";"";"";"";"";"";"";"";"";"";"";"";"";"";"";"";"";"";"";"";"";"";"";"";"";"";""
05.01.2023 12:59:42;1672919982000;880f01e687e2572cea04e80fc6a68085;447711;OK;1811;0;0;0;0;0,12;4,19;0;0;896;772;"";162,491;24,37;489,606;64,69;20,887;0,93;1,432;0,2;14,459;1,93;0,0;10,0;0,0;10,0;0,001;10,0;40,932;14,1;12,183;11,19;0,554;10,03;0,001;10,0;0,001;10,0;0,0;10,0;1,007;23,89;0,53;33,866;3,31;7,354;0,62;7,192;1,24;962,6129;1,0;"";"";15,462;2,74;43,754;14,14;"";"";30,266;14,92;54,4;"";"";"";"";"";"";"";"";"";"";"";"";"";"";"";"";"";"";"";"";"";"";"";"";"";"";"";"";"";"";"";"";"";"";"";"";"";"";"";"";"";"";"";"";"";"";"";"";"";"";"";"";"";"";"";"";"";"";"";"";"";"";"";"";""
05.01.2023 13:01:43;1672920103000;880f01e687e2572cea04e80fc6a68085;447831;OK;1834;0;0;0;0;0,09;5,29;0;0;896;772;"";165,096;24,76;489,262;64,68;20,887;0,93;1,432;0,2;14,171;1,92;0,0;10,0;0,0;10,0;0,0;10,0;24,579;12,57;7,536;10,7;0,197;10,0;0,0;10,0;0,0;10,0;0,0;10,0;1,001;23,91;0,53;33,867;3,31;7,363;0,62;7,211;1,24;962,6229;1,0;"";"";15,68;2,73;45,345;14,23;"";"";31,294;13,51;54,2;"";"";"";"";"";"";"";"";"";"";"";"";"";"";"";"";"";"";"";"";"";"";"";"";"";"";"";"";"";"";"";"";"";"";"";"";"";"";"";"";"";"";"";"";"";"";"";"";"";"";"";"";"";"";"";"";"";"";"";"";"";"";"";"";""
05.01.2023 13:03:44;1672920224000;880f01e687e2572cea04e80fc6a68085;447952;OK;1826;0;0;0;0;0,07;-2,62;0;0;896;773;"";167,655;25,15;486,425;64,59;20,887;0,93;1,435;0,2;13,798;1,9;0,0;10,0;0,0;10,0;0,0;10,0;45,505;14,46;13,789;11,31;0,231;10,0;0,0;10,0;0,0;10,0;0,0;10,0;1,0;23,935;0,53;33,866;3,31;7,373;0,62;7,232;1,24;962,599;1,0;"";"";15,875;2,72;46,661;14,3;"";"";30,934;13,98;53,5;"";"";"";"";"";"";"";"";"";"";"";"";"";"";"";"";"";"";"";"";"";"";"";"";"";"";"";"";"";"";"";"";"";"";"";"";"";"";"";"";"";"";"";"";"";"";"";"";"";"";"";"";"";"";"";"";"";"";"";"";"";"";"";"";""
05.01.2023 13:05:45;1672920345000;880f01e687e2572cea04e80fc6a68085;448073;OK;1823;0;0;0;0;0,08;-4,33;0;0;896;770;"";172,57;25,89;488,556;64,66001;20,886;0,93;1,437;0,2;13,283;1,87;0,0;10,0;0,0;10,0;0,211;10,0;59,781;15,93;17,163;11,65;1,059;10,0;1,034;10,0;0,634;10,0;0,0;10,0;2,901;23,955;0,53;33,877;3,31;7,384;0,62;7,254;1,24;962,5919;1,0;"";"";16,007;2,72;47,468;14,34;"";"";31,955;13,99;53,3;"";"";"";"";"";"";"";"";"";"";"";"";"";"";"";"";"";"";"";"";"";"";"";"";"";"";"";"";"";"";"";"";"";"";"";"";"";"";"";"";"";"";"";"";"";"";"";"";"";"";"";"";"";"";"";"";"";"";"";"";"";"";"";"";""
05.01.2023 13:07:46;1672920466000;880f01e687e2572cea04e80fc6a68085;448194;OK;1820;0;0;0;0;0,07;4,89;0;0;896;767;"";177,254;26,59;490,85;64,73001;20,886;0,93;1,439;0,2;12,774;1,84;0,0;10,0;0,0;10,0;0,076;10,0;42,474;14,18;11,525;11,05;0,135;10,0;0,133;10,0;0,09;10,0;0,0;10,0;1,685;23,972;0,53;33,865;3,31;7,388;0,62;7,264;1,24;962,569;1,0;"";"";15,968;2,72;47,845;14,37;"";"";31,322;14,15;53,4;"";"";"";"";"";"";"";"";"";"";"";"";"";"";"";"";"";"";"";"";"";"";"";"";"";"";"";"";"";"";"";"";"";"";"";"";"";"";"";"";"";"";"";"";"";"";"";"";"";"";"";"";"";"";"";"";"";"";"";"";"";"";"";"";""
05.01.2023 13:09:48;1672920588000;880f01e687e2572cea04e80fc6a68085;448316;OK;1811;0;0;0;0;0,05;15,25;0;0;896;765;"";180,289;27,04;491,592;64,75;20,889;0,93;1,441;0,2;12,244;1,81;0,0;10,0;0,0;10,0;0,008;10,0;47,567;14,79;14,433;11,37;1,498;10,21;0,014;10,0;0,009;10,0;0,0;10,0;1,071;23,984;0,53;33,865;3,31;7,394;0,62;7,275;1,24;962,6019;1,0;"";"";15,873;2,72;47,964;14,37;"";"";31,932;13,32;53,3;"";"";"";"";"";"";"";"";"";"";"";"";"";"";"";"";"";"";"";"";"";"";"";"";"";"";"";"";"";"";"";"";"";"";"";"";"";"";"";"";"";"";"";"";"";"";"";"";"";"";"";"";"";"";"";"";"";"";"";"";"";"";"";"";""
05.01.2023 13:11:47;1672920707000;880f01e687e2572cea04e80fc6a68085;448435;OK;1820;0;0;0;0;0,05;6,83;0;0;896;766;"";182,274;27,34;490,457;64,71;20,885;0,93;1,443;0,2;11,688;1,79;0,0;10,0;0,0;10,0;0,065;10,0;38,342;13,87;9,325;11,02;0,768;10,12;0,303;10,0;0,303;10,0;0,0;10,0;1,584;23,999;0,53;33,871;3,31;7,401;0,62;7,291;1,24;962,593;1,0;"";"";15,811;2,73;48,103;14,38;"";"";31,237;13,92;54,6;"";"";"";"";"";"";"";"";"";"";"";"";"";"";"";"";"";"";"";"";"";"";"";"";"";"";"";"";"";"";"";"";"";"";"";"";"";"";"";"";"";"";"";"";"";"";"";"";"";"";"";"";"";"";"";"";"";"";"";"";"";"";"";"";""
05.01.2023 13:13:49;1672920829000;880f01e687e2572cea04e80fc6a68085;448557;OK;1811;0;0;0;0;0,05;-0,4;0;0;896;765;"";182,017;27,3;490,215;64,71;20,886;0,93;1,445;0,2;11,239;1,76;0,0;10,0;0,0;10,0;0,03;10,0;59,168;15,85;17,09;11,72;1,719;10,26;1,671;10,25;0,837;10,0;0,0;10,0;1,267;24,014;0,53;33,865;3,31;7,406;0,63;7,301;1,24;962,569;1,0;"";"";15,882;2,72;48,304;14,39;"";"";30,477;14,11;53,6;"";"";"";"";"";"";"";"";"";"";"";"";"";"";"";"";"";"";"";"";"";"";"";"";"";"";"";"";"";"";"";"";"";"";"";"";"";"";"";"";"";"";"";"";"";"";"";"";"";"";"";"";"";"";"";"";"";"";"";"";"";"";"";"";""
05.01.2023 13:15:49;1672920949000;880f01e687e2572cea04e80fc6a68085;448677;OK;1812;0;0;0;0;0,05;-6,35;0;0;896;766;"";187,736;28,16;488,467;64,65;20,887;0,93;1,446;0,2;10,774;1,74;0,0;10,0;0,0;10,0;0,003;10,0;25,182;12,58;6,461;10,63;0,447;10,03;0,178;10,03;0,089;10,0;0,0;10,0;1,028;24,028;0,53;33,863;3,31;7,411;0,63;7,312;1,24;962,557;1,0;"";"";15,781;2,73;48,131;14,39;"";"";29,705;14,55;54,4;"";"";"";"";"";"";"";"";"";"";"";"";"";"";"";"";"";"";"";"";"";"";"";"";"";"";"";"";"";"";"";"";"";"";"";"";"";"";"";"";"";"";"";"";"";"";"";"";"";"";"";"";"";"";"";"";"";"";"";"";"";"";"";"";""
05.01.2023 13:17:49;1672921069000;880f01e687e2572cea04e80fc6a68085;448797;OK;1824;0;0;0;0;0,04;0,48;0;0;896;762;"";189,527;28,43;491,119;64,73001;20,888;0,93;1,447;0,2;10,305;1,71;0,0;10,0;0,0;10,0;0,0;10,0;66,105;16,47;18,218;11,68;0,048;10,0;0,019;10,0;0,01;10,0;0,0;10,0;1,003;24,039;0,53;33,858;3,31;7,415;0,63;7,319;1,24;962,559;1,0;"";"";15,531;2,74;47,753;14,37;"";"";30,436;14,12;55,3;"";"";"";"";"";"";"";"";"";"";"";"";"";"";"";"";"";"";"";"";"";"";"";"";"";"";"";"";"";"";"";"";"";"";"";"";"";"";"";"";"";"";"";"";"";"";"";"";"";"";"";"";"";"";"";"";"";"";"";"";"";"";"";"";""
05.01.2023 13:19:49;1672921189000;880f01e687e2572cea04e80fc6a68085;448917;OK;1816;0;0;0;0;0,03;0,83;0;0;896;763;"";189,845;28,48;489,555;64,69;20,885;0,93;1,448;0,2;9,931;1,69;0,0;10,0;0,0;10,0;0,0;10,0;37,71;13,76;11,104;11,01;0,005;10,0;0,002;10,0;0,001;10,0;0,0;10,0;1,0;24,05;0,53;33,857;3,31;7,419;0,63;7,329;1,24;962,571;1,0;"";"";15,434;2,75;47,564;14,36;"";"";28,915;15,37;54,6;"";"";"";"";"";"";"";"";"";"";"";"";"";"";"";"";"";"";"";"";"";"";"";"";"";"";"";"";"";"";"";"";"";"";"";"";"";"";"";"";"";"";"";"";"";"";"";"";"";"";"";"";"";"";"";"";"";"";"";"";"";"";"";"";""
05.01.2023 13:21:49;1672921309000;880f01e687e2572cea04e80fc6a68085;449037;OK;1817;0;0;0;0;0,03;3,8;0;0;896;761;"";191,946;28,79;491,141;64,73001;20,881;0,93;1,449;0,2;9,548;1,67;0,0;10,0;0,0;10,0;0,0;10,0;33,562;13,4;10,782;11,11;0,001;10,0;0,0;10,0;0,0;10,0;0,0;10,0;1,0;24,058;0,53;33,856;3,31;7,423;0,63;7,335;1,24;962,554;1,0;"";"";15,386;2,75;47,444;14,35;"";"";29,857;15,02;53,6;"";"";"";"";"";"";"";"";"";"";"";"";"";"";"";"";"";"";"";"";"";"";"";"";"";"";"";"";"";"";"";"";"";"";"";"";"";"";"";"";"";"";"";"";"";"";"";"";"";"";"";"";"";"";"";"";"";"";"";"";"";"";"";"";""
05.01.2023 13:23:49;1672921429000;880f01e687e2572cea04e80fc6a68085;449158;OK;1829;0;0;0;0;0,03;-1,93;0;0;896;761;"";192,453;28,87;490,038;64,7;20,881;0,93;1,45;0,2;9,274;1,66;0,0;10,0;0,0;10,0;0,0;10,0;43,244;14,29;12,914;11,25;0,338;10,0;0,338;10,0;0,338;10,0;0,0;10,0;1,0;24,069;0,53;33,848;3,31;7,425;0,63;7,342;1,24;962,5549;1,0;"";"";15,362;2,75;47,273;14,35;"";"";29,49;15,12;53,6;"";"";"";"";"";"";"";"";"";"";"";"";"";"";"";"";"";"";"";"";"";"";"";"";"";"";"";"";"";"";"";"";"";"";"";"";"";"";"";"";"";"";"";"";"";"";"";"";"";"";"";"";"";"";"";"";"";"";"";"";"";"";"";"";""
05.01.2023 13:25:50;1672921550000;880f01e687e2572cea04e80fc6a68085;449278;OK;1826;0;0;0;0;0,02;-1,67;0;0;895;761;"";193,855;29,08;489,429;64,68;20,885;0,93;1,452;0,2;9,038;1,64;0,0;10,0;0,0;10,0;0,0;10,0;33,902;13,59;9,286;10,99;0,036;10,0;0,036;10,0;0,036;10,0;0,0;10,0;1,0;24,076;0,53;33,837;3,31;7,426;0,63;7,343;1,24;962,5549;1,0;"";"";15,254;2,75;47,16;14,34;"";"";29,76;14,58;59,8;"";"";"";"";"";"";"";"";"";"";"";"";"";"";"";"";"";"";"";"";"";"";"";"";"";"";"";"";"";"";"";"";"";"";"";"";"";"";"";"";"";"";"";"";"";"";"";"";"";"";"";"";"";"";"";"";"";"";"";"";"";"";"";"";""
05.01.2023 13:27:52;1672921672000;880f01e687e2572cea04e80fc6a68085;449400;OK;1805;0;0;0;0;0,02;-5,65;0;0;895;761;"";195,315;29,3;488,599;64,66001;20,891;0,93;1,453;0,2;8,856;1,63;0,0;10,0;0,0;10,0;0,0;10,0;36,796;13,74;11,508;11,17;0,004;10,0;0,004;10,0;0,004;10,0;0,0;10,0;1,0;24,085;0,53;33,833;3,31;7,429;0,63;7,349;1,24;962,5259;1,0;"";"";15,169;2,76;46,959;14,33;"";"";36,721;12,12;71,4;"";"";"";"";"";"";"";"";"";"";"";"";"";"";"";"";"";"";"";"";"";"";"";"";"";"";"";"";"";"";"";"";"";"";"";"";"";"";"";"";"";"";"";"";"";"";"";"";"";"";"";"";"";"";"";"";"";"";"";"";"";"";"";"";""
05.01.2023 13:29:51;1672921791000;880f01e687e2572cea04e80fc6a68085;449519;OK;1844;1;0;0;0;0,13;31,76;0;0;900;753;"";192,825;28,92;502,648;65,08;20,886;0,93;1,454;0,2;8,838;1,63;0,0;10,0;0,0;10,0;0,0;10,0;48,015;14,69;13,58;11,35;0,754;10,0;0,0;10,0;0,0;10,0;0,0;10,0;1,0;24,096;0,53;34,059;3,31;7,483;0,63;7,456;1,24;962,481;1,0;"";"";15,224;2,76;47,612;14,37;"";"";37,502;10,58;79,2;"";"";"";"";"";"";"";"";"";"";"";"";"";"";"";"";"";"";"";"";"";"";"";"";"";"";"";"";"";"";"";"";"";"";"";"";"";"";"";"";"";"";"";"";"";"";"";"";"";"";"";"";"";"";"";"";"";"";"";"";"";"";"";"";""
05.01.2023 13:31:53;1672921913000;880f01e687e2572cea04e80fc6a68085;449641;OK;1818;1;0;0;0;0,43;32,78;0;0;910;766;"";195,824;29,37;496,775;64,9;20,885;0,93;1,455;0,2;9,163;1,65;0,0;10,0;0,0;10,0;0,348;10,0;47,793;14,68;13,97;11,27;0,714;10,0;0,636;10,0;0,636;10,0;0,0;10,0;4,133;24,114;0,53;34,489;3,3;7,585;0,62;7,656;1,22;962,472;1,0;"";"";15,764;2,73;50,234;14,51;"";"";32,381;12,68;54,6;"";"";"";"";"";"";"";"";"";"";"";"";"";"";"";"";"";"";"";"";"";"";"";"";"";"";"";"";"";"";"";"";"";"";"";"";"";"";"";"";"";"";"";"";"";"";"";"";"";"";"";"";"";"";"";"";"";"";"";"";"";"";"";"";""
05.01.2023 13:33:52;1672922032000;880f01e687e2572cea04e80fc6a68085;449760;OK;1821;0;0;0;0;0,59;-2,08;0;0;913;776;"";200,25;30,04;489,363;64,68;20,886;0,93;1,455;0,2;9,57;1,67;0,0;10,0;0,0;10,0;0,255;10,0;48,052;14,69;13,793;11,34;0,355;10,0;0,346;10,0;0,346;10,0;0,0;10,0;3,296;24,128;0,53;34,647;3,3;7,626;0,62;7,736;1,21;962,531;1,0;"";"";16,444;2,7;53,39;14,68;"";"";32,495;12,52;53,4;"";"";"";"";"";"";"";"";"";"";"";"";"";"";"";"";"";"";"";"";"";"";"";"";"";"";"";"";"";"";"";"";"";"";"";"";"";"";"";"";"";"";"";"";"";"";"";"";"";"";"";"";"";"";"";"";"";"";"";"";"";"";"";"";""
05.01.2023 13:35:53;1672922153000;880f01e687e2572cea04e80fc6a68085;449881;OK;1830;0;1;0;0;0,4;-38,18;0;0;912;772;"";203,768;30,57;490,596;64,72;20,886;0,93;1,456;0,2;9,607;1,67;0,0;10,0;0,0;10,0;0,027;10,0;49,027;14,75;14,319;11,31;0,563;10,06;0,037;10,0;0,037;10,0;0,0;10,0;1,245;24,147;0,53;34,592;3,3;7,622;0,63;7,729;1,21;962,5629;1,0;"";"";16,811;2,68;55,464;14,79;"";"";32,124;12,1;78,1;"";"";"";"";"";"";"";"";"";"";"";"";"";"";"";"";"";"";"";"";"";"";"";"";"";"";"";"";"";"";"";"";"";"";"";"";"";"";"";"";"";"";"";"";"";"";"";"";"";"";"";"";"";"";"";"";"";"";"";"";"";"";"";"";""
05.01.2023 13:37:54;1672922274000;880f01e687e2572cea04e80fc6a68085;450002;OK;1834;0;0;0;0;0,12;-10,13;0;0;912;769;"";205,032;30,75;493,998;64,82;20,887;0,93;1,457;0,21;9,584;1,67;0,0;10,0;0,0;10,0;0,003;10,0;39,031;13,9;9,869;10,85;0,8690001;10,01;0,813;10,0;0,813;10,0;0,0;10,0;1,026;24,168;0,53;34,605;3,3;7,634;0,63;7,753;1,21;962,559;1,0;"";"";17,018;2,67;56,686;14,85;"";"";34,752;11,34;68,1;"";"";"";"";"";"";"";"";"";"";"";"";"";"";"";"";"";"";"";"";"";"";"";"";"";"";"";"";"";"";"";"";"";"";"";"";"";"";"";"";"";"";"";"";"";"";"";"";"";"";"";"";"";"";"";"";"";"";"";"";"";"";"";"";""
05.01.2023 13:39:56;1672922396000;880f01e687e2572cea04e80fc6a68085;450123;OK;1830;1;0;0;0;0,03;35,79;0;0;911;759;"";208,76;31,31;503,414;65,1;20,884;0,93;1,459;0,21;9,474;1,67;0,0;10,0;0,0;10,0;0,282;10,0;51,795;15,18;15,553;11,45;1,429;10,12;0,523;10,0;0,523;10,0;0,0;10,0;3,542;24,191;0,53;34,581;3,3;7,639;0,63;7,763;1,21;962,56;1,0;"";"";16,974;2,67;57,823;14,92;"";"";35,313;10,5;54,4;"";"";"";"";"";"";"";"";"";"";"";"";"";"";"";"";"";"";"";"";"";"";"";"";"";"";"";"";"";"";"";"";"";"";"";"";"";"";"";"";"";"";"";"";"";"";"";"";"";"";"";"";"";"";"";"";"";"";"";"";"";"";"";"";""
05.01.2023 13:41:54;1672922514000;880f01e687e2572cea04e80fc6a68085;450242;OK;1820;1;0;0;0;0,12;64,23;0;0;914;752;"";210,295;31,54;512,213;65,37;20,882;0,93;1,46;0,21;9,483;1,67;0,0;10,0;0,0;10,0;0,031;10,0;40,838;14,02;13,424;11,26;1,506;10,12;0,058;10,0;0,058;10,0;0,0;10,0;1,281;24,213;0,53;34,692;3,3;7,673;0,63;7,83;1,21;962,57;1,0;"";"";17,128;2,66;58,687;14,96;"";"";32,134;12,04;54,5;"";"";"";"";"";"";"";"";"";"";"";"";"";"";"";"";"";"";"";"";"";"";"";"";"";"";"";"";"";"";"";"";"";"";"";"";"";"";"";"";"";"";"";"";"";"";"";"";"";"";"";"";"";"";"";"";"";"";"";"";"";"";"";"";""
05.01.2023 13:43:56;1672922636000;880f01e687e2572cea04e80fc6a68085;450363;OK;1843;1;0;0;0;0,21;72,26;0;0;917;747;"";213,846;32,08;519,314;65,58;20,882;0,93;1,462;0,21;9,48;1,67;0,0;10,0;0,0;10,0;0,003;10,0;39,91;13,97;12,239;11,17;0,161;10,01;0,006;10,0;0,006;10,0;0,0;10,0;1,03;24,228;0,53;34,793;3,3;7,702;0,63;7,886;1,2;962,577;1,0;"";"";17,219;2,66;59,813;15,03;"";"";32,944;11,58;54,2;"";"";"";"";"";"";"";"";"";"";"";"";"";"";"";"";"";"";"";"";"";"";"";"";"";"";"";"";"";"";"";"";"";"";"";"";"";"";"";"";"";"";"";"";"";"";"";"";"";"";"";"";"";"";"";"";"";"";"";"";"";"";"";"";""
05.01.2023 13:45:58;1672922758000;880f01e687e2572cea04e80fc6a68085;450486;OK;1813;1;0;0;0;0,23;69,89;0;0;918;739;"";215,06;32,26;529,493;65,88;20,882;0,93;1,463;0,21;9,397;1,66;0,0;10,0;0,0;10,0;0,09700001;10,0;48,26;14,73;13,828;11,3;0,687;10,1;0,381;10,0;0,381;10,0;0,0;10,0;1,873;24,25;0,53;34,858;3,3;7,726;0,63;7,932;1,2;962,591;1,0;"";"";17,224;2,66;60,918;15,09;"";"";32,21;13,16;74,3;"";"";"";"";"";"";"";"";"";"";"";"";"";"";"";"";"";"";"";"";"";"";"";"";"";"";"";"";"";"";"";"";"";"";"";"";"";"";"";"";"";"";"";"";"";"";"";"";"";"";"";"";"";"";"";"";"";"";"";"";"";"";"";"";""
05.01.2023 13:47:57;1672922877000;880f01e687e2572cea04e80fc6a68085;450605;OK;1812;1;0;0;0;0,2;68,80001;0;0;919;731;"";218,371;32,76;538,516;66,16001;20,875;0,93;1,465;0,21;9,369;1,66;0,0;10,0;0,0;10,0;0,06400001;10,0;57,244;15,68;16,841;11,61;0,212;10,03;0,103;10,0;0,103;10,0;0,0;10,0;1,577;24,268;0,53;34,916;3,3;7,747;0,63;7,973;1,2;962,5609;1,0;"";"";17,255;2,66;62,053;15,15;"";"";31,852;12,98;53,7;"";"";"";"";"";"";"";"";"";"";"";"";"";"";"";"";"";"";"";"";"";"";"";"";"";"";"";"";"";"";"";"";"";"";"";"";"";"";"";"";"";"";"";"";"";"";"";"";"";"";"";"";"";"";"";"";"";"";"";"";"";"";"";"";""
05.01.2023 13:49:58;1672922998000;880f01e687e2572cea04e80fc6a68085;450725;OK;1830;1;0;0;0;0,15;84,11;0;0;919;720;"";222,093;33,31;549,939;66,5;20,873;0,93;1,466;0,21;9,25;1,66;0,0;10,0;0,0;10,0;0,007;10,0;37,581;13,78;11,67;11,17;0,023;10,0;0,011;10,0;0,011;10,0;0,0;10,0;1,062;24,289;0,53;34,917;3,29;7,756;0,63;7,992;1,2;962,578;1,0;"";"";17,256;2,66;62,383;15,17;"";"";30,911;13,94;53,1;"";"";"";"";"";"";"";"";"";"";"";"";"";"";"";"";"";"";"";"";"";"";"";"";"";"";"";"";"";"";"";"";"";"";"";"";"";"";"";"";"";"";"";"";"";"";"";"";"";"";"";"";"";"";"";"";"";"";"";"";"";"";"";"";""
05.01.2023 13:51:57;1672923117000;880f01e687e2572cea04e80fc6a68085;450845;OK;1812;1;0;0;0;0,12;84,29;0;0;919;711;"";225,041;33,76;559,3319;66,78;20,873;0,93;1,469;0,21;9,07;1,65;0,0;10,0;0,0;10,0;0,001;10,0;37,393;13,72;10,583;11,04;0,002;10,0;0,001;10,0;0,001;10,0;0,0;10,0;1,007;24,31;0,53;34,921;3,29;7,766;0,63;8,012;1,2;962,5549;1,0;"";"";17,14;2,66;62,486;15,18;"";"";31,635;13,02;54,4;"";"";"";"";"";"";"";"";"";"";"";"";"";"";"";"";"";"";"";"";"";"";"";"";"";"";"";"";"";"";"";"";"";"";"";"";"";"";"";"";"";"";"";"";"";"";"";"";"";"";"";"";"";"";"";"";"";"";"";"";"";"";"";"";""
05.01.2023 13:53:57;1672923237000;880f01e687e2572cea04e80fc6a68085;450965;OK;1808;1;0;0;0;0,08;91,49;0;0;920;700;"";228,068;34,21;572,299;67,17;20,869;0,93;1,471;0,21;8,894;1,64;0,0;10,0;0,0;10,0;0,0;10,0;24,8;12,62;8,066;10,83;0,0;10,0;0,0;10,0;0,0;10,0;0,0;10,0;1,001;24,331;0,53;34,954;3,29;7,783;0,63;8,045;1,2;962,577;1,0;"";"";16,968;2,67;62,648;15,19;"";"";31,468;12,97;57,4;"";"";"";"";"";"";"";"";"";"";"";"";"";"";"";"";"";"";"";"";"";"";"";"";"";"";"";"";"";"";"";"";"";"";"";"";"";"";"";"";"";"";"";"";"";"";"";"";"";"";"";"";"";"";"";"";"";"";"";"";"";"";"";"";""
05.01.2023 13:56:00;1672923360000;880f01e687e2572cea04e80fc6a68085;451087;OK;1846;2;0;0;0;0,12;122,7;0;0;921;683;"";231,852;34,78;592,739;67,78;20,869;0,93;1,473;0,21;8,798;1,63;0,0;10,0;0,0;10,0;0,365;10,0;53,182;15,29;13,066;11,29;0,555;10,0;0,555;10,0;0,555;10,0;0,0;10,0;4,283;24,351;0,53;35,005;3,29;7,803;0,63;8,083;1,2;962,5549;1,0;"";"";16,867;2,68;62,935;15,21;"";"";31,854;13,37;70,7;"";"";"";"";"";"";"";"";"";"";"";"";"";"";"";"";"";"";"";"";"";"";"";"";"";"";"";"";"";"";"";"";"";"";"";"";"";"";"";"";"";"";"";"";"";"";"";"";"";"";"";"";"";"";"";"";"";"";"";"";"";"";"";"";""
05.01.2023 13:58:00;1672923480000;880f01e687e2572cea04e80fc6a68085;451208;OK;1825;2;0;0;0;0,13;105,83;0;0;921;682;"";229,808;34,47;592,978;67,79;20,869;0,93;1,474;0,21;8,55;1,62;0,0;10,0;0,0;10,0;0,039;10,0;45,498;14,51;13,62;11,26;0,05900001;10,0;0,05900001;10,0;0,05900001;10,0;0,0;10,0;1,35;24,371;0,53;35,025;3,29;7,816;0,63;8,11;1,19;962,543;1,0;"";"";16,733;2,68;63,058;15,21;"";"";32,045;12,8;56,3;"";"";"";"";"";"";"";"";"";"";"";"";"";"";"";"";"";"";"";"";"";"";"";"";"";"";"";"";"";"";"";"";"";"";"";"";"";"";"";"";"";"";"";"";"";"";"";"";"";"";"";"";"";"";"";"";"";"";"";"";"";"";"";"";""
05.01.2023 13:59:59;1672923599000;880f01e687e2572cea04e80fc6a68085;451327;OK;1825;1;0;0;0;0,18;47,04;0;0;924;685;"";228,075;34,21;591,01;67,73;20,87;0,93;1,476;0,21;8,5;1,62;0,0;10,0;0,0;10,0;0,15;10,0;39,627;13,98;10,894;11,02;0,224;10,0;0,224;10,0;0,224;10,0;0,218;10,0;2,346;24,385;0,53;35,13;3,29;7,846;0,63;8,166;1,19;962,539;1,0;"";"";16,815;2,68;63,605;15,24;"";"";33,105;12,58;66,8;"";"";"";"";"";"";"";"";"";"";"";"";"";"";"";"";"";"";"";"";"";"";"";"";"";"";"";"";"";"";"";"";"";"";"";"";"";"";"";"";"";"";"";"";"";"";"";"";"";"";"";"";"";"";"";"";"";"";"";"";"";"";"";"";""
05.01.2023 14:02:00;1672923720000;880f01e687e2572cea04e80fc6a68085;451448;OK;1825;0;0;0;0;0,17;13,23;0;0;924;677;"";232,201;34,83;600,438;68,01;20,872;0,93;1,478;0,21;8,437;1,61;0,0;10,0;0,0;10,0;0,016;10,0;45,749;14,57;13,792;11,37;0,024;10,0;0,024;10,0;0,024;10,0;0,023;10,0;1,144;24,402;0,53;35,141;3,29;7,856;0,63;8,186;1,19;962,543;1,0;"";"";16,798;2,68;63,688;15,25;"";"";34,19;12,41;64,8;"";"";"";"";"";"";"";"";"";"";"";"";"";"";"";"";"";"";"";"";"";"";"";"";"";"";"";"";"";"";"";"";"";"";"";"";"";"";"";"";"";"";"";"";"";"";"";"";"";"";"";"";"";"";"";"";"";"";"";"";"";"";"";"";""
05.01.2023 14:04:01;1672923841000;880f01e687e2572cea04e80fc6a68085;451569;OK;1806;1;0;0;0;0,14;26,59;0;0;924;676;"";232,049;34,81;599,866;68,0;20,872;0,93;1,48;0,21;8,32;1,61;0,0;10,0;0,0;10,0;0,162;10,0;53,219;15,3;15,376;11,5;0,378;10,03;0,217;10,0;0,217;10,0;0,217;10,0;2,459;24,424;0,53;35,126;3,29;7,862;0,63;8,199;1,19;962,6129;1,0;"";"";16,676;2,69;63,527;15,25;"";"";33,387;11,55;72,6;"";"";"";"";"";"";"";"";"";"";"";"";"";"";"";"";"";"";"";"";"";"";"";"";"";"";"";"";"";"";"";"";"";"";"";"";"";"";"";"";"";"";"";"";"";"";"";"";"";"";"";"";"";"";"";"";"";"";"";"";"";"";"";"";""
05.01.2023 14:06:01;1672923961000;880f01e687e2572cea04e80fc6a68085;451688;OK;1847;0;0;0;0;0,06;3,18;0;0;924;683;"";224,213;33,63;590,341;67,71;20,874;0,93;1,481;0,21;8,168;1,6;0,0;10,0;0,0;10,0;0,115;10,0;34,698;13,5;8,95;10,85;0,754;10,0;0,737;10,0;0,737;10,0;0,024;10,0;2,031;24,443;0,53;35,128;3,29;7,871;0,63;8,217;1,19;962,599;1,0;"";"";16,602;2,69;63,205;15,23;"";"";34,918;10,55;56,8;"";"";"";"";"";"";"";"";"";"";"";"";"";"";"";"";"";"";"";"";"";"";"";"";"";"";"";"";"";"";"";"";"";"";"";"";"";"";"";"";"";"";"";"";"";"";"";"";"";"";"";"";"";"";"";"";"";"";"";"";"";"";"";"";""
05.01.2023 14:08:03;1672924083000;880f01e687e2572cea04e80fc6a68085;451811;OK;1819;0;1;0;0;0,05;-95,17;0;0;923;701;"";221,684;33,25;566,877;67,01;20,876;0,93;1,48;0,21;8,047;1,59;0,0;10,0;0,0;10,0;0,042;10,0;47,564;14,62;14,234;11,29;0,694;10,0;0,087;10,0;0,087;10,0;0,002;10,0;1,375;24,466;0,53;35,101;3,29;7,875;0,63;8,225;1,19;962,593;1,0;"";"";16,395;2,7;63,267;15,24;"";"";34,311;11,26;68,6;"";"";"";"";"";"";"";"";"";"";"";"";"";"";"";"";"";"";"";"";"";"";"";"";"";"";"";"";"";"";"";"";"";"";"";"";"";"";"";"";"";"";"";"";"";"";"";"";"";"";"";"";"";"";"";"";"";"";"";"";"";"";"";"";""
05.01.2023 14:10:02;1672924202000;880f01e687e2572cea04e80fc6a68085;451931;OK;1804;0;1;0;0;0,08;-98,99;0;0;924;701;"";221,053;33,16;566,876;67,01;20,876;0,93;1,48;0,21;7,93;1,58;0,0;10,0;0,0;10,0;0,004;10,0;49,518;14,83;15,143;11,41;0,074;10,0;0,009;10,0;0,009;10,0;0,0;10,0;1,04;24,485;0,53;35,13;3,29;7,89;0,63;8,255;1,19;962,632;1,0;"";"";16,202;2,71;63,489;15,25;"";"";29,765;14,43;59,0;"";"";"";"";"";"";"";"";"";"";"";"";"";"";"";"";"";"";"";"";"";"";"";"";"";"";"";"";"";"";"";"";"";"";"";"";"";"";"";"";"";"";"";"";"";"";"";"";"";"";"";"";"";"";"";"";"";"";"";"";"";"";"";"";""
05.01.2023 14:12:03;1672924323000;880f01e687e2572cea04e80fc6a68085;452051;OK;1831;0;1;0;0;0,07;-84,29;0;0;923;705;"";220,982;33,15;558,989;66,77;20,872;0,93;1,481;0,21;7,82;1,58;0,0;10,0;0,0;10,0;0,204;10,0;31,263;13,18;9,663;10,97;0,487;10,05;0,242;10,0;0,242;10,0;0,0;10,0;2,836;24,508;0,53;35,087;3,29;7,891;0,63;8,257;1,19;962,677;1,0;"";"";16,196;2,71;63,387;15,25;"";"";32,246;12,58;54,4;"";"";"";"";"";"";"";"";"";"";"";"";"";"";"";"";"";"";"";"";"";"";"";"";"";"";"";"";"";"";"";"";"";"";"";"";"";"";"";"";"";"";"";"";"";"";"";"";"";"";"";"";"";"";"";"";"";"";"";"";"";"";"";"";""
05.01.2023 14:14:03;1672924443000;880f01e687e2572cea04e80fc6a68085;452171;OK;1818;0;1;0;0;0,03;-28,17;0;0;921;702;"";219,992;33,0;559,879;66,8;20,878;0,93;1,482;0,21;7,684;1,58;0,0;10,0;0,0;10,0;0,022;10,0;39,817;13,99;11,867;11,15;0,052;10,01;0,026;10,0;0,026;10,0;0,0;10,0;1,196;24,53;0,53;35,012;3,29;7,884;0,64;8,244;1,2;962,64;1,0;"";"";16,022;2,72;63,072;15,24;"";"";31,668;12,77;53,3;"";"";"";"";"";"";"";"";"";"";"";"";"";"";"";"";"";"";"";"";"";"";"";"";"";"";"";"";"";"";"";"";"";"";"";"";"";"";"";"";"";"";"";"";"";"";"";"";"";"";"";"";"";"";"";"";"";"";"";"";"";"";"";"";""
05.01.2023 14:16:04;1672924564000;880f01e687e2572cea04e80fc6a68085;452291;OK;1827;0;1;0;0;-0,02;-27,49;0;0;920;700;"";220,338;33,05;559,514;66,79;20,877;0,93;1,482;0,21;7,595;1,58;0,0;10,0;0,0;10,0;0,139;10,0;67,69001;16,72;19,277;11,87;0,223;10,0;0,22;10,0;0,22;10,0;0,218;10,0;2,248;24,551;0,53;34,958;3,29;7,881;0,64;8,24;1,2;962,617;1,0;"";"";15,782;2,73;62,471;15,21;"";"";33,048;12,73;57,5;"";"";"";"";"";"";"";"";"";"";"";"";"";"";"";"";"";"";"";"";"";"";"";"";"";"";"";"";"";"";"";"";"";"";"";"";"";"";"";"";"";"";"";"";"";"";"";"";"";"";"";"";"";"";"";"";"";"";"";"";"";"";"";"";""
05.01.2023 14:18:04;1672924684000;880f01e687e2572cea04e80fc6a68085;452412;OK;1842;1;0;0;0;0,01;28,89;0;0;920;690;"";224,233;33,63;571,255;67,14;20,882;0,93;1,483;0,21;7,509;1,58;0,0;10,0;0,0;10,0;0,015;10,0;39,158;13,88;12,444;11,27;0,024;10,0;0,024;10,0;0,024;10,0;0,023;10,0;1,133;24,57;0,53;34,972;3,29;7,893;0,64;8,263;1,2;962,649;1,0;"";"";15,619;2,74;61,901;15,18;"";"";32,245;12,7;54,0;"";"";"";"";"";"";"";"";"";"";"";"";"";"";"";"";"";"";"";"";"";"";"";"";"";"";"";"";"";"";"";"";"";"";"";"";"";"";"";"";"";"";"";"";"";"";"";"";"";"";"";"";"";"";"";"";"";"";"";"";"";"";"";"";""
05.01.2023 14:20:05;1672924805000;880f01e687e2572cea04e80fc6a68085;452533;OK;1821;1;0;0;0;0,03;53,55;0;0;920;683;"";228,009;34,2;577,61;67,33;20,876;0,93;1,485;0,21;7,548;1,58;0,0;10,0;0,0;10,0;0,002;10,0;38,726;13,77;12,374;11,08;0,003;10,0;0,003;10,0;0,003;10,0;0,002;10,0;1,014;24,588;0,53;34,939;3,29;7,893;0,64;8,265;1,2;962,628;1,0;"";"";15,572;2,74;60,798;15,12;"";"";33,628;11,94;61,6;"";"";"";"";"";"";"";"";"";"";"";"";"";"";"";"";"";"";"";"";"";"";"";"";"";"";"";"";"";"";"";"";"";"";"";"";"";"";"";"";"";"";"";"";"";"";"";"";"";"";"";"";"";"";"";"";"";"";"";"";"";"";"";"";""
05.01.2023 14:22:06;1672924926000;880f01e687e2572cea04e80fc6a68085;452655;OK;1803;1;0;0;0;0,07;98,78;0;0;921;666;"";238,264;35,74;599,262;67,98;20,877;0,93;1,487;0,21;7,545;1,58;0,0;10,0;0,0;10,0;0,0;10,0;36,159;13,6;11,244;11,09;0,0;10,0;0,0;10,0;0,0;10,0;0,0;10,0;1,001;24,602;0,53;34,997;3,29;7,913;0,64;8,302;1,2;962,611;1,0;"";"";15,461;2,75;60,467;15,11;"";"";31,219;13,28;53,6;"";"";"";"";"";"";"";"";"";"";"";"";"";"";"";"";"";"";"";"";"";"";"";"";"";"";"";"";"";"";"";"";"";"";"";"";"";"";"";"";"";"";"";"";"";"";"";"";"";"";"";"";"";"";"";"";"";"";"";"";"";"";"";"";""
05.01.2023 14:24:06;1672925046000;880f01e687e2572cea04e80fc6a68085;452774;OK;1815;3;0;0;0;0,13;170,7;0;0;923;639;"";247,122;37,07;633,158;68,99;20,869;0,93;1,49;0,21;7,608;1,58;0,0;10,0;0,0;10,0;0,0;10,0;51,578;15,1;15,88;11,41;1,425;10,21;0,0;10,0;0,0;10,0;0,0;10,0;1,0;24,616;0,53;35,098;3,29;7,942;0,64;8,357;1,19;962,585;1,0;"";"";15,535;2,74;60,792;15,12;"";"";32,62;12,28;53,7;"";"";"";"";"";"";"";"";"";"";"";"";"";"";"";"";"";"";"";"";"";"";"";"";"";"";"";"";"";"";"";"";"";"";"";"";"";"";"";"";"";"";"";"";"";"";"";"";"";"";"";"";"";"";"";"";"";"";"";"";"";"";"";"";""
05.01.2023 14:26:06;1672925166000;880f01e687e2572cea04e80fc6a68085;452894;OK;1810;4;0;0;0;0,19;241,92;0;0;924;616;"";256,717;38,51;663,521;69,91001;20,868;0,93;1,492;0,21;7,634;1,58;0,0;10,0;0,0;10,0;0,0;10,0;40,089;13,96;12,62;11,1;0,643;10,02;0,0;10,0;0,0;10,0;0,0;10,0;1,0;24,63;0,53;35,172;3,29;7,965;0,64;8,4;1,19;962,6619;1,0;"";"";15,783;2,73;61,338;15,16;"";"";32,865;12,31;71,7;"";"";"";"";"";"";"";"";"";"";"";"";"";"";"";"";"";"";"";"";"";"";"";"";"";"";"";"";"";"";"";"";"";"";"";"";"";"";"";"";"";"";"";"";"";"";"";"";"";"";"";"";"";"";"";"";"";"";"";"";"";"";"";"";""
05.01.2023 14:28:07;1672925287000;880f01e687e2572cea04e80fc6a68085;453015;OK;1837;4;0;0;0;0,23;205,93;0;0;928;620;"";243,365;36,5;661,41;69,84;20,866;0,93;1,495;0,21;7,648;1,58;0,0;10,0;0,0;10,0;0,0;10,0;34,455;13,54;9,593;11,02;0,229;10,0;0,0;10,0;0,0;10,0;0,0;10,0;1,0;24,645;0,53;35,31;3,29;8,003;0,64;8,471;1,18;962,753;1,0;"";"";15,936;2,72;62,618;15,23;"";"";31,945;12,83;53,1;"";"";"";"";"";"";"";"";"";"";"";"";"";"";"";"";"";"";"";"";"";"";"";"";"";"";"";"";"";"";"";"";"";"";"";"";"";"";"";"";"";"";"";"";"";"";"";"";"";"";"";"";"";"";"";"";"";"";"";"";"";"";"";"";""
05.01.2023 14:30:07;1672925407000;880f01e687e2572cea04e80fc6a68085;453134;OK;1822;0;0;0;0;0,23;18,16;0;0;929;637;"";239,663;35,95;639,124;69,17;20,869;0,93;1,496;0,21;7,761;1,58;0,0;10,0;0,0;10,0;0,22;10,0;47,558;14,66;13,525;11,21;0,566;10,04;0,541;10,04;0,541;10,04;0,0;10,0;2,979;24,663;0,53;35,348;3,28;8,019;0,64;8,503;1,18;962,748;1,0;"";"";16,087;2,72;63,547;15,28;"";"";31,423;12,38;53,8;"";"";"";"";"";"";"";"";"";"";"";"";"";"";"";"";"";"";"";"";"";"";"";"";"";"";"";"";"";"";"";"";"";"";"";"";"";"";"";"";"";"";"";"";"";"";"";"";"";"";"";"";"";"";"";"";"";"";"";"";"";"";"";"";""
05.01.2023 14:32:07;1672925527000;880f01e687e2572cea04e80fc6a68085;453255;OK;1829;0;1;0;0;0,14;-71,30001;0;0;928;631;"";242,316;36,35;644,564;69,34;20,87;0,93;1,496;0,21;7,684;1,58;0,0;10,0;0,0;10,0;0,199;10,0;46,592;14,6;12,572;11,23;1,353;10,13;0,593;10,0;0,593;10,0;0,0;10,0;2,795;24,682;0,53;35,294;3,29;8,016;0,64;8,497;1,19;962,77;1,0;"";"";16,069;2,72;63,924;15,3;"";"";36,238;10,5;71,5;"";"";"";"";"";"";"";"";"";"";"";"";"";"";"";"";"";"";"";"";"";"";"";"";"";"";"";"";"";"";"";"";"";"";"";"";"";"";"";"";"";"";"";"";"";"";"";"";"";"";"";"";"";"";"";"";"";"";"";"";"";"";"";"";""
05.01.2023 14:34:06;1672925646000;880f01e687e2572cea04e80fc6a68085;453374;OK;1816;0;1;0;0;0,09;-35,09;0;0;929;625;"";250,23;37,53;652,748;69,58;20,87;0,93;1,496;0,21;7,753;1,58;0,0;10,0;0,0;10,0;0,022;10,0;36,779;13,71;9,004;10,91;0,55;10,01;0,06599999;10,0;0,06599999;10,0;0,0;10,0;1,198;24,7;0,53;35,36;3,28;8,039;0,64;8,54;1,18;962,781;1,0;"";"";16,066;2,72;63,675;15,29;"";"";35,225;10,68;59,4;"";"";"";"";"";"";"";"";"";"";"";"";"";"";"";"";"";"";"";"";"";"";"";"";"";"";"";"";"";"";"";"";"";"";"";"";"";"";"";"";"";"";"";"";"";"";"";"";"";"";"";"";"";"";"";"";"";"";"";"";"";"";"";"";""
05.01.2023 14:36:07;1672925767000;880f01e687e2572cea04e80fc6a68085;453495;OK;1831;2;0;0;0;0,12;137,85;0;0;930;597;"";265,702;39,86;690,435;70,71;20,867;0,93;1,499;0,21;7,767;1,58;0,0;10,0;0,0;10,0;0,002;10,0;45,231;14,54;13,212;11,2;0,05900001;10,0;0,007;10,0;0,007;10,0;0,0;10,0;1,021;24,716;0,53;35,429;3,28;8,062;0,64;8,584;1,18;962,778;1,0;"";"";16,178;2,71;63,331;15,27;"";"";35,87;10,18;55,9;"";"";"";"";"";"";"";"";"";"";"";"";"";"";"";"";"";"";"";"";"";"";"";"";"";"";"";"";"";"";"";"";"";"";"";"";"";"";"";"";"";"";"";"";"";"";"";"";"";"";"";"";"";"";"";"";"";"";"";"";"";"";"";"";""
05.01.2023 14:38:07;1672925887000;880f01e687e2572cea04e80fc6a68085;453615;OK;1812;3;0;0;0;0,14;159,71;0;0;930;594;"";262,928;39,44;692,144;70,76;20,864;0,93;1,501;0,21;7,722;1,58;0,0;10,0;0,263;10,0;1,331;10,0;74,166;17,3;24,523;12,41;4,689;10,43;2,424;10,23;1,355;10,2;0,689;10,0;4,355;24,731;0,53;35,419;3,28;8,066;0,64;8,592;1,18;962,774;1,0;"";"";16,193;2,71;62,951;15,25;"";"";33,061;12,19;54,2;"";"";"";"";"";"";"";"";"";"";"";"";"";"";"";"";"";"";"";"";"";"";"";"";"";"";"";"";"";"";"";"";"";"";"";"";"";"";"";"";"";"";"";"";"";"";"";"";"";"";"";"";"";"";"";"";"";"";"";"";"";"";"";"";""
05.01.2023 14:40:07;1672926007000;880f01e687e2572cea04e80fc6a68085;453735;OK;1818;1;0;0;0;0,01;87,96;0;0;928;596;"";260,334;39,05;686,296;70,59;20,863;0,93;1,502;0,21;7,639;1,58;0,0;10,0;0,028;10,0;0,317;10,0;32,853;13,42;10,462;11,14;0,676;10,05;0,434;10,02;0,32;10,02;0,249;10,0;2,753;24,743;0,53;35,315;3,28;8,048;0,64;8,559;1,18;962,826;1,0;"";"";15,935;2,72;62,545;15,24;"";"";31,053;13,12;53,9;"";"";"";"";"";"";"";"";"";"";"";"";"";"";"";"";"";"";"";"";"";"";"";"";"";"";"";"";"";"";"";"";"";"";"";"";"";"";"";"";"";"";"";"";"";"";"";"";"";"";"";"";"";"";"";"";"";"";"";"";"";"";"";"";""
05.01.2023 14:42:08;1672926128000;880f01e687e2572cea04e80fc6a68085;453856;OK;1829;0;1;0;0;-0,05;-55,35;0;0;927;607;"";255,301;38,3;670,165;70,1;20,862;0,93;1,503;0,21;7,544;1,58;0,0;10,0;0,003;10,0;0,034;10,0;49,218;14,76;14,464;11,31;0,072;10,0;0,046;10,0;0,034;10,0;0,027;10,0;1,187;24,751;0,53;35,274;3,28;8,042;0,64;8,549;1,19;962,8309;1,0;"";"";15,77;2,73;62,044;15,21;"";"";31,183;13,14;62,8;"";"";"";"";"";"";"";"";"";"";"";"";"";"";"";"";"";"";"";"";"";"";"";"";"";"";"";"";"";"";"";"";"";"";"";"";"";"";"";"";"";"";"";"";"";"";"";"";"";"";"";"";"";"";"";"";"";"";"";"";"";"";"";"";""
05.01.2023 14:44:09;1672926249000;880f01e687e2572cea04e80fc6a68085;453977;OK;1821;0;1;0;0;-0,21;-162,65;0;0;920;626;"";243,283;36,49;636,644;69,1;20,869;0,93;1,502;0,21;7,269;1,6;0,0;10,0;0,0;10,0;0,404;10,0;35,329;13,58;10,553;11,01;1,536;10,17;1,026;10,06;1,024;10,06;0,003;10,0;4,625;24,758;0,53;34,968;3,29;7,976;0,64;8,427;1,2;962,832;1,0;"";"";15,158;2,76;60,694;15,14;"";"";31,584;13,53;57,4;"";"";"";"";"";"";"";"";"";"";"";"";"";"";"";"";"";"";"";"";"";"";"";"";"";"";"";"";"";"";"";"";"";"";"";"";"";"";"";"";"";"";"";"";"";"";"";"";"";"";"";"";"";"";"";"";"";"";"";"";"";"";"";"";""
05.01.2023 14:46:10;1672926370000;880f01e687e2572cea04e80fc6a68085;454098;OK;1830;0;1;0;0;-0,14;-139,27;0;0;923;622;"";248,891;37,33;644,84;69,35;20,87;0,93;1,502;0,21;7,284;1,6;0,0;10,0;0,0;10,0;0,043;10,0;40,192;14,06;12,09;11,17;0,5440001;10,02;0,109;10,01;0,109;10,01;0,0;10,0;1,387;24,774;0,53;35,08;3,29;8,008;0,64;8,488;1,19;962,822;1,0;"";"";14,874;2,78;59,941;15,1;"";"";31,762;13,08;57,6;"";"";"";"";"";"";"";"";"";"";"";"";"";"";"";"";"";"";"";"";"";"";"";"";"";"";"";"";"";"";"";"";"";"";"";"";"";"";"";"";"";"";"";"";"";"";"";"";"";"";"";"";"";"";"";"";"";"";"";"";"";"";"";"";""
05.01.2023 14:48:11;1672926491000;880f01e687e2572cea04e80fc6a68085;454218;OK;1821;0;1;0;0;-0,04;-74,72;0;0;922;624;"";248,812;37,32;640,394;69,21;20,87;0,93;1,502;0,21;7,3;1,6;0,0;10,0;0,0;10,0;0,005;10,0;30,201;13,1;9,526;10,97;0,117;10,0;0,012;10,0;0,012;10,0;0,0;10,0;1,041;24,786;0,53;35,067;3,29;8,011;0,64;8,494;1,19;962,817;1,0;"";"";14,757;2,78;59,834;15,1;"";"";30,378;14,65;53,4;"";"";"";"";"";"";"";"";"";"";"";"";"";"";"";"";"";"";"";"";"";"";"";"";"";"";"";"";"";"";"";"";"";"";"";"";"";"";"";"";"";"";"";"";"";"";"";"";"";"";"";"";"";"";"";"";"";"";"";"";"";"";"";"";""
05.01.2023 14:50:11;1672926611000;880f01e687e2572cea04e80fc6a68085;454338;OK;1835;0;0;0;0;0,11;0,28;0;0;923;627;"";248,008;37,2;637,125;69,11;20,867;0,93;1,503;0,21;7,344;1,59;0,0;10,0;0,0;10,0;0,0;10,0;37,218;13,8;9,535;10,88;0,436;10,0;0,001;10,0;0,001;10,0;0,0;10,0;1,004;24,797;0,53;35,107;3,29;8,025;0,64;8,52;1,19;962,803;1,0;"";"";14,615;2,79;60,055;15,11;"";"";30,034;14,81;54,2;"";"";"";"";"";"";"";"";"";"";"";"";"";"";"";"";"";"";"";"";"";"";"";"";"";"";"";"";"";"";"";"";"";"";"";"";"";"";"";"";"";"";"";"";"";"";"";"";"";"";"";"";"";"";"";"";"";"";"";"";"";"";"";"";""
05.01.2023 14:52:12;1672926732000;880f01e687e2572cea04e80fc6a68085;454460;OK;1817;0;1;0;0;0,03;-34,81;0;0;923;632;"";243,757;36,56;630,951;68,93;20,871;0,93;1,503;0,21;7,446;1,59;0,0;10,0;0,0;10,0;0,0;10,0;38,543;13,86;10,775;11,05;0,047;10,0;0,0;10,0;0,0;10,0;0,0;10,0;1,0;24,812;0,53;35,104;3,29;8,031;0,64;8,532;1,19;962,844;1,0;"";"";14,564;2,79;60,372;15,13;"";"";31,226;13,77;53,6;"";"";"";"";"";"";"";"";"";"";"";"";"";"";"";"";"";"";"";"";"";"";"";"";"";"";"";"";"";"";"";"";"";"";"";"";"";"";"";"";"";"";"";"";"";"";"";"";"";"";"";"";"";"";"";"";"";"";"";"";"";"";"";"";""
05.01.2023 14:54:10;1672926850000;880f01e687e2572cea04e80fc6a68085;454578;OK;1826;0;0;0;0;0,21;-6,18;0;0;929;629;"";248,157;37,22;640,374;69,21;20,869;0,93;1,503;0,21;7,686;1,58;0,0;10,0;0,0;10,0;0,0;10,0;42,388;14,17;12,729;11,24;0,005;10,0;0,0;10,0;0,0;10,0;0,0;10,0;1,0;24,828;0,53;35,352;3,28;8,096;0,64;8,65;1,18;962,914;1,0;"";"";14,789;2,78;61,869;15,21;"";"";32,044;13,71;70,0;"";"";"";"";"";"";"";"";"";"";"";"";"";"";"";"";"";"";"";"";"";"";"";"";"";"";"";"";"";"";"";"";"";"";"";"";"";"";"";"";"";"";"";"";"";"";"";"";"";"";"";"";"";"";"";"";"";"";"";"";"";"";"";"";""
05.01.2023 14:56:12;1672926972000;880f01e687e2572cea04e80fc6a68085;454699;OK;1831;1;0;0;0;0,43;32,32;0;0;928;625;"";273,786;41,07;652,853;69,59;20,863;0,93;1,505;0,21;8,086;1,59;0,0;10,0;0,0;10,0;0,212;10,0;50,12;15,01;15,71;11,48;0,665;10,07;0,312;10,02;0,312;10,02;0,172;10,0;2,322;24,853;0,53;35,663;3,28;8,178;0,64;8,802;1,17;962,91;1,0;"";"";15,266;2,76;64,49;15,35;"";"";38,603;10,31;82,7;"";"";"";"";"";"";"";"";"";"";"";"";"";"";"";"";"";"";"";"";"";"";"";"";"";"";"";"";"";"";"";"";"";"";"";"";"";"";"";"";"";"";"";"";"";"";"";"";"";"";"";"";"";"";"";"";"";"";"";"";"";"";"";"";""
05.01.2023 14:58:12;1672927092000;880f01e687e2572cea04e80fc6a68085;454820;OK;1829;9;0;0;0;0,66;453,22;0;0;911;519;"";328,936;49,34;807,712;74,23;20,851;0,93;1,51;0,21;8,551;1,62;0,0;10,0;0,0;10,0;0,023;10,0;44,437;14,43;12,035;11,13;0,471;10,01;0,033;10,0;0,033;10,0;0,018;10,0;1,141;24,872;0,53;35,986;3,27;8,261;0,64;8,952;1,16;962,9;1,0;"";"";15,996;2,72;67,013;15,49;"";"";37,84;8,57;73,2;"";"";"";"";"";"";"";"";"";"";"";"";"";"";"";"";"";"";"";"";"";"";"";"";"";"";"";"";"";"";"";"";"";"";"";"";"";"";"";"";"";"";"";"";"";"";"";"";"";"";"";"";"";"";"";"";"";"";"";"";"";"";"";"";""
05.01.2023 15:00:13;1672927213000;880f01e687e2572cea04e80fc6a68085;454941;OK;1823;14;0;0;0;0,67;739,74;0;0;903;472;"";349,728;52,46;884,4769;76,53;20,844;0,93;1,515;0,21;8,904;1,64;0,0;10,0;0,0;10,0;0,243;10,0;59,459;15,85;16,824;11,53;1,578;10,15;0,289;10,0;0,289;10,0;0,002;10,0;3,185;24,886;0,53;36,248;3,27;8,328;0,64;9,072;1,15;962,929;1,0;"";"";16,808;2,68;71,525;15,73;"";"";38,183;9,51;72,4;"";"";"";"";"";"";"";"";"";"";"";"";"";"";"";"";"";"";"";"";"";"";"";"";"";"";"";"";"";"";"";"";"";"";"";"";"";"";"";"";"";"";"";"";"";"";"";"";"";"";"";"";"";"";"";"";"";"";"";"";"";"";"";"";""
05.01.2023 15:02:12;1672927332000;880f01e687e2572cea04e80fc6a68085;455060;OK;1829;12;0;0;0;0,43;638,37;0;0;909;474;"";336,491;50,47;874,9949;76,25;20,846;0,93;1,518;0,22;9,025;1,64;0,0;10,0;0,0;10,0;0,053;10,0;43,689;14,27;13,164;11,17;1,078;10,02;0,27;10,0;0,27;10,0;0,238;10,0;1,477;24,903;0,53;36,123;3,27;8,307;0,64;9,036;1,15;962,92;1,0;"";"";17,13;2,66;72,563;15,79;"";"";39,927;8,82;77,3;"";"";"";"";"";"";"";"";"";"";"";"";"";"";"";"";"";"";"";"";"";"";"";"";"";"";"";"";"";"";"";"";"";"";"";"";"";"";"";"";"";"";"";"";"";"";"";"";"";"";"";"";"";"";"";"";"";"";"";"";"";"";"";"";""
05.01.2023 15:04:14;1672927454000;880f01e687e2572cea04e80fc6a68085;455181;OK;1840;1;0;0;0;-0,11;50,31;0;0;916;493;"";320,904;48,14;829,984;74,9;20,851;0,93;1,52;0,22;8,514;1,62;0,0;10,0;0,0;10,0;0,006;10,0;43,392;14,25;13,307;11,12;0,606;10,0;0,52;10,0;0,029;10,0;0,025;10,0;1,051;24,911;0,53;35,709;3,28;8,216;0,64;8,872;1,17;962,9189;1,0;"";"";16,602;2,69;69,006;15,6;"";"";33,126;12,67;52,7;"";"";"";"";"";"";"";"";"";"";"";"";"";"";"";"";"";"";"";"";"";"";"";"";"";"";"";"";"";"";"";"";"";"";"";"";"";"";"";"";"";"";"";"";"";"";"";"";"";"";"";"";"";"";"";"";"";"";"";"";"";"";"";"";""
05.01.2023 15:06:12;1672927572000;880f01e687e2572cea04e80fc6a68085;455300;OK;1832;0;1;0;0;-0,86;-368,1;0;0;908;530;"";258,328;38,75;744,223;72,33;20,864;0,93;1,518;0,22;7,481;1,61;0,0;10,0;0,0;10,0;0,001;10,0;47,541;14,71;14,006;11,29;0,067;10,0;0,057;10,0;0,003;10,0;0,003;10,0;1,006;24,91;0,53;34,625;3,29;7,966;0,65;8,413;1,21;962,941;1,0;"";"";15,504;2,75;64,154;15,34;"";"";54,354;5,47;84,00001;"";"";"";"";"";"";"";"";"";"";"";"";"";"";"";"";"";"";"";"";"";"";"";"";"";"";"";"";"";"";"";"";"";"";"";"";"";"";"";"";"";"";"";"";"";"";"";"";"";"";"";"";"";"";"";"";"";"";"";"";"";"";"";"";""
05.01.2023 15:08:14;1672927694000;880f01e687e2572cea04e80fc6a68085;455421;OK;1821;0;1;0;0;-1,74;-834,21;0;0;887;640;"";177,0;26,55;578,364;67,35;20,884;0,93;1,51;0,21;5,618;1,68;0,0;10,0;0,0;10,0;0,394;10,0;61,101;16,06;18,822;11,76;3,597;10,31;1,187;10,16;1,181;10,16;0,0;10,0;3,139;24,866;0,53;33,512;3,31;7,691;0,66;7,894;1,26;962,968;1,0;"";"";12,542;2,89;49,315;14,55;"";"";39,138;10,52;79,5;"";"";"";"";"";"";"";"";"";"";"";"";"";"";"";"";"";"";"";"";"";"";"";"";"";"";"";"";"";"";"";"";"";"";"";"";"";"";"";"";"";"";"";"";"";"";"";"";"";"";"";"";"";"";"";"";"";"";"";"";"";"";"";"";""
05.01.2023 15:10:15;1672927815000;880f01e687e2572cea04e80fc6a68085;455543;OK;1803;0;1;0;0;-1,85;-955,2999;0;0;881;694;"";150,816;22,62;511,227;65,34;20,889;0,93;1,503;0,21;4,305;1,74;0,0;10,0;0,0;10,0;0,143;10,0;33,066;13,39;9,461;10,94;0,619;10,04;0,371;10,02;0,37;10,02;0,0;10,0;1,785;24,786;0,53;33,191;3,31;7,582;0,66;7,683;1,28;962,992;1,0;"";"";9,894;3,02;33,715;13,72;"";"";30,763;13,83;53,4;"";"";"";"";"";"";"";"";"";"";"";"";"";"";"";"";"";"";"";"";"";"";"";"";"";"";"";"";"";"";"";"";"";"";"";"";"";"";"";"";"";"";"";"";"";"";"";"";"";"";"";"";"";"";"";"";"";"";"";"";"";"";"";"";""
05.01.2023 15:12:14;1672927934000;880f01e687e2572cea04e80fc6a68085;455662;OK;1818;0;1;0;0;-1,31;-707,5;0;0;877;714;"";141,22;21,18;489,937;64,7;20,895;0,93;1,495;0,21;3,656;1,77;0,0;10,0;0,0;10,0;0,016;10,0;51,586;14,97;16,793;11,59;0,06800001;10,0;0,041;10,0;0,041;10,0;0,0;10,0;1,087;24,727;0,53;33,056;3,32;7,527;0,65;7,572;1,28;962,999;1,0;"";"";8,456;3,09;22,83;13,14;"";"";30,558;13,42;53,0;"";"";"";"";"";"";"";"";"";"";"";"";"";"";"";"";"";"";"";"";"";"";"";"";"";"";"";"";"";"";"";"";"";"";"";"";"";"";"";"";"";"";"";"";"";"";"";"";"";"";"";"";"";"";"";"";"";"";"";"";"";"";"";"";""
05.01.2023 15:14:16;1672928056000;880f01e687e2572cea04e80fc6a68085;455784;OK;1811;0;1;0;0;-0,47;-225,09;0;0;878;722;"";135,012;20,25;485,668;64,57;20,893;0,93;1,488;0,21;3,665;1,77;0,115;10,0;0,146;10,0;0,245;10,0;83,20701;18,11;26,44;12,6;2,524;10,24;0,676;10,0;0,159;10,0;0,0;10,0;1,934;24,658;0,53;33,087;3,32;7,505;0,65;7,526;1,28;963,002;1,0;"";"";7,918;3,12;16,727;12,81;"";"";32,699;12,36;58,4;"";"";"";"";"";"";"";"";"";"";"";"";"";"";"";"";"";"";"";"";"";"";"";"";"";"";"";"";"";"";"";"";"";"";"";"";"";"";"";"";"";"";"";"";"";"";"";"";"";"";"";"";"";"";"";"";"";"";"";"";"";"";"";"";""
05.01.2023 15:16:16;1672928176000;880f01e687e2572cea04e80fc6a68085;455904;OK;1824;0;1;0;0;-0,23;-70,49;0;0;880;731;"";134,525;20,18;481,29;64,44;20,891;0,93;1,483;0,21;4,177;1,75;0,012;10,0;0,016;10,0;0,026;10,0;36,341;13,73;11,478;11,06;0,77;10,03;0,072;10,0;0,017;10,0;0,0;10,0;1,1;24,588;0,53;33,157;3,32;7,491;0,65;7,495;1,28;963,013;1,0;"";"";8,079;3,11;13,994;12,66;"";"";34,431;11,74;71,1;"";"";"";"";"";"";"";"";"";"";"";"";"";"";"";"";"";"";"";"";"";"";"";"";"";"";"";"";"";"";"";"";"";"";"";"";"";"";"";"";"";"";"";"";"";"";"";"";"";"";"";"";"";"";"";"";"";"";"";"";"";"";"";"";""
05.01.2023 15:18:16;1672928296000;880f01e687e2572cea04e80fc6a68085;456023;OK;1835;0;1;0;0;-0,07;-26,85;0;0;883;738;"";143,404;21,51;479,412;64,38;20,892;0,93;1,478;0,21;5,3;1,69;0,001;10,0;0,002;10,0;0,003;10,0;44,492;14,47;14,125;11,31;0,838;10,0;0,008;10,0;0,002;10,0;0,0;10,0;1,011;24,527;0,53;33,29;3,32;7,495;0,65;7,5;1,27;963,012;1,0;"";"";8,691;3,08;16,361;12,77;"";"";30,907;13,62;57,4;"";"";"";"";"";"";"";"";"";"";"";"";"";"";"";"";"";"";"";"";"";"";"";"";"";"";"";"";"";"";"";"";"";"";"";"";"";"";"";"";"";"";"";"";"";"";"";"";"";"";"";"";"";"";"";"";"";"";"";"";"";"";"";"";""
05.01.2023 15:20:17;1672928417000;880f01e687e2572cea04e80fc6a68085;456145;OK;1832;0;0;0;0;0,03;-6,37;0;0;886;738;"";152,072;22,81;484,363;64,53;20,894;0,93;1,475;0,21;6,964;1,61;0,0;10,0;0,0;10,0;0,339;10,0;39,018;13,92;11,797;11,1;0,542;10,0;0,454;10,0;0,453;10,0;0,0;10,0;4,046;24,493;0,53;33,426;3,31;7,511;0,64;7,53;1,27;963,075;1,0;"";"";9,66;3,03;22,271;13,08;"";"";30,806;14,25;54,7;"";"";"";"";"";"";"";"";"";"";"";"";"";"";"";"";"";"";"";"";"";"";"";"";"";"";"";"";"";"";"";"";"";"";"";"";"";"";"";"";"";"";"";"";"";"";"";"";"";"";"";"";"";"";"";"";"";"";"";"";"";"";"";"";""
05.01.2023 15:22:18;1672928538000;880f01e687e2572cea04e80fc6a68085;456266;OK;1814;0;0;0;0;0,07;16,72;0;0;888;739;"";156,864;23,53;486,147;64,58;20,894;0,93;1,474;0,21;8,82;1,64;0,0;10,0;0,0;10,0;0,036;10,0;38,388;13,79;11,375;11,08;0,058;10,0;0,048;10,0;0,048;10,0;0,0;10,0;1,325;24,474;0,53;33,496;3,31;7,519;0,64;7,544;1,26;963,118;1,0;"";"";10,657;2,98;29,422;13,46;"";"";30,898;13,35;54,5;"";"";"";"";"";"";"";"";"";"";"";"";"";"";"";"";"";"";"";"";"";"";"";"";"";"";"";"";"";"";"";"";"";"";"";"";"";"";"";"";"";"";"";"";"";"";"";"";"";"";"";"";"";"";"";"";"";"";"";"";"";"";"";"";""
05.01.2023 15:24:17;1672928657000;880f01e687e2572cea04e80fc6a68085;456385;OK;1830;1;0;0;0;0,08;22,41;0;0;889;739;"";163,823;24,57;487,496;64,62;20,895;0,93;1,472;0,21;10,373;1,72;0,0;10,0;0,0;10,0;0,463;10,0;55,094;15,31;16,761;11,55;0,621;10,0;0,62;10,0;0,62;10,0;0,0;10,0;5,167;24,472;0,53;33,548;3,31;7,529;0,64;7,565;1,26;963,126;1,0;"";"";11,606;2,94;36,469;13,83;"";"";30,763;14,16;56,8;"";"";"";"";"";"";"";"";"";"";"";"";"";"";"";"";"";"";"";"";"";"";"";"";"";"";"";"";"";"";"";"";"";"";"";"";"";"";"";"";"";"";"";"";"";"";"";"";"";"";"";"";"";"";"";"";"";"";"";"";"";"";"";"";""
05.01.2023 15:26:18;1672928778000;880f01e687e2572cea04e80fc6a68085;456506;OK;1827;0;0;0;0;0,06;21,03;0;0;889;734;"";175,256;26,29;492,968;64,79;20,894;0,93;1,472;0,21;11,631;1,78;0,0;10,0;0,0;10,0;0,186;10,0;50,913;15,01;13,318;11,24;0,26;10,0;0,26;10,0;0,26;10,0;0,0;10,0;2,672;24,48;0,53;33,553;3,31;7,534;0,64;7,575;1,26;963,118;1,0;"";"";12,4;2,9;42,714;14,16;"";"";32,564;13,33;56,3;"";"";"";"";"";"";"";"";"";"";"";"";"";"";"";"";"";"";"";"";"";"";"";"";"";"";"";"";"";"";"";"";"";"";"";"";"";"";"";"";"";"";"";"";"";"";"";"";"";"";"";"";"";"";"";"";"";"";"";"";"";"";"";"";""
05.01.2023 15:28:18;1672928898000;880f01e687e2572cea04e80fc6a68085;456625;OK;1829;1;0;0;0;0,07;32,2;0;0;890;729;"";181,739;27,26;498,423;64,95;20,894;0,93;1,474;0,21;12,533;1,83;0,0;10,0;0,0;10,0;0,021;10,0;66,221;16,46;21,223;12,03;1,312;10,18;0,029;10,0;0,029;10,0;0,0;10,0;1,185;24,493;0,53;33,599;3,31;7,55;0,64;7,605;1,26;963,139;1,0;"";"";13,245;2,86;47,813;14,43;"";"";32,351;13,59;57,0;"";"";"";"";"";"";"";"";"";"";"";"";"";"";"";"";"";"";"";"";"";"";"";"";"";"";"";"";"";"";"";"";"";"";"";"";"";"";"";"";"";"";"";"";"";"";"";"";"";"";"";"";"";"";"";"";"";"";"";"";"";"";"";"";""
05.01.2023 15:30:18;1672929018000;880f01e687e2572cea04e80fc6a68085;456746;OK;1814;1;0;0;0;0,11;49,81;0;0;892;723;"";188,035;28,21;505,802;65,17;20,895;0,93;1,474;0,21;13,084;1,86;0,0;10,0;0,0;10,0;0,157;10,0;58,637;15,8;17,192;11,73;0,503;10,02;0,366;10,0;0,366;10,0;0,1;10,0;2,411;24,503;0,53;33,665;3,31;7,569;0,64;7,644;1,25;963,187;1,0;"";"";13,913;2,82;52,114;14,66;"";"";40,778;9,99;74,5;"";"";"";"";"";"";"";"";"";"";"";"";"";"";"";"";"";"";"";"";"";"";"";"";"";"";"";"";"";"";"";"";"";"";"";"";"";"";"";"";"";"";"";"";"";"";"";"";"";"";"";"";"";"";"";"";"";"";"";"";"";"";"";"";""
05.01.2023 15:32:18;1672929138000;880f01e687e2572cea04e80fc6a68085;456866;OK;1818;1;0;0;0;0,31;60,56;0;0;899;722;"";187,895;28,18;513,88;65,42;20,896;0,93;1,476;0,21;13,594;1,89;0,0;10,0;0,0;10,0;0,094;10,0;44,795;14,47;13,085;11,21;0,153;10,0;0,139;10,0;0,139;10,0;0,11;10,0;1,847;24,52;0,53;34,011;3,31;7,654;0,64;7,808;1,24;963,242;1,0;"";"";14,724;2,78;57,155;14,93;"";"";32,955;12,06;53,4;"";"";"";"";"";"";"";"";"";"";"";"";"";"";"";"";"";"";"";"";"";"";"";"";"";"";"";"";"";"";"";"";"";"";"";"";"";"";"";"";"";"";"";"";"";"";"";"";"";"";"";"";"";"";"";"";"";"";"";"";"";"";"";"";""
05.01.2023 15:34:20;1672929260000;880f01e687e2572cea04e80fc6a68085;456988;OK;1815;1;0;0;0;0,44;45,49;0;0;901;724;"";190,226;28,53;513,457;65,4;20,889;0,93;1,477;0,21;13,836;1,9;0,0;10,0;0,0;10,0;0,01;10,0;46,956;14,59;13,68;11,46;0,638;10,0;0,014;10,0;0,014;10,0;0,011;10,0;1,087;24,55;0,53;34,122;3,3;7,692;0,64;7,882;1,23;963,33;1,0;"";"";15,558;2,74;62,727;15,23;"";"";34,452;11,6;63,6;"";"";"";"";"";"";"";"";"";"";"";"";"";"";"";"";"";"";"";"";"";"";"";"";"";"";"";"";"";"";"";"";"";"";"";"";"";"";"";"";"";"";"";"";"";"";"";"";"";"";"";"";"";"";"";"";"";"";"";"";"";"";"";"";""
05.01.2023 15:36:19;1672929379000;880f01e687e2572cea04e80fc6a68085;457107;OK;1823;0;0;0;0;0,31;10,3;0;0;899;722;"";195,952;29,39;512,092;65,36;20,896;0,93;1,479;0,21;13,739;1,9;0,0;10,0;0,0;10,0;0,001;10,0;37,257;13,75;11,556;11,08;0,07;10,0;0,002;10,0;0,002;10,0;0,001;10,0;1,01;24,576;0,53;34,03;3,3;7,683;0,64;7,866;1,24;963,317;1,0;"";"";15,949;2,72;66,698;15,44;"";"";34,368;12,29;76,8;"";"";"";"";"";"";"";"";"";"";"";"";"";"";"";"";"";"";"";"";"";"";"";"";"";"";"";"";"";"";"";"";"";"";"";"";"";"";"";"";"";"";"";"";"";"";"";"";"";"";"";"";"";"";"";"";"";"";"";"";"";"";"";"";""
05.01.2023 15:38:20;1672929500000;880f01e687e2572cea04e80fc6a68085;457228;OK;1825;0;0;0;0;0,04;-3,46;0;0;898;716;"";204,193;30,63;514,674;65,44;20,897;0,93;1,482;0,21;13,304;1,87;0,0;10,0;0,0;10,0;0,0;10,0;42,491;14,21;12,116;11,14;0,157;10,0;0,0;10,0;0,0;10,0;0,0;10,0;1,001;24,602;0,53;33,926;3,31;7,671;0,64;7,844;1,24;963,344;1,0;"";"";16,18;2,71;68,722;15,55;"";"";33,417;12,78;53,6;"";"";"";"";"";"";"";"";"";"";"";"";"";"";"";"";"";"";"";"";"";"";"";"";"";"";"";"";"";"";"";"";"";"";"";"";"";"";"";"";"";"";"";"";"";"";"";"";"";"";"";"";"";"";"";"";"";"";"";"";"";"";"";"";""
05.01.2023 15:40:20;1672929620000;880f01e687e2572cea04e80fc6a68085;457347;OK;1858;0;0;0;0;-0,03;16,77;0;0;898;711;"";208,167;31,23;519,154;65,57;20,894;0,93;1,484;0,21;12,806;1,85;0,0;10,0;0,0;10,0;0,0;10,0;66,599;16,52;19,623;11,91;0,017;10,0;0,0;10,0;0,0;10,0;0,0;10,0;1,0;24,63;0,53;33,965;3,3;7,691;0,65;7,885;1,24;963,4299;1,0;"";"";16,386;2,7;70,17601;15,63;"";"";31,6;13,78;56,4;"";"";"";"";"";"";"";"";"";"";"";"";"";"";"";"";"";"";"";"";"";"";"";"";"";"";"";"";"";"";"";"";"";"";"";"";"";"";"";"";"";"";"";"";"";"";"";"";"";"";"";"";"";"";"";"";"";"";"";"";"";"";"";"";""
05.01.2023 15:42:21;1672929741000;880f01e687e2572cea04e80fc6a68085;457468;OK;1818;1;0;0;0;0,08;42,76;0;0;899;704;"";212,349;31,85;526,5;65,79;20,892;0,93;1,486;0,21;12,396;1,82;0,0;10,0;0,0;10,0;0,078;10,0;47,734;14,66;14,689;11,35;0,352;10,02;0,15;10,0;0,15;10,0;0,0;10,0;1,701;24,657;0,53;33,994;3,3;7,71;0,65;7,922;1,24;963,462;1,0;"";"";16,48;2,7;71,474;15,7;"";"";31,607;13,67;54,5;"";"";"";"";"";"";"";"";"";"";"";"";"";"";"";"";"";"";"";"";"";"";"";"";"";"";"";"";"";"";"";"";"";"";"";"";"";"";"";"";"";"";"";"";"";"";"";"";"";"";"";"";"";"";"";"";"";"";"";"";"";"";"";"";""
05.01.2023 15:44:21;1672929861000;880f01e687e2572cea04e80fc6a68085;457589;OK;1825;1;0;0;0;0,14;53,88;0;0;898;695;"";218,107;32,72;534,501;66,04;20,893;0,93;1,488;0,21;11,905;1,8;0,0;10,0;0,0;10,0;0,036;10,0;47,673;14,7;15,259;11,48;1,086;10,0;0,65;10,0;0,65;10,0;0,0;10,0;1,32;24,686;0,53;33,984;3,3;7,72;0,65;7,942;1,24;963,468;1,0;"";"";16,618;2,69;72,402;15,76;"";"";33,81;12,05;54,5;"";"";"";"";"";"";"";"";"";"";"";"";"";"";"";"";"";"";"";"";"";"";"";"";"";"";"";"";"";"";"";"";"";"";"";"";"";"";"";"";"";"";"";"";"";"";"";"";"";"";"";"";"";"";"";"";"";"";"";"";"";"";"";"";""
05.01.2023 15:46:22;1672929982000;880f01e687e2572cea04e80fc6a68085;457710;OK;1820;1;0;0;0;0,15;73,41001;0;0;899;684;"";223,195;33,48;546,169;66,39;20,891;0,93;1,491;0,21;11,378;1,77;0,0;10,0;0,0;10,0;0,038;10,0;65,838;16,36;18,862;11,86;1,253;10,04;0,104;10,0;0,104;10,0;0,0;10,0;1,339;24,713;0,53;34,018;3,3;7,74;0,65;7,981;1,24;963,364;1,0;"";"";16,546;2,7;73,0;15,79;"";"";32,996;12,78;58,3;"";"";"";"";"";"";"";"";"";"";"";"";"";"";"";"";"";"";"";"";"";"";"";"";"";"";"";"";"";"";"";"";"";"";"";"";"";"";"";"";"";"";"";"";"";"";"";"";"";"";"";"";"";"";"";"";"";"";"";"";"";"";"";"";""
05.01.2023 15:48:22;1672930102000;880f01e687e2572cea04e80fc6a68085;457830;OK;1813;1;0;0;0;0,2;95,17;0;0;902;673;"";228,228;34,23;561,629;66,85;20,89;0,93;1,493;0,21;11,116;1,76;0,0;10,0;0,0;10,0;0,004;10,0;67,178;16,59;19,528;11,84;1,466;10,0;0,011;10,0;0,011;10,0;0,0;10,0;1,036;24,74;0,53;34,14;3,3;7,779;0,65;8,058;1,23;963,3209;1,0;"";"";16,72;2,69;73,669;15,83;"";"";32,43;12,95;54,4;"";"";"";"";"";"";"";"";"";"";"";"";"";"";"";"";"";"";"";"";"";"";"";"";"";"";"";"";"";"";"";"";"";"";"";"";"";"";"";"";"";"";"";"";"";"";"";"";"";"";"";"";"";"";"";"";"";"";"";"";"";"";"";"";""
05.01.2023 15:50:24;1672930224000;880f01e687e2572cea04e80fc6a68085;457952;OK;1822;1;0;0;0;0,17;75,84;0;0;902;673;"";232,147;34,82;558,976;66,77;20,886;0,93;1,495;0,21;10,718;1,74;0,0;10,0;0,0;10,0;0,0;10,0;51,907;15,0;13,946;11,37;0,703;10,0;0,001;10,0;0,001;10,0;0,0;10,0;1,004;24,757;0,53;34,12;3,3;7,782;0,65;8,064;1,23;963,49;1,0;"";"";16,705;2,69;74,144;15,86;"";"";34,242;11,17;62,9;"";"";"";"";"";"";"";"";"";"";"";"";"";"";"";"";"";"";"";"";"";"";"";"";"";"";"";"";"";"";"";"";"";"";"";"";"";"";"";"";"";"";"";"";"";"";"";"";"";"";"";"";"";"";"";"";"";"";"";"";"";"";"";"";""
05.01.2023 15:52:24;1672930344000;880f01e687e2572cea04e80fc6a68085;458072;OK;1823;0;0;0;0;0,42;7,98;0;0;913;692;"";219,751;32,96;548,623;66,46;20,888;0,93;1,497;0,21;10,605;1,73;0,0;10,0;0,0;10,0;0,0;10,0;47,92;14,58;15,129;11,47;0,109;10,0;0,0;10,0;0,0;10,0;0,0;10,0;1,0;24,778;0,53;34,652;3,29;7,913;0,65;8,31;1,21;963,4879;1,0;"";"";17,058;2,67;75,828;15,95;"";"";31,717;13,33;54,5;"";"";"";"";"";"";"";"";"";"";"";"";"";"";"";"";"";"";"";"";"";"";"";"";"";"";"";"";"";"";"";"";"";"";"";"";"";"";"";"";"";"";"";"";"";"";"";"";"";"";"";"";"";"";"";"";"";"";"";"";"";"";"";"";""
05.01.2023 15:54:23;1672930463000;880f01e687e2572cea04e80fc6a68085;458191;OK;1823;0;1;0;0;0,65;-48,07;0;0;920;701;"";219,017;32,85;544,577;66,34;20,887;0,93;1,498;0,21;10,595;1,73;0,0;10,0;0,0;10,0;0,0;10,0;53,161;15,11;16,141;11,51;0,012;10,0;0,0;10,0;0,0;10,0;0,0;10,0;1,0;24,806;0,53;34,94;3,29;7,991;0,65;8,457;1,2;963,414;1,0;"";"";17,69;2,64;78,638;16,1;"";"";33,112;12,63;57,2;"";"";"";"";"";"";"";"";"";"";"";"";"";"";"";"";"";"";"";"";"";"";"";"";"";"";"";"";"";"";"";"";"";"";"";"";"";"";"";"";"";"";"";"";"";"";"";"";"";"";"";"";"";"";"";"";"";"";"";"";"";"";"";"";""
05.01.2023 15:56:25;1672930585000;880f01e687e2572cea04e80fc6a68085;458312;OK;1840;0;0;0;0;0,64;-17,33;0;0;920;692;"";225,843;33,88;554,096;66,62;20,886;0,93;1,499;0,21;10,522;1,72;0,0;10,0;0,0;10,0;0,0;10,0;46,916;14,56;12,222;11,09;0,001;10,0;0,0;10,0;0,0;10,0;0,0;10,0;1,0;24,832;0,53;34,966;3,29;8,009;0,65;8,491;1,2;963,4569;1,0;"";"";18,101;2,62;80,432;16,2;"";"";34,07;11,53;54,5;"";"";"";"";"";"";"";"";"";"";"";"";"";"";"";"";"";"";"";"";"";"";"";"";"";"";"";"";"";"";"";"";"";"";"";"";"";"";"";"";"";"";"";"";"";"";"";"";"";"";"";"";"";"";"";"";"";"";"";"";"";"";"";"";""
05.01.2023 15:58:24;1672930704000;880f01e687e2572cea04e80fc6a68085;458431;OK;1828;0;0;0;0;0,22;10,3;0;0;917;691;"";226,014;33,9;550,865;66,53;20,89;0,93;1,5;0,21;10,353;1,72;0,0;10,0;0,0;10,0;0,0;10,0;48,724;14,9;14,943;11,39;1,25;10,19;0,0;10,0;0,0;10,0;0,0;10,0;1,0;24,86;0,53;34,855;3,29;7,996;0,65;8,469;1,2;963,4689;1,0;"";"";18,029;2,62;80,575;16,21;"";"";34,136;10,61;53,6;"";"";"";"";"";"";"";"";"";"";"";"";"";"";"";"";"";"";"";"";"";"";"";"";"";"";"";"";"";"";"";"";"";"";"";"";"";"";"";"";"";"";"";"";"";"";"";"";"";"";"";"";"";"";"";"";"";"";"";"";"";"";"";"";""
05.01.2023 16:00:24;1672930824000;880f01e687e2572cea04e80fc6a68085;458552;OK;1806;1;0;0;0;-0,01;24,05;0;0;917;686;"";227,948;34,19;555,848;66,68;20,884;0,93;1,502;0,21;10,057;1,7;0,0;10,0;0,0;10,0;0,0;10,0;57,036;15,55;17,853;11,69;0,9599999;10,02;0,0;10,0;0,0;10,0;0,0;10,0;1,0;24,878;0,53;34,838;3,29;8,0;0,65;8,477;1,2;963,5139;1,0;"";"";17,726;2,64;79,973;16,18;"";"";31,395;12,52;72,2;"";"";"";"";"";"";"";"";"";"";"";"";"";"";"";"";"";"";"";"";"";"";"";"";"";"";"";"";"";"";"";"";"";"";"";"";"";"";"";"";"";"";"";"";"";"";"";"";"";"";"";"";"";"";"";"";"";"";"";"";"";"";"";"";""
05.01.2023 16:02:25;1672930945000;880f01e687e2572cea04e80fc6a68085;458672;OK;1840;0;0;0;0;0,01;9,55;0;0;917;684;"";229,296;34,39;556,115;66,68;20,886;0,93;1,504;0,21;9,761;1,68;0,0;10,0;0,0;10,0;0,0;10,0;45,735;14,57;13,829;11,32;0,604;10,0;0,0;10,0;0,0;10,0;0,0;10,0;1,0;24,897;0,53;34,847;3,29;8,011;0,65;8,498;1,2;963,494;1,0;"";"";17,624;2,64;79,894;16,18;"";"";33,248;13,05;57,7;"";"";"";"";"";"";"";"";"";"";"";"";"";"";"";"";"";"";"";"";"";"";"";"";"";"";"";"";"";"";"";"";"";"";"";"";"";"";"";"";"";"";"";"";"";"";"";"";"";"";"";"";"";"";"";"";"";"";"";"";"";"";"";"";""
05.01.2023 16:04:26;1672931066000;880f01e687e2572cea04e80fc6a68085;458794;OK;1826;1;0;0;0;0,22;32,86;0;0;923;682;"";232,727;34,91;563,515;66,91;20,887;0,93;1,505;0,21;9,639;1,68;0,0;10,0;0,0;10,0;0,0;10,0;38,477;13,91;11,725;11,03;0,802;10,0;0,0;10,0;0,0;10,0;0,0;10,0;1,0;24,92;0,53;35,09;3,28;8,077;0,65;8,621;1,19;963,512;1,0;"";"";17,638;2,64;80,321;16,21;"";"";32,919;13,91;61,5;"";"";"";"";"";"";"";"";"";"";"";"";"";"";"";"";"";"";"";"";"";"";"";"";"";"";"";"";"";"";"";"";"";"";"";"";"";"";"";"";"";"";"";"";"";"";"";"";"";"";"";"";"";"";"";"";"";"";"";"";"";"";"";"";""
05.01.2023 16:06:26;1672931186000;880f01e687e2572cea04e80fc6a68085;458914;OK;1815;0;0;0;0;0,29;12,83;0;0;924;689;"";229,741;34,46;555,974;66,68;20,888;0,93;1,506;0,21;9,572;1,67;0,0;10,0;0,0;10,0;0,164;10,0;55,942;15,46;14,983;11,48;0,401;10,05;0,315;10,05;0,315;10,05;0,0;10,0;2,134;24,943;0,53;35,118;3,28;8,094;0,65;8,653;1,19;963,526;1,0;"";"";17,61;2,64;80,439;16,21;"";"";31,906;13,36;54,2;"";"";"";"";"";"";"";"";"";"";"";"";"";"";"";"";"";"";"";"";"";"";"";"";"";"";"";"";"";"";"";"";"";"";"";"";"";"";"";"";"";"";"";"";"";"";"";"";"";"";"";"";"";"";"";"";"";"";"";"";"";"";"";"";""
05.01.2023 16:08:27;1672931307000;880f01e687e2572cea04e80fc6a68085;459035;OK;1817;0;0;0;0;0,24;-2,85;0;0;924;684;"";230,636;34,6;559,625;66,79;20,888;0,93;1,508;0,21;9,413;1,67;0,0;10,0;0,0;10,0;0,017;10,0;73,506;17,18;20,764;12,01;1,503;10,0;0,034;10,0;0,034;10,0;0,0;10,0;1,121;24,967;0,53;35,117;3,28;8,105;0,65;8,674;1,19;963,558;1,0;"";"";17,565;2,65;80,126;16,2;"";"";32,637;12,96;81,8;"";"";"";"";"";"";"";"";"";"";"";"";"";"";"";"";"";"";"";"";"";"";"";"";"";"";"";"";"";"";"";"";"";"";"";"";"";"";"";"";"";"";"";"";"";"";"";"";"";"";"";"";"";"";"";"";"";"";"";"";"";"";"";"";""
05.01.2023 16:10:28;1672931428000;880f01e687e2572cea04e80fc6a68085;459155;OK;1826;0;0;0;0;0,17;19,5;0;0;926;678;"";234,757;35,21;569,515;67,09;20,884;0,93;1,508;0,21;9,322;1,66;0,0;10,0;0,0;10,0;0,002;10,0;48,711;14,92;14,631;11,46;0,357;10,0;0,004;10,0;0,004;10,0;0,0;10,0;1,013;24,986;0,53;35,245;3,28;8,143;0,65;8,744;1,19;963,5159;1,0;"";"";17,51;2,65;80,23001;16,21;"";"";31,313;13,19;53,6;"";"";"";"";"";"";"";"";"";"";"";"";"";"";"";"";"";"";"";"";"";"";"";"";"";"";"";"";"";"";"";"";"";"";"";"";"";"";"";"";"";"";"";"";"";"";"";"";"";"";"";"";"";"";"";"";"";"";"";"";"";"";"";"";""
05.01.2023 16:12:28;1672931548000;880f01e687e2572cea04e80fc6a68085;459276;OK;1827;1;0;0;0;0,21;49,27;0;0;927;675;"";238,526;35,78;572,698;67,18;20,883;0,93;1,51;0,21;9,307;1,66;0,0;10,0;0,0;10,0;0,0;10,0;56,986;15,52;15,706;11,48;0,124;10,0;0,0;10,0;0,0;10,0;0,0;10,0;1,001;25,005;0,53;35,275;3,28;8,159;0,65;8,774;1,19;963,5659;1,0;"";"";17,651;2,64;80,568;16,23;"";"";35,135;10,59;57,4;"";"";"";"";"";"";"";"";"";"";"";"";"";"";"";"";"";"";"";"";"";"";"";"";"";"";"";"";"";"";"";"";"";"";"";"";"";"";"";"";"";"";"";"";"";"";"";"";"";"";"";"";"";"";"";"";"";"";"";"";"";"";"";"";""
05.01.2023 16:14:29;1672931669000;880f01e687e2572cea04e80fc6a68085;459397;OK;1823;1;0;0;0;0,12;32,11;0;0;925;674;"";240,738;36,11;570,682;67,12;20,879;0,93;1,511;0,21;9,118;1,65;0,0;10,0;0,0;10,0;0,0;10,0;108,227;20,61;31,462;13,13;0,726;10,0;0,0;10,0;0,0;10,0;0,0;10,0;1,0;25,021;0,53;35,187;3,28;8,146;0,65;8,751;1,19;963,575;1,0;"";"";17,47;2,65;79,895;16,2;"";"";31,112;13,48;56,5;"";"";"";"";"";"";"";"";"";"";"";"";"";"";"";"";"";"";"";"";"";"";"";"";"";"";"";"";"";"";"";"";"";"";"";"";"";"";"";"";"";"";"";"";"";"";"";"";"";"";"";"";"";"";"";"";"";"";"";"";"";"";"";"";""
05.01.2023 16:16:30;1672931790000;880f01e687e2572cea04e80fc6a68085;459518;OK;1821;0;0;0;0;-0,06;-12,62;0;0;922;674;"";234,335;35,15;566,064;66,98;20,885;0,93;1,513;0,21;8,692;1,63;0,0;10,0;0,0;10,0;0,129;10,0;63,706;16,15;17,621;11,63;0,396;10,0;0,178;10,0;0,178;10,0;0,0;10,0;2,163;25,039;0,53;35,053;3,28;8,123;0,65;8,711;1,2;963,577;1,0;"";"";17,118;2,67;78,673;16,13;"";"";32,67;12,77;68,0;"";"";"";"";"";"";"";"";"";"";"";"";"";"";"";"";"";"";"";"";"";"";"";"";"";"";"";"";"";"";"";"";"";"";"";"";"";"";"";"";"";"";"";"";"";"";"";"";"";"";"";"";"";"";"";"";"";"";"";"";"";"";"";"";""
05.01.2023 16:18:28;1672931908000;880f01e687e2572cea04e80fc6a68085;459636;OK;1812;0;1;0;0;-0,11;-45,27;0;0;920;681;"";230,841;34,63;555,33;66,66;20,887;0,93;1,513;0,21;8,369;1,61;0,0;10,0;0,0;10,0;0,014;10,0;96,60399;19,49;30,308;12,89;1,055;10,0;0,02;10,0;0,02;10,0;0,0;10,0;1,128;25,056;0,53;34,983;3,28;8,115;0,65;8,696;1,2;963,608;1,0;"";"";16,834;2,68;77,951;16,1;"";"";31,679;13,63;54,6;"";"";"";"";"";"";"";"";"";"";"";"";"";"";"";"";"";"";"";"";"";"";"";"";"";"";"";"";"";"";"";"";"";"";"";"";"";"";"";"";"";"";"";"";"";"";"";"";"";"";"";"";"";"";"";"";"";"";"";"";"";"";"";"";""
05.01.2023 16:20:29;1672932029000;880f01e687e2572cea04e80fc6a68085;459757;OK;1828;0;1;0;0;-0,18;-55,95;0;0;916;679;"";230,952;34,64;551,083;66,53;20,883;0,93;1,514;0,21;8,049;1,59;0,0;10,0;0,0;10,0;0,002;10,0;77,35;17,57;24,123;12,31;0,113;10,0;0,002;10,0;0,002;10,0;0,0;10,0;1,014;25,073;0,53;34,776;3,29;8,074;0,66;8,622;1,21;963,6209;1,0;"";"";16,224;2,71;75,841;15,99;"";"";33,785;11,84;58,5;"";"";"";"";"";"";"";"";"";"";"";"";"";"";"";"";"";"";"";"";"";"";"";"";"";"";"";"";"";"";"";"";"";"";"";"";"";"";"";"";"";"";"";"";"";"";"";"";"";"";"";"";"";"";"";"";"";"";"";"";"";"";"";"";""
05.01.2023 16:22:29;1672932149000;880f01e687e2572cea04e80fc6a68085;459877;OK;1813;0;1;0;0;-0,2;-51,72;0;0;914;681;"";230,478;34,57;546,779;66,4;20,884;0,93;1,515;0,22;7,748;1,58;0,0;10,0;0,0;10,0;0,0;10,0;78,919;17,62;23,316;12,3;0,012;10,0;0,0;10,0;0,0;10,0;0,0;10,0;1,001;25,086;0,53;34,698;3,29;8,062;0,66;8,601;1,21;963,625;1,0;"";"";15,723;2,74;74,206;15,9;"";"";31,929;12,77;56,6;"";"";"";"";"";"";"";"";"";"";"";"";"";"";"";"";"";"";"";"";"";"";"";"";"";"";"";"";"";"";"";"";"";"";"";"";"";"";"";"";"";"";"";"";"";"";"";"";"";"";"";"";"";"";"";"";"";"";"";"";"";"";"";"";""
05.01.2023 16:24:30;1672932270000;880f01e687e2572cea04e80fc6a68085;459998;OK;1819;0;0;0;0;-0,16;-17,88;0;0;914;678;"";228,003;34,2;548,8709;66,47;20,888;0,93;1,515;0,22;7,596;1,58;0,0;10,0;0,0;10,0;0,0;10,0;48,11;14,72;14,409;11,36;0,381;10,04;0,0;10,0;0,0;10,0;0,0;10,0;1,0;25,095;0,53;34,679;3,29;8,062;0,66;8,601;1,21;963,62;1,0;"";"";15,396;2,75;73,354;15,86;"";"";31,188;13,94;72,9;"";"";"";"";"";"";"";"";"";"";"";"";"";"";"";"";"";"";"";"";"";"";"";"";"";"";"";"";"";"";"";"";"";"";"";"";"";"";"";"";"";"";"";"";"";"";"";"";"";"";"";"";"";"";"";"";"";"";"";"";"";"";"";"";""
05.01.2023 16:26:31;1672932391000;880f01e687e2572cea04e80fc6a68085;460118;OK;1835;1;0;0;0;0,07;32,98;0;0;917;668;"";232,51;34,88;564,0349;66,92;20,883;0,93;1,516;0,22;7,743;1,58;0,0;10,0;0,0;10,0;0,0;10,0;70,49;16,87;21,1;11,95;0,732;10,0;0,0;10,0;0,0;10,0;0,0;10,0;1,0;25,107;0,53;34,847;3,29;8,106;0,66;8,683;1,21;963,6149;1,0;"";"";15,305;2,76;72,955;15,84;"";"";33,198;12,51;69,7;"";"";"";"";"";"";"";"";"";"";"";"";"";"";"";"";"";"";"";"";"";"";"";"";"";"";"";"";"";"";"";"";"";"";"";"";"";"";"";"";"";"";"";"";"";"";"";"";"";"";"";"";"";"";"";"";"";"";"";"";"";"";"";"";""
05.01.2023 16:28:32;1672932512000;880f01e687e2572cea04e80fc6a68085;460239;OK;1827;1;0;0;0;0,28;40,86;0;0;921;677;"";230,058;34,51;557,75;66,73;20,882;0,93;1,517;0,22;7,957;1,59;0,0;10,0;0,0;10,0;0,187;10,0;76,767;17,51;23,594;12,3;1,3;10,12;0,491;10,0;0,491;10,0;0,0;10,0;2,679;25,123;0,53;35,033;3,28;8,157;0,66;8,776;1,2;963,618;1,0;"";"";15,61;2,74;73,904;15,89;"";"";31,163;13,87;53,5;"";"";"";"";"";"";"";"";"";"";"";"";"";"";"";"";"";"";"";"";"";"";"";"";"";"";"";"";"";"";"";"";"";"";"";"";"";"";"";"";"";"";"";"";"";"";"";"";"";"";"";"";"";"";"";"";"";"";"";"";"";"";"";"";""
05.01.2023 16:30:32;1672932632000;880f01e687e2572cea04e80fc6a68085;460360;OK;1829;0;0;0;0;0,27;-8,79;0;0;920;684;"";229,573;34,44;547,162;66,41;20,884;0,93;1,517;0,22;8,079;1,59;0,0;10,0;0,0;10,0;0,178;10,0;73,221;17,22;22,291;12,12;1,794;10,19;0,741;10,0;0,741;10,0;0,0;10,0;2,603;25,135;0,53;34,965;3,28;8,146;0,66;8,758;1,2;963,631;1,0;"";"";15,763;2,74;74,504;15,93;"";"";31,286;13,33;54,6;"";"";"";"";"";"";"";"";"";"";"";"";"";"";"";"";"";"";"";"";"";"";"";"";"";"";"";"";"";"";"";"";"";"";"";"";"";"";"";"";"";"";"";"";"";"";"";"";"";"";"";"";"";"";"";"";"";"";"";"";"";"";"";"";""
05.01.2023 16:32:32;1672932752000;880f01e687e2572cea04e80fc6a68085;460480;OK;1819;0;1;0;0;0,05;-48,68;0;0;917;680;"";231,293;34,69;547,808;66,43;20,883;0,93;1,517;0,22;8,031;1,59;0,0;10,0;0,0;10,0;0,019;10,0;61,608;15,99;19,353;11,81;0,369;10,02;0,257;10,0;0,079;10,0;0,0;10,0;1,171;25,15;0,53;34,832;3,29;8,122;0,66;8,715;1,21;963,6259;1,0;"";"";15,76;2,74;74,085;15,91;"";"";31,503;14,18;58,9;"";"";"";"";"";"";"";"";"";"";"";"";"";"";"";"";"";"";"";"";"";"";"";"";"";"";"";"";"";"";"";"";"";"";"";"";"";"";"";"";"";"";"";"";"";"";"";"";"";"";"";"";"";"";"";"";"";"";"";"";"";"";"";"";""
05.01.2023 16:34:32;1672932872000;880f01e687e2572cea04e80fc6a68085;460600;OK;1814;0;0;0;0;-0,19;-18,32;0;0;914;674;"";231,539;34,73;550,44;66,51;20,883;0,93;1,519;0,22;7,947;1,59;0,0;10,0;0,0;10,0;0,002;10,0;73,338;17,24;22,461;12,17;0,44;10,0;0,027;10,0;0,008;10,0;0,0;10,0;1,018;25,166;0,53;34,702;3,29;8,099;0,66;8,673;1,21;963,6649;1,0;"";"";15,532;2,75;73,413;15,87;"";"";29,106;14,7;53,7;"";"";"";"";"";"";"";"";"";"";"";"";"";"";"";"";"";"";"";"";"";"";"";"";"";"";"";"";"";"";"";"";"";"";"";"";"";"";"";"";"";"";"";"";"";"";"";"";"";"";"";"";"";"";"";"";"";"";"";"";"";"";"";"";""
05.01.2023 16:36:34;1672932994000;880f01e687e2572cea04e80fc6a68085;460721;OK;1840;1;0;0;0;-0,15;40,04;0;0;915;663;"";235,521;35,33;563,871;66,92;20,884;0,93;1,52;0,22;7,881;1,58;0,0;10,0;0,0;10,0;0,156;10,0;67,418;16,56;20,125;11,84;0,675;10,0;0,471;10,0;0,469;10,0;0,0;10,0;2,405;25,182;0,53;34,724;3,29;8,112;0,66;8,697;1,21;963,664;1,0;"";"";15,351;2,76;73,07;15,86;"";"";35,857;11,99;74,4;"";"";"";"";"";"";"";"";"";"";"";"";"";"";"";"";"";"";"";"";"";"";"";"";"";"";"";"";"";"";"";"";"";"";"";"";"";"";"";"";"";"";"";"";"";"";"";"";"";"";"";"";"";"";"";"";"";"";"";"";"";"";"";"";""
05.01.2023 16:38:35;1672933115000;880f01e687e2572cea04e80fc6a68085;460842;OK;1823;2;0;0;0;0,31;115,82;0;0;926;654;"";242,708;36,41;587,284;67,62001;20,876;0,93;1,521;0,22;8,469;1,61;0,0;10,0;0,0;10,0;0,232;10,0;98,073;19,56;29,53;12,91;2,911;10,25;0,859;10,0;0,09700001;10,0;0,0;10,0;3,091;25,197;0,53;35,249;3,28;8,241;0,66;8,932;1,19;963,688;1,0;"";"";15,88;2,73;75,414;15,98;"";"";46,947;6,72;74,2;"";"";"";"";"";"";"";"";"";"";"";"";"";"";"";"";"";"";"";"";"";"";"";"";"";"";"";"";"";"";"";"";"";"";"";"";"";"";"";"";"";"";"";"";"";"";"";"";"";"";"";"";"";"";"";"";"";"";"";"";"";"";"";"";""
05.01.2023 16:40:34;1672933234000;880f01e687e2572cea04e80fc6a68085;460962;OK;1810;2;0;0;0;0,47;112,88;0;0;924;651;"";261,792;39,27;587,306;67,62001;20,873;0,93;1,522;0,22;8,748;1,63;0,0;10,0;0,0;10,0;0,051;10,0;75,384;17,43;22,672;12,26;2,252;10,17;0,092;10,0;0,01;10,0;0,0;10,0;1,457;25,211;0,53;35,156;3,28;8,226;0,66;8,905;1,19;963,719;1,0;"";"";16,322;2,71;76,415;16,04;"";"";35,302;11,27;73,7;"";"";"";"";"";"";"";"";"";"";"";"";"";"";"";"";"";"";"";"";"";"";"";"";"";"";"";"";"";"";"";"";"";"";"";"";"";"";"";"";"";"";"";"";"";"";"";"";"";"";"";"";"";"";"";"";"";"";"";"";"";"";"";"";""
05.01.2023 16:42:35;1672933355000;880f01e687e2572cea04e80fc6a68085;461083;OK;1824;1;0;0;0;0,23;48,72;0;0;922;654;"";258,015;38,7;580,037;67,4;20,877;0,93;1,524;0,22;8,739;1,63;0,0;10,0;0,0;10,0;0,005;10,0;79,53;17,85;23,559;12,35;0,275;10,02;0,01;10,0;0,001;10,0;0,0;10,0;1,049;25,221;0,53;35,03;3,28;8,201;0,66;8,862;1,2;963,721;1,0;"";"";16,412;2,7;76,256;16,03;"";"";31,827;12,98;54,5;"";"";"";"";"";"";"";"";"";"";"";"";"";"";"";"";"";"";"";"";"";"";"";"";"";"";"";"";"";"";"";"";"";"";"";"";"";"";"";"";"";"";"";"";"";"";"";"";"";"";"";"";"";"";"";"";"";"";"";"";"";"";"";"";""
05.01.2023 16:44:35;1672933475000;880f01e687e2572cea04e80fc6a68085;461203;OK;1814;0;0;0;0;-0,14;-20,64;0;0;923;652;"";265,428;39,81;583,073;67,49;20,873;0,93;1,525;0,22;8,531;1,62;0,0;10,0;0,0;10,0;0,274;10,0;77,118;17,53;23,314;12,18;2,099;10,22;1,135;10,12;0,429;10,0;0,0;10,0;3,337;25,23;0,53;35,076;3,28;8,216;0,66;8,888;1,2;963,738;1,0;"";"";16,307;2,71;75,839;16,01;"";"";38,209;10,03;75,8;"";"";"";"";"";"";"";"";"";"";"";"";"";"";"";"";"";"";"";"";"";"";"";"";"";"";"";"";"";"";"";"";"";"";"";"";"";"";"";"";"";"";"";"";"";"";"";"";"";"";"";"";"";"";"";"";"";"";"";"";"";"";"";"";""
05.01.2023 16:46:36;1672933596000;880f01e687e2572cea04e80fc6a68085;461323;OK;1822;4;0;0;0;0,14;249,99;0;0;919;570;"";295,435;44,32;689,078;70,67;20,864;0,93;1,527;0,22;8,663;1,63;0,0;10,0;0,0;10,0;0,261;10,0;62,704;16,2;18,178;11,77;1,321;10,02;0,406;10,01;0,331;10,0;0,0;10,0;3,333;25,238;0,53;35,202;3,28;8,249;0,66;8,947;1,19;963,76;1,0;"";"";16,475;2,7;78,643;16,16;"";"";44,009;7,99;82,2;"";"";"";"";"";"";"";"";"";"";"";"";"";"";"";"";"";"";"";"";"";"";"";"";"";"";"";"";"";"";"";"";"";"";"";"";"";"";"";"";"";"";"";"";"";"";"";"";"";"";"";"";"";"";"";"";"";"";"";"";"";"";"";"";""
05.01.2023 16:48:35;1672933715000;880f01e687e2572cea04e80fc6a68085;461442;OK;1843;7;0;0;0;0,2;366,38;0;0;919;567;"";306,018;45,9;693,396;70,8;20,862;0,93;1,53;0,22;8,689;1,63;0,0;10,0;0,0;10,0;0,029;10,0;73,071;17,22;21,866;12,09;1,571;10,24;0,045;10,0;0,037;10,0;0,0;10,0;1,258;25,245;0,53;35,276;3,28;8,27;0,66;8,986;1,19;963,785;1,0;"";"";16,327;2,71;77,269;16,09;"";"";40,944;9,74;74,1;"";"";"";"";"";"";"";"";"";"";"";"";"";"";"";"";"";"";"";"";"";"";"";"";"";"";"";"";"";"";"";"";"";"";"";"";"";"";"";"";"";"";"";"";"";"";"";"";"";"";"";"";"";"";"";"";"";"";"";"";"";"";"";"";""
05.01.2023 16:50:36;1672933836000;880f01e687e2572cea04e80fc6a68085;461563;OK;1829;9;0;0;0;0,4;471,0;0;0;907;525;"";339,33;50,9;765,211;72,96;20,849;0,93;1,535;0,22;9,26;1,66;0,0;10,0;0,0;10,0;0,003;10,0;93,89701;19,24;26,075;12,51;0,4;10,03;0,005;10,0;0,004;10,0;0,0;10,0;1,027;25,259;0,53;35,778;3,27;8,394;0,66;9,208;1,17;963,816;1,0;"";"";16,89;2,68;78,878;16,17;"";"";30,539;15,03;54,9;"";"";"";"";"";"";"";"";"";"";"";"";"";"";"";"";"";"";"";"";"";"";"";"";"";"";"";"";"";"";"";"";"";"";"";"";"";"";"";"";"";"";"";"";"";"";"";"";"";"";"";"";"";"";"";"";"";"";"";"";"";"";"";"";""
05.01.2023 16:52:36;1672933956000;880f01e687e2572cea04e80fc6a68085;461684;OK;1812;5;0;0;0;0,17;299,42;0;0;907;505;"";316,63;47,49;775,618;73,27;20,854;0,93;1,539;0,22;9,359;1,66;0,0;10,0;0,009;10,0;0,01;10,0;78,346;17,63;21,487;12,05;1,294;10,07;0,001;10,0;0,0;10,0;0,0;10,0;1,017;25,271;0,53;35,259;3,28;8,278;0,66;9,0;1,19;963,8499;1,0;"";"";17,397;2,66;80,456;16,26;"";"";39,538;9,02;79,3;"";"";"";"";"";"";"";"";"";"";"";"";"";"";"";"";"";"";"";"";"";"";"";"";"";"";"";"";"";"";"";"";"";"";"";"";"";"";"";"";"";"";"";"";"";"";"";"";"";"";"";"";"";"";"";"";"";"";"";"";"";"";"";"";""
05.01.2023 16:54:36;1672934076000;880f01e687e2572cea04e80fc6a68085;461804;OK;1837;0;1;0;0;-1,14;-233,91;0;0;885;609;"";200,226;30,03;594,062;67,82;20,884;0,93;1,534;0,22;7,223;1,62;0,0;10,0;0,001;10,0;0,001;10,0;96,433;19,45;28,951;12,8;1,647;10,15;0,0;10,0;0,0;10,0;0,0;10,0;1,002;25,244;0,53;33,488;3,3;7,85;0,67;8,213;1,27;963,839;1,0;"";"";15,085;2,77;67,471;15,57;"";"";62,398;3,12;81,8;"";"";"";"";"";"";"";"";"";"";"";"";"";"";"";"";"";"";"";"";"";"";"";"";"";"";"";"";"";"";"";"";"";"";"";"";"";"";"";"";"";"";"";"";"";"";"";"";"";"";"";"";"";"";"";"";"";"";"";"";"";"";"";"";""
05.01.2023 16:56:37;1672934197000;880f01e687e2572cea04e80fc6a68085;461925;OK;1840;0;1;0;0;-2,15;-783,89;0;0;875;663;"";165,061;24,76;521,894;65,66;20,894;0,93;1,527;0,22;5,358;1,69;0,0;10,0;0,0;10,0;0,311;10,0;96,57701;19,53;28,74;12,83;1,287;10,02;0,737;10,0;0,737;10,0;0,0;10,0;3,802;25,165;0,53;32,974;3,31;7,696;0,67;7,918;1,29;963,89;1,0;"";"";12,411;2,9;48,409;14,55;"";"";49,954;4,49;72,3;"";"";"";"";"";"";"";"";"";"";"";"";"";"";"";"";"";"";"";"";"";"";"";"";"";"";"";"";"";"";"";"";"";"";"";"";"";"";"";"";"";"";"";"";"";"";"";"";"";"";"";"";"";"";"";"";"";"";"";"";"";"";"";"";""
05.01.2023 16:58:37;1672934317000;880f01e687e2572cea04e80fc6a68085;462044;OK;1834;0;1;0;0;-1,89;-759,4;0;0;873;685;"";150,87;22,63;499,389;64,98001;20,892;0,93;1,519;0,22;4,091;1,75;0,0;10,0;0,0;10,0;0,178;10,0;87,0;18,58;26,606;12,58;1,085;10,04;0,226;10,0;0,226;10,0;0,145;10,0;2,557;25,055;0,53;32,828;3,32;7,614;0,67;7,757;1,3;963,9;1,0;"";"";10,639;2,99;33,819;13,77;"";"";44,713;6,01;78,7;"";"";"";"";"";"";"";"";"";"";"";"";"";"";"";"";"";"";"";"";"";"";"";"";"";"";"";"";"";"";"";"";"";"";"";"";"";"";"";"";"";"";"";"";"";"";"";"";"";"";"";"";"";"";"";"";"";"";"";"";"";"";"";"";""
05.01.2023 17:00:38;1672934438000;880f01e687e2572cea04e80fc6a68085;462165;OK;1821;0;1;0;0;-0,63;-275,21;0;0;875;698;"";145,672;21,85;493,12;64,79;20,897;0,93;1,513;0,21;3,972;1,76;0,0;10,0;0,0;10,0;0,268;10,0;107,076;20,54;31,23;13,09;0,45;10,0;0,358;10,0;0,358;10,0;0,015;10,0;3,411;24,946;0,53;32,941;3,32;7,594;0,66;7,713;1,29;963,915;1,0;"";"";9,666;3,04;25,447;13,31;"";"";49,346;4,51;74,8;"";"";"";"";"";"";"";"";"";"";"";"";"";"";"";"";"";"";"";"";"";"";"";"";"";"";"";"";"";"";"";"";"";"";"";"";"";"";"";"";"";"";"";"";"";"";"";"";"";"";"";"";"";"";"";"";"";"";"";"";"";"";"";"";""
05.01.2023 17:02:40;1672934560000;880f01e687e2572cea04e80fc6a68085;462287;OK;1843;0;1;0;0;-0,28;-59,53;0;0;878;702;"";145,71;21,86;495,373;64,86;20,894;0,93;1,506;0,21;4,844;1,72;0,0;10,0;0,0;10,0;0,425;10,0;74,746;17,27;22,95;12,26;1,49;10,07;0,787;10,0;0,787;10,0;0,002;10,0;4,827;24,855;0,53;33,067;3,32;7,584;0,66;7,689;1,28;963,921;1,0;"";"";9,418;3,05;23,639;13,21;"";"";35,755;11,14;70,1;"";"";"";"";"";"";"";"";"";"";"";"";"";"";"";"";"";"";"";"";"";"";"";"";"";"";"";"";"";"";"";"";"";"";"";"";"";"";"";"";"";"";"";"";"";"";"";"";"";"";"";"";"";"";"";"";"";"";"";"";"";"";"";"";""
05.01.2023 17:04:39;1672934679000;880f01e687e2572cea04e80fc6a68085;462407;OK;1812;0;0;0;0;-0,1;8,8;0;0;880;702;"";145,171;21,78;501,98;65,06;20,898;0,93;1,502;0,21;6,305;1,65;0,0;10,0;0,0;10,0;0,045;10,0;96,358;19,36;28,492;12,82;0,624;10,01;0,084;10,0;0,084;10,0;0,0;10,0;1,408;24,77;0,53;33,158;3,32;7,568;0,66;7,655;1,28;963,983;1,0;"";"";9,861;3,03;23,308;13,18;"";"";29,927;14,08;52,8;"";"";"";"";"";"";"";"";"";"";"";"";"";"";"";"";"";"";"";"";"";"";"";"";"";"";"";"";"";"";"";"";"";"";"";"";"";"";"";"";"";"";"";"";"";"";"";"";"";"";"";"";"";"";"";"";"";"";"";"";"";"";"";"";""
05.01.2023 17:06:40;1672934800000;880f01e687e2572cea04e80fc6a68085;462528;OK;1830;1;0;0;0;-0,07;30,38;0;0;883;707;"";142,558;21,38;502,288;65,07;20,904;0,93;1,497;0,21;8,092;1,61;0,0;10,0;0,0;10,0;0,212;10,0;108,283;20,6;32,989;13,22;1,123;10,04;0,271;10,03;0,135;10,0;0,0;10,0;2,147;24,705;0,53;33,264;3,31;7,565;0,65;7,645;1,27;964,0089;1,0;"";"";10,585;2,99;25,427;13,29;"";"";30,672;13,96;54,9;"";"";"";"";"";"";"";"";"";"";"";"";"";"";"";"";"";"";"";"";"";"";"";"";"";"";"";"";"";"";"";"";"";"";"";"";"";"";"";"";"";"";"";"";"";"";"";"";"";"";"";"";"";"";"";"";"";"";"";"";"";"";"";"";""
05.01.2023 17:08:40;1672934920000;880f01e687e2572cea04e80fc6a68085;462648;OK;1810;0;0;0;0;-0,1;5,06;0;0;883;714;"";141,671;21,25;497,608;64,93;20,899;0,93;1,494;0,21;9,745;1,69;0,0;10,0;0,0;10,0;0,023;10,0;114,844;21,19;35,435;13,39;1,435;10,22;0,029;10,0;0,014;10,0;0,0;10,0;1,122;24,643;0,53;33,284;3,32;7,543;0,65;7,599;1,27;964,0189;1,0;"";"";11,519;2,95;28,954;13,46;"";"";30,788;14,32;59,3;"";"";"";"";"";"";"";"";"";"";"";"";"";"";"";"";"";"";"";"";"";"";"";"";"";"";"";"";"";"";"";"";"";"";"";"";"";"";"";"";"";"";"";"";"";"";"";"";"";"";"";"";"";"";"";"";"";"";"";"";"";"";"";"";""
05.01.2023 17:10:41;1672935041000;880f01e687e2572cea04e80fc6a68085;462768;OK;1832;0;0;0;0;-0,07;-10,96;0;0;886;718;"";141,157;21,17;498,666;64,96;20,895;0,93;1,49;0,21;11,346;1,77;0,0;10,0;0,0;10,0;0,002;10,0;88,884;18,69;28,436;12,77;1,031;10,06;0,103;10,0;0,002;10,0;0,0;10,0;1,013;24,597;0,53;33,397;3,31;7,549;0,65;7,609;1,27;964,0059;1,0;"";"";12,361;2,9;33,173;13,68;"";"";32,305;13,42;55,2;"";"";"";"";"";"";"";"";"";"";"";"";"";"";"";"";"";"";"";"";"";"";"";"";"";"";"";"";"";"";"";"";"";"";"";"";"";"";"";"";"";"";"";"";"";"";"";"";"";"";"";"";"";"";"";"";"";"";"";"";"";"";"";"";""
05.01.2023 17:12:40;1672935160000;880f01e687e2572cea04e80fc6a68085;462887;OK;1817;0;0;0;0;-0,05;-13,66;0;0;888;725;"";141,195;21,18;496,066;64,88;20,898;0,93;1,486;0,21;12,687;1,84;0,0;10,0;0,0;10,0;0,279;10,0;90,033;18,86;27,447;12,62;1,047;10,04;0,475;10,0;0,346;10,0;0,0;10,0;3,512;24,548;0,53;33,498;3,31;7,551;0,65;7,61;1,26;963,975;1,0;"";"";13,307;2,86;37,905;13,93;"";"";31,822;13,63;54,7;"";"";"";"";"";"";"";"";"";"";"";"";"";"";"";"";"";"";"";"";"";"";"";"";"";"";"";"";"";"";"";"";"";"";"";"";"";"";"";"";"";"";"";"";"";"";"";"";"";"";"";"";"";"";"";"";"";"";"";"";"";"";"";"";""
05.01.2023 17:14:41;1672935281000;880f01e687e2572cea04e80fc6a68085;463008;OK;1835;0;0;0;0;0,0;-4,24;0;0;889;728;"";141,243;21,19;495,484;64,86;20,896;0,93;1,485;0,21;13,975;1,91;0,0;10,0;0,0;10,0;0,03;10,0;97,239;19,57;30,098;12,84;1,926;10,11;0,051;10,0;0,037;10,0;0,0;10,0;1,268;24,508;0,53;33,547;3,31;7,545;0,64;7,596;1,26;963,975;1,0;"";"";14,355;2,81;42,6;14,17;"";"";31,814;13,1;54,4;"";"";"";"";"";"";"";"";"";"";"";"";"";"";"";"";"";"";"";"";"";"";"";"";"";"";"";"";"";"";"";"";"";"";"";"";"";"";"";"";"";"";"";"";"";"";"";"";"";"";"";"";"";"";"";"";"";"";"";"";"";"";"";"";""
05.01.2023 17:16:40;1672935400000;880f01e687e2572cea04e80fc6a68085;463128;OK;1833;0;0;0;0;-0,01;-11,41;0;0;891;733;"";138,725;20,81;494,61;64,84;20,899;0,93;1,482;0,21;15,116;1,97;0,0;10,0;0,0;10,0;0,003;10,0;113,347;21,01;32,16;13,16;1,019;10,01;0,006;10,0;0,004;10,0;0,0;10,0;1,03;24,46;0,53;33,654;3,31;7,548;0,64;7,601;1,25;964,026;1,0;"";"";15,34;2,76;47,128;14,4;"";"";32,777;12,47;57,5;"";"";"";"";"";"";"";"";"";"";"";"";"";"";"";"";"";"";"";"";"";"";"";"";"";"";"";"";"";"";"";"";"";"";"";"";"";"";"";"";"";"";"";"";"";"";"";"";"";"";"";"";"";"";"";"";"";"";"";"";"";"";"";"";""
05.01.2023 17:18:41;1672935521000;880f01e687e2572cea04e80fc6a68085;463249;OK;1821;0;0;0;0;-0,02;2,04;0;0;892;733;"";140,043;21,01;497,272;64,92;20,894;0,93;1,48;0,21;16,054;2,02;0,0;10,0;0,0;10,0;0,224;10,0;110,587;20,76;31,412;13,12;1,883;10,22;0,286;10,0;0,286;10,0;0,0;10,0;3,02;24,418;0,53;33,682;3,31;7,537;0,64;7,576;1,25;964,045;1,0;"";"";16,132;2,72;53,057;14,71;"";"";30,738;13,94;53,9;"";"";"";"";"";"";"";"";"";"";"";"";"";"";"";"";"";"";"";"";"";"";"";"";"";"";"";"";"";"";"";"";"";"";"";"";"";"";"";"";"";"";"";"";"";"";"";"";"";"";"";"";"";"";"";"";"";"";"";"";"";"";"";"";""
05.01.2023 17:20:42;1672935642000;880f01e687e2572cea04e80fc6a68085;463370;OK;1817;0;0;0;0;-0,01;4,22;0;0;894;738;"";140,337;21,05;495,932;64,88;20,894;0,93;1,478;0,21;16,931;2,07;0,0;10,0;0,0;10,0;0,577;10,0;90,59501;18,85;25,93;12,58;1,625;10,05;0,9940001;10,02;0,9940001;10,02;0,0;10,0;5,264;24,381;0,53;33,784;3,31;7,544;0,64;7,588;1,25;964,063;1,0;"";"";16,887;2,68;57,844;14,96;"";"";32,573;13,1;67,9;"";"";"";"";"";"";"";"";"";"";"";"";"";"";"";"";"";"";"";"";"";"";"";"";"";"";"";"";"";"";"";"";"";"";"";"";"";"";"";"";"";"";"";"";"";"";"";"";"";"";"";"";"";"";"";"";"";"";"";"";"";"";"";"";""
05.01.2023 17:22:43;1672935763000;880f01e687e2572cea04e80fc6a68085;463490;OK;1825;0;0;0;0;-0,03;-1,01;0;0;895;741;"";139,779;20,97;494,924;64,85;20,894;0,93;1,477;0,21;17,448;2,09;0,0;10,0;0,0;10,0;0,447;10,0;96,46;19,42;29,058;12,89;2,089;10,24;1,233;10,0;1,233;10,0;0,414;10,0;4,927;24,349;0,53;33,801;3,31;7,534;0,64;7,567;1,25;964,098;1,0;"";"";17,575;2,65;62,142;15,18;"";"";34,309;11,8;71,9;"";"";"";"";"";"";"";"";"";"";"";"";"";"";"";"";"";"";"";"";"";"";"";"";"";"";"";"";"";"";"";"";"";"";"";"";"";"";"";"";"";"";"";"";"";"";"";"";"";"";"";"";"";"";"";"";"";"";"";"";"";"";"";"";""
05.01.2023 17:24:43;1672935883000;880f01e687e2572cea04e80fc6a68085;463610;OK;1824;0;0;0;0;0,01;-13,65;0;0;897;746;"";138,33;20,75;493,33;64,8;20,892;0,93;1,475;0,21;17,701;2,11;0,0;10,0;0,0;10,0;0,384;10,0;104,398;20,29;33,184;13,28;2,95;10,26;0,778;10,0;0,778;10,0;0,044;10,0;4,448;24,307;0,53;33,924;3,31;7,543;0,63;7,583;1,24;964,112;1,0;"";"";18,157;2,62;66,452;15,4;"";"";34,158;11,75;54,1;"";"";"";"";"";"";"";"";"";"";"";"";"";"";"";"";"";"";"";"";"";"";"";"";"";"";"";"";"";"";"";"";"";"";"";"";"";"";"";"";"";"";"";"";"";"";"";"";"";"";"";"";"";"";"";"";"";"";"";"";"";"";"";"";""
05.01.2023 17:26:44;1672936004000;880f01e687e2572cea04e80fc6a68085;463731;OK;1831;0;0;0;0;-0,02;-15,86;0;0;898;750;"";139,495;20,92;491,875;64,76;20,889;0,93;1,474;0,21;17,994;2,12;0,0;10,0;0,0;10,0;0,041;10,0;98,637;19,67;28,435;12,7;1,907;10,15;0,083;10,0;0,083;10,0;0,005;10,0;1,368;24,269;0,53;33,951;3,31;7,533;0,63;7,562;1,24;964,091;1,0;"";"";18,583;2,6;70,471;15,61;"";"";32,098;13,04;53,8;"";"";"";"";"";"";"";"";"";"";"";"";"";"";"";"";"";"";"";"";"";"";"";"";"";"";"";"";"";"";"";"";"";"";"";"";"";"";"";"";"";"";"";"";"";"";"";"";"";"";"";"";"";"";"";"";"";"";"";"";"";"";"";"";""
05.01.2023 17:28:45;1672936125000;880f01e687e2572cea04e80fc6a68085;463852;OK;1825;0;0;0;0;0,01;-4,25;0;0;900;752;"";137,803;20,67;493,262;64,8;20,89;0,93;1,472;0,21;18,221;2,14;0,0;10,0;0,093;10,0;0,09799999;10,0;161,919;25,89;47,331;14,59;2,238;10,25;0,009;10,0;0,009;10,0;0,001;10,0;1,179;24,234;0,53;34,053;3,31;7,541;0,63;7,575;1,24;964,0759;1,0;"";"";19,069;2,57;73,978;15,79;"";"";29,518;14,66;52,9;"";"";"";"";"";"";"";"";"";"";"";"";"";"";"";"";"";"";"";"";"";"";"";"";"";"";"";"";"";"";"";"";"";"";"";"";"";"";"";"";"";"";"";"";"";"";"";"";"";"";"";"";"";"";"";"";"";"";"";"";"";"";"";"";""
05.01.2023 17:30:45;1672936245000;880f01e687e2572cea04e80fc6a68085;463972;OK;1846;0;0;0;0;-0,02;-8,97;0;0;901;758;"";137,382;20,61;488,762;64,66001;20,89;0,93;1,472;0,21;18,336;2,14;0,0;10,0;0,01;10,0;0,133;10,0;106,405;20,32;32,961;13,2;1,686;10,07;0,151;10,0;0,151;10,0;0,0;10,0;2,116;24,205;0,53;34,072;3,31;7,532;0,63;7,558;1,23;964,086;1,0;"";"";19,467;2,55;77,34;15,97;"";"";31,691;13,51;54,1;"";"";"";"";"";"";"";"";"";"";"";"";"";"";"";"";"";"";"";"";"";"";"";"";"";"";"";"";"";"";"";"";"";"";"";"";"";"";"";"";"";"";"";"";"";"";"";"";"";"";"";"";"";"";"";"";"";"";"";"";"";"";"";"";""
05.01.2023 17:32:44;1672936364000;880f01e687e2572cea04e80fc6a68085;464091;OK;1841;0;0;0;0;-0,03;-12,56;0;0;901;760;"";134,386;20,16;488,189;64,65;20,891;0,93;1,471;0,21;18,504;2,15;0,01;10,0;0,011;10,0;0,025;10,0;125,504;22,33;36,637;13,57;0,186;10,01;0,017;10,0;0,017;10,0;0,0;10,0;1,123;24,177;0,53;34,08;3,31;7,522;0,63;7,536;1,23;964,064;1,0;"";"";19,765;2,54;78,925;16,04;"";"";32,468;13,28;54,5;"";"";"";"";"";"";"";"";"";"";"";"";"";"";"";"";"";"";"";"";"";"";"";"";"";"";"";"";"";"";"";"";"";"";"";"";"";"";"";"";"";"";"";"";"";"";"";"";"";"";"";"";"";"";"";"";"";"";"";"";"";"";"";"";""
05.01.2023 17:34:46;1672936486000;880f01e687e2572cea04e80fc6a68085;464213;OK;1842;0;0;0;0;-0,04;-15,23;0;0;903;764;"";134,988;20,25;487,516;64,63;20,888;0,93;1,47;0,21;18,58;2,15;0,001;10,0;0,001;10,0;0,003;10,0;119,925;21,77;36,142;13,56;1,588;10,03;0,002;10,0;0,002;10,0;0,0;10,0;1,013;24,144;0,53;34,179;3,31;7,53;0,63;7,55;1,23;964,123;1,0;"";"";20,061;2,52;81,328;16,17;"";"";31,763;13,14;54,3;"";"";"";"";"";"";"";"";"";"";"";"";"";"";"";"";"";"";"";"";"";"";"";"";"";"";"";"";"";"";"";"";"";"";"";"";"";"";"";"";"";"";"";"";"";"";"";"";"";"";"";"";"";"";"";"";"";"";"";"";"";"";"";"";""
05.01.2023 17:36:46;1672936606000;880f01e687e2572cea04e80fc6a68085;464333;OK;1815;0;0;0;0;-0,02;-15,06;0;0;903;770;"";134,22;20,13;482,196;64,47;20,885;0,93;1,469;0,21;18,515;2,15;0,0;10,0;0,0;10,0;0,088;10,0;111,703;20,94;31,89;13,14;2,441;10,18;0,178;10,0;0,178;10,0;0,177;10,0;1,791;24,121;0,53;34,198;3,31;7,524;0,63;7,538;1,23;964,121;1,0;"";"";20,286;2,51;83,261;16,27;"";"";31,783;13,03;54,1;"";"";"";"";"";"";"";"";"";"";"";"";"";"";"";"";"";"";"";"";"";"";"";"";"";"";"";"";"";"";"";"";"";"";"";"";"";"";"";"";"";"";"";"";"";"";"";"";"";"";"";"";"";"";"";"";"";"";"";"";"";"";"";"";""
05.01.2023 17:38:46;1672936726000;880f01e687e2572cea04e80fc6a68085;464454;OK;1827;0;0;0;0;0,01;-18,32;0;0;905;773;"";133,043;19,96;482,568;64,48;20,883;0,93;1,468;0,21;18,554;2,15;0,0;10,0;0,0;10,0;0,009;10,0;115,136;21,18;32,51;13,28;1,327;10,04;0,019;10,0;0,019;10,0;0,019;10,0;1,084;24,083;0,53;34,302;3,31;7,531;0,62;7,55;1,22;964,139;1,0;"";"";20,502;2,5;85,929;16,4;"";"";29,424;14,56;53,3;"";"";"";"";"";"";"";"";"";"";"";"";"";"";"";"";"";"";"";"";"";"";"";"";"";"";"";"";"";"";"";"";"";"";"";"";"";"";"";"";"";"";"";"";"";"";"";"";"";"";"";"";"";"";"";"";"";"";"";"";"";"";"";"";""
05.01.2023 17:40:48;1672936848000;880f01e687e2572cea04e80fc6a68085;464575;OK;1832;0;0;0;0;-0,01;-12,92;0;0;906;774;"";134,158;20,12;483,658;64,51;20,884;0,93;1,466;0,21;18,484;2,15;0,0;10,0;0,0;10,0;0,001;10,0;101,764;19,96;30,312;12,99;0,658;10,0;0,002;10,0;0,002;10,0;0,002;10,0;1,009;24,055;0,53;34,336;3,31;7,527;0,62;7,539;1,22;964,143;1,0;"";"";20,63;2,49;87,516;16,48;"";"";29,649;14,7;54,5;"";"";"";"";"";"";"";"";"";"";"";"";"";"";"";"";"";"";"";"";"";"";"";"";"";"";"";"";"";"";"";"";"";"";"";"";"";"";"";"";"";"";"";"";"";"";"";"";"";"";"";"";"";"";"";"";"";"";"";"";"";"";"";"";""
05.01.2023 17:42:47;1672936967000;880f01e687e2572cea04e80fc6a68085;464694;OK;1831;0;0;0;0;-0,02;4,03;0;0;907;778;"";132,52;19,88;482,53;64,48;20,888;0,93;1,464;0,21;18,378;2,14;0,0;10,0;0,0;10,0;0,0;10,0;133,151;23,03;39,755;13,89;1,933;10,14;0,0;10,0;0,0;10,0;0,0;10,0;1,001;24,022;0,53;34,367;3,31;7,519;0,62;7,524;1,22;964,123;1,0;"";"";20,765;2,49;88,962;16,55;"";"";30,921;14,24;57,5;"";"";"";"";"";"";"";"";"";"";"";"";"";"";"";"";"";"";"";"";"";"";"";"";"";"";"";"";"";"";"";"";"";"";"";"";"";"";"";"";"";"";"";"";"";"";"";"";"";"";"";"";"";"";"";"";"";"";"";"";"";"";"";"";""
05.01.2023 17:44:48;1672937088000;880f01e687e2572cea04e80fc6a68085;464815;OK;1822;0;0;0;0;-0,02;1,8;0;0;909;781;"";133,944;20,09;482,436;64,47;20,888;0,93;1,464;0,21;18,328;2,14;0,0;10,0;0,0;10,0;0,0;10,0;152,077;24,94;43,996;14,36;2,859;10,26;0,0;10,0;0,0;10,0;0,0;10,0;1,0;23,992;0,53;34,457;3,31;7,526;0,62;7,535;1,22;964,114;1,0;"";"";20,971;2,48;90,516;16,63;"";"";32,07;13,83;52,9;"";"";"";"";"";"";"";"";"";"";"";"";"";"";"";"";"";"";"";"";"";"";"";"";"";"";"";"";"";"";"";"";"";"";"";"";"";"";"";"";"";"";"";"";"";"";"";"";"";"";"";"";"";"";"";"";"";"";"";"";"";"";"";"";""
05.01.2023 17:46:49;1672937209000;880f01e687e2572cea04e80fc6a68085;464936;OK;1837;0;0;0;0;-0,01;-3,77;0;0;909;783;"";133,039;19,96;481,537;64,45;20,888;0,93;1,464;0,21;18,259;2,14;0,0;10,0;0,0;10,0;0,0;10,0;100,236;19,83;29,478;12,94;0,377;10,03;0,0;10,0;0,0;10,0;0,0;10,0;1,0;23,97;0,53;34,471;3,31;7,52;0,62;7,522;1,22;964,1049;1,0;"";"";21,087;2,47;91,171;16,66;"";"";31,102;13,19;54,6;"";"";"";"";"";"";"";"";"";"";"";"";"";"";"";"";"";"";"";"";"";"";"";"";"";"";"";"";"";"";"";"";"";"";"";"";"";"";"";"";"";"";"";"";"";"";"";"";"";"";"";"";"";"";"";"";"";"";"";"";"";"";"";"";""
05.01.2023 17:48:49;1672937329000;880f01e687e2572cea04e80fc6a68085;465057;OK;1827;0;0;0;0;-0,02;-11,05;0;0;909;786;"";134,07;20,11;478,991;64,37;20,888;0,93;1,462;0,21;18,253;2,14;0,0;10,0;0,0;10,0;0,0;10,0;137,866;23,49;41,598;14,08;0,356;10,0;0,0;10,0;0,0;10,0;0,0;10,0;1,0;23,946;0,53;34,494;3,31;7,514;0,62;7,51;1,22;964,09;1,0;"";"";21,149;2,47;91,421;16,67;"";"";32,473;13,48;54,1;"";"";"";"";"";"";"";"";"";"";"";"";"";"";"";"";"";"";"";"";"";"";"";"";"";"";"";"";"";"";"";"";"";"";"";"";"";"";"";"";"";"";"";"";"";"";"";"";"";"";"";"";"";"";"";"";"";"";"";"";"";"";"";"";""
05.01.2023 17:50:50;1672937450000;880f01e687e2572cea04e80fc6a68085;465178;OK;1812;0;0;0;0;-0,02;-6,73;0;0;912;789;"";132,779;19,92;480,319;64,41;20,888;0,93;1,461;0,21;18,13;2,13;0,0;10,0;0,071;10,0;0,417;10,0;92,14601;19,02;28,248;12,83;1,188;10,1;0,643;10,0;0,485;10,0;0,0;10,0;4,218;23,912;0,53;34,583;3,3;7,52;0,62;7,519;1,21;964,0779;1,0;"";"";21,343;2,46;91,99;16,7;"";"";30,697;14,36;56,1;"";"";"";"";"";"";"";"";"";"";"";"";"";"";"";"";"";"";"";"";"";"";"";"";"";"";"";"";"";"";"";"";"";"";"";"";"";"";"";"";"";"";"";"";"";"";"";"";"";"";"";"";"";"";"";"";"";"";"";"";"";"";"";"";""
05.01.2023 17:52:50;1672937570000;880f01e687e2572cea04e80fc6a68085;465297;OK;1835;0;0;0;0;-0,02;-6,77;0;0;912;792;"";130,345;19,55;477,934;64,34;20,885;0,93;1,46;0,21;17,913;2,12;0,0;10,0;0,008;10,0;0,334;10,0;102,351;19,96;31,253;13,02;2,018;10,19;0,834;10,0;0,816;10,0;0,0;10,0;3,943;23,878;0,53;34,601;3,3;7,509;0,62;7,496;1,21;964,08;1,0;"";"";21,447;2,45;91,669;16,68;"";"";32,054;13,44;54,4;"";"";"";"";"";"";"";"";"";"";"";"";"";"";"";"";"";"";"";"";"";"";"";"";"";"";"";"";"";"";"";"";"";"";"";"";"";"";"";"";"";"";"";"";"";"";"";"";"";"";"";"";"";"";"";"";"";"";"";"";"";"";"";"";""
05.01.2023 17:54:51;1672937691000;880f01e687e2572cea04e80fc6a68085;465418;OK;1822;0;0;0;0;0,01;-6,17;0;0;914;795;"";129,692;19,45;477,753;64,33;20,892;0,93;1,458;0,2;17,909;2,12;0,0;10,0;0,001;10,0;0,399;10,0;111,874;20,92;30,422;13,0;0,843;10,02;0,694;10,0;0,692;10,0;0,0;10,0;4,421;23,854;0,53;34,701;3,3;7,52;0,61;7,517;1,21;964,086;1,0;"";"";21,544;2,45;92,621;16,72;"";"";30,708;13,87;53,2;"";"";"";"";"";"";"";"";"";"";"";"";"";"";"";"";"";"";"";"";"";"";"";"";"";"";"";"";"";"";"";"";"";"";"";"";"";"";"";"";"";"";"";"";"";"";"";"";"";"";"";"";"";"";"";"";"";"";"";"";"";"";"";"";""
05.01.2023 17:56:51;1672937811000;880f01e687e2572cea04e80fc6a68085;465538;OK;1839;0;0;0;0;-0,0;-3,83;0;0;915;796;"";129,079;19,36;479,719;64,39;20,886;0,93;1,457;0,2;17,886;2,12;0,202;10,0;0,303;10,0;0,606;10,0;167,344;26,35;47,736;14,66;3,224;10,28;0,512;10,0;0,512;10,0;0,0;10,0;3,05;23,83;0,53;34,731;3,3;7,517;0,61;7,509;1,21;964,123;1,0;"";"";21,537;2,45;92,96801;16,74;"";"";30,578;13,96;54,1;"";"";"";"";"";"";"";"";"";"";"";"";"";"";"";"";"";"";"";"";"";"";"";"";"";"";"";"";"";"";"";"";"";"";"";"";"";"";"";"";"";"";"";"";"";"";"";"";"";"";"";"";"";"";"";"";"";"";"";"";"";"";"";"";""
05.01.2023 17:58:50;1672937930000;880f01e687e2572cea04e80fc6a68085;465658;OK;1829;0;0;0;0;0,0;2,46;0;0;915;797;"";130,944;19,64;478,325;64,35;20,886;0,93;1,457;0,2;17,929;2,12;0,022;10,0;0,146;10,0;0,8309999;10,0;149,561;24,6;45,689;14,58;2,849;10,15;1,445;10,01;0,732;10,01;0,364;10,01;4,046;23,815;0,53;34,738;3,3;7,511;0,61;7,498;1,2;964,151;1,0;"";"";21,615;2,45;93,41701;16,76;"";"";29,984;14,58;53,5;"";"";"";"";"";"";"";"";"";"";"";"";"";"";"";"";"";"";"";"";"";"";"";"";"";"";"";"";"";"";"";"";"";"";"";"";"";"";"";"";"";"";"";"";"";"";"";"";"";"";"";"";"";"";"";"";"";"";"";"";"";"";"";"";""
05.01.2023 18:00:51;1672938051000;880f01e687e2572cea04e80fc6a68085;465779;OK;1826;0;0;0;0;-0,04;-6,86;0;0;916;799;"";129,367;19,41;475,425;64,26;20,886;0,93;1,456;0,2;17,941;2,12;0,002;10,0;0,016;10,0;0,089;10,0;121,039;21,87;37,473;13,68;0,53;10,02;0,177;10,0;0,078;10,0;0,039;10,0;1,325;23,793;0,53;34,764;3,3;7,508;0,61;7,49;1,2;964,2;1,0;"";"";21,669;2,44;92,81401;16,73;"";"";31,716;13,55;54,3;"";"";"";"";"";"";"";"";"";"";"";"";"";"";"";"";"";"";"";"";"";"";"";"";"";"";"";"";"";"";"";"";"";"";"";"";"";"";"";"";"";"";"";"";"";"";"";"";"";"";"";"";"";"";"";"";"";"";"";"";"";"";"";"";""
05.01.2023 18:02:52;1672938172000;880f01e687e2572cea04e80fc6a68085;465899;OK;1821;0;0;0;0;-0,0;-8,49;0;0;918;802;"";127,973;19,2;476,502;64,3;20,884;0,93;1,455;0,2;17,953;2,12;0,0;10,0;0,002;10,0;0,213;10,0;132,715;22,88;41,207;14,02;1,57;10,2;0,291;10,0;0,281;10,0;0,004;10,0;2,866;23,766;0,53;34,851;3,3;7,515;0,61;7,503;1,2;964,203;1,0;"";"";21,727;2,44;92,622;16,71;"";"";30,08;14,42;53,2;"";"";"";"";"";"";"";"";"";"";"";"";"";"";"";"";"";"";"";"";"";"";"";"";"";"";"";"";"";"";"";"";"";"";"";"";"";"";"";"";"";"";"";"";"";"";"";"";"";"";"";"";"";"";"";"";"";"";"";"";"";"";"";"";""
05.01.2023 18:04:52;1672938292000;880f01e687e2572cea04e80fc6a68085;466020;OK;1824;0;0;0;0;0,01;-7,75;0;0;918;803;"";128,703;19,31;474,021;64,22;20,882;0,93;1,454;0,2;17,92;2,12;0,0;10,0;0,05;10,0;0,072;10,0;122,098;21,94;32,432;13,17;0,904;10,1;0,031;10,0;0,03;10,0;0,0;10,0;1,273;23,75;0,53;34,862;3,3;7,511;0,61;7,493;1,2;964,181;1,0;"";"";21,855;2,43;93,051;16,73;"";"";31,598;13,79;54,0;"";"";"";"";"";"";"";"";"";"";"";"";"";"";"";"";"";"";"";"";"";"";"";"";"";"";"";"";"";"";"";"";"";"";"";"";"";"";"";"";"";"";"";"";"";"";"";"";"";"";"";"";"";"";"";"";"";"";"";"";"";"";"";"";""
05.01.2023 18:06:53;1672938413000;880f01e687e2572cea04e80fc6a68085;466141;OK;1807;0;0;0;0;-0,02;-4,41;0;0;918;804;"";128,837;19,33;474,145;64,22;20,881;0,93;1,454;0,2;17,866;2,12;0,0;10,0;0,005;10,0;0,102;10,0;131,41;22,83;39,263;13,87;2,714;10,21;0,241;10,0;0,241;10,0;0,0;10,0;1,877;23,724;0,53;34,864;3,3;7,5;0,61;7,472;1,2;964,156;1,0;"";"";21,815;2,44;92,628;16,71;"";"";34,72;12,36;74,0;"";"";"";"";"";"";"";"";"";"";"";"";"";"";"";"";"";"";"";"";"";"";"";"";"";"";"";"";"";"";"";"";"";"";"";"";"";"";"";"";"";"";"";"";"";"";"";"";"";"";"";"";"";"";"";"";"";"";"";"";"";"";"";"";""
05.01.2023 18:08:52;1672938532000;880f01e687e2572cea04e80fc6a68085;466260;OK;1840;0;0;0;0;-0,04;-7,56;0;0;920;807;"";128,226;19,23;473,719;64,21;20,88;0,93;1,452;0,2;17,819;2,11;0,0;10,0;0,001;10,0;0,011;10,0;130,947;22,81;40,403;13,93;2,369;10,12;0,027;10,0;0,027;10,0;0,0;10,0;1,097;23,707;0,53;34,943;3,3;7,51;0,61;7,489;1,2;964,156;1,0;"";"";21,954;2,43;92,14601;16,68;"";"";31,492;13,73;63,3;"";"";"";"";"";"";"";"";"";"";"";"";"";"";"";"";"";"";"";"";"";"";"";"";"";"";"";"";"";"";"";"";"";"";"";"";"";"";"";"";"";"";"";"";"";"";"";"";"";"";"";"";"";"";"";"";"";"";"";"";"";"";"";"";""
05.01.2023 18:10:55;1672938655000;880f01e687e2572cea04e80fc6a68085;466383;OK;1821;0;0;0;0;0,06;3,0;0;0;923;811;"";128,29;19,24;475,895;64,28;20,884;0,93;1,451;0,2;17,885;2,12;0,0;10,0;0,0;10,0;0,001;10,0;127,377;22,48;37,404;13,71;0,244;10,01;0,003;10,0;0,003;10,0;0,0;10,0;1,01;23,679;0,53;35,094;3,3;7,53;0,61;7,528;1,19;964,168;1,0;"";"";22,082;2,42;92,89701;16,72;"";"";29,695;14,54;53,1;"";"";"";"";"";"";"";"";"";"";"";"";"";"";"";"";"";"";"";"";"";"";"";"";"";"";"";"";"";"";"";"";"";"";"";"";"";"";"";"";"";"";"";"";"";"";"";"";"";"";"";"";"";"";"";"";"";"";"";"";"";"";"";"";""
05.01.2023 18:12:54;1672938774000;880f01e687e2572cea04e80fc6a68085;466501;OK;1833;0;0;0;0;0,09;9,83;0;0;923;812;"";133,479;20,02;476,43;64,29;20,877;0,93;1,452;0,2;17,841;2,11;0,095;10,0;0,095;10,0;0,095;10,0;110,075;20,75;33,693;13,25;0,378;10,01;0,0;10,0;0,0;10,0;0,0;10,0;1,001;23,658;0,53;35,115;3,3;7,526;0,61;7,519;1,19;964,198;1,0;"";"";22,226;2,42;92,95501;16,72;"";"";33,09;13,19;56,3;"";"";"";"";"";"";"";"";"";"";"";"";"";"";"";"";"";"";"";"";"";"";"";"";"";"";"";"";"";"";"";"";"";"";"";"";"";"";"";"";"";"";"";"";"";"";"";"";"";"";"";"";"";"";"";"";"";"";"";"";"";"";"";"";""
05.01.2023 18:14:55;1672938895000;880f01e687e2572cea04e80fc6a68085;466622;OK;1829;0;0;0;0;0,03;4,3;0;0;924;813;"";131,598;19,74;475,263;64,26;20,878;0,93;1,451;0,2;17,742;2,11;0,01;10,0;0,01;10,0;0,553;10,0;136,023;23,28;40,384;13,96;1,33;10,0;0,696;10,0;0,696;10,0;0,0;10,0;5,174;23,64;0,53;35,118;3,3;7,519;0,61;7,504;1,19;964,217;1,0;"";"";22,422;2,41;93,047;16,72;"";"";31,796;13,24;57,4;"";"";"";"";"";"";"";"";"";"";"";"";"";"";"";"";"";"";"";"";"";"";"";"";"";"";"";"";"";"";"";"";"";"";"";"";"";"";"";"";"";"";"";"";"";"";"";"";"";"";"";"";"";"";"";"";"";"";"";"";"";"";"";"";""
05.01.2023 18:16:57;1672939017000;880f01e687e2572cea04e80fc6a68085;466745;OK;1819;0;0;0;0;-0,07;-6,86;0;0;924;814;"";129,612;19,44;473,568;64,21;20,881;0,93;1,45;0,2;17,571;2,1;0,001;10,0;0,133;10,0;0,189;10,0;136,865;23,35;42,036;14,1;3,121;10,33;0,072;10,0;0,072;10,0;0,0;10,0;1,628;23,615;0,53;35,12;3,3;7,508;0,6;7,483;1,19;964,24;1,0;"";"";22,6;2,4;92,59;16,69;"";"";30,984;13,22;53,5;"";"";"";"";"";"";"";"";"";"";"";"";"";"";"";"";"";"";"";"";"";"";"";"";"";"";"";"";"";"";"";"";"";"";"";"";"";"";"";"";"";"";"";"";"";"";"";"";"";"";"";"";"";"";"";"";"";"";"";"";"";"";"";"";""
05.01.2023 18:18:58;1672939138000;880f01e687e2572cea04e80fc6a68085;466865;OK;1820;0;0;0;0;-0,06;-9,66;0;0;924;816;"";130,275;19,54;473,646;64,21;20,88;0,93;1,449;0,2;17,453;2,09;0,0;10,0;0,014;10,0;0,27;10,0;131,455;22,83;39,221;13,85;2,775;10,14;0,524;10,0;0,524;10,0;0,0;10,0;3,224;23,601;0,53;35,142;3,3;7,507;0,6;7,479;1,19;964,262;1,0;"";"";22,618;2,4;91,908;16,66;"";"";32,978;13,07;69,7;"";"";"";"";"";"";"";"";"";"";"";"";"";"";"";"";"";"";"";"";"";"";"";"";"";"";"";"";"";"";"";"";"";"";"";"";"";"";"";"";"";"";"";"";"";"";"";"";"";"";"";"";"";"";"";"";"";"";"";"";"";"";"";"";""
05.01.2023 18:20:57;1672939257000;880f01e687e2572cea04e80fc6a68085;466984;OK;1831;0;0;0;0;0,01;-8,84;0;0;926;818;"";129,871;19,48;472,325;64,17;20,879;0,93;1,448;0,2;17,366;2,09;0,0;10,0;0,002;10,0;0,322;10,0;165,986;26,26;48,213;14,76;3,652;10,24;1,1;10,0;1,1;10,0;0,0;10,0;3,879;23,587;0,53;35,234;3,3;7,521;0,6;7,505;1,18;964,29;1,0;"";"";22,6;2,4;90,453;16,58;"";"";31,491;13,54;54,2;"";"";"";"";"";"";"";"";"";"";"";"";"";"";"";"";"";"";"";"";"";"";"";"";"";"";"";"";"";"";"";"";"";"";"";"";"";"";"";"";"";"";"";"";"";"";"";"";"";"";"";"";"";"";"";"";"";"";"";"";"";"";"";"";""
05.01.2023 18:22:58;1672939378000;880f01e687e2572cea04e80fc6a68085;467106;OK;1826;0;0;0;0;0,04;-2,15;0;0;927;819;"";131,221;19,68;473,285;64,2;20,877;0,93;1,449;0,2;17,417;2,09;0,012;10,0;0,047;10,0;0,737;10,0;144,901;24,21;41,267;14,06;2,862;10,25;1,337;10,0;0,9139999;10,0;0,0;10,0;6,743;23,57;0,53;35,256;3,3;7,518;0,6;7,499;1,18;964,3029;1,0;"";"";22,583;2,4;90,225;16,56;"";"";30,701;13,77;53,5;"";"";"";"";"";"";"";"";"";"";"";"";"";"";"";"";"";"";"";"";"";"";"";"";"";"";"";"";"";"";"";"";"";"";"";"";"";"";"";"";"";"";"";"";"";"";"";"";"";"";"";"";"";"";"";"";"";"";"";"";"";"";"";"";""
05.01.2023 18:24:58;1672939498000;880f01e687e2572cea04e80fc6a68085;467226;OK;1833;0;0;0;0;0,02;-0,57;0;0;927;820;"";132,093;19,81;473,015;64,19;20,883;0,93;1,448;0,2;17,39;2,09;0,028;10,0;0,09799999;10,0;0,414;10,0;168,253;26,46;50,705;14,94;1,847;10,17;0,721;10,0;0,526;10,0;0,0;10,0;3,832;23,557;0,53;35,259;3,3;7,513;0,6;7,489;1,18;964,3029;1,0;"";"";22,64;2,4;89,77201;16,54;"";"";30,808;13,53;53,4;"";"";"";"";"";"";"";"";"";"";"";"";"";"";"";"";"";"";"";"";"";"";"";"";"";"";"";"";"";"";"";"";"";"";"";"";"";"";"";"";"";"";"";"";"";"";"";"";"";"";"";"";"";"";"";"";"";"";"";"";"";"";"";"";""
05.01.2023 18:26:59;1672939619000;880f01e687e2572cea04e80fc6a68085;467347;OK;1821;0;0;0;0;-0,05;3,13;0;0;927;821;"";132,473;19,87;473,361;64,2;20,881;0,93;1,447;0,2;17,305;2,09;0,021;10,0;0,426;10,0;1,432;10,0;161,36;25,82;50,272;14,94;5,698;10,62;1,857;10,04;1,383;10,0;0,622;10,0;7,543;23,537;0,53;35,261;3,3;7,505;0,6;7,472;1,18;964,3049;1,0;"";"";22,7;2,39;89,024;16,5;"";"";29,791;14,07;53,6;"";"";"";"";"";"";"";"";"";"";"";"";"";"";"";"";"";"";"";"";"";"";"";"";"";"";"";"";"";"";"";"";"";"";"";"";"";"";"";"";"";"";"";"";"";"";"";"";"";"";"";"";"";"";"";"";"";"";"";"";"";"";"";"";""
05.01.2023 18:29:00;1672939740000;880f01e687e2572cea04e80fc6a68085;467467;OK;1819;0;0;0;0;-0,06;-1,95;0;0;927;822;"";130,12;19,52;472,487;64,17;20,882;0,93;1,447;0,2;17,225;2,08;0,103;10,0;0,34;10,0;0,563;10,0;201,071;29,7;59,682;15,79;3,757;10,33;1,032;10,0;0,981;10,0;0,06599999;10,0;2,928;23,518;0,53;35,262;3,3;7,497;0,6;7,456;1,18;964,3109;1,0;"";"";22,633;2,4;88,743;16,48;"";"";29,652;15,03;54,1;"";"";"";"";"";"";"";"";"";"";"";"";"";"";"";"";"";"";"";"";"";"";"";"";"";"";"";"";"";"";"";"";"";"";"";"";"";"";"";"";"";"";"";"";"";"";"";"";"";"";"";"";"";"";"";"";"";"";"";"";"";"";"";"";""
05.01.2023 18:31:01;1672939861000;880f01e687e2572cea04e80fc6a68085;467588;OK;1829;0;0;0;0;-0,05;-6,21;0;0;927;823;"";131,889;19,78;470,343;64,11;20,881;0,93;1,446;0,2;17,108;2,07;0,011;10,0;0,036;10,0;0,089;10,0;130,709;22,8;37,246;13,62;0,659;10,04;0,11;10,0;0,105;10,0;0,007;10,0;1,463;23,501;0,53;35,288;3,3;7,495;0,6;7,452;1,18;964,308;1,0;"";"";22,636;2,4;88,511;16,46;"";"";30,077;14,05;54,1;"";"";"";"";"";"";"";"";"";"";"";"";"";"";"";"";"";"";"";"";"";"";"";"";"";"";"";"";"";"";"";"";"";"";"";"";"";"";"";"";"";"";"";"";"";"";"";"";"";"";"";"";"";"";"";"";"";"";"";"";"";"";"";"";""
05.01.2023 18:33:01;1672939981000;880f01e687e2572cea04e80fc6a68085;467709;OK;1820;0;0;0;0;-0,0;-7,92;0;0;929;825;"";134,433;20,17;471,223;64,14;20,879;0,93;1,446;0,2;17,057;2,07;0,001;10,0;0,004;10,0;0,348;10,0;143,339;24,01;41,439;14,03;2,942;10,2;0,837;10,0;0,837;10,0;0,001;10,0;3,777;23,488;0,53;35,364;3,3;7,506;0,6;7,471;1,18;964,316;1,0;"";"";22,539;2,4;87,426;16,41;"";"";28,994;14,85;53,0;"";"";"";"";"";"";"";"";"";"";"";"";"";"";"";"";"";"";"";"";"";"";"";"";"";"";"";"";"";"";"";"";"";"";"";"";"";"";"";"";"";"";"";"";"";"";"";"";"";"";"";"";"";"";"";"";"";"";"";"";"";"";"";"";""
05.01.2023 18:35:02;1672940102000;880f01e687e2572cea04e80fc6a68085;467830;OK;1819;0;0;0;0;0,03;-3,88;0;0;929;826;"";132,473;19,87;471,55;64,15;20,881;0,93;1,445;0,2;17,113;2,08;0,144;10,0;0,194;10,0;0,414;10,0;175,272;27,15;51,377;15,01;2,518;10,06;0,529;10,0;0,529;10,0;0,0;10,0;2,913;23,478;0,53;35,383;3,3;7,506;0,6;7,471;1,18;964,327;1,0;"";"";22,596;2,4;86,906;16,38;"";"";30,569;14,02;53,5;"";"";"";"";"";"";"";"";"";"";"";"";"";"";"";"";"";"";"";"";"";"";"";"";"";"";"";"";"";"";"";"";"";"";"";"";"";"";"";"";"";"";"";"";"";"";"";"";"";"";"";"";"";"";"";"";"";"";"";"";"";"";"";"";""
05.01.2023 18:37:02;1672940222000;880f01e687e2572cea04e80fc6a68085;467950;OK;1822;0;0;0;0;0,01;-1,21;0;0;929;827;"";129,911;19,49;469,92;64,1;20,88;0,93;1,445;0,2;17,043;2,07;0,015;10,0;0,104;10,0;0,63;10,0;152,841;24,99;45,582;14,46;3,242;10,21;0,776;10,02;0,129;10,0;0,0;10,0;5,858;23,459;0,53;35,386;3,3;7,499;0,6;7,456;1,18;964,3499;1,0;"";"";22,541;2,4;85,787;16,32;"";"";29,68;14,61;54,3;"";"";"";"";"";"";"";"";"";"";"";"";"";"";"";"";"";"";"";"";"";"";"";"";"";"";"";"";"";"";"";"";"";"";"";"";"";"";"";"";"";"";"";"";"";"";"";"";"";"";"";"";"";"";"";"";"";"";"";"";"";"";"";"";""
05.01.2023 18:39:02;1672940342000;880f01e687e2572cea04e80fc6a68085;468070;OK;1817;0;0;0;0;-0,04;3,59;0;0;929;828;"";131,297;19,69;471,853;64,16;20,883;0,93;1,443;0,2;17,135;2,08;0,002;10,0;0,194;10,0;0,486;10,0;154,275;25,08;47,503;14,63;5,061;10,56;0,444;10,04;0,375;10,04;0,201;10,0;3,237;23,445;0,53;35,387;3,3;7,493;0,6;7,444;1,18;964,345;1,0;"";"";22,481;2,4;85,207;16,28;"";"";28,727;15,34;53,3;"";"";"";"";"";"";"";"";"";"";"";"";"";"";"";"";"";"";"";"";"";"";"";"";"";"";"";"";"";"";"";"";"";"";"";"";"";"";"";"";"";"";"";"";"";"";"";"";"";"";"";"";"";"";"";"";"";"";"";"";"";"";"";"";""
05.01.2023 18:41:05;1672940465000;880f01e687e2572cea04e80fc6a68085;468192;OK;1844;0;0;0;0;-0,05;-2,27;0;0;929;829;"";133,575;20,04;469,772;64,09;20,881;0,93;1,442;0,2;17,087;2,07;0,0;10,0;0,021;10,0;0,052;10,0;177,354;27,32;50,66;14,96;3,917;10,43;0,047;10,0;0,04;10,0;0,021;10,0;1,239;23,432;0,53;35,4;3,3;7,49;0,6;7,437;1,18;964,3629;1,0;"";"";22,578;2,4;85,229;16,28;"";"";31,02;13,93;52,8;"";"";"";"";"";"";"";"";"";"";"";"";"";"";"";"";"";"";"";"";"";"";"";"";"";"";"";"";"";"";"";"";"";"";"";"";"";"";"";"";"";"";"";"";"";"";"";"";"";"";"";"";"";"";"";"";"";"";"";"";"";"";"";"";""
05.01.2023 18:43:05;1672940585000;880f01e687e2572cea04e80fc6a68085;468312;OK;1819;0;0;0;0;-0,03;-1,78;0;0;930;830;"";133,146;19,97;471,014;64,13;20,88;0,93;1,443;0,2;17,014;2,07;0,0;10,0;0,002;10,0;0,32;10,0;149,104;24,52;46,957;14,63;2,439;10,07;0,645;10,0;0,644;10,0;0,002;10,0;3,852;23,418;0,53;35,423;3,3;7,489;0,6;7,434;1,18;964,39;1,0;"";"";22,573;2,4;84,58;16,25;"";"";30,993;14,04;54,6;"";"";"";"";"";"";"";"";"";"";"";"";"";"";"";"";"";"";"";"";"";"";"";"";"";"";"";"";"";"";"";"";"";"";"";"";"";"";"";"";"";"";"";"";"";"";"";"";"";"";"";"";"";"";"";"";"";"";"";"";"";"";"";"";""
05.01.2023 18:45:05;1672940705000;880f01e687e2572cea04e80fc6a68085;468433;OK;1824;0;0;0;0;0,01;-9,24;0;0;931;831;"";135,478;20,32;468,277;64,05;20,879;0,93;1,443;0,2;16,938;2,07;0,0;10,0;0,058;10,0;0,407;10,0;172,13;26,78;51,127;15,01;1,699;10,15;0,468;10,0;0,468;10,0;0,0;10,0;4,131;23,407;0,53;35,478;3,3;7,496;0,6;7,448;1,17;964,409;1,0;"";"";22,661;2,4;83,859;16,21;"";"";29,816;14,44;54,1;"";"";"";"";"";"";"";"";"";"";"";"";"";"";"";"";"";"";"";"";"";"";"";"";"";"";"";"";"";"";"";"";"";"";"";"";"";"";"";"";"";"";"";"";"";"";"";"";"";"";"";"";"";"";"";"";"";"";"";"";"";"";"";"";""
05.01.2023 18:47:05;1672940825000;880f01e687e2572cea04e80fc6a68085;468552;OK;1844;0;0;0;0;0,02;-3,74;0;0;932;833;"";135,233;20,28;468,776;64,06;20,879;0,93;1,442;0,2;16,817;2,06;0,0;10,0;0,006;10,0;0,045;10,0;160,352;25,61;47,85;14,67;2,949;10,38;0,052;10,0;0,052;10,0;0,0;10,0;1,346;23,392;0,53;35,508;3,3;7,496;0,6;7,447;1,17;964,404;1,0;"";"";22,707;2,39;83,679;16,2;"";"";32,054;13,39;53,1;"";"";"";"";"";"";"";"";"";"";"";"";"";"";"";"";"";"";"";"";"";"";"";"";"";"";"";"";"";"";"";"";"";"";"";"";"";"";"";"";"";"";"";"";"";"";"";"";"";"";"";"";"";"";"";"";"";"";"";"";"";"";"";"";""
05.01.2023 18:49:05;1672940945000;880f01e687e2572cea04e80fc6a68085;468672;OK;1830;0;0;0;0;0,02;0,52;0;0;932;833;"";134,807;20,22;470,274;64,11;20,877;0,93;1,442;0,2;16,832;2,06;0,24;10,0;0,284;10,0;0,751;10,0;211,814;30,64;63,194;16,21;3,27;10,14;0,566;10,0;0,566;10,0;0,222;10,0;4,431;23,383;0,53;35,518;3,3;7,494;0,6;7,443;1,17;964,418;1,0;"";"";22,832;2,39;83,293;16,18;"";"";30,848;14,16;54,0;"";"";"";"";"";"";"";"";"";"";"";"";"";"";"";"";"";"";"";"";"";"";"";"";"";"";"";"";"";"";"";"";"";"";"";"";"";"";"";"";"";"";"";"";"";"";"";"";"";"";"";"";"";"";"";"";"";"";"";"";"";"";"";"";""
05.01.2023 18:51:05;1672941065000;880f01e687e2572cea04e80fc6a68085;468793;OK;1819;0;0;0;0;-0,02;2,4;0;0;932;834;"";131,481;19,72;468,466;64,05;20,882;0,93;1,441;0,2;16,773;2,06;0,03;10,0;0,069;10,0;0,119;10,0;165,457;26,1;49,283;14,9;1,673;10,09;0,06;10,0;0,06;10,0;0,024;10,0;1,419;23,363;0,53;35,52;3,3;7,486;0,59;7,426;1,17;964,448;1,0;"";"";22,823;2,39;82,54001;16,14;"";"";30,628;14,06;53,9;"";"";"";"";"";"";"";"";"";"";"";"";"";"";"";"";"";"";"";"";"";"";"";"";"";"";"";"";"";"";"";"";"";"";"";"";"";"";"";"";"";"";"";"";"";"";"";"";"";"";"";"";"";"";"";"";"";"";"";"";"";"";"";"";""
05.01.2023 18:53:06;1672941186000;880f01e687e2572cea04e80fc6a68085;468914;OK;1829;0;0;0;0;-0,05;-5,34;0;0;933;835;"";131,844;19,78;467,192;64,02;20,877;0,93;1,441;0,2;16,715;2,05;0,135;10,0;0,197;10,0;0,382;10,0;189,966;28,47;57,217;15,59;1,543;10,16;0,214;10,0;0,214;10,0;0,21;10,0;1,947;23,341;0,53;35,541;3,3;7,481;0,59;7,416;1,17;964,4509;1,0;"";"";22,687;2,39;81,983;16,1;"";"";30,662;14,03;54,4;"";"";"";"";"";"";"";"";"";"";"";"";"";"";"";"";"";"";"";"";"";"";"";"";"";"";"";"";"";"";"";"";"";"";"";"";"";"";"";"";"";"";"";"";"";"";"";"";"";"";"";"";"";"";"";"";"";"";"";"";"";"";"";"";""
05.01.2023 18:55:07;1672941307000;880f01e687e2572cea04e80fc6a68085;469035;OK;1831;0;0;0;0;-0,02;-14,89;0;0;934;837;"";128,675;19,3;465,164;63,95;20,881;0,93;1,44;0,2;16,776;2,06;0,198;10,0;0,259;10,0;0,809;10,0;168,308;26,4;51,44;15,1;3,376;10,39;0,575;10,02;0,575;10,02;0,425;10,0;4,16;23,333;0,53;35,595;3,3;7,489;0,59;7,43;1,17;964,469;1,0;"";"";22,594;2,4;81,754;16,09;"";"";31,652;13,8;52,1;"";"";"";"";"";"";"";"";"";"";"";"";"";"";"";"";"";"";"";"";"";"";"";"";"";"";"";"";"";"";"";"";"";"";"";"";"";"";"";"";"";"";"";"";"";"";"";"";"";"";"";"";"";"";"";"";"";"";"";"";"";"";"";"";""
05.01.2023 18:57:08;1672941428000;880f01e687e2572cea04e80fc6a68085;469155;OK;1819;0;0;0;0;0,02;-12,91;0;0;934;838;"";132,069;19,81;464,618;63,94;20,88;0,93;1,44;0,2;16,992;2,07;0,029;10,0;0,08200001;10,0;0,277;10,0;161,715;25,79;45,5;14,42;1,645;10,11;0,499;10,0;0,499;10,0;0,045;10,0;2,639;23,329;0,53;35,618;3,3;7,492;0,59;7,436;1,17;964,483;1,0;"";"";22,488;2,4;81,948;16,1;"";"";31,56;13,58;54,0;"";"";"";"";"";"";"";"";"";"";"";"";"";"";"";"";"";"";"";"";"";"";"";"";"";"";"";"";"";"";"";"";"";"";"";"";"";"";"";"";"";"";"";"";"";"";"";"";"";"";"";"";"";"";"";"";"";"";"";"";"";"";"";"";""
05.01.2023 18:59:07;1672941547000;880f01e687e2572cea04e80fc6a68085;469274;OK;1843;0;0;0;0;0,0;-9,91;0;0;933;836;"";133,583;20,04;464,388;63,93;20,874;0,93;1,44;0,2;17,089;2,07;0,07;10,0;0,135;10,0;0,157;10,0;196,591;29,21;60,583;15,85;1,197;10,09;0,055;10,0;0,055;10,0;0,005;10,0;1,27;23,329;0,53;35,563;3,3;7,48;0,59;7,414;1,17;964,4919;1,0;"";"";22,585;2,4;81,85801;16,1;"";"";30,57;14,34;53,6;"";"";"";"";"";"";"";"";"";"";"";"";"";"";"";"";"";"";"";"";"";"";"";"";"";"";"";"";"";"";"";"";"";"";"";"";"";"";"";"";"";"";"";"";"";"";"";"";"";"";"";"";"";"";"";"";"";"";"";"";"";"";"";"";""
05.01.2023 19:01:07;1672941667000;880f01e687e2572cea04e80fc6a68085;469395;OK;1818;0;0;0;0;-0,05;-1,89;0;0;933;836;"";133,793;20,07;465,049;63,95;20,876;0,93;1,441;0,2;17,012;2,07;0,245;10,0;0,252;10,0;1,019;10,0;210,782;30,55;66,298;16,5;3,222;10,22;1,031;10,02;0,904;10,02;0,001;10,0;5,743;23,326;0,53;35,548;3,3;7,476;0,59;7,405;1,17;964,512;1,0;"";"";22,696;2,39;82,031;16,1;"";"";30,523;14,41;53,3;"";"";"";"";"";"";"";"";"";"";"";"";"";"";"";"";"";"";"";"";"";"";"";"";"";"";"";"";"";"";"";"";"";"";"";"";"";"";"";"";"";"";"";"";"";"";"";"";"";"";"";"";"";"";"";"";"";"";"";"";"";"";"";"";""
05.01.2023 19:03:08;1672941788000;880f01e687e2572cea04e80fc6a68085;469515;OK;1815;0;0;0;0;-0,03;-2,81;0;0;934;838;"";131,922;19,79;463,077;63,89;20,88;0,93;1,44;0,2;16,668;2,05;0,168;10,0;0,176;10,0;0,258;10,0;196,677;29,15;58,458;15,76;0,722;10,03;0,11;10,0;0,09700001;10,0;0,0;10,0;1,517;23,311;0,53;35,609;3,3;7,482;0,59;7,417;1,17;964,5499;1,0;"";"";22,749;2,39;80,77101;16,04;"";"";31,785;13,49;56,2;"";"";"";"";"";"";"";"";"";"";"";"";"";"";"";"";"";"";"";"";"";"";"";"";"";"";"";"";"";"";"";"";"";"";"";"";"";"";"";"";"";"";"";"";"";"";"";"";"";"";"";"";"";"";"";"";"";"";"";"";"";"";"";"";""
05.01.2023 19:05:10;1672941910000;880f01e687e2572cea04e80fc6a68085;469637;OK;1822;0;0;0;0;0,03;-1,94;0;0;935;840;"";130,601;19,59;463,8;63,91;20,878;0,93;1,44;0,2;16,497;2,04;0,392;10,0;0,458;10,0;0,792;10,0;204,744;29,95;61,627;15,98;2,299;10,14;0,426;10,0;0,424;10,0;0,0;10,0;2,738;23,299;0,53;35,655;3,3;7,487;0,59;7,425;1,17;964,5399;1,0;"";"";22,711;2,39;79,732;15,98;"";"";30,221;14,51;53,2;"";"";"";"";"";"";"";"";"";"";"";"";"";"";"";"";"";"";"";"";"";"";"";"";"";"";"";"";"";"";"";"";"";"";"";"";"";"";"";"";"";"";"";"";"";"";"";"";"";"";"";"";"";"";"";"";"";"";"";"";"";"";"";"";""
05.01.2023 19:07:09;1672942029000;880f01e687e2572cea04e80fc6a68085;469757;OK;1811;0;0;0;0;0,03;1,87;0;0;935;840;"";132,598;19,89;465,736;63,97;20,873;0,93;1,44;0,2;16,472;2,04;0,113;10,0;0,24;10,0;0,538;10,0;221,709;31,67;67,913;16,62;2,696;10,17;0,758;10,0;0,758;10,0;0,0;10,0;3,308;23,29;0,53;35,66;3,3;7,484;0,59;7,419;1,17;964,522;1,0;"";"";22,754;2,39;78,337;15,91;"";"";31,385;13,89;54,1;"";"";"";"";"";"";"";"";"";"";"";"";"";"";"";"";"";"";"";"";"";"";"";"";"";"";"";"";"";"";"";"";"";"";"";"";"";"";"";"";"";"";"";"";"";"";"";"";"";"";"";"";"";"";"";"";"";"";"";"";"";"";"";"";""
05.01.2023 19:09:09;1672942149000;880f01e687e2572cea04e80fc6a68085;469877;OK;1810;0;0;0;0;-0,02;0,81;0;0;935;841;"";130,865;19,63;462,398;63,87;20,873;0,93;1,439;0,2;16,276;2,03;0,074;10,0;0,184;10,0;0,244;10,0;198,605;29,34;57,6;15,63;3,716;10,34;0,081;10,0;0,081;10,0;0,0;10,0;1,526;23,274;0,53;35,662;3,3;7,477;0,59;7,405;1,17;964,4919;1,0;"";"";22,756;2,39;77,617;15,87;"";"";31,549;13,59;52,9;"";"";"";"";"";"";"";"";"";"";"";"";"";"";"";"";"";"";"";"";"";"";"";"";"";"";"";"";"";"";"";"";"";"";"";"";"";"";"";"";"";"";"";"";"";"";"";"";"";"";"";"";"";"";"";"";"";"";"";"";"";"";"";"";""
05.01.2023 19:11:10;1672942270000;880f01e687e2572cea04e80fc6a68085;469998;OK;1823;0;0;0;0;-0,04;-8,14;0;0;935;841;"";131,058;19,66;461,945;63,86;20,876;0,93;1,438;0,2;16,329;2,03;0,06800001;10,0;0,154;10,0;0,16;10,0;189,054;28,48;56,249;15,51;4,067;10,34;0,009;10,0;0,009;10,0;0,0;10,0;1,167;23,267;0,53;35,662;3,3;7,474;0,59;7,399;1,17;964,4879;1,0;"";"";22,679;2,39;76,893;15,83;"";"";30,196;14,74;53,1;"";"";"";"";"";"";"";"";"";"";"";"";"";"";"";"";"";"";"";"";"";"";"";"";"";"";"";"";"";"";"";"";"";"";"";"";"";"";"";"";"";"";"";"";"";"";"";"";"";"";"";"";"";"";"";"";"";"";"";"";"";"";"";"";""
05.01.2023 19:13:10;1672942390000;880f01e687e2572cea04e80fc6a68085;470118;OK;1828;0;0;0;0;-0,04;-2,89;0;0;935;841;"";133,474;20,02;463,909;63,92;20,873;0,93;1,439;0,2;16,342;2,03;0,079;10,0;0,088;10,0;0,512;10,0;191,429;28,68;59,137;15,71;4,993;10,4;1,507;10,1;1,507;10,1;0,0;10,0;4,605;23,258;0,53;35,663;3,3;7,471;0,59;7,392;1,17;964,489;1,0;"";"";22,596;2,4;76,242;15,79;"";"";31,039;13,41;54,2;"";"";"";"";"";"";"";"";"";"";"";"";"";"";"";"";"";"";"";"";"";"";"";"";"";"";"";"";"";"";"";"";"";"";"";"";"";"";"";"";"";"";"";"";"";"";"";"";"";"";"";"";"";"";"";"";"";"";"";"";"";"";"";"";""
05.01.2023 19:15:10;1672942510000;880f01e687e2572cea04e80fc6a68085;470238;OK;1815;0;0;0;0;-0,03;0,71;0;0;935;842;"";130,466;19,57;461,961;63,86;20,874;0,93;1,438;0,2;16,321;2,03;0,008;10,0;0,009;10,0;0,743;10,0;201,921;29,72;63,077;16,17;4,232;10,39;1,536;10,08;0,748;10,01;0,114;10,0;6,348;23,245;0,53;35,663;3,3;7,465;0,59;7,381;1,17;964,456;1,0;"";"";22,647;2,4;75,468;15,75;"";"";31,508;13,33;53,8;"";"";"";"";"";"";"";"";"";"";"";"";"";"";"";"";"";"";"";"";"";"";"";"";"";"";"";"";"";"";"";"";"";"";"";"";"";"";"";"";"";"";"";"";"";"";"";"";"";"";"";"";"";"";"";"";"";"";"";"";"";"";"";"";""
05.01.2023 19:17:11;1672942631000;880f01e687e2572cea04e80fc6a68085;470359;OK;1824;0;0;0;0;-0,03;-1,0;0;0;935;843;"";129,216;19,38;461,812;63,85;20,871;0,93;1,437;0,2;16,366;2,03;0,001;10,0;0,369;10,0;0,838;10,0;192,167;28,71;57,131;15,61;4,273;10,39;0,895;10,01;0,799;10,0;0,646;10,0;4,047;23,235;0,53;35,664;3,3;7,461;0,59;7,372;1,17;964,438;1,0;"";"";22,741;2,39;75,109;15,73;"";"";30,136;14,44;53,9;"";"";"";"";"";"";"";"";"";"";"";"";"";"";"";"";"";"";"";"";"";"";"";"";"";"";"";"";"";"";"";"";"";"";"";"";"";"";"";"";"";"";"";"";"";"";"";"";"";"";"";"";"";"";"";"";"";"";"";"";"";"";"";"";""
05.01.2023 19:19:12;1672942752000;880f01e687e2572cea04e80fc6a68085;470479;OK;1826;0;0;0;0;-0,03;-5,43;0;0;935;843;"";130,218;19,53;461,766;63,85;20,872;0,93;1,437;0,2;16,338;2,03;0,058;10,0;0,408;10,0;0,9559999;10,0;196,604;29,19;59,467;15,77;4,448;10,53;0,463;10,0;0,453;10,0;0,437;10,0;4,19;23,227;0,53;35,664;3,3;7,458;0,59;7,365;1,17;964,416;1,0;"";"";22,608;2,4;74,753;15,71;"";"";31,168;13,97;55,7;"";"";"";"";"";"";"";"";"";"";"";"";"";"";"";"";"";"";"";"";"";"";"";"";"";"";"";"";"";"";"";"";"";"";"";"";"";"";"";"";"";"";"";"";"";"";"";"";"";"";"";"";"";"";"";"";"";"";"";"";"";"";"";"";""
05.01.2023 19:21:12;1672942872000;880f01e687e2572cea04e80fc6a68085;470600;OK;1813;0;0;0;0;-0,03;0,9700001;0;0;935;843;"";130,71;19,61;462,478;63,87;20,874;0,93;1,438;0,2;16,342;2,03;0,076;10,0;0,328;10,0;0,534;10,0;204,469;29,98;63,351;16,13;2,695;10,27;0,376;10,0;0,375;10,0;0,047;10,0;2,985;23,218;0,53;35,665;3,3;7,454;0,59;7,357;1,17;964,425;1,0;"";"";22,793;2,39;74,384;15,69;"";"";30,55;14,16;53,0;"";"";"";"";"";"";"";"";"";"";"";"";"";"";"";"";"";"";"";"";"";"";"";"";"";"";"";"";"";"";"";"";"";"";"";"";"";"";"";"";"";"";"";"";"";"";"";"";"";"";"";"";"";"";"";"";"";"";"";"";"";"";"";"";""
05.01.2023 19:23:13;1672942993000;880f01e687e2572cea04e80fc6a68085;470720;OK;1841;0;0;0;0;-0,02;-1,59;0;0;935;844;"";130,634;19,6;461,036;63,83;20,875;0,93;1,437;0,2;16,368;2,03;0,158;10,0;0,542;10,0;0,776;10,0;218,117;31,29;67,393;16,59;4,97;10,55;0,674;10,0;0,674;10,0;0,005;10,0;2,54;23,209;0,53;35,68;3,3;7,454;0,59;7,356;1,16;964,43;1,0;"";"";22,708;2,39;73,717;15,65;"";"";30,447;14,22;53,2;"";"";"";"";"";"";"";"";"";"";"";"";"";"";"";"";"";"";"";"";"";"";"";"";"";"";"";"";"";"";"";"";"";"";"";"";"";"";"";"";"";"";"";"";"";"";"";"";"";"";"";"";"";"";"";"";"";"";"";"";"";"";"";"";""
05.01.2023 19:25:14;1672943114000;880f01e687e2572cea04e80fc6a68085;470841;OK;1822;0;0;0;0;-0,02;-6,27;0;0;935;844;"";132,911;19,94;460,472;63,81;20,874;0,93;1,436;0,2;16,463;2,04;0,434;10,0;0,517;10,0;0,595;10,0;218,639;31,29;68,899;16,79;1,846;10,08;0,106;10,0;0,106;10,0;0,001;10,0;1,462;23,2;0,53;35,684;3,3;7,45;0,59;7,349;1,16;964,413;1,0;"";"";22,711;2,39;73,34;15,63;"";"";29,332;14,99;53,6;"";"";"";"";"";"";"";"";"";"";"";"";"";"";"";"";"";"";"";"";"";"";"";"";"";"";"";"";"";"";"";"";"";"";"";"";"";"";"";"";"";"";"";"";"";"";"";"";"";"";"";"";"";"";"";"";"";"";"";"";"";"";"";"";""
05.01.2023 19:27:14;1672943234000;880f01e687e2572cea04e80fc6a68085;470962;OK;1810;0;0;0;0;0,02;-2,76;0;0;937;846;"";130,208;19,53;460,873;63,83;20,873;0,93;1,436;0,2;16,489;2,04;0,334;10,0;0,343;10,0;1,324;10,0;243,035;33,69;72,788;17,14;3,745;10,34;1,638;10,08;1,638;10,08;0,0;10,0;6,148;23,195;0,53;35,745;3,3;7,461;0,59;7,37;1,16;964,407;1,0;"";"";22,78;2,39;73,319;15,63;"";"";30,726;13,76;53,5;"";"";"";"";"";"";"";"";"";"";"";"";"";"";"";"";"";"";"";"";"";"";"";"";"";"";"";"";"";"";"";"";"";"";"";"";"";"";"";"";"";"";"";"";"";"";"";"";"";"";"";"";"";"";"";"";"";"";"";"";"";"";"";"";""
05.01.2023 19:29:15;1672943355000;880f01e687e2572cea04e80fc6a68085;471082;OK;1827;0;0;0;0;0,01;-0,19;0;0;936;846;"";131,684;19,75;460,964;63,83;20,873;0,93;1,437;0,2;16,476;2,04;0,188;10,0;0,198;10,0;1,07;10,0;197,34;29,24;59,722;15,84;2,064;10,11;1,348;10,01;1,01;10,01;0,0;10,0;6,957;23,189;0,53;35,72;3,3;7,453;0,59;7,354;1,16;964,401;1,0;"";"";22,768;2,39;72,9;15,61;"";"";30,609;14,19;52,8;"";"";"";"";"";"";"";"";"";"";"";"";"";"";"";"";"";"";"";"";"";"";"";"";"";"";"";"";"";"";"";"";"";"";"";"";"";"";"";"";"";"";"";"";"";"";"";"";"";"";"";"";"";"";"";"";"";"";"";"";"";"";"";"";""
05.01.2023 19:31:16;1672943476000;880f01e687e2572cea04e80fc6a68085;471204;OK;1807;0;0;0;0;-0,01;-0,63;0;0;936;846;"";132,319;19,85;459,6;63,79;20,873;0,93;1,436;0,2;16,478;2,04;0,27;10,0;0,348;10,0;0,724;10,0;211,951;30,7;63,267;16,2;1,984;10,06;0,477;10,0;0,442;10,0;0,0;10,0;4,301;23,177;0,53;35,716;3,3;7,448;0,59;7,342;1,16;964,414;1,0;"";"";22,81;2,39;72,55001;15,59;"";"";31,191;14,09;53,9;"";"";"";"";"";"";"";"";"";"";"";"";"";"";"";"";"";"";"";"";"";"";"";"";"";"";"";"";"";"";"";"";"";"";"";"";"";"";"";"";"";"";"";"";"";"";"";"";"";"";"";"";"";"";"";"";"";"";"";"";"";"";"";"";""
05.01.2023 19:33:15;1672943595000;880f01e687e2572cea04e80fc6a68085;471323;OK;1831;0;0;0;0;-0,02;-0,77;0;0;938;847;"";132,63;19,89;459,923;63,8;20,871;0,93;1,437;0,2;16,417;2,04;0,415;10,0;0,533;10,0;0,731;10,0;232,882;32,71;74,099;17,25;4,919;10,5;0,52;10,0;0,517;10,0;0,468;10,0;2,23;23,165;0,53;35,769;3,3;7,453;0,59;7,353;1,16;964,439;1,0;"";"";22,792;2,39;71,574;15,54;"";"";31,343;13,71;54,4;"";"";"";"";"";"";"";"";"";"";"";"";"";"";"";"";"";"";"";"";"";"";"";"";"";"";"";"";"";"";"";"";"";"";"";"";"";"";"";"";"";"";"";"";"";"";"";"";"";"";"";"";"";"";"";"";"";"";"";"";"";"";"";"";""
05.01.2023 19:35:17;1672943717000;880f01e687e2572cea04e80fc6a68085;471444;OK;1835;0;0;0;0;0,0;-11,3;0;0;938;848;"";130,232;19,53;455,728;63,67;20,871;0,93;1,438;0,2;16,494;2,04;0,596;10,0;0,777;10,0;0,959;10,0;246,924;34,01;75,7;17,42;4,622;10,42;0,392;10,0;0,392;10,0;0,096;10,0;2,332;23,153;0,53;35,787;3,3;7,452;0,59;7,35;1,16;964,429;1,0;"";"";22,809;2,39;71,069;15,51;"";"";32,316;13,56;53,3;"";"";"";"";"";"";"";"";"";"";"";"";"";"";"";"";"";"";"";"";"";"";"";"";"";"";"";"";"";"";"";"";"";"";"";"";"";"";"";"";"";"";"";"";"";"";"";"";"";"";"";"";"";"";"";"";"";"";"";"";"";"";"";"";""
05.01.2023 19:37:17;1672943837000;880f01e687e2572cea04e80fc6a68085;471565;OK;1821;0;0;0;0;-0,01;-12,2;0;0;938;849;"";131,221;19,68;456,628;63,7;20,871;0,93;1,437;0,2;16,452;2,04;0,285;10,0;0,311;10,0;1,114;10,0;224,439;31,79;68,355;16,64;3,553;10,39;1,493;10,18;1,493;10,18;0,676;10,0;4,643;23,141;0,53;35,79;3,3;7,448;0,59;7,341;1,16;964,419;1,0;"";"";22,801;2,39;70,664;15,48;"";"";31,58;13,91;53,6;"";"";"";"";"";"";"";"";"";"";"";"";"";"";"";"";"";"";"";"";"";"";"";"";"";"";"";"";"";"";"";"";"";"";"";"";"";"";"";"";"";"";"";"";"";"";"";"";"";"";"";"";"";"";"";"";"";"";"";"";"";"";"";"";""
05.01.2023 19:39:17;1672943957000;880f01e687e2572cea04e80fc6a68085;471685;OK;1825;0;0;0;0;-0,02;-8,4;0;0;938;849;"";130,605;19,59;456,48;63,69;20,872;0,93;1,437;0,2;16,456;2,04;0,386;10,0;0,398;10,0;0,8780001;10,0;209,416;30,35;65,681;16,42;2,141;10,19;0,68;10,02;0,505;10,02;0,418;10,0;3,532;23,136;0,53;35,791;3,3;7,446;0,59;7,337;1,16;964,434;1,0;"";"";22,754;2,39;70,037;15,45;"";"";31,534;14,22;55,2;"";"";"";"";"";"";"";"";"";"";"";"";"";"";"";"";"";"";"";"";"";"";"";"";"";"";"";"";"";"";"";"";"";"";"";"";"";"";"";"";"";"";"";"";"";"";"";"";"";"";"";"";"";"";"";"";"";"";"";"";"";"";"";"";""
05.01.2023 19:41:18;1672944078000;880f01e687e2572cea04e80fc6a68085;471805;OK;1854;0;0;0;0;-0,03;3,25;0;0;938;849;"";132,692;19,9;456,057;63,68;20,87;0,93;1,436;0,2;16,576;2,05;0,46;10,0;0,664;10,0;1,27;10,0;247,643;34,09;76,512;17,47;4,34;10,58;1,024;10,0;1,004;10,0;0,046;10,0;4,404;23,128;0,53;35,791;3,3;7,442;0,59;7,329;1,16;964,4409;1,0;"";"";22,795;2,39;69,863;15,44;"";"";32,58;13,3;53,8;"";"";"";"";"";"";"";"";"";"";"";"";"";"";"";"";"";"";"";"";"";"";"";"";"";"";"";"";"";"";"";"";"";"";"";"";"";"";"";"";"";"";"";"";"";"";"";"";"";"";"";"";"";"";"";"";"";"";"";"";"";"";"";"";""
05.01.2023 19:43:18;1672944198000;880f01e687e2572cea04e80fc6a68085;471926;OK;1816;0;0;0;0;-0,03;-3,57;0;0;938;850;"";128,022;19,2;454,987;63,65;20,869;0,93;1,437;0,2;16,499;2,04;0,333;10,0;0,383;10,0;1,146;10,0;250,217;34,3;73,233;17,08;2,575;10,3;1,784;10,17;1,069;10,0;0,23;10,0;5,177;23,117;0,53;35,793;3,3;7,438;0,59;7,321;1,16;964,447;1,0;"";"";22,91;2,38;69,452;15,42;"";"";30,266;14,51;53,3;"";"";"";"";"";"";"";"";"";"";"";"";"";"";"";"";"";"";"";"";"";"";"";"";"";"";"";"";"";"";"";"";"";"";"";"";"";"";"";"";"";"";"";"";"";"";"";"";"";"";"";"";"";"";"";"";"";"";"";"";"";"";"";"";""
05.01.2023 19:45:18;1672944318000;880f01e687e2572cea04e80fc6a68085;472046;OK;1830;0;0;0;0;-0,03;-5,71;0;0;938;850;"";129,264;19,39;454,05;63,62;20,871;0,93;1,436;0,2;16,399;2,04;0,329;10,0;0,404;10,0;0,646;10,0;244,261;33,73;71,352;17,0;2,38;10,16;0,426;10,02;0,339;10,0;0,025;10,0;2,911;23,106;0,53;35,799;3,3;7,435;0,59;7,313;1,16;964,469;1,0;"";"";22,901;2,38;68,983;15,39;"";"";31,32;14,03;53,7;"";"";"";"";"";"";"";"";"";"";"";"";"";"";"";"";"";"";"";"";"";"";"";"";"";"";"";"";"";"";"";"";"";"";"";"";"";"";"";"";"";"";"";"";"";"";"";"";"";"";"";"";"";"";"";"";"";"";"";"";"";"";"";"";""
05.01.2023 19:47:19;1672944439000;880f01e687e2572cea04e80fc6a68085;472166;OK;1814;0;0;0;0;-0,03;-0,47;0;0;939;851;"";129,533;19,43;456,038;63,68;20,874;0,93;1,435;0,2;16,49;2,04;0,462;10,0;0,478;10,0;0,788;10,0;287,22;37,97;85,28701;18,34;2,886;10,19;0,745;10,0;0,154;10,0;0,003;10,0;3,348;23,096;0,53;35,809;3,3;7,432;0,58;7,309;1,16;964,447;1,0;"";"";22,852;2,39;68,209;15,35;"";"";30,34;13,86;53,4;"";"";"";"";"";"";"";"";"";"";"";"";"";"";"";"";"";"";"";"";"";"";"";"";"";"";"";"";"";"";"";"";"";"";"";"";"";"";"";"";"";"";"";"";"";"";"";"";"";"";"";"";"";"";"";"";"";"";"";"";"";"";"";"";""
05.01.2023 19:49:20;1672944560000;880f01e687e2572cea04e80fc6a68085;472287;OK;1843;0;0;0;0;-0,02;2,06;0;0;939;852;"";129,995;19,5;455,273;63,66;20,875;0,93;1,435;0,2;16,535;2,04;0,608;10,0;0,66;10,0;0,697;10,0;268,16;36,12;82,121;17,99;3,275;10,21;0,08;10,0;0,016;10,0;0,0;10,0;1,344;23,089;0,53;35,814;3,3;7,431;0,58;7,305;1,16;964,442;1,0;"";"";22,771;2,39;67,59;15,32;"";"";30,827;14,29;52,5;"";"";"";"";"";"";"";"";"";"";"";"";"";"";"";"";"";"";"";"";"";"";"";"";"";"";"";"";"";"";"";"";"";"";"";"";"";"";"";"";"";"";"";"";"";"";"";"";"";"";"";"";"";"";"";"";"";"";"";"";"";"";"";"";""
05.01.2023 19:51:20;1672944680000;880f01e687e2572cea04e80fc6a68085;472407;OK;1835;0;0;0;0;-0,02;1,06;0;0;939;852;"";127,01;19,05;454,723;63,64;20,871;0,93;1,434;0,2;16,498;2,04;0,359;10,0;0,378;10,0;1,045;10,0;221,042;31,49;68,294;16,75;1,212;10,06;0,564;10,0;0,557;10,0;0,555;10,0;4,605;23,082;0,53;35,816;3,3;7,428;0,58;7,299;1,16;964,431;1,0;"";"";22,739;2,39;67,391;15,31;"";"";30,894;14,24;53,8;"";"";"";"";"";"";"";"";"";"";"";"";"";"";"";"";"";"";"";"";"";"";"";"";"";"";"";"";"";"";"";"";"";"";"";"";"";"";"";"";"";"";"";"";"";"";"";"";"";"";"";"";"";"";"";"";"";"";"";"";"";"";"";"";""
05.01.2023 19:53:22;1672944802000;880f01e687e2572cea04e80fc6a68085;472530;OK;1818;0;0;0;0;-0,0;-5,83;0;0;939;853;"";124,661;18,7;453,339;63,6;20,865;0,93;1,434;0,2;16,604;2,05;0,407;10,0;0,409;10,0;0,477;10,0;237,984;33,15;70,065;16,88;0,748;10,01;0,058;10,0;0,057;10,0;0,057;10,0;1,372;23,076;0,53;35,842;3,3;7,431;0,58;7,304;1,16;964,447;1,0;"";"";22,557;2,4;67,501;15,31;"";"";31,976;13,33;54,3;"";"";"";"";"";"";"";"";"";"";"";"";"";"";"";"";"";"";"";"";"";"";"";"";"";"";"";"";"";"";"";"";"";"";"";"";"";"";"";"";"";"";"";"";"";"";"";"";"";"";"";"";"";"";"";"";"";"";"";"";"";"";"";"";""
05.01.2023 19:55:22;1672944922000;880f01e687e2572cea04e80fc6a68085;472650;OK;1812;0;0;0;0;-0,01;-4,29;0;0;939;852;"";127,144;19,07;453,285;63,6;20,865;0,93;1,435;0,2;16,643;2,05;0,478;10,0;0,621;10,0;0,628;10,0;232,112;32,55;70,623;16,9;1,82;10,15;0,006;10,0;0,006;10,0;0,006;10,0;1,254;23,077;0,53;35,821;3,3;7,427;0,58;7,296;1,16;964,446;1,0;"";"";22,539;2,4;68,004;15,34;"";"";31,067;13,54;55,2;"";"";"";"";"";"";"";"";"";"";"";"";"";"";"";"";"";"";"";"";"";"";"";"";"";"";"";"";"";"";"";"";"";"";"";"";"";"";"";"";"";"";"";"";"";"";"";"";"";"";"";"";"";"";"";"";"";"";"";"";"";"";"";"";""
05.01.2023 19:57:22;1672945042000;880f01e687e2572cea04e80fc6a68085;472769;OK;1837;0;0;0;0;-0,02;-6,62;0;0;939;852;"";129,797;19,47;451,721;63,55;20,872;0,93;1,435;0,2;16,691;2,05;0,336;10,0;0,494;10,0;1,015;10,0;213,676;30,79;64,945;16,42;2,716;10,29;0,853;10,0;0,713;10,0;0,713;10,0;3,77;23,074;0,53;35,818;3,3;7,425;0,58;7,293;1,16;964,4529;1,0;"";"";22,598;2,4;68,108;15,34;"";"";32,177;13,67;52,4;"";"";"";"";"";"";"";"";"";"";"";"";"";"";"";"";"";"";"";"";"";"";"";"";"";"";"";"";"";"";"";"";"";"";"";"";"";"";"";"";"";"";"";"";"";"";"";"";"";"";"";"";"";"";"";"";"";"";"";"";"";"";"";"";""
05.01.2023 19:59:24;1672945164000;880f01e687e2572cea04e80fc6a68085;472891;OK;1833;0;0;0;0;-0,03;-6,0;0;0;939;852;"";128,618;19,29;451,759;63,55;20,872;0,93;1,434;0,2;16,51;2,04;0,382;10,0;0,416;10,0;0,496;10,0;214,88;30,99;66,182;16,54;2,351;10,22;0,09099999;10,0;0,076;10,0;0,076;10,0;1,429;23,067;0,53;35,818;3,3;7,422;0,58;7,287;1,16;964,434;1,0;"";"";22,8;2,39;67,738;15,32;"";"";31,65;13,73;53,0;"";"";"";"";"";"";"";"";"";"";"";"";"";"";"";"";"";"";"";"";"";"";"";"";"";"";"";"";"";"";"";"";"";"";"";"";"";"";"";"";"";"";"";"";"";"";"";"";"";"";"";"";"";"";"";"";"";"";"";"";"";"";"";"";""
05.01.2023 20:01:24;1672945284000;880f01e687e2572cea04e80fc6a68085;473011;OK;1824;0;0;0;0;-0,02;-0,5;0;0;939;853;"";127,53;19,13;453,839;63,62;20,867;0,93;1,434;0,2;16,383;2,04;0,525;10,0;0,612;10,0;0,8820001;10,0;225,171;31,96;69,004;16,76;4,137;10,37;0,384;10,0;0,382;10,0;0,008;10,0;2,719;23,058;0,53;35,832;3,3;7,421;0,58;7,284;1,16;964,4409;1,0;"";"";22,788;2,39;67,283;15,3;"";"";31,699;14,25;53,6;"";"";"";"";"";"";"";"";"";"";"";"";"";"";"";"";"";"";"";"";"";"";"";"";"";"";"";"";"";"";"";"";"";"";"";"";"";"";"";"";"";"";"";"";"";"";"";"";"";"";"";"";"";"";"";"";"";"";"";"";"";"";"";"";""
05.01.2023 20:03:24;1672945404000;880f01e687e2572cea04e80fc6a68085;473132;OK;1811;0;0;0;0;-0,0;-0,91;0;0;940;854;"";128,477;19,27;450,804;63,52;20,868;0,93;1,435;0,2;16,369;2,03;0,617;10,0;0,626;10,0;0,655;10,0;246,027;33,97;75,192;17,34;4,451;10,39;0,041;10,0;0,041;10,0;0,001;10,0;1,183;23,049;0,53;35,864;3,3;7,424;0,58;7,29;1,16;964,458;1,0;"";"";22,794;2,39;66,236;15,24;"";"";30,555;14,59;57,7;"";"";"";"";"";"";"";"";"";"";"";"";"";"";"";"";"";"";"";"";"";"";"";"";"";"";"";"";"";"";"";"";"";"";"";"";"";"";"";"";"";"";"";"";"";"";"";"";"";"";"";"";"";"";"";"";"";"";"";"";"";"";"";"";""
05.01.2023 20:05:24;1672945524000;880f01e687e2572cea04e80fc6a68085;473252;OK;1822;0;0;0;0;0,02;-0,54;0;0;940;855;"";127,938;19,19;453,012;63,59;20,871;0,93;1,434;0,2;16,286;2,03;0,491;10,0;0,642;10,0;1,002;10,0;252,7;34,58;76,429;17,43;3,839;10,43;0,515;10,05;0,515;10,05;0,0;10,0;2,757;23,042;0,53;35,9;3,3;7,428;0,58;7,298;1,16;964,426;1,0;"";"";22,733;2,39;65,442;15,2;"";"";30,918;13,88;53,9;"";"";"";"";"";"";"";"";"";"";"";"";"";"";"";"";"";"";"";"";"";"";"";"";"";"";"";"";"";"";"";"";"";"";"";"";"";"";"";"";"";"";"";"";"";"";"";"";"";"";"";"";"";"";"";"";"";"";"";"";"";"";"";"";""
05.01.2023 20:07:25;1672945645000;880f01e687e2572cea04e80fc6a68085;473372;OK;1809;0;0;0;0;0,02;1,95;0;0;941;856;"";128,762;19,31;453,481;63,6;20,871;0,93;1,434;0,2;16,232;2,03;0,333;10,0;0,441;10,0;1,551;10,0;259,491;35,22;76,727;17,46;5,998;10,54;1,944;10,22;1,944;10,22;1,055;10,0;5,803;23,03;0,53;35,919;3,3;7,427;0,58;7,295;1,15;964,432;1,0;"";"";22,663;2,39;65,136;15,18;"";"";29,811;14,47;53,9;"";"";"";"";"";"";"";"";"";"";"";"";"";"";"";"";"";"";"";"";"";"";"";"";"";"";"";"";"";"";"";"";"";"";"";"";"";"";"";"";"";"";"";"";"";"";"";"";"";"";"";"";"";"";"";"";"";"";"";"";"";"";"";"";""
05.01.2023 20:09:26;1672945766000;880f01e687e2572cea04e80fc6a68085;473493;OK;1831;0;0;0;0;0,01;8,26;0;0;940;856;"";130,101;19,52;453,553;63,61;20,87;0,93;1,435;0,2;16,215;2,03;0,686;10,0;0,776;10,0;1,546;10,0;278,607;37,14;86,212;18,47;7,868;10,79;1,375;10,02;0,541;10,02;0,446;10,0;4,328;23,027;0,53;35,931;3,3;7,428;0,58;7,297;1,15;964,4509;1,0;"";"";22,638;2,4;65,086;15,18;"";"";32,502;13,11;53,5;"";"";"";"";"";"";"";"";"";"";"";"";"";"";"";"";"";"";"";"";"";"";"";"";"";"";"";"";"";"";"";"";"";"";"";"";"";"";"";"";"";"";"";"";"";"";"";"";"";"";"";"";"";"";"";"";"";"";"";"";"";"";"";"";""
05.01.2023 20:11:27;1672945887000;880f01e687e2572cea04e80fc6a68085;473614;OK;1819;0;0;0;0;0,0;-3,42;0;0;941;857;"";128,079;19,21;452,02;63,56;20,869;0,93;1,434;0,2;16,182;2,02;0,496;10,0;0,694;10,0;1,308;10,0;257,087;35,12;77,026;17,51;7,18;10,7;1,698;10,23;1,609;10,23;0,048;10,0;3,07;23,018;0,53;35,94;3,3;7,427;0,58;7,293;1,15;964,413;1,0;"";"";22,696;2,39;64,52;15,15;"";"";29,836;15,14;56,5;"";"";"";"";"";"";"";"";"";"";"";"";"";"";"";"";"";"";"";"";"";"";"";"";"";"";"";"";"";"";"";"";"";"";"";"";"";"";"";"";"";"";"";"";"";"";"";"";"";"";"";"";"";"";"";"";"";"";"";"";"";"";"";"";""
05.01.2023 20:13:27;1672946007000;880f01e687e2572cea04e80fc6a68085;473735;OK;1813;0;0;0;0;-0,02;-10,37;0;0;941;857;"";128,694;19,3;449,865;63,5;20,871;0,93;1,433;0,2;16,264;2,03;0,173;10,0;0,823;10,0;1,219;10,0;241,962;33,56;72,13201;17,12;5,944;10,51;0,596;10,02;0,586;10,02;0,005;10,0;3,651;23,012;0,53;35,942;3,3;7,424;0,58;7,288;1,15;964,388;1,0;"";"";22,667;2,39;64,389;15,14;"";"";31,191;13,72;53,6;"";"";"";"";"";"";"";"";"";"";"";"";"";"";"";"";"";"";"";"";"";"";"";"";"";"";"";"";"";"";"";"";"";"";"";"";"";"";"";"";"";"";"";"";"";"";"";"";"";"";"";"";"";"";"";"";"";"";"";"";"";"";"";"";""
05.01.2023 20:15:27;1672946127000;880f01e687e2572cea04e80fc6a68085;473855;OK;1811;0;0;0;0;-0,02;-2,33;0;0;941;858;"";129,078;19,36;452,647;63,58;20,871;0,93;1,433;0,2;16,217;2,03;0,374;10,0;0,459;10,0;1,38;10,0;233,953;32,88;71,194;16,98;4,005;10,39;1,161;10,07;1,16;10,07;0,001;10,0;5,645;23,008;0,53;35,942;3,3;7,423;0,58;7,285;1,15;964,377;1,0;"";"";22,669;2,39;64,04;15,12;"";"";31,75;13,19;54,7;"";"";"";"";"";"";"";"";"";"";"";"";"";"";"";"";"";"";"";"";"";"";"";"";"";"";"";"";"";"";"";"";"";"";"";"";"";"";"";"";"";"";"";"";"";"";"";"";"";"";"";"";"";"";"";"";"";"";"";"";"";"";"";"";""
05.01.2023 20:17:26;1672946246000;880f01e687e2572cea04e80fc6a68085;473974;OK;1833;0;0;0;0;-0,02;4,97;0;0;941;858;"";128,917;19,34;452,43;63,57;20,87;0,93;1,434;0,2;16,217;2,03;0,612;10,0;0,648;10,0;0,861;10,0;282,887;37,57;85,29;18,36;2,248;10,16;0,276;10,01;0,276;10,01;0,0;10,0;2,162;23,001;0,53;35,942;3,3;7,42;0,58;7,279;1,15;964,362;1,0;"";"";22,63;2,4;63,473;15,09;"";"";30,776;14,04;52,3;"";"";"";"";"";"";"";"";"";"";"";"";"";"";"";"";"";"";"";"";"";"";"";"";"";"";"";"";"";"";"";"";"";"";"";"";"";"";"";"";"";"";"";"";"";"";"";"";"";"";"";"";"";"";"";"";"";"";"";"";"";"";"";"";""
05.01.2023 20:19:27;1672946367000;880f01e687e2572cea04e80fc6a68085;474095;OK;1821;0;0;0;0;-0,02;2,06;0;0;941;858;"";128,489;19,27;451,022;63,53;20,865;0,93;1,434;0,2;16,243;2,03;0,359;10,0;0,416;10,0;0,439;10,0;254,122;34,79;78,437;17,69;1,536;10,02;0,029;10,0;0,029;10,0;0,0;10,0;1,204;22,989;0,53;35,943;3,3;7,415;0,58;7,269;1,15;964,357;1,0;"";"";22,761;2,39;63,306;15,08;"";"";30,636;14,27;52,6;"";"";"";"";"";"";"";"";"";"";"";"";"";"";"";"";"";"";"";"";"";"";"";"";"";"";"";"";"";"";"";"";"";"";"";"";"";"";"";"";"";"";"";"";"";"";"";"";"";"";"";"";"";"";"";"";"";"";"";"";"";"";"";"";""
05.01.2023 20:21:26;1672946486000;880f01e687e2572cea04e80fc6a68085;474214;OK;1818;0;0;0;0;-0,03;-3,95;0;0;941;859;"";127,097;19,06;451,53;63,55;20,86;0,93;1,433;0,2;16,19;2,02;0,541;10,0;0,552;10,0;1,254;10,0;246,923;34,14;75,266;17,35;2,381;10,14;0,8809999;10,03;0,8809999;10,03;0,382;10,0;3,582;22,976;0,53;35,952;3,3;7,411;0,58;7,261;1,15;964,356;1,0;"";"";22,678;2,39;63,173;15,07;"";"";30,08;14,67;53,9;"";"";"";"";"";"";"";"";"";"";"";"";"";"";"";"";"";"";"";"";"";"";"";"";"";"";"";"";"";"";"";"";"";"";"";"";"";"";"";"";"";"";"";"";"";"";"";"";"";"";"";"";"";"";"";"";"";"";"";"";"";"";"";"";""
05.01.2023 20:23:26;1672946606000;880f01e687e2572cea04e80fc6a68085;474333;OK;1829;0;0;0;0;-0,04;-3,16;0;0;941;859;"";128,624;19,29;450,451;63,51;20,861;0,93;1,432;0,2;16,327;2,03;0,533;10,0;0,674;10,0;1,128;10,0;253,026;34,72;76,079;17,44;5,484;10,5;1,256;10,0;0,467;10,0;0,042;10,0;3,646;22,968;0,53;35,947;3,3;7,407;0,58;7,252;1,15;964,29;1,0;"";"";22,586;2,4;63,065;15,06;"";"";30,418;14,85;53,2;"";"";"";"";"";"";"";"";"";"";"";"";"";"";"";"";"";"";"";"";"";"";"";"";"";"";"";"";"";"";"";"";"";"";"";"";"";"";"";"";"";"";"";"";"";"";"";"";"";"";"";"";"";"";"";"";"";"";"";"";"";"";"";"";""
05.01.2023 20:25:27;1672946727000;880f01e687e2572cea04e80fc6a68085;474454;OK;1828;0;0;0;0;-0,02;-6,91;0;0;942;860;"";129,961;19,49;448,467;63,45;20,859;0,93;1,432;0,2;16,341;2,03;0,875;10,0;0,902;10,0;2,58;10,0;280,761;37,42;86,264;18,39;6,893;10,73;2,638;10,31;2,554;10,31;0,18;10,0;6,517;22,965;0,53;35,965;3,3;7,409;0,58;7,256;1,15;964,3709;1,0;"";"";22,582;2,4;62,915;15,06;"";"";30,774;14,13;53,3;"";"";"";"";"";"";"";"";"";"";"";"";"";"";"";"";"";"";"";"";"";"";"";"";"";"";"";"";"";"";"";"";"";"";"";"";"";"";"";"";"";"";"";"";"";"";"";"";"";"";"";"";"";"";"";"";"";"";"";"";"";"";"";"";""
05.01.2023 20:27:27;1672946847000;880f01e687e2572cea04e80fc6a68085;474575;OK;1818;0;0;0;0;0,02;-5,43;0;0;943;861;"";127,412;19,11;449,822;63,49;20,86;0,93;1,433;0,2;16,288;2,03;0,901;10,0;1,208;10,0;2,047;10,0;302,506;39,46;93,315;19,05;6,745;10,71;1,737;10,08;1,423;10,03;0,019;10,0;4,461;22,961;0,53;36,028;3,3;7,421;0,58;7,279;1,15;964,4239;1,0;"";"";22,557;2,4;62,986;15,06;"";"";29,62;14,83;52,6;"";"";"";"";"";"";"";"";"";"";"";"";"";"";"";"";"";"";"";"";"";"";"";"";"";"";"";"";"";"";"";"";"";"";"";"";"";"";"";"";"";"";"";"";"";"";"";"";"";"";"";"";"";"";"";"";"";"";"";"";"";"";"";"";""
05.01.2023 20:29:28;1672946968000;880f01e687e2572cea04e80fc6a68085;474696;OK;1832;0;0;0;0;0,06;-4,78;0;0;944;862;"";126,253;18,94;448,019;63,44;20,861;0,93;1,433;0,2;16,302;2,03;0,687;10,0;0,753;10,0;1,896;10,0;245,196;33,89;72,547;17,09;4,783;10,49;1,449;10,16;1,416;10,15;0,002;10,0;4,608;22,956;0,53;36,062;3,3;7,425;0,58;7,287;1,15;964,46;1,0;"";"";22,656;2,4;62,713;15,05;"";"";30,809;14,5;53,3;"";"";"";"";"";"";"";"";"";"";"";"";"";"";"";"";"";"";"";"";"";"";"";"";"";"";"";"";"";"";"";"";"";"";"";"";"";"";"";"";"";"";"";"";"";"";"";"";"";"";"";"";"";"";"";"";"";"";"";"";"";"";"";"";""
05.01.2023 20:31:29;1672947089000;880f01e687e2572cea04e80fc6a68085;474816;OK;1827;0;0;0;0;0,05;-3,44;0;0;944;862;"";126,884;19,03;447,836;63,44;20,861;0,93;1,433;0,2;16,359;2,03;0,103;10,0;0,295;10,0;0,989;10,0;236,668;32,97;72,681;17,14;5,722;10,57;1,083;10,06;0,948;10,06;0,0;10,0;4,118;22,955;0,53;36,066;3,3;7,426;0,58;7,289;1,15;964,443;1,0;"";"";22,585;2,4;62,48;15,03;"";"";29,63;14,53;52,5;"";"";"";"";"";"";"";"";"";"";"";"";"";"";"";"";"";"";"";"";"";"";"";"";"";"";"";"";"";"";"";"";"";"";"";"";"";"";"";"";"";"";"";"";"";"";"";"";"";"";"";"";"";"";"";"";"";"";"";"";"";"";"";"";""
05.01.2023 20:33:28;1672947208000;880f01e687e2572cea04e80fc6a68085;474935;OK;1834;0;0;0;0;0,01;-8,59;0;0;944;862;"";126,403;18,96;446,439;63,39;20,858;0,93;1,434;0,2;16,406;2,04;0,588;10,0;0,617;10,0;1,435;10,0;258,294;35,17;76,172;17,49;3,763;10,35;1,103;10,09;1,088;10,09;0,555;10,0;3,874;22,954;0,53;36,066;3,3;7,425;0,58;7,287;1,15;964,431;1,0;"";"";22,533;2,4;62,468;15,03;"";"";32,127;13,53;55,0;"";"";"";"";"";"";"";"";"";"";"";"";"";"";"";"";"";"";"";"";"";"";"";"";"";"";"";"";"";"";"";"";"";"";"";"";"";"";"";"";"";"";"";"";"";"";"";"";"";"";"";"";"";"";"";"";"";"";"";"";"";"";"";"";""
05.01.2023 20:35:29;1672947329000;880f01e687e2572cea04e80fc6a68085;475056;OK;1821;0;0;0;0;-0,01;0,06;0;0;944;862;"";126,877;19,03;448,312;63,45;20,864;0,93;1,433;0,2;16,419;2,04;0,782;10,0;0,817;10,0;1,432;10,0;301,439;39,38;92,293;19,0;3,697;10,26;1,062;10,05;0,411;10,01;0,05900001;10,0;3,484;22,948;0,53;36,067;3,3;7,423;0,58;7,283;1,15;964,437;1,0;"";"";22,484;2,4;62,296;15,02;"";"";30,371;14,21;52,7;"";"";"";"";"";"";"";"";"";"";"";"";"";"";"";"";"";"";"";"";"";"";"";"";"";"";"";"";"";"";"";"";"";"";"";"";"";"";"";"";"";"";"";"";"";"";"";"";"";"";"";"";"";"";"";"";"";"";"";"";"";"";"";"";""
05.01.2023 20:37:29;1672947449000;880f01e687e2572cea04e80fc6a68085;475176;OK;1868;0;0;0;0;-0,01;4,64;0;0;944;862;"";125,818;18,87;448,852;63,47;20,865;0,93;1,433;0,2;16,366;2,03;0,449;10,0;0,5440001;10,0;1,117;10,0;297,116;38,95;87,33001;18,55;5,748;10,57;0,768;10,01;0,697;10,0;0,007;10,0;4,926;22,95;0,53;36,067;3,3;7,424;0,58;7,284;1,15;964,405;1,0;"";"";22,563;2,4;62,405;15,03;"";"";31,893;13,63;53,7;"";"";"";"";"";"";"";"";"";"";"";"";"";"";"";"";"";"";"";"";"";"";"";"";"";"";"";"";"";"";"";"";"";"";"";"";"";"";"";"";"";"";"";"";"";"";"";"";"";"";"";"";"";"";"";"";"";"";"";"";"";"";"";"";""
05.01.2023 20:39:30;1672947570000;880f01e687e2572cea04e80fc6a68085;475297;OK;1827;0;0;0;0;-0,01;5,34;0;0;943;863;"";124,436;18,67;448,728;63,46;20,863;0,93;1,433;0,2;16,349;2,03;0,507;10,0;0,616;10,0;1,092;10,0;332,74;42,48;97,667;19,5;4,312;10,33;0,573;10,0;0,565;10,0;0,001;10,0;4,296;22,943;0,53;36,067;3,3;7,421;0,58;7,278;1,15;964,37;1,0;"";"";22,561;2,4;62,097;15,01;"";"";30,629;14,28;53,2;"";"";"";"";"";"";"";"";"";"";"";"";"";"";"";"";"";"";"";"";"";"";"";"";"";"";"";"";"";"";"";"";"";"";"";"";"";"";"";"";"";"";"";"";"";"";"";"";"";"";"";"";"";"";"";"";"";"";"";"";"";"";"";"";""
05.01.2023 20:41:30;1672947690000;880f01e687e2572cea04e80fc6a68085;475418;OK;1813;0;0;0;0;-0,01;-5,75;0;0;944;863;"";123,934;18,59;446,955;63,41;20,861;0,93;1,432;0,2;16,274;2,03;0,701;10,0;0,85;10,0;0,934;10,0;277,661;37,09;82,52;17,99;3,097;10,28;0,161;10,0;0,16;10,0;0,0;10,0;1,642;22,937;0,53;36,067;3,3;7,418;0,58;7,273;1,15;964,348;1,0;"";"";22,581;2,4;61,778;14,99;"";"";30,483;14,68;53,3;"";"";"";"";"";"";"";"";"";"";"";"";"";"";"";"";"";"";"";"";"";"";"";"";"";"";"";"";"";"";"";"";"";"";"";"";"";"";"";"";"";"";"";"";"";"";"";"";"";"";"";"";"";"";"";"";"";"";"";"";"";"";"";"";""
05.01.2023 20:43:31;1672947811000;880f01e687e2572cea04e80fc6a68085;475539;OK;1837;0;0;0;0;-0,02;-8,54;0;0;944;863;"";125,786;18,87;446,762;63,4;20,862;0,93;1,432;0,2;16,248;2,03;0,61;10,0;0,895;10,0;1,165;10,0;273,139;36,64;84,60501;18,29;3,991;10,43;0,355;10,0;0,355;10,0;0,0;10,0;2,394;22,931;0,53;36,068;3,3;7,416;0,58;7,268;1,15;964,336;1,0;"";"";22,616;2,4;61,462;14,98;"";"";31,698;13,41;53,2;"";"";"";"";"";"";"";"";"";"";"";"";"";"";"";"";"";"";"";"";"";"";"";"";"";"";"";"";"";"";"";"";"";"";"";"";"";"";"";"";"";"";"";"";"";"";"";"";"";"";"";"";"";"";"";"";"";"";"";"";"";"";"";"";""
05.01.2023 20:45:33;1672947933000;880f01e687e2572cea04e80fc6a68085;475660;OK;1833;0;0;0;0;-0,01;-4,59;0;0;944;863;"";127,812;19,17;447,237;63,42;20,863;0,93;1,433;0,2;16,09;2,02;0,57;10,0;0,606;10,0;0,921;10,0;287,702;38,02;87,532;18,51;4,047;10,4;0,8780001;10,0;0,235;10,0;0,197;10,0;3,136;22,931;0,53;36,068;3,3;7,416;0,58;7,268;1,15;964,322;1,0;"";"";22,519;2,4;61,151;14,96;"";"";29,992;14,51;53,4;"";"";"";"";"";"";"";"";"";"";"";"";"";"";"";"";"";"";"";"";"";"";"";"";"";"";"";"";"";"";"";"";"";"";"";"";"";"";"";"";"";"";"";"";"";"";"";"";"";"";"";"";"";"";"";"";"";"";"";"";"";"";"";"";""
05.01.2023 20:47:32;1672948052000;880f01e687e2572cea04e80fc6a68085;475779;OK;1831;0;0;0;0;-0,0;-0,44;0;0;944;863;"";127,349;19,1;446,476;63,39;20,861;0,93;1,432;0,2;16,071;2,02;0,446;10,0;0,45;10,0;0,582;10,0;281,42;37,39;82,04101;18,02;2,564;10,24;0,2;10,0;0,129;10,0;0,125;10,0;1,944;22,93;0,53;36,076;3,3;7,417;0,58;7,271;1,15;964,302;1,0;"";"";22,531;2,4;60,065;14,9;"";"";30,104;14,67;52,8;"";"";"";"";"";"";"";"";"";"";"";"";"";"";"";"";"";"";"";"";"";"";"";"";"";"";"";"";"";"";"";"";"";"";"";"";"";"";"";"";"";"";"";"";"";"";"";"";"";"";"";"";"";"";"";"";"";"";"";"";"";"";"";"";""
05.01.2023 20:49:32;1672948172000;880f01e687e2572cea04e80fc6a68085;475900;OK;1830;0;0;0;0;0,05;-3,65;0;0;946;865;"";126,547;18,98;444,874;63,35;20,86;0,93;1,434;0,2;16,011;2,02;0,844;10,0;0,844;10,0;1,471;10,0;297,066;38,98;86,724;18,41;3,243;10,25;1,147;10,0;1,139;10,0;0,671;10,0;3,39;22,927;0,53;36,165;3,3;7,434;0,58;7,303;1,15;964,295;1,0;"";"";22,547;2,4;59,851;14,89;"";"";30,839;14,41;53,4;"";"";"";"";"";"";"";"";"";"";"";"";"";"";"";"";"";"";"";"";"";"";"";"";"";"";"";"";"";"";"";"";"";"";"";"";"";"";"";"";"";"";"";"";"";"";"";"";"";"";"";"";"";"";"";"";"";"";"";"";"";"";"";"";""
05.01.2023 20:51:35;1672948295000;880f01e687e2572cea04e80fc6a68085;476022;OK;1812;0;0;0;0;0,07;-2,59;0;0;947;866;"";125,852;18,88;446,202;63,39;20,861;0,93;1,434;0,2;15,984;2,01;0,579;10,0;0,79;10,0;1,315;10,0;319,97;41,16;95,92601;19,34;5,911;10,67;0,615;10,0;0,614;10,0;0,209;10,0;3,565;22,926;0,53;36,186;3,3;7,438;0,58;7,311;1,14;964,307;1,0;"";"";22,454;2,4;60,267;14,91;"";"";29,846;14,66;53,6;"";"";"";"";"";"";"";"";"";"";"";"";"";"";"";"";"";"";"";"";"";"";"";"";"";"";"";"";"";"";"";"";"";"";"";"";"";"";"";"";"";"";"";"";"";"";"";"";"";"";"";"";"";"";"";"";"";"";"";"";"";"";"";"";""
05.01.2023 20:53:34;1672948414000;880f01e687e2572cea04e80fc6a68085;476142;OK;1827;0;0;0;0;0,05;-3,2;0;0;947;866;"";126,52;18,98;444,362;63,33;20,861;0,93;1,433;0,2;15,795;2,0;0,796;10,0;0,837;10,0;0,895;10,0;318,355;41,06;92,776;19,07;1,909;10,16;0,06800001;10,0;0,06800001;10,0;0,023;10,0;1,304;22,923;0,53;36,189;3,3;7,437;0,58;7,31;1,14;964,2759;1,0;"";"";22,548;2,4;59,74;14,88;"";"";31,577;13,43;56,9;"";"";"";"";"";"";"";"";"";"";"";"";"";"";"";"";"";"";"";"";"";"";"";"";"";"";"";"";"";"";"";"";"";"";"";"";"";"";"";"";"";"";"";"";"";"";"";"";"";"";"";"";"";"";"";"";"";"";"";"";"";"";"";"";""
05.01.2023 20:55:33;1672948533000;880f01e687e2572cea04e80fc6a68085;476261;OK;1817;0;0;0;0;-0,0;-1,27;0;0;947;866;"";127,824;19,17;445,241;63,36;20,861;0,93;1,433;0,2;15,738;2,0;0,622;10,0;0,652;10,0;1,28;10,0;316,561;40,81;89,82901;18,73;3,871;10,34;0,797;10,03;0,797;10,03;0,143;10,0;4,558;22,92;0,53;36,189;3,3;7,436;0,58;7,307;1,14;964,258;1,0;"";"";22,52;2,4;59,573;14,87;"";"";32,714;14,11;59,3;"";"";"";"";"";"";"";"";"";"";"";"";"";"";"";"";"";"";"";"";"";"";"";"";"";"";"";"";"";"";"";"";"";"";"";"";"";"";"";"";"";"";"";"";"";"";"";"";"";"";"";"";"";"";"";"";"";"";"";"";"";"";"";"";""
05.01.2023 20:57:34;1672948654000;880f01e687e2572cea04e80fc6a68085;476381;OK;1845;0;0;0;0;-0,01;-3,99;0;0;946;866;"";125,826;18,87;445,132;63,35;20,861;0,93;1,433;0,2;15,663;2,0;0,788;10,0;0,791;10,0;0,892;10,0;353,372;44,4;99,113;19,63;2,011;10,26;0,411;10,0;0,088;10,0;0,016;10,0;1,534;22,915;0,53;36,19;3,3;7,434;0,58;7,303;1,14;964,241;1,0;"";"";22,518;2,4;59,099;14,85;"";"";31,001;13,98;53,8;"";"";"";"";"";"";"";"";"";"";"";"";"";"";"";"";"";"";"";"";"";"";"";"";"";"";"";"";"";"";"";"";"";"";"";"";"";"";"";"";"";"";"";"";"";"";"";"";"";"";"";"";"";"";"";"";"";"";"";"";"";"";"";"";""
05.01.2023 20:59:35;1672948775000;880f01e687e2572cea04e80fc6a68085;476502;OK;1830;0;0;0;0;-0,02;-0,09;0;0;947;867;"";127,921;19,19;445,299;63,36;20,863;0,93;1,433;0,2;15,676;2,0;0,79;10,0;0,892;10,0;0,903;10,0;335,913;42,75;94,364;19,26;4,511;10,42;0,044;10,0;0,009;10,0;0,002;10,0;1,15;22,903;0,53;36,19;3,3;7,429;0,58;7,293;1,14;964,211;1,0;"";"";22,569;2,4;58,483;14,81;"";"";30,714;14,24;53,5;"";"";"";"";"";"";"";"";"";"";"";"";"";"";"";"";"";"";"";"";"";"";"";"";"";"";"";"";"";"";"";"";"";"";"";"";"";"";"";"";"";"";"";"";"";"";"";"";"";"";"";"";"";"";"";"";"";"";"";"";"";"";"";"";""
05.01.2023 21:01:36;1672948896000;880f01e687e2572cea04e80fc6a68085;476623;OK;1841;0;0;0;0;-0,02;2,96;0;0;947;868;"";124,042;18,61;446,44;63,39;20,864;0,93;1,432;0,2;15,723;2,0;0,9190001;10,0;0,939;10,0;1,129;10,0;330,846;42,25;96,709;19,47;3,009;10,29;0,269;10,02;0,266;10,02;0,0;10,0;1,856;22,898;0,53;36,207;3,3;7,43;0,58;7,295;1,14;964,2;1,0;"";"";22,557;2,4;58,324;14,81;"";"";30,867;14,23;54,1;"";"";"";"";"";"";"";"";"";"";"";"";"";"";"";"";"";"";"";"";"";"";"";"";"";"";"";"";"";"";"";"";"";"";"";"";"";"";"";"";"";"";"";"";"";"";"";"";"";"";"";"";"";"";"";"";"";"";"";"";"";"";"";"";""
05.01.2023 21:03:36;1672949016000;880f01e687e2572cea04e80fc6a68085;476744;OK;1836;0;0;0;0;0,01;0,48;0;0;949;869;"";124,25;18,64;445,087;63,35;20,862;0,93;1,432;0,2;15,713;2,0;0,821;10,0;1,163;10,0;1,361;10,0;389,936;47,93;107,331;20,41;6,086;10,64;0,267;10,0;0,028;10,0;0,0;10,0;2,222;22,894;0,53;36,267;3,3;7,441;0,58;7,316;1,14;964,2119;1,0;"";"";22,582;2,4;58,0;14,79;"";"";31,527;13,36;54,3;"";"";"";"";"";"";"";"";"";"";"";"";"";"";"";"";"";"";"";"";"";"";"";"";"";"";"";"";"";"";"";"";"";"";"";"";"";"";"";"";"";"";"";"";"";"";"";"";"";"";"";"";"";"";"";"";"";"";"";"";"";"";"";"";""
05.01.2023 21:05:36;1672949136000;880f01e687e2572cea04e80fc6a68085;476864;OK;1810;0;0;0;0;0,05;-6,63;0;0;950;870;"";123,361;18,5;443,748;63,31;20,862;0,93;1,432;0,2;15,628;1,99;0,93;10,0;1,001;10,0;1,511;10,0;319,394;41,22;93,38301;19,1;5,447;10,53;1,1;10,0;1,075;10,0;0,0;10,0;3,476;22,887;0,53;36,309;3,3;7,447;0,58;7,327;1,14;964,215;1,0;"";"";22,614;2,4;57,371;14,75;"";"";30,269;14,63;53,5;"";"";"";"";"";"";"";"";"";"";"";"";"";"";"";"";"";"";"";"";"";"";"";"";"";"";"";"";"";"";"";"";"";"";"";"";"";"";"";"";"";"";"";"";"";"";"";"";"";"";"";"";"";"";"";"";"";"";"";"";"";"";"";"";""
05.01.2023 21:07:38;1672949258000;880f01e687e2572cea04e80fc6a68085;476985;OK;1838;0;0;0;0;0,05;0,21;0;0;943;871;"";125,87;18,88;446,803;63,4;20,862;0,93;1,431;0,2;15,654;2,0;0,755;10,0;0,783;10,0;1,19;10,0;312,546;40,47;92,96;19,08;1,796;10,13;0,602;10,0;0,599;10,0;0,0;10,0;3,194;22,879;0,53;36,319;3,3;7,445;0,58;7,324;1,14;964,199;1,0;"";"";22,586;2,4;56,754;14,72;"";"";31,233;14,49;53,4;"";"";"";"";"";"";"";"";"";"";"";"";"";"";"";"";"";"";"";"";"";"";"";"";"";"";"";"";"";"";"";"";"";"";"";"";"";"";"";"";"";"";"";"";"";"";"";"";"";"";"";"";"";"";"";"";"";"";"";"";"";"";"";"";""
05.01.2023 21:09:39;1672949379000;880f01e687e2572cea04e80fc6a68085;477106;OK;1825;0;0;0;0;0,01;6,04;0;0;949;871;"";123,571;18,54;445,829;63,37;20,862;0,93;1,43;0,2;15,691;2,0;0,632;10,0;0,689;10,0;0,732;10,0;323,77;41,54;95,09;19,24;4,456;10,51;0,06400001;10,0;0,06400001;10,0;0,0;10,0;1,315;22,875;0,53;36,32;3,3;7,444;0,58;7,321;1,14;964,1769;1,0;"";"";22,539;2,4;56,829;14,72;"";"";31,472;14,05;57,6;"";"";"";"";"";"";"";"";"";"";"";"";"";"";"";"";"";"";"";"";"";"";"";"";"";"";"";"";"";"";"";"";"";"";"";"";"";"";"";"";"";"";"";"";"";"";"";"";"";"";"";"";"";"";"";"";"";"";"";"";"";"";"";"";""
05.01.2023 21:11:39;1672949499000;880f01e687e2572cea04e80fc6a68085;477226;OK;1827;0;0;0;0;-0,01;2,05;0;0;950;872;"";125,5;18,82;444,781;63,34;20,862;0,93;1,431;0,2;15,656;2,0;0,809;10,0;0,982;10,0;0,986;10,0;319,728;41,2;92,853;19,07;6,424;10,63;0,007;10,0;0,007;10,0;0,0;10,0;1,158;22,867;0,53;36,321;3,3;7,441;0,58;7,314;1,14;964,182;1,0;"";"";22,555;2,4;56,533;14,71;"";"";30,664;14,45;52,2;"";"";"";"";"";"";"";"";"";"";"";"";"";"";"";"";"";"";"";"";"";"";"";"";"";"";"";"";"";"";"";"";"";"";"";"";"";"";"";"";"";"";"";"";"";"";"";"";"";"";"";"";"";"";"";"";"";"";"";"";"";"";"";"";""
05.01.2023 21:13:38;1672949618000;880f01e687e2572cea04e80fc6a68085;477345;OK;1840;0;0;0;0;-0,02;-10,05;0;0;950;872;"";125,222;18,78;443,808;63,31;20,863;0,93;1,43;0,2;15,697;2,0;0,752;10,0;0,771;10,0;1,03;10,0;335,202;42,65;101,104;19,86;2,801;10,21;0,906;10,0;0,557;10,0;0,0;10,0;2,335;22,866;0,53;36,321;3,3;7,44;0,58;7,313;1,14;964,155;1,0;"";"";22,467;2,4;55,993;14,68;"";"";30,772;14,36;53,6;"";"";"";"";"";"";"";"";"";"";"";"";"";"";"";"";"";"";"";"";"";"";"";"";"";"";"";"";"";"";"";"";"";"";"";"";"";"";"";"";"";"";"";"";"";"";"";"";"";"";"";"";"";"";"";"";"";"";"";"";"";"";"";"";""
05.01.2023 21:15:39;1672949739000;880f01e687e2572cea04e80fc6a68085;477467;OK;1833;0;0;0;0;-0,01;-5,18;0;0;950;872;"";122,43;18,36;444,143;63,32;20,863;0,93;1,43;0,2;15,76;2,0;0,702;10,0;0,704;10,0;0,8780001;10,0;295,35;38,76;83,45401;18,14;2,593;10,2;0,274;10,02;0,237;10,02;0,0;10,0;1,825;22,862;0,53;36,325;3,3;7,439;0,57;7,311;1,14;964,108;1,0;"";"";22,378;2,41;55,827;14,67;"";"";31,898;13,81;53,9;"";"";"";"";"";"";"";"";"";"";"";"";"";"";"";"";"";"";"";"";"";"";"";"";"";"";"";"";"";"";"";"";"";"";"";"";"";"";"";"";"";"";"";"";"";"";"";"";"";"";"";"";"";"";"";"";"";"";"";"";"";"";"";"";""
05.01.2023 21:17:40;1672949860000;880f01e687e2572cea04e80fc6a68085;477587;OK;1810;0;0;0;0;0,03;-3,4;0;0;951;874;"";120,714;18,11;442,661;63,28;20,862;0,93;1,429;0,2;15,802;2,0;0,445;10,0;0,445;10,0;1,044;10,0;297,237;39,01;85,709;18,32;3,765;10,44;1,225;10,04;0,841;10,04;0,0;10,0;5,178;22,858;0,53;36,4;3,29;7,453;0,57;7,338;1,14;964,088;1,0;"";"";22,265;2,41;55,749;14,66;"";"";31,08;13,58;52,3;"";"";"";"";"";"";"";"";"";"";"";"";"";"";"";"";"";"";"";"";"";"";"";"";"";"";"";"";"";"";"";"";"";"";"";"";"";"";"";"";"";"";"";"";"";"";"";"";"";"";"";"";"";"";"";"";"";"";"";"";"";"";"";"";""
05.01.2023 21:19:40;1672949980000;880f01e687e2572cea04e80fc6a68085;477708;OK;1838;0;0;0;0;0,06;-5,3;0;0;952;876;"";117,633;17,64;441,872;63,26;20,862;0,93;1,427;0,2;15,887;2,01;0,796;10,0;0,9969999;10,0;1,576;10,0;340,654;43,19;97,379;19,42;6,969;10,68;1,406;10,1;0,725;10,0;0,0;10,0;3,893;22,854;0,53;36,444;3,29;7,46;0,57;7,352;1,13;964,081;1,0;"";"";22,273;2,41;56,691;14,71;"";"";29,972;14,48;53,1;"";"";"";"";"";"";"";"";"";"";"";"";"";"";"";"";"";"";"";"";"";"";"";"";"";"";"";"";"";"";"";"";"";"";"";"";"";"";"";"";"";"";"";"";"";"";"";"";"";"";"";"";"";"";"";"";"";"";"";"";"";"";"";"";""
05.01.2023 21:21:40;1672950100000;880f01e687e2572cea04e80fc6a68085;477828;OK;1822;0;0;0;0;0,06;-7,8;0;0;952;876;"";121,6;18,24;441,795;63,25;20,862;0,93;1,427;0,2;15,971;2,01;0,694;10,0;0,89;10,0;1,808;10,0;298,29;39,04;85,817;18,39;5,161;10,46;1,311;10,08;1,093;10,04;0,429;10,0;4,841;22,856;0,53;36,447;3,29;7,462;0,57;7,354;1,13;964,089;1,0;"";"";22,284;2,41;57,358;14,75;"";"";31,345;13,6;53,6;"";"";"";"";"";"";"";"";"";"";"";"";"";"";"";"";"";"";"";"";"";"";"";"";"";"";"";"";"";"";"";"";"";"";"";"";"";"";"";"";"";"";"";"";"";"";"";"";"";"";"";"";"";"";"";"";"";"";"";"";"";"";"";"";""
05.01.2023 21:23:42;1672950222000;880f01e687e2572cea04e80fc6a68085;477949;OK;1832;0;0;0;0;0,02;-1,16;0;0;952;875;"";120,607;18,09;442,914;63,29;20,861;0,93;1,428;0,2;15,953;2,01;0,453;10,0;0,663;10,0;1,108;10,0;335,93;42,73;97,072;19,41;7,539;10,76;0,742;10,01;0,719;10,0;0,046;10,0;3,658;22,859;0,53;36,445;3,29;7,462;0,57;7,356;1,13;964,131;1,0;"";"";22,268;2,41;57,151;14,74;"";"";31,528;13,99;53,6;"";"";"";"";"";"";"";"";"";"";"";"";"";"";"";"";"";"";"";"";"";"";"";"";"";"";"";"";"";"";"";"";"";"";"";"";"";"";"";"";"";"";"";"";"";"";"";"";"";"";"";"";"";"";"";"";"";"";"";"";"";"";"";"";""
05.01.2023 21:25:42;1672950342000;880f01e687e2572cea04e80fc6a68085;478070;OK;1833;0;0;0;0;0,0;-1,15;0;0;952;875;"";119,732;17,96;441,001;63,23;20,86;0,93;1,427;0,2;15,89;2,01;0,419;10,0;0,483;10,0;0,625;10,0;296,515;38,88;82,87001;18,08;2,539;10,2;0,447;10,0;0,149;10,0;0,005;10,0;1,938;22,858;0,53;36,444;3,29;7,462;0,57;7,355;1,13;964,184;1,0;"";"";22,231;2,42;57,091;14,74;"";"";31,364;14,34;53,1;"";"";"";"";"";"";"";"";"";"";"";"";"";"";"";"";"";"";"";"";"";"";"";"";"";"";"";"";"";"";"";"";"";"";"";"";"";"";"";"";"";"";"";"";"";"";"";"";"";"";"";"";"";"";"";"";"";"";"";"";"";"";"";"";""
05.01.2023 21:27:43;1672950463000;880f01e687e2572cea04e80fc6a68085;478190;OK;1830;0;0;0;0;-0,0;-3,42;0;0;952;876;"";116,884;17,53;440,617;63,22;20,86;0,93;1,426;0,2;15,709;2,0;0,483;10,0;0,497;10,0;0,629;10,0;315,988;40,89;90,154;18,77;2,317;10,19;0,219;10,0;0,187;10,0;0,001;10,0;2,005;22,854;0,53;36,45;3,29;7,461;0,57;7,354;1,13;964,1939;1,0;"";"";22,088;2,42;57,026;14,73;"";"";32,17;13,49;53,0;"";"";"";"";"";"";"";"";"";"";"";"";"";"";"";"";"";"";"";"";"";"";"";"";"";"";"";"";"";"";"";"";"";"";"";"";"";"";"";"";"";"";"";"";"";"";"";"";"";"";"";"";"";"";"";"";"";"";"";"";"";"";"";"";""
05.01.2023 21:29:42;1672950582000;880f01e687e2572cea04e80fc6a68085;478309;OK;1844;0;0;0;0;-0,0;-3,37;0;0;952;876;"";119,35;17,9;440,976;63,23;20,861;0,93;1,426;0,2;15,722;2,0;0,242;10,0;0,244;10,0;0,258;10,0;267,834;36,1;76,816;17,48;0,891;10,06;0,024;10,0;0,021;10,0;0,0;10,0;1,111;22,853;0,53;36,451;3,29;7,461;0,57;7,354;1,13;964,1939;1,0;"";"";21,966;2,43;56,927;14,73;"";"";30,857;14,06;53,4;"";"";"";"";"";"";"";"";"";"";"";"";"";"";"";"";"";"";"";"";"";"";"";"";"";"";"";"";"";"";"";"";"";"";"";"";"";"";"";"";"";"";"";"";"";"";"";"";"";"";"";"";"";"";"";"";"";"";"";"";"";"";"";"";""
05.01.2023 21:31:43;1672950703000;880f01e687e2572cea04e80fc6a68085;478430;OK;1837;0;0;0;0;-0,0;-7,03;0;0;952;876;"";120,669;18,1;437,916;63,14;20,861;0,93;1,426;0,2;15,652;2,0;0,203;10,0;0,203;10,0;0,679;10,0;288,821;38,23;81,763;17,98;4,775;10,45;0,594;10,0;0,594;10,0;0,0;10,0;4,386;22,855;0,53;36,448;3,29;7,462;0,57;7,354;1,13;964,187;1,0;"";"";21,947;2,43;56,532;14,71;"";"";30,894;14,12;53,5;"";"";"";"";"";"";"";"";"";"";"";"";"";"";"";"";"";"";"";"";"";"";"";"";"";"";"";"";"";"";"";"";"";"";"";"";"";"";"";"";"";"";"";"";"";"";"";"";"";"";"";"";"";"";"";"";"";"";"";"";"";"";"";"";""
05.01.2023 21:33:44;1672950824000;880f01e687e2572cea04e80fc6a68085;478551;OK;1827;0;0;0;0;0,0;-7,38;0;0;952;876;"";122,338;18,35;439,155;63,17;20,862;0,93;1,426;0,2;15,491;1,99;0,316;10,0;0,316;10,0;0,367;10,0;285,922;37,91;82,517;18,05;3,164;10,2;0,063;10,0;0,063;10,0;0,0;10,0;1,361;22,857;0,53;36,445;3,29;7,462;0,57;7,355;1,13;964,143;1,0;"";"";21,952;2,43;55,399;14,65;"";"";31,344;13,97;54,6;"";"";"";"";"";"";"";"";"";"";"";"";"";"";"";"";"";"";"";"";"";"";"";"";"";"";"";"";"";"";"";"";"";"";"";"";"";"";"";"";"";"";"";"";"";"";"";"";"";"";"";"";"";"";"";"";"";"";"";"";"";"";"";"";""
05.01.2023 21:35:44;1672950944000;880f01e687e2572cea04e80fc6a68085;478671;OK;1819;0;0;0;0;0,0;-5,9;0;0;952;876;"";122,267;18,34;439,056;63,17;20,86;0,93;1,425;0,2;15,3;1,98;0,416;10,0;0,469;10,0;1,602;10,0;319,911;41,11;91,531;18,85;4,85;10,52;1,466;10,15;1,057;10,06;0,438;10,0;5,805;22,857;0,53;36,446;3,29;7,462;0,57;7,355;1,13;964,143;1,0;"";"";21,953;2,43;54,482;14,6;"";"";30,826;14,53;54,2;"";"";"";"";"";"";"";"";"";"";"";"";"";"";"";"";"";"";"";"";"";"";"";"";"";"";"";"";"";"";"";"";"";"";"";"";"";"";"";"";"";"";"";"";"";"";"";"";"";"";"";"";"";"";"";"";"";"";"";"";"";"";"";"";""
05.01.2023 21:37:45;1672951065000;880f01e687e2572cea04e80fc6a68085;478792;OK;1842;0;0;0;0;-0,0;-2,78;0;0;952;877;"";117,77;17,67;437,648;63,13;20,86;0,93;1,424;0,2;15,093;1,97;0,238;10,0;0,278;10,0;0,977;10,0;279,372;37,25;77,498;17,53;2,285;10,23;0,731;10,02;0,687;10,01;0,621;10,0;5,215;22,848;0,53;36,456;3,29;7,46;0,57;7,351;1,13;964,1729;1,0;"";"";21,861;2,43;53,655;14,55;"";"";30,469;14,35;53,9;"";"";"";"";"";"";"";"";"";"";"";"";"";"";"";"";"";"";"";"";"";"";"";"";"";"";"";"";"";"";"";"";"";"";"";"";"";"";"";"";"";"";"";"";"";"";"";"";"";"";"";"";"";"";"";"";"";"";"";"";"";"";"";"";""
05.01.2023 21:39:46;1672951186000;880f01e687e2572cea04e80fc6a68085;478913;OK;1831;0;0;0;0;0,01;-3,03;0;0;954;879;"";117,627;17,64;438,802;63,16;20,862;0,93;1,424;0,2;15,016;1,96;0,802;10,0;0,834;10,0;1,023;10,0;290,765;38,33;83,166;18,17;2,746;10,28;0,231;10,0;0,226;10,0;0,06599999;10,0;2,11;22,836;0,53;36,519;3,29;7,468;0,57;7,366;1,13;964,201;1,0;"";"";21,679;2,44;53,643;14,55;"";"";32,243;13,9;55,0;"";"";"";"";"";"";"";"";"";"";"";"";"";"";"";"";"";"";"";"";"";"";"";"";"";"";"";"";"";"";"";"";"";"";"";"";"";"";"";"";"";"";"";"";"";"";"";"";"";"";"";"";"";"";"";"";"";"";"";"";"";"";"";"";""
05.01.2023 21:41:46;1672951306000;880f01e687e2572cea04e80fc6a68085;479034;OK;1831;0;0;0;0;-0,0;1,04;0;0;953;878;"";122,26;18,34;439,022;63,17;20,86;0,93;1,424;0,2;15,077;1,97;0,592;10,0;0,793;10,0;0,953;10,0;318,898;41,14;92,90401;18,99;4,672;10,47;0,626;10,0;0,024;10,0;0,007;10,0;2,035;22,835;0,53;36,479;3,29;7,459;0,57;7,349;1,13;964,198;1,0;"";"";21,685;2,44;53,516;14,55;"";"";30,663;14,12;52,6;"";"";"";"";"";"";"";"";"";"";"";"";"";"";"";"";"";"";"";"";"";"";"";"";"";"";"";"";"";"";"";"";"";"";"";"";"";"";"";"";"";"";"";"";"";"";"";"";"";"";"";"";"";"";"";"";"";"";"";"";"";"";"";"";""
05.01.2023 21:43:46;1672951426000;880f01e687e2572cea04e80fc6a68085;479153;OK;1840;0;0;0;0;0,01;4,22;0;0;954;879;"";118,354;17,75;439,107;63,17;20,86;0,93;1,424;0,2;15,017;1,96;0,653;10,0;0,724;10,0;0,8450001;10,0;289,233;38,15;86,499;18,48;4,748;10,52;0,224;10,0;0,003;10,0;0,001;10,0;1,842;22,833;0,53;36,522;3,29;7,467;0,57;7,365;1,13;964,174;1,0;"";"";21,617;2,45;53,089;14,52;"";"";30,348;14,5;55,5;"";"";"";"";"";"";"";"";"";"";"";"";"";"";"";"";"";"";"";"";"";"";"";"";"";"";"";"";"";"";"";"";"";"";"";"";"";"";"";"";"";"";"";"";"";"";"";"";"";"";"";"";"";"";"";"";"";"";"";"";"";"";"";"";""
05.01.2023 21:45:47;1672951547000;880f01e687e2572cea04e80fc6a68085;479274;OK;1822;0;0;0;0;0,02;1,37;0;0;955;880;"";118,122;17,72;439,957;63,2;20,866;0,93;1,423;0,2;15,02;1,96;0,111;10,0;0,203;10,0;0,216;10,0;213,892;30,8;61,245;15,97;3,365;10,26;0,024;10,0;0,0;10,0;0,0;10,0;1,216;22,832;0,53;36,553;3,29;7,473;0,57;7,376;1,13;964,189;1,0;"";"";21,495;2,45;52,904;14,51;"";"";31,707;13,73;53,3;"";"";"";"";"";"";"";"";"";"";"";"";"";"";"";"";"";"";"";"";"";"";"";"";"";"";"";"";"";"";"";"";"";"";"";"";"";"";"";"";"";"";"";"";"";"";"";"";"";"";"";"";"";"";"";"";"";"";"";"";"";"";"";"";""
05.01.2023 21:47:47;1672951667000;880f01e687e2572cea04e80fc6a68085;479395;OK;1822;0;0;0;0;0,04;-1,58;0;0;955;880;"";118,961;17,84;438,402;63,15;20,867;0,93;1,423;0,2;15,003;1,96;0,242;10,0;0,27;10,0;0,87;10,0;231,442;32,51;65,242;16,39;3,747;10,38;1,189;10,0;1,187;10,0;0,134;10,0;5,064;22,828;0,53;36,568;3,29;7,475;0,57;7,379;1,13;964,1749;1,0;"";"";21,353;2,46;52,397;14,49;"";"";31,35;13,96;55,5;"";"";"";"";"";"";"";"";"";"";"";"";"";"";"";"";"";"";"";"";"";"";"";"";"";"";"";"";"";"";"";"";"";"";"";"";"";"";"";"";"";"";"";"";"";"";"";"";"";"";"";"";"";"";"";"";"";"";"";"";"";"";"";"";""
05.01.2023 21:49:46;1672951786000;880f01e687e2572cea04e80fc6a68085;479513;OK;1836;0;0;0;0;0,02;-9,1;0;0;955;881;"";119,256;17,89;436,358;63,09;20,868;0,93;1,422;0,2;15,074;1,97;0,654;10,0;0,657;10,0;0,723;10,0;304,681;39,77;91,433;18,86;3,074;10,25;0,131;10,0;0,131;10,0;0,015;10,0;1,449;22,828;0,53;36,569;3,29;7,475;0,57;7,379;1,13;964,199;1,0;"";"";21,31;2,46;51,783;14,46;"";"";30,109;14,54;53,6;"";"";"";"";"";"";"";"";"";"";"";"";"";"";"";"";"";"";"";"";"";"";"";"";"";"";"";"";"";"";"";"";"";"";"";"";"";"";"";"";"";"";"";"";"";"";"";"";"";"";"";"";"";"";"";"";"";"";"";"";"";"";"";"";""
05.01.2023 21:51:48;1672951908000;880f01e687e2572cea04e80fc6a68085;479636;OK;1815;0;0;0;0;0,0;-7,59;0;0;955;881;"";117,253;17,59;437,542;63,13;20,866;0,93;1,421;0,2;15,029;1,96;0,374;10,0;0,451;10,0;0,846;10,0;305,118;39,73;87,991;18,67;3,729;10,39;0,472;10,0;0,472;10,0;0,002;10,0;3,866;22,822;0,53;36,578;3,29;7,474;0,57;7,377;1,13;964,2249;1,0;"";"";21,204;2,47;52,091;14,47;"";"";29,994;14,61;52,9;"";"";"";"";"";"";"";"";"";"";"";"";"";"";"";"";"";"";"";"";"";"";"";"";"";"";"";"";"";"";"";"";"";"";"";"";"";"";"";"";"";"";"";"";"";"";"";"";"";"";"";"";"";"";"";"";"";"";"";"";"";"";"";"";""
05.01.2023 21:53:47;1672952027000;880f01e687e2572cea04e80fc6a68085;479755;OK;1819;0;0;0;0;-0,01;-6,26;0;0;955;881;"";119,462;17,92;435,375;63,06;20,861;0,93;1,421;0,2;14,98;1,96;0,16;10,0;0,234;10,0;0,74;10,0;256,46;34,98;70,48;16,85;2,761;10,27;0,629;10,0;0,629;10,0;0,37;10,0;4,462;22,82;0,53;36,574;3,29;7,473;0,57;7,374;1,13;964,25;1,0;"";"";21,049;2,47;52,453;14,49;"";"";29,696;15,15;53,8;"";"";"";"";"";"";"";"";"";"";"";"";"";"";"";"";"";"";"";"";"";"";"";"";"";"";"";"";"";"";"";"";"";"";"";"";"";"";"";"";"";"";"";"";"";"";"";"";"";"";"";"";"";"";"";"";"";"";"";"";"";"";"";"";""
05.01.2023 21:55:48;1672952148000;880f01e687e2572cea04e80fc6a68085;479876;OK;1827;0;0;0;0;0,0;-2,5;0;0;955;881;"";120,664;18,1;435,772;63,07;20,865;0,93;1,421;0,2;14,887;1,96;0,391;10,0;0,438;10,0;0,492;10,0;238,069;33,24;67,42401;16,6;2,447;10,23;0,067;10,0;0,067;10,0;0,039;10,0;1,429;22,819;0,53;36,58;3,29;7,473;0,57;7,376;1,13;964,23;1,0;"";"";21,054;2,47;52,457;14,49;"";"";30,209;14,92;53,5;"";"";"";"";"";"";"";"";"";"";"";"";"";"";"";"";"";"";"";"";"";"";"";"";"";"";"";"";"";"";"";"";"";"";"";"";"";"";"";"";"";"";"";"";"";"";"";"";"";"";"";"";"";"";"";"";"";"";"";"";"";"";"";"";""
05.01.2023 21:57:49;1672952269000;880f01e687e2572cea04e80fc6a68085;479997;OK;1824;0;0;0;0;-0,0;1,46;0;0;955;882;"";118,201;17,73;438,673;63,16;20,865;0,93;1,42;0,2;14,798;1,95;0,24;10,0;0,457;10,0;0,815;10,0;237,668;33,19;68,213;16,68;3,367;10,32;0,554;10,0;0,554;10,0;0,004;10,0;2,87;22,818;0,53;36,581;3,29;7,473;0,57;7,375;1,13;964,244;1,0;"";"";21,022;2,47;51,696;14,45;"";"";30,889;14,93;54,4;"";"";"";"";"";"";"";"";"";"";"";"";"";"";"";"";"";"";"";"";"";"";"";"";"";"";"";"";"";"";"";"";"";"";"";"";"";"";"";"";"";"";"";"";"";"";"";"";"";"";"";"";"";"";"";"";"";"";"";"";"";"";"";"";""
05.01.2023 21:59:49;1672952389000;880f01e687e2572cea04e80fc6a68085;480117;OK;1813;0;0;0;0;-0,0;8,39;0;0;955;882;"";118,755;17,81;437,751;63,13;20,865;0,93;1,419;0,2;14,766;1,95;0,57;10,0;0,7059999;10,0;0,8309999;10,0;280,448;37,35;80,782;17,85;5,125;10,51;0,159;10,0;0,159;10,0;0,0;10,0;1,812;22,814;0,53;36,581;3,29;7,471;0,57;7,371;1,13;964,271;1,0;"";"";20,905;2,48;51,405;14,43;"";"";31,37;14,48;53,2;"";"";"";"";"";"";"";"";"";"";"";"";"";"";"";"";"";"";"";"";"";"";"";"";"";"";"";"";"";"";"";"";"";"";"";"";"";"";"";"";"";"";"";"";"";"";"";"";"";"";"";"";"";"";"";"";"";"";"";"";"";"";"";"";""
05.01.2023 22:01:50;1672952510000;880f01e687e2572cea04e80fc6a68085;480237;OK;1833;0;0;0;0;-0,01;8,11;0;0;955;882;"";119,473;17,92;437,832;63,13;20,865;0,93;1,419;0,2;14,8;1,95;0,298;10,0;0,342;10,0;0,791;10,0;312,343;40,52;88,619;18,64;7,008;10,69;1,132;10,0;1,132;10,0;0,0;10,0;3,995;22,811;0,53;36,582;3,29;7,47;0,57;7,369;1,13;964,302;1,0;"";"";20,885;2,48;51,038;14,42;"";"";31,087;14,63;53,7;"";"";"";"";"";"";"";"";"";"";"";"";"";"";"";"";"";"";"";"";"";"";"";"";"";"";"";"";"";"";"";"";"";"";"";"";"";"";"";"";"";"";"";"";"";"";"";"";"";"";"";"";"";"";"";"";"";"";"";"";"";"";"";"";""
05.01.2023 22:03:51;1672952631000;880f01e687e2572cea04e80fc6a68085;480358;OK;1820;0;0;0;0;-0,01;-6,06;0;0;955;882;"";117,114;17,57;435,853;63,08;20,864;0,93;1,419;0,2;14,735;1,95;0,8780001;10,0;0,883;10,0;0,969;10,0;299,713;39,29;87,032;18,48;5,828;10,51;0,121;10,0;0,121;10,0;0,0;10,0;1,58;22,807;0,53;36,582;3,29;7,469;0,57;7,366;1,13;964,333;1,0;"";"";20,867;2,48;50,961;14,41;"";"";29,738;15,49;53,7;"";"";"";"";"";"";"";"";"";"";"";"";"";"";"";"";"";"";"";"";"";"";"";"";"";"";"";"";"";"";"";"";"";"";"";"";"";"";"";"";"";"";"";"";"";"";"";"";"";"";"";"";"";"";"";"";"";"";"";"";"";"";"";"";""
05.01.2023 22:05:51;1672952751000;880f01e687e2572cea04e80fc6a68085;480478;OK;1814;0;0;0;0;-0,02;-7,65;0;0;955;882;"";123,036;18,46;435,466;63,06;20,863;0,93;1,419;0,2;14,754;1,95;0,458;10,0;0,518;10,0;0,901;10,0;251,827;34,49;70,74501;16,88;3,079;10,14;0,514;10,0;0,514;10,0;0,0;10,0;3,679;22,799;0,53;36,582;3,29;7,465;0,57;7,358;1,13;964,339;1,0;"";"";20,865;2,48;50,487;14,39;"";"";30,56;15,05;53,7;"";"";"";"";"";"";"";"";"";"";"";"";"";"";"";"";"";"";"";"";"";"";"";"";"";"";"";"";"";"";"";"";"";"";"";"";"";"";"";"";"";"";"";"";"";"";"";"";"";"";"";"";"";"";"";"";"";"";"";"";"";"";"";"";""
05.01.2023 22:07:51;1672952871000;880f01e687e2572cea04e80fc6a68085;480599;OK;1832;0;0;0;0;-0,03;-8,54;0;0;955;883;"";119,654;17,95;435,94;63,08;20,863;0,93;1,419;0,2;14,697;1,95;0,351;10,0;0,454;10,0;0,495;10,0;249,276;34,2;73,45;17,1;3,527;10,44;0,055;10,0;0,055;10,0;0,0;10,0;1,43;22,789;0,53;36,583;3,29;7,461;0,57;7,35;1,13;964,34;1,0;"";"";20,747;2,49;50,133;14,37;"";"";31,165;14,33;53,7;"";"";"";"";"";"";"";"";"";"";"";"";"";"";"";"";"";"";"";"";"";"";"";"";"";"";"";"";"";"";"";"";"";"";"";"";"";"";"";"";"";"";"";"";"";"";"";"";"";"";"";"";"";"";"";"";"";"";"";"";"";"";"";"";""
05.01.2023 22:09:52;1672952992000;880f01e687e2572cea04e80fc6a68085;480720;OK;1819;0;0;0;0;-0,03;-1,92;0;0;955;883;"";119,403;17,91;435,436;63,06;20,862;0,93;1,419;0,2;14,614;1,94;0,337;10,0;0,37;10,0;0,468;10,0;229,369;32,37;64,374;16,31;2,883;10,31;0,124;10,0;0,124;10,0;0,0;10,0;1,915;22,779;0,53;36,584;3,29;7,457;0,57;7,341;1,13;964,3579;1,0;"";"";20,646;2,49;49,677;14,34;"";"";28,891;15,91;54,8;"";"";"";"";"";"";"";"";"";"";"";"";"";"";"";"";"";"";"";"";"";"";"";"";"";"";"";"";"";"";"";"";"";"";"";"";"";"";"";"";"";"";"";"";"";"";"";"";"";"";"";"";"";"";"";"";"";"";"";"";"";"";"";"";""
05.01.2023 22:11:51;1672953111000;880f01e687e2572cea04e80fc6a68085;480839;OK;1821;0;0;0;0;-0,03;-5,93;0;0;955;883;"";121,465;18,22;434,215;63,03;20,861;0,93;1,418;0,2;14,689;1,94;0,408;10,0;0,598;10,0;0,608;10,0;255,927;34,91;70,15;16,86;5,401;10,56;0,014;10,0;0,014;10,0;0,0;10,0;1,375;22,771;0,53;36,584;3,29;7,453;0,57;7,334;1,13;964,34;1,0;"";"";20,597;2,5;49,082;14,31;"";"";30,295;15,3;53,9;"";"";"";"";"";"";"";"";"";"";"";"";"";"";"";"";"";"";"";"";"";"";"";"";"";"";"";"";"";"";"";"";"";"";"";"";"";"";"";"";"";"";"";"";"";"";"";"";"";"";"";"";"";"";"";"";"";"";"";"";"";"";"";"";""
05.01.2023 22:13:52;1672953232000;880f01e687e2572cea04e80fc6a68085;480960;OK;1845;0;0;0;0;-0,03;-1,24;0;0;955;884;"";120,837;18,13;435,018;63,05;20,861;0,93;1,419;0,2;14,763;1,95;0,255;10,0;0,287;10,0;0,699;10,0;252,625;34,55;68,453;16,74;1,897;10,16;0,815;10,0;0,815;10,0;0,0;10,0;4,065;22,767;0,53;36,584;3,29;7,452;0,57;7,331;1,13;964,337;1,0;"";"";20,508;2,5;48,68;14,29;"";"";30,555;15,64;53,6;"";"";"";"";"";"";"";"";"";"";"";"";"";"";"";"";"";"";"";"";"";"";"";"";"";"";"";"";"";"";"";"";"";"";"";"";"";"";"";"";"";"";"";"";"";"";"";"";"";"";"";"";"";"";"";"";"";"";"";"";"";"";"";"";""
05.01.2023 22:15:53;1672953353000;880f01e687e2572cea04e80fc6a68085;481080;OK;1829;0;0;0;0;-0,02;0,48;0;0;955;884;"";116,615;17,49;434,857;63,05;20,863;0,93;1,418;0,2;14,798;1,95;0,356;10,0;0,359;10,0;0,403;10,0;300,443;39,18;83,5;18,22;2,217;10,12;0,087;10,0;0,087;10,0;0,0;10,0;1,327;22,759;0,53;36,587;3,29;7,449;0,57;7,325;1,13;964,369;1,0;"";"";20,493;2,5;48,972;14,3;"";"";31,777;14,14;52,8;"";"";"";"";"";"";"";"";"";"";"";"";"";"";"";"";"";"";"";"";"";"";"";"";"";"";"";"";"";"";"";"";"";"";"";"";"";"";"";"";"";"";"";"";"";"";"";"";"";"";"";"";"";"";"";"";"";"";"";"";"";"";"";"";""
05.01.2023 22:17:54;1672953474000;880f01e687e2572cea04e80fc6a68085;481201;OK;1823;0;0;0;0;-0,01;3,38;0;0;955;885;"";116,832;17,52;434,887;63,05;20,86;0,93;1,417;0,2;14,899;1,96;0,293;10,0;0,294;10,0;1,139;10,0;272,887;36,53;80,001;17,74;5,678;10,59;1,491;10,0;1,491;10,0;0,562;10,0;5,588;22,753;0,53;36,594;3,29;7,448;0,57;7,323;1,13;964,39;1,0;"";"";20,389;2,51;49,617;14,34;"";"";29,437;15,72;53,8;"";"";"";"";"";"";"";"";"";"";"";"";"";"";"";"";"";"";"";"";"";"";"";"";"";"";"";"";"";"";"";"";"";"";"";"";"";"";"";"";"";"";"";"";"";"";"";"";"";"";"";"";"";"";"";"";"";"";"";"";"";"";"";"";""
05.01.2023 22:19:53;1672953593000;880f01e687e2572cea04e80fc6a68085;481320;OK;1828;0;0;0;0;-0,02;3,45;0;0;955;884;"";119,364;17,9;435,435;63,06;20,859;0,93;1,417;0,2;14,849;1,95;0,225;10,0;0,278;10,0;0,577;10,0;255,079;34,83;75,127;17,37;1,866;10,17;0,422;10,0;0,422;10,0;0,062;10,0;3,05;22,752;0,53;36,587;3,29;7,446;0,57;7,319;1,13;964,396;1,0;"";"";20,313;2,51;49,338;14,32;"";"";30,591;14,82;53,0;"";"";"";"";"";"";"";"";"";"";"";"";"";"";"";"";"";"";"";"";"";"";"";"";"";"";"";"";"";"";"";"";"";"";"";"";"";"";"";"";"";"";"";"";"";"";"";"";"";"";"";"";"";"";"";"";"";"";"";"";"";"";"";"";""
05.01.2023 22:21:54;1672953714000;880f01e687e2572cea04e80fc6a68085;481441;OK;1829;0;0;0;0;0,0;-2,12;0;0;956;886;"";118,771;17,82;433,978;63,02;20,859;0,93;1,416;0,2;14,942;1,96;0,129;10,0;0,135;10,0;0,8;10,0;221,57;31,57;63,955;16,2;3,191;10,25;1,328;10,07;1,328;10,07;0,656;10,0;4,775;22,747;0,53;36,625;3,29;7,451;0,57;7,329;1,13;964,3929;1,0;"";"";20,305;2,51;49,275;14,32;"";"";31,526;14,28;53,4;"";"";"";"";"";"";"";"";"";"";"";"";"";"";"";"";"";"";"";"";"";"";"";"";"";"";"";"";"";"";"";"";"";"";"";"";"";"";"";"";"";"";"";"";"";"";"";"";"";"";"";"";"";"";"";"";"";"";"";"";"";"";"";"";""
05.01.2023 22:23:55;1672953835000;880f01e687e2572cea04e80fc6a68085;481562;OK;1823;0;0;0;0;0,03;-6,0;0;0;957;887;"";116,295;17,44;433,556;63,01;20,858;0,93;1,415;0,2;14,943;1,96;0,4;10,0;0,415;10,0;0,634;10,0;257,68;35,13;71,063;16,89;3,314;10,29;1,098;10,01;1,098;10,01;0,17;10,0;2,418;22,744;0,53;36,665;3,29;7,458;0,57;7,342;1,13;964,409;1,0;"";"";20,232;2,51;49,788;14,34;"";"";30,943;14,79;52,3;"";"";"";"";"";"";"";"";"";"";"";"";"";"";"";"";"";"";"";"";"";"";"";"";"";"";"";"";"";"";"";"";"";"";"";"";"";"";"";"";"";"";"";"";"";"";"";"";"";"";"";"";"";"";"";"";"";"";"";"";"";"";"";"";""
05.01.2023 22:25:55;1672953955000;880f01e687e2572cea04e80fc6a68085;481683;OK;1835;0;0;0;0;0,02;-7,84;0;0;956;886;"";117,853;17,68;433,309;63,0;20,857;0,93;1,416;0,2;14,908;1,96;0,169;10,0;0,269;10,0;0,503;10,0;243,537;33,61;67,371;16,61;1,951;10,23;0,407;10,0;0,407;10,0;0,308;10,0;2,303;22,742;0,53;36,634;3,29;7,451;0,57;7,329;1,13;964,435;1,0;"";"";20,258;2,51;49,428;14,32;"";"";30,568;15,09;54,0;"";"";"";"";"";"";"";"";"";"";"";"";"";"";"";"";"";"";"";"";"";"";"";"";"";"";"";"";"";"";"";"";"";"";"";"";"";"";"";"";"";"";"";"";"";"";"";"";"";"";"";"";"";"";"";"";"";"";"";"";"";"";"";"";""
05.01.2023 22:27:56;1672954076000;880f01e687e2572cea04e80fc6a68085;481804;OK;1820;0;0;0;0;-0,01;0,75;0;0;956;886;"";119,747;17,96;434,478;63,03;20,858;0,93;1,415;0,2;14,801;1,95;0,567;10,0;0,679;10,0;1,303;10,0;316,559;40,86;81,189;17,92;2,359;10,06;0,9150001;10,0;0,424;10,0;0,119;10,0;4,668;22,745;0,53;36,614;3,29;7,448;0,57;7,323;1,13;964,4489;1,0;"";"";20,151;2,52;49,167;14,31;"";"";30,916;14,8;53,1;"";"";"";"";"";"";"";"";"";"";"";"";"";"";"";"";"";"";"";"";"";"";"";"";"";"";"";"";"";"";"";"";"";"";"";"";"";"";"";"";"";"";"";"";"";"";"";"";"";"";"";"";"";"";"";"";"";"";"";"";"";"";"";"";""
05.01.2023 22:29:56;1672954196000;880f01e687e2572cea04e80fc6a68085;481923;OK;1832;0;0;0;0;-0,01;4,63;0;0;957;887;"";117,974;17,7;435,148;63,05;20,855;0,93;1,414;0,2;14,681;1,94;0,09700001;10,0;0,142;10,0;0,211;10,0;246,252;34,04;61,565;16,06;0,741;10,06;0,101;10,0;0,047;10,0;0,013;10,0;1,454;22,739;0,53;36,655;3,29;7,454;0,57;7,334;1,13;964,495;1,0;"";"";20,105;2,52;49,2;14,31;"";"";31,388;14,47;57,4;"";"";"";"";"";"";"";"";"";"";"";"";"";"";"";"";"";"";"";"";"";"";"";"";"";"";"";"";"";"";"";"";"";"";"";"";"";"";"";"";"";"";"";"";"";"";"";"";"";"";"";"";"";"";"";"";"";"";"";"";"";"";"";"";""
05.01.2023 22:31:57;1672954317000;880f01e687e2572cea04e80fc6a68085;482044;OK;1847;0;0;0;0;0,02;1,8;0;0;957;888;"";119,331;17,9;432,304;62,97;20,861;0,93;1,414;0,2;14,625;1,94;0,153;10,0;0,182;10,0;0,189;10,0;243,362;33,71;63,621;16,19;1,619;10,1;0,011;10,0;0,005;10,0;0,001;10,0;1,084;22,738;0,53;36,686;3,29;7,46;0,57;7,346;1,13;964,541;1,0;"";"";20,112;2,52;48,763;14,29;"";"";30,615;14,91;53,7;"";"";"";"";"";"";"";"";"";"";"";"";"";"";"";"";"";"";"";"";"";"";"";"";"";"";"";"";"";"";"";"";"";"";"";"";"";"";"";"";"";"";"";"";"";"";"";"";"";"";"";"";"";"";"";"";"";"";"";"";"";"";"";"";""
05.01.2023 22:33:57;1672954437000;880f01e687e2572cea04e80fc6a68085;482164;OK;1821;0;0;0;0;0,03;-7,82;0;0;957;888;"";116,926;17,54;431,308;62,94;20,863;0,93;1,414;0,2;14,603;1,94;0,293;10,0;0,408;10,0;0,409;10,0;271,375;36,43;71,571;17,03;2,728;10,3;0,001;10,0;0,001;10,0;0,0;10,0;1,177;22,735;0,53;36,674;3,29;7,456;0,57;7,338;1,13;964,544;1,0;"";"";20,089;2,52;48,609;14,28;"";"";31,443;13,82;54,0;"";"";"";"";"";"";"";"";"";"";"";"";"";"";"";"";"";"";"";"";"";"";"";"";"";"";"";"";"";"";"";"";"";"";"";"";"";"";"";"";"";"";"";"";"";"";"";"";"";"";"";"";"";"";"";"";"";"";"";"";"";"";"";"";""
05.01.2023 22:35:58;1672954558000;880f01e687e2572cea04e80fc6a68085;482285;OK;1833;0;0;0;0;-0,01;-6,1;0;0;957;887;"";118,861;17,83;432,41;62,97;20,862;0,93;1,415;0,2;14,538;1,94;0,078;10,0;0,09;10,0;0,09099999;10,0;252,777;34,67;66,21;16,47;1,399;10,12;0,0;10,0;0,0;10,0;0,0;10,0;1,019;22,734;0,53;36,662;3,29;7,454;0,57;7,333;1,13;964,5499;1,0;"";"";20,007;2,53;48,507;14,28;"";"";31,562;14,76;53,7;"";"";"";"";"";"";"";"";"";"";"";"";"";"";"";"";"";"";"";"";"";"";"";"";"";"";"";"";"";"";"";"";"";"";"";"";"";"";"";"";"";"";"";"";"";"";"";"";"";"";"";"";"";"";"";"";"";"";"";"";"";"";"";"";""
05.01.2023 22:37:57;1672954677000;880f01e687e2572cea04e80fc6a68085;482405;OK;1811;0;0;0;0;-0,03;3,15;0;0;956;887;"";119,963;17,99;433,141;62,99;20,863;0,93;1,414;0,2;14,47;1,93;0,105;10,0;0,106;10,0;0,106;10,0;250,957;34,39;68,397;16,7;1,428;10,09;0,0;10,0;0,0;10,0;0,0;10,0;1,002;22,731;0,53;36,642;3,29;7,448;0,57;7,322;1,13;964,5659;1,0;"";"";19,951;2,53;48,424;14,27;"";"";30,85;14,61;56,6;"";"";"";"";"";"";"";"";"";"";"";"";"";"";"";"";"";"";"";"";"";"";"";"";"";"";"";"";"";"";"";"";"";"";"";"";"";"";"";"";"";"";"";"";"";"";"";"";"";"";"";"";"";"";"";"";"";"";"";"";"";"";"";"";""
05.01.2023 22:39:58;1672954798000;880f01e687e2572cea04e80fc6a68085;482524;OK;1867;0;0;0;0;-0,01;0,29;0;0;957;888;"";118,113;17,72;430,873;62,93;20,861;0,93;1,414;0,2;14,499;1,94;0,071;10,0;0,103;10,0;0,103;10,0;231,842;32,57;58,248;15,75;1,201;10,01;0,166;10,0;0,0;10,0;0,0;10,0;1,048;22,727;0,53;36,683;3,29;7,455;0,57;7,334;1,13;964,5499;1,0;"";"";19,892;2,53;47,702;14,23;"";"";30,983;13,98;53,1;"";"";"";"";"";"";"";"";"";"";"";"";"";"";"";"";"";"";"";"";"";"";"";"";"";"";"";"";"";"";"";"";"";"";"";"";"";"";"";"";"";"";"";"";"";"";"";"";"";"";"";"";"";"";"";"";"";"";"";"";"";"";"";"";""
05.01.2023 22:41:59;1672954919000;880f01e687e2572cea04e80fc6a68085;482646;OK;1824;0;0;0;0;0,01;-5,72;0;0;958;889;"";116,274;17,44;430,944;62,93;20,862;0,93;1,413;0,2;14,435;1,93;0,564;10,0;0,635;10,0;0,635;10,0;282,645;37,54;80,419;17,81;1,646;10,14;0,018;10,0;0,0;10,0;0,0;10,0;1,107;22,721;0,53;36,709;3,29;7,457;0,57;7,34;1,12;964,547;1,0;"";"";19,863;2,53;47,698;14,23;"";"";29,768;15,1;52,4;"";"";"";"";"";"";"";"";"";"";"";"";"";"";"";"";"";"";"";"";"";"";"";"";"";"";"";"";"";"";"";"";"";"";"";"";"";"";"";"";"";"";"";"";"";"";"";"";"";"";"";"";"";"";"";"";"";"";"";"";"";"";"";"";""
05.01.2023 22:43:59;1672955039000;880f01e687e2572cea04e80fc6a68085;482767;OK;1824;0;0;0;0;0,0;-6,8;0;0;957;889;"";118,49;17,77;430,287;62,91;20,855;0,93;1,413;0,2;14,396;1,93;0,093;10,0;0,142;10,0;0,41;10,0;241,773;33,55;61,685;16,07;1,502;10,09;0,695;10,08;0,471;10,04;0,0;10,0;2,547;22,721;0,53;36,685;3,29;7,453;0,57;7,33;1,13;964,546;1,0;"";"";19,765;2,54;48,058;14,25;"";"";31,779;14,7;53,7;"";"";"";"";"";"";"";"";"";"";"";"";"";"";"";"";"";"";"";"";"";"";"";"";"";"";"";"";"";"";"";"";"";"";"";"";"";"";"";"";"";"";"";"";"";"";"";"";"";"";"";"";"";"";"";"";"";"";"";"";"";"";"";"";""
05.01.2023 22:45:58;1672955158000;880f01e687e2572cea04e80fc6a68085;482885;OK;1838;0;0;0;0;-0,0;-2,2;0;0;957;889;"";118,684;17,8;430,243;62,91;20,859;0,93;1,413;0,2;14,411;1,93;0,299;10,0;0,381;10,0;0,411;10,0;241,012;33,4;65,587;16,37;1,512;10,12;0,077;10,01;0,052;10,0;0,0;10,0;1,287;22,717;0,53;36,694;3,29;7,453;0,57;7,33;1,12;964,572;1,0;"";"";19,758;2,54;47,537;14,22;"";"";30,341;15,14;54,3;"";"";"";"";"";"";"";"";"";"";"";"";"";"";"";"";"";"";"";"";"";"";"";"";"";"";"";"";"";"";"";"";"";"";"";"";"";"";"";"";"";"";"";"";"";"";"";"";"";"";"";"";"";"";"";"";"";"";"";"";"";"";"";"";""
05.01.2023 22:47:59;1672955279000;880f01e687e2572cea04e80fc6a68085;483006;OK;1823;0;0;0;0;-0,01;2,24;0;0;958;889;"";117,245;17,59;432,472;62,97;20,861;0,93;1,412;0,2;14,429;1,93;0,19;10,0;0,206;10,0;0,209;10,0;242,728;33,66;64,763;16,37;2,446;10,14;0,008;10,0;0,006;10,0;0,0;10,0;1,041;22,714;0,53;36,699;3,29;7,452;0,57;7,329;1,12;964,598;1,0;"";"";19,654;2,54;47,012;14,2;"";"";30,277;15,09;54,0;"";"";"";"";"";"";"";"";"";"";"";"";"";"";"";"";"";"";"";"";"";"";"";"";"";"";"";"";"";"";"";"";"";"";"";"";"";"";"";"";"";"";"";"";"";"";"";"";"";"";"";"";"";"";"";"";"";"";"";"";"";"";"";"";""
05.01.2023 22:50:00;1672955400000;880f01e687e2572cea04e80fc6a68085;483128;OK;1821;0;0;0;0;0,01;5,13;0;0;958;890;"";115,038;17,26;431,805;62,95;20,861;0,93;1,412;0,2;14,357;1,93;0,081;10,0;0,083;10,0;0,474;10,0;248,666;34,16;66,685;16,55;1,481;10,12;0,478;10,02;0,477;10,02;0,0;10,0;3,505;22,713;0,53;36,705;3,29;7,453;0,57;7,331;1,12;964,611;1,0;"";"";19,731;2,54;46,946;14,19;"";"";31,24;14,08;53,5;"";"";"";"";"";"";"";"";"";"";"";"";"";"";"";"";"";"";"";"";"";"";"";"";"";"";"";"";"";"";"";"";"";"";"";"";"";"";"";"";"";"";"";"";"";"";"";"";"";"";"";"";"";"";"";"";"";"";"";"";"";"";"";"";""
05.01.2023 22:52:00;1672955520000;880f01e687e2572cea04e80fc6a68085;483248;OK;1834;0;0;0;0;-0,0;9,13;0;0;958;890;"";116,494;17,47;433,611;63,01;20,861;0,93;1,412;0,2;14,328;1,93;0,21;10,0;0,328;10,0;0,694;10,0;231,176;32,49;64,034;16,3;3,354;10,3;0,948;10,0;0,947;10,0;0,0;10,0;3,99;22,711;0,53;36,705;3,29;7,452;0,57;7,329;1,12;964,5949;1,0;"";"";19,688;2,54;47,275;14,21;"";"";31,088;15,04;57,1;"";"";"";"";"";"";"";"";"";"";"";"";"";"";"";"";"";"";"";"";"";"";"";"";"";"";"";"";"";"";"";"";"";"";"";"";"";"";"";"";"";"";"";"";"";"";"";"";"";"";"";"";"";"";"";"";"";"";"";"";"";"";"";"";""
05.01.2023 22:54:01;1672955641000;880f01e687e2572cea04e80fc6a68085;483368;OK;1817;0;0;0;0;0,0;2,33;0;0;958;890;"";118,218;17,73;433,002;62,99;20,86;0,93;1,411;0,2;14,305;1,92;0,333;10,0;0,533;10,0;0,851;10,0;285,537;37,72;74,874;17,32;2,041;10,2;1,071;10,0;1,071;10,0;0,0;10,0;3,403;22,71;0,53;36,704;3,29;7,452;0,57;7,328;1,12;964,59;1,0;"";"";19,57;2,55;47,113;14,2;"";"";30,32;14,92;55,2;"";"";"";"";"";"";"";"";"";"";"";"";"";"";"";"";"";"";"";"";"";"";"";"";"";"";"";"";"";"";"";"";"";"";"";"";"";"";"";"";"";"";"";"";"";"";"";"";"";"";"";"";"";"";"";"";"";"";"";"";"";"";"";"";""
05.01.2023 22:56:02;1672955762000;880f01e687e2572cea04e80fc6a68085;483489;OK;1829;0;0;0;0;-0,0;4,36;0;0;958;891;"";116,755;17,51;434,115;63,02;20,861;0,93;1,41;0,2;14,162;1,92;0,238;10,0;0,259;10,0;0,71;10,0;247,791;34,12;66,099;16,4;2,007;10,11;0,816;10,0;0,114;10,0;0,0;10,0;4,409;22,705;0,53;36,714;3,29;7,452;0,57;7,328;1,12;964,573;1,0;"";"";19,56;2,55;46,53;14,17;"";"";29,692;14,98;51,6;"";"";"";"";"";"";"";"";"";"";"";"";"";"";"";"";"";"";"";"";"";"";"";"";"";"";"";"";"";"";"";"";"";"";"";"";"";"";"";"";"";"";"";"";"";"";"";"";"";"";"";"";"";"";"";"";"";"";"";"";"";"";"";"";""
05.01.2023 22:58:01;1672955881000;880f01e687e2572cea04e80fc6a68085;483609;OK;1822;0;0;0;0;-0,01;4,41;0;0;958;891;"";116,487;17,47;433,758;63,01;20,861;0,93;1,409;0,2;14,146;1,92;0,29;10,0;0,292;10,0;0,34;10,0;254,921;34,81;69,297;16,81;0,724;10,01;0,087;10,0;0,012;10,0;0,0;10,0;1,364;22,703;0,53;36,707;3,29;7,449;0,57;7,323;1,12;964,5499;1,0;"";"";19,45;2,55;46,209;14,15;"";"";29,189;15,76;56,1;"";"";"";"";"";"";"";"";"";"";"";"";"";"";"";"";"";"";"";"";"";"";"";"";"";"";"";"";"";"";"";"";"";"";"";"";"";"";"";"";"";"";"";"";"";"";"";"";"";"";"";"";"";"";"";"";"";"";"";"";"";"";"";"";""
05.01.2023 23:00:02;1672956002000;880f01e687e2572cea04e80fc6a68085;483730;OK;1816;0;0;0;0;-0,02;2,52;0;0;958;890;"";115,563;17,33;432,293;62,97;20,861;0,93;1,409;0,2;14,137;1,92;0,212;10,0;0,212;10,0;0,353;10,0;239,535;33,34;61,895;16,06;1,153;10,0;0,311;10,0;0,303;10,0;0,0;10,0;2,26;22,701;0,53;36,698;3,29;7,447;0,57;7,318;1,12;964,52;1,0;"";"";19,449;2,55;45,577;14,12;"";"";30,571;14,33;55,1;"";"";"";"";"";"";"";"";"";"";"";"";"";"";"";"";"";"";"";"";"";"";"";"";"";"";"";"";"";"";"";"";"";"";"";"";"";"";"";"";"";"";"";"";"";"";"";"";"";"";"";"";"";"";"";"";"";"";"";"";"";"";"";"";""
05.01.2023 23:02:03;1672956123000;880f01e687e2572cea04e80fc6a68085;483850;OK;1823;0;0;0;0;-0,01;-5,12;0;0;958;891;"";115,071;17,26;431,755;62,95;20,861;0,93;1,409;0,2;14,069;1,91;0,107;10,0;0,107;10,0;0,122;10,0;221,35;31,6;59,126;15,81;0,908;10,0;0,033;10,0;0,032;10,0;0,0;10,0;1,134;22,694;0,53;36,714;3,29;7,447;0,57;7,318;1,12;964,537;1,0;"";"";19,472;2,55;45,4;14,11;"";"";29,504;14,89;53,7;"";"";"";"";"";"";"";"";"";"";"";"";"";"";"";"";"";"";"";"";"";"";"";"";"";"";"";"";"";"";"";"";"";"";"";"";"";"";"";"";"";"";"";"";"";"";"";"";"";"";"";"";"";"";"";"";"";"";"";"";"";"";"";"";""
05.01.2023 23:04:03;1672956243000;880f01e687e2572cea04e80fc6a68085;483971;OK;1818;0;0;0;0;-0,01;-5,91;0;0;958;891;"";112,783;16,92;431,785;62,95;20,86;0,93;1,408;0,2;14,049;1,91;0,195;10,0;0,274;10,0;0,276;10,0;226,084;32,05;58,43;15,73;1,516;10,04;0,004;10,0;0,003;10,0;0,0;10,0;1,134;22,688;0,53;36,717;3,29;7,445;0,57;7,314;1,12;964,542;1,0;"";"";19,423;2,55;45,201;14,1;"";"";29,539;15,61;53,0;"";"";"";"";"";"";"";"";"";"";"";"";"";"";"";"";"";"";"";"";"";"";"";"";"";"";"";"";"";"";"";"";"";"";"";"";"";"";"";"";"";"";"";"";"";"";"";"";"";"";"";"";"";"";"";"";"";"";"";"";"";"";"";"";""
05.01.2023 23:06:03;1672956363000;880f01e687e2572cea04e80fc6a68085;484091;OK;1823;0;0;0;0;-0,02;-2,71;0;0;958;892;"";112,665;16,9;431,784;62,95;20,86;0,93;1,408;0,2;14,077;1,91;0,54;10,0;0,592;10,0;1,072;10,0;266,392;36,0;70,401;16,88;2,12;10,16;0,606;10,05;0,606;10,05;0,145;10,0;2,695;22,683;0,53;36,718;3,29;7,443;0,57;7,31;1,12;964,543;1,0;"";"";19,294;2,56;45,218;14,1;"";"";30,541;14,97;53,4;"";"";"";"";"";"";"";"";"";"";"";"";"";"";"";"";"";"";"";"";"";"";"";"";"";"";"";"";"";"";"";"";"";"";"";"";"";"";"";"";"";"";"";"";"";"";"";"";"";"";"";"";"";"";"";"";"";"";"";"";"";"";"";"";""
05.01.2023 23:08:04;1672956484000;880f01e687e2572cea04e80fc6a68085;484212;OK;1827;0;0;0;0;-0,01;-5,62;0;0;958;892;"";116,241;17,44;429,792;62,89;20,86;0,93;1,408;0,2;14,214;1,92;0,366;10,0;0,372;10,0;0,423;10,0;283,607;37,67;73,707;17,25;0,762;10,05;0,065;10,01;0,065;10,01;0,015;10,0;1,181;22,682;0,53;36,718;3,29;7,443;0,57;7,309;1,12;964,543;1,0;"";"";19,11;2,57;45,254;14,1;"";"";30,306;14,89;55,5;"";"";"";"";"";"";"";"";"";"";"";"";"";"";"";"";"";"";"";"";"";"";"";"";"";"";"";"";"";"";"";"";"";"";"";"";"";"";"";"";"";"";"";"";"";"";"";"";"";"";"";"";"";"";"";"";"";"";"";"";"";"";"";"";""
05.01.2023 23:10:05;1672956605000;880f01e687e2572cea04e80fc6a68085;484332;OK;1820;0;0;0;0;-0,01;-8,01;0;0;958;892;"";114,495;17,17;429,58;62,89;20,86;0,93;1,408;0,2;14,203;1,92;0,094;10,0;0,124;10,0;0,262;10,0;225,088;31,86;61,566;16,06;1,335;10,08;0,256;10,0;0,256;10,0;0,002;10,0;2,171;22,682;0,53;36,718;3,29;7,443;0,57;7,309;1,12;964,554;1,0;"";"";19,138;2,57;44,95;14,08;"";"";29,434;15,27;52,7;"";"";"";"";"";"";"";"";"";"";"";"";"";"";"";"";"";"";"";"";"";"";"";"";"";"";"";"";"";"";"";"";"";"";"";"";"";"";"";"";"";"";"";"";"";"";"";"";"";"";"";"";"";"";"";"";"";"";"";"";"";"";"";"";""
05.01.2023 23:12:05;1672956725000;880f01e687e2572cea04e80fc6a68085;484452;OK;1852;0;0;0;0;-0,0;-5,49;0;0;958;892;"";115,131;17,27;429,6;62,89;20,86;0,93;1,408;0,2;14,151;1,92;0,01;10,0;0,081;10,0;0,096;10,0;214,335;30,84;54,667;15,33;1,609;10,11;0,128;10,0;0,128;10,0;0,0;10,0;1,23;22,679;0,53;36,718;3,29;7,442;0,57;7,306;1,12;964,562;1,0;"";"";19,169;2,57;45,067;14,09;"";"";28,827;15,98;52,5;"";"";"";"";"";"";"";"";"";"";"";"";"";"";"";"";"";"";"";"";"";"";"";"";"";"";"";"";"";"";"";"";"";"";"";"";"";"";"";"";"";"";"";"";"";"";"";"";"";"";"";"";"";"";"";"";"";"";"";"";"";"";"";"";""
05.01.2023 23:14:06;1672956846000;880f01e687e2572cea04e80fc6a68085;484573;OK;1832;0;0;0;0;-0,0;4,57;0;0;958;892;"";116,421;17,46;431,725;62,95;20,859;0,93;1,407;0,2;14,152;1,92;0,001;10,0;0,009;10,0;0,351;10,0;216,997;31,22;51,23;15,02;1,693;10,05;0,807;10,04;0,631;10,02;0,0;10,0;3,143;22,683;0,53;36,718;3,29;7,443;0,57;7,31;1,12;964,577;1,0;"";"";19,202;2,56;45,198;14,1;"";"";30,37;15,03;57,0;"";"";"";"";"";"";"";"";"";"";"";"";"";"";"";"";"";"";"";"";"";"";"";"";"";"";"";"";"";"";"";"";"";"";"";"";"";"";"";"";"";"";"";"";"";"";"";"";"";"";"";"";"";"";"";"";"";"";"";"";"";"";"";"";""
05.01.2023 23:16:07;1672956967000;880f01e687e2572cea04e80fc6a68085;484694;OK;1825;0;0;0;0;0,0;10,62;0;0;958;892;"";115,5;17,33;432,816;62,98;20,859;0,93;1,407;0,2;14,136;1,92;0,06;10,0;0,179;10,0;0,324;10,0;230,769;32,5;62,657;16,14;1,974;10,23;0,226;10,0;0,207;10,0;0,0;10,0;2,377;22,686;0,53;36,718;3,29;7,444;0,57;7,312;1,12;964,5659;1,0;"";"";19,113;2,57;45,343;14,11;"";"";29,939;14,85;53,6;"";"";"";"";"";"";"";"";"";"";"";"";"";"";"";"";"";"";"";"";"";"";"";"";"";"";"";"";"";"";"";"";"";"";"";"";"";"";"";"";"";"";"";"";"";"";"";"";"";"";"";"";"";"";"";"";"";"";"";"";"";"";"";"";""
05.01.2023 23:18:07;1672957087000;880f01e687e2572cea04e80fc6a68085;484815;OK;1817;0;0;0;0;0,01;5,21;0;0;958;892;"";113,623;17,04;430,218;62,91;20,86;0,93;1,407;0,2;14,06;1,91;0,022;10,0;0,06;10,0;0,134;10,0;222,564;31,7;58,031;15,65;2,681;10,15;0,194;10,0;0,192;10,0;0,0;10,0;1,714;22,686;0,53;36,718;3,29;7,444;0,57;7,312;1,12;964,5599;1,0;"";"";19,051;2,57;45,36;14,11;"";"";29,68;15,14;52,3;"";"";"";"";"";"";"";"";"";"";"";"";"";"";"";"";"";"";"";"";"";"";"";"";"";"";"";"";"";"";"";"";"";"";"";"";"";"";"";"";"";"";"";"";"";"";"";"";"";"";"";"";"";"";"";"";"";"";"";"";"";"";"";"";""
05.01.2023 23:20:08;1672957208000;880f01e687e2572cea04e80fc6a68085;484935;OK;1829;0;0;0;0;-0,0;-6,93;0;0;958;892;"";114,704;17,21;428,581;62,86;20,853;0,93;1,407;0,2;13,942;1,91;0,096;10,0;0,1;10,0;0,33;10,0;193,843;28,85;49,749;14,86;1,85;10,16;0,39;10,0;0,39;10,0;0,0;10,0;3,077;22,683;0,53;36,718;3,29;7,443;0,57;7,31;1,12;964,547;1,0;"";"";19,059;2,57;44,938;14,08;"";"";28,374;15,94;52,9;"";"";"";"";"";"";"";"";"";"";"";"";"";"";"";"";"";"";"";"";"";"";"";"";"";"";"";"";"";"";"";"";"";"";"";"";"";"";"";"";"";"";"";"";"";"";"";"";"";"";"";"";"";"";"";"";"";"";"";"";"";"";"";"";""
05.01.2023 23:22:07;1672957327000;880f01e687e2572cea04e80fc6a68085;485054;OK;1825;0;0;0;0;-0,0;-12,42;0;0;958;892;"";118,669;17,8;428,197;62,85;20,859;0,93;1,407;0,2;13,86;1,9;0,011;10,0;0,011;10,0;0,036;10,0;175,49;27,09;44,333;14,4;0,411;10,05;0,043;10,0;0,043;10,0;0,0;10,0;1,229;22,685;0,53;36,718;3,29;7,444;0,57;7,311;1,12;964,542;1,0;"";"";19,068;2,57;44,36;14,05;"";"";30,619;14,65;54,0;"";"";"";"";"";"";"";"";"";"";"";"";"";"";"";"";"";"";"";"";"";"";"";"";"";"";"";"";"";"";"";"";"";"";"";"";"";"";"";"";"";"";"";"";"";"";"";"";"";"";"";"";"";"";"";"";"";"";"";"";"";"";"";"";""
05.01.2023 23:24:08;1672957448000;880f01e687e2572cea04e80fc6a68085;485175;OK;1824;0;0;0;0;-0,0;-6,21;0;0;958;892;"";117,588;17,64;428,532;62,86;20,86;0,93;1,405;0,2;13,698;1,89;0,001;10,0;0,06;10,0;0,258;10,0;175,956;27,16;48,97;14,8;2,936;10,19;0,237;10,0;0,237;10,0;0,0;10,0;2,47;22,685;0,53;36,718;3,29;7,444;0,57;7,311;1,12;964,526;1,0;"";"";18,979;2,58;43,923;14,03;"";"";28,935;15,65;53,7;"";"";"";"";"";"";"";"";"";"";"";"";"";"";"";"";"";"";"";"";"";"";"";"";"";"";"";"";"";"";"";"";"";"";"";"";"";"";"";"";"";"";"";"";"";"";"";"";"";"";"";"";"";"";"";"";"";"";"";"";"";"";"";"";""
05.01.2023 23:26:08;1672957568000;880f01e687e2572cea04e80fc6a68085;485296;OK;1830;0;0;0;0;-0,0;0,6;0;0;958;893;"";113,66;17,05;428,939;62,87;20,858;0,93;1,405;0,2;13,447;1,88;0,0;10,0;0,006;10,0;0,028;10,0;184,802;28,04;46,938;14,7;0,719;10,07;0,025;10,0;0,025;10,0;0,0;10,0;1,157;22,678;0,53;36,718;3,29;7,441;0,57;7,305;1,12;964,523;1,0;"";"";19,041;2,57;43,695;14,02;"";"";29,151;15,45;53,7;"";"";"";"";"";"";"";"";"";"";"";"";"";"";"";"";"";"";"";"";"";"";"";"";"";"";"";"";"";"";"";"";"";"";"";"";"";"";"";"";"";"";"";"";"";"";"";"";"";"";"";"";"";"";"";"";"";"";"";"";"";"";"";"";""
05.01.2023 23:28:08;1672957688000;880f01e687e2572cea04e80fc6a68085;485415;OK;1839;0;0;0;0;-0,02;0,58;0;0;958;893;"";113,526;17,03;427,859;62,84;20,86;0,93;1,404;0,2;13,285;1,87;0,365;10,0;0,366;10,0;0,429;10,0;256,772;35,04;71,68;16,98;3,551;10,37;0,233;10,0;0,003;10,0;0,0;10,0;1,566;22,67;0,53;36,719;3,29;7,438;0,57;7,298;1,12;964,53;1,0;"";"";18,942;2,58;43,668;14,02;"";"";31,611;14,45;53,2;"";"";"";"";"";"";"";"";"";"";"";"";"";"";"";"";"";"";"";"";"";"";"";"";"";"";"";"";"";"";"";"";"";"";"";"";"";"";"";"";"";"";"";"";"";"";"";"";"";"";"";"";"";"";"";"";"";"";"";"";"";"";"";"";""
05.01.2023 23:30:08;1672957808000;880f01e687e2572cea04e80fc6a68085;485536;OK;1816;0;0;0;0;-0,02;4,23;0;0;958;893;"";116,935;17,54;430,959;62,93;20,855;0,93;1,404;0,2;13,313;1,87;0,051;10,0;0,055;10,0;0,062;10,0;197,817;29,35;52,631;15,11;2,097;10,19;0,025;10,0;0,0;10,0;0,0;10,0;1,066;22,669;0,53;36,719;3,29;7,437;0,57;7,297;1,12;964,537;1,0;"";"";18,893;2,58;43,912;14,03;"";"";29,736;15,27;53,8;"";"";"";"";"";"";"";"";"";"";"";"";"";"";"";"";"";"";"";"";"";"";"";"";"";"";"";"";"";"";"";"";"";"";"";"";"";"";"";"";"";"";"";"";"";"";"";"";"";"";"";"";"";"";"";"";"";"";"";"";"";"";"";"";""
05.01.2023 23:32:10;1672957930000;880f01e687e2572cea04e80fc6a68085;485657;OK;1814;0;0;0;0;-0,01;1,99;0;0;958;893;"";116,76;17,51;428,813;62,86;20,858;0,93;1,404;0,2;13,3;1,87;0,386;10,0;0,415;10,0;0,416;10,0;235,987;33,0;69,14;16,75;2,865;10,25;0,003;10,0;0,0;10,0;0,0;10,0;1,05;22,67;0,53;36,719;3,29;7,438;0,57;7,298;1,12;964,53;1,0;"";"";18,95;2,58;44,2;14,04;"";"";30,644;14,89;54,2;"";"";"";"";"";"";"";"";"";"";"";"";"";"";"";"";"";"";"";"";"";"";"";"";"";"";"";"";"";"";"";"";"";"";"";"";"";"";"";"";"";"";"";"";"";"";"";"";"";"";"";"";"";"";"";"";"";"";"";"";"";"";"";"";""
05.01.2023 23:34:11;1672958051000;880f01e687e2572cea04e80fc6a68085;485779;OK;1812;0;0;0;0;0,0;1,62;0;0;958;893;"";116,99;17,55;428,301;62,85;20,855;0,93;1,405;0,2;13,344;1,87;0,145;10,0;0,148;10,0;0,47;10,0;224,729;31,88;58,163;15,69;2,722;10,26;0,453;10,0;0,453;10,0;0,0;10,0;3,717;22,673;0,53;36,719;3,29;7,439;0,57;7,301;1,12;964,523;1,0;"";"";18,879;2,58;43,393;14,0;"";"";29,809;15,24;53,1;"";"";"";"";"";"";"";"";"";"";"";"";"";"";"";"";"";"";"";"";"";"";"";"";"";"";"";"";"";"";"";"";"";"";"";"";"";"";"";"";"";"";"";"";"";"";"";"";"";"";"";"";"";"";"";"";"";"";"";"";"";"";"";"";""
05.01.2023 23:36:10;1672958170000;880f01e687e2572cea04e80fc6a68085;485897;OK;1826;0;0;0;0;0,01;-5,79;0;0;958;893;"";111,931;16,79;428,054;62,84;20,86;0,93;1,404;0,2;13,296;1,87;0,016;10,0;0,05;10,0;0,193;10,0;214,863;30,91;59,051;15,77;1,89;10,07;0,195;10,0;0,195;10,0;0,0;10,0;2,323;22,674;0,53;36,719;3,29;7,439;0,57;7,302;1,12;964,526;1,0;"";"";18,877;2,58;42,841;13,97;"";"";29,027;15,48;53,0;"";"";"";"";"";"";"";"";"";"";"";"";"";"";"";"";"";"";"";"";"";"";"";"";"";"";"";"";"";"";"";"";"";"";"";"";"";"";"";"";"";"";"";"";"";"";"";"";"";"";"";"";"";"";"";"";"";"";"";"";"";"";"";"";""
05.01.2023 23:38:10;1672958290000;880f01e687e2572cea04e80fc6a68085;486017;OK;1829;0;0;0;0;0,0;-2,92;0;0;958;893;"";114,808;17,22;427,503;62,83;20,853;0,93;1,404;0,2;13,272;1,87;0,196;10,0;0,249;10,0;0,265;10,0;243,352;33,66;66,36;16,48;1,794;10,08;0,022;10,0;0,022;10,0;0,0;10,0;1,22;22,671;0,53;36,719;3,29;7,438;0,57;7,299;1,12;964,5209;1,0;"";"";18,775;2,59;42,814;13,97;"";"";31,413;14,17;54,6;"";"";"";"";"";"";"";"";"";"";"";"";"";"";"";"";"";"";"";"";"";"";"";"";"";"";"";"";"";"";"";"";"";"";"";"";"";"";"";"";"";"";"";"";"";"";"";"";"";"";"";"";"";"";"";"";"";"";"";"";"";"";"";"";""
05.01.2023 23:40:12;1672958412000;880f01e687e2572cea04e80fc6a68085;486138;OK;1855;0;0;0;0;-0,0;-0,43;0;0;958;893;"";116,328;17,45;427,963;62,84;20,853;0,93;1,403;0,2;13,319;1,87;0,314;10,0;0,384;10,0;0,635;10,0;230,943;32,47;63,814;16,2;2,274;10,12;0,336;10,0;0,336;10,0;0,0;10,0;2,763;22,672;0,53;36,719;3,29;7,439;0,57;7,301;1,12;964,517;1,0;"";"";18,683;2,59;42,713;13,97;"";"";30,419;14,64;52,3;"";"";"";"";"";"";"";"";"";"";"";"";"";"";"";"";"";"";"";"";"";"";"";"";"";"";"";"";"";"";"";"";"";"";"";"";"";"";"";"";"";"";"";"";"";"";"";"";"";"";"";"";"";"";"";"";"";"";"";"";"";"";"";"";""
05.01.2023 23:42:11;1672958531000;880f01e687e2572cea04e80fc6a68085;486258;OK;1832;0;0;0;0;0,0;-3,15;0;0;958;893;"";116,519;17,48;426,489;62,79;20,856;0,93;1,403;0,2;13,281;1,87;0,081;10,0;0,179;10,0;0,207;10,0;221,353;31,57;61,152;15,97;1,851;10,09;0,037;10,0;0,037;10,0;0,0;10,0;1,331;22,674;0,53;36,719;3,29;7,439;0,57;7,302;1,12;964,539;1,0;"";"";18,622;2,59;42,418;13,95;"";"";30,69;14,63;55,9;"";"";"";"";"";"";"";"";"";"";"";"";"";"";"";"";"";"";"";"";"";"";"";"";"";"";"";"";"";"";"";"";"";"";"";"";"";"";"";"";"";"";"";"";"";"";"";"";"";"";"";"";"";"";"";"";"";"";"";"";"";"";"";"";""
05.01.2023 23:44:12;1672958652000;880f01e687e2572cea04e80fc6a68085;486380;OK;1819;0;0;0;0;0,01;5,35;0;0;958;893;"";118,287;17,74;429,906;62,9;20,855;0,93;1,403;0,2;13,274;1,87;0,009;10,0;0,147;10,0;0,285;10,0;200,98;29,54;52,467;15,19;0,981;10,01;0,729;10,0;0,004;10,0;0,0;10,0;2,446;22,677;0,53;36,719;3,29;7,441;0,57;7,304;1,12;964,526;1,0;"";"";18,707;2,59;41,94;13,93;"";"";31,268;14,69;53,8;"";"";"";"";"";"";"";"";"";"";"";"";"";"";"";"";"";"";"";"";"";"";"";"";"";"";"";"";"";"";"";"";"";"";"";"";"";"";"";"";"";"";"";"";"";"";"";"";"";"";"";"";"";"";"";"";"";"";"";"";"";"";"";"";""
05.01.2023 23:46:12;1672958772000;880f01e687e2572cea04e80fc6a68085;486500;OK;1814;0;0;0;0;0,0;2,37;0;0;958;893;"";115,755;17,36;427,637;62,83;20,854;0,93;1,403;0,2;13,086;1,86;0,016;10,0;0,09700001;10,0;0,112;10,0;204,89;29,93;54,339;15,38;0,718;10,0;0,078;10,0;0,0;10,0;0,0;10,0;1,254;22,675;0,53;36,719;3,29;7,44;0,57;7,303;1,12;964,501;1,0;"";"";18,795;2,58;41,312;13,89;"";"";29,407;15,37;56,5;"";"";"";"";"";"";"";"";"";"";"";"";"";"";"";"";"";"";"";"";"";"";"";"";"";"";"";"";"";"";"";"";"";"";"";"";"";"";"";"";"";"";"";"";"";"";"";"";"";"";"";"";"";"";"";"";"";"";"";"";"";"";"";"";""
05.01.2023 23:48:14;1672958894000;880f01e687e2572cea04e80fc6a68085;486621;OK;1825;0;0;0;0;-0,01;7,73;0;0;958;894;"";113,357;17,0;430,142;62,9;20,858;0,93;1,402;0,2;12,942;1,85;0,002;10,0;0,01;10,0;0,502;10,0;210,091;30,48;54,47;15,34;2,348;10,15;0,923;10,0;0,9150001;10,0;0,0;10,0;5,434;22,668;0,53;36,719;3,29;7,437;0,57;7,297;1,12;964,5;1,0;"";"";18,725;2,59;41,205;13,89;"";"";29,544;15,12;52,8;"";"";"";"";"";"";"";"";"";"";"";"";"";"";"";"";"";"";"";"";"";"";"";"";"";"";"";"";"";"";"";"";"";"";"";"";"";"";"";"";"";"";"";"";"";"";"";"";"";"";"";"";"";"";"";"";"";"";"";"";"";"";"";"";""
05.01.2023 23:50:14;1672959014000;880f01e687e2572cea04e80fc6a68085;486742;OK;1821;0;0;0;0;-0,02;3,34;0;0;958;894;"";114,437;17,17;430,886;62,93;20,854;0,93;1,401;0,2;12,908;1,85;0,402;10,0;0,403;10,0;0,847;10,0;222,23;31,66;61,697;16,09;3,068;10,4;0,814;10,0;0,813;10,0;0,0;10,0;4,156;22,661;0,53;36,719;3,29;7,434;0,57;7,291;1,12;964,5189;1,0;"";"";18,747;2,59;40,689;13,86;"";"";30,637;14,94;53,5;"";"";"";"";"";"";"";"";"";"";"";"";"";"";"";"";"";"";"";"";"";"";"";"";"";"";"";"";"";"";"";"";"";"";"";"";"";"";"";"";"";"";"";"";"";"";"";"";"";"";"";"";"";"";"";"";"";"";"";"";"";"";"";"";""
05.01.2023 23:52:14;1672959134000;880f01e687e2572cea04e80fc6a68085;486861;OK;1827;0;0;0;0;-0,02;4,44;0;0;958;894;"";116,18;17,43;429,258;62,88;20,858;0,93;1,401;0,19;13,049;1,86;0,056;10,0;0,056;10,0;0,105;10,0;208,358;30,35;51,991;15,16;0,362;10,05;0,09;10,0;0,09;10,0;0,0;10,0;1,348;22,66;0,53;36,72;3,29;7,434;0,57;7,29;1,12;964,5269;1,0;"";"";18,726;2,59;40,908;13,87;"";"";29,86;15,37;54,1;"";"";"";"";"";"";"";"";"";"";"";"";"";"";"";"";"";"";"";"";"";"";"";"";"";"";"";"";"";"";"";"";"";"";"";"";"";"";"";"";"";"";"";"";"";"";"";"";"";"";"";"";"";"";"";"";"";"";"";"";"";"";"";"";""
05.01.2023 23:54:15;1672959255000;880f01e687e2572cea04e80fc6a68085;486982;OK;1834;0;0;0;0;-0,01;-3,82;0;0;958;894;"";114,207;17,13;428,495;62,85;20,859;0,93;1,401;0,19;13,135;1,86;0,182;10,0;0,182;10,0;0,435;10,0;204,039;29,9;55,096;15,35;2,715;10,23;0,591;10,0;0,591;10,0;0,0;10,0;3,263;22,659;0,53;36,72;3,29;7,433;0,57;7,289;1,12;964,523;1,0;"";"";18,772;2,59;41,252;13,89;"";"";32,717;13,13;55,1;"";"";"";"";"";"";"";"";"";"";"";"";"";"";"";"";"";"";"";"";"";"";"";"";"";"";"";"";"";"";"";"";"";"";"";"";"";"";"";"";"";"";"";"";"";"";"";"";"";"";"";"";"";"";"";"";"";"";"";"";"";"";"";"";""
05.01.2023 23:56:15;1672959375000;880f01e687e2572cea04e80fc6a68085;487103;OK;1816;0;0;0;0;-0,0;-7,36;0;0;958;894;"";112,879;16,93;428,011;62,84;20,86;0,93;1,401;0,19;13,127;1,86;0,126;10,0;0,126;10,0;0,384;10,0;224,044;31,89;59,756;15,8;3,955;10,38;1,109;10,0;1,109;10,0;0,184;10,0;3,001;22,66;0,53;36,72;3,29;7,434;0,57;7,29;1,12;964,517;1,0;"";"";18,723;2,59;41,161;13,88;"";"";31,461;14,27;53,1;"";"";"";"";"";"";"";"";"";"";"";"";"";"";"";"";"";"";"";"";"";"";"";"";"";"";"";"";"";"";"";"";"";"";"";"";"";"";"";"";"";"";"";"";"";"";"";"";"";"";"";"";"";"";"";"";"";"";"";"";"";"";"";"";""
05.01.2023 23:58:16;1672959496000;880f01e687e2572cea04e80fc6a68085;487223;OK;1840;0;0;0;0;-0,0;-2,0;0;0;958;894;"";114,907;17,24;428,175;62,85;20,854;0,93;1,401;0,19;13,224;1,87;0,026;10,0;0,036;10,0;0,357;10,0;188,81;28,36;52,661;15,18;2,355;10,31;0,856;10,0;0,856;10,0;0,02;10,0;3,874;22,657;0,53;36,72;3,29;7,432;0,57;7,287;1,12;964,5089;1,0;"";"";18,808;2,58;40,988;13,87;"";"";30,632;15,0;55,2;"";"";"";"";"";"";"";"";"";"";"";"";"";"";"";"";"";"";"";"";"";"";"";"";"";"";"";"";"";"";"";"";"";"";"";"";"";"";"";"";"";"";"";"";"";"";"";"";"";"";"";"";"";"";"";"";"";"";"";"";"";"";"";"";""
06.01.2023 00:00:16;1672959616000;880f01e687e2572cea04e80fc6a68085;487343;OK;1828;0;0;0;0;-0,0;2,79;0;0;958;894;"";115,049;17,26;430,149;62,9;20,858;0,93;1,401;0,19;13,262;1,87;0,099;10,0;0,131;10,0;0,297;10,0;208,064;30,23;51,463;15,03;3,877;10,49;0,44;10,0;0,094;10,0;0,002;10,0;2,542;22,658;0,53;36,72;3,29;7,433;0,57;7,288;1,12;964,4979;1,0;"";"";18,848;2,58;41,119;13,88;"";"";30,09;14,67;54,4;"";"";"";"";"";"";"";"";"";"";"";"";"";"";"";"";"";"";"";"";"";"";"";"";"";"";"";"";"";"";"";"";"";"";"";"";"";"";"";"";"";"";"";"";"";"";"";"";"";"";"";"";"";"";"";"";"";"";"";"";"";"";"";"";""
06.01.2023 00:02:17;1672959737000;880f01e687e2572cea04e80fc6a68085;487464;OK;1827;0;0;0;0;-0,0;3,74;0;0;958;894;"";114,445;17,17;429,114;62,87;20,86;0,93;1,401;0,19;13,285;1,87;0,011;10,0;0,014;10,0;0,032;10,0;193,058;28,85;48,053;14,7;0,86;10,05;0,047;10,0;0,01;10,0;0,0;10,0;1,165;22,656;0,53;36,72;3,29;7,432;0,57;7,287;1,12;964,501;1,0;"";"";18,874;2,58;41,294;13,89;"";"";29,82;14,91;53,1;"";"";"";"";"";"";"";"";"";"";"";"";"";"";"";"";"";"";"";"";"";"";"";"";"";"";"";"";"";"";"";"";"";"";"";"";"";"";"";"";"";"";"";"";"";"";"";"";"";"";"";"";"";"";"";"";"";"";"";"";"";"";"";"";""
06.01.2023 00:04:17;1672959857000;880f01e687e2572cea04e80fc6a68085;487584;OK;1818;0;0;0;0;-0,0;-5,11;0;0;958;894;"";114,435;17,17;427,603;62,83;20,861;0,93;1,402;0,2;13,226;1,87;0,422;10,0;0,423;10,0;0,425;10,0;225,044;31,98;67,39601;16,55;0,9639999;10,12;0,005;10,0;0,001;10,0;0,0;10,0;1,018;22,657;0,53;36,72;3,29;7,432;0,57;7,287;1,12;964,495;1,0;"";"";18,923;2,58;40,989;13,87;"";"";31,268;14,39;53,1;"";"";"";"";"";"";"";"";"";"";"";"";"";"";"";"";"";"";"";"";"";"";"";"";"";"";"";"";"";"";"";"";"";"";"";"";"";"";"";"";"";"";"";"";"";"";"";"";"";"";"";"";"";"";"";"";"";"";"";"";"";"";"";"";""
06.01.2023 00:06:17;1672959977000;880f01e687e2572cea04e80fc6a68085;487704;OK;1810;0;0;0;0;0,0;-12,09;0;0;958;894;"";113,447;17,02;425,24;62,76;20,853;0,93;1,401;0,19;13,129;1,86;0,045;10,0;0,045;10,0;0,045;10,0;212,71;30,77;59,748;15,88;1,237;10,01;0,001;10,0;0,0;10,0;0,0;10,0;1,002;22,659;0,53;36,72;3,29;7,433;0,57;7,289;1,12;964,483;1,0;"";"";18,859;2,58;40,279;13,84;"";"";29,506;15,13;56,5;"";"";"";"";"";"";"";"";"";"";"";"";"";"";"";"";"";"";"";"";"";"";"";"";"";"";"";"";"";"";"";"";"";"";"";"";"";"";"";"";"";"";"";"";"";"";"";"";"";"";"";"";"";"";"";"";"";"";"";"";"";"";"";"";""
06.01.2023 00:08:19;1672960099000;880f01e687e2572cea04e80fc6a68085;487827;OK;1810;0;0;0;0;-0,0;-7,84;0;0;958;894;"";111,322;16,7;426,867;62,81;20,859;0,93;1,401;0,2;13,153;1,86;0,005;10,0;0,038;10,0;0,038;10,0;206,638;30,24;58,554;15,66;1,389;10,0;0,0;10,0;0,0;10,0;0,0;10,0;1,05;22,651;0,53;36,72;3,29;7,43;0,57;7,282;1,12;964,4699;1,0;"";"";18,853;2,58;40,392;13,84;"";"";29,538;15,41;56,9;"";"";"";"";"";"";"";"";"";"";"";"";"";"";"";"";"";"";"";"";"";"";"";"";"";"";"";"";"";"";"";"";"";"";"";"";"";"";"";"";"";"";"";"";"";"";"";"";"";"";"";"";"";"";"";"";"";"";"";"";"";"";"";"";""
06.01.2023 00:10:18;1672960218000;880f01e687e2572cea04e80fc6a68085;487946;OK;1832;0;0;0;0;-0,01;1,08;0;0;958;894;"";112,181;16,83;427,95;62,84;20,858;0,93;1,401;0,19;13,127;1,86;0,046;10,0;0,053;10,0;0,053;10,0;197,456;29,3;55,49;15,46;0,153;10,0;0,0;10,0;0,0;10,0;0,0;10,0;1,011;22,647;0,53;36,72;3,29;7,428;0,57;7,279;1,12;964,454;1,0;"";"";18,856;2,58;40,147;13,83;"";"";31,286;14,78;53,7;"";"";"";"";"";"";"";"";"";"";"";"";"";"";"";"";"";"";"";"";"";"";"";"";"";"";"";"";"";"";"";"";"";"";"";"";"";"";"";"";"";"";"";"";"";"";"";"";"";"";"";"";"";"";"";"";"";"";"";"";"";"";"";"";""
06.01.2023 00:12:19;1672960339000;880f01e687e2572cea04e80fc6a68085;488066;OK;1832;0;0;0;0;-0,02;6,17;0;0;958;894;"";114,449;17,17;427,562;62,83;20,861;0,93;1,401;0,19;13,132;1,86;0,206;10,0;0,206;10,0;0,206;10,0;203,499;29,84;56,239;15,53;0,569;10,0;0,0;10,0;0,0;10,0;0,0;10,0;1,001;22,645;0,53;36,72;3,29;7,427;0,57;7,277;1,12;964,438;1,0;"";"";18,754;2,59;40,344;13,84;"";"";31,723;14,34;54,9;"";"";"";"";"";"";"";"";"";"";"";"";"";"";"";"";"";"";"";"";"";"";"";"";"";"";"";"";"";"";"";"";"";"";"";"";"";"";"";"";"";"";"";"";"";"";"";"";"";"";"";"";"";"";"";"";"";"";"";"";"";"";"";"";""
06.01.2023 00:14:19;1672960459000;880f01e687e2572cea04e80fc6a68085;488186;OK;1821;0;0;0;0;-0,0;0,17;0;0;958;894;"";116,725;17,51;426,478;62,79;20,862;0,93;1,401;0,19;13,152;1,86;0,035;10,0;0,035;10,0;0,653;10,0;181,891;27,75;47,537;14,74;2,01;10,14;1,418;10,1;1,418;10,1;0,0;10,0;4,575;22,648;0,53;36,72;3,29;7,429;0,57;7,28;1,12;964,4199;1,0;"";"";18,79;2,58;40,129;13,83;"";"";31,008;14,74;54,0;"";"";"";"";"";"";"";"";"";"";"";"";"";"";"";"";"";"";"";"";"";"";"";"";"";"";"";"";"";"";"";"";"";"";"";"";"";"";"";"";"";"";"";"";"";"";"";"";"";"";"";"";"";"";"";"";"";"";"";"";"";"";"";"";""
06.01.2023 00:16:19;1672960579000;880f01e687e2572cea04e80fc6a68085;488307;OK;1824;0;0;0;0;0,0;-0,28;0;0;958;894;"";117,21;17,58;427,571;62,83;20,855;0,93;1,402;0,2;13,075;1,86;0,054;10,0;0,127;10,0;0,221;10,0;186,772;28,28;54,104;15,39;2,27;10,12;0,151;10,01;0,151;10,01;0,0;10,0;1,708;22,647;0,53;36,72;3,29;7,428;0,57;7,279;1,12;964,397;1,0;"";"";18,773;2,58;38,962;13,77;"";"";28,64;16,12;53,1;"";"";"";"";"";"";"";"";"";"";"";"";"";"";"";"";"";"";"";"";"";"";"";"";"";"";"";"";"";"";"";"";"";"";"";"";"";"";"";"";"";"";"";"";"";"";"";"";"";"";"";"";"";"";"";"";"";"";"";"";"";"";"";"";""
06.01.2023 00:18:20;1672960700000;880f01e687e2572cea04e80fc6a68085;488427;OK;1825;0;0;0;0;-0,0;-0,84;0;0;958;894;"";114,36;17,15;427,157;62,81;20,853;0,93;1,402;0,2;13,029;1,86;0,006;10,0;0,014;10,0;0,626;10,0;172,453;26,7;47,922;14,73;3,085;10,15;0,834;10,09;0,518;10,0;0,0;10,0;4,353;22,643;0,53;36,721;3,29;7,427;0,57;7,275;1,12;964,365;1,0;"";"";18,753;2,59;38,809;13,76;"";"";30,301;15,36;57,0;"";"";"";"";"";"";"";"";"";"";"";"";"";"";"";"";"";"";"";"";"";"";"";"";"";"";"";"";"";"";"";"";"";"";"";"";"";"";"";"";"";"";"";"";"";"";"";"";"";"";"";"";"";"";"";"";"";"";"";"";"";"";"";"";""
06.01.2023 00:20:20;1672960820000;880f01e687e2572cea04e80fc6a68085;488548;OK;1818;0;0;0;0;-0,01;3,59;0;0;958;895;"";115,969;17,4;428,687;62,86;20,854;0,93;1,4;0,19;13,003;1,86;0,079;10,0;0,155;10,0;0,221;10,0;209,245;30,42;59,768;15,85;1,264;10,15;0,089;10,01;0,055;10,0;0,0;10,0;1,47;22,64;0,53;36,721;3,29;7,425;0,57;7,273;1,12;964,3339;1,0;"";"";18,842;2,58;39,185;13,78;"";"";30,36;15,12;53,8;"";"";"";"";"";"";"";"";"";"";"";"";"";"";"";"";"";"";"";"";"";"";"";"";"";"";"";"";"";"";"";"";"";"";"";"";"";"";"";"";"";"";"";"";"";"";"";"";"";"";"";"";"";"";"";"";"";"";"";"";"";"";"";"";""
06.01.2023 00:22:21;1672960941000;880f01e687e2572cea04e80fc6a68085;488668;OK;1831;0;0;0;0;-0,01;-4,59;0;0;958;895;"";115,524;17,33;425,39;62,76;20,853;0,93;1,401;0,19;13,039;1,86;0,286;10,0;0,336;10,0;0,343;10,0;230,495;32,44;63,448;16,26;1,424;10,06;0,009;10,0;0,006;10,0;0,0;10,0;1,113;22,641;0,53;36,721;3,29;7,426;0,57;7,273;1,12;964,316;1,0;"";"";18,799;2,58;38,369;13,73;"";"";29,991;15,08;53,3;"";"";"";"";"";"";"";"";"";"";"";"";"";"";"";"";"";"";"";"";"";"";"";"";"";"";"";"";"";"";"";"";"";"";"";"";"";"";"";"";"";"";"";"";"";"";"";"";"";"";"";"";"";"";"";"";"";"";"";"";"";"";"";"";""
06.01.2023 00:24:22;1672961062000;880f01e687e2572cea04e80fc6a68085;488789;OK;1829;0;0;0;0;-0,0;-7,17;0;0;958;895;"";114,375;17,16;425,249;62,76;20,853;0,93;1,4;0,19;13,084;1,86;0,207;10,0;0,271;10,0;0,804;10,0;215,212;30,98;62,835;16,15;2,87;10,16;0,8820001;10,09;0,444;10,0;0,0;10,0;3,768;22,639;0,53;36,721;3,29;7,425;0,57;7,272;1,12;964,3029;1,0;"";"";18,92;2,58;38,2;13,72;"";"";30,661;15,01;56,9;"";"";"";"";"";"";"";"";"";"";"";"";"";"";"";"";"";"";"";"";"";"";"";"";"";"";"";"";"";"";"";"";"";"";"";"";"";"";"";"";"";"";"";"";"";"";"";"";"";"";"";"";"";"";"";"";"";"";"";"";"";"";"";"";""
06.01.2023 00:26:22;1672961182000;880f01e687e2572cea04e80fc6a68085;488909;OK;1844;0;0;0;0;-0,0;-11,04;0;0;958;895;"";111,848;16,78;424,658;62,74;20,852;0,93;1,4;0,19;13,167;1,86;0,116;10,0;0,123;10,0;0,317;10,0;190,042;28,51;51,865;15,06;2,0;10,05;0,33;10,01;0,282;10,0;0,0;10,0;2,522;22,636;0,53;36,721;3,29;7,424;0,57;7,269;1,12;964,3049;1,0;"";"";18,831;2,58;38,237;13,73;"";"";31,181;14,87;53,0;"";"";"";"";"";"";"";"";"";"";"";"";"";"";"";"";"";"";"";"";"";"";"";"";"";"";"";"";"";"";"";"";"";"";"";"";"";"";"";"";"";"";"";"";"";"";"";"";"";"";"";"";"";"";"";"";"";"";"";"";"";"";"";"";""
06.01.2023 00:28:22;1672961302000;880f01e687e2572cea04e80fc6a68085;489029;OK;1824;0;0;0;0;-0,01;3,21;0;0;958;895;"";119,602;17,94;427,563;62,83;20,853;0,93;1,4;0,19;13,212;1,87;0,018;10,0;0,019;10,0;0,299;10,0;196,963;29,2;51,535;15,06;1,974;10,02;0,795;10,01;0,336;10,0;0,0;10,0;3,49;22,635;0,53;36,722;3,29;7,423;0,57;7,268;1,12;964,2819;1,0;"";"";18,792;2,58;38,918;13,76;"";"";30,937;15,17;53,3;"";"";"";"";"";"";"";"";"";"";"";"";"";"";"";"";"";"";"";"";"";"";"";"";"";"";"";"";"";"";"";"";"";"";"";"";"";"";"";"";"";"";"";"";"";"";"";"";"";"";"";"";"";"";"";"";"";"";"";"";"";"";"";"";""
06.01.2023 00:30:22;1672961422000;880f01e687e2572cea04e80fc6a68085;489149;OK;1839;0;0;0;0;-0,0;11,09;0;0;958;895;"";116,133;17,42;428,596;62,86;20,854;0,93;1,4;0,19;13,188;1,87;0,125;10,0;0,143;10,0;0,448;10,0;220,421;31,54;63,597;16,25;2,491;10,19;0,642;10,0;0,591;10,0;0,0;10,0;3,31;22,637;0,53;36,721;3,29;7,424;0,57;7,27;1,12;964,2719;1,0;"";"";18,895;2,58;39,051;13,77;"";"";30,046;15,22;53,1;"";"";"";"";"";"";"";"";"";"";"";"";"";"";"";"";"";"";"";"";"";"";"";"";"";"";"";"";"";"";"";"";"";"";"";"";"";"";"";"";"";"";"";"";"";"";"";"";"";"";"";"";"";"";"";"";"";"";"";"";"";"";"";"";""
06.01.2023 00:32:23;1672961543000;880f01e687e2572cea04e80fc6a68085;489270;OK;1828;0;0;0;0;0,0;10,33;0;0;958;895;"";117,008;17,55;428,338;62,85;20,853;0,93;1,401;0,19;13,09;1,86;0,013;10,0;0,015;10,0;0,243;10,0;145,658;24,24;40,152;13,99;2,165;10,08;0,379;10,0;0,373;10,0;0,0;10,0;3,002;22,635;0,53;36,721;3,29;7,423;0,57;7,269;1,12;964,252;1,0;"";"";18,846;2,58;38,812;13,75;"";"";28,803;16,23;54,2;"";"";"";"";"";"";"";"";"";"";"";"";"";"";"";"";"";"";"";"";"";"";"";"";"";"";"";"";"";"";"";"";"";"";"";"";"";"";"";"";"";"";"";"";"";"";"";"";"";"";"";"";"";"";"";"";"";"";"";"";"";"";"";"";""
06.01.2023 00:34:23;1672961663000;880f01e687e2572cea04e80fc6a68085;489390;OK;1812;0;0;0;0;0,0;-4,11;0;0;958;895;"";113,234;16,99;426,101;62,78;20,854;0,93;1,401;0,19;13,11;1,86;0,001;10,0;0,002;10,0;0,058;10,0;144,497;24,25;41,526;14,01;1,106;10,14;0,155;10,0;0,154;10,0;0,0;10,0;1,5;22,635;0,53;36,721;3,29;7,423;0,57;7,268;1,12;964,228;1,0;"";"";18,906;2,58;38,585;13,74;"";"";29,739;16,03;52,8;"";"";"";"";"";"";"";"";"";"";"";"";"";"";"";"";"";"";"";"";"";"";"";"";"";"";"";"";"";"";"";"";"";"";"";"";"";"";"";"";"";"";"";"";"";"";"";"";"";"";"";"";"";"";"";"";"";"";"";"";"";"";"";"";""
06.01.2023 00:36:24;1672961784000;880f01e687e2572cea04e80fc6a68085;489511;OK;1843;0;0;0;0;-0,0;-10,28;0;0;958;895;"";116,528;17,48;425,929;62,78;20,852;0,93;1,4;0,19;13,067;1,86;0,0;10,0;0,0;10,0;0,006;10,0;204,959;29,99;57,376;15,63;1,584;10,1;0,017;10,0;0,016;10,0;0,0;10,0;1,053;22,633;0,53;36,721;3,29;7,422;0,57;7,267;1,12;964,238;1,0;"";"";18,898;2,58;38,421;13,73;"";"";30,879;15,11;53,5;"";"";"";"";"";"";"";"";"";"";"";"";"";"";"";"";"";"";"";"";"";"";"";"";"";"";"";"";"";"";"";"";"";"";"";"";"";"";"";"";"";"";"";"";"";"";"";"";"";"";"";"";"";"";"";"";"";"";"";"";"";"";"";"";""
06.01.2023 00:38:24;1672961904000;880f01e687e2572cea04e80fc6a68085;489631;OK;1840;0;0;0;0;-0,0;-5,16;0;0;958;895;"";119,364;17,9;426,697;62,8;20,861;0,93;1,402;0,2;13,142;1,86;0,0;10,0;0,043;10,0;0,513;10,0;189,981;28,58;53,419;15,21;4,017;10,38;0,846;10,0;0,636;10,0;0,634;10,0;4,283;22,633;0,53;36,721;3,29;7,422;0,57;7,266;1,12;964,2449;1,0;"";"";18,885;2,58;37,791;13,7;"";"";31,738;14,87;54,8;"";"";"";"";"";"";"";"";"";"";"";"";"";"";"";"";"";"";"";"";"";"";"";"";"";"";"";"";"";"";"";"";"";"";"";"";"";"";"";"";"";"";"";"";"";"";"";"";"";"";"";"";"";"";"";"";"";"";"";"";"";"";"";"";""
06.01.2023 00:40:25;1672962025000;880f01e687e2572cea04e80fc6a68085;489752;OK;1820;0;0;0;0;-0,0;3,67;0;0;958;895;"";116,569;17,49;427,27;62,82;20,854;0,93;1,401;0,19;13,127;1,86;0,012;10,0;0,02;10,0;0,205;10,0;184,326;27,9;49,824;14,99;1,453;10,04;0,273;10,0;0,251;10,0;0,25;10,0;2,099;22,633;0,53;36,721;3,29;7,422;0,57;7,266;1,12;964,236;1,0;"";"";18,954;2,58;37,221;13,67;"";"";30,433;15,46;53,0;"";"";"";"";"";"";"";"";"";"";"";"";"";"";"";"";"";"";"";"";"";"";"";"";"";"";"";"";"";"";"";"";"";"";"";"";"";"";"";"";"";"";"";"";"";"";"";"";"";"";"";"";"";"";"";"";"";"";"";"";"";"";"";"";""
06.01.2023 00:42:23;1672962143000;880f01e687e2572cea04e80fc6a68085;489871;OK;1818;0;0;0;0;-0,0;6,52;0;0;958;895;"";117,377;17,61;427,708;62,83;20,853;0,93;1,402;0,2;13,037;1,86;0,001;10,0;0,002;10,0;0,088;10,0;148,439;24,45;41,402;14,06;2,371;10,2;0,227;10,0;0,224;10,0;0,028;10,0;1,711;22,629;0,53;36,722;3,29;7,421;0,57;7,263;1,12;964,239;1,0;"";"";18,932;2,58;37,115;13,67;"";"";30,247;15,84;57,7;"";"";"";"";"";"";"";"";"";"";"";"";"";"";"";"";"";"";"";"";"";"";"";"";"";"";"";"";"";"";"";"";"";"";"";"";"";"";"";"";"";"";"";"";"";"";"";"";"";"";"";"";"";"";"";"";"";"";"";"";"";"";"";"";""
06.01.2023 00:44:24;1672962264000;880f01e687e2572cea04e80fc6a68085;489991;OK;1830;0;0;0;0;-0,01;2,86;0;0;958;895;"";113,647;17,05;427,288;62,82;20,853;0,93;1,401;0,19;13,013;1,86;0,0;10,0;0,0;10,0;0,093;10,0;185,001;27,99;47,413;14,67;1,962;10,25;0,124;10,0;0,124;10,0;0,003;10,0;1,825;22,624;0,53;36,724;3,29;7,419;0,57;7,26;1,12;964,2449;1,0;"";"";18,916;2,58;37,148;13,67;"";"";31,444;14,67;53,7;"";"";"";"";"";"";"";"";"";"";"";"";"";"";"";"";"";"";"";"";"";"";"";"";"";"";"";"";"";"";"";"";"";"";"";"";"";"";"";"";"";"";"";"";"";"";"";"";"";"";"";"";"";"";"";"";"";"";"";"";"";"";"";"";""
06.01.2023 00:46:26;1672962386000;880f01e687e2572cea04e80fc6a68085;490113;OK;1829;0;0;0;0;-0,02;-4,23;0;0;958;896;"";115,96;17,39;425,899;62,78;20,853;0,93;1,401;0,19;13,026;1,86;0,0;10,0;0,056;10,0;0,06599999;10,0;147,782;24,41;43,508;14,28;1,011;10,12;0,013;10,0;0,013;10,0;0,0;10,0;1,172;22,615;0,53;36,728;3,29;7,416;0,57;7,254;1,12;964,249;1,0;"";"";18,923;2,58;37,08;13,66;"";"";30,741;15,37;54,9;"";"";"";"";"";"";"";"";"";"";"";"";"";"";"";"";"";"";"";"";"";"";"";"";"";"";"";"";"";"";"";"";"";"";"";"";"";"";"";"";"";"";"";"";"";"";"";"";"";"";"";"";"";"";"";"";"";"";"";"";"";"";"";"";""
06.01.2023 00:48:26;1672962506000;880f01e687e2572cea04e80fc6a68085;490233;OK;1819;0;0;0;0;-0,02;-6,56;0;0;958;896;"";114,618;17,19;426,084;62,78;20,854;0,93;1,4;0,19;13,052;1,86;0,01;10,0;0,134;10,0;0,135;10,0;181,763;27,76;50,04;14,95;3,446;10,36;0,001;10,0;0,001;10,0;0,0;10,0;1,196;22,612;0,53;36,73;3,29;7,415;0,57;7,251;1,12;964,246;1,0;"";"";18,847;2,58;37,621;13,69;"";"";30,191;14,96;53,4;"";"";"";"";"";"";"";"";"";"";"";"";"";"";"";"";"";"";"";"";"";"";"";"";"";"";"";"";"";"";"";"";"";"";"";"";"";"";"";"";"";"";"";"";"";"";"";"";"";"";"";"";"";"";"";"";"";"";"";"";"";"";"";"";""
06.01.2023 00:50:27;1672962627000;880f01e687e2572cea04e80fc6a68085;490354;OK;1818;0;0;0;0;-0,02;-9,45;0;0;958;896;"";115,959;17,39;424,252;62,73;20,858;0,93;1,401;0,19;13,177;1,86;0,03;10,0;0,043;10,0;0,044;10,0;195,442;29,03;56,732;15,55;1,203;10,15;0,0;10,0;0,0;10,0;0,0;10,0;1,021;22,604;0,53;36,734;3,29;7,413;0,57;7,246;1,12;964,241;1,0;"";"";18,838;2,58;37,674;13,69;"";"";29,3;15,6;58,3;"";"";"";"";"";"";"";"";"";"";"";"";"";"";"";"";"";"";"";"";"";"";"";"";"";"";"";"";"";"";"";"";"";"";"";"";"";"";"";"";"";"";"";"";"";"";"";"";"";"";"";"";"";"";"";"";"";"";"";"";"";"";"";"";""
06.01.2023 00:52:27;1672962747000;880f01e687e2572cea04e80fc6a68085;490474;OK;1828;0;0;0;0;-0,01;-1,06;0;0;958;896;"";117,545;17,63;425,711;62,77;20,856;0,93;1,401;0,19;13,149;1,86;0,011;10,0;0,012;10,0;0,012;10,0;169,866;26,64;49,071;14,83;1,007;10,02;0,0;10,0;0,0;10,0;0,0;10,0;1,002;22,605;0,53;36,734;3,29;7,413;0,57;7,247;1,12;964,207;1,0;"";"";18,747;2,59;36,829;13,65;"";"";27,693;16,59;53,6;"";"";"";"";"";"";"";"";"";"";"";"";"";"";"";"";"";"";"";"";"";"";"";"";"";"";"";"";"";"";"";"";"";"";"";"";"";"";"";"";"";"";"";"";"";"";"";"";"";"";"";"";"";"";"";"";"";"";"";"";"";"";"";"";""
06.01.2023 00:54:27;1672962867000;880f01e687e2572cea04e80fc6a68085;490595;OK;1811;0;0;0;0;-0,0;0,72;0;0;958;896;"";115,967;17,4;424,842;62,75;20,854;0,93;1,4;0,19;13,153;1,86;0,001;10,0;0,001;10,0;0,18;10,0;160,162;25,67;41,975;14,1;0,82;10,0;0,713;10,0;0,713;10,0;0,0;10,0;2,605;22,603;0,53;36,735;3,29;7,413;0,57;7,246;1,12;964,182;1,0;"";"";18,758;2,58;36,358;13,62;"";"";29,254;15,23;53,2;"";"";"";"";"";"";"";"";"";"";"";"";"";"";"";"";"";"";"";"";"";"";"";"";"";"";"";"";"";"";"";"";"";"";"";"";"";"";"";"";"";"";"";"";"";"";"";"";"";"";"";"";"";"";"";"";"";"";"";"";"";"";"";"";""
06.01.2023 00:56:28;1672962988000;880f01e687e2572cea04e80fc6a68085;490715;OK;1842;0;0;0;0;-0,0;5,13;0;0;958;896;"";111,845;16,78;426,71;62,8;20,852;0,93;1,4;0,19;13,094;1,86;0,0;10,0;0,0;10,0;0,053;10,0;158,702;25,52;46,487;14,6;1,07;10,0;0,102;10,0;0,102;10,0;0,0;10,0;1,474;22,6;0,53;36,736;3,29;7,411;0,57;7,243;1,12;964,158;1,0;"";"";18,821;2,58;36,258;13,62;"";"";30,448;15,02;57,1;"";"";"";"";"";"";"";"";"";"";"";"";"";"";"";"";"";"";"";"";"";"";"";"";"";"";"";"";"";"";"";"";"";"";"";"";"";"";"";"";"";"";"";"";"";"";"";"";"";"";"";"";"";"";"";"";"";"";"";"";"";"";"";"";""
06.01.2023 00:58:30;1672963110000;880f01e687e2572cea04e80fc6a68085;490836;OK;1844;0;0;0;0;-0,01;3,9;0;0;958;897;"";111,355;16,7;426,852;62,81;20,853;0,93;1,399;0,19;13,069;1,86;0,0;10,0;0,0;10,0;0,006;10,0;170,466;26,62;49,763;14,89;0,448;10,0;0,011;10,0;0,011;10,0;0,0;10,0;1,051;22,592;0,53;36,739;3,29;7,408;0,56;7,237;1,12;964,12;1,0;"";"";18,805;2,58;36,391;13,62;"";"";32,443;14,23;55,7;"";"";"";"";"";"";"";"";"";"";"";"";"";"";"";"";"";"";"";"";"";"";"";"";"";"";"";"";"";"";"";"";"";"";"";"";"";"";"";"";"";"";"";"";"";"";"";"";"";"";"";"";"";"";"";"";"";"";"";"";"";"";"";"";""
