DateTime;timestamp;DeviceID;uptime;Status;measuretime;person;window_open;window_event;door_event;dHdt;dCO2dt;bat;bat_e;health;performance;virus;tvoc;tvoc_e;co2;co2_e;oxygen;oxygen_e;co;co_e;o3;o3_e;pm1;pm1_e;pm2_5;pm2_5_e;pm10;pm10_e;cnt0_3;cnt0_3_e;cnt0_5;cnt0_5_e;cnt1;cnt1_e;cnt2_5;cnt2_5_e;cnt5;cnt5_e;cnt10;cnt10_e;TypPS;temperature;temperature_e;humidity;humidity_e;humidity_abs;humidity_abs_e;dewpt;dewpt_e;pressure;pressure_e;pressure_rel;pressure_rel_e;no2;no2_e;so2;so2_e;h2s;h2s_e;sound;sound_e;sound_max;tvoc_ionsc;tvoc_ionsc_e;radon;radon_e;n2o;n2o_e;no2_insplorion;no2_insplorion_e;ch4_MIPEX;ch4_MIPEX_e;c3h8_MIPEX;c3h8_MIPEX_e;flammable;ethanol;ethanol_e;iaq_spec;iaq_spec_e;resp_irr_spec;resp_irr_spec_e;nh3_MR100;nh3_MR100_e;acid_M100;acid_M100_e;h2_M1000;h2_M1000_e;no_M250;no_M250_e;cl2_M20;cl2_M20_e;ch2o_M10;ch2o_M10_e;pm1_SPS30;pm1_SPS30_e;pm2_5_SPS30;pm2_5_SPS30_e;pm4_SPS30;pm4_SPS30_e;pm10_SPS30;pm10_SPS30_e;cnt0_5_SPS30;cnt0_5_SPS30_e;cnt1_SPS30;cnt1_SPS30_e;cnt2_5_SPS30;cnt2_5_SPS30_e;cnt4_SPS30;cnt4_SPS30_e;cnt10_SPS30;cnt10_SPS30_e;TypPS_SPS30;br2;f2;hf;hcl;hcn;ch4s;clo2;cs2;ph3;sih4;c2h4;c2h4o;ash3;h2o2;refrigerant
09.12.2022 01:00:56;1670544056000;880f01e687e2572cea04e80fc6a68085;880900;OK;1794;0;0;0;0;-0,0;-4,89;0;0;488;752;"";151,047;22,66;421,622;62,65;20,876;0,85;1,685;0,24;17,202;1,86;11,775;11,0;14,188;11,25;15,221;11,44;1713,572;176,61;537,095;62,24;48,683;14,84;2,666;10,3;1,264;10,0;0,06599999;10,0;1,862;19,813;0,54;29,783;3,42;5,112;0,52;1,795;1,43;946,694;1,0;"";"";22,89;2,32;38,302;10,49;"";"";13,0;20,0;13,0;"";"";"";"";"";"";"";"";"";"";"";"";"";"";"";"";"";"";"";"";"";"";"";"";"";"";"";"";"";"";"";"";"";"";"";"";"";"";"";"";"";"";"";"";"";"";"";"";"";"";"";"";"";"";"";"";"";"";"";"";"";"";"";"";""
09.12.2022 01:02:56;1670544176000;880f01e687e2572cea04e80fc6a68085;881020;OK;1796;0;0;0;0;-0,01;8,15;0;0;508;751;"";150,01;22,5;426,166;62,78;20,877;0,85;1,688;0,24;17,2;1,86;11,156;11,0;14,043;11,06;15,264;11,48;1648,435;170,23;511,429;59,7;53,443;15,24;2,569;10,21;1,685;10,0;0,007;10,0;1,976;19,81;0,54;29,783;3,42;5,111;0,52;1,793;1,43;946,686;1,0;"";"";22,929;2,32;38,109;10,48;"";"";12,906;20,39;13,0;"";"";"";"";"";"";"";"";"";"";"";"";"";"";"";"";"";"";"";"";"";"";"";"";"";"";"";"";"";"";"";"";"";"";"";"";"";"";"";"";"";"";"";"";"";"";"";"";"";"";"";"";"";"";"";"";"";"";"";"";"";"";"";"";""
09.12.2022 01:04:56;1670544296000;880f01e687e2572cea04e80fc6a68085;881140;OK;1783;0;0;0;0;0,05;15,1;0;0;497;752;"";149,284;22,39;427,024;62,81;20,875;0,85;1,69;0,24;17,267;1,87;11,507;11,0;14,659;11,2;15,949;11,7;1746,241;179,76;548,358;63,3;57,085;15,56;3,477;10,31;1,941;10,04;0,001;10,0;2,015;19,809;0,54;29,885;3,41;5,128;0,52;1,839;1,42;946,682;1,0;"";"";22,952;2,32;38,323;10,49;"";"";12,99;20,04;13,0;"";"";"";"";"";"";"";"";"";"";"";"";"";"";"";"";"";"";"";"";"";"";"";"";"";"";"";"";"";"";"";"";"";"";"";"";"";"";"";"";"";"";"";"";"";"";"";"";"";"";"";"";"";"";"";"";"";"";"";"";"";"";"";"";""
09.12.2022 01:06:57;1670544417000;880f01e687e2572cea04e80fc6a68085;881261;OK;1795;0;0;0;0;0,06;11,14;0;0;511;752;"";149,583;22,44;425,549;62,77;20,876;0,85;1,692;0,24;17,335;1,87;11,114;11,0;13,351;11,04;14,329;11,36;1641,835;169,66;501,6;58,76;50,071;14,82;1,869;10,12;1,228;10,0;0,225;10,0;1,821;19,809;0,54;29,905;3,41;5,131;0,52;1,849;1,42;946,653;1,0;"";"";22,923;2,32;38,705;10,51;"";"";12,999;20,0;13,0;"";"";"";"";"";"";"";"";"";"";"";"";"";"";"";"";"";"";"";"";"";"";"";"";"";"";"";"";"";"";"";"";"";"";"";"";"";"";"";"";"";"";"";"";"";"";"";"";"";"";"";"";"";"";"";"";"";"";"";"";"";"";"";"";""
09.12.2022 01:08:57;1670544537000;880f01e687e2572cea04e80fc6a68085;881381;OK;1778;0;0;0;0;0,04;-8,52;0;0;490;751;"";150,784;22,62;423,809;62,71;20,878;0,85;1,694;0,24;17,381;1,87;11,692;11,0;14,099;11,14;15,108;11,36;1732,22;178,43;538,594;62,34;45,899;14,54;2,196;10,16;1,423;10,07;0,023;10,0;1,829;19,808;0,54;29,89;3,41;5,129;0,52;1,841;1,42;946,61;1,0;"";"";22,973;2,32;38,713;10,51;"";"";13,0;20,0;13,0;"";"";"";"";"";"";"";"";"";"";"";"";"";"";"";"";"";"";"";"";"";"";"";"";"";"";"";"";"";"";"";"";"";"";"";"";"";"";"";"";"";"";"";"";"";"";"";"";"";"";"";"";"";"";"";"";"";"";"";"";"";"";"";"";""
09.12.2022 01:10:57;1670544657000;880f01e687e2572cea04e80fc6a68085;881501;OK;1797;0;0;0;0;-0,04;-8,07;0;0;465;750;"";150,138;22,52;425,395;62,76;20,878;0,85;1,697;0,24;17,349;1,87;12,488;11,0;15,838;11,58;18,392;11,9;1791,011;184,2;561,128;64,57;57,653;15,61;6,315;10,56;3,186;10,2;1,014;10,0;2,495;19,807;0,54;29,814;3,41;5,115;0,52;1,804;1,42;946,606;1,0;"";"";23,082;2,31;38,604;10,51;"";"";13,0;20,0;13,0;"";"";"";"";"";"";"";"";"";"";"";"";"";"";"";"";"";"";"";"";"";"";"";"";"";"";"";"";"";"";"";"";"";"";"";"";"";"";"";"";"";"";"";"";"";"";"";"";"";"";"";"";"";"";"";"";"";"";"";"";"";"";"";"";""
09.12.2022 01:12:58;1670544778000;880f01e687e2572cea04e80fc6a68085;881622;OK;1796;0;0;0;0;-0,06;1,57;0;0;472;749;"";151,004;22,65;426,001;62,78;20,876;0,85;1,699;0,24;17,384;1,87;12,256;11,0;14,314;11,17;15,288;11,29;1770,372;182,12;550,26;63,46;48,344;14,7;2,521;10,15;1,45;10,02;0,105;10,0;1,749;19,805;0,54;29,788;3,42;5,11;0,52;1,79;1,42;946,628;1,0;"";"";23,001;2,32;38,408;10,5;"";"";13,0;20,0;13,0;"";"";"";"";"";"";"";"";"";"";"";"";"";"";"";"";"";"";"";"";"";"";"";"";"";"";"";"";"";"";"";"";"";"";"";"";"";"";"";"";"";"";"";"";"";"";"";"";"";"";"";"";"";"";"";"";"";"";"";"";"";"";"";"";""
09.12.2022 01:14:58;1670544898000;880f01e687e2572cea04e80fc6a68085;881742;OK;1787;0;0;0;0;-0,06;5,73;0;0;487;748;"";152,277;22,84;425,593;62,77;20,871;0,85;1,702;0,24;17,365;1,87;11,796;11,0;14,86;11,31;16,106;11,66;1735,375;178,73;547,394;63,21;61,254;15,96;3,706;10,27;1,558;10,08;0,011;10,0;1,97;19,803;0,54;29,784;3,42;5,109;0,52;1,786;1,43;946,614;1,0;"";"";22,983;2,32;38,517;10,5;"";"";13,0;20,0;13,0;"";"";"";"";"";"";"";"";"";"";"";"";"";"";"";"";"";"";"";"";"";"";"";"";"";"";"";"";"";"";"";"";"";"";"";"";"";"";"";"";"";"";"";"";"";"";"";"";"";"";"";"";"";"";"";"";"";"";"";"";"";"";"";"";""
09.12.2022 01:17:00;1670545020000;880f01e687e2572cea04e80fc6a68085;881864;OK;1788;0;0;0;0;-0,02;5,83;0;0;488;748;"";152,338;22,85;427,39;62,82;20,875;0,85;1,704;0,24;17,378;1,87;11,765;11,0;15,694;11,62;16,358;11,74;1757,932;180,97;550,427;63,47;62,505;16,13;5,361;10,56;0,404;10,01;0,001;10,0;1,714;19,804;0,54;29,785;3,42;5,109;0,52;1,787;1,43;946,549;1,0;"";"";22,931;2,32;38,64;10,51;"";"";13,0;20,0;13,0;"";"";"";"";"";"";"";"";"";"";"";"";"";"";"";"";"";"";"";"";"";"";"";"";"";"";"";"";"";"";"";"";"";"";"";"";"";"";"";"";"";"";"";"";"";"";"";"";"";"";"";"";"";"";"";"";"";"";"";"";"";"";"";"";""
09.12.2022 01:19:00;1670545140000;880f01e687e2572cea04e80fc6a68085;881984;OK;1783;0;0;0;0;-0,0;7,34;0;0;473;748;"";153,392;23,01;428,917;62,87;20,879;0,85;1,706;0,24;17,376;1,87;12,22;11,0;15,686;11,62;16,055;11,64;1768,72;182,04;552,905;63,73;55,389;15,39;2,037;10,22;0,437;10,0;0,0;10,0;1,535;19,804;0,54;29,784;3,42;5,109;0,52;1,787;1,43;946,502;1,0;"";"";23,034;2,31;38,795;10,51;"";"";13,0;20,0;13,0;"";"";"";"";"";"";"";"";"";"";"";"";"";"";"";"";"";"";"";"";"";"";"";"";"";"";"";"";"";"";"";"";"";"";"";"";"";"";"";"";"";"";"";"";"";"";"";"";"";"";"";"";"";"";"";"";"";"";"";"";"";"";"";"";""
09.12.2022 01:21:00;1670545260000;880f01e687e2572cea04e80fc6a68085;882104;OK;1791;0;0;0;0;-0,0;7,78;0;0;497;747;"";151,509;22,73;428,715;62,86;20,878;0,85;1,708;0,24;17,37;1,87;11,508;11,0;13,696;11,09;15,635;11,48;1690,635;174,38;529,475;61,41;48,22;14,76;3,816;10,4;3,264;10,33;0,0;10,0;2,329;19,803;0,54;29,784;3,42;5,109;0,52;1,787;1,43;946,53;1,0;"";"";22,958;2,32;38,802;10,52;"";"";13,0;20,0;13,0;"";"";"";"";"";"";"";"";"";"";"";"";"";"";"";"";"";"";"";"";"";"";"";"";"";"";"";"";"";"";"";"";"";"";"";"";"";"";"";"";"";"";"";"";"";"";"";"";"";"";"";"";"";"";"";"";"";"";"";"";"";"";"";"";""
09.12.2022 01:23:01;1670545381000;880f01e687e2572cea04e80fc6a68085;882225;OK;1799;0;0;0;0;0,01;0,89;0;0;477;747;"";151,895;22,78;427,927;62,84;20,882;0,85;1,71;0,24;17,42;1,87;12,104;11,0;14,042;11,06;15,186;11,48;1723,777;177,59;539,284;62,46;47,636;14,67;2,293;10,18;1,522;10,1;0,0;10,0;1,825;19,803;0,54;29,801;3,42;5,112;0,52;1,794;1,42;946,539;1,0;"";"";22,992;2,32;38,557;10,5;"";"";13,0;20,0;13,0;"";"";"";"";"";"";"";"";"";"";"";"";"";"";"";"";"";"";"";"";"";"";"";"";"";"";"";"";"";"";"";"";"";"";"";"";"";"";"";"";"";"";"";"";"";"";"";"";"";"";"";"";"";"";"";"";"";"";"";"";"";"";"";"";""
09.12.2022 01:25:02;1670545502000;880f01e687e2572cea04e80fc6a68085;882345;OK;1805;0;0;0;0;0,04;-0,5;0;0;470;748;"";150,124;22,52;428,329;62,85;20,88;0,85;1,713;0,24;17,452;1,88;12,305;11,0;14,487;11,08;15,156;11,35;1778,111;182,89;557,719;64,16;51,341;15,03;1,815;10,19;0,447;10,01;0,0;10,0;1,584;19,801;0,54;29,88;3,41;5,124;0,52;1,829;1,42;946,501;1,0;"";"";23,079;2,31;38,402;10,49;"";"";13,0;20,0;13,0;"";"";"";"";"";"";"";"";"";"";"";"";"";"";"";"";"";"";"";"";"";"";"";"";"";"";"";"";"";"";"";"";"";"";"";"";"";"";"";"";"";"";"";"";"";"";"";"";"";"";"";"";"";"";"";"";"";"";"";"";"";"";"";"";""
09.12.2022 01:27:01;1670545621000;880f01e687e2572cea04e80fc6a68085;882465;OK;1803;0;0;0;0;0,03;4,7;0;0;473;746;"";150,798;22,62;430,26;62,91;20,878;0,85;1,716;0,24;17,488;1,88;12,209;11,0;15,496;11,5;17,62;11,78;1894,913;194,22;584,8969;66,93;66,776;16,57;5,329;10,59;3,249;10,33;0,0;10,0;2,297;19,799;0,54;29,82;3,41;5,114;0,52;1,8;1,42;946,453;1,0;"";"";23,088;2,31;38,502;10,5;"";"";13,0;20,0;13,0;"";"";"";"";"";"";"";"";"";"";"";"";"";"";"";"";"";"";"";"";"";"";"";"";"";"";"";"";"";"";"";"";"";"";"";"";"";"";"";"";"";"";"";"";"";"";"";"";"";"";"";"";"";"";"";"";"";"";"";"";"";"";"";"";""
09.12.2022 01:29:02;1670545742000;880f01e687e2572cea04e80fc6a68085;882586;OK;1820;0;0;0;0;-0,0;7,21;0;0;499;746;"";153,704;23,06;430,55;62,92;20,878;0,85;1,718;0,24;17,567;1,88;11,447;11,0;14,441;11,25;15,824;11,46;1769,35;182,09;545,318;63,0;56,653;15,5;2,836;10,25;2,357;10,19;0,0;10,0;2,059;19,796;0,54;29,832;3,41;5,115;0,52;1,803;1,42;946,4069;1,0;"";"";23,121;2,31;38,789;10,51;"";"";13,0;20,0;13,0;"";"";"";"";"";"";"";"";"";"";"";"";"";"";"";"";"";"";"";"";"";"";"";"";"";"";"";"";"";"";"";"";"";"";"";"";"";"";"";"";"";"";"";"";"";"";"";"";"";"";"";"";"";"";"";"";"";"";"";"";"";"";"";"";""
09.12.2022 01:31:03;1670545863000;880f01e687e2572cea04e80fc6a68085;882707;OK;1804;0;0;0;0;-0,05;2,46;0;0;470;745;"";153,676;23,05;429,401;62,88;20,881;0,85;1,72;0,24;17,494;1,88;12,317;11,0;15,773;11,59;16,909;11,69;1837,545;188,66;575,684;65,97;64,876;16,39;4,274;10,44;1,734;10,13;0,0;10,0;1,879;19,796;0,54;29,772;3,42;5,105;0,52;1,775;1,43;946,382;1,0;"";"";23,164;2,31;38,76;10,51;"";"";13,0;20,0;13,0;"";"";"";"";"";"";"";"";"";"";"";"";"";"";"";"";"";"";"";"";"";"";"";"";"";"";"";"";"";"";"";"";"";"";"";"";"";"";"";"";"";"";"";"";"";"";"";"";"";"";"";"";"";"";"";"";"";"";"";"";"";"";"";"";""
09.12.2022 01:33:03;1670545983000;880f01e687e2572cea04e80fc6a68085;882827;OK;1782;0;0;0;0;-0,05;1,71;0;0;467;744;"";154,449;23,17;430,497;62,91;20,877;0,85;1,722;0,24;17,454;1,88;12,444;11,01;15,249;11,4;15,817;11,41;1787,453;183,79;556,206;64,02;59,294;15,78;1,737;10,17;0,769;10,07;0,0;10,0;1,503;19,796;0,54;29,736;3,42;5,099;0,52;1,758;1,43;946,3599;1,0;"";"";23,08;2,31;38,653;10,51;"";"";13,0;20,0;13,0;"";"";"";"";"";"";"";"";"";"";"";"";"";"";"";"";"";"";"";"";"";"";"";"";"";"";"";"";"";"";"";"";"";"";"";"";"";"";"";"";"";"";"";"";"";"";"";"";"";"";"";"";"";"";"";"";"";"";"";"";"";"";"";"";""
09.12.2022 01:35:03;1670546103000;880f01e687e2572cea04e80fc6a68085;882947;OK;1793;0;0;0;0;-0,07;1,2;0;0;487;743;"";154,936;23,24;430,511;62,92;20,876;0,85;1,725;0,24;17,475;1,88;11,79;11,0;14,206;11,04;14,967;11,19;1738,45;179,04;544,693;62,93;52,224;15,19;1,101;10,08;0,667;10,07;0,19;10,0;1,659;19,796;0,54;29,695;3,42;5,091;0,52;1,738;1,43;946,304;1,0;"";"";23,039;2,31;38,48;10,5;"";"";13,0;20,0;13,0;"";"";"";"";"";"";"";"";"";"";"";"";"";"";"";"";"";"";"";"";"";"";"";"";"";"";"";"";"";"";"";"";"";"";"";"";"";"";"";"";"";"";"";"";"";"";"";"";"";"";"";"";"";"";"";"";"";"";"";"";"";"";"";"";""
09.12.2022 01:37:05;1670546225000;880f01e687e2572cea04e80fc6a68085;883069;OK;1784;0;0;0;0;-0,01;0,63;0;0;487;743;"";153,791;23,07;429,728;62,89;20,879;0,85;1,728;0,25;17,436;1,87;11,782;11,0;14,362;11,31;15,677;11,44;1731,114;178,29;542,473;62,75;45,563;14,5;2,724;10,17;1,31;10,05;0,248;10,0;1,956;19,797;0,54;29,739;3,42;5,099;0,52;1,76;1,43;946,279;1,0;"";"";23,029;2,31;38,176;10,48;"";"";13,0;20,0;13,0;"";"";"";"";"";"";"";"";"";"";"";"";"";"";"";"";"";"";"";"";"";"";"";"";"";"";"";"";"";"";"";"";"";"";"";"";"";"";"";"";"";"";"";"";"";"";"";"";"";"";"";"";"";"";"";"";"";"";"";"";"";"";"";"";""
09.12.2022 01:39:05;1670546345000;880f01e687e2572cea04e80fc6a68085;883189;OK;1794;0;0;0;0;-0,0;1,36;0;0;455;742;"";154,258;23,14;431,712;62,95;20,875;0,85;1,73;0,25;17,49;1,88;12,822;11,0;15,117;11,36;16,245;11,71;1831,423;188,12;578,749;66,29;60,445;15,88;4,113;10,44;1,121;10,05;0,155;10,0;1,813;19,795;0,54;29,713;3,42;5,094;0,52;1,746;1,43;946,256;1,0;"";"";22,982;2,31;37,935;10,47;"";"";13,0;20,0;13,0;"";"";"";"";"";"";"";"";"";"";"";"";"";"";"";"";"";"";"";"";"";"";"";"";"";"";"";"";"";"";"";"";"";"";"";"";"";"";"";"";"";"";"";"";"";"";"";"";"";"";"";"";"";"";"";"";"";"";"";"";"";"";"";"";""
09.12.2022 01:41:05;1670546465000;880f01e687e2572cea04e80fc6a68085;883309;OK;1790;0;0;0;0;-0,0;7,25;0;0;466;742;"";153,954;23,09;432,585;62,98;20,875;0,85;1,732;0,25;17,407;1,87;12,451;11,0;14,563;11,17;16,276;11,68;1808,979;185,94;566,562;65,03;53,423;15,22;3,748;10,4;2,136;10,13;0,016;10,0;2,124;19,794;0,54;29,716;3,42;5,094;0,52;1,746;1,43;946,208;1,0;"";"";23,052;2,31;37,752;10,46;"";"";13,0;20,0;13,0;"";"";"";"";"";"";"";"";"";"";"";"";"";"";"";"";"";"";"";"";"";"";"";"";"";"";"";"";"";"";"";"";"";"";"";"";"";"";"";"";"";"";"";"";"";"";"";"";"";"";"";"";"";"";"";"";"";"";"";"";"";"";"";"";""
09.12.2022 01:43:06;1670546586000;880f01e687e2572cea04e80fc6a68085;883430;OK;1795;0;0;0;0;-0,04;5,27;0;0;461;740;"";156,364;23,45;432,005;62,96;20,877;0,85;1,735;0,25;17,399;1,87;12,595;11,0;16,153;11,61;17,333;11,79;1865,338;191,35;578,5739;66,26;64,177;16,23;2,299;10,22;1,178;10,06;0,002;10,0;1,898;19,791;0,54;29,668;3,42;5,085;0,52;1,721;1,43;946,1619;1,0;"";"";22,98;2,31;37,541;10,45;"";"";13,0;20,0;13,0;"";"";"";"";"";"";"";"";"";"";"";"";"";"";"";"";"";"";"";"";"";"";"";"";"";"";"";"";"";"";"";"";"";"";"";"";"";"";"";"";"";"";"";"";"";"";"";"";"";"";"";"";"";"";"";"";"";"";"";"";"";"";"";"";""
09.12.2022 01:45:06;1670546706000;880f01e687e2572cea04e80fc6a68085;883550;OK;1785;0;0;0;0;-0,04;1,06;0;0;468;740;"";156,062;23,41;432,392;62,97;20,879;0,85;1,738;0,25;17,409;1,87;12,373;11,0;14,854;11,23;16,29;11,78;1838,509;188,74;568,617;65,32;51,39;15,05;2,368;10,16;2,252;10,15;0,0;10,0;2,01;19,789;0,54;29,663;3,42;5,084;0,52;1,717;1,43;946,118;1,0;"";"";23,077;2,31;37,46;10,44;"";"";13,0;20,0;13,0;"";"";"";"";"";"";"";"";"";"";"";"";"";"";"";"";"";"";"";"";"";"";"";"";"";"";"";"";"";"";"";"";"";"";"";"";"";"";"";"";"";"";"";"";"";"";"";"";"";"";"";"";"";"";"";"";"";"";"";"";"";"";"";"";""
09.12.2022 01:47:07;1670546827000;880f01e687e2572cea04e80fc6a68085;883671;OK;1800;0;0;0;0;-0,03;2,83;0;0;455;739;"";155,632;23,34;434,215;63,03;20,877;0,85;1,74;0,25;17,4;1,87;12,797;11,01;17,186;11,67;18,811;11,95;1892,197;193,99;588,459;67,18;72,325;17,01;3,826;10,35;1,868;10,18;0,543;10,0;2,119;19,786;0,54;29,663;3,42;5,083;0,52;1,715;1,43;946,0649;1,0;"";"";23,002;2,31;37,411;10,44;"";"";13,0;20,0;13,0;"";"";"";"";"";"";"";"";"";"";"";"";"";"";"";"";"";"";"";"";"";"";"";"";"";"";"";"";"";"";"";"";"";"";"";"";"";"";"";"";"";"";"";"";"";"";"";"";"";"";"";"";"";"";"";"";"";"";"";"";"";"";"";"";""
09.12.2022 01:49:07;1670546947000;880f01e687e2572cea04e80fc6a68085;883791;OK;1789;0;0;0;0;-0,0;1,67;0;0;412;739;"";155,84;23,38;432,49;62,97;20,876;0,85;1,742;0,25;17,413;1,87;14,244;11,16;16,731;11,84;17,526;11,87;2023,62;206,75;628,725;71,19;67,892;16,67;2,352;10,2;1,059;10,02;0,056;10,0;1,607;19,785;0,54;29,663;3,42;5,083;0,52;1,714;1,43;946,08;1,0;"";"";23,004;2,31;37,452;10,44;"";"";13,0;20,0;13,0;"";"";"";"";"";"";"";"";"";"";"";"";"";"";"";"";"";"";"";"";"";"";"";"";"";"";"";"";"";"";"";"";"";"";"";"";"";"";"";"";"";"";"";"";"";"";"";"";"";"";"";"";"";"";"";"";"";"";"";"";"";"";"";"";""
09.12.2022 01:51:07;1670547067000;880f01e687e2572cea04e80fc6a68085;883912;OK;1797;0;0;0;0;-0,0;-2,03;0;0;443;739;"";155,955;23,39;432,743;62,98;20,876;0,85;1,744;0,25;17,494;1,88;13,182;11,02;16,117;11,71;17,131;11,85;1933,479;198,03;593,424;67,76;61,368;15,98;3,426;10,42;1,297;10,04;0,006;10,0;1,776;19,785;0,54;29,663;3,42;5,083;0,52;1,714;1,43;946,093;1,0;"";"";23,134;2,31;37,636;10,45;"";"";13,0;20,0;13,0;"";"";"";"";"";"";"";"";"";"";"";"";"";"";"";"";"";"";"";"";"";"";"";"";"";"";"";"";"";"";"";"";"";"";"";"";"";"";"";"";"";"";"";"";"";"";"";"";"";"";"";"";"";"";"";"";"";"";"";"";"";"";"";"";""
09.12.2022 01:53:08;1670547188000;880f01e687e2572cea04e80fc6a68085;884032;OK;1784;0;0;0;0;-0,0;-0,94;0;0;442;738;"";156,974;23,55;433,7;63,01;20,874;0,85;1,746;0,25;17,432;1,87;13,217;11,0;17,13;11,82;18,507;11,96;1901,594;194,81;590,685;67,47;70,954;16,94;5,877;10,63;1,259;10,09;0,073;10,0;1,968;19,782;0,54;29,67;3,42;5,083;0,52;1,715;1,43;946,06;1,0;"";"";23,152;2,31;37,746;10,46;"";"";13,0;20,0;13,0;"";"";"";"";"";"";"";"";"";"";"";"";"";"";"";"";"";"";"";"";"";"";"";"";"";"";"";"";"";"";"";"";"";"";"";"";"";"";"";"";"";"";"";"";"";"";"";"";"";"";"";"";"";"";"";"";"";"";"";"";"";"";"";"";""
09.12.2022 01:55:08;1670547308000;880f01e687e2572cea04e80fc6a68085;884152;OK;1787;0;0;0;0;-0,01;9,15;0;0;434;738;"";156,728;23,51;435,412;63,06;20,874;0,85;1,748;0,25;17,449;1,87;13,476;11,0;17,175;11,74;17,966;11,83;1946,551;199,25;604,334;68,79;64,146;16,28;3,008;10,29;1,017;10,1;0,008;10,0;1,678;19,781;0,54;29,664;3,42;5,081;0,52;1,71;1,43;946,0649;1,0;"";"";23,166;2,31;38,174;10,48;"";"";13,0;20,0;13,0;"";"";"";"";"";"";"";"";"";"";"";"";"";"";"";"";"";"";"";"";"";"";"";"";"";"";"";"";"";"";"";"";"";"";"";"";"";"";"";"";"";"";"";"";"";"";"";"";"";"";"";"";"";"";"";"";"";"";"";"";"";"";"";"";""
09.12.2022 01:57:08;1670547428000;880f01e687e2572cea04e80fc6a68085;884272;OK;1791;0;0;0;0;-0,0;7,92;0;0;440;737;"";155,025;23,25;434,597;63,04;20,877;0,85;1,751;0,25;17,354;1,87;13,285;11,0;18,025;11,97;18,795;11,98;1968,964;201,43;619,29;70,23;79,319;17,72;4,361;10,45;1,175;10,03;0,328;10,0;1,733;19,782;0,54;29,663;3,42;5,082;0,52;1,712;1,43;946,0569;1,0;"";"";23,097;2,31;38,429;10,49;"";"";13,0;20,0;13,0;"";"";"";"";"";"";"";"";"";"";"";"";"";"";"";"";"";"";"";"";"";"";"";"";"";"";"";"";"";"";"";"";"";"";"";"";"";"";"";"";"";"";"";"";"";"";"";"";"";"";"";"";"";"";"";"";"";"";"";"";"";"";"";"";""
09.12.2022 01:59:09;1670547549000;880f01e687e2572cea04e80fc6a68085;884393;OK;1799;0;0;0;0;-0,02;2,18;0;0;440;736;"";156,298;23,44;435,43;63,06;20,877;0,85;1,753;0,25;17,302;1,87;13,266;11,0;16,98;11,87;18,464;11,97;1878,495;192,66;591,802;67,53;70,498;16,86;5,379;10,67;2,515;10,15;0,244;10,0;2,019;19,779;0,54;29,631;3,42;5,075;0,52;1,694;1,43;946,04;1,0;"";"";23,079;2,31;38,647;10,5;"";"";13,0;20,0;13,0;"";"";"";"";"";"";"";"";"";"";"";"";"";"";"";"";"";"";"";"";"";"";"";"";"";"";"";"";"";"";"";"";"";"";"";"";"";"";"";"";"";"";"";"";"";"";"";"";"";"";"";"";"";"";"";"";"";"";"";"";"";"";"";"";""
09.12.2022 02:01:11;1670547671000;880f01e687e2572cea04e80fc6a68085;884515;OK;1788;0;0;0;0;-0,05;0,3;0;0;448;735;"";156,104;23,42;435,435;63,06;20,876;0,85;1,756;0,25;17,371;1,87;13,028;11,0;16,838;11,88;18,658;11,96;1882,448;193,1;585,182;66,97;70,268;16,84;5,4;10,55;2,525;10,25;0,024;10,0;2,169;19,78;0,54;29,559;3,42;5,063;0,52;1,661;1,44;946,0219;1,0;"";"";23,089;2,31;38,542;10,5;"";"";13,0;20,0;13,0;"";"";"";"";"";"";"";"";"";"";"";"";"";"";"";"";"";"";"";"";"";"";"";"";"";"";"";"";"";"";"";"";"";"";"";"";"";"";"";"";"";"";"";"";"";"";"";"";"";"";"";"";"";"";"";"";"";"";"";"";"";"";"";"";""
09.12.2022 02:03:10;1670547790000;880f01e687e2572cea04e80fc6a68085;884634;OK;1799;0;0;0;0;-0,07;6,16;0;0;425;734;"";156,098;23,41;437,361;63,12;20,878;0,85;1,758;0,25;17,33;1,87;13,767;11,01;17,872;11,99;18,934;12,0;2024,925;206,83;629,981;71,24;73,015;17,08;5,477;10,56;1,476;10,05;0,003;10,0;1,805;19,782;0,54;29,543;3,42;5,061;0,52;1,655;1,44;945,976;1,0;"";"";23,055;2,31;38,278;10,48;"";"";13,0;20,0;13,0;"";"";"";"";"";"";"";"";"";"";"";"";"";"";"";"";"";"";"";"";"";"";"";"";"";"";"";"";"";"";"";"";"";"";"";"";"";"";"";"";"";"";"";"";"";"";"";"";"";"";"";"";"";"";"";"";"";"";"";"";"";"";"";"";""
09.12.2022 02:05:11;1670547911000;880f01e687e2572cea04e80fc6a68085;884755;OK;1799;0;0;0;0;-0,03;3,71;0;0;432;735;"";155,935;23,39;437,095;63,11;20,878;0,85;1,76;0,25;17,315;1,87;13,534;11,01;17,367;11,86;18,939;11,94;1969,694;201,48;612,964;69,66001;72,812;17,1;5,301;10,59;1,378;10,08;0,663;10,0;2,026;19,782;0,54;29,591;3,42;5,069;0,52;1,677;1,44;945,947;1,0;"";"";22,921;2,32;38,246;10,48;"";"";13,0;20,0;13,0;"";"";"";"";"";"";"";"";"";"";"";"";"";"";"";"";"";"";"";"";"";"";"";"";"";"";"";"";"";"";"";"";"";"";"";"";"";"";"";"";"";"";"";"";"";"";"";"";"";"";"";"";"";"";"";"";"";"";"";"";"";"";"";"";""
09.12.2022 02:07:12;1670548032000;880f01e687e2572cea04e80fc6a68085;884876;OK;1803;0;0;0;0;0,02;1,09;0;0;457;734;"";156,35;23,45;436,911;63,11;20,879;0,85;1,762;0,25;17,301;1,87;12,752;11,0;15,686;11,48;16,944;11,95;1885,395;193,34;582,512;66,68;57,64;15,63;2,959;10,12;1,795;10,01;0,726;10,0;1,918;19,785;0,54;29,57;3,42;5,067;0,52;1,67;1,44;945,963;1,0;"";"";22,891;2,32;38,141;10,48;"";"";13,0;20,0;13,0;"";"";"";"";"";"";"";"";"";"";"";"";"";"";"";"";"";"";"";"";"";"";"";"";"";"";"";"";"";"";"";"";"";"";"";"";"";"";"";"";"";"";"";"";"";"";"";"";"";"";"";"";"";"";"";"";"";"";"";"";"";"";"";"";""
09.12.2022 02:09:12;1670548152000;880f01e687e2572cea04e80fc6a68085;884996;OK;1822;0;0;0;0;0,01;4,39;0;0;426;733;"";158,688;23,8;439,123;63,17;20,875;0,85;1,764;0,25;17,258;1,86;13,74;11,03;17,112;11,72;18,25;11,96;1928,806;197,52;598,169;68,11;64,792;16,29;2,994;10,17;1,326;10,06;0,077;10,0;1,842;19,784;0,54;29,561;3,42;5,065;0,52;1,664;1,44;945,937;1,0;"";"";22,968;2,31;37,895;10,46;"";"";13,821;19,54;36,6;"";"";"";"";"";"";"";"";"";"";"";"";"";"";"";"";"";"";"";"";"";"";"";"";"";"";"";"";"";"";"";"";"";"";"";"";"";"";"";"";"";"";"";"";"";"";"";"";"";"";"";"";"";"";"";"";"";"";"";"";"";"";"";"";""
09.12.2022 02:11:13;1670548273000;880f01e687e2572cea04e80fc6a68085;885117;OK;1799;0;0;0;0;-0,0;-2,14;0;0;465;733;"";156,563;23,48;436,222;63,09;20,878;0,85;1,765;0,25;17,22;1,86;12,502;11,0;16,422;11,67;19,365;11,88;1869,733;191,83;579,476;66,33;70,96;16,89;6,336;10,52;4,107;10,36;1,355;10,07;2,595;19,78;0,54;29,563;3,42;5,064;0,52;1,663;1,44;945,91;1,0;"";"";22,999;2,31;37,533;10,44;"";"";13,085;19,95;13,0;"";"";"";"";"";"";"";"";"";"";"";"";"";"";"";"";"";"";"";"";"";"";"";"";"";"";"";"";"";"";"";"";"";"";"";"";"";"";"";"";"";"";"";"";"";"";"";"";"";"";"";"";"";"";"";"";"";"";"";"";"";"";"";"";""
09.12.2022 02:13:13;1670548393000;880f01e687e2572cea04e80fc6a68085;885237;OK;1790;0;0;0;0;-0,02;-1,18;0;0;414;733;"";155,099;23,26;437,503;63,13;20,878;0,85;1,767;0,25;17,168;1,86;14,163;11,08;16,286;11,75;17,881;11,96;1984,722;203,04;619,578;70,25;55,346;15,36;2,912;10,19;1,497;10,08;0,14;10,01;1,93;19,778;0,54;29,544;3,42;5,06;0,52;1,651;1,44;945,9249;1,0;"";"";22,957;2,31;37,25;10,43;"";"";13,009;20,0;13,0;"";"";"";"";"";"";"";"";"";"";"";"";"";"";"";"";"";"";"";"";"";"";"";"";"";"";"";"";"";"";"";"";"";"";"";"";"";"";"";"";"";"";"";"";"";"";"";"";"";"";"";"";"";"";"";"";"";"";"";"";"";"";"";"";""
09.12.2022 02:15:12;1670548512000;880f01e687e2572cea04e80fc6a68085;885356;OK;1799;0;0;0;0;-0,02;-7,52;0;0;418;732;"";156,504;23,48;435,509;63,07;20,878;0,85;1,769;0,25;17,149;1,86;14,0;11,01;17,879;11,94;19,334;11,97;2030,568;207,48;635,218;71,74;70,655;16,83;3,489;10,41;2,148;10,12;0,385;10,0;1,953;19,778;0,54;29,542;3,42;5,06;0,52;1,65;1,44;945,9559;1,0;"";"";22,978;2,31;37,325;10,43;"";"";13,001;20,0;13,0;"";"";"";"";"";"";"";"";"";"";"";"";"";"";"";"";"";"";"";"";"";"";"";"";"";"";"";"";"";"";"";"";"";"";"";"";"";"";"";"";"";"";"";"";"";"";"";"";"";"";"";"";"";"";"";"";"";"";"";"";"";"";"";"";""
09.12.2022 02:17:13;1670548633000;880f01e687e2572cea04e80fc6a68085;885477;OK;1790;0;0;0;0;-0,02;-0,02;0;0;422;732;"";156,094;23,41;436,374;63,09;20,878;0,85;1,771;0,25;17,134;1,86;13,879;11,0;17,505;11,89;19,207;11,94;2022,189;206,62;626,004;70,84;67,812;16,63;4,586;10,63;2,285;10,22;0,73;10,0;2,053;19,778;0,54;29,542;3,42;5,06;0,52;1,651;1,44;945,953;1,0;"";"";22,972;2,31;37,527;10,44;"";"";13,0;20,0;13,0;"";"";"";"";"";"";"";"";"";"";"";"";"";"";"";"";"";"";"";"";"";"";"";"";"";"";"";"";"";"";"";"";"";"";"";"";"";"";"";"";"";"";"";"";"";"";"";"";"";"";"";"";"";"";"";"";"";"";"";"";"";"";"";"";""
09.12.2022 02:19:13;1670548753000;880f01e687e2572cea04e80fc6a68085;885597;OK;1800;0;0;0;0;0,01;1,8;0;0;443;731;"";155,214;23,28;438,301;63,15;20,878;0,85;1,773;0,25;17,134;1,86;13,167;11,0;15,647;11,45;16,551;11,59;1903,742;195,12;589,376;67,29;58,557;15,74;2,064;10,13;0,798;10,04;0,108;10,0;1,669;19,776;0,54;29,555;3,42;5,061;0,52;1,655;1,44;945,976;1,0;"";"";22,966;2,31;37,782;10,46;"";"";13,0;20,0;13,0;"";"";"";"";"";"";"";"";"";"";"";"";"";"";"";"";"";"";"";"";"";"";"";"";"";"";"";"";"";"";"";"";"";"";"";"";"";"";"";"";"";"";"";"";"";"";"";"";"";"";"";"";"";"";"";"";"";"";"";"";"";"";"";"";""
09.12.2022 02:21:14;1670548874000;880f01e687e2572cea04e80fc6a68085;885718;OK;1789;0;0;0;0;-0,0;11,5;0;0;432;731;"";155,773;23,37;439,018;63,17;20,877;0,85;1,774;0,25;17,151;1,86;13,56;11,0;17,492;11,93;18,325;11,95;1944,306;199,09;609,857;69,31;73,009;17,06;2,883;10,26;0,933;10,02;0,125;10,0;1,717;19,775;0,54;29,543;3,42;5,059;0,52;1,648;1,44;945,998;1,0;"";"";22,936;2,32;37,719;10,45;"";"";13,0;20,0;13,0;"";"";"";"";"";"";"";"";"";"";"";"";"";"";"";"";"";"";"";"";"";"";"";"";"";"";"";"";"";"";"";"";"";"";"";"";"";"";"";"";"";"";"";"";"";"";"";"";"";"";"";"";"";"";"";"";"";"";"";"";"";"";"";"";""
09.12.2022 02:23:15;1670548995000;880f01e687e2572cea04e80fc6a68085;885838;OK;1814;0;0;0;0;-0,01;6,13;0;0;441;731;"";156,495;23,47;438,777;63,16;20,877;0,85;1,776;0,25;17,082;1,86;13,26;11,0;17,653;11,95;19,395;12,0;1970,603;201,65;616,278;69,93;87,831;18,62;3,393;10,23;1,899;10,19;0,48;10,0;2,1;19,774;0,54;29,542;3,42;5,059;0,52;1,647;1,44;945,988;1,0;"";"";22,804;2,32;37,85;10,46;"";"";13,0;20,0;13,0;"";"";"";"";"";"";"";"";"";"";"";"";"";"";"";"";"";"";"";"";"";"";"";"";"";"";"";"";"";"";"";"";"";"";"";"";"";"";"";"";"";"";"";"";"";"";"";"";"";"";"";"";"";"";"";"";"";"";"";"";"";"";"";"";""
09.12.2022 02:25:14;1670549114000;880f01e687e2572cea04e80fc6a68085;885958;OK;1814;0;0;0;0;-0,01;-4,95;0;0;431;731;"";157,049;23,56;437,005;63,11;20,876;0,85;1,777;0,25;17,067;1,85;13,56;11,0;17,129;11,97;18,98;12,0;1971,506;201,78;618,879;70,15;66,63;16,52;5,122;10,54;2,039;10,04;0,808;10,0;2,15;19,773;0,54;29,546;3,42;5,059;0,52;1,648;1,44;946,01;1,0;"";"";22,886;2,32;37,978;10,47;"";"";13,0;20,0;13,0;"";"";"";"";"";"";"";"";"";"";"";"";"";"";"";"";"";"";"";"";"";"";"";"";"";"";"";"";"";"";"";"";"";"";"";"";"";"";"";"";"";"";"";"";"";"";"";"";"";"";"";"";"";"";"";"";"";"";"";"";"";"";"";"";""
09.12.2022 02:27:14;1670549234000;880f01e687e2572cea04e80fc6a68085;886078;OK;1789;0;0;0;0;-0,0;-0,77;0;0;445;730;"";156,203;23,43;439,458;63,18;20,877;0,85;1,779;0,25;17,029;1,85;13,105;11,0;16,664;11,71;17,73;11,82;1895,784;194,38;589,522;67,32;68,347;16,67;2,763;10,28;1,164;10,08;0,608;10,0;1,783;19,772;0,54;29,542;3,42;5,058;0,52;1,646;1,44;946,039;1,0;"";"";22,892;2,32;38,487;10,49;"";"";13,0;20,0;13,0;"";"";"";"";"";"";"";"";"";"";"";"";"";"";"";"";"";"";"";"";"";"";"";"";"";"";"";"";"";"";"";"";"";"";"";"";"";"";"";"";"";"";"";"";"";"";"";"";"";"";"";"";"";"";"";"";"";"";"";"";"";"";"";"";""
09.12.2022 02:29:15;1670549355000;880f01e687e2572cea04e80fc6a68085;886199;OK;1799;0;0;0;0;0,0;5,14;0;0;407;730;"";155,785;23,37;439,941;63,2;20,876;0,85;1,779;0,25;17,048;1,85;14,444;11,26;17,776;11,89;19,63;11,96;2109,031;214,98;662,406;74,44;71,076;16,96;3,918;10,23;2,55;10,08;0,063;10,0;2,073;19,772;0,54;29,552;3,42;5,06;0,52;1,65;1,44;945,989;1,0;"";"";22,824;2,32;38,601;10,5;"";"";13,0;20,0;13,0;"";"";"";"";"";"";"";"";"";"";"";"";"";"";"";"";"";"";"";"";"";"";"";"";"";"";"";"";"";"";"";"";"";"";"";"";"";"";"";"";"";"";"";"";"";"";"";"";"";"";"";"";"";"";"";"";"";"";"";"";"";"";"";"";""
09.12.2022 02:31:16;1670549476000;880f01e687e2572cea04e80fc6a68085;886320;OK;1805;0;0;0;0;0,0;4,33;0;0;445;730;"";156,542;23,48;439,736;63,19;20,878;0,85;1,78;0,25;16,951;1,85;13,12;11,03;16,197;11,6;18,169;11,93;1917,29;196,37;597,613;68,09;65,223;16,38;2,732;10,26;2,08;10,16;1,004;10,0;2,2;19,771;0,54;29,546;3,42;5,058;0,52;1,646;1,44;945,903;1,0;"";"";22,774;2,32;38,578;10,5;"";"";13,0;20,0;13,0;"";"";"";"";"";"";"";"";"";"";"";"";"";"";"";"";"";"";"";"";"";"";"";"";"";"";"";"";"";"";"";"";"";"";"";"";"";"";"";"";"";"";"";"";"";"";"";"";"";"";"";"";"";"";"";"";"";"";"";"";"";"";"";"";""
09.12.2022 02:33:17;1670549597000;880f01e687e2572cea04e80fc6a68085;886440;OK;1791;0;0;0;0;-0,0;-4,4;0;0;469;730;"";153,749;23,06;438,535;63,16;20,872;0,85;1,78;0,25;16,886;1,84;12,367;11,0;14,816;11,31;16,259;11,52;1816,846;186,59;566,558;65,04;49,495;14,83;2,951;10,24;1,189;10,1;0,453;10,0;1,958;19,769;0,54;29,543;3,42;5,057;0,52;1,643;1,44;945,834;1,0;"";"";22,774;2,32;38,299;10,48;"";"";13,0;20,0;13,0;"";"";"";"";"";"";"";"";"";"";"";"";"";"";"";"";"";"";"";"";"";"";"";"";"";"";"";"";"";"";"";"";"";"";"";"";"";"";"";"";"";"";"";"";"";"";"";"";"";"";"";"";"";"";"";"";"";"";"";"";"";"";"";"";""
09.12.2022 02:35:17;1670549717000;880f01e687e2572cea04e80fc6a68085;886561;OK;1791;0;0;0;0;0,0;-4,84;0;0;434;730;"";153,929;23,09;437,304;63,12;20,876;0,85;1,78;0,25;17,018;1,85;13,471;11,0;16,96;11,74;17,522;11,79;1974,307;201,99;610,099;69,34;62,62;16,06;2,889;10,33;0,609;10,01;0,159;10,0;1,564;19,769;0,54;29,567;3,42;5,061;0,52;1,655;1,44;945,842;1,0;"";"";22,708;2,33;38,3;10,48;"";"";13,0;20,0;13,0;"";"";"";"";"";"";"";"";"";"";"";"";"";"";"";"";"";"";"";"";"";"";"";"";"";"";"";"";"";"";"";"";"";"";"";"";"";"";"";"";"";"";"";"";"";"";"";"";"";"";"";"";"";"";"";"";"";"";"";"";"";"";"";"";""
09.12.2022 02:37:17;1670549837000;880f01e687e2572cea04e80fc6a68085;886681;OK;1802;0;0;0;0;0,0;2,8;0;0;428;730;"";154,522;23,18;439,97;63,2;20,876;0,85;1,78;0,25;16,945;1,85;13,704;11,0;16,961;11,81;18,077;11,83;1944,53;199,21;615,006;69,88;58,593;15,75;3,793;10,34;1,534;10,02;0,016;10,0;1,803;19,767;0,54;29,545;3,42;5,057;0,52;1,643;1,44;945,928;1,0;"";"";22,702;2,33;38,583;10,5;"";"";13,0;20,0;13,0;"";"";"";"";"";"";"";"";"";"";"";"";"";"";"";"";"";"";"";"";"";"";"";"";"";"";"";"";"";"";"";"";"";"";"";"";"";"";"";"";"";"";"";"";"";"";"";"";"";"";"";"";"";"";"";"";"";"";"";"";"";"";"";"";""
09.12.2022 02:39:18;1670549958000;880f01e687e2572cea04e80fc6a68085;886802;OK;1796;0;0;0;0;-0,01;10,46;0;0;438;730;"";152,021;22,8;441,009;63,23;20,875;0,85;1,781;0,25;16,892;1,85;13,358;11,0;16,825;11,87;17,445;11,95;1965,54;201,1;614,242;69,72;61,477;15,99;2,391;10,13;0,846;10,01;0,002;10,0;1,599;19,766;0,54;29,538;3,42;5,056;0,52;1,638;1,44;945,913;1,0;"";"";22,584;2,33;38,455;10,49;"";"";13,0;20,0;13,0;"";"";"";"";"";"";"";"";"";"";"";"";"";"";"";"";"";"";"";"";"";"";"";"";"";"";"";"";"";"";"";"";"";"";"";"";"";"";"";"";"";"";"";"";"";"";"";"";"";"";"";"";"";"";"";"";"";"";"";"";"";"";"";"";""
09.12.2022 02:41:18;1670550078000;880f01e687e2572cea04e80fc6a68085;886922;OK;1790;0;0;0;0;-0,05;6,98;0;0;427;729;"";154,789;23,22;439,571;63,19;20,879;0,85;1,781;0,25;16,799;1,84;13,727;11,0;16,288;11,8;17,34;11,9;1992,686;203,65;618,194;70,09;59,713;15,82;2,4;10,13;1,05;10,0;0,0;10,0;1,753;19,766;0,54;29,457;3,42;5,042;0,52;1,6;1,44;945,896;1,0;"";"";22,477;2,34;37,962;10,47;"";"";13,0;20,0;13,0;"";"";"";"";"";"";"";"";"";"";"";"";"";"";"";"";"";"";"";"";"";"";"";"";"";"";"";"";"";"";"";"";"";"";"";"";"";"";"";"";"";"";"";"";"";"";"";"";"";"";"";"";"";"";"";"";"";"";"";"";"";"";"";"";""
09.12.2022 02:43:18;1670550198000;880f01e687e2572cea04e80fc6a68085;887042;OK;1796;0;0;0;0;-0,02;-2,49;0;0;464;730;"";152,873;22,93;439,44;63,18;20,876;0,85;1,781;0,25;16,705;1,84;12,524;11,0;16,128;11,58;16,658;11,71;1863,036;191,17;581,584;66,55;66,969;16,53;3,31;10,32;0,624;10,0;0,0;10,0;1,595;19,765;0,54;29,529;3,42;5,054;0,52;1,634;1,44;945,8289;1,0;"";"";22,413;2,34;37,91;10,46;"";"";13,0;20,0;13,0;"";"";"";"";"";"";"";"";"";"";"";"";"";"";"";"";"";"";"";"";"";"";"";"";"";"";"";"";"";"";"";"";"";"";"";"";"";"";"";"";"";"";"";"";"";"";"";"";"";"";"";"";"";"";"";"";"";"";"";"";"";"";"";"";""
09.12.2022 02:45:18;1670550318000;880f01e687e2572cea04e80fc6a68085;887163;OK;1787;0;0;0;0;-0,01;-7,53;0;0;449;729;"";153,444;23,02;438,554;63,16;20,874;0,85;1,781;0,25;16,732;1,84;13,01;11,0;16,637;11,55;19,478;11,96;1884,972;193,29;591,767;67,54;72,61;16,97;7,394;10,74;4,762;10,58;0,0;10,0;2,575;19,762;0,54;29,511;3,42;5,05;0,52;1,622;1,44;945,76;1,0;"";"";22,581;2,33;38,022;10,47;"";"";13,0;20,0;13,0;"";"";"";"";"";"";"";"";"";"";"";"";"";"";"";"";"";"";"";"";"";"";"";"";"";"";"";"";"";"";"";"";"";"";"";"";"";"";"";"";"";"";"";"";"";"";"";"";"";"";"";"";"";"";"";"";"";"";"";"";"";"";"";"";""
09.12.2022 02:47:18;1670550438000;880f01e687e2572cea04e80fc6a68085;887282;OK;1796;0;0;0;0;-0,01;-0,07;0;0;449;729;"";153,723;23,06;440,085;63,2;20,871;0,85;1,781;0,25;16,67;1,83;12,999;11,0;17,015;11,91;18,126;11,97;1955,207;200,17;610,563;69,35;66,013;16,44;3,626;10,34;1,249;10,15;0,407;10,0;1,84;19,763;0,54;29,47;3,42;5,043;0,52;1,603;1,44;945,76;1,0;"";"";22,535;2,33;38,179;10,48;"";"";13,0;20,0;13,0;"";"";"";"";"";"";"";"";"";"";"";"";"";"";"";"";"";"";"";"";"";"";"";"";"";"";"";"";"";"";"";"";"";"";"";"";"";"";"";"";"";"";"";"";"";"";"";"";"";"";"";"";"";"";"";"";"";"";"";"";"";"";"";"";""
09.12.2022 02:49:19;1670550559000;880f01e687e2572cea04e80fc6a68085;887403;OK;1790;0;0;0;0;-0,05;1,3;0;0;446;729;"";152,275;22,84;439,234;63,18;20,871;0,85;1,781;0,25;16,622;1,83;13,084;11,0;16,528;11,66;17,401;11,98;1893,253;194,16;589,888;67,33;64,858;16,33;2,665;10,21;1,068;10,04;0,042;10,0;1,726;19,762;0,54;29,467;3,42;5,042;0,52;1,601;1,44;945,765;1,0;"";"";22,486;2,34;38,064;10,47;"";"";13,0;20,0;13,0;"";"";"";"";"";"";"";"";"";"";"";"";"";"";"";"";"";"";"";"";"";"";"";"";"";"";"";"";"";"";"";"";"";"";"";"";"";"";"";"";"";"";"";"";"";"";"";"";"";"";"";"";"";"";"";"";"";"";"";"";"";"";"";"";""
09.12.2022 02:51:19;1670550679000;880f01e687e2572cea04e80fc6a68085;887523;OK;1807;0;0;0;0;-0,03;-1,89;0;0;445;729;"";151,845;22,78;438,25;63,15;20,873;0,85;1,781;0,25;16,646;1,83;13,13;11,0;17,071;11,93;18,57;12,0;1910,976;195,84;592,32;67,54;72,211;17,01;4,417;10,42;1,436;10,05;0,377;10,0;2,025;19,762;0,54;29,443;3,42;5,038;0,52;1,589;1,45;945,783;1,0;"";"";22,621;2,33;38,082;10,47;"";"";13,0;20,0;13,0;"";"";"";"";"";"";"";"";"";"";"";"";"";"";"";"";"";"";"";"";"";"";"";"";"";"";"";"";"";"";"";"";"";"";"";"";"";"";"";"";"";"";"";"";"";"";"";"";"";"";"";"";"";"";"";"";"";"";"";"";"";"";"";"";""
09.12.2022 02:53:19;1670550799000;880f01e687e2572cea04e80fc6a68085;887643;OK;1791;0;0;0;0;-0,03;-10,2;0;0;430;728;"";151,672;22,75;436,787;63,1;20,871;0,85;1,781;0,25;16,593;1,83;13,615;11,0;17,609;11,91;18,657;12,0;1983,652;202,86;611,767;69,54;68,482;16,65;5,065;10,49;1,496;10,03;0,039;10,0;1,823;19,759;0,54;29,417;3,42;5,033;0,52;1,574;1,45;945,758;1,0;"";"";22,521;2,34;37,7;10,45;"";"";13,0;20,0;13,0;"";"";"";"";"";"";"";"";"";"";"";"";"";"";"";"";"";"";"";"";"";"";"";"";"";"";"";"";"";"";"";"";"";"";"";"";"";"";"";"";"";"";"";"";"";"";"";"";"";"";"";"";"";"";"";"";"";"";"";"";"";"";"";"";""
09.12.2022 02:55:20;1670550920000;880f01e687e2572cea04e80fc6a68085;887764;OK;1819;0;0;0;0;-0,03;-0,0;0;0;419;728;"";150,796;22,62;439,935;63,2;20,873;0,85;1,781;0,25;16,577;1,83;13,997;11,03;16,861;11,95;17,886;11,98;1989,264;203,4;621,451;70,46;68,423;16,72;2,797;10,22;1,515;10,02;0,004;10,0;1,748;19,758;0,54;29,414;3,42;5,032;0,52;1,573;1,45;945,7109;1,0;"";"";22,402;2,34;37,571;10,44;"";"";13,0;20,0;13,0;"";"";"";"";"";"";"";"";"";"";"";"";"";"";"";"";"";"";"";"";"";"";"";"";"";"";"";"";"";"";"";"";"";"";"";"";"";"";"";"";"";"";"";"";"";"";"";"";"";"";"";"";"";"";"";"";"";"";"";"";"";"";"";"";""
09.12.2022 02:57:20;1670551040000;880f01e687e2572cea04e80fc6a68085;887884;OK;1807;0;0;0;0;-0,02;1,59;0;0;452;728;"";150,54;22,58;437,68;63,13;20,873;0,85;1,78;0,25;16,524;1,83;12,883;11,0;16,403;11,86;17,176;12,0;1898,47;194,65;594,188;67,79;71,531;16,92;2,272;10,07;0,9639999;10,0;0,0;10,0;1,704;19,754;0,54;29,414;3,42;5,031;0,52;1,569;1,45;945,647;1,0;"";"";22,374;2,34;37,648;10,45;"";"";13,0;20,0;13,0;"";"";"";"";"";"";"";"";"";"";"";"";"";"";"";"";"";"";"";"";"";"";"";"";"";"";"";"";"";"";"";"";"";"";"";"";"";"";"";"";"";"";"";"";"";"";"";"";"";"";"";"";"";"";"";"";"";"";"";"";"";"";"";"";""
09.12.2022 02:59:21;1670551161000;880f01e687e2572cea04e80fc6a68085;888005;OK;1794;0;0;0;0;-0,0;0,52;0;0;479;728;"";151,79;22,77;437,561;63,13;20,872;0,85;1,779;0,25;16,468;1,82;12,048;11,0;15,17;11,38;15,439;11,39;1769,158;182,02;552,036;63,73;66,728;16,46;1,302;10,07;0,144;10,0;0,0;10,0;1,454;19,755;0,54;29,414;3,42;5,031;0,52;1,57;1,45;945,586;1,0;"";"";22,418;2,34;37,707;10,45;"";"";13,0;20,0;13,0;"";"";"";"";"";"";"";"";"";"";"";"";"";"";"";"";"";"";"";"";"";"";"";"";"";"";"";"";"";"";"";"";"";"";"";"";"";"";"";"";"";"";"";"";"";"";"";"";"";"";"";"";"";"";"";"";"";"";"";"";"";"";"";"";""
09.12.2022 03:01:21;1670551281000;880f01e687e2572cea04e80fc6a68085;888125;OK;1798;0;0;0;0;-0,0;-6,57;0;0;451;728;"";151,074;22,66;436,946;63,11;20,875;0,85;1,779;0,25;16,443;1,82;12,915;11,0;16,664;11,82;17,718;11,84;1903,903;195,16;594,697;67,85;69,292;16,68;2,054;10,16;1,323;10,03;0,311;10,0;1,821;19,753;0,54;29,415;3,42;5,031;0,52;1,569;1,45;945,572;1,0;"";"";22,451;2,34;37,753;10,45;"";"";13,0;20,0;13,0;"";"";"";"";"";"";"";"";"";"";"";"";"";"";"";"";"";"";"";"";"";"";"";"";"";"";"";"";"";"";"";"";"";"";"";"";"";"";"";"";"";"";"";"";"";"";"";"";"";"";"";"";"";"";"";"";"";"";"";"";"";"";"";"";""
09.12.2022 03:03:22;1670551402000;880f01e687e2572cea04e80fc6a68085;888246;OK;1779;0;0;0;0;-0,01;-4,33;0;0;433;729;"";149,829;22,47;436,454;63,09;20,874;0,85;1,778;0,25;16,437;1,82;13,508;11,0;16,972;11,91;17,777;11,98;1973,565;201,94;609,984;69,31;62,481;16,09;2,829;10,2;1,295;10,06;0,744;10,0;1,687;19,751;0,54;29,405;3,42;5,028;0,52;1,562;1,45;945,615;1,0;"";"";22,315;2,35;37,838;10,46;"";"";13,0;20,0;13,0;"";"";"";"";"";"";"";"";"";"";"";"";"";"";"";"";"";"";"";"";"";"";"";"";"";"";"";"";"";"";"";"";"";"";"";"";"";"";"";"";"";"";"";"";"";"";"";"";"";"";"";"";"";"";"";"";"";"";"";"";"";"";"";"";""
09.12.2022 03:05:23;1670551523000;880f01e687e2572cea04e80fc6a68085;888367;OK;1795;0;0;0;0;-0,01;-1,65;0;0;465;729;"";148,618;22,29;437,123;63,11;20,873;0,85;1,778;0,25;16,359;1,82;12,484;11,0;16,078;11,65;17,523;11,74;1833,544;188,25;578,694;66,23001;69,366;16,75;5,474;10,5;2,802;10,37;0,349;10,0;1,982;19,75;0,54;29,41;3,42;5,029;0,52;1,564;1,45;945,612;1,0;"";"";22,311;2,35;37,96;10,46;"";"";13,0;20,0;13,0;"";"";"";"";"";"";"";"";"";"";"";"";"";"";"";"";"";"";"";"";"";"";"";"";"";"";"";"";"";"";"";"";"";"";"";"";"";"";"";"";"";"";"";"";"";"";"";"";"";"";"";"";"";"";"";"";"";"";"";"";"";"";"";"";""
09.12.2022 03:07:21;1670551641000;880f01e687e2572cea04e80fc6a68085;888485;OK;1792;0;0;0;0;-0,0;6,61;0;0;490;729;"";148,567;22,29;439,352;63,18;20,876;0,85;1,778;0,25;16,3;1,81;11,692;11,0;13,981;11,1;16,848;11,79;1760,199;181,07;543,078;62,84;56,59;15,62;4,956;10,44;4,636;10,42;1,379;10,0;2,697;19,747;0,54;29,416;3,42;5,029;0,52;1,564;1,45;945,5819;1,0;"";"";22,231;2,35;37,921;10,46;"";"";13,0;20,0;13,0;"";"";"";"";"";"";"";"";"";"";"";"";"";"";"";"";"";"";"";"";"";"";"";"";"";"";"";"";"";"";"";"";"";"";"";"";"";"";"";"";"";"";"";"";"";"";"";"";"";"";"";"";"";"";"";"";"";"";"";"";"";"";"";"";""
09.12.2022 03:09:22;1670551762000;880f01e687e2572cea04e80fc6a68085;888606;OK;1804;0;0;0;0;-0,01;5,43;0;0;473;728;"";148,511;22,28;437,498;63,12;20,875;0,85;1,778;0,25;16,252;1,81;12,246;11,0;14,331;11,19;15,325;11,48;1809,505;185,93;558,288;64,27;60,008;15,88;1,695;10,05;1,662;10,05;0,164;10,0;1,74;19,745;0,54;29,363;3,43;5,02;0,52;1,537;1,45;945,539;1,0;"";"";22,151;2,35;37,57;10,44;"";"";13,0;20,0;13,0;"";"";"";"";"";"";"";"";"";"";"";"";"";"";"";"";"";"";"";"";"";"";"";"";"";"";"";"";"";"";"";"";"";"";"";"";"";"";"";"";"";"";"";"";"";"";"";"";"";"";"";"";"";"";"";"";"";"";"";"";"";"";"";"";""
09.12.2022 03:11:24;1670551884000;880f01e687e2572cea04e80fc6a68085;888728;OK;1792;0;0;0;0;-0,06;-1,93;0;0;452;728;"";149,532;22,43;437,818;63,13;20,877;0,85;1,777;0,25;16,248;1,81;12,9;11,0;15,27;11,33;16,341;11,82;1864,144;191,24;582,306;66,64;56,534;15,52;3,15;10,31;2,071;10,19;0,016;10,0;1,792;19,744;0,54;29,303;3,43;5,009;0,52;1,508;1,45;945,5729;1,0;"";"";22,045;2,36;36,996;10,41;"";"";13,0;20,0;13,0;"";"";"";"";"";"";"";"";"";"";"";"";"";"";"";"";"";"";"";"";"";"";"";"";"";"";"";"";"";"";"";"";"";"";"";"";"";"";"";"";"";"";"";"";"";"";"";"";"";"";"";"";"";"";"";"";"";"";"";"";"";"";"";"";""
09.12.2022 03:13:23;1670552003000;880f01e687e2572cea04e80fc6a68085;888847;OK;1789;0;0;0;0;-0,07;-5,82;0;0;454;728;"";148,528;22,28;436,678;63,1;20,875;0,85;1,777;0,25;16,21;1,81;12,829;11,0;16,743;11,72;18,841;11,83;1908,328;195,56;597,676;68,06;69,37;16,79;5,546;10,49;2,339;10,29;0,6;10,0;2,226;19,745;0,54;29,298;3,43;5,008;0,52;1,506;1,45;945,5689;1,0;"";"";22,085;2,36;36,909;10,41;"";"";13,0;20,0;13,0;"";"";"";"";"";"";"";"";"";"";"";"";"";"";"";"";"";"";"";"";"";"";"";"";"";"";"";"";"";"";"";"";"";"";"";"";"";"";"";"";"";"";"";"";"";"";"";"";"";"";"";"";"";"";"";"";"";"";"";"";"";"";"";"";""
09.12.2022 03:15:24;1670552124000;880f01e687e2572cea04e80fc6a68085;888967;OK;1802;0;0;0;0;-0,03;-6,96;0;0;476;728;"";148,508;22,28;434,907;63,05;20,875;0,85;1,776;0,25;16,232;1,81;12,142;11,0;14,632;11,14;16,795;11,77;1820,461;187,0;559,799;64,39;56,926;15,52;4,171;10,35;3,84;10,32;0,062;10,0;2,321;19,742;0,54;29,304;3,43;5,008;0,52;1,506;1,45;945,504;1,0;"";"";22,043;2,36;37,164;10,42;"";"";13,0;20,0;13,0;"";"";"";"";"";"";"";"";"";"";"";"";"";"";"";"";"";"";"";"";"";"";"";"";"";"";"";"";"";"";"";"";"";"";"";"";"";"";"";"";"";"";"";"";"";"";"";"";"";"";"";"";"";"";"";"";"";"";"";"";"";"";"";"";""
09.12.2022 03:17:23;1670552243000;880f01e687e2572cea04e80fc6a68085;889088;OK;1784;0;0;0;0;0,0;-4,86;0;0;470;728;"";147,634;22,15;436,416;63,09;20,876;0,85;1,775;0,25;16,189;1,81;12,328;11,0;13,904;11,01;15,977;11,65;1800,166;185,03;560,299;64,44;46,309;14,44;3,166;10,2;2,847;10,14;0,156;10,0;2,279;19,741;0,54;29,306;3,43;5,008;0,52;1,506;1,45;945,42;1,0;"";"";21,921;2,36;37,454;10,44;"";"";13,0;20,0;13,0;"";"";"";"";"";"";"";"";"";"";"";"";"";"";"";"";"";"";"";"";"";"";"";"";"";"";"";"";"";"";"";"";"";"";"";"";"";"";"";"";"";"";"";"";"";"";"";"";"";"";"";"";"";"";"";"";"";"";"";"";"";"";"";"";""
09.12.2022 03:19:25;1670552365000;880f01e687e2572cea04e80fc6a68085;889209;OK;1814;0;0;0;0;0,01;-4,01;0;0;465;728;"";147,081;22,06;434,527;63,04;20,877;0,85;1,774;0,25;16,109;1,8;12,461;11,0;14,468;11,15;14,977;11,27;1812,99;186,26;565,93;65,07;54,494;15,38;1,106;10,12;1,073;10,11;0,016;10,0;1,469;19,738;0,54;29,32;3,43;5,01;0,52;1,511;1,45;945,338;1,0;"";"";21,91;2,36;37,4;10,43;"";"";13,0;20,0;13,0;"";"";"";"";"";"";"";"";"";"";"";"";"";"";"";"";"";"";"";"";"";"";"";"";"";"";"";"";"";"";"";"";"";"";"";"";"";"";"";"";"";"";"";"";"";"";"";"";"";"";"";"";"";"";"";"";"";"";"";"";"";"";"";"";""
09.12.2022 03:21:25;1670552485000;880f01e687e2572cea04e80fc6a68085;889329;OK;1787;0;0;0;0;0,0;-2,43;0;0;463;728;"";145,861;21,88;434,826;63,04;20,876;0,85;1,773;0,25;16,093;1,8;12,555;11,0;14,6;11,24;15,273;11,44;1868,856;191,76;576,026;66,05;51,448;15,02;1,796;10,11;0,5440001;10,02;0,248;10,0;1,562;19,737;0,54;29,313;3,43;5,009;0,52;1,506;1,45;945,288;1,0;"";"";21,915;2,36;37,319;10,43;"";"";13,0;20,0;13,0;"";"";"";"";"";"";"";"";"";"";"";"";"";"";"";"";"";"";"";"";"";"";"";"";"";"";"";"";"";"";"";"";"";"";"";"";"";"";"";"";"";"";"";"";"";"";"";"";"";"";"";"";"";"";"";"";"";"";"";"";"";"";"";"";""
09.12.2022 03:23:24;1670552604000;880f01e687e2572cea04e80fc6a68085;889448;OK;1808;0;0;0;0;-0,01;-0,32;0;0;470;728;"";144,964;21,74;436,255;63,09;20,877;0,85;1,773;0,25;16,05;1,8;12,313;11,0;15,308;11,51;17,074;11,77;1793,58;184,43;565,733;64,99;60,427;15,91;4,248;10,52;2,37;10,3;0,312;10,0;2,163;19,737;0,54;29,307;3,43;5,008;0,52;1,504;1,45;945,302;1,0;"";"";21,922;2,36;37,48;10,44;"";"";13,0;20,0;13,0;"";"";"";"";"";"";"";"";"";"";"";"";"";"";"";"";"";"";"";"";"";"";"";"";"";"";"";"";"";"";"";"";"";"";"";"";"";"";"";"";"";"";"";"";"";"";"";"";"";"";"";"";"";"";"";"";"";"";"";"";"";"";"";"";""
09.12.2022 03:25:25;1670552725000;880f01e687e2572cea04e80fc6a68085;889569;OK;1805;0;0;0;0;-0,02;10,8;0;0;511;728;"";145,84;21,88;438,097;63,14;20,876;0,85;1,773;0,25;16,028;1,8;11,085;11,0;14,574;11,22;16,712;11,83;1700,147;175,31;527,224;61,24;60,024;15,89;6,489;10,79;3,757;10,42;0,895;10,0;2,45;19,735;0,54;29,308;3,43;5,007;0,52;1,502;1,45;945,341;1,0;"";"";21,847;2,37;37,867;10,46;"";"";13,0;20,0;13,0;"";"";"";"";"";"";"";"";"";"";"";"";"";"";"";"";"";"";"";"";"";"";"";"";"";"";"";"";"";"";"";"";"";"";"";"";"";"";"";"";"";"";"";"";"";"";"";"";"";"";"";"";"";"";"";"";"";"";"";"";"";"";"";"";""
09.12.2022 03:27:25;1670552845000;880f01e687e2572cea04e80fc6a68085;889689;OK;1817;0;0;0;0;-0,01;5,98;0;0;480;729;"";146,489;21,97;435,929;63,08;20,877;0,85;1,772;0,25;15,926;1,79;12,01;11,0;14,891;11,21;15,949;11,63;1842,029;189,14;566,166;65,07;55,357;15,46;2,787;10,19;1,582;10,04;0,092;10,0;1,852;19,735;0,54;29,308;3,43;5,007;0,52;1,502;1,45;945,323;1,0;"";"";21,787;2,37;38,129;10,47;"";"";13,0;20,0;13,0;"";"";"";"";"";"";"";"";"";"";"";"";"";"";"";"";"";"";"";"";"";"";"";"";"";"";"";"";"";"";"";"";"";"";"";"";"";"";"";"";"";"";"";"";"";"";"";"";"";"";"";"";"";"";"";"";"";"";"";"";"";"";"";"";""
09.12.2022 03:29:26;1670552966000;880f01e687e2572cea04e80fc6a68085;889810;OK;1786;0;0;0;0;-0,02;-0,89;0;0;463;728;"";146,088;21,91;436,948;63,11;20,878;0,85;1,773;0,25;15,852;1,79;12,54;11,0;14,645;11,2;15,754;11,66;1838,751;188,77;570,201;65,42;49,195;14,79;2,5;10,29;1,582;10,18;0,009;10,0;1,808;19,735;0,54;29,256;3,43;4,998;0,52;1,478;1,46;945,27;1,0;"";"";21,82;2,37;38,075;10,47;"";"";13,0;20,0;13,0;"";"";"";"";"";"";"";"";"";"";"";"";"";"";"";"";"";"";"";"";"";"";"";"";"";"";"";"";"";"";"";"";"";"";"";"";"";"";"";"";"";"";"";"";"";"";"";"";"";"";"";"";"";"";"";"";"";"";"";"";"";"";"";"";""
09.12.2022 03:31:25;1670553085000;880f01e687e2572cea04e80fc6a68085;889929;OK;1789;0;0;0;0;-0,04;5,27;0;0;467;728;"";145,49;21,82;439,54;63,19;20,878;0,85;1,772;0,25;15,804;1,79;12,409;11,0;15,179;11,39;16,135;11,56;1776,217;182,72;553,877;63,8;63,202;16,18;2,217;10,25;0,799;10,02;0,165;10,0;1,741;19,734;0,54;29,242;3,43;4,996;0,52;1,47;1,46;945,252;1,0;"";"";21,747;2,37;37,954;10,46;"";"";13,0;20,0;13,0;"";"";"";"";"";"";"";"";"";"";"";"";"";"";"";"";"";"";"";"";"";"";"";"";"";"";"";"";"";"";"";"";"";"";"";"";"";"";"";"";"";"";"";"";"";"";"";"";"";"";"";"";"";"";"";"";"";"";"";"";"";"";"";"";""
09.12.2022 03:33:25;1670553205000;880f01e687e2572cea04e80fc6a68085;890049;OK;1791;0;0;0;0;-0,05;10,56;0;0;484;728;"";145,094;21,76;438,832;63,16;20,878;0,85;1,772;0,25;15,749;1,78;11,877;11,0;14,779;11,3;16,598;11,58;1745,066;179,64;541,212;62,62;52,819;15,18;3,768;10,41;2,272;10,24;0,525;10,0;2,17;19,733;0,54;29,206;3,43;4,989;0,52;1,452;1,46;945,247;1,0;"";"";21,715;2,37;37,802;10,45;"";"";13,0;20,0;13,0;"";"";"";"";"";"";"";"";"";"";"";"";"";"";"";"";"";"";"";"";"";"";"";"";"";"";"";"";"";"";"";"";"";"";"";"";"";"";"";"";"";"";"";"";"";"";"";"";"";"";"";"";"";"";"";"";"";"";"";"";"";"";"";"";""
09.12.2022 03:35:26;1670553326000;880f01e687e2572cea04e80fc6a68085;890170;OK;1792;0;0;0;0;-0,04;-1,94;0;0;479;728;"";145,393;21,81;436,178;63,09;20,879;0,85;1,771;0,25;15,674;1,78;12,058;11,0;14,741;11,32;15,819;11,55;1766,367;181,73;548,452;63,33;50,976;14,99;2,975;10,29;1,172;10,02;0,743;10,0;1,846;19,731;0,54;29,192;3,43;4,986;0,52;1,444;1,46;945,1989;1,0;"";"";21,666;2,38;37,717;10,45;"";"";13,0;20,0;13,0;"";"";"";"";"";"";"";"";"";"";"";"";"";"";"";"";"";"";"";"";"";"";"";"";"";"";"";"";"";"";"";"";"";"";"";"";"";"";"";"";"";"";"";"";"";"";"";"";"";"";"";"";"";"";"";"";"";"";"";"";"";"";"";"";""
09.12.2022 03:37:27;1670553447000;880f01e687e2572cea04e80fc6a68085;890290;OK;1797;0;0;0;0;0,0;-10,14;0;0;470;729;"";143,639;21,55;437,916;63,14;20,878;0,85;1,77;0,25;15,666;1,78;12,329;11,0;14,418;11,2;15,338;11,41;1782,694;183,34;556,544;64,09;47,929;14,64;1,473;10,08;0,974;10,0;0,077;10,0;1,735;19,73;0,54;29,273;3,43;5,0;0,52;1,482;1,46;945,215;1,0;"";"";21,707;2,37;37,676;10,45;"";"";13,0;20,0;13,0;"";"";"";"";"";"";"";"";"";"";"";"";"";"";"";"";"";"";"";"";"";"";"";"";"";"";"";"";"";"";"";"";"";"";"";"";"";"";"";"";"";"";"";"";"";"";"";"";"";"";"";"";"";"";"";"";"";"";"";"";"";"";"";"";""
09.12.2022 03:39:26;1670553566000;880f01e687e2572cea04e80fc6a68085;890410;OK;1789;0;0;0;0;0,04;-5,46;0;0;463;729;"";142,931;21,44;436,684;63,1;20,877;0,85;1,769;0,25;15,674;1,78;12,551;11,0;15,454;11,43;16,423;11,63;1824,521;187,41;572,859;65,68;58,737;15,76;3,841;10,4;1,11;10,0;0,008;10,0;1,76;19,729;0,54;29,283;3,43;5,001;0,52;1,485;1,45;945,294;1,0;"";"";21,754;2,37;37,868;10,46;"";"";13,0;20,0;13,0;"";"";"";"";"";"";"";"";"";"";"";"";"";"";"";"";"";"";"";"";"";"";"";"";"";"";"";"";"";"";"";"";"";"";"";"";"";"";"";"";"";"";"";"";"";"";"";"";"";"";"";"";"";"";"";"";"";"";"";"";"";"";"";"";""
09.12.2022 03:41:27;1670553687000;880f01e687e2572cea04e80fc6a68085;890531;OK;1807;0;0;0;0;0,0;6,91;0;0;468;728;"";142,949;21,44;439,134;63,17;20,876;0,85;1,769;0,25;15,641;1,78;12,387;11,0;15,393;11,47;17,018;11,78;1803,527;185,3;566,555;65,01;51,055;14,99;2,96;10,31;2,029;10,17;0,5440001;10,0;2,114;19,729;0,54;29,199;3,43;4,987;0,52;1,445;1,46;945,3259;1,0;"";"";21,646;2,38;38,032;10,46;"";"";13,0;20,0;13,0;"";"";"";"";"";"";"";"";"";"";"";"";"";"";"";"";"";"";"";"";"";"";"";"";"";"";"";"";"";"";"";"";"";"";"";"";"";"";"";"";"";"";"";"";"";"";"";"";"";"";"";"";"";"";"";"";"";"";"";"";"";"";"";"";""
09.12.2022 03:43:29;1670553809000;880f01e687e2572cea04e80fc6a68085;890653;OK;1782;0;0;0;0;-0,05;-0,3;0;0;472;728;"";142,717;21,41;437,364;63,12;20,871;0,85;1,77;0,25;15,614;1,78;12,251;11,0;14,6;11,17;16,064;11,64;1793,332;184,39;553,458;63,83;53,853;15,27;2,627;10,27;2,416;10,22;0,503;10,0;2,021;19,726;0,54;29,19;3,43;4,984;0,52;1,439;1,46;945,353;1,0;"";"";21,602;2,38;38,268;10,48;"";"";13,0;20,0;13,0;"";"";"";"";"";"";"";"";"";"";"";"";"";"";"";"";"";"";"";"";"";"";"";"";"";"";"";"";"";"";"";"";"";"";"";"";"";"";"";"";"";"";"";"";"";"";"";"";"";"";"";"";"";"";"";"";"";"";"";"";"";"";"";"";""
09.12.2022 03:45:28;1670553928000;880f01e687e2572cea04e80fc6a68085;890772;OK;1807;0;0;0;0;-0,04;-0,13;0;0;483;728;"";145,192;21,78;437,201;63,12;20,873;0,85;1,769;0,25;15,621;1,78;11,929;11,0;14,443;11,29;15,0;11,41;1727,457;177,95;530,389;61,56;53,457;15,21;1,962;10,14;0,292;10,02;0,054;10,0;1,554;19,729;0,54;29,189;3,43;4,985;0,52;1,44;1,46;945,342;1,0;"";"";21,567;2,38;38,312;10,48;"";"";13,0;20,0;13,0;"";"";"";"";"";"";"";"";"";"";"";"";"";"";"";"";"";"";"";"";"";"";"";"";"";"";"";"";"";"";"";"";"";"";"";"";"";"";"";"";"";"";"";"";"";"";"";"";"";"";"";"";"";"";"";"";"";"";"";"";"";"";"";"";""
09.12.2022 03:47:29;1670554049000;880f01e687e2572cea04e80fc6a68085;890893;OK;1806;0;0;0;0;-0,01;-6,9;0;0;470;728;"";142,29;21,34;435,992;63,08;20,87;0,85;1,768;0,25;15,547;1,77;12,334;11,0;15,043;11,37;16,304;11,7;1791,118;184,16;561,146;64,53;63,581;16,17;2,925;10,32;1,302;10,0;0,006;10,0;1,937;19,728;0,54;29,18;3,43;4,983;0,52;1,435;1,46;945,293;1,0;"";"";21,517;2,38;38,279;10,48;"";"";13,0;20,0;13,0;"";"";"";"";"";"";"";"";"";"";"";"";"";"";"";"";"";"";"";"";"";"";"";"";"";"";"";"";"";"";"";"";"";"";"";"";"";"";"";"";"";"";"";"";"";"";"";"";"";"";"";"";"";"";"";"";"";"";"";"";"";"";"";"";""
09.12.2022 03:49:29;1670554169000;880f01e687e2572cea04e80fc6a68085;891013;OK;1795;0;0;0;0;-0,01;-8,56;0;0;481;728;"";142,83;21,42;434,92;63,05;20,871;0,85;1,767;0,25;15,504;1,77;11,989;11,0;14,668;11,27;15,739;11,5;1772,465;182,32;547,066;63,15;57,431;15,56;1,959;10,1;1,098;10,03;0,438;10,0;1,841;19,724;0,54;29,18;3,43;4,982;0,52;1,431;1,46;945,226;1,0;"";"";21,513;2,38;38,281;10,48;"";"";13,0;20,0;13,0;"";"";"";"";"";"";"";"";"";"";"";"";"";"";"";"";"";"";"";"";"";"";"";"";"";"";"";"";"";"";"";"";"";"";"";"";"";"";"";"";"";"";"";"";"";"";"";"";"";"";"";"";"";"";"";"";"";"";"";"";"";"";"";"";""
09.12.2022 03:51:29;1670554289000;880f01e687e2572cea04e80fc6a68085;891133;OK;1798;0;0;0;0;-0,01;-7,82;0;0;492;728;"";141,987;21,3;435,705;63,07;20,873;0,85;1,767;0,25;15,448;1,77;11,649;11,0;15,411;11,52;16,047;11,6;1757,92;180,92;548,145;63,31;60,897;15,9;3,033;10,27;0,8059999;10,07;0,125;10,0;1,654;19,722;0,54;29,18;3,43;4,981;0,52;1,43;1,46;945,174;1,0;"";"";21,494;2,38;38,589;10,49;"";"";13,0;20,0;13,0;"";"";"";"";"";"";"";"";"";"";"";"";"";"";"";"";"";"";"";"";"";"";"";"";"";"";"";"";"";"";"";"";"";"";"";"";"";"";"";"";"";"";"";"";"";"";"";"";"";"";"";"";"";"";"";"";"";"";"";"";"";"";"";"";""
09.12.2022 03:53:30;1670554410000;880f01e687e2572cea04e80fc6a68085;891254;OK;1797;0;0;0;0;-0,01;1,66;0;0;504;728;"";140,007;21,0;437,039;63,11;20,872;0,85;1,767;0,25;15,325;1,76;11,314;11,0;14,329;11,33;14,945;11,42;1630,457;168,61;511,25;59,74;53,827;15,28;2,682;10,15;0,519;10,04;0,013;10,0;1,629;19,722;0,54;29,168;3,43;4,979;0,52;1,424;1,46;945,155;1,0;"";"";21,36;2,39;38,829;10,5;"";"";13,0;20,0;13,0;"";"";"";"";"";"";"";"";"";"";"";"";"";"";"";"";"";"";"";"";"";"";"";"";"";"";"";"";"";"";"";"";"";"";"";"";"";"";"";"";"";"";"";"";"";"";"";"";"";"";"";"";"";"";"";"";"";"";"";"";"";"";"";"";""
09.12.2022 03:55:30;1670554530000;880f01e687e2572cea04e80fc6a68085;891374;OK;1792;0;0;0;0;-0,03;5,51;0;0;472;728;"";140,536;21,08;436,086;63,08;20,871;0,85;1,766;0,25;15,221;1,76;12,273;11,0;14,912;11,32;15,712;11,53;1748,826;180,11;549,936;63,46;60,048;15,91;2,438;10,17;0,888;10,0;0,001;10,0;1,693;19,722;0,54;29,126;3,43;4,972;0,52;1,404;1,46;945,163;1,0;"";"";21,295;2,39;38,976;10,51;"";"";13,0;20,0;13,0;"";"";"";"";"";"";"";"";"";"";"";"";"";"";"";"";"";"";"";"";"";"";"";"";"";"";"";"";"";"";"";"";"";"";"";"";"";"";"";"";"";"";"";"";"";"";"";"";"";"";"";"";"";"";"";"";"";"";"";"";"";"";"";"";""
09.12.2022 03:57:32;1670554652000;880f01e687e2572cea04e80fc6a68085;891496;OK;1785;0;0;0;0;-0,03;5,82;0;0;476;728;"";139,293;20,89;437,559;63,13;20,87;0,85;1,766;0,25;15,188;1,75;12,139;11,0;14,734;11,23;15,629;11,41;1719,105;177,15;541,0089;62,62;59,224;15,73;2,803;10,29;1,415;10,0;0,0;10,0;1,759;19,725;0,54;29,11;3,43;4,97;0,52;1,399;1,46;945,146;1,0;"";"";21,244;2,4;38,812;10,5;"";"";13,0;20,0;13,0;"";"";"";"";"";"";"";"";"";"";"";"";"";"";"";"";"";"";"";"";"";"";"";"";"";"";"";"";"";"";"";"";"";"";"";"";"";"";"";"";"";"";"";"";"";"";"";"";"";"";"";"";"";"";"";"";"";"";"";"";"";"";"";"";""
09.12.2022 03:59:33;1670554773000;880f01e687e2572cea04e80fc6a68085;891616;OK;1804;0;0;0;0;-0,04;-3,37;0;0;465;727;"";139,398;20,91;434,825;63,04;20,874;0,85;1,765;0,25;15,155;1,75;12,479;11,0;16,026;11,48;18,514;11,89;1826,149;187,49;571,986;65,54;60,319;15,92;5,397;10,56;2,959;10,21;0,425;10,0;2,437;19,722;0,54;29,063;3,43;4,961;0,52;1,374;1,47;945,106;1,0;"";"";21,211;2,4;38,43;10,48;"";"";13,0;20,0;13,0;"";"";"";"";"";"";"";"";"";"";"";"";"";"";"";"";"";"";"";"";"";"";"";"";"";"";"";"";"";"";"";"";"";"";"";"";"";"";"";"";"";"";"";"";"";"";"";"";"";"";"";"";"";"";"";"";"";"";"";"";"";"";"";"";""
09.12.2022 04:01:32;1670554892000;880f01e687e2572cea04e80fc6a68085;891736;OK;1778;0;0;0;0;-0,02;-5,75;0;0;458;728;"";140,42;21,06;434,315;63,03;20,878;0,85;1,764;0,25;15,151;1,75;12,701;11,0;15,393;11,34;16,563;11,68;1798,81;184,92;563,034;64,75;53,118;15,27;4,204;10,57;2,537;10,38;0,227;10,0;1,829;19,72;0,54;29,109;3,43;4,969;0,52;1,394;1,46;945,066;1,0;"";"";21,172;2,4;38,365;10,48;"";"";13,0;20,0;13,0;"";"";"";"";"";"";"";"";"";"";"";"";"";"";"";"";"";"";"";"";"";"";"";"";"";"";"";"";"";"";"";"";"";"";"";"";"";"";"";"";"";"";"";"";"";"";"";"";"";"";"";"";"";"";"";"";"";"";"";"";"";"";"";"";""
09.12.2022 04:03:32;1670555012000;880f01e687e2572cea04e80fc6a68085;891856;OK;1791;0;0;0;0;-0,03;-5,22;0;0;505;727;"";140,566;21,08;436,561;63,1;20,877;0,85;1,764;0,25;15,046;1,75;11,245;11,0;13,086;11,04;14,366;11,22;1647,639;170,23;509,192;59,5;51,566;15,0;2,41;10,15;0,988;10,04;0,492;10,0;1,966;19,719;0,54;29,064;3,43;4,961;0,52;1,371;1,47;945,016;1,0;"";"";21,235;2,4;38,411;10,48;"";"";13,0;20,0;13,0;"";"";"";"";"";"";"";"";"";"";"";"";"";"";"";"";"";"";"";"";"";"";"";"";"";"";"";"";"";"";"";"";"";"";"";"";"";"";"";"";"";"";"";"";"";"";"";"";"";"";"";"";"";"";"";"";"";"";"";"";"";"";"";"";""
09.12.2022 04:05:33;1670555133000;880f01e687e2572cea04e80fc6a68085;891977;OK;1779;0;0;0;0;-0,01;7,23;0;0;479;727;"";140,764;21,11;437,554;63,13;20,875;0,85;1,764;0,25;14,99;1,74;12,029;11,0;14,678;11,32;15,161;11,34;1695,928;174,91;529,977;61,53;55,043;15,4;2,109;10,17;0,599;10,0;0,259;10,0;1,552;19,716;0,54;29,059;3,43;4,959;0,52;1,366;1,47;944,955;1,0;"";"";21,152;2,4;38,139;10,47;"";"";13,0;20,0;13,0;"";"";"";"";"";"";"";"";"";"";"";"";"";"";"";"";"";"";"";"";"";"";"";"";"";"";"";"";"";"";"";"";"";"";"";"";"";"";"";"";"";"";"";"";"";"";"";"";"";"";"";"";"";"";"";"";"";"";"";"";"";"";"";"";""
09.12.2022 04:07:32;1670555252000;880f01e687e2572cea04e80fc6a68085;892096;OK;1802;0;0;0;0;-0,02;6,65;0;0;512;728;"";139,72;20,96;437,165;63,11;20,875;0,85;1,762;0,25;14,949;1,74;11,043;11,0;13,992;11,12;15,703;11,53;1624,7;167,99;506,949;59,27;53,374;15,28;4,139;10,29;2,501;10,16;0,495;10,0;2,241;19,714;0,54;29,059;3,43;4,958;0,52;1,365;1,47;944,93;1,0;"";"";21,09;2,4;37,772;10,45;"";"";13,0;20,0;13,0;"";"";"";"";"";"";"";"";"";"";"";"";"";"";"";"";"";"";"";"";"";"";"";"";"";"";"";"";"";"";"";"";"";"";"";"";"";"";"";"";"";"";"";"";"";"";"";"";"";"";"";"";"";"";"";"";"";"";"";"";"";"";"";"";""
09.12.2022 04:09:33;1670555373000;880f01e687e2572cea04e80fc6a68085;892217;OK;1795;0;0;0;0;-0,02;-3,74;0;0;538;727;"";137,101;20,57;434,501;63,04;20,874;0,85;1,763;0,25;14,878;1,74;10,315;11,0;13,049;11,04;13,964;11,13;1546,766;160,4;484,249;57,09;52,197;15,09;2,773;10,19;1,235;10,05;0,096;10,0;1,87;19,713;0,54;29,038;3,43;4,955;0,52;1,354;1,47;944,929;1,0;"";"";20,977;2,41;37,537;10,44;"";"";13,0;20,0;13,0;"";"";"";"";"";"";"";"";"";"";"";"";"";"";"";"";"";"";"";"";"";"";"";"";"";"";"";"";"";"";"";"";"";"";"";"";"";"";"";"";"";"";"";"";"";"";"";"";"";"";"";"";"";"";"";"";"";"";"";"";"";"";"";"";""
09.12.2022 04:11:33;1670555493000;880f01e687e2572cea04e80fc6a68085;892337;OK;1783;0;0;0;0;-0,01;-3,32;0;0;509;728;"";134,429;20,16;436,609;63,1;20,872;0,85;1,762;0,25;14,932;1,74;11,131;11,0;15,054;11,4;16,494;11,66;1640,732;169,57;512,309;59,8;65,427;16,35;5,044;10,59;2,636;10,29;0,13;10,0;2,141;19,71;0,54;29,052;3,43;4,956;0,52;1,358;1,47;944,88;1,0;"";"";20,983;2,41;37,718;10,44;"";"";13,0;20,0;13,0;"";"";"";"";"";"";"";"";"";"";"";"";"";"";"";"";"";"";"";"";"";"";"";"";"";"";"";"";"";"";"";"";"";"";"";"";"";"";"";"";"";"";"";"";"";"";"";"";"";"";"";"";"";"";"";"";"";"";"";"";"";"";"";"";""
09.12.2022 04:13:35;1670555615000;880f01e687e2572cea04e80fc6a68085;892459;OK;1797;0;0;0;0;-0,04;2,2;0;0;510;727;"";136,888;20,53;436,484;63,09;20,875;0,85;1,762;0,25;14,861;1,74;11,113;11,0;14,103;11,2;15,959;11,55;1680,635;173,49;519,689;60,52;56,436;15,51;5,867;10,5;1,666;10,13;0,013;10,0;2,283;19,709;0,54;28,967;3,43;4,941;0,52;1,316;1,47;944,8259;1,0;"";"";20,953;2,41;37,991;10,46;"";"";13,0;20,0;13,0;"";"";"";"";"";"";"";"";"";"";"";"";"";"";"";"";"";"";"";"";"";"";"";"";"";"";"";"";"";"";"";"";"";"";"";"";"";"";"";"";"";"";"";"";"";"";"";"";"";"";"";"";"";"";"";"";"";"";"";"";"";"";"";"";""
09.12.2022 04:15:35;1670555735000;880f01e687e2572cea04e80fc6a68085;892580;OK;1782;0;0;0;0;-0,05;0,1;0;0;531;727;"";136,273;20,44;434,922;63,05;20,875;0,85;1,76;0,25;14,816;1,73;10,511;11,0;12,616;11,04;14,145;11,3;1660,143;171,43;517,111;60,31;53,262;15,23;3,105;10,3;2,567;10,26;0,001;10,0;2,135;19,709;0,54;28,942;3,43;4,937;0,52;1,304;1,48;944,8;1,0;"";"";20,877;2,41;37,987;10,46;"";"";13,0;20,0;13,0;"";"";"";"";"";"";"";"";"";"";"";"";"";"";"";"";"";"";"";"";"";"";"";"";"";"";"";"";"";"";"";"";"";"";"";"";"";"";"";"";"";"";"";"";"";"";"";"";"";"";"";"";"";"";"";"";"";"";"";"";"";"";"";"";""
09.12.2022 04:17:34;1670555854000;880f01e687e2572cea04e80fc6a68085;892698;OK;1799;0;0;0;0;-0,05;-6,14;0;0;488;727;"";134,81;20,22;434,969;63,05;20,874;0,85;1,76;0,25;14,844;1,74;11,77;11,0;14,837;11,39;16,007;11,65;1730,27;178,24;539,104;62,4;55,136;15,4;3,777;10,37;1,524;10,17;0,636;10,0;1,936;19,709;0,54;28,94;3,43;4,937;0,52;1,304;1,48;944,791;1,0;"";"";20,844;2,41;37,901;10,45;"";"";13,0;20,0;13,0;"";"";"";"";"";"";"";"";"";"";"";"";"";"";"";"";"";"";"";"";"";"";"";"";"";"";"";"";"";"";"";"";"";"";"";"";"";"";"";"";"";"";"";"";"";"";"";"";"";"";"";"";"";"";"";"";"";"";"";"";"";"";"";"";""
09.12.2022 04:19:35;1670555975000;880f01e687e2572cea04e80fc6a68085;892819;OK;1786;0;0;0;0;-0,0;-4,95;0;0;500;727;"";135,897;20,38;434,832;63,04;20,875;0,85;1,76;0,25;14,857;1,74;11,388;11,0;13,843;11,13;14,822;11,21;1683,879;173,73;529,812;61,51;48,624;14,78;2,803;10,23;1,83;10,16;0,06599999;10,0;1,817;19,707;0,54;28,938;3,43;4,936;0,52;1,3;1,48;944,817;1,0;"";"";20,852;2,41;38,025;10,46;"";"";13,0;20,0;13,0;"";"";"";"";"";"";"";"";"";"";"";"";"";"";"";"";"";"";"";"";"";"";"";"";"";"";"";"";"";"";"";"";"";"";"";"";"";"";"";"";"";"";"";"";"";"";"";"";"";"";"";"";"";"";"";"";"";"";"";"";"";"";"";"";""
09.12.2022 04:21:35;1670556095000;880f01e687e2572cea04e80fc6a68085;892939;OK;1800;0;0;0;0;-0,01;0,24;0;0;514;727;"";134,874;20,23;434,81;63,04;20,878;0,85;1,759;0,25;14,749;1,73;10,975;11,0;13,594;11,11;14,121;11,13;1655,157;170,96;509,562;59,62;55,257;15,4;1,273;10,07;0,668;10,02;0,007;10,0;1,606;19,705;0,54;28,937;3,43;4,935;0,52;1,299;1,48;944,842;1,0;"";"";20,867;2,41;38,135;10,47;"";"";13,0;20,0;13,0;"";"";"";"";"";"";"";"";"";"";"";"";"";"";"";"";"";"";"";"";"";"";"";"";"";"";"";"";"";"";"";"";"";"";"";"";"";"";"";"";"";"";"";"";"";"";"";"";"";"";"";"";"";"";"";"";"";"";"";"";"";"";"";"";""
09.12.2022 04:23:37;1670556217000;880f01e687e2572cea04e80fc6a68085;893060;OK;1808;0;0;0;0;-0,0;2,03;0;0;498;727;"";134,36;20,15;435,93;63,08;20,877;0,85;1,758;0,25;14,666;1,73;11,464;11,0;14,996;11,47;15,746;11,53;1708,521;176,13;528,401;61,44;57,14;15,64;3,966;10,39;1,122;10,07;0,001;10,0;1,752;19,705;0,54;28,937;3,43;4,935;0,52;1,299;1,48;944,839;1,0;"";"";20,819;2,42;38,07;10,46;"";"";13,0;20,0;13,0;"";"";"";"";"";"";"";"";"";"";"";"";"";"";"";"";"";"";"";"";"";"";"";"";"";"";"";"";"";"";"";"";"";"";"";"";"";"";"";"";"";"";"";"";"";"";"";"";"";"";"";"";"";"";"";"";"";"";"";"";"";"";"";"";""
09.12.2022 04:25:37;1670556337000;880f01e687e2572cea04e80fc6a68085;893181;OK;1805;0;0;0;0;-0,0;1,37;0;0;504;727;"";134,172;20,13;435,056;63,05;20,881;0,85;1,758;0,25;14,675;1,73;11,278;11,0;13,383;11,08;15,102;11,26;1674,194;172,82;521,106;60,67;52,072;15,13;3,724;10,42;2,12;10,23;0,0;10,0;2,202;19,703;0,54;28,937;3,43;4,934;0,52;1,297;1,48;944,8319;1,0;"";"";20,79;2,42;37,971;10,46;"";"";13,0;20,0;13,0;"";"";"";"";"";"";"";"";"";"";"";"";"";"";"";"";"";"";"";"";"";"";"";"";"";"";"";"";"";"";"";"";"";"";"";"";"";"";"";"";"";"";"";"";"";"";"";"";"";"";"";"";"";"";"";"";"";"";"";"";"";"";"";"";""
09.12.2022 04:27:38;1670556458000;880f01e687e2572cea04e80fc6a68085;893302;OK;1794;0;0;0;0;-0,0;0,37;0;0;514;727;"";132,417;19,86;435,135;63,05;20,877;0,85;1,757;0,25;14,716;1,73;10,999;11,0;13,335;11,01;14,251;11,21;1626,569;168,2;506,045;59,16;49,367;14,86;1,963;10,22;1,506;10,16;0,0;10,0;1,781;19,703;0,54;28,937;3,43;4,934;0,52;1,297;1,48;944,839;1,0;"";"";20,745;2,42;38,132;10,47;"";"";13,0;20,0;13,0;"";"";"";"";"";"";"";"";"";"";"";"";"";"";"";"";"";"";"";"";"";"";"";"";"";"";"";"";"";"";"";"";"";"";"";"";"";"";"";"";"";"";"";"";"";"";"";"";"";"";"";"";"";"";"";"";"";"";"";"";"";"";"";"";""
09.12.2022 04:29:38;1670556578000;880f01e687e2572cea04e80fc6a68085;893422;OK;1800;0;0;0;0;-0,0;-5,32;0;0;523;728;"";132,167;19,83;434,347;63,03;20,88;0,85;1,756;0,25;14,689;1,73;10,741;11,0;13,71;11,21;14,886;11,39;1619,246;167,51;502,563;58,89;64,11;16,23;4,516;10,43;0,822;10,05;0,0;10,0;1,965;19,701;0,54;28,937;3,43;4,934;0,52;1,296;1,48;944,8759;1,0;"";"";20,862;2,41;38,294;10,47;"";"";13,0;20,0;13,0;"";"";"";"";"";"";"";"";"";"";"";"";"";"";"";"";"";"";"";"";"";"";"";"";"";"";"";"";"";"";"";"";"";"";"";"";"";"";"";"";"";"";"";"";"";"";"";"";"";"";"";"";"";"";"";"";"";"";"";"";"";"";"";"";""
09.12.2022 04:31:38;1670556698000;880f01e687e2572cea04e80fc6a68085;893542;OK;1786;0;0;0;0;-0,0;0,43;0;0;529;728;"";133,688;20,05;435,707;63,07;20,874;0,85;1,755;0,25;14,706;1,73;10,574;11,0;12,614;11,06;12,979;11,14;1594,766;165,07;498,524;58,52;47,401;14,71;1,378;10,11;0,251;10,01;0,0;10,0;1,44;19,701;0,54;28,936;3,43;4,934;0,52;1,294;1,48;944,882;1,0;"";"";20,814;2,42;38,548;10,49;"";"";13,0;20,0;13,0;"";"";"";"";"";"";"";"";"";"";"";"";"";"";"";"";"";"";"";"";"";"";"";"";"";"";"";"";"";"";"";"";"";"";"";"";"";"";"";"";"";"";"";"";"";"";"";"";"";"";"";"";"";"";"";"";"";"";"";"";"";"";"";"";""
09.12.2022 04:33:38;1670556818000;880f01e687e2572cea04e80fc6a68085;893662;OK;1792;0;0;0;0;-0,02;0,84;0;0;508;727;"";131,532;19,73;435,262;63,06;20,877;0,85;1,755;0,25;14,679;1,73;11,151;11,0;14,434;11,2;14,778;11,28;1640,562;169,46;510,61;59,69;58,881;15,75;2,218;10,17;0,154;10,0;0,0;10,0;1,526;19,699;0,54;28,899;3,44;4,927;0,52;1,275;1,48;944,849;1,0;"";"";20,849;2,41;38,552;10,49;"";"";13,0;20,0;13,0;"";"";"";"";"";"";"";"";"";"";"";"";"";"";"";"";"";"";"";"";"";"";"";"";"";"";"";"";"";"";"";"";"";"";"";"";"";"";"";"";"";"";"";"";"";"";"";"";"";"";"";"";"";"";"";"";"";"";"";"";"";"";"";"";""
09.12.2022 04:35:39;1670556939000;880f01e687e2572cea04e80fc6a68085;893783;OK;1800;0;0;0;0;-0,01;1,23;0;0;512;728;"";130,899;19,63;435,022;63,05;20,876;0,85;1,753;0,25;14,64;1,73;11,067;11,0;13,132;11,13;14,025;11,3;1648,83;170,25;510,477;59,64;39,124;13,88;2,997;10,18;1,47;10,0;0,197;10,0;1,796;19,699;0,54;28,933;3,43;4,932;0,52;1,291;1,48;944,8159;1,0;"";"";20,895;2,41;38,83;10,5;"";"";13,0;20,0;13,0;"";"";"";"";"";"";"";"";"";"";"";"";"";"";"";"";"";"";"";"";"";"";"";"";"";"";"";"";"";"";"";"";"";"";"";"";"";"";"";"";"";"";"";"";"";"";"";"";"";"";"";"";"";"";"";"";"";"";"";"";"";"";"";"";""
09.12.2022 04:37:40;1670557060000;880f01e687e2572cea04e80fc6a68085;893904;OK;1799;0;0;0;0;-0,03;-4,55;0;0;501;727;"";130,441;19,57;433,646;63,01;20,876;0,85;1,752;0,25;14,573;1,72;11,381;11,0;13,46;11,08;15,035;11,35;1677,252;173,1;526,008;61,2;50,507;15,02;2,223;10,09;1,786;10,03;0,743;10,0;2,126;19,698;0,54;28,848;3,44;4,918;0,52;1,249;1,48;944,7769;1,0;"";"";20,78;2,42;38,947;10,51;"";"";13,0;20,0;13,0;"";"";"";"";"";"";"";"";"";"";"";"";"";"";"";"";"";"";"";"";"";"";"";"";"";"";"";"";"";"";"";"";"";"";"";"";"";"";"";"";"";"";"";"";"";"";"";"";"";"";"";"";"";"";"";"";"";"";"";"";"";"";"";"";""
09.12.2022 04:39:40;1670557180000;880f01e687e2572cea04e80fc6a68085;894024;OK;1799;0;0;0;0;-0,04;-6,48;0;0;501;728;"";131,242;19,69;432,017;62,96;20,875;0,85;1,751;0,25;14,52;1,72;11,362;11,0;14,586;11,29;15,316;11,46;1652,434;170,65;517,526;60,3;58,622;15,75;3,11;10,27;0,59;10,0;0,377;10,0;1,705;19,698;0,54;28,838;3,44;4,916;0,52;1,244;1,48;944,782;1,0;"";"";20,674;2,42;38,772;10,5;"";"";13,0;20,0;13,0;"";"";"";"";"";"";"";"";"";"";"";"";"";"";"";"";"";"";"";"";"";"";"";"";"";"";"";"";"";"";"";"";"";"";"";"";"";"";"";"";"";"";"";"";"";"";"";"";"";"";"";"";"";"";"";"";"";"";"";"";"";"";"";"";""
09.12.2022 04:41:41;1670557301000;880f01e687e2572cea04e80fc6a68085;894145;OK;1805;0;0;0;0;-0,05;-7,1;0;0;503;728;"";130,615;19,59;432,484;62,97;20,879;0,85;1,75;0,25;14,52;1,72;11,326;11,0;13,549;11,14;14,354;11,21;1662,667;171,65;518,226;60,41;48,112;14,75;2,149;10,11;1,169;10,0;0,039;10,0;1,731;19,697;0,54;28,85;3,44;4,918;0,52;1,249;1,48;944,812;1,0;"";"";20,699;2,42;38,864;10,5;"";"";13,0;20,0;13,0;"";"";"";"";"";"";"";"";"";"";"";"";"";"";"";"";"";"";"";"";"";"";"";"";"";"";"";"";"";"";"";"";"";"";"";"";"";"";"";"";"";"";"";"";"";"";"";"";"";"";"";"";"";"";"";"";"";"";"";"";"";"";"";"";""
09.12.2022 04:43:42;1670557422000;880f01e687e2572cea04e80fc6a68085;894266;OK;1811;0;0;0;0;0,0;-0,35;0;0;512;728;"";129,934;19,49;433,57;63,01;20,875;0,85;1,748;0,25;14,561;1,72;11,062;11,0;13,358;11,04;14,45;11,15;1629,15;168,41;509,44;59,48;50,717;15,04;2,81;10,31;1,823;10,23;0,717;10,0;1,896;19,694;0,54;28,851;3,44;4,917;0,52;1,248;1,48;944,782;1,0;"";"";20,753;2,42;38,898;10,51;"";"";13,0;20,0;13,0;"";"";"";"";"";"";"";"";"";"";"";"";"";"";"";"";"";"";"";"";"";"";"";"";"";"";"";"";"";"";"";"";"";"";"";"";"";"";"";"";"";"";"";"";"";"";"";"";"";"";"";"";"";"";"";"";"";"";"";"";"";"";"";"";""
09.12.2022 04:45:43;1670557543000;880f01e687e2572cea04e80fc6a68085;894387;OK;1795;0;0;0;0;-0,01;6,27;0;0;518;728;"";129,113;19,37;434,378;63,03;20,876;0,85;1,747;0,25;14,486;1,72;10,882;11,0;13,414;11,16;14,463;11,29;1656,019;171,01;503,954;59,02;55,945;15,54;2,255;10,16;1,537;10,03;0,527;10,0;1,881;19,694;0,54;28,813;3,44;4,911;0,52;1,229;1,48;944,722;1,0;"";"";20,617;2,43;38,905;10,51;"";"";13,0;20,0;13,0;"";"";"";"";"";"";"";"";"";"";"";"";"";"";"";"";"";"";"";"";"";"";"";"";"";"";"";"";"";"";"";"";"";"";"";"";"";"";"";"";"";"";"";"";"";"";"";"";"";"";"";"";"";"";"";"";"";"";"";"";"";"";"";"";""
09.12.2022 04:47:45;1670557665000;880f01e687e2572cea04e80fc6a68085;894508;OK;1793;0;0;0;0;-0,02;6,31;0;0;528;728;"";127,969;19,2;434,582;63,04;20,877;0,85;1,746;0,25;14,479;1,72;10,593;11,0;12,869;11,02;13,338;11,03;1670,019;172,39;520,663;60,66;48,874;14,83;0,843;10,02;0,509;10,0;0,053;10,0;1,561;19,692;0,54;28,809;3,44;4,909;0,52;1,225;1,48;944,671;1,0;"";"";20,715;2,42;38,698;10,49;"";"";13,0;20,0;13,0;"";"";"";"";"";"";"";"";"";"";"";"";"";"";"";"";"";"";"";"";"";"";"";"";"";"";"";"";"";"";"";"";"";"";"";"";"";"";"";"";"";"";"";"";"";"";"";"";"";"";"";"";"";"";"";"";"";"";"";"";"";"";"";"";""
09.12.2022 04:49:45;1670557785000;880f01e687e2572cea04e80fc6a68085;894629;OK;1785;0;0;0;0;-0,02;-1,47;0;0;490;729;"";126,828;19,02;433,106;62,99;20,875;0,85;1,743;0,25;14,461;1,72;11,708;11,0;13,855;11,1;14,868;11,19;1734,342;178,7;537,071;62,2;49,284;14,83;2,192;10,08;1,992;10,05;0,005;10,0;1,824;19,688;0,54;28,809;3,44;4,908;0,52;1,222;1,48;944,63;1,0;"";"";20,677;2,42;38,468;10,48;"";"";13,0;20,0;13,0;"";"";"";"";"";"";"";"";"";"";"";"";"";"";"";"";"";"";"";"";"";"";"";"";"";"";"";"";"";"";"";"";"";"";"";"";"";"";"";"";"";"";"";"";"";"";"";"";"";"";"";"";"";"";"";"";"";"";"";"";"";"";"";"";""
09.12.2022 04:51:45;1670557905000;880f01e687e2572cea04e80fc6a68085;894749;OK;1807;0;0;0;0;-0,01;-8,37;0;0;506;729;"";128,07;19,21;432,129;62,96;20,877;0,85;1,741;0,25;14,41;1,71;11,221;11,0;14,66;11,34;15,854;11,52;1648,06;170,23;513,737;59,98;62,502;16,12;4,868;10,56;1,942;10,02;0,001;10,0;2,014;19,686;0,54;28,809;3,44;4,908;0,52;1,22;1,48;944,6099;1,0;"";"";20,712;2,42;38,351;10,48;"";"";13,0;20,0;13,0;"";"";"";"";"";"";"";"";"";"";"";"";"";"";"";"";"";"";"";"";"";"";"";"";"";"";"";"";"";"";"";"";"";"";"";"";"";"";"";"";"";"";"";"";"";"";"";"";"";"";"";"";"";"";"";"";"";"";"";"";"";"";"";"";""
09.12.2022 04:53:46;1670558026000;880f01e687e2572cea04e80fc6a68085;894869;OK;1791;0;0;0;0;-0,01;-10,18;0;0;491;729;"";127,2;19,08;430,949;62,93;20,875;0,85;1,74;0,25;14,421;1,71;11,672;11,0;14,019;11,06;16,293;11,76;1716,891;176,96;537,449;62,21;56,269;15,5;3,972;10,34;2,521;10,23;0,362;10,0;2,444;19,682;0,54;28,807;3,44;4,906;0,52;1,215;1,48;944,596;1,0;"";"";20,71;2,42;38,368;10,48;"";"";13,0;20,0;13,0;"";"";"";"";"";"";"";"";"";"";"";"";"";"";"";"";"";"";"";"";"";"";"";"";"";"";"";"";"";"";"";"";"";"";"";"";"";"";"";"";"";"";"";"";"";"";"";"";"";"";"";"";"";"";"";"";"";"";"";"";"";"";"";"";""
09.12.2022 04:55:45;1670558145000;880f01e687e2572cea04e80fc6a68085;894989;OK;1799;0;0;0;0;-0,01;-4,95;0;0;537;729;"";125,352;18,8;432,037;62,96;20,871;0,85;1,739;0,25;14,421;1,71;10,355;11,0;12,705;11,01;13,192;11,09;1559,943;161,72;482,247;56,93;50,958;14,98;1,138;10,03;0,774;10,02;0,037;10,0;1,558;19,679;0,54;28,809;3,44;4,906;0,52;1,214;1,48;944,559;1,0;"";"";20,724;2,42;38,723;10,49;"";"";13,0;20,0;13,0;"";"";"";"";"";"";"";"";"";"";"";"";"";"";"";"";"";"";"";"";"";"";"";"";"";"";"";"";"";"";"";"";"";"";"";"";"";"";"";"";"";"";"";"";"";"";"";"";"";"";"";"";"";"";"";"";"";"";"";"";"";"";"";"";""
09.12.2022 04:57:46;1670558266000;880f01e687e2572cea04e80fc6a68085;895110;OK;1786;0;0;0;0;-0,02;-1,23;0;0;527;729;"";127,386;19,11;431,296;62,94;20,87;0,85;1,739;0,25;14,395;1,71;10,618;11,0;12,133;11,0;12,966;11,01;1538,143;159,56;479,088;56,6;42,469;14,2;1,834;10,0;0,668;10,0;0,523;10,0;1,716;19,678;0,54;28,765;3,44;4,898;0,52;1,193;1,49;944,492;1,0;"";"";20,656;2,42;38,803;10,5;"";"";13,0;20,0;13,0;"";"";"";"";"";"";"";"";"";"";"";"";"";"";"";"";"";"";"";"";"";"";"";"";"";"";"";"";"";"";"";"";"";"";"";"";"";"";"";"";"";"";"";"";"";"";"";"";"";"";"";"";"";"";"";"";"";"";"";"";"";"";"";"";""
09.12.2022 04:59:46;1670558386000;880f01e687e2572cea04e80fc6a68085;895230;OK;1782;0;0;0;0;-0,01;-0,35;0;0;511;730;"";125,712;18,86;431,394;62,94;20,87;0,85;1,737;0,25;14,393;1,71;11,079;11,0;13,062;11,07;13,98;11,11;1624,197;167,94;499,806;58,65;52,821;15,17;1,605;10,06;1,232;10,05;0,054;10,0;1,787;19,676;0,54;28,797;3,44;4,903;0,52;1,206;1,48;944,455;1,0;"";"";20,702;2,42;38,877;10,5;"";"";13,0;20,0;13,0;"";"";"";"";"";"";"";"";"";"";"";"";"";"";"";"";"";"";"";"";"";"";"";"";"";"";"";"";"";"";"";"";"";"";"";"";"";"";"";"";"";"";"";"";"";"";"";"";"";"";"";"";"";"";"";"";"";"";"";"";"";"";"";"";""
09.12.2022 05:01:46;1670558506000;880f01e687e2572cea04e80fc6a68085;895349;OK;1792;0;0;0;0;-0,0;-0,66;0;0;545;730;"";123,963;18,59;430,756;62,92;20,872;0,85;1,735;0,25;14,425;1,71;10,116;11,0;13,275;11,12;15,546;11,48;1523,094;158,07;478,99;56,62;50,653;14,96;5,791;10,59;2,682;10,15;0,144;10,0;2,587;19,677;0,54;28,808;3,44;4,905;0,52;1,212;1,48;944,459;1,0;"";"";20,747;2,42;39,066;10,51;"";"";13,0;20,0;13,0;"";"";"";"";"";"";"";"";"";"";"";"";"";"";"";"";"";"";"";"";"";"";"";"";"";"";"";"";"";"";"";"";"";"";"";"";"";"";"";"";"";"";"";"";"";"";"";"";"";"";"";"";"";"";"";"";"";"";"";"";"";"";"";"";""
09.12.2022 05:03:47;1670558627000;880f01e687e2572cea04e80fc6a68085;895472;OK;1782;0;0;0;0;0,01;-9,17;0;0;515;730;"";124,515;18,68;428,182;62,85;20,869;0,85;1,734;0,25;14,416;1,71;10,972;11,0;13,307;11,08;15,672;11,49;1663,422;171,74;513,788;60,02;56,183;15,46;5,128;10,62;3,201;10,35;0,014;10,0;2,537;19,677;0,54;28,809;3,44;4,905;0,52;1,212;1,48;944,469;1,0;"";"";20,729;2,42;39,293;10,52;"";"";13,0;20,0;13,0;"";"";"";"";"";"";"";"";"";"";"";"";"";"";"";"";"";"";"";"";"";"";"";"";"";"";"";"";"";"";"";"";"";"";"";"";"";"";"";"";"";"";"";"";"";"";"";"";"";"";"";"";"";"";"";"";"";"";"";"";"";"";"";"";""
09.12.2022 05:05:47;1670558747000;880f01e687e2572cea04e80fc6a68085;895591;OK;1803;0;0;0;0;-0,04;-10,69;0;0;541;730;"";124,392;18,66;428,001;62,84;20,872;0,85;1,734;0,25;14,414;1,71;10,232;11,0;12,522;11,04;14,1;11,31;1515,878;157,45;464,92;55,17;54,963;15,42;2,966;10,32;1,585;10,14;0,002;10,0;2,18;19,675;0,54;28,72;3,44;4,889;0,52;1,168;1,49;944,486;1,0;"";"";20,754;2,42;39,467;10,53;"";"";13,0;20,0;13,0;"";"";"";"";"";"";"";"";"";"";"";"";"";"";"";"";"";"";"";"";"";"";"";"";"";"";"";"";"";"";"";"";"";"";"";"";"";"";"";"";"";"";"";"";"";"";"";"";"";"";"";"";"";"";"";"";"";"";"";"";"";"";"";"";""
09.12.2022 05:07:47;1670558867000;880f01e687e2572cea04e80fc6a68085;895711;OK;1790;0;0;0;0;-0,07;-10,26;0;0;528;730;"";123,296;18,49;426,528;62,8;20,869;0,85;1,732;0,25;14,44;1,71;10,593;11,0;12,641;11,0;12,975;11,03;1574,39;163,07;491,971;57,93;52,88;15,16;1,055;10,03;0,164;10,01;0,0;10,0;1,452;19,673;0,54;28,693;3,44;4,884;0,52;1,153;1,49;944,5009;1,0;"";"";20,691;2,42;39,609;10,54;"";"";13,0;20,0;13,0;"";"";"";"";"";"";"";"";"";"";"";"";"";"";"";"";"";"";"";"";"";"";"";"";"";"";"";"";"";"";"";"";"";"";"";"";"";"";"";"";"";"";"";"";"";"";"";"";"";"";"";"";"";"";"";"";"";"";"";"";"";"";"";"";""
09.12.2022 05:09:48;1670558988000;880f01e687e2572cea04e80fc6a68085;895831;OK;1790;0;0;0;0;-0,06;-0,12;0;0;535;730;"";123,034;18,46;428,219;62,85;20,87;0,85;1,731;0,25;14,449;1,71;10,403;11,0;11,961;11,0;12,504;11,01;1564,412;162,08;489,474;57,63;38,697;13,87;0,883;10,0;0,791;10,0;0,0;10,0;1,553;19,673;0,54;28,689;3,44;4,883;0,52;1,151;1,49;944,53;1,0;"";"";20,621;2,42;39,486;10,53;"";"";13,0;20,0;13,0;"";"";"";"";"";"";"";"";"";"";"";"";"";"";"";"";"";"";"";"";"";"";"";"";"";"";"";"";"";"";"";"";"";"";"";"";"";"";"";"";"";"";"";"";"";"";"";"";"";"";"";"";"";"";"";"";"";"";"";"";"";"";"";"";""
09.12.2022 05:11:49;1670559109000;880f01e687e2572cea04e80fc6a68085;895952;OK;1805;0;0;0;0;-0,02;5,93;0;0;507;730;"";122,75;18,41;430,655;62,92;20,876;0,85;1,73;0,25;14,44;1,71;11,189;11,0;13,423;11,15;14,812;11,31;1659,946;171,44;512,346;59,81;52,133;15,14;3,356;10,31;2,311;10,24;0,0;10,0;2,017;19,672;0,54;28,688;3,44;4,883;0,52;1,149;1,49;944,57;1,0;"";"";20,689;2,42;38,974;10,51;"";"";13,0;20,0;13,0;"";"";"";"";"";"";"";"";"";"";"";"";"";"";"";"";"";"";"";"";"";"";"";"";"";"";"";"";"";"";"";"";"";"";"";"";"";"";"";"";"";"";"";"";"";"";"";"";"";"";"";"";"";"";"";"";"";"";"";"";"";"";"";"";""
09.12.2022 05:13:49;1670559229000;880f01e687e2572cea04e80fc6a68085;896073;OK;1803;0;0;0;0;-0,01;12,01;0;0;531;730;"";120,729;18,11;430,664;62,92;20,875;0,85;1,729;0,25;14,333;1,71;10,517;11,0;12,354;11,02;13,261;11,04;1564,694;162,18;471,75;55,83;51,38;15,01;1,09;10,14;0,982;10,13;0,362;10,0;1,772;19,67;0,54;28,688;3,44;4,882;0,52;1,148;1,49;944,5809;1,0;"";"";20,692;2,42;39,01;10,51;"";"";13,0;20,0;13,0;"";"";"";"";"";"";"";"";"";"";"";"";"";"";"";"";"";"";"";"";"";"";"";"";"";"";"";"";"";"";"";"";"";"";"";"";"";"";"";"";"";"";"";"";"";"";"";"";"";"";"";"";"";"";"";"";"";"";"";"";"";"";"";"";""
09.12.2022 05:15:49;1670559349000;880f01e687e2572cea04e80fc6a68085;896193;OK;1785;0;0;0;0;-0,0;3,32;0;0;533;730;"";121,718;18,26;429,315;62,88;20,872;0,85;1,727;0,25;14,265;1,71;10,499;11,0;13,371;11,28;13,927;11,29;1538,15;159,6;480,335;56,7;49,129;14,79;2,347;10,23;0,619;10,01;0,309;10,0;1,676;19,67;0,54;28,688;3,44;4,883;0,52;1,148;1,49;944,5499;1,0;"";"";20,779;2,42;39,04;10,51;"";"";13,0;20,0;13,0;"";"";"";"";"";"";"";"";"";"";"";"";"";"";"";"";"";"";"";"";"";"";"";"";"";"";"";"";"";"";"";"";"";"";"";"";"";"";"";"";"";"";"";"";"";"";"";"";"";"";"";"";"";"";"";"";"";"";"";"";"";"";"";"";""
09.12.2022 05:17:50;1670559470000;880f01e687e2572cea04e80fc6a68085;896314;OK;1810;0;0;0;0;-0,0;-5,61;0;0;512;731;"";121,054;18,16;429,04;62,87;20,87;0,85;1,726;0,24;14,216;1,7;11,067;11,0;12,79;11,03;13,068;11,03;1594,692;165,07;495,224;58,15;48,7;14,75;0,629;10,02;0,06400001;10,0;0,032;10,0;1,379;19,667;0,54;28,687;3,44;4,882;0,52;1,145;1,49;944,5009;1,0;"";"";20,809;2,41;39,219;10,52;"";"";13,0;20,0;13,0;"";"";"";"";"";"";"";"";"";"";"";"";"";"";"";"";"";"";"";"";"";"";"";"";"";"";"";"";"";"";"";"";"";"";"";"";"";"";"";"";"";"";"";"";"";"";"";"";"";"";"";"";"";"";"";"";"";"";"";"";"";"";"";"";""
09.12.2022 05:19:51;1670559591000;880f01e687e2572cea04e80fc6a68085;896435;OK;1799;0;0;0;0;-0,0;-7,91;0;0;523;731;"";120,978;18,15;428,063;62,84;20,875;0,85;1,724;0,24;14,229;1,7;10,737;11,0;12,395;11,06;12,993;11,07;1517,646;157,53;477,574;56,49;41,218;14,09;1,293;10,02;0,821;10,01;0,003;10,0;1,582;19,667;0,54;28,688;3,44;4,882;0,52;1,145;1,49;944,478;1,0;"";"";20,787;2,42;39,291;10,52;"";"";13,0;20,0;13,0;"";"";"";"";"";"";"";"";"";"";"";"";"";"";"";"";"";"";"";"";"";"";"";"";"";"";"";"";"";"";"";"";"";"";"";"";"";"";"";"";"";"";"";"";"";"";"";"";"";"";"";"";"";"";"";"";"";"";"";"";"";"";"";"";""
09.12.2022 05:21:51;1670559711000;880f01e687e2572cea04e80fc6a68085;896555;OK;1783;0;0;0;0;-0,0;-4,41;0;0;525;731;"";121,901;18,29;428,522;62,86;20,875;0,85;1,723;0,24;14,254;1,7;10,689;11,0;13,036;11,1;13,435;11,17;1570,028;162,7;488,24;57,49;40,77;13,97;1,214;10,08;0,428;10,0;0,0;10,0;1,486;19,665;0,54;28,686;3,44;4,881;0,52;1,142;1,49;944,446;1,0;"";"";20,72;2,42;39,251;10,52;"";"";13,0;20,0;13,0;"";"";"";"";"";"";"";"";"";"";"";"";"";"";"";"";"";"";"";"";"";"";"";"";"";"";"";"";"";"";"";"";"";"";"";"";"";"";"";"";"";"";"";"";"";"";"";"";"";"";"";"";"";"";"";"";"";"";"";"";"";"";"";"";""
09.12.2022 05:23:51;1670559831000;880f01e687e2572cea04e80fc6a68085;896674;OK;1810;0;0;0;0;-0,0;-0,2;0;0;532;732;"";118,524;17,78;428,498;62,85;20,876;0,85;1,722;0,24;14,265;1,7;10,475;11,0;12,651;11,03;14,797;11,45;1552,303;160,91;479,833;56,67;49,221;14,87;3,374;10,39;2,613;10,26;0,0;10,0;2,427;19,664;0,54;28,686;3,44;4,881;0,52;1,142;1,49;944,4019;1,0;"";"";20,77;2,42;39,367;10,53;"";"";13,0;20,0;13,0;"";"";"";"";"";"";"";"";"";"";"";"";"";"";"";"";"";"";"";"";"";"";"";"";"";"";"";"";"";"";"";"";"";"";"";"";"";"";"";"";"";"";"";"";"";"";"";"";"";"";"";"";"";"";"";"";"";"";"";"";"";"";"";"";""
09.12.2022 05:25:52;1670559952000;880f01e687e2572cea04e80fc6a68085;896796;OK;1782;0;0;0;0;-0,03;2,61;0;0;553;731;"";118,323;17,75;429,247;62,88;20,87;0,85;1,72;0,24;14,21;1,7;9,907;11,0;12,955;11,0;13,698;11,07;1571,064;162,78;489,118;57,5;49,326;14,79;2,274;10,16;1,407;10,03;0,0;10,0;1,799;19,663;0,54;28,616;3,44;4,868;0,52;1,107;1,5;944,3839;1,0;"";"";20,812;2,41;39,63;10,54;"";"";13,0;20,0;13,0;"";"";"";"";"";"";"";"";"";"";"";"";"";"";"";"";"";"";"";"";"";"";"";"";"";"";"";"";"";"";"";"";"";"";"";"";"";"";"";"";"";"";"";"";"";"";"";"";"";"";"";"";"";"";"";"";"";"";"";"";"";"";"";"";""
09.12.2022 05:27:53;1670560073000;880f01e687e2572cea04e80fc6a68085;896917;OK;1802;0;0;0;0;-0,06;0,91;0;0;528;731;"";118,495;17,77;428,758;62,86;20,87;0,85;1,72;0,24;14,162;1,7;10,599;11,0;13,462;11,0;13,987;11,14;1575,268;163,15;489,098;57,55;53,441;15,27;1,537;10,11;0,69;10,03;0,545;10,03;1,617;19,664;0,54;28,573;3,44;4,861;0,52;1,087;1,5;944,387;1,0;"";"";20,715;2,42;39,838;10,55;"";"";13,0;20,0;13,0;"";"";"";"";"";"";"";"";"";"";"";"";"";"";"";"";"";"";"";"";"";"";"";"";"";"";"";"";"";"";"";"";"";"";"";"";"";"";"";"";"";"";"";"";"";"";"";"";"";"";"";"";"";"";"";"";"";"";"";"";"";"";"";"";""
09.12.2022 05:29:53;1670560193000;880f01e687e2572cea04e80fc6a68085;897037;OK;1794;0;0;0;0;-0,06;-4,63;0;0;576;731;"";118,509;17,78;426,824;62,8;20,874;0,85;1,719;0,24;14,078;1,69;9,3;11,0;11,249;11,0;12,283;11,09;1417,802;147,87;442,489;53,03;39,769;13,85;1,472;10,07;0,977;10,0;0,348;10,0;1,985;19,662;0,54;28,571;3,44;4,86;0,52;1,084;1,5;944,3549;1,0;"";"";20,661;2,42;39,905;10,55;"";"";13,0;20,0;13,0;"";"";"";"";"";"";"";"";"";"";"";"";"";"";"";"";"";"";"";"";"";"";"";"";"";"";"";"";"";"";"";"";"";"";"";"";"";"";"";"";"";"";"";"";"";"";"";"";"";"";"";"";"";"";"";"";"";"";"";"";"";"";"";"";""
09.12.2022 05:31:53;1670560313000;880f01e687e2572cea04e80fc6a68085;897157;OK;1801;0;0;0;0;-0,01;-6,65;0;0;523;732;"";119,792;17,97;427,063;62,81;20,871;0,85;1,717;0,24;14,119;1,7;10,748;11,0;13,561;11,22;15,402;11,57;1602,27;165,78;500,375;58,57;52,895;15,13;4,939;10,45;2,044;10,0;0,036;10,0;2,31;19,662;0,54;28,591;3,44;4,864;0,52;1,093;1,5;944,3159;1,0;"";"";20,69;2,42;39,971;10,56;"";"";13,0;20,0;13,0;"";"";"";"";"";"";"";"";"";"";"";"";"";"";"";"";"";"";"";"";"";"";"";"";"";"";"";"";"";"";"";"";"";"";"";"";"";"";"";"";"";"";"";"";"";"";"";"";"";"";"";"";"";"";"";"";"";"";"";"";"";"";"";"";""
09.12.2022 05:33:54;1670560434000;880f01e687e2572cea04e80fc6a68085;897278;OK;1793;0;0;0;0;-0,0;0,72;0;0;533;732;"";116,807;17,52;429,05;62,87;20,873;0,85;1,714;0,24;14,13;1,7;10,465;11,0;12,192;11,02;13,049;11,06;1555,98;161,31;485,022;57,13;41,482;14,05;2,578;10,17;0,604;10,0;0,004;10,0;1,756;19,661;0,54;28,569;3,44;4,86;0,52;1,082;1,5;944,279;1,0;"";"";20,611;2,42;39,907;10,55;"";"";13,0;20,0;13,0;"";"";"";"";"";"";"";"";"";"";"";"";"";"";"";"";"";"";"";"";"";"";"";"";"";"";"";"";"";"";"";"";"";"";"";"";"";"";"";"";"";"";"";"";"";"";"";"";"";"";"";"";"";"";"";"";"";"";"";"";"";"";"";"";""
09.12.2022 05:35:53;1670560553000;880f01e687e2572cea04e80fc6a68085;897397;OK;1789;0;0;0;0;-0,02;3,43;0;0;517;732;"";116,179;17,43;427,054;62,81;20,876;0,85;1,713;0,24;14,11;1,7;10,909;11,0;14,129;11,26;15,129;11,33;1632,184;168,72;506,443;59,29;59,145;15,81;4,785;10,38;1,456;10,04;0,0;10,0;1,894;19,66;0,54;28,567;3,44;4,859;0,52;1,081;1,5;944,2459;1,0;"";"";20,678;2,42;39,618;10,54;"";"";13,0;20,0;13,0;"";"";"";"";"";"";"";"";"";"";"";"";"";"";"";"";"";"";"";"";"";"";"";"";"";"";"";"";"";"";"";"";"";"";"";"";"";"";"";"";"";"";"";"";"";"";"";"";"";"";"";"";"";"";"";"";"";"";"";"";"";"";"";"";""
09.12.2022 05:37:53;1670560673000;880f01e687e2572cea04e80fc6a68085;897517;OK;1801;0;0;0;0;-0,03;-4,71;0;0;524;732;"";115,015;17,25;425,196;62,76;20,873;0,85;1,713;0,24;14,102;1,7;10,703;11,0;12,836;11,09;14,339;11,15;1570,265;162,72;479,075;56,67;50,007;14,94;3,444;10,24;2,048;10,09;0,0;10,0;2,173;19,657;0,54;28,552;3,44;4,856;0,52;1,07;1,5;944,214;1,0;"";"";20,607;2,42;39,417;10,53;"";"";13,0;20,0;13,0;"";"";"";"";"";"";"";"";"";"";"";"";"";"";"";"";"";"";"";"";"";"";"";"";"";"";"";"";"";"";"";"";"";"";"";"";"";"";"";"";"";"";"";"";"";"";"";"";"";"";"";"";"";"";"";"";"";"";"";"";"";"";"";"";""
09.12.2022 05:39:54;1670560794000;880f01e687e2572cea04e80fc6a68085;897638;OK;1799;0;0;0;0;-0,0;-11,83;0;0;556;732;"";114,861;17,23;424,981;62,75;20,873;0,85;1,711;0,24;14,028;1,69;9,845;11,0;12,99;11,02;13,715;11,05;1473,809;153,39;454,251;54,21;53,99;15,26;3,329;10,27;1,009;10,02;0,0;10,0;1,818;19,658;0,54;28,566;3,44;4,858;0,52;1,078;1,5;944,164;1,0;"";"";20,546;2,43;39,593;10,54;"";"";13,0;20,0;13,0;"";"";"";"";"";"";"";"";"";"";"";"";"";"";"";"";"";"";"";"";"";"";"";"";"";"";"";"";"";"";"";"";"";"";"";"";"";"";"";"";"";"";"";"";"";"";"";"";"";"";"";"";"";"";"";"";"";"";"";"";"";"";"";"";""
09.12.2022 05:41:55;1670560915000;880f01e687e2572cea04e80fc6a68085;897759;OK;1797;0;0;0;0;-0,02;-4,66;0;0;534;732;"";114,361;17,15;425,134;62,75;20,874;0,85;1,71;0,24;13,98;1,69;10,429;11,0;13,521;11,11;13,948;11,17;1595,052;165,15;493,383;57,95;60,299;15,87;2,353;10,14;0,542;10,0;0,0;10,0;1,6;19,656;0,54;28,523;3,44;4,85;0,52;1,055;1,5;944,1031;1,0;"";"";20,679;2,42;39,788;10,55;"";"";13,0;20,0;13,0;"";"";"";"";"";"";"";"";"";"";"";"";"";"";"";"";"";"";"";"";"";"";"";"";"";"";"";"";"";"";"";"";"";"";"";"";"";"";"";"";"";"";"";"";"";"";"";"";"";"";"";"";"";"";"";"";"";"";"";"";"";"";"";"";""
09.12.2022 05:43:55;1670561035000;880f01e687e2572cea04e80fc6a68085;897879;OK;1789;0;0;0;0;-0,0;-1,51;0;0;542;733;"";113,813;17,07;425,232;62,76;20,874;0,85;1,708;0,24;13,972;1,69;10,206;11,0;12,365;11,01;13,465;11,08;1544,6;160,19;479,289;56,6;45,7;14,45;3,106;10,31;0,579;10,05;0,0;10,0;1,953;19,655;0,54;28,563;3,44;4,857;0,52;1,074;1,5;944,041;1,0;"";"";20,643;2,42;39,937;10,55;"";"";13,0;20,0;13,0;"";"";"";"";"";"";"";"";"";"";"";"";"";"";"";"";"";"";"";"";"";"";"";"";"";"";"";"";"";"";"";"";"";"";"";"";"";"";"";"";"";"";"";"";"";"";"";"";"";"";"";"";"";"";"";"";"";"";"";"";"";"";"";"";""
09.12.2022 05:45:56;1670561156000;880f01e687e2572cea04e80fc6a68085;898000;OK;1800;0;0;0;0;-0,0;7,67;0;0;557;733;"";114,201;17,13;428,041;62,84;20,876;0,85;1,707;0,24;13,963;1,69;9,784;11,0;12,401;11,12;13,428;11,16;1470,328;152,95;457,928;54,54;47,891;14,76;3,163;10,31;1,328;10,07;0,155;10,0;1,938;19,653;0,54;28,561;3,44;4,856;0,52;1,071;1,5;943,991;1,0;"";"";20,625;2,42;39,84;10,55;"";"";13,0;20,0;13,0;"";"";"";"";"";"";"";"";"";"";"";"";"";"";"";"";"";"";"";"";"";"";"";"";"";"";"";"";"";"";"";"";"";"";"";"";"";"";"";"";"";"";"";"";"";"";"";"";"";"";"";"";"";"";"";"";"";"";"";"";"";"";"";"";""
09.12.2022 05:47:56;1670561276000;880f01e687e2572cea04e80fc6a68085;898120;OK;1796;0;0;0;0;-0,04;7,96;0;0;554;733;"";114,518;17,18;427,223;62,82;20,877;0,85;1,705;0,24;13,913;1,69;9,876;11,0;12,801;11,07;13,079;11,09;1515,194;157,3;469,397;55,69;49,695;14,89;2,637;10,24;0,332;10,01;0,016;10,0;1,508;19,651;0,54;28,466;3,45;4,839;0,52;1,023;1,5;943,9529;1,0;"";"";20,696;2,42;39,718;10,54;"";"";13,0;20,0;13,0;"";"";"";"";"";"";"";"";"";"";"";"";"";"";"";"";"";"";"";"";"";"";"";"";"";"";"";"";"";"";"";"";"";"";"";"";"";"";"";"";"";"";"";"";"";"";"";"";"";"";"";"";"";"";"";"";"";"";"";"";"";"";"";"";""
09.12.2022 05:49:56;1670561396000;880f01e687e2572cea04e80fc6a68085;898240;OK;1797;0;0;0;0;-0,03;6,02;0;0;522;734;"";113,049;16,96;427,835;62,84;20,876;0,85;1,703;0,24;13,879;1,68;10,765;11,0;12,623;11,01;14,29;11,25;1610,079;166,52;500,907;58,75;48,861;14,76;3,525;10,41;2,081;10,15;0,002;10,0;2,185;19,65;0,54;28,543;3,44;4,852;0,52;1,06;1,5;943,931;1,0;"";"";20,678;2,42;39,878;10,55;"";"";13,0;20,0;13,0;"";"";"";"";"";"";"";"";"";"";"";"";"";"";"";"";"";"";"";"";"";"";"";"";"";"";"";"";"";"";"";"";"";"";"";"";"";"";"";"";"";"";"";"";"";"";"";"";"";"";"";"";"";"";"";"";"";"";"";"";"";"";"";"";""
09.12.2022 05:51:58;1670561518000;880f01e687e2572cea04e80fc6a68085;898362;OK;1787;0;0;0;0;-0,0;-5,32;0;0;562;734;"";112,782;16,92;426,253;62,79;20,874;0,85;1,702;0,24;13,916;1,69;9,673;11,0;11,7;11,0;12,319;11,03;1486,569;154,54;459,072;54,67;45,923;14,43;1,818;10,07;0,811;10,02;0,0;10,0;1,668;19,65;0,54;28,513;3,44;4,847;0,52;1,046;1,5;943,918;1,0;"";"";20,69;2,42;40,04;10,56;"";"";13,0;20,0;13,0;"";"";"";"";"";"";"";"";"";"";"";"";"";"";"";"";"";"";"";"";"";"";"";"";"";"";"";"";"";"";"";"";"";"";"";"";"";"";"";"";"";"";"";"";"";"";"";"";"";"";"";"";"";"";"";"";"";"";"";"";"";"";"";"";""
09.12.2022 05:53:57;1670561637000;880f01e687e2572cea04e80fc6a68085;898481;OK;1789;0;0;0;0;-0,02;-8,33;0;0;537;733;"";112,08;16,81;424,594;62,74;20,876;0,85;1,7;0,24;13,867;1,68;10,356;11,0;12,233;11,0;13,484;11,05;1571,356;162,72;483,933;57,0;51,524;15,06;2,06;10,1;1,328;10,03;0,083;10,0;2,02;19,641;0,54;28,447;3,45;4,833;0,52;1,005;1,51;943,958;1,0;"";"";20,638;2,42;39,676;10,54;"";"";13,0;20,0;13,0;"";"";"";"";"";"";"";"";"";"";"";"";"";"";"";"";"";"";"";"";"";"";"";"";"";"";"";"";"";"";"";"";"";"";"";"";"";"";"";"";"";"";"";"";"";"";"";"";"";"";"";"";"";"";"";"";"";"";"";"";"";"";"";"";""
09.12.2022 05:55:59;1670561759000;880f01e687e2572cea04e80fc6a68085;898602;OK;1799;0;0;0;0;-0,07;-11,0;0;0;551;733;"";112,008;16,8;424,632;62,74;20,872;0,85;1,7;0,24;13,856;1,68;9,955;11,0;11,567;11,0;12,803;11,0;1515,912;157,36;475,098;56,14;44,405;14,32;2,412;10,16;1,784;10,06;0,009;10,0;2,035;19,638;0,54;28,44;3,45;4,831;0,52;0,999;1,51;944,0;1,0;"";"";20,68;2,42;39,517;10,53;"";"";13,0;20,0;13,0;"";"";"";"";"";"";"";"";"";"";"";"";"";"";"";"";"";"";"";"";"";"";"";"";"";"";"";"";"";"";"";"";"";"";"";"";"";"";"";"";"";"";"";"";"";"";"";"";"";"";"";"";"";"";"";"";"";"";"";"";"";"";"";"";""
09.12.2022 05:57:59;1670561879000;880f01e687e2572cea04e80fc6a68085;898723;OK;1782;0;0;0;0;-0,05;-5,71;0;0;559;733;"";112,15;16,82;423,533;62,71;20,875;0,85;1,699;0,24;13,827;1,68;9,731;11,0;12,949;11,13;13,278;11,2;1474,914;153,43;454,818;54,23;53,27;15,23;2,952;10,27;0,391;10,01;0,001;10,0;1,554;19,64;0,54;28,439;3,45;4,832;0,52;1,001;1,51;944,016;1,0;"";"";20,677;2,42;39,412;10,53;"";"";13,0;20,0;13,0;"";"";"";"";"";"";"";"";"";"";"";"";"";"";"";"";"";"";"";"";"";"";"";"";"";"";"";"";"";"";"";"";"";"";"";"";"";"";"";"";"";"";"";"";"";"";"";"";"";"";"";"";"";"";"";"";"";"";"";"";"";"";"";"";""
09.12.2022 05:59:59;1670561999000;880f01e687e2572cea04e80fc6a68085;898843;OK;1799;0;0;0;0;0,01;-0,1;0;0;546;734;"";111,754;16,76;424,469;62,73;20,875;0,85;1,697;0,24;13,822;1,68;10,095;11,0;12,054;11,01;13,584;11,06;1494,056;155,29;469,051;55,6;45,663;14,5;2,316;10,18;1,672;10,1;0,0;10,0;2,197;19,64;0,54;28,452;3,45;4,834;0,52;1,007;1,51;944,007;1,0;"";"";20,704;2,42;39,641;10,54;"";"";13,0;20,0;13,0;"";"";"";"";"";"";"";"";"";"";"";"";"";"";"";"";"";"";"";"";"";"";"";"";"";"";"";"";"";"";"";"";"";"";"";"";"";"";"";"";"";"";"";"";"";"";"";"";"";"";"";"";"";"";"";"";"";"";"";"";"";"";"";"";""
09.12.2022 06:01:59;1670562119000;880f01e687e2572cea04e80fc6a68085;898963;OK;1783;0;0;0;0;0,0;1,76;0;0;564;734;"";112,454;16,87;424,28;62,73;20,875;0,85;1,696;0,24;13,907;1,69;9,6;11,0;11,635;11,0;12,635;11,01;1465,99;152,55;458,285;54,55;43,704;14,37;1,67;10,02;1,507;10,01;0,634;10,0;1,934;19,639;0,54;28,44;3,45;4,831;0,52;1,0;1,51;943,987;1,0;"";"";20,697;2,42;39,783;10,54;"";"";13,0;20,0;13,0;"";"";"";"";"";"";"";"";"";"";"";"";"";"";"";"";"";"";"";"";"";"";"";"";"";"";"";"";"";"";"";"";"";"";"";"";"";"";"";"";"";"";"";"";"";"";"";"";"";"";"";"";"";"";"";"";"";"";"";"";"";"";"";"";""
09.12.2022 06:04:00;1670562240000;880f01e687e2572cea04e80fc6a68085;899083;OK;1794;0;0;0;0;-0,01;1,5;0;0;577;734;"";111,612;16,74;424,134;62,72;20,874;0,85;1,695;0,24;13,896;1,68;9,247;11,0;11,192;11,0;11,37;11,0;1396,681;145,86;434,714;52,31;41,014;14,04;0,194;10,0;0,177;10,0;0,087;10,0;1,38;19,632;0,54;28,439;3,45;4,829;0,52;0,9940001;1,51;943,983;1,0;"";"";20,592;2,42;40,011;10,56;"";"";13,0;20,0;13,0;"";"";"";"";"";"";"";"";"";"";"";"";"";"";"";"";"";"";"";"";"";"";"";"";"";"";"";"";"";"";"";"";"";"";"";"";"";"";"";"";"";"";"";"";"";"";"";"";"";"";"";"";"";"";"";"";"";"";"";"";"";"";"";"";""
09.12.2022 06:06:01;1670562361000;880f01e687e2572cea04e80fc6a68085;899205;OK;1793;0;0;0;0;0,02;-4,05;0;0;537;735;"";110,461;16,57;423,043;62,69;20,875;0,85;1,694;0,24;13,993;1,69;10,336;11,0;11,99;11,0;12,704;11,08;1550,241;160,7;483,238;56,99;43,066;14,21;1,173;10,1;1,172;10,1;0,284;10,0;1,641;19,631;0,54;28,536;3,44;4,845;0,52;1,04;1,5;943,9699;1,0;"";"";20,713;2,42;40,236;10,57;"";"";13,0;20,0;13,0;"";"";"";"";"";"";"";"";"";"";"";"";"";"";"";"";"";"";"";"";"";"";"";"";"";"";"";"";"";"";"";"";"";"";"";"";"";"";"";"";"";"";"";"";"";"";"";"";"";"";"";"";"";"";"";"";"";"";"";"";"";"";"";"";""
09.12.2022 06:08:02;1670562482000;880f01e687e2572cea04e80fc6a68085;899326;OK;1804;0;0;0;0;0,01;-4,91;0;0;555;735;"";108,526;16,28;423,137;62,69;20,877;0,85;1,692;0,24;13,923;1,69;9,842;11,0;12,509;11,0;13,303;11,07;1512,488;157,04;467,166;55,38;45,505;14,51;2,91;10,26;0,901;10,01;0,029;10,0;1,787;19,628;0,54;28,454;3,45;4,831;0,52;0,9969999;1,51;943,9219;1,0;"";"";20,761;2,42;40,316;10,57;"";"";13,0;20,0;13,0;"";"";"";"";"";"";"";"";"";"";"";"";"";"";"";"";"";"";"";"";"";"";"";"";"";"";"";"";"";"";"";"";"";"";"";"";"";"";"";"";"";"";"";"";"";"";"";"";"";"";"";"";"";"";"";"";"";"";"";"";"";"";"";"";""
09.12.2022 06:10:01;1670562601000;880f01e687e2572cea04e80fc6a68085;899445;OK;1790;0;0;0;0;-0,01;-10,49;0;0;565;735;"";110,238;16,54;419,877;62,6;20,874;0,85;1,691;0,24;13,867;1,68;9,563;11,0;11,465;11,02;12,116;11,06;1392,648;145,35;440,621;52,77;41,107;14,08;1,833;10,09;1,14;10,0;0,003;10,0;1,686;19,624;0,54;28,449;3,45;4,829;0,52;0,992;1,51;943,868;1,0;"";"";20,767;2,41;40,604;10,59;"";"";13,0;20,0;13,0;"";"";"";"";"";"";"";"";"";"";"";"";"";"";"";"";"";"";"";"";"";"";"";"";"";"";"";"";"";"";"";"";"";"";"";"";"";"";"";"";"";"";"";"";"";"";"";"";"";"";"";"";"";"";"";"";"";"";"";"";"";"";"";"";""
09.12.2022 06:12:02;1670562722000;880f01e687e2572cea04e80fc6a68085;899565;OK;1797;0;0;0;0;-0,04;-4,07;0;0;573;735;"";109,132;16,37;422,175;62,67;20,876;0,85;1,689;0,24;13,839;1,68;9,352;11,0;10,869;11,0;11,425;11,01;1425,674;148,64;445,16;53,24;38,307;13,83;1,135;10,01;1,064;10,0;0,0;10,0;1,595;19,623;0,54;28,441;3,45;4,827;0,52;0,987;1,51;943,849;1,0;"";"";20,675;2,42;40,712;10,59;"";"";13,0;20,0;13,0;"";"";"";"";"";"";"";"";"";"";"";"";"";"";"";"";"";"";"";"";"";"";"";"";"";"";"";"";"";"";"";"";"";"";"";"";"";"";"";"";"";"";"";"";"";"";"";"";"";"";"";"";"";"";"";"";"";"";"";"";"";"";"";"";""
09.12.2022 06:14:02;1670562842000;880f01e687e2572cea04e80fc6a68085;899686;OK;1799;0;0;0;0;-0,01;1,62;0;0;542;736;"";109,944;16,49;422,603;62,68;20,87;0,85;1,687;0,24;13,787;1,68;10,208;11,0;12,239;11,0;13,582;11,02;1513,192;157,12;466,946;55,47;47,729;14,67;2,138;10,17;1,876;10,14;0,0;10,0;2,087;19,621;0,54;28,44;3,45;4,826;0,52;0,984;1,51;943,851;1,0;"";"";20,701;2,42;40,697;10,59;"";"";13,0;20,0;13,0;"";"";"";"";"";"";"";"";"";"";"";"";"";"";"";"";"";"";"";"";"";"";"";"";"";"";"";"";"";"";"";"";"";"";"";"";"";"";"";"";"";"";"";"";"";"";"";"";"";"";"";"";"";"";"";"";"";"";"";"";"";"";"";"";""
09.12.2022 06:16:02;1670562962000;880f01e687e2572cea04e80fc6a68085;899806;OK;1803;0;0;0;0;-0,01;11,38;0;0;569;736;"";110,201;16,53;423,928;62,72;20,874;0,85;1,686;0,24;13,695;1,67;9,473;11,0;11,021;11,0;12,664;11,0;1417,193;147,83;436,417;52,42;39,331;13,95;2,452;10,11;1,717;10,01;0,485;10,0;2,336;19,618;0,54;28,44;3,45;4,826;0,52;0,982;1,51;943,858;1,0;"";"";20,67;2,42;40,511;10,58;"";"";13,0;20,0;13,0;"";"";"";"";"";"";"";"";"";"";"";"";"";"";"";"";"";"";"";"";"";"";"";"";"";"";"";"";"";"";"";"";"";"";"";"";"";"";"";"";"";"";"";"";"";"";"";"";"";"";"";"";"";"";"";"";"";"";"";"";"";"";"";"";""
09.12.2022 06:18:03;1670563083000;880f01e687e2572cea04e80fc6a68085;899927;OK;1793;0;0;0;0;-0,0;3,74;0;0;553;736;"";108,328;16,25;424,138;62,72;20,875;0,85;1,686;0,24;13,793;1,68;9,896;11,0;13,177;11,23;14,627;11,38;1490,457;154,95;468,355;55,57;55,735;15,51;3,708;10,38;2,472;10,14;0,05;10,0;2,202;19,62;0,54;28,443;3,45;4,827;0,52;0,985;1,51;943,856;1,0;"";"";20,629;2,42;40,634;10,59;"";"";13,0;20,0;13,0;"";"";"";"";"";"";"";"";"";"";"";"";"";"";"";"";"";"";"";"";"";"";"";"";"";"";"";"";"";"";"";"";"";"";"";"";"";"";"";"";"";"";"";"";"";"";"";"";"";"";"";"";"";"";"";"";"";"";"";"";"";"";"";"";""
09.12.2022 06:20:03;1670563203000;880f01e687e2572cea04e80fc6a68085;900047;OK;1787;0;0;0;0;0,0;-2,81;0;0;571;736;"";107,383;16,11;421,994;62,66;20,87;0,85;1,685;0,24;13,795;1,68;9,415;11,0;11,214;11,02;12,713;11,04;1449,24;150,87;451,392;53,86;38,579;13,79;2,253;10,27;1,917;10,18;0,005;10,0;2,246;19,619;0,54;28,441;3,45;4,826;0,52;0,984;1,51;943,886;1,0;"";"";20,702;2,42;40,973;10,61;"";"";13,0;20,0;13,0;"";"";"";"";"";"";"";"";"";"";"";"";"";"";"";"";"";"";"";"";"";"";"";"";"";"";"";"";"";"";"";"";"";"";"";"";"";"";"";"";"";"";"";"";"";"";"";"";"";"";"";"";"";"";"";"";"";"";"";"";"";"";"";"";""
09.12.2022 06:22:04;1670563324000;880f01e687e2572cea04e80fc6a68085;900168;OK;1797;0;0;0;0;-0,0;-6,19;0;0;560;737;"";107,051;16,06;423,043;62,69;20,874;0,85;1,682;0,24;13,755;1,68;9,702;11,0;11,608;11,0;11,985;11,0;1457,341;151,66;452,641;54,09;45,42;14,48;1,061;10,1;0,493;10,02;0,001;10,0;1,502;19,616;0,54;28,44;3,45;4,825;0,52;0,98;1,51;943,948;1,0;"";"";20,662;2,42;41,242;10,62;"";"";13,0;20,0;13,0;"";"";"";"";"";"";"";"";"";"";"";"";"";"";"";"";"";"";"";"";"";"";"";"";"";"";"";"";"";"";"";"";"";"";"";"";"";"";"";"";"";"";"";"";"";"";"";"";"";"";"";"";"";"";"";"";"";"";"";"";"";"";"";"";""
09.12.2022 06:24:04;1670563444000;880f01e687e2572cea04e80fc6a68085;900288;OK;1790;0;0;0;0;-0,02;1,22;0;0;525;736;"";106,678;16,0;423,698;62,71;20,874;0,85;1,682;0,24;13,68;1,67;10,684;11,0;12,727;11,16;13,948;11,29;1581,536;163,79;493,978;58,04;48,01;14,72;4,016;10,39;1,897;10,17;0,0;10,0;1,853;19,617;0,54;28,398;3,45;4,818;0,52;0,9610001;1,51;943,996;1,0;"";"";20,635;2,42;41,173;10,62;"";"";13,0;20,0;13,0;"";"";"";"";"";"";"";"";"";"";"";"";"";"";"";"";"";"";"";"";"";"";"";"";"";"";"";"";"";"";"";"";"";"";"";"";"";"";"";"";"";"";"";"";"";"";"";"";"";"";"";"";"";"";"";"";"";"";"";"";"";"";"";"";""
09.12.2022 06:26:05;1670563565000;880f01e687e2572cea04e80fc6a68085;900409;OK;1800;0;0;0;0;-0,04;1,89;0;0;555;736;"";105,323;15,8;422,318;62,67;20,873;0,85;1,68;0,24;13,672;1,67;9,848;11,0;11,608;11,02;13,11;11,09;1444,311;150,47;452,311;53,96;45,77;14,46;2,984;10,18;2,244;10,1;0,0;10,0;2,193;19,615;0,54;28,355;3,45;4,81;0,52;0,938;1,51;944,0209;1,0;"";"";20,638;2,42;41,014;10,61;"";"";13,0;20,0;13,0;"";"";"";"";"";"";"";"";"";"";"";"";"";"";"";"";"";"";"";"";"";"";"";"";"";"";"";"";"";"";"";"";"";"";"";"";"";"";"";"";"";"";"";"";"";"";"";"";"";"";"";"";"";"";"";"";"";"";"";"";"";"";"";"";""
09.12.2022 06:28:05;1670563685000;880f01e687e2572cea04e80fc6a68085;900529;OK;1789;0;0;0;0;-0,01;-3,11;0;0;575;737;"";106,147;15,92;422,661;62,68;20,872;0,85;1,679;0,24;13,724;1,68;9,323;11,0;11,475;11,0;12,252;11,01;1431,506;149,22;444,364;53,27;39,09;13,92;2,546;10,22;0,613;10,01;0,0;10,0;1,818;19,615;0,54;28,43;3,45;4,823;0,52;0,974;1,51;943,985;1,0;"";"";20,738;2,42;41,104;10,61;"";"";13,0;20,0;13,0;"";"";"";"";"";"";"";"";"";"";"";"";"";"";"";"";"";"";"";"";"";"";"";"";"";"";"";"";"";"";"";"";"";"";"";"";"";"";"";"";"";"";"";"";"";"";"";"";"";"";"";"";"";"";"";"";"";"";"";"";"";"";"";"";""
09.12.2022 06:30:05;1670563805000;880f01e687e2572cea04e80fc6a68085;900649;OK;1800;0;0;0;0;0,01;-3,38;0;0;545;738;"";106,916;16,04;422,908;62,69;20,874;0,85;1,677;0,24;13,706;1,67;10,109;11,0;11,079;11,0;12,188;11,02;1473,254;153,27;461,212;54,89;26,424;12,56;1,543;10,07;1,261;10,04;0,256;10,04;1,88;19,614;0,54;28,439;3,45;4,824;0,52;0,978;1,51;943,932;1,0;"";"";20,786;2,41;41,535;10,64;"";"";13,0;20,0;13,0;"";"";"";"";"";"";"";"";"";"";"";"";"";"";"";"";"";"";"";"";"";"";"";"";"";"";"";"";"";"";"";"";"";"";"";"";"";"";"";"";"";"";"";"";"";"";"";"";"";"";"";"";"";"";"";"";"";"";"";"";"";"";"";"";""
09.12.2022 06:32:06;1670563926000;880f01e687e2572cea04e80fc6a68085;900769;OK;1810;0;0;0;0;0,03;-2,02;0;0;575;738;"";106,22;15,93;421,663;62,65;20,875;0,85;1,676;0,24;13,67;1,67;9,329;11,0;10,909;11,0;11,965;11,0;1397,187;145,82;434,662;52,3;42,154;14,13;1,763;10,05;1,182;10,04;0,026;10,0;1,989;19,614;0,54;28,44;3,45;4,824;0,52;0,979;1,51;943,906;1,0;"";"";20,832;2,41;41,585;10,64;"";"";13,0;20,0;13,0;"";"";"";"";"";"";"";"";"";"";"";"";"";"";"";"";"";"";"";"";"";"";"";"";"";"";"";"";"";"";"";"";"";"";"";"";"";"";"";"";"";"";"";"";"";"";"";"";"";"";"";"";"";"";"";"";"";"";"";"";"";"";"";"";""
09.12.2022 06:34:06;1670564046000;880f01e687e2572cea04e80fc6a68085;900890;OK;1808;0;0;0;0;-0,0;-0,33;0;0;570;738;"";102,848;15,43;422,454;62,67;20,876;0,85;1,674;0,24;13,697;1,67;9,441;11,0;11,043;11,0;12,017;11,0;1448,092;150,84;450,142;53,74;40,058;13,98;2,616;10,27;1,671;10,05;0,003;10,0;1,888;19,611;0,54;28,44;3,45;4,824;0,52;0,976;1,51;943,864;1,0;"";"";20,793;2,41;41,537;10,64;"";"";13,0;20,0;13,0;"";"";"";"";"";"";"";"";"";"";"";"";"";"";"";"";"";"";"";"";"";"";"";"";"";"";"";"";"";"";"";"";"";"";"";"";"";"";"";"";"";"";"";"";"";"";"";"";"";"";"";"";"";"";"";"";"";"";"";"";"";"";"";"";""
09.12.2022 06:36:07;1670564167000;880f01e687e2572cea04e80fc6a68085;901011;OK;1807;0;0;0;0;-0,01;-4,13;0;0;585;739;"";105,696;15,85;420,713;62,62;20,877;0,85;1,673;0,24;13,711;1,68;9,05;11,0;10,585;11,0;12,108;11,0;1384,452;144,64;425,175;51,38;42,239;14,17;2,467;10,14;2,103;10,04;0,427;10,0;2,29;19,608;0,54;28,44;3,45;4,823;0,52;0,974;1,51;943,8029;1,0;"";"";20,849;2,41;41,699;10,64;"";"";13,0;20,0;13,0;"";"";"";"";"";"";"";"";"";"";"";"";"";"";"";"";"";"";"";"";"";"";"";"";"";"";"";"";"";"";"";"";"";"";"";"";"";"";"";"";"";"";"";"";"";"";"";"";"";"";"";"";"";"";"";"";"";"";"";"";"";"";"";"";""
09.12.2022 06:38:07;1670564287000;880f01e687e2572cea04e80fc6a68085;901131;OK;1802;0;0;0;0;-0,01;-3,58;0;0;574;739;"";104,308;15,65;420,523;62,62;20,87;0,85;1,672;0,24;13,681;1,67;9,332;11,0;10,68;11,0;12,158;11,0;1426,734;148,71;437,962;52,59;35,979;13,56;2,269;10,31;1,657;10,2;0,14;10,0;2,218;19,606;0,54;28,44;3,45;4,822;0,52;0,971;1,51;943,7349;1,0;"";"";20,763;2,41;41,672;10,64;"";"";13,0;20,0;13,0;"";"";"";"";"";"";"";"";"";"";"";"";"";"";"";"";"";"";"";"";"";"";"";"";"";"";"";"";"";"";"";"";"";"";"";"";"";"";"";"";"";"";"";"";"";"";"";"";"";"";"";"";"";"";"";"";"";"";"";"";"";"";"";"";""
09.12.2022 06:40:08;1670564408000;880f01e687e2572cea04e80fc6a68085;901252;OK;1807;0;0;0;0;-0,01;-3,66;0;0;564;739;"";104,723;15,71;420,841;62,63;20,873;0,85;1,67;0,24;13,652;1,67;9,612;11,0;10,456;11,0;10,912;11,0;1406,753;146,69;432,983;52,11;31,561;13,05;0,615;10,06;0,552;10,05;0,014;10,0;1,443;19,603;0,54;28,42;3,45;4,818;0,52;0,959;1,51;943,701;1,0;"";"";20,778;2,41;41,559;10,64;"";"";13,0;20,0;13,0;"";"";"";"";"";"";"";"";"";"";"";"";"";"";"";"";"";"";"";"";"";"";"";"";"";"";"";"";"";"";"";"";"";"";"";"";"";"";"";"";"";"";"";"";"";"";"";"";"";"";"";"";"";"";"";"";"";"";"";"";"";"";"";"";""
09.12.2022 06:42:08;1670564528000;880f01e687e2572cea04e80fc6a68085;901371;OK;1804;0;0;0;0;-0,02;-2,79;0;0;580;739;"";102,676;15,4;418,697;62,56;20,869;0,85;1,669;0,24;13,616;1,67;9,163;11,0;9,949;11,0;10,882;11,0;1311,466;137,42;409,764;49,85;34,399;13,39;1,578;10,06;0,9700001;10,05;0,002;10,0;1,864;19,603;0,54;28,417;3,45;4,817;0,52;0,957;1,51;943,701;1,0;"";"";20,819;2,41;41,438;10,63;"";"";15,338;18,77;45,5;"";"";"";"";"";"";"";"";"";"";"";"";"";"";"";"";"";"";"";"";"";"";"";"";"";"";"";"";"";"";"";"";"";"";"";"";"";"";"";"";"";"";"";"";"";"";"";"";"";"";"";"";"";"";"";"";"";"";"";"";"";"";"";"";""
09.12.2022 06:44:09;1670564649000;880f01e687e2572cea04e80fc6a68085;901493;OK;1823;0;0;0;0;-0,01;-7,92;0;0;562;740;"";101,855;15,28;417,241;62,52;20,871;0,85;1,666;0,24;13,673;1,67;9,666;11,0;11,131;11,0;12,392;11,09;1451,053;151,03;452,769;54,05;35,793;13,55;1,912;10,08;1,632;10,01;0,222;10,0;2,036;19,603;0,54;28,422;3,45;4,818;0,52;0,9599999;1,51;943,683;1,0;"";"";20,961;2,4;41,35;10,62;"";"";13,241;19,87;13,0;"";"";"";"";"";"";"";"";"";"";"";"";"";"";"";"";"";"";"";"";"";"";"";"";"";"";"";"";"";"";"";"";"";"";"";"";"";"";"";"";"";"";"";"";"";"";"";"";"";"";"";"";"";"";"";"";"";"";"";"";"";"";"";"";""
09.12.2022 06:46:10;1670564770000;880f01e687e2572cea04e80fc6a68085;901613;OK;1804;0;0;0;0;-0,03;-9,65;0;0;553;739;"";100,615;15,09;416,963;62,51;20,875;0,85;1,666;0,24;13,62;1,67;9,891;11,0;11,093;11,0;12,395;11,01;1510,116;156,88;473,282;56,05;38,402;13,72;1,753;10,01;1,724;10,0;0,542;10,0;2,062;19,603;0,54;28,354;3,45;4,807;0,52;0,927;1,51;943,659;1,0;"";"";20,957;2,4;41,166;10,61;"";"";13,025;19,99;13,0;"";"";"";"";"";"";"";"";"";"";"";"";"";"";"";"";"";"";"";"";"";"";"";"";"";"";"";"";"";"";"";"";"";"";"";"";"";"";"";"";"";"";"";"";"";"";"";"";"";"";"";"";"";"";"";"";"";"";"";"";"";"";"";"";""
09.12.2022 06:48:08;1670564888000;880f01e687e2572cea04e80fc6a68085;901732;OK;1787;0;0;0;0;-0,02;-1,02;0;0;583;739;"";103,09;15,46;418,07;62,54;20,875;0,85;1,665;0,24;13,619;1,67;9,098;11,0;11,057;11,0;12,072;11,05;1417,916;147,92;446,885;53,42;43,487;14,25;1,995;10,08;1,14;10,03;0,058;10,0;1,95;19,599;0,54;28,39;3,45;4,812;0,52;0,941;1,51;943,668;1,0;"";"";20,93;2,41;41,233;10,62;"";"";13,003;20,0;13,0;"";"";"";"";"";"";"";"";"";"";"";"";"";"";"";"";"";"";"";"";"";"";"";"";"";"";"";"";"";"";"";"";"";"";"";"";"";"";"";"";"";"";"";"";"";"";"";"";"";"";"";"";"";"";"";"";"";"";"";"";"";"";"";"";""
09.12.2022 06:50:10;1670565010000;880f01e687e2572cea04e80fc6a68085;901853;OK;1802;0;0;0;0;-0,04;2,29;0;0;569;739;"";103,187;15,48;417,833;62,53;20,874;0,85;1,664;0,24;13,611;1,67;9,469;11,0;10,607;11,0;11,89;11,01;1402,834;146,43;438,305;52,61;35,905;13,55;2,765;10,28;1,556;10,0;0,006;10,0;2,108;19,596;0,54;28,328;3,45;4,8;0,52;0,908;1,51;943,71;1,0;"";"";20,949;2,41;41,581;10,64;"";"";13,0;20,0;13,0;"";"";"";"";"";"";"";"";"";"";"";"";"";"";"";"";"";"";"";"";"";"";"";"";"";"";"";"";"";"";"";"";"";"";"";"";"";"";"";"";"";"";"";"";"";"";"";"";"";"";"";"";"";"";"";"";"";"";"";"";"";"";"";"";""
09.12.2022 06:52:10;1670565130000;880f01e687e2572cea04e80fc6a68085;901974;OK;1796;0;0;0;0;-0,01;0,64;0;0;588;739;"";102,742;15,41;417,512;62,53;20,875;0,85;1,663;0,24;13,604;1,67;8,973;11,0;10,495;11,0;11,241;11,0;1354,027;141,7;421,345;50,94;35,879;13,49;1,257;10,05;0,833;10,0;0,141;10,0;1,763;19,594;0,54;28,342;3,45;4,802;0,52;0,913;1,51;943,7349;1,0;"";"";20,846;2,41;41,938;10,66;"";"";13,0;20,0;13,0;"";"";"";"";"";"";"";"";"";"";"";"";"";"";"";"";"";"";"";"";"";"";"";"";"";"";"";"";"";"";"";"";"";"";"";"";"";"";"";"";"";"";"";"";"";"";"";"";"";"";"";"";"";"";"";"";"";"";"";"";"";"";"";"";""
09.12.2022 06:54:11;1670565251000;880f01e687e2572cea04e80fc6a68085;902095;OK;1796;0;0;0;0;-0,0;-7,72;0;0;580;740;"";102,68;15,4;416,129;62,48;20,874;0,85;1,661;0,23;13,607;1,67;9,168;11,0;10,504;11,0;11,9;11,0;1392,711;145,41;431,742;51,95;36,301;13,55;2,214;10,04;1,869;10,0;0,718;10,0;2,171;19,593;0,54;28,381;3,45;4,809;0,52;0,932;1,51;943,707;1,0;"";"";20,866;2,41;41,999;10,66;"";"";13,0;20,0;13,0;"";"";"";"";"";"";"";"";"";"";"";"";"";"";"";"";"";"";"";"";"";"";"";"";"";"";"";"";"";"";"";"";"";"";"";"";"";"";"";"";"";"";"";"";"";"";"";"";"";"";"";"";"";"";"";"";"";"";"";"";"";"";"";"";""
09.12.2022 06:56:12;1670565372000;880f01e687e2572cea04e80fc6a68085;902215;OK;1799;0;0;0;0;0,04;-4,17;0;0;563;741;"";102,021;15,3;416,701;62,5;20,87;0,85;1,66;0,23;13,711;1,67;9,645;11,0;10,794;11,0;12,646;11,0;1472,94;153,22;461,298;54,87;34,43;13,4;3,019;10,19;2,516;10,16;0,074;10,0;2,429;19,594;0,54;28,392;3,45;4,811;0,52;0,938;1,51;943,6469;1,0;"";"";20,973;2,4;42,012;10,66;"";"";13,0;20,0;13,0;"";"";"";"";"";"";"";"";"";"";"";"";"";"";"";"";"";"";"";"";"";"";"";"";"";"";"";"";"";"";"";"";"";"";"";"";"";"";"";"";"";"";"";"";"";"";"";"";"";"";"";"";"";"";"";"";"";"";"";"";"";"";"";"";""
09.12.2022 06:58:12;1670565492000;880f01e687e2572cea04e80fc6a68085;902336;OK;1811;0;0;0;0;-0,02;2,18;0;0;604;740;"";102,177;15,33;418,117;62,54;20,869;0,85;1,659;0,23;13,692;1,67;8,569;11,0;9,68;11,0;11,582;11,0;1294,329;135,82;403,805;49,23;33,021;13,22;3,449;10,33;3,214;10,33;0,008;10,0;2,583;19,592;0,54;28,33;3,45;4,799;0,52;0,9049999;1,51;943,616;1,0;"";"";20,977;2,4;41,672;10,64;"";"";13,0;20,0;13,0;"";"";"";"";"";"";"";"";"";"";"";"";"";"";"";"";"";"";"";"";"";"";"";"";"";"";"";"";"";"";"";"";"";"";"";"";"";"";"";"";"";"";"";"";"";"";"";"";"";"";"";"";"";"";"";"";"";"";"";"";"";"";"";"";""
09.12.2022 07:00:14;1670565614000;880f01e687e2572cea04e80fc6a68085;902458;OK;1780;0;0;0;0;0,0;6,57;0;0;569;741;"";100,417;15,06;417,763;62,53;20,87;0,85;1,658;0,23;13,715;1,68;9,473;11,0;12,202;11,0;12,68;11,0;1477,79;153,67;458,351;54,54;42,411;14,18;2,84;10,21;0,489;10,03;0,001;10,0;1,671;19,593;0,54;28,421;3,45;4,815;0,52;0,951;1,51;943,5949;1,0;"";"";21,027;2,4;41,566;10,63;"";"";13,0;20,0;13,0;"";"";"";"";"";"";"";"";"";"";"";"";"";"";"";"";"";"";"";"";"";"";"";"";"";"";"";"";"";"";"";"";"";"";"";"";"";"";"";"";"";"";"";"";"";"";"";"";"";"";"";"";"";"";"";"";"";"";"";"";"";"";"";"";""
09.12.2022 07:02:14;1670565734000;880f01e687e2572cea04e80fc6a68085;902578;OK;1789;0;0;0;0;-0,01;4,94;0;0;582;741;"";101,944;15,29;418,416;62,55;20,871;0,85;1,657;0,23;13,682;1,67;9,123;11,0;11,446;11,0;13,048;11,0;1418,122;147,92;442,564;53,07;43,181;14,22;3,023;10,26;2,156;10,14;0,17;10,0;2,339;19,589;0,54;28,364;3,45;4,805;0,52;0,92;1,51;943,5679;1,0;"";"";21,003;2,4;41,787;10,65;"";"";13,0;20,0;13,0;"";"";"";"";"";"";"";"";"";"";"";"";"";"";"";"";"";"";"";"";"";"";"";"";"";"";"";"";"";"";"";"";"";"";"";"";"";"";"";"";"";"";"";"";"";"";"";"";"";"";"";"";"";"";"";"";"";"";"";"";"";"";"";"";""
09.12.2022 07:04:14;1670565854000;880f01e687e2572cea04e80fc6a68085;902698;OK;1792;0;0;0;0;-0,0;0,04;0;0;616;741;"";100,118;15,02;417,994;62,54;20,87;0,85;1,654;0,23;13,65;1,67;8,262;11,0;9,937;11,0;10,113;11,0;1261,32;132,57;389,258;47,87;41,463;14,08;0,312;10,03;0,222;10,01;0,017;10,0;1,365;19,589;0,54;28,341;3,45;4,8;0,52;0,908;1,51;943,5659;1,0;"";"";20,991;2,4;41,991;10,66;"";"";13,0;20,0;13,0;"";"";"";"";"";"";"";"";"";"";"";"";"";"";"";"";"";"";"";"";"";"";"";"";"";"";"";"";"";"";"";"";"";"";"";"";"";"";"";"";"";"";"";"";"";"";"";"";"";"";"";"";"";"";"";"";"";"";"";"";"";"";"";"";""
09.12.2022 07:06:14;1670565974000;880f01e687e2572cea04e80fc6a68085;902818;OK;1804;0;0;0;0;-0,05;-4,54;0;0;621;741;"";100,075;15,01;416,516;62,5;20,871;0,85;1,654;0,23;13,665;1,67;8,126;11,0;9,1;11,0;9,343;11,0;1292,862;135,74;400,669;49,0;31,005;12,98;0,444;10,0;0,325;10,0;0,002;10,0;1,375;19,588;0,54;28,324;3,45;4,797;0,52;0,899;1,51;943,571;1,0;"";"";20,933;2,41;41,76;10,64;"";"";13,0;20,0;13,0;"";"";"";"";"";"";"";"";"";"";"";"";"";"";"";"";"";"";"";"";"";"";"";"";"";"";"";"";"";"";"";"";"";"";"";"";"";"";"";"";"";"";"";"";"";"";"";"";"";"";"";"";"";"";"";"";"";"";"";"";"";"";"";"";""
09.12.2022 07:08:14;1670566094000;880f01e687e2572cea04e80fc6a68085;902938;OK;1779;0;0;0;0;-0,02;-3,28;0;0;614;741;"";98,709;14,81;418,841;62,57;20,871;0,85;1,652;0,23;13,701;1,67;8,304;11,0;9,613;11,0;10,304;11,0;1297,464;136,09;406,953;49,6;31,525;13,12;0,899;10,02;0,608;10,0;0,574;10,0;1,754;19,588;0,54;28,329;3,45;4,798;0,52;0,901;1,51;943,574;1,0;"";"";20,923;2,41;41,814;10,65;"";"";13,0;20,0;13,0;"";"";"";"";"";"";"";"";"";"";"";"";"";"";"";"";"";"";"";"";"";"";"";"";"";"";"";"";"";"";"";"";"";"";"";"";"";"";"";"";"";"";"";"";"";"";"";"";"";"";"";"";"";"";"";"";"";"";"";"";"";"";"";"";""
09.12.2022 07:10:14;1670566214000;880f01e687e2572cea04e80fc6a68085;903058;OK;1775;0;0;0;0;-0,02;-2,93;0;0;562;742;"";100,347;15,05;416,749;62,5;20,87;0,85;1,651;0,23;13,643;1,67;9,657;11,0;11,106;11,0;11,783;11,08;1433,251;149,32;443,277;53,02;37,115;13,59;1,839;10,11;1,276;10,0;0,05900001;10,0;1,669;19,586;0,54;28,328;3,45;4,797;0,52;0,899;1,51;943,6069;1,0;"";"";20,931;2,41;41,862;10,65;"";"";13,0;20,0;13,0;"";"";"";"";"";"";"";"";"";"";"";"";"";"";"";"";"";"";"";"";"";"";"";"";"";"";"";"";"";"";"";"";"";"";"";"";"";"";"";"";"";"";"";"";"";"";"";"";"";"";"";"";"";"";"";"";"";"";"";"";"";"";"";"";""
09.12.2022 07:12:16;1670566336000;880f01e687e2572cea04e80fc6a68085;903180;OK;1793;0;0;0;0;0,01;-2,62;0;0;573;742;"";99,807;14,97;415,965;62,48;20,87;0,85;1,65;0,23;13,545;1,67;9,366;11,0;10,762;11,0;11,484;11,01;1382,105;144,4;425,832;51,38;36,91;13,67;0,976;10,01;0,92;10,0;0,26;10,0;1,726;19,585;0,54;28,34;3,45;4,799;0,52;0,9049999;1,51;943,62;1,0;"";"";20,949;2,41;42,041;10,66;"";"";13,0;20,0;13,0;"";"";"";"";"";"";"";"";"";"";"";"";"";"";"";"";"";"";"";"";"";"";"";"";"";"";"";"";"";"";"";"";"";"";"";"";"";"";"";"";"";"";"";"";"";"";"";"";"";"";"";"";"";"";"";"";"";"";"";"";"";"";"";"";""
09.12.2022 07:14:17;1670566457000;880f01e687e2572cea04e80fc6a68085;903300;OK;1800;0;0;0;0;-0,01;-10,98;0;0;602;742;"";98,693;14,8;414,118;62,42;20,87;0,85;1,65;0,23;13,561;1,67;8,632;11,0;10,217;11,0;11,639;11,0;1323,474;138,65;411,338;50,0;35,605;13,53;2,026;10,08;1,757;10,04;0,027;10,0;2,27;19,585;0,54;28,322;3,45;4,796;0,52;0,896;1,51;943,5679;1,0;"";"";21,023;2,4;42,023;10,66;"";"";13,0;20,0;13,0;"";"";"";"";"";"";"";"";"";"";"";"";"";"";"";"";"";"";"";"";"";"";"";"";"";"";"";"";"";"";"";"";"";"";"";"";"";"";"";"";"";"";"";"";"";"";"";"";"";"";"";"";"";"";"";"";"";"";"";"";"";"";"";"";""
09.12.2022 07:16:17;1670566577000;880f01e687e2572cea04e80fc6a68085;903421;OK;1795;0;0;0;0;-0,01;-3,03;0;0;570;742;"";99,34401;14,9;416,32;62,49;20,871;0,85;1,649;0,23;13,544;1,67;9,477;11,0;10,683;11,0;12,186;11,0;1426,14;148,69;443,322;53,05;36,917;13,64;2,83;10,19;1,479;10,04;0,26;10,0;2,202;19,586;0,54;28,32;3,45;4,796;0,52;0,895;1,51;943,526;1,0;"";"";20,945;2,4;42,012;10,66;"";"";13,0;20,0;13,0;"";"";"";"";"";"";"";"";"";"";"";"";"";"";"";"";"";"";"";"";"";"";"";"";"";"";"";"";"";"";"";"";"";"";"";"";"";"";"";"";"";"";"";"";"";"";"";"";"";"";"";"";"";"";"";"";"";"";"";"";"";"";"";"";""
09.12.2022 07:18:18;1670566698000;880f01e687e2572cea04e80fc6a68085;903542;OK;1791;0;0;0;0;-0,01;-1,51;0;0;609;742;"";98,241;14,74;414,986;62,45;20,872;0,85;1,647;0,23;13,547;1,67;8,448;11,0;9,634;11,0;10,974;11,0;1311,112;137,49;402,153;49,09;27,93;12,75;2,517;10,27;2,378;10,26;0,027;10,0;2,164;19,584;0,54;28,323;3,45;4,796;0,52;0,895;1,51;943,482;1,0;"";"";20,914;2,41;41,884;10,65;"";"";13,0;20,0;13,0;"";"";"";"";"";"";"";"";"";"";"";"";"";"";"";"";"";"";"";"";"";"";"";"";"";"";"";"";"";"";"";"";"";"";"";"";"";"";"";"";"";"";"";"";"";"";"";"";"";"";"";"";"";"";"";"";"";"";"";"";"";"";"";"";""
09.12.2022 07:20:17;1670566817000;880f01e687e2572cea04e80fc6a68085;903660;OK;1810;0;0;0;0;-0,0;0,6;0;0;589;743;"";99,572;14,94;415,308;62,46;20,871;0,85;1,646;0,23;13,487;1,66;8,942;11,0;10,919;11,0;11,806;11,0;1352,9;141,53;420,898;50,93;41,963;14,09;2,517;10,15;1,6;10,03;0,003;10,0;1,913;19,584;0,54;28,32;3,45;4,796;0,52;0,894;1,51;943,458;1,0;"";"";20,938;2,41;41,869;10,65;"";"";13,0;20,0;13,0;"";"";"";"";"";"";"";"";"";"";"";"";"";"";"";"";"";"";"";"";"";"";"";"";"";"";"";"";"";"";"";"";"";"";"";"";"";"";"";"";"";"";"";"";"";"";"";"";"";"";"";"";"";"";"";"";"";"";"";"";"";"";"";"";""
09.12.2022 07:22:19;1670566939000;880f01e687e2572cea04e80fc6a68085;903783;OK;1780;0;0;0;0;-0,0;-0,24;0;0;605;743;"";99,596;14,94;415,7;62,47;20,872;0,85;1,646;0,23;13,431;1,66;8,532;11,0;9,82;11,0;10,611;11,0;1331,537;139,45;410,908;49,88;30,346;12,94;1,221;10,05;0,922;10,0;0,0;10,0;1,834;19,582;0,54;28,32;3,45;4,795;0,52;0,892;1,51;943,471;1,0;"";"";21,053;2,4;42,039;10,66;"";"";13,0;20,0;13,0;"";"";"";"";"";"";"";"";"";"";"";"";"";"";"";"";"";"";"";"";"";"";"";"";"";"";"";"";"";"";"";"";"";"";"";"";"";"";"";"";"";"";"";"";"";"";"";"";"";"";"";"";"";"";"";"";"";"";"";"";"";"";"";"";""
09.12.2022 07:24:18;1670567058000;880f01e687e2572cea04e80fc6a68085;903902;OK;1804;0;0;0;0;-0,0;2,66;0;0;601;743;"";99,018;14,85;414,611;62,44;20,871;0,85;1,644;0,23;13,457;1,66;8,636;11,0;10,838;11,0;11,405;11,0;1325,331;138,91;412,347;50,02;39,506;13,98;1,718;10,13;0,916;10,0;0,29;10,0;1,713;19,581;0,54;28,32;3,45;4,795;0,52;0,891;1,51;943,471;1,0;"";"";21,082;2,4;42,165;10,67;"";"";13,0;20,0;13,0;"";"";"";"";"";"";"";"";"";"";"";"";"";"";"";"";"";"";"";"";"";"";"";"";"";"";"";"";"";"";"";"";"";"";"";"";"";"";"";"";"";"";"";"";"";"";"";"";"";"";"";"";"";"";"";"";"";"";"";"";"";"";"";"";""
09.12.2022 07:26:17;1670567177000;880f01e687e2572cea04e80fc6a68085;904021;OK;1807;0;0;0;0;-0,0;-1,06;0;0;612;743;"";98,955;14,84;414,559;62,44;20,873;0,85;1,643;0,23;13,51;1,66;8,361;11,0;10,154;11,0;10,95;11,0;1323,299;138,64;411,621;50,0;39,74;13,95;1,365;10,01;0,85;10,0;0,103;10,0;1,864;19,581;0,54;28,32;3,45;4,795;0,52;0,891;1,51;943,407;1,0;"";"";20,995;2,4;42,254;10,67;"";"";13,0;20,0;13,0;"";"";"";"";"";"";"";"";"";"";"";"";"";"";"";"";"";"";"";"";"";"";"";"";"";"";"";"";"";"";"";"";"";"";"";"";"";"";"";"";"";"";"";"";"";"";"";"";"";"";"";"";"";"";"";"";"";"";"";"";"";"";"";"";""
09.12.2022 07:28:18;1670567298000;880f01e687e2572cea04e80fc6a68085;904141;OK;1797;0;0;0;0;-0,0;-2,0;0;0;591;743;"";97,752;14,66;415,215;62,46;20,869;0,85;1,642;0,23;13,466;1,66;8,887;11,0;10,247;11,0;12,656;11,14;1371,019;143,39;433,106;52,11;35,385;13,48;3,973;10,31;3,524;10,26;1,418;10,1;2,724;19,581;0,54;28,32;3,45;4,795;0,52;0,891;1,51;943,338;1,0;"";"";20,941;2,4;42,095;10,66;"";"";13,0;20,0;13,0;"";"";"";"";"";"";"";"";"";"";"";"";"";"";"";"";"";"";"";"";"";"";"";"";"";"";"";"";"";"";"";"";"";"";"";"";"";"";"";"";"";"";"";"";"";"";"";"";"";"";"";"";"";"";"";"";"";"";"";"";"";"";"";"";""
09.12.2022 07:30:20;1670567420000;880f01e687e2572cea04e80fc6a68085;904264;OK;1793;0;0;0;0;-0,0;2,36;0;0;575;744;"";97,409;14,61;415,672;62,47;20,874;0,85;1,641;0,23;13,431;1,66;9,303;11,0;11,319;11,0;12,868;11,07;1408,517;146,9;438,066;52,51;36,314;13,54;2,499;10,22;1,832;10,1;0,141;10,01;2,282;19,578;0,54;28,32;3,45;4,794;0,52;0,889;1,51;943,3249;1,0;"";"";21,084;2,4;41,909;10,65;"";"";13,0;20,0;13,0;"";"";"";"";"";"";"";"";"";"";"";"";"";"";"";"";"";"";"";"";"";"";"";"";"";"";"";"";"";"";"";"";"";"";"";"";"";"";"";"";"";"";"";"";"";"";"";"";"";"";"";"";"";"";"";"";"";"";"";"";"";"";"";"";""
09.12.2022 07:32:20;1670567540000;880f01e687e2572cea04e80fc6a68085;904384;OK;1789;0;0;0;0;-0,0;5,41;0;0;575;744;"";95,864;14,38;416,09;62,48;20,867;0,85;1,639;0,23;13,447;1,66;9,321;11,0;10,475;11,0;11,539;11,01;1422,507;148,37;437,805;52,52;33,05;13,21;1,757;10,02;1,574;10,01;0,015;10,0;1,95;19,578;0,54;28,323;3,45;4,794;0,52;0,89;1,51;943,316;1,0;"";"";21,089;2,4;42,036;10,66;"";"";13,0;20,0;13,0;"";"";"";"";"";"";"";"";"";"";"";"";"";"";"";"";"";"";"";"";"";"";"";"";"";"";"";"";"";"";"";"";"";"";"";"";"";"";"";"";"";"";"";"";"";"";"";"";"";"";"";"";"";"";"";"";"";"";"";"";"";"";"";"";""
09.12.2022 07:34:21;1670567661000;880f01e687e2572cea04e80fc6a68085;904504;OK;1805;0;0;0;0;-0,02;4,91;0;0;618;743;"";97,24501;14,59;416,556;62,5;20,869;0,85;1,639;0,23;13,343;1,66;8,207;11,0;10,363;11,0;11,117;11,0;1293,1;135,67;406,569;49,6;35,415;13,47;1,448;10,02;1,001;10,0;0,198;10,0;1,87;19,578;0,54;28,265;3,45;4,785;0,52;0,862;1,52;943,2739;1,0;"";"";21,02;2,4;42,083;10,66;"";"";13,0;20,0;13,0;"";"";"";"";"";"";"";"";"";"";"";"";"";"";"";"";"";"";"";"";"";"";"";"";"";"";"";"";"";"";"";"";"";"";"";"";"";"";"";"";"";"";"";"";"";"";"";"";"";"";"";"";"";"";"";"";"";"";"";"";"";"";"";"";""
09.12.2022 07:36:20;1670567780000;880f01e687e2572cea04e80fc6a68085;904624;OK;1782;0;0;0;0;-0,01;1,49;0;0;613;744;"";97,589;14,64;416,167;62,49;20,873;0,85;1,638;0,23;13,35;1,66;8,334;11,0;9,731;11,0;10,736;11,0;1278,405;134,31;395,75;48,38;34,481;13,4;2,978;10,27;0,635;10,0;0,02;10,0;2,004;19,578;0,54;28,314;3,45;4,793;0,52;0,885;1,51;943,27;1,0;"";"";20,953;2,4;42,108;10,66;"";"";13,0;20,0;13,0;"";"";"";"";"";"";"";"";"";"";"";"";"";"";"";"";"";"";"";"";"";"";"";"";"";"";"";"";"";"";"";"";"";"";"";"";"";"";"";"";"";"";"";"";"";"";"";"";"";"";"";"";"";"";"";"";"";"";"";"";"";"";"";"";""
09.12.2022 07:38:21;1670567901000;880f01e687e2572cea04e80fc6a68085;904745;OK;1803;0;0;0;0;-0,0;1,38;0;0;609;744;"";97,96801;14,7;416,832;62,5;20,87;0,85;1,637;0,23;13,339;1,65;8,421;11,0;9,687;11,0;10,942;11,0;1284,18;134,95;400,964;49,03;35,808;13,47;2,454;10,25;1,712;10,19;0,002;10,0;2,113;19,577;0,54;28,316;3,45;4,793;0,52;0,886;1,51;943,293;1,0;"";"";20,92;2,41;42,115;10,66;"";"";13,0;20,0;13,0;"";"";"";"";"";"";"";"";"";"";"";"";"";"";"";"";"";"";"";"";"";"";"";"";"";"";"";"";"";"";"";"";"";"";"";"";"";"";"";"";"";"";"";"";"";"";"";"";"";"";"";"";"";"";"";"";"";"";"";"";"";"";"";"";""
09.12.2022 07:40:22;1670568022000;880f01e687e2572cea04e80fc6a68085;904865;OK;1793;0;0;0;0;0,01;-10,03;0;0;608;744;"";95,95901;14,39;412,055;62,36;20,873;0,85;1,636;0,23;13,364;1,66;8,453;11,0;9,89;11,0;10,867;11,0;1301,066;136,53;399,216;48,87;35,615;13,52;1,63;10,16;0,83;10,11;0,0;10,0;1,912;19,574;0,54;28,304;3,45;4,79;0,52;0,877;1,51;943,277;1,0;"";"";20,926;2,4;42,225;10,67;"";"";13,0;20,0;13,0;"";"";"";"";"";"";"";"";"";"";"";"";"";"";"";"";"";"";"";"";"";"";"";"";"";"";"";"";"";"";"";"";"";"";"";"";"";"";"";"";"";"";"";"";"";"";"";"";"";"";"";"";"";"";"";"";"";"";"";"";"";"";"";"";""
09.12.2022 07:42:22;1670568142000;880f01e687e2572cea04e80fc6a68085;904986;OK;1799;0;0;0;0;-0,04;-10,1;0;0;606;744;"";94,98301;14,25;413,509;62,41;20,871;0,85;1,635;0,23;13,314;1,65;8,494;11,0;9,789;11,0;10,13;11,0;1312,986;137,63;409,264;49,8;31,355;13,06;0,435;10,02;0,352;10,01;0,0;10,0;1,454;19,574;0,54;28,239;3,45;4,779;0,52;0,8450001;1,52;943,271;1,0;"";"";21,008;2,4;42,116;10,66;"";"";13,0;20,0;13,0;"";"";"";"";"";"";"";"";"";"";"";"";"";"";"";"";"";"";"";"";"";"";"";"";"";"";"";"";"";"";"";"";"";"";"";"";"";"";"";"";"";"";"";"";"";"";"";"";"";"";"";"";"";"";"";"";"";"";"";"";"";"";"";"";""
09.12.2022 07:44:24;1670568264000;880f01e687e2572cea04e80fc6a68085;905107;OK;1789;0;0;0;0;-0,04;-0,22;0;0;594;744;"";94,907;14,24;415,449;62,46;20,874;0,85;1,634;0,23;13,302;1,65;8,818;11,0;10,499;11,0;11,41;11,0;1346,326;140,88;414,903;50,4;36,203;13,47;2,173;10,16;1,815;10,09;0,0;10,0;1,914;19,571;0,54;28,269;3,45;4,783;0,52;0,857;1,52;943,275;1,0;"";"";20,97;2,4;42,164;10,66;"";"";13,0;20,0;13,0;"";"";"";"";"";"";"";"";"";"";"";"";"";"";"";"";"";"";"";"";"";"";"";"";"";"";"";"";"";"";"";"";"";"";"";"";"";"";"";"";"";"";"";"";"";"";"";"";"";"";"";"";"";"";"";"";"";"";"";"";"";"";"";"";""
09.12.2022 07:46:22;1670568382000;880f01e687e2572cea04e80fc6a68085;905226;OK;1790;0;0;0;0;-0,04;8,21;0;0;592;744;"";97,62;14,64;414,533;62,44;20,871;0,85;1,633;0,23;13,269;1,65;8,859;11,0;10,799;11,0;11,686;11,0;1354,565;141,69;419,4;50,82;43,778;14,29;2,002;10,15;0,9559999;10,05;0,485;10,0;1,894;19,573;0,54;28,207;3,45;4,773;0,52;0,828;1,52;943,273;1,0;"";"";20,974;2,4;42,299;10,67;"";"";13,0;20,0;13,0;"";"";"";"";"";"";"";"";"";"";"";"";"";"";"";"";"";"";"";"";"";"";"";"";"";"";"";"";"";"";"";"";"";"";"";"";"";"";"";"";"";"";"";"";"";"";"";"";"";"";"";"";"";"";"";"";"";"";"";"";"";"";"";"";""
09.12.2022 07:48:23;1670568503000;880f01e687e2572cea04e80fc6a68085;905346;OK;1795;0;0;0;0;-0,02;0,04;0;0;622;744;"";97,305;14,6;414,173;62,43;20,871;0,85;1,632;0,23;13,333;1,65;8,098;11,0;9,271;11,0;10,213;11,0;1283,2;134,73;397,366;48,64;30,676;13,03;1,53;10,05;1,322;10,04;0,53;10,03;1,945;19,571;0,54;28,21;3,45;4,773;0,52;0,829;1,52;943,252;1,0;"";"";20,926;2,4;42,321;10,67;"";"";13,0;20,0;13,0;"";"";"";"";"";"";"";"";"";"";"";"";"";"";"";"";"";"";"";"";"";"";"";"";"";"";"";"";"";"";"";"";"";"";"";"";"";"";"";"";"";"";"";"";"";"";"";"";"";"";"";"";"";"";"";"";"";"";"";"";"";"";"";"";""
09.12.2022 07:50:23;1670568623000;880f01e687e2572cea04e80fc6a68085;905467;OK;1790;0;0;0;0;0,0;-0,54;0;0;640;745;"";96,089;14,41;415,278;62,46;20,867;0,85;1,631;0,23;13,319;1,65;7,667;11,0;9,197;11,0;11,216;11,0;1222,486;128,89;379,495;46,88;33,255;13,26;2,905;10,13;2,09;10,04;1,414;10,01;2,791;19,572;0,54;28,259;3,45;4,782;0,52;0,854;1,52;943,217;1,0;"";"";20,926;2,4;42,454;10,68;"";"";13,0;20,0;13,0;"";"";"";"";"";"";"";"";"";"";"";"";"";"";"";"";"";"";"";"";"";"";"";"";"";"";"";"";"";"";"";"";"";"";"";"";"";"";"";"";"";"";"";"";"";"";"";"";"";"";"";"";"";"";"";"";"";"";"";"";"";"";"";"";""
09.12.2022 07:52:24;1670568744000;880f01e687e2572cea04e80fc6a68085;905588;OK;1800;0;0;0;0;0,01;1,84;0;0;616;745;"";97,82901;14,67;414,371;62,43;20,869;0,85;1,631;0,23;13,374;1,66;8,24;11,0;9,151;11,0;9,855;11,0;1226,899;129,28;389,061;47,83;28,918;12,85;1,065;10,09;0,531;10,0;0,146;10,0;1,716;19,569;0,54;28,214;3,45;4,773;0,52;0,829;1,52;943,192;1,0;"";"";20,98;2,4;42,402;10,68;"";"";13,0;20,0;13,0;"";"";"";"";"";"";"";"";"";"";"";"";"";"";"";"";"";"";"";"";"";"";"";"";"";"";"";"";"";"";"";"";"";"";"";"";"";"";"";"";"";"";"";"";"";"";"";"";"";"";"";"";"";"";"";"";"";"";"";"";"";"";"";"";""
09.12.2022 07:54:24;1670568864000;880f01e687e2572cea04e80fc6a68085;905708;OK;1788;0;0;0;0;-0,01;-2,73;0;0;605;745;"";96,824;14,52;413,094;62,39;20,873;0,85;1,629;0,23;13,307;1,65;8,538;11,0;9,599;11,0;10,53;11,0;1315,308;137,88;407,043;49,57;26,499;12,6;1,58;10,02;0,962;10,0;0,015;10,0;1,908;19,568;0,54;28,201;3,45;4,771;0,52;0,822;1,52;943,1729;1,0;"";"";21,046;2,4;42,226;10,67;"";"";13,0;20,0;13,0;"";"";"";"";"";"";"";"";"";"";"";"";"";"";"";"";"";"";"";"";"";"";"";"";"";"";"";"";"";"";"";"";"";"";"";"";"";"";"";"";"";"";"";"";"";"";"";"";"";"";"";"";"";"";"";"";"";"";"";"";"";"";"";"";""
09.12.2022 07:56:25;1670568985000;880f01e687e2572cea04e80fc6a68085;905828;OK;1799;0;0;0;0;-0,0;-7,79;0;0;612;745;"";96,115;14,42;412,182;62,37;20,872;0,85;1,628;0,23;13,336;1,65;8,338;11,0;9,915;11,0;10,018;11,0;1272,71;133,72;397,052;48,62;34,887;13,39;0,163;10,0;0,099;10,0;0,002;10,0;1,317;19,569;0,54;28,234;3,45;4,777;0,52;0,838;1,52;943,161;1,0;"";"";21,05;2,4;42,174;10,66;"";"";13,0;20,0;13,0;"";"";"";"";"";"";"";"";"";"";"";"";"";"";"";"";"";"";"";"";"";"";"";"";"";"";"";"";"";"";"";"";"";"";"";"";"";"";"";"";"";"";"";"";"";"";"";"";"";"";"";"";"";"";"";"";"";"";"";"";"";"";"";"";""
09.12.2022 07:58:25;1670569105000;880f01e687e2572cea04e80fc6a68085;905949;OK;1790;0;0;0;0;-0,0;-2,61;0;0;622;745;"";95,70201;14,36;413,677;62,41;20,876;0,85;1,628;0,23;13,373;1,66;8,094;11,0;9,398;11,0;11,138;11,0;1253,202;131,86;389,921;47,93;31,269;13,13;3,133;10,32;1,644;10,12;1,437;10,12;2,47;19,564;0,54;28,209;3,45;4,771;0,52;0,822;1,52;943,168;1,0;"";"";21,074;2,4;42,337;10,67;"";"";13,0;20,0;13,0;"";"";"";"";"";"";"";"";"";"";"";"";"";"";"";"";"";"";"";"";"";"";"";"";"";"";"";"";"";"";"";"";"";"";"";"";"";"";"";"";"";"";"";"";"";"";"";"";"";"";"";"";"";"";"";"";"";"";"";"";"";"";"";"";""
09.12.2022 08:00:24;1670569224000;880f01e687e2572cea04e80fc6a68085;906068;OK;1808;0;0;0;0;-0,01;1,47;0;0;608;745;"";96,85801;14,53;413,299;62,4;20,868;0,85;1,627;0,23;13,354;1,66;8,452;11,0;9,927;11,0;10,819;11,0;1297,865;136,21;402,671;49,21;35,521;13,5;1,892;10,19;1,086;10,01;0,153;10,01;1,907;19,562;0,54;28,213;3,45;4,771;0,52;0,823;1,52;943,1379;1,0;"";"";21,164;2,39;42,341;10,67;"";"";13,0;20,0;13,0;"";"";"";"";"";"";"";"";"";"";"";"";"";"";"";"";"";"";"";"";"";"";"";"";"";"";"";"";"";"";"";"";"";"";"";"";"";"";"";"";"";"";"";"";"";"";"";"";"";"";"";"";"";"";"";"";"";"";"";"";"";"";"";"";""
09.12.2022 08:02:26;1670569346000;880f01e687e2572cea04e80fc6a68085;906190;OK;1787;0;0;0;0;-0,02;-2,52;0;0;628;745;"";95,719;14,36;411,442;62,34;20,87;0,85;1,626;0,23;13,358;1,66;7,962;11,0;10,051;11,0;10,395;11,0;1282,966;134,72;392,104;48,06;37,766;13,68;1,629;10,03;0,29;10,0;0,015;10,0;1,588;19,559;0,54;28,206;3,45;4,769;0,52;0,816;1,52;943,133;1,0;"";"";21,141;2,39;42,357;10,67;"";"";13,0;20,0;13,0;"";"";"";"";"";"";"";"";"";"";"";"";"";"";"";"";"";"";"";"";"";"";"";"";"";"";"";"";"";"";"";"";"";"";"";"";"";"";"";"";"";"";"";"";"";"";"";"";"";"";"";"";"";"";"";"";"";"";"";"";"";"";"";"";""
09.12.2022 08:04:26;1670569466000;880f01e687e2572cea04e80fc6a68085;906310;OK;1783;0;0;0;0;-0,01;-9,56;0;0;628;746;"";96,72;14,51;409,937;62,3;20,869;0,85;1,625;0,23;13,35;1,66;7,945;11,0;10,251;11,0;10,916;11,0;1228,801;129,47;383,519;47,31;37,852;13,7;2,992;10,22;1,222;10,0;0,79;10,0;1,857;19,56;0,54;28,2;3,45;4,768;0,52;0,814;1,52;943,127;1,0;"";"";21,119;2,4;42,515;10,68;"";"";13,0;20,0;13,0;"";"";"";"";"";"";"";"";"";"";"";"";"";"";"";"";"";"";"";"";"";"";"";"";"";"";"";"";"";"";"";"";"";"";"";"";"";"";"";"";"";"";"";"";"";"";"";"";"";"";"";"";"";"";"";"";"";"";"";"";"";"";"";"";""
09.12.2022 08:06:27;1670569587000;880f01e687e2572cea04e80fc6a68085;906431;OK;1785;0;0;0;0;-0,01;-2,93;0;0;624;746;"";96,45801;14,47;412,381;62,37;20,875;0,85;1,624;0,23;13,323;1,65;8,073;11,0;9,237;11,0;10,092;11,0;1318,07;138,12;409,369;49,8;26,371;12,56;1,481;10,02;1,304;10,0;0,079;10,0;1,9;19,559;0,54;28,2;3,45;4,768;0,52;0,813;1,52;943,0949;1,0;"";"";21,119;2,39;42,823;10,7;"";"";13,0;20,0;13,0;"";"";"";"";"";"";"";"";"";"";"";"";"";"";"";"";"";"";"";"";"";"";"";"";"";"";"";"";"";"";"";"";"";"";"";"";"";"";"";"";"";"";"";"";"";"";"";"";"";"";"";"";"";"";"";"";"";"";"";"";"";"";"";"";""
09.12.2022 08:08:27;1670569707000;880f01e687e2572cea04e80fc6a68085;906551;OK;1790;0;0;0;0;-0,0;4,74;0;0;596;746;"";95,88;14,38;412,011;62,36;20,871;0,85;1,624;0,23;13,307;1,65;8,763;11,0;10,038;11,0;10,403;11,0;1339,59;140,3;417,857;50,61;29,294;12,91;0,778;10,02;0,53;10,0;0,008;10,0;1,489;19,556;0,54;28,2;3,45;4,767;0,52;0,81;1,52;943,081;1,0;"";"";21,125;2,39;42,88;10,7;"";"";13,0;20,0;13,0;"";"";"";"";"";"";"";"";"";"";"";"";"";"";"";"";"";"";"";"";"";"";"";"";"";"";"";"";"";"";"";"";"";"";"";"";"";"";"";"";"";"";"";"";"";"";"";"";"";"";"";"";"";"";"";"";"";"";"";"";"";"";"";"";""
09.12.2022 08:10:27;1670569827000;880f01e687e2572cea04e80fc6a68085;906671;OK;1800;0;0;0;0;-0,0;1,27;0;0;633;746;"";95,84701;14,38;410,811;62,32;20,869;0,85;1,623;0,23;13,291;1,65;7,857;11,0;9,143;11,0;10,526;11,0;1203,948;126,96;371,205;46,01;29,232;12,86;2,295;10,05;2,104;10,03;0,001;10,0;2,34;19,555;0,54;28,202;3,45;4,767;0,52;0,811;1,52;943,1089;1,0;"";"";21,176;2,39;42,844;10,7;"";"";13,0;20,0;13,0;"";"";"";"";"";"";"";"";"";"";"";"";"";"";"";"";"";"";"";"";"";"";"";"";"";"";"";"";"";"";"";"";"";"";"";"";"";"";"";"";"";"";"";"";"";"";"";"";"";"";"";"";"";"";"";"";"";"";"";"";"";"";"";"";""
09.12.2022 08:12:27;1670569947000;880f01e687e2572cea04e80fc6a68085;906791;OK;1783;0;0;0;0;0,0;-0,59;0;0;603;746;"";95,83301;14,38;414,0;62,42;20,874;0,85;1,622;0,23;13,386;1,66;8,599;11,0;10,573;11,0;11,492;11,0;1270,529;133,53;402,659;49,17;34,715;13,33;2,983;10,23;1,146;10,01;0,0;10,0;1,952;19,558;0,54;28,214;3,45;4,77;0,52;0,8190001;1,52;943,174;1,0;"";"";21,08;2,4;42,891;10,7;"";"";13,0;20,0;13,0;"";"";"";"";"";"";"";"";"";"";"";"";"";"";"";"";"";"";"";"";"";"";"";"";"";"";"";"";"";"";"";"";"";"";"";"";"";"";"";"";"";"";"";"";"";"";"";"";"";"";"";"";"";"";"";"";"";"";"";"";"";"";"";"";""
09.12.2022 08:14:28;1670570068000;880f01e687e2572cea04e80fc6a68085;906912;OK;1793;0;0;0;0;0,0;4,86;0;0;622;746;"";95,112;14,27;413,099;62,39;20,875;0,85;1,621;0,23;13,27;1,65;8,099;11,0;9,208;11,0;9,497;11,0;1268,441;133,31;395,846;48,46;28,823;12,83;0,609;10,02;0,42;10,0;0,0;10,0;1,437;19,558;0,54;28,201;3,45;4,768;0,52;0,813;1,52;943,261;1,0;"";"";21,091;2,4;42,921;10,7;"";"";13,0;20,0;13,0;"";"";"";"";"";"";"";"";"";"";"";"";"";"";"";"";"";"";"";"";"";"";"";"";"";"";"";"";"";"";"";"";"";"";"";"";"";"";"";"";"";"";"";"";"";"";"";"";"";"";"";"";"";"";"";"";"";"";"";"";"";"";"";"";""
09.12.2022 08:16:29;1670570189000;880f01e687e2572cea04e80fc6a68085;907032;OK;1807;0;0;0;0;-0,0;-0,55;0;0;645;746;"";93,50101;14,03;411,314;62,34;20,872;0,85;1,621;0,23;13,345;1,66;7,543;11,0;8,849;11,0;9,976;11,0;1191,666;125,93;367,66;45,69;31,714;13,11;1,805;10,0;0,996;10,0;0,543;10,0;2,183;19,556;0,54;28,2;3,45;4,767;0,52;0,81;1,52;943,333;1,0;"";"";21,166;2,39;42,8;10,7;"";"";13,0;20,0;13,0;"";"";"";"";"";"";"";"";"";"";"";"";"";"";"";"";"";"";"";"";"";"";"";"";"";"";"";"";"";"";"";"";"";"";"";"";"";"";"";"";"";"";"";"";"";"";"";"";"";"";"";"";"";"";"";"";"";"";"";"";"";"";"";"";""
09.12.2022 08:18:27;1670570307000;880f01e687e2572cea04e80fc6a68085;907151;OK;1809;0;0;0;0;-0,01;-1,85;0;0;596;747;"";94,16101;14,12;412,549;62,38;20,871;0,85;1,62;0,23;13,358;1,66;8,805;11,0;10,628;11,0;11,742;11,02;1314,487;137,8;409,03;49,83;41,414;14,05;2,604;10,05;1,412;10,0;0,058;10,0;2,045;19,557;0,54;28,199;3,45;4,767;0,52;0,811;1,52;943,375;1,0;"";"";21,085;2,4;42,589;10,69;"";"";13,0;20,0;13,0;"";"";"";"";"";"";"";"";"";"";"";"";"";"";"";"";"";"";"";"";"";"";"";"";"";"";"";"";"";"";"";"";"";"";"";"";"";"";"";"";"";"";"";"";"";"";"";"";"";"";"";"";"";"";"";"";"";"";"";"";"";"";"";"";""
09.12.2022 08:20:30;1670570430000;880f01e687e2572cea04e80fc6a68085;907273;OK;1789;0;0;0;0;-0,0;0,49;0;0;611;747;"";95,729;14,36;411,951;62,36;20,872;0,85;1,619;0,23;13,388;1,66;8,38;11,0;10,86;11,0;11,156;11,0;1333,963;139,71;413,124;50,16;40,779;13,94;1,84;10,16;0,593;10,0;0,006;10,0;1,524;19,556;0,54;28,197;3,45;4,767;0,52;0,809;1,52;943,399;1,0;"";"";21,06;2,4;42,764;10,7;"";"";13,0;20,0;13,0;"";"";"";"";"";"";"";"";"";"";"";"";"";"";"";"";"";"";"";"";"";"";"";"";"";"";"";"";"";"";"";"";"";"";"";"";"";"";"";"";"";"";"";"";"";"";"";"";"";"";"";"";"";"";"";"";"";"";"";"";"";"";"";"";""
09.12.2022 08:22:29;1670570549000;880f01e687e2572cea04e80fc6a68085;907392;OK;1798;0;0;0;0;0,01;0,35;0;0;593;747;"";94,943;14,24;411,003;62,33;20,871;0,85;1,619;0,23;13,349;1,66;8,843;11,0;10,994;11,0;12,011;11,0;1335,048;139,87;420,306;50,9;40,107;13,92;1,74;10,17;1,316;10,11;0,001;10,0;1,972;19,558;0,54;28,222;3,45;4,772;0,52;0,823;1,52;943,3909;1,0;"";"";21,136;2,4;43,28;10,72;"";"";13,0;20,0;13,0;"";"";"";"";"";"";"";"";"";"";"";"";"";"";"";"";"";"";"";"";"";"";"";"";"";"";"";"";"";"";"";"";"";"";"";"";"";"";"";"";"";"";"";"";"";"";"";"";"";"";"";"";"";"";"";"";"";"";"";"";"";"";"";"";""
09.12.2022 08:24:30;1670570670000;880f01e687e2572cea04e80fc6a68085;907514;OK;1797;0;0;0;0;0,04;-13,47;0;0;604;748;"";94,979;14,25;408,219;62,25;20,872;0,85;1,619;0,23;13,365;1,66;8,566;11,0;10,619;11,0;11,016;11,0;1320,602;138,42;415,651;50,48;36,358;13,58;2,472;10,31;0,464;10,02;0,0;10,0;1,558;19,556;0,54;28,29;3,45;4,783;0,52;0,855;1,52;943,368;1,0;"";"";21,164;2,39;43,751;10,75;"";"";13,0;20,0;13,0;"";"";"";"";"";"";"";"";"";"";"";"";"";"";"";"";"";"";"";"";"";"";"";"";"";"";"";"";"";"";"";"";"";"";"";"";"";"";"";"";"";"";"";"";"";"";"";"";"";"";"";"";"";"";"";"";"";"";"";"";"";"";"";"";""
09.12.2022 08:26:30;1670570790000;880f01e687e2572cea04e80fc6a68085;907634;OK;1783;0;0;0;0;0,05;-2,88;0;0;636;748;"";95,028;14,25;412,437;62,37;20,871;0,85;1,619;0,23;13,361;1,66;7,756;11,0;9,921;11,0;10,615;11,0;1225,54;129,11;375,559;46,5;32,02;13,19;2,177;10,23;0,565;10,0;0,246;10,0;1,856;19,554;0,54;28,286;3,45;4,781;0,52;0,851;1,52;943,357;1,0;"";"";21,253;2,39;44,141;10,77;"";"";13,0;20,0;13,0;"";"";"";"";"";"";"";"";"";"";"";"";"";"";"";"";"";"";"";"";"";"";"";"";"";"";"";"";"";"";"";"";"";"";"";"";"";"";"";"";"";"";"";"";"";"";"";"";"";"";"";"";"";"";"";"";"";"";"";"";"";"";"";"";""
09.12.2022 08:28:31;1670570911000;880f01e687e2572cea04e80fc6a68085;907754;OK;1794;0;0;0;0;-0,01;5,21;0;0;625;747;"";93,652;14,05;410,82;62,32;20,872;0,85;1,617;0,23;13,326;1,65;8,037;11,0;9,272;11,0;10,301;11,0;1185,418;125,22;372,42;46,25;31,292;13,09;2,717;10,29;1,718;10,21;0,025;10,0;2,026;19,556;0,54;28,216;3,45;4,77;0,52;0,8190001;1,52;943,3419;1,0;"";"";21,272;2,39;43,9;10,76;"";"";13,0;20,0;13,0;"";"";"";"";"";"";"";"";"";"";"";"";"";"";"";"";"";"";"";"";"";"";"";"";"";"";"";"";"";"";"";"";"";"";"";"";"";"";"";"";"";"";"";"";"";"";"";"";"";"";"";"";"";"";"";"";"";"";"";"";"";"";"";"";""
09.12.2022 08:30:31;1670571031000;880f01e687e2572cea04e80fc6a68085;907875;OK;1792;0;0;0;0;-0,01;5,57;0;0;642;748;"";94,699;14,2;410,668;62,32;20,873;0,85;1,617;0,23;13,336;1,65;7,613;11,0;8,892;11,0;10,312;11,0;1203,852;127,05;374,245;46,39;30,898;12,99;2,998;10,37;2,658;10,31;0,103;10,0;2,392;19,553;0,54;28,302;3,45;4,784;0,52;0,858;1,51;943,3149;1,0;"";"";21,335;2,39;43,474;10,73;"";"";13,0;20,0;13,0;"";"";"";"";"";"";"";"";"";"";"";"";"";"";"";"";"";"";"";"";"";"";"";"";"";"";"";"";"";"";"";"";"";"";"";"";"";"";"";"";"";"";"";"";"";"";"";"";"";"";"";"";"";"";"";"";"";"";"";"";"";"";"";"";""
09.12.2022 08:32:32;1670571152000;880f01e687e2572cea04e80fc6a68085;907995;OK;1803;0;0;0;0;0,02;-4,54;0;0;619;748;"";94,366;14,15;411,29;62,34;20,869;0,85;1,616;0,23;13,291;1,65;8,199;11,0;9,719;11,0;10,866;11,0;1264,785;133,01;392,121;48,17;36,976;13,7;2,926;10,24;1,5;10,04;0,107;10,0;2,162;19,553;0,54;28,305;3,45;4,784;0,52;0,86;1,51;943,2819;1,0;"";"";21,304;2,39;43,472;10,73;"";"";21,721;16,86;79,8;"";"";"";"";"";"";"";"";"";"";"";"";"";"";"";"";"";"";"";"";"";"";"";"";"";"";"";"";"";"";"";"";"";"";"";"";"";"";"";"";"";"";"";"";"";"";"";"";"";"";"";"";"";"";"";"";"";"";"";"";"";"";"";"";""
09.12.2022 08:34:32;1670571272000;880f01e687e2572cea04e80fc6a68085;908116;OK;1792;1;0;0;0;0,08;53,29;0;0;619;749;"";103,728;15,56;429,977;62,9;20,871;0,85;1,616;0,23;13,295;1,65;8,167;11,0;9,572;11,0;10,658;11,05;1274,664;133,91;397,335;48,69;29,634;12,93;2,802;10,18;1,677;10,03;0,12;10,0;2,039;19,546;0,54;28,36;3,45;4,792;0,52;0,8809999;1,51;943,229;1,0;"";"";21,424;2,38;45,263;10,83;"";"";15,076;19,32;77,3;"";"";"";"";"";"";"";"";"";"";"";"";"";"";"";"";"";"";"";"";"";"";"";"";"";"";"";"";"";"";"";"";"";"";"";"";"";"";"";"";"";"";"";"";"";"";"";"";"";"";"";"";"";"";"";"";"";"";"";"";"";"";"";"";""
09.12.2022 08:36:32;1670571392000;880f01e687e2572cea04e80fc6a68085;908236;OK;1809;1;0;0;0;0,01;35,96;0;0;630;748;"";111,451;16,72;419,033;62,57;20,872;0,85;1,617;0,23;13,397;1,66;7,909;11,0;9,277;11,0;10,397;11,0;1223,015;128,89;383,032;47,25;29,169;12,92;2,954;10,26;2,171;10,24;0,012;10,0;2,121;19,56;0,54;28,325;3,45;4,79;0,52;0,876;1,51;943,152;1,0;"";"";21,332;2,38;45,823;10,85;"";"";13,214;19,93;13,0;"";"";"";"";"";"";"";"";"";"";"";"";"";"";"";"";"";"";"";"";"";"";"";"";"";"";"";"";"";"";"";"";"";"";"";"";"";"";"";"";"";"";"";"";"";"";"";"";"";"";"";"";"";"";"";"";"";"";"";"";"";"";"";"";""
09.12.2022 08:38:33;1670571513000;880f01e687e2572cea04e80fc6a68085;908357;OK;1802;0;0;0;0;0,01;-2,37;0;0;644;749;"";108,074;16,21;417,242;62,52;20,871;0,85;1,618;0,23;13,608;1,67;7,57;11,0;9,935;11,0;10,605;11,0;1279,33;134,38;391,671;48,06;35,592;13,48;3,935;10,41;0,93;10,1;0,001;10,0;1,888;19,598;0,54;28,326;3,45;4,8;0,52;0,909;1,51;943,079;1,0;"";"";21,39;2,38;48,504;10,99;"";"";13,022;19,99;13,0;"";"";"";"";"";"";"";"";"";"";"";"";"";"";"";"";"";"";"";"";"";"";"";"";"";"";"";"";"";"";"";"";"";"";"";"";"";"";"";"";"";"";"";"";"";"";"";"";"";"";"";"";"";"";"";"";"";"";"";"";"";"";"";"";""
09.12.2022 08:40:34;1670571634000;880f01e687e2572cea04e80fc6a68085;908478;OK;1790;0;1;0;0;0,07;-45,64;0;0;650;748;"";110,413;16,56;417,71;62,53;20,875;0,85;1,62;0,23;13,748;1,68;7,418;11,0;8,538;11,0;8,819;11,0;1192,906;125,94;366,406;45,61;25,75;12,51;1,318;10,14;0,521;10,01;0,0;10,0;1,423;19,676;0,54;28,316;3,45;4,821;0,52;0,972;1,51;943,0369;1,0;"";"";21,523;2,37;54,229;11,29;"";"";13,002;20,0;13,0;"";"";"";"";"";"";"";"";"";"";"";"";"";"";"";"";"";"";"";"";"";"";"";"";"";"";"";"";"";"";"";"";"";"";"";"";"";"";"";"";"";"";"";"";"";"";"";"";"";"";"";"";"";"";"";"";"";"";"";"";"";"";"";"";""
09.12.2022 08:42:33;1670571753000;880f01e687e2572cea04e80fc6a68085;908597;OK;1804;0;0;0;0;0,16;4,75;0;0;661;748;"";115,19;17,28;419,868;62,6;20,876;0,85;1,623;0,23;14,025;1,69;7,184;10,94;8,536;11,0;9,51;11,0;1156,119;122,42;356,596;44,71;32,779;13,23;2,928;10,28;1,275;10,0;0,0;10,0;2,089;19,79;0,54;28,272;3,45;4,846;0,53;1,048;1,52;943,055;1,0;"";"";21,787;2,36;62,001;11,7;"";"";13,0;20,0;13,0;"";"";"";"";"";"";"";"";"";"";"";"";"";"";"";"";"";"";"";"";"";"";"";"";"";"";"";"";"";"";"";"";"";"";"";"";"";"";"";"";"";"";"";"";"";"";"";"";"";"";"";"";"";"";"";"";"";"";"";"";"";"";"";"";""
09.12.2022 08:44:33;1670571873000;880f01e687e2572cea04e80fc6a68085;908717;OK;1792;0;0;0;0;0,18;10,52;0;0;663;746;"";113,189;16,98;419,861;62,6;20,873;0,85;1,628;0,23;14,401;1,71;7,113;10,99;8,158;11,0;8,844;11,0;1147,265;121,55;358,05;44,82;26,737;12,68;1,639;10,03;1,033;10,0;0,0;10,0;1,858;19,954;0,54;28,099;3,45;4,862;0,53;1,104;1,53;943,103;1,0;"";"";22,024;2,35;71,25801;12,18;"";"";13,0;20,0;13,0;"";"";"";"";"";"";"";"";"";"";"";"";"";"";"";"";"";"";"";"";"";"";"";"";"";"";"";"";"";"";"";"";"";"";"";"";"";"";"";"";"";"";"";"";"";"";"";"";"";"";"";"";"";"";"";"";"";"";"";"";"";"";"";"";""
09.12.2022 08:46:34;1670571994000;880f01e687e2572cea04e80fc6a68085;908838;OK;1798;0;0;0;0;0,15;4,67;0;0;676;743;"";113,39;17,01;418,823;62,56;20,875;0,85;1,633;0,23;14,444;1,71;6,824;10,99;7,648;11,0;9,137;11,0;1157,888;122,64;364,138;45,46;28,071;12,7;2,714;10,26;1,789;10,07;0,713;10,0;2,52;20,145;0,54;27,856;3,45;4,874;0,54;1,147;1,55;943,0949;1,0;"";"";22,166;2,34;78,485;12,55;"";"";13,0;20,0;13,0;"";"";"";"";"";"";"";"";"";"";"";"";"";"";"";"";"";"";"";"";"";"";"";"";"";"";"";"";"";"";"";"";"";"";"";"";"";"";"";"";"";"";"";"";"";"";"";"";"";"";"";"";"";"";"";"";"";"";"";"";"";"";"";"";""
09.12.2022 08:48:35;1670572115000;880f01e687e2572cea04e80fc6a68085;908959;OK;1805;0;0;0;0;0,09;5,04;0;0;638;739;"";112,94;16,94;421,676;62,65;20,884;0,85;1,636;0,23;13,927;1,68;7,724;11,0;8,708;11,0;9,591;11,0;1219,106;128,6;373,413;46,25;28,404;12,79;1,616;10,15;1,424;10,13;0,299;10,0;1,941;20,323;0,54;27,584;3,46;4,877;0,55;1,163;1,57;943,06;1,0;"";"";22,264;2,34;81,982;12,73;"";"";13,0;20,0;13,0;"";"";"";"";"";"";"";"";"";"";"";"";"";"";"";"";"";"";"";"";"";"";"";"";"";"";"";"";"";"";"";"";"";"";"";"";"";"";"";"";"";"";"";"";"";"";"";"";"";"";"";"";"";"";"";"";"";"";"";"";"";"";"";"";""
09.12.2022 08:50:34;1670572234000;880f01e687e2572cea04e80fc6a68085;909078;OK;1806;0;0;0;0;0,02;10,98;0;0;688;736;"";111,584;16,74;423,555;62,71;20,883;0,85;1,639;0,23;12,902;1,63;6,526;10,93;7,668;11,0;8,957;11,0;1079,994;114,95;338,857;43,01;25,182;12,42;2,326;10,21;1,999;10,18;0,032;10,0;2,399;20,469;0,54;27,327;3,46;4,873;0,55;1,159;1,58;943,059;1,0;"";"";22,049;2,35;81,876;12,72;"";"";13,0;20,0;13,0;"";"";"";"";"";"";"";"";"";"";"";"";"";"";"";"";"";"";"";"";"";"";"";"";"";"";"";"";"";"";"";"";"";"";"";"";"";"";"";"";"";"";"";"";"";"";"";"";"";"";"";"";"";"";"";"";"";"";"";"";"";"";"";"";""
09.12.2022 08:52:36;1670572356000;880f01e687e2572cea04e80fc6a68085;909199;OK;1804;0;0;0;0;-0,0;8,32;0;0;655;733;"";114,307;17,15;422,19;62,67;20,889;0,85;1,642;0,23;11,464;1,58;7,294;10,98;8,208;11,0;8,737;11,0;1183,842;125,08;373,34;46,24;21,348;11,97;0,858;10,05;0,741;10,02;0,179;10,0;1,665;20,585;0,54;27,164;3,46;4,877;0,56;1,175;1,6;943,0269;1,0;"";"";21,852;2,36;79,164;12,58;"";"";15,455;19,28;79,2;"";"";"";"";"";"";"";"";"";"";"";"";"";"";"";"";"";"";"";"";"";"";"";"";"";"";"";"";"";"";"";"";"";"";"";"";"";"";"";"";"";"";"";"";"";"";"";"";"";"";"";"";"";"";"";"";"";"";"";"";"";"";"";"";""
09.12.2022 08:54:35;1670572475000;880f01e687e2572cea04e80fc6a68085;909319;OK;1775;0;0;0;0;-0,02;-6,29;0;0;673;730;"";109,475;16,42;420,915;62,63;20,889;0,85;1,645;0,23;9,836;1,63;6,831;10,89;7,737;11,0;9,064;11,0;1198,74;126,59;369,438;45,85;26,556;12,69;2,469;10,27;2,457;10,26;0,018;10,0;2,44;20,665;0,54;26,996;3,47;4,87;0,56;1,158;1,61;942,997;1,0;"";"";21,441;2,38;74,862;12,35;"";"";13,253;19,93;13,0;"";"";"";"";"";"";"";"";"";"";"";"";"";"";"";"";"";"";"";"";"";"";"";"";"";"";"";"";"";"";"";"";"";"";"";"";"";"";"";"";"";"";"";"";"";"";"";"";"";"";"";"";"";"";"";"";"";"";"";"";"";"";"";"";""
09.12.2022 08:56:36;1670572596000;880f01e687e2572cea04e80fc6a68085;909439;OK;1796;0;0;0;0;-0,04;-6,54;0;0;625;728;"";108,43;16,26;422,473;62,67;20,892;0,85;1,647;0,23;8,212;1,71;8,05;10,99;9,243;11,0;9,947;11,0;1265,974;133,12;392,512;48,25;36,856;13,67;1,965;10,1;1,003;10,03;0,002;10,0;1,827;20,728;0,54;26,853;3,47;4,862;0,56;1,137;1,62;943,0349;1,0;"";"";20,841;2,41;69,895;12,09;"";"";18,304;18,29;72,0;"";"";"";"";"";"";"";"";"";"";"";"";"";"";"";"";"";"";"";"";"";"";"";"";"";"";"";"";"";"";"";"";"";"";"";"";"";"";"";"";"";"";"";"";"";"";"";"";"";"";"";"";"";"";"";"";"";"";"";"";"";"";"";"";""
09.12.2022 08:58:36;1670572716000;880f01e687e2572cea04e80fc6a68085;909560;OK;1797;1;0;0;0;0,19;97,37;0;0;642;726;"";121,898;18,28;465,724;63,97;20,885;0,85;1,652;0,23;7,006;1,76;7,617;11,0;8,934;11,0;10,014;11,0;1221,797;128,81;380,632;46,99;33,191;13,26;1,872;10,12;1,488;10,09;0,704;10,0;2,101;20,774;0,54;27,283;3,46;4,953;0,56;1,397;1,59;943,072;1,0;"";"";20,526;2,42;69,106;12,05;"";"";17,66;18,48;79,9;"";"";"";"";"";"";"";"";"";"";"";"";"";"";"";"";"";"";"";"";"";"";"";"";"";"";"";"";"";"";"";"";"";"";"";"";"";"";"";"";"";"";"";"";"";"";"";"";"";"";"";"";"";"";"";"";"";"";"";"";"";"";"";"";""
09.12.2022 09:00:35;1670572835000;880f01e687e2572cea04e80fc6a68085;909679;OK;1796;2;0;0;0;0,35;142,15;0;0;662;729;"";117,06;17,56;460,208;63,81;20,894;0,85;1,655;0,23;6,152;1,8;7,135;11,0;8,622;11,0;9,806;11,0;1169,031;123,62;364,089;45,45;32,038;13,14;2,668;10,18;1,311;10,11;0,175;10,0;2,234;20,808;0,54;27,344;3,46;4,974;0,56;1,459;1,58;943,089;1,0;"";"";20,363;2,43;65,519;11,86;"";"";13,795;19,74;70,6;"";"";"";"";"";"";"";"";"";"";"";"";"";"";"";"";"";"";"";"";"";"";"";"";"";"";"";"";"";"";"";"";"";"";"";"";"";"";"";"";"";"";"";"";"";"";"";"";"";"";"";"";"";"";"";"";"";"";"";"";"";"";"";"";""
09.12.2022 09:02:38;1670572958000;880f01e687e2572cea04e80fc6a68085;909801;OK;1794;1;0;0;0;0,37;55,41;0;0;643;730;"";107,029;16,05;440,592;63,22;20,895;0,85;1,655;0,23;5,565;1,83;7,595;11,0;8,837;11,0;10,199;11,0;1260,717;132,61;396,431;48,48;31,251;13,05;1,733;10,19;1,491;10,15;0,451;10,0;2,266;20,841;0,54;27,431;3,45;4,999;0,56;1,531;1,58;943,0969;1,0;"";"";20,148;2,44;62,58;11,71;"";"";13,079;19,97;13,0;"";"";"";"";"";"";"";"";"";"";"";"";"";"";"";"";"";"";"";"";"";"";"";"";"";"";"";"";"";"";"";"";"";"";"";"";"";"";"";"";"";"";"";"";"";"";"";"";"";"";"";"";"";"";"";"";"";"";"";"";"";"";"";"";""
09.12.2022 09:04:38;1670573078000;880f01e687e2572cea04e80fc6a68085;909922;OK;1802;0;1;0;0;0,09;-101,42;0;0;652;728;"";103,071;15,46;427,707;62,83;20,893;0,85;1,655;0,23;5,03;1,86;7,378;11,0;8,21;11,0;8,898;11,0;1218,566;128,59;376,109;46,46;26,318;12,56;0,918;10,07;0,893;10,07;0,047;10,0;1,788;20,874;0,54;27,343;3,46;4,993;0,56;1,514;1,59;943,096;1,0;"";"";19,967;2,45;60,093;11,58;"";"";13,008;20,0;13,0;"";"";"";"";"";"";"";"";"";"";"";"";"";"";"";"";"";"";"";"";"";"";"";"";"";"";"";"";"";"";"";"";"";"";"";"";"";"";"";"";"";"";"";"";"";"";"";"";"";"";"";"";"";"";"";"";"";"";"";"";"";"";"";"";""
09.12.2022 09:06:38;1670573198000;880f01e687e2572cea04e80fc6a68085;910042;OK;1792;0;1;0;0;0,05;-92,93;0;0;643;728;"";103,615;15,54;429,522;62,89;20,895;0,85;1,654;0,23;4,556;1,88;7,598;11,0;9,249;11,0;9,627;11,0;1272,018;133,72;396,51;48,6;36,926;13,65;1,084;10,03;0,84;10,01;0,005;10,0;1,576;20,894;0,54;27,333;3,46;4,997;0,56;1,527;1,59;943,085;1,0;"";"";19,627;2,46;57,97;11,47;"";"";13,001;20,0;13,0;"";"";"";"";"";"";"";"";"";"";"";"";"";"";"";"";"";"";"";"";"";"";"";"";"";"";"";"";"";"";"";"";"";"";"";"";"";"";"";"";"";"";"";"";"";"";"";"";"";"";"";"";"";"";"";"";"";"";"";"";"";"";"";"";""
09.12.2022 09:08:38;1670573318000;880f01e687e2572cea04e80fc6a68085;910162;OK;1800;0;0;0;0;0,02;-17,05;0;0;684;728;"";103,125;15,47;433,866;63,02;20,892;0,85;1,653;0,23;4,283;1,89;6,611;10,93;7,828;11,0;8,033;11,0;1118,143;118,73;352,499;44,26;29,531;12,86;0,298;10,0;0,273;10,0;0,0;10,0;1,411;20,911;0,54;27,36;3,45;5,006;0,56;1,555;1,58;943,094;1,0;"";"";19,444;2,47;56,531;11,4;"";"";13,0;20,0;13,0;"";"";"";"";"";"";"";"";"";"";"";"";"";"";"";"";"";"";"";"";"";"";"";"";"";"";"";"";"";"";"";"";"";"";"";"";"";"";"";"";"";"";"";"";"";"";"";"";"";"";"";"";"";"";"";"";"";"";"";"";"";"";"";"";""
09.12.2022 09:10:39;1670573439000;880f01e687e2572cea04e80fc6a68085;910283;OK;1805;1;0;0;0;0,05;23,46;0;0;661;728;"";104,925;15,74;434,903;63,05;20,897;0,85;1,653;0,23;4,112;1,9;7,164;10,99;8,479;11,0;9,823;11,03;1135,7;120,45;356,769;44,66;26,563;12,58;2,227;10,21;1,405;10,16;0,441;10,02;2,171;20,922;0,54;27,351;3,45;5,008;0,57;1,56;1,58;943,099;1,0;"";"";19,197;2,49;55,136;11,32;"";"";16,016;19,36;62,8;"";"";"";"";"";"";"";"";"";"";"";"";"";"";"";"";"";"";"";"";"";"";"";"";"";"";"";"";"";"";"";"";"";"";"";"";"";"";"";"";"";"";"";"";"";"";"";"";"";"";"";"";"";"";"";"";"";"";"";"";"";"";"";"";""
09.12.2022 09:12:39;1670573559000;880f01e687e2572cea04e80fc6a68085;910403;OK;1786;1;0;0;0;0,12;28,59;0;0;667;729;"";115,014;17,25;440,295;63,21;20,903;0,85;1,655;0,23;4,272;1,89;7,009;11,0;7,728;11,0;8,404;11,0;1201,542;126,93;370,109;46,0;24,017;12,34;1,106;10,05;0,295;10,02;0,046;10,0;1,787;20,938;0,54;27,537;3,45;5,047;0,56;1,668;1,57;943,108;1,0;"";"";19,037;2,49;54,058;11,27;"";"";13,311;19,93;13,0;"";"";"";"";"";"";"";"";"";"";"";"";"";"";"";"";"";"";"";"";"";"";"";"";"";"";"";"";"";"";"";"";"";"";"";"";"";"";"";"";"";"";"";"";"";"";"";"";"";"";"";"";"";"";"";"";"";"";"";"";"";"";"";"";""
09.12.2022 09:14:40;1670573680000;880f01e687e2572cea04e80fc6a68085;910524;OK;1793;1;0;0;0;0,06;34,89;0;0;675;727;"";115,294;17,29;445,049;63,35;20,896;0,85;1,656;0,23;4,54;1,88;6,772;10,82;7,861;10,97;9,177;11,0;1116,363;118,6;345,154;43,55;29,153;12,79;2,531;10,13;1,798;10,0;0,005;10,0;2,481;20,955;0,54;27,349;3,45;5,017;0,57;1,587;1,59;943,101;1,0;"";"";18,843;2,5;53,329;11,23;"";"";13,032;19,99;13,0;"";"";"";"";"";"";"";"";"";"";"";"";"";"";"";"";"";"";"";"";"";"";"";"";"";"";"";"";"";"";"";"";"";"";"";"";"";"";"";"";"";"";"";"";"";"";"";"";"";"";"";"";"";"";"";"";"";"";"";"";"";"";"";"";""
09.12.2022 09:16:40;1670573800000;880f01e687e2572cea04e80fc6a68085;910644;OK;1794;1;0;0;0;-0,04;45,66;0;0;650;726;"";117,383;17,61;450,439;63,51;20,896;0,85;1,657;0,23;4,717;1,87;7,399;10,97;10,08;11,0;10,567;11,0;1247,664;131,34;383,461;47,29;41,836;14,05;3,95;10,39;1,067;10,13;0,0;10,0;1,714;20,963;0,54;27,285;3,46;5,008;0,57;1,561;1,59;943,0739;1,0;"";"";18,511;2,52;51,553;11,14;"";"";13,288;19,91;68,1;"";"";"";"";"";"";"";"";"";"";"";"";"";"";"";"";"";"";"";"";"";"";"";"";"";"";"";"";"";"";"";"";"";"";"";"";"";"";"";"";"";"";"";"";"";"";"";"";"";"";"";"";"";"";"";"";"";"";"";"";"";"";"";"";""
09.12.2022 09:18:41;1670573921000;880f01e687e2572cea04e80fc6a68085;910765;OK;1805;1;0;0;0;-0,11;30,85;0;0;651;726;"";118,04;17,71;451,038;63,53;20,897;0,85;1,658;0,23;5,043;1,86;7,401;10,97;9,034;11,0;9,93;11,0;1209,974;127,72;376,78;46,62;38,921;13,78;1,376;10,07;1,078;10,05;0,158;10,0;2,019;20,97;0,54;27,268;3,46;5,007;0,57;1,559;1,59;943,033;1,0;"";"";18,29;2,53;50,281;11,07;"";"";13,03;19,99;13,0;"";"";"";"";"";"";"";"";"";"";"";"";"";"";"";"";"";"";"";"";"";"";"";"";"";"";"";"";"";"";"";"";"";"";"";"";"";"";"";"";"";"";"";"";"";"";"";"";"";"";"";"";"";"";"";"";"";"";"";"";"";"";"";"";""
09.12.2022 09:20:41;1670574041000;880f01e687e2572cea04e80fc6a68085;910884;OK;1814;1;0;0;0;-0,0;25,36;0;0;673;726;"";118,216;17,73;456,321;63,69;20,894;0,85;1,658;0,23;5,353;1,84;6,862;10,97;8,657;11,0;8,979;11,0;1143,391;121,21;354,683;44,47;35,579;13,51;1,171;10,07;0,263;10,0;0,017;10,0;1,589;20,978;0,54;27,27;3,46;5,009;0,57;1,566;1,59;942,9609;1,0;"";"";18,14;2,54;49,789;11,04;"";"";13,003;20,0;13,0;"";"";"";"";"";"";"";"";"";"";"";"";"";"";"";"";"";"";"";"";"";"";"";"";"";"";"";"";"";"";"";"";"";"";"";"";"";"";"";"";"";"";"";"";"";"";"";"";"";"";"";"";"";"";"";"";"";"";"";"";"";"";"";"";""
09.12.2022 09:22:41;1670574161000;880f01e687e2572cea04e80fc6a68085;911005;OK;1798;0;0;0;0;0,1;21,31;0;0;658;727;"";120,599;18,09;458,182;63,75;20,892;0,85;1,659;0,23;5,832;1,82;7,232;11,0;9,053;11,0;10,296;11,0;1198,903;126,62;376,756;46,61;40,257;14,02;2,371;10,24;1,299;10,17;0,659;10,0;2,302;20,99;0,54;27,407;3,45;5,038;0,57;1,647;1,58;942,865;1,0;"";"";18,123;2,54;50,354;11,07;"";"";13,0;20,0;13,0;"";"";"";"";"";"";"";"";"";"";"";"";"";"";"";"";"";"";"";"";"";"";"";"";"";"";"";"";"";"";"";"";"";"";"";"";"";"";"";"";"";"";"";"";"";"";"";"";"";"";"";"";"";"";"";"";"";"";"";"";"";"";"";"";""
09.12.2022 09:24:41;1670574281000;880f01e687e2572cea04e80fc6a68085;911125;OK;1788;0;0;0;0;0,11;21,93;0;0;678;726;"";122,855;18,43;461,091;63,83;20,895;0,85;1,659;0,24;6,197;1,8;6,756;10,98;7,899;11,0;9,16;11,0;1173,234;124,03;361,314;45,2;32,169;13,11;2,047;10,12;1,107;10,11;0,06800001;10,0;2,349;21,002;0,54;27,391;3,45;5,039;0,57;1,649;1,58;942,846;1,0;"";"";18,249;2,53;50,936;11,1;"";"";13,0;20,0;13,0;"";"";"";"";"";"";"";"";"";"";"";"";"";"";"";"";"";"";"";"";"";"";"";"";"";"";"";"";"";"";"";"";"";"";"";"";"";"";"";"";"";"";"";"";"";"";"";"";"";"";"";"";"";"";"";"";"";"";"";"";"";"";"";"";""
09.12.2022 09:26:42;1670574402000;880f01e687e2572cea04e80fc6a68085;911246;OK;1791;1;0;0;0;0,05;33,04;0;0;664;725;"";123,782;18,57;468,364;64,05;20,893;0,85;1,66;0,24;6,533;1,78;7,101;11,0;7,853;11,0;8,325;11,0;1167,613;123,55;363,3;45,32;26,001;12,5;0,664;10,01;0,567;10,01;0,007;10,0;1,636;21,01;0,54;27,336;3,45;5,031;0,57;1,628;1,59;942,8989;1,0;"";"";18,303;2,53;50,817;11,1;"";"";15,4;19,4;85,0;"";"";"";"";"";"";"";"";"";"";"";"";"";"";"";"";"";"";"";"";"";"";"";"";"";"";"";"";"";"";"";"";"";"";"";"";"";"";"";"";"";"";"";"";"";"";"";"";"";"";"";"";"";"";"";"";"";"";"";"";"";"";"";"";""
09.12.2022 09:28:43;1670574523000;880f01e687e2572cea04e80fc6a68085;911367;OK;1804;1;0;0;0;-0,0;30,46;0;0;643;725;"";124,329;18,65;467,038;64,01;20,893;0,85;1,661;0,24;6,803;1,77;7,581;11,0;9,296;11,0;9,828;11,0;1237,647;130,38;382,515;47,2;30,739;13,02;1,323;10,04;0,582;10,04;0,001;10,0;1,711;21,022;0,54;27,361;3,45;5,039;0,57;1,651;1,58;942,939;1,0;"";"";18,336;2,53;50,318;11,07;"";"";14,56;19,4;57,5;"";"";"";"";"";"";"";"";"";"";"";"";"";"";"";"";"";"";"";"";"";"";"";"";"";"";"";"";"";"";"";"";"";"";"";"";"";"";"";"";"";"";"";"";"";"";"";"";"";"";"";"";"";"";"";"";"";"";"";"";"";"";"";"";""
09.12.2022 09:30:44;1670574644000;880f01e687e2572cea04e80fc6a68085;911488;OK;1795;0;0;0;0;0,0;15,56;0;0;666;725;"";122,777;18,42;467,452;64,02;20,893;0,85;1,66;0,24;6,994;1,76;7,035;11,0;9,183;11,0;10,277;11,0;1195,113;126,22;369,354;45,92;36,607;13,59;2,881;10,22;1,719;10,05;0,772;10,0;2,235;21,033;0,54;27,307;3,45;5,032;0,57;1,632;1,59;942,9669;1,0;"";"";18,373;2,52;50,344;11,07;"";"";13,161;19,94;13,0;"";"";"";"";"";"";"";"";"";"";"";"";"";"";"";"";"";"";"";"";"";"";"";"";"";"";"";"";"";"";"";"";"";"";"";"";"";"";"";"";"";"";"";"";"";"";"";"";"";"";"";"";"";"";"";"";"";"";"";"";"";"";"";"";""
09.12.2022 09:32:45;1670574765000;880f01e687e2572cea04e80fc6a68085;911608;OK;1809;0;0;0;0;-0,01;-10,18;0;0;667;725;"";122,954;18,44;465,069;63,95;20,894;0,85;1,66;0,24;7,303;1,75;7,011;11,0;8,229;11,0;9,257;11,0;1197,113;126,43;372,572;46,25;31,222;13,02;1,555;10,02;1,435;10,01;0,454;10,0;2,132;21,04;0,54;27,288;3,45;5,031;0,57;1,629;1,59;942,972;1,0;"";"";18,354;2,53;50,823;11,1;"";"";13,017;19,99;13,0;"";"";"";"";"";"";"";"";"";"";"";"";"";"";"";"";"";"";"";"";"";"";"";"";"";"";"";"";"";"";"";"";"";"";"";"";"";"";"";"";"";"";"";"";"";"";"";"";"";"";"";"";"";"";"";"";"";"";"";"";"";"";"";"";""
09.12.2022 09:34:45;1670574885000;880f01e687e2572cea04e80fc6a68085;911729;OK;1791;0;0;0;0;-0,02;-5,37;0;0;668;724;"";124,354;18,65;465,858;63,98;20,898;0,85;1,66;0,24;7,51;1,74;6,989;11,0;7,781;11,0;8,348;11,0;1159,845;122,8;364,881;45,5;28,314;12,81;0,861;10,0;0,849;10,0;0,047;10,0;1,699;21,054;0,54;27,232;3,46;5,025;0,57;1,612;1,59;942,976;1,0;"";"";18,359;2,53;50,794;11,1;"";"";13,241;19,91;61,0;"";"";"";"";"";"";"";"";"";"";"";"";"";"";"";"";"";"";"";"";"";"";"";"";"";"";"";"";"";"";"";"";"";"";"";"";"";"";"";"";"";"";"";"";"";"";"";"";"";"";"";"";"";"";"";"";"";"";"";"";"";"";"";"";""
09.12.2022 09:36:45;1670575005000;880f01e687e2572cea04e80fc6a68085;911849;OK;1792;0;0;0;0;0,0;11,34;0;0;663;724;"";126,739;19,01;471,724;64,15;20,896;0,85;1,66;0,24;7,731;1,73;7,082;10,78;8,216;11,0;9,368;11,0;1155,555;122,42;362,38;45,17;33,897;13,38;1,745;10,12;1,474;10,09;0,005;10,0;2,164;21,064;0,54;27,264;3,46;5,034;0,57;1,637;1,59;942,935;1,0;"";"";18,429;2,52;50,658;11,09;"";"";13,025;19,99;13,0;"";"";"";"";"";"";"";"";"";"";"";"";"";"";"";"";"";"";"";"";"";"";"";"";"";"";"";"";"";"";"";"";"";"";"";"";"";"";"";"";"";"";"";"";"";"";"";"";"";"";"";"";"";"";"";"";"";"";"";"";"";"";"";"";""
09.12.2022 09:38:46;1670575126000;880f01e687e2572cea04e80fc6a68085;911969;OK;1794;0;0;0;0;0,04;18,82;0;0;654;724;"";126,155;18,92;470,31;64,11;20,897;0,85;1,66;0,24;7,885;1,72;7,318;10,98;8,239;11,0;8,888;11,0;1131,888;120,15;356,719;44,7;28,936;12,9;1,506;10,05;1,195;10,02;0,127;10,0;1,714;21,075;0,54;27,295;3,45;5,042;0,57;1,662;1,59;942,913;1,0;"";"";18,485;2,52;50,835;11,1;"";"";13,003;20,0;13,0;"";"";"";"";"";"";"";"";"";"";"";"";"";"";"";"";"";"";"";"";"";"";"";"";"";"";"";"";"";"";"";"";"";"";"";"";"";"";"";"";"";"";"";"";"";"";"";"";"";"";"";"";"";"";"";"";"";"";"";"";"";"";"";"";""
09.12.2022 09:40:47;1670575247000;880f01e687e2572cea04e80fc6a68085;912090;OK;1808;0;0;0;0;0,04;0,37;0;0;655;724;"";125,892;18,88;466,42;63,99;20,898;0,85;1,659;0,24;7,962;1,72;7,301;11,0;8,442;11,0;8,675;11,0;1232,999;129,96;376,807;46,59;31,55;13,16;0,314;10,01;0,282;10,0;0,171;10,0;1,406;21,084;0,54;27,251;3,46;5,037;0,57;1,647;1,59;942,902;1,0;"";"";18,582;2,51;50,926;11,1;"";"";13,0;20,0;13,0;"";"";"";"";"";"";"";"";"";"";"";"";"";"";"";"";"";"";"";"";"";"";"";"";"";"";"";"";"";"";"";"";"";"";"";"";"";"";"";"";"";"";"";"";"";"";"";"";"";"";"";"";"";"";"";"";"";"";"";"";"";"";"";"";""
09.12.2022 09:42:47;1670575367000;880f01e687e2572cea04e80fc6a68085;912211;OK;1796;0;0;0;0;0,0;-18,71;0;0;635;723;"";126,378;18,96;465,426;63,96;20,899;0,85;1,66;0,24;8,039;1,71;7,788;11,0;8,645;11,0;9,018;11,0;1271,955;133,68;391,118;48,0;29,198;12,89;0,355;10,0;0,352;10,0;0,34;10,0;1,488;21,096;0,54;27,212;3,46;5,033;0,57;1,638;1,6;942,874;1,0;"";"";18,579;2,51;50,673;11,09;"";"";13,813;19,56;40,0;"";"";"";"";"";"";"";"";"";"";"";"";"";"";"";"";"";"";"";"";"";"";"";"";"";"";"";"";"";"";"";"";"";"";"";"";"";"";"";"";"";"";"";"";"";"";"";"";"";"";"";"";"";"";"";"";"";"";"";"";"";"";"";"";""
09.12.2022 09:44:46;1670575486000;880f01e687e2572cea04e80fc6a68085;912330;OK;1798;0;0;0;0;-0,01;-7,03;0;0;635;723;"";126,279;18,94;467,716;64,03;20,899;0,85;1,659;0,24;8,18;1,71;7,784;11,0;9,302;11,0;10,562;11,0;1213,3;128,0;380,387;46,94;33,93;13,37;1,691;10,07;1,437;10,0;0,397;10,0;2,191;21,105;0,54;27,221;3,46;5,038;0,57;1,65;1,59;942,859;1,0;"";"";18,719;2,51;50,81;11,09;"";"";13,084;19,95;13,0;"";"";"";"";"";"";"";"";"";"";"";"";"";"";"";"";"";"";"";"";"";"";"";"";"";"";"";"";"";"";"";"";"";"";"";"";"";"";"";"";"";"";"";"";"";"";"";"";"";"";"";"";"";"";"";"";"";"";"";"";"";"";"";"";""
09.12.2022 09:46:47;1670575607000;880f01e687e2572cea04e80fc6a68085;912451;OK;1798;0;0;0;0;0,0;6,74;0;0;632;723;"";128,287;19,24;468,213;64,05;20,9;0,85;1,66;0,24;8,174;1,71;7,85;11,0;9,228;11,0;9,97;11,0;1204,975;127,13;378,363;46,81;33,398;13,27;0,962;10,01;0,936;10,0;0,041;10,0;1,839;21,117;0,54;27,224;3,46;5,042;0,57;1,662;1,59;942,861;1,0;"";"";18,714;2,51;50,914;11,1;"";"";13,009;20,0;13,0;"";"";"";"";"";"";"";"";"";"";"";"";"";"";"";"";"";"";"";"";"";"";"";"";"";"";"";"";"";"";"";"";"";"";"";"";"";"";"";"";"";"";"";"";"";"";"";"";"";"";"";"";"";"";"";"";"";"";"";"";"";"";"";"";""
09.12.2022 09:48:49;1670575729000;880f01e687e2572cea04e80fc6a68085;912572;OK;1819;0;0;0;0;0,05;16,2;0;0;617;723;"";131,804;19,77;471,834;64,16;20,901;0,85;1,66;0,24;8,3;1,7;8,246;11,0;10,193;11,0;11,226;11,05;1332,0;139,52;415,717;50,44;42,193;14,23;2,206;10,13;0,801;10,05;0,142;10,0;2,04;21,128;0,54;27,265;3,45;5,053;0,57;1,693;1,59;942,827;1,0;"";"";18,855;2,5;51,715;11,14;"";"";13,001;20,0;13,0;"";"";"";"";"";"";"";"";"";"";"";"";"";"";"";"";"";"";"";"";"";"";"";"";"";"";"";"";"";"";"";"";"";"";"";"";"";"";"";"";"";"";"";"";"";"";"";"";"";"";"";"";"";"";"";"";"";"";"";"";"";"";"";"";""
09.12.2022 09:50:48;1670575848000;880f01e687e2572cea04e80fc6a68085;912691;OK;1800;0;0;0;0;0,09;15,69;0;0;623;723;"";132,803;19,92;473,727;64,21;20,897;0,85;1,66;0,24;8,467;1,69;8,088;11,0;9,598;11,0;10,723;11,01;1305,601;137,04;398,462;48,74;40,739;14,04;2,342;10,18;1,847;10,17;0,015;10,0;2,143;21,144;0,54;27,343;3,45;5,072;0,57;1,746;1,59;942,77;1,0;"";"";19,068;2,49;52,797;11,2;"";"";13,224;20,49;37,5;"";"";"";"";"";"";"";"";"";"";"";"";"";"";"";"";"";"";"";"";"";"";"";"";"";"";"";"";"";"";"";"";"";"";"";"";"";"";"";"";"";"";"";"";"";"";"";"";"";"";"";"";"";"";"";"";"";"";"";"";"";"";"";"";""
09.12.2022 09:52:48;1670575968000;880f01e687e2572cea04e80fc6a68085;912812;OK;1793;1;0;0;0;0,17;41,73;0;0;603;718;"";140,338;21,05;484,356;64,53;20,895;0,85;1,661;0,24;8,651;1,68;8,625;11,0;11,521;11,0;12,973;11,2;1398,228;146,06;431,504;51,97;53,042;15,24;3,449;10,32;2,125;10,21;0,416;10,0;2,296;21,156;0,54;27,417;3,45;5,089;0,57;1,795;1,58;942,71;1,0;"";"";19,244;2,48;54,583;11,29;"";"";13,195;19,98;52,4;"";"";"";"";"";"";"";"";"";"";"";"";"";"";"";"";"";"";"";"";"";"";"";"";"";"";"";"";"";"";"";"";"";"";"";"";"";"";"";"";"";"";"";"";"";"";"";"";"";"";"";"";"";"";"";"";"";"";"";"";"";"";"";"";""
09.12.2022 09:54:49;1670576089000;880f01e687e2572cea04e80fc6a68085;912933;OK;1811;1;0;0;0;0,08;27,52;0;0;625;722;"";141,829;21,27;479,115;64,37;20,896;0,85;1,662;0,24;8,63;1,68;8,052;11,0;9,912;11,0;11,345;11,02;1278,463;134,34;401,632;49,09;40,555;13,99;2,747;10,1;1,737;10,05;0,181;10,0;2,324;21,168;0,54;27,35;3,45;5,08;0,57;1,771;1,59;942,681;1,0;"";"";19,407;2,47;55,462;11,33;"";"";14,6;19,52;73,1;"";"";"";"";"";"";"";"";"";"";"";"";"";"";"";"";"";"";"";"";"";"";"";"";"";"";"";"";"";"";"";"";"";"";"";"";"";"";"";"";"";"";"";"";"";"";"";"";"";"";"";"";"";"";"";"";"";"";"";"";"";"";"";"";""
09.12.2022 09:56:50;1670576210000;880f01e687e2572cea04e80fc6a68085;913053;OK;1802;0;0;0;0;-0,02;9,27;0;0;614;722;"";143,368;21,51;478,551;64,36;20,898;0,85;1,664;0,24;8,68;1,68;8,312;11,0;10,184;11,0;11,291;11,0;1327,918;139,21;412,162;50,07;43,607;14,26;1,809;10,1;0,977;10,01;0,222;10,0;2,103;21,177;0,54;27,302;3,45;5,074;0,57;1,753;1,59;942,649;1,0;"";"";19,473;2,47;55,436;11,33;"";"";13,165;19,95;13,0;"";"";"";"";"";"";"";"";"";"";"";"";"";"";"";"";"";"";"";"";"";"";"";"";"";"";"";"";"";"";"";"";"";"";"";"";"";"";"";"";"";"";"";"";"";"";"";"";"";"";"";"";"";"";"";"";"";"";"";"";"";"";"";"";""
09.12.2022 09:58:48;1670576328000;880f01e687e2572cea04e80fc6a68085;913172;OK;1785;0;0;0;0;-0,06;17,27;0;0;610;710;"";146,139;21,92;492,183;64,77;20,897;0,85;1,664;0,24;8,707;1,68;8,394;11,0;10,625;11,0;11,541;11,0;1318,706;138,21;416,229;50,52;47,7;14,71;2,247;10,15;0,613;10,02;0,024;10,0;1,947;21,181;0,54;27,358;3,45;5,085;0,57;1,786;1,59;942,638;1,0;"";"";19,579;2,46;55,473;11,33;"";"";13,018;19,99;13,0;"";"";"";"";"";"";"";"";"";"";"";"";"";"";"";"";"";"";"";"";"";"";"";"";"";"";"";"";"";"";"";"";"";"";"";"";"";"";"";"";"";"";"";"";"";"";"";"";"";"";"";"";"";"";"";"";"";"";"";"";"";"";"";"";""
09.12.2022 10:00:50;1670576450000;880f01e687e2572cea04e80fc6a68085;913293;OK;1802;1;0;0;0;0,0;49,93;0;0;594;708;"";144,987;21,75;493,661;64,81;20,895;0,85;1,666;0,24;8,65;1,68;8,819;11,0;10,977;11,0;11,574;11,0;1333,376;139,66;418,065;50,66;34,427;13,39;2,21;10,18;0,395;10,0;0,002;10,0;1,697;21,18;0,54;27,328;3,45;5,079;0,57;1,769;1,59;942,657;1,0;"";"";19,716;2,46;55,36;11,33;"";"";13,002;20,0;13,0;"";"";"";"";"";"";"";"";"";"";"";"";"";"";"";"";"";"";"";"";"";"";"";"";"";"";"";"";"";"";"";"";"";"";"";"";"";"";"";"";"";"";"";"";"";"";"";"";"";"";"";"";"";"";"";"";"";"";"";"";"";"";"";"";""
09.12.2022 10:02:50;1670576570000;880f01e687e2572cea04e80fc6a68085;913413;OK;1794;1;0;0;0;0,02;27,8;0;0;620;713;"";144,914;21,74;488,504;64,66001;20,898;0,85;1,666;0,24;8,653;1,68;8,159;11,0;10,435;11,0;11,177;11,0;1292,935;135,76;396,996;48,59;44,627;14,45;3,11;10,31;0,949;10,1;0,0;10,0;1,841;21,182;0,54;27,357;3,45;5,085;0,57;1,786;1,59;942,686;1,0;"";"";19,682;2,46;55,508;11,34;"";"";13,0;20,0;13,0;"";"";"";"";"";"";"";"";"";"";"";"";"";"";"";"";"";"";"";"";"";"";"";"";"";"";"";"";"";"";"";"";"";"";"";"";"";"";"";"";"";"";"";"";"";"";"";"";"";"";"";"";"";"";"";"";"";"";"";"";"";"";"";"";""
09.12.2022 10:04:50;1670576690000;880f01e687e2572cea04e80fc6a68085;913534;OK;1800;0;0;0;0;0,04;17,19;0;0;616;703;"";149,727;22,46;499,972;65,0;20,896;0,85;1,667;0,24;8,612;1,68;8,261;11,0;9,882;11,0;11,538;11,0;1245,123;131,22;386,396;47,54;35,767;13,62;3,504;10,45;1,264;10,05;0,175;10,0;2,475;21,185;0,54;27,414;3,45;5,097;0,57;1,818;1,58;942,735;1,0;"";"";19,694;2,46;55,709;11,35;"";"";12,942;20,22;13,0;"";"";"";"";"";"";"";"";"";"";"";"";"";"";"";"";"";"";"";"";"";"";"";"";"";"";"";"";"";"";"";"";"";"";"";"";"";"";"";"";"";"";"";"";"";"";"";"";"";"";"";"";"";"";"";"";"";"";"";"";"";"";"";"";""
09.12.2022 10:06:50;1670576810000;880f01e687e2572cea04e80fc6a68085;913654;OK;1787;1;0;0;0;0,05;31,18;0;0;604;701;"";150,015;22,5;502,294;65,07;20,897;0,85;1,667;0,24;8,645;1,68;8,561;11,0;9,685;11,0;10,695;11,0;1306,293;137,09;409,316;49,89;36,156;13,54;1,841;10,15;1,24;10,08;0,018;10,0;1,943;21,187;0,54;27,412;3,45;5,097;0,57;1,818;1,58;942,796;1,0;"";"";19,815;2,45;56,036;11,36;"";"";12,994;20,02;13,0;"";"";"";"";"";"";"";"";"";"";"";"";"";"";"";"";"";"";"";"";"";"";"";"";"";"";"";"";"";"";"";"";"";"";"";"";"";"";"";"";"";"";"";"";"";"";"";"";"";"";"";"";"";"";"";"";"";"";"";"";"";"";"";"";""
09.12.2022 10:08:50;1670576930000;880f01e687e2572cea04e80fc6a68085;913774;OK;1789;1;0;0;0;-0,01;26,67;0;0;624;704;"";149,708;22,46;498,168;64,95;20,898;0,85;1,667;0,24;8,588;1,69;8,052;11,0;10,331;11,0;11,68;11,0;1299,514;136,42;403,902;49,28;43,632;14,32;2,059;10,08;1,997;10,07;0,002;10,0;2,299;21,19;0,54;27,343;3,45;5,085;0,57;1,786;1,59;942,789;1,0;"";"";19,721;2,46;55,843;11,35;"";"";12,999;20,0;13,0;"";"";"";"";"";"";"";"";"";"";"";"";"";"";"";"";"";"";"";"";"";"";"";"";"";"";"";"";"";"";"";"";"";"";"";"";"";"";"";"";"";"";"";"";"";"";"";"";"";"";"";"";"";"";"";"";"";"";"";"";"";"";"";"";""
09.12.2022 10:10:52;1670577052000;880f01e687e2572cea04e80fc6a68085;913896;OK;1787;0;0;0;0;-0,04;-14,84;0;0;620;706;"";148,756;22,31;495,633;64,87;20,901;0,85;1,667;0,24;8,518;1,69;8,162;11,0;9,772;11,0;11,363;11,0;1314,43;137,8;403,412;49,16;42,185;14,19;3,396;10,34;2,653;10,31;0,0;10,0;2,433;21,198;0,54;27,331;3,45;5,085;0,57;1,786;1,59;942,738;1,0;"";"";19,69;2,46;55,845;11,35;"";"";13,0;20,0;13,0;"";"";"";"";"";"";"";"";"";"";"";"";"";"";"";"";"";"";"";"";"";"";"";"";"";"";"";"";"";"";"";"";"";"";"";"";"";"";"";"";"";"";"";"";"";"";"";"";"";"";"";"";"";"";"";"";"";"";"";"";"";"";"";"";""
09.12.2022 10:12:53;1670577173000;880f01e687e2572cea04e80fc6a68085;914016;OK;1800;0;0;0;0;-0,01;-9,56;0;0;593;702;"";150,53;22,58;499,912;65,0;20,892;0,85;1,668;0,24;8,432;1,69;8,855;11,0;10,436;11,0;11,833;11,0;1351,221;141,46;423,783;51,24;38,47;13,73;1,911;10,23;1,834;10,22;0,0;10,0;2,207;21,206;0,54;27,34;3,45;5,089;0,57;1,798;1,59;942,776;1,0;"";"";19,698;2,46;57,7;11,45;"";"";13,0;20,0;13,0;"";"";"";"";"";"";"";"";"";"";"";"";"";"";"";"";"";"";"";"";"";"";"";"";"";"";"";"";"";"";"";"";"";"";"";"";"";"";"";"";"";"";"";"";"";"";"";"";"";"";"";"";"";"";"";"";"";"";"";"";"";"";"";"";""
09.12.2022 10:14:53;1670577293000;880f01e687e2572cea04e80fc6a68085;914137;OK;1785;1;0;0;0;0,21;38,03;0;0;650;696;"";160,489;24,07;510,316;65,31;20,89;0,85;1,669;0,24;8,53;1,69;7,42;11,0;8,693;11,0;9,21;11,0;1214,047;128,1;371,79;46,08;27,154;12,62;0,814;10,02;0,8059999;10,02;0,0;10,0;1,673;21,215;0,54;27,761;3,44;5,17;0,57;2,019;1,56;942,8619;1,0;"";"";19,923;2,45;58,759;11,51;"";"";13,326;20,9;59,4;"";"";"";"";"";"";"";"";"";"";"";"";"";"";"";"";"";"";"";"";"";"";"";"";"";"";"";"";"";"";"";"";"";"";"";"";"";"";"";"";"";"";"";"";"";"";"";"";"";"";"";"";"";"";"";"";"";"";"";"";"";"";"";"";""
09.12.2022 10:16:53;1670577413000;880f01e687e2572cea04e80fc6a68085;914257;OK;1794;2;0;0;0;0,33;132,68;0;0;625;665;"";168,521;25,28;546,249;66,39;20,889;0,85;1,672;0,24;8,631;1,68;8,051;11,0;10,174;11,0;10,504;11,0;1285,06;135,04;401,189;49,03;41,405;14,13;1,559;10,0;0,478;10,0;0,0;10,0;1,584;21,222;0,54;27,919;3,44;5,202;0,57;2,105;1,55;942,9009;1,0;"";"";20,132;2,44;59,332;11,54;"";"";23,768;16,23;77,4;"";"";"";"";"";"";"";"";"";"";"";"";"";"";"";"";"";"";"";"";"";"";"";"";"";"";"";"";"";"";"";"";"";"";"";"";"";"";"";"";"";"";"";"";"";"";"";"";"";"";"";"";"";"";"";"";"";"";"";"";"";"";"";"";""
09.12.2022 10:18:53;1670577533000;880f01e687e2572cea04e80fc6a68085;914377;OK;1789;5;0;0;0;0,35;256,6;0;0;635;633;"";173,83;26,07;583,154;67,49;20,888;0,85;1,678;0,24;8,932;1,67;7,792;11,0;9,018;11,0;9,052;11,0;1221,926;128,86;382,3;47,2;28,579;12,86;0,161;10,0;0,049;10,0;0,0;10,0;1,23;21,229;0,54;27,926;3,44;5,205;0,57;2,115;1,55;942,908;1,0;"";"";20,417;2,42;60,118;11,58;"";"";14,111;19,61;13,0;"";"";"";"";"";"";"";"";"";"";"";"";"";"";"";"";"";"";"";"";"";"";"";"";"";"";"";"";"";"";"";"";"";"";"";"";"";"";"";"";"";"";"";"";"";"";"";"";"";"";"";"";"";"";"";"";"";"";"";"";"";"";"";"";""
09.12.2022 10:20:54;1670577654000;880f01e687e2572cea04e80fc6a68085;914497;OK;1817;1;0;0;0;-0,01;74,28;0;0;629;677;"";160,972;24,15;528,624;65,86;20,895;0,85;1,677;0,24;8,969;1,67;7,942;11,0;10,041;11,0;10,413;11,0;1287,845;135,27;405,758;49,43;41,237;14,13;2,105;10,1;0,132;10,0;0,0;10,0;1,603;21,239;0,54;27,686;3,44;5,163;0,57;2,002;1,56;942,923;1,0;"";"";20,245;2,43;59,719;11,56;"";"";13,115;19,96;13,0;"";"";"";"";"";"";"";"";"";"";"";"";"";"";"";"";"";"";"";"";"";"";"";"";"";"";"";"";"";"";"";"";"";"";"";"";"";"";"";"";"";"";"";"";"";"";"";"";"";"";"";"";"";"";"";"";"";"";"";"";"";"";"";"";""
09.12.2022 10:22:55;1670577775000;880f01e687e2572cea04e80fc6a68085;914619;OK;1802;0;1;0;0;-0,14;-150,42;0;0;623;691;"";160,731;24,11;513,133;65,39;20,895;0,85;1,675;0,24;8,913;1,67;8,083;11,0;9,694;11,0;10,397;11,0;1257,346;132,28;385,588;47,55;28,943;12,8;1,261;10,1;0,471;10,0;0,0;10,0;1,742;21,249;0,54;27,685;3,44;5,166;0,57;2,01;1,56;942,939;1,0;"";"";20,145;2,44;60,073;11,58;"";"";15,139;19,13;76,6;"";"";"";"";"";"";"";"";"";"";"";"";"";"";"";"";"";"";"";"";"";"";"";"";"";"";"";"";"";"";"";"";"";"";"";"";"";"";"";"";"";"";"";"";"";"";"";"";"";"";"";"";"";"";"";"";"";"";"";"";"";"";"";"";""
09.12.2022 10:24:55;1670577895000;880f01e687e2572cea04e80fc6a68085;914738;OK;1796;0;1;0;0;-0,01;-163,33;0;0;610;676;"";166,64;25,0;532,3709;65,97;20,892;0,85;1,675;0,24;8,911;1,67;8,435;11,0;9,941;11,0;10,674;11,0;1330,126;139,39;414,087;50,34;31,113;13,06;1,664;10,11;1,413;10,08;0,0;10,0;1,785;21,26;0,54;27,883;3,44;5,207;0,57;2,12;1,55;942,886;1,0;"";"";20,234;2,43;61,39;11,65;"";"";16,356;18,51;63,5;"";"";"";"";"";"";"";"";"";"";"";"";"";"";"";"";"";"";"";"";"";"";"";"";"";"";"";"";"";"";"";"";"";"";"";"";"";"";"";"";"";"";"";"";"";"";"";"";"";"";"";"";"";"";"";"";"";"";"";"";"";"";"";"";""
09.12.2022 10:26:57;1670578017000;880f01e687e2572cea04e80fc6a68085;914860;OK;1786;2;0;0;0;0,26;125,48;0;0;619;647;"";178,613;26,79;566,368;66,99;20,893;0,85;1,678;0,24;9,056;1,66;8,183;11,0;9,578;11,0;10,547;11,0;1283,971;134,93;404,534;49,36;31,75;13,1;1,531;10,07;0,704;10,01;0,508;10,0;1,968;21,278;0,54;28,013;3,44;5,237;0,57;2,201;1,54;942,815;1,0;"";"";20,354;2,43;62,564;11,71;"";"";13,335;19,85;13,0;"";"";"";"";"";"";"";"";"";"";"";"";"";"";"";"";"";"";"";"";"";"";"";"";"";"";"";"";"";"";"";"";"";"";"";"";"";"";"";"";"";"";"";"";"";"";"";"";"";"";"";"";"";"";"";"";"";"";"";"";"";"";"";"";""
09.12.2022 10:28:56;1670578136000;880f01e687e2572cea04e80fc6a68085;914980;OK;1799;4;0;0;0;0,36;238,67;0;0;597;621;"";185,552;27,83;599,261;67,98;20,885;0,85;1,684;0,24;9,238;1,66;8,742;11,0;9,96;11,0;10,808;11,0;1288,246;135,3;404,01;49,25;35,607;13,56;1,437;10,02;1,249;10,0;0,054;10,0;1,862;21,29;0,54;28,284;3,43;5,291;0,57;2,346;1,52;942,796;1,0;"";"";20,669;2,41;65,816;11,88;"";"";27,249;14,75;74,7;"";"";"";"";"";"";"";"";"";"";"";"";"";"";"";"";"";"";"";"";"";"";"";"";"";"";"";"";"";"";"";"";"";"";"";"";"";"";"";"";"";"";"";"";"";"";"";"";"";"";"";"";"";"";"";"";"";"";"";"";"";"";"";"";""
09.12.2022 10:30:57;1670578257000;880f01e687e2572cea04e80fc6a68085;915101;OK;1810;2;0;0;0;-0,32;109,95;0;0;609;646;"";146,225;21,93;557,56;66,73;20,894;0,85;1,683;0,24;8,541;1,69;8,43;11,0;10,19;11,0;11,649;11,0;1327,0;139,06;418,654;50,74;36,082;13,52;2,616;10,19;2,338;10,16;0,006;10,0;2,289;21,28;0,54;27,094;3,46;5,065;0,58;1,733;1,61;942,803;1,0;"";"";19,849;2,45;59,697;11,56;"";"";27,934;14,95;79,1;"";"";"";"";"";"";"";"";"";"";"";"";"";"";"";"";"";"";"";"";"";"";"";"";"";"";"";"";"";"";"";"";"";"";"";"";"";"";"";"";"";"";"";"";"";"";"";"";"";"";"";"";"";"";"";"";"";"";"";"";"";"";"";"";""
09.12.2022 10:32:56;1670578376000;880f01e687e2572cea04e80fc6a68085;915220;OK;1797;0;1;0;0;-1,07;-210,2;0;0;582;696;"";100,541;15,08;496,742;64,9;20,9;0,85;1,671;0,24;7,39;1,74;9,107;11,0;10,675;11,0;11,484;11,0;1318,86;138,3;413,517;50,25;39,051;13,89;0,874;10,02;0,8450001;10,02;0,247;10,0;1,796;21,226;0,54;26,249;3,48;4,892;0,58;1,245;1,67;942,83;1,0;"";"";18,333;2,53;45,477;10,82;"";"";21,594;17,05;78,7;"";"";"";"";"";"";"";"";"";"";"";"";"";"";"";"";"";"";"";"";"";"";"";"";"";"";"";"";"";"";"";"";"";"";"";"";"";"";"";"";"";"";"";"";"";"";"";"";"";"";"";"";"";"";"";"";"";"";"";"";"";"";"";"";""
09.12.2022 10:34:57;1670578497000;880f01e687e2572cea04e80fc6a68085;915341;OK;1806;0;1;0;0;-1,29;-358,42;0;0;595;712;"";84,75101;12,71;480,479;64,41;20,894;0,85;1,657;0,23;6,295;1,8;8,789;11,0;10,473;11,0;12,446;11,03;1377,17;143,92;435,595;52,38;42,145;14,13;3,119;10,22;1,876;10,2;0,293;10,04;2,55;21,133;0,54;26,063;3,48;4,831;0,58;1,068;1,68;942,851;1,0;"";"";17,044;2,59;28,5;9,94;"";"";17,174;18,62;79,8;"";"";"";"";"";"";"";"";"";"";"";"";"";"";"";"";"";"";"";"";"";"";"";"";"";"";"";"";"";"";"";"";"";"";"";"";"";"";"";"";"";"";"";"";"";"";"";"";"";"";"";"";"";"";"";"";"";"";"";"";"";"";"";"";""
09.12.2022 10:36:58;1670578618000;880f01e687e2572cea04e80fc6a68085;915461;OK;1793;0;1;0;0;-0,56;-215,68;0;0;578;715;"";91,88601;13,78;483,507;64,51;20,891;0,85;1,648;0,23;5,862;1,82;9,219;11,0;11,214;11,0;12,788;11,0;1348,956;141,24;425,007;51,43;46,853;14,62;3,064;10,29;1,861;10,16;0,445;10,0;2,27;21,054;0,54;26,265;3,48;4,846;0,58;1,107;1,66;942,8309;1,0;"";"";16,38;2,62;23,445;9,68;"";"";13,431;19,86;13,0;"";"";"";"";"";"";"";"";"";"";"";"";"";"";"";"";"";"";"";"";"";"";"";"";"";"";"";"";"";"";"";"";"";"";"";"";"";"";"";"";"";"";"";"";"";"";"";"";"";"";"";"";"";"";"";"";"";"";"";"";"";"";"";"";""
09.12.2022 10:38:58;1670578738000;880f01e687e2572cea04e80fc6a68085;915581;OK;1788;0;0;0;0;-0,01;-18,39;0;0;634;721;"";99,319;14,9;480,938;64,43;20,893;0,85;1,641;0,23;6,18;1,8;7,827;11,0;10,243;11,0;11,279;11,0;1259,272;132,52;397,08;48,59;47,271;14,6;2,377;10,18;1,62;10,1;0,758;10,0;2,127;21,011;0,54;26,418;3,48;4,862;0,57;1,152;1,65;942,817;1,0;"";"";16,518;2,61;26,227;9,82;"";"";13,044;19,99;13,0;"";"";"";"";"";"";"";"";"";"";"";"";"";"";"";"";"";"";"";"";"";"";"";"";"";"";"";"";"";"";"";"";"";"";"";"";"";"";"";"";"";"";"";"";"";"";"";"";"";"";"";"";"";"";"";"";"";"";"";"";"";"";"";"";""
09.12.2022 10:40:58;1670578858000;880f01e687e2572cea04e80fc6a68085;915702;OK;1802;0;0;0;0;0,11;-1,19;0;0;600;724;"";106,288;15,94;476,814;64,3;20,895;0,85;1,637;0,23;6,884;1,77;8,665;11,0;10,301;11,0;11,169;11,0;1325,008;138,88;413,662;50,27;38,483;13,81;1,204;10,02;1,043;10,01;0,089;10,0;1,889;20,983;0,54;26,465;3,47;4,863;0,57;1,153;1,65;942,84;1,0;"";"";16,943;2,59;31,487;10,09;"";"";13,005;20,0;13,0;"";"";"";"";"";"";"";"";"";"";"";"";"";"";"";"";"";"";"";"";"";"";"";"";"";"";"";"";"";"";"";"";"";"";"";"";"";"";"";"";"";"";"";"";"";"";"";"";"";"";"";"";"";"";"";"";"";"";"";"";"";"";"";"";""
09.12.2022 10:42:59;1670578979000;880f01e687e2572cea04e80fc6a68085;915823;OK;1797;0;1;0;0;0,07;-33,51;0;0;598;726;"";112,306;16,85;472,378;64,17;20,898;0,85;1,633;0,23;7,884;1,72;8,707;11,0;10,267;11,0;11,365;11,01;1317,653;138,16;414,925;50,33;40,061;14,03;2,515;10,23;1,002;10,07;0,509;10,0;1,993;20,973;0,54;26,551;3,47;4,876;0,57;1,189;1,64;942,83;1,0;"";"";17,47;2,57;37,385;10,4;"";"";13,0;20,0;13,0;"";"";"";"";"";"";"";"";"";"";"";"";"";"";"";"";"";"";"";"";"";"";"";"";"";"";"";"";"";"";"";"";"";"";"";"";"";"";"";"";"";"";"";"";"";"";"";"";"";"";"";"";"";"";"";"";"";"";"";"";"";"";"";"";""
09.12.2022 10:45:00;1670579100000;880f01e687e2572cea04e80fc6a68085;915943;OK;1803;0;1;0;0;0,07;-32,14;0;0;604;727;"";117,358;17,6;470,204;64,11;20,899;0,85;1,631;0,23;8,863;1,67;8,553;11,0;9,949;11,0;10,701;11,0;1293,243;135,76;408,8;49,76;36,813;13,71;1,372;10,02;1,076;10,01;0,815;10,0;1,796;20,973;0,54;26,64;3,47;4,893;0,57;1,236;1,64;942,77;1,0;"";"";18,151;2,53;42,665;10,67;"";"";13,0;20,0;13,0;"";"";"";"";"";"";"";"";"";"";"";"";"";"";"";"";"";"";"";"";"";"";"";"";"";"";"";"";"";"";"";"";"";"";"";"";"";"";"";"";"";"";"";"";"";"";"";"";"";"";"";"";"";"";"";"";"";"";"";"";"";"";"";"";""
09.12.2022 10:47:01;1670579221000;880f01e687e2572cea04e80fc6a68085;916065;OK;1799;0;0;0;0;0,11;-4,08;0;0;619;727;"";124,85;18,73;474,5;64,24;20,902;0,85;1,63;0,23;9,777;1,63;8,18;11,0;9,847;11,0;10,803;11,0;1307,918;137,22;405,293;49,44;35,154;13,45;2,322;10,19;1,308;10,08;0,084;10,0;1,961;20,98;0,54;26,686;3,47;4,903;0,57;1,266;1,63;942,667;1,0;"";"";18,759;2,5;47,389;10,92;"";"";13,0;20,0;13,0;"";"";"";"";"";"";"";"";"";"";"";"";"";"";"";"";"";"";"";"";"";"";"";"";"";"";"";"";"";"";"";"";"";"";"";"";"";"";"";"";"";"";"";"";"";"";"";"";"";"";"";"";"";"";"";"";"";"";"";"";"";"";"";"";""
09.12.2022 10:49:02;1670579342000;880f01e687e2572cea04e80fc6a68085;916185;OK;1804;0;0;0;0;0,09;1,36;0;0;623;727;"";122,957;18,44;469,845;64,1;20,901;0,85;1,63;0,23;10,382;1,6;8,094;11,0;10,416;11,0;11,568;11,0;1224,867;129,14;375,306;46,57;48,783;14,83;2,218;10,07;1,195;10,01;0,846;10,0;2,2;20,99;0,54;26,688;3,47;4,906;0,57;1,275;1,63;942,5859;1,0;"";"";19,247;2,48;51,02;11,1;"";"";13,0;20,0;13,0;"";"";"";"";"";"";"";"";"";"";"";"";"";"";"";"";"";"";"";"";"";"";"";"";"";"";"";"";"";"";"";"";"";"";"";"";"";"";"";"";"";"";"";"";"";"";"";"";"";"";"";"";"";"";"";"";"";"";"";"";"";"";"";"";""
09.12.2022 10:51:02;1670579462000;880f01e687e2572cea04e80fc6a68085;916305;OK;1802;0;0;0;0;0,05;-17,26;0;0;621;727;"";126,195;18,93;466,55;64,0;20,898;0,85;1,628;0,23;10,797;1,58;8,127;11,0;10,429;11,0;11,688;11,0;1315,402;137,92;406,67;49,54;42,107;14,17;3,183;10,29;0,901;10,02;0,71;10,0;2,269;20,996;0,54;26,701;3,47;4,91;0,57;1,288;1,63;942,55;1,0;"";"";19,66;2,46;53,644;11,24;"";"";13,0;20,0;13,0;"";"";"";"";"";"";"";"";"";"";"";"";"";"";"";"";"";"";"";"";"";"";"";"";"";"";"";"";"";"";"";"";"";"";"";"";"";"";"";"";"";"";"";"";"";"";"";"";"";"";"";"";"";"";"";"";"";"";"";"";"";"";"";"";""
09.12.2022 10:53:03;1670579583000;880f01e687e2572cea04e80fc6a68085;916426;OK;1815;0;0;0;0;0,04;-16,9;0;0;625;727;"";129,846;19,48;469,298;64,08;20,897;0,85;1,629;0,23;11,066;1,57;8,056;11,0;9,735;11,0;9,883;11,0;1321,918;138,63;417,097;50,58;42,909;14,22;0,752;10,03;0,093;10,0;0,073;10,0;1,371;21,005;0,54;26,708;3,47;4,914;0,57;1,299;1,63;942,548;1,0;"";"";20,083;2,44;56,098;11,37;"";"";13,0;20,0;13,0;"";"";"";"";"";"";"";"";"";"";"";"";"";"";"";"";"";"";"";"";"";"";"";"";"";"";"";"";"";"";"";"";"";"";"";"";"";"";"";"";"";"";"";"";"";"";"";"";"";"";"";"";"";"";"";"";"";"";"";"";"";"";"";"";""
09.12.2022 10:55:03;1670579703000;880f01e687e2572cea04e80fc6a68085;916547;OK;1793;0;0;0;0;0,02;-13,9;0;0;605;727;"";128,167;19,23;463,182;63,9;20,901;0,85;1,629;0,23;11,072;1,57;8,551;11,0;10,179;11,0;12,223;11,02;1356,051;141,89;423,715;51,18;41,966;14,13;3,639;10,29;2,737;10,22;0,451;10,0;2,585;21,013;0,54;26,679;3,47;4,911;0,57;1,29;1,63;942,541;1,0;"";"";20,171;2,44;57,36;11,43;"";"";13,0;20,0;13,0;"";"";"";"";"";"";"";"";"";"";"";"";"";"";"";"";"";"";"";"";"";"";"";"";"";"";"";"";"";"";"";"";"";"";"";"";"";"";"";"";"";"";"";"";"";"";"";"";"";"";"";"";"";"";"";"";"";"";"";"";"";"";"";"";""
09.12.2022 10:57:04;1670579824000;880f01e687e2572cea04e80fc6a68085;916668;OK;1793;0;0;0;0;-0,0;-12,84;0;0;642;726;"";128,542;19,28;462,575;63,88;20,9;0,85;1,629;0,23;10,992;1,57;7,625;11,0;8,79;11,0;9,172;11,0;1263,757;132,98;393,295;48,24;30,79;13,0;0,608;10,03;0,34;10,02;0,047;10,0;1,458;21,023;0,54;26,66;3,47;4,91;0,57;1,289;1,63;942,5;1,0;"";"";20,278;2,43;57,881;11,46;"";"";13,0;20,0;13,0;"";"";"";"";"";"";"";"";"";"";"";"";"";"";"";"";"";"";"";"";"";"";"";"";"";"";"";"";"";"";"";"";"";"";"";"";"";"";"";"";"";"";"";"";"";"";"";"";"";"";"";"";"";"";"";"";"";"";"";"";"";"";"";"";""
09.12.2022 10:59:04;1670579944000;880f01e687e2572cea04e80fc6a68085;916788;OK;1805;0;0;0;0;-0,02;-19,41;0;0;622;727;"";130,066;19,51;463,0;63,89;20,902;0,85;1,629;0,23;10,761;1,58;8,107;11,0;10,1;11,0;10,87;11,0;1359,91;142,3;423,374;51,2;44,152;14,28;2,017;10,13;1,221;10,05;0,005;10,0;1,869;21,026;0,54;26,665;3,47;4,912;0,57;1,295;1,63;942,45;1,0;"";"";20,546;2,42;57,902;11,46;"";"";13,0;20,0;13,0;"";"";"";"";"";"";"";"";"";"";"";"";"";"";"";"";"";"";"";"";"";"";"";"";"";"";"";"";"";"";"";"";"";"";"";"";"";"";"";"";"";"";"";"";"";"";"";"";"";"";"";"";"";"";"";"";"";"";"";"";"";"";"";"";""
09.12.2022 11:01:05;1670580065000;880f01e687e2572cea04e80fc6a68085;916909;OK;1785;0;0;0;0;0,04;5,37;0;0;631;727;"";130,884;19,63;465,31;63,96;20,902;0,85;1,628;0,23;10,637;1,59;7,898;10,98;9,727;11,0;10,704;11,0;1239,58;130,59;393,765;48,41;40,286;13,9;2,177;10,21;1,044;10,0;0,0;10,0;2,066;21,032;0,54;26,773;3,47;4,934;0,57;1,356;1,63;942,3779;1,0;"";"";20,687;2,41;58,637;11,5;"";"";15,355;19,23;74,6;"";"";"";"";"";"";"";"";"";"";"";"";"";"";"";"";"";"";"";"";"";"";"";"";"";"";"";"";"";"";"";"";"";"";"";"";"";"";"";"";"";"";"";"";"";"";"";"";"";"";"";"";"";"";"";"";"";"";"";"";"";"";"";"";""
09.12.2022 11:03:06;1670580186000;880f01e687e2572cea04e80fc6a68085;917029;OK;1801;0;0;0;0;0,39;20,92;0;0;629;732;"";129,678;19,45;469,53;64,09;20,898;0,85;1,629;0,23;10,753;1,58;7,945;11,0;9,34;11,0;10,011;11,0;1266,058;133,14;395,179;48,56;34,34;13,4;1,212;10,03;0,561;10,0;0,0;10,0;1,767;21,041;0,54;27,416;3,45;5,055;0,57;1,695;1,58;942,306;1,0;"";"";21,137;2,39;62,239;11,68;"";"";13,243;19,92;13,0;"";"";"";"";"";"";"";"";"";"";"";"";"";"";"";"";"";"";"";"";"";"";"";"";"";"";"";"";"";"";"";"";"";"";"";"";"";"";"";"";"";"";"";"";"";"";"";"";"";"";"";"";"";"";"";"";"";"";"";"";"";"";"";"";""
09.12.2022 11:05:06;1670580306000;880f01e687e2572cea04e80fc6a68085;917150;OK;1789;1;0;0;0;0,65;25,9;0;0;630;734;"";132,469;19,87;470,448;64,11;20,899;0,85;1,629;0,23;10,938;1,57;7,916;11,0;8,993;11,0;11,244;11,0;1216,882;128,36;377,19;46,64;36,183;13,62;3,337;10,32;2,86;10,29;0,0;10,0;2,82;21,063;0,54;27,734;3,44;5,12;0,57;1,876;1,56;942,264;1,0;"";"";21,78;2,36;66,019;11,88;"";"";13,025;19,99;13,0;"";"";"";"";"";"";"";"";"";"";"";"";"";"";"";"";"";"";"";"";"";"";"";"";"";"";"";"";"";"";"";"";"";"";"";"";"";"";"";"";"";"";"";"";"";"";"";"";"";"";"";"";"";"";"";"";"";"";"";"";"";"";"";"";""
09.12.2022 11:07:06;1670580426000;880f01e687e2572cea04e80fc6a68085;917270;OK;1801;0;0;0;0;0,53;14,11;0;0;615;733;"";134,613;20,19;471,674;64,15;20,9;0,85;1,63;0,23;10,895;1,57;8,283;11,0;9,947;11,0;11,021;11,0;1264,001;132,95;392,474;48,16;43,107;14,23;1,715;10,06;1,555;10,03;0,8059999;10,0;2,083;21,087;0,54;27,687;3,45;5,118;0,57;1,872;1,56;942,25;1,0;"";"";22,147;2,34;67,913;11,98;"";"";13,309;20,0;60,8;"";"";"";"";"";"";"";"";"";"";"";"";"";"";"";"";"";"";"";"";"";"";"";"";"";"";"";"";"";"";"";"";"";"";"";"";"";"";"";"";"";"";"";"";"";"";"";"";"";"";"";"";"";"";"";"";"";"";"";"";"";"";"";"";""
09.12.2022 11:09:08;1670580548000;880f01e687e2572cea04e80fc6a68085;917392;OK;1787;0;0;0;0;0,11;-0,01;0;0;631;732;"";135,624;20,34;470,747;64,12;20,9;0,85;1,629;0,23;10,753;1,58;7,875;11,0;9,446;11,0;10,584;11,0;1234,122;130,04;381,663;47,01;40,759;14,07;2,144;10,18;0,974;10,0;0,362;10,0;2,14;21,107;0,54;27,595;3,45;5,107;0,57;1,843;1,57;942,248;1,0;"";"";22,278;2,33;68,24;11,99;"";"";13,031;20,0;13,0;"";"";"";"";"";"";"";"";"";"";"";"";"";"";"";"";"";"";"";"";"";"";"";"";"";"";"";"";"";"";"";"";"";"";"";"";"";"";"";"";"";"";"";"";"";"";"";"";"";"";"";"";"";"";"";"";"";"";"";"";"";"";"";"";""
09.12.2022 11:11:09;1670580669000;880f01e687e2572cea04e80fc6a68085;917512;OK;1803;0;0;0;0;-0,05;4,78;0;0;583;731;"";136,098;20,41;473,001;64,19;20,902;0,85;1,631;0,23;10,482;1,59;9,112;11,0;11,255;11,0;12,087;11,0;1372,328;143,52;426,494;51,5;49,266;14,81;1,643;10,07;0,981;10,0;0,037;10,0;1,874;21,132;0,54;27,551;3,45;5,107;0,57;1,842;1,57;942,252;1,0;"";"";22,036;2,34;68,444;12,0;"";"";13,003;20,0;13,0;"";"";"";"";"";"";"";"";"";"";"";"";"";"";"";"";"";"";"";"";"";"";"";"";"";"";"";"";"";"";"";"";"";"";"";"";"";"";"";"";"";"";"";"";"";"";"";"";"";"";"";"";"";"";"";"";"";"";"";"";"";"";"";"";""
09.12.2022 11:13:09;1670580789000;880f01e687e2572cea04e80fc6a68085;917633;OK;1799;0;0;0;0;-0,02;15,42;0;0;622;731;"";137,862;20,68;475,688;64,27;20,903;0,85;1,632;0,23;10,249;1,61;8,099;11,0;9,955;11,0;11,214;11,0;1273,778;133,93;393,298;48,28;43,973;14,32;2,393;10,2;1,847;10,15;0,004;10,0;2,226;21,155;0,54;27,537;3,45;5,111;0,57;1,855;1,57;942,218;1,0;"";"";21,857;2,35;68,889;12,03;"";"";13,0;20,0;13,0;"";"";"";"";"";"";"";"";"";"";"";"";"";"";"";"";"";"";"";"";"";"";"";"";"";"";"";"";"";"";"";"";"";"";"";"";"";"";"";"";"";"";"";"";"";"";"";"";"";"";"";"";"";"";"";"";"";"";"";"";"";"";"";"";""
09.12.2022 11:15:09;1670580909000;880f01e687e2572cea04e80fc6a68085;917752;OK;1797;0;0;0;0;0,02;19,2;0;0;614;730;"";139,604;20,94;476,727;64,3;20,906;0,85;1,632;0,23;9,869;1,62;8,319;11,0;11,068;11,0;12,217;11,06;1319,924;138,42;411,171;50,06;49,391;14,87;4,167;10,26;1,939;10,11;0,163;10,0;2,144;21,176;0,54;27,492;3,45;5,109;0,57;1,851;1,58;942,176;1,0;"";"";21,731;2,36;68,866;12,02;"";"";13,0;20,0;13,0;"";"";"";"";"";"";"";"";"";"";"";"";"";"";"";"";"";"";"";"";"";"";"";"";"";"";"";"";"";"";"";"";"";"";"";"";"";"";"";"";"";"";"";"";"";"";"";"";"";"";"";"";"";"";"";"";"";"";"";"";"";"";"";"";""
09.12.2022 11:17:11;1670581031000;880f01e687e2572cea04e80fc6a68085;917874;OK;1805;0;0;0;0;0,03;20,23;0;0;633;728;"";141,916;21,29;480,522;64,42;20,902;0,85;1,634;0,23;9,69;1,63;7,839;11,0;9,332;11,0;9,867;11,01;1268,966;133,54;394,628;48,45;31,323;13,05;0,907;10,05;0,607;10,03;0,271;10,0;1,627;21,192;0,54;27,524;3,45;5,119;0,57;1,88;1,57;942,1659;1,0;"";"";21,552;2,37;69,58;12,06;"";"";13,694;19,63;46,2;"";"";"";"";"";"";"";"";"";"";"";"";"";"";"";"";"";"";"";"";"";"";"";"";"";"";"";"";"";"";"";"";"";"";"";"";"";"";"";"";"";"";"";"";"";"";"";"";"";"";"";"";"";"";"";"";"";"";"";"";"";"";"";"";""
09.12.2022 11:19:11;1670581151000;880f01e687e2572cea04e80fc6a68085;917995;OK;1787;1;0;0;0;0,08;25,0;0;0;617;724;"";143,076;21,46;485,681;64,57;20,899;0,85;1,634;0,23;9,487;1,64;8,24;11,0;9,876;11,0;10,672;11,0;1301,099;136,58;405,424;49,47;42,295;14,23;1,604;10,03;0,541;10,0;0,028;10,0;1,848;21,216;0,54;27,609;3,45;5,142;0,57;1,944;1,57;942,168;1,0;"";"";21,475;2,37;69,861;12,08;"";"";13,072;19,96;13,0;"";"";"";"";"";"";"";"";"";"";"";"";"";"";"";"";"";"";"";"";"";"";"";"";"";"";"";"";"";"";"";"";"";"";"";"";"";"";"";"";"";"";"";"";"";"";"";"";"";"";"";"";"";"";"";"";"";"";"";"";"";"";"";"";""
09.12.2022 11:21:10;1670581270000;880f01e687e2572cea04e80fc6a68085;918113;OK;1804;1;0;0;0;0,05;34,5;0;0;618;718;"";143,801;21,57;490,159;64,7;20,9;0,85;1,636;0,23;9,179;1,66;8,205;11,0;10,019;11,0;10,248;11,0;1255,386;132,12;396,694;48,56;39,909;13,97;0,548;10,0;0,058;10,0;0,003;10,0;1,445;21,228;0,54;27,5;3,45;5,125;0,57;1,898;1,58;942,163;1,0;"";"";21,177;2,39;69,04901;12,03;"";"";13,008;20,0;13,0;"";"";"";"";"";"";"";"";"";"";"";"";"";"";"";"";"";"";"";"";"";"";"";"";"";"";"";"";"";"";"";"";"";"";"";"";"";"";"";"";"";"";"";"";"";"";"";"";"";"";"";"";"";"";"";"";"";"";"";"";"";"";"";"";""
09.12.2022 11:23:11;1670581391000;880f01e687e2572cea04e80fc6a68085;918234;OK;1796;1;0;0;0;0,01;29,05;0;0;631;718;"";144,711;21,71;490,396;64,71;20,904;0,85;1,635;0,23;8,926;1,67;7,883;11,0;9,396;11,0;9,907;11,0;1226,334;129,32;378,756;46,85;32,93;13,12;0,804;10,03;0,643;10,0;0,0;10,0;1,67;21,244;0,54;27,5;3,45;5,131;0,57;1,913;1,58;942,17;1,0;"";"";20,827;2,4;68,44;12,0;"";"";13,001;20,0;13,0;"";"";"";"";"";"";"";"";"";"";"";"";"";"";"";"";"";"";"";"";"";"";"";"";"";"";"";"";"";"";"";"";"";"";"";"";"";"";"";"";"";"";"";"";"";"";"";"";"";"";"";"";"";"";"";"";"";"";"";"";"";"";"";"";""
09.12.2022 11:25:11;1670581511000;880f01e687e2572cea04e80fc6a68085;918355;OK;1795;0;0;0;0;-0,04;18,82;0;0;601;715;"";145,563;21,83;492,904;64,79;20,902;0,85;1,636;0,23;8,746;1,68;8,642;11,0;10,102;11,0;10,661;11,0;1324,627;138,83;413,699;50,18;34,703;13,39;2,008;10,21;0,929;10,0;0,0;10,0;1,638;21,253;0,54;27,445;3,45;5,123;0,57;1,892;1,58;942,192;1,0;"";"";20,621;2,41;67,644;11,96;"";"";13,0;20,0;13,0;"";"";"";"";"";"";"";"";"";"";"";"";"";"";"";"";"";"";"";"";"";"";"";"";"";"";"";"";"";"";"";"";"";"";"";"";"";"";"";"";"";"";"";"";"";"";"";"";"";"";"";"";"";"";"";"";"";"";"";"";"";"";"";"";""
09.12.2022 11:27:11;1670581631000;880f01e687e2572cea04e80fc6a68085;918475;OK;1797;1;0;0;0;0,03;26,13;0;0;602;709;"";146,854;22,03;499,452;64,98001;20,903;0,85;1,637;0,23;8,497;1,69;8,605;11,0;10,376;11,0;13,583;11,15;1284,44;134,9;402,499;49,18;44,201;14,34;6,174;10,68;4,794;10,56;0,0;10,0;3,21;21,262;0,54;27,512;3,45;5,138;0,57;1,934;1,58;942,1929;1,0;"";"";20,591;2,41;67,476;11,96;"";"";13,0;20,0;13,0;"";"";"";"";"";"";"";"";"";"";"";"";"";"";"";"";"";"";"";"";"";"";"";"";"";"";"";"";"";"";"";"";"";"";"";"";"";"";"";"";"";"";"";"";"";"";"";"";"";"";"";"";"";"";"";"";"";"";"";"";"";"";"";"";""
09.12.2022 11:29:11;1670581751000;880f01e687e2572cea04e80fc6a68085;918595;OK;1801;1;0;0;0;0,05;27,94;0;0;606;710;"";147,632;22,14;498,016;64,94;20,904;0,85;1,638;0,23;8,257;1,7;8,508;11,0;9,86;11,0;10,338;11,02;1313,307;137,81;403,167;49,23;36,747;13,59;1,334;10,07;0,495;10,06;0,0;10,0;1,523;21,278;0,54;27,505;3,45;5,141;0,58;1,944;1,58;942,184;1,0;"";"";20,477;2,42;67,703;11,97;"";"";13,0;20,0;13,0;"";"";"";"";"";"";"";"";"";"";"";"";"";"";"";"";"";"";"";"";"";"";"";"";"";"";"";"";"";"";"";"";"";"";"";"";"";"";"";"";"";"";"";"";"";"";"";"";"";"";"";"";"";"";"";"";"";"";"";"";"";"";"";"";""
09.12.2022 11:31:12;1670581872000;880f01e687e2572cea04e80fc6a68085;918716;OK;1801;0;0;0;0;0,06;14,55;0;0;612;708;"";148,977;22,35;499,597;64,99;20,904;0,85;1,639;0,23;8,145;1,71;8,373;11,0;10,309;11,0;13,26;11,06;1354,643;141,78;415,897;50,44;48,474;14,73;3,965;10,3;3,331;10,27;1,656;10,03;3,086;21,287;0,54;27,51;3,45;5,145;0,58;1,954;1,58;942,1729;1,0;"";"";20,31;2,43;67,661;11,97;"";"";13,0;20,0;13,0;"";"";"";"";"";"";"";"";"";"";"";"";"";"";"";"";"";"";"";"";"";"";"";"";"";"";"";"";"";"";"";"";"";"";"";"";"";"";"";"";"";"";"";"";"";"";"";"";"";"";"";"";"";"";"";"";"";"";"";"";"";"";"";"";""
09.12.2022 11:33:13;1670581993000;880f01e687e2572cea04e80fc6a68085;918837;OK;1789;1;0;0;0;0,12;32,92;0;0;580;699;"";151,728;22,76;511,746;65,35;20,906;0,85;1,64;0,23;8,126;1,71;9,199;11,0;10,937;11,0;11,771;11,01;1417,359;147,86;443,362;53,09;41,803;14,14;1,218;10,05;0,863;10,03;0,216;10,0;1,765;21,301;0,54;27,72;3,44;5,188;0,57;2,073;1,56;942,158;1,0;"";"";20,383;2,42;68,568;12,02;"";"";13,0;20,0;13,0;"";"";"";"";"";"";"";"";"";"";"";"";"";"";"";"";"";"";"";"";"";"";"";"";"";"";"";"";"";"";"";"";"";"";"";"";"";"";"";"";"";"";"";"";"";"";"";"";"";"";"";"";"";"";"";"";"";"";"";"";"";"";"";"";""
09.12.2022 11:35:13;1670582113000;880f01e687e2572cea04e80fc6a68085;918957;OK;1795;0;0;0;0;0,15;21,39;0;0;615;705;"";151,235;22,69;503,742;65,11;20,903;0,85;1,64;0,23;7,999;1,71;8,281;11,0;9,937;11,0;10,424;11,0;1345,98;140,92;422,688;51,12;41,074;14,04;0,633;10,01;0,597;10,0;0,022;10,0;1,641;21,328;0,54;27,707;3,44;5,194;0,58;2,09;1,56;942,15;1,0;"";"";20,29;2,43;69,52;12,07;"";"";13,0;20,0;13,0;"";"";"";"";"";"";"";"";"";"";"";"";"";"";"";"";"";"";"";"";"";"";"";"";"";"";"";"";"";"";"";"";"";"";"";"";"";"";"";"";"";"";"";"";"";"";"";"";"";"";"";"";"";"";"";"";"";"";"";"";"";"";"";"";""
09.12.2022 11:37:14;1670582234000;880f01e687e2572cea04e80fc6a68085;919077;OK;1791;0;0;0;0;0,08;13,45;0;0;642;700;"";152,211;22,83;508,555;65,26;20,9;0,85;1,641;0,23;7,71;1,73;7,624;11,0;8,632;11,0;8,773;11,0;1303,517;136,88;401,767;49,15;30,882;13,07;0,224;10,0;0,22;10,0;0,002;10,0;1,277;21,337;0,54;27,621;3,44;5,181;0,58;2,054;1,57;942,142;1,0;"";"";20,303;2,43;69,714;12,08;"";"";13,0;20,0;13,0;"";"";"";"";"";"";"";"";"";"";"";"";"";"";"";"";"";"";"";"";"";"";"";"";"";"";"";"";"";"";"";"";"";"";"";"";"";"";"";"";"";"";"";"";"";"";"";"";"";"";"";"";"";"";"";"";"";"";"";"";"";"";"";"";""
09.12.2022 11:39:15;1670582355000;880f01e687e2572cea04e80fc6a68085;919198;OK;1800;0;0;0;0;0,02;-1,7;0;0;640;699;"";152,505;22,88;510,206;65,31;20,901;0,85;1,641;0,23;7,484;1,74;7,671;11,0;8,573;11,0;9,964;11,02;1222,448;128,97;374,903;46,44;30,492;12,99;1,819;10,2;1,552;10,12;0,274;10,01;2,116;21,34;0,54;27,733;3,44;5,203;0,58;2,113;1,56;942,139;1,0;"";"";20,202;2,43;69,689;12,08;"";"";13,0;20,0;13,0;"";"";"";"";"";"";"";"";"";"";"";"";"";"";"";"";"";"";"";"";"";"";"";"";"";"";"";"";"";"";"";"";"";"";"";"";"";"";"";"";"";"";"";"";"";"";"";"";"";"";"";"";"";"";"";"";"";"";"";"";"";"";"";"";""
09.12.2022 11:41:15;1670582475000;880f01e687e2572cea04e80fc6a68085;919319;OK;1795;1;0;0;0;0,05;39,51;0;0;620;693;"";154,095;23,11;517,006;65,51;20,902;0,85;1,641;0,23;7,384;1,74;8,169;11,0;10,812;11,0;11,956;11,0;1343,065;140,72;415,218;50,34;45,953;14,53;3,939;10,35;1,442;10,04;0,167;10,0;2,161;21,344;0,54;27,755;3,44;5,208;0,58;2,128;1,56;942,13;1,0;"";"";20,208;2,43;69,216;12,05;"";"";13,16;20,06;19,1;"";"";"";"";"";"";"";"";"";"";"";"";"";"";"";"";"";"";"";"";"";"";"";"";"";"";"";"";"";"";"";"";"";"";"";"";"";"";"";"";"";"";"";"";"";"";"";"";"";"";"";"";"";"";"";"";"";"";"";"";"";"";"";"";""
09.12.2022 11:43:14;1670582594000;880f01e687e2572cea04e80fc6a68085;919438;OK;1810;1;0;0;0;0,06;26,83;0;0;599;693;"";156,024;23,4;517,2329;65,52;20,903;0,85;1,642;0,23;7,373;1,74;8,688;11,0;10,13;11,0;10,38;11,0;1302,733;136,77;407,857;49,7;34,736;13,45;0,559;10,04;0,292;10,0;0,018;10,0;1,384;21,35;0,54;27,75;3,44;5,209;0,58;2,13;1,56;942,0739;1,0;"";"";20,11;2,44;68,746;12,03;"";"";13,017;20,01;13,0;"";"";"";"";"";"";"";"";"";"";"";"";"";"";"";"";"";"";"";"";"";"";"";"";"";"";"";"";"";"";"";"";"";"";"";"";"";"";"";"";"";"";"";"";"";"";"";"";"";"";"";"";"";"";"";"";"";"";"";"";"";"";"";"";""
09.12.2022 11:45:15;1670582715000;880f01e687e2572cea04e80fc6a68085;919559;OK;1791;0;0;0;0;0,03;11,45;0;0;596;696;"";156,107;23,42;513,445;65,4;20,904;0,85;1,642;0,23;7,36;1,74;8,75;11,0;10,696;11,0;12,631;11,0;1354,279;141,76;423,87;51,25;53,772;15,34;2,851;10,33;2,436;10,23;0,364;10,0;2,568;21,357;0,54;27,772;3,44;5,215;0,58;2,147;1,56;942,0219;1,0;"";"";20,069;2,44;68,678;12,03;"";"";15,275;19,22;66,0;"";"";"";"";"";"";"";"";"";"";"";"";"";"";"";"";"";"";"";"";"";"";"";"";"";"";"";"";"";"";"";"";"";"";"";"";"";"";"";"";"";"";"";"";"";"";"";"";"";"";"";"";"";"";"";"";"";"";"";"";"";"";"";"";""
09.12.2022 11:47:15;1670582835000;880f01e687e2572cea04e80fc6a68085;919679;OK;1787;0;0;0;0;-0,07;-19,91;0;0;603;696;"";155,953;23,39;510,632;65,32;20,904;0,85;1,643;0,23;7,268;1,75;8,57;11,0;10,682;11,0;11,35;11,0;1314,372;137,86;409,565;49,87;40,197;13,95;2,226;10,19;0,802;10,02;0,038;10,0;1,784;21,365;0,54;27,54;3,45;5,174;0,58;2,037;1,57;942,009;1,0;"";"";19,92;2,45;67,404;11,96;"";"";13,235;19,92;13,0;"";"";"";"";"";"";"";"";"";"";"";"";"";"";"";"";"";"";"";"";"";"";"";"";"";"";"";"";"";"";"";"";"";"";"";"";"";"";"";"";"";"";"";"";"";"";"";"";"";"";"";"";"";"";"";"";"";"";"";"";"";"";"";"";""
09.12.2022 11:49:17;1670582957000;880f01e687e2572cea04e80fc6a68085;919800;OK;1812;0;1;0;0;-0,16;-26,6;0;0;600;697;"";152,983;22,95;508,537;65,26;20,904;0,85;1,643;0,23;7,243;1,75;8,647;11,0;10,42;11,0;11,605;11,02;1359,055;142,17;420,258;50,84;40,273;13,94;2,796;10,2;1,363;10,01;0,004;10,0;2,122;21,376;0,54;27,451;3,45;5,16;0,58;2,0;1,58;942,037;1,0;"";"";19,691;2,46;66,346;11,91;"";"";13,024;19,99;13,0;"";"";"";"";"";"";"";"";"";"";"";"";"";"";"";"";"";"";"";"";"";"";"";"";"";"";"";"";"";"";"";"";"";"";"";"";"";"";"";"";"";"";"";"";"";"";"";"";"";"";"";"";"";"";"";"";"";"";"";"";"";"";"";"";""
09.12.2022 11:51:17;1670583077000;880f01e687e2572cea04e80fc6a68085;919920;OK;1792;0;0;0;0;-0,11;-12,74;0;0;569;698;"";154,573;23,19;508,414;65,25;20,904;0,85;1,642;0,23;7,167;1,75;9,482;11,0;11,733;11,0;12,583;11,0;1420,884;148,27;443,403;53,19;47,251;14,68;2,081;10,1;1,079;10,0;0,23;10,0;1,871;21,391;0,54;27,537;3,45;5,181;0,58;2,057;1,57;942,054;1,0;"";"";19,577;2,46;66,548;11,92;"";"";13,002;20,0;13,0;"";"";"";"";"";"";"";"";"";"";"";"";"";"";"";"";"";"";"";"";"";"";"";"";"";"";"";"";"";"";"";"";"";"";"";"";"";"";"";"";"";"";"";"";"";"";"";"";"";"";"";"";"";"";"";"";"";"";"";"";"";"";"";"";""
09.12.2022 11:53:17;1670583197000;880f01e687e2572cea04e80fc6a68085;920040;OK;1798;0;0;0;0;0,17;-2,41;0;0;571;698;"";156,982;23,55;510,547;65,32;20,903;0,85;1,642;0,23;7,443;1,74;9,397;11,0;11,342;11,0;12,839;11,1;1415,104;147,72;440,625;52,83;45,841;14,55;3,332;10,13;1,753;10,06;0,124;10,0;2,183;21,403;0,54;27,815;3,44;5,237;0,58;2,209;1,56;942,031;1,0;"";"";19,761;2,45;67,491;11,97;"";"";13,705;19,8;75,6;"";"";"";"";"";"";"";"";"";"";"";"";"";"";"";"";"";"";"";"";"";"";"";"";"";"";"";"";"";"";"";"";"";"";"";"";"";"";"";"";"";"";"";"";"";"";"";"";"";"";"";"";"";"";"";"";"";"";"";"";"";"";"";"";""
09.12.2022 11:55:19;1670583319000;880f01e687e2572cea04e80fc6a68085;920162;OK;1795;1;0;0;0;0,28;47,2;0;0;634;684;"";163,351;24,5;525,757;65,77;20,899;0,85;1,644;0,23;7,762;1,72;7,816;11,0;10,039;11,0;10,848;11,01;1265,824;133,18;389,306;47,89;41,01;14,07;2,248;10,04;1,544;10,01;0,012;10,0;1,937;21,423;0,54;27,837;3,44;5,247;0,58;2,237;1,55;941,979;1,0;"";"";19,961;2,44;68,684;12,03;"";"";13,07;19,98;13,0;"";"";"";"";"";"";"";"";"";"";"";"";"";"";"";"";"";"";"";"";"";"";"";"";"";"";"";"";"";"";"";"";"";"";"";"";"";"";"";"";"";"";"";"";"";"";"";"";"";"";"";"";"";"";"";"";"";"";"";"";"";"";"";"";""
09.12.2022 11:57:17;1670583437000;880f01e687e2572cea04e80fc6a68085;920281;OK;1804;1;0;0;0;0,17;59,37;0;0;663;682;"";162,551;24,38;526,385;65,79;20,898;0,85;1,646;0,23;7,874;1,72;7,124;11,0;8,805;11,0;9,452;11,0;1187,823;125,61;366,603;45,69;34,886;13,41;1,983;10,04;1,243;10,0;0,001;10,0;1,852;21,436;0,54;27,748;3,44;5,234;0,58;2,203;1,56;941,9069;1,0;"";"";19,815;2,45;69,505;12,08;"";"";13,008;20,0;13,0;"";"";"";"";"";"";"";"";"";"";"";"";"";"";"";"";"";"";"";"";"";"";"";"";"";"";"";"";"";"";"";"";"";"";"";"";"";"";"";"";"";"";"";"";"";"";"";"";"";"";"";"";"";"";"";"";"";"";"";"";"";"";"";"";""
09.12.2022 11:59:20;1670583560000;880f01e687e2572cea04e80fc6a68085;920404;OK;1789;1;0;0;0;-0,04;65,39;0;0;619;673;"";161,453;24,22;535,764;66,07;20,893;0,85;1,647;0,23;8,045;1,71;8,192;11,0;11,231;11,0;13,059;11,22;1330,924;139,48;408,829;49,75;48,025;14,76;6,292;10,57;2,821;10,32;0,0;10,0;2,558;21,446;0,54;27,697;3,44;5,228;0,58;2,186;1,56;941,877;1,0;"";"";19,758;2,45;68,275;12,01;"";"";13,696;19,7;52,7;"";"";"";"";"";"";"";"";"";"";"";"";"";"";"";"";"";"";"";"";"";"";"";"";"";"";"";"";"";"";"";"";"";"";"";"";"";"";"";"";"";"";"";"";"";"";"";"";"";"";"";"";"";"";"";"";"";"";"";"";"";"";"";"";""
09.12.2022 12:01:19;1670583679000;880f01e687e2572cea04e80fc6a68085;920523;OK;1794;1;0;0;0;-0,06;28,16;0;0;649;672;"";163,653;24,55;536,37;66,09;20,897;0,85;1,649;0,23;8,175;1,7;7,464;11,0;9,226;11,0;10,113;11,02;1276,744;134,23;396,241;48,56;34,484;13,4;1,863;10,13;1,315;10,1;0,0;10,0;1,99;21,446;0,54;27,703;3,44;5,229;0,58;2,189;1,56;941,875;1,0;"";"";19,659;2,46;67,793;11,99;"";"";13,074;19,97;13,0;"";"";"";"";"";"";"";"";"";"";"";"";"";"";"";"";"";"";"";"";"";"";"";"";"";"";"";"";"";"";"";"";"";"";"";"";"";"";"";"";"";"";"";"";"";"";"";"";"";"";"";"";"";"";"";"";"";"";"";"";"";"";"";"";""
09.12.2022 12:03:20;1670583800000;880f01e687e2572cea04e80fc6a68085;920644;OK;1792;1;0;0;0;0,1;27,58;0;0;625;673;"";165,905;24,89;538,726;66,16001;20,895;0,85;1,649;0,23;8,228;1,7;8,041;11,0;9,361;11,0;10,305;11,0;1240,788;130,68;386,74;47,71;30,973;13,05;1,176;10,02;1,119;10,02;0,622;10,0;1,973;21,446;0,54;27,987;3,43;5,283;0,58;2,332;1,54;941,8699;1,0;"";"";19,856;2,45;69,082;12,06;"";"";14,034;19,85;72,1;"";"";"";"";"";"";"";"";"";"";"";"";"";"";"";"";"";"";"";"";"";"";"";"";"";"";"";"";"";"";"";"";"";"";"";"";"";"";"";"";"";"";"";"";"";"";"";"";"";"";"";"";"";"";"";"";"";"";"";"";"";"";"";"";""
09.12.2022 12:05:21;1670583921000;880f01e687e2572cea04e80fc6a68085;920764;OK;1793;1;0;0;0;0,34;93,82;0;0;638;652;"";167,906;25,19;565,698;66,97;20,895;0,85;1,65;0,23;8,435;1,69;7,699;11,0;9,573;11,0;10,393;11,0;1213,329;128,12;384,238;47,43;39,737;13,91;1,151;10,07;0,945;10,02;0,06400001;10,0;1,93;21,458;0,54;28,303;3,43;5,346;0,58;2,5;1,52;941,856;1,0;"";"";20,185;2,43;71,08;12,16;"";"";13,107;19,98;13,0;"";"";"";"";"";"";"";"";"";"";"";"";"";"";"";"";"";"";"";"";"";"";"";"";"";"";"";"";"";"";"";"";"";"";"";"";"";"";"";"";"";"";"";"";"";"";"";"";"";"";"";"";"";"";"";"";"";"";"";"";"";"";"";"";""
09.12.2022 12:07:22;1670584042000;880f01e687e2572cea04e80fc6a68085;920885;OK;1804;1;0;0;0;0,39;43,09;0;0;636;670;"";165,845;24,88;544,149;66,32;20,896;0,85;1,65;0,23;8,47;1,69;7,755;11,0;9,665;11,0;10,032;11,0;1246,872;131,33;391,282;48,05;38,383;13,71;1,92;10,19;0,535;10,0;0,007;10,0;1,568;21,482;0,54;28,293;3,43;5,351;0,58;2,516;1,52;941,796;1,0;"";"";20,379;2,42;71,654;12,19;"";"";15,767;19,08;70,1;"";"";"";"";"";"";"";"";"";"";"";"";"";"";"";"";"";"";"";"";"";"";"";"";"";"";"";"";"";"";"";"";"";"";"";"";"";"";"";"";"";"";"";"";"";"";"";"";"";"";"";"";"";"";"";"";"";"";"";"";"";"";"";"";""
09.12.2022 12:09:22;1670584162000;880f01e687e2572cea04e80fc6a68085;921005;OK;1800;0;1;0;0;0,1;-42,04;0;0;623;676;"";163,458;24,52;533,918;66,02;20,895;0,85;1,649;0,23;8,294;1,7;8,076;11,0;9,452;11,0;10,24;11,0;1287,705;135,29;398,078;48,73;41,575;14,13;1,91;10,11;0,475;10,0;0,001;10,0;1,85;21,504;0,54;28,007;3,43;5,304;0,58;2,393;1,54;941,737;1,0;"";"";20,288;2,43;71,108;12,16;"";"";13,295;19,9;13,0;"";"";"";"";"";"";"";"";"";"";"";"";"";"";"";"";"";"";"";"";"";"";"";"";"";"";"";"";"";"";"";"";"";"";"";"";"";"";"";"";"";"";"";"";"";"";"";"";"";"";"";"";"";"";"";"";"";"";"";"";"";"";"";"";""
09.12.2022 12:11:23;1670584283000;880f01e687e2572cea04e80fc6a68085;921127;OK;1786;0;1;0;0;-0,23;-112,98;0;0;637;678;"";161,803;24,27;529,766;65,89;20,898;0,85;1,65;0,23;8,09;1,71;7,74;11,0;9,368;11,0;11,203;11,0;1265,586;133,19;390,364;47,98;45,563;14,43;3,391;10,3;2,209;10,13;0,0;10,0;2,567;21,522;0,54;27,84;3,44;5,278;0,58;2,324;1,55;941,6929;1,0;"";"";19,86;2,45;69,611;12,09;"";"";13,029;19,99;13,0;"";"";"";"";"";"";"";"";"";"";"";"";"";"";"";"";"";"";"";"";"";"";"";"";"";"";"";"";"";"";"";"";"";"";"";"";"";"";"";"";"";"";"";"";"";"";"";"";"";"";"";"";"";"";"";"";"";"";"";"";"";"";"";"";""
09.12.2022 12:13:24;1670584404000;880f01e687e2572cea04e80fc6a68085;921247;OK;1800;0;0;0;0;-0,13;-19,12;0;0;619;672;"";161,051;24,16;537,047;66,11;20,9;0,85;1,65;0,23;7,952;1,71;8,192;11,0;9,946;11,0;11,028;11,0;1295,196;135,99;409,571;49,88;47,739;14,62;3,079;10,22;1,928;10,13;0,0;10,0;2,049;21,536;0,54;27,993;3,43;5,311;0,58;2,412;1,54;941,656;1,0;"";"";19,801;2,45;69,819;12,1;"";"";13,003;20,0;13,0;"";"";"";"";"";"";"";"";"";"";"";"";"";"";"";"";"";"";"";"";"";"";"";"";"";"";"";"";"";"";"";"";"";"";"";"";"";"";"";"";"";"";"";"";"";"";"";"";"";"";"";"";"";"";"";"";"";"";"";"";"";"";"";"";""
09.12.2022 12:15:24;1670584524000;880f01e687e2572cea04e80fc6a68085;921367;OK;1817;0;0;0;0;0,02;16,76;0;0;649;669;"";161,533;24,23;539,115;66,17;20,9;0,85;1,65;0,23;7,769;1,72;7,454;11,0;8,598;11,0;9,028;11,0;1159,301;122,82;359,537;45,0;29,878;13,01;0,9190001;10,02;0,366;10,01;0,0;10,0;1,543;21,552;0,54;27,888;3,44;5,296;0,58;2,374;1,55;941,617;1,0;"";"";19,535;2,46;68,854;12,05;"";"";32,177;13,8;80,6;"";"";"";"";"";"";"";"";"";"";"";"";"";"";"";"";"";"";"";"";"";"";"";"";"";"";"";"";"";"";"";"";"";"";"";"";"";"";"";"";"";"";"";"";"";"";"";"";"";"";"";"";"";"";"";"";"";"";"";"";"";"";"";"";""
09.12.2022 12:17:24;1670584644000;880f01e687e2572cea04e80fc6a68085;921487;OK;1791;3;0;0;0;0,09;166,86;0;0;629;623;"";174,027;26,1;594,114;67,82;20,894;0,85;1,653;0,23;8,039;1,71;7,939;11,0;9,053;11,0;10,814;11,0;1245,026;131,18;394,754;48,39;33,411;13,36;2,576;10,13;2,36;10,13;0,6;10,09;2,515;21,558;0,54;27,937;3,43;5,308;0,58;2,404;1,55;941,57;1,0;"";"";19,514;2,46;67,647;11,99;"";"";15,214;19,29;75,0;"";"";"";"";"";"";"";"";"";"";"";"";"";"";"";"";"";"";"";"";"";"";"";"";"";"";"";"";"";"";"";"";"";"";"";"";"";"";"";"";"";"";"";"";"";"";"";"";"";"";"";"";"";"";"";"";"";"";"";"";"";"";"";"";""
09.12.2022 12:19:25;1670584765000;880f01e687e2572cea04e80fc6a68085;921608;OK;1797;2;0;0;0;-0,1;143,6;0;0;611;636;"";170,846;25,63;575,359;67,26;20,893;0,85;1,655;0,23;7,975;1,71;8,394;11,0;9,875;11,0;10,757;11,0;1310,424;137,51;409,289;49,85;36,434;13,66;2,116;10,16;1,157;10,01;0,696;10,01;1,91;21,558;0,54;27,734;3,44;5,269;0,58;2,301;1,56;941,533;1,0;"";"";19,427;2,47;66,154;11,91;"";"";13,228;19,93;13,0;"";"";"";"";"";"";"";"";"";"";"";"";"";"";"";"";"";"";"";"";"";"";"";"";"";"";"";"";"";"";"";"";"";"";"";"";"";"";"";"";"";"";"";"";"";"";"";"";"";"";"";"";"";"";"";"";"";"";"";"";"";"";"";"";""
09.12.2022 12:21:26;1670584886000;880f01e687e2572cea04e80fc6a68085;921730;OK;1803;0;0;0;0;-0,18;-15,61;0;0;624;662;"";167,877;25,18;544,222;66,33;20,893;0,85;1,654;0,23;7,797;1,72;8,061;11,0;9,757;11,0;13,38;11,28;1302,875;136,8;408,473;49,75;37,883;13,74;5,599;10,64;5,307;10,6;2,781;10,3;3,375;21,554;0,54;27,652;3,44;5,252;0,58;2,255;1,57;941,51;1,0;"";"";19,167;2,48;65,27101;11,86;"";"";16,124;18,78;69,5;"";"";"";"";"";"";"";"";"";"";"";"";"";"";"";"";"";"";"";"";"";"";"";"";"";"";"";"";"";"";"";"";"";"";"";"";"";"";"";"";"";"";"";"";"";"";"";"";"";"";"";"";"";"";"";"";"";"";"";"";"";"";"";"";""
09.12.2022 12:23:27;1670585007000;880f01e687e2572cea04e80fc6a68085;921850;OK;1813;0;0;0;0;0,05;-4,35;0;0;626;612;"";177,536;26,63;608,388;68,25;20,89;0,85;1,655;0,23;7,997;1,71;8,01;11,0;9,465;11,0;10,422;11,05;1235,443;130,28;388,012;47,78;35,034;13,4;1,145;10,14;1,115;10,14;0,287;10,03;1,839;21,553;0,54;28,1;3,43;5,337;0,58;2,481;1,54;941,492;1,0;"";"";19,32;2,47;68,24;12,02;"";"";17,372;18,64;70,7;"";"";"";"";"";"";"";"";"";"";"";"";"";"";"";"";"";"";"";"";"";"";"";"";"";"";"";"";"";"";"";"";"";"";"";"";"";"";"";"";"";"";"";"";"";"";"";"";"";"";"";"";"";"";"";"";"";"";"";"";"";"";"";"";""
09.12.2022 12:25:27;1670585127000;880f01e687e2572cea04e80fc6a68085;921970;OK;1808;1;0;0;0;-0,01;89,39;0;0;619;623;"";163,05;24,46;589,131;67,67;20,895;0,85;1,655;0,23;7,755;1,72;8,186;11,0;9,591;11,0;11,075;11,01;1315,741;138,06;404,297;49,3;38,497;13,77;2,264;10,31;2,143;10,27;0,89;10,0;2,336;21,55;0,54;27,474;3,44;5,217;0,58;2,161;1,58;941,468;1,0;"";"";19,258;2,48;66,385;11,92;"";"";17,409;18,43;75,8;"";"";"";"";"";"";"";"";"";"";"";"";"";"";"";"";"";"";"";"";"";"";"";"";"";"";"";"";"";"";"";"";"";"";"";"";"";"";"";"";"";"";"";"";"";"";"";"";"";"";"";"";"";"";"";"";"";"";"";"";"";"";"";"";""
09.12.2022 12:27:27;1670585247000;880f01e687e2572cea04e80fc6a68085;922091;OK;1797;1;0;0;0;-0,27;30,11;0;0;608;641;"";162,457;24,37;568,268;67,05;20,895;0,85;1,653;0,23;7,566;1,73;8,456;11,0;10,086;11,0;10,327;11,01;1362,885;142,54;420,791;50,97;40,079;13,97;0,701;10,09;0,323;10,04;0,092;10,0;1,403;21,526;0,54;27,441;3,45;5,204;0,58;2,124;1,58;941,438;1,0;"";"";18,849;2,5;58,795;11,52;"";"";13,455;19,84;13,0;"";"";"";"";"";"";"";"";"";"";"";"";"";"";"";"";"";"";"";"";"";"";"";"";"";"";"";"";"";"";"";"";"";"";"";"";"";"";"";"";"";"";"";"";"";"";"";"";"";"";"";"";"";"";"";"";"";"";"";"";"";"";"";"";""
09.12.2022 12:29:28;1670585368000;880f01e687e2572cea04e80fc6a68085;922212;OK;1806;0;1;0;0;-0,46;-111,63;0;0;623;639;"";163,774;24,57;570,899;67,13;20,894;0,85;1,652;0,23;7,553;1,73;8,099;11,0;9,73;11,0;10,51;11,0;1281,999;134,74;405,208;49,42;42,55;14,16;2,072;10,15;0,866;10,0;0,009;10,0;1,87;21,49;0,54;27,424;3,45;5,19;0,58;2,085;1,58;941,389;1,0;"";"";18,496;2,51;55,083;11,33;"";"";13,047;19,98;13,0;"";"";"";"";"";"";"";"";"";"";"";"";"";"";"";"";"";"";"";"";"";"";"";"";"";"";"";"";"";"";"";"";"";"";"";"";"";"";"";"";"";"";"";"";"";"";"";"";"";"";"";"";"";"";"";"";"";"";"";"";"";"";"";"";""
09.12.2022 12:31:29;1670585489000;880f01e687e2572cea04e80fc6a68085;922332;OK;1796;0;1;0;0;-0,11;-41,7;0;0;657;644;"";164,593;24,69;565,118;66,95;20,892;0,85;1,653;0,23;7,759;1,72;7,255;11,0;9,36;11,0;10,096;11,0;1231,812;129,88;376,52;46,68;42,92;14,1;2,187;10,09;1,114;10,0;0,001;10,0;1,956;21,467;0,54;27,427;3,45;5,183;0,58;2,067;1,58;941,371;1,0;"";"";18,409;2,52;54,353;11,29;"";"";13,005;20,0;13,0;"";"";"";"";"";"";"";"";"";"";"";"";"";"";"";"";"";"";"";"";"";"";"";"";"";"";"";"";"";"";"";"";"";"";"";"";"";"";"";"";"";"";"";"";"";"";"";"";"";"";"";"";"";"";"";"";"";"";"";"";"";"";"";"";""
09.12.2022 12:33:28;1670585608000;880f01e687e2572cea04e80fc6a68085;922451;OK;1795;0;1;0;0;-0,09;-50,11;0;0;638;661;"";162,652;24,4;545,61;66,37001;20,897;0,85;1,651;0,23;8,055;1,71;7,721;10,99;9,578;11,0;10,36;11,0;1272,95;133,87;394,447;48,4;37,99;13,69;3,181;10,34;0,898;10,0;0,535;10,0;1,887;21,446;0,54;27,381;3,45;5,168;0,58;2,025;1,59;941,389;1,0;"";"";18,357;2,52;54,369;11,29;"";"";13,001;20,0;13,0;"";"";"";"";"";"";"";"";"";"";"";"";"";"";"";"";"";"";"";"";"";"";"";"";"";"";"";"";"";"";"";"";"";"";"";"";"";"";"";"";"";"";"";"";"";"";"";"";"";"";"";"";"";"";"";"";"";"";"";"";"";"";"";"";""
09.12.2022 12:35:29;1670585729000;880f01e687e2572cea04e80fc6a68085;922572;OK;1805;0;1;0;0;-0,03;-72,01;0;0;659;657;"";165,284;24,79;552,286;66,57;20,896;0,85;1,65;0,23;8,537;1,69;7,209;11,0;9,232;11,0;9,549;11,0;1214,213;128,22;374,34;46,44;33,939;13,31;1,509;10,16;0,093;10,0;0,055;10,0;1,571;21,437;0,54;27,489;3,45;5,186;0,58;2,073;1,58;941,37;1,0;"";"";18,692;2,5;55,568;11,35;"";"";13,0;20,0;13,0;"";"";"";"";"";"";"";"";"";"";"";"";"";"";"";"";"";"";"";"";"";"";"";"";"";"";"";"";"";"";"";"";"";"";"";"";"";"";"";"";"";"";"";"";"";"";"";"";"";"";"";"";"";"";"";"";"";"";"";"";"";"";"";"";""
09.12.2022 12:37:29;1670585849000;880f01e687e2572cea04e80fc6a68085;922693;OK;1789;0;1;0;0;-0,01;-28,1;0;0;628;658;"";164,939;24,74;551,427;66,54;20,893;0,85;1,649;0,23;8,921;1,67;7,95;11,0;9,821;11,0;12,639;11,05;1257,262;132,36;398,879;48,84;41,011;13,99;4,986;10,55;4,406;10,46;0,156;10,0;3,103;21,428;0,54;27,452;3,45;5,176;0,58;2,046;1,58;941,3159;1,0;"";"";18,764;2,5;56,748;11,41;"";"";13,0;20,0;13,0;"";"";"";"";"";"";"";"";"";"";"";"";"";"";"";"";"";"";"";"";"";"";"";"";"";"";"";"";"";"";"";"";"";"";"";"";"";"";"";"";"";"";"";"";"";"";"";"";"";"";"";"";"";"";"";"";"";"";"";"";"";"";"";"";""
09.12.2022 12:39:30;1670585970000;880f01e687e2572cea04e80fc6a68085;922813;OK;1806;0;0;0;0;0,02;2,84;0;0;624;662;"";165,735;24,86;546,501;66,4;20,898;0,85;1,648;0,23;9,265;1,65;8,063;11,0;9,894;11,0;11,661;11,01;1250,751;131,7;397,634;48,77;40,681;14,01;3,329;10,26;2,157;10,08;0,151;10,0;2,539;21,422;0,54;27,446;3,45;5,173;0,58;2,038;1,58;941,264;1,0;"";"";18,799;2,5;57,709;11,46;"";"";13,0;20,0;13,0;"";"";"";"";"";"";"";"";"";"";"";"";"";"";"";"";"";"";"";"";"";"";"";"";"";"";"";"";"";"";"";"";"";"";"";"";"";"";"";"";"";"";"";"";"";"";"";"";"";"";"";"";"";"";"";"";"";"";"";"";"";"";"";"";""
09.12.2022 12:41:31;1670586091000;880f01e687e2572cea04e80fc6a68085;922934;OK;1797;0;1;0;0;-0,15;-44,87;0;0;649;670;"";154,067;23,11;535,9;66,08;20,9;0,85;1,646;0,23;9,269;1,65;7,444;10,98;9,109;11,0;9,954;11,0;1235,612;130,2;386,093;47,58;41,637;14,06;2,186;10,19;1,501;10,16;0,016;10,0;1,952;21,411;0,54;27,198;3,45;5,123;0,58;1,9;1,6;941,234;1,0;"";"";18,884;2,49;57,169;11,43;"";"";14,365;19,55;70,3;"";"";"";"";"";"";"";"";"";"";"";"";"";"";"";"";"";"";"";"";"";"";"";"";"";"";"";"";"";"";"";"";"";"";"";"";"";"";"";"";"";"";"";"";"";"";"";"";"";"";"";"";"";"";"";"";"";"";"";"";"";"";"";"";""
09.12.2022 12:43:29;1670586209000;880f01e687e2572cea04e80fc6a68085;923053;OK;1803;0;1;0;0;-0,48;-116,51;0;0;624;692;"";254,355;38,15;507,241;65,22;20,904;0,85;1,64;0,23;8,927;1,67;8,046;11,0;10,642;11,0;12,656;11,04;1224,242;129,11;380,76;47,0;45,493;14,46;5,071;10,48;2,278;10,19;0,188;10,0;2,695;21,371;0,54;26,608;3,47;5,001;0,58;1,559;1,64;941,215;1,0;"";"";18,287;2,52;48,112;10,95;"";"";13,453;19,81;48,8;"";"";"";"";"";"";"";"";"";"";"";"";"";"";"";"";"";"";"";"";"";"";"";"";"";"";"";"";"";"";"";"";"";"";"";"";"";"";"";"";"";"";"";"";"";"";"";"";"";"";"";"";"";"";"";"";"";"";"";"";"";"";"";"";""
09.12.2022 12:45:30;1670586330000;880f01e687e2572cea04e80fc6a68085;923174;OK;1802;0;1;0;0;-0,67;-186,44;0;0;599;693;"";476,867;71,53;483,252;64,5;20,908;0,85;1,632;0,23;8,676;1,68;8,7;11,0;10,619;11,0;11,432;11,0;1328,131;139,21;422,142;51,12;47,688;14,65;2,12;10,15;0,876;10,02;0,019;10,0;1,847;21,308;0,54;26,436;3,47;4,95;0,58;1,416;1,65;941,218;1,0;"";"";17,605;2,56;40,039;10,53;"";"";13,731;19,61;41,8;"";"";"";"";"";"";"";"";"";"";"";"";"";"";"";"";"";"";"";"";"";"";"";"";"";"";"";"";"";"";"";"";"";"";"";"";"";"";"";"";"";"";"";"";"";"";"";"";"";"";"";"";"";"";"";"";"";"";"";"";"";"";"";"";""
09.12.2022 12:47:31;1670586451000;880f01e687e2572cea04e80fc6a68085;923294;OK;1799;0;1;0;0;-0,54;-167,95;0;0;627;716;"";388,288;58,24;477,308;64,32;20,903;0,85;1,625;0,23;8,705;1,68;7,99;11,0;9,658;11,0;10,553;11,0;1271,493;133,68;397,766;48,75;39,324;13,87;2,639;10,17;1,094;10,02;0,002;10,0;1,963;21,24;0,54;26,421;3,47;4,928;0,58;1,349;1,65;941,218;1,0;"";"";17,15;2,58;35,625;10,3;"";"";13,075;19,96;13,0;"";"";"";"";"";"";"";"";"";"";"";"";"";"";"";"";"";"";"";"";"";"";"";"";"";"";"";"";"";"";"";"";"";"";"";"";"";"";"";"";"";"";"";"";"";"";"";"";"";"";"";"";"";"";"";"";"";"";"";"";"";"";"";"";""
09.12.2022 12:49:32;1670586572000;880f01e687e2572cea04e80fc6a68085;923415;OK;1803;0;1;0;0;-0,19;-86,84;0;0;603;724;"";275,582;41,34;473,622;64,21;20,898;0,85;1,619;0,23;9,049;1,66;8,592;11,0;11,155;11,0;13,353;11,18;1398,186;146,07;434,62;52,3;48,951;14,84;3,633;10,29;3,061;10,2;0,197;10,0;2,718;21,182;0,54;26,495;3,47;4,925;0,58;1,339;1,65;941,192;1,0;"";"";16,98;2,59;33,935;10,2;"";"";13,008;20,0;13,0;"";"";"";"";"";"";"";"";"";"";"";"";"";"";"";"";"";"";"";"";"";"";"";"";"";"";"";"";"";"";"";"";"";"";"";"";"";"";"";"";"";"";"";"";"";"";"";"";"";"";"";"";"";"";"";"";"";"";"";"";"";"";"";"";""
09.12.2022 12:51:32;1670586692000;880f01e687e2572cea04e80fc6a68085;923536;OK;1796;0;1;0;0;-0,05;-30,26;0;0;590;728;"";221,476;33,22;471,03;64,13;20,903;0,85;1,613;0,23;9,699;1,63;8,941;11,0;10,775;11,0;11,662;11,04;1365,923;142,88;430,723;51,85;45,068;14,46;1,39;10,14;0,829;10,07;0,246;10,01;1,809;21,123;0,54;26,602;3,47;4,928;0,58;1,344;1,64;941,146;1,0;"";"";17,189;2,58;34,673;10,24;"";"";13,001;20,0;13,0;"";"";"";"";"";"";"";"";"";"";"";"";"";"";"";"";"";"";"";"";"";"";"";"";"";"";"";"";"";"";"";"";"";"";"";"";"";"";"";"";"";"";"";"";"";"";"";"";"";"";"";"";"";"";"";"";"";"";"";"";"";"";"";"";""
09.12.2022 12:53:33;1670586813000;880f01e687e2572cea04e80fc6a68085;923657;OK;1792;0;0;0;0;0,01;-17,73;0;0;604;730;"";193,971;29,1;471,105;64,13;20,901;0,85;1,61;0,23;10,554;1,59;8,555;11,0;10,557;11,0;10,957;11,04;1380,944;144,33;426,364;51,48;40,221;13,99;0,474;10,04;0,348;10,03;0,1;10,0;1,52;21,073;0,54;26,676;3,47;4,928;0,57;1,341;1,63;941,105;1,0;"";"";17,767;2,55;35,951;10,31;"";"";13,0;20,0;13,0;"";"";"";"";"";"";"";"";"";"";"";"";"";"";"";"";"";"";"";"";"";"";"";"";"";"";"";"";"";"";"";"";"";"";"";"";"";"";"";"";"";"";"";"";"";"";"";"";"";"";"";"";"";"";"";"";"";"";"";"";"";"";"";"";""
09.12.2022 12:55:33;1670586933000;880f01e687e2572cea04e80fc6a68085;923776;OK;1802;0;0;0;0;0,01;-7,55;0;0;582;732;"";175,894;26,38;469,986;64,1;20,904;0,85;1,606;0,23;11,294;1,56;9,124;11,0;11,145;11,0;12,927;11,0;1353,48;141,61;426,45;51,51;44,696;14,38;4,158;10,33;2,689;10,13;0,011;10,0;2,428;21,03;0,54;26,741;3,47;4,927;0,57;1,338;1,63;941,08;1,0;"";"";18,486;2,51;37,535;10,39;"";"";13,0;20,0;13,0;"";"";"";"";"";"";"";"";"";"";"";"";"";"";"";"";"";"";"";"";"";"";"";"";"";"";"";"";"";"";"";"";"";"";"";"";"";"";"";"";"";"";"";"";"";"";"";"";"";"";"";"";"";"";"";"";"";"";"";"";"";"";"";"";""
09.12.2022 12:57:34;1670587054000;880f01e687e2572cea04e80fc6a68085;923897;OK;1820;0;0;0;0;-0,0;-5,0;0;0;596;734;"";163,941;24,59;468,357;64,05;20,903;0,85;1,602;0,23;12,09;1,59;8,8;11,0;10,67;11,0;11,226;11,0;1264,624;133,02;396,272;48,53;39,738;13,89;1,133;10,07;0,611;10,01;0,001;10,0;1,612;20,982;0,54;26,815;3,47;4,927;0,57;1,335;1,62;941,081;1,0;"";"";19,05;2,49;40,022;10,52;"";"";13,0;20,0;13,0;"";"";"";"";"";"";"";"";"";"";"";"";"";"";"";"";"";"";"";"";"";"";"";"";"";"";"";"";"";"";"";"";"";"";"";"";"";"";"";"";"";"";"";"";"";"";"";"";"";"";"";"";"";"";"";"";"";"";"";"";"";"";"";"";""
09.12.2022 12:59:34;1670587174000;880f01e687e2572cea04e80fc6a68085;924017;OK;1815;0;0;0;0;0,02;-9,98;0;0;586;735;"";156,87;23,53;468,036;64,04;20,901;0,85;1,601;0,23;12,885;1,63;9,031;11,0;11,861;11,0;11,92;11,0;1394,84;145,71;434,936;52,28;53,623;15,17;0,998;10,12;0,065;10,0;0,0;10,0;1,389;20,935;0,54;26,929;3,46;4,934;0,57;1,354;1,61;941,115;1,0;"";"";19,562;2,46;43,072;10,68;"";"";13,0;20,0;13,0;"";"";"";"";"";"";"";"";"";"";"";"";"";"";"";"";"";"";"";"";"";"";"";"";"";"";"";"";"";"";"";"";"";"";"";"";"";"";"";"";"";"";"";"";"";"";"";"";"";"";"";"";"";"";"";"";"";"";"";"";"";"";"";"";""
09.12.2022 13:01:34;1670587294000;880f01e687e2572cea04e80fc6a68085;924138;OK;1793;0;0;0;0;0,03;-4,64;0;0;590;737;"";152,593;22,89;467,472;64,02;20,9;0,85;1,598;0,23;13,611;1,67;8,916;11,0;10,934;11,0;11,656;11,0;1343,267;140,63;426,251;51,41;43,66;14,28;1,987;10,24;0,941;10,11;0,0;10,0;1,772;20,896;0,54;26,993;3,46;4,935;0,57;1,354;1,61;941,144;1,0;"";"";20,219;2,43;46,637;10,87;"";"";13,0;20,0;13,0;"";"";"";"";"";"";"";"";"";"";"";"";"";"";"";"";"";"";"";"";"";"";"";"";"";"";"";"";"";"";"";"";"";"";"";"";"";"";"";"";"";"";"";"";"";"";"";"";"";"";"";"";"";"";"";"";"";"";"";"";"";"";"";"";""
09.12.2022 13:03:35;1670587415000;880f01e687e2572cea04e80fc6a68085;924259;OK;1801;0;0;0;0;0,04;-4,75;0;0;588;738;"";149,726;22,46;466,59;64,0;20,904;0,85;1,595;0,22;14,247;1,7;8,966;11,0;10,648;11,0;11,961;11,03;1399,271;146,1;439,799;52,69;42,249;14,14;2,537;10,21;1,495;10,09;0,0;10,0;2,134;20,874;0,54;27,072;3,46;4,943;0,57;1,375;1,6;941,154;1,0;"";"";20,856;2,4;49,819;11,03;"";"";13,0;20,0;13,0;"";"";"";"";"";"";"";"";"";"";"";"";"";"";"";"";"";"";"";"";"";"";"";"";"";"";"";"";"";"";"";"";"";"";"";"";"";"";"";"";"";"";"";"";"";"";"";"";"";"";"";"";"";"";"";"";"";"";"";"";"";"";"";"";""
09.12.2022 13:05:36;1670587536000;880f01e687e2572cea04e80fc6a68085;924380;OK;1797;0;0;0;0;0,01;-4,75;0;0;588;739;"";146,925;22,04;466,74;64,0;20,904;0,85;1,593;0,22;14,698;1,72;8,967;11,0;10,775;11,0;11,791;11,0;1353,196;141,69;422,164;51,04;39,428;13,91;1,804;10,17;1,281;10,14;0,0;10,0;1,926;20,842;0,54;27,081;3,46;4,936;0,56;1,353;1,6;941,157;1,0;"";"";21,376;2,37;52,062;11,15;"";"";16,309;18,85;69,0;"";"";"";"";"";"";"";"";"";"";"";"";"";"";"";"";"";"";"";"";"";"";"";"";"";"";"";"";"";"";"";"";"";"";"";"";"";"";"";"";"";"";"";"";"";"";"";"";"";"";"";"";"";"";"";"";"";"";"";"";"";"";"";"";""
09.12.2022 13:07:35;1670587655000;880f01e687e2572cea04e80fc6a68085;924499;OK;1797;0;0;0;0;0,03;-4,41;0;0;576;741;"";149,613;22,44;465,864;63,98;20,904;0,85;1,592;0,22;15,219;1,75;9,291;11,0;11,429;11,0;12,135;11,02;1413,207;147,49;440,65;52,89;42,753;14,2;1,591;10,16;0,789;10,09;0,0;10,0;1,729;20,818;0,54;27,185;3,46;4,948;0,56;1,386;1,6;941,15;1,0;"";"";21,765;2,35;54,3;11,26;"";"";13,775;19,74;71,4;"";"";"";"";"";"";"";"";"";"";"";"";"";"";"";"";"";"";"";"";"";"";"";"";"";"";"";"";"";"";"";"";"";"";"";"";"";"";"";"";"";"";"";"";"";"";"";"";"";"";"";"";"";"";"";"";"";"";"";"";"";"";"";"";""
09.12.2022 13:09:36;1670587776000;880f01e687e2572cea04e80fc6a68085;924619;OK;1794;0;0;0;0;0,03;-6,49;0;0;637;742;"";154,925;23,24;463,979;63,92;20,903;0,85;1,59;0,22;15,622;1,77;7,753;11,0;9,856;11,0;11,945;11,05;1252,683;131,85;389,998;47,95;43,892;14,31;3,85;10,38;2,263;10,21;0,145;10,0;2,776;20,808;0,54;27,225;3,46;4,952;0,56;1,397;1,59;941,12;1,0;"";"";22,408;2,32;56,855;11,4;"";"";13,08;19,97;13,0;"";"";"";"";"";"";"";"";"";"";"";"";"";"";"";"";"";"";"";"";"";"";"";"";"";"";"";"";"";"";"";"";"";"";"";"";"";"";"";"";"";"";"";"";"";"";"";"";"";"";"";"";"";"";"";"";"";"";"";"";"";"";"";"";""
09.12.2022 13:11:36;1670587896000;880f01e687e2572cea04e80fc6a68085;924740;OK;1813;0;0;0;0;0,08;-11,25;0;0;577;742;"";159,566;23,93;463,979;63,92;20,903;0,85;1,589;0,22;16,009;1,79;9,282;11,0;10,965;11,0;12,08;11,0;1369,383;143,22;430,509;51,84;48,586;14,84;2,309;10,16;1,718;10,06;0,015;10,0;2,012;20,799;0,54;27,312;3,46;4,965;0,56;1,435;1,59;941,084;1,0;"";"";22,816;2,3;60,939;11,61;"";"";13,008;20,0;13,0;"";"";"";"";"";"";"";"";"";"";"";"";"";"";"";"";"";"";"";"";"";"";"";"";"";"";"";"";"";"";"";"";"";"";"";"";"";"";"";"";"";"";"";"";"";"";"";"";"";"";"";"";"";"";"";"";"";"";"";"";"";"";"";"";""
09.12.2022 13:13:37;1670588017000;880f01e687e2572cea04e80fc6a68085;924861;OK;1804;0;0;0;0;0,07;1,61;0;0;611;743;"";164,233;24,63;466,677;64,0;20,906;0,85;1,588;0,22;16,366;1,81;8,384;11,0;10,249;11,0;11,249;11,02;1352,664;141,57;419,004;50,74;38,343;13,66;2,738;10,15;2,355;10,13;0,002;10,0;1,985;20,808;0,54;27,325;3,46;4,97;0,56;1,449;1,59;941,052;1,0;"";"";23,31;2,28;65,088;11,82;"";"";13,001;20,0;13,0;"";"";"";"";"";"";"";"";"";"";"";"";"";"";"";"";"";"";"";"";"";"";"";"";"";"";"";"";"";"";"";"";"";"";"";"";"";"";"";"";"";"";"";"";"";"";"";"";"";"";"";"";"";"";"";"";"";"";"";"";"";"";"";"";""
09.12.2022 13:15:37;1670588137000;880f01e687e2572cea04e80fc6a68085;924981;OK;1786;0;0;0;0;0,07;11,41;0;0;624;743;"";169,322;25,4;467,179;64,02;20,907;0,85;1,589;0,22;16,502;1,82;8,069;11,0;9,468;11,0;10,344;11,0;1276,728;134,14;395,091;48,43;35,088;13,49;2,355;10,29;1,752;10,22;0,0;10,0;1,932;20,817;0,54;27,353;3,46;4,978;0,56;1,471;1,58;941,027;1,0;"";"";23,715;2,26;68,244;11,99;"";"";13,0;20,0;13,0;"";"";"";"";"";"";"";"";"";"";"";"";"";"";"";"";"";"";"";"";"";"";"";"";"";"";"";"";"";"";"";"";"";"";"";"";"";"";"";"";"";"";"";"";"";"";"";"";"";"";"";"";"";"";"";"";"";"";"";"";"";"";"";"";""
09.12.2022 13:17:39;1670588259000;880f01e687e2572cea04e80fc6a68085;925102;OK;1811;0;0;0;0;0,09;13,69;0;0;614;743;"";172,142;25,82;468,219;64,05;20,909;0,85;1,59;0,22;16,641;1,83;8,318;11,0;10,23;11,0;11,453;11,0;1342,404;140,54;416,889;50,51;42,249;14,17;2,917;10,33;2,015;10,15;0,0;10,0;2,164;20,839;0,54;27,434;3,45;4,999;0,56;1,531;1,58;941,019;1,0;"";"";23,899;2,25;69,991;12,08;"";"";13,0;20,0;13,0;"";"";"";"";"";"";"";"";"";"";"";"";"";"";"";"";"";"";"";"";"";"";"";"";"";"";"";"";"";"";"";"";"";"";"";"";"";"";"";"";"";"";"";"";"";"";"";"";"";"";"";"";"";"";"";"";"";"";"";"";"";"";"";"";""
09.12.2022 13:19:38;1670588378000;880f01e687e2572cea04e80fc6a68085;925221;OK;1802;0;0;0;0;0,11;0,31;0;0;615;742;"";174,406;26,16;466,856;64,01;20,919;0,85;1,591;0,22;16,565;1,82;8,289;11,0;11,156;11,0;12,202;11,02;1327,305;139,12;422,446;51,06;48,058;14,7;2,982;10,28;1,379;10,08;0,0;10,0;2,128;20,861;0,54;27,444;3,45;5,007;0,56;1,555;1,58;941,0219;1,0;"";"";24,038;2,24;70,799;12,12;"";"";13,0;20,0;13,0;"";"";"";"";"";"";"";"";"";"";"";"";"";"";"";"";"";"";"";"";"";"";"";"";"";"";"";"";"";"";"";"";"";"";"";"";"";"";"";"";"";"";"";"";"";"";"";"";"";"";"";"";"";"";"";"";"";"";"";"";"";"";"";"";""
09.12.2022 13:21:39;1670588499000;880f01e687e2572cea04e80fc6a68085;925342;OK;1797;0;0;0;0;0,1;0,9700001;0;0;652;742;"";178,7;26,8;468,982;64,07;20,914;0,85;1,593;0,22;16,365;1,81;7,373;11,0;9,0;11,0;9,809;11,0;1191,543;125,84;375,369;46,52;38,326;13,79;2,157;10,12;1,086;10,01;0,0;10,0;1,968;20,88;0,54;27,444;3,45;5,013;0,56;1,572;1,58;941,029;1,0;"";"";24,057;2,24;71,42;12,15;"";"";13,0;20,0;13,0;"";"";"";"";"";"";"";"";"";"";"";"";"";"";"";"";"";"";"";"";"";"";"";"";"";"";"";"";"";"";"";"";"";"";"";"";"";"";"";"";"";"";"";"";"";"";"";"";"";"";"";"";"";"";"";"";"";"";"";"";"";"";"";"";""
09.12.2022 13:23:39;1670588619000;880f01e687e2572cea04e80fc6a68085;925463;OK;1807;0;0;0;0;0,05;-5,08;0;0;630;741;"";181,09;27,16;466,581;64,0;20,911;0,85;1,595;0,22;16,039;1,79;7,91;11,0;9,773;11,0;10,784;11,0;1277,578;134,28;398,357;48,75;40,101;13,83;1,846;10,06;0,8309999;10,01;0,374;10,0;2,045;20,898;0,54;27,448;3,45;5,019;0,56;1,589;1,58;941,047;1,0;"";"";24,071;2,24;71,637;12,16;"";"";13,0;20,0;13,0;"";"";"";"";"";"";"";"";"";"";"";"";"";"";"";"";"";"";"";"";"";"";"";"";"";"";"";"";"";"";"";"";"";"";"";"";"";"";"";"";"";"";"";"";"";"";"";"";"";"";"";"";"";"";"";"";"";"";"";"";"";"";"";"";""
09.12.2022 13:25:39;1670588739000;880f01e687e2572cea04e80fc6a68085;925583;OK;1803;0;0;0;0;0,07;-2,76;0;0;603;741;"";183,201;27,48;466,367;63,99;20,907;0,85;1,595;0,23;15,602;1,77;8,597;11,0;11,041;11,0;11,754;11,08;1333,05;139,68;415,352;50,33;52,954;15,11;1,526;10,09;0,888;10,04;0,04;10,0;1,787;20,919;0,54;27,497;3,45;5,034;0,56;1,632;1,57;941,0529;1,0;"";"";23,885;2,25;71,33;12,15;"";"";13,0;20,0;13,0;"";"";"";"";"";"";"";"";"";"";"";"";"";"";"";"";"";"";"";"";"";"";"";"";"";"";"";"";"";"";"";"";"";"";"";"";"";"";"";"";"";"";"";"";"";"";"";"";"";"";"";"";"";"";"";"";"";"";"";"";"";"";"";"";""
09.12.2022 13:27:40;1670588860000;880f01e687e2572cea04e80fc6a68085;925704;OK;1797;0;0;0;0;0,09;-0,73;0;0;614;740;"";183,077;27,46;467,761;64,03;20,904;0,85;1,597;0,23;14,993;1,74;8,294;11,0;10,188;11,0;11,082;11,01;1293,738;135,81;401,578;49,08;42,503;14,2;1,543;10,07;1,172;10,02;0,102;10,0;1,933;20,948;0,54;27,488;3,45;5,041;0,57;1,652;1,58;941,049;1,0;"";"";23,759;2,26;70,737;12,11;"";"";13,0;20,0;13,0;"";"";"";"";"";"";"";"";"";"";"";"";"";"";"";"";"";"";"";"";"";"";"";"";"";"";"";"";"";"";"";"";"";"";"";"";"";"";"";"";"";"";"";"";"";"";"";"";"";"";"";"";"";"";"";"";"";"";"";"";"";"";"";"";""
09.12.2022 13:29:41;1670588981000;880f01e687e2572cea04e80fc6a68085;925825;OK;1796;0;0;0;0;0,07;-2,38;0;0;634;740;"";184,181;27,63;464,75;63,94;20,904;0,85;1,597;0,23;14,584;1,72;7,807;11,0;9,655;11,0;10,274;11,0;1289,832;135,4;402,416;49,12;45,083;14,4;1,078;10,01;1,04;10,0;0,603;10,0;1,778;20,963;0,54;27,467;3,45;5,041;0,57;1,654;1,58;941,043;1,0;"";"";23,663;2,26;69,49501;12,05;"";"";13,0;20,0;13,0;"";"";"";"";"";"";"";"";"";"";"";"";"";"";"";"";"";"";"";"";"";"";"";"";"";"";"";"";"";"";"";"";"";"";"";"";"";"";"";"";"";"";"";"";"";"";"";"";"";"";"";"";"";"";"";"";"";"";"";"";"";"";"";"";""
09.12.2022 13:31:42;1670589102000;880f01e687e2572cea04e80fc6a68085;925945;OK;1798;0;0;0;0;0,02;-2,51;0;0;624;739;"";184,813;27,72;467,795;64,03;20,908;0,85;1,598;0,23;14,045;1,69;8,077;10,99;10,025;11,0;10,521;11,0;1307,231;137,17;400,838;48,95;42,58;14,18;0,908;10,0;0,419;10,0;0,062;10,0;1,699;20,975;0,54;27,44;3,45;5,04;0,57;1,65;1,58;941,0439;1,0;"";"";23,438;2,27;67,868;11,97;"";"";22,821;16,8;81,1;"";"";"";"";"";"";"";"";"";"";"";"";"";"";"";"";"";"";"";"";"";"";"";"";"";"";"";"";"";"";"";"";"";"";"";"";"";"";"";"";"";"";"";"";"";"";"";"";"";"";"";"";"";"";"";"";"";"";"";"";"";"";"";"";""
09.12.2022 13:33:42;1670589222000;880f01e687e2572cea04e80fc6a68085;926065;OK;1794;1;0;0;0;0,26;39,31;0;0;622;738;"";189,875;28,48;483,702;64,51;20,907;0,85;1,6;0,23;13,81;1,68;8,104;11,0;10,371;11,0;11,499;11,0;1284,422;134,92;396,936;48,63;38,511;13,84;4,12;10,47;2,062;10,27;0,986;10,0;2,144;20,99;0,54;28,023;3,44;5,151;0,56;1,957;1,54;941,025;1,0;"";"";23,5;2,27;67,952;11,97;"";"";15,528;19,19;74,8;"";"";"";"";"";"";"";"";"";"";"";"";"";"";"";"";"";"";"";"";"";"";"";"";"";"";"";"";"";"";"";"";"";"";"";"";"";"";"";"";"";"";"";"";"";"";"";"";"";"";"";"";"";"";"";"";"";"";"";"";"";"";"";"";""
09.12.2022 13:35:42;1670589342000;880f01e687e2572cea04e80fc6a68085;926186;OK;1803;1;0;0;0;0,46;43,21;0;0;591;744;"";190,876;28,63;477,071;64,31;20,908;0,85;1,602;0,23;13,638;1,67;8,897;11,0;10,674;11,0;11,748;11,0;1353,993;141,72;420,942;50,98;41,033;13,99;1,986;10,07;1,48;10,03;0,112;10,0;2,047;21,011;0,54;28,18;3,44;5,187;0,56;2,055;1,53;940,9849;1,0;"";"";23,64;2,26;69,45;12,05;"";"";13,927;19,66;76,2;"";"";"";"";"";"";"";"";"";"";"";"";"";"";"";"";"";"";"";"";"";"";"";"";"";"";"";"";"";"";"";"";"";"";"";"";"";"";"";"";"";"";"";"";"";"";"";"";"";"";"";"";"";"";"";"";"";"";"";"";"";"";"";"";""
09.12.2022 13:37:43;1670589463000;880f01e687e2572cea04e80fc6a68085;926307;OK;1791;0;0;0;0;0,63;20,79;0;0;609;748;"";191,9;28,78;478,091;64,34;20,91;0,85;1,603;0,23;13,554;1,66;8,426;11,0;10,436;11,0;12,222;11,03;1297,795;136,22;400,03;48,88;41,95;14,06;2,71;10,11;2,35;10,1;1,089;10,0;2,532;21,034;0,54;28,588;3,43;5,269;0,56;2,276;1,5;940,9659;1,0;"";"";24,111;2,24;70,867;12,12;"";"";13,096;19,97;13,0;"";"";"";"";"";"";"";"";"";"";"";"";"";"";"";"";"";"";"";"";"";"";"";"";"";"";"";"";"";"";"";"";"";"";"";"";"";"";"";"";"";"";"";"";"";"";"";"";"";"";"";"";"";"";"";"";"";"";"";"";"";"";"";"";""
09.12.2022 13:39:42;1670589582000;880f01e687e2572cea04e80fc6a68085;926426;OK;1791;0;0;0;0;0,48;-10,83;0;0;591;750;"";194,988;29,25;478,447;64,35;20,91;0,85;1,603;0,23;13,359;1,65;8,893;11,0;10,174;11,0;11,285;11,0;1358,25;142,13;417,133;50,5;46,818;14,66;1,471;10,06;0,9309999;10,06;0,38;10,0;2,009;21,06;0,54;28,812;3,42;5,318;0,56;2,409;1,49;940,942;1,0;"";"";24,503;2,22;72,638;12,21;"";"";14,198;19,65;74,3;"";"";"";"";"";"";"";"";"";"";"";"";"";"";"";"";"";"";"";"";"";"";"";"";"";"";"";"";"";"";"";"";"";"";"";"";"";"";"";"";"";"";"";"";"";"";"";"";"";"";"";"";"";"";"";"";"";"";"";"";"";"";"";"";""
09.12.2022 13:41:43;1670589703000;880f01e687e2572cea04e80fc6a68085;926546;OK;1804;0;0;0;0;0,47;12,11;0;0;599;749;"";195,922;29,39;481,251;64,44;20,906;0,85;1,603;0,23;13,243;1,65;8,686;11,0;10,985;11,0;11,802;11,0;1321,76;138,53;415,58;50,45;48,381;14,75;2,592;10,14;0,981;10,1;0,039;10,0;1,895;21,083;0,54;29,015;3,42;5,363;0,56;2,527;1,48;940,932;1,0;"";"";24,749;2,21;73,92;12,28;"";"";13,124;19,96;13,0;"";"";"";"";"";"";"";"";"";"";"";"";"";"";"";"";"";"";"";"";"";"";"";"";"";"";"";"";"";"";"";"";"";"";"";"";"";"";"";"";"";"";"";"";"";"";"";"";"";"";"";"";"";"";"";"";"";"";"";"";"";"";"";"";""
09.12.2022 13:43:44;1670589824000;880f01e687e2572cea04e80fc6a68085;926667;OK;1807;1;0;0;0;0,29;22,31;0;0;628;745;"";197,653;29,65;485,832;64,57;20,908;0,85;1,605;0,23;12,981;1,63;7,968;11,0;10,193;11,0;11,332;11,0;1273,77;133,87;395,654;48,46;38,341;13,6;2,187;10,14;1,182;10,02;0,004;10,0;2,173;21,107;0,54;29,054;3,42;5,377;0,56;2,566;1,47;940,947;1,0;"";"";24,828;2,2;74,427;12,3;"";"";13,013;20,0;13,0;"";"";"";"";"";"";"";"";"";"";"";"";"";"";"";"";"";"";"";"";"";"";"";"";"";"";"";"";"";"";"";"";"";"";"";"";"";"";"";"";"";"";"";"";"";"";"";"";"";"";"";"";"";"";"";"";"";"";"";"";"";"";"";"";""
09.12.2022 13:45:45;1670589945000;880f01e687e2572cea04e80fc6a68085;926789;OK;1803;1;0;0;0;0,19;35,67;0;0;623;739;"";197,312;29,6;491,909;64,76;20,909;0,85;1,606;0,23;12,613;1,61;8,08;11,0;10,347;11,0;11,753;11,0;1325,604;138,98;414,585;50,28;49,893;14,85;2,869;10,15;1,721;10,05;0,0;10,0;2,354;21,133;0,54;29,082;3,41;5,391;0,56;2,603;1,47;940,9619;1,0;"";"";24,582;2,22;73,891;12,27;"";"";13,484;19,81;68,3;"";"";"";"";"";"";"";"";"";"";"";"";"";"";"";"";"";"";"";"";"";"";"";"";"";"";"";"";"";"";"";"";"";"";"";"";"";"";"";"";"";"";"";"";"";"";"";"";"";"";"";"";"";"";"";"";"";"";"";"";"";"";"";"";""
09.12.2022 13:47:46;1670590066000;880f01e687e2572cea04e80fc6a68085;926909;OK;1794;1;0;0;0;0,13;45,46;0;0;607;734;"";199,802;29,97;498,108;64,94;20,902;0,85;1,608;0,23;12,353;1,6;8,47;11,0;10,62;11,0;12,371;11,0;1317,341;138,12;416,022;50,45;45,769;14,49;4,026;10,39;2,924;10,24;0,0;10,0;2,496;21,159;0,54;29,169;3,41;5,415;0,56;2,668;1,47;940,976;1,0;"";"";24,395;2,23;73,012;12,23;"";"";13,05;19,98;13,0;"";"";"";"";"";"";"";"";"";"";"";"";"";"";"";"";"";"";"";"";"";"";"";"";"";"";"";"";"";"";"";"";"";"";"";"";"";"";"";"";"";"";"";"";"";"";"";"";"";"";"";"";"";"";"";"";"";"";"";"";"";"";"";"";""
09.12.2022 13:49:47;1670590187000;880f01e687e2572cea04e80fc6a68085;927030;OK;1815;1;0;0;0;0,14;51,28;0;0;630;727;"";200,081;30,01;505,253;65,16;20,903;0,85;1,608;0,23;12,073;1,58;7,924;11,0;9,439;11,0;10,278;11,0;1248,724;131,5;390,712;48,01;39,079;13,82;1,928;10,22;1,814;10,21;0,0;10,0;1,907;21,179;0,54;29,142;3,41;5,416;0,56;2,672;1,47;940,988;1,0;"";"";24,077;2,24;72,024;12,18;"";"";13,601;19,78;60,8;"";"";"";"";"";"";"";"";"";"";"";"";"";"";"";"";"";"";"";"";"";"";"";"";"";"";"";"";"";"";"";"";"";"";"";"";"";"";"";"";"";"";"";"";"";"";"";"";"";"";"";"";"";"";"";"";"";"";"";"";"";"";"";"";""
09.12.2022 13:51:47;1670590307000;880f01e687e2572cea04e80fc6a68085;927151;OK;1797;1;0;0;0;0,02;52,81;0;0;611;720;"";202,159;30,32;510,292;65,31;20,903;0,85;1,609;0,23;11,863;1,57;8,375;11,0;10,46;11,0;11,308;11,0;1337,412;140,13;411,386;50,03;44,112;14,33;1,831;10,16;0,83;10,06;0,0;10,0;1,889;21,193;0,54;28,959;3,42;5,386;0,56;2,594;1,48;940,9929;1,0;"";"";23,678;2,26;69,983;12,07;"";"";13,567;19,76;53,5;"";"";"";"";"";"";"";"";"";"";"";"";"";"";"";"";"";"";"";"";"";"";"";"";"";"";"";"";"";"";"";"";"";"";"";"";"";"";"";"";"";"";"";"";"";"";"";"";"";"";"";"";"";"";"";"";"";"";"";"";"";"";"";"";""
09.12.2022 13:53:47;1670590427000;880f01e687e2572cea04e80fc6a68085;927271;OK;1794;1;0;0;0;-0,15;42,6;0;0;630;716;"";205,007;30,75;512,38;65,37;20,903;0,85;1,611;0,23;11,423;1,56;7,921;11,0;9,454;11,0;10,713;11,0;1246,385;131,31;392,776;48,19;39,923;13,92;3,039;10,24;1,507;10,14;0,0;10,0;2,25;21,21;0,54;28,828;3,42;5,367;0,56;2,546;1,49;940,986;1,0;"";"";23,129;2,29;68,011;11,97;"";"";13,059;19,98;13,0;"";"";"";"";"";"";"";"";"";"";"";"";"";"";"";"";"";"";"";"";"";"";"";"";"";"";"";"";"";"";"";"";"";"";"";"";"";"";"";"";"";"";"";"";"";"";"";"";"";"";"";"";"";"";"";"";"";"";"";"";"";"";"";"";""
09.12.2022 13:55:47;1670590547000;880f01e687e2572cea04e80fc6a68085;927391;OK;1792;1;0;0;0;-0,11;30,72;0;0;627;713;"";205,128;30,77;516,263;65,49;20,899;0,85;1,612;0,23;11,16;1,56;7,975;11,0;9,281;11,0;11,198;11,0;1285,677;135,1;401,931;49,1;35,435;13,52;3,065;10,24;2,212;10,06;0,0;10,0;2,694;21,223;0,54;28,893;3,42;5,384;0,56;2,589;1,48;940,9719;1,0;"";"";22,746;2,31;66,645;11,9;"";"";13,006;20,0;13,0;"";"";"";"";"";"";"";"";"";"";"";"";"";"";"";"";"";"";"";"";"";"";"";"";"";"";"";"";"";"";"";"";"";"";"";"";"";"";"";"";"";"";"";"";"";"";"";"";"";"";"";"";"";"";"";"";"";"";"";"";"";"";"";"";""
09.12.2022 13:57:48;1670590668000;880f01e687e2572cea04e80fc6a68085;927512;OK;1812;1;0;0;0;0,0;25,68;0;0;596;709;"";206,03;30,9;520,032;65,6;20,9;0,85;1,614;0,23;11,028;1,57;8,76;11,0;10,972;11,0;13,305;11,09;1382,663;144,43;429,523;51,78;52,104;15,19;5,18;10,58;3,863;10,42;0,38;10,0;2,705;21,241;0,54;28,882;3,42;5,387;0,56;2,599;1,49;940,945;1,0;"";"";22,498;2,32;65,466;11,84;"";"";13,001;20,0;13,0;"";"";"";"";"";"";"";"";"";"";"";"";"";"";"";"";"";"";"";"";"";"";"";"";"";"";"";"";"";"";"";"";"";"";"";"";"";"";"";"";"";"";"";"";"";"";"";"";"";"";"";"";"";"";"";"";"";"";"";"";"";"";"";"";""
09.12.2022 13:59:49;1670590789000;880f01e687e2572cea04e80fc6a68085;927632;OK;1793;1;0;0;0;0,06;31,37;0;0;616;705;"";207,681;31,15;524,003;65,72;20,901;0,85;1,614;0,23;10,834;1,57;8,25;11,0;11,08;11,0;14,27;11,21;1337,19;140,08;416,8;50,53;57,228;15,55;6,688;10,72;4,433;10,48;2,25;10,19;3,263;21,256;0,54;28,862;3,42;5,388;0,57;2,603;1,49;940,949;1,0;"";"";22,184;2,33;64,386;11,79;"";"";13,0;20,0;13,0;"";"";"";"";"";"";"";"";"";"";"";"";"";"";"";"";"";"";"";"";"";"";"";"";"";"";"";"";"";"";"";"";"";"";"";"";"";"";"";"";"";"";"";"";"";"";"";"";"";"";"";"";"";"";"";"";"";"";"";"";"";"";"";"";""
09.12.2022 14:01:49;1670590909000;880f01e687e2572cea04e80fc6a68085;927753;OK;1798;1;0;0;0;0,01;35,34;0;0;605;700;"";207,089;31,06;528,618;65,86;20,902;0,85;1,615;0,23;10,725;1,58;8,54;11,0;11,715;11,0;12,277;11,04;1327,315;139,12;417,905;50,66;58,337;15,67;2,253;10,28;0,546;10,05;0,232;10,02;1,744;21,275;0,54;28,809;3,42;5,384;0,57;2,593;1,49;940,938;1,0;"";"";21,949;2,34;63,912;11,76;"";"";13,485;19,82;62,3;"";"";"";"";"";"";"";"";"";"";"";"";"";"";"";"";"";"";"";"";"";"";"";"";"";"";"";"";"";"";"";"";"";"";"";"";"";"";"";"";"";"";"";"";"";"";"";"";"";"";"";"";"";"";"";"";"";"";"";"";"";"";"";"";""
09.12.2022 14:03:48;1670591028000;880f01e687e2572cea04e80fc6a68085;927872;OK;1806;1;0;0;0;0,07;42,75;0;0;588;695;"";208,491;31,27;536,254;66,09;20,899;0,85;1,615;0,23;10,711;1,58;8,966;11,0;11,23;11,0;12,153;11,0;1389,81;145,23;436,64;52,41;49,618;14,82;2,32;10,25;1,229;10,09;0,025;10,0;1,898;21,287;0,54;28,995;3,41;5,423;0,57;2,694;1,48;940,91;1,0;"";"";21,786;2,35;63,405;11,74;"";"";13,052;19,98;13,0;"";"";"";"";"";"";"";"";"";"";"";"";"";"";"";"";"";"";"";"";"";"";"";"";"";"";"";"";"";"";"";"";"";"";"";"";"";"";"";"";"";"";"";"";"";"";"";"";"";"";"";"";"";"";"";"";"";"";"";"";"";"";"";"";""
09.12.2022 14:05:49;1670591149000;880f01e687e2572cea04e80fc6a68085;927992;OK;1787;1;0;0;0;0,16;86,33;0;0;578;678;"";212,073;31,81;556,163;66,68;20,896;0,85;1,616;0,23;10,79;1,58;9,234;11,0;10,933;11,0;11,155;11,0;1380,91;144,33;431,822;52,01;41,313;13,99;1,018;10,04;0,127;10,01;0,003;10,0;1,386;21,307;0,54;29,085;3,41;5,446;0,57;2,755;1,47;940,878;1,0;"";"";21,813;2,35;63,704;11,75;"";"";13,005;20,0;13,0;"";"";"";"";"";"";"";"";"";"";"";"";"";"";"";"";"";"";"";"";"";"";"";"";"";"";"";"";"";"";"";"";"";"";"";"";"";"";"";"";"";"";"";"";"";"";"";"";"";"";"";"";"";"";"";"";"";"";"";"";"";"";"";"";""
09.12.2022 14:07:50;1670591270000;880f01e687e2572cea04e80fc6a68085;928113;OK;1807;2;0;0;0;0,23;105,03;0;0;601;673;"";212,617;31,89;562,062;66,86;20,895;0,85;1,618;0,23;10,773;1,58;8,624;11,0;11,086;11,0;12,129;11,0;1365,557;142,8;424,982;51,38;43,448;14,26;3,385;10,26;1,497;10,03;0,214;10,0;2,065;21,334;0,54;29,163;3,41;5,469;0,57;2,816;1,47;940,851;1,0;"";"";21,86;2,35;63,799;11,76;"";"";13,001;20,0;13,0;"";"";"";"";"";"";"";"";"";"";"";"";"";"";"";"";"";"";"";"";"";"";"";"";"";"";"";"";"";"";"";"";"";"";"";"";"";"";"";"";"";"";"";"";"";"";"";"";"";"";"";"";"";"";"";"";"";"";"";"";"";"";"";"";""
09.12.2022 14:09:50;1670591390000;880f01e687e2572cea04e80fc6a68085;928233;OK;1795;1;0;0;0;0,11;73,56;0;0;606;671;"";211,059;31,66;561,958;66,86;20,895;0,85;1,62;0,23;10,717;1,58;8,502;11,0;10,36;11,0;10,932;11,0;1311,307;137,64;412,539;50,17;44,526;14,45;1,152;10,03;0,277;10,0;0,022;10,0;1,715;21,36;0,54;28,996;3,41;5,446;0,57;2,757;1,48;940,841;1,0;"";"";21,679;2,36;63,175;11,73;"";"";13,0;20,0;13,0;"";"";"";"";"";"";"";"";"";"";"";"";"";"";"";"";"";"";"";"";"";"";"";"";"";"";"";"";"";"";"";"";"";"";"";"";"";"";"";"";"";"";"";"";"";"";"";"";"";"";"";"";"";"";"";"";"";"";"";"";"";"";"";"";""
09.12.2022 14:11:50;1670591510000;880f01e687e2572cea04e80fc6a68085;928354;OK;1801;0;0;0;0;-0,05;7,12;0;0;593;669;"";209,674;31,45;562,449;66,87;20,89;0,85;1,62;0,23;10,67;1,58;8,852;11,0;11,693;11,0;13,096;11,13;1389,654;145,25;441,215;52,88;49,144;14,88;2,76;10,33;1,323;10,16;0,431;10,0;2,222;21,374;0,54;28,912;3,41;5,435;0,57;2,729;1,48;940,82;1,0;"";"";21,3;2,37;61,024;11,62;"";"";12,918;20,3;13,0;"";"";"";"";"";"";"";"";"";"";"";"";"";"";"";"";"";"";"";"";"";"";"";"";"";"";"";"";"";"";"";"";"";"";"";"";"";"";"";"";"";"";"";"";"";"";"";"";"";"";"";"";"";"";"";"";"";"";"";"";"";"";"";"";""
09.12.2022 14:13:51;1670591631000;880f01e687e2572cea04e80fc6a68085;928475;OK;1801;0;0;0;0;0,04;-4,71;0;0;573;670;"";208,084;31,21;563,148;66,89;20,888;0,85;1,622;0,23;10,68;1,58;9,363;11,0;12,025;11,0;12,802;11,01;1443,297;150,43;451,037;53,87;45,837;14,55;3,126;10,27;1,457;10,08;0,044;10,0;1,834;21,398;0,54;29,166;3,41;5,49;0,57;2,873;1,47;940,806;1,0;"";"";21,152;2,38;60,828;11,61;"";"";14,349;19,57;66,4;"";"";"";"";"";"";"";"";"";"";"";"";"";"";"";"";"";"";"";"";"";"";"";"";"";"";"";"";"";"";"";"";"";"";"";"";"";"";"";"";"";"";"";"";"";"";"";"";"";"";"";"";"";"";"";"";"";"";"";"";"";"";"";"";""
09.12.2022 14:15:52;1670591752000;880f01e687e2572cea04e80fc6a68085;928595;OK;1794;0;0;0;0;0,2;4,67;0;0;561;668;"";211,489;31,72;564,748;66,94;20,892;0,85;1,622;0,23;10,607;1,59;9,673;11,0;11,631;11,0;12,713;11,0;1426,408;148,71;445,068;53,33;44,866;14,37;2,037;10,17;1,672;10,1;0,005;10,0;1,992;21,42;0,54;29,168;3,41;5,498;0,57;2,893;1,47;940,792;1,0;"";"";21,136;2,38;61,332;11,64;"";"";14,345;19,41;62,9;"";"";"";"";"";"";"";"";"";"";"";"";"";"";"";"";"";"";"";"";"";"";"";"";"";"";"";"";"";"";"";"";"";"";"";"";"";"";"";"";"";"";"";"";"";"";"";"";"";"";"";"";"";"";"";"";"";"";"";"";"";"";"";"";""
09.12.2022 14:17:53;1670591873000;880f01e687e2572cea04e80fc6a68085;928716;OK;1799;1;0;0;0;0,16;31,09;0;0;588;662;"";213,849;32,08;571,475;67,14;20,887;0,85;1,624;0,23;10,566;1,59;8,975;11,0;11,606;11,0;12,757;11,0;1397,055;145,87;437,48;52,6;55,22;15,37;3,505;10,38;0,902;10,06;0,396;10,05;2,105;21,434;0,54;29,108;3,41;5,491;0,57;2,876;1,47;940,78;1,0;"";"";20,969;2,39;60,563;11,6;"";"";13,13;20,11;13,0;"";"";"";"";"";"";"";"";"";"";"";"";"";"";"";"";"";"";"";"";"";"";"";"";"";"";"";"";"";"";"";"";"";"";"";"";"";"";"";"";"";"";"";"";"";"";"";"";"";"";"";"";"";"";"";"";"";"";"";"";"";"";"";"";""
09.12.2022 14:19:53;1670591993000;880f01e687e2572cea04e80fc6a68085;928837;OK;1795;1;0;0;0;-0,06;69,73001;0;0;575;648;"";213,14;31,97;585,397;67,56;20,887;0,85;1,625;0,23;10,534;1,59;9,323;11,0;11,287;11,0;11,478;11,0;1360,227;142,32;420,736;50,91;46,174;14,65;0,488;10,04;0,093;10,01;0,041;10,0;1,388;21,441;0,54;29,001;3,41;5,472;0,57;2,829;1,48;940,772;1,0;"";"";20,91;2,39;58,951;11,52;"";"";13,013;20,01;13,0;"";"";"";"";"";"";"";"";"";"";"";"";"";"";"";"";"";"";"";"";"";"";"";"";"";"";"";"";"";"";"";"";"";"";"";"";"";"";"";"";"";"";"";"";"";"";"";"";"";"";"";"";"";"";"";"";"";"";"";"";"";"";"";"";""
09.12.2022 14:21:52;1670592112000;880f01e687e2572cea04e80fc6a68085;928956;OK;1813;2;0;0;0;0,01;103,31;0;0;575;637;"";214,66;32,2;600,604;68,02;20,886;0,85;1,626;0,23;10,56;1,59;9,312;11,0;11,377;11,0;12,416;11,06;1413,817;147,57;443,624;53,17;55,678;15,38;2,539;10,22;2,201;10,21;0,004;10,0;1,928;21,449;0,54;29,164;3,41;5,506;0,57;2,916;1,47;940,768;1,0;"";"";20,915;2,39;58,506;11,5;"";"";13,001;20,0;13,0;"";"";"";"";"";"";"";"";"";"";"";"";"";"";"";"";"";"";"";"";"";"";"";"";"";"";"";"";"";"";"";"";"";"";"";"";"";"";"";"";"";"";"";"";"";"";"";"";"";"";"";"";"";"";"";"";"";"";"";"";"";"";"";"";""
09.12.2022 14:23:53;1670592233000;880f01e687e2572cea04e80fc6a68085;929077;OK;1797;1;0;0;0;0,08;89,54;0;0;590;635;"";212,982;31,95;602,67;68,08;20,884;0,85;1,627;0,23;10,527;1,59;8,93;11,0;10,858;11,0;11,791;11,03;1380,499;144,29;433,277;52,18;43,448;14,31;1,592;10,18;1,259;10,18;0,0;10,0;1,876;21,467;0,54;29,133;3,41;5,505;0,57;2,916;1,47;940,767;1,0;"";"";20,742;2,4;57,755;11,46;"";"";15,115;19,3;68,80001;"";"";"";"";"";"";"";"";"";"";"";"";"";"";"";"";"";"";"";"";"";"";"";"";"";"";"";"";"";"";"";"";"";"";"";"";"";"";"";"";"";"";"";"";"";"";"";"";"";"";"";"";"";"";"";"";"";"";"";"";"";"";"";"";""
09.12.2022 14:25:54;1670592354000;880f01e687e2572cea04e80fc6a68085;929198;OK;1803;1;0;0;0;0,12;37,09;0;0;553;636;"";212,91;31,94;600,51;68,02;20,889;0,85;1,628;0,23;10,461;1,59;9,918;11,0;11,512;11,0;12,577;11,0;1435,357;149,68;446,809;53,47;43,366;14,26;1,784;10,11;1,649;10,08;0,246;10,0;1,926;21,481;0,54;29,184;3,41;5,52;0,57;2,953;1,47;940,775;1,0;"";"";20,666;2,41;57,802;11,46;"";"";13,218;19,93;13,0;"";"";"";"";"";"";"";"";"";"";"";"";"";"";"";"";"";"";"";"";"";"";"";"";"";"";"";"";"";"";"";"";"";"";"";"";"";"";"";"";"";"";"";"";"";"";"";"";"";"";"";"";"";"";"";"";"";"";"";"";"";"";"";"";""
09.12.2022 14:27:55;1670592475000;880f01e687e2572cea04e80fc6a68085;929319;OK;1802;0;1;0;0;-0,0;-32,8;0;0;609;643;"";212,067;31,81;591,088;67,73;20,885;0,85;1,628;0,23;10,41;1,59;8,438;11,0;10,904;11,02;11,385;11,04;1310,67;137,51;412,201;50,08;42,993;14,34;2,38;10,11;0,29;10,01;0,025;10,0;1,696;21,5;0,54;29,095;3,41;5,509;0,57;2,926;1,47;940,762;1,0;"";"";20,549;2,41;57,179;11,43;"";"";13,522;19,84;69,8;"";"";"";"";"";"";"";"";"";"";"";"";"";"";"";"";"";"";"";"";"";"";"";"";"";"";"";"";"";"";"";"";"";"";"";"";"";"";"";"";"";"";"";"";"";"";"";"";"";"";"";"";"";"";"";"";"";"";"";"";"";"";"";"";""
09.12.2022 14:29:54;1670592594000;880f01e687e2572cea04e80fc6a68085;929438;OK;1806;0;0;0;0;0,12;19,54;0;0;587;621;"";225,9;33,88;621,486;68,64;20,885;0,85;1,63;0,23;10,592;1,59;9,012;11,0;10,999;11,0;11,506;11,0;1364,506;142,8;430,088;51,87;45,55;14,5;2,224;10,18;0,228;10,0;0,003;10,0;1,635;21,514;0,54;29,392;3,4;5,57;0,57;3,082;1,46;940,745;1,0;"";"";20,551;2,41;56,768;11,41;"";"";15,117;19,14;68,7;"";"";"";"";"";"";"";"";"";"";"";"";"";"";"";"";"";"";"";"";"";"";"";"";"";"";"";"";"";"";"";"";"";"";"";"";"";"";"";"";"";"";"";"";"";"";"";"";"";"";"";"";"";"";"";"";"";"";"";"";"";"";"";"";""
09.12.2022 14:31:55;1670592715000;880f01e687e2572cea04e80fc6a68085;929559;OK;1799;4;0;0;0;0,24;226,03;0;0;577;585;"";230,925;34,64;666,969;70,01;20,884;0,85;1,635;0,23;10,85;1,57;9,255;11,0;10,862;11,0;13,053;11,01;1395,701;145,85;439,126;52,71;38,613;13,86;3,849;10,25;3,186;10,18;0,0;10,0;2,604;21,524;0,54;29,488;3,4;5,591;0,57;3,137;1,45;940,7479;1,0;"";"";20,875;2,4;58,156;11,49;"";"";13,875;19,67;62,2;"";"";"";"";"";"";"";"";"";"";"";"";"";"";"";"";"";"";"";"";"";"";"";"";"";"";"";"";"";"";"";"";"";"";"";"";"";"";"";"";"";"";"";"";"";"";"";"";"";"";"";"";"";"";"";"";"";"";"";"";"";"";"";"";""
09.12.2022 14:33:55;1670592835000;880f01e687e2572cea04e80fc6a68085;929679;OK;1803;2;0;0;0;0,26;139,6;0;0;576;618;"";222,47;33,37;624,207;68,73001;20,888;0,85;1,635;0,23;10,834;1,57;9,294;11,0;11,355;11,02;13,011;11,03;1436,258;149,75;446,72;53,5;48,375;14,77;3,254;10,14;2,118;10,1;0,485;10,0;2,359;21,539;0,54;29,473;3,4;5,593;0,57;3,142;1,45;940,751;1,0;"";"";20,901;2,39;58,413;11,5;"";"";13,09;19,97;13,0;"";"";"";"";"";"";"";"";"";"";"";"";"";"";"";"";"";"";"";"";"";"";"";"";"";"";"";"";"";"";"";"";"";"";"";"";"";"";"";"";"";"";"";"";"";"";"";"";"";"";"";"";"";"";"";"";"";"";"";"";"";"";"";"";""
09.12.2022 14:35:56;1670592956000;880f01e687e2572cea04e80fc6a68085;929800;OK;1802;0;1;0;0;0,04;-118,94;0;0;560;640;"";216,233;32,44;595,888;67,88;20,889;0,85;1,633;0,23;10,74;1,58;9,723;11,0;11,65;11,0;12,778;11,01;1416,878;147,86;441,564;53,0;48,473;14,77;1,653;10,16;1,092;10,09;0,188;10,0;1,959;21,552;0,54;29,368;3,4;5,577;0,57;3,104;1,46;940,776;1,0;"";"";20,687;2,4;57,871;11,47;"";"";13,009;20,0;13,0;"";"";"";"";"";"";"";"";"";"";"";"";"";"";"";"";"";"";"";"";"";"";"";"";"";"";"";"";"";"";"";"";"";"";"";"";"";"";"";"";"";"";"";"";"";"";"";"";"";"";"";"";"";"";"";"";"";"";"";"";"";"";"";"";""
09.12.2022 14:37:57;1670593077000;880f01e687e2572cea04e80fc6a68085;929920;OK;1792;0;1;0;0;-0,07;-258,04;0;0;621;646;"";213,149;31,97;587,708;67,63;20,889;0,85;1,632;0,23;10,655;1,58;8,151;11,0;10,15;11,0;13,572;11,22;1410,364;147,26;433,682;52,25;43,857;14,34;7,106;10,74;4,486;10,46;0,019;10,0;3,413;21,561;0,54;29,34;3,4;5,575;0,57;3,098;1,46;940,7869;1,0;"";"";20,553;2,41;57,466;11,45;"";"";13,001;20,0;13,0;"";"";"";"";"";"";"";"";"";"";"";"";"";"";"";"";"";"";"";"";"";"";"";"";"";"";"";"";"";"";"";"";"";"";"";"";"";"";"";"";"";"";"";"";"";"";"";"";"";"";"";"";"";"";"";"";"";"";"";"";"";"";"";"";""
09.12.2022 14:39:58;1670593198000;880f01e687e2572cea04e80fc6a68085;930041;OK;1798;0;1;0;0;-0,08;-106,2;0;0;577;648;"";211,735;31,76;583,415;67,5;20,89;0,85;1,632;0,23;10,547;1,59;9,242;11,0;11,357;11,0;12,661;11,03;1397,85;146,12;430,434;51,83;52,249;15,07;3,428;10,39;1,496;10,12;0,404;10,05;2,132;21,579;0,54;29,24;3,41;5,562;0,57;3,065;1,46;940,802;1,0;"";"";20,193;2,43;57,096;11,44;"";"";13,228;19,91;57,1;"";"";"";"";"";"";"";"";"";"";"";"";"";"";"";"";"";"";"";"";"";"";"";"";"";"";"";"";"";"";"";"";"";"";"";"";"";"";"";"";"";"";"";"";"";"";"";"";"";"";"";"";"";"";"";"";"";"";"";"";"";"";"";"";""
09.12.2022 14:41:58;1670593318000;880f01e687e2572cea04e80fc6a68085;930162;OK;1793;0;0;0;0;-0,04;-10,13;0;0;577;639;"";212,45;31,87;595,195;67,86;20,89;0,85;1,631;0,23;10,497;1,59;9,268;11,0;11,801;11,0;12,787;11,0;1431,104;149,25;444,978;53,28;53,706;15,26;2,471;10,15;1,175;10,01;0,333;10,01;1,968;21,589;0,54;29,288;3,4;5,574;0,57;3,097;1,46;940,834;1,0;"";"";19,997;2,44;56,371;11,4;"";"";12,894;20,49;13,0;"";"";"";"";"";"";"";"";"";"";"";"";"";"";"";"";"";"";"";"";"";"";"";"";"";"";"";"";"";"";"";"";"";"";"";"";"";"";"";"";"";"";"";"";"";"";"";"";"";"";"";"";"";"";"";"";"";"";"";"";"";"";"";"";""
09.12.2022 14:44:00;1670593440000;880f01e687e2572cea04e80fc6a68085;930283;OK;1806;2;0;0;0;0,19;105,54;0;0;578;618;"";216,94;32,54;625,315;68,76;20,883;0,85;1,632;0,23;10,791;1,58;9,226;11,0;12,084;11,0;13,005;11,07;1452,046;151,32;449,718;53,79;53,495;15,31;1,94;10,1;1,392;10,01;0,322;10,0;1,927;21,602;0,54;29,619;3,4;5,642;0,57;3,268;1,44;940,844;1,0;"";"";20,035;2,44;57,486;11,46;"";"";12,989;20,05;13,0;"";"";"";"";"";"";"";"";"";"";"";"";"";"";"";"";"";"";"";"";"";"";"";"";"";"";"";"";"";"";"";"";"";"";"";"";"";"";"";"";"";"";"";"";"";"";"";"";"";"";"";"";"";"";"";"";"";"";"";"";"";"";"";"";""
09.12.2022 14:46:00;1670593560000;880f01e687e2572cea04e80fc6a68085;930403;OK;1799;3;0;0;0;0,28;165,82;0;0;571;607;"";217,967;32,7;637,387;69,12;20,886;0,85;1,633;0,23;10,947;1,57;9,406;11,0;13,656;11,06;14,533;11,27;1490,622;155,06;468,759;55,59;64,879;16,28;4,387;10,47;1,071;10,03;0,211;10,0;1,959;21,625;0,54;29,574;3,4;5,64;0,57;3,266;1,44;940,836;1,0;"";"";20,036;2,44;58,811;11,53;"";"";26,92;15,53;81,8;"";"";"";"";"";"";"";"";"";"";"";"";"";"";"";"";"";"";"";"";"";"";"";"";"";"";"";"";"";"";"";"";"";"";"";"";"";"";"";"";"";"";"";"";"";"";"";"";"";"";"";"";"";"";"";"";"";"";"";"";"";"";"";"";""
09.12.2022 14:48:00;1670593680000;880f01e687e2572cea04e80fc6a68085;930523;OK;1812;6;0;0;0;0,32;322,69;0;0;572;546;"";241,068;36,16;719,036;71,57;20,875;0,85;1,637;0,23;11,569;1,56;9,385;11,0;11,778;11,01;12,684;11,03;1412,424;147,44;438,727;52,64;46,317;14,56;1,787;10,14;1,1;10,0;0,022;10,0;1,91;21,65;0,54;29,777;3,39;5,687;0,57;3,384;1,43;940,833;1,0;"";"";20,213;2,43;60,509;11,62;"";"";14,436;19,54;13,0;"";"";"";"";"";"";"";"";"";"";"";"";"";"";"";"";"";"";"";"";"";"";"";"";"";"";"";"";"";"";"";"";"";"";"";"";"";"";"";"";"";"";"";"";"";"";"";"";"";"";"";"";"";"";"";"";"";"";"";"";"";"";"";"";""
09.12.2022 14:50:01;1670593801000;880f01e687e2572cea04e80fc6a68085;930644;OK;1787;4;0;0;0;0,0;241,42;0;0;554;564;"";234,868;35,23;688,957;70,67;20,877;0,85;1,64;0,23;11,707;1,57;9,868;11,0;11,885;11,0;13,071;11,0;1450,311;151,14;455,041;54,3;47,344;14,62;3,058;10,37;1,576;10,13;0,47;10,0;2,002;21,666;0,54;29,459;3,4;5,632;0,57;3,246;1,45;940,83;1,0;"";"";20,394;2,42;60,461;11,62;"";"";13,148;19,95;13,0;"";"";"";"";"";"";"";"";"";"";"";"";"";"";"";"";"";"";"";"";"";"";"";"";"";"";"";"";"";"";"";"";"";"";"";"";"";"";"";"";"";"";"";"";"";"";"";"";"";"";"";"";"";"";"";"";"";"";"";"";"";"";"";"";""
09.12.2022 14:52:01;1670593921000;880f01e687e2572cea04e80fc6a68085;930764;OK;1788;0;0;0;0;-0,31;-19,21;0;0;554;596;"";221,474;33,22;640,313;69,21;20,886;0,85;1,64;0,23;11,344;1,56;9,868;11,0;11,561;11,0;12,484;11,0;1512,534;157,18;469,904;55,73;48,118;14,72;2,06;10,05;1,048;10,03;0,093;10,0;1,85;21,679;0,54;29,031;3,41;5,554;0,58;3,05;1,48;940,83;1,0;"";"";20,014;2,44;58,349;11,51;"";"";13,933;20,49;54,7;"";"";"";"";"";"";"";"";"";"";"";"";"";"";"";"";"";"";"";"";"";"";"";"";"";"";"";"";"";"";"";"";"";"";"";"";"";"";"";"";"";"";"";"";"";"";"";"";"";"";"";"";"";"";"";"";"";"";"";"";"";"";"";"";""
09.12.2022 14:54:02;1670594042000;880f01e687e2572cea04e80fc6a68085;930885;OK;1810;0;1;0;0;-0,33;-264,76;0;0;565;596;"";225,395;33,81;642,335;69,27;20,885;0,85;1,64;0,23;11,124;1,56;9,584;11,0;12,056;11,02;12,669;11,02;1401,815;146,4;444,856;53,3;37,795;13,73;3,187;10,32;1,066;10,0;0,01;10,0;1,704;21,701;0,54;29,244;3,4;5,602;0,58;3,172;1,47;940,8449;1,0;"";"";19,833;2,45;57,83;11,49;"";"";27,472;15,72;79,5;"";"";"";"";"";"";"";"";"";"";"";"";"";"";"";"";"";"";"";"";"";"";"";"";"";"";"";"";"";"";"";"";"";"";"";"";"";"";"";"";"";"";"";"";"";"";"";"";"";"";"";"";"";"";"";"";"";"";"";"";"";"";"";"";""
09.12.2022 14:56:03;1670594163000;880f01e687e2572cea04e80fc6a68085;931006;OK;1791;0;1;0;0;-0,34;-56,87;0;0;529;579;"";201,267;30,19;654,582;69,64;20,89;0,85;1,639;0,23;10,473;1,59;10,583;11,0;13,246;11,0;14,137;11,17;1546,39;160,48;480,233;56,76;50,213;14,94;3,406;10,34;1,067;10,0;0,001;10,0;1,83;21,701;0,54;28,484;3,42;5,456;0,58;2,799;1,51;940,86;1,0;"";"";19,295;2,47;52,734;11,22;"";"";14,816;19,43;44,3;"";"";"";"";"";"";"";"";"";"";"";"";"";"";"";"";"";"";"";"";"";"";"";"";"";"";"";"";"";"";"";"";"";"";"";"";"";"";"";"";"";"";"";"";"";"";"";"";"";"";"";"";"";"";"";"";"";"";"";"";"";"";"";"";""
09.12.2022 14:58:03;1670594283000;880f01e687e2572cea04e80fc6a68085;931126;OK;1824;0;1;0;0;-0,84;-237,14;0;0;535;668;"";147,092;22,06;539,824;66,19;20,904;0,85;1,632;0,23;9,331;1,65;10,404;11,0;14,173;11,08;15,871;11,61;1627,764;168,37;508,371;59,54;74,634;17,3;4,21;10,42;1,56;10,09;0,62;10,01;2,28;21,647;0,54;27,574;3,44;5,266;0,59;2,296;1,57;940,8649;1,0;"";"";17,969;2,54;39,352;10,52;"";"";12,997;20,8;13,0;"";"";"";"";"";"";"";"";"";"";"";"";"";"";"";"";"";"";"";"";"";"";"";"";"";"";"";"";"";"";"";"";"";"";"";"";"";"";"";"";"";"";"";"";"";"";"";"";"";"";"";"";"";"";"";"";"";"";"";"";"";"";"";"";""
09.12.2022 15:00:05;1670594405000;880f01e687e2572cea04e80fc6a68085;931248;OK;1808;0;1;0;0;-1,25;-510,97;0;0;551;711;"";125,379;18,81;490,652;64,72;20,909;0,85;1,624;0,23;8,381;1,69;9,965;11,0;12,54;11,12;13,04;11,19;1484,138;154,48;465,608;55,31;49,039;14,78;1,218;10,08;0,495;10,01;0,06400001;10,0;1,584;21,582;0,54;27,232;3,45;5,181;0,59;2,065;1,6;940,877;1,0;"";"";16,728;2,6;29,105;9,98;"";"";13,757;19,71;41,7;"";"";"";"";"";"";"";"";"";"";"";"";"";"";"";"";"";"";"";"";"";"";"";"";"";"";"";"";"";"";"";"";"";"";"";"";"";"";"";"";"";"";"";"";"";"";"";"";"";"";"";"";"";"";"";"";"";"";"";"";"";"";"";"";""
09.12.2022 15:02:04;1670594524000;880f01e687e2572cea04e80fc6a68085;931367;OK;1788;0;1;0;0;-0,83;-524,11;0;0;514;721;"";119,708;17,96;483,828;64,51;20,905;0,85;1,615;0,23;8,039;1,71;11,0;11,0;13,052;11,05;14,047;11,11;1611,479;166,83;508,989;59,51;50,217;14,94;1,62;10,01;1,543;10,0;0,007;10,0;1,83;21,505;0,54;27,319;3,45;5,174;0,58;2,044;1,59;940,895;1,0;"";"";16,111;2,63;25,504;9,79;"";"";22,228;16,61;76,4;"";"";"";"";"";"";"";"";"";"";"";"";"";"";"";"";"";"";"";"";"";"";"";"";"";"";"";"";"";"";"";"";"";"";"";"";"";"";"";"";"";"";"";"";"";"";"";"";"";"";"";"";"";"";"";"";"";"";"";"";"";"";"";"";""
09.12.2022 15:04:05;1670594645000;880f01e687e2572cea04e80fc6a68085;931488;OK;1801;0;1;0;0;-0,09;-92,49;0;0;515;713;"";126,916;19,04;498,884;64,97;20,899;0,85;1,611;0,23;8,699;1,68;10,973;11,0;14,669;11,4;16,738;11,6;1664,301;171,93;525,077;61,14;74,259;17,27;5,355;10,58;2,461;10,13;0,422;10,0;2,396;21,441;0,54;27,656;3,44;5,218;0,58;2,16;1,57;940,932;1,0;"";"";16,098;2,63;22,857;9,65;"";"";13,952;19,65;13,0;"";"";"";"";"";"";"";"";"";"";"";"";"";"";"";"";"";"";"";"";"";"";"";"";"";"";"";"";"";"";"";"";"";"";"";"";"";"";"";"";"";"";"";"";"";"";"";"";"";"";"";"";"";"";"";"";"";"";"";"";"";"";"";"";""
09.12.2022 15:06:05;1670594765000;880f01e687e2572cea04e80fc6a68085;931608;OK;1787;1;0;0;0;0,23;75,76;0;0;526;708;"";132,626;19,89;508,471;65,25;20,901;0,85;1,607;0,23;9,891;1,62;10,666;11,0;13,753;11,06;14,527;11,22;1597,892;165,41;503,646;59,0;63,286;16,17;3,697;10,22;0,441;10,01;0,044;10,0;1,774;21,407;0,54;27,863;3,44;5,248;0,58;2,237;1,55;940,947;1,0;"";"";16,507;2,61;24,122;9,71;"";"";13,098;19,96;13,0;"";"";"";"";"";"";"";"";"";"";"";"";"";"";"";"";"";"";"";"";"";"";"";"";"";"";"";"";"";"";"";"";"";"";"";"";"";"";"";"";"";"";"";"";"";"";"";"";"";"";"";"";"";"";"";"";"";"";"";"";"";"";"";"";""
09.12.2022 15:08:05;1670594885000;880f01e687e2572cea04e80fc6a68085;931729;OK;1790;1;0;0;0;0,33;89,1;0;0;560;706;"";138,941;20,84;513,09;65,39;20,905;0,85;1,605;0,23;11,226;1,57;9,7;11,0;11,798;11,03;13,2;11,07;1533,932;159,31;477,63;56,51;43,414;14,28;3,488;10,25;1,908;10,07;0,004;10,0;2,2;21,4;0,54;28,089;3,43;5,288;0,58;2,344;1,54;940,947;1,0;"";"";17,31;2,57;29,041;9,97;"";"";13,01;20,0;13,0;"";"";"";"";"";"";"";"";"";"";"";"";"";"";"";"";"";"";"";"";"";"";"";"";"";"";"";"";"";"";"";"";"";"";"";"";"";"";"";"";"";"";"";"";"";"";"";"";"";"";"";"";"";"";"";"";"";"";"";"";"";"";"";"";""
09.12.2022 15:10:06;1670595006000;880f01e687e2572cea04e80fc6a68085;931849;OK;1785;1;0;0;0;0,28;42,87;0;0;564;705;"";148,108;22,22;516,196;65,49;20,901;0,85;1,603;0,23;12,521;1,61;9,591;11,0;12,351;11,02;13,685;11,27;1516,992;157,65;475,068;56,22;51,166;14,98;5,309;10,55;2,738;10,32;0,0;10,0;2,071;21,405;0,54;28,28;3,43;5,325;0,57;2,443;1,52;940,952;1,0;"";"";18,11;2,53;34,46;10,25;"";"";13,001;20,0;13,0;"";"";"";"";"";"";"";"";"";"";"";"";"";"";"";"";"";"";"";"";"";"";"";"";"";"";"";"";"";"";"";"";"";"";"";"";"";"";"";"";"";"";"";"";"";"";"";"";"";"";"";"";"";"";"";"";"";"";"";"";"";"";"";"";""
09.12.2022 15:12:07;1670595127000;880f01e687e2572cea04e80fc6a68085;931970;OK;1801;1;0;0;0;0,42;51,46;0;0;558;699;"";160,076;24,01;528,354;65,85;20,9;0,85;1,604;0,23;13,686;1,67;9,778;11,0;12,489;11,01;13,134;11,07;1514,362;157,31;472,126;55,95;56,608;15,48;2,444;10,17;1,056;10,06;0,0;10,0;1,701;21,408;0,54;28,72;3,42;5,409;0,57;2,664;1,5;940,952;1,0;"";"";19,357;2,47;40,824;10,58;"";"";13,0;20,0;13,0;"";"";"";"";"";"";"";"";"";"";"";"";"";"";"";"";"";"";"";"";"";"";"";"";"";"";"";"";"";"";"";"";"";"";"";"";"";"";"";"";"";"";"";"";"";"";"";"";"";"";"";"";"";"";"";"";"";"";"";"";"";"";"";"";""
09.12.2022 15:14:06;1670595246000;880f01e687e2572cea04e80fc6a68085;932089;OK;1806;1;0;0;0;0,54;76,49;0;0;588;693;"";170,885;25,63;539,273;66,18;20,896;0,85;1,604;0,23;14,804;1,73;8,983;11,0;10,281;11,0;10,793;11,01;1363,326;142,64;431,498;51,93;37,46;13,72;1,152;10,02;0,621;10,01;0,0;10,0;1,568;21,414;0,54;29,044;3,41;5,472;0,57;2,827;1,48;940,957;1,0;"";"";20,533;2,41;46,934;10,89;"";"";13,0;20,0;13,0;"";"";"";"";"";"";"";"";"";"";"";"";"";"";"";"";"";"";"";"";"";"";"";"";"";"";"";"";"";"";"";"";"";"";"";"";"";"";"";"";"";"";"";"";"";"";"";"";"";"";"";"";"";"";"";"";"";"";"";"";"";"";"";"";""
09.12.2022 15:16:07;1670595367000;880f01e687e2572cea04e80fc6a68085;932210;OK;1800;1;0;0;0;0,51;62,95;0;0;537;697;"";174,141;26,12;536,384;66,09;20,894;0,85;1,605;0,23;15,66;1,77;10,369;11,0;12,818;11,24;13,597;11,27;1548,492;160,68;481,13;56,81;49,481;14,93;2,108;10,1;1,299;10,0;0,245;10,0;1,756;21,424;0,54;29,214;3,41;5,507;0,57;2,918;1,47;940,975;1,0;"";"";21,438;2,37;52,076;11,16;"";"";13,0;20,0;13,0;"";"";"";"";"";"";"";"";"";"";"";"";"";"";"";"";"";"";"";"";"";"";"";"";"";"";"";"";"";"";"";"";"";"";"";"";"";"";"";"";"";"";"";"";"";"";"";"";"";"";"";"";"";"";"";"";"";"";"";"";"";"";"";"";""
09.12.2022 15:18:06;1670595486000;880f01e687e2572cea04e80fc6a68085;932329;OK;1800;0;0;0;0;0,28;14,67;0;0;562;698;"";173,04;25,96;534,614;66,04;20,895;0,85;1,606;0,23;16,12;1,8;9,666;11,0;11,885;11,03;13,384;11,2;1469,244;152,93;459,572;54,62;49,413;14,89;3,24;10,23;1,814;10,17;0,408;10,0;2,144;21,43;0,54;29,232;3,41;5,513;0,57;2,932;1,46;941,0;1,0;"";"";22,02;2,34;55,782;11,36;"";"";13,0;20,0;13,0;"";"";"";"";"";"";"";"";"";"";"";"";"";"";"";"";"";"";"";"";"";"";"";"";"";"";"";"";"";"";"";"";"";"";"";"";"";"";"";"";"";"";"";"";"";"";"";"";"";"";"";"";"";"";"";"";"";"";"";"";"";"";"";"";""
09.12.2022 15:20:06;1670595606000;880f01e687e2572cea04e80fc6a68085;932450;OK;1786;0;0;0;0;0,17;-8,97;0;0;535;697;"";174,758;26,21;537,004;66,11;20,894;0,85;1,606;0,23;16,365;1,81;10,427;11,0;13,78;11,29;14,399;11,35;1459,685;152,04;452,652;54,04;59,364;15,77;3,142;10,28;0,828;10,02;0,042;10,0;1,715;21,435;0,54;29,368;3,4;5,54;0,57;3,003;1,46;941,0219;1,0;"";"";22,524;2,32;58,33;11,49;"";"";13,0;20,0;13,0;"";"";"";"";"";"";"";"";"";"";"";"";"";"";"";"";"";"";"";"";"";"";"";"";"";"";"";"";"";"";"";"";"";"";"";"";"";"";"";"";"";"";"";"";"";"";"";"";"";"";"";"";"";"";"";"";"";"";"";"";"";"";"";"";""
09.12.2022 15:22:09;1670595729000;880f01e687e2572cea04e80fc6a68085;932572;OK;1793;0;0;0;0;0,1;-12,26;0;0;555;701;"";176,319;26,45;531,954;65,96;20,894;0,85;1,607;0,23;16,436;1,81;9,87;11,0;12,885;11,15;14,124;11,24;1515,872;157,5;476,438;56,39;55,621;15,42;4,497;10,51;2,636;10,26;0,295;10,0;2,115;21,44;0,54;29,354;3,4;5,539;0,57;3,0;1,46;941,054;1,0;"";"";22,728;2,31;60,421;11,6;"";"";13,0;20,0;13,0;"";"";"";"";"";"";"";"";"";"";"";"";"";"";"";"";"";"";"";"";"";"";"";"";"";"";"";"";"";"";"";"";"";"";"";"";"";"";"";"";"";"";"";"";"";"";"";"";"";"";"";"";"";"";"";"";"";"";"";"";"";"";"";"";""
09.12.2022 15:24:08;1670595848000;880f01e687e2572cea04e80fc6a68085;932692;OK;1793;0;0;0;0;0,08;-22,05;0;0;572;703;"";175,044;26,26;529,117;65,87;20,894;0,85;1,607;0,23;16,343;1,81;9,394;11,0;12,231;11,02;12,943;11,03;1490,399;155,08;468,259;55,6;55,258;15,42;2,629;10,26;1,008;10,03;0,031;10,0;1,8;21,441;0,54;29,335;3,41;5,536;0,57;2,992;1,46;941,074;1,0;"";"";22,847;2,3;61,703;11,66;"";"";13,0;20,0;13,0;"";"";"";"";"";"";"";"";"";"";"";"";"";"";"";"";"";"";"";"";"";"";"";"";"";"";"";"";"";"";"";"";"";"";"";"";"";"";"";"";"";"";"";"";"";"";"";"";"";"";"";"";"";"";"";"";"";"";"";"";"";"";"";"";""
09.12.2022 15:26:09;1670595969000;880f01e687e2572cea04e80fc6a68085;932813;OK;1807;0;1;0;0;0,0;-44,65;0;0;555;712;"";175,413;26,31;519,801;65,59;20,896;0,85;1,608;0,23;16,18;1,8;9,854;11,0;12,717;11,05;13,782;11,26;1539,995;159,86;481,853;56,9;56,04;15,49;2,439;10,19;1,596;10,09;0,003;10,0;1,95;21,445;0,54;29,348;3,4;5,539;0,57;3,001;1,46;941,098;1,0;"";"";22,852;2,3;62,064;11,68;"";"";13,0;20,0;13,0;"";"";"";"";"";"";"";"";"";"";"";"";"";"";"";"";"";"";"";"";"";"";"";"";"";"";"";"";"";"";"";"";"";"";"";"";"";"";"";"";"";"";"";"";"";"";"";"";"";"";"";"";"";"";"";"";"";"";"";"";"";"";"";"";""
09.12.2022 15:28:10;1670596090000;880f01e687e2572cea04e80fc6a68085;932934;OK;1792;0;1;0;0;0,04;-48,45;0;0;573;715;"";176,06;26,41;516,288;65,49;20,899;0,85;1,608;0,23;15,972;1,79;9,358;11,0;10,937;11,01;11,632;11,03;1400,723;146,29;438,793;52,72;37,866;13,76;0,999;10,09;0,854;10,07;0,0;10,0;1,684;21,446;0,54;29,386;3,4;5,547;0,57;3,02;1,46;941,124;1,0;"";"";22,784;2,3;62,026;11,68;"";"";13,0;20,0;13,0;"";"";"";"";"";"";"";"";"";"";"";"";"";"";"";"";"";"";"";"";"";"";"";"";"";"";"";"";"";"";"";"";"";"";"";"";"";"";"";"";"";"";"";"";"";"";"";"";"";"";"";"";"";"";"";"";"";"";"";"";"";"";"";"";""
09.12.2022 15:30:10;1670596210000;880f01e687e2572cea04e80fc6a68085;933053;OK;1811;0;1;0;0;-0,03;-47,33;0;0;574;718;"";172,624;25,89;511,171;65,34;20,897;0,85;1,608;0,23;15,69;1,77;9,33;11,0;11,354;11,0;12,574;11,0;1432,925;149,47;448,476;53,65;40,352;14,04;3,255;10,29;1,056;10,07;0,0;10,0;2,085;21,447;0,54;29,288;3,41;5,529;0,57;2,974;1,46;941,1469;1,0;"";"";22,661;2,31;62,012;11,68;"";"";21,649;16,83;77,9;"";"";"";"";"";"";"";"";"";"";"";"";"";"";"";"";"";"";"";"";"";"";"";"";"";"";"";"";"";"";"";"";"";"";"";"";"";"";"";"";"";"";"";"";"";"";"";"";"";"";"";"";"";"";"";"";"";"";"";"";"";"";"";"";""
09.12.2022 15:32:10;1670596330000;880f01e687e2572cea04e80fc6a68085;933173;OK;1793;0;1;0;0;-0,01;-32,53;0;0;544;722;"";170,891;25,63;507,886;65,24;20,902;0,85;1,608;0,23;15,532;1,77;10,166;11,0;11,897;11,03;13,002;11,06;1526,948;158,54;485,355;57,2;45,585;14,47;2,455;10,26;1,429;10,05;0,0;10,0;1,966;21,455;0,54;29,379;3,4;5,548;0,57;3,025;1,46;941,184;1,0;"";"";22,493;2,32;63,352;11,75;"";"";13,892;19,67;13,0;"";"";"";"";"";"";"";"";"";"";"";"";"";"";"";"";"";"";"";"";"";"";"";"";"";"";"";"";"";"";"";"";"";"";"";"";"";"";"";"";"";"";"";"";"";"";"";"";"";"";"";"";"";"";"";"";"";"";"";"";"";"";"";"";""
09.12.2022 15:34:10;1670596450000;880f01e687e2572cea04e80fc6a68085;933294;OK;1788;0;0;0;0;-0,0;-24,91;0;0;553;722;"";167,256;25,09;507,079;65,21;20,903;0,85;1,609;0,23;15,218;1,75;9,9;11,0;12,357;11,0;14,444;11,36;1498,879;155,84;471,732;55,9;52,284;15,17;5,064;10,53;3,3;10,39;0,0;10,0;2,486;21,472;0,54;29,321;3,41;5,543;0,57;3,011;1,46;941,215;1,0;"";"";22,389;2,32;63,691;11,77;"";"";13,092;19,97;13,0;"";"";"";"";"";"";"";"";"";"";"";"";"";"";"";"";"";"";"";"";"";"";"";"";"";"";"";"";"";"";"";"";"";"";"";"";"";"";"";"";"";"";"";"";"";"";"";"";"";"";"";"";"";"";"";"";"";"";"";"";"";"";"";"";""
09.12.2022 15:36:12;1670596572000;880f01e687e2572cea04e80fc6a68085;933415;OK;1799;0;0;0;0;0,16;-8,05;0;0;562;722;"";169,868;25,48;509,024;65,27;20,899;0,85;1,609;0,23;15,21;1,75;9,651;11,0;12,044;11,0;13,303;11,07;1435,48;149,74;451,012;53,88;49,347;14,84;3,254;10,29;1,883;10,15;0,0;10,0;2,054;21,491;0,54;29,537;3,4;5,59;0,57;3,132;1,45;941,243;1,0;"";"";22,532;2,32;64,266;11,8;"";"";13,009;20,0;13,0;"";"";"";"";"";"";"";"";"";"";"";"";"";"";"";"";"";"";"";"";"";"";"";"";"";"";"";"";"";"";"";"";"";"";"";"";"";"";"";"";"";"";"";"";"";"";"";"";"";"";"";"";"";"";"";"";"";"";"";"";"";"";"";"";""
09.12.2022 15:38:11;1670596691000;880f01e687e2572cea04e80fc6a68085;933535;OK;1801;0;0;0;0;0,15;18,54;0;0;574;716;"";168,515;25,28;514,652;65,44;20,897;0,85;1,609;0,23;15,137;1,75;9,357;11,0;11,684;11,0;13,843;11,13;1444,802;150,59;453,018;54,13;52,324;15,16;5,346;10,47;2,648;10,19;0,0;10,0;2,601;21,508;0,54;29,49;3,4;5,586;0,57;3,124;1,45;941,242;1,0;"";"";22,584;2,31;64,57;11,82;"";"";13,001;20,0;13,0;"";"";"";"";"";"";"";"";"";"";"";"";"";"";"";"";"";"";"";"";"";"";"";"";"";"";"";"";"";"";"";"";"";"";"";"";"";"";"";"";"";"";"";"";"";"";"";"";"";"";"";"";"";"";"";"";"";"";"";"";"";"";"";"";""
09.12.2022 15:40:12;1670596812000;880f01e687e2572cea04e80fc6a68085;933656;OK;1805;1;0;0;0;0,21;59,6;0;0;571;705;"";173,031;25,95;529,206;65,88;20,896;0,85;1,61;0,23;15,208;1,75;9,443;11,0;10,979;11,0;12,884;11,22;1472,798;153,35;457,588;54,58;36,059;13,56;2,801;10,21;2,201;10,13;0,11;10,0;2,416;21,519;0,54;29,676;3,4;5,625;0,57;3,223;1,44;941,243;1,0;"";"";22,599;2,31;64,626;11,83;"";"";13,0;20,0;13,0;"";"";"";"";"";"";"";"";"";"";"";"";"";"";"";"";"";"";"";"";"";"";"";"";"";"";"";"";"";"";"";"";"";"";"";"";"";"";"";"";"";"";"";"";"";"";"";"";"";"";"";"";"";"";"";"";"";"";"";"";"";"";"";"";""
09.12.2022 15:42:12;1670596932000;880f01e687e2572cea04e80fc6a68085;933775;OK;1810;1;0;0;0;0,15;89,88;0;0;561;698;"";177,869;26,68;538,25;66,15;20,893;0,85;1,611;0,23;15,376;1,76;9,704;11,0;12,756;11,06;13,646;11,3;1556,59;161,51;482,248;56,96;54,521;15,33;1,382;10,14;0,984;10,11;0,367;10,0;1,843;21,531;0,54;29,746;3,4;5,642;0,57;3,266;1,43;941,232;1,0;"";"";22,552;2,32;65,782;11,89;"";"";13,175;19,9;29,6;"";"";"";"";"";"";"";"";"";"";"";"";"";"";"";"";"";"";"";"";"";"";"";"";"";"";"";"";"";"";"";"";"";"";"";"";"";"";"";"";"";"";"";"";"";"";"";"";"";"";"";"";"";"";"";"";"";"";"";"";"";"";"";"";""
09.12.2022 15:44:12;1670597052000;880f01e687e2572cea04e80fc6a68085;933895;OK;1790;1;0;0;0;0,18;85,97;0;0;551;693;"";182,303;27,35;544,2329;66,33;20,893;0,85;1,613;0,23;15,586;1,77;9,951;11,0;12,316;11,01;14,59;11,32;1500,428;155,9;470,562;55,74;54,122;15,32;3,662;10,36;2,983;10,26;0,038;10,0;2,562;21,549;0,54;29,801;3,39;5,659;0,57;3,308;1,43;941,215;1,0;"";"";22,574;2,31;67,546;11,98;"";"";13,018;19,99;13,0;"";"";"";"";"";"";"";"";"";"";"";"";"";"";"";"";"";"";"";"";"";"";"";"";"";"";"";"";"";"";"";"";"";"";"";"";"";"";"";"";"";"";"";"";"";"";"";"";"";"";"";"";"";"";"";"";"";"";"";"";"";"";"";"";""
09.12.2022 15:46:13;1670597173000;880f01e687e2572cea04e80fc6a68085;934016;OK;1797;1;0;0;0;0,08;43,48;0;0;525;692;"";181,653;27,25;543,402;66,30001;20,891;0,85;1,613;0,23;15,525;1,77;10,672;11,0;13,174;11,03;14,975;11,39;1579,891;163,66;494,806;58,1;57,067;15,62;3,289;10,15;2,102;10,13;0,004;10,0;2,274;21,567;0,54;29,771;3,39;5,659;0,57;3,309;1,43;941,204;1,0;"";"";22,504;2,32;68,591;12,04;"";"";13,002;20,0;13,0;"";"";"";"";"";"";"";"";"";"";"";"";"";"";"";"";"";"";"";"";"";"";"";"";"";"";"";"";"";"";"";"";"";"";"";"";"";"";"";"";"";"";"";"";"";"";"";"";"";"";"";"";"";"";"";"";"";"";"";"";"";"";"";"";""
09.12.2022 15:48:13;1670597293000;880f01e687e2572cea04e80fc6a68085;934137;OK;1790;0;0;0;0;-0,05;-12,75;0;0;547;698;"";182,835;27,43;533,348;66,0;20,891;0,85;1,613;0,23;15,211;1,75;10,056;11,0;13,395;11,05;14,501;11,22;1522,825;158,22;477,754;56,49;71,34201;16,93;2,879;10,22;1,384;10,11;0,0;10,0;2,023;21,587;0,54;29,541;3,4;5,622;0,57;3,217;1,45;941,2009;1,0;"";"";22,314;2,33;67,697;11,99;"";"";13,0;20,0;13,0;"";"";"";"";"";"";"";"";"";"";"";"";"";"";"";"";"";"";"";"";"";"";"";"";"";"";"";"";"";"";"";"";"";"";"";"";"";"";"";"";"";"";"";"";"";"";"";"";"";"";"";"";"";"";"";"";"";"";"";"";"";"";"";"";""
09.12.2022 15:50:15;1670597415000;880f01e687e2572cea04e80fc6a68085;934258;OK;1808;0;1;0;0;-0,21;-52,97;0;0;533;700;"";182,738;27,41;527,587;65,83;20,9;0,85;1,615;0,23;14,914;1,73;10,453;11,0;12,266;11,0;14,107;11,08;1514,914;157,34;467,631;55,52;50,723;14,98;3,678;10,38;2,95;10,24;0,0;10,0;2,342;21,597;0,54;29,366;3,4;5,592;0,57;3,141;1,46;941,221;1,0;"";"";22,045;2,34;66,208;11,91;"";"";14,933;18,98;43,5;"";"";"";"";"";"";"";"";"";"";"";"";"";"";"";"";"";"";"";"";"";"";"";"";"";"";"";"";"";"";"";"";"";"";"";"";"";"";"";"";"";"";"";"";"";"";"";"";"";"";"";"";"";"";"";"";"";"";"";"";"";"";"";"";""
09.12.2022 15:52:15;1670597535000;880f01e687e2572cea04e80fc6a68085;934379;OK;1792;0;1;0;0;-0,04;-33,87;0;0;532;696;"";187,698;28,15;536,557;66,1;20,894;0,85;1,616;0,23;14,619;1,72;10,489;11,0;13,124;11,19;14,015;11,25;1502,815;156,21;469,034;55,67;51,213;15,05;2,649;10,23;1,2;10,08;0,0;10,0;1,832;21,608;0,54;29,686;3,4;5,656;0,57;3,304;1,44;941,241;1,0;"";"";22,107;2,34;66,13;11,91;"";"";13,282;19,85;13,0;"";"";"";"";"";"";"";"";"";"";"";"";"";"";"";"";"";"";"";"";"";"";"";"";"";"";"";"";"";"";"";"";"";"";"";"";"";"";"";"";"";"";"";"";"";"";"";"";"";"";"";"";"";"";"";"";"";"";"";"";"";"";"";"";""
09.12.2022 15:54:16;1670597656000;880f01e687e2572cea04e80fc6a68085;934500;OK;1797;1;0;0;0;0,28;77,89;0;0;551;676;"";189,948;28,49;562,27;66,87;20,893;0,85;1,617;0,23;14,557;1,72;9,963;11,0;13,905;11,38;15,647;11,59;1533,646;159,23;476,1;56,38;60,807;15,99;4,226;10,4;1,349;10,1;0,72;10,0;2,311;21,619;0,54;29,931;3,39;5,707;0,57;3,431;1,42;941,236;1,0;"";"";22,294;2,33;67,763;12,0;"";"";13,029;19,98;13,0;"";"";"";"";"";"";"";"";"";"";"";"";"";"";"";"";"";"";"";"";"";"";"";"";"";"";"";"";"";"";"";"";"";"";"";"";"";"";"";"";"";"";"";"";"";"";"";"";"";"";"";"";"";"";"";"";"";"";"";"";"";"";"";"";""
09.12.2022 15:56:16;1670597776000;880f01e687e2572cea04e80fc6a68085;934620;OK;1792;2;0;0;0;0,44;127,42;0;0;554;672;"";193,605;29,04;568,771;67,06;20,897;0,85;1,618;0,23;14,587;1,72;9,867;11,0;13,276;11,04;14,143;11,21;1544,699;160,4;483,657;57,08;60,649;15,84;2,038;10,14;0,626;10,01;0,561;10,0;1,861;21,634;0,54;30,058;3,39;5,736;0,57;3,504;1,42;941,232;1,0;"";"";22,398;2,32;68,853;12,06;"";"";13,003;20,0;13,0;"";"";"";"";"";"";"";"";"";"";"";"";"";"";"";"";"";"";"";"";"";"";"";"";"";"";"";"";"";"";"";"";"";"";"";"";"";"";"";"";"";"";"";"";"";"";"";"";"";"";"";"";"";"";"";"";"";"";"";"";"";"";"";"";""
09.12.2022 15:58:17;1670597897000;880f01e687e2572cea04e80fc6a68085;934740;OK;1804;1;0;0;0;0,22;94,64;0;0;550;669;"";193,015;28,95;570,205;67,11;20,897;0,85;1,619;0,23;14,51;1,71;9,981;11,0;11,798;11,0;12,136;11,02;1444,801;150,59;448,956;53,64;46,137;14,47;0,505;10,01;0,36;10,0;0,058;10,0;1,447;21,652;0,54;29,987;3,39;5,728;0,57;3,486;1,42;941,236;1,0;"";"";22,336;2,33;69,601;12,1;"";"";13,463;19,76;44,3;"";"";"";"";"";"";"";"";"";"";"";"";"";"";"";"";"";"";"";"";"";"";"";"";"";"";"";"";"";"";"";"";"";"";"";"";"";"";"";"";"";"";"";"";"";"";"";"";"";"";"";"";"";"";"";"";"";"";"";"";"";"";"";"";""
09.12.2022 16:00:18;1670598018000;880f01e687e2572cea04e80fc6a68085;934861;OK;1799;0;0;0;0;-0,12;-2,42;0;0;563;671;"";188,867;28,33;562,577;66,88;20,893;0,85;1,62;0,23;14,208;1,7;9,625;11,0;11,472;11,0;12,565;11,0;1460,72;152,15;451,18;53,91;46,611;14,59;1,185;10,08;1,17;10,08;0,239;10,0;1,95;21,665;0,54;29,624;3,4;5,663;0,57;3,324;1,44;941,26;1,0;"";"";22,048;2,34;68,001;12,01;"";"";13,323;19,86;55,0;"";"";"";"";"";"";"";"";"";"";"";"";"";"";"";"";"";"";"";"";"";"";"";"";"";"";"";"";"";"";"";"";"";"";"";"";"";"";"";"";"";"";"";"";"";"";"";"";"";"";"";"";"";"";"";"";"";"";"";"";"";"";"";"";""
09.12.2022 16:02:18;1670598138000;880f01e687e2572cea04e80fc6a68085;934982;OK;1787;0;1;0;0;-0,32;-26,97;0;0;530;672;"";187,962;28,19;559,406;66,78;20,896;0,85;1,619;0,23;13,832;1,68;10,553;11,0;14,03;11,27;14,973;11,32;1616,739;167,36;505,322;59,18;63,293;16,19;4,365;10,4;1,47;10,14;0,025;10,0;1,878;21,674;0,54;29,476;3,4;5,637;0,57;3,26;1,45;941,282;1,0;"";"";21,546;2,36;65,861;11,9;"";"";13,033;19,99;13,0;"";"";"";"";"";"";"";"";"";"";"";"";"";"";"";"";"";"";"";"";"";"";"";"";"";"";"";"";"";"";"";"";"";"";"";"";"";"";"";"";"";"";"";"";"";"";"";"";"";"";"";"";"";"";"";"";"";"";"";"";"";"";"";"";""
09.12.2022 16:04:19;1670598259000;880f01e687e2572cea04e80fc6a68085;935102;OK;1802;0;0;0;0;-0,29;-9,53;0;0;539;662;"";189,828;28,47;569,326;67,08;20,896;0,85;1,621;0,23;13,529;1,66;10,295;11,0;12,612;11,07;13,342;11,18;1555,922;161,37;476,951;56,47;49,616;14,79;1,723;10,15;0,981;10,1;0,003;10,0;1,653;21,672;0,54;29,398;3,4;5,622;0,57;3,222;1,46;941,299;1,0;"";"";21,13;2,38;63,726;11,79;"";"";13,003;20,0;13,0;"";"";"";"";"";"";"";"";"";"";"";"";"";"";"";"";"";"";"";"";"";"";"";"";"";"";"";"";"";"";"";"";"";"";"";"";"";"";"";"";"";"";"";"";"";"";"";"";"";"";"";"";"";"";"";"";"";"";"";"";"";"";"";"";""
09.12.2022 16:06:20;1670598380000;880f01e687e2572cea04e80fc6a68085;935223;OK;1795;1;0;0;0;-0,09;46,5;0;0;548;657;"";194,66;29,2;576,623;67,3;20,898;0,85;1,622;0,23;13,612;1,67;10,04;11,0;12,692;11,05;14,442;11,4;1503,462;156,35;468,68;55,67;48,615;14,76;4,191;10,43;1,963;10,25;0,086;10,0;2,236;21,668;0,54;29,455;3,4;5,632;0,57;3,246;1,45;941,288;1,0;"";"";20,912;2,4;62,388;11,72;"";"";14,192;19,34;38,3;"";"";"";"";"";"";"";"";"";"";"";"";"";"";"";"";"";"";"";"";"";"";"";"";"";"";"";"";"";"";"";"";"";"";"";"";"";"";"";"";"";"";"";"";"";"";"";"";"";"";"";"";"";"";"";"";"";"";"";"";"";"";"";"";""
09.12.2022 16:08:20;1670598500000;880f01e687e2572cea04e80fc6a68085;935343;OK;1790;1;0;0;0;0,02;40,43;0;0;544;662;"";197,288;29,59;569,934;67,1;20,897;0,85;1,623;0,23;13,789;1,68;10,154;11,0;12,717;11,07;13,773;11,16;1521,342;158,01;476,383;56,37;58,118;15,61;2,71;10,32;1,397;10,18;0,009;10,0;1,912;21,67;0,54;29,428;3,4;5,627;0,57;3,234;1,45;941,2869;1,0;"";"";20,909;2,4;63,027;11,76;"";"";13,123;19,93;13,0;"";"";"";"";"";"";"";"";"";"";"";"";"";"";"";"";"";"";"";"";"";"";"";"";"";"";"";"";"";"";"";"";"";"";"";"";"";"";"";"";"";"";"";"";"";"";"";"";"";"";"";"";"";"";"";"";"";"";"";"";"";"";"";"";""
09.12.2022 16:10:20;1670598620000;880f01e687e2572cea04e80fc6a68085;935464;OK;1784;0;1;0;0;-0,16;-64,93;0;0;554;680;"";187,985;28,2;544,1339;66,32;20,9;0,85;1,622;0,23;13,44;1,66;9,872;11,0;12,705;11,01;13,527;11,18;1551,59;161,05;483,354;57,01;68,876;16,7;2,703;10,24;0,822;10,05;0,001;10,0;1,815;21,671;0,54;29,141;3,41;5,573;0,58;3,097;1,47;941,301;1,0;"";"";20,786;2,4;61,297;11,67;"";"";13,013;19,99;13,0;"";"";"";"";"";"";"";"";"";"";"";"";"";"";"";"";"";"";"";"";"";"";"";"";"";"";"";"";"";"";"";"";"";"";"";"";"";"";"";"";"";"";"";"";"";"";"";"";"";"";"";"";"";"";"";"";"";"";"";"";"";"";"";"";""
09.12.2022 16:12:18;1670598738000;880f01e687e2572cea04e80fc6a68085;935581;OK;1821;0;1;0;0;0,05;-28,44;0;0;560;657;"";206,228;30,93;579,967;67,4;20,895;0,85;1,623;0,23;13,452;1,66;9,696;11,0;11,914;11,0;13,05;11,13;1454,855;151,54;453,046;54,16;52,736;15,15;1,954;10,14;1,035;10,09;0,0;10,0;1,948;21,667;0,54;29,693;3,4;5,677;0,57;3,359;1,44;941,343;1,0;"";"";21,028;2,39;60,702;11,64;"";"";13,218;19,93;69,8;"";"";"";"";"";"";"";"";"";"";"";"";"";"";"";"";"";"";"";"";"";"";"";"";"";"";"";"";"";"";"";"";"";"";"";"";"";"";"";"";"";"";"";"";"";"";"";"";"";"";"";"";"";"";"";"";"";"";"";"";"";"";"";"";""
09.12.2022 16:14:21;1670598861000;880f01e687e2572cea04e80fc6a68085;935705;OK;1791;1;0;0;0;0,19;93,08001;0;0;566;645;"";201,516;30,23;594,678;67,84;20,896;0,85;1,623;0,23;13,421;1,66;9,551;11,0;11,681;11,0;12,951;11,15;1457,989;151,89;451,942;53,96;47,706;14,6;1,536;10,14;1,444;10,14;0,134;10,0;2,035;21,662;0,54;29,714;3,39;5,679;0,57;3,364;1,44;941,362;1,0;"";"";21,149;2,38;61,388;11,67;"";"";13,022;19,99;13,0;"";"";"";"";"";"";"";"";"";"";"";"";"";"";"";"";"";"";"";"";"";"";"";"";"";"";"";"";"";"";"";"";"";"";"";"";"";"";"";"";"";"";"";"";"";"";"";"";"";"";"";"";"";"";"";"";"";"";"";"";"";"";"";"";""
09.12.2022 16:16:20;1670598980000;880f01e687e2572cea04e80fc6a68085;935823;OK;1792;2;0;0;0;0,25;131,42;0;0;586;650;"";205,814;30,87;587,691;67,63;20,896;0,85;1,623;0,23;13,618;1,67;9,01;11,0;11,201;11,0;12,148;11,02;1407,806;147,04;439,922;52,79;47,944;14,64;1,524;10,2;0,79;10,08;0,014;10,0;1,918;21,665;0,54;29,692;3,4;5,676;0,57;3,356;1,44;941,382;1,0;"";"";21,078;2,39;61,977;11,7;"";"";13,002;20,0;13,0;"";"";"";"";"";"";"";"";"";"";"";"";"";"";"";"";"";"";"";"";"";"";"";"";"";"";"";"";"";"";"";"";"";"";"";"";"";"";"";"";"";"";"";"";"";"";"";"";"";"";"";"";"";"";"";"";"";"";"";"";"";"";"";"";""
09.12.2022 16:18:21;1670599101000;880f01e687e2572cea04e80fc6a68085;935944;OK;1798;0;1;0;0;-0,15;-36,48;0;0;551;666;"";204,957;30,74;565,511;66,97;20,901;0,85;1,623;0,23;13,744;1,67;9,962;11,0;11,79;11,0;12,627;11,0;1548,529;160,67;475,292;56,25;47,978;14,7;1,135;10,07;1,06;10,06;0,001;10,0;1,796;21,67;0,54;29,517;3,4;5,644;0,57;3,277;1,45;941,4229;1,0;"";"";20,948;2,39;61,941;11,7;"";"";13,0;20,0;13,0;"";"";"";"";"";"";"";"";"";"";"";"";"";"";"";"";"";"";"";"";"";"";"";"";"";"";"";"";"";"";"";"";"";"";"";"";"";"";"";"";"";"";"";"";"";"";"";"";"";"";"";"";"";"";"";"";"";"";"";"";"";"";"";"";""
09.12.2022 16:20:22;1670599222000;880f01e687e2572cea04e80fc6a68085;936065;OK;1801;0;1;0;0;-0,14;-71,01;0;0;586;657;"";208,236;31,24;575,286;67,26;20,9;0,85;1,624;0,23;13,951;1,68;9,034;11,0;11,562;11,0;13,189;11,08;1495,05;155,56;467,041;55,42;49,609;14,89;2,305;10,22;1,724;10,13;0,73;10,0;2,363;21,671;0,54;29,445;3,4;5,631;0,57;3,243;1,45;941,469;1,0;"";"";20,994;2,39;61,879;11,7;"";"";13,0;20,0;13,0;"";"";"";"";"";"";"";"";"";"";"";"";"";"";"";"";"";"";"";"";"";"";"";"";"";"";"";"";"";"";"";"";"";"";"";"";"";"";"";"";"";"";"";"";"";"";"";"";"";"";"";"";"";"";"";"";"";"";"";"";"";"";"";"";""
09.12.2022 16:22:23;1670599343000;880f01e687e2572cea04e80fc6a68085;936186;OK;1795;0;1;0;0;-0,16;-35,88;0;0;572;663;"";198,619;29,79;567,565;67,03;20,903;0,85;1,625;0,23;13,73;1,67;9,391;11,0;11,047;11,0;12,295;11,01;1424,471;148,65;446,863;53,45;45,824;14,51;1,96;10,16;1,9;10,15;0,075;10,0;2,089;21,67;0,54;29,41;3,4;5,624;0,57;3,226;1,45;941,518;1,0;"";"";20,714;2,41;61,429;11,68;"";"";13,384;19,87;67,8;"";"";"";"";"";"";"";"";"";"";"";"";"";"";"";"";"";"";"";"";"";"";"";"";"";"";"";"";"";"";"";"";"";"";"";"";"";"";"";"";"";"";"";"";"";"";"";"";"";"";"";"";"";"";"";"";"";"";"";"";"";"";"";"";""
09.12.2022 16:24:22;1670599462000;880f01e687e2572cea04e80fc6a68085;936306;OK;1803;1;0;0;0;-0,02;58,91;0;0;557;648;"";197,012;29,55;586,179;67,59;20,902;0,85;1,623;0,23;13,618;1,67;9,792;11,0;12,27;11,04;14,222;11,26;1457,565;151,85;456,785;54,5;52,666;15,15;4,161;10,38;1,954;10,22;0,75;10,0;2,414;21,673;0,54;29,468;3,4;5,636;0,57;3,256;1,45;941,546;1,0;"";"";20,645;2,41;62,649;11,74;"";"";13,405;19,78;36,0;"";"";"";"";"";"";"";"";"";"";"";"";"";"";"";"";"";"";"";"";"";"";"";"";"";"";"";"";"";"";"";"";"";"";"";"";"";"";"";"";"";"";"";"";"";"";"";"";"";"";"";"";"";"";"";"";"";"";"";"";"";"";"";"";""
09.12.2022 16:26:23;1670599583000;880f01e687e2572cea04e80fc6a68085;936427;OK;1808;1;0;0;0;0,22;59,74;0;0;554;648;"";220,183;33,03;590,841;67,73;20,896;0,85;1,625;0,23;14,337;1,7;9,863;11,0;11,603;11,0;12,572;11,03;1504,164;156,45;471,815;55,91;49,807;14,92;2,662;10,28;1,41;10,02;0,077;10,0;1,872;21,697;0,54;29,855;3,39;5,718;0,57;3,462;1,43;941,541;1,0;"";"";21,072;2,39;64,079;11,82;"";"";13,042;19,98;13,0;"";"";"";"";"";"";"";"";"";"";"";"";"";"";"";"";"";"";"";"";"";"";"";"";"";"";"";"";"";"";"";"";"";"";"";"";"";"";"";"";"";"";"";"";"";"";"";"";"";"";"";"";"";"";"";"";"";"";"";"";"";"";"";"";""
09.12.2022 16:28:24;1670599704000;880f01e687e2572cea04e80fc6a68085;936547;OK;1796;1;0;0;0;0,27;88,84;0;0;551;641;"";212,582;31,89;596,484;67,89;20,891;0,85;1,626;0,23;14,501;1,71;9,964;11,0;12,507;11,0;13,938;11,15;1566,108;162,42;490,183;57,65;53,863;15,27;2,961;10,27;2,036;10,0;0,451;10,0;2,167;21,705;0,54;29,67;3,4;5,685;0,57;3,38;1,44;941,5009;1,0;"";"";21,255;2,38;66,247;11,93;"";"";13,004;20,0;13,0;"";"";"";"";"";"";"";"";"";"";"";"";"";"";"";"";"";"";"";"";"";"";"";"";"";"";"";"";"";"";"";"";"";"";"";"";"";"";"";"";"";"";"";"";"";"";"";"";"";"";"";"";"";"";"";"";"";"";"";"";"";"";"";"";""
09.12.2022 16:30:23;1670599823000;880f01e687e2572cea04e80fc6a68085;936666;OK;1795;0;1;0;0;-0,04;-65,26;0;0;553;667;"";201,984;30,3;561,738;66,85;20,896;0,85;1,625;0,23;14,239;1,7;9,891;11,0;13,213;11,0;14,42;11,19;1591,535;164,92;500,566;58,73;56,801;15,51;5,115;10,54;1,74;10,11;0,048;10,0;2,072;21,712;0,54;29,438;3,4;5,643;0,58;3,276;1,45;941,477;1,0;"";"";21,025;2,39;66,537;11,94;"";"";13,0;20,0;13,0;"";"";"";"";"";"";"";"";"";"";"";"";"";"";"";"";"";"";"";"";"";"";"";"";"";"";"";"";"";"";"";"";"";"";"";"";"";"";"";"";"";"";"";"";"";"";"";"";"";"";"";"";"";"";"";"";"";"";"";"";"";"";"";"";""
09.12.2022 16:32:24;1670599944000;880f01e687e2572cea04e80fc6a68085;936787;OK;1801;0;1;0;0;-0,21;-88,47;0;0;533;660;"";214,553;32,18;571,631;67,15;20,895;0,85;1,626;0,23;14,33;1,7;10,458;11,0;12,977;11,03;14,57;11,18;1551,301;160,96;488,58;57,55;52,906;15,12;2,8;10,15;2,301;10,09;0,186;10,0;2,228;21,712;0,54;29,535;3,4;5,661;0,58;3,323;1,45;941,479;1,0;"";"";21,064;2,39;66,028;11,92;"";"";13,0;20,0;13,0;"";"";"";"";"";"";"";"";"";"";"";"";"";"";"";"";"";"";"";"";"";"";"";"";"";"";"";"";"";"";"";"";"";"";"";"";"";"";"";"";"";"";"";"";"";"";"";"";"";"";"";"";"";"";"";"";"";"";"";"";"";"";"";"";""
09.12.2022 16:34:25;1670600065000;880f01e687e2572cea04e80fc6a68085;936908;OK;1798;0;0;0;0;0,04;-11,08;0;0;550;643;"";223,872;33,58;593,606;67,81;20,889;0,85;1,626;0,23;14,532;1,71;9,969;11,0;13,112;11,06;13,595;11,07;1495,422;155,54;469,533;55,74;57,541;15,62;2,993;10,2;0,753;10,01;0,019;10,0;1,668;21,713;0,54;29,703;3,39;5,694;0,57;3,404;1,44;941,4829;1,0;"";"";21,304;2,38;65,359;11,88;"";"";13,253;19,9;24,8;"";"";"";"";"";"";"";"";"";"";"";"";"";"";"";"";"";"";"";"";"";"";"";"";"";"";"";"";"";"";"";"";"";"";"";"";"";"";"";"";"";"";"";"";"";"";"";"";"";"";"";"";"";"";"";"";"";"";"";"";"";"";"";"";""
09.12.2022 16:36:24;1670600184000;880f01e687e2572cea04e80fc6a68085;937027;OK;1815;1;0;0;0;0,1;71,58;0;0;561;655;"";217,911;32,69;578,216;67,35;20,896;0,85;1,627;0,23;14,54;1,72;9,691;11,0;11,806;11,01;12,762;11,05;1482,779;154,33;460,039;54,84;44,806;14,43;2,076;10,1;0,945;10,01;0,002;10,0;1,9;21,712;0,54;29,605;3,4;5,675;0,57;3,356;1,44;941,4749;1,0;"";"";21,299;2,38;64,708;11,85;"";"";13,027;19,99;13,0;"";"";"";"";"";"";"";"";"";"";"";"";"";"";"";"";"";"";"";"";"";"";"";"";"";"";"";"";"";"";"";"";"";"";"";"";"";"";"";"";"";"";"";"";"";"";"";"";"";"";"";"";"";"";"";"";"";"";"";"";"";"";"";"";""
09.12.2022 16:38:26;1670600306000;880f01e687e2572cea04e80fc6a68085;937149;OK;1813;1;0;0;0;0,04;65,57;0;0;583;635;"";211,856;31,78;603,75;68,11;20,894;0,85;1,627;0,23;14,435;1,71;9,088;11,0;11,692;11,0;11,964;11,01;1477,858;153,82;463,426;55,16;45,07;14,4;1,028;10,03;0,389;10,0;0,0;10,0;1,521;21,711;0,54;29,683;3,39;5,689;0,57;3,392;1,44;941,4749;1,0;"";"";21,251;2,38;64,959;11,86;"";"";13,793;19,63;48,6;"";"";"";"";"";"";"";"";"";"";"";"";"";"";"";"";"";"";"";"";"";"";"";"";"";"";"";"";"";"";"";"";"";"";"";"";"";"";"";"";"";"";"";"";"";"";"";"";"";"";"";"";"";"";"";"";"";"";"";"";"";"";"";"";""
09.12.2022 16:40:25;1670600425000;880f01e687e2572cea04e80fc6a68085;937268;OK;1794;1;0;0;0;-0,01;48,32;0;0;542;635;"";206,971;31,05;602,56;68,08;20,896;0,85;1,626;0,23;14,207;1,7;10,214;11,0;12,462;11,0;12,857;11,0;1571,037;162,86;482,783;57,07;51,857;15,13;0,913;10,0;0,343;10,0;0,302;10,0;1,535;21,712;0,54;29,635;3,4;5,681;0,57;3,371;1,44;941,4929;1,0;"";"";20,908;2,4;66,176;11,93;"";"";13,798;19,81;71,7;"";"";"";"";"";"";"";"";"";"";"";"";"";"";"";"";"";"";"";"";"";"";"";"";"";"";"";"";"";"";"";"";"";"";"";"";"";"";"";"";"";"";"";"";"";"";"";"";"";"";"";"";"";"";"";"";"";"";"";"";"";"";"";"";""
09.12.2022 16:42:26;1670600546000;880f01e687e2572cea04e80fc6a68085;937389;OK;1816;1;0;0;0;0,13;66,71;0;0;550;640;"";217,172;32,58;601,065;68,03;20,891;0,85;1,626;0,23;14,408;1,71;9,969;11,0;12,338;11,0;12,641;11,07;1537,518;159,64;482,873;57,06;52,856;15,18;1,385;10,11;0,495;10,0;0,031;10,0;1,477;21,719;0,54;29,938;3,39;5,741;0,57;3,519;1,42;941,52;1,0;"";"";20,782;2,4;67,294;11,99;"";"";18,887;17,8;72,1;"";"";"";"";"";"";"";"";"";"";"";"";"";"";"";"";"";"";"";"";"";"";"";"";"";"";"";"";"";"";"";"";"";"";"";"";"";"";"";"";"";"";"";"";"";"";"";"";"";"";"";"";"";"";"";"";"";"";"";"";"";"";"";"";""
09.12.2022 16:44:27;1670600667000;880f01e687e2572cea04e80fc6a68085;937510;OK;1795;4;0;0;0;0,43;226,27;0;0;558;574;"";251,544;37,73;690,498;70,71;20,881;0,85;1,63;0,23;14,992;1,74;9,77;11,0;11,999;11,01;12,093;11,02;1481,799;154,22;466,114;55,39;48,127;14,69;0,715;10,04;0,096;10,0;0,003;10,0;1,331;21,732;0,54;30,333;3,38;5,821;0,57;3,717;1,4;941,525;1,0;"";"";21,608;2,36;70,463;12,15;"";"";16,345;18,91;77,5;"";"";"";"";"";"";"";"";"";"";"";"";"";"";"";"";"";"";"";"";"";"";"";"";"";"";"";"";"";"";"";"";"";"";"";"";"";"";"";"";"";"";"";"";"";"";"";"";"";"";"";"";"";"";"";"";"";"";"";"";"";"";"";"";""
09.12.2022 16:46:26;1670600786000;880f01e687e2572cea04e80fc6a68085;937629;OK;1804;2;0;0;0;0,31;144,15;0;0;563;615;"";237,194;35,58;632,249;68,97;20,888;0,85;1,631;0,23;15,118;1,75;9,632;11,0;12,031;11,0;12,372;11,0;1430,414;149,19;448,058;53,62;43,442;14,26;1,052;10,03;0,841;10,0;0,0;10,0;1,529;21,74;0,54;30,067;3,39;5,773;0,57;3,6;1,42;941,5159;1,0;"";"";21,69;2,36;71,447;12,2;"";"";13,357;19,88;13,0;"";"";"";"";"";"";"";"";"";"";"";"";"";"";"";"";"";"";"";"";"";"";"";"";"";"";"";"";"";"";"";"";"";"";"";"";"";"";"";"";"";"";"";"";"";"";"";"";"";"";"";"";"";"";"";"";"";"";"";"";"";"";"";"";""
09.12.2022 16:48:26;1670600906000;880f01e687e2572cea04e80fc6a68085;937750;OK;1798;0;0;0;0;0,13;16,6;0;0;553;613;"";238,378;35,76;637,613;69,13;20,891;0,85;1,63;0,23;15,237;1,75;9,891;11,0;12,32;11,0;12,522;11,0;1471,609;153,24;464,464;55,15;49,664;14,78;0,789;10,0;0,09700001;10,0;0,0;10,0;1,437;21,749;0,54;30,243;3,38;5,809;0,57;3,69;1,41;941,494;1,0;"";"";21,813;2,35;73,728;12,32;"";"";21,937;16,86;79,9;"";"";"";"";"";"";"";"";"";"";"";"";"";"";"";"";"";"";"";"";"";"";"";"";"";"";"";"";"";"";"";"";"";"";"";"";"";"";"";"";"";"";"";"";"";"";"";"";"";"";"";"";"";"";"";"";"";"";"";"";"";"";"";"";""
09.12.2022 16:50:28;1670601028000;880f01e687e2572cea04e80fc6a68085;937871;OK;1812;0;0;0;0;0,19;7,97;0;0;562;576;"";268,704;40,31;694,476;70,83;20,882;0,85;1,633;0,23;15,655;1,77;9,651;11,0;11,989;11,0;13,057;11,01;1468,278;152,94;461,503;54,91;54,494;15,36;2,383;10,24;0,608;10,03;0,316;10,0;1,998;21,748;0,54;30,741;3,37;5,905;0,57;3,922;1,38;941,476;1,0;"";"";22,372;2,33;73,733;12,32;"";"";13,922;19,68;13,0;"";"";"";"";"";"";"";"";"";"";"";"";"";"";"";"";"";"";"";"";"";"";"";"";"";"";"";"";"";"";"";"";"";"";"";"";"";"";"";"";"";"";"";"";"";"";"";"";"";"";"";"";"";"";"";"";"";"";"";"";"";"";"";"";""
09.12.2022 16:52:27;1670601147000;880f01e687e2572cea04e80fc6a68085;937990;OK;1805;4;0;0;0;0,4;244,33;0;0;558;571;"";270,888;40,63;699,205;70,98001;20,883;0,85;1,634;0,23;15,724;1,78;9,789;11,0;11,111;11,0;12,601;11,0;1467,908;152,89;454,514;54,25;40,318;13,96;2,18;10,28;1,458;10,16;0,034;10,0;2,192;21,745;0,54;30,691;3,37;5,894;0,57;3,896;1,38;941,47;1,0;"";"";22,669;2,31;73,49401;12,31;"";"";13,098;19,97;13,0;"";"";"";"";"";"";"";"";"";"";"";"";"";"";"";"";"";"";"";"";"";"";"";"";"";"";"";"";"";"";"";"";"";"";"";"";"";"";"";"";"";"";"";"";"";"";"";"";"";"";"";"";"";"";"";"";"";"";"";"";"";"";"";"";""
09.12.2022 16:54:28;1670601268000;880f01e687e2572cea04e80fc6a68085;938112;OK;1802;3;0;0;0;0,25;192,07;0;0;559;562;"";260,971;39,15;712,862;71,39;20,884;0,85;1,637;0,23;15,567;1,77;9,748;11,0;11,472;11,0;11,729;11,0;1455,436;151,69;452,729;53,99;40,634;13,99;0,879;10,07;0,326;10,02;0,003;10,0;1,407;21,744;0,54;30,803;3,37;5,915;0,57;3,947;1,38;941,477;1,0;"";"";22,705;2,31;74,47;12,36;"";"";17,713;18,41;73,3;"";"";"";"";"";"";"";"";"";"";"";"";"";"";"";"";"";"";"";"";"";"";"";"";"";"";"";"";"";"";"";"";"";"";"";"";"";"";"";"";"";"";"";"";"";"";"";"";"";"";"";"";"";"";"";"";"";"";"";"";"";"";"";"";""
09.12.2022 16:56:27;1670601387000;880f01e687e2572cea04e80fc6a68085;938230;OK;1800;1;0;0;0;-0,05;22,09;0;0;552;569;"";246,911;37,04;699,683;70,99;20,889;0,85;1,637;0,23;15,257;1,75;9,948;11,0;12,071;11,0;13,609;11,17;1484,452;154,51;464,219;55,17;43,899;14,33;3,645;10,25;1,718;10,17;0,0;10,0;2,207;21,747;0,54;30,622;3,38;5,881;0,57;3,866;1,39;941,4749;1,0;"";"";22,351;2,33;75,628;12,42;"";"";16,253;18,96;73,4;"";"";"";"";"";"";"";"";"";"";"";"";"";"";"";"";"";"";"";"";"";"";"";"";"";"";"";"";"";"";"";"";"";"";"";"";"";"";"";"";"";"";"";"";"";"";"";"";"";"";"";"";"";"";"";"";"";"";"";"";"";"";"";"";""
09.12.2022 16:58:29;1670601509000;880f01e687e2572cea04e80fc6a68085;938352;OK;1810;0;1;0;0;-0,76;-60,32;0;0;535;579;"";197,737;29,66;662,848;69,89;20,898;0,85;1,634;0,23;14,214;1,7;10,408;11,0;13,137;11,0;14,204;11,21;1588,488;164,53;494,348;58,08;55,509;15,4;2,558;10,18;1,684;10,05;0,0;10,0;1,933;21,736;0,54;28,875;3,41;5,543;0,58;3,012;1,49;941,465;1,0;"";"";21,197;2,38;67,642;12,0;"";"";33,855;13,05;79,7;"";"";"";"";"";"";"";"";"";"";"";"";"";"";"";"";"";"";"";"";"";"";"";"";"";"";"";"";"";"";"";"";"";"";"";"";"";"";"";"";"";"";"";"";"";"";"";"";"";"";"";"";"";"";"";"";"";"";"";"";"";"";"";"";""
09.12.2022 17:00:27;1670601627000;880f01e687e2572cea04e80fc6a68085;938470;OK;1791;0;1;0;0;-2,03;-438,32;0;0;520;664;"";132,905;19,94;545,981;66,38;20,905;0,85;1,625;0,23;12,11;1,59;10,823;11,0;13,704;11,2;15,869;11,5;1594,893;165,26;499,746;58,63;52,964;15,22;4,62;10,47;2,954;10,25;0,766;10,0;2,449;21,639;0,54;27,467;3,44;5,243;0,59;2,232;1,58;941,466;1,0;"";"";18,362;2,52;42,498;10,69;"";"";15,365;19,2;13,0;"";"";"";"";"";"";"";"";"";"";"";"";"";"";"";"";"";"";"";"";"";"";"";"";"";"";"";"";"";"";"";"";"";"";"";"";"";"";"";"";"";"";"";"";"";"";"";"";"";"";"";"";"";"";"";"";"";"";"";"";"";"";"";"";""
09.12.2022 17:02:29;1670601749000;880f01e687e2572cea04e80fc6a68085;938592;OK;1800;0;1;0;0;-2,24;-617,89;0;0;513;699;"";117,125;17,57;507,668;65,23;20,903;0,85;1,615;0,23;10,38;1,61;11,027;11,0;13,66;11,07;15,047;11,32;1616,093;167,27;511,166;59,77;54,121;15,33;3,212;10,2;2,243;10,17;0,149;10,0;2,029;21,494;0,54;27,191;3,45;5,147;0,58;1,968;1,6;941,481;1,0;"";"";15,943;2,64;22,022;9,61;"";"";13,244;19,92;13,0;"";"";"";"";"";"";"";"";"";"";"";"";"";"";"";"";"";"";"";"";"";"";"";"";"";"";"";"";"";"";"";"";"";"";"";"";"";"";"";"";"";"";"";"";"";"";"";"";"";"";"";"";"";"";"";"";"";"";"";"";"";"";"";"";""
09.12.2022 17:04:29;1670601869000;880f01e687e2572cea04e80fc6a68085;938713;OK;1794;0;1;0;0;-1,28;-474,3;0;0;504;710;"";111,429;16,71;500,403;65,01;20,904;0,85;1,607;0,23;9,62;1,63;11,297;11,0;14,723;11,37;15,667;11,63;1634,664;169,07;508,009;59,38;58,288;15,68;3,163;10,34;0,949;10,02;0,015;10,0;1,827;21,352;0,54;27,235;3,45;5,113;0,58;1,869;1,6;941,4969;1,0;"";"";14,744;2,7;10,21;8,99;"";"";14,385;19,41;53,8;"";"";"";"";"";"";"";"";"";"";"";"";"";"";"";"";"";"";"";"";"";"";"";"";"";"";"";"";"";"";"";"";"";"";"";"";"";"";"";"";"";"";"";"";"";"";"";"";"";"";"";"";"";"";"";"";"";"";"";"";"";"";"";"";""
09.12.2022 17:06:30;1670601990000;880f01e687e2572cea04e80fc6a68085;938833;OK;1823;0;1;0;0;-0,28;-78,5;0;0;529;709;"";111,745;16,76;509,012;65,27;20,903;0,85;1,6;0,23;9,836;1,62;10,561;11,0;13,294;11,04;14,097;11,38;1543,069;160,15;478,941;56,57;54,534;15,38;1,31;10,14;0,783;10,08;0,002;10,0;1,722;21,211;0,54;27,474;3,45;5,116;0,57;1,871;1,58;941,49;1,0;"";"";14,485;2,71;10,618;9,0;"";"";30,637;13,73;80,30001;"";"";"";"";"";"";"";"";"";"";"";"";"";"";"";"";"";"";"";"";"";"";"";"";"";"";"";"";"";"";"";"";"";"";"";"";"";"";"";"";"";"";"";"";"";"";"";"";"";"";"";"";"";"";"";"";"";"";"";"";"";"";"";"";""
09.12.2022 17:08:30;1670602110000;880f01e687e2572cea04e80fc6a68085;938954;OK;1803;1;0;0;0;0,0;44,45;0;0;528;706;"";114,715;17,21;518,697;65,56;20,899;0,85;1,594;0,22;11,086;1,57;10,596;11,0;12,144;11,0;13,669;11,13;1541,532;159,98;486,364;57,32;44,084;14,37;2,134;10,17;1,612;10,13;0,562;10,0;2,122;21,076;0,54;27,796;3,44;5,135;0,57;1,918;1,56;941,5;1,0;"";"";14,74;2,7;14,874;9,22;"";"";14,82;19,35;13,0;"";"";"";"";"";"";"";"";"";"";"";"";"";"";"";"";"";"";"";"";"";"";"";"";"";"";"";"";"";"";"";"";"";"";"";"";"";"";"";"";"";"";"";"";"";"";"";"";"";"";"";"";"";"";"";"";"";"";"";"";"";"";"";"";""
09.12.2022 17:10:30;1670602230000;880f01e687e2572cea04e80fc6a68085;939073;OK;1813;1;0;0;0;0,13;61,6;0;0;535;709;"";124,993;18,75;519,9019;65,6;20,899;0,85;1,59;0,22;12,866;1,63;10,406;11,0;12,934;11,08;14,757;11,34;1597,691;165,46;499,386;58,58;55,48;15,41;3,482;10,32;2,32;10,11;0,06;10,0;2,325;21,024;0,54;27,986;3,44;5,155;0,56;1,968;1,54;941,535;1,0;"";"";15,569;2,66;19,467;9,46;"";"";13,194;19,93;13,0;"";"";"";"";"";"";"";"";"";"";"";"";"";"";"";"";"";"";"";"";"";"";"";"";"";"";"";"";"";"";"";"";"";"";"";"";"";"";"";"";"";"";"";"";"";"";"";"";"";"";"";"";"";"";"";"";"";"";"";"";"";"";"";"";""
09.12.2022 17:12:31;1670602351000;880f01e687e2572cea04e80fc6a68085;939194;OK;1799;1;0;0;0;0,15;45,9;0;0;517;705;"";132,604;19,89;526,325;65,79;20,902;0,85;1,586;0,22;14,814;1,73;10,903;11,0;14,135;11,23;15,836;11,5;1613,675;166,88;507,999;59,45;66,77101;16,53;3,597;10,3;1,862;10,13;0,101;10,0;2,243;21,001;0,54;28,122;3,44;5,173;0,56;2,017;1,53;941,586;1,0;"";"";16,847;2,59;28,298;9,92;"";"";13,438;19,79;46,5;"";"";"";"";"";"";"";"";"";"";"";"";"";"";"";"";"";"";"";"";"";"";"";"";"";"";"";"";"";"";"";"";"";"";"";"";"";"";"";"";"";"";"";"";"";"";"";"";"";"";"";"";"";"";"";"";"";"";"";"";"";"";"";"";""
09.12.2022 17:14:31;1670602471000;880f01e687e2572cea04e80fc6a68085;939314;OK;1793;1;0;0;0;0,13;28,25;0;0;506;704;"";138,502;20,78;528,166;65,84;20,904;0,85;1,585;0,22;16,699;1,83;11,246;11,0;13,627;11,02;14,882;11,37;1624,12;167,95;505,805;59,19;54,025;15,27;2,31;10,15;0,995;10,01;0,01;10,0;1,974;20,998;0,54;28,163;3,44;5,18;0,56;2,035;1,53;941,614;1,0;"";"";18,164;2,53;40,138;10,53;"";"";13,045;19,98;13,0;"";"";"";"";"";"";"";"";"";"";"";"";"";"";"";"";"";"";"";"";"";"";"";"";"";"";"";"";"";"";"";"";"";"";"";"";"";"";"";"";"";"";"";"";"";"";"";"";"";"";"";"";"";"";"";"";"";"";"";"";"";"";"";"";""
09.12.2022 17:16:31;1670602591000;880f01e687e2572cea04e80fc6a68085;939435;OK;1804;0;0;0;0;0,08;18,71;0;0;530;706;"";142,382;21,36;526,88;65,81;20,903;0,85;1,583;0,22;18,391;1,92;10,564;11,0;13,667;11,18;15,333;11,46;1545,222;160,27;485,961;57,32;55,408;15,4;4,525;10,35;1,967;10,23;0,202;10,0;2,3;21,007;0,54;28,168;3,44;5,183;0,56;2,045;1,53;941,643;1,0;"";"";19,365;2,47;50,769;11,08;"";"";13,005;20,0;13,0;"";"";"";"";"";"";"";"";"";"";"";"";"";"";"";"";"";"";"";"";"";"";"";"";"";"";"";"";"";"";"";"";"";"";"";"";"";"";"";"";"";"";"";"";"";"";"";"";"";"";"";"";"";"";"";"";"";"";"";"";"";"";"";"";""
09.12.2022 17:18:32;1670602712000;880f01e687e2572cea04e80fc6a68085;939556;OK;1796;0;0;0;0;0,04;-24,02;0;0;532;713;"";145,189;21,78;518,613;65,56;20,905;0,85;1,582;0,22;19,672;1,98;10,488;11,0;13,648;11,12;15,624;11,59;1577,674;163,44;497,238;58,44;61,485;16,06;5,539;10,61;2,252;10,08;0,444;10,0;2,437;21,024;0,54;28,166;3,44;5,188;0,56;2,059;1,53;941,661;1,0;"";"";20,397;2,42;58,705;11,49;"";"";13,0;20,0;13,0;"";"";"";"";"";"";"";"";"";"";"";"";"";"";"";"";"";"";"";"";"";"";"";"";"";"";"";"";"";"";"";"";"";"";"";"";"";"";"";"";"";"";"";"";"";"";"";"";"";"";"";"";"";"";"";"";"";"";"";"";"";"";"";"";""
09.12.2022 17:20:33;1670602833000;880f01e687e2572cea04e80fc6a68085;939676;OK;1807;0;1;0;0;0,03;-37,24;0;0;558;714;"";151,345;22,7;516,96;65,51;20,908;0,85;1,582;0,22;20,481;2,03;9,779;11,0;12,482;11,03;13,999;11,18;1533,978;159,15;477,598;56,42;52,856;15,14;3,08;10,21;1,834;10,08;0,153;10,0;2,257;21,041;0,54;28,165;3,44;5,193;0,56;2,073;1,53;941,663;1,0;"";"";21,1;2,39;64,572;11,8;"";"";13,0;20,0;13,0;"";"";"";"";"";"";"";"";"";"";"";"";"";"";"";"";"";"";"";"";"";"";"";"";"";"";"";"";"";"";"";"";"";"";"";"";"";"";"";"";"";"";"";"";"";"";"";"";"";"";"";"";"";"";"";"";"";"";"";"";"";"";"";"";""
09.12.2022 17:22:34;1670602954000;880f01e687e2572cea04e80fc6a68085;939798;OK;1800;0;1;0;0;0,06;-25,22;0;0;581;713;"";157,535;23,63;518,182;65,55;20,908;0,85;1,583;0,22;20,957;2,05;9,181;11,0;12,047;11,1;13,402;11,21;1496,123;155,54;466,163;55,31;54,531;15,32;3,092;10,19;1,783;10,05;0,163;10,0;2,164;21,061;0,54;28,206;3,43;5,207;0,56;2,111;1,53;941,6519;1,0;"";"";21,698;2,36;68,89801;12,02;"";"";13,0;20,0;13,0;"";"";"";"";"";"";"";"";"";"";"";"";"";"";"";"";"";"";"";"";"";"";"";"";"";"";"";"";"";"";"";"";"";"";"";"";"";"";"";"";"";"";"";"";"";"";"";"";"";"";"";"";"";"";"";"";"";"";"";"";"";"";"";"";""
09.12.2022 17:24:34;1670603074000;880f01e687e2572cea04e80fc6a68085;939917;OK;1814;0;0;0;0;0,06;-0,92;0;0;541;713;"";160,777;24,12;517,219;65,52;20,905;0,85;1,585;0,22;21,071;2,06;10,222;11,0;12,674;11,02;14,965;11,35;1618,524;167,43;510,619;59,71;61,373;16,05;5,387;10,49;4,187;10,37;0,258;10,0;2,501;21,078;0,54;28,177;3,43;5,206;0,56;2,11;1,53;941,643;1,0;"";"";22,258;2,33;71,76;12,17;"";"";13,0;20,0;13,0;"";"";"";"";"";"";"";"";"";"";"";"";"";"";"";"";"";"";"";"";"";"";"";"";"";"";"";"";"";"";"";"";"";"";"";"";"";"";"";"";"";"";"";"";"";"";"";"";"";"";"";"";"";"";"";"";"";"";"";"";"";"";"";"";""
09.12.2022 17:26:35;1670603195000;880f01e687e2572cea04e80fc6a68085;940038;OK;1806;0;0;0;0;0,03;-4,07;0;0;541;714;"";162,219;24,33;515,4099;65,46;20,91;0,85;1,586;0,22;20,877;2,05;10,258;11,0;12,238;11,02;12,64;11,12;1512,678;157,14;465,406;55,24;44,077;14,31;1,516;10,08;0,518;10,04;0,027;10,0;1,445;21,096;0,54;28,151;3,44;5,207;0,57;2,114;1,53;941,632;1,0;"";"";22,587;2,32;73,36;12,25;"";"";13,0;20,0;13,0;"";"";"";"";"";"";"";"";"";"";"";"";"";"";"";"";"";"";"";"";"";"";"";"";"";"";"";"";"";"";"";"";"";"";"";"";"";"";"";"";"";"";"";"";"";"";"";"";"";"";"";"";"";"";"";"";"";"";"";"";"";"";"";"";""
09.12.2022 17:28:35;1670603315000;880f01e687e2572cea04e80fc6a68085;940159;OK;1787;0;0;0;0;-0,01;-10,29;0;0;542;714;"";163,872;24,58;513,895;65,42;20,909;0,85;1,588;0,22;20,573;2,03;10,22;11,0;13,434;11,09;14,567;11,3;1510,415;156,94;472,72;56,0;55,706;15,48;4,114;10,4;1,829;10,03;0,003;10,0;2,007;21,105;0,54;28,101;3,44;5,201;0,57;2,096;1,53;941,617;1,0;"";"";22,701;2,31;73,938;12,28;"";"";13,0;20,0;13,0;"";"";"";"";"";"";"";"";"";"";"";"";"";"";"";"";"";"";"";"";"";"";"";"";"";"";"";"";"";"";"";"";"";"";"";"";"";"";"";"";"";"";"";"";"";"";"";"";"";"";"";"";"";"";"";"";"";"";"";"";"";"";"";"";""
09.12.2022 17:30:37;1670603437000;880f01e687e2572cea04e80fc6a68085;940280;OK;1816;0;0;0;0;-0,02;-20,64;0;0;528;717;"";166,95;25,04;510,527;65,32;20,907;0,85;1,589;0,22;20,043;2,0;10,613;11,0;12,513;11,01;13,794;11,14;1623,771;167,89;505,29;59,13;48,783;14,85;2,221;10,18;1,517;10,14;0,0;10,0;2,013;21,117;0,54;28,083;3,44;5,201;0,57;2,097;1,54;941,589;1,0;"";"";22,734;2,31;74,083;12,29;"";"";13,0;20,0;13,0;"";"";"";"";"";"";"";"";"";"";"";"";"";"";"";"";"";"";"";"";"";"";"";"";"";"";"";"";"";"";"";"";"";"";"";"";"";"";"";"";"";"";"";"";"";"";"";"";"";"";"";"";"";"";"";"";"";"";"";"";"";"";"";"";""
09.12.2022 17:32:37;1670603557000;880f01e687e2572cea04e80fc6a68085;940401;OK;1792;0;0;0;0;-0,03;-19,08;0;0;573;717;"";167,893;25,18;509,43;65,28;20,907;0,85;1,59;0,22;19,467;1,97;9,368;11,0;13,199;11,08;14,411;11,25;1515,518;157,38;475,408;56,28;56,704;15,49;6,354;10,71;1,314;10,1;0,0;10,0;2,147;21,127;0,54;28,044;3,44;5,197;0,57;2,087;1,54;941,567;1,0;"";"";22,698;2,31;73,521;12,26;"";"";13,0;20,0;13,0;"";"";"";"";"";"";"";"";"";"";"";"";"";"";"";"";"";"";"";"";"";"";"";"";"";"";"";"";"";"";"";"";"";"";"";"";"";"";"";"";"";"";"";"";"";"";"";"";"";"";"";"";"";"";"";"";"";"";"";"";"";"";"";"";""
09.12.2022 17:34:37;1670603677000;880f01e687e2572cea04e80fc6a68085;940520;OK;1803;0;0;0;0;-0,01;-8,04;0;0;567;715;"";168,21;25,23;511,035;65,33;20,906;0,85;1,589;0,22;18,901;1,94;9,512;11,0;12,475;11,01;14,314;11,3;1532,003;159,0;475,514;56,26;57,061;15,59;3,502;10,39;1,668;10,13;0,345;10,0;2,446;21,136;0,54;28,037;3,44;5,198;0,57;2,09;1,54;941,58;1,0;"";"";22,697;2,31;72,737;12,22;"";"";13,0;20,0;13,0;"";"";"";"";"";"";"";"";"";"";"";"";"";"";"";"";"";"";"";"";"";"";"";"";"";"";"";"";"";"";"";"";"";"";"";"";"";"";"";"";"";"";"";"";"";"";"";"";"";"";"";"";"";"";"";"";"";"";"";"";"";"";"";"";""
09.12.2022 17:36:38;1670603798000;880f01e687e2572cea04e80fc6a68085;940641;OK;1801;0;0;0;0;-0,03;-3,43;0;0;554;717;"";168,847;25,33;508,117;65,24;20,907;0,85;1,59;0,22;18,362;1,92;9,884;11,0;12,818;11,0;13,971;11,05;1566,374;162,43;489,202;57,62;51,557;15,06;2,726;10,28;0,719;10,01;0,358;10,0;2,034;21,137;0,54;27,958;3,44;5,183;0,57;2,052;1,54;941,62;1,0;"";"";22,56;2,32;71,965;12,18;"";"";13,0;20,0;13,0;"";"";"";"";"";"";"";"";"";"";"";"";"";"";"";"";"";"";"";"";"";"";"";"";"";"";"";"";"";"";"";"";"";"";"";"";"";"";"";"";"";"";"";"";"";"";"";"";"";"";"";"";"";"";"";"";"";"";"";"";"";"";"";"";""
09.12.2022 17:38:38;1670603918000;880f01e687e2572cea04e80fc6a68085;940762;OK;1797;0;1;0;0;-0,1;-25,72;0;0;529;722;"";169,762;25,46;501,293;65,04;20,905;0,85;1,59;0,22;17,874;1,89;10,566;11,0;13,685;11,07;14,823;11,18;1592,998;164,93;497,036;58,32;62,402;16,12;2,319;10,16;1,562;10,08;0,037;10,0;2,001;21,14;0,54;27,842;3,44;5,163;0,57;1,996;1,55;941,698;1,0;"";"";22,412;2,32;70,933;12,13;"";"";13,0;20,0;13,0;"";"";"";"";"";"";"";"";"";"";"";"";"";"";"";"";"";"";"";"";"";"";"";"";"";"";"";"";"";"";"";"";"";"";"";"";"";"";"";"";"";"";"";"";"";"";"";"";"";"";"";"";"";"";"";"";"";"";"";"";"";"";"";"";""
09.12.2022 17:40:39;1670604039000;880f01e687e2572cea04e80fc6a68085;940882;OK;1797;0;1;0;0;-0,1;-28,27;0;0;526;720;"";172,313;25,85;503,402;65,1;20,912;0,85;1,591;0,22;17,366;1,86;10,627;11,0;12,891;11,01;13,513;11,1;1588,789;164,59;494,152;58,06;47,673;14,72;1,237;10,08;0,8690001;10,01;0,004;10,0;1,633;21,143;0,54;27,835;3,44;5,163;0,57;1,996;1,55;941,7609;1,0;"";"";22,344;2,33;70,324;12,1;"";"";13,0;20,0;13,0;"";"";"";"";"";"";"";"";"";"";"";"";"";"";"";"";"";"";"";"";"";"";"";"";"";"";"";"";"";"";"";"";"";"";"";"";"";"";"";"";"";"";"";"";"";"";"";"";"";"";"";"";"";"";"";"";"";"";"";"";"";"";"";"";""
09.12.2022 17:42:39;1670604159000;880f01e687e2572cea04e80fc6a68085;941003;OK;1811;0;0;0;0;-0,07;-6,49;0;0;541;719;"";172,696;25,9;504,121;65,12001;20,906;0,85;1,591;0,22;16,931;1,84;10,248;11,0;13,667;11,11;14,876;11,34;1553,524;161,13;480,134;56,68;61,243;16,02;4,207;10,48;1,503;10,03;0,0;10,0;2,051;21,142;0,54;27,8;3,44;5,156;0,57;1,977;1,56;941,775;1,0;"";"";22,197;2,33;69,567;12,06;"";"";13,0;20,0;13,0;"";"";"";"";"";"";"";"";"";"";"";"";"";"";"";"";"";"";"";"";"";"";"";"";"";"";"";"";"";"";"";"";"";"";"";"";"";"";"";"";"";"";"";"";"";"";"";"";"";"";"";"";"";"";"";"";"";"";"";"";"";"";"";"";""
09.12.2022 17:44:40;1670604280000;880f01e687e2572cea04e80fc6a68085;941123;OK;1798;0;0;0;0;-0,06;-1,45;0;0;539;722;"";172,369;25,86;499,533;64,99;20,905;0,85;1,591;0,22;16,54;1,82;10,272;11,0;13,22;11,19;14,62;11,26;1589,227;164,63;496,935;58,36;58,503;15,73;5,971;10,45;1,371;10,1;0,0;10,0;2,093;21,142;0,54;27,72;3,44;5,141;0,57;1,937;1,56;941,764;1,0;"";"";21,974;2,35;68,829;12,02;"";"";13,0;20,0;13,0;"";"";"";"";"";"";"";"";"";"";"";"";"";"";"";"";"";"";"";"";"";"";"";"";"";"";"";"";"";"";"";"";"";"";"";"";"";"";"";"";"";"";"";"";"";"";"";"";"";"";"";"";"";"";"";"";"";"";"";"";"";"";"";"";""
09.12.2022 17:46:40;1670604400000;880f01e687e2572cea04e80fc6a68085;941243;OK;1794;0;0;0;0;-0,03;-16,6;0;0;579;723;"";177,02;26,55;499,225;64,98001;20,905;0,85;1,592;0,22;16,365;1,81;9,213;11,0;11,173;11,04;12,521;11,11;1377,37;143,95;433,419;52,11;46,016;14,54;2,703;10,23;1,402;10,06;0,0;10,0;2,171;21,139;0,54;27,837;3,44;5,162;0,57;1,993;1,55;941,7609;1,0;"";"";21,93;2,35;68,31501;11,99;"";"";13,427;19,81;25,8;"";"";"";"";"";"";"";"";"";"";"";"";"";"";"";"";"";"";"";"";"";"";"";"";"";"";"";"";"";"";"";"";"";"";"";"";"";"";"";"";"";"";"";"";"";"";"";"";"";"";"";"";"";"";"";"";"";"";"";"";"";"";"";"";""
09.12.2022 17:48:41;1670604521000;880f01e687e2572cea04e80fc6a68085;941365;OK;1805;0;0;0;0;0,01;-6,08;0;0;530;721;"";177,417;26,61;501,693;65,05001;20,905;0,85;1,592;0,22;16,238;1,8;10,542;11,0;13,661;11,06;13,804;11,07;1561,762;161,92;490,098;57,69;58,064;15,72;1,509;10,02;0,145;10,01;0,0;10,0;1,434;21,134;0,54;27,801;3,44;5,153;0,57;1,97;1,55;941,765;1,0;"";"";21,836;2,35;68,148;11,98;"";"";13,044;19,98;13,0;"";"";"";"";"";"";"";"";"";"";"";"";"";"";"";"";"";"";"";"";"";"";"";"";"";"";"";"";"";"";"";"";"";"";"";"";"";"";"";"";"";"";"";"";"";"";"";"";"";"";"";"";"";"";"";"";"";"";"";"";"";"";"";"";""
09.12.2022 17:50:41;1670604641000;880f01e687e2572cea04e80fc6a68085;941485;OK;1788;0;0;0;0;0,02;14,66;0;0;541;719;"";177,809;26,67;504,083;65,12001;20,906;0,85;1,592;0,22;16,05;1,79;10,22;11,0;12,844;11,01;13,856;11,08;1554,362;161,15;484,987;57,17;61,835;15,97;2,62;10,1;1,597;10,0;0,0;10,0;1,935;21,128;0,54;27,798;3,44;5,151;0,57;1,964;1,56;941,776;1,0;"";"";21,844;2,35;67,796;11,97;"";"";13,005;20,0;13,0;"";"";"";"";"";"";"";"";"";"";"";"";"";"";"";"";"";"";"";"";"";"";"";"";"";"";"";"";"";"";"";"";"";"";"";"";"";"";"";"";"";"";"";"";"";"";"";"";"";"";"";"";"";"";"";"";"";"";"";"";"";"";"";"";""
09.12.2022 17:52:42;1670604762000;880f01e687e2572cea04e80fc6a68085;941605;OK;1800;0;0;0;0;-0,03;15,56;0;0;536;719;"";175,613;26,34;503,989;65,12001;20,905;0,85;1,593;0,22;15,94;1,79;10,389;11,0;12,791;11,0;13,569;11,08;1586,897;164,41;497,483;58,4;55,647;15,53;1,066;10,03;0,899;10,01;0,0;10,0;1,762;21,119;0,54;27,788;3,44;5,147;0,57;1,951;1,56;941,786;1,0;"";"";21,776;2,36;67,349;11,94;"";"";13,0;20,0;13,0;"";"";"";"";"";"";"";"";"";"";"";"";"";"";"";"";"";"";"";"";"";"";"";"";"";"";"";"";"";"";"";"";"";"";"";"";"";"";"";"";"";"";"";"";"";"";"";"";"";"";"";"";"";"";"";"";"";"";"";"";"";"";"";"";""
09.12.2022 17:54:43;1670604883000;880f01e687e2572cea04e80fc6a68085;941726;OK;1796;0;0;0;0;-0,05;0,13;0;0;558;720;"";175,205;26,28;501,729;65,05001;20,905;0,85;1,592;0,22;15,806;1,78;9,774;11,0;12,084;11,0;13,38;11,04;1515,093;157,45;474,844;56,21;57,093;15,54;2,006;10,14;1,416;10,04;0,255;10,0;2,104;21,11;0,54;27,717;3,44;5,131;0,57;1,907;1,56;941,811;1,0;"";"";21,77;2,36;66,685;11,91;"";"";13,0;20,0;13,0;"";"";"";"";"";"";"";"";"";"";"";"";"";"";"";"";"";"";"";"";"";"";"";"";"";"";"";"";"";"";"";"";"";"";"";"";"";"";"";"";"";"";"";"";"";"";"";"";"";"";"";"";"";"";"";"";"";"";"";"";"";"";"";"";""
09.12.2022 17:56:43;1670605003000;880f01e687e2572cea04e80fc6a68085;941846;OK;1799;0;0;0;0;-0,06;-10,05;0;0;551;722;"";173,879;26,08;500,441;65,01;20,903;0,85;1,592;0,22;15,748;1,78;9,961;11,0;12,937;11,02;13,534;11,03;1572,566;162,97;491,852;57,8;53,623;15,2;2,349;10,26;0,705;10,04;0,026;10,0;1,706;21,104;0,54;27,731;3,44;5,132;0,57;1,91;1,56;941,8489;1,0;"";"";21,71;2,36;66,135;11,88;"";"";13,0;20,0;13,0;"";"";"";"";"";"";"";"";"";"";"";"";"";"";"";"";"";"";"";"";"";"";"";"";"";"";"";"";"";"";"";"";"";"";"";"";"";"";"";"";"";"";"";"";"";"";"";"";"";"";"";"";"";"";"";"";"";"";"";"";"";"";"";"";""
09.12.2022 17:58:43;1670605123000;880f01e687e2572cea04e80fc6a68085;941967;OK;1791;0;0;0;0;-0,03;-11,75;0;0;544;723;"";176,298;26,44;499,251;64,98001;20,909;0,85;1,593;0,22;15,673;1,77;10,15;11,0;12,458;11,04;14,546;11,28;1567,219;162,42;490,662;57,71;52,708;15,22;3,488;10,38;2,255;10,22;0,003;10,0;2,462;21,098;0,54;27,752;3,44;5,134;0,57;1,915;1,56;941,8839;1,0;"";"";21,725;2,36;66,21;11,88;"";"";13,0;20,0;13,0;"";"";"";"";"";"";"";"";"";"";"";"";"";"";"";"";"";"";"";"";"";"";"";"";"";"";"";"";"";"";"";"";"";"";"";"";"";"";"";"";"";"";"";"";"";"";"";"";"";"";"";"";"";"";"";"";"";"";"";"";"";"";"";"";""
09.12.2022 18:00:43;1670605243000;880f01e687e2572cea04e80fc6a68085;942087;OK;1795;0;0;0;0;-0,02;-8,14;0;0;523;724;"";175,754;26,36;497,871;64,94;20,902;0,85;1,592;0,22;15,702;1,78;10,737;11,0;13,836;11,11;15,133;11,41;1639,806;169,45;514,66;60,05;62,131;16,1;3,956;10,42;1,298;10,05;0,125;10,0;2,031;21,09;0,54;27,702;3,45;5,122;0,57;1,883;1,56;941,92;1,0;"";"";21,769;2,36;66,45401;11,9;"";"";13,0;20,0;13,0;"";"";"";"";"";"";"";"";"";"";"";"";"";"";"";"";"";"";"";"";"";"";"";"";"";"";"";"";"";"";"";"";"";"";"";"";"";"";"";"";"";"";"";"";"";"";"";"";"";"";"";"";"";"";"";"";"";"";"";"";"";"";"";"";""
09.12.2022 18:02:43;1670605363000;880f01e687e2572cea04e80fc6a68085;942206;OK;1795;0;0;0;0;-0,06;-13,08;0;0;512;726;"";175,539;26,33;495,541;64,87;20,9;0,85;1,592;0,22;15,699;1,78;11,054;11,0;13,881;11,03;14,837;11,26;1634,016;168,97;512,252;59,85;52,722;15,18;1,984;10,13;1,192;10,03;0,013;10,0;1,849;21,08;0,54;27,679;3,45;5,115;0,57;1,862;1,56;941,949;1,0;"";"";21,665;2,36;66,732;11,91;"";"";13,0;20,0;13,0;"";"";"";"";"";"";"";"";"";"";"";"";"";"";"";"";"";"";"";"";"";"";"";"";"";"";"";"";"";"";"";"";"";"";"";"";"";"";"";"";"";"";"";"";"";"";"";"";"";"";"";"";"";"";"";"";"";"";"";"";"";"";"";"";""
09.12.2022 18:04:45;1670605485000;880f01e687e2572cea04e80fc6a68085;942328;OK;1785;0;0;0;0;-0,07;-16,1;0;0;534;728;"";173,162;25,97;494,07;64,82;20,905;0,85;1,592;0,22;15,709;1,78;10,411;11,0;13,733;11,12;14,336;11,22;1567,55;162,53;493,541;57,97;60,842;15,87;2,591;10,26;0,67;10,0;0,001;10,0;1,691;21,075;0,54;27,672;3,45;5,112;0,57;1,855;1,56;941,974;1,0;"";"";21,721;2,36;66,927;11,92;"";"";13,0;20,0;13,0;"";"";"";"";"";"";"";"";"";"";"";"";"";"";"";"";"";"";"";"";"";"";"";"";"";"";"";"";"";"";"";"";"";"";"";"";"";"";"";"";"";"";"";"";"";"";"";"";"";"";"";"";"";"";"";"";"";"";"";"";"";"";"";"";""
09.12.2022 18:06:45;1670605605000;880f01e687e2572cea04e80fc6a68085;942449;OK;1799;0;0;0;0;-0,04;-9,26;0;0;551;727;"";173,894;26,08;495,078;64,85;20,905;0,85;1,592;0,22;15,736;1,78;9,971;11,0;12,183;11,01;13,116;11,02;1523,887;158,29;480,055;56,73;46,957;14,6;2,618;10,14;1,382;10,0;0,0;10,0;1,891;21,066;0,54;27,671;3,45;5,109;0,57;1,846;1,56;941,995;1,0;"";"";21,805;2,35;67,254;11,94;"";"";13,0;20,0;13,0;"";"";"";"";"";"";"";"";"";"";"";"";"";"";"";"";"";"";"";"";"";"";"";"";"";"";"";"";"";"";"";"";"";"";"";"";"";"";"";"";"";"";"";"";"";"";"";"";"";"";"";"";"";"";"";"";"";"";"";"";"";"";"";"";""
09.12.2022 18:08:46;1670605726000;880f01e687e2572cea04e80fc6a68085;942569;OK;1784;0;0;0;0;-0,03;-2,47;0;0;530;728;"";169,189;25,38;493,975;64,82;20,905;0,85;1,591;0,22;15,682;1,78;10,545;11,0;14,259;11,24;15,058;11,36;1615,923;167,19;508,939;59,49;60,215;15,85;5,302;10,43;0,8679999;10,01;0,086;10,0;1,833;21,056;0,54;27,662;3,45;5,105;0,57;1,833;1,56;942,0;1,0;"";"";21,862;2,35;67,326;11,94;"";"";13,0;20,0;13,0;"";"";"";"";"";"";"";"";"";"";"";"";"";"";"";"";"";"";"";"";"";"";"";"";"";"";"";"";"";"";"";"";"";"";"";"";"";"";"";"";"";"";"";"";"";"";"";"";"";"";"";"";"";"";"";"";"";"";"";"";"";"";"";"";""
09.12.2022 18:10:46;1670605846000;880f01e687e2572cea04e80fc6a68085;942690;OK;1802;0;0;0;0;-0,02;-8,82;0;0;505;732;"";169,978;25,5;490,04;64,7;20,902;0,85;1,591;0,22;15,726;1,78;11,252;11,0;13,679;11,03;14,005;11,08;1629,756;168,59;511,38;59,68;55,837;15,41;2,348;10,24;0,342;10,0;0,178;10,0;1,452;21,047;0,54;27,671;3,45;5,104;0,57;1,83;1,56;941,992;1,0;"";"";21,863;2,35;67,53601;11,96;"";"";13,0;20,0;13,0;"";"";"";"";"";"";"";"";"";"";"";"";"";"";"";"";"";"";"";"";"";"";"";"";"";"";"";"";"";"";"";"";"";"";"";"";"";"";"";"";"";"";"";"";"";"";"";"";"";"";"";"";"";"";"";"";"";"";"";"";"";"";"";"";""
09.12.2022 18:12:47;1670605967000;880f01e687e2572cea04e80fc6a68085;942810;OK;1793;0;0;0;0;-0,03;-15,57;0;0;521;732;"";168,235;25,24;489,536;64,69;20,903;0,85;1,591;0,22;15,789;1,78;10,827;11,0;14,23;11,33;15,098;11,44;1540,073;159,84;482,27;56,91;53,214;15,22;3,345;10,32;0,762;10,02;0,018;10,0;1,835;21,039;0,54;27,651;3,45;5,097;0,57;1,812;1,56;941,992;1,0;"";"";21,826;2,35;67,535;11,96;"";"";13,0;20,0;13,0;"";"";"";"";"";"";"";"";"";"";"";"";"";"";"";"";"";"";"";"";"";"";"";"";"";"";"";"";"";"";"";"";"";"";"";"";"";"";"";"";"";"";"";"";"";"";"";"";"";"";"";"";"";"";"";"";"";"";"";"";"";"";"";"";""
09.12.2022 18:14:47;1670606087000;880f01e687e2572cea04e80fc6a68085;942930;OK;1803;0;0;0;0;-0,02;-7,97;0;0;545;732;"";168,763;25,31;490,568;64,72;20,903;0,85;1,59;0,22;15,843;1,78;10,126;11,0;12,296;11,03;13,451;11,1;1477,569;153,76;459,935;54,78;53,814;15,22;2,83;10,09;1,395;10,0;0,002;10,0;2,006;21,034;0,54;27,663;3,45;5,098;0,57;1,814;1,56;942,002;1,0;"";"";21,874;2,35;67,557;11,96;"";"";13,0;20,0;13,0;"";"";"";"";"";"";"";"";"";"";"";"";"";"";"";"";"";"";"";"";"";"";"";"";"";"";"";"";"";"";"";"";"";"";"";"";"";"";"";"";"";"";"";"";"";"";"";"";"";"";"";"";"";"";"";"";"";"";"";"";"";"";"";"";""
09.12.2022 18:16:47;1670606207000;880f01e687e2572cea04e80fc6a68085;943050;OK;1807;0;0;0;0;-0,02;1,34;0;0;512;732;"";168,285;25,24;490,635;64,72;20,902;0,85;1,591;0,22;15,884;1,79;11,059;11,0;13,293;11,2;13,893;11,23;1573,562;163,03;488,234;57,48;48,817;14,82;1,707;10,1;0,674;10,0;0,0;10,0;1,631;21,023;0,54;27,67;3,45;5,096;0,57;1,809;1,56;942,038;1,0;"";"";21,954;2,35;67,69001;11,96;"";"";13,0;20,0;13,0;"";"";"";"";"";"";"";"";"";"";"";"";"";"";"";"";"";"";"";"";"";"";"";"";"";"";"";"";"";"";"";"";"";"";"";"";"";"";"";"";"";"";"";"";"";"";"";"";"";"";"";"";"";"";"";"";"";"";"";"";"";"";"";"";""
09.12.2022 18:18:47;1670606327000;880f01e687e2572cea04e80fc6a68085;943171;OK;1799;0;0;0;0;-0,01;-3,87;0;0;513;734;"";166,378;24,96;488,387;64,65;20,908;0,85;1,591;0,22;15,983;1,79;11,027;11,0;15,183;11,57;15,916;11,59;1612,334;166,79;507,703;59,4;61,861;16,04;4,65;10,4;0,611;10,0;0,214;10,0;1,783;21,013;0,54;27,672;3,45;5,094;0,57;1,801;1,56;942,085;1,0;"";"";22,058;2,34;68,033;11,98;"";"";13,0;20,0;13,0;"";"";"";"";"";"";"";"";"";"";"";"";"";"";"";"";"";"";"";"";"";"";"";"";"";"";"";"";"";"";"";"";"";"";"";"";"";"";"";"";"";"";"";"";"";"";"";"";"";"";"";"";"";"";"";"";"";"";"";"";"";"";"";"";""
09.12.2022 18:20:48;1670606448000;880f01e687e2572cea04e80fc6a68085;943292;OK;1794;0;0;0;0;-0,06;-13,02;0;0;510;736;"";164,808;24,72;485,973;64,58;20,906;0,85;1,59;0,22;16,091;1,8;11,137;11,0;13,182;11,06;14,176;11,2;1623,907;167,94;507,837;59,39;49,039;14,83;2,505;10,18;1,356;10,13;0,022;10,0;1,773;21,002;0,54;27,588;3,45;5,075;0,57;1,749;1,57;942,129;1,0;"";"";22,102;2,34;68,232;11,99;"";"";13,0;20,0;13,0;"";"";"";"";"";"";"";"";"";"";"";"";"";"";"";"";"";"";"";"";"";"";"";"";"";"";"";"";"";"";"";"";"";"";"";"";"";"";"";"";"";"";"";"";"";"";"";"";"";"";"";"";"";"";"";"";"";"";"";"";"";"";"";"";""
09.12.2022 18:22:49;1670606569000;880f01e687e2572cea04e80fc6a68085;943412;OK;1787;0;0;0;0;-0,04;-15,61;0;0;523;738;"";165,043;24,76;484,932;64,55;20,906;0,85;1,589;0,22;16,143;1,8;10,748;11,0;13,054;11,06;13,361;11,11;1551,468;160,97;484,001;57,14;48,325;14,73;1,837;10,1;0,398;10,01;0,002;10,0;1,423;20,992;0,54;27,662;3,45;5,086;0,57;1,778;1,56;942,15;1,0;"";"";22,185;2,34;68,311;12,0;"";"";13,0;20,0;13,0;"";"";"";"";"";"";"";"";"";"";"";"";"";"";"";"";"";"";"";"";"";"";"";"";"";"";"";"";"";"";"";"";"";"";"";"";"";"";"";"";"";"";"";"";"";"";"";"";"";"";"";"";"";"";"";"";"";"";"";"";"";"";"";"";""
09.12.2022 18:24:50;1670606690000;880f01e687e2572cea04e80fc6a68085;943533;OK;1807;0;0;0;0;-0,06;-9,26;0;0;494;738;"";162,625;24,39;483,546;64,51;20,906;0,85;1,589;0,22;16,186;1,8;11,6;11,0;13,771;11,08;14,087;11,18;1671,635;172,65;525,329;61,12;49,002;14,84;1,261;10,09;0,163;10,0;0,0;10,0;1,402;20,979;0,54;27,572;3,45;5,065;0,57;1,721;1,57;942,159;1,0;"";"";22,227;2,33;68,706;12,02;"";"";13,0;20,0;13,0;"";"";"";"";"";"";"";"";"";"";"";"";"";"";"";"";"";"";"";"";"";"";"";"";"";"";"";"";"";"";"";"";"";"";"";"";"";"";"";"";"";"";"";"";"";"";"";"";"";"";"";"";"";"";"";"";"";"";"";"";"";"";"";"";""
09.12.2022 18:26:49;1670606809000;880f01e687e2572cea04e80fc6a68085;943653;OK;1796;0;0;0;0;-0,05;-8,07;0;0;531;739;"";162,536;24,38;483,265;64,5;20,905;0,85;1,589;0,22;16,266;1,81;10,524;11,0;13,665;11,21;15,406;11,56;1597,945;165,35;500,295;58,71;52,599;15,18;4,396;10,46;3,169;10,34;0,863;10,0;2,251;20,972;0,54;27,568;3,45;5,062;0,57;1,713;1,57;942,155;1,0;"";"";22,222;2,34;68,984;12,03;"";"";13,0;20,0;13,0;"";"";"";"";"";"";"";"";"";"";"";"";"";"";"";"";"";"";"";"";"";"";"";"";"";"";"";"";"";"";"";"";"";"";"";"";"";"";"";"";"";"";"";"";"";"";"";"";"";"";"";"";"";"";"";"";"";"";"";"";"";"";"";"";""
09.12.2022 18:28:51;1670606931000;880f01e687e2572cea04e80fc6a68085;943774;OK;1806;0;0;0;0;-0,04;-6,13;0;0;517;739;"";162,889;24,43;483,222;64,5;20,905;0,85;1,589;0,22;16,404;1,81;10,901;11,0;14,075;11,29;15,028;11,44;1627,3;168,28;516,822;60,29;61,91;16,04;2,799;10,27;0,8450001;10,06;0,089;10,0;1,852;20,964;0,54;27,642;3,45;5,074;0,56;1,744;1,57;942,151;1,0;"";"";22,311;2,33;69,169;12,04;"";"";13,0;20,0;13,0;"";"";"";"";"";"";"";"";"";"";"";"";"";"";"";"";"";"";"";"";"";"";"";"";"";"";"";"";"";"";"";"";"";"";"";"";"";"";"";"";"";"";"";"";"";"";"";"";"";"";"";"";"";"";"";"";"";"";"";"";"";"";"";"";""
09.12.2022 18:30:50;1670607050000;880f01e687e2572cea04e80fc6a68085;943893;OK;1801;0;0;0;0;0,03;-0,27;0;0;524;739;"";161,334;24,2;483,668;64,51;20,903;0,85;1,588;0,22;16,406;1,81;10,709;11,0;13,11;11,04;14,793;11,32;1613,4;166,94;508,772;59,48;55,703;15,39;2,658;10,2;1,14;10,15;0,554;10,0;2,149;20,953;0,54;27,642;3,45;5,071;0,56;1,735;1,56;942,165;1,0;"";"";22,39;2,33;69,401;12,06;"";"";13,0;20,0;13,0;"";"";"";"";"";"";"";"";"";"";"";"";"";"";"";"";"";"";"";"";"";"";"";"";"";"";"";"";"";"";"";"";"";"";"";"";"";"";"";"";"";"";"";"";"";"";"";"";"";"";"";"";"";"";"";"";"";"";"";"";"";"";"";"";""
09.12.2022 18:32:51;1670607171000;880f01e687e2572cea04e80fc6a68085;944014;OK;1802;0;0;0;0;0,02;-2,55;0;0;524;742;"";161,876;24,28;481,662;64,45;20,904;0,85;1,587;0,22;16,536;1,82;10,7;11,0;13,235;11,1;15,268;11,38;1604,92;166,08;502,366;58,83;57,935;15,68;4,669;10,57;2,731;10,21;0,431;10,0;2,408;20,935;0,54;27,681;3,45;5,072;0,56;1,738;1,56;942,187;1,0;"";"";22,462;2,32;69,637;12,07;"";"";13,0;20,0;13,0;"";"";"";"";"";"";"";"";"";"";"";"";"";"";"";"";"";"";"";"";"";"";"";"";"";"";"";"";"";"";"";"";"";"";"";"";"";"";"";"";"";"";"";"";"";"";"";"";"";"";"";"";"";"";"";"";"";"";"";"";"";"";"";"";""
09.12.2022 18:34:52;1670607292000;880f01e687e2572cea04e80fc6a68085;944135;OK;1793;0;0;0;0;-0,05;-9,24;0;0;529;743;"";159,115;23,87;479,864;64,4;20,908;0,85;1,588;0,22;16,576;1,82;10,569;11,0;13,59;11,03;14,381;11,3;1603,468;165,94;492,454;57,91;54,588;15,28;2,746;10,24;0,8450001;10,03;0,228;10,0;1,757;20,921;0,54;27,59;3,45;5,052;0,56;1,681;1,57;942,2009;1,0;"";"";22,538;2,32;69,929;12,08;"";"";13,0;20,0;13,0;"";"";"";"";"";"";"";"";"";"";"";"";"";"";"";"";"";"";"";"";"";"";"";"";"";"";"";"";"";"";"";"";"";"";"";"";"";"";"";"";"";"";"";"";"";"";"";"";"";"";"";"";"";"";"";"";"";"";"";"";"";"";"";"";""
09.12.2022 18:36:52;1670607412000;880f01e687e2572cea04e80fc6a68085;944255;OK;1795;0;0;0;0;-0,07;-16,75;0;0;534;743;"";157,87;23,68;478,486;64,35;20,903;0,85;1,588;0,22;16,625;1,83;10,442;11,0;12,833;11,01;13,402;11,04;1630,315;168,55;502,466;58,87;50,732;14,95;1,188;10,02;0,508;10,0;0,024;10,0;1,643;20,913;0,54;27,598;3,45;5,051;0,56;1,677;1,57;942,215;1,0;"";"";22,617;2,32;70,115;12,09;"";"";13,0;20,0;13,0;"";"";"";"";"";"";"";"";"";"";"";"";"";"";"";"";"";"";"";"";"";"";"";"";"";"";"";"";"";"";"";"";"";"";"";"";"";"";"";"";"";"";"";"";"";"";"";"";"";"";"";"";"";"";"";"";"";"";"";"";"";"";"";"";""
09.12.2022 18:38:53;1670607533000;880f01e687e2572cea04e80fc6a68085;944376;OK;1800;0;0;0;0;-0,08;-3,71;0;0;520;742;"";156,902;23,54;480,475;64,41;20,906;0,85;1,588;0,22;16,625;1,83;10,839;11,0;14,652;11,29;16,336;11,71;1637,463;169,32;512,335;59,85;70,649;16,82;5,239;10,55;2,039;10,1;0,002;10,0;2,25;20,898;0,54;27,575;3,45;5,042;0,56;1,653;1,57;942,239;1,0;"";"";22,609;2,32;70,515;12,11;"";"";13,0;20,0;13,0;"";"";"";"";"";"";"";"";"";"";"";"";"";"";"";"";"";"";"";"";"";"";"";"";"";"";"";"";"";"";"";"";"";"";"";"";"";"";"";"";"";"";"";"";"";"";"";"";"";"";"";"";"";"";"";"";"";"";"";"";"";"";"";"";""
09.12.2022 18:40:53;1670607653000;880f01e687e2572cea04e80fc6a68085;944496;OK;1791;0;0;0;0;-0,01;3,08;0;0;516;743;"";158,663;23,8;480,096;64,4;20,902;0,85;1,588;0,22;16,691;1,83;10,929;11,0;15,178;11,45;15,574;11,52;1624,623;168,0;506,488;59,29;66,692;16,52;2,724;10,29;0,374;10,01;0,0;10,0;1,619;20,891;0,54;27,618;3,45;5,048;0,56;1,669;1,57;942,2629;1,0;"";"";22,714;2,31;70,937;12,14;"";"";13,0;20,0;13,0;"";"";"";"";"";"";"";"";"";"";"";"";"";"";"";"";"";"";"";"";"";"";"";"";"";"";"";"";"";"";"";"";"";"";"";"";"";"";"";"";"";"";"";"";"";"";"";"";"";"";"";"";"";"";"";"";"";"";"";"";"";"";"";"";""
09.12.2022 18:42:53;1670607773000;880f01e687e2572cea04e80fc6a68085;944617;OK;1797;0;0;0;0;0,01;3,04;0;0;524;744;"";158,88;23,83;478,822;64,36;20,901;0,85;1,587;0,22;16,675;1,83;10,689;11,0;13,581;11,05;13,997;11,05;1602,136;165,78;498,403;58,47;60,872;15,87;1,109;10,03;0,866;10,0;0,194;10,0;1,564;20,883;0,54;27,656;3,45;5,053;0,56;1,682;1,56;942,291;1,0;"";"";22,803;2,31;71,623;12,17;"";"";13,0;20,0;13,0;"";"";"";"";"";"";"";"";"";"";"";"";"";"";"";"";"";"";"";"";"";"";"";"";"";"";"";"";"";"";"";"";"";"";"";"";"";"";"";"";"";"";"";"";"";"";"";"";"";"";"";"";"";"";"";"";"";"";"";"";"";"";"";"";""
09.12.2022 18:44:54;1670607894000;880f01e687e2572cea04e80fc6a68085;944737;OK;1795;0;0;0;0;0,01;-1,99;0;0;524;743;"";158,867;23,83;480,456;64,41;20,898;0,85;1,587;0,22;16,713;1,83;10,701;11,0;14,315;11,17;15,183;11,38;1674,572;172,89;518,692;60,47;63,308;16,17;1,932;10,24;1,078;10,0;0,02;10,0;1,824;20,878;0,54;27,608;3,45;5,042;0,56;1,653;1,57;942,314;1,0;"";"";22,881;2,3;71,859;12,19;"";"";13,0;20,0;13,0;"";"";"";"";"";"";"";"";"";"";"";"";"";"";"";"";"";"";"";"";"";"";"";"";"";"";"";"";"";"";"";"";"";"";"";"";"";"";"";"";"";"";"";"";"";"";"";"";"";"";"";"";"";"";"";"";"";"";"";"";"";"";"";"";""
09.12.2022 18:46:55;1670608015000;880f01e687e2572cea04e80fc6a68085;944858;OK;1800;0;0;0;0;0,0;-4,46;0;0;519;745;"";161,416;24,21;478,18;64,35;20,897;0,85;1,586;0,22;16,771;1,83;10,838;11,0;13,213;11,02;15,162;11,51;1550,74;160,82;489,66;57,62;52,076;15,14;3,719;10,38;1,798;10,18;0,002;10,0;2,35;20,866;0,54;27,686;3,45;5,053;0,56;1,682;1,56;942,326;1,0;"";"";22,939;2,3;71,944;12,19;"";"";13,0;20,0;13,0;"";"";"";"";"";"";"";"";"";"";"";"";"";"";"";"";"";"";"";"";"";"";"";"";"";"";"";"";"";"";"";"";"";"";"";"";"";"";"";"";"";"";"";"";"";"";"";"";"";"";"";"";"";"";"";"";"";"";"";"";"";"";"";"";""
09.12.2022 18:48:54;1670608134000;880f01e687e2572cea04e80fc6a68085;944977;OK;1809;0;0;0;0;-0,03;-1,16;0;0;482;744;"";158,013;23,7;479,577;64,39;20,906;0,85;1,587;0,22;16,804;1,84;11,956;11,0;14,448;11,23;16,52;11,74;1747,827;179,92;555,008;63,89;66,142;16,45;5,06;10,43;2,606;10,24;0,0;10,0;2,305;20,855;0,54;27,616;3,45;5,037;0,56;1,637;1,57;942,3429;1,0;"";"";22,9;2,3;72,03;12,2;"";"";13,0;20,0;13,0;"";"";"";"";"";"";"";"";"";"";"";"";"";"";"";"";"";"";"";"";"";"";"";"";"";"";"";"";"";"";"";"";"";"";"";"";"";"";"";"";"";"";"";"";"";"";"";"";"";"";"";"";"";"";"";"";"";"";"";"";"";"";"";"";""
09.12.2022 18:50:55;1670608255000;880f01e687e2572cea04e80fc6a68085;945098;OK;1805;0;0;0;0;-0,02;2,31;0;0;516;743;"";157,519;23,63;481,111;64,43;20,906;0,85;1,586;0,22;16,82;1,84;10,935;11,0;13,758;11,07;15,263;11,42;1632,222;168,69;508,55;59,42;57,349;15,6;3,299;10,31;1,933;10,17;0,0;10,0;2,104;20,847;0,54;27,662;3,45;5,043;0,56;1,653;1,56;942,3759;1,0;"";"";22,92;2,3;72,198;12,2;"";"";13,0;20,0;13,0;"";"";"";"";"";"";"";"";"";"";"";"";"";"";"";"";"";"";"";"";"";"";"";"";"";"";"";"";"";"";"";"";"";"";"";"";"";"";"";"";"";"";"";"";"";"";"";"";"";"";"";"";"";"";"";"";"";"";"";"";"";"";"";"";""
09.12.2022 18:52:56;1670608376000;880f01e687e2572cea04e80fc6a68085;945219;OK;1800;0;0;0;0;-0,07;0,7;0;0;520;744;"";152,733;22,91;476,77;64,3;20,906;0,85;1,586;0,22;16,773;1,83;10,831;11,0;14,209;11,17;16,136;11,63;1589,381;164,56;498,311;58,42;58,62;15,72;3,472;10,4;2,184;10,32;0,658;10,0;2,345;20,83;0,54;27,592;3,45;5,025;0,56;1,604;1,57;942,414;1,0;"";"";22,865;2,31;72,334;12,21;"";"";13,0;20,0;13,0;"";"";"";"";"";"";"";"";"";"";"";"";"";"";"";"";"";"";"";"";"";"";"";"";"";"";"";"";"";"";"";"";"";"";"";"";"";"";"";"";"";"";"";"";"";"";"";"";"";"";"";"";"";"";"";"";"";"";"";"";"";"";"";"";""
09.12.2022 18:54:55;1670608495000;880f01e687e2572cea04e80fc6a68085;945338;OK;1801;0;0;0;0;-0,06;-15,72;0;0;523;745;"";150,275;22,54;474,201;64,23;20,905;0,85;1,586;0,22;16,688;1,83;10,751;11,0;14,727;11,27;15,921;11,7;1677,301;173,18;526,428;61,13;71,102;16,89;6,033;10,54;1,414;10,03;0,07;10,0;2,037;20,822;0,54;27,578;3,45;5,02;0,56;1,589;1,57;942,441;1,0;"";"";22,955;2,3;72,548;12,22;"";"";13,0;20,0;13,0;"";"";"";"";"";"";"";"";"";"";"";"";"";"";"";"";"";"";"";"";"";"";"";"";"";"";"";"";"";"";"";"";"";"";"";"";"";"";"";"";"";"";"";"";"";"";"";"";"";"";"";"";"";"";"";"";"";"";"";"";"";"";"";"";""
09.12.2022 18:56:56;1670608616000;880f01e687e2572cea04e80fc6a68085;945459;OK;1814;0;0;0;0;-0,07;-18,92;0;0;508;745;"";152,067;22,81;474,776;64,24;20,91;0,85;1,586;0,22;16,761;1,83;11,162;11,0;14,692;11,33;15,184;11,47;1630,216;168,51;515,61;60,14;64,808;16,35;3,723;10,34;0,5809999;10,0;0,007;10,0;1,616;20,815;0,54;27,577;3,45;5,018;0,56;1,583;1,57;942,452;1,0;"";"";22,994;2,3;72,59;12,23;"";"";13,0;20,0;13,0;"";"";"";"";"";"";"";"";"";"";"";"";"";"";"";"";"";"";"";"";"";"";"";"";"";"";"";"";"";"";"";"";"";"";"";"";"";"";"";"";"";"";"";"";"";"";"";"";"";"";"";"";"";"";"";"";"";"";"";"";"";"";"";"";""
09.12.2022 18:58:57;1670608737000;880f01e687e2572cea04e80fc6a68085;945580;OK;1801;0;0;0;0;-0,02;-10,48;0;0;500;745;"";149,933;22,49;472,809;64,18;20,911;0,85;1,585;0,22;16,827;1,84;11,406;11,0;15,719;11,57;17,777;11,76;1713,586;176,71;532,786;61,81;67,50801;16,58;7,158;10,63;2,407;10,13;0,334;10,0;2,337;20,808;0,54;27,577;3,45;5,016;0,56;1,577;1,57;942,461;1,0;"";"";23,09;2,29;72,762;12,23;"";"";13,0;20,0;13,0;"";"";"";"";"";"";"";"";"";"";"";"";"";"";"";"";"";"";"";"";"";"";"";"";"";"";"";"";"";"";"";"";"";"";"";"";"";"";"";"";"";"";"";"";"";"";"";"";"";"";"";"";"";"";"";"";"";"";"";"";"";"";"";"";""
09.12.2022 19:00:58;1670608858000;880f01e687e2572cea04e80fc6a68085;945701;OK;1805;0;0;0;0;-0,02;-8,14;0;0;493;746;"";148,509;22,28;471,224;64,14;20,909;0,85;1,584;0,22;16,771;1,83;11,632;11,0;14,0;11,06;16,107;11,6;1711,338;176,44;538,035;62,3;54,931;15,38;3,746;10,37;2,704;10,13;1,029;10,0;2,36;20,797;0,54;27,578;3,45;5,013;0,56;1,568;1,57;942,492;1,0;"";"";23,132;2,29;72,865;12,24;"";"";13,0;20,0;13,0;"";"";"";"";"";"";"";"";"";"";"";"";"";"";"";"";"";"";"";"";"";"";"";"";"";"";"";"";"";"";"";"";"";"";"";"";"";"";"";"";"";"";"";"";"";"";"";"";"";"";"";"";"";"";"";"";"";"";"";"";"";"";"";"";""
09.12.2022 19:02:58;1670608978000;880f01e687e2572cea04e80fc6a68085;945821;OK;1802;0;0;0;0;-0,02;-14,04;0;0;513;746;"";148,826;22,32;469,774;64,09;20,909;0,85;1,585;0,22;16,781;1,83;11,025;11,0;13,586;11,01;15,296;11,47;1603,744;165,94;503,967;59,0;54,854;15,35;2,801;10,26;1,892;10,18;0,497;10,0;2,209;20,786;0,54;27,578;3,45;5,01;0,56;1,558;1,57;942,52;1,0;"";"";23,046;2,3;72,675;12,23;"";"";13,0;20,0;13,0;"";"";"";"";"";"";"";"";"";"";"";"";"";"";"";"";"";"";"";"";"";"";"";"";"";"";"";"";"";"";"";"";"";"";"";"";"";"";"";"";"";"";"";"";"";"";"";"";"";"";"";"";"";"";"";"";"";"";"";"";"";"";"";"";""
09.12.2022 19:04:58;1670609098000;880f01e687e2572cea04e80fc6a68085;945941;OK;1792;0;0;0;0;0,01;-2,07;0;0;495;747;"";154,19;23,13;473,154;64,19;20,906;0,85;1,584;0,22;16,758;1,83;11,537;11,0;14,378;11,13;15,381;11,41;1630,298;168,48;510,401;59,68;57,766;15,69;2,239;10,25;1,216;10,08;0,051;10,0;1,838;20,777;0,54;27,661;3,45;5,022;0,56;1,593;1,56;942,536;1,0;"";"";23,137;2,29;72,754;12,24;"";"";13,0;20,0;13,0;"";"";"";"";"";"";"";"";"";"";"";"";"";"";"";"";"";"";"";"";"";"";"";"";"";"";"";"";"";"";"";"";"";"";"";"";"";"";"";"";"";"";"";"";"";"";"";"";"";"";"";"";"";"";"";"";"";"";"";"";"";"";"";"";""
09.12.2022 19:06:59;1670609219000;880f01e687e2572cea04e80fc6a68085;946062;OK;1805;0;0;0;0;0,01;5,59;0;0;526;746;"";151,754;22,76;472,039;64,16;20,907;0,85;1,584;0,22;16,757;1,83;10,656;11,0;13,177;11,01;14,018;11,11;1570,793;162,77;492,232;57,86;54,694;15,37;3,158;10,29;1,152;10,01;0,005;10,0;1,79;20,765;0,54;27,607;3,45;5,009;0,56;1,556;1,57;942,563;1,0;"";"";23,151;2,29;72,958;12,25;"";"";13,0;20,0;13,0;"";"";"";"";"";"";"";"";"";"";"";"";"";"";"";"";"";"";"";"";"";"";"";"";"";"";"";"";"";"";"";"";"";"";"";"";"";"";"";"";"";"";"";"";"";"";"";"";"";"";"";"";"";"";"";"";"";"";"";"";"";"";"";"";""
09.12.2022 19:08:59;1670609339000;880f01e687e2572cea04e80fc6a68085;946182;OK;1801;0;0;0;0;-0,03;-6,55;0;0;499;746;"";150,744;22,61;467,7;64,03;20,907;0,85;1,583;0,22;16,784;1,83;11,431;11,0;13,91;11,22;16,764;11,71;1694,541;174,83;527,663;61,38;62,986;16,16;4,7;10,49;3,443;10,36;1,104;10,0;2,707;20,754;0,54;27,594;3,45;5,004;0,56;1,54;1,57;942,601;1,0;"";"";23,192;2,29;73,011;12,25;"";"";13,0;20,0;13,0;"";"";"";"";"";"";"";"";"";"";"";"";"";"";"";"";"";"";"";"";"";"";"";"";"";"";"";"";"";"";"";"";"";"";"";"";"";"";"";"";"";"";"";"";"";"";"";"";"";"";"";"";"";"";"";"";"";"";"";"";"";"";"";"";""
09.12.2022 19:10:59;1670609459000;880f01e687e2572cea04e80fc6a68085;946302;OK;1794;0;0;0;0;-0,07;-16,43;0;0;522;747;"";150,562;22,58;468,408;64,05;20,909;0,85;1,583;0,22;16,766;1,83;10,773;11,0;14,082;11,22;15,826;11,49;1635,257;169,03;509,998;59,62;61,854;16,01;4,444;10,4;2,453;10,07;0,233;10,0;2,296;20,74;0,54;27,586;3,45;4,998;0,56;1,523;1,57;942,627;1,0;"";"";23,333;2,28;73,084;12,25;"";"";13,0;20,0;13,0;"";"";"";"";"";"";"";"";"";"";"";"";"";"";"";"";"";"";"";"";"";"";"";"";"";"";"";"";"";"";"";"";"";"";"";"";"";"";"";"";"";"";"";"";"";"";"";"";"";"";"";"";"";"";"";"";"";"";"";"";"";"";"";"";""
09.12.2022 19:13:00;1670609580000;880f01e687e2572cea04e80fc6a68085;946423;OK;1797;0;0;0;0;-0,02;-0,39;0;0;489;747;"";152,379;22,86;471,547;64,15;20,905;0,85;1,584;0,22;16,786;1,83;11,755;11,0;15,492;11,51;17,771;11,73;1746,471;179,84;544,835;62,99;73,427;17,15;5,366;10,56;2,068;10,17;0,655;10,0;2,415;20,729;0,54;27,645;3,45;5,006;0,56;1,544;1,56;942,627;1,0;"";"";23,414;2,28;73,38;12,27;"";"";13,0;20,0;13,0;"";"";"";"";"";"";"";"";"";"";"";"";"";"";"";"";"";"";"";"";"";"";"";"";"";"";"";"";"";"";"";"";"";"";"";"";"";"";"";"";"";"";"";"";"";"";"";"";"";"";"";"";"";"";"";"";"";"";"";"";"";"";"";"";""
09.12.2022 19:15:00;1670609700000;880f01e687e2572cea04e80fc6a68085;946544;OK;1787;0;0;0;0;-0,0;6,78;0;0;497;747;"";151,434;22,72;468,613;64,06;20,902;0,85;1,584;0,22;16,796;1,84;11,49;11,0;14,3;11,12;15,786;11,56;1652,426;170,7;514,506;59,98;59,413;15,79;3,401;10,4;2,545;10,32;0,06800001;10,0;2,092;20,719;0,54;27,642;3,45;5,002;0,56;1,533;1,56;942,676;1,0;"";"";23,532;2,27;73,925;12,3;"";"";13,0;20,0;13,0;"";"";"";"";"";"";"";"";"";"";"";"";"";"";"";"";"";"";"";"";"";"";"";"";"";"";"";"";"";"";"";"";"";"";"";"";"";"";"";"";"";"";"";"";"";"";"";"";"";"";"";"";"";"";"";"";"";"";"";"";"";"";"";"";""
09.12.2022 19:17:01;1670609821000;880f01e687e2572cea04e80fc6a68085;946664;OK;1799;0;0;0;0;0,03;-3,09;0;0;509;748;"";153,32;23,0;467,057;64,01;20,904;0,85;1,583;0,22;16,767;1,83;11,16;11,0;15,118;11,55;16,153;11,62;1705,634;175,82;534,293;61,95;68,058;16,64;4,741;10,51;1,51;10,04;0,253;10,0;1,885;20,709;0,54;27,697;3,45;5,009;0,56;1,552;1,56;942,725;1,0;"";"";23,554;2,27;74,106;12,31;"";"";13,0;20,0;13,0;"";"";"";"";"";"";"";"";"";"";"";"";"";"";"";"";"";"";"";"";"";"";"";"";"";"";"";"";"";"";"";"";"";"";"";"";"";"";"";"";"";"";"";"";"";"";"";"";"";"";"";"";"";"";"";"";"";"";"";"";"";"";"";"";""
09.12.2022 19:19:01;1670609941000;880f01e687e2572cea04e80fc6a68085;946785;OK;1788;0;0;0;0;-0,04;-15,0;0;0;510;747;"";146,974;22,05;465,773;63,97;20,905;0,85;1,582;0,22;16,766;1,83;11,103;11,0;15,281;11,42;15,897;11,64;1699,406;175,27;532,62;61,76;77,758;17,62;3,295;10,33;1,135;10,0;0,026;10,0;1,724;20,698;0,54;27,599;3,45;4,988;0,56;1,494;1,57;942,756;1,0;"";"";23,526;2,27;74,11901;12,31;"";"";13,0;20,0;13,0;"";"";"";"";"";"";"";"";"";"";"";"";"";"";"";"";"";"";"";"";"";"";"";"";"";"";"";"";"";"";"";"";"";"";"";"";"";"";"";"";"";"";"";"";"";"";"";"";"";"";"";"";"";"";"";"";"";"";"";"";"";"";"";"";""
09.12.2022 19:21:02;1670610062000;880f01e687e2572cea04e80fc6a68085;946906;OK;1813;0;0;0;0;-0,02;-7,89;0;0;489;748;"";149,427;22,41;466,101;63,98;20,907;0,85;1,582;0,22;16,732;1,83;11,743;11,0;14,423;11,17;15,612;11,53;1699,931;175,34;532,228;61,8;64,77;16,36;2,549;10,1;1,477;10,0;0,003;10,0;1,934;20,689;0,54;27,674;3,45;4,999;0,56;1,524;1,56;942,787;1,0;"";"";23,477;2,28;74,18;12,31;"";"";13,0;20,0;13,0;"";"";"";"";"";"";"";"";"";"";"";"";"";"";"";"";"";"";"";"";"";"";"";"";"";"";"";"";"";"";"";"";"";"";"";"";"";"";"";"";"";"";"";"";"";"";"";"";"";"";"";"";"";"";"";"";"";"";"";"";"";"";"";"";""
09.12.2022 19:23:03;1670610183000;880f01e687e2572cea04e80fc6a68085;947026;OK;1794;0;0;0;0;-0,02;-4,5;0;0;510;748;"";149,645;22,45;466,144;63,98;20,907;0,85;1,582;0,22;16,812;1,84;11,093;11,0;13,715;11,02;15,425;11,38;1613,045;166,93;504,612;59,09;58,114;15,68;3,477;10,18;2,102;10,14;0,0;10,0;2,188;20,678;0,54;27,665;3,45;4,994;0,56;1,51;1,56;942,797;1,0;"";"";23,492;2,28;74,201;12,32;"";"";13,0;20,0;13,0;"";"";"";"";"";"";"";"";"";"";"";"";"";"";"";"";"";"";"";"";"";"";"";"";"";"";"";"";"";"";"";"";"";"";"";"";"";"";"";"";"";"";"";"";"";"";"";"";"";"";"";"";"";"";"";"";"";"";"";"";"";"";"";"";""
09.12.2022 19:25:04;1670610304000;880f01e687e2572cea04e80fc6a68085;947147;OK;1794;0;0;0;0;-0,02;-1,38;0;0;523;748;"";145,132;21,77;465,378;63,96;20,906;0,85;1,581;0,22;16,743;1,83;10,742;11,0;13,19;11,02;14,404;11,22;1582,056;163,89;490,937;57,71;59,023;15,8;2,657;10,13;0,962;10,07;0,172;10,0;1,969;20,669;0,54;27,599;3,45;4,98;0,56;1,468;1,57;942,799;1,0;"";"";23,559;2,27;74,028;12,31;"";"";13,0;20,0;13,0;"";"";"";"";"";"";"";"";"";"";"";"";"";"";"";"";"";"";"";"";"";"";"";"";"";"";"";"";"";"";"";"";"";"";"";"";"";"";"";"";"";"";"";"";"";"";"";"";"";"";"";"";"";"";"";"";"";"";"";"";"";"";"";"";""
09.12.2022 19:27:04;1670610424000;880f01e687e2572cea04e80fc6a68085;947267;OK;1790;0;0;0;0;-0,07;-9,03;0;0;507;748;"";144,392;21,66;462,881;63,89;20,905;0,85;1,582;0,22;16,761;1,83;11,203;11,0;13,784;11,04;14,968;11,31;1666,85;172,16;522,766;60,75;63,531;16,15;2,709;10,16;1,48;10,01;0,018;10,0;1,954;20,662;0,54;27,596;3,45;4,977;0,56;1,461;1,57;942,818;1,0;"";"";23,498;2,28;73,906;12,3;"";"";13,0;20,0;13,0;"";"";"";"";"";"";"";"";"";"";"";"";"";"";"";"";"";"";"";"";"";"";"";"";"";"";"";"";"";"";"";"";"";"";"";"";"";"";"";"";"";"";"";"";"";"";"";"";"";"";"";"";"";"";"";"";"";"";"";"";"";"";"";"";""
09.12.2022 19:29:05;1670610545000;880f01e687e2572cea04e80fc6a68085;947388;OK;1807;0;0;0;0;-0,06;-8,24;0;0;508;748;"";143,697;21,55;462,898;63,89;20,904;0,85;1,581;0,22;16,721;1,83;11,203;11,0;14,877;11,32;16,566;11,74;1691,044;174,48;535,725;62,1;62,81;16,13;5,882;10,48;2,696;10,22;0,002;10,0;2,227;20,655;0,54;27,592;3,45;4,974;0,56;1,453;1,57;942,837;1,0;"";"";23,452;2,28;73,727;12,29;"";"";13,0;20,0;13,0;"";"";"";"";"";"";"";"";"";"";"";"";"";"";"";"";"";"";"";"";"";"";"";"";"";"";"";"";"";"";"";"";"";"";"";"";"";"";"";"";"";"";"";"";"";"";"";"";"";"";"";"";"";"";"";"";"";"";"";"";"";"";"";"";""
09.12.2022 19:31:05;1670610665000;880f01e687e2572cea04e80fc6a68085;947508;OK;1802;0;0;0;0;0,02;2,27;0;0;510;749;"";146,561;21,98;465,49;63,96;20,903;0,85;1,58;0,22;16,779;1,83;11,115;11,0;14,412;11,27;16,693;11,73;1633,44;168,9;507,972;59,42;68,367;16,66;5,098;10,47;3,439;10,32;0,0;10,0;2,529;20,641;0,54;27,672;3,45;4,985;0,55;1,481;1,56;942,835;1,0;"";"";23,548;2,27;73,70201;12,29;"";"";13,0;20,0;13,0;"";"";"";"";"";"";"";"";"";"";"";"";"";"";"";"";"";"";"";"";"";"";"";"";"";"";"";"";"";"";"";"";"";"";"";"";"";"";"";"";"";"";"";"";"";"";"";"";"";"";"";"";"";"";"";"";"";"";"";"";"";"";"";"";""
09.12.2022 19:33:05;1670610785000;880f01e687e2572cea04e80fc6a68085;947628;OK;1791;0;0;0;0;-0,01;-0,52;0;0;488;749;"";145,932;21,89;462,177;63,87;20,902;0,85;1,579;0,22;16,748;1,83;11,762;11,0;16,151;11,7;17,898;11,85;1762,255;181,38;552,713;63,79;75,52;17,37;5,65;10,66;2,624;10,13;0,0;10,0;2,217;20,63;0,54;27,611;3,45;4,971;0,55;1,441;1,57;942,817;1,0;"";"";23,67;2,27;73,879;12,3;"";"";13,0;20,0;13,0;"";"";"";"";"";"";"";"";"";"";"";"";"";"";"";"";"";"";"";"";"";"";"";"";"";"";"";"";"";"";"";"";"";"";"";"";"";"";"";"";"";"";"";"";"";"";"";"";"";"";"";"";"";"";"";"";"";"";"";"";"";"";"";"";""
09.12.2022 19:35:06;1670610906000;880f01e687e2572cea04e80fc6a68085;947749;OK;1795;0;0;0;0;-0,02;-3,83;0;0;506;749;"";142,889;21,43;463,331;63,9;20,91;0,85;1,579;0,22;16,72;1,83;11,248;11,0;15,147;11,5;16,482;11,79;1675,438;172,97;528,477;61,39;65,528;16,36;3,954;10,46;1,88;10,15;0,0;10,0;2,05;20,622;0,54;27,622;3,45;4,97;0,55;1,44;1,56;942,812;1,0;"";"";23,62;2,27;74,339;12,32;"";"";13,0;20,0;13,0;"";"";"";"";"";"";"";"";"";"";"";"";"";"";"";"";"";"";"";"";"";"";"";"";"";"";"";"";"";"";"";"";"";"";"";"";"";"";"";"";"";"";"";"";"";"";"";"";"";"";"";"";"";"";"";"";"";"";"";"";"";"";"";"";""
09.12.2022 19:37:06;1670611026000;880f01e687e2572cea04e80fc6a68085;947870;OK;1794;0;0;0;0;-0,06;-8,98;0;0;508;749;"";141,625;21,24;461,595;63,85;20,907;0,85;1,579;0,22;16,735;1,83;11,18;11,0;13,815;11,29;14,645;11,45;1692,903;174,59;530,066;61,53;57,068;15,51;1,605;10,19;0,884;10,04;0,0;10,0;1,737;20,607;0,54;27,629;3,45;4,967;0,55;1,43;1,56;942,812;1,0;"";"";23,741;2,26;74,244;12,32;"";"";13,0;20,0;13,0;"";"";"";"";"";"";"";"";"";"";"";"";"";"";"";"";"";"";"";"";"";"";"";"";"";"";"";"";"";"";"";"";"";"";"";"";"";"";"";"";"";"";"";"";"";"";"";"";"";"";"";"";"";"";"";"";"";"";"";"";"";"";"";"";""
09.12.2022 19:39:07;1670611147000;880f01e687e2572cea04e80fc6a68085;947990;OK;1800;0;0;0;0;-0,01;0,78;0;0;521;750;"";144,551;21,68;462,081;63,86;20,909;0,85;1,578;0,22;16,702;1,83;10,877;11,0;13,473;11,24;15,64;11,54;1650,778;170,48;515,889;60,14;64,399;16,27;4,041;10,48;3,054;10,34;0,0;10,0;2,499;20,598;0,54;27,642;3,45;4,967;0,55;1,43;1,56;942,8061;1,0;"";"";23,706;2,27;74,059;12,31;"";"";13,0;20,0;13,0;"";"";"";"";"";"";"";"";"";"";"";"";"";"";"";"";"";"";"";"";"";"";"";"";"";"";"";"";"";"";"";"";"";"";"";"";"";"";"";"";"";"";"";"";"";"";"";"";"";"";"";"";"";"";"";"";"";"";"";"";"";"";"";"";""
09.12.2022 19:41:06;1670611266000;880f01e687e2572cea04e80fc6a68085;948109;OK;1809;0;0;0;0;-0,04;-5,02;0;0;495;749;"";137,919;20,69;460,216;63,81;20,905;0,85;1,577;0,22;16,665;1,83;11,559;11,0;14,328;11,29;15,997;11,6;1639,721;169,43;513,219;59,91;59,596;15,77;3,038;10,22;2,207;10,09;0,0;10,0;2,174;20,588;0,54;27,6;3,45;4,956;0,55;1,4;1,57;942,796;1,0;"";"";23,626;2,27;73,459;12,28;"";"";13,0;20,0;13,0;"";"";"";"";"";"";"";"";"";"";"";"";"";"";"";"";"";"";"";"";"";"";"";"";"";"";"";"";"";"";"";"";"";"";"";"";"";"";"";"";"";"";"";"";"";"";"";"";"";"";"";"";"";"";"";"";"";"";"";"";"";"";"";"";""
09.12.2022 19:43:07;1670611387000;880f01e687e2572cea04e80fc6a68085;948230;OK;1796;0;0;0;0;-0,04;-3,54;0;0;525;750;"";138,813;20,82;460,436;63,81;20,903;0,85;1,577;0,22;16,71;1,83;10,693;11,0;13,778;11,06;15,669;11,57;1638,606;169,37;514,637;60,04;59,172;15,78;4,261;10,5;2,767;10,2;0,525;10,0;2,356;20,575;0,54;27,611;3,45;4,955;0,55;1,394;1,57;942,791;1,0;"";"";23,675;2,27;73,37101;12,27;"";"";13,0;20,0;13,0;"";"";"";"";"";"";"";"";"";"";"";"";"";"";"";"";"";"";"";"";"";"";"";"";"";"";"";"";"";"";"";"";"";"";"";"";"";"";"";"";"";"";"";"";"";"";"";"";"";"";"";"";"";"";"";"";"";"";"";"";"";"";"";"";""
09.12.2022 19:45:08;1670611508000;880f01e687e2572cea04e80fc6a68085;948351;OK;1808;0;0;0;0;-0,05;-3,57;0;0;496;750;"";135,457;20,32;460,656;63,82;20,906;0,85;1,578;0,22;16,641;1,83;11,525;11,0;15,921;11,64;17,849;11,9;1771,042;182,21;546,662;63,13;69,939;16,8;5,425;10,53;2,403;10,24;0,268;10,0;2,286;20,56;0,54;27,598;3,45;4,948;0,55;1,374;1,57;942,799;1,0;"";"";23,772;2,26;73,289;12,27;"";"";13,0;20,0;13,0;"";"";"";"";"";"";"";"";"";"";"";"";"";"";"";"";"";"";"";"";"";"";"";"";"";"";"";"";"";"";"";"";"";"";"";"";"";"";"";"";"";"";"";"";"";"";"";"";"";"";"";"";"";"";"";"";"";"";"";"";"";"";"";"";""
09.12.2022 19:47:09;1670611629000;880f01e687e2572cea04e80fc6a68085;948472;OK;1795;0;0;0;0;0,0;-3,08;0;0;514;750;"";138,496;20,77;458,544;63,76;20,899;0,85;1,577;0,22;16,65;1,83;10,992;11,0;14,064;11,16;16,175;11,65;1715,661;176,82;541,839;62,73;58,811;15,83;5,109;10,5;1,87;10,14;0,028;10,0;2,419;20,552;0,54;27,674;3,45;4,959;0,55;1,406;1,56;942,82;1,0;"";"";23,75;2,26;73,46;12,28;"";"";13,0;20,0;13,0;"";"";"";"";"";"";"";"";"";"";"";"";"";"";"";"";"";"";"";"";"";"";"";"";"";"";"";"";"";"";"";"";"";"";"";"";"";"";"";"";"";"";"";"";"";"";"";"";"";"";"";"";"";"";"";"";"";"";"";"";"";"";"";"";""
09.12.2022 19:49:09;1670611749000;880f01e687e2572cea04e80fc6a68085;948592;OK;1809;0;0;0;0;0,03;-0,81;0;0;504;751;"";139,558;20,93;460,8;63,82;20,902;0,85;1,577;0,22;16,728;1,83;11,308;11,0;13,322;11,02;15,468;11,5;1636,18;169,08;514,979;60,05;54,308;15,34;3,759;10,36;2,58;10,22;0,003;10,0;2,419;20,545;0,54;27,693;3,45;4,961;0,55;1,41;1,56;942,8599;1,0;"";"";23,753;2,26;73,681;12,29;"";"";13,0;20,0;13,0;"";"";"";"";"";"";"";"";"";"";"";"";"";"";"";"";"";"";"";"";"";"";"";"";"";"";"";"";"";"";"";"";"";"";"";"";"";"";"";"";"";"";"";"";"";"";"";"";"";"";"";"";"";"";"";"";"";"";"";"";"";"";"";"";""
09.12.2022 19:51:09;1670611869000;880f01e687e2572cea04e80fc6a68085;948713;OK;1795;0;0;0;0;-0,01;3,76;0;0;499;750;"";137,872;20,68;461,224;63,84;20,904;0,85;1,577;0,22;16,697;1,83;11,436;11,0;14,293;11,21;15,553;11,5;1628,069;168,29;509,044;59,5;57,749;15,6;3,411;10,31;1,708;10,03;0,0;10,0;1,996;20,534;0,54;27,612;3,45;4,943;0,55;1,359;1,57;942,877;1,0;"";"";23,772;2,26;73,66001;12,29;"";"";13,0;20,0;13,0;"";"";"";"";"";"";"";"";"";"";"";"";"";"";"";"";"";"";"";"";"";"";"";"";"";"";"";"";"";"";"";"";"";"";"";"";"";"";"";"";"";"";"";"";"";"";"";"";"";"";"";"";"";"";"";"";"";"";"";"";"";"";"";"";""
09.12.2022 19:53:10;1670611990000;880f01e687e2572cea04e80fc6a68085;948833;OK;1815;0;0;0;0;-0,01;3,5;0;0;504;751;"";140,352;21,05;460,048;63,8;20,904;0,85;1,577;0,22;16,78;1,83;11,283;11,0;13,558;11,02;14,98;11,46;1606,287;166,24;501,951;58,75;50,854;14,93;2,43;10,21;1,541;10,03;0,122;10,0;2,026;20,523;0,54;27,707;3,45;4,957;0,55;1,398;1,56;942,888;1,0;"";"";23,846;2,26;73,324;12,27;"";"";13,0;20,0;13,0;"";"";"";"";"";"";"";"";"";"";"";"";"";"";"";"";"";"";"";"";"";"";"";"";"";"";"";"";"";"";"";"";"";"";"";"";"";"";"";"";"";"";"";"";"";"";"";"";"";"";"";"";"";"";"";"";"";"";"";"";"";"";"";"";""
09.12.2022 19:55:10;1670612110000;880f01e687e2572cea04e80fc6a68085;948954;OK;1796;0;0;0;0;0,0;-2,63;0;0;523;751;"";139,057;20,86;460,066;63,8;20,902;0,85;1,576;0,22;16,79;1,84;10,745;11,0;12,397;11,0;14,082;11,12;1581,158;163,72;492,155;57,81;46,953;14,62;3,017;10,18;2,239;10,14;0,393;10,0;2,252;20,515;0,54;27,719;3,45;4,957;0,55;1,397;1,56;942,907;1,0;"";"";23,919;2,26;73,358;12,28;"";"";13,0;20,0;13,0;"";"";"";"";"";"";"";"";"";"";"";"";"";"";"";"";"";"";"";"";"";"";"";"";"";"";"";"";"";"";"";"";"";"";"";"";"";"";"";"";"";"";"";"";"";"";"";"";"";"";"";"";"";"";"";"";"";"";"";"";"";"";"";"";""
09.12.2022 19:57:12;1670612232000;880f01e687e2572cea04e80fc6a68085;949076;OK;1787;0;0;0;0;0,03;-6,08;0;0;494;751;"";139,866;20,98;458,931;63,77;20,904;0,85;1,576;0,22;16,791;1,84;11,646;11,0;14,367;11,24;15,202;11,3;1755,06;180,7;554,305;63,83;55,635;15,49;4,292;10,27;0,935;10,03;0,094;10,0;1,741;20,507;0,54;27,727;3,45;4,956;0,55;1,394;1,56;942,931;1,0;"";"";23,983;2,25;73,05;12,26;"";"";13,0;20,0;13,0;"";"";"";"";"";"";"";"";"";"";"";"";"";"";"";"";"";"";"";"";"";"";"";"";"";"";"";"";"";"";"";"";"";"";"";"";"";"";"";"";"";"";"";"";"";"";"";"";"";"";"";"";"";"";"";"";"";"";"";"";"";"";"";"";""
09.12.2022 19:59:12;1670612352000;880f01e687e2572cea04e80fc6a68085;949195;OK;1801;0;0;0;0;-0,02;-7,34;0;0;490;751;"";138,08;20,71;457,18;63,72;20,906;0,85;1,575;0,22;16,737;1,83;11,713;11,0;14,449;11,27;15,026;11,35;1667,809;172,16;524,473;61,02;57,221;15,55;1,66;10,16;0,45;10,0;0,01;10,0;1,573;20,497;0,54;27,696;3,45;4,947;0,55;1,37;1,56;942,95;1,0;"";"";23,949;2,25;73,197;12,27;"";"";13,0;20,0;13,0;"";"";"";"";"";"";"";"";"";"";"";"";"";"";"";"";"";"";"";"";"";"";"";"";"";"";"";"";"";"";"";"";"";"";"";"";"";"";"";"";"";"";"";"";"";"";"";"";"";"";"";"";"";"";"";"";"";"";"";"";"";"";"";"";""
09.12.2022 20:01:12;1670612472000;880f01e687e2572cea04e80fc6a68085;949315;OK;1792;0;0;0;0;-0,02;-6,78;0;0;507;752;"";141,238;21,19;458,208;63,75;20,901;0,85;1,576;0,22;16,744;1,83;11,202;11,0;13,498;11,03;14,25;11,13;1607,936;166,36;503,325;58,87;51,853;15,1;2,089;10,19;1,062;10,1;0,259;10,0;1,695;20,486;0,54;27,725;3,45;4,949;0,55;1,375;1,56;942,9609;1,0;"";"";23,916;2,26;73,334;12,28;"";"";13,0;20,0;13,0;"";"";"";"";"";"";"";"";"";"";"";"";"";"";"";"";"";"";"";"";"";"";"";"";"";"";"";"";"";"";"";"";"";"";"";"";"";"";"";"";"";"";"";"";"";"";"";"";"";"";"";"";"";"";"";"";"";"";"";"";"";"";"";"";""
09.12.2022 20:03:13;1670612593000;880f01e687e2572cea04e80fc6a68085;949436;OK;1801;0;0;0;0;-0,02;-1,58;0;0;502;752;"";143,836;21,58;458,092;63,74;20,903;0,85;1,576;0,22;16,762;1,83;11,355;11,0;14,005;11,18;14,214;11,19;1601,376;165,76;499,607;58,49;54,027;15,32;1,562;10,17;0,224;10,02;0,027;10,0;1,403;20,479;0,54;27,739;3,45;4,95;0,55;1,375;1,56;942,944;1,0;"";"";23,968;2,25;73,571;12,29;"";"";13,0;20,0;13,0;"";"";"";"";"";"";"";"";"";"";"";"";"";"";"";"";"";"";"";"";"";"";"";"";"";"";"";"";"";"";"";"";"";"";"";"";"";"";"";"";"";"";"";"";"";"";"";"";"";"";"";"";"";"";"";"";"";"";"";"";"";"";"";"";""
09.12.2022 20:05:14;1670612714000;880f01e687e2572cea04e80fc6a68085;949557;OK;1793;0;0;0;0;-0,01;0,06;0;0;498;752;"";137,282;20,59;456,989;63,71;20,907;0,85;1,575;0,22;16,749;1,83;11,444;11,0;14,651;11,21;15,667;11,54;1672,935;172,71;524,028;60,92;60,639;15,99;2,866;10,23;0,903;10,03;0,003;10,0;1,86;20,468;0,54;27,722;3,45;4,944;0,55;1,358;1,56;942,9299;1,0;"";"";24,008;2,25;73,737;12,3;"";"";13,0;20,0;13,0;"";"";"";"";"";"";"";"";"";"";"";"";"";"";"";"";"";"";"";"";"";"";"";"";"";"";"";"";"";"";"";"";"";"";"";"";"";"";"";"";"";"";"";"";"";"";"";"";"";"";"";"";"";"";"";"";"";"";"";"";"";"";"";"";""
09.12.2022 20:07:14;1670612834000;880f01e687e2572cea04e80fc6a68085;949678;OK;1802;0;0;0;0;-0,03;-7,83;0;0;474;752;"";134,521;20,18;455,914;63,68;20,908;0,85;1,575;0,22;16,746;1,83;12,184;11,0;16,102;11,77;16,984;11,85;1815,774;186,57;571,101;65,45;72,975;17,1;3,919;10,36;1,438;10,08;0,0;10,0;1,79;20,455;0,54;27,729;3,45;4,941;0,55;1,35;1,56;942,904;1,0;"";"";24,078;2,25;73,7;12,29;"";"";13,0;20,0;13,0;"";"";"";"";"";"";"";"";"";"";"";"";"";"";"";"";"";"";"";"";"";"";"";"";"";"";"";"";"";"";"";"";"";"";"";"";"";"";"";"";"";"";"";"";"";"";"";"";"";"";"";"";"";"";"";"";"";"";"";"";"";"";"";"";""
09.12.2022 20:09:16;1670612956000;880f01e687e2572cea04e80fc6a68085;949799;OK;1787;0;0;0;0;-0,03;-7,65;0;0;517;752;"";134,607;20,19;455,94;63,68;20,908;0,85;1,574;0,22;16,765;1,83;10,911;11,0;14,233;11,24;15,166;11,37;1598,514;165,4;505,537;59,19;59,748;15,78;3,28;10,27;1,186;10,01;0,68;10,0;1,88;20,448;0,54;27,736;3,45;4,94;0,55;1,348;1,56;942,867;1,0;"";"";24,103;2,25;73,753;12,3;"";"";13,0;20,0;13,0;"";"";"";"";"";"";"";"";"";"";"";"";"";"";"";"";"";"";"";"";"";"";"";"";"";"";"";"";"";"";"";"";"";"";"";"";"";"";"";"";"";"";"";"";"";"";"";"";"";"";"";"";"";"";"";"";"";"";"";"";"";"";"";"";""
09.12.2022 20:11:15;1670613075000;880f01e687e2572cea04e80fc6a68085;949918;OK;1784;0;0;0;0;-0,01;-2,43;0;0;535;752;"";135,901;20,39;456,354;63,69;20,907;0,85;1,575;0,22;16,732;1,83;10,396;11,0;13,254;11,09;14,706;11,26;1599,341;165,51;500,007;58,64;56,114;15,45;3,605;10,25;1,618;10,0;0,23;10,0;2,138;20,441;0,54;27,745;3,45;4,94;0,55;1,347;1,56;942,844;1,0;"";"";24,025;2,25;73,624;12,29;"";"";13,0;20,0;13,0;"";"";"";"";"";"";"";"";"";"";"";"";"";"";"";"";"";"";"";"";"";"";"";"";"";"";"";"";"";"";"";"";"";"";"";"";"";"";"";"";"";"";"";"";"";"";"";"";"";"";"";"";"";"";"";"";"";"";"";"";"";"";"";"";""
09.12.2022 20:13:16;1670613196000;880f01e687e2572cea04e80fc6a68085;950039;OK;1812;0;0;0;0;-0,01;-0,06;0;0;527;752;"";133,254;19,99;455,095;63,65;20,908;0,85;1,575;0,22;16,773;1,83;10,621;11,0;13,558;11,19;14,159;11,24;1635,056;168,95;507,351;59,39;71,952;16,95;2,257;10,26;0,65;10,0;0,024;10,0;1,652;20,433;0,54;27,747;3,45;4,938;0,55;1,34;1,56;942,8109;1,0;"";"";23,984;2,25;73,13301;12,26;"";"";13,0;20,0;13,0;"";"";"";"";"";"";"";"";"";"";"";"";"";"";"";"";"";"";"";"";"";"";"";"";"";"";"";"";"";"";"";"";"";"";"";"";"";"";"";"";"";"";"";"";"";"";"";"";"";"";"";"";"";"";"";"";"";"";"";"";"";"";"";"";""
09.12.2022 20:15:17;1670613317000;880f01e687e2572cea04e80fc6a68085;950160;OK;1803;0;0;0;0;-0,01;-0,46;0;0;515;752;"";134,675;20,2;455,646;63,67;20,904;0,85;1,574;0,22;16,764;1,83;10,983;11,0;13,981;11,19;14,679;11,38;1722,414;177,51;536,546;62,16;65,832;16,42;1,771;10,2;0,95;10,02;0,115;10,0;1,687;20,425;0,54;27,747;3,45;4,936;0,55;1,333;1,56;942,7899;1,0;"";"";24,005;2,25;72,77101;12,25;"";"";13,0;20,0;13,0;"";"";"";"";"";"";"";"";"";"";"";"";"";"";"";"";"";"";"";"";"";"";"";"";"";"";"";"";"";"";"";"";"";"";"";"";"";"";"";"";"";"";"";"";"";"";"";"";"";"";"";"";"";"";"";"";"";"";"";"";"";"";"";"";""
09.12.2022 20:17:18;1670613438000;880f01e687e2572cea04e80fc6a68085;950281;OK;1799;0;0;0;0;-0,02;-1,78;0;0;508;753;"";133,882;20,08;455,376;63,66;20,901;0,85;1,574;0,22;16,746;1,83;11,162;11,0;14,039;11,13;16,721;11,82;1685,968;173,85;525,844;61,08;64,625;16,34;4,163;10,4;3,243;10,27;0,788;10,0;2,673;20,416;0,54;27,746;3,45;4,933;0,55;1,326;1,56;942,758;1,0;"";"";24,075;2,25;72,505;12,23;"";"";13,0;20,0;13,0;"";"";"";"";"";"";"";"";"";"";"";"";"";"";"";"";"";"";"";"";"";"";"";"";"";"";"";"";"";"";"";"";"";"";"";"";"";"";"";"";"";"";"";"";"";"";"";"";"";"";"";"";"";"";"";"";"";"";"";"";"";"";"";"";""
09.12.2022 20:19:19;1670613559000;880f01e687e2572cea04e80fc6a68085;950402;OK;1794;0;0;0;0;-0,04;-1,8;0;0;526;752;"";129,253;19,39;454,729;63,64;20,905;0,85;1,573;0,22;16,755;1,83;10,682;11,0;13,395;11,25;14,83;11,33;1640,059;169,37;508,456;59,31;56,446;15,41;3,349;10,32;1,641;10,03;0,715;10,0;2,149;20,414;0,54;27,694;3,45;4,923;0,55;1,298;1,56;942,686;1,0;"";"";24,128;2,25;72,513;12,23;"";"";13,0;20,0;13,0;"";"";"";"";"";"";"";"";"";"";"";"";"";"";"";"";"";"";"";"";"";"";"";"";"";"";"";"";"";"";"";"";"";"";"";"";"";"";"";"";"";"";"";"";"";"";"";"";"";"";"";"";"";"";"";"";"";"";"";"";"";"";"";"";""
09.12.2022 20:21:18;1670613678000;880f01e687e2572cea04e80fc6a68085;950521;OK;1806;0;0;0;0;-0,03;-2,21;0;0;515;752;"";130,971;19,65;455,358;63,66;20,901;0,85;1,573;0,22;16,721;1,83;10,966;11,0;14,517;11,19;15,547;11,49;1703,366;175,63;534,84;61,99;68,544;16,61;2,444;10,23;1,475;10,07;0,099;10,0;1,933;20,413;0,54;27,711;3,45;4,926;0,55;1,306;1,56;942,66;1,0;"";"";24,13;2,24;72,62001;12,24;"";"";13,0;20,0;13,0;"";"";"";"";"";"";"";"";"";"";"";"";"";"";"";"";"";"";"";"";"";"";"";"";"";"";"";"";"";"";"";"";"";"";"";"";"";"";"";"";"";"";"";"";"";"";"";"";"";"";"";"";"";"";"";"";"";"";"";"";"";"";"";"";""
09.12.2022 20:23:18;1670613798000;880f01e687e2572cea04e80fc6a68085;950641;OK;1833;0;0;0;0;-0,0;-2,74;0;0;512;753;"";133,376;20,01;453,674;63,61;20,9;0,85;1,572;0,22;16,779;1,83;11,051;11,0;14,208;11,21;16,467;11,7;1636,352;169,04;513,571;60,01;66,908;16,46;4,216;10,31;3,016;10,24;0,011;10,0;2,473;20,411;0,54;27,74;3,45;4,931;0,55;1,319;1,56;942,697;1,0;"";"";24,139;2,24;72,764;12,24;"";"";13,0;20,0;13,0;"";"";"";"";"";"";"";"";"";"";"";"";"";"";"";"";"";"";"";"";"";"";"";"";"";"";"";"";"";"";"";"";"";"";"";"";"";"";"";"";"";"";"";"";"";"";"";"";"";"";"";"";"";"";"";"";"";"";"";"";"";"";"";"";""
09.12.2022 20:25:20;1670613920000;880f01e687e2572cea04e80fc6a68085;950763;OK;1802;0;0;0;0;0,02;-6,24;0;0;515;753;"";132,596;19,89;452,62;63,58;20,899;0,85;1,572;0,22;16,714;1,83;10,982;11,0;13,033;11,02;14,271;11,08;1626,651;168,17;508,366;59,46;56,247;15,57;2,806;10,07;1,726;10,02;0,001;10,0;1,978;20,411;0,54;27,727;3,45;4,928;0,55;1,312;1,56;942,6939;1,0;"";"";24,245;2,24;72,875;12,25;"";"";13,898;21,33;37,8;"";"";"";"";"";"";"";"";"";"";"";"";"";"";"";"";"";"";"";"";"";"";"";"";"";"";"";"";"";"";"";"";"";"";"";"";"";"";"";"";"";"";"";"";"";"";"";"";"";"";"";"";"";"";"";"";"";"";"";"";"";"";"";"";""
09.12.2022 20:27:20;1670614040000;880f01e687e2572cea04e80fc6a68085;950883;OK;1807;0;0;0;0;-0,03;-7,34;0;0;488;752;"";129,092;19,36;452,588;63,58;20,9;0,85;1,573;0,22;16,747;1,83;11,785;11,0;14,278;11,22;16,084;11,62;1697,356;175,05;533,448;61,89;57,779;15,64;3,32;10,37;2,218;10,25;0,0;10,0;2,226;20,411;0,54;27,664;3,45;4,917;0,55;1,28;1,56;942,681;1,0;"";"";24,243;2,24;72,698;12,24;"";"";13,096;20,14;13,0;"";"";"";"";"";"";"";"";"";"";"";"";"";"";"";"";"";"";"";"";"";"";"";"";"";"";"";"";"";"";"";"";"";"";"";"";"";"";"";"";"";"";"";"";"";"";"";"";"";"";"";"";"";"";"";"";"";"";"";"";"";"";"";"";""
09.12.2022 20:29:21;1670614161000;880f01e687e2572cea04e80fc6a68085;951004;OK;1800;0;0;0;0;-0,04;0,08;0;0;515;752;"";130,57;19,59;453,472;63,6;20,899;0,85;1,573;0,22;16,662;1,83;10,957;11,0;12,759;11,02;13,79;11,06;1603,79;165,92;502,919;58,85;52,476;15,25;2,329;10,16;1,225;10,03;0,0;10,0;1,845;20,409;0,54;27,698;3,45;4,922;0,55;1,295;1,56;942,7139;1,0;"";"";24,281;2,24;72,362;12,22;"";"";13,01;20,01;13,0;"";"";"";"";"";"";"";"";"";"";"";"";"";"";"";"";"";"";"";"";"";"";"";"";"";"";"";"";"";"";"";"";"";"";"";"";"";"";"";"";"";"";"";"";"";"";"";"";"";"";"";"";"";"";"";"";"";"";"";"";"";"";"";"";""
09.12.2022 20:31:20;1670614280000;880f01e687e2572cea04e80fc6a68085;951123;OK;1806;0;0;0;0;-0,05;1,77;0;0;488;752;"";128,66;19,3;452,902;63,59;20,897;0,85;1,572;0,22;16,554;1,82;11,774;11,0;14,663;11,26;15,996;11,4;1737,837;178,95;550,13;63,51;67,397;16,6;3,074;10,36;1,343;10,13;0,395;10,0;1,951;20,408;0,54;27,636;3,45;4,911;0,55;1,263;1,56;942,802;1,0;"";"";24,285;2,24;71,886;12,2;"";"";13,001;20,0;13,0;"";"";"";"";"";"";"";"";"";"";"";"";"";"";"";"";"";"";"";"";"";"";"";"";"";"";"";"";"";"";"";"";"";"";"";"";"";"";"";"";"";"";"";"";"";"";"";"";"";"";"";"";"";"";"";"";"";"";"";"";"";"";"";"";""
09.12.2022 20:33:20;1670614400000;880f01e687e2572cea04e80fc6a68085;951244;OK;1794;0;0;0;0;-0,03;-0,17;0;0;555;752;"";126,162;18,92;452,925;63,59;20,903;0,85;1,573;0,22;16,531;1,82;9,889;11,0;13,607;11,18;14,299;11,27;1581,448;163,82;494,36;58,11;61,967;16,05;4,544;10,49;0,632;10,01;0,041;10,0;1,793;20,406;0,54;27,632;3,46;4,91;0,55;1,259;1,56;942,909;1,0;"";"";24,287;2,24;71,768;12,19;"";"";13,0;20,0;13,0;"";"";"";"";"";"";"";"";"";"";"";"";"";"";"";"";"";"";"";"";"";"";"";"";"";"";"";"";"";"";"";"";"";"";"";"";"";"";"";"";"";"";"";"";"";"";"";"";"";"";"";"";"";"";"";"";"";"";"";"";"";"";"";"";""
09.12.2022 20:35:21;1670614521000;880f01e687e2572cea04e80fc6a68085;951364;OK;1794;0;0;0;0;-0,03;-7,06;0;0;512;752;"";123,988;18,6;450,749;63,52;20,902;0,85;1,572;0,22;16,486;1,82;11,068;11,0;13,465;11,02;15,135;11,56;1626,544;168,15;507,071;59,26;62,183;16,09;4,481;10,45;1,517;10,15;0,385;10,0;2,186;20,403;0,54;27,62;3,46;4,907;0,55;1,251;1,56;942,984;1,0;"";"";24,318;2,24;71,996;12,21;"";"";13,0;20,0;13,0;"";"";"";"";"";"";"";"";"";"";"";"";"";"";"";"";"";"";"";"";"";"";"";"";"";"";"";"";"";"";"";"";"";"";"";"";"";"";"";"";"";"";"";"";"";"";"";"";"";"";"";"";"";"";"";"";"";"";"";"";"";"";"";"";""
09.12.2022 20:37:23;1670614643000;880f01e687e2572cea04e80fc6a68085;951486;OK;1786;0;0;0;0;-0,02;-6,6;0;0;511;752;"";127,824;19,17;451,554;63,55;20,902;0,85;1,572;0,22;16,443;1,82;11,095;11,0;14,368;11,18;15,147;11,34;1711,345;176,39;538,26;62,33;63,715;16,26;3,414;10,28;1,277;10,12;0,094;10,0;1,741;20,401;0,54;27,622;3,46;4,907;0,55;1,25;1,56;943,0269;1,0;"";"";24,187;2,24;71,85501;12,2;"";"";13,0;20,0;13,0;"";"";"";"";"";"";"";"";"";"";"";"";"";"";"";"";"";"";"";"";"";"";"";"";"";"";"";"";"";"";"";"";"";"";"";"";"";"";"";"";"";"";"";"";"";"";"";"";"";"";"";"";"";"";"";"";"";"";"";"";"";"";"";"";""
09.12.2022 20:39:22;1670614762000;880f01e687e2572cea04e80fc6a68085;951606;OK;1802;0;0;0;0;-0,01;-2,67;0;0;483;752;"";128,895;19,33;451,737;63,55;20,902;0,85;1,572;0,22;16,431;1,82;11,938;11,0;15,841;11,43;16,566;11,71;1736,667;178,92;545,8189;63,1;68,764;16,71;1,808;10,09;0,9940001;10,03;0,01;10,0;1,752;20,4;0,54;27,622;3,46;4,906;0,55;1,249;1,56;943,062;1,0;"";"";24,224;2,24;71,936;12,21;"";"";13,0;20,0;13,0;"";"";"";"";"";"";"";"";"";"";"";"";"";"";"";"";"";"";"";"";"";"";"";"";"";"";"";"";"";"";"";"";"";"";"";"";"";"";"";"";"";"";"";"";"";"";"";"";"";"";"";"";"";"";"";"";"";"";"";"";"";"";"";"";""
09.12.2022 20:41:23;1670614883000;880f01e687e2572cea04e80fc6a68085;951727;OK;1800;0;0;0;0;-0,0;3,24;0;0;490;752;"";129,274;19,39;452,477;63,57;20,905;0,85;1,572;0,22;16,421;1,82;11,722;11,0;15,863;11,52;17,12;11,75;1712,411;176,49;533,56;61,83;65,473;16,35;4,733;10,44;0,902;10,0;0,563;10,0;1,963;20,391;0,54;27,638;3,46;4,907;0,55;1,25;1,56;943,088;1,0;"";"";24,22;2,24;72,083;12,21;"";"";13,0;20,0;13,0;"";"";"";"";"";"";"";"";"";"";"";"";"";"";"";"";"";"";"";"";"";"";"";"";"";"";"";"";"";"";"";"";"";"";"";"";"";"";"";"";"";"";"";"";"";"";"";"";"";"";"";"";"";"";"";"";"";"";"";"";"";"";"";"";""
09.12.2022 20:43:24;1670615004000;880f01e687e2572cea04e80fc6a68085;951847;OK;1803;0;0;0;0;0,03;7,49;0;0;512;753;"";130,116;19,52;453,861;63,62;20,902;0,85;1,572;0,22;16,354;1,81;11,052;11,0;14,426;11,3;15,49;11,55;1694,563;174,81;534,638;61,94;62,577;16,11;3,868;10,36;1,097;10,08;0,381;10,0;1,92;20,384;0,54;27,706;3,45;4,917;0,55;1,278;1,56;943,111;1,0;"";"";24,25;2,24;72,086;12,21;"";"";13,0;20,0;13,0;"";"";"";"";"";"";"";"";"";"";"";"";"";"";"";"";"";"";"";"";"";"";"";"";"";"";"";"";"";"";"";"";"";"";"";"";"";"";"";"";"";"";"";"";"";"";"";"";"";"";"";"";"";"";"";"";"";"";"";"";"";"";"";"";""
09.12.2022 20:45:23;1670615123000;880f01e687e2572cea04e80fc6a68085;951966;OK;1810;0;0;0;0;-0,0;2,15;0;0;503;752;"";126,525;18,98;452,725;63,58;20,901;0,85;1,571;0,22;16,201;1,8;11,339;11,0;13,952;11,18;14,705;11,42;1629,339;168,47;509,559;59,49;54,596;15,31;1,62;10,09;0,903;10,01;0,041;10,0;1,697;20,376;0,54;27,64;3,46;4,903;0,55;1,238;1,56;943,122;1,0;"";"";24,186;2,24;71,84101;12,2;"";"";13,0;20,0;13,0;"";"";"";"";"";"";"";"";"";"";"";"";"";"";"";"";"";"";"";"";"";"";"";"";"";"";"";"";"";"";"";"";"";"";"";"";"";"";"";"";"";"";"";"";"";"";"";"";"";"";"";"";"";"";"";"";"";"";"";"";"";"";"";"";""
09.12.2022 20:47:24;1670615244000;880f01e687e2572cea04e80fc6a68085;952087;OK;1806;0;0;0;0;0,01;-8,24;0;0;501;754;"";129,899;19,48;449,945;63,5;20,902;0,85;1,57;0,22;16,179;1,8;11,363;11,0;14,757;11,34;15,398;11,47;1667,253;172,08;518,096;60,34;59,484;15,8;2,639;10,21;0,884;10,07;0,201;10,0;1,691;20,372;0,54;27,733;3,45;4,918;0,55;1,28;1,56;943,142;1,0;"";"";24,246;2,24;71,691;12,19;"";"";13,0;20,0;13,0;"";"";"";"";"";"";"";"";"";"";"";"";"";"";"";"";"";"";"";"";"";"";"";"";"";"";"";"";"";"";"";"";"";"";"";"";"";"";"";"";"";"";"";"";"";"";"";"";"";"";"";"";"";"";"";"";"";"";"";"";"";"";"";"";""
09.12.2022 20:49:24;1670615364000;880f01e687e2572cea04e80fc6a68085;952208;OK;1780;0;0;0;0;0,01;-8,08;0;0;523;754;"";130,482;19,57;451,912;63,56;20,905;0,85;1,571;0,22;16,127;1,8;10,749;11,0;13,177;11,07;14,291;11,22;1666,477;172,08;510,862;59,63;50,649;14,99;1,525;10,02;1,344;10,01;0,104;10,0;1,937;20,363;0,54;27,743;3,45;4,917;0,55;1,278;1,56;943,1459;1,0;"";"";24,268;2,24;71,768;12,2;"";"";13,0;20,0;13,0;"";"";"";"";"";"";"";"";"";"";"";"";"";"";"";"";"";"";"";"";"";"";"";"";"";"";"";"";"";"";"";"";"";"";"";"";"";"";"";"";"";"";"";"";"";"";"";"";"";"";"";"";"";"";"";"";"";"";"";"";"";"";"";"";""
09.12.2022 20:51:26;1670615486000;880f01e687e2572cea04e80fc6a68085;952329;OK;1802;0;0;0;0;0,01;-4,22;0;0;496;753;"";127,605;19,14;449,991;63,5;20,902;0,85;1,571;0,22;16,097;1,8;11,572;11,0;13,943;11,16;14,365;11,17;1722,783;177,56;538,202;62,28;55,579;15,39;1,746;10,04;0,402;10,0;0,011;10,0;1,514;20,361;0,54;27,686;3,45;4,906;0,55;1,247;1,56;943,1259;1,0;"";"";24,326;2,24;71,93;12,21;"";"";13,0;20,0;13,0;"";"";"";"";"";"";"";"";"";"";"";"";"";"";"";"";"";"";"";"";"";"";"";"";"";"";"";"";"";"";"";"";"";"";"";"";"";"";"";"";"";"";"";"";"";"";"";"";"";"";"";"";"";"";"";"";"";"";"";"";"";"";"";"";""
09.12.2022 20:53:26;1670615606000;880f01e687e2572cea04e80fc6a68085;952449;OK;1786;0;0;0;0;-0,02;-6,63;0;0;498;753;"";127,658;19,15;448,453;63,45;20,903;0,85;1,571;0,22;16,096;1,8;11,48;11,0;16,272;11,45;18,482;11,79;1716,13;176,88;541,35;62,57;80,704;17,79;7,435;10,74;3,288;10,39;0,076;10,0;2,382;20,361;0,54;27,726;3,45;4,914;0,55;1,268;1,56;943,1359;1,0;"";"";24,329;2,24;71,884;12,2;"";"";13,0;20,0;13,0;"";"";"";"";"";"";"";"";"";"";"";"";"";"";"";"";"";"";"";"";"";"";"";"";"";"";"";"";"";"";"";"";"";"";"";"";"";"";"";"";"";"";"";"";"";"";"";"";"";"";"";"";"";"";"";"";"";"";"";"";"";"";"";"";""
09.12.2022 20:55:27;1670615727000;880f01e687e2572cea04e80fc6a68085;952570;OK;1802;0;0;0;0;-0,01;-4,26;0;0;513;753;"";126,741;19,01;451,074;63,53;20,902;0,85;1,57;0,22;16,028;1,8;11,025;11,0;14,862;11,4;17,006;11,57;1646,388;170,07;519,012;60,46;69,57901;16,79;6,701;10,59;2,979;10,19;0,008;10,0;2,386;20,36;0,54;27,723;3,45;4,913;0,55;1,265;1,56;943,164;1,0;"";"";24,212;2,24;72,031;12,21;"";"";13,0;20,0;13,0;"";"";"";"";"";"";"";"";"";"";"";"";"";"";"";"";"";"";"";"";"";"";"";"";"";"";"";"";"";"";"";"";"";"";"";"";"";"";"";"";"";"";"";"";"";"";"";"";"";"";"";"";"";"";"";"";"";"";"";"";"";"";"";"";""
09.12.2022 20:57:28;1670615848000;880f01e687e2572cea04e80fc6a68085;952691;OK;1798;0;0;0;0;-0,02;7,66;0;0;480;753;"";128,027;19,2;452,144;63,56;20,901;0,85;1,571;0,22;16,106;1,8;12,025;11,0;15,528;11,49;16,433;11,68;1706,196;175,9;539,173;62,45;66,135;16,45;2,923;10,31;1,216;10,02;0,328;10,0;1,791;20,357;0,54;27,654;3,46;4,9;0,55;1,228;1,56;943,1729;1,0;"";"";24,149;2,25;72,367;12,23;"";"";13,0;20,0;13,0;"";"";"";"";"";"";"";"";"";"";"";"";"";"";"";"";"";"";"";"";"";"";"";"";"";"";"";"";"";"";"";"";"";"";"";"";"";"";"";"";"";"";"";"";"";"";"";"";"";"";"";"";"";"";"";"";"";"";"";"";"";"";"";"";""
09.12.2022 20:59:27;1670615967000;880f01e687e2572cea04e80fc6a68085;952810;OK;1809;0;0;0;0;-0,06;13,36;0;0;502;753;"";126,631;18,99;452,701;63,58;20,901;0,85;1,57;0,22;15,97;1,79;11,371;11,0;14,033;11,1;14,98;11,29;1625,857;168,14;513,096;59,85;59,51;15,83;1,758;10,12;1,131;10,04;0,035;10,0;1,81;20,357;0,54;27,628;3,46;4,895;0,55;1,216;1,56;943,152;1,0;"";"";24,028;2,25;72,24401;12,22;"";"";13,0;20,0;13,0;"";"";"";"";"";"";"";"";"";"";"";"";"";"";"";"";"";"";"";"";"";"";"";"";"";"";"";"";"";"";"";"";"";"";"";"";"";"";"";"";"";"";"";"";"";"";"";"";"";"";"";"";"";"";"";"";"";"";"";"";"";"";"";"";""
09.12.2022 21:01:28;1670616088000;880f01e687e2572cea04e80fc6a68085;952931;OK;1796;0;0;0;0;-0,05;-1,06;0;0;477;753;"";128,102;19,22;450,446;63,51;20,904;0,85;1,57;0,22;15,973;1,79;12,123;11,0;16,105;11,63;16,288;11,67;1821,647;187,14;573,896;65,83;83,404;18,17;3,755;10,39;0,267;10,0;0,004;10,0;1,465;20,358;0,54;27,625;3,46;4,895;0,55;1,215;1,56;943,116;1,0;"";"";24,005;2,25;72,077;12,21;"";"";13,0;20,0;13,0;"";"";"";"";"";"";"";"";"";"";"";"";"";"";"";"";"";"";"";"";"";"";"";"";"";"";"";"";"";"";"";"";"";"";"";"";"";"";"";"";"";"";"";"";"";"";"";"";"";"";"";"";"";"";"";"";"";"";"";"";"";"";"";"";""
09.12.2022 21:03:28;1670616208000;880f01e687e2572cea04e80fc6a68085;953052;OK;1786;0;0;0;0;-0,02;0,94;0;0;485;753;"";125,5;18,83;452,707;63,58;20,902;0,85;1,57;0,22;15,9;1,79;11,877;11,0;14,832;11,18;16,823;11,74;1704,053;175,71;536,124;62,15;66,517;16,46;4,964;10,58;3,57;10,35;0,184;10,0;2,288;20,357;0,54;27,622;3,46;4,894;0,55;1,212;1,56;943,086;1,0;"";"";23,978;2,25;71,977;12,21;"";"";13,0;20,0;13,0;"";"";"";"";"";"";"";"";"";"";"";"";"";"";"";"";"";"";"";"";"";"";"";"";"";"";"";"";"";"";"";"";"";"";"";"";"";"";"";"";"";"";"";"";"";"";"";"";"";"";"";"";"";"";"";"";"";"";"";"";"";"";"";"";""
09.12.2022 21:05:30;1670616330000;880f01e687e2572cea04e80fc6a68085;953173;OK;1806;0;0;0;0;-0,01;-0,2;0;0;518;753;"";121,212;18,18;451,036;63,53;20,902;0,85;1,569;0,22;15,809;1,78;10,909;11,0;14,909;11,44;16,184;11,71;1653,281;170,74;522,656;60,85;71,306;16,97;4,2;10,4;2,18;10,22;0,019;10,0;2,053;20,355;0,54;27,621;3,46;4,893;0,55;1,21;1,56;943,0679;1,0;"";"";24,003;2,25;71,653;12,19;"";"";13,0;20,0;13,0;"";"";"";"";"";"";"";"";"";"";"";"";"";"";"";"";"";"";"";"";"";"";"";"";"";"";"";"";"";"";"";"";"";"";"";"";"";"";"";"";"";"";"";"";"";"";"";"";"";"";"";"";"";"";"";"";"";"";"";"";"";"";"";"";""
09.12.2022 21:07:30;1670616450000;880f01e687e2572cea04e80fc6a68085;953293;OK;1794;0;0;0;0;-0,01;-5,84;0;0;523;753;"";122,841;18,43;448,754;63,46;20,903;0,85;1,569;0,22;15,747;1,78;10,762;11,0;13,039;11,11;13,925;11,21;1567,567;162,47;494,347;58,06;49,524;14,83;2,466;10,12;0,703;10,03;0,002;10,0;1,758;20,352;0,54;27,621;3,46;4,892;0,55;1,207;1,56;943,046;1,0;"";"";23,929;2,26;70,998;12,16;"";"";13,0;20,0;13,0;"";"";"";"";"";"";"";"";"";"";"";"";"";"";"";"";"";"";"";"";"";"";"";"";"";"";"";"";"";"";"";"";"";"";"";"";"";"";"";"";"";"";"";"";"";"";"";"";"";"";"";"";"";"";"";"";"";"";"";"";"";"";"";"";""
09.12.2022 21:09:31;1670616571000;880f01e687e2572cea04e80fc6a68085;953414;OK;1796;0;0;0;0;-0,0;-11,51;0;0;532;753;"";124,208;18,63;449,115;63,47;20,903;0,85;1,569;0,22;15,757;1,78;10,471;11,0;13,466;11,17;14,366;11,34;1517,884;157,58;475,687;56,27;51,506;15,05;2,52;10,13;1,373;10,0;0,0;10,0;1,862;20,35;0,54;27,622;3,46;4,892;0,55;1,206;1,56;943,012;1,0;"";"";23,894;2,26;70,298;12,12;"";"";13,0;20,0;13,0;"";"";"";"";"";"";"";"";"";"";"";"";"";"";"";"";"";"";"";"";"";"";"";"";"";"";"";"";"";"";"";"";"";"";"";"";"";"";"";"";"";"";"";"";"";"";"";"";"";"";"";"";"";"";"";"";"";"";"";"";"";"";"";"";""
09.12.2022 21:11:32;1670616692000;880f01e687e2572cea04e80fc6a68085;953535;OK;1795;0;0;0;0;-0,01;-2,59;0;0;512;753;"";127,077;19,06;449,891;63,5;20,903;0,85;1,569;0,22;15,721;1,78;11,06;11,0;14,604;11,39;16,062;11,51;1684,3;173,68;529,854;61,53;72,248;16,99;3,678;10,28;1,375;10,09;0,0;10,0;2,115;20,344;0,54;27,622;3,46;4,89;0,55;1,201;1,56;942,995;1,0;"";"";23,841;2,26;69,738;12,09;"";"";13,0;20,0;13,0;"";"";"";"";"";"";"";"";"";"";"";"";"";"";"";"";"";"";"";"";"";"";"";"";"";"";"";"";"";"";"";"";"";"";"";"";"";"";"";"";"";"";"";"";"";"";"";"";"";"";"";"";"";"";"";"";"";"";"";"";"";"";"";"";""
09.12.2022 21:13:31;1670616811000;880f01e687e2572cea04e80fc6a68085;953654;OK;1809;0;0;0;0;-0,02;4,53;0;0;488;753;"";121,982;18,3;449,528;63,49;20,903;0,85;1,568;0,22;15,703;1,78;11,789;11,0;15,801;11,58;16,54;11,64;1786,347;183,72;563,92;64,87;76,22;17,38;3,549;10,23;0,736;10,02;0,174;10,0;1,738;20,336;0,54;27,61;3,46;4,886;0,55;1,187;1,56;943,014;1,0;"";"";23,822;2,26;69,381;12,07;"";"";13,0;20,0;13,0;"";"";"";"";"";"";"";"";"";"";"";"";"";"";"";"";"";"";"";"";"";"";"";"";"";"";"";"";"";"";"";"";"";"";"";"";"";"";"";"";"";"";"";"";"";"";"";"";"";"";"";"";"";"";"";"";"";"";"";"";"";"";"";"";""
09.12.2022 21:15:33;1670616933000;880f01e687e2572cea04e80fc6a68085;953776;OK;1809;0;0;0;0;-0,03;-3,14;0;0;528;753;"";119,53;17,93;447,925;63,44;20,903;0,85;1,569;0,22;15,593;1,77;10,614;11,0;14,613;11,25;15,156;11,4;1634,725;168,93;518,495;60,36;66,727;16,53;2,796;10,21;0,715;10,0;0,144;10,0;1,685;20,329;0,54;27,594;3,46;4,881;0,55;1,174;1,57;943,0389;1,0;"";"";23,794;2,26;68,883;12,05;"";"";13,0;20,0;13,0;"";"";"";"";"";"";"";"";"";"";"";"";"";"";"";"";"";"";"";"";"";"";"";"";"";"";"";"";"";"";"";"";"";"";"";"";"";"";"";"";"";"";"";"";"";"";"";"";"";"";"";"";"";"";"";"";"";"";"";"";"";"";"";"";""
09.12.2022 21:17:34;1670617054000;880f01e687e2572cea04e80fc6a68085;953897;OK;1802;0;0;0;0;-0,02;-5,88;0;0;517;753;"";120,929;18,14;448,428;63,45;20,903;0,85;1,569;0,22;15,564;1,77;10,945;11,0;13,005;11,03;13,908;11,09;1585,044;164,1;502,751;58,88;58,587;15,7;1,918;10,05;1,376;10,0;0,015;10,0;1,786;20,327;0,54;27,617;3,46;4,884;0,55;1,184;1,56;943,042;1,0;"";"";23,771;2,26;68,402;12,02;"";"";13,0;20,0;13,0;"";"";"";"";"";"";"";"";"";"";"";"";"";"";"";"";"";"";"";"";"";"";"";"";"";"";"";"";"";"";"";"";"";"";"";"";"";"";"";"";"";"";"";"";"";"";"";"";"";"";"";"";"";"";"";"";"";"";"";"";"";"";"";"";""
09.12.2022 21:19:33;1670617173000;880f01e687e2572cea04e80fc6a68085;954016;OK;1805;0;0;0;0;0,0;-4,77;0;0;537;753;"";123,356;18,5;447,687;63,43;20,903;0,85;1,568;0,22;15,581;1,77;10,339;11,0;14,603;11,34;15,641;11,56;1615,078;167,0;504,607;59,05;74,68;17,3;4,641;10,39;1,447;10,05;0,002;10,0;1,963;20,324;0,54;27,622;3,46;4,885;0,55;1,184;1,56;943,055;1,0;"";"";23,701;2,27;68,506;12,03;"";"";13,0;20,0;13,0;"";"";"";"";"";"";"";"";"";"";"";"";"";"";"";"";"";"";"";"";"";"";"";"";"";"";"";"";"";"";"";"";"";"";"";"";"";"";"";"";"";"";"";"";"";"";"";"";"";"";"";"";"";"";"";"";"";"";"";"";"";"";"";"";""
09.12.2022 21:21:34;1670617294000;880f01e687e2572cea04e80fc6a68085;954137;OK;1791;0;0;0;0;0,01;-3,87;0;0;503;753;"";123,039;18,46;447,517;63,43;20,907;0,85;1,568;0,22;15,603;1,77;11,332;11,0;14,637;11,28;15,43;11,55;1614,596;166,96;505,351;59,16;61,384;16,02;3,172;10,32;0,615;10,01;0,0;10,0;1,757;20,324;0,54;27,623;3,46;4,885;0,55;1,184;1,56;943,085;1,0;"";"";23,717;2,27;69,451;12,08;"";"";13,0;20,0;13,0;"";"";"";"";"";"";"";"";"";"";"";"";"";"";"";"";"";"";"";"";"";"";"";"";"";"";"";"";"";"";"";"";"";"";"";"";"";"";"";"";"";"";"";"";"";"";"";"";"";"";"";"";"";"";"";"";"";"";"";"";"";"";"";"";""
09.12.2022 21:23:34;1670617414000;880f01e687e2572cea04e80fc6a68085;954257;OK;1825;0;0;0;0;0,0;-8,46;0;0;537;753;"";124,495;18,67;445,803;63,37;20,91;0,85;1,568;0,22;15,642;1,78;10,357;11,0;13,546;11,2;14,475;11,29;1583,647;163,97;492,861;57,92;59,307;15,85;3,564;10,31;0,896;10,01;0,0;10,0;1,888;20,33;0,54;27,622;3,46;4,886;0,55;1,189;1,56;943,1359;1,0;"";"";23,804;2,26;70,524;12,13;"";"";13,0;20,0;13,0;"";"";"";"";"";"";"";"";"";"";"";"";"";"";"";"";"";"";"";"";"";"";"";"";"";"";"";"";"";"";"";"";"";"";"";"";"";"";"";"";"";"";"";"";"";"";"";"";"";"";"";"";"";"";"";"";"";"";"";"";"";"";"";"";""
09.12.2022 21:25:35;1670617535000;880f01e687e2572cea04e80fc6a68085;954379;OK;1805;0;0;0;0;0,01;-1,37;0;0;514;753;"";120,538;18,08;448,184;63,45;20,906;0,85;1,568;0,22;15,679;1,78;10,99;11,0;13,505;11,04;13,974;11,14;1583,157;163,96;495,246;58,18;62,814;16,02;2,317;10,25;0,486;10,0;0,0;10,0;1,559;20,339;0,54;27,616;3,46;4,888;0,55;1,193;1,56;943,197;1,0;"";"";23,796;2,26;71,126;12,17;"";"";13,0;20,0;13,0;"";"";"";"";"";"";"";"";"";"";"";"";"";"";"";"";"";"";"";"";"";"";"";"";"";"";"";"";"";"";"";"";"";"";"";"";"";"";"";"";"";"";"";"";"";"";"";"";"";"";"";"";"";"";"";"";"";"";"";"";"";"";"";"";""
09.12.2022 21:27:36;1670617656000;880f01e687e2572cea04e80fc6a68085;954499;OK;1790;0;0;0;0;-0,03;5,39;0;0;495;752;"";121,206;18,18;448,486;63,45;20,906;0,85;1,567;0,22;15,663;1,78;11,544;11,0;14,622;11,19;15,081;11,33;1721,846;177,47;540,207;62,55;69,521;16,73;1,497;10,03;0,763;10,0;0,0;10,0;1,578;20,349;0,54;27,514;3,46;4,872;0,55;1,15;1,57;943,273;1,0;"";"";23,791;2,26;71,222;12,17;"";"";13,0;20,0;13,0;"";"";"";"";"";"";"";"";"";"";"";"";"";"";"";"";"";"";"";"";"";"";"";"";"";"";"";"";"";"";"";"";"";"";"";"";"";"";"";"";"";"";"";"";"";"";"";"";"";"";"";"";"";"";"";"";"";"";"";"";"";"";"";"";""
09.12.2022 21:29:37;1670617777000;880f01e687e2572cea04e80fc6a68085;954620;OK;1806;0;0;0;0;-0,04;2,21;0;0;491;752;"";122,513;18,38;445,792;63,37;20,906;0,85;1,568;0,22;15,698;1,78;11,665;11,0;14,447;11,27;15,48;11,48;1699,502;175,33;531,295;61,67;66,857;16,52;2,598;10,23;0,897;10,08;0,0;10,0;1,802;20,357;0,54;27,515;3,46;4,875;0,55;1,158;1,57;943,31;1,0;"";"";23,793;2,26;71,14601;12,17;"";"";13,0;20,0;13,0;"";"";"";"";"";"";"";"";"";"";"";"";"";"";"";"";"";"";"";"";"";"";"";"";"";"";"";"";"";"";"";"";"";"";"";"";"";"";"";"";"";"";"";"";"";"";"";"";"";"";"";"";"";"";"";"";"";"";"";"";"";"";"";"";""
09.12.2022 21:31:37;1670617897000;880f01e687e2572cea04e80fc6a68085;954740;OK;1790;0;0;0;0;-0,02;-10,87;0;0;522;752;"";123,631;18,54;444,671;63,34;20,906;0,85;1,569;0,22;15,607;1,77;10,752;11,0;13,658;11,05;15,455;11,52;1663,651;171,77;517,733;60,33;57,729;15,69;3,828;10,36;2,119;10,24;1,338;10,2;2,211;20,36;0,54;27,525;3,46;4,878;0,55;1,165;1,57;943,345;1,0;"";"";23,811;2,26;70,919;12,16;"";"";13,0;20,0;13,0;"";"";"";"";"";"";"";"";"";"";"";"";"";"";"";"";"";"";"";"";"";"";"";"";"";"";"";"";"";"";"";"";"";"";"";"";"";"";"";"";"";"";"";"";"";"";"";"";"";"";"";"";"";"";"";"";"";"";"";"";"";"";"";"";""
09.12.2022 21:33:36;1670618016000;880f01e687e2572cea04e80fc6a68085;954859;OK;1808;0;0;0;0;0,01;-11,32;0;0;534;752;"";119,137;17,87;444,572;63,34;20,906;0,85;1,569;0,22;15,403;1,76;10,446;11,0;12,572;11,01;13,871;11,16;1532,119;158,96;478,526;56,58;54,679;15,32;2,591;10,2;1,195;10,1;0,143;10,02;2,045;20,365;0,54;27,502;3,46;4,875;0,55;1,158;1,57;943,385;1,0;"";"";23,733;2,27;70,626;12,14;"";"";13,0;20,0;13,0;"";"";"";"";"";"";"";"";"";"";"";"";"";"";"";"";"";"";"";"";"";"";"";"";"";"";"";"";"";"";"";"";"";"";"";"";"";"";"";"";"";"";"";"";"";"";"";"";"";"";"";"";"";"";"";"";"";"";"";"";"";"";"";"";""
09.12.2022 21:35:38;1670618138000;880f01e687e2572cea04e80fc6a68085;954982;OK;1793;0;0;0;0;-0,01;-0,91;0;0;516;752;"";118,689;17,8;445,437;63,36;20,906;0,85;1,568;0,22;15,275;1,76;10,93;11,0;14,149;11,14;15,398;11,51;1642,232;169,73;513,186;59,89;62,121;16,07;4,246;10,42;1,418;10,05;0,014;10,0;2,023;20,363;0,54;27,5;3,46;4,874;0,55;1,155;1,57;943,392;1,0;"";"";23,708;2,27;70,009;12,11;"";"";13,0;20,0;13,0;"";"";"";"";"";"";"";"";"";"";"";"";"";"";"";"";"";"";"";"";"";"";"";"";"";"";"";"";"";"";"";"";"";"";"";"";"";"";"";"";"";"";"";"";"";"";"";"";"";"";"";"";"";"";"";"";"";"";"";"";"";"";"";"";""
09.12.2022 21:37:39;1670618259000;880f01e687e2572cea04e80fc6a68085;955103;OK;1796;0;0;0;0;-0,02;-1,59;0;0;490;752;"";119,693;17,95;443,278;63,3;20,906;0,85;1,569;0,22;15,109;1,75;11,706;11,0;14,612;11,27;15,317;11,46;1700,098;175,29;532,017;61,69;57,729;15,67;2,572;10,28;0,531;10,01;0,137;10,0;1,671;20,362;0,54;27,469;3,46;4,868;0,55;1,139;1,57;943,3419;1,0;"";"";23,628;2,27;69,384;12,08;"";"";13,0;20,0;13,0;"";"";"";"";"";"";"";"";"";"";"";"";"";"";"";"";"";"";"";"";"";"";"";"";"";"";"";"";"";"";"";"";"";"";"";"";"";"";"";"";"";"";"";"";"";"";"";"";"";"";"";"";"";"";"";"";"";"";"";"";"";"";"";"";""
09.12.2022 21:39:40;1670618380000;880f01e687e2572cea04e80fc6a68085;955223;OK;1800;0;0;0;0;-0,06;-11,55;0;0;485;751;"";115,487;17,32;440,365;63,21;20,904;0,85;1,568;0,22;14,918;1,74;11,883;11,0;14,178;11,11;15,063;11,39;1639,022;169,32;516,498;60,18;66,05;16,49;2,209;10,21;1,058;10,0;0,014;10,0;1,736;20,36;0,54;27,395;3,46;4,855;0,55;1,099;1,58;943,258;1,0;"";"";23,532;2,28;68,631;12,04;"";"";13,0;20,0;13,0;"";"";"";"";"";"";"";"";"";"";"";"";"";"";"";"";"";"";"";"";"";"";"";"";"";"";"";"";"";"";"";"";"";"";"";"";"";"";"";"";"";"";"";"";"";"";"";"";"";"";"";"";"";"";"";"";"";"";"";"";"";"";"";"";""
09.12.2022 21:41:39;1670618499000;880f01e687e2572cea04e80fc6a68085;955342;OK;1787;0;0;0;0;-0,04;-13,23;0;0;492;751;"";118,135;17,72;441,102;63,23;20,907;0,85;1,568;0,22;14,735;1,73;11,658;11,0;13,747;11,06;14,815;11,42;1665,83;172,01;520,395;60,54;56,06;15,46;2,308;10,04;1,798;10,0;0,002;10,0;1,854;20,356;0,54;27,418;3,46;4,858;0,55;1,108;1,58;943,1769;1,0;"";"";23,565;2,27;67,909;12,0;"";"";13,0;20,0;13,0;"";"";"";"";"";"";"";"";"";"";"";"";"";"";"";"";"";"";"";"";"";"";"";"";"";"";"";"";"";"";"";"";"";"";"";"";"";"";"";"";"";"";"";"";"";"";"";"";"";"";"";"";"";"";"";"";"";"";"";"";"";"";"";"";""
09.12.2022 21:43:40;1670618620000;880f01e687e2572cea04e80fc6a68085;955463;OK;1803;0;0;0;0;-0,04;-1,82;0;0;466;751;"";117,395;17,61;442,408;63,27;20,903;0,85;1,568;0,22;14,739;1,73;12,436;11,0;14,846;11,25;15,487;11,51;1723,417;177,58;545,338;63,06;65,415;16,35;1,715;10,03;1,019;10,0;0,0;10,0;1,605;20,349;0,54;27,407;3,46;4,854;0,55;1,097;1,58;943,099;1,0;"";"";23,414;2,28;67,27201;11,96;"";"";13,0;20,0;13,0;"";"";"";"";"";"";"";"";"";"";"";"";"";"";"";"";"";"";"";"";"";"";"";"";"";"";"";"";"";"";"";"";"";"";"";"";"";"";"";"";"";"";"";"";"";"";"";"";"";"";"";"";"";"";"";"";"";"";"";"";"";"";"";"";""
09.12.2022 21:45:41;1670618741000;880f01e687e2572cea04e80fc6a68085;955584;OK;1788;0;0;0;0;-0,03;-1,81;0;0;490;751;"";115,155;17,27;439,295;63,18;20,902;0,85;1,567;0,22;14,723;1,73;11,714;11,0;14,456;11,07;15,68;11,66;1649,575;170,43;521,506;60,74;64,864;16,3;3,786;10,34;1,117;10,0;0,0;10,0;1,958;20,34;0,54;27,384;3,46;4,847;0,55;1,077;1,58;943,043;1,0;"";"";23,33;2,29;66,683;11,93;"";"";13,0;20,0;13,0;"";"";"";"";"";"";"";"";"";"";"";"";"";"";"";"";"";"";"";"";"";"";"";"";"";"";"";"";"";"";"";"";"";"";"";"";"";"";"";"";"";"";"";"";"";"";"";"";"";"";"";"";"";"";"";"";"";"";"";"";"";"";"";"";""
09.12.2022 21:47:40;1670618860000;880f01e687e2572cea04e80fc6a68085;955703;OK;1814;0;0;0;0;-0,04;-10,43;0;0;485;751;"";114,948;17,24;438,244;63,15;20,902;0,85;1,567;0,22;14,615;1,72;11,872;11,0;15,339;11,45;16,642;11,78;1706,323;175,9;529,669;61,58;71,167;16,87;4,522;10,39;1,953;10,0;0,295;10,0;2,014;20,332;0,54;27,388;3,46;4,846;0,55;1,072;1,58;943,034;1,0;"";"";23,191;2,29;66,227;11,91;"";"";13,0;20,0;13,0;"";"";"";"";"";"";"";"";"";"";"";"";"";"";"";"";"";"";"";"";"";"";"";"";"";"";"";"";"";"";"";"";"";"";"";"";"";"";"";"";"";"";"";"";"";"";"";"";"";"";"";"";"";"";"";"";"";"";"";"";"";"";"";"";""
09.12.2022 21:49:41;1670618981000;880f01e687e2572cea04e80fc6a68085;955824;OK;1796;0;0;0;0;-0,02;-11,52;0;0;491;752;"";116,842;17,53;438,57;63,16;20,901;0,85;1,567;0,22;14,626;1,72;11,665;11,0;14,409;11,22;15,433;11,36;1681,762;173,48;523,7639;60,96;66,436;16,48;2,208;10,14;1,533;10,05;0,03;10,0;1,856;20,325;0,54;27,39;3,46;4,844;0,55;1,068;1,58;943,0679;1,0;"";"";23,193;2,29;66,302;11,91;"";"";13,0;20,0;13,0;"";"";"";"";"";"";"";"";"";"";"";"";"";"";"";"";"";"";"";"";"";"";"";"";"";"";"";"";"";"";"";"";"";"";"";"";"";"";"";"";"";"";"";"";"";"";"";"";"";"";"";"";"";"";"";"";"";"";"";"";"";"";"";"";""
09.12.2022 21:51:41;1670619101000;880f01e687e2572cea04e80fc6a68085;955945;OK;1799;0;0;0;0;-0,02;-6,64;0;0;473;752;"";117,161;17,57;436,994;63,11;20,899;0,85;1,566;0,22;14,63;1,72;12,24;11,0;16,159;11,53;17,003;11,65;1779,498;183,02;555,995;64,08;66,581;16,53;4,7;10,5;0,158;10,01;0,003;10,0;1,8;20,319;0,54;27,385;3,46;4,841;0,55;1,06;1,58;943,098;1,0;"";"";23,156;2,29;66,452;11,92;"";"";13,0;20,0;13,0;"";"";"";"";"";"";"";"";"";"";"";"";"";"";"";"";"";"";"";"";"";"";"";"";"";"";"";"";"";"";"";"";"";"";"";"";"";"";"";"";"";"";"";"";"";"";"";"";"";"";"";"";"";"";"";"";"";"";"";"";"";"";"";"";""
09.12.2022 21:53:42;1670619222000;880f01e687e2572cea04e80fc6a68085;956065;OK;1791;0;0;0;0;0,02;2,35;0;0;518;752;"";118,324;17,75;440,262;63,21;20,904;0,85;1,566;0,22;14,647;1,72;10,898;11,0;14,649;11,25;15,642;11,53;1641,998;169,64;516,853;60,26;62,778;16,02;4,419;10,4;1,197;10,0;0,0;10,0;1,896;20,312;0,54;27,472;3,46;4,855;0,55;1,098;1,57;943,09;1,0;"";"";23,086;2,3;66,604;11,93;"";"";13,0;20,0;13,0;"";"";"";"";"";"";"";"";"";"";"";"";"";"";"";"";"";"";"";"";"";"";"";"";"";"";"";"";"";"";"";"";"";"";"";"";"";"";"";"";"";"";"";"";"";"";"";"";"";"";"";"";"";"";"";"";"";"";"";"";"";"";"";"";""
09.12.2022 21:55:43;1670619343000;880f01e687e2572cea04e80fc6a68085;956186;OK;1794;0;0;0;0;0,0;1,65;0;0;471;752;"";117,94;17,69;438,28;63,15;20,9;0,85;1,566;0,22;14,702;1,73;12,323;11,0;16,35;11,65;17,874;11,93;1785,741;183,64;563,9699;64,91001;78,619;17,68;3,996;10,29;2,205;10,07;0,0;10,0;2,077;20,309;0,54;27,398;3,46;4,841;0,55;1,058;1,58;943,06;1,0;"";"";23,121;2,3;67,252;11,96;"";"";13,0;20,0;13,0;"";"";"";"";"";"";"";"";"";"";"";"";"";"";"";"";"";"";"";"";"";"";"";"";"";"";"";"";"";"";"";"";"";"";"";"";"";"";"";"";"";"";"";"";"";"";"";"";"";"";"";"";"";"";"";"";"";"";"";"";"";"";"";"";""
09.12.2022 21:57:43;1670619463000;880f01e687e2572cea04e80fc6a68085;956306;OK;1789;0;0;0;0;-0,02;-2,99;0;0;495;752;"";113,573;17,04;436,274;63,09;20,899;0,85;1,566;0,22;14,759;1,73;11,554;11,0;14,256;11,22;15,865;11,49;1674,228;172,81;525,534;61,14;64,38;16,29;3,138;10,24;2,382;10,17;0,0;10,0;2,143;20,316;0,54;27,382;3,46;4,84;0,55;1,056;1,58;943,0799;1,0;"";"";23,067;2,3;67,755;11,99;"";"";13,0;20,0;13,0;"";"";"";"";"";"";"";"";"";"";"";"";"";"";"";"";"";"";"";"";"";"";"";"";"";"";"";"";"";"";"";"";"";"";"";"";"";"";"";"";"";"";"";"";"";"";"";"";"";"";"";"";"";"";"";"";"";"";"";"";"";"";"";"";""
09.12.2022 21:59:43;1670619583000;880f01e687e2572cea04e80fc6a68085;956427;OK;1790;0;0;0;0;-0,04;-13,83;0;0;490;752;"";115,152;17,27;435,309;63,06;20,903;0,85;1,565;0,22;14,873;1,73;11,712;11,0;13,756;11,05;14,148;11,14;1704,763;175,72;532,676;61,83;58,577;15,7;0,568;10,03;0,49;10,02;0,0;10,0;1,436;20,325;0,54;27,38;3,46;4,842;0,55;1,062;1,58;943,161;1,0;"";"";23,122;2,3;68,299;12,02;"";"";13,0;20,0;13,0;"";"";"";"";"";"";"";"";"";"";"";"";"";"";"";"";"";"";"";"";"";"";"";"";"";"";"";"";"";"";"";"";"";"";"";"";"";"";"";"";"";"";"";"";"";"";"";"";"";"";"";"";"";"";"";"";"";"";"";"";"";"";"";"";""
09.12.2022 22:01:44;1670619704000;880f01e687e2572cea04e80fc6a68085;956547;OK;1792;0;0;0;0;0,04;-7,51;0;0;525;752;"";119,324;17,9;436,169;63,09;20,902;0,85;1,566;0,22;14,919;1,74;10,676;11,0;14,401;11,25;15,511;11,45;1660,502;171,43;523,849;60,95;62,859;16,14;2,974;10,22;1,7;10,17;0,0;10,0;1,943;20,338;0,54;27,414;3,46;4,852;0,55;1,09;1,58;943,232;1,0;"";"";23,204;2,29;68,84201;12,05;"";"";13,0;20,0;13,0;"";"";"";"";"";"";"";"";"";"";"";"";"";"";"";"";"";"";"";"";"";"";"";"";"";"";"";"";"";"";"";"";"";"";"";"";"";"";"";"";"";"";"";"";"";"";"";"";"";"";"";"";"";"";"";"";"";"";"";"";"";"";"";"";""
09.12.2022 22:03:45;1670619825000;880f01e687e2572cea04e80fc6a68085;956668;OK;1798;0;0;0;0;0,03;3,27;0;0;481;751;"";115,674;17,35;437,49;63,12;20,906;0,85;1,567;0,22;14,927;1,74;12,006;11,0;15,775;11,47;17,056;11,82;1775,461;182,6;564,286;64,85;63,693;16,23;4,243;10,48;2,217;10,27;0,666;10,0;1,996;20,35;0,54;27,382;3,46;4,849;0,55;1,084;1,58;943,259;1,0;"";"";23,194;2,29;69,387;12,08;"";"";13,0;20,0;13,0;"";"";"";"";"";"";"";"";"";"";"";"";"";"";"";"";"";"";"";"";"";"";"";"";"";"";"";"";"";"";"";"";"";"";"";"";"";"";"";"";"";"";"";"";"";"";"";"";"";"";"";"";"";"";"";"";"";"";"";"";"";"";"";"";""
09.12.2022 22:05:43;1670619943000;880f01e687e2572cea04e80fc6a68085;956787;OK;1814;0;0;0;0;0,01;6,29;0;0;488;751;"";114,108;17,12;437,551;63,13;20,898;0,85;1,566;0,22;14,818;1,73;11,769;11,0;15,11;11,31;17,137;11,67;1727,101;177,89;539,704;62,5;64,04901;16,25;4,329;10,43;2,555;10,17;0,649;10,08;2,309;20,356;0,54;27,379;3,46;4,851;0,55;1,088;1,58;943,288;1,0;"";"";23,189;2,29;69,831;12,1;"";"";13,0;20,0;13,0;"";"";"";"";"";"";"";"";"";"";"";"";"";"";"";"";"";"";"";"";"";"";"";"";"";"";"";"";"";"";"";"";"";"";"";"";"";"";"";"";"";"";"";"";"";"";"";"";"";"";"";"";"";"";"";"";"";"";"";"";"";"";"";"";""
09.12.2022 22:07:44;1670620064000;880f01e687e2572cea04e80fc6a68085;956907;OK;1793;0;0;0;0;-0,01;-3,49;0;0;500;751;"";114,273;17,14;434,361;63,03;20,9;0,85;1,566;0,22;14,709;1,73;11,414;11,0;14,802;11,34;17,048;11,75;1678,378;173,17;530,814;61,56;68,554;16,7;6,546;10,6;3,003;10,21;0,257;10,01;2,464;20,364;0,54;27,378;3,46;4,853;0,55;1,094;1,58;943,322;1,0;"";"";23,102;2,3;69,982;12,11;"";"";13,0;20,0;13,0;"";"";"";"";"";"";"";"";"";"";"";"";"";"";"";"";"";"";"";"";"";"";"";"";"";"";"";"";"";"";"";"";"";"";"";"";"";"";"";"";"";"";"";"";"";"";"";"";"";"";"";"";"";"";"";"";"";"";"";"";"";"";"";"";""
09.12.2022 22:09:45;1670620185000;880f01e687e2572cea04e80fc6a68085;957028;OK;1789;0;0;0;0;0,02;-10,85;0;0;521;751;"";115,126;17,27;434,733;63,04;20,905;0,85;1,567;0,22;14,627;1,72;10,811;11,0;14,738;11,38;15,772;11,61;1630,429;168,47;511,675;59,77;64,87;16,36;3,995;10,35;0,9700001;10,03;0,027;10,0;1,931;20,37;0,54;27,378;3,46;4,854;0,55;1,1;1,58;943,345;1,0;"";"";23,026;2,3;69,808;12,1;"";"";13,0;20,0;13,0;"";"";"";"";"";"";"";"";"";"";"";"";"";"";"";"";"";"";"";"";"";"";"";"";"";"";"";"";"";"";"";"";"";"";"";"";"";"";"";"";"";"";"";"";"";"";"";"";"";"";"";"";"";"";"";"";"";"";"";"";"";"";"";"";""
09.12.2022 22:11:46;1670620306000;880f01e687e2572cea04e80fc6a68085;957149;OK;1806;0;0;0;0;-0,02;-7,41;0;0;524;750;"";114,964;17,24;434,688;63,04;20,906;0,85;1,567;0,22;14,482;1,71;10,724;11,0;13,489;11,24;13,852;11,28;1604,184;165,98;506,277;59,23;57,405;15,71;1,633;10,16;0,511;10,04;0,003;10,0;1,507;20,374;0,54;27,298;3,46;4,841;0,55;1,062;1,59;943,385;1,0;"";"";23,065;2,3;69,326;12,07;"";"";13,0;20,0;13,0;"";"";"";"";"";"";"";"";"";"";"";"";"";"";"";"";"";"";"";"";"";"";"";"";"";"";"";"";"";"";"";"";"";"";"";"";"";"";"";"";"";"";"";"";"";"";"";"";"";"";"";"";"";"";"";"";"";"";"";"";"";"";"";"";""
09.12.2022 22:13:46;1670620426000;880f01e687e2572cea04e80fc6a68085;957269;OK;1789;0;0;0;0;-0,03;-3,39;0;0;539;750;"";114,182;17,13;433,633;63,01;20,905;0,85;1,568;0,22;14,339;1,71;10,293;11,0;14,115;11,11;15,307;11,42;1595,941;165,22;499,119;58,6;63,119;16,16;3,824;10,38;1,426;10,03;0,623;10,0;2,061;20,374;0,54;27,318;3,46;4,845;0,55;1,073;1,58;943,4299;1,0;"";"";23,076;2,3;68,478;12,03;"";"";13,017;20,02;17,5;"";"";"";"";"";"";"";"";"";"";"";"";"";"";"";"";"";"";"";"";"";"";"";"";"";"";"";"";"";"";"";"";"";"";"";"";"";"";"";"";"";"";"";"";"";"";"";"";"";"";"";"";"";"";"";"";"";"";"";"";"";"";"";"";""
09.12.2022 22:15:47;1670620547000;880f01e687e2572cea04e80fc6a68085;957390;OK;1809;0;0;0;0;-0,05;-7,49;0;0;523;750;"";113,689;17,05;432,114;62,96;20,903;0,85;1,568;0,22;14,171;1,7;10,745;11,0;12,818;11,01;13,63;11,08;1619,307;167,42;502,946;58,94;53,874;15,36;1,67;10,06;1,422;10,02;0,06400001;10,0;1,732;20,367;0,54;27,268;3,46;4,834;0,55;1,041;1,59;943,472;1,0;"";"";22,944;2,31;67,876;12,0;"";"";13,002;20,0;13,0;"";"";"";"";"";"";"";"";"";"";"";"";"";"";"";"";"";"";"";"";"";"";"";"";"";"";"";"";"";"";"";"";"";"";"";"";"";"";"";"";"";"";"";"";"";"";"";"";"";"";"";"";"";"";"";"";"";"";"";"";"";"";"";"";""
09.12.2022 22:17:47;1670620667000;880f01e687e2572cea04e80fc6a68085;957510;OK;1792;0;0;0;0;-0,04;-3,52;0;0;477;750;"";112,832;16,92;433,881;63,02;20,901;0,85;1,568;0,22;14,029;1,69;12,094;11,0;15,092;11,31;16,623;11,46;1706,805;175,94;539,701;62,51;62,328;16,09;4,033;10,42;2,003;10,2;0,402;10,0;1,982;20,361;0,54;27,254;3,46;4,83;0,55;1,029;1,59;943,477;1,0;"";"";22,831;2,31;67,115;11,96;"";"";13,0;20,0;13,0;"";"";"";"";"";"";"";"";"";"";"";"";"";"";"";"";"";"";"";"";"";"";"";"";"";"";"";"";"";"";"";"";"";"";"";"";"";"";"";"";"";"";"";"";"";"";"";"";"";"";"";"";"";"";"";"";"";"";"";"";"";"";"";"";""
09.12.2022 22:19:48;1670620788000;880f01e687e2572cea04e80fc6a68085;957631;OK;1805;0;0;0;0;-0,03;1,5;0;0;475;750;"";114,12;17,12;433,015;62,99;20,904;0,85;1,569;0,22;13,924;1,69;12,154;11,0;14,877;11,31;15,952;11,56;1738,954;179,03;545,284;63,08;59,847;15,84;2,342;10,15;1,04;10,04;0,041;10,0;1,838;20,357;0,54;27,272;3,46;4,832;0,55;1,035;1,59;943,466;1,0;"";"";22,836;2,31;66,295;11,92;"";"";13,0;20,0;13,0;"";"";"";"";"";"";"";"";"";"";"";"";"";"";"";"";"";"";"";"";"";"";"";"";"";"";"";"";"";"";"";"";"";"";"";"";"";"";"";"";"";"";"";"";"";"";"";"";"";"";"";"";"";"";"";"";"";"";"";"";"";"";"";"";""
09.12.2022 22:21:48;1670620908000;880f01e687e2572cea04e80fc6a68085;957751;OK;1791;0;0;0;0;-0,01;-0,24;0;0;478;750;"";110,898;16,63;431,267;62,94;20,905;0,85;1,568;0,22;13,827;1,68;12,08;11,0;15,058;11,25;16,26;11,79;1746,813;179,88;555,761;64,04;64,634;16,28;2,558;10,18;1,759;10,1;0,004;10,0;1,928;20,354;0,54;27,252;3,46;4,827;0,55;1,021;1,59;943,462;1,0;"";"";22,78;2,31;65,533;11,88;"";"";13,0;20,0;13,0;"";"";"";"";"";"";"";"";"";"";"";"";"";"";"";"";"";"";"";"";"";"";"";"";"";"";"";"";"";"";"";"";"";"";"";"";"";"";"";"";"";"";"";"";"";"";"";"";"";"";"";"";"";"";"";"";"";"";"";"";"";"";"";"";""
09.12.2022 22:23:47;1670621027000;880f01e687e2572cea04e80fc6a68085;957870;OK;1798;0;0;0;0;-0,02;-10,56;0;0;508;750;"";109,275;16,39;429,226;62,88;20,904;0,85;1,568;0,22;13,772;1,68;11,173;11,0;15,053;11,45;16,626;11,74;1716,552;176,98;541,24;62,63;65,65;16,37;3,772;10,37;1,992;10,15;0,346;10,0;2,171;20,346;0,54;27,25;3,46;4,825;0,55;1,014;1,59;943,4669;1,0;"";"";22,703;2,32;64,74401;11,84;"";"";13,0;20,0;13,0;"";"";"";"";"";"";"";"";"";"";"";"";"";"";"";"";"";"";"";"";"";"";"";"";"";"";"";"";"";"";"";"";"";"";"";"";"";"";"";"";"";"";"";"";"";"";"";"";"";"";"";"";"";"";"";"";"";"";"";"";"";"";"";"";""
09.12.2022 22:25:49;1670621149000;880f01e687e2572cea04e80fc6a68085;957991;OK;1813;0;0;0;0;-0,03;-14,07;0;0;521;750;"";110,176;16,53;429,104;62,87;20,904;0,85;1,568;0,22;13,787;1,68;10,797;11,0;15,353;11,46;16,138;11,59;1663,5;171,75;519,133;60,47;70,318;16,83;3,687;10,4;0,855;10,05;0,278;10,0;1,849;20,335;0,54;27,25;3,46;4,822;0,55;1,004;1,59;943,477;1,0;"";"";22,717;2,32;64,289;11,81;"";"";13,0;20,0;13,0;"";"";"";"";"";"";"";"";"";"";"";"";"";"";"";"";"";"";"";"";"";"";"";"";"";"";"";"";"";"";"";"";"";"";"";"";"";"";"";"";"";"";"";"";"";"";"";"";"";"";"";"";"";"";"";"";"";"";"";"";"";"";"";"";""
09.12.2022 22:27:49;1670621269000;880f01e687e2572cea04e80fc6a68085;958112;OK;1794;0;0;0;0;-0,02;-8,89;0;0;500;750;"";109,685;16,45;428,824;62,86;20,903;0,85;1,569;0,22;13,837;1,68;11,422;11,0;14,952;11,34;15,697;11,46;1701,355;175,35;535,504;62,07;67,692;16,6;2,87;10,24;0,533;10,03;0,029;10,0;1,737;20,327;0,54;27,25;3,46;4,82;0,55;0,998;1,59;943,474;1,0;"";"";22,68;2,32;64,005;11,8;"";"";13,0;20,0;13,0;"";"";"";"";"";"";"";"";"";"";"";"";"";"";"";"";"";"";"";"";"";"";"";"";"";"";"";"";"";"";"";"";"";"";"";"";"";"";"";"";"";"";"";"";"";"";"";"";"";"";"";"";"";"";"";"";"";"";"";"";"";"";"";"";""
09.12.2022 22:29:48;1670621388000;880f01e687e2572cea04e80fc6a68085;958231;OK;1803;0;0;0;0;-0,02;-0,05;0;0;487;750;"";110,138;16,52;429,102;62,87;20,906;0,85;1,568;0,22;13,828;1,68;11,801;11,0;15,473;11,41;15,846;11,5;1758,344;180,99;553,4359;63,76;60,339;15,91;2,837;10,2;0,287;10,0;0,003;10,0;1,554;20,318;0,54;27,251;3,46;4,817;0,55;0,99;1,59;943,456;1,0;"";"";22,719;2,32;63,798;11,79;"";"";13,0;20,0;13,0;"";"";"";"";"";"";"";"";"";"";"";"";"";"";"";"";"";"";"";"";"";"";"";"";"";"";"";"";"";"";"";"";"";"";"";"";"";"";"";"";"";"";"";"";"";"";"";"";"";"";"";"";"";"";"";"";"";"";"";"";"";"";"";"";""
09.12.2022 22:31:49;1670621509000;880f01e687e2572cea04e80fc6a68085;958352;OK;1794;0;0;0;0;-0,02;3,13;0;0;530;750;"";111,746;16,76;429,117;62,87;20,904;0,85;1,568;0,22;13,914;1,68;10,544;11,0;12,71;11,04;14,613;11,31;1592,906;164,93;505,387;59,16;58,818;15,8;4,139;10,33;3,679;10,31;0,552;10,0;2,325;20,309;0,54;27,254;3,46;4,815;0,55;0,984;1,59;943,437;1,0;"";"";22,615;2,32;64,057;11,8;"";"";13,0;20,0;13,0;"";"";"";"";"";"";"";"";"";"";"";"";"";"";"";"";"";"";"";"";"";"";"";"";"";"";"";"";"";"";"";"";"";"";"";"";"";"";"";"";"";"";"";"";"";"";"";"";"";"";"";"";"";"";"";"";"";"";"";"";"";"";"";"";""
09.12.2022 22:33:49;1670621629000;880f01e687e2572cea04e80fc6a68085;958473;OK;1799;0;0;0;0;0,03;-2,38;0;0;499;751;"";112,428;16,86;426,855;62,81;20,903;0,85;1,568;0,22;14,076;1,69;11,462;11,0;14,925;11,36;15,737;11,62;1670,097;172,46;522,89;60,89;65,184;16,32;2,689;10,25;0,98;10,04;0,057;10,0;1,763;20,313;0,54;27,344;3,46;4,832;0,55;1,033;1,58;943,396;1,0;"";"";22,73;2,32;65,196;11,86;"";"";13,0;20,0;13,0;"";"";"";"";"";"";"";"";"";"";"";"";"";"";"";"";"";"";"";"";"";"";"";"";"";"";"";"";"";"";"";"";"";"";"";"";"";"";"";"";"";"";"";"";"";"";"";"";"";"";"";"";"";"";"";"";"";"";"";"";"";"";"";"";""
09.12.2022 22:35:50;1670621750000;880f01e687e2572cea04e80fc6a68085;958593;OK;1796;0;0;0;0;0,02;-10,89;0;0;546;750;"";111,987;16,8;425,258;62,76;20,903;0,85;1,569;0,22;14,252;1,7;10,109;11,0;12,95;11,16;14,315;11,22;1618,532;167,45;505,417;59,21;60,557;15,84;3,151;10,35;1,65;10,14;0,231;10,0;2,173;20,32;0,54;27,27;3,46;4,821;0,55;1,001;1,59;943,3709;1,0;"";"";22,806;2,31;66,852;11,94;"";"";13,0;20,0;13,0;"";"";"";"";"";"";"";"";"";"";"";"";"";"";"";"";"";"";"";"";"";"";"";"";"";"";"";"";"";"";"";"";"";"";"";"";"";"";"";"";"";"";"";"";"";"";"";"";"";"";"";"";"";"";"";"";"";"";"";"";"";"";"";"";""
09.12.2022 22:37:51;1670621871000;880f01e687e2572cea04e80fc6a68085;958714;OK;1799;0;0;0;0;0,01;-7,71;0;0;516;750;"";112,074;16,81;425,97;62,78;20,905;0,85;1,569;0,22;14,493;1,72;10,926;11,0;15,099;11,27;16,388;11,8;1707,061;175,94;534,812;62,0;70,752;16,86;4,012;10,42;1,393;10,12;0,024;10,0;2,082;20,334;0,54;27,275;3,46;4,826;0,55;1,016;1,59;943,387;1,0;"";"";22,986;2,3;68,016;12,01;"";"";13,0;20,0;13,0;"";"";"";"";"";"";"";"";"";"";"";"";"";"";"";"";"";"";"";"";"";"";"";"";"";"";"";"";"";"";"";"";"";"";"";"";"";"";"";"";"";"";"";"";"";"";"";"";"";"";"";"";"";"";"";"";"";"";"";"";"";"";"";"";""
09.12.2022 22:39:50;1670621990000;880f01e687e2572cea04e80fc6a68085;958833;OK;1808;0;0;0;0;-0,0;-2,63;0;0;531;750;"";115,243;17,29;426,075;62,78;20,904;0,85;1,569;0,22;14,541;1,72;10,518;11,0;14,232;11,33;15,191;11,42;1541,693;159,96;488,021;57,49;69,533;16,76;4,954;10,37;0,857;10,02;0,003;10,0;1,932;20,352;0,54;27,269;3,46;4,83;0,55;1,029;1,59;943,4409;1,0;"";"";23,053;2,3;69,127;12,06;"";"";13,0;20,0;13,0;"";"";"";"";"";"";"";"";"";"";"";"";"";"";"";"";"";"";"";"";"";"";"";"";"";"";"";"";"";"";"";"";"";"";"";"";"";"";"";"";"";"";"";"";"";"";"";"";"";"";"";"";"";"";"";"";"";"";"";"";"";"";"";"";""
09.12.2022 22:41:51;1670622111000;880f01e687e2572cea04e80fc6a68085;958954;OK;1795;0;0;0;0;0,03;0,73;0;0;504;750;"";112,369;16,86;425,957;62,78;20,904;0,85;1,569;0,22;14,468;1,71;11,311;11,0;14,138;11,31;15,463;11,45;1657,68;171,16;521,4439;60,69;57,418;15,65;3,771;10,45;2,225;10,28;0,0;10,0;2,057;20,366;0,54;27,251;3,46;4,831;0,55;1,031;1,59;943,489;1,0;"";"";23,033;2,3;69,799;12,1;"";"";13,0;20,0;13,0;"";"";"";"";"";"";"";"";"";"";"";"";"";"";"";"";"";"";"";"";"";"";"";"";"";"";"";"";"";"";"";"";"";"";"";"";"";"";"";"";"";"";"";"";"";"";"";"";"";"";"";"";"";"";"";"";"";"";"";"";"";"";"";"";""
09.12.2022 22:43:52;1670622232000;880f01e687e2572cea04e80fc6a68085;959074;OK;1804;0;0;0;0;0,03;-3,28;0;0;500;750;"";112,138;16,82;425,554;62,77;20,903;0,85;1,569;0,22;14,342;1,71;11,396;11,0;14,358;11,15;15,244;11,33;1675,762;172,95;528,53;61,32;65,052;16,28;2,25;10,14;1,354;10,03;0,0;10,0;1,813;20,379;0,54;27,248;3,46;4,834;0,55;1,041;1,59;943,536;1,0;"";"";23,126;2,3;69,928;12,11;"";"";13,0;20,0;13,0;"";"";"";"";"";"";"";"";"";"";"";"";"";"";"";"";"";"";"";"";"";"";"";"";"";"";"";"";"";"";"";"";"";"";"";"";"";"";"";"";"";"";"";"";"";"";"";"";"";"";"";"";"";"";"";"";"";"";"";"";"";"";"";"";""
09.12.2022 22:45:53;1670622353000;880f01e687e2572cea04e80fc6a68085;959195;OK;1804;0;0;0;0;-0,02;0,47;0;0;483;749;"";110,271;16,54;425,15;62,75;20,902;0,85;1,57;0,22;14,161;1,7;11,925;11,0;15,076;11,31;16,521;11,6;1747,152;179,84;547,703;63,28;67,506;16,57;4,151;10,5;2,494;10,31;0,0;10,0;2,059;20,385;0,54;27,175;3,47;4,823;0,55;1,009;1,59;943,5579;1,0;"";"";23,091;2,3;69,401;12,08;"";"";13,0;20,0;13,0;"";"";"";"";"";"";"";"";"";"";"";"";"";"";"";"";"";"";"";"";"";"";"";"";"";"";"";"";"";"";"";"";"";"";"";"";"";"";"";"";"";"";"";"";"";"";"";"";"";"";"";"";"";"";"";"";"";"";"";"";"";"";"";"";""
09.12.2022 22:47:52;1670622472000;880f01e687e2572cea04e80fc6a68085;959315;OK;1821;0;0;0;0;-0,02;-2,78;0;0;487;749;"";112,402;16,86;425,452;62,76;20,907;0,85;1,57;0,22;14,045;1,69;11,83;11,0;15,567;11,55;17,957;11,94;1776,338;182,66;548,078;63,28;63,669;16,25;5,747;10,65;3,855;10,45;0,29;10,0;2,491;20,39;0,54;27,199;3,47;4,828;0,55;1,026;1,59;943,557;1,0;"";"";23,048;2,3;68,73001;12,04;"";"";13,0;20,0;13,0;"";"";"";"";"";"";"";"";"";"";"";"";"";"";"";"";"";"";"";"";"";"";"";"";"";"";"";"";"";"";"";"";"";"";"";"";"";"";"";"";"";"";"";"";"";"";"";"";"";"";"";"";"";"";"";"";"";"";"";"";"";"";"";"";""
09.12.2022 22:49:53;1670622593000;880f01e687e2572cea04e80fc6a68085;959436;OK;1801;0;0;0;0;-0,01;-1,77;0;0;487;749;"";112,112;16,82;424,83;62,74;20,904;0,85;1,571;0,22;13,837;1,68;11,788;11,0;15,775;11,49;16,527;11,72;1760,575;181,2;554,097;63,91;68,534;16,73;4,119;10,41;1,223;10,07;0,1;10,0;1,749;20,391;0,54;27,173;3,47;4,824;0,55;1,013;1,59;943,552;1,0;"";"";23,008;2,3;68,029;12,01;"";"";13,0;20,0;13,0;"";"";"";"";"";"";"";"";"";"";"";"";"";"";"";"";"";"";"";"";"";"";"";"";"";"";"";"";"";"";"";"";"";"";"";"";"";"";"";"";"";"";"";"";"";"";"";"";"";"";"";"";"";"";"";"";"";"";"";"";"";"";"";"";""
09.12.2022 22:51:54;1670622714000;880f01e687e2572cea04e80fc6a68085;959557;OK;1797;0;0;0;0;-0,0;-5,37;0;0;495;748;"";112,046;16,81;424,33;62,73;20,902;0,85;1,571;0,22;13,601;1,67;11,555;11,0;14,878;11,33;16,03;11,68;1699,047;175,18;535,315;62,0;66,669;16,5;3,845;10,4;1,952;10,07;0,01;10,0;1,961;20,389;0,54;27,148;3,47;4,819;0,55;0,998;1,6;943,561;1,0;"";"";23,036;2,3;67,394;11,97;"";"";13,0;20,0;13,0;"";"";"";"";"";"";"";"";"";"";"";"";"";"";"";"";"";"";"";"";"";"";"";"";"";"";"";"";"";"";"";"";"";"";"";"";"";"";"";"";"";"";"";"";"";"";"";"";"";"";"";"";"";"";"";"";"";"";"";"";"";"";"";"";""
09.12.2022 22:53:54;1670622834000;880f01e687e2572cea04e80fc6a68085;959677;OK;1816;0;0;0;0;-0,04;-4,19;0;0;494;748;"";111,673;16,75;423,765;62,71;20,902;0,85;1,572;0,22;13,523;1,66;11,59;11,0;14,404;11,09;15,643;11,54;1740,731;179,28;539,63;62,49;63,311;16,17;2,419;10,21;1,938;10,11;0,001;10,0;1,958;20,384;0,54;27,131;3,47;4,815;0,55;0,986;1,6;943,575;1,0;"";"";22,941;2,31;66,534;11,93;"";"";13,0;20,0;13,0;"";"";"";"";"";"";"";"";"";"";"";"";"";"";"";"";"";"";"";"";"";"";"";"";"";"";"";"";"";"";"";"";"";"";"";"";"";"";"";"";"";"";"";"";"";"";"";"";"";"";"";"";"";"";"";"";"";"";"";"";"";"";"";"";""
09.12.2022 22:55:55;1670622955000;880f01e687e2572cea04e80fc6a68085;959798;OK;1797;0;0;0;0;-0,04;-2,83;0;0;504;748;"";110,651;16,6;423,415;62,7;20,902;0,85;1,572;0,22;13,397;1,66;11,315;11,0;15,422;11,36;17,006;11,63;1755,622;180,73;551,023;63,57;69,813;16,77;5,738;10,63;2,859;10,29;0,127;10,0;2,177;20,381;0,54;27,127;3,47;4,813;0,55;0,981;1,6;943,565;1,0;"";"";22,779;2,31;65,847;11,89;"";"";13,0;20,0;13,0;"";"";"";"";"";"";"";"";"";"";"";"";"";"";"";"";"";"";"";"";"";"";"";"";"";"";"";"";"";"";"";"";"";"";"";"";"";"";"";"";"";"";"";"";"";"";"";"";"";"";"";"";"";"";"";"";"";"";"";"";"";"";"";"";""
09.12.2022 22:57:54;1670623074000;880f01e687e2572cea04e80fc6a68085;959917;OK;1808;0;0;0;0;-0,02;-3,12;0;0;477;748;"";111,391;16,71;421,869;62,66;20,904;0,85;1,572;0,22;13,267;1,65;12,109;11,0;15,835;11,55;16,649;11,62;1713,986;176,71;537,891;62,38;69,846;16,84;3,666;10,34;0,79;10,04;0,014;10,0;1,753;20,372;0,54;27,129;3,47;4,811;0,55;0,974;1,6;943,553;1,0;"";"";22,793;2,31;65,484;11,87;"";"";13,0;20,0;13,0;"";"";"";"";"";"";"";"";"";"";"";"";"";"";"";"";"";"";"";"";"";"";"";"";"";"";"";"";"";"";"";"";"";"";"";"";"";"";"";"";"";"";"";"";"";"";"";"";"";"";"";"";"";"";"";"";"";"";"";"";"";"";"";"";""
09.12.2022 22:59:55;1670623195000;880f01e687e2572cea04e80fc6a68085;960038;OK;1799;0;0;0;0;-0,02;-9,67;0;0;483;748;"";108,756;16,31;420,329;62,61;20,908;0,85;1,572;0,22;13,172;1,65;11,92;11,0;14,542;11,09;15,567;11,48;1745,826;179,69;546,889;63,24;60,059;15,88;2,192;10,23;1,331;10,08;0,001;10,0;1,824;20,36;0,54;27,128;3,47;4,807;0,55;0,963;1,6;943,553;1,0;"";"";22,761;2,31;65,038;11,85;"";"";13,0;20,0;13,0;"";"";"";"";"";"";"";"";"";"";"";"";"";"";"";"";"";"";"";"";"";"";"";"";"";"";"";"";"";"";"";"";"";"";"";"";"";"";"";"";"";"";"";"";"";"";"";"";"";"";"";"";"";"";"";"";"";"";"";"";"";"";"";"";""
09.12.2022 23:01:55;1670623315000;880f01e687e2572cea04e80fc6a68085;960158;OK;1788;0;0;0;0;-0,02;-11,28;0;0;472;748;"";107,585;16,14;419,369;62,58;20,909;0,85;1,572;0,22;13,195;1,65;12,251;11,0;15,28;11,36;16,224;11,64;1759,137;181,03;544,139;62,87;57,807;15,61;3,186;10,33;1,357;10,04;0,0;10,0;1,785;20,35;0,54;27,128;3,47;4,804;0,55;0,955;1,6;943,559;1,0;"";"";22,694;2,32;64,423;11,82;"";"";13,0;20,0;13,0;"";"";"";"";"";"";"";"";"";"";"";"";"";"";"";"";"";"";"";"";"";"";"";"";"";"";"";"";"";"";"";"";"";"";"";"";"";"";"";"";"";"";"";"";"";"";"";"";"";"";"";"";"";"";"";"";"";"";"";"";"";"";"";"";""
09.12.2022 23:03:56;1670623436000;880f01e687e2572cea04e80fc6a68085;960279;OK;1803;0;0;0;0;-0,02;-8,36;0;0;474;748;"";106,566;15,98;419,659;62,59;20,906;0,85;1,572;0,22;13,227;1,65;12,204;11,0;14,779;11,22;15,843;11,6;1738,375;179,08;548,013;63,37;64,009;16,29;3,155;10,32;0,9639999;10,0;0,0;10,0;1,833;20,343;0,54;27,128;3,47;4,802;0,55;0,949;1,6;943,562;1,0;"";"";22,614;2,32;64,12;11,8;"";"";13,0;20,0;13,0;"";"";"";"";"";"";"";"";"";"";"";"";"";"";"";"";"";"";"";"";"";"";"";"";"";"";"";"";"";"";"";"";"";"";"";"";"";"";"";"";"";"";"";"";"";"";"";"";"";"";"";"";"";"";"";"";"";"";"";"";"";"";"";"";""
09.12.2022 23:05:57;1670623557000;880f01e687e2572cea04e80fc6a68085;960400;OK;1785;0;0;0;0;-0,02;-0,14;0;0;487;748;"";107,821;16,17;420,474;62,61;20,902;0,85;1,572;0,22;13,278;1,65;11,801;11,0;15,107;11,37;15,68;11,54;1669,928;172,37;523,729;60,95;64,816;16,32;1,421;10,12;0,632;10,01;0,0;10,0;1,616;20,332;0,54;27,132;3,47;4,8;0,55;0,941;1,6;943,561;1,0;"";"";22,549;2,33;63,773;11,79;"";"";13,0;20,0;13,0;"";"";"";"";"";"";"";"";"";"";"";"";"";"";"";"";"";"";"";"";"";"";"";"";"";"";"";"";"";"";"";"";"";"";"";"";"";"";"";"";"";"";"";"";"";"";"";"";"";"";"";"";"";"";"";"";"";"";"";"";"";"";"";"";""
09.12.2022 23:07:59;1670623679000;880f01e687e2572cea04e80fc6a68085;960522;OK;1793;0;0;0;0;-0,02;-3,85;0;0;460;748;"";107,859;16,18;418,015;62,54;20,902;0,85;1,572;0,22;13,315;1,65;12,642;11,0;15,671;11,39;16,599;11,82;1803,729;185,35;558,371;64,25;62,726;16,13;2,115;10,14;1,09;10,0;0,0;10,0;1,746;20,323;0,54;27,129;3,47;4,797;0,55;0,933;1,6;943,576;1,0;"";"";22,469;2,33;63,527;11,77;"";"";13,0;20,0;13,0;"";"";"";"";"";"";"";"";"";"";"";"";"";"";"";"";"";"";"";"";"";"";"";"";"";"";"";"";"";"";"";"";"";"";"";"";"";"";"";"";"";"";"";"";"";"";"";"";"";"";"";"";"";"";"";"";"";"";"";"";"";"";"";"";""
09.12.2022 23:09:59;1670623799000;880f01e687e2572cea04e80fc6a68085;960642;OK;1800;0;0;0;0;-0,02;-2,6;0;0;479;748;"";104,698;15,7;419,365;62,58;20,905;0,85;1,572;0,22;13,367;1,66;12,036;11,0;15,412;11,37;16,219;11,63;1831,575;188,01;569,119;65,34;70,798;16,93;2,089;10,16;1,149;10,07;0,233;10,0;1,73;20,315;0,54;27,13;3,47;4,795;0,55;0,926;1,6;943,582;1,0;"";"";22,517;2,33;63,061;11,75;"";"";13,0;20,0;13,0;"";"";"";"";"";"";"";"";"";"";"";"";"";"";"";"";"";"";"";"";"";"";"";"";"";"";"";"";"";"";"";"";"";"";"";"";"";"";"";"";"";"";"";"";"";"";"";"";"";"";"";"";"";"";"";"";"";"";"";"";"";"";"";"";""
09.12.2022 23:12:00;1670623920000;880f01e687e2572cea04e80fc6a68085;960763;OK;1807;0;0;0;0;-0,02;3,5;0;0;452;749;"";107,488;16,12;420,561;62,62;20,908;0,85;1,571;0,22;13,419;1,66;12,874;11,0;15,898;11,67;16,815;11,87;1851,809;190,01;583,226;66,74;71,782;17,01;1,433;10,14;1,09;10,09;0,381;10,0;1,737;20,307;0,54;27,13;3,47;4,793;0,55;0,9190001;1,6;943,572;1,0;"";"";22,578;2,32;62,815;11,74;"";"";13,0;20,0;13,0;"";"";"";"";"";"";"";"";"";"";"";"";"";"";"";"";"";"";"";"";"";"";"";"";"";"";"";"";"";"";"";"";"";"";"";"";"";"";"";"";"";"";"";"";"";"";"";"";"";"";"";"";"";"";"";"";"";"";"";"";"";"";"";"";""
09.12.2022 23:13:59;1670624039000;880f01e687e2572cea04e80fc6a68085;960883;OK;1793;0;0;0;0;-0,01;8,77;0;0;467;749;"";109,613;16,44;421,187;62,64;20,908;0,85;1,572;0,22;13,546;1,67;12,411;11,0;15,849;11,62;16,883;11,92;1811,423;186,13;564,409;64,87;71,909;16,99;2,747;10,24;1,363;10,01;0,125;10,0;1,848;20,304;0,54;27,14;3,47;4,794;0,55;0,921;1,6;943,5579;1,0;"";"";22,527;2,33;63,332;11,76;"";"";13,0;20,0;13,0;"";"";"";"";"";"";"";"";"";"";"";"";"";"";"";"";"";"";"";"";"";"";"";"";"";"";"";"";"";"";"";"";"";"";"";"";"";"";"";"";"";"";"";"";"";"";"";"";"";"";"";"";"";"";"";"";"";"";"";"";"";"";"";"";""
09.12.2022 23:16:00;1670624160000;880f01e687e2572cea04e80fc6a68085;961003;OK;1794;0;0;0;0;-0,0;-1,11;0;0;472;749;"";107,412;16,11;418,7;62,56;20,904;0,85;1,571;0,22;13,679;1,67;12,259;11,0;17,678;11,96;19,801;11,99;1849,983;189,9;579,971;66,44001;92,92601;19,07;7,474;10,7;2,989;10,28;0,547;10,0;2,349;20,312;0,54;27,131;3,47;4,794;0,55;0,923;1,6;943,552;1,0;"";"";22,566;2,32;64,673;11,83;"";"";13,0;20,0;13,0;"";"";"";"";"";"";"";"";"";"";"";"";"";"";"";"";"";"";"";"";"";"";"";"";"";"";"";"";"";"";"";"";"";"";"";"";"";"";"";"";"";"";"";"";"";"";"";"";"";"";"";"";"";"";"";"";"";"";"";"";"";"";"";"";""
09.12.2022 23:18:01;1670624281000;880f01e687e2572cea04e80fc6a68085;961124;OK;1818;0;0;0;0;0,01;-6,2;0;0;481;748;"";106,819;16,02;418,346;62,55;20,905;0,85;1,572;0,22;13,815;1,68;11,968;11,0;15,59;11,52;17,144;11,87;1750,66;180,26;547,874;63,24;73,425;17,13;4,633;10,5;1,108;10,03;0,738;10,0;2,097;20,322;0,54;27,129;3,47;4,797;0,55;0,932;1,6;943,553;1,0;"";"";22,597;2,32;66,321;11,92;"";"";13,0;20,0;13,0;"";"";"";"";"";"";"";"";"";"";"";"";"";"";"";"";"";"";"";"";"";"";"";"";"";"";"";"";"";"";"";"";"";"";"";"";"";"";"";"";"";"";"";"";"";"";"";"";"";"";"";"";"";"";"";"";"";"";"";"";"";"";"";"";""
09.12.2022 23:20:00;1670624400000;880f01e687e2572cea04e80fc6a68085;961244;OK;1798;0;0;0;0;0,02;-2,87;0;0;474;748;"";108,135;16,22;419,228;62,58;20,901;0,85;1,572;0,22;13,977;1,69;12,186;11,0;16,267;11,74;16,961;11,94;1763,426;181,49;554,346;63,92;71,24401;16,98;2,87;10,12;0,755;10,0;0,079;10,0;1,72;20,335;0,54;27,129;3,47;4,8;0,55;0,942;1,6;943,573;1,0;"";"";22,634;2,32;67,625;11,99;"";"";13,0;20,0;13,0;"";"";"";"";"";"";"";"";"";"";"";"";"";"";"";"";"";"";"";"";"";"";"";"";"";"";"";"";"";"";"";"";"";"";"";"";"";"";"";"";"";"";"";"";"";"";"";"";"";"";"";"";"";"";"";"";"";"";"";"";"";"";"";"";""
09.12.2022 23:22:02;1670624522000;880f01e687e2572cea04e80fc6a68085;961365;OK;1809;0;0;0;0;0,03;2,85;0;0;486;748;"";109,423;16,41;419,77;62,59;20,903;0,85;1,572;0,22;13,993;1,69;11,829;11,0;16,085;11,7;17,169;11,9;1747,55;179,92;544,543;62,9;77,412;17,59;4,91;10,46;1,761;10,08;0,008;10,0;1,924;20,348;0,54;27,128;3,47;4,804;0,55;0,953;1,6;943,578;1,0;"";"";22,768;2,31;68,55;12,03;"";"";13,0;20,0;13,0;"";"";"";"";"";"";"";"";"";"";"";"";"";"";"";"";"";"";"";"";"";"";"";"";"";"";"";"";"";"";"";"";"";"";"";"";"";"";"";"";"";"";"";"";"";"";"";"";"";"";"";"";"";"";"";"";"";"";"";"";"";"";"";"";""
09.12.2022 23:24:01;1670624641000;880f01e687e2572cea04e80fc6a68085;961484;OK;1799;0;0;0;0;0,02;-6,85;0;0;490;748;"";107,837;16,18;416,136;62,48;20,902;0,85;1,573;0,22;13,937;1,69;11,711;11,0;15,681;11,43;16,55;11,58;1765,574;181,69;555,528;64,0;76,649;17,43;4,408;10,38;0,95;10,04;0,469;10,0;1,804;20,359;0,54;27,093;3,47;4,801;0,55;0,945;1,6;943,565;1,0;"";"";22,831;2,31;69,03501;12,06;"";"";13,0;20,0;13,0;"";"";"";"";"";"";"";"";"";"";"";"";"";"";"";"";"";"";"";"";"";"";"";"";"";"";"";"";"";"";"";"";"";"";"";"";"";"";"";"";"";"";"";"";"";"";"";"";"";"";"";"";"";"";"";"";"";"";"";"";"";"";"";"";""
09.12.2022 23:26:02;1670624762000;880f01e687e2572cea04e80fc6a68085;961605;OK;1807;0;0;0;0;-0,04;-10,86;0;0;464;747;"";107,011;16,05;416,249;62,49;20,902;0,85;1,573;0,22;13,739;1,68;12,509;11,0;17,447;11,91;18,24;11,92;1864,429;191,34;587,189;67,1;82,271;18,08;5,75;10,58;0,334;10,01;0,05900001;10,0;1,769;20,364;0,54;27,015;3,47;4,788;0,55;0,909;1,61;943,555;1,0;"";"";22,793;2,31;68,634;12,04;"";"";13,0;20,0;13,0;"";"";"";"";"";"";"";"";"";"";"";"";"";"";"";"";"";"";"";"";"";"";"";"";"";"";"";"";"";"";"";"";"";"";"";"";"";"";"";"";"";"";"";"";"";"";"";"";"";"";"";"";"";"";"";"";"";"";"";"";"";"";"";"";""
09.12.2022 23:28:02;1670624882000;880f01e687e2572cea04e80fc6a68085;961725;OK;1803;0;0;0;0;-0,05;-12,69;0;0;482;747;"";106,936;16,04;414,673;62,44;20,903;0,85;1,573;0,22;13,575;1,67;11,972;11,0;15,232;11,41;16,099;11,58;1789,091;183,96;558,3839;64,35;67,084;16,58;3,225;10,22;1,018;10,0;0,006;10,0;1,774;20,372;0,54;27,006;3,47;4,789;0,55;0,9110001;1,61;943,539;1,0;"";"";22,821;2,31;67,918;12,0;"";"";13,0;20,0;13,0;"";"";"";"";"";"";"";"";"";"";"";"";"";"";"";"";"";"";"";"";"";"";"";"";"";"";"";"";"";"";"";"";"";"";"";"";"";"";"";"";"";"";"";"";"";"";"";"";"";"";"";"";"";"";"";"";"";"";"";"";"";"";"";"";""
09.12.2022 23:30:02;1670625002000;880f01e687e2572cea04e80fc6a68085;961846;OK;1788;0;0;0;0;-0,01;-1,68;0;0;477;747;"";109,481;16,42;415,661;62,47;20,903;0,85;1,574;0,22;13,423;1,66;12,138;11,0;14,859;11,37;16,5;11,72;1746,118;179,85;541,509;62,65;53,956;15,25;3,862;10,32;1,583;10,06;0,182;10,0;2,14;20,374;0,54;27,07;3,47;4,801;0,55;0,946;1,6;943,52;1,0;"";"";22,808;2,31;67,257;11,97;"";"";13,0;20,0;13,0;"";"";"";"";"";"";"";"";"";"";"";"";"";"";"";"";"";"";"";"";"";"";"";"";"";"";"";"";"";"";"";"";"";"";"";"";"";"";"";"";"";"";"";"";"";"";"";"";"";"";"";"";"";"";"";"";"";"";"";"";"";"";"";"";""
09.12.2022 23:32:02;1670625122000;880f01e687e2572cea04e80fc6a68085;961965;OK;1809;0;0;0;0;0,02;-4,77;0;0;489;747;"";107,611;16,14;413,263;62,4;20,903;0,85;1,574;0,22;13,202;1,65;11,752;11,0;16,155;11,81;17,016;11,95;1760,309;181,17;553,185;63,78;69,059;16,69;3,568;10,25;1,158;10,03;0,487;10,0;1,828;20,37;0,54;27,018;3,47;4,79;0,55;0,9150001;1,61;943,51;1,0;"";"";22,847;2,31;66,696;11,94;"";"";13,0;20,0;13,0;"";"";"";"";"";"";"";"";"";"";"";"";"";"";"";"";"";"";"";"";"";"";"";"";"";"";"";"";"";"";"";"";"";"";"";"";"";"";"";"";"";"";"";"";"";"";"";"";"";"";"";"";"";"";"";"";"";"";"";"";"";"";"";"";""
09.12.2022 23:34:02;1670625242000;880f01e687e2572cea04e80fc6a68085;962085;OK;1829;0;0;0;0;-0,01;0,26;0;0;469;747;"";108,261;16,24;414,797;62,44;20,904;0,85;1,573;0,22;13,029;1,64;12,336;11,0;15,407;11,39;16,34;11,57;1782,225;183,31;562,104;64,65;65,51;16,42;2,256;10,13;1,157;10,0;0,325;10,0;1,766;20,366;0,54;27,007;3,47;4,787;0,55;0,906;1,61;943,499;1,0;"";"";22,726;2,32;66,035;11,9;"";"";13,0;20,0;13,0;"";"";"";"";"";"";"";"";"";"";"";"";"";"";"";"";"";"";"";"";"";"";"";"";"";"";"";"";"";"";"";"";"";"";"";"";"";"";"";"";"";"";"";"";"";"";"";"";"";"";"";"";"";"";"";"";"";"";"";"";"";"";"";"";""
09.12.2022 23:36:02;1670625362000;880f01e687e2572cea04e80fc6a68085;962206;OK;1809;0;0;0;0;-0,03;0,98;0;0;491;747;"";106,669;16,0;416,19;62,49;20,904;0,85;1,574;0,22;12,929;1,63;11,673;11,0;15,704;11,53;16,201;11,69;1770,168;182,09;558,0;64,29;76,213;17,46;1,647;10,01;0,628;10,0;0,237;10,0;1,63;20,361;0,54;27,006;3,47;4,786;0,55;0,901;1,61;943,494;1,0;"";"";22,589;2,32;65,36901;11,87;"";"";13,0;20,0;13,0;"";"";"";"";"";"";"";"";"";"";"";"";"";"";"";"";"";"";"";"";"";"";"";"";"";"";"";"";"";"";"";"";"";"";"";"";"";"";"";"";"";"";"";"";"";"";"";"";"";"";"";"";"";"";"";"";"";"";"";"";"";"";"";"";""
09.12.2022 23:38:03;1670625483000;880f01e687e2572cea04e80fc6a68085;962326;OK;1801;0;0;0;0;-0,02;1,77;0;0;490;747;"";107,035;16,06;414,288;62,43;20,904;0,85;1,575;0,22;12,794;1,63;11,716;11,0;16,582;11,57;17,728;11,79;1774,775;182,56;555,64;64,09;88,399;18,61;5,531;10,54;1,561;10,19;0,024;10,0;1,967;20,354;0,54;27,006;3,47;4,784;0,55;0,896;1,61;943,495;1,0;"";"";22,584;2,32;64,448;11,82;"";"";13,0;20,0;13,0;"";"";"";"";"";"";"";"";"";"";"";"";"";"";"";"";"";"";"";"";"";"";"";"";"";"";"";"";"";"";"";"";"";"";"";"";"";"";"";"";"";"";"";"";"";"";"";"";"";"";"";"";"";"";"";"";"";"";"";"";"";"";"";"";""
09.12.2022 23:40:04;1670625604000;880f01e687e2572cea04e80fc6a68085;962447;OK;1801;0;0;0;0;-0,01;-4,39;0;0;475;747;"";108,653;16,3;414,212;62,43;20,904;0,85;1,575;0,22;12,745;1,62;12,176;11,0;16,928;11,86;18,078;11,98;1818,151;186,77;569,695;65,41;77,509;17,6;4,872;10,53;1,348;10,1;0,003;10,0;1,953;20,347;0,54;27,007;3,47;4,782;0,55;0,89;1,61;943,477;1,0;"";"";22,589;2,32;63,686;11,78;"";"";13,0;20,0;13,0;"";"";"";"";"";"";"";"";"";"";"";"";"";"";"";"";"";"";"";"";"";"";"";"";"";"";"";"";"";"";"";"";"";"";"";"";"";"";"";"";"";"";"";"";"";"";"";"";"";"";"";"";"";"";"";"";"";"";"";"";"";"";"";"";""
09.12.2022 23:42:04;1670625724000;880f01e687e2572cea04e80fc6a68085;962568;OK;1792;0;0;0;0;-0,02;-8,27;0;0;475;747;"";108,587;16,29;412,915;62,39;20,904;0,85;1,574;0,22;12,673;1,62;12,149;11,0;16,119;11,52;17,13;11,73;1782,843;183,38;562,329;64,69;72,089;16,97;4,187;10,37;1,117;10,01;0,0;10,0;1,863;20,335;0,54;27,007;3,47;4,779;0,55;0,88;1,61;943,4489;1,0;"";"";22,519;2,33;63,327;11,76;"";"";13,0;20,0;13,0;"";"";"";"";"";"";"";"";"";"";"";"";"";"";"";"";"";"";"";"";"";"";"";"";"";"";"";"";"";"";"";"";"";"";"";"";"";"";"";"";"";"";"";"";"";"";"";"";"";"";"";"";"";"";"";"";"";"";"";"";"";"";"";"";""
09.12.2022 23:44:05;1670625845000;880f01e687e2572cea04e80fc6a68085;962688;OK;1794;0;0;0;0;-0,02;-1,48;0;0;470;747;"";107,938;16,19;414,187;62,43;20,904;0,85;1,575;0,22;12,687;1,62;12,335;11,0;17,58;11,8;18,607;11,97;1839,796;188,92;584,336;66,8;78,683;17,69;8,601;10,8;1,551;10,1;0,634;10,0;1,923;20,327;0,54;27,007;3,47;4,777;0,55;0,873;1,61;943,424;1,0;"";"";22,434;2,33;62,775;11,73;"";"";13,067;19,96;31,8;"";"";"";"";"";"";"";"";"";"";"";"";"";"";"";"";"";"";"";"";"";"";"";"";"";"";"";"";"";"";"";"";"";"";"";"";"";"";"";"";"";"";"";"";"";"";"";"";"";"";"";"";"";"";"";"";"";"";"";"";"";"";"";"";""
09.12.2022 23:46:06;1670625966000;880f01e687e2572cea04e80fc6a68085;962808;OK;1809;0;0;0;0;-0,02;-7,88;0;0;475;747;"";105,339;15,8;411,018;62,33;20,904;0,85;1,574;0,22;12,715;1,62;12,149;11,0;18,427;11,95;19,391;12,0;1838,427;188,77;577,536;66,11;83,407;18,11;8,466;10,77;1,041;10,01;0,09;10,0;1,926;20,317;0,54;27,009;3,47;4,774;0,55;0,865;1,61;943,404;1,0;"";"";22,457;2,33;62,499;11,72;"";"";13,007;20,0;13,0;"";"";"";"";"";"";"";"";"";"";"";"";"";"";"";"";"";"";"";"";"";"";"";"";"";"";"";"";"";"";"";"";"";"";"";"";"";"";"";"";"";"";"";"";"";"";"";"";"";"";"";"";"";"";"";"";"";"";"";"";"";"";"";"";""
09.12.2022 23:48:06;1670626086000;880f01e687e2572cea04e80fc6a68085;962929;OK;1802;0;0;0;0;-0,02;-11,17;0;0;465;747;"";103,627;15,54;410,838;62,33;20,911;0,85;1,574;0,22;12,744;1,62;12,463;11,0;16,845;11,91;17,348;11,97;1838,15;188,74;580,2199;66,39;83,51001;18,14;2,94;10,24;0,702;10,0;0,224;10,0;1,626;20,305;0,54;27,009;3,47;4,771;0,55;0,855;1,61;943,382;1,0;"";"";22,415;2,33;62,701;11,73;"";"";13,001;20,0;13,0;"";"";"";"";"";"";"";"";"";"";"";"";"";"";"";"";"";"";"";"";"";"";"";"";"";"";"";"";"";"";"";"";"";"";"";"";"";"";"";"";"";"";"";"";"";"";"";"";"";"";"";"";"";"";"";"";"";"";"";"";"";"";"";"";""
09.12.2022 23:50:07;1670626207000;880f01e687e2572cea04e80fc6a68085;963050;OK;1795;0;0;0;0;-0,02;-1,59;0;0;473;747;"";104,845;15,73;413,242;62,4;20,909;0,85;1,574;0,22;12,78;1,62;12,209;11,0;15,655;11,48;16,852;11,91;1763,776;181,47;554,971;64,0;73,255;17,05;2,665;10,11;1,728;10,04;0,023;10,0;1,925;20,299;0,54;27,009;3,47;4,769;0,55;0,85;1,61;943,365;1,0;"";"";22,382;2,33;63,172;11,75;"";"";13,0;20,0;13,0;"";"";"";"";"";"";"";"";"";"";"";"";"";"";"";"";"";"";"";"";"";"";"";"";"";"";"";"";"";"";"";"";"";"";"";"";"";"";"";"";"";"";"";"";"";"";"";"";"";"";"";"";"";"";"";"";"";"";"";"";"";"";"";"";""
09.12.2022 23:52:08;1670626328000;880f01e687e2572cea04e80fc6a68085;963171;OK;1793;0;0;0;0;-0,01;10,94;0;0;492;747;"";103,3;15,49;413,906;62,42;20,904;0,85;1,575;0,22;12,972;1,63;11,643;11,0;15,435;11,4;16,379;11,78;1732,057;178,44;547,8499;63,29;69,275;16,61;2,641;10,14;1,619;10,13;0,002;10,0;1,851;20,296;0,54;27,01;3,47;4,769;0,55;0,848;1,61;943,361;1,0;"";"";22,403;2,33;63,918;11,79;"";"";13,0;20,0;13,0;"";"";"";"";"";"";"";"";"";"";"";"";"";"";"";"";"";"";"";"";"";"";"";"";"";"";"";"";"";"";"";"";"";"";"";"";"";"";"";"";"";"";"";"";"";"";"";"";"";"";"";"";"";"";"";"";"";"";"";"";"";"";"";"";""
09.12.2022 23:54:08;1670626448000;880f01e687e2572cea04e80fc6a68085;963291;OK;1796;0;0;0;0;0,01;3,33;0;0;468;747;"";102,726;15,41;412,021;62,36;20,904;0,85;1,574;0,22;13,137;1,64;12,387;11,0;15,029;11,36;15,596;11,56;1834,183;188,37;569,034;65,28;58,61;15,73;0,874;10,01;0,769;10,01;0,0;10,0;1,555;20,308;0,54;27,035;3,47;4,776;0,55;0,871;1,6;943,355;1,0;"";"";22,523;2,33;64,677;11,83;"";"";13,0;20,0;13,0;"";"";"";"";"";"";"";"";"";"";"";"";"";"";"";"";"";"";"";"";"";"";"";"";"";"";"";"";"";"";"";"";"";"";"";"";"";"";"";"";"";"";"";"";"";"";"";"";"";"";"";"";"";"";"";"";"";"";"";"";"";"";"";"";""
09.12.2022 23:56:09;1670626569000;880f01e687e2572cea04e80fc6a68085;963412;OK;1797;0;0;0;0;0,08;-8,56;0;0;490;748;"";106,732;16,01;410,949;62,33;20,906;0,85;1,575;0,22;13,395;1,66;11,69;11,0;15,317;11,33;16,884;11,82;1759,961;181,2;549,938;63,41;75,426;17,4;4,043;10,4;2,931;10,24;0,0;10,0;2,13;20,326;0,54;27,119;3,47;4,796;0,55;0,93;1,6;943,322;1,0;"";"";22,674;2,32;65,693;11,88;"";"";12,98;20,24;13,0;"";"";"";"";"";"";"";"";"";"";"";"";"";"";"";"";"";"";"";"";"";"";"";"";"";"";"";"";"";"";"";"";"";"";"";"";"";"";"";"";"";"";"";"";"";"";"";"";"";"";"";"";"";"";"";"";"";"";"";"";"";"";"";"";""
09.12.2022 23:58:08;1670626688000;880f01e687e2572cea04e80fc6a68085;963531;OK;1795;0;0;0;0;0,07;-5,5;0;0;477;747;"";109,054;16,36;412,033;62,36;20,907;0,85;1,575;0,22;13,44;1,66;12,111;11,0;16,14;11,54;17,468;11,66;1802,689;185,34;571,038;65,56;75,758;17,48;3,907;10,34;1,412;10,13;0,0;10,0;1,968;20,346;0,54;27,037;3,47;4,787;0,55;0,9049999;1,6;943,302;1,0;"";"";22,741;2,32;66,98101;11,95;"";"";12,998;20,03;13,0;"";"";"";"";"";"";"";"";"";"";"";"";"";"";"";"";"";"";"";"";"";"";"";"";"";"";"";"";"";"";"";"";"";"";"";"";"";"";"";"";"";"";"";"";"";"";"";"";"";"";"";"";"";"";"";"";"";"";"";"";"";"";"";"";""
10.12.2022 00:00:08;1670626808000;880f01e687e2572cea04e80fc6a68085;963651;OK;1788;0;0;0;0;0,02;3,24;0;0;480;747;"";108,221;16,23;412,765;62,38;20,905;0,85;1,576;0,22;13,486;1,66;12,005;11,0;16,058;11,6;17,352;11,9;1822,463;187,15;571,385;65,48;76,566;17,54;2,487;10,24;2,077;10,21;0,485;10,0;1,995;20,369;0,54;27,009;3,47;4,789;0,55;0,909;1,61;943,299;1,0;"";"";22,819;2,31;67,896;12,0;"";"";13,0;20,0;13,0;"";"";"";"";"";"";"";"";"";"";"";"";"";"";"";"";"";"";"";"";"";"";"";"";"";"";"";"";"";"";"";"";"";"";"";"";"";"";"";"";"";"";"";"";"";"";"";"";"";"";"";"";"";"";"";"";"";"";"";"";"";"";"";"";""
10.12.2022 00:02:09;1670626929000;880f01e687e2572cea04e80fc6a68085;963772;OK;1795;0;0;0;0;-0,02;-3,67;0;0;468;746;"";105,662;15,85;409,505;62,29;20,908;0,85;1,576;0,22;13,349;1,65;12,386;11,0;17,025;11,76;18,256;11,93;1864,341;191,26;581,742;66,54;78,138;17,66;4,757;10,57;1,761;10,11;0,05;10,0;1,956;20,387;0,54;27,005;3,47;4,793;0,55;0,923;1,61;943,304;1,0;"";"";22,89;2,31;68,449;12,03;"";"";13,0;20,0;13,0;"";"";"";"";"";"";"";"";"";"";"";"";"";"";"";"";"";"";"";"";"";"";"";"";"";"";"";"";"";"";"";"";"";"";"";"";"";"";"";"";"";"";"";"";"";"";"";"";"";"";"";"";"";"";"";"";"";"";"";"";"";"";"";"";""
10.12.2022 00:04:10;1670627050000;880f01e687e2572cea04e80fc6a68085;963893;OK;1806;0;0;0;0;0,02;-6,13;0;0;498;746;"";106,373;15,96;411,114;62,33;20,907;0,85;1,577;0,22;13,164;1,64;11,472;11,0;14,239;11,19;14,557;11,21;1691,7;174,5;533,164;61,84;50,266;14,93;1,334;10,1;0,28;10,01;0,005;10,0;1,436;20,399;0,54;27,001;3,47;4,796;0,55;0,932;1,61;943,324;1,0;"";"";22,864;2,31;68,893;12,05;"";"";13,0;20,0;13,0;"";"";"";"";"";"";"";"";"";"";"";"";"";"";"";"";"";"";"";"";"";"";"";"";"";"";"";"";"";"";"";"";"";"";"";"";"";"";"";"";"";"";"";"";"";"";"";"";"";"";"";"";"";"";"";"";"";"";"";"";"";"";"";"";""
10.12.2022 00:06:10;1670627170000;880f01e687e2572cea04e80fc6a68085;964013;OK;1787;0;0;0;0;0,01;1,28;0;0;440;745;"";107,36;16,1;411,838;62,36;20,907;0,85;1,578;0,22;12,967;1,63;13,294;11,0;18,016;11,87;19,384;11,87;1926,851;197,38;603,6129;68,67;77,23001;17,52;6,659;10,68;2,547;10,31;0,001;10,0;1,952;20,406;0,54;26,953;3,47;4,789;0,55;0,913;1,61;943,3539;1,0;"";"";22,838;2,31;68,74;12,04;"";"";13,0;20,0;13,0;"";"";"";"";"";"";"";"";"";"";"";"";"";"";"";"";"";"";"";"";"";"";"";"";"";"";"";"";"";"";"";"";"";"";"";"";"";"";"";"";"";"";"";"";"";"";"";"";"";"";"";"";"";"";"";"";"";"";"";"";"";"";"";"";""
10.12.2022 00:08:09;1670627289000;880f01e687e2572cea04e80fc6a68085;964132;OK;1788;0;0;0;0;-0,04;4,56;0;0;454;745;"";107,058;16,06;410,709;62,32;20,906;0,85;1,577;0,22;12,727;1,62;12,814;11,0;16,424;11,77;18,897;11,99;1869,55;191,75;593,208;67,71;74,61;17,28;4,401;10,3;3,037;10,11;0,0;10,0;2,417;20,409;0,54;26,888;3,47;4,778;0,55;0,8820001;1,62;943,382;1,0;"";"";22,694;2,32;67,772;11,99;"";"";13,0;20,0;13,0;"";"";"";"";"";"";"";"";"";"";"";"";"";"";"";"";"";"";"";"";"";"";"";"";"";"";"";"";"";"";"";"";"";"";"";"";"";"";"";"";"";"";"";"";"";"";"";"";"";"";"";"";"";"";"";"";"";"";"";"";"";"";"";"";""
10.12.2022 00:10:10;1670627410000;880f01e687e2572cea04e80fc6a68085;964253;OK;1804;0;0;0;0;-0,06;-5,74;0;0;443;745;"";104,052;15,61;409,877;62,3;20,907;0,85;1,577;0,22;12,45;1,61;13,192;11,0;16,157;11,78;18,619;12,0;1886,299;193,41;598,055;68,17;72,979;17,16;4,288;10,38;3,13;10,22;0,0;10,0;2,42;20,41;0,54;26,876;3,47;4,777;0,55;0,877;1,62;943,3599;1,0;"";"";22,647;2,32;66,786;11,94;"";"";13,0;20,0;13,0;"";"";"";"";"";"";"";"";"";"";"";"";"";"";"";"";"";"";"";"";"";"";"";"";"";"";"";"";"";"";"";"";"";"";"";"";"";"";"";"";"";"";"";"";"";"";"";"";"";"";"";"";"";"";"";"";"";"";"";"";"";"";"";"";""
10.12.2022 00:12:11;1670627531000;880f01e687e2572cea04e80fc6a68085;964374;OK;1801;0;0;0;0;-0,04;-4,51;0;0;473;745;"";105,403;15,81;410,941;62,33;20,903;0,85;1,579;0,22;12,193;1,59;12,274;11,0;15,87;11,64;17,074;11,69;1788,113;183,82;563,622;64,81;69,703;16,82;3,334;10,33;1,624;10,02;0,12;10,0;1,94;20,409;0,54;26,875;3,47;4,776;0,55;0,875;1,62;943,3319;1,0;"";"";22,586;2,32;65,707;11,88;"";"";13,0;20,0;13,0;"";"";"";"";"";"";"";"";"";"";"";"";"";"";"";"";"";"";"";"";"";"";"";"";"";"";"";"";"";"";"";"";"";"";"";"";"";"";"";"";"";"";"";"";"";"";"";"";"";"";"";"";"";"";"";"";"";"";"";"";"";"";"";"";""
10.12.2022 00:14:13;1670627653000;880f01e687e2572cea04e80fc6a68085;964496;OK;1804;0;0;0;0;-0,01;-1,11;0;0;477;745;"";105,784;15,87;410,192;62,31;20,9;0,85;1,579;0,22;12,071;1,59;12,116;11,0;15,429;11,43;16,365;11,7;1718,447;177,13;542,481;62,83;72,616;17,08;2,74;10,29;1,239;10,05;0,012;10,0;1,798;20,405;0,54;26,875;3,47;4,775;0,55;0,8719999;1,62;943,388;1,0;"";"";22,484;2,33;65,13401;11,85;"";"";13,0;20,0;13,0;"";"";"";"";"";"";"";"";"";"";"";"";"";"";"";"";"";"";"";"";"";"";"";"";"";"";"";"";"";"";"";"";"";"";"";"";"";"";"";"";"";"";"";"";"";"";"";"";"";"";"";"";"";"";"";"";"";"";"";"";"";"";"";"";""
10.12.2022 00:16:13;1670627773000;880f01e687e2572cea04e80fc6a68085;964617;OK;1791;0;0;0;0;-0,01;2,38;0;0;454;745;"";105,629;15,84;410,99;62,33;20,903;0,85;1,58;0,22;11,979;1,58;12,834;11,0;16,8;11,66;18,67;11,95;1893,86;194,14;598,87;68,21;75,412;17,42;4,776;10,45;1,752;10,13;0,335;10,0;2,144;20,399;0,54;26,88;3,47;4,774;0,55;0,8690001;1,62;943,479;1,0;"";"";22,407;2,33;64,48;11,82;"";"";13,0;20,0;13,0;"";"";"";"";"";"";"";"";"";"";"";"";"";"";"";"";"";"";"";"";"";"";"";"";"";"";"";"";"";"";"";"";"";"";"";"";"";"";"";"";"";"";"";"";"";"";"";"";"";"";"";"";"";"";"";"";"";"";"";"";"";"";"";"";""
10.12.2022 00:18:13;1670627893000;880f01e687e2572cea04e80fc6a68085;964736;OK;1801;0;0;0;0;-0,01;-0,36;0;0;470;744;"";104,492;15,67;410,309;62,31;20,903;0,85;1,581;0,22;11,922;1,58;12,336;11,0;15,828;11,57;17,41;11,8;1837,238;188,66;578,605;66,24;74,491;17,29;4,728;10,51;1,818;10,01;0,036;10,0;2,094;20,391;0,54;26,876;3,47;4,771;0,55;0,86;1,62;943,525;1,0;"";"";22,355;2,33;63,702;11,78;"";"";13,0;20,0;13,0;"";"";"";"";"";"";"";"";"";"";"";"";"";"";"";"";"";"";"";"";"";"";"";"";"";"";"";"";"";"";"";"";"";"";"";"";"";"";"";"";"";"";"";"";"";"";"";"";"";"";"";"";"";"";"";"";"";"";"";"";"";"";"";"";""
10.12.2022 00:20:14;1670628014000;880f01e687e2572cea04e80fc6a68085;964857;OK;1805;0;0;0;0;-0,02;-2,66;0;0;463;745;"";103,077;15,46;409,887;62,3;20,908;0,85;1,58;0,22;11,866;1,58;12,535;11,0;16,322;11,76;16,629;11,78;1819,257;186,94;569,461;65,38;69,062;16,74;1,92;10,16;0,287;10,0;0,092;10,0;1,491;20,377;0,54;26,876;3,47;4,767;0,55;0,848;1,62;943,5659;1,0;"";"";22,301;2,34;63,018;11,75;"";"";13,0;20,0;13,0;"";"";"";"";"";"";"";"";"";"";"";"";"";"";"";"";"";"";"";"";"";"";"";"";"";"";"";"";"";"";"";"";"";"";"";"";"";"";"";"";"";"";"";"";"";"";"";"";"";"";"";"";"";"";"";"";"";"";"";"";"";"";"";"";""
10.12.2022 00:22:13;1670628133000;880f01e687e2572cea04e80fc6a68085;964976;OK;1793;0;0;0;0;-0,03;3,66;0;0;471;745;"";101,783;15,27;412,745;62,38;20,905;0,85;1,579;0,22;11,834;1,58;12,32;11,0;15,9;11,62;16,601;11,66;1717,518;177,01;541,194;62,52;66,922;16,62;1,61;10,15;0,639;10,04;0,078;10,0;1,655;20,364;0,54;26,877;3,47;4,764;0,55;0,837;1,62;943,615;1,0;"";"";22,221;2,34;62,388;11,71;"";"";13,0;20,0;13,0;"";"";"";"";"";"";"";"";"";"";"";"";"";"";"";"";"";"";"";"";"";"";"";"";"";"";"";"";"";"";"";"";"";"";"";"";"";"";"";"";"";"";"";"";"";"";"";"";"";"";"";"";"";"";"";"";"";"";"";"";"";"";"";"";""
10.12.2022 00:24:15;1670628255000;880f01e687e2572cea04e80fc6a68085;965098;OK;1807;0;0;0;0;-0,03;7,47;0;0;475;745;"";103,304;15,5;412,064;62,36;20,903;0,85;1,578;0,22;11,883;1,58;12,174;11,0;15,35;11,39;17,187;11,79;1801,639;185,18;566,238;65,08;69,864;16,82;4,494;10,55;2,265;10,23;0,533;10,0;2,184;20,356;0,54;26,877;3,47;4,762;0,55;0,8309999;1,62;943,646;1,0;"";"";22,193;2,34;62,206;11,7;"";"";13,0;20,0;13,0;"";"";"";"";"";"";"";"";"";"";"";"";"";"";"";"";"";"";"";"";"";"";"";"";"";"";"";"";"";"";"";"";"";"";"";"";"";"";"";"";"";"";"";"";"";"";"";"";"";"";"";"";"";"";"";"";"";"";"";"";"";"";"";"";""
10.12.2022 00:26:16;1670628376000;880f01e687e2572cea04e80fc6a68085;965219;OK;1780;0;0;0;0;-0,02;3,96;0;0;469;745;"";103,071;15,46;411,752;62,35;20,908;0,85;1,58;0,22;11,894;1,58;12,351;11,0;16,051;11,66;17,393;11,88;1817,865;186,74;574,472;65,88;71,359;17,0;3,671;10,3;1,663;10,03;0,164;10,0;1,992;20,344;0,54;26,878;3,47;4,758;0,55;0,821;1,62;943,682;1,0;"";"";22,216;2,34;62,3;11,71;"";"";13,0;20,0;13,0;"";"";"";"";"";"";"";"";"";"";"";"";"";"";"";"";"";"";"";"";"";"";"";"";"";"";"";"";"";"";"";"";"";"";"";"";"";"";"";"";"";"";"";"";"";"";"";"";"";"";"";"";"";"";"";"";"";"";"";"";"";"";"";"";""
10.12.2022 00:28:15;1670628495000;880f01e687e2572cea04e80fc6a68085;965338;OK;1800;0;0;0;0;-0,03;-0,49;0;0;463;745;"";103,042;15,46;413,141;62,39;20,908;0,85;1,58;0,22;11,977;1,58;12,532;11,0;16,663;11,82;18,088;11,96;1816,116;186,69;573,748;65,74;72,874;17,15;4,031;10,36;1,876;10,12;0,543;10,0;2,017;20,33;0,54;26,878;3,47;4,755;0,55;0,81;1,62;943,732;1,0;"";"";22,215;2,34;62,343;11,71;"";"";13,0;20,0;13,0;"";"";"";"";"";"";"";"";"";"";"";"";"";"";"";"";"";"";"";"";"";"";"";"";"";"";"";"";"";"";"";"";"";"";"";"";"";"";"";"";"";"";"";"";"";"";"";"";"";"";"";"";"";"";"";"";"";"";"";"";"";"";"";"";""
10.12.2022 00:30:17;1670628617000;880f01e687e2572cea04e80fc6a68085;965460;OK;1799;0;0;0;0;-0,03;-1,68;0;0;472;745;"";103,58;15,54;410,616;62,32;20,907;0,85;1,579;0,22;12,016;1,58;12,255;11,0;16,14;11,62;17,415;11,75;1825,632;187,45;575,283;65,97;72,089;17,05;3,892;10,34;2,171;10,13;0,056;10,0;1,935;20,321;0,54;26,879;3,47;4,752;0,55;0,802;1,62;943,757;1,0;"";"";22,278;2,34;62,321;11,71;"";"";13,0;20,0;13,0;"";"";"";"";"";"";"";"";"";"";"";"";"";"";"";"";"";"";"";"";"";"";"";"";"";"";"";"";"";"";"";"";"";"";"";"";"";"";"";"";"";"";"";"";"";"";"";"";"";"";"";"";"";"";"";"";"";"";"";"";"";"";"";"";""
10.12.2022 00:32:16;1670628736000;880f01e687e2572cea04e80fc6a68085;965579;OK;1814;0;0;0;0;-0,03;-0,61;0;0;457;745;"";101,853;15,28;411,661;62,35;20,908;0,85;1,578;0,22;12,103;1,59;12,713;11,0;16,391;11,68;17,313;11,83;1888,279;193,6;586,986;67,11;70,585;16,91;2,845;10,14;1,495;10,01;0,214;10,0;1,781;20,308;0,54;26,879;3,47;4,749;0,55;0,791;1,62;943,752;1,0;"";"";22,217;2,34;62,069;11,7;"";"";13,0;20,0;13,0;"";"";"";"";"";"";"";"";"";"";"";"";"";"";"";"";"";"";"";"";"";"";"";"";"";"";"";"";"";"";"";"";"";"";"";"";"";"";"";"";"";"";"";"";"";"";"";"";"";"";"";"";"";"";"";"";"";"";"";"";"";"";"";"";""
10.12.2022 00:34:17;1670628857000;880f01e687e2572cea04e80fc6a68085;965700;OK;1793;0;0;0;0;-0,02;-2,48;0;0;493;745;"";102,462;15,37;412,213;62,37;20,908;0,85;1,579;0,22;12,274;1,6;11,637;11,0;15,607;11,44;16,278;11,57;1800,483;185,06;558,625;64,33;69,977;16,83;3,457;10,17;1,323;10,0;0,298;10,0;1,729;20,296;0,54;26,882;3,47;4,746;0,55;0,782;1,62;943,739;1,0;"";"";22,221;2,34;61,941;11,69;"";"";13,0;20,0;13,0;"";"";"";"";"";"";"";"";"";"";"";"";"";"";"";"";"";"";"";"";"";"";"";"";"";"";"";"";"";"";"";"";"";"";"";"";"";"";"";"";"";"";"";"";"";"";"";"";"";"";"";"";"";"";"";"";"";"";"";"";"";"";"";"";""
10.12.2022 00:36:17;1670628977000;880f01e687e2572cea04e80fc6a68085;965820;OK;1792;0;0;0;0;-0,03;2,71;0;0;448;745;"";103,171;15,48;411,665;62,35;20,91;0,85;1,579;0,22;12,414;1,61;13,014;11,0;16,92;11,8;17,606;11,81;1834,589;188,46;581,079;66,49;70,231;16,89;4,323;10,45;0,771;10,0;0,031;10,0;1,66;20,285;0,54;26,881;3,47;4,743;0,55;0,772;1,62;943,699;1,0;"";"";22,289;2,34;61,664;11,68;"";"";13,0;20,0;13,0;"";"";"";"";"";"";"";"";"";"";"";"";"";"";"";"";"";"";"";"";"";"";"";"";"";"";"";"";"";"";"";"";"";"";"";"";"";"";"";"";"";"";"";"";"";"";"";"";"";"";"";"";"";"";"";"";"";"";"";"";"";"";"";"";""
10.12.2022 00:38:16;1670629096000;880f01e687e2572cea04e80fc6a68085;965939;OK;1800;0;0;0;0;0,01;-3,58;0;0;463;746;"";103,214;15,48;411,295;62,34;20,91;0,85;1,579;0,22;12,473;1,61;12,539;11,0;17,442;11,94;18,529;11,96;1879,773;192,83;594,092;67,77;95,04001;19,3;3,223;10,25;1,619;10,04;0,003;10,0;1,9;20,27;0,54;26,98;3,47;4,756;0,55;0,81;1,61;943,6279;1,0;"";"";22,346;2,34;61,335;11,66;"";"";13,0;20,0;13,0;"";"";"";"";"";"";"";"";"";"";"";"";"";"";"";"";"";"";"";"";"";"";"";"";"";"";"";"";"";"";"";"";"";"";"";"";"";"";"";"";"";"";"";"";"";"";"";"";"";"";"";"";"";"";"";"";"";"";"";"";"";"";"";"";""
10.12.2022 00:40:17;1670629217000;880f01e687e2572cea04e80fc6a68085;966060;OK;1809;0;0;0;0;0,03;0,0;0;0;450;746;"";101,438;15,22;411,473;62,34;20,907;0,85;1,578;0,22;12,533;1,61;12,982;11,0;17,57;11,68;18,284;11,72;1885,148;193,31;586,143;66,97;77,603;17,6;3,079;10,26;0,758;10,04;0,0;10,0;1,659;20,255;0,54;26,982;3,47;4,752;0,55;0,799;1,61;943,53;1,0;"";"";22,483;2,33;61,396;11,66;"";"";13,0;20,0;13,0;"";"";"";"";"";"";"";"";"";"";"";"";"";"";"";"";"";"";"";"";"";"";"";"";"";"";"";"";"";"";"";"";"";"";"";"";"";"";"";"";"";"";"";"";"";"";"";"";"";"";"";"";"";"";"";"";"";"";"";"";"";"";"";"";""
10.12.2022 00:42:17;1670629337000;880f01e687e2572cea04e80fc6a68085;966180;OK;1804;0;0;0;0;0,01;3,64;0;0;453;746;"";100,915;15,14;411,747;62,35;20,906;0,85;1,578;0,22;12,655;1,62;12,851;11,0;16,24;11,73;17,478;11,88;1894,853;194,27;585,718;66,94;73,409;17,05;3,499;10,35;2,144;10,1;0,0;10,0;1,91;20,24;0,54;26,984;3,47;4,748;0,55;0,786;1,61;943,497;1,0;"";"";22,509;2,33;61,179;11,65;"";"";13,0;20,0;13,0;"";"";"";"";"";"";"";"";"";"";"";"";"";"";"";"";"";"";"";"";"";"";"";"";"";"";"";"";"";"";"";"";"";"";"";"";"";"";"";"";"";"";"";"";"";"";"";"";"";"";"";"";"";"";"";"";"";"";"";"";"";"";"";"";""
10.12.2022 00:44:18;1670629458000;880f01e687e2572cea04e80fc6a68085;966301;OK;1793;0;0;0;0;-0,02;-1,83;0;0;460;747;"";100,187;15,03;409,529;62,29;20,904;0,85;1,578;0,22;12,779;1,62;12,618;11,0;16,007;11,53;17,652;11,89;1824,974;187,43;572,526;65,7;81,24801;17,89;2,837;10,21;2,278;10,12;0,292;10,0;2,085;20,227;0,54;27,012;3,47;4,75;0,55;0,79;1,61;943,5431;1,0;"";"";22,486;2,33;61,136;11,65;"";"";13,0;20,0;13,0;"";"";"";"";"";"";"";"";"";"";"";"";"";"";"";"";"";"";"";"";"";"";"";"";"";"";"";"";"";"";"";"";"";"";"";"";"";"";"";"";"";"";"";"";"";"";"";"";"";"";"";"";"";"";"";"";"";"";"";"";"";"";"";"";""
10.12.2022 00:46:18;1670629578000;880f01e687e2572cea04e80fc6a68085;966421;OK;1805;0;0;0;0;-0,01;-2,48;0;0;429;747;"";101,319;15,2;411,897;62,36;20,903;0,85;1,578;0,22;12,826;1,63;13,664;11,0;17,644;11,85;19,59;11,99;1941,902;198,86;607,6519;69,04;76,914;17,53;6,22;10,62;2,97;10,16;0,03;10,0;2,191;20,21;0,54;27,02;3,47;4,746;0,55;0,779;1,6;943,5679;1,0;"";"";22,61;2,32;61,072;11,65;"";"";13,0;20,0;13,0;"";"";"";"";"";"";"";"";"";"";"";"";"";"";"";"";"";"";"";"";"";"";"";"";"";"";"";"";"";"";"";"";"";"";"";"";"";"";"";"";"";"";"";"";"";"";"";"";"";"";"";"";"";"";"";"";"";"";"";"";"";"";"";"";""
10.12.2022 00:48:19;1670629699000;880f01e687e2572cea04e80fc6a68085;966542;OK;1794;0;0;0;0;-0,02;-3,09;0;0;483;747;"";99,85;14,98;409,87;62,3;20,901;0,85;1,578;0,22;12,941;1,63;11,953;11,0;16,246;11,67;17,235;11,9;1799,318;184,91;562,379;64,71;71,061;16,95;3,633;10,28;1,507;10,02;0,003;10,0;1,878;20,191;0,54;27,021;3,47;4,741;0,55;0,764;1,6;943,556;1,0;"";"";22,663;2,32;61,256;11,66;"";"";13,0;20,0;13,0;"";"";"";"";"";"";"";"";"";"";"";"";"";"";"";"";"";"";"";"";"";"";"";"";"";"";"";"";"";"";"";"";"";"";"";"";"";"";"";"";"";"";"";"";"";"";"";"";"";"";"";"";"";"";"";"";"";"";"";"";"";"";"";"";""
10.12.2022 00:50:20;1670629820000;880f01e687e2572cea04e80fc6a68085;966663;OK;1802;0;0;0;0;-0,04;-1,76;0;0;468;747;"";101,904;15,29;410,31;62,31;20,906;0,85;1,577;0,22;13,077;1,64;12,4;11,0;15,615;11,5;16,922;11,77;1752,429;180,37;549,504;63,42;65,636;16,39;3,548;10,36;1,657;10,07;0,07;10,0;1,961;20,177;0,54;27,022;3,47;4,738;0,55;0,752;1,6;943,547;1,0;"";"";22,678;2,32;61,378;11,66;"";"";13,0;20,0;13,0;"";"";"";"";"";"";"";"";"";"";"";"";"";"";"";"";"";"";"";"";"";"";"";"";"";"";"";"";"";"";"";"";"";"";"";"";"";"";"";"";"";"";"";"";"";"";"";"";"";"";"";"";"";"";"";"";"";"";"";"";"";"";"";"";""
10.12.2022 00:52:20;1670629940000;880f01e687e2572cea04e80fc6a68085;966783;OK;1797;0;0;0;0;-0,03;1,63;0;0;479;747;"";103,895;15,58;412,443;62,37;20,908;0,85;1,578;0,22;13,126;1,64;12,048;11,0;15,67;11,54;18,059;11,91;1814,87;186,5;566,133;65,01;66,641;16,57;5,892;10,54;3,215;10,23;0,171;10,0;2,45;20,166;0,54;27,023;3,47;4,735;0,54;0,743;1,6;943,565;1,0;"";"";22,678;2,32;61,267;11,66;"";"";13,0;20,0;13,0;"";"";"";"";"";"";"";"";"";"";"";"";"";"";"";"";"";"";"";"";"";"";"";"";"";"";"";"";"";"";"";"";"";"";"";"";"";"";"";"";"";"";"";"";"";"";"";"";"";"";"";"";"";"";"";"";"";"";"";"";"";"";"";"";""
10.12.2022 00:54:20;1670630060000;880f01e687e2572cea04e80fc6a68085;966903;OK;1799;0;0;0;0;-0,03;4,06;0;0;459;747;"";100,567;15,08;410,542;62,32;20,907;0,85;1,577;0,22;13,2;1,65;12,671;11,0;16,416;11,68;17,335;11,74;1829,422;187,9;576,074;65,98001;74,36901;17,27;2,464;10,12;1,36;10,06;0,276;10,04;1,753;20,148;0,54;27,023;3,47;4,73;0,54;0,728;1,6;943,6049;1,0;"";"";22,691;2,32;61,435;11,67;"";"";13,0;20,0;13,0;"";"";"";"";"";"";"";"";"";"";"";"";"";"";"";"";"";"";"";"";"";"";"";"";"";"";"";"";"";"";"";"";"";"";"";"";"";"";"";"";"";"";"";"";"";"";"";"";"";"";"";"";"";"";"";"";"";"";"";"";"";"";"";"";""
10.12.2022 00:56:21;1670630181000;880f01e687e2572cea04e80fc6a68085;967024;OK;1813;0;0;0;0;-0,03;-4,5;0;0;439;747;"";101,169;15,18;408,725;62,26;20,907;0,85;1,576;0,22;13,246;1,65;13,307;11,0;16,426;11,78;17,643;11,89;1876,199;192,41;591,572;67,51;76,868;17,44;2,129;10,08;1,707;10,08;0,029;10,0;1,865;20,138;0,54;27,032;3,47;4,728;0,54;0,723;1,6;943,641;1,0;"";"";22,763;2,32;61,444;11,67;"";"";13,0;20,0;13,0;"";"";"";"";"";"";"";"";"";"";"";"";"";"";"";"";"";"";"";"";"";"";"";"";"";"";"";"";"";"";"";"";"";"";"";"";"";"";"";"";"";"";"";"";"";"";"";"";"";"";"";"";"";"";"";"";"";"";"";"";"";"";"";"";""
10.12.2022 00:58:21;1670630301000;880f01e687e2572cea04e80fc6a68085;967144;OK;1812;0;0;0;0;-0,03;-8,19;0;0;433;747;"";101,466;15,22;409,774;62,29;20,905;0,85;1,576;0,22;13,265;1,65;13,497;11,0;16,788;11,9;19,062;11,99;1910,106;195,65;605,527;68,78;73,37;17,11;4,259;10,5;3,246;10,37;0,003;10,0;2,309;20,128;0,54;27,025;3,47;4,724;0,54;0,711;1,6;943,663;1,0;"";"";22,799;2,31;61,798;11,69;"";"";15,955;18,47;45,1;"";"";"";"";"";"";"";"";"";"";"";"";"";"";"";"";"";"";"";"";"";"";"";"";"";"";"";"";"";"";"";"";"";"";"";"";"";"";"";"";"";"";"";"";"";"";"";"";"";"";"";"";"";"";"";"";"";"";"";"";"";"";"";"";""
