DateTime;timestamp;DeviceID;uptime;Status;measuretime;person;window_open;window_event;door_event;dHdt;dCO2dt;bat;bat_e;health;performance;virus;tvoc;tvoc_e;co2;co2_e;oxygen;oxygen_e;co;co_e;o3;o3_e;pm1;pm1_e;pm2_5;pm2_5_e;pm10;pm10_e;cnt0_3;cnt0_3_e;cnt0_5;cnt0_5_e;cnt1;cnt1_e;cnt2_5;cnt2_5_e;cnt5;cnt5_e;cnt10;cnt10_e;TypPS;temperature;temperature_e;humidity;humidity_e;humidity_abs;humidity_abs_e;dewpt;dewpt_e;pressure;pressure_e;pressure_rel;pressure_rel_e;no2;no2_e;so2;so2_e;h2s;h2s_e;sound;sound_e;sound_max;tvoc_ionsc;tvoc_ionsc_e;radon;radon_e;n2o;n2o_e;no2_insplorion;no2_insplorion_e;ch4_MIPEX;ch4_MIPEX_e;c3h8_MIPEX;c3h8_MIPEX_e;flammable;ethanol;ethanol_e;iaq_spec;iaq_spec_e;resp_irr_spec;resp_irr_spec_e;nh3_MR100;nh3_MR100_e;acid_M100;acid_M100_e;h2_M1000;h2_M1000_e;no_M250;no_M250_e;cl2_M20;cl2_M20_e;ch2o_M10;ch2o_M10_e;pm1_SPS30;pm1_SPS30_e;pm2_5_SPS30;pm2_5_SPS30_e;pm4_SPS30;pm4_SPS30_e;pm10_SPS30;pm10_SPS30_e;cnt0_5_SPS30;cnt0_5_SPS30_e;cnt1_SPS30;cnt1_SPS30_e;cnt2_5_SPS30;cnt2_5_SPS30_e;cnt4_SPS30;cnt4_SPS30_e;cnt10_SPS30;cnt10_SPS30_e;TypPS_SPS30;br2;f2;hf;hcl;hcn;ch4s;clo2;cs2;ph3;sih4;c2h4;c2h4o;ash3;h2o2;refrigerant
03.12.2022 01:00:40;1670025640000;880f01e687e2572cea04e80fc6a68085;362490;OK;1801;0;0;0;0;0,02;3,53;0;0;672;788;"";142,762;21,41;463,879;63,92;20,889;0,82;1,594;0,22;13,197;1,66;6,913;11,0;8,751;11,0;10,143;11,0;1119,212;118,91;345,687;43,6;41,264;13,99;2,289;10,15;1,562;10,04;0,0;10,0;2,491;21,457;0,54;31,998;3,35;6,044;0,55;4,241;1,31;957,2169;1,0;"";"";19,509;2,52;107,467;12,86;"";"";13,0;20,0;13,0;"";"";"";"";"";"";"";"";"";"";"";"";"";"";"";"";"";"";"";"";"";"";"";"";"";"";"";"";"";"";"";"";"";"";"";"";"";"";"";"";"";"";"";"";"";"";"";"";"";"";"";"";"";"";"";"";"";"";"";"";"";"";"";"";""
03.12.2022 01:02:40;1670025760000;880f01e687e2572cea04e80fc6a68085;362610;OK;1811;0;0;0;0;-0,02;-4,75;0;0;654;789;"";142,177;21,33;464,439;63,93;20,893;0,82;1,592;0,22;13,204;1,66;7,333;10,99;9,035;11,0;9,846;11,0;1134,456;120,35;357,534;44,79;43,343;14,26;1,605;10,08;0,975;10,0;0,0;10,0;1,946;21,45;0,54;32,034;3,35;6,048;0,55;4,25;1,31;957,1939;1,0;"";"";19,567;2,52;107,448;12,86;"";"";13,137;19,94;13,0;"";"";"";"";"";"";"";"";"";"";"";"";"";"";"";"";"";"";"";"";"";"";"";"";"";"";"";"";"";"";"";"";"";"";"";"";"";"";"";"";"";"";"";"";"";"";"";"";"";"";"";"";"";"";"";"";"";"";"";"";"";"";"";"";""
03.12.2022 01:04:39;1670025879000;880f01e687e2572cea04e80fc6a68085;362730;OK;1787;0;0;0;0;-0,01;-2,75;0;0;649;790;"";145,154;21,77;465,466;63,96;20,894;0,82;1,592;0,22;13,213;1,66;7,462;11,0;8,796;11,0;10,792;11,0;1170,06;123,91;364,743;45,49;34,128;13,37;2,696;10,22;2,402;10,21;0,666;10,0;2,776;21,447;0,54;32,124;3,35;6,064;0,55;4,288;1,3;957,204;1,0;"";"";19,567;2,52;107,391;12,85;"";"";13,014;19,99;13,0;"";"";"";"";"";"";"";"";"";"";"";"";"";"";"";"";"";"";"";"";"";"";"";"";"";"";"";"";"";"";"";"";"";"";"";"";"";"";"";"";"";"";"";"";"";"";"";"";"";"";"";"";"";"";"";"";"";"";"";"";"";"";"";"";""
03.12.2022 01:06:40;1670026000000;880f01e687e2572cea04e80fc6a68085;362850;OK;1809;0;0;0;0;0,03;5,87;0;0;672;790;"";143,061;21,46;465,761;63,97;20,892;0,82;1,593;0,22;13,175;1,66;6,921;10,87;8,51;11,0;9,729;11,0;1135,334;120,48;350,159;44,04;42,676;14,22;2,227;10,15;1,64;10,1;0,36;10,0;2,245;21,443;0,54;32,101;3,35;6,058;0,55;4,274;1,3;957,193;1,0;"";"";19,464;2,52;107,098;12,84;"";"";13,001;20,0;13,0;"";"";"";"";"";"";"";"";"";"";"";"";"";"";"";"";"";"";"";"";"";"";"";"";"";"";"";"";"";"";"";"";"";"";"";"";"";"";"";"";"";"";"";"";"";"";"";"";"";"";"";"";"";"";"";"";"";"";"";"";"";"";"";"";""
03.12.2022 01:08:40;1670026120000;880f01e687e2572cea04e80fc6a68085;362970;OK;1783;0;0;0;0;-0,08;2,31;0;0;641;789;"";139,852;20,98;464,928;63,95;20,895;0,82;1,591;0,22;13,109;1,66;7,65;10,97;10,078;11,0;10,544;11,0;1223,832;129,1;376,652;46,63;43,323;14,25;2,687;10,28;0,5809999;10,01;0,037;10,0;1,734;21,44;0,54;32,015;3,35;6,041;0,55;4,233;1,31;957,1859;1,0;"";"";19,322;2,53;106,234;12,79;"";"";13,0;20,0;13,0;"";"";"";"";"";"";"";"";"";"";"";"";"";"";"";"";"";"";"";"";"";"";"";"";"";"";"";"";"";"";"";"";"";"";"";"";"";"";"";"";"";"";"";"";"";"";"";"";"";"";"";"";"";"";"";"";"";"";"";"";"";"";"";"";""
03.12.2022 01:10:40;1670026240000;880f01e687e2572cea04e80fc6a68085;363090;OK;1787;0;0;0;0;0,04;-2,04;0;0;645;792;"";144,232;21,63;464,718;63,94;20,888;0,82;1,59;0,22;13,287;1,66;7,548;11,0;8,827;11,0;10,132;11,0;1168,058;123,62;364,478;45,47;33,65;13,37;2,061;10,14;1,321;10,02;0,004;10,0;2,311;21,437;0,54;32,212;3,34;6,077;0,55;4,318;1,3;957,166;1,0;"";"";19,419;2,53;106,943;12,83;"";"";13,0;20,0;13,0;"";"";"";"";"";"";"";"";"";"";"";"";"";"";"";"";"";"";"";"";"";"";"";"";"";"";"";"";"";"";"";"";"";"";"";"";"";"";"";"";"";"";"";"";"";"";"";"";"";"";"";"";"";"";"";"";"";"";"";"";"";"";"";"";""
03.12.2022 01:12:41;1670026361000;880f01e687e2572cea04e80fc6a68085;363211;OK;1805;0;0;0;0;0,1;-4,61;0;0;666;792;"";143,859;21,58;463,642;63,91;20,889;0,82;1,59;0,22;13,338;1,67;7,042;11,0;8,3;11,0;8,809;11,0;1087,082;115,81;342,02;43,26;30,867;12,99;0,884;10,01;0,638;10,0;0,0;10,0;1,702;21,433;0,54;32,201;3,34;6,074;0,55;4,31;1,3;957,145;1,0;"";"";19,461;2,52;107,088;12,84;"";"";13,0;20,0;13,0;"";"";"";"";"";"";"";"";"";"";"";"";"";"";"";"";"";"";"";"";"";"";"";"";"";"";"";"";"";"";"";"";"";"";"";"";"";"";"";"";"";"";"";"";"";"";"";"";"";"";"";"";"";"";"";"";"";"";"";"";"";"";"";"";""
03.12.2022 01:14:43;1670026483000;880f01e687e2572cea04e80fc6a68085;363333;OK;1790;0;0;0;0;0,15;-6,62;0;0;640;794;"";147,315;22,1;462,701;63,88;20,89;0,82;1,588;0,22;13,404;1,67;7,671;11,0;9,094;11,0;9,393;11,0;1168,951;123,77;368,722;45,85;34,785;13,44;0,847;10,03;0,182;10,0;0,0;10,0;1,494;21,426;0,54;32,301;3,34;6,09;0,55;4,348;1,29;957,15;1,0;"";"";19,549;2,52;107,142;12,84;"";"";13,0;20,0;13,0;"";"";"";"";"";"";"";"";"";"";"";"";"";"";"";"";"";"";"";"";"";"";"";"";"";"";"";"";"";"";"";"";"";"";"";"";"";"";"";"";"";"";"";"";"";"";"";"";"";"";"";"";"";"";"";"";"";"";"";"";"";"";"";"";""
03.12.2022 01:16:43;1670026603000;880f01e687e2572cea04e80fc6a68085;363452;OK;1809;0;0;0;0;-0,01;-7,08;0;0;657;793;"";145,709;21,86;461,734;63,85;20,888;0,82;1,588;0,22;13,379;1,67;7,27;11,0;9,146;11,0;10,301;11,0;1151,098;122,01;355,997;44,62;51,814;15,06;2,838;10,28;2,054;10,22;0,634;10,0;2,198;21,422;0,54;32,232;3,34;6,076;0,55;4,314;1,3;957,1569;1,0;"";"";19,608;2,52;107,065;12,83;"";"";13,0;20,0;13,0;"";"";"";"";"";"";"";"";"";"";"";"";"";"";"";"";"";"";"";"";"";"";"";"";"";"";"";"";"";"";"";"";"";"";"";"";"";"";"";"";"";"";"";"";"";"";"";"";"";"";"";"";"";"";"";"";"";"";"";"";"";"";"";"";""
03.12.2022 01:18:44;1670026724000;880f01e687e2572cea04e80fc6a68085;363573;OK;1805;0;0;0;0;-0,09;-5,42;0;0;677;793;"";141,561;21,23;461,936;63,86;20,892;0,82;1,587;0,22;13,213;1,66;6,794;10,88;9,159;11,0;9,636;11,0;1100,559;117,06;343,6;43,45;43,408;14,29;1,132;10,04;0,684;10,03;0,087;10,0;1,769;21,415;0,54;32,176;3,34;6,063;0,55;4,282;1,3;957,15;1,0;"";"";19,398;2,53;106,327;12,8;"";"";13,0;20,0;13,0;"";"";"";"";"";"";"";"";"";"";"";"";"";"";"";"";"";"";"";"";"";"";"";"";"";"";"";"";"";"";"";"";"";"";"";"";"";"";"";"";"";"";"";"";"";"";"";"";"";"";"";"";"";"";"";"";"";"";"";"";"";"";"";"";""
03.12.2022 01:20:45;1670026845000;880f01e687e2572cea04e80fc6a68085;363694;OK;1814;0;0;0;0;-0,08;-2,52;0;0;657;793;"";143,075;21,46;462,133;63,86;20,893;0,82;1,587;0,22;13,141;1,66;7,258;10,99;9,925;11,0;10,949;11,0;1182,971;125,12;372,059;46,23;45,94;14,47;3,449;10,42;1,413;10,08;0,29;10,0;2,134;21,41;0,54;32,193;3,34;6,064;0,55;4,286;1,3;957,154;1,0;"";"";19,4;2,53;106,315;12,79;"";"";13,0;20,0;13,0;"";"";"";"";"";"";"";"";"";"";"";"";"";"";"";"";"";"";"";"";"";"";"";"";"";"";"";"";"";"";"";"";"";"";"";"";"";"";"";"";"";"";"";"";"";"";"";"";"";"";"";"";"";"";"";"";"";"";"";"";"";"";"";"";""
03.12.2022 01:22:45;1670026965000;880f01e687e2572cea04e80fc6a68085;363815;OK;1806;0;0;0;0;-0,12;1,54;0;0;635;790;"";138,391;20,76;462,169;63,87;20,892;0,82;1,585;0,22;12,886;1,64;7,804;10,96;9,638;11,0;11,603;11,0;1235,579;130,21;388,603;47,77;42,82;14,25;3,618;10,36;2,636;10,3;1,636;10,03;2,699;21,404;0,54;31,962;3,35;6,019;0,55;4,178;1,31;957,1509;1,0;"";"";19,113;2,54;105,493;12,75;"";"";13,0;20,0;13,0;"";"";"";"";"";"";"";"";"";"";"";"";"";"";"";"";"";"";"";"";"";"";"";"";"";"";"";"";"";"";"";"";"";"";"";"";"";"";"";"";"";"";"";"";"";"";"";"";"";"";"";"";"";"";"";"";"";"";"";"";"";"";"";"";""
03.12.2022 01:24:45;1670027085000;880f01e687e2572cea04e80fc6a68085;363935;OK;1820;0;0;0;0;0,08;0,27;0;0;679;795;"";146,033;21,9;462,688;63,88;20,885;0,82;1,586;0,22;13,141;1,66;6,744;10,98;8,608;11,0;10,379;11,0;1095,522;116,62;340,571;43,12;36,265;13,55;3,784;10,33;2,628;10,27;0,175;10,0;2,716;21,402;0,54;32,301;3,34;6,082;0,55;4,327;1,29;957,15;1,0;"";"";19,276;2,53;106,011;12,78;"";"";13,0;20,0;13,0;"";"";"";"";"";"";"";"";"";"";"";"";"";"";"";"";"";"";"";"";"";"";"";"";"";"";"";"";"";"";"";"";"";"";"";"";"";"";"";"";"";"";"";"";"";"";"";"";"";"";"";"";"";"";"";"";"";"";"";"";"";"";"";"";""
03.12.2022 01:26:46;1670027206000;880f01e687e2572cea04e80fc6a68085;364056;OK;1800;0;0;0;0;0,11;-0,07;0;0;670;795;"";145,895;21,88;462,431;63,87;20,893;0,82;1,586;0,22;13,284;1,66;6,943;11,0;8,278;11,0;9,653;11,0;1071,634;114,3;330,283;42,11;32,817;13,24;1,763;10,09;1,503;10,05;0,752;10,0;2,453;21,398;0,54;32,293;3,34;6,079;0,55;4,319;1,29;957,172;1,0;"";"";19,393;2,53;106,211;12,79;"";"";13,0;20,0;13,0;"";"";"";"";"";"";"";"";"";"";"";"";"";"";"";"";"";"";"";"";"";"";"";"";"";"";"";"";"";"";"";"";"";"";"";"";"";"";"";"";"";"";"";"";"";"";"";"";"";"";"";"";"";"";"";"";"";"";"";"";"";"";"";"";""
03.12.2022 01:28:46;1670027326000;880f01e687e2572cea04e80fc6a68085;364176;OK;1791;0;0;0;0;0,13;0,54;0;0;676;796;"";147,214;22,08;462,628;63,88;20,888;0,82;1,583;0,22;13,281;1,66;6,806;10,97;9,109;11,0;9,639;11,0;1156,744;122,49;359,831;45,09;41,368;14,04;1,302;10,02;0,282;10,0;0,078;10,0;1,842;21,395;0,54;32,277;3,34;6,075;0,55;4,31;1,3;957,202;1,0;"";"";19,456;2,52;106,192;12,79;"";"";13,0;20,0;13,0;"";"";"";"";"";"";"";"";"";"";"";"";"";"";"";"";"";"";"";"";"";"";"";"";"";"";"";"";"";"";"";"";"";"";"";"";"";"";"";"";"";"";"";"";"";"";"";"";"";"";"";"";"";"";"";"";"";"";"";"";"";"";"";"";""
03.12.2022 01:30:47;1670027447000;880f01e687e2572cea04e80fc6a68085;364297;OK;1803;0;0;0;0;-0,02;0,04;0;0;672;797;"";144,026;21,6;462,36;63,87;20,892;0,82;1,583;0,22;13,236;1,66;6,91;10,99;9,077;11,0;9,357;11,0;1145,711;121,51;358,903;44,86;43,685;14,24;1,073;10,0;0,363;10,0;0,008;10,0;1,605;21,387;0,54;32,33;3,34;6,082;0,55;4,326;1,29;957,2249;1,0;"";"";19,47;2,52;106,113;12,78;"";"";13,0;20,0;13,0;"";"";"";"";"";"";"";"";"";"";"";"";"";"";"";"";"";"";"";"";"";"";"";"";"";"";"";"";"";"";"";"";"";"";"";"";"";"";"";"";"";"";"";"";"";"";"";"";"";"";"";"";"";"";"";"";"";"";"";"";"";"";"";"";""
03.12.2022 01:32:47;1670027567000;880f01e687e2572cea04e80fc6a68085;364417;OK;1791;0;0;0;0;-0,03;-1,1;0;0;639;796;"";143,417;21,51;462,215;63,87;20,893;0,82;1,582;0,22;13,249;1,66;7,701;11,0;9,171;11,0;10,595;11,0;1221,404;128,79;385,014;47,45;36,583;13,57;1,992;10,23;1,836;10,22;0,001;10,0;2,385;21,379;0,54;32,284;3,34;6,071;0,55;4,3;1,3;957,216;1,0;"";"";19,455;2,52;105,802;12,77;"";"";13,0;20,0;13,0;"";"";"";"";"";"";"";"";"";"";"";"";"";"";"";"";"";"";"";"";"";"";"";"";"";"";"";"";"";"";"";"";"";"";"";"";"";"";"";"";"";"";"";"";"";"";"";"";"";"";"";"";"";"";"";"";"";"";"";"";"";"";"";"";""
03.12.2022 01:34:49;1670027689000;880f01e687e2572cea04e80fc6a68085;364538;OK;1815;0;0;0;0;0,05;-4,17;0;0;651;799;"";150,18;22,53;461,663;63,85;20,893;0,82;1,581;0,22;13,323;1,67;7,406;11,0;9,272;11,0;10,818;11,0;1137,823;120,73;355,669;44,59;47,366;14,64;2,623;10,16;2,607;10,16;0,0;10,0;2,479;21,374;0,54;32,429;3,34;6,096;0,55;4,359;1,29;957,2089;1,0;"";"";19,571;2,52;106,161;12,78;"";"";13,0;20,0;13,0;"";"";"";"";"";"";"";"";"";"";"";"";"";"";"";"";"";"";"";"";"";"";"";"";"";"";"";"";"";"";"";"";"";"";"";"";"";"";"";"";"";"";"";"";"";"";"";"";"";"";"";"";"";"";"";"";"";"";"";"";"";"";"";"";""
03.12.2022 01:36:49;1670027809000;880f01e687e2572cea04e80fc6a68085;364659;OK;1792;0;0;0;0;-0,1;-4,98;0;0;702;794;"";140,485;21,07;460,311;63,81;20,889;0,82;1,58;0,22;13,133;1,66;6,215;10,78;7,366;11,0;8,293;11,0;1044,405;111,6;330,014;42,12;28,274;12,83;1,34;10,05;1,339;10,05;0,158;10,0;2,098;21,37;0,54;32,139;3,35;6,04;0,55;4,227;1,3;957,223;1,0;"";"";19,314;2,53;104,997;12,72;"";"";13,0;20,0;13,0;"";"";"";"";"";"";"";"";"";"";"";"";"";"";"";"";"";"";"";"";"";"";"";"";"";"";"";"";"";"";"";"";"";"";"";"";"";"";"";"";"";"";"";"";"";"";"";"";"";"";"";"";"";"";"";"";"";"";"";"";"";"";"";"";""
03.12.2022 01:38:49;1670027929000;880f01e687e2572cea04e80fc6a68085;364779;OK;1802;0;0;0;0;-0,1;-3,8;0;0;674;796;"";143,311;21,5;460,819;63,82;20,892;0,82;1,58;0,22;13,126;1,66;6,877;10,89;8,541;11,0;8,996;11,0;1118,846;118,83;353,91;44,43;37,764;13,76;1,6;10,2;0,9940001;10,01;0,016;10,0;1,724;21,367;0,54;32,247;3,34;6,059;0,55;4,273;1,3;957,245;1,0;"";"";19,099;2,54;104,412;12,69;"";"";13,0;20,0;13,0;"";"";"";"";"";"";"";"";"";"";"";"";"";"";"";"";"";"";"";"";"";"";"";"";"";"";"";"";"";"";"";"";"";"";"";"";"";"";"";"";"";"";"";"";"";"";"";"";"";"";"";"";"";"";"";"";"";"";"";"";"";"";"";"";""
03.12.2022 01:40:50;1670028050000;880f01e687e2572cea04e80fc6a68085;364900;OK;1795;0;0;0;0;-0,11;6,46;0;0;699;796;"";143,819;21,57;463,521;63,91;20,893;0,82;1,579;0,22;13,164;1,66;6,295;10,86;7,577;11,0;8,769;11,0;993,5599;106,7;309,852;40,07;35,831;13,48;1,767;10,16;1,481;10,12;0,002;10,0;2,303;21,359;0,54;32,18;3,35;6,044;0,55;4,236;1,3;957,236;1,0;"";"";19,084;2,54;104,193;12,68;"";"";13,0;20,0;13,0;"";"";"";"";"";"";"";"";"";"";"";"";"";"";"";"";"";"";"";"";"";"";"";"";"";"";"";"";"";"";"";"";"";"";"";"";"";"";"";"";"";"";"";"";"";"";"";"";"";"";"";"";"";"";"";"";"";"";"";"";"";"";"";"";""
03.12.2022 01:42:49;1670028169000;880f01e687e2572cea04e80fc6a68085;365019;OK;1786;0;0;0;0;0,16;11,41;0;0;676;801;"";149,891;22,48;464,305;63,93;20,893;0,82;1,579;0,22;13,235;1,66;6,825;10,91;9,377;11,0;9,684;11,0;1172,131;124,11;371,799;46,15;45,388;14,44;1,42;10,12;0,469;10,01;0,0;10,0;1,622;21,355;0,54;32,464;3,34;6,096;0,55;4,358;1,29;957,1959;1,0;"";"";19,246;2,53;104,663;12,7;"";"";13,0;20,0;13,0;"";"";"";"";"";"";"";"";"";"";"";"";"";"";"";"";"";"";"";"";"";"";"";"";"";"";"";"";"";"";"";"";"";"";"";"";"";"";"";"";"";"";"";"";"";"";"";"";"";"";"";"";"";"";"";"";"";"";"";"";"";"";"";"";""
03.12.2022 01:44:50;1670028290000;880f01e687e2572cea04e80fc6a68085;365139;OK;1797;0;0;0;0;0,07;7,68;0;0;684;800;"";145,962;21,89;463,023;63,89;20,893;0,82;1,579;0,22;13,226;1,66;6,62;10,93;9,049;11,0;10,053;11,0;1066,28;113,73;335,887;42,67;41,791;14,04;2,514;10,29;1,204;10,04;0,23;10,0;2,207;21,348;0,54;32,423;3,34;6,086;0,55;4,334;1,29;957,1609;1,0;"";"";19,264;2,53;104,837;12,71;"";"";13,0;20,0;13,0;"";"";"";"";"";"";"";"";"";"";"";"";"";"";"";"";"";"";"";"";"";"";"";"";"";"";"";"";"";"";"";"";"";"";"";"";"";"";"";"";"";"";"";"";"";"";"";"";"";"";"";"";"";"";"";"";"";"";"";"";"";"";"";"";""
03.12.2022 01:46:50;1670028410000;880f01e687e2572cea04e80fc6a68085;365260;OK;1789;0;0;0;0;-0,04;-0,09;0;0;698;797;"";143,369;21,51;463,219;63,9;20,894;0,82;1,578;0,22;13,17;1,66;6,315;10,81;8,596;11,0;9,523;11,0;1037,636;110,98;326,005;41,71;37,028;13,67;3,016;10,22;1,167;10,0;0,024;10,0;2,195;21,344;0,54;32,212;3,35;6,045;0,55;4,237;1,3;957,1179;1,0;"";"";19,193;2,54;104,821;12,71;"";"";13,0;20,0;13,0;"";"";"";"";"";"";"";"";"";"";"";"";"";"";"";"";"";"";"";"";"";"";"";"";"";"";"";"";"";"";"";"";"";"";"";"";"";"";"";"";"";"";"";"";"";"";"";"";"";"";"";"";"";"";"";"";"";"";"";"";"";"";"";"";""
03.12.2022 01:48:50;1670028530000;880f01e687e2572cea04e80fc6a68085;365380;OK;1798;0;0;0;0;-0,04;-0,23;0;0;660;801;"";148,092;22,21;464,29;63,93;20,893;0,82;1,578;0,22;13,286;1,66;7,204;10,94;8,933;11,0;10,2;11,0;1186,426;125,52;370,556;46,02;43,372;14,21;2,19;10,11;1,727;10,02;0,668;10,0;2,322;21,341;0,54;32,459;3,34;6,09;0,54;4,344;1,29;957,08;1,0;"";"";19,169;2,54;105,034;12,72;"";"";13,0;20,0;13,0;"";"";"";"";"";"";"";"";"";"";"";"";"";"";"";"";"";"";"";"";"";"";"";"";"";"";"";"";"";"";"";"";"";"";"";"";"";"";"";"";"";"";"";"";"";"";"";"";"";"";"";"";"";"";"";"";"";"";"";"";"";"";"";"";""
03.12.2022 01:50:50;1670028650000;880f01e687e2572cea04e80fc6a68085;365500;OK;1790;0;0;0;0;-0,01;-10,08;0;0;666;797;"";142,256;21,34;459,162;63,77;20,888;0,82;1,578;0,22;13,163;1,66;7,067;10,85;8,688;11,0;10,291;11,0;1107,141;117,74;346,901;43,77;31,098;12,96;3,263;10,34;1,144;10,0;0,727;10,0;2,672;21,339;0,54;32,214;3,35;6,043;0,55;4,233;1,3;957,0689;1,0;"";"";19,152;2,54;104,738;12,71;"";"";13,0;20,0;13,0;"";"";"";"";"";"";"";"";"";"";"";"";"";"";"";"";"";"";"";"";"";"";"";"";"";"";"";"";"";"";"";"";"";"";"";"";"";"";"";"";"";"";"";"";"";"";"";"";"";"";"";"";"";"";"";"";"";"";"";"";"";"";"";"";""
03.12.2022 01:52:51;1670028771000;880f01e687e2572cea04e80fc6a68085;365621;OK;1800;0;0;0;0;-0,05;-8,82;0;0;682;798;"";141,224;21,18;460,911;63,83;20,885;0,82;1,576;0,22;12,996;1,65;6,66;10,94;8,467;11,0;9,564;11,0;1088,993;115,97;331,15;42,19;40,138;13,98;2,964;10,16;0,863;10,0;0,075;10,0;2,28;21,336;0,54;32,247;3,34;6,049;0,55;4,245;1,3;957,0999;1,0;"";"";18,994;2,55;103,647;12,65;"";"";13,0;20,0;13,0;"";"";"";"";"";"";"";"";"";"";"";"";"";"";"";"";"";"";"";"";"";"";"";"";"";"";"";"";"";"";"";"";"";"";"";"";"";"";"";"";"";"";"";"";"";"";"";"";"";"";"";"";"";"";"";"";"";"";"";"";"";"";"";"";""
03.12.2022 01:54:53;1670028893000;880f01e687e2572cea04e80fc6a68085;365743;OK;1786;0;0;0;0;-0,01;-8,23;0;0;672;801;"";146,62;21,99;458,784;63,76;20,884;0,82;1,574;0,22;13,174;1,66;6,915;10,99;9,176;11,0;9,463;11,0;1121,79;119,14;344,879;43,53;40,625;14,03;1,062;10,04;0,324;10,0;0,007;10,0;1,615;21,33;0,54;32,426;3,34;6,08;0,54;4,319;1,29;957,133;1,0;"";"";19,156;2,54;104,186;12,68;"";"";13,0;20,0;13,0;"";"";"";"";"";"";"";"";"";"";"";"";"";"";"";"";"";"";"";"";"";"";"";"";"";"";"";"";"";"";"";"";"";"";"";"";"";"";"";"";"";"";"";"";"";"";"";"";"";"";"";"";"";"";"";"";"";"";"";"";"";"";"";"";""
03.12.2022 01:56:53;1670029013000;880f01e687e2572cea04e80fc6a68085;365863;OK;1792;0;0;0;0;0,08;3,17;0;0;666;801;"";142,427;21,36;460,786;63,82;20,883;0,82;1,573;0,22;13,093;1,65;7,038;11,0;9,369;11,0;9,671;11,0;1117,506;118,71;352,013;44,26;46,003;14,55;1,643;10,22;0,033;10,0;0,001;10,0;1,627;21,328;0,54;32,362;3,34;6,067;0,55;4,289;1,29;957,146;1,0;"";"";19,046;2,54;103,739;12,65;"";"";13,0;20,0;13,0;"";"";"";"";"";"";"";"";"";"";"";"";"";"";"";"";"";"";"";"";"";"";"";"";"";"";"";"";"";"";"";"";"";"";"";"";"";"";"";"";"";"";"";"";"";"";"";"";"";"";"";"";"";"";"";"";"";"";"";"";"";"";"";"";""
03.12.2022 01:58:54;1670029134000;880f01e687e2572cea04e80fc6a68085;365984;OK;1797;0;0;0;0;0,01;1,71;0;0;629;800;"";140,982;21,15;461,767;63,85;20,882;0,82;1,573;0,22;13,088;1,65;7,93;11,0;9,399;11,0;11,219;11,0;1234,052;130,09;386,029;47,59;38,137;13,75;3,39;10,37;3,027;10,28;0,582;10,0;2,575;21,323;0,54;32,325;3,34;6,059;0,55;4,269;1,29;957,155;1,0;"";"";18,877;2,55;103,415;12,64;"";"";13,0;20,0;13,0;"";"";"";"";"";"";"";"";"";"";"";"";"";"";"";"";"";"";"";"";"";"";"";"";"";"";"";"";"";"";"";"";"";"";"";"";"";"";"";"";"";"";"";"";"";"";"";"";"";"";"";"";"";"";"";"";"";"";"";"";"";"";"";"";""
03.12.2022 02:00:54;1670029254000;880f01e687e2572cea04e80fc6a68085;366104;OK;1809;0;0;0;0;-0,1;3,19;0;0;645;800;"";142,796;21,42;461,024;63,83;20,883;0,82;1,572;0,22;13,003;1,65;7,544;10,99;8,942;11,0;9,63;11,0;1152,543;122,07;362,593;45,27;33,014;13,26;1,757;10,16;0,658;10,03;0,06;10,0;1,773;21,314;0,54;32,312;3,34;6,053;0,54;4,255;1,29;957,1609;1,0;"";"";18,854;2,55;103,066;12,62;"";"";13,0;20,0;13,0;"";"";"";"";"";"";"";"";"";"";"";"";"";"";"";"";"";"";"";"";"";"";"";"";"";"";"";"";"";"";"";"";"";"";"";"";"";"";"";"";"";"";"";"";"";"";"";"";"";"";"";"";"";"";"";"";"";"";"";"";"";"";"";"";""
03.12.2022 02:02:55;1670029375000;880f01e687e2572cea04e80fc6a68085;366225;OK;1801;0;0;0;0;0,03;-5,01;0;0;662;802;"";143,329;21,5;459,823;63,79;20,887;0,82;1,571;0,22;13,066;1,65;7,14;11,0;9,41;11,0;9,895;11,0;1168,03;123,61;360,058;45,05;43,156;14,17;2,501;10,26;0,359;10,04;0,006;10,0;1,741;21,307;0,54;32,379;3,34;6,063;0,54;4,278;1,29;957,156;1,0;"";"";18,935;2,55;103,088;12,62;"";"";13,0;20,0;13,0;"";"";"";"";"";"";"";"";"";"";"";"";"";"";"";"";"";"";"";"";"";"";"";"";"";"";"";"";"";"";"";"";"";"";"";"";"";"";"";"";"";"";"";"";"";"";"";"";"";"";"";"";"";"";"";"";"";"";"";"";"";"";"";"";""
03.12.2022 02:04:56;1670029496000;880f01e687e2572cea04e80fc6a68085;366346;OK;1796;0;0;0;0;0,11;-1,16;0;0;702;804;"";146,22;21,93;461,901;63,86;20,888;0,82;1,571;0,22;13,224;1,66;6,221;10,93;8,63;11,0;9,342;11,0;1096,764;116,7;341,973;43,27;43,378;14,26;2,327;10,3;1,095;10,0;0,001;10,0;2,01;21,305;0,54;32,518;3,34;6,088;0,54;4,338;1,28;957,168;1,0;"";"";19,002;2,55;103,344;12,63;"";"";13,0;20,0;13,0;"";"";"";"";"";"";"";"";"";"";"";"";"";"";"";"";"";"";"";"";"";"";"";"";"";"";"";"";"";"";"";"";"";"";"";"";"";"";"";"";"";"";"";"";"";"";"";"";"";"";"";"";"";"";"";"";"";"";"";"";"";"";"";"";""
03.12.2022 02:06:57;1670029617000;880f01e687e2572cea04e80fc6a68085;366466;OK;1793;0;0;0;0;0,03;0,4;0;0;682;802;"";143,789;21,57;460,459;63,81;20,889;0,82;1,571;0,22;13,157;1,66;6,672;10,94;8,786;11,0;9,461;11,0;1107,434;117,71;349,428;43,92;36,883;13,66;0,947;10,04;0,798;10,0;0,615;10,0;1,927;21,299;0,54;32,395;3,34;6,063;0,54;4,278;1,29;957,1799;1,0;"";"";19,026;2,54;103,121;12,62;"";"";13,0;20,0;13,0;"";"";"";"";"";"";"";"";"";"";"";"";"";"";"";"";"";"";"";"";"";"";"";"";"";"";"";"";"";"";"";"";"";"";"";"";"";"";"";"";"";"";"";"";"";"";"";"";"";"";"";"";"";"";"";"";"";"";"";"";"";"";"";"";""
03.12.2022 02:08:55;1670029735000;880f01e687e2572cea04e80fc6a68085;366585;OK;1796;0;0;0;0;-0,06;-1,59;0;0;681;801;"";142,354;21,35;460,222;63,81;20,887;0,82;1,571;0,22;13,124;1,66;6,686;10,98;8,035;11,0;9,175;11,0;1098,595;116,87;339,117;43,0;38,964;13,77;2,345;10,08;1,525;10,06;0,06599999;10,0;2,269;21,294;0,54;32,356;3,34;6,054;0,54;4,256;1,29;957,208;1,0;"";"";18,971;2,55;103,122;12,62;"";"";13,0;20,0;13,0;"";"";"";"";"";"";"";"";"";"";"";"";"";"";"";"";"";"";"";"";"";"";"";"";"";"";"";"";"";"";"";"";"";"";"";"";"";"";"";"";"";"";"";"";"";"";"";"";"";"";"";"";"";"";"";"";"";"";"";"";"";"";"";"";""
03.12.2022 02:10:56;1670029856000;880f01e687e2572cea04e80fc6a68085;366706;OK;1802;0;0;0;0;-0,1;-7,19;0;0;682;802;"";140,121;21,02;459,941;63,8;20,889;0,82;1,569;0,22;13,118;1,66;6,683;10,91;8,398;11,0;9,452;11,0;1101,631;117,14;348,547;43,89;34,723;13,39;2,342;10,1;1,501;10,06;0,007;10,0;2,218;21,291;0,54;32,356;3,34;6,053;0,54;4,254;1,29;957,23;1,0;"";"";18,913;2,55;102,944;12,61;"";"";13,0;20,0;13,0;"";"";"";"";"";"";"";"";"";"";"";"";"";"";"";"";"";"";"";"";"";"";"";"";"";"";"";"";"";"";"";"";"";"";"";"";"";"";"";"";"";"";"";"";"";"";"";"";"";"";"";"";"";"";"";"";"";"";"";"";"";"";"";"";""
03.12.2022 02:12:57;1670029977000;880f01e687e2572cea04e80fc6a68085;366826;OK;1799;0;0;0;0;0,08;1,55;0;0;701;806;"";145,844;21,88;460,907;63,83;20,888;0,82;1,569;0,22;13,266;1,66;6,254;10,71;7,983;10,95;9,362;11,0;1016,956;108,89;318,827;40,98;34,002;13,37;3,31;10,17;1,701;10,01;0,001;10,0;2,646;21,288;0,54;32,606;3,34;6,099;0,54;4,361;1,28;957,251;1,0;"";"";19,021;2,54;103,331;12,63;"";"";13,0;20,0;13,0;"";"";"";"";"";"";"";"";"";"";"";"";"";"";"";"";"";"";"";"";"";"";"";"";"";"";"";"";"";"";"";"";"";"";"";"";"";"";"";"";"";"";"";"";"";"";"";"";"";"";"";"";"";"";"";"";"";"";"";"";"";"";"";"";""
03.12.2022 02:14:57;1670030097000;880f01e687e2572cea04e80fc6a68085;366947;OK;1806;0;0;0;0;0,13;5,76;0;0;660;807;"";146,976;22,05;461,547;63,85;20,885;0,82;1,568;0,22;13,362;1,67;7,196;10,97;9,772;10,99;10,287;11,0;1111,922;118,11;355,852;44,6;50,141;14,94;3,191;10,34;0,719;10,0;0,0;10,0;1,809;21,285;0,54;32,64;3,34;6,104;0,54;4,374;1,28;957,251;1,0;"";"";19,073;2,54;103,788;12,65;"";"";13,0;20,0;13,0;"";"";"";"";"";"";"";"";"";"";"";"";"";"";"";"";"";"";"";"";"";"";"";"";"";"";"";"";"";"";"";"";"";"";"";"";"";"";"";"";"";"";"";"";"";"";"";"";"";"";"";"";"";"";"";"";"";"";"";"";"";"";"";"";""
03.12.2022 02:16:59;1670030219000;880f01e687e2572cea04e80fc6a68085;367069;OK;1789;0;0;0;0;0,05;-0,07;0;0;686;804;"";144,422;21,66;459,613;63,79;20,888;0,82;1,568;0,22;13,266;1,66;6,572;10,99;8,05;11,0;8,517;11,0;1047,438;111,87;332,828;42,4;33,675;13,34;1,429;10,07;0,802;10,03;0,0;10,0;1,714;21,281;0,54;32,467;3,34;6,07;0,54;4,294;1,29;957,2309;1,0;"";"";19,145;2,54;103,797;12,65;"";"";13,0;20,0;13,0;"";"";"";"";"";"";"";"";"";"";"";"";"";"";"";"";"";"";"";"";"";"";"";"";"";"";"";"";"";"";"";"";"";"";"";"";"";"";"";"";"";"";"";"";"";"";"";"";"";"";"";"";"";"";"";"";"";"";"";"";"";"";"";"";""
03.12.2022 02:18:57;1670030337000;880f01e687e2572cea04e80fc6a68085;367187;OK;1787;0;0;0;0;-0,06;-7,51;0;0;664;806;"";145,426;21,81;459,713;63,79;20,888;0,82;1,567;0,22;13,253;1,66;7,096;11,0;8,615;11,0;9,004;11,0;1105,638;117,57;352,0;44,2;34,222;13,34;1,065;10,02;0,12;10,0;0,0;10,0;1,62;21,278;0,54;32,554;3,34;6,085;0,54;4,33;1,28;957,2249;1,0;"";"";19,077;2,54;103,337;12,63;"";"";13,0;20,0;13,0;"";"";"";"";"";"";"";"";"";"";"";"";"";"";"";"";"";"";"";"";"";"";"";"";"";"";"";"";"";"";"";"";"";"";"";"";"";"";"";"";"";"";"";"";"";"";"";"";"";"";"";"";"";"";"";"";"";"";"";"";"";"";"";"";""
03.12.2022 02:20:58;1670030458000;880f01e687e2572cea04e80fc6a68085;367308;OK;1801;0;0;0;0;-0,0;-12,8;0;0;693;808;"";147,579;22,14;457,629;63,73;20,886;0,82;1,566;0,22;13,299;1,67;6,436;10,85;8,428;11,0;9,647;11,0;1092,488;116,33;350,296;44,01;40,644;14,02;2,385;10,26;1,469;10,04;0,0;10,0;2,413;21,272;0,54;32,65;3,34;6,101;0,54;4,367;1,28;957,2089;1,0;"";"";19,074;2,54;103,385;12,63;"";"";13,0;20,0;13,0;"";"";"";"";"";"";"";"";"";"";"";"";"";"";"";"";"";"";"";"";"";"";"";"";"";"";"";"";"";"";"";"";"";"";"";"";"";"";"";"";"";"";"";"";"";"";"";"";"";"";"";"";"";"";"";"";"";"";"";"";"";"";"";"";""
03.12.2022 02:22:58;1670030578000;880f01e687e2572cea04e80fc6a68085;367428;OK;1780;0;0;0;0;0,04;-1,82;0;0;694;807;"";147,365;22,1;459,827;63,79;20,886;0,82;1,566;0,22;13,263;1,66;6,395;10,93;8,341;11,0;8,957;11,0;1042,282;111,44;323,12;41,44;36,45;13,56;1,624;10,03;0,62;10,0;0,469;10,0;1,927;21,268;0,54;32,596;3,34;6,09;0,54;4,339;1,28;957,1779;1,0;"";"";19,041;2,54;102,871;12,6;"";"";13,0;20,0;13,0;"";"";"";"";"";"";"";"";"";"";"";"";"";"";"";"";"";"";"";"";"";"";"";"";"";"";"";"";"";"";"";"";"";"";"";"";"";"";"";"";"";"";"";"";"";"";"";"";"";"";"";"";"";"";"";"";"";"";"";"";"";"";"";"";""
03.12.2022 02:24:59;1670030699000;880f01e687e2572cea04e80fc6a68085;367548;OK;1803;0;0;0;0;-0,05;2,55;0;0;688;806;"";143,283;21,49;459,856;63,8;20,885;0,82;1,566;0,22;13,167;1,66;6,539;10,98;8,901;11,0;9,636;11,03;1034,399;110,59;326,079;41,67;37,14;13,67;2,217;10,21;0,722;10,02;0,048;10,0;1,926;21,262;0,54;32,505;3,34;6,071;0,54;4,294;1,28;957,152;1,0;"";"";18,9;2,55;102,029;12,56;"";"";13,0;20,0;13,0;"";"";"";"";"";"";"";"";"";"";"";"";"";"";"";"";"";"";"";"";"";"";"";"";"";"";"";"";"";"";"";"";"";"";"";"";"";"";"";"";"";"";"";"";"";"";"";"";"";"";"";"";"";"";"";"";"";"";"";"";"";"";"";"";""
03.12.2022 02:26:59;1670030819000;880f01e687e2572cea04e80fc6a68085;367669;OK;1794;0;0;0;0;-0,07;2,84;0;0;673;806;"";144,751;21,71;460,062;63,8;20,884;0,82;1,565;0,22;13,119;1,66;6,887;10,99;9,21;11,0;10,076;11,0;1116,145;118,68;347,02;43,77;53,617;15,19;1,895;10,04;1,318;10,02;0,8389999;10,0;2,098;21,257;0,54;32,501;3,34;6,068;0,54;4,288;1,28;957,148;1,0;"";"";18,905;2,55;101,848;12,55;"";"";13,0;20,0;13,0;"";"";"";"";"";"";"";"";"";"";"";"";"";"";"";"";"";"";"";"";"";"";"";"";"";"";"";"";"";"";"";"";"";"";"";"";"";"";"";"";"";"";"";"";"";"";"";"";"";"";"";"";"";"";"";"";"";"";"";"";"";"";"";"";""
03.12.2022 02:28:59;1670030939000;880f01e687e2572cea04e80fc6a68085;367789;OK;1801;0;0;0;0;-0,02;0,79;0;0;681;806;"";146,075;21,91;460,908;63,83;20,883;0,82;1,564;0,22;13,042;1,65;6,676;10,95;8,712;11,0;9,252;11,0;1062,346;113,34;333,849;42,46;42,579;14,18;1,527;10,11;0,725;10,0;0,087;10,0;1,779;21,255;0,54;32,505;3,34;6,068;0,54;4,288;1,28;957,1569;1,0;"";"";18,79;2,56;101,507;12,53;"";"";13,0;20,0;13,0;"";"";"";"";"";"";"";"";"";"";"";"";"";"";"";"";"";"";"";"";"";"";"";"";"";"";"";"";"";"";"";"";"";"";"";"";"";"";"";"";"";"";"";"";"";"";"";"";"";"";"";"";"";"";"";"";"";"";"";"";"";"";"";"";""
03.12.2022 02:31:00;1670031060000;880f01e687e2572cea04e80fc6a68085;367909;OK;1788;0;0;0;0;0,07;1,09;0;0;674;808;"";147,606;22,14;459,45;63,78;20,88;0,82;1,563;0,22;13,098;1,65;6,857;10,93;10,152;11,0;10,986;11,05;1137,743;120,69;358,012;44,78;47,487;14,58;4,815;10,41;1,552;10,12;0,009;10,0;1,996;21,249;0,54;32,612;3,34;6,086;0,54;4,33;1,28;957,162;1,0;"";"";18,957;2,55;101,692;12,54;"";"";13,0;20,0;13,0;"";"";"";"";"";"";"";"";"";"";"";"";"";"";"";"";"";"";"";"";"";"";"";"";"";"";"";"";"";"";"";"";"";"";"";"";"";"";"";"";"";"";"";"";"";"";"";"";"";"";"";"";"";"";"";"";"";"";"";"";"";"";"";"";""
03.12.2022 02:33:00;1670031180000;880f01e687e2572cea04e80fc6a68085;368030;OK;1802;0;0;0;0;0,01;-0,66;0;0;677;808;"";146,404;21,96;460,152;63,8;20,882;0,82;1,562;0,22;13,088;1,65;6,785;10,93;9,37;11,0;10,25;11,01;1131,528;120,06;358,846;44,97;47,725;14,67;1,613;10,1;1,061;10,04;0,001;10,0;2,117;21,244;0,54;32,594;3,34;6,081;0,54;4,317;1,28;957,158;1,0;"";"";18,821;2,55;101,453;12,53;"";"";13,0;20,0;13,0;"";"";"";"";"";"";"";"";"";"";"";"";"";"";"";"";"";"";"";"";"";"";"";"";"";"";"";"";"";"";"";"";"";"";"";"";"";"";"";"";"";"";"";"";"";"";"";"";"";"";"";"";"";"";"";"";"";"";"";"";"";"";"";"";""
03.12.2022 02:35:01;1670031301000;880f01e687e2572cea04e80fc6a68085;368151;OK;1802;0;0;0;0;0,03;-6,55;0;0;679;810;"";149,711;22,46;458,48;63,75;20,878;0,82;1,563;0,22;13,156;1,66;6,751;10,89;8,393;11,0;9,801;11,0;1094,046;116,38;342,532;43,29;40,066;13,9;2,966;10,32;2,148;10,19;0,0;10,0;2,53;21,237;0,54;32,665;3,34;6,092;0,54;4,343;1,28;957,155;1,0;"";"";18,962;2,55;101,698;12,54;"";"";13,0;20,0;13,0;"";"";"";"";"";"";"";"";"";"";"";"";"";"";"";"";"";"";"";"";"";"";"";"";"";"";"";"";"";"";"";"";"";"";"";"";"";"";"";"";"";"";"";"";"";"";"";"";"";"";"";"";"";"";"";"";"";"";"";"";"";"";"";"";""
03.12.2022 02:37:01;1670031421000;880f01e687e2572cea04e80fc6a68085;368271;OK;1796;0;0;0;0;0,04;0,85;0;0;677;811;"";149,825;22,47;460,945;63,83;20,878;0,82;1,561;0,22;13,256;1,66;6,799;10,92;8,299;11,0;9,994;11,0;1064,144;113,52;334,268;42,53;39,781;13,88;3,143;10,31;2,196;10,21;0,0;10,0;2,73;21,232;0,54;32,703;3,34;6,097;0,54;4,354;1,27;957,1409;1,0;"";"";19,075;2,54;101,676;12,54;"";"";13,0;20,0;13,0;"";"";"";"";"";"";"";"";"";"";"";"";"";"";"";"";"";"";"";"";"";"";"";"";"";"";"";"";"";"";"";"";"";"";"";"";"";"";"";"";"";"";"";"";"";"";"";"";"";"";"";"";"";"";"";"";"";"";"";"";"";"";"";"";""
03.12.2022 02:39:02;1670031542000;880f01e687e2572cea04e80fc6a68085;368392;OK;1805;0;0;0;0;-0,03;3,03;0;0;677;808;"";145,119;21,77;460,385;63,81;20,877;0,82;1,56;0,22;13,122;1,66;6,796;10,87;8,186;10,95;9,496;11,0;1053,829;112,5;332,291;42,32;31,167;13,01;3,866;10,35;2,215;10,25;0,789;10,0;2,419;21,228;0,54;32,564;3,34;6,07;0,54;4,291;1,28;957,1469;1,0;"";"";18,967;2,55;101,076;12,51;"";"";13,0;20,0;13,0;"";"";"";"";"";"";"";"";"";"";"";"";"";"";"";"";"";"";"";"";"";"";"";"";"";"";"";"";"";"";"";"";"";"";"";"";"";"";"";"";"";"";"";"";"";"";"";"";"";"";"";"";"";"";"";"";"";"";"";"";"";"";"";"";""
03.12.2022 02:41:03;1670031663000;880f01e687e2572cea04e80fc6a68085;368514;OK;1785;0;0;0;0;-0,02;1,52;0;0;699;812;"";150,065;22,51;459,882;63,8;20,876;0,82;1,56;0,22;13,21;1,66;6,283;10,82;7,973;11,0;8,334;11,0;1066,401;113,77;330,339;42,18;29,619;12,98;1,065;10,11;0,36;10,03;0,089;10,0;1,598;21,224;0,54;32,769;3,34;6,106;0,54;4,376;1,27;957,165;1,0;"";"";19,019;2,54;100,963;12,5;"";"";13,0;20,0;13,0;"";"";"";"";"";"";"";"";"";"";"";"";"";"";"";"";"";"";"";"";"";"";"";"";"";"";"";"";"";"";"";"";"";"";"";"";"";"";"";"";"";"";"";"";"";"";"";"";"";"";"";"";"";"";"";"";"";"";"";"";"";"";"";"";""
03.12.2022 02:43:02;1670031782000;880f01e687e2572cea04e80fc6a68085;368632;OK;1802;0;0;0;0;-0,07;-1,3;0;0;678;808;"";143,649;21,55;461,127;63,83;20,882;0,82;1,56;0,22;13,105;1,66;6,775;10,86;8,117;10,99;8,825;10,99;1143,266;121,21;357,915;44,83;36,279;13,63;1,351;10,01;1,276;10,0;0,009;10,0;1,858;21,22;0,54;32,534;3,34;6,061;0,54;4,27;1,28;957,193;1,0;"";"";18,877;2,55;100,392;12,47;"";"";13,0;20,0;13,0;"";"";"";"";"";"";"";"";"";"";"";"";"";"";"";"";"";"";"";"";"";"";"";"";"";"";"";"";"";"";"";"";"";"";"";"";"";"";"";"";"";"";"";"";"";"";"";"";"";"";"";"";"";"";"";"";"";"";"";"";"";"";"";"";""
03.12.2022 02:45:03;1670031903000;880f01e687e2572cea04e80fc6a68085;368753;OK;1798;0;0;0;0;-0,03;2,39;0;0;668;809;"";144,694;21,7;460,938;63,83;20,879;0,82;1,558;0,22;13,002;1,65;7,001;10,98;8,642;11,0;9,904;11,0;1120,918;119,02;351,35;44,18;43,037;14,23;2,481;10,16;1,809;10,0;0,001;10,0;2,367;21,214;0,54;32,553;3,34;6,063;0,54;4,273;1,28;957,224;1,0;"";"";18,806;2,55;100,16;12,46;"";"";13,0;20,0;13,0;"";"";"";"";"";"";"";"";"";"";"";"";"";"";"";"";"";"";"";"";"";"";"";"";"";"";"";"";"";"";"";"";"";"";"";"";"";"";"";"";"";"";"";"";"";"";"";"";"";"";"";"";"";"";"";"";"";"";"";"";"";"";"";"";""
03.12.2022 02:47:03;1670032023000;880f01e687e2572cea04e80fc6a68085;368873;OK;1799;0;0;0;0;-0,0;-2,59;0;0;691;813;"";149,72;22,46;458,74;63,76;20,881;0,82;1,558;0,22;13,104;1,66;6,457;10,96;8,255;11,0;9,668;11,0;1076,196;114,69;333,32;42,44;37,706;13,69;2,246;10,21;2,12;10,18;0,666;10,0;2,491;21,213;0,54;32,765;3,34;6,102;0,54;4,365;1,27;957,2639;1,0;"";"";18,778;2,56;100,147;12,46;"";"";13,0;20,0;13,0;"";"";"";"";"";"";"";"";"";"";"";"";"";"";"";"";"";"";"";"";"";"";"";"";"";"";"";"";"";"";"";"";"";"";"";"";"";"";"";"";"";"";"";"";"";"";"";"";"";"";"";"";"";"";"";"";"";"";"";"";"";"";"";"";""
03.12.2022 02:49:04;1670032144000;880f01e687e2572cea04e80fc6a68085;368993;OK;1793;0;0;0;0;0,09;-1,8;0;0;714;811;"";147,096;22,06;461,495;63,84;20,881;0,82;1,558;0,22;13,099;1,66;5,934;10,76;7,647;11,0;9,148;11,0;1041,998;111,4;322,879;41,47;38,452;13,81;2,785;10,31;2,138;10,27;0,904;10,0;2,529;21,206;0,54;32,633;3,34;6,075;0,54;4,302;1,28;957,269;1,0;"";"";18,843;2,55;100,373;12,47;"";"";13,0;20,0;13,0;"";"";"";"";"";"";"";"";"";"";"";"";"";"";"";"";"";"";"";"";"";"";"";"";"";"";"";"";"";"";"";"";"";"";"";"";"";"";"";"";"";"";"";"";"";"";"";"";"";"";"";"";"";"";"";"";"";"";"";"";"";"";"";"";""
03.12.2022 02:51:04;1670032264000;880f01e687e2572cea04e80fc6a68085;369114;OK;1779;0;0;0;0;-0,04;1,17;0;0;691;811;"";143,635;21,55;460,527;63,82;20,882;0,82;1,556;0,22;13,039;1,65;6,458;10,89;8,08;11,0;10,056;11,0;1069,589;114,09;334,968;42,6;34,599;13,44;3,332;10,31;3,254;10,31;0,92;10,0;2,83;21,199;0,54;32,653;3,34;6,076;0,54;4,304;1,28;957,249;1,0;"";"";18,684;2,56;99,52201;12,42;"";"";13,0;20,0;13,0;"";"";"";"";"";"";"";"";"";"";"";"";"";"";"";"";"";"";"";"";"";"";"";"";"";"";"";"";"";"";"";"";"";"";"";"";"";"";"";"";"";"";"";"";"";"";"";"";"";"";"";"";"";"";"";"";"";"";"";"";"";"";"";"";""
03.12.2022 02:53:04;1670032384000;880f01e687e2572cea04e80fc6a68085;369234;OK;1790;0;0;0;0;-0,05;4,75;0;0;661;813;"";146,474;21,97;460,335;63,81;20,881;0,82;1,556;0,22;13,11;1,66;7,151;10,99;9,403;11,0;10,569;11,0;1110,343;117,96;348,368;43,98;42,843;14,25;2,264;10,12;1,397;10,05;0,8820001;10,0;2,309;21,195;0,54;32,716;3,34;6,086;0,54;4,328;1,27;957,249;1,0;"";"";18,694;2,56;99,566;12,43;"";"";13,0;20,0;13,0;"";"";"";"";"";"";"";"";"";"";"";"";"";"";"";"";"";"";"";"";"";"";"";"";"";"";"";"";"";"";"";"";"";"";"";"";"";"";"";"";"";"";"";"";"";"";"";"";"";"";"";"";"";"";"";"";"";"";"";"";"";"";"";"";""
03.12.2022 02:55:04;1670032504000;880f01e687e2572cea04e80fc6a68085;369354;OK;1802;0;0;0;0;0,01;-8,92;0;0;703;811;"";145,262;21,79;457,528;63,73;20,881;0,82;1,554;0,22;13,086;1,65;6,195;10,95;7,743;11,0;8,948;11,0;1013,463;108,59;312,083;40,37;37,059;13,66;2,368;10,16;1,124;10,06;0,593;10,0;2,393;21,19;0,54;32,612;3,34;6,066;0,54;4,279;1,28;957,2579;1,0;"";"";18,637;2,56;99,658;12,43;"";"";13,0;20,0;13,0;"";"";"";"";"";"";"";"";"";"";"";"";"";"";"";"";"";"";"";"";"";"";"";"";"";"";"";"";"";"";"";"";"";"";"";"";"";"";"";"";"";"";"";"";"";"";"";"";"";"";"";"";"";"";"";"";"";"";"";"";"";"";"";"";""
03.12.2022 02:57:05;1670032625000;880f01e687e2572cea04e80fc6a68085;369474;OK;1797;0;0;0;0;0,03;-8,84;0;0;648;812;"";147,131;22,07;458,004;63,74;20,883;0,82;1,555;0,22;13,122;1,66;7,475;10,99;9,622;11,0;10,062;11,0;1136,279;120,56;353,445;44,44;43,196;14,24;0,999;10,05;0,479;10,01;0,144;10,0;1,695;21,188;0,54;32,681;3,34;6,077;0,54;4,306;1,28;957,279;1,0;"";"";18,566;2,57;99,656;12,43;"";"";13,0;20,0;13,0;"";"";"";"";"";"";"";"";"";"";"";"";"";"";"";"";"";"";"";"";"";"";"";"";"";"";"";"";"";"";"";"";"";"";"";"";"";"";"";"";"";"";"";"";"";"";"";"";"";"";"";"";"";"";"";"";"";"";"";"";"";"";"";"";""
03.12.2022 02:59:06;1670032746000;880f01e687e2572cea04e80fc6a68085;369596;OK;1790;0;0;0;0;0,01;-9,19;0;0;707;813;"";147,532;22,13;456,529;63,7;20,88;0,82;1,554;0,22;13,131;1,66;6,114;10,68;7,564;11,0;7,739;11,0;1015,597;108,79;319,2;41,05;35,548;13,52;0,501;10,03;0,219;10,0;0,014;10,0;1,465;21,183;0,54;32,688;3,34;6,077;0,54;4,305;1,28;957,2989;1,0;"";"";18,639;2,56;99,665;12,43;"";"";13,0;20,0;13,0;"";"";"";"";"";"";"";"";"";"";"";"";"";"";"";"";"";"";"";"";"";"";"";"";"";"";"";"";"";"";"";"";"";"";"";"";"";"";"";"";"";"";"";"";"";"";"";"";"";"";"";"";"";"";"";"";"";"";"";"";"";"";"";"";""
03.12.2022 03:01:07;1670032867000;880f01e687e2572cea04e80fc6a68085;369717;OK;1796;0;0;0;0;0,04;-4,31;0;0;675;813;"";147,598;22,14;455,761;63,67;20,879;0,82;1,553;0,22;13,196;1,66;6,827;10,97;8,063;11,0;8,459;11,0;1068,0;113,89;336,518;42,7;31,922;13,08;0,805;10,0;0,776;10,0;0,001;10,0;1,613;21,181;0,54;32,714;3,34;6,081;0,54;4,315;1,27;957,288;1,0;"";"";18,666;2,56;99,598;12,43;"";"";13,0;20,0;13,0;"";"";"";"";"";"";"";"";"";"";"";"";"";"";"";"";"";"";"";"";"";"";"";"";"";"";"";"";"";"";"";"";"";"";"";"";"";"";"";"";"";"";"";"";"";"";"";"";"";"";"";"";"";"";"";"";"";"";"";"";"";"";"";"";""
03.12.2022 03:03:06;1670032986000;880f01e687e2572cea04e80fc6a68085;369837;OK;1788;0;0;0;0;0,03;1,86;0;0;736;815;"";149,666;22,45;458,455;63,75;20,88;0,82;1,553;0,22;13,185;1,66;5,478;10,53;6,568;10,82;7,342;10,97;916,315;99,08;288,643;38,09;27,034;12,58;1,489;10,0;1,268;10,0;0,0;10,0;2,18;21,177;0,54;32,768;3,34;6,09;0,54;4,335;1,27;957,259;1,0;"";"";18,727;2,56;99,491;12,42;"";"";13,0;20,0;13,0;"";"";"";"";"";"";"";"";"";"";"";"";"";"";"";"";"";"";"";"";"";"";"";"";"";"";"";"";"";"";"";"";"";"";"";"";"";"";"";"";"";"";"";"";"";"";"";"";"";"";"";"";"";"";"";"";"";"";"";"";"";"";"";"";""
03.12.2022 03:05:08;1670033108000;880f01e687e2572cea04e80fc6a68085;369957;OK;1804;0;0;0;0;0,04;7,04;0;0;675;815;"";150,35;22,55;459,056;63,77;20,877;0,82;1,552;0,22;13,228;1,66;6,85;10,87;8,746;10,98;9,182;11,0;1071,575;114,24;339,053;42,98;39,974;13,92;1,976;10,16;0,131;10,0;0,0;10,0;1,733;21,174;0,54;32,794;3,34;6,093;0,54;4,343;1,27;957,236;1,0;"";"";18,843;2,55;99,311;12,41;"";"";13,0;20,0;13,0;"";"";"";"";"";"";"";"";"";"";"";"";"";"";"";"";"";"";"";"";"";"";"";"";"";"";"";"";"";"";"";"";"";"";"";"";"";"";"";"";"";"";"";"";"";"";"";"";"";"";"";"";"";"";"";"";"";"";"";"";"";"";"";"";""
03.12.2022 03:07:07;1670033227000;880f01e687e2572cea04e80fc6a68085;370077;OK;1783;0;0;0;0;-0,04;-0,69;0;0;705;813;"";145,483;21,82;456,735;63,7;20,877;0,82;1,551;0,22;13,212;1,66;6,152;10,75;7,637;10,96;8,273;11,0;1016,391;108,85;317,198;40,86;34,581;13,45;0,823;10,02;0,632;10,0;0,0;10,0;1,937;21,165;0,54;32,655;3,34;6,064;0,54;4,275;1,28;957,185;1,0;"";"";18,846;2,55;98,866;12,39;"";"";13,0;20,0;13,0;"";"";"";"";"";"";"";"";"";"";"";"";"";"";"";"";"";"";"";"";"";"";"";"";"";"";"";"";"";"";"";"";"";"";"";"";"";"";"";"";"";"";"";"";"";"";"";"";"";"";"";"";"";"";"";"";"";"";"";"";"";"";"";"";""
03.12.2022 03:09:08;1670033348000;880f01e687e2572cea04e80fc6a68085;370197;OK;1797;0;0;0;0;-0,07;0,25;0;0;677;814;"";146,671;22,0;460,062;63,8;20,88;0,82;1,551;0,22;13,044;1,65;6,8;10,92;7,839;11,0;8,154;11,0;1056,678;112,73;332,444;42,33;30,997;13,08;0,38;10,0;0,36;10,0;0,0;10,0;1,537;21,16;0,54;32,706;3,34;6,072;0,54;4,293;1,27;957,131;1,0;"";"";18,73;2,56;98,645;12,38;"";"";13,0;20,0;13,0;"";"";"";"";"";"";"";"";"";"";"";"";"";"";"";"";"";"";"";"";"";"";"";"";"";"";"";"";"";"";"";"";"";"";"";"";"";"";"";"";"";"";"";"";"";"";"";"";"";"";"";"";"";"";"";"";"";"";"";"";"";"";"";"";""
03.12.2022 03:11:08;1670033468000;880f01e687e2572cea04e80fc6a68085;370317;OK;1786;0;0;0;0;-0,07;-0,13;0;0;695;813;"";144,982;21,75;456,977;63,71;20,879;0,82;1,549;0,22;13,003;1,65;6,376;10,94;7,894;11,0;8,914;11,0;1010,888;108,37;314,046;40,55;34,818;13,45;1,755;10,08;0,947;10,08;0,438;10,0;2,174;21,157;0,54;32,641;3,34;6,059;0,54;4,262;1,28;957,131;1,0;"";"";18,651;2,56;98,351;12,36;"";"";13,0;20,0;13,0;"";"";"";"";"";"";"";"";"";"";"";"";"";"";"";"";"";"";"";"";"";"";"";"";"";"";"";"";"";"";"";"";"";"";"";"";"";"";"";"";"";"";"";"";"";"";"";"";"";"";"";"";"";"";"";"";"";"";"";"";"";"";"";"";""
03.12.2022 03:13:08;1670033588000;880f01e687e2572cea04e80fc6a68085;370438;OK;1807;0;0;0;0;-0,14;-4,13;0;0;729;811;"";140,079;21,01;455,372;63,66;20,879;0,82;1,549;0,22;12,796;1,64;5,624;10,52;7,181;11,0;9,0;11,0;977,685;105,11;307,574;39,94;40,15;13,94;2,902;10,18;2,819;10,18;0,045;10,0;3,014;21,152;0,54;32,497;3,34;6,031;0,54;4,194;1,28;957,165;1,0;"";"";18,305;2,58;96,99;12,29;"";"";13,0;20,0;13,0;"";"";"";"";"";"";"";"";"";"";"";"";"";"";"";"";"";"";"";"";"";"";"";"";"";"";"";"";"";"";"";"";"";"";"";"";"";"";"";"";"";"";"";"";"";"";"";"";"";"";"";"";"";"";"";"";"";"";"";"";"";"";"";"";""
03.12.2022 03:15:08;1670033708000;880f01e687e2572cea04e80fc6a68085;370558;OK;1790;0;0;0;0;-0,07;-6,35;0;0;713;815;"";144,284;21,64;457,89;63,74;20,878;0,82;1,548;0,22;12,88;1,64;5,987;10,66;7,503;11,0;8,308;11,0;1068,466;113,99;329,677;42,08;36,83;13,64;1,225;10,02;0,642;10,02;0,005;10,0;2,111;21,149;0,54;32,688;3,34;6,065;0,54;4,275;1,27;957,1959;1,0;"";"";18,224;2,58;96,86;12,29;"";"";13,0;20,0;13,0;"";"";"";"";"";"";"";"";"";"";"";"";"";"";"";"";"";"";"";"";"";"";"";"";"";"";"";"";"";"";"";"";"";"";"";"";"";"";"";"";"";"";"";"";"";"";"";"";"";"";"";"";"";"";"";"";"";"";"";"";"";"";"";"";""
03.12.2022 03:17:08;1670033828000;880f01e687e2572cea04e80fc6a68085;370678;OK;1785;0;0;0;0;0,02;8,01;0;0;730;812;"";143,583;21,54;459,566;63,79;20,877;0,82;1,548;0,22;12,917;1,65;5,604;10,55;6,97;10,96;9,566;10,96;979,787;105,35;303,406;39,52;41,711;14,17;4,022;10,32;3,962;10,32;1,365;10,0;3,428;21,143;0,54;32,553;3,34;6,038;0,54;4,211;1,28;957,241;1,0;"";"";18,29;2,58;97,206;12,31;"";"";13,0;20,0;13,0;"";"";"";"";"";"";"";"";"";"";"";"";"";"";"";"";"";"";"";"";"";"";"";"";"";"";"";"";"";"";"";"";"";"";"";"";"";"";"";"";"";"";"";"";"";"";"";"";"";"";"";"";"";"";"";"";"";"";"";"";"";"";"";"";""
03.12.2022 03:19:09;1670033949000;880f01e687e2572cea04e80fc6a68085;370798;OK;1791;0;0;0;0;0,12;7,05;0;0;726;816;"";147,494;22,12;457,506;63,73;20,882;0,82;1,547;0,22;12,957;1,65;5,673;10,54;7,609;10,93;8,757;11,0;990,919;106,43;308,471;40,0;38,235;13,83;2,184;10,1;1,152;10,03;0,884;10,0;2,472;21,138;0,54;32,752;3,34;6,073;0,54;4,294;1,27;957,283;1,0;"";"";18,261;2,58;96,977;12,29;"";"";13,0;20,0;13,0;"";"";"";"";"";"";"";"";"";"";"";"";"";"";"";"";"";"";"";"";"";"";"";"";"";"";"";"";"";"";"";"";"";"";"";"";"";"";"";"";"";"";"";"";"";"";"";"";"";"";"";"";"";"";"";"";"";"";"";"";"";"";"";"";""
03.12.2022 03:21:09;1670034069000;880f01e687e2572cea04e80fc6a68085;370919;OK;1789;0;0;0;0;0,13;2,53;0;0;746;819;"";150,221;22,53;460,168;63,81;20,88;0,82;1,546;0,22;13,219;1,66;5,243;10,38;6,484;10,81;7,786;11,0;936,182;101,1;290,886;38,28;28,134;12,77;2,329;10,2;2,223;10,2;0,09099999;10,0;2,645;21,132;0,54;32,871;3,34;6,093;0,54;4,34;1,27;957,3;1,0;"";"";18,628;2,56;98,39;12,37;"";"";13,0;20,0;13,0;"";"";"";"";"";"";"";"";"";"";"";"";"";"";"";"";"";"";"";"";"";"";"";"";"";"";"";"";"";"";"";"";"";"";"";"";"";"";"";"";"";"";"";"";"";"";"";"";"";"";"";"";"";"";"";"";"";"";"";"";"";"";"";"";""
03.12.2022 03:23:12;1670034192000;880f01e687e2572cea04e80fc6a68085;371041;OK;1813;0;0;0;0;0,08;-3,16;0;0;696;816;"";144,482;21,67;457,572;63,73;20,881;0,82;1,546;0,22;13,115;1,66;6,364;10,76;8,439;10,97;8,756;11,0;1048,064;111,99;330,743;42,19;38,88;13,79;1,758;10,24;0,416;10,04;0,009;10,0;1,68;21,13;0,54;32,743;3,34;6,069;0,54;4,283;1,27;957,306;1,0;"";"";18,579;2,57;98,204;12,36;"";"";13,0;20,0;13,0;"";"";"";"";"";"";"";"";"";"";"";"";"";"";"";"";"";"";"";"";"";"";"";"";"";"";"";"";"";"";"";"";"";"";"";"";"";"";"";"";"";"";"";"";"";"";"";"";"";"";"";"";"";"";"";"";"";"";"";"";"";"";"";"";""
03.12.2022 03:25:12;1670034312000;880f01e687e2572cea04e80fc6a68085;371162;OK;1786;0;0;0;0;0,0;1,64;0;0;711;818;"";145,623;21,84;458,242;63,75;20,879;0,82;1,545;0,22;13,141;1,66;6,021;10,67;7,724;11,0;8,78;11,0;1044,452;111,57;327,923;41,89;38,961;13,89;2,091;10,1;1,953;10,08;0,001;10,0;2,359;21,122;0,54;32,823;3,34;6,081;0,54;4,311;1,27;957,288;1,0;"";"";18,631;2,56;98,359;12,37;"";"";13,0;20,0;13,0;"";"";"";"";"";"";"";"";"";"";"";"";"";"";"";"";"";"";"";"";"";"";"";"";"";"";"";"";"";"";"";"";"";"";"";"";"";"";"";"";"";"";"";"";"";"";"";"";"";"";"";"";"";"";"";"";"";"";"";"";"";"";"";"";""
03.12.2022 03:27:11;1670034431000;880f01e687e2572cea04e80fc6a68085;371281;OK;1810;0;0;0;0;-0,12;-0,53;0;0;710;815;"";143,101;21,47;458,508;63,76;20,876;0,82;1,544;0,22;13,021;1,65;6,026;10,83;7,611;10,99;7,903;11,0;977,505;105,1;308,123;39,93;28,451;12,79;0,926;10,04;0,374;10,01;0,0;10,0;1,613;21,118;0,54;32,629;3,34;6,043;0,54;4,223;1,28;957,281;1,0;"";"";18,474;2,57;97,84201;12,34;"";"";13,0;20,0;13,0;"";"";"";"";"";"";"";"";"";"";"";"";"";"";"";"";"";"";"";"";"";"";"";"";"";"";"";"";"";"";"";"";"";"";"";"";"";"";"";"";"";"";"";"";"";"";"";"";"";"";"";"";"";"";"";"";"";"";"";"";"";"";"";"";""
03.12.2022 03:29:11;1670034551000;880f01e687e2572cea04e80fc6a68085;371401;OK;1794;0;0;0;0;-0,0;-7,05;0;0;724;817;"";147,234;22,09;454,372;63,63;20,88;0,82;1,544;0,22;13,054;1,65;5,72;10,66;7,192;11,0;8,436;11,0;931,251;100,63;286,213;37,9;27,619;12,65;2,237;10,06;1,652;10,0;0,519;10,0;2,546;21,114;0,54;32,745;3,34;6,063;0,54;4,269;1,27;957,267;1,0;"";"";18,501;2,57;97,725;12,33;"";"";13,0;20,0;13,0;"";"";"";"";"";"";"";"";"";"";"";"";"";"";"";"";"";"";"";"";"";"";"";"";"";"";"";"";"";"";"";"";"";"";"";"";"";"";"";"";"";"";"";"";"";"";"";"";"";"";"";"";"";"";"";"";"";"";"";"";"";"";"";"";""
03.12.2022 03:31:12;1670034672000;880f01e687e2572cea04e80fc6a68085;371522;OK;1816;0;0;0;0;-0,0;-11,25;0;0;708;819;"";145,514;21,83;457,154;63,71;20,879;0,82;1,543;0,22;13,104;1,66;6,071;10,88;8,575;10,99;8,989;11,0;1028,826;110,11;324,417;41,57;38,626;13,81;2,789;10,17;0,204;10,0;0,054;10,0;1,795;21,107;0,54;32,813;3,34;6,074;0,54;4,294;1,27;957,269;1,0;"";"";18,556;2,57;97,75001;12,33;"";"";13,0;20,0;13,0;"";"";"";"";"";"";"";"";"";"";"";"";"";"";"";"";"";"";"";"";"";"";"";"";"";"";"";"";"";"";"";"";"";"";"";"";"";"";"";"";"";"";"";"";"";"";"";"";"";"";"";"";"";"";"";"";"";"";"";"";"";"";"";"";""
03.12.2022 03:33:13;1670034793000;880f01e687e2572cea04e80fc6a68085;371642;OK;1797;0;0;0;0;0,06;1,82;0;0;691;817;"";146,057;21,91;458,442;63,75;20,874;0,82;1,543;0,22;13,015;1,65;6,468;10,94;8,219;11,0;9,116;11,0;1035,221;110,68;321,698;41,24;36,835;13,62;1,462;10,05;1,074;10,03;0,006;10,0;2,119;21,104;0,54;32,738;3,34;6,059;0,54;4,258;1,27;957,292;1,0;"";"";18,552;2,57;97,767;12,34;"";"";13,0;20,0;13,0;"";"";"";"";"";"";"";"";"";"";"";"";"";"";"";"";"";"";"";"";"";"";"";"";"";"";"";"";"";"";"";"";"";"";"";"";"";"";"";"";"";"";"";"";"";"";"";"";"";"";"";"";"";"";"";"";"";"";"";"";"";"";"";"";""
03.12.2022 03:35:12;1670034912000;880f01e687e2572cea04e80fc6a68085;371761;OK;1790;0;0;0;0;-0,07;10,89;0;0;689;817;"";141,896;21,28;458,374;63,75;20,877;0,82;1,542;0,22;12,983;1,65;6,51;10,97;8,558;11,0;8,905;11,0;1094,28;116,46;337,215;42,86;42,534;14,17;1,869;10,22;0,405;10,0;0,001;10,0;1,658;21,101;0,54;32,695;3,34;6,05;0,54;4,237;1,27;957,282;1,0;"";"";18,49;2,57;97,122;12,3;"";"";13,0;20,0;13,0;"";"";"";"";"";"";"";"";"";"";"";"";"";"";"";"";"";"";"";"";"";"";"";"";"";"";"";"";"";"";"";"";"";"";"";"";"";"";"";"";"";"";"";"";"";"";"";"";"";"";"";"";"";"";"";"";"";"";"";"";"";"";"";"";""
03.12.2022 03:37:13;1670035033000;880f01e687e2572cea04e80fc6a68085;371882;OK;1800;0;0;0;0;-0,03;-1,99;0;0;655;818;"";144,153;21,62;455,879;63,68;20,875;0,82;1,541;0,22;12,997;1,65;7,335;10,96;9,104;11,0;9,723;11,0;1153,584;122,19;359,903;45,01;40,437;13,92;0,8190001;10,04;0,636;10,01;0,29;10,0;1,828;21,098;0,54;32,772;3,34;6,062;0,54;4,267;1,27;957,261;1,0;"";"";18,498;2,57;97,065;12,3;"";"";13,0;20,0;13,0;"";"";"";"";"";"";"";"";"";"";"";"";"";"";"";"";"";"";"";"";"";"";"";"";"";"";"";"";"";"";"";"";"";"";"";"";"";"";"";"";"";"";"";"";"";"";"";"";"";"";"";"";"";"";"";"";"";"";"";"";"";"";"";"";""
03.12.2022 03:39:13;1670035153000;880f01e687e2572cea04e80fc6a68085;372003;OK;1790;0;0;0;0;-0,07;-3,57;0;0;667;815;"";140,866;21,13;457,601;63,73;20,88;0,82;1,54;0,22;12,833;1,64;7,012;11,0;8,55;11,0;9,409;11,0;1047,276;111,89;327,528;41,86;37,504;13,69;1,564;10,07;0,196;10,0;0,03;10,0;2,038;21,093;0,54;32,58;3,34;6,025;0,54;4,179;1,28;957,28;1,0;"";"";18,188;2,59;96,432;12,27;"";"";13,0;20,0;13,0;"";"";"";"";"";"";"";"";"";"";"";"";"";"";"";"";"";"";"";"";"";"";"";"";"";"";"";"";"";"";"";"";"";"";"";"";"";"";"";"";"";"";"";"";"";"";"";"";"";"";"";"";"";"";"";"";"";"";"";"";"";"";"";"";""
03.12.2022 03:41:11;1670035271000;880f01e687e2572cea04e80fc6a68085;372121;OK;1800;0;0;0;0;-0,02;-1,26;0;0;710;817;"";143,665;21,55;457,621;63,73;20,877;0,82;1,541;0,22;12,9;1,64;6,041;10,85;7,117;10,97;8,365;10,97;950,103;102,47;297,525;38,97;31,612;13,15;2,962;10,28;2,668;10,27;0,003;10,0;2,423;21,09;0,54;32,695;3,34;6,046;0,54;4,227;1,27;957,3159;1,0;"";"";18,252;2,58;96,25;12,26;"";"";13,0;20,0;13,0;"";"";"";"";"";"";"";"";"";"";"";"";"";"";"";"";"";"";"";"";"";"";"";"";"";"";"";"";"";"";"";"";"";"";"";"";"";"";"";"";"";"";"";"";"";"";"";"";"";"";"";"";"";"";"";"";"";"";"";"";"";"";"";"";""
03.12.2022 03:43:13;1670035393000;880f01e687e2572cea04e80fc6a68085;372242;OK;1799;0;0;0;0;0,02;3,65;0;0;730;818;"";143,865;21,58;456,597;63,7;20,875;0,82;1,54;0,22;12,869;1,64;5,596;10,5;6,878;11,0;8,099;11,0;967,7719;104,13;304,324;39,66;31,797;13,13;3,085;10,31;1,667;10,08;0,115;10,0;2,494;21,087;0,54;32,733;3,34;6,051;0,54;4,241;1,27;957,3179;1,0;"";"";18,194;2,59;95,94001;12,24;"";"";13,0;20,0;13,0;"";"";"";"";"";"";"";"";"";"";"";"";"";"";"";"";"";"";"";"";"";"";"";"";"";"";"";"";"";"";"";"";"";"";"";"";"";"";"";"";"";"";"";"";"";"";"";"";"";"";"";"";"";"";"";"";"";"";"";"";"";"";"";"";""
03.12.2022 03:45:13;1670035513000;880f01e687e2572cea04e80fc6a68085;372362;OK;1788;0;0;0;0;0,09;-3,95;0;0;693;818;"";145,183;21,78;455,874;63,68;20,877;0,82;1,539;0,22;12,931;1,65;6,428;10,83;7,573;10,98;8,763;11,0;1082,975;115,4;342,705;43,31;35,422;13,52;3,11;10,27;0,545;10,01;0,012;10,0;2,383;21,08;0,54;32,732;3,34;6,049;0,54;4,234;1,27;957,28;1,0;"";"";18,329;2,58;95,647;12,23;"";"";13,0;20,0;13,0;"";"";"";"";"";"";"";"";"";"";"";"";"";"";"";"";"";"";"";"";"";"";"";"";"";"";"";"";"";"";"";"";"";"";"";"";"";"";"";"";"";"";"";"";"";"";"";"";"";"";"";"";"";"";"";"";"";"";"";"";"";"";"";"";""
03.12.2022 03:47:14;1670035634000;880f01e687e2572cea04e80fc6a68085;372484;OK;1787;0;0;0;0;-0,05;-3,35;0;0;692;817;"";142,495;21,37;456,388;63,69;20,877;0,82;1,538;0,22;12,858;1,64;6,439;10,95;7,964;11,0;8,653;11,0;989,6049;106,32;312,515;40,46;35,835;13,52;1,421;10,03;1,079;10,0;0,001;10,0;1,956;21,077;0,54;32,63;3,34;6,029;0,54;4,187;1,28;957,247;1,0;"";"";18,291;2,58;95,135;12,2;"";"";13,0;20,0;13,0;"";"";"";"";"";"";"";"";"";"";"";"";"";"";"";"";"";"";"";"";"";"";"";"";"";"";"";"";"";"";"";"";"";"";"";"";"";"";"";"";"";"";"";"";"";"";"";"";"";"";"";"";"";"";"";"";"";"";"";"";"";"";"";"";""
03.12.2022 03:49:13;1670035753000;880f01e687e2572cea04e80fc6a68085;372603;OK;1795;0;0;0;0;-0,11;-3,03;0;0;736;815;"";139,981;21,0;456,306;63,69;20,875;0,82;1,537;0,22;12,75;1,64;5,471;10,48;7,356;11,0;8,329;11,0;947,9569;102,21;295,475;38,75;40,783;14,01;1,917;10,11;0,972;10,1;0,35;10,0;2,346;21,071;0,54;32,514;3,34;6,006;0,54;4,131;1,28;957,244;1,0;"";"";18,19;2,59;94,419;12,16;"";"";13,0;20,0;13,0;"";"";"";"";"";"";"";"";"";"";"";"";"";"";"";"";"";"";"";"";"";"";"";"";"";"";"";"";"";"";"";"";"";"";"";"";"";"";"";"";"";"";"";"";"";"";"";"";"";"";"";"";"";"";"";"";"";"";"";"";"";"";"";"";""
03.12.2022 03:51:14;1670035874000;880f01e687e2572cea04e80fc6a68085;372724;OK;1812;0;0;0;0;-0,08;-2,6;0;0;716;817;"";143,877;21,58;455,101;63,65;20,872;0,82;1,536;0,22;12,714;1,63;5,895;10,69;8,01;11,0;8,739;11,0;1019,833;109,21;319,577;41,13;36,694;13,6;2,972;10,29;0,834;10,05;0,036;10,0;2,09;21,067;0,54;32,601;3,34;6,02;0,54;4,166;1,28;957,263;1,0;"";"";18,037;2,59;94,183;12,15;"";"";13,0;20,0;13,0;"";"";"";"";"";"";"";"";"";"";"";"";"";"";"";"";"";"";"";"";"";"";"";"";"";"";"";"";"";"";"";"";"";"";"";"";"";"";"";"";"";"";"";"";"";"";"";"";"";"";"";"";"";"";"";"";"";"";"";"";"";"";"";"";""
03.12.2022 03:53:15;1670035995000;880f01e687e2572cea04e80fc6a68085;372844;OK;1794;0;0;0;0;0,11;-4,9;0;0;749;822;"";148,789;22,32;454,757;63,64;20,871;0,82;1,537;0,22;12,987;1,65;5,182;10,31;6,734;10,89;7,55;11,0;918,574;99,35;290,335;38,2;29,218;12,92;1,979;10,14;1,362;10,01;0,004;10,0;2,274;21,066;0,54;32,89;3,34;6,073;0,53;4,291;1,27;957,272;1,0;"";"";18,394;2,58;95,071;12,2;"";"";13,0;20,0;13,0;"";"";"";"";"";"";"";"";"";"";"";"";"";"";"";"";"";"";"";"";"";"";"";"";"";"";"";"";"";"";"";"";"";"";"";"";"";"";"";"";"";"";"";"";"";"";"";"";"";"";"";"";"";"";"";"";"";"";"";"";"";"";"";"";""
03.12.2022 03:55:15;1670036115000;880f01e687e2572cea04e80fc6a68085;372965;OK;1807;0;0;0;0;0,05;-3,27;0;0;743;818;"";142,809;21,42;455,061;63,65;20,872;0,82;1,536;0,22;12,89;1,64;5,316;10,36;6,389;10,88;8,659;10,99;993,998;106,74;306,865;39,82;25,412;12,45;3,766;10,4;3,148;10,37;0,738;10,0;3,31;21,058;0,54;32,654;3,34;6,027;0,54;4,181;1,28;957,252;1,0;"";"";18,244;2,58;95,155;12,2;"";"";13,0;20,0;13,0;"";"";"";"";"";"";"";"";"";"";"";"";"";"";"";"";"";"";"";"";"";"";"";"";"";"";"";"";"";"";"";"";"";"";"";"";"";"";"";"";"";"";"";"";"";"";"";"";"";"";"";"";"";"";"";"";"";"";"";"";"";"";"";"";""
03.12.2022 03:57:16;1670036236000;880f01e687e2572cea04e80fc6a68085;373086;OK;1795;0;0;0;0;-0,08;4,49;0;0;705;818;"";140,764;21,11;457,335;63,72;20,872;0,82;1,535;0,22;12,777;1,64;6,138;10,79;8,001;10,99;8,988;11,0;1006,635;107,93;320,44;41,2;42,95;14,24;1,847;10,07;1,161;10,07;0,076;10,0;2,219;21,053;0,54;32,627;3,34;6,02;0,54;4,165;1,28;957,228;1,0;"";"";18,184;2,59;94,80201;12,18;"";"";13,0;20,0;13,0;"";"";"";"";"";"";"";"";"";"";"";"";"";"";"";"";"";"";"";"";"";"";"";"";"";"";"";"";"";"";"";"";"";"";"";"";"";"";"";"";"";"";"";"";"";"";"";"";"";"";"";"";"";"";"";"";"";"";"";"";"";"";"";"";""
03.12.2022 03:59:15;1670036355000;880f01e687e2572cea04e80fc6a68085;373205;OK;1788;0;0;0;0;-0,09;5,35;0;0;732;819;"";143,524;21,53;455,541;63,67;20,875;0,82;1,535;0,22;12,851;1,64;5,545;10,64;7,635;11,0;8,587;11,0;989,059;106,22;308,18;40,04;42,546;14,16;3,331;10,37;1,763;10,16;0,476;10,0;2,277;21,05;0,54;32,714;3,34;6,035;0,54;4,2;1,27;957,22;1,0;"";"";18,318;2,58;95,052;12,2;"";"";13,0;20,0;13,0;"";"";"";"";"";"";"";"";"";"";"";"";"";"";"";"";"";"";"";"";"";"";"";"";"";"";"";"";"";"";"";"";"";"";"";"";"";"";"";"";"";"";"";"";"";"";"";"";"";"";"";"";"";"";"";"";"";"";"";"";"";"";"";"";""
03.12.2022 04:01:15;1670036475000;880f01e687e2572cea04e80fc6a68085;373325;OK;1785;0;0;0;0;0,06;-4,26;0;0;715;819;"";141,959;21,29;454,631;63,64;20,878;0,82;1,535;0,22;12,882;1,64;5,936;10,7;7,177;11,0;8,261;11,0;998,8379;107,16;313,693;40,52;27,143;12,64;2,053;10,13;1,631;10,11;0,049;10,0;2,382;21,047;0,54;32,709;3,34;6,033;0,54;4,195;1,27;957,226;1,0;"";"";18,325;2,58;95,144;12,2;"";"";13,0;20,0;13,0;"";"";"";"";"";"";"";"";"";"";"";"";"";"";"";"";"";"";"";"";"";"";"";"";"";"";"";"";"";"";"";"";"";"";"";"";"";"";"";"";"";"";"";"";"";"";"";"";"";"";"";"";"";"";"";"";"";"";"";"";"";"";"";"";""
03.12.2022 04:03:17;1670036597000;880f01e687e2572cea04e80fc6a68085;373447;OK;1785;0;0;0;0;-0,02;-5,64;0;0;683;818;"";140,867;21,13;455,179;63,66;20,879;0,82;1,533;0,21;12,789;1,64;6,661;10,86;7,927;11,0;8,709;11,0;1019,456;109,18;323,418;41,44;33,47;13,31;1,04;10,07;0,801;10,01;0,005;10,0;1,979;21,044;0,54;32,596;3,34;6,011;0,54;4,143;1,28;957,2169;1,0;"";"";18,301;2,58;94,736;12,18;"";"";13,0;20,0;13,0;"";"";"";"";"";"";"";"";"";"";"";"";"";"";"";"";"";"";"";"";"";"";"";"";"";"";"";"";"";"";"";"";"";"";"";"";"";"";"";"";"";"";"";"";"";"";"";"";"";"";"";"";"";"";"";"";"";"";"";"";"";"";"";"";""
03.12.2022 04:05:17;1670036717000;880f01e687e2572cea04e80fc6a68085;373567;OK;1794;0;0;0;0;-0,03;0,15;0;0;712;820;"";144,756;21,71;455,036;63,65;20,876;0,82;1,532;0,21;12,885;1,64;5,99;10,69;6,939;10,97;8,462;11,0;952,5579;102,72;299,35;39,09;31,5;13,11;2,214;10,14;1,917;10,11;0,001;10,0;2,671;21,041;0,54;32,724;3,34;6,034;0,53;4,196;1,27;957,182;1,0;"";"";18,304;2,58;94,529;12,17;"";"";13,0;20,0;13,0;"";"";"";"";"";"";"";"";"";"";"";"";"";"";"";"";"";"";"";"";"";"";"";"";"";"";"";"";"";"";"";"";"";"";"";"";"";"";"";"";"";"";"";"";"";"";"";"";"";"";"";"";"";"";"";"";"";"";"";"";"";"";"";"";""
03.12.2022 04:07:17;1670036837000;880f01e687e2572cea04e80fc6a68085;373687;OK;1788;0;0;0;0;-0,03;0,45;0;0;732;819;"";141,084;21,16;454,654;63,64;20,878;0,82;1,531;0,21;12,774;1,64;5,56;10,45;6,588;10,95;6,873;10,95;979,5219;105,32;305,472;39,75;28,097;12,66;0,378;10,01;0,348;10,01;0,0;10,0;1,513;21,039;0,54;32,621;3,34;6,014;0,54;4,149;1,28;957,158;1,0;"";"";18,197;2,58;93,807;12,13;"";"";13,0;20,0;13,0;"";"";"";"";"";"";"";"";"";"";"";"";"";"";"";"";"";"";"";"";"";"";"";"";"";"";"";"";"";"";"";"";"";"";"";"";"";"";"";"";"";"";"";"";"";"";"";"";"";"";"";"";"";"";"";"";"";"";"";"";"";"";"";"";""
03.12.2022 04:09:17;1670036957000;880f01e687e2572cea04e80fc6a68085;373807;OK;1794;0;0;0;0;0,09;-2,48;0;0;706;822;"";145,674;21,85;455,363;63,66;20,876;0,82;1,531;0,21;12,844;1,64;6,119;10,86;8,648;10,99;9,145;11,0;962,706;103,71;304,595;39,63;40,525;13,97;3,281;10,24;0,266;10,0;0,0;10,0;1,894;21,035;0,54;32,791;3,34;6,044;0,53;4,22;1,27;957,1859;1,0;"";"";18,324;2,58;94,045;12,14;"";"";13,0;20,0;13,0;"";"";"";"";"";"";"";"";"";"";"";"";"";"";"";"";"";"";"";"";"";"";"";"";"";"";"";"";"";"";"";"";"";"";"";"";"";"";"";"";"";"";"";"";"";"";"";"";"";"";"";"";"";"";"";"";"";"";"";"";"";"";"";"";""
03.12.2022 04:11:19;1670037079000;880f01e687e2572cea04e80fc6a68085;373929;OK;1783;0;0;0;0;0,09;0,01;0;0;713;823;"";147,563;22,13;455,614;63,67;20,877;0,82;1,531;0,21;12,921;1,65;5,954;10,86;6,99;11,0;7,679;11,0;926,376;100,13;290,981;38,23;34,261;13,39;1,485;10,02;1,185;10,0;0,0;10,0;1,968;21,032;0,54;32,85;3,34;6,054;0,53;4,244;1,27;957,2309;1,0;"";"";18,411;2,57;94,539;12,17;"";"";13,0;20,0;13,0;"";"";"";"";"";"";"";"";"";"";"";"";"";"";"";"";"";"";"";"";"";"";"";"";"";"";"";"";"";"";"";"";"";"";"";"";"";"";"";"";"";"";"";"";"";"";"";"";"";"";"";"";"";"";"";"";"";"";"";"";"";"";"";"";""
03.12.2022 04:13:19;1670037199000;880f01e687e2572cea04e80fc6a68085;374049;OK;1795;0;0;0;0;0,12;8,33;0;0;724;822;"";146,302;21,95;459,131;63,77;20,875;0,82;1,531;0,21;13,006;1,65;5,708;10,7;7,543;11,0;8,572;11,0;934,549;100,95;292,253;38,39;36,53;13,61;2,564;10,16;1,3;10,08;0,0;10,0;2,312;21,029;0,54;32,808;3,34;6,045;0,53;4,223;1,27;957,255;1,0;"";"";18,531;2,57;94,948;12,19;"";"";13,0;20,0;13,0;"";"";"";"";"";"";"";"";"";"";"";"";"";"";"";"";"";"";"";"";"";"";"";"";"";"";"";"";"";"";"";"";"";"";"";"";"";"";"";"";"";"";"";"";"";"";"";"";"";"";"";"";"";"";"";"";"";"";"";"";"";"";"";"";""
03.12.2022 04:15:19;1670037319000;880f01e687e2572cea04e80fc6a68085;374169;OK;1788;0;0;0;0;-0,07;4,22;0;0;721;820;"";142,086;21,31;455,998;63,68;20,875;0,82;1,53;0,21;12,868;1,64;5,8;10,71;6,8;10,94;7,295;10,94;938,042;101,24;294,423;38,58;27,704;12,72;1,09;10,02;0,491;10,01;0,0;10,0;1,749;21,026;0,54;32,676;3,34;6,02;0,53;4,162;1,28;957,268;1,0;"";"";18,378;2,58;94,581;12,17;"";"";13,0;20,0;13,0;"";"";"";"";"";"";"";"";"";"";"";"";"";"";"";"";"";"";"";"";"";"";"";"";"";"";"";"";"";"";"";"";"";"";"";"";"";"";"";"";"";"";"";"";"";"";"";"";"";"";"";"";"";"";"";"";"";"";"";"";"";"";"";"";""
03.12.2022 04:17:20;1670037440000;880f01e687e2572cea04e80fc6a68085;374290;OK;1801;0;0;0;0;-0,08;-2,31;0;0;705;821;"";141,759;21,26;456,052;63,68;20,876;0,82;1,529;0,21;12,822;1,64;6,139;10,81;7,761;10,99;8,868;10,99;994,599;106,77;312,731;40,42;36,76;13,63;3,194;10,19;1,232;10,07;0,0;10,0;2,343;21,02;0,54;32,731;3,34;6,028;0,53;4,181;1,27;957,25;1,0;"";"";18,344;2,58;94,293;12,16;"";"";13,0;20,0;13,0;"";"";"";"";"";"";"";"";"";"";"";"";"";"";"";"";"";"";"";"";"";"";"";"";"";"";"";"";"";"";"";"";"";"";"";"";"";"";"";"";"";"";"";"";"";"";"";"";"";"";"";"";"";"";"";"";"";"";"";"";"";"";"";"";""
03.12.2022 04:19:20;1670037560000;880f01e687e2572cea04e80fc6a68085;374410;OK;1786;0;0;0;0;-0,02;-8,38;0;0;710;822;"";143,922;21,59;455,092;63,65;20,878;0,82;1,529;0,21;12,807;1,64;6,027;10,78;7,152;11,0;8,44;11,0;987,282;106,01;305,839;39,8;33,772;13,39;1,611;10,05;1,387;10,03;0,704;10,0;2,481;21,016;0,54;32,777;3,34;6,035;0,53;4,198;1,27;957,216;1,0;"";"";18,309;2,58;94,012;12,14;"";"";13,0;20,0;13,0;"";"";"";"";"";"";"";"";"";"";"";"";"";"";"";"";"";"";"";"";"";"";"";"";"";"";"";"";"";"";"";"";"";"";"";"";"";"";"";"";"";"";"";"";"";"";"";"";"";"";"";"";"";"";"";"";"";"";"";"";"";"";"";"";""
03.12.2022 04:21:20;1670037680000;880f01e687e2572cea04e80fc6a68085;374529;OK;1804;0;0;0;0;0,08;-0,68;0;0;728;824;"";145,774;21,87;455,965;63,68;20,875;0,82;1,529;0,21;12,851;1,64;5,641;10,52;6,907;10,88;7,347;10,98;900,247;97,49;283,216;37,58;26,493;12,65;1,409;10,02;1,096;10,0;0,075;10,0;1,768;21,009;0,54;32,865;3,34;6,048;0,53;4,23;1,27;957,187;1,0;"";"";18,338;2,58;94,039;12,14;"";"";13,0;20,0;13,0;"";"";"";"";"";"";"";"";"";"";"";"";"";"";"";"";"";"";"";"";"";"";"";"";"";"";"";"";"";"";"";"";"";"";"";"";"";"";"";"";"";"";"";"";"";"";"";"";"";"";"";"";"";"";"";"";"";"";"";"";"";"";"";"";""
03.12.2022 04:23:21;1670037801000;880f01e687e2572cea04e80fc6a68085;374650;OK;1803;0;0;0;0;-0,03;-3,45;0;0;738;820;"";141,378;21,21;454,382;63,63;20,87;0,82;1,529;0,21;12,776;1,64;5,421;10,45;7,48;10,97;8,466;10,99;897,7249;97,3;289,572;38,17;34,895;13,4;1,605;10,12;1,205;10,04;0,008;10,0;2,317;21,005;0,54;32,627;3,34;6,003;0,53;4,122;1,28;957,1699;1,0;"";"";18,291;2,58;93,878;12,14;"";"";13,0;20,0;13,0;"";"";"";"";"";"";"";"";"";"";"";"";"";"";"";"";"";"";"";"";"";"";"";"";"";"";"";"";"";"";"";"";"";"";"";"";"";"";"";"";"";"";"";"";"";"";"";"";"";"";"";"";"";"";"";"";"";"";"";"";"";"";"";"";""
03.12.2022 04:25:21;1670037921000;880f01e687e2572cea04e80fc6a68085;374771;OK;1789;0;0;0;0;-0,16;-1,66;0;0;749;818;"";139,856;20,98;455,011;63,65;20,871;0,82;1,528;0,21;12,604;1,63;5,18;10,3;6,542;10,93;7,565;10,93;929,321;100,43;296,254;38,87;29,413;12,95;1,759;10,01;1,718;10,0;0,001;10,0;2,434;21,002;0,54;32,519;3,34;5,982;0,53;4,073;1,28;957,164;1,0;"";"";18,042;2,59;92,946;12,09;"";"";13,0;20,0;13,0;"";"";"";"";"";"";"";"";"";"";"";"";"";"";"";"";"";"";"";"";"";"";"";"";"";"";"";"";"";"";"";"";"";"";"";"";"";"";"";"";"";"";"";"";"";"";"";"";"";"";"";"";"";"";"";"";"";"";"";"";"";"";"";"";""
03.12.2022 04:27:22;1670038042000;880f01e687e2572cea04e80fc6a68085;374892;OK;1800;0;0;0;0;-0,17;-5,51;0;0;746;818;"";137,178;20,58;453,137;63,59;20,874;0,82;1,527;0,21;12,458;1,62;5,252;10,28;6,699;10,94;8,597;10,99;923,7849;99,77;284,996;37,67;28,49;12,8;3,018;10,25;2,47;10,17;0,634;10,0;3,124;20,999;0,54;32,498;3,34;5,978;0,53;4,061;1,28;957,168;1,0;"";"";17,966;2,6;92,627;12,07;"";"";13,0;20,0;13,0;"";"";"";"";"";"";"";"";"";"";"";"";"";"";"";"";"";"";"";"";"";"";"";"";"";"";"";"";"";"";"";"";"";"";"";"";"";"";"";"";"";"";"";"";"";"";"";"";"";"";"";"";"";"";"";"";"";"";"";"";"";"";"";"";""
03.12.2022 04:29:22;1670038162000;880f01e687e2572cea04e80fc6a68085;375012;OK;1795;0;0;0;0;-0,01;2,78;0;0;741;821;"";141,324;21,2;456,184;63,69;20,87;0,82;1,526;0,21;12,51;1,62;5,377;10,43;6,404;10,77;7,034;10,83;914,257;98,89;285,654;37,78;26,491;12,56;0,756;10,03;0,7;10,02;0,087;10,0;1,905;20,996;0,54;32,66;3,34;6,006;0,53;4,129;1,28;957,138;1,0;"";"";17,912;2,6;92,27401;12,05;"";"";13,0;20,0;13,0;"";"";"";"";"";"";"";"";"";"";"";"";"";"";"";"";"";"";"";"";"";"";"";"";"";"";"";"";"";"";"";"";"";"";"";"";"";"";"";"";"";"";"";"";"";"";"";"";"";"";"";"";"";"";"";"";"";"";"";"";"";"";"";"";""
03.12.2022 04:31:23;1670038283000;880f01e687e2572cea04e80fc6a68085;375133;OK;1807;0;0;0;0;0,04;3,3;0;0;719;820;"";140,765;21,11;455,307;63,66;20,873;0,82;1,526;0,21;12,518;1,62;5,842;10,62;6,862;10,94;7,914;10,97;936,195;101,02;288,496;37,97;31,101;13,07;1,155;10,08;1,149;10,08;0,391;10,0;2,264;20,992;0,54;32,613;3,34;5,996;0,53;4,105;1,28;957,066;1,0;"";"";17,9;2,6;92,07701;12,04;"";"";13,0;20,0;13,0;"";"";"";"";"";"";"";"";"";"";"";"";"";"";"";"";"";"";"";"";"";"";"";"";"";"";"";"";"";"";"";"";"";"";"";"";"";"";"";"";"";"";"";"";"";"";"";"";"";"";"";"";"";"";"";"";"";"";"";"";"";"";"";"";""
03.12.2022 04:33:23;1670038403000;880f01e687e2572cea04e80fc6a68085;375252;OK;1816;0;0;0;0;0,01;3,89;0;0;753;820;"";139,85;20,98;454,951;63,65;20,871;0,82;1,526;0,21;12,63;1,63;5,111;10,38;6,21;10,77;7,456;11,0;900,913;97,64;286,916;37,88;32,078;13,22;1,627;10,11;1,276;10,04;0,042;10,0;2,758;20,989;0,54;32,604;3,34;5,994;0,53;4,099;1,28;957,0029;1,0;"";"";17,971;2,6;91,98501;12,04;"";"";13,716;19,73;33,5;"";"";"";"";"";"";"";"";"";"";"";"";"";"";"";"";"";"";"";"";"";"";"";"";"";"";"";"";"";"";"";"";"";"";"";"";"";"";"";"";"";"";"";"";"";"";"";"";"";"";"";"";"";"";"";"";"";"";"";"";"";"";"";"";""
03.12.2022 04:35:23;1670038523000;880f01e687e2572cea04e80fc6a68085;375373;OK;1788;0;0;0;0;-0,0;-1,71;0;0;730;822;"";144,087;21,61;456,253;63,69;20,871;0,82;1,525;0,21;12,59;1,63;5,599;10,63;6,572;10,98;6,701;11,0;905,281;98,02;284,148;37,66;23,815;12,34;0,311;10,03;0,132;10,0;0,004;10,0;1,366;20,985;0,54;32,685;3,34;6,007;0,53;4,13;1,27;956,994;1,0;"";"";17,964;2,6;91,978;12,04;"";"";13,074;19,97;13,0;"";"";"";"";"";"";"";"";"";"";"";"";"";"";"";"";"";"";"";"";"";"";"";"";"";"";"";"";"";"";"";"";"";"";"";"";"";"";"";"";"";"";"";"";"";"";"";"";"";"";"";"";"";"";"";"";"";"";"";"";"";"";"";"";""
03.12.2022 04:37:26;1670038646000;880f01e687e2572cea04e80fc6a68085;375495;OK;1789;0;0;0;0;-0,06;-1,82;0;0;733;819;"";137,49;20,62;453,59;63,61;20,874;0,82;1,524;0,21;12,529;1,62;5,549;10,51;6,773;10,87;7,043;10,9;926,654;100,16;295,089;38,65;32,464;13,21;0,54;10,05;0,368;10,04;0,0;10,0;1,544;20,98;0,54;32,497;3,34;5,971;0,53;4,044;1,28;957,014;1,0;"";"";17,904;2,6;91,476;12,01;"";"";13,007;20,0;13,0;"";"";"";"";"";"";"";"";"";"";"";"";"";"";"";"";"";"";"";"";"";"";"";"";"";"";"";"";"";"";"";"";"";"";"";"";"";"";"";"";"";"";"";"";"";"";"";"";"";"";"";"";"";"";"";"";"";"";"";"";"";"";"";"";""
03.12.2022 04:39:25;1670038765000;880f01e687e2572cea04e80fc6a68085;375616;OK;1776;0;0;0;0;-0,09;-2,35;0;0;719;819;"";136,861;20,53;454,194;63,63;20,877;0,82;1,523;0,21;12,416;1,62;5,832;10,68;7,38;10,96;7,519;10,96;988,9979;106,15;308,953;40,05;30,419;12,97;0,542;10,04;0,147;10,0;0,0;10,0;1,438;20,975;0,54;32,487;3,35;5,967;0,53;4,035;1,28;957,058;1,0;"";"";17,839;2,6;90,97301;11,98;"";"";13,001;20,0;13,0;"";"";"";"";"";"";"";"";"";"";"";"";"";"";"";"";"";"";"";"";"";"";"";"";"";"";"";"";"";"";"";"";"";"";"";"";"";"";"";"";"";"";"";"";"";"";"";"";"";"";"";"";"";"";"";"";"";"";"";"";"";"";"";"";""
03.12.2022 04:41:26;1670038886000;880f01e687e2572cea04e80fc6a68085;375735;OK;1802;0;0;0;0;-0,02;0,0;0;0;732;822;"";140,834;21,13;455,587;63,67;20,876;0,82;1,522;0,21;12,474;1,62;5,556;10,52;6,513;10,93;7,283;11,0;920,265;99,48001;286,794;37,87;31,885;13,13;1,567;10,13;1,058;10,0;0,753;10,0;2,022;20,971;0,54;32,624;3,34;5,991;0,53;4,092;1,28;957,09;1,0;"";"";17,816;2,6;90,92299;11,98;"";"";13,0;20,0;13,0;"";"";"";"";"";"";"";"";"";"";"";"";"";"";"";"";"";"";"";"";"";"";"";"";"";"";"";"";"";"";"";"";"";"";"";"";"";"";"";"";"";"";"";"";"";"";"";"";"";"";"";"";"";"";"";"";"";"";"";"";"";"";"";"";""
03.12.2022 04:43:28;1670039008000;880f01e687e2572cea04e80fc6a68085;375858;OK;1780;0;0;0;0;0,09;4,39;0;0;739;821;"";135,905;20,39;455,654;63,67;20,876;0,82;1,522;0,21;12,553;1,63;5,389;10,41;6,376;10,9;7,195;10,96;904,697;98,04;283,257;37,52;28,181;12,83;1,465;10,03;1,371;10,0;0,075;10,0;2,145;20,968;0,54;32,589;3,34;5,983;0,53;4,073;1,28;957,111;1,0;"";"";17,942;2,6;91,231;12,0;"";"";13,0;20,0;13,0;"";"";"";"";"";"";"";"";"";"";"";"";"";"";"";"";"";"";"";"";"";"";"";"";"";"";"";"";"";"";"";"";"";"";"";"";"";"";"";"";"";"";"";"";"";"";"";"";"";"";"";"";"";"";"";"";"";"";"";"";"";"";"";"";""
03.12.2022 04:45:28;1670039128000;880f01e687e2572cea04e80fc6a68085;375978;OK;1794;0;0;0;0;0,0;2,07;0;0;733;820;"";137,358;20,6;454,97;63,65;20,874;0,82;1,522;0,21;12,467;1,62;5,527;10,49;6,697;10,91;8,294;10,93;904,887;97,96;287,967;37,97;36,439;13,61;2,387;10,17;2,18;10,16;0,63;10,0;2,731;20,967;0,54;32,543;3,34;5,975;0,53;4,052;1,28;957,1119;1,0;"";"";17,89;2,6;90,935;11,98;"";"";13,0;20,0;13,0;"";"";"";"";"";"";"";"";"";"";"";"";"";"";"";"";"";"";"";"";"";"";"";"";"";"";"";"";"";"";"";"";"";"";"";"";"";"";"";"";"";"";"";"";"";"";"";"";"";"";"";"";"";"";"";"";"";"";"";"";"";"";"";"";""
03.12.2022 04:47:29;1670039249000;880f01e687e2572cea04e80fc6a68085;376098;OK;1793;0;0;0;0;-0,03;-0,62;0;0;737;822;"";140,396;21,06;455,136;63,65;20,875;0,82;1,521;0,21;12,512;1,62;5,447;10,45;6,504;10,95;7,437;10,98;915,134;99,00001;287,911;37,99;27,42;12,69;1,746;10,07;1,241;10,02;0,065;10,0;2,249;20,963;0,54;32,618;3,34;5,987;0,53;4,082;1,28;957,0889;1,0;"";"";18,004;2,59;91,256;12,0;"";"";13,0;20,0;13,0;"";"";"";"";"";"";"";"";"";"";"";"";"";"";"";"";"";"";"";"";"";"";"";"";"";"";"";"";"";"";"";"";"";"";"";"";"";"";"";"";"";"";"";"";"";"";"";"";"";"";"";"";"";"";"";"";"";"";"";"";"";"";"";"";""
03.12.2022 04:49:29;1670039369000;880f01e687e2572cea04e80fc6a68085;376219;OK;1798;0;0;0;0;0,06;-7,62;0;0;751;823;"";140,213;21,03;451,481;63,54;20,871;0,82;1,521;0,21;12,487;1,62;5,138;10,19;6,346;10,95;7,405;11,0;869,145;94,49;271,699;36,44;34,684;13,37;1,631;10,15;0,902;10,0;0,007;10,0;2,476;20,958;0,54;32,691;3,34;5,999;0,53;4,11;1,27;957,058;1,0;"";"";18,073;2,59;91,336;12,0;"";"";13,0;20,0;13,0;"";"";"";"";"";"";"";"";"";"";"";"";"";"";"";"";"";"";"";"";"";"";"";"";"";"";"";"";"";"";"";"";"";"";"";"";"";"";"";"";"";"";"";"";"";"";"";"";"";"";"";"";"";"";"";"";"";"";"";"";"";"";"";"";""
03.12.2022 04:51:29;1670039489000;880f01e687e2572cea04e80fc6a68085;376339;OK;1785;0;0;0;0;0,07;-6,17;0;0;773;822;"";139,84;20,98;453,775;63,61;20,873;0,82;1,52;0,21;12,547;1,63;4,667;10,04;5,533;10,62;6,466;10,79;794,597;87,31;250,243;34,28;21,106;11,95;1,128;10,03;1,053;10,02;0,001;10,0;2,439;20,955;0,54;32,622;3,34;5,985;0,53;4,076;1,28;957,044;1,0;"";"";18,111;2,59;91,533;12,01;"";"";13,0;20,0;13,0;"";"";"";"";"";"";"";"";"";"";"";"";"";"";"";"";"";"";"";"";"";"";"";"";"";"";"";"";"";"";"";"";"";"";"";"";"";"";"";"";"";"";"";"";"";"";"";"";"";"";"";"";"";"";"";"";"";"";"";"";"";"";"";"";""
03.12.2022 04:53:30;1670039610000;880f01e687e2572cea04e80fc6a68085;376460;OK;1796;0;0;0;0;-0,03;-1,4;0;0;738;822;"";141,282;21,19;454,074;63,62;20,871;0,82;1,52;0,21;12,528;1,62;5,411;10,43;6,88;10,95;7,091;10,96;874,7199;95,08;277,37;36,93;31,905;13,03;1,02;10,0;0,109;10,0;0,0;10,0;1,564;20,949;0,54;32,604;3,34;5,98;0,53;4,064;1,28;957,065;1,0;"";"";18,083;2,59;91,27;12,0;"";"";13,0;20,0;13,0;"";"";"";"";"";"";"";"";"";"";"";"";"";"";"";"";"";"";"";"";"";"";"";"";"";"";"";"";"";"";"";"";"";"";"";"";"";"";"";"";"";"";"";"";"";"";"";"";"";"";"";"";"";"";"";"";"";"";"";"";"";"";"";"";""
03.12.2022 04:55:31;1670039731000;880f01e687e2572cea04e80fc6a68085;376581;OK;1784;0;0;0;0;-0,04;5,24;0;0;730;823;"";139,761;20,96;453,668;63,61;20,874;0,82;1,52;0,21;12,567;1,63;5,591;10,56;7,189;10,98;7,21;10,98;941,113;101,45;300,792;39,21;31,441;13,06;0,59;10,05;0,011;10,0;0,0;10,0;1,346;20,943;0,54;32,639;3,34;5,984;0,53;4,073;1,28;957,074;1,0;"";"";18,057;2,59;90,985;11,99;"";"";13,0;20,0;13,0;"";"";"";"";"";"";"";"";"";"";"";"";"";"";"";"";"";"";"";"";"";"";"";"";"";"";"";"";"";"";"";"";"";"";"";"";"";"";"";"";"";"";"";"";"";"";"";"";"";"";"";"";"";"";"";"";"";"";"";"";"";"";"";"";""
03.12.2022 04:57:30;1670039850000;880f01e687e2572cea04e80fc6a68085;376700;OK;1805;0;0;0;0;-0,06;-3,99;0;0;736;820;"";136,188;20,43;452,172;63,57;20,874;0,82;1,519;0,21;12,441;1,62;5,471;10,51;6,894;10,89;7,332;11,0;941,772;101,59;296,011;38,76;29,721;12,86;1,965;10,23;1,039;10,0;0,0;10,0;1,837;20,932;0,54;32,488;3,35;5,953;0,53;3,998;1,28;957,072;1,0;"";"";17,993;2,59;90,87501;11,98;"";"";13,0;20,0;13,0;"";"";"";"";"";"";"";"";"";"";"";"";"";"";"";"";"";"";"";"";"";"";"";"";"";"";"";"";"";"";"";"";"";"";"";"";"";"";"";"";"";"";"";"";"";"";"";"";"";"";"";"";"";"";"";"";"";"";"";"";"";"";"";"";""
03.12.2022 04:59:31;1670039971000;880f01e687e2572cea04e80fc6a68085;376820;OK;1798;0;0;0;0;-0,03;-5,16;0;0;731;822;"";134,985;20,25;452,054;63,56;20,874;0,82;1,518;0,21;12,478;1,62;5,56;10,55;7,094;10,98;7,425;10,99;933,814;100,84;297,248;38,85;30,92;13,03;1,04;10,1;0,348;10,0;0,0;10,0;1,634;20,925;0,54;32,551;3,34;5,962;0,53;4,02;1,28;957,066;1,0;"";"";18,003;2,59;90,78;11,98;"";"";13,0;20,0;13,0;"";"";"";"";"";"";"";"";"";"";"";"";"";"";"";"";"";"";"";"";"";"";"";"";"";"";"";"";"";"";"";"";"";"";"";"";"";"";"";"";"";"";"";"";"";"";"";"";"";"";"";"";"";"";"";"";"";"";"";"";"";"";"";"";""
03.12.2022 05:01:30;1670040090000;880f01e687e2572cea04e80fc6a68085;376941;OK;1779;0;0;0;0;-0,03;0,74;0;0;771;822;"";136,692;20,5;454,494;63,63;20,873;0,82;1,518;0,21;12,481;1,62;4,723;10,17;5,763;10,62;6,984;11,0;848,213;92,48;263,34;35,59;26,878;12,52;2,846;10,34;1,636;10,03;0,443;10,0;2,764;20,924;0,54;32,542;3,34;5,96;0,53;4,015;1,28;957,074;1,0;"";"";17,932;2,6;90,92;11,98;"";"";13,0;20,0;13,0;"";"";"";"";"";"";"";"";"";"";"";"";"";"";"";"";"";"";"";"";"";"";"";"";"";"";"";"";"";"";"";"";"";"";"";"";"";"";"";"";"";"";"";"";"";"";"";"";"";"";"";"";"";"";"";"";"";"";"";"";"";"";"";"";""
03.12.2022 05:03:33;1670040213000;880f01e687e2572cea04e80fc6a68085;377062;OK;1793;0;0;0;0;0,05;5,7;0;0;724;824;"";138,204;20,73;454,766;63,64;20,871;0,82;1,517;0,21;12,495;1,62;5,725;10,69;7,115;10,96;8,251;11,0;937,107;101,16;291,383;38,36;32,851;13,25;1,48;10,04;1,349;10,0;0,68;10,0;2,448;20,919;0,54;32,679;3,34;5,983;0,53;4,071;1,27;957,059;1,0;"";"";17,97;2,6;91,04;11,99;"";"";13,0;20,0;13,0;"";"";"";"";"";"";"";"";"";"";"";"";"";"";"";"";"";"";"";"";"";"";"";"";"";"";"";"";"";"";"";"";"";"";"";"";"";"";"";"";"";"";"";"";"";"";"";"";"";"";"";"";"";"";"";"";"";"";"";"";"";"";"";"";""
03.12.2022 05:05:33;1670040333000;880f01e687e2572cea04e80fc6a68085;377183;OK;1782;0;0;0;0;0,16;8,65;0;0;746;828;"";143,235;21,49;456,061;63,68;20,866;0,82;1,518;0,21;12,685;1,63;5,239;10,32;6,147;10,82;6,572;10,99;914,1479;98,9;292,557;38,45;26,209;12,62;0,715;10,0;0,139;10,0;0,07;10,0;1,758;20,917;0,54;32,907;3,34;6,024;0,53;4,168;1,26;957,024;1,0;"";"";18,285;2,58;91,784;12,03;"";"";13,0;20,0;13,0;"";"";"";"";"";"";"";"";"";"";"";"";"";"";"";"";"";"";"";"";"";"";"";"";"";"";"";"";"";"";"";"";"";"";"";"";"";"";"";"";"";"";"";"";"";"";"";"";"";"";"";"";"";"";"";"";"";"";"";"";"";"";"";"";""
03.12.2022 05:07:33;1670040453000;880f01e687e2572cea04e80fc6a68085;377303;OK;1793;0;0;0;0;0,15;-1,73;0;0;755;826;"";143,585;21,54;453,081;63,59;20,866;0,82;1,518;0,21;12,78;1,64;5,046;10,3;6,162;10,82;7,953;11,0;886,963;96,25;280,086;37,2;28,479;12,77;2,588;10,19;2,133;10,07;0,189;10,0;3,148;20,911;0,54;32,802;3,34;6,003;0,53;4,117;1,27;957,031;1,0;"";"";18,469;2,57;92,28701;12,05;"";"";13,0;20,0;13,0;"";"";"";"";"";"";"";"";"";"";"";"";"";"";"";"";"";"";"";"";"";"";"";"";"";"";"";"";"";"";"";"";"";"";"";"";"";"";"";"";"";"";"";"";"";"";"";"";"";"";"";"";"";"";"";"";"";"";"";"";"";"";"";"";""
03.12.2022 05:09:32;1670040572000;880f01e687e2572cea04e80fc6a68085;377422;OK;1798;0;0;0;0;-0,0;-10,77;0;0;759;826;"";139,215;20,88;451,213;63,54;20,864;0,82;1,517;0,21;12,725;1,64;4,974;10,22;6,48;10,87;7,278;10,95;905,284;98,07;285,053;37,72;31,794;13,14;1,432;10,05;0,636;10,01;0,394;10,0;2,212;20,909;0,54;32,752;3,34;5,993;0,53;4,093;1,27;957,0709;1,0;"";"";18,337;2,58;91,989;12,04;"";"";13,0;20,0;13,0;"";"";"";"";"";"";"";"";"";"";"";"";"";"";"";"";"";"";"";"";"";"";"";"";"";"";"";"";"";"";"";"";"";"";"";"";"";"";"";"";"";"";"";"";"";"";"";"";"";"";"";"";"";"";"";"";"";"";"";"";"";"";"";"";""
03.12.2022 05:11:34;1670040694000;880f01e687e2572cea04e80fc6a68085;377544;OK;1791;0;0;0;0;-0,11;-9,35;0;0;768;827;"";141,978;21,3;452,994;63,59;20,867;0,82;1,517;0,21;12,675;1,63;4,787;10,19;6,389;10,58;7,176;10,83;910,345;98,53;288,554;38,09;31,072;13,06;2,089;10,15;0,495;10,0;0,039;10,0;2,24;20,898;0,54;32,803;3,34;5,998;0,53;4,105;1,27;957,0889;1,0;"";"";18,243;2,58;91,739;12,03;"";"";13,0;20,0;13,0;"";"";"";"";"";"";"";"";"";"";"";"";"";"";"";"";"";"";"";"";"";"";"";"";"";"";"";"";"";"";"";"";"";"";"";"";"";"";"";"";"";"";"";"";"";"";"";"";"";"";"";"";"";"";"";"";"";"";"";"";"";"";"";"";""
03.12.2022 05:13:34;1670040814000;880f01e687e2572cea04e80fc6a68085;377664;OK;1781;0;0;0;0;0,06;2,45;0;0;764;828;"";143,294;21,49;453,623;63,61;20,869;0,82;1,518;0,21;12,741;1,64;4,86;10,15;6,625;10,78;6,707;10,81;815,804;89,34;259,317;35,25;39,002;13,86;0,639;10,02;0,051;10,0;0,004;10,0;1,474;20,897;0,54;32,902;3,34;6,016;0,53;4,147;1,26;957,0809;1,0;"";"";18,517;2,57;92,51;12,07;"";"";13,0;20,0;13,0;"";"";"";"";"";"";"";"";"";"";"";"";"";"";"";"";"";"";"";"";"";"";"";"";"";"";"";"";"";"";"";"";"";"";"";"";"";"";"";"";"";"";"";"";"";"";"";"";"";"";"";"";"";"";"";"";"";"";"";"";"";"";"";"";""
03.12.2022 05:15:33;1670040933000;880f01e687e2572cea04e80fc6a68085;377783;OK;1809;0;0;0;0;0,02;3,6;0;0;750;827;"";140,679;21,1;452,932;63,59;20,873;0,82;1,516;0,21;12,696;1,63;5,15;10,28;7,094;10,87;7,473;10,95;871,5839;94,78;268,685;36,09;31,193;13,02;1,722;10,06;0,514;10,03;0,0;10,0;1,841;20,893;0,54;32,779;3,34;5,992;0,53;4,091;1,27;957,062;1,0;"";"";18,521;2,57;92,502;12,07;"";"";13,0;20,0;13,0;"";"";"";"";"";"";"";"";"";"";"";"";"";"";"";"";"";"";"";"";"";"";"";"";"";"";"";"";"";"";"";"";"";"";"";"";"";"";"";"";"";"";"";"";"";"";"";"";"";"";"";"";"";"";"";"";"";"";"";"";"";"";"";"";""
03.12.2022 05:17:35;1670041055000;880f01e687e2572cea04e80fc6a68085;377905;OK;1786;0;0;0;0;-0,06;-2,24;0;0;785;826;"";139,36;20,9;452,67;63,58;20,874;0,82;1,515;0,21;12,595;1,63;4,42;10,05;5,51;10,41;6,809;10,85;780,43;85,96;241,486;33,52;21,0;12,05;2,497;10,18;1,953;10,05;0,0;10,0;2,889;20,89;0,54;32,754;3,34;5,987;0,53;4,077;1,27;957,023;1,0;"";"";18,392;2,58;92,085;12,04;"";"";13,0;20,0;13,0;"";"";"";"";"";"";"";"";"";"";"";"";"";"";"";"";"";"";"";"";"";"";"";"";"";"";"";"";"";"";"";"";"";"";"";"";"";"";"";"";"";"";"";"";"";"";"";"";"";"";"";"";"";"";"";"";"";"";"";"";"";"";"";"";""
03.12.2022 05:19:34;1670041174000;880f01e687e2572cea04e80fc6a68085;378023;OK;1806;0;0;0;0;-0,11;1,96;0;0;761;827;"";141,351;21,2;453,498;63,6;20,873;0,82;1,514;0,21;12,495;1,62;4,928;10,28;6,086;10,73;6,401;10,83;859,924;93,66;267,276;35,96;26,263;12,52;0,558;10,04;0,369;10,01;0,0;10,0;1,68;20,888;0,54;32,752;3,34;5,985;0,53;4,075;1,27;956,981;1,0;"";"";18,24;2,58;91,669;12,02;"";"";13,0;20,0;13,0;"";"";"";"";"";"";"";"";"";"";"";"";"";"";"";"";"";"";"";"";"";"";"";"";"";"";"";"";"";"";"";"";"";"";"";"";"";"";"";"";"";"";"";"";"";"";"";"";"";"";"";"";"";"";"";"";"";"";"";"";"";"";"";"";""
03.12.2022 05:21:34;1670041294000;880f01e687e2572cea04e80fc6a68085;378143;OK;1815;0;0;0;0;-0,08;8,51;0;0;763;824;"";138,331;20,75;455,181;63,66;20,867;0,82;1,515;0,21;12,31;1,61;4,871;10,11;5,981;10,69;6,683;10,91;832,9659;91,01001;258,931;35,16;24,773;12,36;1,768;10,06;0,517;10,0;0,0;10,0;2,12;20,885;0,54;32,613;3,34;5,959;0,53;4,011;1,28;956,978;1,0;"";"";18,146;2,59;91,218;12,0;"";"";13,0;20,0;13,0;"";"";"";"";"";"";"";"";"";"";"";"";"";"";"";"";"";"";"";"";"";"";"";"";"";"";"";"";"";"";"";"";"";"";"";"";"";"";"";"";"";"";"";"";"";"";"";"";"";"";"";"";"";"";"";"";"";"";"";"";"";"";"";"";""
03.12.2022 05:23:35;1670041415000;880f01e687e2572cea04e80fc6a68085;378265;OK;1784;0;0;0;0;0,0;4,92;0;0;771;828;"";140,185;21,03;453,973;63,62;20,871;0,82;1,514;0,21;12,36;1,62;4,716;10,02;5,595;10,56;5,936;10,75;848,325;92,52;262,854;35,57;22,011;12,15;0,615;10,01;0,052;10,0;0,0;10,0;1,69;20,884;0,54;32,815;3,34;5,996;0,53;4,099;1,27;956,981;1,0;"";"";18,19;2,58;91,05101;11,99;"";"";13,0;20,0;13,0;"";"";"";"";"";"";"";"";"";"";"";"";"";"";"";"";"";"";"";"";"";"";"";"";"";"";"";"";"";"";"";"";"";"";"";"";"";"";"";"";"";"";"";"";"";"";"";"";"";"";"";"";"";"";"";"";"";"";"";"";"";"";"";"";""
03.12.2022 05:25:36;1670041536000;880f01e687e2572cea04e80fc6a68085;378386;OK;1792;0;0;0;0;0,04;-6,26;0;0;757;827;"";139,143;20,87;451,514;63,55;20,869;0,82;1,513;0,21;12,408;1,62;5,006;10,2;7,144;10,95;7,641;10,97;893,174;96,87;281,075;37,27;45,415;14,39;0,95;10,07;0,698;10,0;0,0;10,0;1,932;20,882;0,54;32,747;3,34;5,983;0,53;4,067;1,27;956,955;1,0;"";"";18,193;2,58;91,201;12,0;"";"";13,0;20,0;13,0;"";"";"";"";"";"";"";"";"";"";"";"";"";"";"";"";"";"";"";"";"";"";"";"";"";"";"";"";"";"";"";"";"";"";"";"";"";"";"";"";"";"";"";"";"";"";"";"";"";"";"";"";"";"";"";"";"";"";"";"";"";"";"";"";""
03.12.2022 05:27:36;1670041656000;880f01e687e2572cea04e80fc6a68085;378506;OK;1790;0;0;0;0;-0,01;-8,86;0;0;769;825;"";138,812;20,82;452,996;63,59;20,867;0,82;1,512;0,21;12,295;1,61;4,754;10,13;6,3;10,64;6,785;10,76;823,319;90,07;259,87;35,28;31,379;13,03;1,977;10,11;0,072;10,0;0,0;10,0;1,923;20,88;0,54;32,657;3,34;5,965;0,53;4,026;1,28;956,961;1,0;"";"";18,019;2,59;90,63601;11,97;"";"";13,0;20,0;13,0;"";"";"";"";"";"";"";"";"";"";"";"";"";"";"";"";"";"";"";"";"";"";"";"";"";"";"";"";"";"";"";"";"";"";"";"";"";"";"";"";"";"";"";"";"";"";"";"";"";"";"";"";"";"";"";"";"";"";"";"";"";"";"";"";""
03.12.2022 05:29:37;1670041777000;880f01e687e2572cea04e80fc6a68085;378626;OK;1797;0;0;0;0;-0,04;-7,96;0;0;751;827;"";141,175;21,18;451,034;63,53;20,865;0,82;1,512;0,21;12,438;1,62;5,141;10,22;6,311;10,93;6,811;10,98;864,406;94,07001;266,567;35,96;27,986;12,75;0,772;10,03;0,542;10,02;0,0;10,0;1,842;20,878;0,54;32,758;3,34;5,983;0,53;4,069;1,27;956,992;1,0;"";"";18,171;2,59;91,097;11,99;"";"";13,0;20,0;13,0;"";"";"";"";"";"";"";"";"";"";"";"";"";"";"";"";"";"";"";"";"";"";"";"";"";"";"";"";"";"";"";"";"";"";"";"";"";"";"";"";"";"";"";"";"";"";"";"";"";"";"";"";"";"";"";"";"";"";"";"";"";"";"";"";""
03.12.2022 05:31:38;1670041898000;880f01e687e2572cea04e80fc6a68085;378747;OK;1798;0;0;0;0;-0,02;-4,29;0;0;773;825;"";136,273;20,44;451,228;63,54;20,87;0,82;1,513;0,21;12,335;1,61;4,68;10,13;5,69;10,56;6,721;10,92;867,326;94,37;268,702;36,18;31,865;13,06;1,372;10,09;1,11;10,08;0,0;10,0;2,543;20,875;0,54;32,671;3,34;5,966;0,53;4,028;1,27;957,015;1,0;"";"";18,053;2,59;90,888;11,98;"";"";13,0;20,0;13,0;"";"";"";"";"";"";"";"";"";"";"";"";"";"";"";"";"";"";"";"";"";"";"";"";"";"";"";"";"";"";"";"";"";"";"";"";"";"";"";"";"";"";"";"";"";"";"";"";"";"";"";"";"";"";"";"";"";"";"";"";"";"";"";"";""
03.12.2022 05:33:38;1670042018000;880f01e687e2572cea04e80fc6a68085;378868;OK;1799;0;0;0;0;0,07;0,43;0;0;775;830;"";140,383;21,06;452,158;63,56;20,873;0,82;1,512;0,21;12,375;1,62;4,629;10,08;5,775;10,62;6,476;10,71;825,213;90,22;258,509;35,17;29,712;12,88;1,648;10,06;1,228;10,01;0,0;10,0;2,089;20,874;0,54;32,881;3,34;6,004;0,53;4,119;1,27;957,0519;1,0;"";"";18,153;2,59;90,647;11,97;"";"";13,0;20,0;13,0;"";"";"";"";"";"";"";"";"";"";"";"";"";"";"";"";"";"";"";"";"";"";"";"";"";"";"";"";"";"";"";"";"";"";"";"";"";"";"";"";"";"";"";"";"";"";"";"";"";"";"";"";"";"";"";"";"";"";"";"";"";"";"";"";""
03.12.2022 05:35:37;1670042137000;880f01e687e2572cea04e80fc6a68085;378987;OK;1805;0;0;0;0;0,07;0,82;0;0;759;830;"";141,671;21,25;451,341;63,54;20,874;0,82;1,512;0,21;12,45;1,62;4,95;10,06;6,181;10,7;7,026;10,82;831,8419;90,87001;262,339;35,47;29,901;12,97;1,685;10,14;0,84;10,0;0,241;10,0;2,182;20,869;0,54;32,917;3,34;6,009;0,53;4,13;1,26;957,076;1,0;"";"";18,275;2,58;91,083;11,99;"";"";13,0;20,0;13,0;"";"";"";"";"";"";"";"";"";"";"";"";"";"";"";"";"";"";"";"";"";"";"";"";"";"";"";"";"";"";"";"";"";"";"";"";"";"";"";"";"";"";"";"";"";"";"";"";"";"";"";"";"";"";"";"";"";"";"";"";"";"";"";"";""
03.12.2022 05:37:38;1670042258000;880f01e687e2572cea04e80fc6a68085;379108;OK;1796;0;0;0;0;0,06;2,74;0;0;756;829;"";140,937;21,14;453,709;63,61;20,873;0,82;1,511;0,21;12,386;1,62;5,03;10,25;6,43;10,85;7,004;10,97;833,28;91,05;262,95;35,63;31,088;13,03;1,031;10,04;0,319;10,01;0,168;10,0;2,018;20,864;0,54;32,853;3,34;5,996;0,53;4,098;1,27;957,1099;1,0;"";"";18,262;2,58;91,263;12,0;"";"";13,0;20,0;13,0;"";"";"";"";"";"";"";"";"";"";"";"";"";"";"";"";"";"";"";"";"";"";"";"";"";"";"";"";"";"";"";"";"";"";"";"";"";"";"";"";"";"";"";"";"";"";"";"";"";"";"";"";"";"";"";"";"";"";"";"";"";"";"";"";""
03.12.2022 05:39:40;1670042380000;880f01e687e2572cea04e80fc6a68085;379229;OK;1817;0;0;0;0;0,0;3,42;0;0;756;831;"";140,909;21,14;453,017;63,59;20,872;0,82;1,51;0,21;12,452;1,62;5,04;10,21;5,844;10,57;6,488;10,68;867,665;94,41001;270,972;36,36;23,18;12,27;1,133;10,06;1,059;10,05;0,017;10,0;1,934;20,859;0,54;32,946;3,34;6,011;0,53;4,134;1,26;957,1569;1,0;"";"";18,329;2,58;91,307;12,01;"";"";13,0;20,0;13,0;"";"";"";"";"";"";"";"";"";"";"";"";"";"";"";"";"";"";"";"";"";"";"";"";"";"";"";"";"";"";"";"";"";"";"";"";"";"";"";"";"";"";"";"";"";"";"";"";"";"";"";"";"";"";"";"";"";"";"";"";"";"";"";"";""
03.12.2022 05:41:40;1670042500000;880f01e687e2572cea04e80fc6a68085;379350;OK;1785;0;0;0;0;0,05;8,2;0;0;802;833;"";142,691;21,4;453,622;63,61;20,872;0,82;1,511;0,21;12,494;1,62;4,088;10,1;5,059;10,33;5,61;10,42;797,7069;87,63;245,921;33,97;25,923;12,49;0,907;10,02;0,281;10,01;0,002;10,0;2,022;20,856;0,54;33,036;3,34;6,026;0,53;4,17;1,26;957,173;1,0;"";"";18,458;2,57;91,543;12,02;"";"";13,0;20,0;13,0;"";"";"";"";"";"";"";"";"";"";"";"";"";"";"";"";"";"";"";"";"";"";"";"";"";"";"";"";"";"";"";"";"";"";"";"";"";"";"";"";"";"";"";"";"";"";"";"";"";"";"";"";"";"";"";"";"";"";"";"";"";"";"";"";""
03.12.2022 05:43:40;1670042620000;880f01e687e2572cea04e80fc6a68085;379470;OK;1797;0;0;0;0;0,03;-1,04;0;0;795;831;"";142,46;21,37;452,638;63,58;20,872;0,82;1,511;0,21;12,491;1,62;4,216;10,03;5,387;10,57;6,233;10,68;779,9829;85,82;245,366;33,84;25,69;12,47;1,642;10,07;0,715;10,07;0,319;10,0;2,256;20,853;0,54;32,938;3,34;6,007;0,53;4,125;1,26;957,174;1,0;"";"";18,359;2,58;91,26101;12,0;"";"";13,0;20,0;13,0;"";"";"";"";"";"";"";"";"";"";"";"";"";"";"";"";"";"";"";"";"";"";"";"";"";"";"";"";"";"";"";"";"";"";"";"";"";"";"";"";"";"";"";"";"";"";"";"";"";"";"";"";"";"";"";"";"";"";"";"";"";"";"";"";""
03.12.2022 05:45:41;1670042741000;880f01e687e2572cea04e80fc6a68085;379591;OK;1792;0;0;0;0;-0,01;-0,89;0;0;748;832;"";143,468;21,52;453,22;63,6;20,872;0,82;1,51;0,21;12,47;1,62;5,211;10,43;6,264;10,81;6,844;10,89;845,3879;92,23001;265,735;35,88;31,038;13,03;1,089;10,05;0,388;10,01;0,033;10,0;1,909;20,848;0,54;32,994;3,34;6,016;0,53;4,145;1,26;957,189;1,0;"";"";18,451;2,57;90,99;11,99;"";"";13,0;20,0;13,0;"";"";"";"";"";"";"";"";"";"";"";"";"";"";"";"";"";"";"";"";"";"";"";"";"";"";"";"";"";"";"";"";"";"";"";"";"";"";"";"";"";"";"";"";"";"";"";"";"";"";"";"";"";"";"";"";"";"";"";"";"";"";"";"";""
03.12.2022 05:47:41;1670042861000;880f01e687e2572cea04e80fc6a68085;379711;OK;1793;0;0;0;0;0,02;0,92;0;0;746;834;"";142,132;21,32;454,088;63,62;20,872;0,82;1,51;0,21;12,533;1,63;5,25;10,37;7,376;10,95;7,436;10,96;884,14;96,02;276,064;36,86;36,382;13,61;0,648;10,06;0,04;10,0;0,003;10,0;1,494;20,845;0,54;33,066;3,34;6,028;0,53;4,174;1,26;957,192;1,0;"";"";18,369;2,58;91,17701;12,0;"";"";13,0;20,0;13,0;"";"";"";"";"";"";"";"";"";"";"";"";"";"";"";"";"";"";"";"";"";"";"";"";"";"";"";"";"";"";"";"";"";"";"";"";"";"";"";"";"";"";"";"";"";"";"";"";"";"";"";"";"";"";"";"";"";"";"";"";"";"";"";"";""
03.12.2022 05:49:42;1670042982000;880f01e687e2572cea04e80fc6a68085;379832;OK;1792;0;0;0;0;-0,03;1,98;0;0;770;830;"";138,494;20,77;453,132;63,59;20,871;0,82;1,509;0,21;12,367;1,62;4,738;10,04;5,898;10,58;6,724;10,9;822,14;89,90001;257,694;35,04;23,514;12,28;1,245;10,03;1,182;10,02;0,0;10,0;2,303;20,84;0,54;32,862;3,34;5,989;0,53;4,081;1,27;957,214;1,0;"";"";18,131;2,59;90,78;11,98;"";"";13,0;20,0;13,0;"";"";"";"";"";"";"";"";"";"";"";"";"";"";"";"";"";"";"";"";"";"";"";"";"";"";"";"";"";"";"";"";"";"";"";"";"";"";"";"";"";"";"";"";"";"";"";"";"";"";"";"";"";"";"";"";"";"";"";"";"";"";"";"";""
03.12.2022 05:51:43;1670043103000;880f01e687e2572cea04e80fc6a68085;379952;OK;1817;0;0;0;0;-0,03;-1,43;0;0;786;833;"";141,672;21,25;452,954;63,59;20,869;0,82;1,509;0,21;12,27;1,61;4,409;10,12;5,32;10,48;5,746;10,6;814,992;89,29;254,903;34,83;17,535;11,62;1,309;10,16;1,302;10,16;0,0;10,0;1,896;20,834;0,54;32,986;3,34;6,009;0,53;4,129;1,26;957,242;1,0;"";"";18,176;2,59;90,75701;11,98;"";"";13,0;20,0;13,0;"";"";"";"";"";"";"";"";"";"";"";"";"";"";"";"";"";"";"";"";"";"";"";"";"";"";"";"";"";"";"";"";"";"";"";"";"";"";"";"";"";"";"";"";"";"";"";"";"";"";"";"";"";"";"";"";"";"";"";"";"";"";"";"";""
03.12.2022 05:53:44;1670043224000;880f01e687e2572cea04e80fc6a68085;380073;OK;1799;0;0;0;0;-0,03;-7,19;0;0;794;832;"";137,34;20,6;451,738;63,55;20,87;0,82;1,508;0,21;12,189;1,61;4,174;10,09;6,508;10,71;7,152;10,77;788,663;86,73;250,479;34,39;31,676;13,14;3,292;10,36;0,903;10,02;0,713;10,0;2,208;20,83;0,54;32,916;3,34;5,995;0,53;4,095;1,26;957,25;1,0;"";"";18,119;2,59;90,639;11,97;"";"";13,0;20,0;13,0;"";"";"";"";"";"";"";"";"";"";"";"";"";"";"";"";"";"";"";"";"";"";"";"";"";"";"";"";"";"";"";"";"";"";"";"";"";"";"";"";"";"";"";"";"";"";"";"";"";"";"";"";"";"";"";"";"";"";"";"";"";"";"";"";""
03.12.2022 05:55:43;1670043343000;880f01e687e2572cea04e80fc6a68085;380193;OK;1781;0;0;0;0;-0,03;-0,62;0;0;795;831;"";138,414;20,76;453,86;63,62;20,87;0,82;1,507;0,21;12,138;1,6;4,198;10,01;5,479;10,53;6,722;10,81;796,886;87,47001;248,912;34,25;29,784;12,93;2,575;10,24;1,213;10,0;0,823;10,0;2,843;20,828;0,54;32,851;3,34;5,983;0,53;4,066;1,27;957,224;1,0;"";"";18,028;2,59;90,076;11,94;"";"";13,0;20,0;13,0;"";"";"";"";"";"";"";"";"";"";"";"";"";"";"";"";"";"";"";"";"";"";"";"";"";"";"";"";"";"";"";"";"";"";"";"";"";"";"";"";"";"";"";"";"";"";"";"";"";"";"";"";"";"";"";"";"";"";"";"";"";"";"";"";""
03.12.2022 05:57:44;1670043464000;880f01e687e2572cea04e80fc6a68085;380314;OK;1806;0;0;0;0;-0,0;8,58;0;0;770;835;"";141,972;21,3;454,293;63,63;20,87;0,82;1,507;0,21;12,206;1,61;4,737;10,24;6,117;10,63;6,865;10,86;835,4119;91,27;259,554;35,21;30,233;12,91;1,655;10,02;0,5809999;10,0;0,085;10,0;2,286;20,824;0,54;33,062;3,34;6,02;0,53;4,153;1,26;957,166;1,0;"";"";18,177;2,59;90,26999;11,95;"";"";13,0;20,0;13,0;"";"";"";"";"";"";"";"";"";"";"";"";"";"";"";"";"";"";"";"";"";"";"";"";"";"";"";"";"";"";"";"";"";"";"";"";"";"";"";"";"";"";"";"";"";"";"";"";"";"";"";"";"";"";"";"";"";"";"";"";"";"";"";"";""
03.12.2022 05:59:45;1670043585000;880f01e687e2572cea04e80fc6a68085;380434;OK;1801;0;0;0;0;0,15;2,6;0;0;784;837;"";141,884;21,28;452,128;63,56;20,872;0,82;1,506;0,21;12,438;1,62;4,444;10,13;6,603;10,62;6,945;10,84;865,946;94,15;270,546;36,3;30,898;12,98;2,369;10,19;0,06;10,0;0,009;10,0;1,918;20,821;0,54;33,165;3,34;6,037;0,53;4,195;1,25;957,1569;1,0;"";"";18,38;2,58;90,934;11,99;"";"";13,0;20,0;13,0;"";"";"";"";"";"";"";"";"";"";"";"";"";"";"";"";"";"";"";"";"";"";"";"";"";"";"";"";"";"";"";"";"";"";"";"";"";"";"";"";"";"";"";"";"";"";"";"";"";"";"";"";"";"";"";"";"";"";"";"";"";"";"";"";""
03.12.2022 06:01:44;1670043704000;880f01e687e2572cea04e80fc6a68085;380554;OK;1814;0;0;0;0;0,02;-4,18;0;0;774;831;"";138,254;20,74;452,364;63,57;20,87;0,82;1,506;0,21;12,28;1,61;4,641;10,01;6,488;10,88;7,433;10,91;858,608;93,48001;265,386;35,76;35,808;13,59;3,469;10,42;1,646;10,05;0,001;10,0;2,382;20,817;0,54;32,869;3,34;5,982;0,53;4,064;1,27;957,174;1,0;"";"";18,259;2,58;90,302;11,95;"";"";13,0;20,0;13,0;"";"";"";"";"";"";"";"";"";"";"";"";"";"";"";"";"";"";"";"";"";"";"";"";"";"";"";"";"";"";"";"";"";"";"";"";"";"";"";"";"";"";"";"";"";"";"";"";"";"";"";"";"";"";"";"";"";"";"";"";"";"";"";"";""
03.12.2022 06:03:45;1670043825000;880f01e687e2572cea04e80fc6a68085;380674;OK;1794;0;0;0;0;-0,08;-6,36;0;0;804;836;"";142,557;21,38;452,392;63,57;20,869;0,82;1,505;0,21;12,317;1,61;4,022;10,0;5,136;10,2;6,145;10,68;737,312;81,7;229,226;32,33;21,317;12,07;1,651;10,13;1,382;10,07;0,688;10,0;2,599;20,816;0,54;33,12;3,34;6,027;0,53;4,171;1,25;957,1899;1,0;"";"";18,182;2,59;90,061;11,94;"";"";13,0;20,0;13,0;"";"";"";"";"";"";"";"";"";"";"";"";"";"";"";"";"";"";"";"";"";"";"";"";"";"";"";"";"";"";"";"";"";"";"";"";"";"";"";"";"";"";"";"";"";"";"";"";"";"";"";"";"";"";"";"";"";"";"";"";"";"";"";"";""
03.12.2022 06:05:45;1670043945000;880f01e687e2572cea04e80fc6a68085;380794;OK;1798;0;0;0;0;-0,04;-1,41;0;0;782;835;"";138,796;20,82;452,181;63,57;20,869;0,82;1,505;0,21;12,339;1,62;4,479;10,0;5,43;10,3;6,16;10,51;802,572;88,03;251,408;34,44;18,333;11,8;0,996;10,05;0,623;10,04;0,167;10,0;2,056;20,813;0,54;33,032;3,34;6,01;0,53;4,13;1,26;957,213;1,0;"";"";18,238;2,58;90,513;11,97;"";"";13,0;20,0;13,0;"";"";"";"";"";"";"";"";"";"";"";"";"";"";"";"";"";"";"";"";"";"";"";"";"";"";"";"";"";"";"";"";"";"";"";"";"";"";"";"";"";"";"";"";"";"";"";"";"";"";"";"";"";"";"";"";"";"";"";"";"";"";"";"";""
03.12.2022 06:07:46;1670044066000;880f01e687e2572cea04e80fc6a68085;380916;OK;1777;0;0;0;0;0,03;0,74;0;0;785;834;"";137,543;20,63;452,985;63,59;20,868;0,82;1,505;0,21;12,214;1,61;4,421;10,0;5,637;10,58;6,711;10,72;885,401;96,05;277,294;36,96;24,506;12,36;1,945;10,2;1,25;10,0;0,017;10,0;2,491;20,811;0,54;32,976;3,34;6,0;0,53;4,105;1,26;957,2189;1,0;"";"";18,061;2,59;89,861;11,93;"";"";13,0;20,0;13,0;"";"";"";"";"";"";"";"";"";"";"";"";"";"";"";"";"";"";"";"";"";"";"";"";"";"";"";"";"";"";"";"";"";"";"";"";"";"";"";"";"";"";"";"";"";"";"";"";"";"";"";"";"";"";"";"";"";"";"";"";"";"";"";"";""
03.12.2022 06:09:46;1670044186000;880f01e687e2572cea04e80fc6a68085;381036;OK;1808;0;0;0;0;-0,04;3,15;0;0;772;835;"";139,209;20,88;453,315;63,6;20,873;0,82;1,504;0,21;12,249;1,61;4,687;10,02;6,258;10,79;7,238;10,91;805,757;88,31;250,012;34,44;22,486;12,16;1,936;10,16;1,278;10,0;0,002;10,0;2,477;20,808;0,54;33,04;3,34;6,01;0,53;4,13;1,26;957,208;1,0;"";"";18,06;2,59;89,728;11,93;"";"";13,0;20,0;13,0;"";"";"";"";"";"";"";"";"";"";"";"";"";"";"";"";"";"";"";"";"";"";"";"";"";"";"";"";"";"";"";"";"";"";"";"";"";"";"";"";"";"";"";"";"";"";"";"";"";"";"";"";"";"";"";"";"";"";"";"";"";"";"";"";""
03.12.2022 06:11:45;1670044305000;880f01e687e2572cea04e80fc6a68085;381154;OK;1809;0;0;0;0;-0,13;2,91;0;0;800;831;"";134,937;20,24;453,427;63,6;20,876;0,82;1,504;0,21;12,042;1,6;4,11;10,0;5,344;10,49;6,1;10,69;769,39;84,79;241,509;33,48;24,219;12,26;1,494;10,05;0,943;10,0;0,0;10,0;2,349;20,805;0,54;32,808;3,34;5,967;0,53;4,027;1,27;957,1779;1,0;"";"";17,928;2,6;89,11901;11,89;"";"";13,0;20,0;13,0;"";"";"";"";"";"";"";"";"";"";"";"";"";"";"";"";"";"";"";"";"";"";"";"";"";"";"";"";"";"";"";"";"";"";"";"";"";"";"";"";"";"";"";"";"";"";"";"";"";"";"";"";"";"";"";"";"";"";"";"";"";"";"";"";""
03.12.2022 06:13:46;1670044426000;880f01e687e2572cea04e80fc6a68085;381276;OK;1794;0;0;0;0;-0,12;1,6;0;0;827;830;"";135,859;20,38;453,728;63,61;20,875;0,82;1,504;0,21;11,948;1,59;3,377;10,0;4,192;10,17;5,656;10,62;694,745;77,54;215,183;30,93;22,651;12,18;1,886;10,09;1,306;10,04;0,429;10,0;3,519;20,8;0,54;32,768;3,34;5,958;0,53;4,005;1,27;957,184;1,0;"";"";17,674;2,61;88,918;11,88;"";"";13,0;20,0;13,0;"";"";"";"";"";"";"";"";"";"";"";"";"";"";"";"";"";"";"";"";"";"";"";"";"";"";"";"";"";"";"";"";"";"";"";"";"";"";"";"";"";"";"";"";"";"";"";"";"";"";"";"";"";"";"";"";"";"";"";"";"";"";"";"";""
03.12.2022 06:15:46;1670044546000;880f01e687e2572cea04e80fc6a68085;381395;OK;1815;0;0;0;0;-0,18;-3,32;0;0;819;829;"";130,865;19,63;452,136;63,56;20,876;0,82;1,503;0,21;11,731;1,58;3,705;10,01;4,655;10,12;5,161;10,34;773,374;85,19;244,603;33,73;22,709;12,23;0,615;10,07;0,553;10,07;0,046;10,0;2,003;20,796;0,54;32,707;3,34;5,945;0,53;3,974;1,27;957,1939;1,0;"";"";17,549;2,62;87,95;11,83;"";"";13,0;20,0;13,0;"";"";"";"";"";"";"";"";"";"";"";"";"";"";"";"";"";"";"";"";"";"";"";"";"";"";"";"";"";"";"";"";"";"";"";"";"";"";"";"";"";"";"";"";"";"";"";"";"";"";"";"";"";"";"";"";"";"";"";"";"";"";"";"";""
03.12.2022 06:17:47;1670044667000;880f01e687e2572cea04e80fc6a68085;381516;OK;1792;0;0;0;0;-0,01;-7,41;0;0;801;832;"";132,965;19,94;451,61;63,55;20,875;0,82;1,502;0,21;11,763;1,58;4,094;10,0;4,519;10,07;5,421;10,4;719,831;79,98001;224,007;31,82;19,297;11,81;1,123;10,01;1,117;10,01;0,127;10,0;2,572;20,794;0,54;32,839;3,34;5,969;0,53;4,031;1,27;957,179;1,0;"";"";17,521;2,62;87,576;11,81;"";"";13,0;20,0;13,0;"";"";"";"";"";"";"";"";"";"";"";"";"";"";"";"";"";"";"";"";"";"";"";"";"";"";"";"";"";"";"";"";"";"";"";"";"";"";"";"";"";"";"";"";"";"";"";"";"";"";"";"";"";"";"";"";"";"";"";"";"";"";"";"";""
03.12.2022 06:19:48;1670044788000;880f01e687e2572cea04e80fc6a68085;381637;OK;1827;0;0;0;0;-0,01;-2,92;0;0;748;831;"";135,973;20,4;453,259;63,6;20,875;0,82;1,502;0,21;11,727;1,58;5,231;10,45;6,265;10,64;6,358;10,67;874,096;95,06;270,901;36,36;22,468;12,09;0,116;10,0;0,115;10,0;0,013;10,0;1,39;20,789;0,54;32,802;3,34;5,96;0,53;4,009;1,27;957,1779;1,0;"";"";17,455;2,62;87,325;11,8;"";"";13,0;20,0;13,0;"";"";"";"";"";"";"";"";"";"";"";"";"";"";"";"";"";"";"";"";"";"";"";"";"";"";"";"";"";"";"";"";"";"";"";"";"";"";"";"";"";"";"";"";"";"";"";"";"";"";"";"";"";"";"";"";"";"";"";"";"";"";"";"";""
03.12.2022 06:21:47;1670044907000;880f01e687e2572cea04e80fc6a68085;381756;OK;1807;0;0;0;0;-0,02;5,65;0;0;796;829;"";133,18;19,98;453,522;63,61;20,874;0,82;1,501;0,21;11,587;1,58;4,198;10,05;4,918;10,38;5,481;10,51;757,605;83,66;239,834;33,27;20,62;11,97;0,918;10,1;0,573;10,01;0,001;10,0;1,869;20,785;0,54;32,694;3,34;5,939;0,53;3,959;1,27;957,1959;1,0;"";"";17,423;2,62;86,868;11,78;"";"";13,0;20,0;13,0;"";"";"";"";"";"";"";"";"";"";"";"";"";"";"";"";"";"";"";"";"";"";"";"";"";"";"";"";"";"";"";"";"";"";"";"";"";"";"";"";"";"";"";"";"";"";"";"";"";"";"";"";"";"";"";"";"";"";"";"";"";"";"";"";""
03.12.2022 06:23:48;1670045028000;880f01e687e2572cea04e80fc6a68085;381878;OK;1791;0;0;0;0;-0,08;0,55;0;0;825;830;"";132,456;19,87;451,458;63,54;20,87;0,82;1,501;0,21;11,646;1,58;3,512;10,0;4,58;10,1;5,079;10,35;731,749;81,12;230,243;32,43;24,761;12,47;1,665;10,01;1,086;10,0;0,0;10,0;2,15;20,785;0,54;32,694;3,34;5,939;0,53;3,959;1,27;957,182;1,0;"";"";17,369;2,63;86,55101;11,76;"";"";13,0;20,0;13,0;"";"";"";"";"";"";"";"";"";"";"";"";"";"";"";"";"";"";"";"";"";"";"";"";"";"";"";"";"";"";"";"";"";"";"";"";"";"";"";"";"";"";"";"";"";"";"";"";"";"";"";"";"";"";"";"";"";"";"";"";"";"";"";"";""
03.12.2022 06:25:49;1670045149000;880f01e687e2572cea04e80fc6a68085;381998;OK;1800;0;0;0;0;-0,02;-6,49;0;0;789;831;"";134,416;20,16;450,539;63,52;20,869;0,82;1,501;0,21;11,654;1,58;4,324;10,0;5,19;10,31;5,786;10,6;796,596;87,45;246,476;33,99;22,4;12,2;1,053;10,0;0,9940001;10,0;0,713;10,0;2,052;20,78;0,54;32,768;3,34;5,951;0,53;3,987;1,27;957,1799;1,0;"";"";17,43;2,62;86,338;11,75;"";"";13,0;20,0;13,0;"";"";"";"";"";"";"";"";"";"";"";"";"";"";"";"";"";"";"";"";"";"";"";"";"";"";"";"";"";"";"";"";"";"";"";"";"";"";"";"";"";"";"";"";"";"";"";"";"";"";"";"";"";"";"";"";"";"";"";"";"";"";"";"";""
03.12.2022 06:27:49;1670045269000;880f01e687e2572cea04e80fc6a68085;382118;OK;1789;0;0;0;0;0,1;-0,88;0;0;821;833;"";136,563;20,48;453,291;63,6;20,867;0,82;1,501;0,21;11,774;1,59;3,658;10,0;4,45;10,13;4,933;10,31;744,258;82,40001;229,835;32,33;17,588;11,69;0,63;10,03;0,485;10,01;0,084;10,0;1,866;20,777;0,54;32,885;3,34;5,971;0,53;4,035;1,26;957,204;1,0;"";"";17,516;2,62;86,981;11,78;"";"";13,0;20,0;13,0;"";"";"";"";"";"";"";"";"";"";"";"";"";"";"";"";"";"";"";"";"";"";"";"";"";"";"";"";"";"";"";"";"";"";"";"";"";"";"";"";"";"";"";"";"";"";"";"";"";"";"";"";"";"";"";"";"";"";"";"";"";"";"";"";""
03.12.2022 06:29:49;1670045389000;880f01e687e2572cea04e80fc6a68085;382239;OK;1798;0;0;0;0;0,07;8,9;0;0;782;833;"";136,62;20,49;454,324;63,63;20,873;0,82;1,5;0,21;11,823;1,59;4,479;10,0;5,404;10,53;6,166;10,85;792,985;87,08;245,615;33,9;27,355;12,71;1,847;10,1;0,591;10,0;0,009;10,0;2,26;20,775;0,54;32,854;3,34;5,965;0,53;4,021;1,27;957,2289;1,0;"";"";17,623;2,61;87,376;11,8;"";"";13,0;20,0;13,0;"";"";"";"";"";"";"";"";"";"";"";"";"";"";"";"";"";"";"";"";"";"";"";"";"";"";"";"";"";"";"";"";"";"";"";"";"";"";"";"";"";"";"";"";"";"";"";"";"";"";"";"";"";"";"";"";"";"";"";"";"";"";"";"";""
03.12.2022 06:31:49;1670045509000;880f01e687e2572cea04e80fc6a68085;382359;OK;1789;0;0;0;0;0,04;3,06;0;0;787;834;"";137,41;20,61;451,738;63,55;20,869;0,82;1,501;0,21;11,875;1,59;4,383;10,02;5,105;10,31;5,768;10,6;757,578;83,72001;239,285;33,29;17,868;11,81;1,145;10,01;0,846;10,0;0,001;10,0;2,167;20,773;0,54;32,907;3,34;5,974;0,53;4,041;1,26;957,2479;1,0;"";"";17,739;2,61;87,527;11,81;"";"";13,0;20,0;13,0;"";"";"";"";"";"";"";"";"";"";"";"";"";"";"";"";"";"";"";"";"";"";"";"";"";"";"";"";"";"";"";"";"";"";"";"";"";"";"";"";"";"";"";"";"";"";"";"";"";"";"";"";"";"";"";"";"";"";"";"";"";"";"";"";""
03.12.2022 06:33:48;1670045628000;880f01e687e2572cea04e80fc6a68085;382478;OK;1788;0;0;0;0;0,0;-1,58;0;0;812;834;"";136,926;20,54;453,574;63,61;20,873;0,82;1,5;0,21;11,922;1,59;3,863;10,01;5,278;10,36;6,117;10,59;728,631;80,9;229,004;32,3;24,916;12,5;2,127;10,22;0,871;10,03;0,0;10,0;2,426;20,768;0,54;32,892;3,34;5,969;0,53;4,03;1,26;957,272;1,0;"";"";17,788;2,61;87,874;11,83;"";"";13,0;20,0;13,0;"";"";"";"";"";"";"";"";"";"";"";"";"";"";"";"";"";"";"";"";"";"";"";"";"";"";"";"";"";"";"";"";"";"";"";"";"";"";"";"";"";"";"";"";"";"";"";"";"";"";"";"";"";"";"";"";"";"";"";"";"";"";"";"";""
03.12.2022 06:35:49;1670045749000;880f01e687e2572cea04e80fc6a68085;382599;OK;1804;0;0;0;0;-0,12;-0,72;0;0;791;829;"";130,716;19,61;452,187;63,57;20,872;0,82;1,5;0,21;11,715;1,58;4,298;10,0;5,139;10,28;6,322;10,74;808,9499;88,65001;257,344;34,97;21,207;12,09;2,227;10,04;1,308;10,02;0,0;10,0;2,759;20,762;0,54;32,657;3,35;5,925;0,53;3,923;1,28;957,2969;1,0;"";"";17,553;2,62;87,407;11,81;"";"";13,0;20,0;13,0;"";"";"";"";"";"";"";"";"";"";"";"";"";"";"";"";"";"";"";"";"";"";"";"";"";"";"";"";"";"";"";"";"";"";"";"";"";"";"";"";"";"";"";"";"";"";"";"";"";"";"";"";"";"";"";"";"";"";"";"";"";"";"";"";""
03.12.2022 06:37:50;1670045870000;880f01e687e2572cea04e80fc6a68085;382720;OK;1793;0;0;0;0;-0,15;5,12;0;0;789;831;"";131,948;19,79;453,933;63,62;20,871;0,82;1,5;0,21;11,623;1,58;4,346;10,0;5,244;10,39;5,568;10,51;771,202;85,05;241,124;33,46;23,435;12,34;0,451;10,0;0,345;10,0;0,0;10,0;1,737;20,76;0,54;32,736;3,34;5,938;0,53;3,956;1,27;957,2989;1,0;"";"";17,448;2,62;86,81;11,78;"";"";13,0;20,0;13,0;"";"";"";"";"";"";"";"";"";"";"";"";"";"";"";"";"";"";"";"";"";"";"";"";"";"";"";"";"";"";"";"";"";"";"";"";"";"";"";"";"";"";"";"";"";"";"";"";"";"";"";"";"";"";"";"";"";"";"";"";"";"";"";"";""
03.12.2022 06:39:51;1670045991000;880f01e687e2572cea04e80fc6a68085;382840;OK;1793;0;0;0;0;0,02;1,74;0;0;801;834;"";136,164;20,42;453,363;63,6;20,863;0,82;1,499;0,21;11,769;1,59;4,085;10,0;4,793;10,09;4,876;10,11;768,974;84,83001;238,039;33,12;21,572;12,11;0,185;10,0;0,036;10,0;0,0;10,0;1,355;20,755;0,54;32,917;3,34;5,969;0,53;4,03;1,26;957,296;1,0;"";"";17,594;2,62;87,346;11,8;"";"";13,0;20,0;13,0;"";"";"";"";"";"";"";"";"";"";"";"";"";"";"";"";"";"";"";"";"";"";"";"";"";"";"";"";"";"";"";"";"";"";"";"";"";"";"";"";"";"";"";"";"";"";"";"";"";"";"";"";"";"";"";"";"";"";"";"";"";"";"";"";""
03.12.2022 06:41:51;1670046111000;880f01e687e2572cea04e80fc6a68085;382960;OK;1790;0;0;0;0;0,14;1,22;0;0;821;834;"";135,16;20,27;453,048;63,59;20,863;0,82;1,499;0,21;11,78;1,59;3,652;10,0;4,236;10,06;4,601;10,09;767,741;84,7;235,635;32,88;15,626;11,52;0,798;10,0;0,783;10,0;0,0;10,0;1,845;20,753;0,54;32,871;3,34;5,96;0,53;4,008;1,27;957,283;1,0;"";"";17,745;2,61;87,351;11,8;"";"";13,0;20,0;13,0;"";"";"";"";"";"";"";"";"";"";"";"";"";"";"";"";"";"";"";"";"";"";"";"";"";"";"";"";"";"";"";"";"";"";"";"";"";"";"";"";"";"";"";"";"";"";"";"";"";"";"";"";"";"";"";"";"";"";"";"";"";"";"";"";""
03.12.2022 06:43:49;1670046229000;880f01e687e2572cea04e80fc6a68085;383079;OK;1817;0;0;0;0;-0,0;-2,64;0;0;800;832;"";132,501;19,88;452,894;63,59;20,87;0,82;1,499;0,21;11,691;1,58;4,109;10,0;4,694;10,21;5,213;10,44;752,817;83,28;232,705;32,62;20,071;11,92;0,952;10,0;0,21;10,0;0,0;10,0;1,941;20,746;0,54;32,791;3,34;5,943;0,53;3,967;1,27;957,2849;1,0;"";"";17,696;2,61;86,71901;11,77;"";"";13,0;20,0;13,0;"";"";"";"";"";"";"";"";"";"";"";"";"";"";"";"";"";"";"";"";"";"";"";"";"";"";"";"";"";"";"";"";"";"";"";"";"";"";"";"";"";"";"";"";"";"";"";"";"";"";"";"";"";"";"";"";"";"";"";"";"";"";"";"";""
03.12.2022 06:45:50;1670046350000;880f01e687e2572cea04e80fc6a68085;383200;OK;1789;0;0;0;0;-0,08;-1,38;0;0;797;834;"";133,977;20,1;452,699;63,58;20,867;0,82;1,497;0,21;11,659;1,58;4,153;10,0;5,077;10,34;5,524;10,56;762,615;84,14001;237,68;33,11;22,815;12,16;0,65;10,0;0,49;10,0;0,0;10,0;1,96;20,744;0,54;32,839;3,34;5,951;0,53;3,986;1,27;957,296;1,0;"";"";17,613;2,61;86,392;11,75;"";"";13,0;20,0;13,0;"";"";"";"";"";"";"";"";"";"";"";"";"";"";"";"";"";"";"";"";"";"";"";"";"";"";"";"";"";"";"";"";"";"";"";"";"";"";"";"";"";"";"";"";"";"";"";"";"";"";"";"";"";"";"";"";"";"";"";"";"";"";"";"";""
03.12.2022 06:47:50;1670046470000;880f01e687e2572cea04e80fc6a68085;383320;OK;1788;0;0;0;0;-0,03;-8,09;0;0;824;833;"";132,804;19,92;450,093;63,5;20,869;0,82;1,498;0,21;11,634;1,58;3,604;10,0;4,398;10,06;4,944;10,27;700,536;78,16;215,54;30,91;20,892;12,03;0,984;10,0;0,645;10,0;0,194;10,0;2,059;20,735;0,54;32,815;3,34;5,944;0,53;3,968;1,27;957,253;1,0;"";"";17,642;2,61;86,214;11,74;"";"";13,0;20,0;13,0;"";"";"";"";"";"";"";"";"";"";"";"";"";"";"";"";"";"";"";"";"";"";"";"";"";"";"";"";"";"";"";"";"";"";"";"";"";"";"";"";"";"";"";"";"";"";"";"";"";"";"";"";"";"";"";"";"";"";"";"";"";"";"";"";""
03.12.2022 06:49:53;1670046593000;880f01e687e2572cea04e80fc6a68085;383442;OK;1810;0;0;0;0;-0,01;-1,74;0;0;820;832;"";131,188;19,68;452,649;63,58;20,864;0,82;1,496;0,21;11,64;1,58;3,698;10,0;4,198;10,01;4,574;10,11;699,522;78,0;213,118;30,77;18,968;11,84;0,473;10,03;0,439;10,03;0,019;10,0;1,744;20,732;0,54;32,763;3,34;5,933;0,53;3,943;1,27;957,237;1,0;"";"";17,591;2,62;85,99401;11,73;"";"";13,0;20,0;13,0;"";"";"";"";"";"";"";"";"";"";"";"";"";"";"";"";"";"";"";"";"";"";"";"";"";"";"";"";"";"";"";"";"";"";"";"";"";"";"";"";"";"";"";"";"";"";"";"";"";"";"";"";"";"";"";"";"";"";"";"";"";"";"";"";""
03.12.2022 06:51:53;1670046713000;880f01e687e2572cea04e80fc6a68085;383563;OK;1796;0;0;0;0;-0,02;0,68;0;0;811;833;"";132,164;19,82;452,158;63,56;20,867;0,82;1,495;0,21;11,679;1,58;3,862;10,0;4,742;10,14;4,78;10,15;751,627;83,19;234,959;32,91;17,516;11,66;0,049;10,0;0,045;10,0;0,002;10,0;1,336;20,728;0,54;32,777;3,34;5,934;0,53;3,945;1,27;957,275;1,0;"";"";17,606;2,61;86,126;11,74;"";"";13,0;20,0;13,0;"";"";"";"";"";"";"";"";"";"";"";"";"";"";"";"";"";"";"";"";"";"";"";"";"";"";"";"";"";"";"";"";"";"";"";"";"";"";"";"";"";"";"";"";"";"";"";"";"";"";"";"";"";"";"";"";"";"";"";"";"";"";"";"";""
03.12.2022 06:53:53;1670046833000;880f01e687e2572cea04e80fc6a68085;383682;OK;1802;0;0;0;0;-0,03;3,0;0;0;792;831;"";128,9;19,34;451,943;63,56;20,869;0,82;1,496;0,21;11,605;1,58;4,272;10,0;4,854;10,08;4,858;10,08;777,118;85,54;237,996;33,15;19,031;11,83;0,005;10,0;0,005;10,0;0,0;10,0;1,185;20,726;0,54;32,701;3,34;5,92;0,53;3,911;1,27;957,311;1,0;"";"";17,624;2,61;85,84101;11,73;"";"";13,0;20,0;13,0;"";"";"";"";"";"";"";"";"";"";"";"";"";"";"";"";"";"";"";"";"";"";"";"";"";"";"";"";"";"";"";"";"";"";"";"";"";"";"";"";"";"";"";"";"";"";"";"";"";"";"";"";"";"";"";"";"";"";"";"";"";"";"";"";""
03.12.2022 06:55:53;1670046953000;880f01e687e2572cea04e80fc6a68085;383803;OK;1789;0;0;0;0;-0,05;-4,48;0;0;824;832;"";131,026;19,65;451,104;63,53;20,87;0,82;1,496;0,21;11,505;1,58;3,57;10,0;4,337;10,08;4,642;10,16;706,404;78,71;216,767;31,05;21,311;12,08;0,655;10,0;0,0;10,0;0,0;10,0;1,807;20,721;0,54;32,734;3,34;5,924;0,53;3,921;1,27;957,313;1,0;"";"";17,509;2,62;85,51001;11,71;"";"";13,0;20,0;13,0;"";"";"";"";"";"";"";"";"";"";"";"";"";"";"";"";"";"";"";"";"";"";"";"";"";"";"";"";"";"";"";"";"";"";"";"";"";"";"";"";"";"";"";"";"";"";"";"";"";"";"";"";"";"";"";"";"";"";"";"";"";"";"";"";""
03.12.2022 06:57:54;1670047074000;880f01e687e2572cea04e80fc6a68085;383923;OK;1806;0;0;0;0;-0,03;-4,13;0;0;797;833;"";131,101;19,67;450,248;63,51;20,869;0,82;1,496;0,21;11,529;1,58;4,165;10,0;5,071;10,31;5,405;10,52;736,148;81,62001;235,066;32,84;21,278;12,12;0,874;10,0;0,8059999;10,0;0,0;10,0;1,762;20,72;0,54;32,779;3,34;5,932;0,53;3,939;1,27;957,313;1,0;"";"";17,435;2,62;85,75701;11,72;"";"";13,0;20,0;13,0;"";"";"";"";"";"";"";"";"";"";"";"";"";"";"";"";"";"";"";"";"";"";"";"";"";"";"";"";"";"";"";"";"";"";"";"";"";"";"";"";"";"";"";"";"";"";"";"";"";"";"";"";"";"";"";"";"";"";"";"";"";"";"";"";""
03.12.2022 06:59:54;1670047194000;880f01e687e2572cea04e80fc6a68085;384044;OK;1787;0;0;0;0;0,02;0,43;0;0;787;833;"";132,346;19,85;451,446;63,54;20,866;0,82;1,495;0,21;11,611;1,58;4,368;10,0;4,874;10,15;5,616;10,47;738,227;81,81;237,286;33,04;19,791;11,99;0,986;10,0;0,713;10,0;0,0;10,0;2,262;20,713;0,54;32,782;3,34;5,93;0,53;3,935;1,27;957,352;1,0;"";"";17,409;2,62;85,86101;11,73;"";"";13,0;20,0;13,0;"";"";"";"";"";"";"";"";"";"";"";"";"";"";"";"";"";"";"";"";"";"";"";"";"";"";"";"";"";"";"";"";"";"";"";"";"";"";"";"";"";"";"";"";"";"";"";"";"";"";"";"";"";"";"";"";"";"";"";"";"";"";"";"";""
03.12.2022 07:01:54;1670047314000;880f01e687e2572cea04e80fc6a68085;384164;OK;1800;0;0;0;0;0,02;2,15;0;0;808;833;"";130,906;19,64;451,299;63,54;20,867;0,82;1,495;0,21;11,638;1,58;3,919;10,0;4,239;10,04;4,316;10,07;705,251;78,59;220,754;31,51;16,186;11,53;0,102;10,0;0,074;10,0;0,0;10,0;1,221;20,71;0,54;32,789;3,34;5,931;0,53;3,935;1,27;957,392;1,0;"";"";17,513;2,62;86,005;11,74;"";"";13,0;20,0;13,0;"";"";"";"";"";"";"";"";"";"";"";"";"";"";"";"";"";"";"";"";"";"";"";"";"";"";"";"";"";"";"";"";"";"";"";"";"";"";"";"";"";"";"";"";"";"";"";"";"";"";"";"";"";"";"";"";"";"";"";"";"";"";"";"";""
03.12.2022 07:03:56;1670047436000;880f01e687e2572cea04e80fc6a68085;384286;OK;1786;0;0;0;0;-0,02;-0,12;0;0;836;833;"";129,433;19,42;450,28;63,51;20,867;0,82;1,494;0,21;11,623;1,58;3,309;10,0;3,874;10,06;4,234;10,09;665,966;74,77;210,017;30,45;16,34;11,54;0,344;10,0;0,341;10,0;0,334;10,0;1,849;20,705;0,54;32,754;3,34;5,922;0,53;3,915;1,27;957,383;1,0;"";"";17,545;2,62;85,782;11,72;"";"";13,0;20,0;13,0;"";"";"";"";"";"";"";"";"";"";"";"";"";"";"";"";"";"";"";"";"";"";"";"";"";"";"";"";"";"";"";"";"";"";"";"";"";"";"";"";"";"";"";"";"";"";"";"";"";"";"";"";"";"";"";"";"";"";"";"";"";"";"";"";""
03.12.2022 07:05:55;1670047555000;880f01e687e2572cea04e80fc6a68085;384405;OK;1798;0;0;0;0;0,01;-3,48;0;0;807;835;"";131,243;19,69;450,847;63,53;20,867;0,82;1,493;0,21;11,62;1,58;3,962;10,0;4,621;10,06;6,181;10,7;736,633;81,62001;232,661;32,61;22,724;12,19;2,606;10,17;1,893;10,12;0,036;10,0;3,222;20,702;0,54;32,842;3,34;5,937;0,52;3,951;1,27;957,327;1,0;"";"";17,607;2,61;86,102;11,74;"";"";13,0;20,0;13,0;"";"";"";"";"";"";"";"";"";"";"";"";"";"";"";"";"";"";"";"";"";"";"";"";"";"";"";"";"";"";"";"";"";"";"";"";"";"";"";"";"";"";"";"";"";"";"";"";"";"";"";"";"";"";"";"";"";"";"";"";"";"";"";"";""
03.12.2022 07:07:56;1670047676000;880f01e687e2572cea04e80fc6a68085;384525;OK;1797;0;0;0;0;0,04;3,6;0;0;821;836;"";131,992;19,8;452,139;63,56;20,868;0,82;1,493;0,21;11,731;1,58;3,673;10,0;4,856;10,17;5,251;10,37;753,2249;83,23001;236,633;33,09;24,941;12,42;1,086;10,02;0,195;10,01;0,004;10,0;1,915;20,699;0,54;32,9;3,34;5,947;0,52;3,973;1,26;957,279;1,0;"";"";17,739;2,61;86,258;11,75;"";"";13,0;20,0;13,0;"";"";"";"";"";"";"";"";"";"";"";"";"";"";"";"";"";"";"";"";"";"";"";"";"";"";"";"";"";"";"";"";"";"";"";"";"";"";"";"";"";"";"";"";"";"";"";"";"";"";"";"";"";"";"";"";"";"";"";"";"";"";"";"";""
03.12.2022 07:09:56;1670047796000;880f01e687e2572cea04e80fc6a68085;384646;OK;1790;0;0;0;0;0,07;1,01;0;0;824;837;"";135,32;20,3;450,407;63,51;20,869;0,82;1,494;0,21;11,799;1,59;3,612;10,0;4,708;10,09;5,469;10,47;744,827;82,44;229,528;32,29;25,266;12,55;0,945;10,05;0,853;10,05;0,0;10,0;2,393;20,697;0,54;32,944;3,34;5,954;0,52;3,991;1,26;957,262;1,0;"";"";17,716;2,61;86,389;11,75;"";"";13,0;20,0;13,0;"";"";"";"";"";"";"";"";"";"";"";"";"";"";"";"";"";"";"";"";"";"";"";"";"";"";"";"";"";"";"";"";"";"";"";"";"";"";"";"";"";"";"";"";"";"";"";"";"";"";"";"";"";"";"";"";"";"";"";"";"";"";"";"";""
03.12.2022 07:11:57;1670047917000;880f01e687e2572cea04e80fc6a68085;384767;OK;1793;0;0;0;0;0,0;1,53;0;0;818;835;"";133,714;20,06;452,816;63,58;20,868;0,82;1,493;0,21;11,776;1,59;3,739;10,0;4,352;10,04;5,754;10,57;697,438;77,82;220,038;31,38;20,211;11,96;1,813;10,12;1,586;10,08;0,0;10,0;3,203;20,693;0,54;32,878;3,34;5,941;0,52;3,959;1,26;957,272;1,0;"";"";17,742;2,61;86,334;11,75;"";"";13,0;20,0;13,0;"";"";"";"";"";"";"";"";"";"";"";"";"";"";"";"";"";"";"";"";"";"";"";"";"";"";"";"";"";"";"";"";"";"";"";"";"";"";"";"";"";"";"";"";"";"";"";"";"";"";"";"";"";"";"";"";"";"";"";"";"";"";"";"";""
03.12.2022 07:13:57;1670048037000;880f01e687e2572cea04e80fc6a68085;384887;OK;1795;0;0;0;0;-0,05;5,81;0;0;812;834;"";130,678;19,6;453,871;63,62;20,868;0,82;1,493;0,21;11,69;1,58;3,864;10,0;4,463;10,07;5,537;10,44;743,6729;82,32;230,463;32,37;18,482;11,65;1,697;10,21;1,518;10,21;0,689;10,0;2,619;20,69;0,54;32,788;3,34;5,923;0,52;3,917;1,27;957,261;1,0;"";"";17,769;2,61;86,201;11,75;"";"";13,0;20,0;13,0;"";"";"";"";"";"";"";"";"";"";"";"";"";"";"";"";"";"";"";"";"";"";"";"";"";"";"";"";"";"";"";"";"";"";"";"";"";"";"";"";"";"";"";"";"";"";"";"";"";"";"";"";"";"";"";"";"";"";"";"";"";"";"";"";""
03.12.2022 07:15:58;1670048158000;880f01e687e2572cea04e80fc6a68085;385007;OK;1801;0;0;0;0;-0,08;3,06;0;0;832;834;"";131,428;19,71;450,687;63,52;20,867;0,82;1,493;0,21;11,603;1,58;3,372;10,0;4,026;10,09;5,096;10,41;705,782;78,63;221,142;31,55;17,871;11,68;1,635;10,07;1,616;10,07;0,071;10,0;2,859;20,685;0,54;32,8;3,34;5,924;0,52;3,918;1,27;957,259;1,0;"";"";17,649;2,61;85,80501;11,72;"";"";13,0;20,0;13,0;"";"";"";"";"";"";"";"";"";"";"";"";"";"";"";"";"";"";"";"";"";"";"";"";"";"";"";"";"";"";"";"";"";"";"";"";"";"";"";"";"";"";"";"";"";"";"";"";"";"";"";"";"";"";"";"";"";"";"";"";"";"";"";"";""
03.12.2022 07:17:58;1670048278000;880f01e687e2572cea04e80fc6a68085;385127;OK;1795;0;0;0;0;-0,02;-3,09;0;0;827;836;"";132,703;19,91;451,64;63,55;20,867;0,82;1,493;0,21;11,692;1,58;3,539;10,02;4,249;10,09;5,099;10,29;739,962;81,98001;231,739;32,49;20,612;12,02;1,59;10,01;1,588;10,01;0,007;10,0;2,685;20,679;0,54;32,866;3,34;5,934;0,52;3,941;1,27;957,2579;1,0;"";"";17,654;2,61;85,864;11,73;"";"";13,0;20,0;13,0;"";"";"";"";"";"";"";"";"";"";"";"";"";"";"";"";"";"";"";"";"";"";"";"";"";"";"";"";"";"";"";"";"";"";"";"";"";"";"";"";"";"";"";"";"";"";"";"";"";"";"";"";"";"";"";"";"";"";"";"";"";"";"";"";""
03.12.2022 07:19:58;1670048398000;880f01e687e2572cea04e80fc6a68085;385248;OK;1794;0;0;0;0;-0,04;-4,06;0;0;801;835;"";129,807;19,47;451,784;63,55;20,864;0,82;1,492;0,21;11,567;1,58;4,058;10,0;4,743;10,17;5,416;10,51;752,12;83,23001;234,013;32,73;20,849;12,02;1,521;10,0;0,732;10,0;0,375;10,0;2,279;20,676;0,54;32,824;3,34;5,925;0,52;3,92;1,27;957,249;1,0;"";"";17,553;2,62;85,33999;11,7;"";"";13,0;20,0;13,0;"";"";"";"";"";"";"";"";"";"";"";"";"";"";"";"";"";"";"";"";"";"";"";"";"";"";"";"";"";"";"";"";"";"";"";"";"";"";"";"";"";"";"";"";"";"";"";"";"";"";"";"";"";"";"";"";"";"";"";"";"";"";"";"";""
03.12.2022 07:21:59;1670048519000;880f01e687e2572cea04e80fc6a68085;385368;OK;1790;0;0;0;0;0,06;5,83;0;0;811;839;"";134,098;20,11;452,347;63,57;20,867;0,82;1,492;0,21;11,666;1,58;3,865;10,01;4,655;10,07;5,041;10,37;679,7379;76,18;212,546;30,73;16,717;11,61;0,552;10,0;0,471;10,0;0,039;10,0;1,85;20,671;0,54;33,029;3,34;5,961;0,52;4,005;1,26;957,233;1,0;"";"";17,661;2,61;85,76;11,72;"";"";13,0;20,0;13,0;"";"";"";"";"";"";"";"";"";"";"";"";"";"";"";"";"";"";"";"";"";"";"";"";"";"";"";"";"";"";"";"";"";"";"";"";"";"";"";"";"";"";"";"";"";"";"";"";"";"";"";"";"";"";"";"";"";"";"";"";"";"";"";"";""
03.12.2022 07:23:59;1670048639000;880f01e687e2572cea04e80fc6a68085;385489;OK;1779;0;0;0;0;0,13;-0,99;0;0;827;838;"";131,864;19,78;450,72;63,52;20,867;0,82;1,492;0,21;11,757;1,58;3,534;10,0;4,095;10,01;4,494;10,23;663,732;74,57;203,824;29,82;12,257;11,25;0,513;10,01;0,505;10,01;0,004;10,0;1,764;20,669;0,54;32,997;3,34;5,954;0,52;3,989;1,26;957,218;1,0;"";"";17,8;2,61;86,627;11,77;"";"";13,0;20,0;13,0;"";"";"";"";"";"";"";"";"";"";"";"";"";"";"";"";"";"";"";"";"";"";"";"";"";"";"";"";"";"";"";"";"";"";"";"";"";"";"";"";"";"";"";"";"";"";"";"";"";"";"";"";"";"";"";"";"";"";"";"";"";"";"";"";""
03.12.2022 07:26:00;1670048760000;880f01e687e2572cea04e80fc6a68085;385609;OK;1808;0;0;0;0;0,03;-2,91;0;0;832;835;"";129,935;19,49;451,098;63,53;20,868;0,82;1,491;0,21;11,711;1,58;3,439;10,0;4,217;10,0;5,201;10,45;647,229;72,99;203,125;29,74;16,844;11,65;1,591;10,08;1,071;10,0;0,0;10,0;2,778;20,668;0,54;32,805;3,34;5,919;0,52;3,905;1,27;957,2;1,0;"";"";17,714;2,61;86,17801;11,74;"";"";13,0;20,0;13,0;"";"";"";"";"";"";"";"";"";"";"";"";"";"";"";"";"";"";"";"";"";"";"";"";"";"";"";"";"";"";"";"";"";"";"";"";"";"";"";"";"";"";"";"";"";"";"";"";"";"";"";"";"";"";"";"";"";"";"";"";"";"";"";"";""
03.12.2022 07:28:00;1670048880000;880f01e687e2572cea04e80fc6a68085;385730;OK;1790;0;0;0;0;-0,07;-4,09;0;0;803;838;"";132,702;19,91;450,965;63,53;20,867;0,82;1,491;0,21;11,701;1,58;4,049;10,0;4,553;10,1;5,252;10,5;741,998;82,17;232,724;32,69;20,916;12,02;1,248;10,01;1,195;10,0;0,295;10,0;2,193;20,667;0,54;32,95;3,34;5,945;0,52;3,967;1,26;957,192;1,0;"";"";17,603;2,61;85,99;11,73;"";"";13,0;20,0;13,0;"";"";"";"";"";"";"";"";"";"";"";"";"";"";"";"";"";"";"";"";"";"";"";"";"";"";"";"";"";"";"";"";"";"";"";"";"";"";"";"";"";"";"";"";"";"";"";"";"";"";"";"";"";"";"";"";"";"";"";"";"";"";"";"";""
03.12.2022 07:29:59;1670048999000;880f01e687e2572cea04e80fc6a68085;385849;OK;1798;0;0;0;0;-0,08;-3,74;0;0;810;835;"";130,412;19,56;448,857;63,47;20,869;0,82;1,49;0,21;11,639;1,58;3,898;10,0;5,38;10,41;5,779;10,52;679,351;76,1;211,592;30,58;22,559;12,17;1,826;10,19;0,513;10,0;0,032;10,0;1,965;20,663;0,54;32,823;3,34;5,921;0,52;3,909;1,27;957,189;1,0;"";"";17,585;2,62;85,586;11,71;"";"";13,0;20,0;13,0;"";"";"";"";"";"";"";"";"";"";"";"";"";"";"";"";"";"";"";"";"";"";"";"";"";"";"";"";"";"";"";"";"";"";"";"";"";"";"";"";"";"";"";"";"";"";"";"";"";"";"";"";"";"";"";"";"";"";"";"";"";"";"";"";""
03.12.2022 07:31:59;1670049119000;880f01e687e2572cea04e80fc6a68085;385969;OK;1788;0;0;0;0;-0,09;-8,88;0;0;841;832;"";125,597;18,84;448,142;63,44;20,867;0,82;1,49;0,21;11,461;1,58;3,187;10,0;3,861;10,05;6,226;10,79;658,299;74,07;204,142;29,84;17,969;11,71;3,64;10,37;3,107;10,29;1,111;10,03;4,475;20,661;0,54;32,656;3,35;5,89;0,52;3,834;1,27;957,16;1,0;"";"";17,503;2,62;85,014;11,68;"";"";13,0;20,0;13,0;"";"";"";"";"";"";"";"";"";"";"";"";"";"";"";"";"";"";"";"";"";"";"";"";"";"";"";"";"";"";"";"";"";"";"";"";"";"";"";"";"";"";"";"";"";"";"";"";"";"";"";"";"";"";"";"";"";"";"";"";"";"";"";"";""
03.12.2022 07:34:00;1670049240000;880f01e687e2572cea04e80fc6a68085;386089;OK;1804;0;0;0;0;-0,13;-1,07;0;0;823;834;"";127,939;19,19;450,888;63,53;20,867;0,82;1,49;0,21;11,451;1,58;3,593;10,0;4,294;10,11;5,577;10,51;683,058;76,4;214,69;30,91;20,48;11,91;2,65;10,28;2,377;10,27;0,827;10,0;3,103;20,66;0,54;32,735;3,35;5,904;0,52;3,867;1,27;957,1259;1,0;"";"";17,414;2,62;84,61101;11,66;"";"";13,0;20,0;13,0;"";"";"";"";"";"";"";"";"";"";"";"";"";"";"";"";"";"";"";"";"";"";"";"";"";"";"";"";"";"";"";"";"";"";"";"";"";"";"";"";"";"";"";"";"";"";"";"";"";"";"";"";"";"";"";"";"";"";"";"";"";"";"";"";""
03.12.2022 07:36:00;1670049360000;880f01e687e2572cea04e80fc6a68085;386209;OK;1794;0;0;0;0;-0,03;-0,24;0;0;826;834;"";128,662;19,3;448,872;63,47;20,867;0,82;1,49;0,21;11,444;1,58;3,467;10,0;4,363;10,15;5,815;10,59;732,8189;81,2;227,946;32,17;19,036;11,81;2,101;10,26;1,948;10,25;0,457;10,0;3,449;20,656;0,54;32,739;3,35;5,903;0,52;3,866;1,27;957,1119;1,0;"";"";17,36;2,63;84,477;11,66;"";"";13,0;20,0;13,0;"";"";"";"";"";"";"";"";"";"";"";"";"";"";"";"";"";"";"";"";"";"";"";"";"";"";"";"";"";"";"";"";"";"";"";"";"";"";"";"";"";"";"";"";"";"";"";"";"";"";"";"";"";"";"";"";"";"";"";"";"";"";"";"";""
03.12.2022 07:38:00;1670049480000;880f01e687e2572cea04e80fc6a68085;386330;OK;1783;0;0;0;0;0,09;3,12;0;0;806;837;"";131,238;19,69;450,94;63,53;20,867;0,82;1,49;0,21;11,431;1,58;3,971;10,03;4,886;10,22;6,19;10,74;745,037;82,47001;236,087;32,98;22,903;12,27;1,839;10,15;1,823;10,14;0,047;10,0;3,001;20,655;0,54;32,909;3,34;5,933;0,52;3,938;1,26;957,128;1,0;"";"";17,477;2,62;84,437;11,65;"";"";13,0;20,0;13,0;"";"";"";"";"";"";"";"";"";"";"";"";"";"";"";"";"";"";"";"";"";"";"";"";"";"";"";"";"";"";"";"";"";"";"";"";"";"";"";"";"";"";"";"";"";"";"";"";"";"";"";"";"";"";"";"";"";"";"";"";"";"";"";"";""
03.12.2022 07:40:01;1670049601000;880f01e687e2572cea04e80fc6a68085;386451;OK;1805;0;0;0;0;0,1;1,91;0;0;832;837;"";129,36;19,4;450,138;63,5;20,866;0,82;1,49;0,21;11,583;1,58;3,357;10,0;4,079;10,04;4,711;10,28;646,793;72,89;202,137;29,66;19,668;11,99;1,373;10,01;0,221;10,01;0,005;10,0;2,372;20,65;0,54;32,893;3,34;5,929;0,52;3,928;1,26;957,164;1,0;"";"";17,635;2,61;85,041;11,68;"";"";13,0;20,0;13,0;"";"";"";"";"";"";"";"";"";"";"";"";"";"";"";"";"";"";"";"";"";"";"";"";"";"";"";"";"";"";"";"";"";"";"";"";"";"";"";"";"";"";"";"";"";"";"";"";"";"";"";"";"";"";"";"";"";"";"";"";"";"";"";"";""
03.12.2022 07:42:01;1670049721000;880f01e687e2572cea04e80fc6a68085;386571;OK;1786;0;0;0;0;0,03;3,77;0;0;832;836;"";128,026;19,2;450,421;63,51;20,866;0,82;1,489;0,21;11,629;1,58;3,42;10,0;4,026;10,0;4,588;10,04;656,434;73,81;201,554;29,61;23,258;12,32;1,32;10,01;0,148;10,0;0,001;10,0;2,216;20,647;0,54;32,841;3,34;5,918;0,52;3,902;1,27;957,201;1,0;"";"";17,616;2,61;85,023;11,68;"";"";13,0;20,0;13,0;"";"";"";"";"";"";"";"";"";"";"";"";"";"";"";"";"";"";"";"";"";"";"";"";"";"";"";"";"";"";"";"";"";"";"";"";"";"";"";"";"";"";"";"";"";"";"";"";"";"";"";"";"";"";"";"";"";"";"";"";"";"";"";"";""
03.12.2022 07:44:02;1670049842000;880f01e687e2572cea04e80fc6a68085;386691;OK;1805;0;0;0;0;0,03;0,75;0;0;812;839;"";132,611;19,89;450,824;63,52;20,865;0,82;1,489;0,21;11,751;1,58;3,846;10,0;4,729;10,15;4,986;10,16;714,867;79,51;226,401;31,97;15,658;11,45;0,388;10,0;0,245;10,0;0,0;10,0;1,744;20,643;0,54;33,006;3,34;5,947;0,52;3,97;1,26;957,216;1,0;"";"";17,755;2,61;85,479;11,71;"";"";13,0;20,0;13,0;"";"";"";"";"";"";"";"";"";"";"";"";"";"";"";"";"";"";"";"";"";"";"";"";"";"";"";"";"";"";"";"";"";"";"";"";"";"";"";"";"";"";"";"";"";"";"";"";"";"";"";"";"";"";"";"";"";"";"";"";"";"";"";"";""
03.12.2022 07:46:02;1670049962000;880f01e687e2572cea04e80fc6a68085;386812;OK;1790;0;0;0;0;0,09;4,26;0;0;822;841;"";133,435;20,02;451,666;63,55;20,864;0,82;1,489;0,21;11,829;1,59;3,636;10,0;3,988;10,02;4,992;10,4;708,132;78,88;218,243;31,28;11,048;10,97;1,67;10,12;0,627;10,0;0,0;10,0;2,539;20,641;0,54;33,098;3,34;5,962;0,52;4,008;1,25;957,1989;1,0;"";"";17,903;2,6;86,173;11,74;"";"";13,0;20,0;13,0;"";"";"";"";"";"";"";"";"";"";"";"";"";"";"";"";"";"";"";"";"";"";"";"";"";"";"";"";"";"";"";"";"";"";"";"";"";"";"";"";"";"";"";"";"";"";"";"";"";"";"";"";"";"";"";"";"";"";"";"";"";"";"";"";""
03.12.2022 07:48:03;1670050083000;880f01e687e2572cea04e80fc6a68085;386932;OK;1800;0;0;0;0;0,01;0,68;0;0;814;836;"";129,224;19,38;449,878;63,5;20,865;0,82;1,489;0,21;11,66;1,58;3,823;10,0;4,406;10,04;4,743;10,19;704,297;78,48001;221,958;31,6;17,443;11,67;0,38;10,01;0,272;10,0;0,208;10,0;1,68;20,638;0,54;32,842;3,34;5,915;0,52;3,895;1,27;957,175;1,0;"";"";17,825;2,6;85,747;11,72;"";"";13,0;20,0;13,0;"";"";"";"";"";"";"";"";"";"";"";"";"";"";"";"";"";"";"";"";"";"";"";"";"";"";"";"";"";"";"";"";"";"";"";"";"";"";"";"";"";"";"";"";"";"";"";"";"";"";"";"";"";"";"";"";"";"";"";"";"";"";"";"";""
03.12.2022 07:50:03;1670050203000;880f01e687e2572cea04e80fc6a68085;387052;OK;1786;0;0;0;0;-0,1;-2,37;0;0;829;837;"";129,5;19,43;450,462;63,51;20,865;0,82;1,489;0,21;11,576;1,58;3,51;10,0;4,501;10,11;5,803;10,42;622,958;70,61;197,565;29,21;25,18;12,51;2,056;10,11;2,045;10,1;0,021;10,0;2,922;20,634;0,54;32,888;3,34;5,922;0,52;3,911;1,26;957,152;1,0;"";"";17,746;2,61;85,28501;11,7;"";"";13,0;20,0;13,0;"";"";"";"";"";"";"";"";"";"";"";"";"";"";"";"";"";"";"";"";"";"";"";"";"";"";"";"";"";"";"";"";"";"";"";"";"";"";"";"";"";"";"";"";"";"";"";"";"";"";"";"";"";"";"";"";"";"";"";"";"";"";"";"";""
03.12.2022 07:52:03;1670050323000;880f01e687e2572cea04e80fc6a68085;387173;OK;1807;0;0;0;0;-0,15;-8,01;0;0;825;835;"";129,097;19,36;448,042;63,44;20,869;0,82;1,489;0,21;11,453;1,58;3,567;10,0;4,293;10,01;5,167;10,28;693,095;77,38;214,166;30,72;16,683;11,66;1,282;10,13;1,17;10,13;0,002;10,0;2,581;20,631;0,54;32,787;3,34;5,903;0,52;3,865;1,27;957,106;1,0;"";"";17,568;2,62;84,67601;11,67;"";"";13,0;20,0;13,0;"";"";"";"";"";"";"";"";"";"";"";"";"";"";"";"";"";"";"";"";"";"";"";"";"";"";"";"";"";"";"";"";"";"";"";"";"";"";"";"";"";"";"";"";"";"";"";"";"";"";"";"";"";"";"";"";"";"";"";"";"";"";"";"";""
03.12.2022 07:54:04;1670050444000;880f01e687e2572cea04e80fc6a68085;387293;OK;1797;0;0;0;0;0,05;2,27;0;0;840;839;"";129,795;19,47;450,213;63,51;20,866;0,82;1,488;0,21;11,61;1,58;3,262;10,0;4,238;10,05;4,504;10,19;639,672;72,23001;196,715;29,1;19,7;12,01;0,668;10,09;0,384;10,01;0,0;10,0;1,748;20,628;0,54;32,986;3,34;5,938;0,52;3,948;1,26;957,098;1,0;"";"";17,615;2,61;85,016;11,68;"";"";13,0;20,0;13,0;"";"";"";"";"";"";"";"";"";"";"";"";"";"";"";"";"";"";"";"";"";"";"";"";"";"";"";"";"";"";"";"";"";"";"";"";"";"";"";"";"";"";"";"";"";"";"";"";"";"";"";"";"";"";"";"";"";"";"";"";"";"";"";"";""
03.12.2022 07:56:03;1670050563000;880f01e687e2572cea04e80fc6a68085;387412;OK;1785;0;0;0;0;-0,0;3,6;0;0;843;836;"";125,816;18,87;450,943;63,53;20,866;0,82;1,487;0,21;11,498;1,58;3,149;10,0;3,867;10,01;4,36;10,02;691,859;77,34;216,703;31,1;20,975;12,15;0,6690001;10,01;0,638;10,0;0,0;10,0;2,239;20,626;0,54;32,814;3,34;5,906;0,52;3,872;1,27;957,1099;1,0;"";"";17,538;2,62;84,685;11,67;"";"";13,0;20,0;13,0;"";"";"";"";"";"";"";"";"";"";"";"";"";"";"";"";"";"";"";"";"";"";"";"";"";"";"";"";"";"";"";"";"";"";"";"";"";"";"";"";"";"";"";"";"";"";"";"";"";"";"";"";"";"";"";"";"";"";"";"";"";"";"";"";""
03.12.2022 07:58:04;1670050684000;880f01e687e2572cea04e80fc6a68085;387533;OK;1801;0;0;0;0;-0,01;7,52;0;0;805;836;"";128,546;19,28;451,428;63,54;20,865;0,82;1,488;0,21;11,434;1,58;3,993;10,0;5,733;10,46;6,387;10,64;724,947;80,53;229,353;32,36;29,867;12,92;1,433;10,09;1,01;10,05;0,0;10,0;2,31;20,623;0,54;32,801;3,34;5,903;0,52;3,864;1,27;957,107;1,0;"";"";17,496;2,62;84,37201;11,65;"";"";13,0;20,0;13,0;"";"";"";"";"";"";"";"";"";"";"";"";"";"";"";"";"";"";"";"";"";"";"";"";"";"";"";"";"";"";"";"";"";"";"";"";"";"";"";"";"";"";"";"";"";"";"";"";"";"";"";"";"";"";"";"";"";"";"";"";"";"";"";"";""
03.12.2022 08:00:05;1670050805000;880f01e687e2572cea04e80fc6a68085;387655;OK;1797;0;0;0;0;-0,2;3,65;0;0;797;832;"";120,072;18,01;451,46;63,54;20,865;0,82;1,487;0,21;11,223;1,59;4,14;10,03;5,16;10,37;5,483;10,53;752,145;83,16001;229,849;32,42;21,597;12,07;0,918;10,01;0,714;10,0;0,0;10,0;1,747;20,618;0,54;32,573;3,35;5,86;0,52;3,76;1,28;957,086;1,0;"";"";17,329;2,63;85,27301;11,7;"";"";19,796;17,79;80,0;"";"";"";"";"";"";"";"";"";"";"";"";"";"";"";"";"";"";"";"";"";"";"";"";"";"";"";"";"";"";"";"";"";"";"";"";"";"";"";"";"";"";"";"";"";"";"";"";"";"";"";"";"";"";"";"";"";"";"";"";"";"";"";"";""
03.12.2022 08:02:05;1670050925000;880f01e687e2572cea04e80fc6a68085;387775;OK;1797;0;0;0;0;-0,56;5,36;0;0;820;819;"";101,312;15,2;452,379;63,57;20,866;0,82;1,485;0,21;10,547;1,62;3,614;10,0;4,589;10,04;5,144;10,37;689,353;77,06;213,383;30,75;23,356;12,25;0,825;10,08;0,522;10,0;0,0;10,0;2,073;20,603;0,54;31,799;3,36;5,716;0,53;3,405;1,32;957,091;1,0;"";"";16,529;2,67;81,018;11,48;"";"";18,895;18,02;80,30001;"";"";"";"";"";"";"";"";"";"";"";"";"";"";"";"";"";"";"";"";"";"";"";"";"";"";"";"";"";"";"";"";"";"";"";"";"";"";"";"";"";"";"";"";"";"";"";"";"";"";"";"";"";"";"";"";"";"";"";"";"";"";"";"";""
03.12.2022 08:04:05;1670051045000;880f01e687e2572cea04e80fc6a68085;387895;OK;1793;1;0;0;0;-0,58;26,44;0;0;821;822;"";104,727;15,71;461,431;63,84;20,865;0,82;1,484;0,21;10,352;1,63;3,64;10,0;4,101;10,0;4,653;10,15;702,601;78,35;219,28;31,3;14,123;11,41;0,815;10,08;0,492;10,0;0,0;10,0;2,05;20,596;0,54;31,928;3,36;5,736;0,53;3,456;1,31;957,098;1,0;"";"";16,049;2,69;78,654;11,35;"";"";13,608;19,8;13,0;"";"";"";"";"";"";"";"";"";"";"";"";"";"";"";"";"";"";"";"";"";"";"";"";"";"";"";"";"";"";"";"";"";"";"";"";"";"";"";"";"";"";"";"";"";"";"";"";"";"";"";"";"";"";"";"";"";"";"";"";"";"";"";"";""
03.12.2022 08:06:07;1670051167000;880f01e687e2572cea04e80fc6a68085;388016;OK;1817;1;0;0;0;-0,32;35,13;0;0;785;819;"";100,714;15,11;462,256;63,87;20,866;0,82;1,484;0,21;10,227;1,64;4,407;10,0;4,889;10,13;5,743;10,68;736,152;81,63;231,56;32,47;19,492;11,81;1,076;10,01;1,043;10,0;0,574;10,0;2,412;20,603;0,54;31,779;3,36;5,712;0,53;3,397;1,32;957,104;1,0;"";"";15,722;2,71;77,859;11,31;"";"";18,404;18,09;81,4;"";"";"";"";"";"";"";"";"";"";"";"";"";"";"";"";"";"";"";"";"";"";"";"";"";"";"";"";"";"";"";"";"";"";"";"";"";"";"";"";"";"";"";"";"";"";"";"";"";"";"";"";"";"";"";"";"";"";"";"";"";"";"";"";""
03.12.2022 08:08:08;1670051288000;880f01e687e2572cea04e80fc6a68085;388137;OK;1793;1;0;0;0;0,07;29,85;0;0;783;820;"";102,141;15,32;463,299;63,9;20,865;0,82;1,484;0,21;10,319;1,64;4,468;10,12;5,413;10,28;6,201;10,7;755,117;83,41001;236,046;32,94;21,746;12,14;1,127;10,03;0,894;10,03;0,05900001;10,0;2,281;20,609;0,54;31,841;3,36;5,725;0,53;3,43;1,31;957,091;1,0;"";"";15,643;2,71;77,427;11,29;"";"";13,558;19,8;13,0;"";"";"";"";"";"";"";"";"";"";"";"";"";"";"";"";"";"";"";"";"";"";"";"";"";"";"";"";"";"";"";"";"";"";"";"";"";"";"";"";"";"";"";"";"";"";"";"";"";"";"";"";"";"";"";"";"";"";"";"";"";"";"";"";""
03.12.2022 08:10:07;1670051407000;880f01e687e2572cea04e80fc6a68085;388256;OK;1793;0;0;0;0;0,05;8,98;0;0;818;823;"";109,749;16,46;464,824;63,94;20,866;0,82;1,484;0,21;10,482;1,63;3,725;10,01;4,56;10,17;5,006;10,34;703,144;78,37;217,757;31,16;20,834;11,94;1,884;10,13;1,265;10,13;0,006;10,0;1,908;20,619;0,54;31,992;3,36;5,756;0,53;3,505;1,31;957,0869;1,0;"";"";15,754;2,7;78,17501;11,33;"";"";13,06;19,98;13,0;"";"";"";"";"";"";"";"";"";"";"";"";"";"";"";"";"";"";"";"";"";"";"";"";"";"";"";"";"";"";"";"";"";"";"";"";"";"";"";"";"";"";"";"";"";"";"";"";"";"";"";"";"";"";"";"";"";"";"";"";"";"";"";"";""
03.12.2022 08:12:08;1670051528000;880f01e687e2572cea04e80fc6a68085;388377;OK;1804;0;0;0;0;0,36;1,15;0;0;820;830;"";119,416;17,91;463,309;63,9;20,866;0,82;1,483;0,21;10,864;1,61;3,669;10,0;4,505;10,05;5,75;10,68;679,333;76,04;214,947;30,85;22,54;12,23;2,704;10,17;2,196;10,13;0,001;10,0;3,103;20,626;0,54;32,447;3,35;5,84;0,52;3,711;1,28;957,0689;1,0;"";"";16,388;2,67;80,681;11,46;"";"";13,006;20,0;13,0;"";"";"";"";"";"";"";"";"";"";"";"";"";"";"";"";"";"";"";"";"";"";"";"";"";"";"";"";"";"";"";"";"";"";"";"";"";"";"";"";"";"";"";"";"";"";"";"";"";"";"";"";"";"";"";"";"";"";"";"";"";"";"";"";""
03.12.2022 08:14:08;1670051648000;880f01e687e2572cea04e80fc6a68085;388497;OK;1797;0;0;0;0;0,5;-9,15;0;0;825;834;"";123,329;18,5;460,562;63,82;20,866;0,82;1,485;0,21;11,337;1,59;3,566;10,0;4,202;10,01;4,638;10,09;659,12;74,15;205,339;29,95;13,633;11,22;0,778;10,02;0,538;10,01;0,0;10,0;1,975;20,632;0,54;32,669;3,35;5,882;0,52;3,814;1,27;957,063;1,0;"";"";17,213;2,63;83,488;11,6;"";"";13,001;20,0;13,0;"";"";"";"";"";"";"";"";"";"";"";"";"";"";"";"";"";"";"";"";"";"";"";"";"";"";"";"";"";"";"";"";"";"";"";"";"";"";"";"";"";"";"";"";"";"";"";"";"";"";"";"";"";"";"";"";"";"";"";"";"";"";"";"";""
03.12.2022 08:16:08;1670051768000;880f01e687e2572cea04e80fc6a68085;388618;OK;1802;0;0;0;0;0,4;-9,04;0;0;820;835;"";125,57;18,84;462,488;63,87;20,866;0,82;1,486;0,21;11,522;1,58;3,681;10,0;4,604;10,19;5,735;10,54;718,9539;79,93;224,763;31,89;21,105;11,98;2,133;10,1;1,476;10,0;0,0;10,0;2,979;20,636;0,54;32,754;3,35;5,899;0,52;3,855;1,27;957,065;1,0;"";"";17,795;2,6;85,25801;11,7;"";"";13,0;20,0;13,0;"";"";"";"";"";"";"";"";"";"";"";"";"";"";"";"";"";"";"";"";"";"";"";"";"";"";"";"";"";"";"";"";"";"";"";"";"";"";"";"";"";"";"";"";"";"";"";"";"";"";"";"";"";"";"";"";"";"";"";"";"";"";"";"";""
03.12.2022 08:18:10;1670051890000;880f01e687e2572cea04e80fc6a68085;388740;OK;1784;0;0;0;0;0,27;1,65;0;0;851;840;"";127,973;19,2;462,463;63,87;20,866;0,82;1,487;0,21;11,889;1,59;2,916;10,0;3,787;10,03;4,642;10,18;660,4569;74,27;208,726;30,31;21,161;12,07;1,357;10,14;0,69;10,0;0,0;10,0;2,803;20,642;0,54;33,019;3,34;5,948;0,52;3,974;1,26;957,062;1,0;"";"";18,363;2,58;87,589;11,82;"";"";13,0;20,0;13,0;"";"";"";"";"";"";"";"";"";"";"";"";"";"";"";"";"";"";"";"";"";"";"";"";"";"";"";"";"";"";"";"";"";"";"";"";"";"";"";"";"";"";"";"";"";"";"";"";"";"";"";"";"";"";"";"";"";"";"";"";"";"";"";"";""
03.12.2022 08:20:09;1670052009000;880f01e687e2572cea04e80fc6a68085;388859;OK;1804;0;0;0;0;0,15;5,79;0;0;839;838;"";128,092;19,21;462,389;63,87;20,867;0,82;1,488;0,21;11,91;1,59;3,245;10,0;4,539;10,22;5,774;10,46;696,629;77,65;221,693;31,56;19,984;11,94;2,252;10,18;1,31;10,11;0,0;10,0;3,03;20,648;0,54;32,919;3,34;5,932;0,52;3,937;1,26;957,078;1,0;"";"";18,654;2,56;88,732;11,88;"";"";13,0;20,0;13,0;"";"";"";"";"";"";"";"";"";"";"";"";"";"";"";"";"";"";"";"";"";"";"";"";"";"";"";"";"";"";"";"";"";"";"";"";"";"";"";"";"";"";"";"";"";"";"";"";"";"";"";"";"";"";"";"";"";"";"";"";"";"";"";"";""
03.12.2022 08:22:10;1670052130000;880f01e687e2572cea04e80fc6a68085;388980;OK;1786;0;0;0;0;0,13;-0,04;0;0;844;841;"";129,524;19,43;463,112;63,89;20,868;0,82;1,487;0,21;11,98;1,6;3,138;10,0;3,651;10,02;4,403;10,17;660,891;74,36;203,646;29,79;16,493;11,59;1,404;10,02;0,697;10,01;0,0;10,0;2,47;20,654;0,54;33,076;3,34;5,963;0,52;4,01;1,26;957,102;1,0;"";"";18,734;2,56;89,797;11,93;"";"";13,0;20,0;13,0;"";"";"";"";"";"";"";"";"";"";"";"";"";"";"";"";"";"";"";"";"";"";"";"";"";"";"";"";"";"";"";"";"";"";"";"";"";"";"";"";"";"";"";"";"";"";"";"";"";"";"";"";"";"";"";"";"";"";"";"";"";"";"";"";""
03.12.2022 08:24:10;1670052250000;880f01e687e2572cea04e80fc6a68085;389100;OK;1781;0;0;0;0;0,05;-0,6;0;0;826;841;"";127,935;19,19;462,324;63,87;20,867;0,82;1,487;0,21;11,966;1,6;3,558;10,0;4,419;10,09;4,865;10,12;684,665;76,63;213,578;30,74;23,668;12,3;0,959;10,0;0,841;10,0;0,0;10,0;2,067;20,657;0,54;33,101;3,34;5,968;0,52;4,023;1,25;957,128;1,0;"";"";18,917;2,55;90,512;11,97;"";"";13,0;20,0;13,0;"";"";"";"";"";"";"";"";"";"";"";"";"";"";"";"";"";"";"";"";"";"";"";"";"";"";"";"";"";"";"";"";"";"";"";"";"";"";"";"";"";"";"";"";"";"";"";"";"";"";"";"";"";"";"";"";"";"";"";"";"";"";"";"";""
03.12.2022 08:26:11;1670052371000;880f01e687e2572cea04e80fc6a68085;389220;OK;1807;0;0;0;0;0,13;-2,81;0;0;786;842;"";130,374;19,56;461,207;63,84;20,867;0,82;1,487;0,21;11,96;1,6;4,394;10,0;5,443;10,52;6,155;10,67;773,479;85,24;244,621;33,82;25,402;12,56;1,698;10,07;1,003;10,0;0,225;10,0;2,239;20,661;0,54;33,158;3,34;5,98;0,52;4,051;1,25;957,129;1,0;"";"";19,072;2,54;90,98101;11,99;"";"";13,0;20,0;13,0;"";"";"";"";"";"";"";"";"";"";"";"";"";"";"";"";"";"";"";"";"";"";"";"";"";"";"";"";"";"";"";"";"";"";"";"";"";"";"";"";"";"";"";"";"";"";"";"";"";"";"";"";"";"";"";"";"";"";"";"";"";"";"";"";""
03.12.2022 08:28:11;1670052491000;880f01e687e2572cea04e80fc6a68085;389341;OK;1790;0;0;0;0;0,13;0,74;0;0;803;845;"";129,666;19,45;463,283;63,9;20,867;0,82;1,487;0,21;11,996;1,6;4,023;10,0;4,959;10,2;5,241;10,24;734,199;81,51;229,164;32,26;21,179;12,13;0,606;10,05;0,375;10,02;0,023;10,0;1,678;20,665;0,54;33,32;3,34;6,011;0,52;4,125;1,24;957,121;1,0;"";"";19,048;2,54;91,646;12,03;"";"";13,0;20,0;13,0;"";"";"";"";"";"";"";"";"";"";"";"";"";"";"";"";"";"";"";"";"";"";"";"";"";"";"";"";"";"";"";"";"";"";"";"";"";"";"";"";"";"";"";"";"";"";"";"";"";"";"";"";"";"";"";"";"";"";"";"";"";"";"";"";""
03.12.2022 08:30:11;1670052611000;880f01e687e2572cea04e80fc6a68085;389461;OK;1796;0;0;0;0;0,24;-1,49;0;0;848;850;"";132,282;19,84;460,64;63,82;20,864;0,82;1,488;0,21;12,155;1,61;3,064;10,0;3,497;10,02;3,526;10,02;578,462;66,33;181,122;27,57;15,196;11,45;0,062;10,01;0,039;10,0;0,002;10,0;1,214;20,668;0,54;33,553;3,33;6,054;0,52;4,227;1,23;957,1079;1,0;"";"";19,247;2,53;92,569;12,08;"";"";13,0;20,0;13,0;"";"";"";"";"";"";"";"";"";"";"";"";"";"";"";"";"";"";"";"";"";"";"";"";"";"";"";"";"";"";"";"";"";"";"";"";"";"";"";"";"";"";"";"";"";"";"";"";"";"";"";"";"";"";"";"";"";"";"";"";"";"";"";"";""
03.12.2022 08:32:12;1670052732000;880f01e687e2572cea04e80fc6a68085;389582;OK;1792;1;0;0;0;-0,15;24,36;0;0;823;832;"";115,914;17,39;473,853;64,22;20,86;0,82;1,488;0,21;11,744;1,59;3,524;10,0;3,937;10,0;3,974;10,0;653,908;73,59;200,843;29,56;15,161;11,46;0,106;10,0;0,104;10,0;0,0;10,0;1,228;20,671;0,54;32,669;3,35;5,896;0,52;3,848;1,27;957,097;1,0;"";"";18,894;2,55;94,63099;12,18;"";"";35,313;12,3;79,7;"";"";"";"";"";"";"";"";"";"";"";"";"";"";"";"";"";"";"";"";"";"";"";"";"";"";"";"";"";"";"";"";"";"";"";"";"";"";"";"";"";"";"";"";"";"";"";"";"";"";"";"";"";"";"";"";"";"";"";"";"";"";"";"";""
03.12.2022 08:34:13;1670052853000;880f01e687e2572cea04e80fc6a68085;389702;OK;1799;1;0;0;0;-0,48;44,5;0;0;835;831;"";108,218;16,23;475,528;64,27;20,861;0,82;1,489;0,21;11,186;1,6;3,237;10,0;3,862;10,01;4,865;10,23;678,016;75,95;209,7;30,39;15,376;11,46;1,591;10,1;1,21;10,06;0,374;10,0;2,815;20,691;0,54;32,588;3,35;5,888;0,53;3,831;1,28;957,114;1,0;"";"";18,134;2,59;91,368;12,01;"";"";15,556;19,1;53,1;"";"";"";"";"";"";"";"";"";"";"";"";"";"";"";"";"";"";"";"";"";"";"";"";"";"";"";"";"";"";"";"";"";"";"";"";"";"";"";"";"";"";"";"";"";"";"";"";"";"";"";"";"";"";"";"";"";"";"";"";"";"";"";"";""
03.12.2022 08:36:13;1670052973000;880f01e687e2572cea04e80fc6a68085;389823;OK;1798;1;0;0;0;-0,27;61,2;0;0;822;833;"";120,492;18,07;481,373;64,44;20,862;0,82;1,489;0,21;11,21;1,59;3,648;10,0;4,515;10,04;5,502;10,36;713,014;79,38;222,837;31,67;20,535;11,98;1,519;10,17;1,423;10,15;0,182;10,0;2,634;20,72;0,54;32,864;3,34;5,948;0,52;3,977;1,27;957,117;1,0;"";"";17,972;2,6;91,201;12,0;"";"";13,264;19,91;13,0;"";"";"";"";"";"";"";"";"";"";"";"";"";"";"";"";"";"";"";"";"";"";"";"";"";"";"";"";"";"";"";"";"";"";"";"";"";"";"";"";"";"";"";"";"";"";"";"";"";"";"";"";"";"";"";"";"";"";"";"";"";"";"";"";""
03.12.2022 08:38:14;1670053094000;880f01e687e2572cea04e80fc6a68085;389944;OK;1805;0;0;0;0;0,25;9,21;0;0;829;836;"";118,353;17,75;474,862;64,25;20,864;0,82;1,489;0,21;11,231;1,59;3,444;10,0;4,012;10,03;4,425;10,09;655,013;73,77;205,771;30,02;17,506;11,68;1,072;10,02;0,273;10,02;0,019;10,0;1,97;20,754;0,54;32,892;3,34;5,965;0,53;4,018;1,26;957,101;1,0;"";"";18,111;2,59;92,152;12,05;"";"";13,027;19,99;13,0;"";"";"";"";"";"";"";"";"";"";"";"";"";"";"";"";"";"";"";"";"";"";"";"";"";"";"";"";"";"";"";"";"";"";"";"";"";"";"";"";"";"";"";"";"";"";"";"";"";"";"";"";"";"";"";"";"";"";"";"";"";"";"";"";""
03.12.2022 08:40:14;1670053214000;880f01e687e2572cea04e80fc6a68085;390064;OK;1801;0;0;0;0;0,32;17,94;0;0;856;830;"";127,074;19,06;486,778;64,6;20,86;0,82;1,491;0,21;11,291;1,59;2,78;10,0;3,688;10,0;4,674;10,35;637,889;72,08;199,906;29,45;22,214;12,12;1,891;10,09;1,234;10,0;0,002;10,0;2,91;20,789;0,54;32,999;3,34;5,996;0,53;4,095;1,26;957,091;1,0;"";"";18,319;2,58;93,393;12,12;"";"";13,003;20,0;13,0;"";"";"";"";"";"";"";"";"";"";"";"";"";"";"";"";"";"";"";"";"";"";"";"";"";"";"";"";"";"";"";"";"";"";"";"";"";"";"";"";"";"";"";"";"";"";"";"";"";"";"";"";"";"";"";"";"";"";"";"";"";"";"";"";""
03.12.2022 08:42:15;1670053335000;880f01e687e2572cea04e80fc6a68085;390184;OK;1792;1;0;0;0;0,22;55,08;0;0;825;817;"";137,878;20,68;502,432;65,07;20,858;0,82;1,493;0,21;11,356;1,59;3,587;10,0;4,314;10,0;4,914;10,19;708,521;78,89;218,022;31,16;21,092;12,02;0,846;10,04;0,432;10,03;0,0;10,0;2,22;20,817;0,54;33,11;3,34;6,026;0,53;4,168;1,25;957,092;1,0;"";"";18,505;2,57;94,919;12,19;"";"";13,0;20,0;13,0;"";"";"";"";"";"";"";"";"";"";"";"";"";"";"";"";"";"";"";"";"";"";"";"";"";"";"";"";"";"";"";"";"";"";"";"";"";"";"";"";"";"";"";"";"";"";"";"";"";"";"";"";"";"";"";"";"";"";"";"";"";"";"";"";""
03.12.2022 08:44:14;1670053454000;880f01e687e2572cea04e80fc6a68085;390303;OK;1797;2;0;0;0;0,11;112,9;0;0;838;803;"";132,496;19,87;513,578;65,41;20,862;0,82;1,494;0,21;11,265;1,59;3,277;10,0;3,782;10,0;4,579;10,19;661,1939;74,28;203,606;29,88;15,377;11,48;0,958;10,01;0,9139999;10,01;0,0;10,0;2,569;20,84;0,54;32,918;3,34;5,999;0,53;4,105;1,26;957,0829;1,0;"";"";18,461;2,57;95,113;12,2;"";"";13,0;20,0;13,0;"";"";"";"";"";"";"";"";"";"";"";"";"";"";"";"";"";"";"";"";"";"";"";"";"";"";"";"";"";"";"";"";"";"";"";"";"";"";"";"";"";"";"";"";"";"";"";"";"";"";"";"";"";"";"";"";"";"";"";"";"";"";"";"";""
03.12.2022 08:46:16;1670053576000;880f01e687e2572cea04e80fc6a68085;390426;OK;1785;1;0;0;0;-0,02;92,82001;0;0;833;798;"";131,157;19,67;518,886;65,57;20,863;0,82;1,494;0,21;11,186;1,59;3,384;10,0;4,163;10,07;4,859;10,3;648,505;73,07;203,431;29,75;17,944;11,81;1,782;10,2;0,418;10,0;0,0;10,0;2,422;20,868;0,54;32,896;3,34;6,005;0,53;4,12;1,26;957,08;1,0;"";"";18,382;2,58;95,35;12,21;"";"";13,0;20,0;13,0;"";"";"";"";"";"";"";"";"";"";"";"";"";"";"";"";"";"";"";"";"";"";"";"";"";"";"";"";"";"";"";"";"";"";"";"";"";"";"";"";"";"";"";"";"";"";"";"";"";"";"";"";"";"";"";"";"";"";"";"";"";"";"";"";""
03.12.2022 08:48:15;1670053695000;880f01e687e2572cea04e80fc6a68085;390544;OK;1807;1;0;0;0;0,07;52,07;0;0;830;798;"";143,771;21,57;522,416;65,67;20,861;0,82;1,496;0,21;11,14;1,6;3,481;10,0;4,118;10,01;4,193;10,03;641,376;72,38;202,878;29,7;15,468;11,48;0,19;10,02;0,045;10,0;0,0;10,0;1,347;20,896;0,54;33,085;3,34;6,049;0,53;4,226;1,26;957,1219;1,0;"";"";18,413;2,57;96,13501;12,26;"";"";13,0;20,0;13,0;"";"";"";"";"";"";"";"";"";"";"";"";"";"";"";"";"";"";"";"";"";"";"";"";"";"";"";"";"";"";"";"";"";"";"";"";"";"";"";"";"";"";"";"";"";"";"";"";"";"";"";"";"";"";"";"";"";"";"";"";"";"";"";"";""
03.12.2022 08:50:16;1670053816000;880f01e687e2572cea04e80fc6a68085;390666;OK;1781;1;0;0;0;0,22;48,26;0;0;839;789;"";145,927;21,89;533,598;66,01;20,859;0,82;1,497;0,21;11,082;1,6;3,206;10,0;3,606;10,01;4,106;10,06;700,569;78,09;211,676;30,58;15,502;11,43;0,671;10,0;0,656;10,0;0,0;10,0;2,273;20,921;0,54;33,185;3,33;6,076;0,53;4,291;1,25;957,191;1,0;"";"";18,454;2,57;96,711;12,28;"";"";13,0;20,0;13,0;"";"";"";"";"";"";"";"";"";"";"";"";"";"";"";"";"";"";"";"";"";"";"";"";"";"";"";"";"";"";"";"";"";"";"";"";"";"";"";"";"";"";"";"";"";"";"";"";"";"";"";"";"";"";"";"";"";"";"";"";"";"";"";"";""
03.12.2022 08:52:15;1670053935000;880f01e687e2572cea04e80fc6a68085;390785;OK;1801;1;0;0;0;0,25;61,53;0;0;823;783;"";159,836;23,98;540,312;66,21;20,858;0,82;1,498;0,21;11,044;1,6;3,611;10,0;4,414;10,07;5,662;10,63;650,131;73,25;205,252;29,89;19,012;11,87;1,218;10,0;1,216;10,0;0,857;10,0;3,101;20,955;0,54;33,207;3,33;6,092;0,53;4,33;1,25;957,221;1,0;"";"";18,572;2,57;97,314;12,32;"";"";13,0;20,0;13,0;"";"";"";"";"";"";"";"";"";"";"";"";"";"";"";"";"";"";"";"";"";"";"";"";"";"";"";"";"";"";"";"";"";"";"";"";"";"";"";"";"";"";"";"";"";"";"";"";"";"";"";"";"";"";"";"";"";"";"";"";"";"";"";"";""
03.12.2022 08:54:17;1670054057000;880f01e687e2572cea04e80fc6a68085;390906;OK;1803;1;0;0;0;0,09;74,27;0;0;831;775;"";161,946;24,29;547,284;66,42;20,853;0,82;1,5;0,21;10,787;1,61;3,481;10,0;4,411;10,06;5,427;10,48;727,305;80,73001;226,752;32,05;23,589;12,29;1,624;10,12;1,002;10,12;0,088;10,0;2,721;20,977;0,54;33,106;3,34;6,081;0,53;4,306;1,25;957,173;1,0;"";"";18,518;2,57;96,731;12,28;"";"";13,0;20,0;13,0;"";"";"";"";"";"";"";"";"";"";"";"";"";"";"";"";"";"";"";"";"";"";"";"";"";"";"";"";"";"";"";"";"";"";"";"";"";"";"";"";"";"";"";"";"";"";"";"";"";"";"";"";"";"";"";"";"";"";"";"";"";"";"";"";""
03.12.2022 08:56:17;1670054177000;880f01e687e2572cea04e80fc6a68085;391026;OK;1784;1;0;0;0;0,1;55,62;0;0;842;768;"";178,436;26,77;556,723;66,7;20,849;0,82;1,502;0,21;10,636;1,62;3,152;10,0;4,009;10,01;4,545;10,2;680,0479;76,1;212,549;30,64;17,294;11,6;0,811;10,08;0,677;10,08;0,009;10,0;2,126;21,0;0,54;33,21;3,33;6,109;0,53;4,371;1,25;957,156;1,0;"";"";18,574;2,57;96,59801;12,28;"";"";13,0;20,0;13,0;"";"";"";"";"";"";"";"";"";"";"";"";"";"";"";"";"";"";"";"";"";"";"";"";"";"";"";"";"";"";"";"";"";"";"";"";"";"";"";"";"";"";"";"";"";"";"";"";"";"";"";"";"";"";"";"";"";"";"";"";"";"";"";"";""
03.12.2022 08:58:17;1670054297000;880f01e687e2572cea04e80fc6a68085;391147;OK;1795;1;0;0;0;0,0;85,03;0;0;814;754;"";170,127;25,52;569,006;67,07;20,853;0,82;1,503;0,21;10,282;1,64;3,816;10,0;4,664;10,16;4,949;10,32;755,013;83,46;234,554;32,87;21,866;12,18;1,076;10,01;0,859;10,01;0,001;10,0;1,7;21,023;0,54;33,04;3,34;6,086;0,53;4,318;1,26;957,166;1,0;"";"";18,357;2,58;96,27;12,26;"";"";13,0;20,0;13,0;"";"";"";"";"";"";"";"";"";"";"";"";"";"";"";"";"";"";"";"";"";"";"";"";"";"";"";"";"";"";"";"";"";"";"";"";"";"";"";"";"";"";"";"";"";"";"";"";"";"";"";"";"";"";"";"";"";"";"";"";"";"";"";"";""
03.12.2022 09:00:19;1670054419000;880f01e687e2572cea04e80fc6a68085;391269;OK;1788;1;0;0;0;0,15;68,27;0;0;818;758;"";190,925;28,64;569,576;67,09;20,851;0,82;1,506;0,21;10,293;1,64;3,736;10,0;4,662;10,13;5,949;10,65;737,517;81,74;230,436;32,41;21,618;12,1;2,049;10,07;1,139;10,07;0,222;10,0;3,086;21,045;0,54;33,336;3,33;6,148;0,53;4,465;1,24;957,177;1,0;"";"";18,37;2,58;96,519;12,27;"";"";13,0;20,0;13,0;"";"";"";"";"";"";"";"";"";"";"";"";"";"";"";"";"";"";"";"";"";"";"";"";"";"";"";"";"";"";"";"";"";"";"";"";"";"";"";"";"";"";"";"";"";"";"";"";"";"";"";"";"";"";"";"";"";"";"";"";"";"";"";"";""
03.12.2022 09:02:19;1670054539000;880f01e687e2572cea04e80fc6a68085;391388;OK;1799;1;0;0;0;0,1;33,6;0;0;821;756;"";183,0;27,45;567,214;67,02;20,852;0,82;1,508;0,21;10,058;1,65;3,677;10,0;4,687;10,21;5,217;10,3;713,04;79,38;225,229;31,91;24,54;12,38;0,9110001;10,03;0,58;10,01;0,024;10,0;2,06;21,07;0,54;33,163;3,33;6,125;0,53;4,413;1,25;957,166;1,0;"";"";18,323;2,58;96,513;12,27;"";"";13,0;20,0;13,0;"";"";"";"";"";"";"";"";"";"";"";"";"";"";"";"";"";"";"";"";"";"";"";"";"";"";"";"";"";"";"";"";"";"";"";"";"";"";"";"";"";"";"";"";"";"";"";"";"";"";"";"";"";"";"";"";"";"";"";"";"";"";"";"";""
03.12.2022 09:04:19;1670054659000;880f01e687e2572cea04e80fc6a68085;391508;OK;1794;0;0;0;0;0,13;-0,61;0;0;816;751;"";183,587;27,54;573,339;67,2;20,854;0,82;1,509;0,21;9,836;1,66;3,773;10,0;4,454;10,04;4,693;10,11;702,434;78,31;214,47;30,88;21,308;12,02;0,646;10,0;0,612;10,0;0,002;10,0;1,61;21,096;0,54;33,225;3,33;6,146;0,53;4,462;1,25;957,1489;1,0;"";"";18,102;2,59;95,927;12,24;"";"";13,461;19,85;82,3;"";"";"";"";"";"";"";"";"";"";"";"";"";"";"";"";"";"";"";"";"";"";"";"";"";"";"";"";"";"";"";"";"";"";"";"";"";"";"";"";"";"";"";"";"";"";"";"";"";"";"";"";"";"";"";"";"";"";"";"";"";"";"";"";""
03.12.2022 09:06:19;1670054779000;880f01e687e2572cea04e80fc6a68085;391628;OK;1833;1;0;0;0;0,08;34,15;0;0;813;747;"";187,839;28,18;580,741;67,42;20,854;0,82;1,51;0,21;9,674;1,67;3,8;10,11;4,442;10,23;5,779;10,44;679,911;76,13;211,146;30,57;20,433;11,97;2,284;10,14;2,066;10,07;0,0;10,0;3,26;21,12;0,54;33,36;3,33;6,179;0,53;4,541;1,24;957,13;1,0;"";"";18,121;2,59;96,067;12,25;"";"";13,049;19,98;13,0;"";"";"";"";"";"";"";"";"";"";"";"";"";"";"";"";"";"";"";"";"";"";"";"";"";"";"";"";"";"";"";"";"";"";"";"";"";"";"";"";"";"";"";"";"";"";"";"";"";"";"";"";"";"";"";"";"";"";"";"";"";"";"";"";""
03.12.2022 09:08:20;1670054900000;880f01e687e2572cea04e80fc6a68085;391749;OK;1793;2;0;0;0;0,43;136,43;0;0;807;724;"";206,041;30,91;619,315;68,58;20,849;0,82;1,512;0,21;9,992;1,65;3,947;10,01;4,927;10,32;6,117;10,76;695,404;77,65;218,234;31,25;24,706;12,37;2,406;10,17;1,604;10,07;0,15;10,0;2,901;21,15;0,54;33,837;3,32;6,279;0,53;4,771;1,22;957,128;1,0;"";"";18,544;2,57;98,491;12,37;"";"";13,349;19,82;50,5;"";"";"";"";"";"";"";"";"";"";"";"";"";"";"";"";"";"";"";"";"";"";"";"";"";"";"";"";"";"";"";"";"";"";"";"";"";"";"";"";"";"";"";"";"";"";"";"";"";"";"";"";"";"";"";"";"";"";"";"";"";"";"";"";""
03.12.2022 09:10:20;1670055020000;880f01e687e2572cea04e80fc6a68085;391870;OK;1784;2;0;0;0;0,35;119,75;0;0;825;731;"";199,2;29,88;603,393;68,1;20,85;0,82;1,514;0,21;10,081;1,65;3,588;10,0;4,444;10,09;5,133;10,34;698,085;77,87;218,621;31,24;19,861;11,85;1,994;10,24;0,899;10,04;0,015;10,0;2,334;21,182;0,54;33,565;3,33;6,24;0,53;4,683;1,23;957,131;1,0;"";"";18,56;2,57;98,935;12,39;"";"";13,036;19,98;13,0;"";"";"";"";"";"";"";"";"";"";"";"";"";"";"";"";"";"";"";"";"";"";"";"";"";"";"";"";"";"";"";"";"";"";"";"";"";"";"";"";"";"";"";"";"";"";"";"";"";"";"";"";"";"";"";"";"";"";"";"";"";"";"";"";""
03.12.2022 09:12:20;1670055140000;880f01e687e2572cea04e80fc6a68085;391990;OK;1797;0;0;0;0;0,03;-15,88;0;0;814;739;"";193,442;29,02;587,433;67,62001;20,852;0,82;1,514;0,21;9,803;1,66;3,812;10,0;4,781;10,06;5,341;10,44;701,84;78,25;217,757;31,16;23,809;12,29;0,809;10,03;0,696;10,01;0,002;10,0;2,11;21,202;0,54;33,355;3,33;6,208;0,54;4,611;1,24;957,113;1,0;"";"";18,329;2,58;97,529;12,32;"";"";13,004;20,0;13,0;"";"";"";"";"";"";"";"";"";"";"";"";"";"";"";"";"";"";"";"";"";"";"";"";"";"";"";"";"";"";"";"";"";"";"";"";"";"";"";"";"";"";"";"";"";"";"";"";"";"";"";"";"";"";"";"";"";"";"";"";"";"";"";"";""
03.12.2022 09:14:22;1670055262000;880f01e687e2572cea04e80fc6a68085;392111;OK;1796;0;1;0;0;-0,25;-71,92;0;0;793;727;"";192,855;28,93;600,024;68,0;20,853;0,82;1,514;0,21;9,452;1,68;4,255;10,0;5,112;10,24;5,743;10,43;742,029;82,19001;229,306;32,34;18,878;11,8;0,811;10,07;0,596;10,05;0,0;10,0;1,975;21,217;0,54;33,27;3,33;6,197;0,54;4,588;1,25;957,0889;1,0;"";"";18,139;2,59;95,778;12,23;"";"";13,0;20,0;13,0;"";"";"";"";"";"";"";"";"";"";"";"";"";"";"";"";"";"";"";"";"";"";"";"";"";"";"";"";"";"";"";"";"";"";"";"";"";"";"";"";"";"";"";"";"";"";"";"";"";"";"";"";"";"";"";"";"";"";"";"";"";"";"";"";""
03.12.2022 09:16:22;1670055382000;880f01e687e2572cea04e80fc6a68085;392232;OK;1801;0;0;0;0;-0,04;11,79;0;0;797;726;"";206,589;30,99;602,788;68,08;20,852;0,82;1,516;0,21;9,382;1,68;4,166;10,0;4,734;10,13;5,229;10,38;692,119;77,34;215,216;30,93;17,693;11,73;0,951;10,01;0,929;10,0;0,155;10,0;1,925;21,237;0,54;33,395;3,33;6,228;0,54;4,659;1,24;957,078;1,0;"";"";17,888;2,6;94,888;12,19;"";"";13,0;20,0;13,0;"";"";"";"";"";"";"";"";"";"";"";"";"";"";"";"";"";"";"";"";"";"";"";"";"";"";"";"";"";"";"";"";"";"";"";"";"";"";"";"";"";"";"";"";"";"";"";"";"";"";"";"";"";"";"";"";"";"";"";"";"";"";"";"";""
03.12.2022 09:18:22;1670055502000;880f01e687e2572cea04e80fc6a68085;392351;OK;1797;1;0;0;0;0,04;62,98;0;0;814;720;"";196,129;29,42;605,456;68,16;20,855;0,82;1,517;0,21;9,108;1,69;3,819;10,0;4,385;10,01;4,838;10,11;740,187;82,05001;233,044;32,7;19,935;11,98;0,778;10,0;0,776;10,0;0,017;10,0;1,977;21,253;0,54;33,213;3,33;6,2;0,54;4,595;1,25;957,084;1,0;"";"";17,737;2,61;93,73401;12,13;"";"";13,0;20,0;13,0;"";"";"";"";"";"";"";"";"";"";"";"";"";"";"";"";"";"";"";"";"";"";"";"";"";"";"";"";"";"";"";"";"";"";"";"";"";"";"";"";"";"";"";"";"";"";"";"";"";"";"";"";"";"";"";"";"";"";"";"";"";"";"";"";""
03.12.2022 09:20:23;1670055623000;880f01e687e2572cea04e80fc6a68085;392472;OK;1823;0;0;0;0;-0,05;13,06;0;0;797;719;"";188,04;28,21;604,925;68,15;20,857;0,82;1,517;0,21;8,875;1,7;4,159;10,0;4,839;10,18;5,46;10,59;738,663;81,83001;232,825;32,62;18,521;11,77;1,182;10,0;1,182;10,0;0,002;10,0;2,183;21,267;0,54;33,137;3,33;6,191;0,54;4,574;1,25;957,09;1,0;"";"";17,286;2,63;92,01301;12,04;"";"";13,0;20,0;13,0;"";"";"";"";"";"";"";"";"";"";"";"";"";"";"";"";"";"";"";"";"";"";"";"";"";"";"";"";"";"";"";"";"";"";"";"";"";"";"";"";"";"";"";"";"";"";"";"";"";"";"";"";"";"";"";"";"";"";"";"";"";"";"";"";""
03.12.2022 09:22:23;1670055743000;880f01e687e2572cea04e80fc6a68085;392593;OK;1793;1;0;0;0;0,16;87,65;0;0;834;699;"";207,938;31,19;640,857;69,23;20,851;0,82;1,518;0,21;9,117;1,69;3,404;10,0;4,111;10,05;4,979;10,47;687,203;76,83;220,274;31,41;17,126;11,62;0,863;10,0;0,863;10,0;0,582;10,0;2,584;21,282;0,54;33,633;3,32;6,289;0,54;4,8;1,23;957,07;1,0;"";"";17,428;2,62;93,39801;12,11;"";"";16,265;19,05;76,7;"";"";"";"";"";"";"";"";"";"";"";"";"";"";"";"";"";"";"";"";"";"";"";"";"";"";"";"";"";"";"";"";"";"";"";"";"";"";"";"";"";"";"";"";"";"";"";"";"";"";"";"";"";"";"";"";"";"";"";"";"";"";"";"";""
03.12.2022 09:24:23;1670055863000;880f01e687e2572cea04e80fc6a68085;392713;OK;1781;1;0;0;0;0,26;91,44;0;0;823;706;"";210,442;31,57;627,65;68,83;20,854;0,82;1,52;0,21;9,41;1,68;3,607;10,0;4,386;10,21;5,226;10,56;688,913;77,02;208,689;30,39;21,867;12,13;0,69;10,0;0,69;10,0;0,534;10,0;2,515;21,301;0,54;33,488;3,32;6,268;0,54;4,755;1,24;957,041;1,0;"";"";17,474;2,62;94,117;12,15;"";"";13,337;19,9;13,0;"";"";"";"";"";"";"";"";"";"";"";"";"";"";"";"";"";"";"";"";"";"";"";"";"";"";"";"";"";"";"";"";"";"";"";"";"";"";"";"";"";"";"";"";"";"";"";"";"";"";"";"";"";"";"";"";"";"";"";"";"";"";"";"";""
03.12.2022 09:26:24;1670055984000;880f01e687e2572cea04e80fc6a68085;392833;OK;1794;0;0;0;0;0,1;0,8;0;0;823;716;"";203,099;30,46;610,571;68,32;20,856;0,82;1,52;0,21;9,292;1,68;3,579;10,0;4,24;10,04;4,595;10,14;644,677;72,72;203,599;29,83;20,43;11,94;0,526;10,0;0,526;10,0;0,055;10,0;1,876;21,328;0,54;33,294;3,33;6,242;0,54;4,695;1,25;956,999;1,0;"";"";17,356;2,62;93,226;12,11;"";"";16,166;19,11;78,7;"";"";"";"";"";"";"";"";"";"";"";"";"";"";"";"";"";"";"";"";"";"";"";"";"";"";"";"";"";"";"";"";"";"";"";"";"";"";"";"";"";"";"";"";"";"";"";"";"";"";"";"";"";"";"";"";"";"";"";"";"";"";"";"";""
03.12.2022 09:28:24;1670056104000;880f01e687e2572cea04e80fc6a68085;392954;OK;1791;0;1;0;0;-0,12;-75,17;0;0;841;708;"";209,028;31,35;622,695;68,68;20,856;0,82;1,521;0,21;9,104;1,69;3,242;10,0;4,135;10,02;4,339;10,11;639,263;72,23001;198,582;29,35;19,448;11,84;0,262;10,03;0,262;10,03;0,006;10,0;1,622;21,34;0,54;33,412;3,33;6,268;0,54;4,756;1,24;956,988;1,0;"";"";17,427;2,62;92,425;12,07;"";"";13,327;19,91;13,0;"";"";"";"";"";"";"";"";"";"";"";"";"";"";"";"";"";"";"";"";"";"";"";"";"";"";"";"";"";"";"";"";"";"";"";"";"";"";"";"";"";"";"";"";"";"";"";"";"";"";"";"";"";"";"";"";"";"";"";"";"";"";"";"";""
03.12.2022 09:30:25;1670056225000;880f01e687e2572cea04e80fc6a68085;393075;OK;1795;0;0;0;0;-0,07;-9,36;0;0;788;704;"";211,428;31,71;622,736;68,68;20,854;0,82;1,522;0,21;8,851;1,71;4,339;10,0;5,059;10,46;6,963;10,73;748,65;82,92;236,814;32,99;26,044;12,63;2,655;10,24;2,532;10,24;0,519;10,0;3,295;21,35;0,54;33,228;3,33;6,238;0,54;4,686;1,25;957,023;1,0;"";"";17,246;2,63;91,06;12,0;"";"";13,034;19,99;13,0;"";"";"";"";"";"";"";"";"";"";"";"";"";"";"";"";"";"";"";"";"";"";"";"";"";"";"";"";"";"";"";"";"";"";"";"";"";"";"";"";"";"";"";"";"";"";"";"";"";"";"";"";"";"";"";"";"";"";"";"";"";"";"";"";""
03.12.2022 09:32:25;1670056345000;880f01e687e2572cea04e80fc6a68085;393195;OK;1791;1;0;0;0;0,13;89,39;0;0;817;693;"";293,381;44,01;643,0449;69,29;20,854;0,82;1,523;0,21;8,951;1,7;3,756;10,0;4,173;10,14;4,846;10,35;699,736;78,12;220,679;31,43;11,267;11,06;1,216;10,08;0,732;10,02;0,25;10,0;2,066;21,368;0,54;33,534;3,32;6,302;0,54;4,834;1,24;957,075;1,0;"";"";17,283;2,63;91,659;12,03;"";"";13,003;20,0;13,0;"";"";"";"";"";"";"";"";"";"";"";"";"";"";"";"";"";"";"";"";"";"";"";"";"";"";"";"";"";"";"";"";"";"";"";"";"";"";"";"";"";"";"";"";"";"";"";"";"";"";"";"";"";"";"";"";"";"";"";"";"";"";"";"";""
03.12.2022 09:34:26;1670056466000;880f01e687e2572cea04e80fc6a68085;393316;OK;1800;2;0;0;0;0,29;120,29;0;0;812;665;"";454,889;68,23;661,05;69,83;20,852;0,82;1,527;0,21;9,256;1,69;3,764;10,0;4,656;10,16;6,255;10,75;759,477;83,92;236,565;33,06;16,802;11,55;2,336;10,06;1,599;10,02;0,666;10,0;3,411;21,386;0,54;33,766;3,32;6,352;0,54;4,948;1,23;957,102;1,0;"";"";17,498;2,62;93,1;12,11;"";"";13,0;20,0;13,0;"";"";"";"";"";"";"";"";"";"";"";"";"";"";"";"";"";"";"";"";"";"";"";"";"";"";"";"";"";"";"";"";"";"";"";"";"";"";"";"";"";"";"";"";"";"";"";"";"";"";"";"";"";"";"";"";"";"";"";"";"";"";"";"";""
03.12.2022 09:36:26;1670056586000;880f01e687e2572cea04e80fc6a68085;393436;OK;1783;1;0;0;0;0,25;98,75;0;0;800;657;"";499,751;74,96;654,791;69,64;20,851;0,82;1,532;0,21;9,326;1,68;3,98;10,03;4,672;10,2;6,371;10,76;776,706;85,61;236,802;33,07;26,713;12,6;2,951;10,11;1,726;10,04;0,069;10,0;3,517;21,398;0,54;33,584;3,32;6,322;0,54;4,881;1,23;957,082;1,0;"";"";17,54;2,62;92,108;12,06;"";"";13,0;20,0;13,0;"";"";"";"";"";"";"";"";"";"";"";"";"";"";"";"";"";"";"";"";"";"";"";"";"";"";"";"";"";"";"";"";"";"";"";"";"";"";"";"";"";"";"";"";"";"";"";"";"";"";"";"";"";"";"";"";"";"";"";"";"";"";"";"";""
03.12.2022 09:38:27;1670056707000;880f01e687e2572cea04e80fc6a68085;393556;OK;1799;1;0;0;0;-0,01;54,97;0;0;784;637;"";535,537;80,33;667,436;70,02;20,847;0,82;1,536;0,22;9,355;1,68;4,343;10,04;5,191;10,34;5,464;10,43;778,414;85,74;242,432;33,55;22,966;12,2;0,654;10,03;0,292;10,0;0,007;10,0;1,614;21,403;0,54;33,527;3,32;6,313;0,54;4,861;1,24;957,0809;1,0;"";"";17,565;2,61;91,097;12,0;"";"";13,0;20,0;13,0;"";"";"";"";"";"";"";"";"";"";"";"";"";"";"";"";"";"";"";"";"";"";"";"";"";"";"";"";"";"";"";"";"";"";"";"";"";"";"";"";"";"";"";"";"";"";"";"";"";"";"";"";"";"";"";"";"";"";"";"";"";"";"";"";""
03.12.2022 09:40:27;1670056827000;880f01e687e2572cea04e80fc6a68085;393676;OK;1795;1;0;0;0;0,05;49,01;0;0;772;621;"";588,742;88,31;676,798;70,3;20,849;0,82;1,541;0,22;9,629;1,67;4,547;10,02;5,435;10,55;6,122;10,74;767,344;84,6;240,981;33,43;18,505;11,77;1,599;10,0;0,833;10,0;0,001;10,0;2,171;21,41;0,54;33,76;3,32;6,359;0,54;4,967;1,23;957,091;1,0;"";"";17,67;2,61;92,72799;12,09;"";"";13,0;20,0;13,0;"";"";"";"";"";"";"";"";"";"";"";"";"";"";"";"";"";"";"";"";"";"";"";"";"";"";"";"";"";"";"";"";"";"";"";"";"";"";"";"";"";"";"";"";"";"";"";"";"";"";"";"";"";"";"";"";"";"";"";"";"";"";"";"";""
03.12.2022 09:42:27;1670056947000;880f01e687e2572cea04e80fc6a68085;393797;OK;1796;1;0;0;0;0,04;61,7;0;0;773;617;"";585,271;87,79;674,438;70,23;20,852;0,82;1,543;0,22;9,448;1,68;4,647;10,07;5,392;10,4;5,728;10,69;766,524;84,58;241,862;33,51;24,554;12,36;0,492;10,0;0,413;10,0;0,0;10,0;1,689;21,427;0,54;33,488;3,32;6,315;0,54;4,866;1,24;957,1119;1,0;"";"";17,416;2,62;92,939;12,1;"";"";13,246;19,93;77,5;"";"";"";"";"";"";"";"";"";"";"";"";"";"";"";"";"";"";"";"";"";"";"";"";"";"";"";"";"";"";"";"";"";"";"";"";"";"";"";"";"";"";"";"";"";"";"";"";"";"";"";"";"";"";"";"";"";"";"";"";"";"";"";"";""
03.12.2022 09:44:27;1670057067000;880f01e687e2572cea04e80fc6a68085;393917;OK;1794;1;0;0;0;-0,14;22,03;0;0;792;616;"";566,28;84,94;673,603;70,21;20,853;0,82;1,546;0,22;9,199;1,69;3,978;10,1;4,945;10,21;5,762;10,6;711,115;79,2;221,044;31,49;26,333;12,55;2,178;10,14;0,5440001;10,0;0,0;10,0;2,502;21,441;0,54;33,217;3,33;6,268;0,54;4,761;1,25;957,132;1,0;"";"";16,962;2,64;92,00701;12,06;"";"";13,025;19,99;13,0;"";"";"";"";"";"";"";"";"";"";"";"";"";"";"";"";"";"";"";"";"";"";"";"";"";"";"";"";"";"";"";"";"";"";"";"";"";"";"";"";"";"";"";"";"";"";"";"";"";"";"";"";"";"";"";"";"";"";"";"";"";"";"";"";""
03.12.2022 09:46:27;1670057187000;880f01e687e2572cea04e80fc6a68085;394037;OK;1790;0;1;0;0;-0,39;-102,44;0;0;780;646;"";539,843;80,98001;638,739;69,16;20,855;0,82;1,547;0,22;8,929;1,7;4,331;10,01;5,162;10,46;6,861;10,79;779,067;85,75;243,672;33,83;22,362;12,17;2,218;10,22;2,039;10,21;1,36;10,06;3,269;21,453;0,54;33,039;3,33;6,239;0,54;4,695;1,26;957,1509;1,0;"";"";16,415;2,67;89,635;11,93;"";"";18,436;18,29;76,1;"";"";"";"";"";"";"";"";"";"";"";"";"";"";"";"";"";"";"";"";"";"";"";"";"";"";"";"";"";"";"";"";"";"";"";"";"";"";"";"";"";"";"";"";"";"";"";"";"";"";"";"";"";"";"";"";"";"";"";"";"";"";"";"";""
03.12.2022 09:48:29;1670057309000;880f01e687e2572cea04e80fc6a68085;394158;OK;1794;0;0;0;0;0,15;-18,46;0;0;743;582;"";718,05;108,16;686,884;70,61;20,847;0,82;1,551;0,22;9,259;1,69;4,079;10,0;4,953;10,26;6,193;10,81;788,767;86,71;248,338;34,28;25,187;12,48;1,51;10,06;1,381;10,06;0,435;10,01;2,971;21,466;0,54;33,812;3,32;6,39;0,54;5,038;1,22;957,171;1,0;"";"";16,779;2,65;90,658;11,99;"";"";19,113;17,94;80,9;"";"";"";"";"";"";"";"";"";"";"";"";"";"";"";"";"";"";"";"";"";"";"";"";"";"";"";"";"";"";"";"";"";"";"";"";"";"";"";"";"";"";"";"";"";"";"";"";"";"";"";"";"";"";"";"";"";"";"";"";"";"";"";"";""
03.12.2022 09:50:29;1670057429000;880f01e687e2572cea04e80fc6a68085;394279;OK;1793;5;0;0;0;0,71;264,1;0;0;711;513;"";820,422;124,19;760,623;72,82;20,837;0,82;1,557;0,22;10,025;1,65;4,782;10,03;5,56;10,53;7,029;10,88;772,891;85,16001;240,461;33,46;22,206;12,14;1,649;10,08;1,47;10,06;0,553;10,0;2,913;21,474;0,54;34,301;3,31;6,485;0,54;5,252;1,2;957,162;1,0;"";"";17,676;2,61;93,21601;12,12;"";"";13,631;19,79;13,0;"";"";"";"";"";"";"";"";"";"";"";"";"";"";"";"";"";"";"";"";"";"";"";"";"";"";"";"";"";"";"";"";"";"";"";"";"";"";"";"";"";"";"";"";"";"";"";"";"";"";"";"";"";"";"";"";"";"";"";"";"";"";"";"";""
03.12.2022 09:52:30;1670057550000;880f01e687e2572cea04e80fc6a68085;394400;OK;1801;8;0;0;0;0,77;423,48;0;0;719;510;"";801,092;120,96;771,757;73,15;20,833;0,82;1,564;0,22;10,509;1,63;2,968;10,0;3,893;10,05;4,902;10,21;689,774;77,09;213,965;30,81;24,943;12,48;2,616;10,21;1,568;10,01;0,057;10,0;3,111;21,481;0,54;34,407;3,31;6,508;0,54;5,303;1,2;957,165;1,0;"";"";18,312;2,58;95,466;12,24;"";"";13,065;19,98;13,0;"";"";"";"";"";"";"";"";"";"";"";"";"";"";"";"";"";"";"";"";"";"";"";"";"";"";"";"";"";"";"";"";"";"";"";"";"";"";"";"";"";"";"";"";"";"";"";"";"";"";"";"";"";"";"";"";"";"";"";"";"";"";"";"";""
03.12.2022 09:54:30;1670057670000;880f01e687e2572cea04e80fc6a68085;394520;OK;1791;6;0;0;0;0,45;339,38;0;0;717;482;"";806,85;121,9;818,238;74,55;20,821;0,82;1,568;0,22;10,769;1,61;3,578;10,0;4,527;10,15;5,827;10,58;695,744;77,76;222,093;31,7;25,365;12,49;2,332;10,13;1,63;10,11;0,356;10,0;3,229;21,495;0,54;34,707;3,3;6,57;0,54;5,439;1,19;957,1879;1,0;"";"";18,939;2,55;97,992;12,37;"";"";13,397;19,87;66,8;"";"";"";"";"";"";"";"";"";"";"";"";"";"";"";"";"";"";"";"";"";"";"";"";"";"";"";"";"";"";"";"";"";"";"";"";"";"";"";"";"";"";"";"";"";"";"";"";"";"";"";"";"";"";"";"";"";"";"";"";"";"";"";"";""
03.12.2022 09:56:30;1670057790000;880f01e687e2572cea04e80fc6a68085;394640;OK;1797;1;0;0;0;0,14;86,17;0;0;741;518;"";744,281;111,87;780,021;73,4;20,831;0,82;1,569;0,22;10,825;1,61;3,465;10,0;4,12;10,05;4,649;10,23;635,099;71,85;200,744;29,52;18,549;11,84;0,677;10,07;0,604;10,07;0,037;10,0;1,922;21,506;0,54;34,545;3,31;6,543;0,54;5,382;1,19;957,214;1,0;"";"";18,954;2,55;100,172;12,49;"";"";13,041;19,99;13,0;"";"";"";"";"";"";"";"";"";"";"";"";"";"";"";"";"";"";"";"";"";"";"";"";"";"";"";"";"";"";"";"";"";"";"";"";"";"";"";"";"";"";"";"";"";"";"";"";"";"";"";"";"";"";"";"";"";"";"";"";"";"";"";"";""
03.12.2022 09:58:31;1670057911000;880f01e687e2572cea04e80fc6a68085;394760;OK;1803;0;0;0;0;0,08;21,41;0;0;751;518;"";703,204;105,54;793,996;73,82;20,831;0,82;1,57;0,22;10,707;1,62;3,994;10,05;5,044;10,32;5,639;10,37;754,9409;83,49;235,062;32,88;24,594;12,45;1,03;10,08;0,764;10,01;0,004;10,0;2,061;21,52;0,54;34,574;3,31;6,554;0,54;5,406;1,19;957,221;1,0;"";"";19,114;2,54;100,301;12,49;"";"";23,598;16,79;74,6;"";"";"";"";"";"";"";"";"";"";"";"";"";"";"";"";"";"";"";"";"";"";"";"";"";"";"";"";"";"";"";"";"";"";"";"";"";"";"";"";"";"";"";"";"";"";"";"";"";"";"";"";"";"";"";"";"";"";"";"";"";"";"";"";""
03.12.2022 10:00:30;1670058030000;880f01e687e2572cea04e80fc6a68085;394880;OK;1799;0;1;0;0;-1,48;-309,07;0;0;787;617;"";278,001;41,71;671,887;70,16;20,864;0,82;1,564;0,22;8,53;1,72;4,228;10,08;5,669;10,56;6,697;10,77;798,508;87,68001;248,366;34,18;29,674;12,94;1,854;10,07;1,518;10,05;0,0;10,0;2,585;21,505;0,54;31,466;3,36;5,96;0,56;4,031;1,34;957,179;1,0;"";"";16,838;2,65;87,088;11,81;"";"";15,709;19,12;65,4;"";"";"";"";"";"";"";"";"";"";"";"";"";"";"";"";"";"";"";"";"";"";"";"";"";"";"";"";"";"";"";"";"";"";"";"";"";"";"";"";"";"";"";"";"";"";"";"";"";"";"";"";"";"";"";"";"";"";"";"";"";"";"";"";""
03.12.2022 10:02:31;1670058151000;880f01e687e2572cea04e80fc6a68085;395000;OK;1788;0;1;0;0;-2,88;-723,78;0;0;770;711;"";103,851;15,58;539,451;66,18;20,876;0,82;1,55;0,22;5,561;1,86;4,27;10,19;5,557;10,41;6,29;10,68;769,953;84,92;233,345;32,74;26,807;12,66;1,988;10,15;0,849;10,0;0,0;10,0;2,365;21,443;0,54;29,662;3,39;5,598;0,57;3,146;1,44;957,104;1,0;"";"";12,839;2,84;67,075;10,76;"";"";22,354;16,48;79,1;"";"";"";"";"";"";"";"";"";"";"";"";"";"";"";"";"";"";"";"";"";"";"";"";"";"";"";"";"";"";"";"";"";"";"";"";"";"";"";"";"";"";"";"";"";"";"";"";"";"";"";"";"";"";"";"";"";"";"";"";"";"";"";"";""
03.12.2022 10:04:32;1670058272000;880f01e687e2572cea04e80fc6a68085;395121;OK;1791;0;1;0;0;-2,79;-837,54;0;0;768;733;"";88,50101;13,28;517,162;65,51;20,878;0,82;1,538;0,22;3,742;1,95;4,682;10,03;6,402;10,89;6,7;10,91;868,523;94,47001;269,011;36,13;31,282;13,14;0,844;10,05;0,518;10,0;0,0;10,0;1,748;21,37;0,54;29,589;3,4;5,561;0,56;3,052;1,44;957,062;1,0;"";"";9,891;2,99;50,563;9,9;"";"";13,965;19,64;13,0;"";"";"";"";"";"";"";"";"";"";"";"";"";"";"";"";"";"";"";"";"";"";"";"";"";"";"";"";"";"";"";"";"";"";"";"";"";"";"";"";"";"";"";"";"";"";"";"";"";"";"";"";"";"";"";"";"";"";"";"";"";"";"";"";""
03.12.2022 10:06:32;1670058392000;880f01e687e2572cea04e80fc6a68085;395242;OK;1799;0;1;0;0;-0,91;-409,53;0;0;772;733;"";114,266;17,14;522,251;65,67;20,883;0,82;1,53;0,21;3,262;1,97;4,558;10,14;5,632;10,52;5,922;10,63;763,102;84,21;236,487;33,01;26,085;12,58;0,791;10,01;0,591;10,0;0,0;10,0;1,697;21,315;0,54;29,811;3,39;5,585;0,56;3,11;1,43;957,059;1,0;"";"";8,631;3,05;44,774;9,59;"";"";13,1;19,96;13,0;"";"";"";"";"";"";"";"";"";"";"";"";"";"";"";"";"";"";"";"";"";"";"";"";"";"";"";"";"";"";"";"";"";"";"";"";"";"";"";"";"";"";"";"";"";"";"";"";"";"";"";"";"";"";"";"";"";"";"";"";"";"";"";"";""
03.12.2022 10:08:32;1670058512000;880f01e687e2572cea04e80fc6a68085;395362;OK;1784;0;0;0;0;0,19;18,24;0;0;799;727;"";146,993;22,05;534,743;66,04;20,878;0,82;1,524;0,21;3,879;1,94;3,972;10,01;4,992;10,16;5,274;10,31;771,855;85,07;239,934;33,38;26,257;12,53;0,679;10,0;0,658;10,0;0,0;10,0;1,689;21,29;0,54;30,069;3,39;5,625;0,56;3,211;1,41;957,062;1,0;"";"";8,711;3,04;46,336;9,67;"";"";13,01;20,0;13,0;"";"";"";"";"";"";"";"";"";"";"";"";"";"";"";"";"";"";"";"";"";"";"";"";"";"";"";"";"";"";"";"";"";"";"";"";"";"";"";"";"";"";"";"";"";"";"";"";"";"";"";"";"";"";"";"";"";"";"";"";"";"";"";"";""
03.12.2022 10:10:33;1670058633000;880f01e687e2572cea04e80fc6a68085;395482;OK;1794;1;0;0;0;0,3;70,02;0;0;772;728;"";162,99;24,45;537,971;66,14;20,88;0,82;1,52;0,21;4,975;1,89;4,658;10,15;5,752;10,68;6,637;10,84;848,857;92,58;268,646;36,11;28,948;12,89;1,901;10,14;1,899;10,14;0,1;10,0;2,317;21,284;0,54;30,274;3,38;5,661;0,56;3,302;1,4;957,062;1,0;"";"";9,397;3,01;51,056;9,92;"";"";13,001;20,0;13,0;"";"";"";"";"";"";"";"";"";"";"";"";"";"";"";"";"";"";"";"";"";"";"";"";"";"";"";"";"";"";"";"";"";"";"";"";"";"";"";"";"";"";"";"";"";"";"";"";"";"";"";"";"";"";"";"";"";"";"";"";"";"";"";"";""
03.12.2022 10:12:33;1670058753000;880f01e687e2572cea04e80fc6a68085;395603;OK;1787;1;0;0;0;0,24;51,57;0;0;799;726;"";163,63;24,54;540,921;66,23001;20,88;0,82;1,519;0,21;6,29;1,83;3,857;10,01;4,722;10,12;4,985;10,17;718,61;79,93;226,747;32,08;24,383;12,41;0,303;10,02;0,303;10,02;0,107;10,0;1,614;21,286;0,54;30,301;3,38;5,667;0,56;3,316;1,4;957,059;1,0;"";"";10,278;2,97;56,883;10,22;"";"";13,0;20,0;13,0;"";"";"";"";"";"";"";"";"";"";"";"";"";"";"";"";"";"";"";"";"";"";"";"";"";"";"";"";"";"";"";"";"";"";"";"";"";"";"";"";"";"";"";"";"";"";"";"";"";"";"";"";"";"";"";"";"";"";"";"";"";"";"";"";""
03.12.2022 10:14:34;1670058874000;880f01e687e2572cea04e80fc6a68085;395724;OK;1802;1;0;0;0;0,26;27,46;0;0;809;726;"";193,722;29,06;546,541;66,4;20,874;0,82;1,519;0,21;7,666;1,76;3,655;10,0;4,528;10,02;4,905;10,28;688,291;76,95;216,046;31,06;24,733;12,33;0,555;10,0;0,455;10,0;0,011;10,0;1,878;21,296;0,54;30,618;3,38;5,73;0,55;3,472;1,38;957,059;1,0;"";"";11,421;2,91;62,929;10,53;"";"";13,0;20,0;13,0;"";"";"";"";"";"";"";"";"";"";"";"";"";"";"";"";"";"";"";"";"";"";"";"";"";"";"";"";"";"";"";"";"";"";"";"";"";"";"";"";"";"";"";"";"";"";"";"";"";"";"";"";"";"";"";"";"";"";"";"";"";"";"";"";""
03.12.2022 10:16:35;1670058995000;880f01e687e2572cea04e80fc6a68085;395844;OK;1791;1;0;0;0;0,27;29,96;0;0;773;725;"";208,086;31,21;548,259;66,45;20,873;0,82;1,52;0,21;8,939;1,7;4,597;10,12;5,395;10,47;6,434;10,84;834,678;91,24;258,305;35,19;23,065;12,25;1,666;10,03;1,56;10,03;0,001;10,0;2,586;21,317;0,54;30,71;3,37;5,754;0,55;3,533;1,38;957,047;1,0;"";"";12,526;2,86;68,685;10,83;"";"";13,0;20,0;13,0;"";"";"";"";"";"";"";"";"";"";"";"";"";"";"";"";"";"";"";"";"";"";"";"";"";"";"";"";"";"";"";"";"";"";"";"";"";"";"";"";"";"";"";"";"";"";"";"";"";"";"";"";"";"";"";"";"";"";"";"";"";"";"";"";""
03.12.2022 10:18:35;1670059115000;880f01e687e2572cea04e80fc6a68085;395965;OK;1804;1;0;0;0;0,23;22,98;0;0;784;724;"";215,0;32,25;548,498;66,45;20,875;0,82;1,521;0,21;9,85;1,66;4,395;10,04;5,288;10,36;5,975;10,7;833,4459;91,13;260,367;35,38;21,517;12,15;0,9110001;10,0;0,9;10,0;0,0;10,0;2,181;21,335;0,54;30,698;3,37;5,758;0,56;3,543;1,38;957,058;1,0;"";"";13,404;2,82;73,09101;11,06;"";"";13,0;20,0;13,0;"";"";"";"";"";"";"";"";"";"";"";"";"";"";"";"";"";"";"";"";"";"";"";"";"";"";"";"";"";"";"";"";"";"";"";"";"";"";"";"";"";"";"";"";"";"";"";"";"";"";"";"";"";"";"";"";"";"";"";"";"";"";"";"";""
03.12.2022 10:20:35;1670059235000;880f01e687e2572cea04e80fc6a68085;396084;OK;1819;0;0;0;0;0,12;16,46;0;0;777;721;"";217,66;32,65;551,934;66,56;20,875;0,82;1,523;0,21;10,485;1,63;4,516;10,02;5,305;10,48;5,953;10,78;763,747;84,3;241,412;33,5;27,827;12,73;1,224;10,0;0,51;10,0;0,414;10,0;2,15;21,347;0,54;30,758;3,37;5,773;0,56;3,581;1,37;957,101;1,0;"";"";14,203;2,78;76,598;11,25;"";"";13,0;20,0;13,0;"";"";"";"";"";"";"";"";"";"";"";"";"";"";"";"";"";"";"";"";"";"";"";"";"";"";"";"";"";"";"";"";"";"";"";"";"";"";"";"";"";"";"";"";"";"";"";"";"";"";"";"";"";"";"";"";"";"";"";"";"";"";"";"";""
03.12.2022 10:22:35;1670059355000;880f01e687e2572cea04e80fc6a68085;396205;OK;1786;0;0;0;0;-0,01;-7,52;0;0;776;724;"";209,275;31,39;544,058;66,32;20,878;0,82;1,524;0,21;10,653;1,62;4,54;10,12;5,772;10,55;6,757;10,81;812,447;89,00001;251,766;34,54;28,788;12,79;2,757;10,15;0,966;10,0;0,043;10,0;2,524;21,365;0,54;30,555;3,38;5,741;0,56;3,503;1,39;957,1409;1,0;"";"";14,626;2,76;78,831;11,37;"";"";13,0;20,0;13,0;"";"";"";"";"";"";"";"";"";"";"";"";"";"";"";"";"";"";"";"";"";"";"";"";"";"";"";"";"";"";"";"";"";"";"";"";"";"";"";"";"";"";"";"";"";"";"";"";"";"";"";"";"";"";"";"";"";"";"";"";"";"";"";"";""
03.12.2022 10:24:36;1670059476000;880f01e687e2572cea04e80fc6a68085;396325;OK;1807;0;1;0;0;-0,1;-53,7;0;0;771;732;"";203,056;30,46;532,82;65,98001;20,883;0,82;1,525;0,21;10,627;1,62;4,711;10,06;5,353;10,31;6,586;10,96;778,619;85,68;248,746;34,17;21,968;12,08;2,26;10,09;1,922;10,08;0,004;10,0;2,789;21,379;0,54;30,43;3,38;5,722;0,56;3,456;1,39;957,15;1,0;"";"";14,864;2,75;80,09501;11,43;"";"";13,0;20,0;13,0;"";"";"";"";"";"";"";"";"";"";"";"";"";"";"";"";"";"";"";"";"";"";"";"";"";"";"";"";"";"";"";"";"";"";"";"";"";"";"";"";"";"";"";"";"";"";"";"";"";"";"";"";"";"";"";"";"";"";"";"";"";"";"";"";""
03.12.2022 10:26:38;1670059598000;880f01e687e2572cea04e80fc6a68085;396448;OK;1789;0;1;0;0;-0,16;-77,9;0;0;764;735;"";198,805;29,82;527,421;65,82;20,885;0,82;1,525;0,21;10,524;1,63;4,852;10,01;5,506;10,5;6,908;10,92;802,907;88,11;250,942;34,44;23,068;12,3;2,163;10,24;1,046;10,05;0,159;10,0;2,841;21,392;0,54;30,339;3,38;5,709;0,56;3,426;1,4;957,124;1,0;"";"";14,959;2,74;80,671;11,46;"";"";13,0;20,0;13,0;"";"";"";"";"";"";"";"";"";"";"";"";"";"";"";"";"";"";"";"";"";"";"";"";"";"";"";"";"";"";"";"";"";"";"";"";"";"";"";"";"";"";"";"";"";"";"";"";"";"";"";"";"";"";"";"";"";"";"";"";"";"";"";"";""
03.12.2022 10:28:39;1670059719000;880f01e687e2572cea04e80fc6a68085;396568;OK;1800;0;1;0;0;-0,15;-57,12;0;0;764;735;"";182,189;27,33;523,363;65,7;20,878;0,82;1,527;0,21;10,196;1,64;4,825;10,21;5,943;10,49;6,951;10,9;811,145;88,92;254,168;34,76;29,56;12,99;2,021;10,06;1,436;10,01;0,016;10,0;2,532;21,403;0,54;30,118;3,38;5,671;0,56;3,331;1,41;957,093;1,0;"";"";14,883;2,74;80,65001;11,46;"";"";19,116;17,87;79,7;"";"";"";"";"";"";"";"";"";"";"";"";"";"";"";"";"";"";"";"";"";"";"";"";"";"";"";"";"";"";"";"";"";"";"";"";"";"";"";"";"";"";"";"";"";"";"";"";"";"";"";"";"";"";"";"";"";"";"";"";"";"";"";"";""
03.12.2022 10:30:39;1670059839000;880f01e687e2572cea04e80fc6a68085;396688;OK;1812;0;0;0;0;0,05;-23,25;0;0;802;740;"";168,219;25,23;523,478;65,7;20,878;0,82;1,526;0,21;10,125;1,64;3,773;10,02;4,574;10,11;4,997;10,26;714,431;79,49;222,293;31,66;17,619;11,76;0,646;10,06;0,583;10,06;0,002;10,0;1,828;21,418;0,54;30,511;3,38;5,75;0,56;3,529;1,39;957,072;1,0;"";"";15,1;2,73;82,519;11,56;"";"";24,296;16,46;82,0;"";"";"";"";"";"";"";"";"";"";"";"";"";"";"";"";"";"";"";"";"";"";"";"";"";"";"";"";"";"";"";"";"";"";"";"";"";"";"";"";"";"";"";"";"";"";"";"";"";"";"";"";"";"";"";"";"";"";"";"";"";"";"";"";""
03.12.2022 10:32:39;1670059959000;880f01e687e2572cea04e80fc6a68085;396809;OK;1805;1;0;0;0;0,31;29,06;0;0;783;730;"";177,414;26,61;538,383;66,15;20,875;0,82;1,527;0,21;10,412;1,63;4,303;10,0;5,588;10,62;6,482;10,72;779,2329;85,82;237,743;33,1;28,442;12,79;2,322;10,16;1,278;10,13;1,093;10,13;2,424;21,433;0,54;30,76;3,37;5,802;0,56;3,657;1,37;957,082;1,0;"";"";15,692;2,71;84,92801;11,69;"";"";15,034;19,36;80,0;"";"";"";"";"";"";"";"";"";"";"";"";"";"";"";"";"";"";"";"";"";"";"";"";"";"";"";"";"";"";"";"";"";"";"";"";"";"";"";"";"";"";"";"";"";"";"";"";"";"";"";"";"";"";"";"";"";"";"";"";"";"";"";"";""
03.12.2022 10:34:40;1670060080000;880f01e687e2572cea04e80fc6a68085;396929;OK;1797;1;0;0;0;0,44;79,89;0;0;749;722;"";183,542;27,53;549,1179;66,47;20,878;0,82;1,528;0,21;10,701;1,62;5,164;10,33;6,145;10,91;6,593;10,97;866,684;94,27;271,765;36,41;28,645;12,78;0,572;10,02;0,464;10,02;0,204;10,02;1,751;21,454;0,54;30,865;3,37;5,829;0,56;3,724;1,37;957,097;1,0;"";"";16,352;2,67;87,486;11,82;"";"";13,21;19,93;13,0;"";"";"";"";"";"";"";"";"";"";"";"";"";"";"";"";"";"";"";"";"";"";"";"";"";"";"";"";"";"";"";"";"";"";"";"";"";"";"";"";"";"";"";"";"";"";"";"";"";"";"";"";"";"";"";"";"";"";"";"";"";"";"";"";""
03.12.2022 10:36:40;1670060200000;880f01e687e2572cea04e80fc6a68085;397050;OK;1781;1;0;0;0;0,21;65,29;0;0;767;722;"";176,107;26,42;546,375;66,39;20,876;0,82;1,529;0,21;10,779;1,61;4,729;10,18;5,881;10,63;6,996;10,91;888,5369;96,50001;281,159;37,32;28,49;12,81;2,747;10,21;1,588;10,08;0,021;10,0;2,629;21,484;0,54;30,79;3,37;5,825;0,56;3,716;1,37;957,088;1,0;"";"";16,663;2,66;88,864;11,9;"";"";14,608;19,53;75,4;"";"";"";"";"";"";"";"";"";"";"";"";"";"";"";"";"";"";"";"";"";"";"";"";"";"";"";"";"";"";"";"";"";"";"";"";"";"";"";"";"";"";"";"";"";"";"";"";"";"";"";"";"";"";"";"";"";"";"";"";"";"";"";"";""
03.12.2022 10:38:41;1670060321000;880f01e687e2572cea04e80fc6a68085;397170;OK;1807;0;0;0;0;0,11;12,31;0;0;765;722;"";180,0;27,0;546,755;66,4;20,874;0,82;1,53;0,21;10,744;1,61;4,76;10,17;6,427;10,67;6,809;10,7;821,392;89,86;257,695;35,07;26,909;12,68;1,442;10,16;0,387;10,01;0,002;10,0;1,713;21,518;0,54;30,881;3,37;5,854;0,56;3,787;1,37;957,072;1,0;"";"";16,933;2,65;90,572;11,99;"";"";14,582;19,32;57,9;"";"";"";"";"";"";"";"";"";"";"";"";"";"";"";"";"";"";"";"";"";"";"";"";"";"";"";"";"";"";"";"";"";"";"";"";"";"";"";"";"";"";"";"";"";"";"";"";"";"";"";"";"";"";"";"";"";"";"";"";"";"";"";"";""
03.12.2022 10:40:42;1670060442000;880f01e687e2572cea04e80fc6a68085;397291;OK;1799;1;0;0;0;0,15;68,14;0;0;780;697;"";233,805;35,07;577,477;67,32;20,873;0,82;1,533;0,22;10,693;1,62;4,482;10,04;5,781;10,56;6,419;10,61;821,857;89,94;256,174;34,93;26,275;12,61;1,422;10,18;1,101;10,14;0,0;10,0;1,95;21,548;0,54;30,981;3,37;5,882;0,56;3,858;1,36;957,0479;1,0;"";"";17,171;2,63;93,447;12,14;"";"";13,163;19,93;13,0;"";"";"";"";"";"";"";"";"";"";"";"";"";"";"";"";"";"";"";"";"";"";"";"";"";"";"";"";"";"";"";"";"";"";"";"";"";"";"";"";"";"";"";"";"";"";"";"";"";"";"";"";"";"";"";"";"";"";"";"";"";"";"";"";""
03.12.2022 10:42:42;1670060562000;880f01e687e2572cea04e80fc6a68085;397411;OK;1798;2;0;0;0;0,18;121,09;0;0;767;691;"";224,01;33,6;582,8;67,48001;20,868;0,82;1,536;0,22;10,605;1,62;4,797;10,21;6,173;10,85;8,118;10,96;829,647;90,74;261,08;35,38;33,225;13,3;3,156;10,37;2,841;10,28;0,8059999;10,0;3,231;21,575;0,54;30,974;3,37;5,891;0,56;3,88;1,36;957,0129;1,0;"";"";17,383;2,62;95,121;12,23;"";"";13,017;19,99;13,0;"";"";"";"";"";"";"";"";"";"";"";"";"";"";"";"";"";"";"";"";"";"";"";"";"";"";"";"";"";"";"";"";"";"";"";"";"";"";"";"";"";"";"";"";"";"";"";"";"";"";"";"";"";"";"";"";"";"";"";"";"";"";"";"";""
03.12.2022 10:44:42;1670060682000;880f01e687e2572cea04e80fc6a68085;397532;OK;1791;2;0;0;0;0,11;114,83;0;0;736;683;"";205,726;30,86;591,087;67,73;20,872;0,82;1,538;0,22;10,508;1,63;5,474;10,46;7,028;10,79;7,777;10,82;863,812;94,06;272,268;36,51;30,677;13,05;1,8;10,1;0,829;10,07;0,083;10,0;2,049;21,598;0,54;30,96;3,37;5,896;0,56;3,893;1,36;956,973;1,0;"";"";17,564;2,61;95,906;12,27;"";"";13,002;20,0;13,0;"";"";"";"";"";"";"";"";"";"";"";"";"";"";"";"";"";"";"";"";"";"";"";"";"";"";"";"";"";"";"";"";"";"";"";"";"";"";"";"";"";"";"";"";"";"";"";"";"";"";"";"";"";"";"";"";"";"";"";"";"";"";"";"";""
03.12.2022 10:46:42;1670060802000;880f01e687e2572cea04e80fc6a68085;397652;OK;1791;1;0;0;0;0,07;65,28;0;0;762;674;"";211,922;31,79;602,474;68,07;20,872;0,82;1,54;0,22;10,355;1,63;4,911;10,11;6,808;10,72;7,616;10,93;866,1119;94,24;272,554;36,49;33,489;13,28;2,864;10,23;0,85;10,01;0,009;10,0;2,281;21,619;0,54;31,023;3,36;5,915;0,56;3,94;1,36;956,957;1,0;"";"";17,466;2,62;95,997;12,28;"";"";15,694;18,93;61,8;"";"";"";"";"";"";"";"";"";"";"";"";"";"";"";"";"";"";"";"";"";"";"";"";"";"";"";"";"";"";"";"";"";"";"";"";"";"";"";"";"";"";"";"";"";"";"";"";"";"";"";"";"";"";"";"";"";"";"";"";"";"";"";"";""
03.12.2022 10:48:44;1670060924000;880f01e687e2572cea04e80fc6a68085;397773;OK;1780;1;0;0;0;0,06;36,01;0;0;775;682;"";228,71;34,31;589,209;67,68;20,874;0,82;1,542;0,22;10,162;1,64;4,593;10,11;6,001;10,66;6,322;10,68;834,851;91,22001;262,977;35,58;32,254;13,18;0,587;10,02;0,386;10,0;0,001;10,0;1,688;21,648;0,54;30,941;3,37;5,909;0,56;3,927;1,37;956,9619;1,0;"";"";17,428;2,62;96,38;12,3;"";"";13,269;19,89;13,0;"";"";"";"";"";"";"";"";"";"";"";"";"";"";"";"";"";"";"";"";"";"";"";"";"";"";"";"";"";"";"";"";"";"";"";"";"";"";"";"";"";"";"";"";"";"";"";"";"";"";"";"";"";"";"";"";"";"";"";"";"";"";"";"";""
03.12.2022 10:50:43;1670061043000;880f01e687e2572cea04e80fc6a68085;397892;OK;1804;1;0;0;0;0,06;25,8;0;0;785;668;"";250,456;37,57;605,604;68,17;20,875;0,82;1,544;0,22;9,802;1,66;4,401;10,01;5,861;10,71;6,918;10,81;794,488;87,35;253,116;34,6;33,236;13,31;2,102;10,1;1,98;10,06;0,0;10,0;2,547;21,667;0,54;30,941;3,36;5,916;0,56;3,944;1,37;956,965;1,0;"";"";17,45;2,62;96,63501;12,31;"";"";13,029;19,99;13,0;"";"";"";"";"";"";"";"";"";"";"";"";"";"";"";"";"";"";"";"";"";"";"";"";"";"";"";"";"";"";"";"";"";"";"";"";"";"";"";"";"";"";"";"";"";"";"";"";"";"";"";"";"";"";"";"";"";"";"";"";"";"";"";"";""
03.12.2022 10:52:45;1670061165000;880f01e687e2572cea04e80fc6a68085;398014;OK;1795;0;0;0;0;0,01;-10,68;0;0;746;676;"";258,35;38,75;593,925;67,82;20,877;0,82;1,547;0,22;9,418;1,68;5,234;10,36;6,645;10,94;7,504;10,98;895,826;97,09;281,418;37,33;29,732;12,96;1,737;10,12;0,844;10,03;0,0;10,0;2,232;21,694;0,54;30,903;3,37;5,918;0,56;3,95;1,37;956,931;1,0;"";"";17,324;2,63;95,74901;12,27;"";"";13,003;20,0;13,0;"";"";"";"";"";"";"";"";"";"";"";"";"";"";"";"";"";"";"";"";"";"";"";"";"";"";"";"";"";"";"";"";"";"";"";"";"";"";"";"";"";"";"";"";"";"";"";"";"";"";"";"";"";"";"";"";"";"";"";"";"";"";"";"";""
03.12.2022 10:54:44;1670061284000;880f01e687e2572cea04e80fc6a68085;398134;OK;1793;0;0;0;0;0,05;-15,97;0;0;772;677;"";276,208;41,43;591,671;67,75;20,878;0,82;1,549;0,22;9,209;1,69;4,688;10,08;5,798;10,64;7,429;11,0;868,018;94,52;268,342;36,18;28,85;12,89;3,015;10,2;2,92;10,18;0,0;10,0;3,195;21,712;0,54;30,926;3,36;5,928;0,57;3,977;1,37;956,897;1,0;"";"";17,272;2,63;95,415;12,26;"";"";13,0;20,0;13,0;"";"";"";"";"";"";"";"";"";"";"";"";"";"";"";"";"";"";"";"";"";"";"";"";"";"";"";"";"";"";"";"";"";"";"";"";"";"";"";"";"";"";"";"";"";"";"";"";"";"";"";"";"";"";"";"";"";"";"";"";"";"";"";"";""
03.12.2022 10:56:46;1670061406000;880f01e687e2572cea04e80fc6a68085;398255;OK;1798;0;1;0;0;0,05;-27,61;0;0;754;675;"";253,488;38,02;593,592;67,81;20,876;0,82;1,551;0,22;8,956;1,7;5,081;10,31;5,85;10,66;6,446;10,84;897,923;97,39;287,696;37,96;23,334;12,22;1,033;10,02;0,68;10,02;0,0;10,0;1,926;21,727;0,54;30,935;3,36;5,935;0,57;3,994;1,37;956,861;1,0;"";"";17,231;2,63;95,585;12,27;"";"";13,0;20,0;13,0;"";"";"";"";"";"";"";"";"";"";"";"";"";"";"";"";"";"";"";"";"";"";"";"";"";"";"";"";"";"";"";"";"";"";"";"";"";"";"";"";"";"";"";"";"";"";"";"";"";"";"";"";"";"";"";"";"";"";"";"";"";"";"";"";""
03.12.2022 10:58:47;1670061527000;880f01e687e2572cea04e80fc6a68085;398377;OK;1783;0;0;0;0;0,06;-5,47;0;0;760;676;"";252,462;37,87;591,452;67,74;20,878;0,82;1,552;0,22;8,72;1,71;4,946;10,19;5,991;10,75;6,554;10,86;874,457;95,15;268,619;36,16;29,776;13,0;0,711;10,0;0,676;10,0;0,0;10,0;1,942;21,749;0,54;30,928;3,36;5,941;0,57;4,009;1,37;956,8359;1,0;"";"";17,134;2,64;96,229;12,3;"";"";13,568;19,81;63,1;"";"";"";"";"";"";"";"";"";"";"";"";"";"";"";"";"";"";"";"";"";"";"";"";"";"";"";"";"";"";"";"";"";"";"";"";"";"";"";"";"";"";"";"";"";"";"";"";"";"";"";"";"";"";"";"";"";"";"";"";"";"";"";"";""
03.12.2022 11:00:47;1670061647000;880f01e687e2572cea04e80fc6a68085;398497;OK;1789;0;0;0;0;0,07;8,81;0;0;781;672;"";252,221;37,83;596,412;67,89;20,876;0,82;1,552;0,22;8,639;1,71;4,418;10,18;5,349;10,51;5,825;10,53;839,989;91,74;258,83;35,16;22,248;12,24;0,697;10,05;0,257;10,0;0,0;10,0;1,902;21,767;0,54;30,962;3,36;5,954;0,57;4,041;1,36;956,779;1,0;"";"";17,232;2,63;96,71;12,33;"";"";13,059;19,98;13,0;"";"";"";"";"";"";"";"";"";"";"";"";"";"";"";"";"";"";"";"";"";"";"";"";"";"";"";"";"";"";"";"";"";"";"";"";"";"";"";"";"";"";"";"";"";"";"";"";"";"";"";"";"";"";"";"";"";"";"";"";"";"";"";"";""
03.12.2022 11:02:47;1670061767000;880f01e687e2572cea04e80fc6a68085;398617;OK;1792;0;0;0;0;0,01;10,05;0;0;748;668;"";244,91;36,74;597,793;67,93;20,878;0,82;1,553;0,22;8,549;1,72;5,191;10,27;5,998;10,83;6,971;10,93;865,919;94,32;275,475;36,81;26,894;12,68;1,321;10,05;0,844;10,03;0,0;10,0;2,348;21,783;0,54;30,839;3,37;5,936;0,57;3,998;1,37;956,719;1,0;"";"";16,974;2,64;95,885;12,28;"";"";13,006;20,0;13,0;"";"";"";"";"";"";"";"";"";"";"";"";"";"";"";"";"";"";"";"";"";"";"";"";"";"";"";"";"";"";"";"";"";"";"";"";"";"";"";"";"";"";"";"";"";"";"";"";"";"";"";"";"";"";"";"";"";"";"";"";"";"";"";"";""
03.12.2022 11:04:48;1670061888000;880f01e687e2572cea04e80fc6a68085;398737;OK;1792;1;0;0;0;0,01;96,76001;0;0;746;647;"";239,253;35,89;623,801;68,71;20,879;0,82;1,554;0,22;8,565;1,72;5,26;10,46;7,235;10,9;7,662;10,96;1132,146;120,19;311,502;40,41;34,439;13,38;1,557;10,16;0,579;10,06;0,0;10,0;1,866;21,796;0,54;30,892;3,36;5,951;0,57;4,034;1,37;956,711;1,0;"";"";16,836;2,65;95,62201;12,27;"";"";13,001;20,0;13,0;"";"";"";"";"";"";"";"";"";"";"";"";"";"";"";"";"";"";"";"";"";"";"";"";"";"";"";"";"";"";"";"";"";"";"";"";"";"";"";"";"";"";"";"";"";"";"";"";"";"";"";"";"";"";"";"";"";"";"";"";"";"";"";"";""
03.12.2022 11:06:47;1670062007000;880f01e687e2572cea04e80fc6a68085;398857;OK;1781;1;0;0;0;-0,03;63,19;0;0;761;657;"";235,182;35,28;610,887;68,33;20,882;0,82;1,554;0,22;8,567;1,72;4,901;10,35;6,191;10,69;6,583;10,9;878,498;95,57;266,304;35,94;28,465;12,69;0,77;10,02;0,447;10,01;0,0;10,0;1,85;21,809;0,54;30,818;3,37;5,941;0,57;4,011;1,37;956,693;1,0;"";"";16,741;2,65;95,501;12,27;"";"";13,0;20,0;13,0;"";"";"";"";"";"";"";"";"";"";"";"";"";"";"";"";"";"";"";"";"";"";"";"";"";"";"";"";"";"";"";"";"";"";"";"";"";"";"";"";"";"";"";"";"";"";"";"";"";"";"";"";"";"";"";"";"";"";"";"";"";"";"";"";""
03.12.2022 11:08:48;1670062128000;880f01e687e2572cea04e80fc6a68085;398977;OK;1805;1;0;0;0;-0,05;25,93;0;0;739;654;"";231,229;34,68;611,052;68,33;20,882;0,82;1,555;0,22;8,541;1,72;5,385;10,49;7,561;10,89;8,673;10,96;1107,555;117,81;298,434;39,02;33,902;13,33;2,502;10,23;0,879;10,0;0,562;10,0;2,439;21,818;0,54;30,696;3,37;5,92;0,57;3,962;1,38;956,652;1,0;"";"";16,628;2,66;94,568;12,22;"";"";13,0;20,0;13,0;"";"";"";"";"";"";"";"";"";"";"";"";"";"";"";"";"";"";"";"";"";"";"";"";"";"";"";"";"";"";"";"";"";"";"";"";"";"";"";"";"";"";"";"";"";"";"";"";"";"";"";"";"";"";"";"";"";"";"";"";"";"";"";"";""
03.12.2022 11:10:48;1670062248000;880f01e687e2572cea04e80fc6a68085;399097;OK;1805;0;1;0;0;-0,05;-37,25;0;0;746;652;"";238,518;35,78;614,8839;68,45;20,876;0,82;1,556;0,22;8,551;1,72;5,318;10,28;7,056;10,91;7,999;10,95;1075,632;114,66;304,319;39,59;35,983;13,56;1,984;10,06;0,825;10,0;0,545;10,0;2,399;21,83;0,54;30,792;3,37;5,943;0,57;4,017;1,37;956,5989;1,0;"";"";16,491;2,67;94,753;12,23;"";"";14,028;19,55;52,1;"";"";"";"";"";"";"";"";"";"";"";"";"";"";"";"";"";"";"";"";"";"";"";"";"";"";"";"";"";"";"";"";"";"";"";"";"";"";"";"";"";"";"";"";"";"";"";"";"";"";"";"";"";"";"";"";"";"";"";"";"";"";"";"";""
03.12.2022 11:12:48;1670062368000;880f01e687e2572cea04e80fc6a68085;399217;OK;1788;1;0;0;0;0,07;34,47;0;0;734;643;"";235,873;35,38;626,278;68,79;20,879;0,82;1,557;0,22;8,537;1,72;5,524;10,47;6,503;10,77;6,81;10,84;890,7089;96,75;274,539;36,74;27,786;12,73;1,219;10,13;0,085;10,0;0,056;10,0;1,616;21,848;0,54;30,826;3,36;5,955;0,57;4,048;1,37;956,568;1,0;"";"";16,57;2,66;95,33;12,26;"";"";13,106;19,95;13,0;"";"";"";"";"";"";"";"";"";"";"";"";"";"";"";"";"";"";"";"";"";"";"";"";"";"";"";"";"";"";"";"";"";"";"";"";"";"";"";"";"";"";"";"";"";"";"";"";"";"";"";"";"";"";"";"";"";"";"";"";"";"";"";"";""
03.12.2022 11:14:50;1670062490000;880f01e687e2572cea04e80fc6a68085;399340;OK;1787;1;0;0;0;0,2;81,91001;0;0;772;631;"";245,366;36,8;643,297;69,3;20,875;0,82;1,559;0,22;8,71;1,71;4,69;10,05;5,932;10,65;6,476;10,72;827,9429;90,61;259,878;35,2;25,476;12,51;0,792;10,02;0,603;10,0;0,006;10,0;1,969;21,859;0,54;31,0;3,36;5,993;0,57;4,139;1,36;956,585;1,0;"";"";16,695;2,66;95,13201;12,25;"";"";13,011;20,0;13,0;"";"";"";"";"";"";"";"";"";"";"";"";"";"";"";"";"";"";"";"";"";"";"";"";"";"";"";"";"";"";"";"";"";"";"";"";"";"";"";"";"";"";"";"";"";"";"";"";"";"";"";"";"";"";"";"";"";"";"";"";"";"";"";"";""
03.12.2022 11:16:50;1670062610000;880f01e687e2572cea04e80fc6a68085;399459;OK;1782;2;0;0;0;0,09;120,12;0;0;763;623;"";233,554;35,03;649,951;69,5;20,874;0,82;1,56;0,22;8,756;1,71;4,878;10,13;5,997;10,7;6,635;10,9;854,863;93,21;266,3;35,92;25,167;12,59;1,768;10,05;0,277;10,0;0,215;10,0;2,077;21,867;0,54;30,818;3,36;5,961;0,57;4,061;1,37;956,624;1,0;"";"";16,779;2,65;95,179;12,25;"";"";13,001;20,0;13,0;"";"";"";"";"";"";"";"";"";"";"";"";"";"";"";"";"";"";"";"";"";"";"";"";"";"";"";"";"";"";"";"";"";"";"";"";"";"";"";"";"";"";"";"";"";"";"";"";"";"";"";"";"";"";"";"";"";"";"";"";"";"";"";"";""
03.12.2022 11:18:51;1670062731000;880f01e687e2572cea04e80fc6a68085;399580;OK;1802;0;0;0;0;-0,02;-1,15;0;0;752;640;"";236,423;35,46;627,886;68,84;20,875;0,82;1,56;0,22;8,756;1,71;5,125;10,29;6,27;10,87;8,343;10,99;867,89;94,47001;271,051;36,44;28,427;12,8;3,237;10,36;2,811;10,29;0,384;10,0;3,325;21,882;0,54;30,824;3,36;5,967;0,57;4,077;1,37;956,629;1,0;"";"";16,694;2,66;95,187;12,26;"";"";13,0;20,0;13,0;"";"";"";"";"";"";"";"";"";"";"";"";"";"";"";"";"";"";"";"";"";"";"";"";"";"";"";"";"";"";"";"";"";"";"";"";"";"";"";"";"";"";"";"";"";"";"";"";"";"";"";"";"";"";"";"";"";"";"";"";"";"";"";"";""
03.12.2022 11:20:52;1670062852000;880f01e687e2572cea04e80fc6a68085;399701;OK;1798;0;1;0;0;-0,1;-52,63;0;0;720;634;"";225,903;33,89;633,071;68,99;20,875;0,82;1,561;0,22;8,635;1,71;5,816;10,7;6,728;10,99;7,665;11,0;998,693;107,28;295,876;38,84;30,405;13,0;1,422;10,05;0,721;10,04;0,04;10,0;2,218;21,897;0,54;30,704;3,37;5,949;0,57;4,035;1,38;956,6279;1,0;"";"";16,557;2,66;94,944;12,25;"";"";13,961;19,72;75,9;"";"";"";"";"";"";"";"";"";"";"";"";"";"";"";"";"";"";"";"";"";"";"";"";"";"";"";"";"";"";"";"";"";"";"";"";"";"";"";"";"";"";"";"";"";"";"";"";"";"";"";"";"";"";"";"";"";"";"";"";"";"";"";"";""
03.12.2022 11:22:52;1670062972000;880f01e687e2572cea04e80fc6a68085;399822;OK;1797;0;1;0;0;-0,03;-90,37001;0;0;583;646;"";222,579;33,39;616,564;68,5;20,876;0,82;1,561;0,22;8,56;1,72;9,367;10,82;11,346;11,11;12,412;11,32;2321,361;235,96;502,767;58,97;34,425;13,38;2,029;10,16;1,108;10,01;0,43;10,0;2,055;21,912;0,54;30,66;3,37;5,946;0,57;4,028;1,38;956,6099;1,0;"";"";16,508;2,67;95,02501;12,25;"";"";13,099;19,97;13,0;"";"";"";"";"";"";"";"";"";"";"";"";"";"";"";"";"";"";"";"";"";"";"";"";"";"";"";"";"";"";"";"";"";"";"";"";"";"";"";"";"";"";"";"";"";"";"";"";"";"";"";"";"";"";"";"";"";"";"";"";"";"";"";"";""
03.12.2022 11:24:52;1670063092000;880f01e687e2572cea04e80fc6a68085;399942;OK;1800;0;0;0;0;0,04;-16,96;0;0;731;639;"";226,855;34,03;625,758;68,77;20,871;0,82;1,561;0,22;8,622;1,72;5,637;10,41;6,596;10,66;6,706;10,68;1092,475;116,31;319,438;41,08;28,725;12,84;0,209;10,02;0,114;10,0;0,044;10,0;1,29;21,93;0,54;30,757;3,37;5,971;0,57;4,088;1,38;956,554;1,0;"";"";16,438;2,67;95,93;12,3;"";"";15,678;19,03;73,6;"";"";"";"";"";"";"";"";"";"";"";"";"";"";"";"";"";"";"";"";"";"";"";"";"";"";"";"";"";"";"";"";"";"";"";"";"";"";"";"";"";"";"";"";"";"";"";"";"";"";"";"";"";"";"";"";"";"";"";"";"";"";"";"";""
03.12.2022 11:26:53;1670063213000;880f01e687e2572cea04e80fc6a68085;400062;OK;1795;0;0;0;0;0,1;5,32;0;0;766;635;"";218,624;32,79;629,946;68,9;20,872;0,82;1,562;0,22;8,73;1,71;4,759;10,23;5,699;10,49;6,82;10,71;936,34;101,14;289,647;38,21;33,712;13,34;2,4;10,17;1,143;10,01;0,408;10,01;2,644;21,946;0,54;30,761;3,36;5,977;0,57;4,103;1,38;956,4939;1,0;"";"";16,528;2,66;95,86;12,3;"";"";13,276;19,9;13,0;"";"";"";"";"";"";"";"";"";"";"";"";"";"";"";"";"";"";"";"";"";"";"";"";"";"";"";"";"";"";"";"";"";"";"";"";"";"";"";"";"";"";"";"";"";"";"";"";"";"";"";"";"";"";"";"";"";"";"";"";"";"";"";"";""
03.12.2022 11:28:53;1670063333000;880f01e687e2572cea04e80fc6a68085;400183;OK;1790;0;0;0;0;0,18;18,72;0;0;775;646;"";231,293;34,69;618,961;68,57;20,876;0,82;1,563;0,22;8,91;1,7;4,567;10,07;5,706;10,65;6,652;10,81;827,673;90,49;259,355;35,22;31,369;13,17;1,905;10,05;1,304;10,02;0,042;10,0;2,442;21,962;0,54;30,932;3,36;6,015;0,57;4,196;1,37;956,485;1,0;"";"";16,729;2,65;96,66301;12,34;"";"";13,029;19,99;13,0;"";"";"";"";"";"";"";"";"";"";"";"";"";"";"";"";"";"";"";"";"";"";"";"";"";"";"";"";"";"";"";"";"";"";"";"";"";"";"";"";"";"";"";"";"";"";"";"";"";"";"";"";"";"";"";"";"";"";"";"";"";"";"";"";""
03.12.2022 11:30:54;1670063454000;880f01e687e2572cea04e80fc6a68085;400303;OK;1799;1;0;0;0;0,31;74,61;0;0;736;614;"";246,987;37,05;665,154;69,95;20,868;0,82;1,565;0,22;9,057;1,69;5,447;10,5;6,255;10,91;7,346;10,97;876,6459;95,38;275,311;36,82;29,735;12,94;1,659;10,03;1,597;10,03;0,208;10,0;2,423;21,979;0,54;31,267;3,35;6,087;0,57;4,365;1,35;956,452;1,0;"";"";17,175;2,63;98,858;12,45;"";"";13,321;19,89;63,2;"";"";"";"";"";"";"";"";"";"";"";"";"";"";"";"";"";"";"";"";"";"";"";"";"";"";"";"";"";"";"";"";"";"";"";"";"";"";"";"";"";"";"";"";"";"";"";"";"";"";"";"";"";"";"";"";"";"";"";"";"";"";"";"";""
03.12.2022 11:32:54;1670063574000;880f01e687e2572cea04e80fc6a68085;400424;OK;1793;4;0;0;0;0,31;244,64;0;0;714;579;"";238,518;35,78;708,095;71,24;20,865;0,82;1,567;0,22;9,3;1,68;5,941;10,78;6,916;10,98;9,067;11,0;921,933;99,74;288,219;38,06;35,412;13,5;2,984;10,33;2,978;10,33;0,474;10,0;3,108;21,992;0,54;31,18;3,36;6,074;0,57;4,337;1,35;956,391;1,0;"";"";17,481;2,62;100,233;12,53;"";"";13,033;19,99;13,0;"";"";"";"";"";"";"";"";"";"";"";"";"";"";"";"";"";"";"";"";"";"";"";"";"";"";"";"";"";"";"";"";"";"";"";"";"";"";"";"";"";"";"";"";"";"";"";"";"";"";"";"";"";"";"";"";"";"";"";"";"";"";"";"";""
03.12.2022 11:34:54;1670063694000;880f01e687e2572cea04e80fc6a68085;400544;OK;1802;5;0;0;0;0,2;287,31;0;0;756;577;"";239,467;35,92;711,742;71,35;20,871;0,82;1,567;0,22;9,554;1,67;5,031;10,28;6,409;10,85;7,808;10,97;903,196;97,94001;281,195;37,41;30,299;12,89;2,798;10,29;1,52;10,16;0,8809999;10,12;2,665;22,004;0,54;31,241;3,36;6,09;0,57;4,375;1,35;956,354;1,0;"";"";17,663;2,61;101,876;12,61;"";"";13,003;20,0;13,0;"";"";"";"";"";"";"";"";"";"";"";"";"";"";"";"";"";"";"";"";"";"";"";"";"";"";"";"";"";"";"";"";"";"";"";"";"";"";"";"";"";"";"";"";"";"";"";"";"";"";"";"";"";"";"";"";"";"";"";"";"";"";"";"";""
03.12.2022 11:36:55;1670063815000;880f01e687e2572cea04e80fc6a68085;400664;OK;1798;1;0;0;0;-0,06;78,42;0;0;540;588;"";226,151;33,92;691,624;70,75;20,876;0,82;1,567;0,22;9,334;1,68;10,748;10,91;12,582;11,21;13,058;11,3;2428,43;246,45;537,524;62,34;43,481;14,19;0,9139999;10,03;0,608;10,02;0,09099999;10,01;1,567;22,019;0,54;31,004;3,36;6,049;0,57;4,279;1,36;956,358;1,0;"";"";17,529;2,62;101,114;12,58;"";"";13,0;20,0;13,0;"";"";"";"";"";"";"";"";"";"";"";"";"";"";"";"";"";"";"";"";"";"";"";"";"";"";"";"";"";"";"";"";"";"";"";"";"";"";"";"";"";"";"";"";"";"";"";"";"";"";"";"";"";"";"";"";"";"";"";"";"";"";"";"";""
03.12.2022 11:38:55;1670063935000;880f01e687e2572cea04e80fc6a68085;400785;OK;1791;0;1;0;0;-0,0;-44,76;0;0;436;579;"";236,2;35,43;706,8319;71,2;20,869;0,82;1,569;0,22;9,361;1,68;13,649;11,27;15,392;11,48;16,535;11,69;3745,608;374,65;746,898;82,7;40,035;13,9;3,183;10,19;1,172;10,06;0,124;10,0;1,787;22,029;0,54;31,186;3,36;6,088;0,57;4,371;1,35;956,362;1,0;"";"";17,645;2,61;100,671;12,55;"";"";13,0;20,0;13,0;"";"";"";"";"";"";"";"";"";"";"";"";"";"";"";"";"";"";"";"";"";"";"";"";"";"";"";"";"";"";"";"";"";"";"";"";"";"";"";"";"";"";"";"";"";"";"";"";"";"";"";"";"";"";"";"";"";"";"";"";"";"";"";"";""
03.12.2022 11:40:56;1670064056000;880f01e687e2572cea04e80fc6a68085;400905;OK;1800;1;0;0;0;0,03;38,84;0;0;383;567;"";234,767;35,21;722,919;71,69;20,87;0,82;1,569;0,22;9,232;1,69;15,609;11,46;17,512;11,62;18,708;11,75;4175,653;416,54;812,5239;89,08;36,183;13,55;3,377;10,19;1,671;10,08;0,23;10,0;1,742;22,033;0,54;31,215;3,36;6,096;0,57;4,389;1,35;956,37;1,0;"";"";17,631;2,61;102,426;12,65;"";"";13,0;20,0;13,0;"";"";"";"";"";"";"";"";"";"";"";"";"";"";"";"";"";"";"";"";"";"";"";"";"";"";"";"";"";"";"";"";"";"";"";"";"";"";"";"";"";"";"";"";"";"";"";"";"";"";"";"";"";"";"";"";"";"";"";"";"";"";"";"";""
03.12.2022 11:42:57;1670064177000;880f01e687e2572cea04e80fc6a68085;401026;OK;1798;1;0;0;0;-0,0;47,85;0;0;438;580;"";222,32;33,35;699,343;70,98001;20,871;0,82;1,57;0,22;8,934;1,7;13,521;11,16;16,398;11,68;17,741;11,91;3504,127;351,15;727,865;80,85;49,609;14,79;3,592;10,3;1,668;10,18;0,024;10,0;1,92;22,056;0,54;30,964;3,36;6,054;0,58;4,293;1,37;956,36;1,0;"";"";17,304;2,63;101,907;12,62;"";"";20,053;17,69;72,5;"";"";"";"";"";"";"";"";"";"";"";"";"";"";"";"";"";"";"";"";"";"";"";"";"";"";"";"";"";"";"";"";"";"";"";"";"";"";"";"";"";"";"";"";"";"";"";"";"";"";"";"";"";"";"";"";"";"";"";"";"";"";"";"";""
03.12.2022 11:44:57;1670064297000;880f01e687e2572cea04e80fc6a68085;401147;OK;1805;0;1;0;0;-0,36;-167,19;0;0;458;610;"";203,232;30,48;650,499;69,51;20,879;0,82;1,569;0,22;8,425;1,72;12,791;11,12;14,707;11,32;16,163;11,64;3248,663;326,31;671,77;75,34;37,232;13,63;2,378;10,18;1,885;10,14;0,002;10,0;1,997;22,074;0,54;30,47;3,37;5,964;0,58;4,079;1,39;956,336;1,0;"";"";16,763;2,65;97,77801;12,41;"";"";17,157;18,6;77,8;"";"";"";"";"";"";"";"";"";"";"";"";"";"";"";"";"";"";"";"";"";"";"";"";"";"";"";"";"";"";"";"";"";"";"";"";"";"";"";"";"";"";"";"";"";"";"";"";"";"";"";"";"";"";"";"";"";"";"";"";"";"";"";"";""
03.12.2022 11:46:58;1670064418000;880f01e687e2572cea04e80fc6a68085;401267;OK;1790;0;1;0;0;-0,34;-221,96;0;0;391;609;"";206,016;30,9;654,969;69,65;20,878;0,82;1,57;0,22;8,286;1,73;15,336;11,47;17,125;11,55;18,392;11,64;4065,538;405,8;808,548;88,72001;37,394;13,77;2,199;10,12;1,114;10,09;0,302;10,0;1,719;22,075;0,54;30,616;3,37;5,993;0,58;4,149;1,38;956,306;1,0;"";"";16,506;2,66;94,362;12,23;"";"";14,985;19,35;68,3;"";"";"";"";"";"";"";"";"";"";"";"";"";"";"";"";"";"";"";"";"";"";"";"";"";"";"";"";"";"";"";"";"";"";"";"";"";"";"";"";"";"";"";"";"";"";"";"";"";"";"";"";"";"";"";"";"";"";"";"";"";"";"";"";""
03.12.2022 11:48:58;1670064538000;880f01e687e2572cea04e80fc6a68085;401388;OK;1802;0;1;0;0;-0,02;-74,09;0;0;511;601;"";219,668;32,95;670,518;70,12001;20,875;0,82;1,569;0,22;8,496;1,72;11,257;11,06;13,511;11,19;14,333;11,2;2938,257;296,05;600,412;68,48001;41,891;14,07;1,772;10,1;1,024;10,01;0,031;10,0;1,776;22,07;0,54;30,879;3,36;6,043;0,58;4,266;1,37;956,277;1,0;"";"";16,575;2,66;94,906;12,26;"";"";14,341;19,47;56,2;"";"";"";"";"";"";"";"";"";"";"";"";"";"";"";"";"";"";"";"";"";"";"";"";"";"";"";"";"";"";"";"";"";"";"";"";"";"";"";"";"";"";"";"";"";"";"";"";"";"";"";"";"";"";"";"";"";"";"";"";"";"";"";"";""
03.12.2022 11:50:58;1670064658000;880f01e687e2572cea04e80fc6a68085;401508;OK;1788;1;0;0;0;0,25;65,86;0;0;492;603;"";223,909;33,59;667,055;70,01;20,874;0,82;1,569;0,22;8,66;1,71;11,92;11,18;13,581;11,29;14,165;11,33;3126,99;314,51;630,64;71,45;31,816;13,14;1,151;10,01;0,693;10,0;0,003;10,0;1,526;22,072;0,54;30,901;3,36;6,048;0,58;4,278;1,37;956,275;1,0;"";"";16,726;2,65;96,828;12,36;"";"";16,402;19,16;79,5;"";"";"";"";"";"";"";"";"";"";"";"";"";"";"";"";"";"";"";"";"";"";"";"";"";"";"";"";"";"";"";"";"";"";"";"";"";"";"";"";"";"";"";"";"";"";"";"";"";"";"";"";"";"";"";"";"";"";"";"";"";"";"";"";""
03.12.2022 11:52:58;1670064778000;880f01e687e2572cea04e80fc6a68085;401628;OK;1802;2;0;0;0;0,26;139,2;0;0;544;566;"";238,563;35,78;719,797;71,59;20,868;0,82;1,57;0,22;8,986;1,7;10,207;11,02;11,798;11,03;13,572;11,1;2688,236;271,76;556,464;64,24;31,473;13,06;3,252;10,27;2,803;10,23;0,771;10,0;2,319;22,076;0,54;31,032;3,36;6,075;0,58;4,339;1,36;956,238;1,0;"";"";17,239;2,63;98,055;12,42;"";"";22,531;16,92;76,9;"";"";"";"";"";"";"";"";"";"";"";"";"";"";"";"";"";"";"";"";"";"";"";"";"";"";"";"";"";"";"";"";"";"";"";"";"";"";"";"";"";"";"";"";"";"";"";"";"";"";"";"";"";"";"";"";"";"";"";"";"";"";"";"";""
03.12.2022 11:54:59;1670064899000;880f01e687e2572cea04e80fc6a68085;401748;OK;1795;0;1;0;0;-0,9;-104,77;0;0;468;637;"";134,12;20,12;602,36;68,07;20,886;0,82;1,566;0,22;7,631;1,76;12,558;11,22;14,435;11,42;17,157;11,61;3329,876;334,15;685,584;76,74;35,197;13,42;5,234;10,5;3,159;10,26;1,472;10,0;2,543;22,026;0,54;29,199;3,4;5,7;0,59;3,429;1,47;956,205;1,0;"";"";15,742;2,7;81,685;11,56;"";"";21,249;17,89;70,9;"";"";"";"";"";"";"";"";"";"";"";"";"";"";"";"";"";"";"";"";"";"";"";"";"";"";"";"";"";"";"";"";"";"";"";"";"";"";"";"";"";"";"";"";"";"";"";"";"";"";"";"";"";"";"";"";"";"";"";"";"";"";"";"";""
03.12.2022 11:56:59;1670065019000;880f01e687e2572cea04e80fc6a68085;401869;OK;1789;0;1;0;0;-1,55;-419,57;0;0;431;689;"";96,669;14,5;537,648;66,13;20,89;0,82;1,559;0,22;6,289;1,83;13,86;11,33;16,87;11,67;18,555;11,8;3382,495;339,26;703,431;78,45;49,813;14,88;5,574;10,54;1,918;10,07;0,152;10,0;2,059;21,93;0,54;28,788;3,41;5,588;0,59;3,147;1,49;956,222;1,0;"";"";13,799;2,8;64,591;10,67;"";"";35,538;12,76;83,2;"";"";"";"";"";"";"";"";"";"";"";"";"";"";"";"";"";"";"";"";"";"";"";"";"";"";"";"";"";"";"";"";"";"";"";"";"";"";"";"";"";"";"";"";"";"";"";"";"";"";"";"";"";"";"";"";"";"";"";"";"";"";"";"";""
03.12.2022 11:59:02;1670065142000;880f01e687e2572cea04e80fc6a68085;401991;OK;1786;0;1;0;0;-1,32;-513,02;0;0;507;702;"";87,782;13,17;530,342;65,91001;20,892;0,82;1,552;0,22;5,458;1,87;11,51;11,17;13,168;11,31;15,219;11,45;2612,065;264,17;574,873;65,98001;35,033;13,52;3,944;10,45;2,945;10,28;0,389;10,0;2,486;21,814;0,54;28,985;3,4;5,589;0,58;3,144;1,48;956,23;1,0;"";"";12,709;2,85;54,016;10,11;"";"";28,763;13,98;79,9;"";"";"";"";"";"";"";"";"";"";"";"";"";"";"";"";"";"";"";"";"";"";"";"";"";"";"";"";"";"";"";"";"";"";"";"";"";"";"";"";"";"";"";"";"";"";"";"";"";"";"";"";"";"";"";"";"";"";"";"";"";"";"";"";""
03.12.2022 12:01:01;1670065261000;880f01e687e2572cea04e80fc6a68085;402110;OK;1800;0;1;0;0;-0,17;-133,49;0;0;711;694;"";88,128;13,22;546,241;66,39;20,893;0,82;1,547;0,22;5,721;1,85;6,079;10,56;7,633;10,98;9,437;11,05;1136,216;120,57;330,977;42,2;35,984;13,6;3,203;10,23;1,988;10,2;0,38;10,0;2,931;21,7;0,54;29,236;3,4;5,6;0,58;3,167;1,46;956,2059;1,0;"";"";12,304;2,87;54,167;10,11;"";"";18,815;17,87;81,6;"";"";"";"";"";"";"";"";"";"";"";"";"";"";"";"";"";"";"";"";"";"";"";"";"";"";"";"";"";"";"";"";"";"";"";"";"";"";"";"";"";"";"";"";"";"";"";"";"";"";"";"";"";"";"";"";"";"";"";"";"";"";"";"";""
03.12.2022 12:03:01;1670065381000;880f01e687e2572cea04e80fc6a68085;402231;OK;1795;1;0;0;0;0,13;73,39;0;0;747;694;"";97,573;14,64;553,403;66,6;20,889;0,82;1,542;0,22;6,695;1,81;5,15;10,42;7,48;10,93;8,257;11,01;936,025;101,11;293,557;38,51;38,508;13,88;2,306;10,07;0,936;10,02;0,039;10,0;2,236;21,62;0,54;29,474;3,39;5,62;0,57;3,213;1,45;956,199;1,0;"";"";12,559;2,86;58,101;10,3;"";"";13,6;19,78;13,0;"";"";"";"";"";"";"";"";"";"";"";"";"";"";"";"";"";"";"";"";"";"";"";"";"";"";"";"";"";"";"";"";"";"";"";"";"";"";"";"";"";"";"";"";"";"";"";"";"";"";"";"";"";"";"";"";"";"";"";"";"";"";"";"";""
03.12.2022 12:05:02;1670065502000;880f01e687e2572cea04e80fc6a68085;402352;OK;1791;1;0;0;0;0,19;91,43001;0;0;716;689;"";108,974;16,35;563,44;66,9;20,886;0,82;1,539;0,22;7,958;1,75;5,881;10,82;7,908;10,99;8,258;11,0;981,078;105,53;308,829;39,99;34,291;13,39;2,049;10,08;0,392;10,0;0,004;10,0;1,723;21,596;0,54;29,68;3,39;5,651;0,57;3,291;1,44;956,161;1,0;"";"";13,42;2,81;65,854;10,7;"";"";13,062;19,98;13,0;"";"";"";"";"";"";"";"";"";"";"";"";"";"";"";"";"";"";"";"";"";"";"";"";"";"";"";"";"";"";"";"";"";"";"";"";"";"";"";"";"";"";"";"";"";"";"";"";"";"";"";"";"";"";"";"";"";"";"";"";"";"";"";"";""
03.12.2022 12:07:03;1670065623000;880f01e687e2572cea04e80fc6a68085;402472;OK;1800;1;0;0;0;0,19;47,09;0;0;777;690;"";114,856;17,23;563,517;66,91;20,884;0,82;1,537;0,22;9,419;1,68;4,502;10,18;6,627;10,68;7,789;10,97;907,262;98,31;280,095;37,18;31,943;13,22;2,796;10,16;1,147;10,08;0,0;10,0;2,727;21,596;0,54;29,76;3,39;5,666;0,57;3,329;1,43;956,139;1,0;"";"";14,498;2,76;74,218;11,14;"";"";13,006;20,0;13,0;"";"";"";"";"";"";"";"";"";"";"";"";"";"";"";"";"";"";"";"";"";"";"";"";"";"";"";"";"";"";"";"";"";"";"";"";"";"";"";"";"";"";"";"";"";"";"";"";"";"";"";"";"";"";"";"";"";"";"";"";"";"";"";"";""
03.12.2022 12:09:03;1670065743000;880f01e687e2572cea04e80fc6a68085;402592;OK;1792;0;0;0;0;0,17;19,62;0;0;747;692;"";123,56;18,53;561,888;66,86;20,885;0,82;1,536;0,22;10,903;1,61;5,204;10,4;7,135;10,94;8,674;11,0;942,6439;101,74;295,963;38,8;35,623;13,5;3,023;10,32;2,207;10,16;0,409;10,0;2,843;21,603;0,54;29,835;3,39;5,683;0,57;3,371;1,43;956,109;1,0;"";"";15,519;2,71;81,594;11,52;"";"";13,001;20,0;13,0;"";"";"";"";"";"";"";"";"";"";"";"";"";"";"";"";"";"";"";"";"";"";"";"";"";"";"";"";"";"";"";"";"";"";"";"";"";"";"";"";"";"";"";"";"";"";"";"";"";"";"";"";"";"";"";"";"";"";"";"";"";"";"";"";""
03.12.2022 12:11:04;1670065864000;880f01e687e2572cea04e80fc6a68085;402713;OK;1811;0;0;0;0;0,11;-19,19;0;0;757;697;"";130,869;19,63;556,747;66,7;20,886;0,82;1,536;0,22;11,995;1,6;5,013;10,18;6,108;10,8;7,535;10,88;849,3549;92,64;260,8;35,28;25,543;12,54;1,781;10,15;1,696;10,13;0,239;10,0;2,759;21,622;0,54;29,842;3,39;5,691;0,57;3,391;1,43;956,09;1,0;"";"";16,34;2,67;87,476;11,83;"";"";13,0;20,0;13,0;"";"";"";"";"";"";"";"";"";"";"";"";"";"";"";"";"";"";"";"";"";"";"";"";"";"";"";"";"";"";"";"";"";"";"";"";"";"";"";"";"";"";"";"";"";"";"";"";"";"";"";"";"";"";"";"";"";"";"";"";"";"";"";"";""
03.12.2022 12:13:05;1670065985000;880f01e687e2572cea04e80fc6a68085;402834;OK;1788;0;1;0;0;0,18;-26,06;0;0;711;698;"";143,333;21,5;556,404;66,69;20,887;0,82;1,538;0,22;12,969;1,65;6,029;10,69;7,691;10,9;8,01;10,93;999,171;107,24;305,614;39,76;36,073;13,49;0,414;10,02;0,405;10,01;0,025;10,0;1,675;21,643;0,54;30,031;3,38;5,734;0,57;3,498;1,42;956,103;1,0;"";"";17,051;2,64;92,664;12,1;"";"";13,0;20,0;13,0;"";"";"";"";"";"";"";"";"";"";"";"";"";"";"";"";"";"";"";"";"";"";"";"";"";"";"";"";"";"";"";"";"";"";"";"";"";"";"";"";"";"";"";"";"";"";"";"";"";"";"";"";"";"";"";"";"";"";"";"";"";"";"";"";""
03.12.2022 12:15:05;1670066105000;880f01e687e2572cea04e80fc6a68085;402954;OK;1787;0;0;0;0;0,19;-10,59;0;0;768;697;"";149,604;22,44;558,304;66,75;20,888;0,82;1,54;0,22;13,545;1,68;4,726;10,15;6,11;10,7;6,827;10,89;822,0969;90,01;254,148;34,81;25,751;12,53;1,746;10,12;1,17;10,06;0,003;10,0;2,166;21,66;0,54;30,1;3,38;5,753;0,57;3,546;1,41;956,106;1,0;"";"";17,781;2,6;96,92401;12,32;"";"";13,0;20,0;13,0;"";"";"";"";"";"";"";"";"";"";"";"";"";"";"";"";"";"";"";"";"";"";"";"";"";"";"";"";"";"";"";"";"";"";"";"";"";"";"";"";"";"";"";"";"";"";"";"";"";"";"";"";"";"";"";"";"";"";"";"";"";"";"";"";""
03.12.2022 12:17:05;1670066225000;880f01e687e2572cea04e80fc6a68085;403074;OK;1817;1;0;0;0;0,21;22,63;0;0;730;692;"";155,012;23,25;563,715;66,91;20,89;0,82;1,542;0,22;13,883;1,7;5,593;10,63;6,72;10,88;8,123;10,95;957,2889;103,13;298,536;39,08;26,893;12,58;2,383;10,16;2,014;10,1;0,0;10,0;2,654;21,68;0,54;30,165;3,38;5,772;0,57;3,594;1,41;956,1049;1,0;"";"";18,313;2,58;100,059;12,49;"";"";13,0;20,0;13,0;"";"";"";"";"";"";"";"";"";"";"";"";"";"";"";"";"";"";"";"";"";"";"";"";"";"";"";"";"";"";"";"";"";"";"";"";"";"";"";"";"";"";"";"";"";"";"";"";"";"";"";"";"";"";"";"";"";"";"";"";"";"";"";"";""
03.12.2022 12:19:05;1670066345000;880f01e687e2572cea04e80fc6a68085;403195;OK;1791;1;0;0;0;0,16;32,39;0;0;702;691;"";158,655;23,8;565,415;66,96;20,888;0,82;1,543;0,22;13,976;1,7;6,248;10,67;8,431;10,99;9,198;10,99;1170,826;123,92;320,257;41,19;34,05;13,41;1,867;10,06;0,8059999;10,01;0,0;10,0;2,069;21,701;0,54;30,203;3,38;5,786;0,57;3,63;1,41;956,124;1,0;"";"";18,731;2,56;102,349;12,61;"";"";13,0;20,0;13,0;"";"";"";"";"";"";"";"";"";"";"";"";"";"";"";"";"";"";"";"";"";"";"";"";"";"";"";"";"";"";"";"";"";"";"";"";"";"";"";"";"";"";"";"";"";"";"";"";"";"";"";"";"";"";"";"";"";"";"";"";"";"";"";"";""
03.12.2022 12:21:05;1670066465000;880f01e687e2572cea04e80fc6a68085;403314;OK;1826;0;0;0;0;0,16;11,84;0;0;737;693;"";161,079;24,16;562,922;66,89;20,885;0,82;1,545;0,22;13,91;1,7;5,445;10,39;6,941;10,98;7,9;11,0;900,042;97,59;275,109;36,7;40,7;14,04;1,549;10,06;1,187;10,06;0,0;10,0;2,319;21,713;0,54;30,244;3,38;5,798;0,57;3,659;1,4;956,111;1,0;"";"";19,054;2,54;103,963;12,69;"";"";13,0;20,0;13,0;"";"";"";"";"";"";"";"";"";"";"";"";"";"";"";"";"";"";"";"";"";"";"";"";"";"";"";"";"";"";"";"";"";"";"";"";"";"";"";"";"";"";"";"";"";"";"";"";"";"";"";"";"";"";"";"";"";"";"";"";"";"";"";"";""
03.12.2022 12:23:06;1670066586000;880f01e687e2572cea04e80fc6a68085;403435;OK;1797;0;0;0;0;0,08;-22,08;0;0;743;696;"";159,898;23,98;557,71;66,73;20,892;0,82;1,546;0,22;13,63;1,68;5,313;10,37;6,171;10,82;7,356;10,99;913,136;98,85;277,885;37,05;23,429;12,25;3,063;10,28;1,923;10,27;0,0;10,0;2,512;21,72;0,54;30,21;3,38;5,794;0,57;3,65;1,41;956,129;1,0;"";"";19,12;2,54;104,547;12,72;"";"";13,0;20,0;13,0;"";"";"";"";"";"";"";"";"";"";"";"";"";"";"";"";"";"";"";"";"";"";"";"";"";"";"";"";"";"";"";"";"";"";"";"";"";"";"";"";"";"";"";"";"";"";"";"";"";"";"";"";"";"";"";"";"";"";"";"";"";"";"";"";""
03.12.2022 12:25:06;1670066706000;880f01e687e2572cea04e80fc6a68085;403555;OK;1782;0;0;0;0;0,04;-24,8;0;0;751;696;"";164,022;24,6;558,128;66,74;20,888;0,82;1,547;0,22;13,227;1,66;5,127;10,19;6,651;10,91;8,074;11,0;884,238;96,05;273,943;36,72;32,988;13,26;2,869;10,1;1,821;10,05;0,601;10,0;2,812;21,735;0,54;30,272;3,38;5,81;0,57;3,692;1,4;956,149;1,0;"";"";19,217;2,53;104,649;12,73;"";"";13,0;20,0;13,0;"";"";"";"";"";"";"";"";"";"";"";"";"";"";"";"";"";"";"";"";"";"";"";"";"";"";"";"";"";"";"";"";"";"";"";"";"";"";"";"";"";"";"";"";"";"";"";"";"";"";"";"";"";"";"";"";"";"";"";"";"";"";"";"";""
03.12.2022 12:27:07;1670066827000;880f01e687e2572cea04e80fc6a68085;403676;OK;1800;0;0;0;0;0,04;-14,12;0;0;764;696;"";165,786;24,87;557,409;66,72;20,893;0,82;1,548;0,22;12,859;1,64;4,761;10,25;5,736;10,5;6,674;10,84;794,901;87,3;248,183;34,16;25,523;12,52;1,78;10,11;0,9940001;10,0;0,062;10,0;2,479;21,742;0,54;30,277;3,38;5,814;0,57;3,701;1,4;956,171;1,0;"";"";19,312;2,53;104,657;12,73;"";"";13,0;20,0;13,0;"";"";"";"";"";"";"";"";"";"";"";"";"";"";"";"";"";"";"";"";"";"";"";"";"";"";"";"";"";"";"";"";"";"";"";"";"";"";"";"";"";"";"";"";"";"";"";"";"";"";"";"";"";"";"";"";"";"";"";"";"";"";"";"";""
03.12.2022 12:29:07;1670066947000;880f01e687e2572cea04e80fc6a68085;403797;OK;1786;0;0;0;0;0,02;-19,18;0;0;751;700;"";163,361;24,5;551,335;66,54;20,893;0,82;1,548;0,22;12,425;1,62;5,13;10,34;6,472;10,66;7,153;10,78;856,878;93,39;272,565;36,58;26,348;12,58;1,342;10,14;0,754;10,06;0,006;10,0;1,991;21,749;0,54;30,2;3,38;5,801;0,57;3,671;1,41;956,176;1,0;"";"";19,157;2,53;103,695;12,68;"";"";13,0;20,0;13,0;"";"";"";"";"";"";"";"";"";"";"";"";"";"";"";"";"";"";"";"";"";"";"";"";"";"";"";"";"";"";"";"";"";"";"";"";"";"";"";"";"";"";"";"";"";"";"";"";"";"";"";"";"";"";"";"";"";"";"";"";"";"";"";"";""
03.12.2022 12:31:08;1670067068000;880f01e687e2572cea04e80fc6a68085;403917;OK;1806;0;1;0;0;-0,03;-30,8;0;0;717;703;"";161,195;24,18;548,111;66,44001;20,891;0,82;1,549;0,22;12,037;1,6;5,891;10,62;7,602;10,94;7,905;10,98;940,771;101,57;298,252;39,06;33,33;13,34;1,085;10,01;0,373;10,01;0,001;10,0;1,675;21,753;0,54;30,193;3,38;5,801;0,57;3,67;1,41;956,187;1,0;"";"";19,013;2,54;103,056;12,65;"";"";13,0;20,0;13,0;"";"";"";"";"";"";"";"";"";"";"";"";"";"";"";"";"";"";"";"";"";"";"";"";"";"";"";"";"";"";"";"";"";"";"";"";"";"";"";"";"";"";"";"";"";"";"";"";"";"";"";"";"";"";"";"";"";"";"";"";"";"";"";"";""
03.12.2022 12:33:07;1670067187000;880f01e687e2572cea04e80fc6a68085;404037;OK;1797;0;1;0;0;-0,03;-27,54;0;0;736;703;"";163,424;24,51;547,456;66,42;20,889;0,82;1,551;0,22;11,64;1,58;5,473;10,54;7,506;10,94;8,578;10,98;916,1819;99,18;287,382;37,94;40,633;14,08;2,866;10,32;1,298;10,08;0,0;10,0;2,428;21,761;0,54;30,192;3,38;5,804;0,57;3,677;1,41;956,181;1,0;"";"";18,936;2,55;102,29;12,61;"";"";13,0;20,0;13,0;"";"";"";"";"";"";"";"";"";"";"";"";"";"";"";"";"";"";"";"";"";"";"";"";"";"";"";"";"";"";"";"";"";"";"";"";"";"";"";"";"";"";"";"";"";"";"";"";"";"";"";"";"";"";"";"";"";"";"";"";"";"";"";"";""
03.12.2022 12:35:08;1670067308000;880f01e687e2572cea04e80fc6a68085;404157;OK;1812;0;0;0;0;0,02;-4,39;0;0;735;701;"";166,959;25,04;549,411;66,48;20,891;0,82;1,551;0,22;11,362;1,58;5,483;10,49;6,691;10,95;7,799;10,95;903,566;97,98;283,497;37,58;29,189;12,95;3,112;10,32;1,945;10,26;0,0;10,0;2,396;21,768;0,54;30,199;3,38;5,807;0,57;3,686;1,41;956,187;1,0;"";"";18,76;2,55;101,896;12,59;"";"";13,0;20,0;13,0;"";"";"";"";"";"";"";"";"";"";"";"";"";"";"";"";"";"";"";"";"";"";"";"";"";"";"";"";"";"";"";"";"";"";"";"";"";"";"";"";"";"";"";"";"";"";"";"";"";"";"";"";"";"";"";"";"";"";"";"";"";"";"";"";""
03.12.2022 12:37:08;1670067428000;880f01e687e2572cea04e80fc6a68085;404278;OK;1811;0;0;0;0;0,02;11,16;0;0;724;699;"";168,097;25,21;551,499;66,54;20,89;0,82;1,551;0,22;11,058;1,6;5,736;10,65;6,978;10,95;7,748;11,0;956,025;103,04;300,697;39,22;30,782;13,07;1,454;10,06;0,8809999;10,05;0,175;10,0;2,075;21,771;0,54;30,192;3,38;5,807;0,57;3,685;1,41;956,176;1,0;"";"";18,681;2,56;101,511;12,57;"";"";13,0;20,0;13,0;"";"";"";"";"";"";"";"";"";"";"";"";"";"";"";"";"";"";"";"";"";"";"";"";"";"";"";"";"";"";"";"";"";"";"";"";"";"";"";"";"";"";"";"";"";"";"";"";"";"";"";"";"";"";"";"";"";"";"";"";"";"";"";"";""
03.12.2022 12:39:09;1670067549000;880f01e687e2572cea04e80fc6a68085;404398;OK;1797;0;0;0;0;0,0;12,57;0;0;746;699;"";165,929;24,89;551,381;66,54;20,896;0,82;1,551;0,22;10,835;1,61;5,198;10,38;6,559;10,85;7,664;11,0;871,311;94,74;271,645;36,41;36,648;13,63;1,903;10,16;1,222;10,01;0,018;10,0;2,554;21,772;0,54;30,188;3,38;5,807;0,57;3,685;1,41;956,162;1,0;"";"";18,497;2,57;101,569;12,57;"";"";13,0;20,0;13,0;"";"";"";"";"";"";"";"";"";"";"";"";"";"";"";"";"";"";"";"";"";"";"";"";"";"";"";"";"";"";"";"";"";"";"";"";"";"";"";"";"";"";"";"";"";"";"";"";"";"";"";"";"";"";"";"";"";"";"";"";"";"";"";"";""
03.12.2022 12:41:09;1670067669000;880f01e687e2572cea04e80fc6a68085;404519;OK;1793;0;0;0;0;-0,05;3,26;0;0;718;698;"";165,649;24,85;550,872;66,53;20,891;0,82;1,551;0,22;10,659;1,62;5,853;10,67;6,797;10,98;8,279;11,0;920,918;99,58;288,91;38,11;29,726;12,95;2,28;10,23;1,628;10,06;0,002;10,0;2,739;21,776;0,54;30,089;3,38;5,789;0,57;3,642;1,41;956,125;1,0;"";"";18,392;2,57;101,471;12,57;"";"";13,0;20,0;13,0;"";"";"";"";"";"";"";"";"";"";"";"";"";"";"";"";"";"";"";"";"";"";"";"";"";"";"";"";"";"";"";"";"";"";"";"";"";"";"";"";"";"";"";"";"";"";"";"";"";"";"";"";"";"";"";"";"";"";"";"";"";"";"";"";""
03.12.2022 12:43:10;1670067790000;880f01e687e2572cea04e80fc6a68085;404640;OK;1793;0;0;0;0;-0,01;-9,5;0;0;776;700;"";167,894;25,18;549,234;66,48;20,894;0,82;1,552;0,22;10,526;1,62;4,533;10,11;5,568;10,54;7,252;10,91;829,4189;90,73001;257,66;35,11;34,413;13,4;2,264;10,28;1,947;10,21;0,111;10,0;3,228;21,781;0,54;30,173;3,38;5,807;0,57;3,686;1,41;956,103;1,0;"";"";18,289;2,58;101,451;12,57;"";"";13,0;20,0;13,0;"";"";"";"";"";"";"";"";"";"";"";"";"";"";"";"";"";"";"";"";"";"";"";"";"";"";"";"";"";"";"";"";"";"";"";"";"";"";"";"";"";"";"";"";"";"";"";"";"";"";"";"";"";"";"";"";"";"";"";"";"";"";"";"";""
03.12.2022 12:45:10;1670067910000;880f01e687e2572cea04e80fc6a68085;404759;OK;1809;0;0;0;0;-0,03;-12,97;0;0;749;700;"";168,3;25,25;547,377;66,42;20,891;0,82;1,551;0,22;10,352;1,63;5,179;10,24;6,475;10,95;7,968;10,99;882,145;95,86;277,094;37,09;31,207;12,99;2,163;10,13;1,954;10,08;0,563;10,0;2,85;21,788;0,54;30,078;3,38;5,791;0,57;3,646;1,41;956,113;1,0;"";"";18,245;2,58;101,315;12,56;"";"";13,0;20,0;13,0;"";"";"";"";"";"";"";"";"";"";"";"";"";"";"";"";"";"";"";"";"";"";"";"";"";"";"";"";"";"";"";"";"";"";"";"";"";"";"";"";"";"";"";"";"";"";"";"";"";"";"";"";"";"";"";"";"";"";"";"";"";"";"";"";""
03.12.2022 12:47:11;1670068031000;880f01e687e2572cea04e80fc6a68085;404880;OK;1796;0;0;0;0;-0,01;-10,58;0;0;751;700;"";168,896;25,33;547,39;66,42;20,897;0,82;1,551;0,22;10,16;1,64;5,137;10,3;6,333;10,82;7,151;10,88;903,695;97,92;279,784;37,26;28,066;12,78;1,578;10,15;1,089;10,07;0,058;10,0;2,166;21,794;0,54;30,064;3,38;5,79;0,57;3,645;1,41;956,117;1,0;"";"";18,08;2,59;101,029;12,55;"";"";13,0;20,0;13,0;"";"";"";"";"";"";"";"";"";"";"";"";"";"";"";"";"";"";"";"";"";"";"";"";"";"";"";"";"";"";"";"";"";"";"";"";"";"";"";"";"";"";"";"";"";"";"";"";"";"";"";"";"";"";"";"";"";"";"";"";"";"";"";"";""
03.12.2022 12:49:11;1670068151000;880f01e687e2572cea04e80fc6a68085;405001;OK;1809;0;0;0;0;-0,04;-6,07;0;0;696;700;"";169,933;25,49;547,471;66,42;20,894;0,82;1,551;0,22;10,093;1,64;6,357;10,8;7,953;10,98;8,49;10,99;1054,359;112,61;324,929;41,66;33,77;13,25;1,52;10,14;0,73;10,01;0,006;10,0;1,821;21,8;0,54;30,061;3,38;5,792;0,57;3,649;1,41;956,102;1,0;"";"";18,045;2,59;100,79;12,54;"";"";13,0;20,0;13,0;"";"";"";"";"";"";"";"";"";"";"";"";"";"";"";"";"";"";"";"";"";"";"";"";"";"";"";"";"";"";"";"";"";"";"";"";"";"";"";"";"";"";"";"";"";"";"";"";"";"";"";"";"";"";"";"";"";"";"";"";"";"";"";"";""
03.12.2022 12:51:12;1670068272000;880f01e687e2572cea04e80fc6a68085;405122;OK;1797;0;0;0;0;0,01;8,51;0;0;747;697;"";171,461;25,72;550,954;66,53;20,893;0,82;1,552;0,22;9,942;1,65;5,225;10,34;6,794;10,93;7,675;11,0;968,562;104,31;301,487;39,28;35,996;13,59;1,283;10,03;1,112;10,0;0,001;10,0;2,35;21,804;0,54;30,055;3,38;5,792;0,57;3,65;1,42;956,082;1,0;"";"";17,932;2,59;100,55;12,52;"";"";13,0;20,0;13,0;"";"";"";"";"";"";"";"";"";"";"";"";"";"";"";"";"";"";"";"";"";"";"";"";"";"";"";"";"";"";"";"";"";"";"";"";"";"";"";"";"";"";"";"";"";"";"";"";"";"";"";"";"";"";"";"";"";"";"";"";"";"";"";"";""
03.12.2022 12:53:12;1670068392000;880f01e687e2572cea04e80fc6a68085;405241;OK;1801;0;0;0;0;-0,02;4,77;0;0;733;699;"";170,515;25,58;547,4669;66,42;20,894;0,82;1,553;0,22;9,813;1,66;5,537;10,47;7,075;10,97;7,542;10,98;1005,475;107,85;310,182;40,2;39,257;13,87;0,723;10,02;0,556;10,0;0,0;10,0;1,845;21,803;0,54;30,013;3,38;5,784;0,57;3,629;1,42;956,084;1,0;"";"";17,864;2,6;100,247;12,51;"";"";13,0;20,0;13,0;"";"";"";"";"";"";"";"";"";"";"";"";"";"";"";"";"";"";"";"";"";"";"";"";"";"";"";"";"";"";"";"";"";"";"";"";"";"";"";"";"";"";"";"";"";"";"";"";"";"";"";"";"";"";"";"";"";"";"";"";"";"";"";"";""
03.12.2022 12:55:13;1670068513000;880f01e687e2572cea04e80fc6a68085;405362;OK;1810;0;0;0;0;-0,05;-4,93;0;0;737;698;"";170,454;25,57;546,816;66,4;20,899;0,82;1,554;0,22;9,666;1,66;5,443;10,48;6,584;10,88;7,303;10,9;889,9099;96,62001;276,537;36,99;28,702;12,85;1,748;10,13;0,694;10,0;0,0;10,0;2,031;21,808;0,54;29,959;3,38;5,775;0,57;3,607;1,42;956,082;1,0;"";"";17,829;2,6;99,87;12,49;"";"";13,24;19,87;40,0;"";"";"";"";"";"";"";"";"";"";"";"";"";"";"";"";"";"";"";"";"";"";"";"";"";"";"";"";"";"";"";"";"";"";"";"";"";"";"";"";"";"";"";"";"";"";"";"";"";"";"";"";"";"";"";"";"";"";"";"";"";"";"";"";""
03.12.2022 12:57:14;1670068634000;880f01e687e2572cea04e80fc6a68085;405483;OK;1791;0;0;0;0;-0,06;-9,44;0;0;738;696;"";170,679;25,6;549,497;66,48;20,894;0,82;1,554;0,22;9,626;1,67;5,43;10,43;6,474;10,87;6,829;10,9;967,447;104,09;300,91;39,32;27,993;12,79;0,723;10,01;0,279;10,0;0,0;10,0;1,643;21,809;0,54;29,924;3,38;5,768;0,57;3,591;1,42;956,086;1,0;"";"";17,716;2,6;99,519;12,47;"";"";16,533;18,81;74,0;"";"";"";"";"";"";"";"";"";"";"";"";"";"";"";"";"";"";"";"";"";"";"";"";"";"";"";"";"";"";"";"";"";"";"";"";"";"";"";"";"";"";"";"";"";"";"";"";"";"";"";"";"";"";"";"";"";"";"";"";"";"";"";"";""
03.12.2022 12:59:13;1670068753000;880f01e687e2572cea04e80fc6a68085;405602;OK;1804;1;0;0;0;0,06;40,49;0;0;730;690;"";169,478;25,42;558,784;66,76;20,893;0,82;1,554;0,22;9,579;1,67;5,586;10,48;7,879;10,99;8,902;11,06;969,439;104,4;306,482;39,88;42,293;14,13;3,638;10,32;2,176;10,15;0,452;10,0;2,143;21,812;0,54;30,132;3,38;5,809;0,57;3,693;1,41;956,106;1,0;"";"";17,825;2,6;99,849;12,49;"";"";13,377;19,87;13,0;"";"";"";"";"";"";"";"";"";"";"";"";"";"";"";"";"";"";"";"";"";"";"";"";"";"";"";"";"";"";"";"";"";"";"";"";"";"";"";"";"";"";"";"";"";"";"";"";"";"";"";"";"";"";"";"";"";"";"";"";"";"";"";"";""
03.12.2022 13:01:13;1670068873000;880f01e687e2572cea04e80fc6a68085;405723;OK;1796;1;0;0;0;0,25;31,86;0;0;705;697;"";180,392;27,06;554,037;66,62;20,897;0,82;1,555;0,22;9,856;1,66;6,134;10,89;7,756;11,0;9,217;11,04;1026,956;109,97;318,817;41,09;39,826;13,85;2,852;10,15;1,455;10,02;0,241;10,0;2,593;21,816;0,54;30,385;3,37;5,86;0,57;3,816;1,4;956,102;1,0;"";"";18,091;2,59;101,339;12,57;"";"";13,039;19,99;13,0;"";"";"";"";"";"";"";"";"";"";"";"";"";"";"";"";"";"";"";"";"";"";"";"";"";"";"";"";"";"";"";"";"";"";"";"";"";"";"";"";"";"";"";"";"";"";"";"";"";"";"";"";"";"";"";"";"";"";"";"";"";"";"";"";""
03.12.2022 13:03:13;1670068993000;880f01e687e2572cea04e80fc6a68085;405843;OK;1793;0;0;0;0;0,35;-11,18;0;0;732;702;"";177,334;26,6;549,332;66,48;20,896;0,82;1,555;0,22;10,114;1,64;5,544;10,53;7,129;10,92;8,869;10,92;1037,04;110,92;320,618;41,18;37,687;13,67;2,264;10,24;1,507;10,09;0,55;10,0;2,851;21,831;0,54;30,489;3,37;5,885;0,57;3,877;1,39;956,0969;1,0;"";"";18,573;2,56;102,697;12,64;"";"";14,383;19,5;62,0;"";"";"";"";"";"";"";"";"";"";"";"";"";"";"";"";"";"";"";"";"";"";"";"";"";"";"";"";"";"";"";"";"";"";"";"";"";"";"";"";"";"";"";"";"";"";"";"";"";"";"";"";"";"";"";"";"";"";"";"";"";"";"";"";""
03.12.2022 13:05:14;1670069114000;880f01e687e2572cea04e80fc6a68085;405963;OK;1795;0;1;0;0;0,32;-31,1;0;0;708;703;"";180,099;27,01;551,48;66,54;20,895;0,82;1,557;0,22;10,405;1,63;6,078;10,77;7,779;10,97;8,437;10,99;1019,349;109,18;316,554;40,85;34,98;13,51;1,629;10,02;1,04;10,01;0,057;10,0;1,964;21,846;0,54;30,693;3,37;5,929;0,57;3,985;1,38;956,08;1,0;"";"";19,028;2,54;104,818;12,75;"";"";14,129;19,65;81,2;"";"";"";"";"";"";"";"";"";"";"";"";"";"";"";"";"";"";"";"";"";"";"";"";"";"";"";"";"";"";"";"";"";"";"";"";"";"";"";"";"";"";"";"";"";"";"";"";"";"";"";"";"";"";"";"";"";"";"";"";"";"";"";"";""
03.12.2022 13:07:15;1670069235000;880f01e687e2572cea04e80fc6a68085;406084;OK;1796;0;0;0;0;0,27;5,72;0;0;649;700;"";209,39;31,41;555,999;66,68;20,894;0,82;1,558;0,22;10,657;1,62;7,53;10,82;9,575;10,98;10,651;11,0;1306,559;137,21;375,909;46,64;43,44;14,28;2,191;10,13;1,395;10,1;0,006;10,0;2,15;21,873;0,54;30,805;3,37;5,96;0,57;4,06;1,37;956,063;1,0;"";"";19,367;2,52;107,4;12,89;"";"";13,581;19,79;60,2;"";"";"";"";"";"";"";"";"";"";"";"";"";"";"";"";"";"";"";"";"";"";"";"";"";"";"";"";"";"";"";"";"";"";"";"";"";"";"";"";"";"";"";"";"";"";"";"";"";"";"";"";"";"";"";"";"";"";"";"";"";"";"";"";""
03.12.2022 13:09:15;1670069355000;880f01e687e2572cea04e80fc6a68085;406205;OK;1802;1;0;0;0;0,24;48,76;0;0;702;689;"";271,517;40,73;567,0;67,01;20,891;0,82;1,56;0,22;10,874;1,61;6,235;10,87;8,026;11,0;8,716;11,0;1058,5;113,07;324,083;41,57;35,703;13,43;1,037;10,01;0,955;10,01;0,001;10,0;1,974;21,896;0,54;30,806;3,36;5,968;0,57;4,081;1,37;956,049;1,0;"";"";19,604;2,51;109,388;12,99;"";"";13,06;19,98;13,0;"";"";"";"";"";"";"";"";"";"";"";"";"";"";"";"";"";"";"";"";"";"";"";"";"";"";"";"";"";"";"";"";"";"";"";"";"";"";"";"";"";"";"";"";"";"";"";"";"";"";"";"";"";"";"";"";"";"";"";"";"";"";"";"";""
03.12.2022 13:11:16;1670069476000;880f01e687e2572cea04e80fc6a68085;406325;OK;1796;1;0;0;0;0,09;55,64;0;0;633;685;"";316,927;47,54;569,118;67,07;20,888;0,82;1,563;0,22;10,842;1,61;8,056;10,98;9,404;11,1;10,756;11,13;1434,669;149,7;371,669;46,07;30,971;13,03;2,69;10,2;2,38;10,19;0,634;10,0;2,219;21,918;0,54;30,714;3,37;5,958;0,57;4,058;1,38;956,0089;1,0;"";"";19,6;2,51;109,784;13,01;"";"";13,006;20,0;13,0;"";"";"";"";"";"";"";"";"";"";"";"";"";"";"";"";"";"";"";"";"";"";"";"";"";"";"";"";"";"";"";"";"";"";"";"";"";"";"";"";"";"";"";"";"";"";"";"";"";"";"";"";"";"";"";"";"";"";"";"";"";"";"";"";""
03.12.2022 13:13:17;1670069597000;880f01e687e2572cea04e80fc6a68085;406446;OK;1807;1;0;0;0;-0,03;54,85;0;0;610;676;"";341,93;51,29;578,417;67,35;20,885;0,82;1,565;0,22;10,733;1,61;8,513;11,0;10,069;11,01;10,677;11,01;1581,808;163,95;403,663;49,24;34,291;13,4;0,962;10,09;0,777;10,05;0,087;10,0;1,698;21,934;0,54;30,655;3,37;5,952;0,57;4,044;1,38;955,965;1,0;"";"";19,501;2,52;109,452;13,0;"";"";13,001;20,0;13,0;"";"";"";"";"";"";"";"";"";"";"";"";"";"";"";"";"";"";"";"";"";"";"";"";"";"";"";"";"";"";"";"";"";"";"";"";"";"";"";"";"";"";"";"";"";"";"";"";"";"";"";"";"";"";"";"";"";"";"";"";"";"";"";"";""
03.12.2022 13:15:18;1670069718000;880f01e687e2572cea04e80fc6a68085;406567;OK;1797;1;0;0;0;-0,08;90,68;0;0;698;658;"";315,819;47,37;597,322;67,92;20,88;0,82;1,568;0,22;10,724;1,61;6,332;10,74;8,084;11,0;8,936;11,0;1083,026;115,4;327,735;41,84;37,626;13,74;1,06;10,06;1,041;10,05;0,009;10,0;2,075;21,942;0,54;30,574;3,37;5,939;0,57;4,013;1,39;955,943;1,0;"";"";19,282;2,53;109,399;13,0;"";"";13,474;19,84;75,1;"";"";"";"";"";"";"";"";"";"";"";"";"";"";"";"";"";"";"";"";"";"";"";"";"";"";"";"";"";"";"";"";"";"";"";"";"";"";"";"";"";"";"";"";"";"";"";"";"";"";"";"";"";"";"";"";"";"";"";"";"";"";"";"";""
03.12.2022 13:17:16;1670069836000;880f01e687e2572cea04e80fc6a68085;406686;OK;1800;1;0;0;0;-0,08;52,8;0;0;719;669;"";295,535;44,33;582,861;67,49;20,886;0,82;1,568;0,22;10,491;1,62;5,834;10,61;7,163;10,94;7,294;10,95;971,581;104,67;306,755;39,84;26,665;12,65;0,24;10,01;0,111;10,01;0,001;10,0;1,399;21,958;0,54;30,515;3,37;5,933;0,58;3,999;1,39;955,9569;1,0;"";"";18,906;2,55;108,944;12,97;"";"";13,051;19,98;13,0;"";"";"";"";"";"";"";"";"";"";"";"";"";"";"";"";"";"";"";"";"";"";"";"";"";"";"";"";"";"";"";"";"";"";"";"";"";"";"";"";"";"";"";"";"";"";"";"";"";"";"";"";"";"";"";"";"";"";"";"";"";"";"";"";""
03.12.2022 13:19:18;1670069958000;880f01e687e2572cea04e80fc6a68085;406807;OK;1797;0;0;0;0;-0,06;-17,62;0;0;699;671;"";337,179;50,58;578,461;67,35;20,891;0,82;1,57;0,22;10,2;1,64;6,296;10,71;8,023;10,97;8,371;11,0;1050,386;112,25;331,991;42,35;32,035;13,11;0,62;10,06;0,376;10,0;0,0;10,0;1,693;21,973;0,54;30,51;3,37;5,937;0,58;4,01;1,39;955,962;1,0;"";"";18,581;2,56;108,337;12,94;"";"";13,005;20,0;13,0;"";"";"";"";"";"";"";"";"";"";"";"";"";"";"";"";"";"";"";"";"";"";"";"";"";"";"";"";"";"";"";"";"";"";"";"";"";"";"";"";"";"";"";"";"";"";"";"";"";"";"";"";"";"";"";"";"";"";"";"";"";"";"";"";""
03.12.2022 13:21:19;1670070079000;880f01e687e2572cea04e80fc6a68085;406928;OK;1803;0;0;0;0;0,01;-20,59;0;0;641;660;"";309,769;46,47;591,131;67,73;20,885;0,82;1,573;0,22;9,994;1,65;7,751;10,94;9,542;11,09;10,332;11,1;1516,056;157,57;414,516;50,32;43,661;14,26;2,181;10,22;1,223;10,09;0,0;10,0;1,98;21,991;0,54;30,525;3,37;5,946;0,58;4,033;1,39;955,917;1,0;"";"";18,528;2,56;107,923;12,92;"";"";13,001;20,0;13,0;"";"";"";"";"";"";"";"";"";"";"";"";"";"";"";"";"";"";"";"";"";"";"";"";"";"";"";"";"";"";"";"";"";"";"";"";"";"";"";"";"";"";"";"";"";"";"";"";"";"";"";"";"";"";"";"";"";"";"";"";"";"";"";"";""
03.12.2022 13:23:20;1670070200000;880f01e687e2572cea04e80fc6a68085;407049;OK;1799;1;0;0;0;0,09;75,67;0;0;607;648;"";320,703;48,11;606,814;68,2;20,887;0,82;1,573;0,22;9,857;1,65;8,623;10,94;10,767;11,08;11,353;11,12;1796,784;184,92;438,858;52,64;44,532;14,32;1,918;10,13;1,35;10,11;0,0;10,0;1,726;22,004;0,54;30,6;3,37;5,965;0,58;4,079;1,39;955,878;1,0;"";"";18,513;2,57;108,301;12,94;"";"";13,0;20,0;13,0;"";"";"";"";"";"";"";"";"";"";"";"";"";"";"";"";"";"";"";"";"";"";"";"";"";"";"";"";"";"";"";"";"";"";"";"";"";"";"";"";"";"";"";"";"";"";"";"";"";"";"";"";"";"";"";"";"";"";"";"";"";"";"";"";""
03.12.2022 13:25:20;1670070320000;880f01e687e2572cea04e80fc6a68085;407170;OK;1787;1;0;0;0;0,13;63,51;0;0;475;655;"";343,16;51,47;597,584;67,93;20,888;0,82;1,574;0,22;9,732;1,66;12,301;11,1;15,094;11,39;16,399;11,63;2691,855;272,05;597,581;68,15;50,824;14,88;2,968;10,25;1,098;10,02;0,345;10,0;1,966;22,024;0,54;30,637;3,37;5,98;0,58;4,114;1,38;955,849;1,0;"";"";18,509;2,57;108,639;12,96;"";"";15,36;19,4;83,8;"";"";"";"";"";"";"";"";"";"";"";"";"";"";"";"";"";"";"";"";"";"";"";"";"";"";"";"";"";"";"";"";"";"";"";"";"";"";"";"";"";"";"";"";"";"";"";"";"";"";"";"";"";"";"";"";"";"";"";"";"";"";"";"";""
03.12.2022 13:27:21;1670070441000;880f01e687e2572cea04e80fc6a68085;407290;OK;1805;1;0;0;0;0,14;22,83;0;0;395;643;"";397,583;59,64;609,136;68,27;20,882;0,82;1,577;0,22;9,602;1,67;15,076;11,5;16,857;11,7;17,906;11,78;4128,416;411,98;796,869;87,65;33,74;13,35;2,232;10,07;1,132;10,0;0,036;10,0;1,702;22,042;0,54;30,686;3,37;5,995;0,58;4,152;1,38;955,83;1,0;"";"";18,602;2,56;108,812;12,97;"";"";13,243;19,94;13,0;"";"";"";"";"";"";"";"";"";"";"";"";"";"";"";"";"";"";"";"";"";"";"";"";"";"";"";"";"";"";"";"";"";"";"";"";"";"";"";"";"";"";"";"";"";"";"";"";"";"";"";"";"";"";"";"";"";"";"";"";"";"";"";"";""
03.12.2022 13:29:22;1670070562000;880f01e687e2572cea04e80fc6a68085;407411;OK;1799;1;0;0;0;0,13;37,39;0;0;379;635;"";405,967;60,9;618,88;68,57;20,881;0,82;1,579;0,22;9,38;1,68;15,572;11,62;16,878;11,7;18,194;11,78;4378,747;436,3;827,45;90,49;33,874;13,38;2,798;10,17;2,639;10,16;0,004;10,0;1,731;22,058;0,54;30,747;3,36;6,013;0,58;4,195;1,38;955,795;1,0;"";"";18,671;2,56;108,994;12,98;"";"";13,025;19,99;13,0;"";"";"";"";"";"";"";"";"";"";"";"";"";"";"";"";"";"";"";"";"";"";"";"";"";"";"";"";"";"";"";"";"";"";"";"";"";"";"";"";"";"";"";"";"";"";"";"";"";"";"";"";"";"";"";"";"";"";"";"";"";"";"";"";""
03.12.2022 13:31:23;1670070683000;880f01e687e2572cea04e80fc6a68085;407532;OK;1799;1;0;0;0;0,12;96,72;0;0;396;624;"";380,438;57,07;635,38;69,06;20,878;0,82;1,58;0,22;9,289;1,68;14,979;11,39;16,877;11,72;17,541;11,72;3879,91;387,73;758,946;83,92;38,806;13,79;2,666;10,25;0,646;10,03;0,0;10,0;1,452;22,071;0,54;30,794;3,36;6,026;0,58;4,228;1,37;955,7899;1,0;"";"";18,655;2,56;108,561;12,96;"";"";13,638;19,81;72,5;"";"";"";"";"";"";"";"";"";"";"";"";"";"";"";"";"";"";"";"";"";"";"";"";"";"";"";"";"";"";"";"";"";"";"";"";"";"";"";"";"";"";"";"";"";"";"";"";"";"";"";"";"";"";"";"";"";"";"";"";"";"";"";"";""
03.12.2022 13:33:23;1670070803000;880f01e687e2572cea04e80fc6a68085;407653;OK;1794;2;0;0;0;0,09;119,78;0;0;437;613;"";369,69;55,45;651,275;69,54;20,881;0,82;1,58;0,22;9,274;1,68;13,598;11,27;15,773;11,41;16,635;11,56;3539,523;354,56;714,874;79,57;41,739;14,1;1,936;10,12;1,082;10,01;0,0;10,0;1,628;22,068;0,54;30,846;3,36;6,036;0,58;4,249;1,37;955,8;1,0;"";"";18,635;2,56;108,032;12,94;"";"";13,279;19,9;60,2;"";"";"";"";"";"";"";"";"";"";"";"";"";"";"";"";"";"";"";"";"";"";"";"";"";"";"";"";"";"";"";"";"";"";"";"";"";"";"";"";"";"";"";"";"";"";"";"";"";"";"";"";"";"";"";"";"";"";"";"";"";"";"";"";""
03.12.2022 13:35:22;1670070922000;880f01e687e2572cea04e80fc6a68085;407772;OK;1793;3;0;0;0;0,15;185,16;0;0;474;589;"";372,628;55,89;685,092;70,55;20,874;0,82;1,58;0,22;9,493;1,67;12,329;11,12;15,05;11,37;16,977;11,85;2997,117;301,82;650,915;73,34;47,333;14,61;4,544;10,39;2,988;10,21;0,469;10,0;2,261;22,062;0,54;31,003;3,36;6,064;0,58;4,317;1,36;955,788;1,0;"";"";18,622;2,56;108,248;12,95;"";"";13,03;19,99;13,0;"";"";"";"";"";"";"";"";"";"";"";"";"";"";"";"";"";"";"";"";"";"";"";"";"";"";"";"";"";"";"";"";"";"";"";"";"";"";"";"";"";"";"";"";"";"";"";"";"";"";"";"";"";"";"";"";"";"";"";"";"";"";"";"";""
03.12.2022 13:37:24;1670071044000;880f01e687e2572cea04e80fc6a68085;407894;OK;1787;3;0;0;0;0,17;177,46;0;0;427;584;"";367,878;55,18;692,396;70,77;20,875;0,82;1,581;0,22;9,684;1,66;13,859;11,23;16,061;11,53;17,958;11,97;3884,022;388,13;761,04;84,11;43,154;14,3;3,162;10,32;1,712;10,1;0,047;10,0;2,16;22,073;0,54;31,053;3,36;6,078;0,58;4,349;1,36;955,8;1,0;"";"";18,415;2,57;108,456;12,96;"";"";13,003;20,0;13,0;"";"";"";"";"";"";"";"";"";"";"";"";"";"";"";"";"";"";"";"";"";"";"";"";"";"";"";"";"";"";"";"";"";"";"";"";"";"";"";"";"";"";"";"";"";"";"";"";"";"";"";"";"";"";"";"";"";"";"";"";"";"";"";"";""
03.12.2022 13:39:24;1670071164000;880f01e687e2572cea04e80fc6a68085;408013;OK;1816;3;0;0;0;0,21;175,05;0;0;398;566;"";373,799;56,07;718,036;71,54;20,874;0,82;1,582;0,22;9,962;1,65;14,884;11,46;16,902;11,72;17,986;11,96;3828,15;382,74;756,489;83,65001;40,416;14,06;2,261;10,15;1,414;10,04;0,287;10,0;1,74;22,086;0,54;31,177;3,36;6,106;0,58;4,417;1,35;955,77;1,0;"";"";18,415;2,57;108,496;12,96;"";"";13,0;20,0;13,0;"";"";"";"";"";"";"";"";"";"";"";"";"";"";"";"";"";"";"";"";"";"";"";"";"";"";"";"";"";"";"";"";"";"";"";"";"";"";"";"";"";"";"";"";"";"";"";"";"";"";"";"";"";"";"";"";"";"";"";"";"";"";"";"";""
03.12.2022 13:41:25;1670071285000;880f01e687e2572cea04e80fc6a68085;408133;OK;1828;1;0;0;0;0,13;89,33001;0;0;498;569;"";364,055;54,61;713,0919;71,39;20,87;0,82;1,584;0,22;9,992;1,65;11,763;11,2;14,646;11,38;15,505;11,43;2732,011;275,98;594,203;67,85;46,679;14,59;2,345;10,1;1,224;10,0;0,8190001;10,0;1,809;22,1;0,54;31,169;3,36;6,11;0,58;4,426;1,35;955,736;1,0;"";"";18,394;2,57;108,941;12,99;"";"";15,504;18,76;81,4;"";"";"";"";"";"";"";"";"";"";"";"";"";"";"";"";"";"";"";"";"";"";"";"";"";"";"";"";"";"";"";"";"";"";"";"";"";"";"";"";"";"";"";"";"";"";"";"";"";"";"";"";"";"";"";"";"";"";"";"";"";"";"";"";""
03.12.2022 13:43:25;1670071405000;880f01e687e2572cea04e80fc6a68085;408254;OK;1811;1;0;0;0;0,16;61,24;0;0;478;570;"";383,898;57,58;711,662;71,35;20,873;0,82;1,585;0,22;10,078;1,64;12,203;11,09;14,733;11,33;15,603;11,61;2841,908;286,79;615,865;69,92;50,97;14,99;2,259;10,23;1,386;10,17;0,087;10,0;1,749;22,116;0,54;31,259;3,35;6,133;0,58;4,482;1,35;955,7;1,0;"";"";18,601;2,56;110,153;13,05;"";"";13,862;19,62;67,4;"";"";"";"";"";"";"";"";"";"";"";"";"";"";"";"";"";"";"";"";"";"";"";"";"";"";"";"";"";"";"";"";"";"";"";"";"";"";"";"";"";"";"";"";"";"";"";"";"";"";"";"";"";"";"";"";"";"";"";"";"";"";"";"";""
03.12.2022 13:45:25;1670071525000;880f01e687e2572cea04e80fc6a68085;408375;OK;1781;0;1;0;0;0,06;-112,47;0;0;538;595;"";389,333;58,4;675,509;70,27;20,873;0,82;1,587;0,22;9,902;1,65;10,471;11,01;12,537;11,03;13,815;11,16;2581,644;261,38;579,48;66,46;38,073;13,68;2,422;10,15;1,606;10,05;0,366;10,0;2,091;22,142;0,54;31,161;3,35;6,123;0,58;4,459;1,36;955,672;1,0;"";"";18,704;2,56;110,697;13,08;"";"";13,089;19,96;13,0;"";"";"";"";"";"";"";"";"";"";"";"";"";"";"";"";"";"";"";"";"";"";"";"";"";"";"";"";"";"";"";"";"";"";"";"";"";"";"";"";"";"";"";"";"";"";"";"";"";"";"";"";"";"";"";"";"";"";"";"";"";"";"";"";""
03.12.2022 13:47:26;1670071646000;880f01e687e2572cea04e80fc6a68085;408495;OK;1804;0;1;0;0;0,1;-57,8;0;0;475;562;"";423,279;63,49;711,428;71,34;20,867;0,82;1,588;0,22;9,583;1,67;12,629;11,37;15,069;11,51;15,632;11,52;2872,418;289,67;605,69;69,01;38,983;13,89;3,384;10,32;0,8450001;10,11;0,038;10,0;1,54;22,163;0,54;31,257;3,35;6,149;0,58;4,521;1,35;955,639;1,0;"";"";18,969;2,54;110,192;13,06;"";"";14,777;19,45;71,7;"";"";"";"";"";"";"";"";"";"";"";"";"";"";"";"";"";"";"";"";"";"";"";"";"";"";"";"";"";"";"";"";"";"";"";"";"";"";"";"";"";"";"";"";"";"";"";"";"";"";"";"";"";"";"";"";"";"";"";"";"";"";"";"";""
03.12.2022 13:49:27;1670071767000;880f01e687e2572cea04e80fc6a68085;408616;OK;1803;0;0;0;0;-0,05;-9,24;0;0;416;579;"";376,164;56,42;692,784;70,78;20,873;0,82;1,589;0,22;9,102;1,69;14,313;11,51;15,992;11,62;16,425;11,69;3735,723;373,8;759,183;83,97;38,759;13,78;1,852;10,1;0,336;10,01;0,004;10,0;1,393;22,172;0,54;31,061;3,36;6,114;0,58;4,44;1,36;955,6339;1,0;"";"";18,894;2,55;109,383;13,01;"";"";13,183;19,94;13,0;"";"";"";"";"";"";"";"";"";"";"";"";"";"";"";"";"";"";"";"";"";"";"";"";"";"";"";"";"";"";"";"";"";"";"";"";"";"";"";"";"";"";"";"";"";"";"";"";"";"";"";"";"";"";"";"";"";"";"";"";"";"";"";"";""
03.12.2022 13:51:28;1670071888000;880f01e687e2572cea04e80fc6a68085;408736;OK;1821;0;0;0;0;-0,03;11,27;0;0;450;588;"";372,266;55,84;682,404;70,47;20,875;0,82;1,589;0,22;8,852;1,7;13,06;11,06;15,449;11,51;15,798;11,58;3162,336;317,86;655,666;73,84;45,922;14,53;2,461;10,21;0,036;10,0;0,0;10,0;1,431;22,177;0,54;31,098;3,36;6,123;0,58;4,461;1,36;955,611;1,0;"";"";18,817;2,55;108,59;12,97;"";"";13,02;19,99;13,0;"";"";"";"";"";"";"";"";"";"";"";"";"";"";"";"";"";"";"";"";"";"";"";"";"";"";"";"";"";"";"";"";"";"";"";"";"";"";"";"";"";"";"";"";"";"";"";"";"";"";"";"";"";"";"";"";"";"";"";"";"";"";"";"";""
03.12.2022 13:53:28;1670072008000;880f01e687e2572cea04e80fc6a68085;408857;OK;1801;0;1;0;0;-0,06;-55,93;0;0;518;580;"";358,517;53,78;691,695;70,75;20,876;0,82;1,589;0,22;8,678;1,71;10,955;11,01;13,087;11,09;13,317;11,13;2809,171;283,58;587,848;67,15;45,163;14,46;1,461;10,12;0,004;10,0;0,0;10,0;1,384;22,183;0,54;31,096;3,36;6,125;0,58;4,465;1,36;955,583;1,0;"";"";18,691;2,56;107,827;12,93;"";"";13,743;19,78;74,5;"";"";"";"";"";"";"";"";"";"";"";"";"";"";"";"";"";"";"";"";"";"";"";"";"";"";"";"";"";"";"";"";"";"";"";"";"";"";"";"";"";"";"";"";"";"";"";"";"";"";"";"";"";"";"";"";"";"";"";"";"";"";"";"";""
03.12.2022 13:55:27;1670072127000;880f01e687e2572cea04e80fc6a68085;408976;OK;1791;0;0;0;0;-0,12;-9,92;0;0;488;581;"";308,358;46,25;685,079;70,55;20,881;0,82;1,588;0,22;8,492;1,72;11,844;11,0;13,567;11,05;14,77;11,29;2998,168;301,91;630,726;71,42;40,614;13,94;2,043;10,14;1,331;10,01;0,0;10,0;1,925;22,184;0,54;30,766;3,36;6,06;0,58;4,313;1,38;955,544;1,0;"";"";18,208;2,58;106,415;12,86;"";"";13,079;19,98;13,0;"";"";"";"";"";"";"";"";"";"";"";"";"";"";"";"";"";"";"";"";"";"";"";"";"";"";"";"";"";"";"";"";"";"";"";"";"";"";"";"";"";"";"";"";"";"";"";"";"";"";"";"";"";"";"";"";"";"";"";"";"";"";"";"";""
03.12.2022 13:57:27;1670072247000;880f01e687e2572cea04e80fc6a68085;409097;OK;1801;0;0;0;0;-0,31;-21,28;0;0;533;587;"";277,372;41,61;673,845;70,22;20,886;0,82;1,586;0,22;8,127;1,74;10,562;11,0;13,113;11,02;13,585;11,07;2274,038;231,47;530,786;61,67;49,315;14,88;2,324;10,2;0,242;10,0;0,0;10,0;1,602;22,185;0,54;30,571;3,37;6,022;0,58;4,223;1,39;955,514;1,0;"";"";17,628;2,61;104,491;12,76;"";"";13,008;20,0;13,0;"";"";"";"";"";"";"";"";"";"";"";"";"";"";"";"";"";"";"";"";"";"";"";"";"";"";"";"";"";"";"";"";"";"";"";"";"";"";"";"";"";"";"";"";"";"";"";"";"";"";"";"";"";"";"";"";"";"";"";"";"";"";"";"";""
03.12.2022 13:59:28;1670072368000;880f01e687e2572cea04e80fc6a68085;409217;OK;1795;0;1;0;0;-0,36;-105,79;0;0;583;601;"";262,667;39,4;653,1519;69,59;20,889;0,82;1,584;0,22;7,984;1,74;9,156;11,0;11,325;11,0;12,583;11,06;2002,65;205,0;486,709;57,38;43,338;14,27;1,97;10,15;1,556;10,11;0,0;10,0;2,125;22,19;0,54;30,418;3,37;5,994;0,58;4,156;1,4;955,4569;1,0;"";"";16,966;2,64;103,399;12,7;"";"";13,001;20,0;13,0;"";"";"";"";"";"";"";"";"";"";"";"";"";"";"";"";"";"";"";"";"";"";"";"";"";"";"";"";"";"";"";"";"";"";"";"";"";"";"";"";"";"";"";"";"";"";"";"";"";"";"";"";"";"";"";"";"";"";"";"";"";"";"";"";""
03.12.2022 14:01:28;1670072488000;880f01e687e2572cea04e80fc6a68085;409336;OK;1818;0;1;0;0;-0,08;-46,38;0;0;511;583;"";275,045;41,26;680,11;70,4;20,883;0,82;1,582;0,22;8,173;1,73;11,169;11,05;14,098;11,16;15,68;11,6;2133,214;217,67;535,909;62,17;56,55;15,49;3,886;10,41;2,247;10,07;0,0;10,0;2,177;22,207;0,54;30,566;3,37;6,029;0,58;4,24;1,39;955,426;1,0;"";"";16,751;2,65;103,928;12,73;"";"";13,0;20,0;13,0;"";"";"";"";"";"";"";"";"";"";"";"";"";"";"";"";"";"";"";"";"";"";"";"";"";"";"";"";"";"";"";"";"";"";"";"";"";"";"";"";"";"";"";"";"";"";"";"";"";"";"";"";"";"";"";"";"";"";"";"";"";"";"";"";""
03.12.2022 14:03:29;1670072609000;880f01e687e2572cea04e80fc6a68085;409458;OK;1793;0;0;0;0;-0,01;-3,6;0;0;546;594;"";254,881;38,23;661,6179;69,85;20,884;0,82;1,582;0,22;8,268;1,73;10,111;11,01;12,265;11,02;13,483;11,09;2103,696;214,83;530,774;61,72;46,257;14,56;2,113;10,16;1,43;10,02;0,0;10,0;2,038;22,223;0,54;30,379;3,37;5,998;0,58;4,166;1,4;955,444;1,0;"";"";16,544;2,66;103,453;12,71;"";"";13,94;19,57;50,0;"";"";"";"";"";"";"";"";"";"";"";"";"";"";"";"";"";"";"";"";"";"";"";"";"";"";"";"";"";"";"";"";"";"";"";"";"";"";"";"";"";"";"";"";"";"";"";"";"";"";"";"";"";"";"";"";"";"";"";"";"";"";"";"";""
03.12.2022 14:05:28;1670072728000;880f01e687e2572cea04e80fc6a68085;409578;OK;1798;2;0;0;0;0,3;142,75;0;0;558;552;"";288,329;43,25;729,021;71,87;20,876;0,82;1,582;0,22;8,59;1,71;9,794;11,0;11,778;11,0;13,354;11,17;1946,76;199,59;508,269;59,58;40,707;13,98;3,155;10,22;1,737;10,12;0,364;10,0;2,225;22,235;0,54;31,03;3,36;6,13;0,58;4,479;1,36;955,447;1,0;"";"";16,959;2,64;104,751;12,78;"";"";13,097;19,96;13,0;"";"";"";"";"";"";"";"";"";"";"";"";"";"";"";"";"";"";"";"";"";"";"";"";"";"";"";"";"";"";"";"";"";"";"";"";"";"";"";"";"";"";"";"";"";"";"";"";"";"";"";"";"";"";"";"";"";"";"";"";"";"";"";"";""
03.12.2022 14:07:29;1670072849000;880f01e687e2572cea04e80fc6a68085;409698;OK;1796;6;0;0;0;0,48;327,41;0;0;526;516;"";288,878;43,33;782,398;73,47;20,874;0,82;1,583;0,22;9,256;1,68;10,691;11,0;13,15;11,04;14,975;11,3;2006,344;205,35;521,3449;60,81;53,219;15,22;3,744;10,3;2,009;10,13;0,37;10,0;2,291;22,253;0,54;31,208;3,35;6,172;0,58;4,577;1,35;955,422;1,0;"";"";17,431;2,62;107,059;12,9;"";"";17,31;18,58;77,9;"";"";"";"";"";"";"";"";"";"";"";"";"";"";"";"";"";"";"";"";"";"";"";"";"";"";"";"";"";"";"";"";"";"";"";"";"";"";"";"";"";"";"";"";"";"";"";"";"";"";"";"";"";"";"";"";"";"";"";"";"";"";"";"";""
03.12.2022 14:09:29;1670072969000;880f01e687e2572cea04e80fc6a68085;409819;OK;1779;4;0;0;0;0,37;229,76;0;0;625;554;"";302,716;45,41;724,882;71,75;20,876;0,82;1,584;0,22;9,796;1,66;8,057;11,0;10,225;11,0;10,889;11,04;1500,668;156,16;412,858;50,14;41,31;14,07;1,464;10,15;0,763;10,01;0,397;10,0;1,75;22,269;0,54;31,035;3,36;6,143;0,58;4,511;1,36;955,413;1,0;"";"";17,703;2,6;107,847;12,94;"";"";13,445;19,85;13,0;"";"";"";"";"";"";"";"";"";"";"";"";"";"";"";"";"";"";"";"";"";"";"";"";"";"";"";"";"";"";"";"";"";"";"";"";"";"";"";"";"";"";"";"";"";"";"";"";"";"";"";"";"";"";"";"";"";"";"";"";"";"";"";"";""
03.12.2022 14:11:30;1670073090000;880f01e687e2572cea04e80fc6a68085;409939;OK;1805;0;0;0;0;0,16;13,54;0;0;583;535;"";349,437;52,42;756,684;72,7;20,867;0,82;1,587;0,22;10,169;1,64;9,104;11,0;10,825;11,0;11,378;11,0;1769,492;182,3;466,617;55,43;40,686;14,01;1,145;10,02;0,783;10,0;0,041;10,0;1,628;22,288;0,54;31,385;3,35;6,219;0,58;4,689;1,34;955,443;1,0;"";"";18,134;2,58;109,626;13,04;"";"";13,76;19,72;70,5;"";"";"";"";"";"";"";"";"";"";"";"";"";"";"";"";"";"";"";"";"";"";"";"";"";"";"";"";"";"";"";"";"";"";"";"";"";"";"";"";"";"";"";"";"";"";"";"";"";"";"";"";"";"";"";"";"";"";"";"";"";"";"";"";""
03.12.2022 14:13:29;1670073209000;880f01e687e2572cea04e80fc6a68085;410059;OK;1793;1;0;0;0;0,26;67,58;0;0;643;505;"";355,415;53,31;801,654;74,05;20,867;0,82;1,59;0,22;10,28;1,63;7,624;10,99;9,528;11,0;9,715;11,0;1512,84;157,37;402,524;49,19;32,433;13,23;0,955;10,09;0,21;10,0;0,004;10,0;1,413;22,297;0,54;31,55;3,35;6,255;0,58;4,772;1,34;955,434;1,0;"";"";18,782;2,55;111,051;13,11;"";"";13,081;19,97;13,0;"";"";"";"";"";"";"";"";"";"";"";"";"";"";"";"";"";"";"";"";"";"";"";"";"";"";"";"";"";"";"";"";"";"";"";"";"";"";"";"";"";"";"";"";"";"";"";"";"";"";"";"";"";"";"";"";"";"";"";"";"";"";"";"";""
03.12.2022 14:15:31;1670073331000;880f01e687e2572cea04e80fc6a68085;410180;OK;1811;6;0;0;0;0,34;308,65;0;0;634;486;"";329,555;49,43;826,5679;74,8;20,864;0,82;1,592;0,23;10,091;1,64;7,918;10,86;10,101;11,0;10,703;11,0;1694,38;175,0;423,692;51,29;40,3;13,92;2,284;10,25;0,9309999;10,07;0,0;10,0;1,826;22,3;0,54;31,477;3,35;6,242;0,58;4,741;1,34;955,4279;1,0;"";"";19,105;2,54;112,204;13,17;"";"";21,403;17,26;76,6;"";"";"";"";"";"";"";"";"";"";"";"";"";"";"";"";"";"";"";"";"";"";"";"";"";"";"";"";"";"";"";"";"";"";"";"";"";"";"";"";"";"";"";"";"";"";"";"";"";"";"";"";"";"";"";"";"";"";"";"";"";"";"";"";""
03.12.2022 14:17:31;1670073451000;880f01e687e2572cea04e80fc6a68085;410301;OK;1795;4;0;0;0;0,15;213,71;0;0;540;485;"";339,339;50,9;834,423;75,03;20,863;0,82;1,592;0,23;10,005;1,65;10,336;10,99;12,325;11,0;13,252;11,11;1950,505;199,99;507,94;59,43;40,446;14,0;1,717;10,15;1,03;10,07;0,0;10,0;1,84;22,301;0,54;31,732;3,34;6,292;0,58;4,857;1,33;955,426;1,0;"";"";19,18;2,53;111,53;13,14;"";"";13,867;19,72;13,0;"";"";"";"";"";"";"";"";"";"";"";"";"";"";"";"";"";"";"";"";"";"";"";"";"";"";"";"";"";"";"";"";"";"";"";"";"";"";"";"";"";"";"";"";"";"";"";"";"";"";"";"";"";"";"";"";"";"";"";"";"";"";"";"";""
03.12.2022 14:19:31;1670073571000;880f01e687e2572cea04e80fc6a68085;410420;OK;1804;3;0;0;0;0,25;189,0;0;0;608;458;"";359,204;53,88;882,16;76,46;20,855;0,82;1,593;0,23;10,231;1,64;8,473;11,0;10,065;11,0;10,756;11,01;1662,974;171,98;433,261;52,12;35,487;13,49;1,754;10,06;1,304;10,01;0,0;10,0;1,792;22,307;0,54;32,019;3,34;6,352;0,58;4,992;1,31;955,359;1,0;"";"";19,466;2,52;112,732;13,2;"";"";13,185;19,98;20,2;"";"";"";"";"";"";"";"";"";"";"";"";"";"";"";"";"";"";"";"";"";"";"";"";"";"";"";"";"";"";"";"";"";"";"";"";"";"";"";"";"";"";"";"";"";"";"";"";"";"";"";"";"";"";"";"";"";"";"";"";"";"";"";"";""
03.12.2022 14:21:32;1670073692000;880f01e687e2572cea04e80fc6a68085;410541;OK;1799;1;0;0;0;0,17;89,01;0;0;609;481;"";333,806;50,07;841,866;75,26;20,863;0,82;1,593;0,23;10,062;1,64;8,446;11,0;10,994;11,0;12,539;11,03;1757,279;181,12;455,474;54,34;46,83;14,56;4,612;10,42;1,979;10,08;0,0;10,0;2,364;22,317;0,54;31,832;3,34;6,318;0,58;4,917;1,32;955,249;1,0;"";"";19,318;2,52;114,42;13,29;"";"";19,97;17,67;76,0;"";"";"";"";"";"";"";"";"";"";"";"";"";"";"";"";"";"";"";"";"";"";"";"";"";"";"";"";"";"";"";"";"";"";"";"";"";"";"";"";"";"";"";"";"";"";"";"";"";"";"";"";"";"";"";"";"";"";"";"";"";"";"";"";""
03.12.2022 14:23:32;1670073812000;880f01e687e2572cea04e80fc6a68085;410661;OK;1800;0;1;0;0;-1,26;-335,68;0;0;566;554;"";177,001;26,55;694,848;70,85;20,896;0,82;1,588;0,22;8,009;1,74;9,598;11,0;12,23;11,0;13,578;11,13;1764,02;181,84;478,284;56,67;56,294;15,5;3,057;10,29;2,073;10,11;0,409;10,0;2,165;22,296;0,54;29,197;3,39;5,789;0,59;3,655;1,47;955,186;1,0;"";"";17,307;2,62;99,398;12,5;"";"";13,719;19,76;13,0;"";"";"";"";"";"";"";"";"";"";"";"";"";"";"";"";"";"";"";"";"";"";"";"";"";"";"";"";"";"";"";"";"";"";"";"";"";"";"";"";"";"";"";"";"";"";"";"";"";"";"";"";"";"";"";"";"";"";"";"";"";"";"";"";""
03.12.2022 14:25:33;1670073933000;880f01e687e2572cea04e80fc6a68085;410782;OK;1805;0;1;0;0;-2,49;-988,39;0;0;534;660;"";110,804;16,62;551,416;66,54;20,904;0,82;1,579;0,22;5,65;1,86;10,477;11,0;12,259;11,0;13,693;11,14;2073,926;211,98;531,78;61,77;43,413;14,3;2,837;10,22;2,276;10,11;0,042;10,0;2,135;22,211;0,54;28,11;3,42;5,546;0,6;3,05;1,54;955,195;1,0;"";"";14,001;2,78;76,368;11,29;"";"";21,2;17,22;76,7;"";"";"";"";"";"";"";"";"";"";"";"";"";"";"";"";"";"";"";"";"";"";"";"";"";"";"";"";"";"";"";"";"";"";"";"";"";"";"";"";"";"";"";"";"";"";"";"";"";"";"";"";"";"";"";"";"";"";"";"";"";"";"";"";""
03.12.2022 14:27:32;1670074052000;880f01e687e2572cea04e80fc6a68085;410901;OK;1807;0;1;0;0;-2,21;-940,63;0;0;510;677;"";97,548;14,63;535,676;66,07;20,899;0,82;1,569;0,22;4,055;1,93;11,175;11,0;13,101;11,11;15,061;11,39;2469,164;250,34;568,026;65,32;42,097;14,14;3,779;10,46;3,329;10,37;0,005;10,0;2,369;22,095;0,54;28,074;3,42;5,502;0,6;2,934;1,54;955,225;1,0;"";"";11,737;2,89;61,478;10,51;"";"";21,786;16,83;78,2;"";"";"";"";"";"";"";"";"";"";"";"";"";"";"";"";"";"";"";"";"";"";"";"";"";"";"";"";"";"";"";"";"";"";"";"";"";"";"";"";"";"";"";"";"";"";"";"";"";"";"";"";"";"";"";"";"";"";"";"";"";"";"";"";""
03.12.2022 14:29:34;1670074174000;880f01e687e2572cea04e80fc6a68085;411023;OK;1809;0;1;0;0;-0,8;-440,76;0;0;407;685;"";88,93901;13,34;532,802;65,98001;20,896;0,82;1,56;0,22;3,504;1,96;14,689;11,34;17,633;11,82;19,952;11,96;3559,482;356,55;722,001;80,28;54,925;15,35;6,57;10,61;3,144;10,3;0,351;10,0;2,233;21,969;0,54;28,106;3,42;5,468;0,59;2,842;1,54;955,231;1,0;"";"";10,456;2,96;55,263;10,18;"";"";18,844;17,88;85,9;"";"";"";"";"";"";"";"";"";"";"";"";"";"";"";"";"";"";"";"";"";"";"";"";"";"";"";"";"";"";"";"";"";"";"";"";"";"";"";"";"";"";"";"";"";"";"";"";"";"";"";"";"";"";"";"";"";"";"";"";"";"";"";"";""
03.12.2022 14:31:34;1670074294000;880f01e687e2572cea04e80fc6a68085;411142;OK;1804;0;0;0;0;-0,18;-7,9;0;0;484;688;"";95,823;14,37;535,353;66,06;20,895;0,82;1,554;0,22;4,064;1,93;11,972;11,04;15,684;11,55;17,862;11,87;2525,938;255,92;592,513;67,65;60,674;15,86;5,272;10,48;2,655;10,21;0,856;10,0;2,407;21,882;0,54;28,264;3,42;5,471;0,59;2,847;1,53;955,2259;1,0;"";"";10,167;2,97;54,633;10,14;"";"";13,624;19,77;13,0;"";"";"";"";"";"";"";"";"";"";"";"";"";"";"";"";"";"";"";"";"";"";"";"";"";"";"";"";"";"";"";"";"";"";"";"";"";"";"";"";"";"";"";"";"";"";"";"";"";"";"";"";"";"";"";"";"";"";"";"";"";"";"";"";""
03.12.2022 14:33:34;1670074414000;880f01e687e2572cea04e80fc6a68085;411263;OK;1794;1;0;0;0;0,01;27,46;0;0;546;687;"";109,147;16,37;541,725;66,25;20,902;0,82;1,55;0,22;5,321;1,87;10,381;11,06;12,685;11,28;13,849;11,36;2030,832;207,71;492,501;57,92;45,825;14,5;2,63;10,27;1,145;10,06;0,088;10,0;1,956;21,834;0,54;28,482;3,41;5,498;0,59;2,914;1,51;955,196;1,0;"";"";10,705;2,94;59,194;10,37;"";"";13,064;19,98;13,0;"";"";"";"";"";"";"";"";"";"";"";"";"";"";"";"";"";"";"";"";"";"";"";"";"";"";"";"";"";"";"";"";"";"";"";"";"";"";"";"";"";"";"";"";"";"";"";"";"";"";"";"";"";"";"";"";"";"";"";"";"";"";"";"";""
03.12.2022 14:35:35;1670074535000;880f01e687e2572cea04e80fc6a68085;411384;OK;1795;1;0;0;0;0,16;47,19;0;0;590;680;"";118,133;17,72;551,395;66,54;20,903;0,82;1,547;0,22;6,997;1,79;9,08;10,99;11,116;11,15;11,779;11,17;1613,751;167,01;439,61;52,7;49,215;14,8;2,576;10,11;0,373;10,01;0,136;10,0;1,749;21,821;0,54;28,58;3,41;5,513;0,58;2,951;1,5;955,1209;1,0;"";"";11,64;2,9;67,043;10,78;"";"";13,007;20,0;13,0;"";"";"";"";"";"";"";"";"";"";"";"";"";"";"";"";"";"";"";"";"";"";"";"";"";"";"";"";"";"";"";"";"";"";"";"";"";"";"";"";"";"";"";"";"";"";"";"";"";"";"";"";"";"";"";"";"";"";"";"";"";"";"";"";""
03.12.2022 14:37:36;1670074656000;880f01e687e2572cea04e80fc6a68085;411505;OK;1792;1;0;0;0;0,19;61,86;0;0;493;677;"";125,009;18,75;556,999;66,71;20,903;0,82;1,545;0,22;8,748;1,71;11,804;11,01;15,853;11,7;16,875;11,74;2734,902;276,16;622,209;70,51;63,84;16,22;4,974;10,59;1,245;10,13;0,014;10,0;1,915;21,825;0,54;28,69;3,41;5,536;0,58;3,009;1,5;955,109;1,0;"";"";12,799;2,84;75,443;11,21;"";"";13,001;20,0;13,0;"";"";"";"";"";"";"";"";"";"";"";"";"";"";"";"";"";"";"";"";"";"";"";"";"";"";"";"";"";"";"";"";"";"";"";"";"";"";"";"";"";"";"";"";"";"";"";"";"";"";"";"";"";"";"";"";"";"";"";"";"";"";"";"";""
03.12.2022 14:39:35;1670074775000;880f01e687e2572cea04e80fc6a68085;411624;OK;1813;1;0;0;0;0,18;27,89;0;0;591;682;"";135,337;20,3;551,419;66,54;20,903;0,82;1,545;0,22;10,198;1,64;9,029;11,0;11,515;11,19;13,01;11,2;1655,006;171,11;433,062;52,19;48,45;14,76;3,047;10,29;1,264;10,15;0,596;10,0;2,34;21,842;0,54;28,81;3,41;5,564;0,58;3,082;1,49;955,1359;1,0;"";"";13,957;2,78;83,129;11,61;"";"";13,0;20,0;13,0;"";"";"";"";"";"";"";"";"";"";"";"";"";"";"";"";"";"";"";"";"";"";"";"";"";"";"";"";"";"";"";"";"";"";"";"";"";"";"";"";"";"";"";"";"";"";"";"";"";"";"";"";"";"";"";"";"";"";"";"";"";"";"";"";""
03.12.2022 14:41:36;1670074896000;880f01e687e2572cea04e80fc6a68085;411745;OK;1792;0;0;0;0;0,17;0,85;0;0;636;681;"";141,182;21,18;551,876;66,56;20,904;0,82;1,546;0,22;11,348;1,59;7,788;11,0;10,097;11,02;11,345;11,05;1462,653;152,33;411,433;50,08;48,526;14,71;1,746;10,16;1,529;10,14;0,206;10,0;2,221;21,861;0,54;28,818;3,41;5,572;0,58;3,103;1,49;955,142;1,0;"";"";15,055;2,73;89,68801;11,96;"";"";13,0;20,0;13,0;"";"";"";"";"";"";"";"";"";"";"";"";"";"";"";"";"";"";"";"";"";"";"";"";"";"";"";"";"";"";"";"";"";"";"";"";"";"";"";"";"";"";"";"";"";"";"";"";"";"";"";"";"";"";"";"";"";"";"";"";"";"";"";"";""
03.12.2022 14:43:36;1670075016000;880f01e687e2572cea04e80fc6a68085;411865;OK;1802;0;1;0;0;0,11;-33,56;0;0;509;688;"";145,466;21,82;543,778;66,31;20,905;0,82;1,547;0,22;12,134;1,6;11,279;11,03;14,131;11,33;15,287;11,42;2239,92;228,01;527,612;61,3;49,447;14,84;2,86;10,28;1,508;10,18;0,022;10,0;1,83;21,885;0,54;28,837;3,41;5,583;0,58;3,133;1,49;955,12;1,0;"";"";15,784;2,7;94,349;12,2;"";"";13,0;20,0;13,0;"";"";"";"";"";"";"";"";"";"";"";"";"";"";"";"";"";"";"";"";"";"";"";"";"";"";"";"";"";"";"";"";"";"";"";"";"";"";"";"";"";"";"";"";"";"";"";"";"";"";"";"";"";"";"";"";"";"";"";"";"";"";"";"";""
03.12.2022 14:45:37;1670075137000;880f01e687e2572cea04e80fc6a68085;411986;OK;1801;0;0;0;0;0,11;-20,16;0;0;669;685;"";154,473;23,17;546,879;66,41;20,897;0,82;1,549;0,22;12,652;1,63;7,029;10,96;8,58;11,03;10,165;11,04;1222,35;128,96;364,106;45,43;41,366;14,1;3,111;10,3;2,806;10,26;0,002;10,0;2,622;21,907;0,54;28,945;3,4;5,611;0,58;3,205;1,48;955,147;1,0;"";"";16,542;2,66;98,63601;12,43;"";"";13,0;20,0;13,0;"";"";"";"";"";"";"";"";"";"";"";"";"";"";"";"";"";"";"";"";"";"";"";"";"";"";"";"";"";"";"";"";"";"";"";"";"";"";"";"";"";"";"";"";"";"";"";"";"";"";"";"";"";"";"";"";"";"";"";"";"";"";"";"";""
03.12.2022 14:47:38;1670075258000;880f01e687e2572cea04e80fc6a68085;412107;OK;1793;0;0;0;0;0,08;-12,93;0;0;625;684;"";152,748;22,91;545,801;66,37001;20,895;0,82;1,55;0,22;12,769;1,64;8,107;11,0;9,698;11,0;11,62;11,11;1371,598;143,52;393,944;48,4;41,289;14,07;3,252;10,33;2,409;10,1;0,12;10,0;2,721;21,926;0,54;28,814;3,41;5,592;0,59;3,157;1,49;955,18;1,0;"";"";17,043;2,63;101,24;12,56;"";"";13,0;20,0;13,0;"";"";"";"";"";"";"";"";"";"";"";"";"";"";"";"";"";"";"";"";"";"";"";"";"";"";"";"";"";"";"";"";"";"";"";"";"";"";"";"";"";"";"";"";"";"";"";"";"";"";"";"";"";"";"";"";"";"";"";"";"";"";"";"";""
03.12.2022 14:49:39;1670075379000;880f01e687e2572cea04e80fc6a68085;412228;OK;1797;0;0;0;0;0,06;-11,4;0;0;621;689;"";155,857;23,38;539,632;66,19;20,895;0,82;1,553;0,22;12,649;1,63;8,265;11,0;11,028;11,15;12,791;11,2;1636,497;169,31;431,484;51,99;49,912;14,84;3,542;10,22;2,406;10,05;0,725;10,0;2,623;21,948;0,54;28,863;3,4;5,608;0,59;3,2;1,49;955,178;1,0;"";"";17,313;2,62;102,586;12,64;"";"";13,0;20,0;13,0;"";"";"";"";"";"";"";"";"";"";"";"";"";"";"";"";"";"";"";"";"";"";"";"";"";"";"";"";"";"";"";"";"";"";"";"";"";"";"";"";"";"";"";"";"";"";"";"";"";"";"";"";"";"";"";"";"";"";"";"";"";"";"";"";""
03.12.2022 14:51:39;1670075499000;880f01e687e2572cea04e80fc6a68085;412348;OK;1794;0;0;0;0;0,02;-9,61;0;0;599;684;"";157,414;23,61;544,4149;66,33;20,901;0,82;1,554;0,22;12,451;1,62;8,807;11,0;11,152;11,03;12,767;11,14;1690,482;174,56;431,632;51,97;42,854;14,18;3,177;10,27;2,281;10,17;0,075;10,0;2,48;21,961;0,54;28,825;3,4;5,605;0,59;3,193;1,49;955,159;1,0;"";"";17,648;2,6;103,78;12,7;"";"";13,0;20,0;13,0;"";"";"";"";"";"";"";"";"";"";"";"";"";"";"";"";"";"";"";"";"";"";"";"";"";"";"";"";"";"";"";"";"";"";"";"";"";"";"";"";"";"";"";"";"";"";"";"";"";"";"";"";"";"";"";"";"";"";"";"";"";"";"";"";""
03.12.2022 14:53:39;1670075619000;880f01e687e2572cea04e80fc6a68085;412468;OK;1817;0;0;0;0;0,03;-7,79;0;0;560;685;"";156,799;23,52;541,67;66,25;20,9;0,82;1,555;0,22;12,121;1,6;9,912;10,97;13,12;11,46;14,274;11,47;2190,159;223,26;517,989;60,47;57,499;15,61;3,558;10,32;1,167;10,08;0,008;10,0;2,067;21,973;0,54;28,796;3,41;5,604;0,59;3,189;1,49;955,17;1,0;"";"";17,802;2,6;104,19;12,72;"";"";13,0;20,0;13,0;"";"";"";"";"";"";"";"";"";"";"";"";"";"";"";"";"";"";"";"";"";"";"";"";"";"";"";"";"";"";"";"";"";"";"";"";"";"";"";"";"";"";"";"";"";"";"";"";"";"";"";"";"";"";"";"";"";"";"";"";"";"";"";"";""
03.12.2022 14:55:39;1670075739000;880f01e687e2572cea04e80fc6a68085;412587;OK;1812;0;0;0;0;-0,02;-5,27;0;0;487;687;"";149,592;22,44;538,459;66,15;20,898;0,82;1,558;0,22;11,625;1,58;11,928;11,06;14,086;11,34;15,899;11,64;2662,667;269,23;575,21;66,05;47,32;14,66;3,707;10,43;1,962;10,08;0,475;10,0;2,239;21,984;0,54;28,752;3,41;5,599;0,59;3,177;1,49;955,21;1,0;"";"";17,89;2,59;104,277;12,73;"";"";23,878;16,27;74,4;"";"";"";"";"";"";"";"";"";"";"";"";"";"";"";"";"";"";"";"";"";"";"";"";"";"";"";"";"";"";"";"";"";"";"";"";"";"";"";"";"";"";"";"";"";"";"";"";"";"";"";"";"";"";"";"";"";"";"";"";"";"";"";"";""
03.12.2022 14:57:39;1670075859000;880f01e687e2572cea04e80fc6a68085;412709;OK;1792;1;0;0;0;0,14;62,27;0;0;617;661;"";142,993;21,45;573,296;67,2;20,894;0,82;1,557;0,22;11,406;1,58;8,266;11,01;10,555;11,04;13,149;11,07;1550,989;160,99;424,018;51,26;51,485;15,05;4,137;10,45;3,957;10,42;0,762;10,0;3,026;21,987;0,54;29,079;3,4;5,663;0,59;3,34;1,47;955,197;1,0;"";"";18,045;2,59;104,539;12,74;"";"";14,122;19,62;13,0;"";"";"";"";"";"";"";"";"";"";"";"";"";"";"";"";"";"";"";"";"";"";"";"";"";"";"";"";"";"";"";"";"";"";"";"";"";"";"";"";"";"";"";"";"";"";"";"";"";"";"";"";"";"";"";"";"";"";"";"";"";"";"";"";""
03.12.2022 14:59:40;1670075980000;880f01e687e2572cea04e80fc6a68085;412829;OK;1792;2;0;0;0;0,46;112,85;0;0;458;667;"";143,539;21,53;572,331;67,17;20,897;0,82;1,557;0,22;11,637;1,58;12,954;11,24;15,033;11,66;16,276;11,76;2958,746;298,06;654,391;73,68;51,314;15,08;3,103;10,36;1,591;10,09;0,079;10,0;1,933;22,003;0,54;29,574;3,39;5,765;0,58;3,593;1,44;955,163;1,0;"";"";18,725;2,55;107,351;12,89;"";"";13,116;19,96;13,0;"";"";"";"";"";"";"";"";"";"";"";"";"";"";"";"";"";"";"";"";"";"";"";"";"";"";"";"";"";"";"";"";"";"";"";"";"";"";"";"";"";"";"";"";"";"";"";"";"";"";"";"";"";"";"";"";"";"";"";"";"";"";"";"";""
03.12.2022 15:01:41;1670076101000;880f01e687e2572cea04e80fc6a68085;412951;OK;1780;1;0;0;0;0,67;51,34;0;0;423;678;"";148,751;22,31;561,11;66,83;20,898;0,82;1,559;0,22;11,852;1,59;13,963;11,26;16,05;11,67;16,738;11,74;3439,818;344,88;716,792;79,79;44,958;14,54;2,536;10,2;0,745;10,07;0,008;10,0;1,544;22,034;0,54;29,833;3,38;5,826;0,58;3,744;1,43;955,149;1,0;"";"";19,55;2,51;110,98;13,08;"";"";13,262;19,92;72,4;"";"";"";"";"";"";"";"";"";"";"";"";"";"";"";"";"";"";"";"";"";"";"";"";"";"";"";"";"";"";"";"";"";"";"";"";"";"";"";"";"";"";"";"";"";"";"";"";"";"";"";"";"";"";"";"";"";"";"";"";"";"";"";"";""
03.12.2022 15:03:40;1670076220000;880f01e687e2572cea04e80fc6a68085;413069;OK;1803;0;1;0;0;0,58;-46,69;0;0;372;680;"";152,947;22,94;560,311;66,81;20,894;0,82;1,56;0,22;12,019;1,6;15,695;11,67;17,018;11,93;18,527;11,93;3995,906;399,03;795,693;87,51;40,857;14,11;3,359;10,3;1,181;10,04;0,001;10,0;1,795;22,071;0,54;29,999;3,38;5,871;0,58;3,855;1,42;955,158;1,0;"";"";20,265;2,48;114,668;13,28;"";"";13,028;19,99;13,0;"";"";"";"";"";"";"";"";"";"";"";"";"";"";"";"";"";"";"";"";"";"";"";"";"";"";"";"";"";"";"";"";"";"";"";"";"";"";"";"";"";"";"";"";"";"";"";"";"";"";"";"";"";"";"";"";"";"";"";"";"";"";"";"";""
03.12.2022 15:05:41;1670076341000;880f01e687e2572cea04e80fc6a68085;413190;OK;1795;0;1;0;0;0,38;-34,63;0;0;473;680;"";153,892;23,08;559,628;66,79;20,896;0,82;1,561;0,22;12,011;1,6;12,329;11,07;14,513;11,33;15,567;11,55;3295,586;330,91;682,593;76,47;42,032;14,15;3,618;10,33;1,427;10,06;0,0;10,0;1,794;22,104;0,54;30,085;3,38;5,899;0,58;3,924;1,41;955,167;1,0;"";"";20,698;2,46;117,661;13,44;"";"";13,003;20,0;13,0;"";"";"";"";"";"";"";"";"";"";"";"";"";"";"";"";"";"";"";"";"";"";"";"";"";"";"";"";"";"";"";"";"";"";"";"";"";"";"";"";"";"";"";"";"";"";"";"";"";"";"";"";"";"";"";"";"";"";"";"";"";"";"";"";""
03.12.2022 15:07:41;1670076461000;880f01e687e2572cea04e80fc6a68085;413311;OK;1808;0;0;0;0;0,18;0,88;0;0;472;677;"";155,133;23,27;560,971;66,83;20,897;0,82;1,563;0,22;11,742;1,58;12,544;11,25;15,42;11,42;16,725;11,5;2834,475;285,99;627,606;71,07;50,582;14,97;3,726;10,25;1,789;10,12;0,0;10,0;1,908;22,128;0,54;30,013;3,38;5,893;0,58;3,91;1,42;955,16;1,0;"";"";20,832;2,45;118,575;13,49;"";"";13,0;20,0;13,0;"";"";"";"";"";"";"";"";"";"";"";"";"";"";"";"";"";"";"";"";"";"";"";"";"";"";"";"";"";"";"";"";"";"";"";"";"";"";"";"";"";"";"";"";"";"";"";"";"";"";"";"";"";"";"";"";"";"";"";"";"";"";"";"";""
03.12.2022 15:09:43;1670076583000;880f01e687e2572cea04e80fc6a68085;413432;OK;1801;0;0;0;0;0,01;17,04;0;0;419;670;"";160,549;24,08;566,701;67,0;20,899;0,82;1,565;0,22;11,366;1,58;14,137;11,27;16,54;11,71;17,301;11,76;3566,517;357,2;750,358;83,05;54,803;15,37;2,325;10,31;1,362;10,04;0,0;10,0;1,624;22,146;0,54;29,929;3,38;5,882;0,59;3,886;1,42;955,125;1,0;"";"";20,642;2,46;118,604;13,49;"";"";13,0;20,0;13,0;"";"";"";"";"";"";"";"";"";"";"";"";"";"";"";"";"";"";"";"";"";"";"";"";"";"";"";"";"";"";"";"";"";"";"";"";"";"";"";"";"";"";"";"";"";"";"";"";"";"";"";"";"";"";"";"";"";"";"";"";"";"";"";"";""
03.12.2022 15:11:43;1670076703000;880f01e687e2572cea04e80fc6a68085;413552;OK;1799;1;0;0;0;-0,05;95,24;0;0;446;647;"";159,751;23,96;593,494;67,8;20,9;0,82;1,565;0,22;10,961;1,6;13,209;11,17;16,548;11,68;17,775;11,94;3107,87;312,62;674,006;75,63;55,439;15,42;4,074;10,26;1,989;10,0;0,0;10,0;1,903;22,158;0,54;29,904;3,38;5,882;0,59;3,885;1,43;955,137;1,0;"";"";20,409;2,47;118,099;13,46;"";"";13,633;19,78;65,5;"";"";"";"";"";"";"";"";"";"";"";"";"";"";"";"";"";"";"";"";"";"";"";"";"";"";"";"";"";"";"";"";"";"";"";"";"";"";"";"";"";"";"";"";"";"";"";"";"";"";"";"";"";"";"";"";"";"";"";"";"";"";"";"";""
03.12.2022 15:13:43;1670076823000;880f01e687e2572cea04e80fc6a68085;413672;OK;1806;2;0;0;0;0,04;116,85;0;0;462;645;"";158,17;23,73;597,408;67,92;20,903;0,82;1,566;0,22;10,757;1,61;12,719;11,11;14,923;11,48;15,77;11,6;2829,843;285,56;621,125;70,51;50,064;14,9;1,703;10,03;1,48;10,0;0,0;10,0;1,687;22,174;0,54;30,005;3,38;5,907;0,59;3,948;1,42;955,135;1,0;"";"";20,209;2,48;117,322;13,42;"";"";13,068;19,98;13,0;"";"";"";"";"";"";"";"";"";"";"";"";"";"";"";"";"";"";"";"";"";"";"";"";"";"";"";"";"";"";"";"";"";"";"";"";"";"";"";"";"";"";"";"";"";"";"";"";"";"";"";"";"";"";"";"";"";"";"";"";"";"";"";"";""
03.12.2022 15:15:43;1670076943000;880f01e687e2572cea04e80fc6a68085;413793;OK;1798;1;0;0;0;0,15;58,94;0;0;534;653;"";159,698;23,95;589,155;67,67;20,898;0,82;1,567;0,22;10,675;1,61;10,452;11,01;12,692;11,07;15,188;11,42;2351,28;238,98;552,667;63,86;50,771;15,05;4,078;10,41;2,797;10,24;0,965;10,14;2,675;22,184;0,54;30,167;3,37;5,942;0,58;4,033;1,41;955,109;1,0;"";"";20,147;2,48;118,009;13,46;"";"";13,007;20,0;13,0;"";"";"";"";"";"";"";"";"";"";"";"";"";"";"";"";"";"";"";"";"";"";"";"";"";"";"";"";"";"";"";"";"";"";"";"";"";"";"";"";"";"";"";"";"";"";"";"";"";"";"";"";"";"";"";"";"";"";"";"";"";"";"";"";""
03.12.2022 15:17:45;1670077065000;880f01e687e2572cea04e80fc6a68085;413914;OK;1806;0;0;0;0;0,24;-23,46;0;0;609;654;"";165,976;24,9;588,983;67,67;20,895;0,82;1,567;0,22;10,527;1,62;8,46;11,0;11,633;11,01;13,452;11,09;1654,571;171,09;444,253;53,21;54,843;15,33;5,007;10,53;2,193;10,19;0,1;10,01;2,56;22,206;0,54;30,25;3,37;5,966;0,58;4,091;1,41;955,058;1,0;"";"";20,225;2,48;119,26;13,53;"";"";13,001;20,0;13,0;"";"";"";"";"";"";"";"";"";"";"";"";"";"";"";"";"";"";"";"";"";"";"";"";"";"";"";"";"";"";"";"";"";"";"";"";"";"";"";"";"";"";"";"";"";"";"";"";"";"";"";"";"";"";"";"";"";"";"";"";"";"";"";"";""
03.12.2022 15:19:44;1670077184000;880f01e687e2572cea04e80fc6a68085;414033;OK;1799;0;0;0;0;0,2;2,08;0;0;618;644;"";169,73;25,46;599,327;67,98;20,891;0,82;1,569;0,22;10,328;1,63;8,205;11,0;11,416;11,0;12,107;11,07;1577,129;163,54;430,061;51,86;47,32;14,63;2,483;10,27;0,555;10,02;0,011;10,0;1,836;22,227;0,54;30,265;3,37;5,976;0,59;4,116;1,4;955,043;1,0;"";"";20,185;2,48;119,641;13,55;"";"";17,187;18,56;75,4;"";"";"";"";"";"";"";"";"";"";"";"";"";"";"";"";"";"";"";"";"";"";"";"";"";"";"";"";"";"";"";"";"";"";"";"";"";"";"";"";"";"";"";"";"";"";"";"";"";"";"";"";"";"";"";"";"";"";"";"";"";"";"";"";""
03.12.2022 15:21:45;1670077305000;880f01e687e2572cea04e80fc6a68085;414154;OK;1786;3;0;0;0;0,17;197,58;0;0;512;592;"";192,257;28,84;666,533;70,0;20,885;0,82;1,572;0,22;10,219;1,64;11,101;11,0;12,502;11,0;13,241;11,02;2407,454;244,52;573,963;65,92;31,956;13,17;1,677;10,19;0,942;10,04;0,001;10,0;1,639;22,246;0,54;30,411;3,37;6,012;0,59;4,201;1,4;955,0759;1,0;"";"";20,164;2,48;119,096;13,52;"";"";13,432;19,85;13,0;"";"";"";"";"";"";"";"";"";"";"";"";"";"";"";"";"";"";"";"";"";"";"";"";"";"";"";"";"";"";"";"";"";"";"";"";"";"";"";"";"";"";"";"";"";"";"";"";"";"";"";"";"";"";"";"";"";"";"";"";"";"";"";"";""
03.12.2022 15:23:46;1670077426000;880f01e687e2572cea04e80fc6a68085;414275;OK;1798;9;0;0;0;0,33;450,94;0;0;526;540;"";208,864;31,33;741,836;72,26;20,876;0,82;1,574;0,22;10,362;1,63;10,751;11,0;13,066;11,13;14,066;11,23;2107,53;215,19;528,776;61,57;49,338;14,83;3,294;10,35;1,321;10,02;0,0;10,0;1,871;22,258;0,54;30,765;3,36;6,086;0,58;4,376;1,38;955,139;1,0;"";"";20,472;2,47;120,079;13,58;"";"";13,045;19,98;13,0;"";"";"";"";"";"";"";"";"";"";"";"";"";"";"";"";"";"";"";"";"";"";"";"";"";"";"";"";"";"";"";"";"";"";"";"";"";"";"";"";"";"";"";"";"";"";"";"";"";"";"";"";"";"";"";"";"";"";"";"";"";"";"";"";""
03.12.2022 15:25:47;1670077547000;880f01e687e2572cea04e80fc6a68085;414396;OK;1812;9;0;0;0;0,42;474,95;0;0;560;526;"";212,86;31,93;763,556;72,91;20,879;0,82;1,576;0,22;10,427;1,63;9,723;11,0;11,562;11,01;12,893;11,12;1921,276;197,05;493,038;58,04;42,969;14,23;2,501;10,25;1,421;10,13;0,0;10,0;2,042;22,263;0,54;30,922;3,36;6,119;0,58;4,454;1,37;955,158;1,0;"";"";20,696;2,46;121,161;13,63;"";"";13,005;20,0;13,0;"";"";"";"";"";"";"";"";"";"";"";"";"";"";"";"";"";"";"";"";"";"";"";"";"";"";"";"";"";"";"";"";"";"";"";"";"";"";"";"";"";"";"";"";"";"";"";"";"";"";"";"";"";"";"";"";"";"";"";"";"";"";"";"";""
03.12.2022 15:27:47;1670077667000;880f01e687e2572cea04e80fc6a68085;414516;OK;1804;5;0;0;0;0,39;296,19;0;0;552;515;"";215,149;32,27;781,006;73,43;20,873;0,82;1,578;0,22;10,437;1,63;9,937;11,0;12,461;11,14;13,455;11,26;1932,01;198,15;494,787;58,16;43,005;14,23;3,198;10,23;1,28;10,01;0,689;10,0;1,932;22,267;0,54;31,076;3,36;6,15;0,58;4,528;1,36;955,1359;1,0;"";"";20,954;2,44;122,063;13,68;"";"";13,0;20,0;13,0;"";"";"";"";"";"";"";"";"";"";"";"";"";"";"";"";"";"";"";"";"";"";"";"";"";"";"";"";"";"";"";"";"";"";"";"";"";"";"";"";"";"";"";"";"";"";"";"";"";"";"";"";"";"";"";"";"";"";"";"";"";"";"";"";""
03.12.2022 15:29:48;1670077788000;880f01e687e2572cea04e80fc6a68085;414638;OK;1787;2;0;0;0;0,27;143,03;0;0;621;504;"";218,388;32,76;798,8319;73,96;20,873;0,82;1,58;0,22;10,299;1,63;8,158;11,0;10,856;11,02;11,413;11,04;1512,762;157,27;419,32;50,81;41,581;14,09;2,473;10,16;0,953;10,0;0,536;10,0;1,761;22,271;0,54;31,224;3,35;6,181;0,58;4,6;1,35;955,108;1,0;"";"";20,99;2,44;122,786;13,72;"";"";13,0;20,0;13,0;"";"";"";"";"";"";"";"";"";"";"";"";"";"";"";"";"";"";"";"";"";"";"";"";"";"";"";"";"";"";"";"";"";"";"";"";"";"";"";"";"";"";"";"";"";"";"";"";"";"";"";"";"";"";"";"";"";"";"";"";"";"";"";"";""
03.12.2022 15:31:47;1670077907000;880f01e687e2572cea04e80fc6a68085;414757;OK;1806;2;0;0;0;0,26;139,51;0;0;596;496;"";220,262;33,04;812,783;74,38;20,874;0,82;1,582;0,22;10,323;1,63;8,775;11,0;12,188;11,0;13,3;11,19;1712,384;176,81;448,912;53,72;50,542;14,97;3,02;10,25;1,611;10,09;0,104;10,0;2,087;22,278;0,54;31,322;3,35;6,203;0,58;4,651;1,35;955,09;1,0;"";"";21,067;2,44;123,033;13,73;"";"";13,0;20,0;13,0;"";"";"";"";"";"";"";"";"";"";"";"";"";"";"";"";"";"";"";"";"";"";"";"";"";"";"";"";"";"";"";"";"";"";"";"";"";"";"";"";"";"";"";"";"";"";"";"";"";"";"";"";"";"";"";"";"";"";"";"";"";"";"";"";""
03.12.2022 15:33:49;1670078029000;880f01e687e2572cea04e80fc6a68085;414879;OK;1784;0;1;0;0;0,11;-69,55;0;0;562;547;"";201,978;30,3;739,262;72,18;20,881;0,82;1,582;0,22;10,089;1,64;9,673;11,0;11,773;11,0;13,94;11,16;1963,564;201,18;490,227;57,73;48,618;14,76;4,81;10,54;3,375;10,31;0,01;10,0;2,588;22,287;0,54;31,244;3,35;6,191;0,58;4,623;1,35;955,083;1,0;"";"";20,809;2,45;122,918;13,73;"";"";13,0;20,0;13,0;"";"";"";"";"";"";"";"";"";"";"";"";"";"";"";"";"";"";"";"";"";"";"";"";"";"";"";"";"";"";"";"";"";"";"";"";"";"";"";"";"";"";"";"";"";"";"";"";"";"";"";"";"";"";"";"";"";"";"";"";"";"";"";"";""
03.12.2022 15:35:48;1670078148000;880f01e687e2572cea04e80fc6a68085;414998;OK;1795;0;1;0;0;0,06;-363,45;0;0;564;586;"";196,533;29,48;684,921;70,55;20,885;0,82;1,58;0,22;9,876;1,65;9,643;10,99;11,183;11,0;13,23;11,14;1956,993;200,61;497,39;58,47;42,586;14,22;2,882;10,36;2,636;10,32;0,151;10,0;2,512;22,307;0,54;31,233;3,35;6,196;0,58;4,635;1,35;955,1149;1,0;"";"";20,599;2,46;123,084;13,74;"";"";14,219;19,66;78,1;"";"";"";"";"";"";"";"";"";"";"";"";"";"";"";"";"";"";"";"";"";"";"";"";"";"";"";"";"";"";"";"";"";"";"";"";"";"";"";"";"";"";"";"";"";"";"";"";"";"";"";"";"";"";"";"";"";"";"";"";"";"";"";"";""
03.12.2022 15:37:49;1670078269000;880f01e687e2572cea04e80fc6a68085;415118;OK;1797;0;1;0;0;-0,11;-367,78;0;0;629;574;"";198,88;29,83;696,156;70,88;20,886;0,82;1,58;0,22;9,575;1,67;7,963;11,0;11,259;11,0;12,04;11,01;1517,996;157,85;410,941;50,06;54,307;15,34;4,475;10,42;0,962;10,03;0,016;10,0;1,972;22,324;0,54;31,02;3,36;6,16;0,58;4,552;1,36;955,151;1,0;"";"";20,136;2,48;121,374;13,65;"";"";13,126;19,96;13,0;"";"";"";"";"";"";"";"";"";"";"";"";"";"";"";"";"";"";"";"";"";"";"";"";"";"";"";"";"";"";"";"";"";"";"";"";"";"";"";"";"";"";"";"";"";"";"";"";"";"";"";"";"";"";"";"";"";"";"";"";"";"";"";"";""
03.12.2022 15:39:50;1670078390000;880f01e687e2572cea04e80fc6a68085;415239;OK;1798;0;1;0;0;-0,07;-95,56;0;0;588;571;"";193,481;29,02;701,573;71,05;20,887;0,82;1,579;0,22;9,301;1,68;8,988;11,0;10,887;11,0;11,513;11,0;1713,559;176,87;444,867;53,35;43,876;14,28;2,278;10,25;0,469;10,0;0,002;10,0;1,721;22,337;0,54;31,108;3,35;6,182;0,58;4,604;1,36;955,1129;1,0;"";"";19,767;2,5;121,035;13,63;"";"";13,013;20,0;13,0;"";"";"";"";"";"";"";"";"";"";"";"";"";"";"";"";"";"";"";"";"";"";"";"";"";"";"";"";"";"";"";"";"";"";"";"";"";"";"";"";"";"";"";"";"";"";"";"";"";"";"";"";"";"";"";"";"";"";"";"";"";"";"";"";""
03.12.2022 15:41:51;1670078511000;880f01e687e2572cea04e80fc6a68085;415360;OK;1793;1;0;0;0;-0,0;78,18;0;0;570;566;"";194,392;29,16;707,096;71,21;20,885;0,82;1,58;0,22;9,219;1,68;9,458;11,0;11,34;11,0;12,572;11,0;1796,664;185,01;464,926;55,29;38,794;13,89;2,567;10,21;2,03;10,16;0,0;10,0;2,087;22,358;0,54;31,127;3,35;6,193;0,58;4,631;1,36;955,099;1,0;"";"";19,547;2,51;121,522;13,66;"";"";13,486;19,72;33,4;"";"";"";"";"";"";"";"";"";"";"";"";"";"";"";"";"";"";"";"";"";"";"";"";"";"";"";"";"";"";"";"";"";"";"";"";"";"";"";"";"";"";"";"";"";"";"";"";"";"";"";"";"";"";"";"";"";"";"";"";"";"";"";"";""
03.12.2022 15:43:51;1670078631000;880f01e687e2572cea04e80fc6a68085;415480;OK;1794;0;0;0;0;0,11;14,54;0;0;559;570;"";194,606;29,19;700,0609;71,0;20,879;0,82;1,58;0,22;9,183;1,69;9,732;11,0;12,825;11,0;13,998;11,27;1723,748;177,94;469,53;55,73;57,586;15,69;3,194;10,28;1,2;10,08;0,0;10,0;2,039;22,38;0,54;31,102;3,35;6,196;0,58;4,639;1,36;955,1069;1,0;"";"";19,313;2,52;121,08;13,64;"";"";13,05;19,97;13,0;"";"";"";"";"";"";"";"";"";"";"";"";"";"";"";"";"";"";"";"";"";"";"";"";"";"";"";"";"";"";"";"";"";"";"";"";"";"";"";"";"";"";"";"";"";"";"";"";"";"";"";"";"";"";"";"";"";"";"";"";"";"";"";"";""
03.12.2022 15:45:50;1670078750000;880f01e687e2572cea04e80fc6a68085;415599;OK;1814;0;0;0;0;-0,03;13,39;0;0;612;557;"";201,115;30,17;714,8;71,44001;20,876;0,82;1,58;0,22;9,062;1,69;8,353;11,0;11,286;11,0;12,977;11,25;1458,096;151,98;413,017;50,25;56,574;15,54;3,41;10,23;2,196;10,18;0,0;10,0;2,35;22,395;0,54;30,941;3,36;6,169;0,59;4,577;1,37;955,089;1,0;"";"";19,062;2,54;119,458;13,56;"";"";13,005;20,0;13,0;"";"";"";"";"";"";"";"";"";"";"";"";"";"";"";"";"";"";"";"";"";"";"";"";"";"";"";"";"";"";"";"";"";"";"";"";"";"";"";"";"";"";"";"";"";"";"";"";"";"";"";"";"";"";"";"";"";"";"";"";"";"";"";"";""
03.12.2022 15:47:51;1670078871000;880f01e687e2572cea04e80fc6a68085;415720;OK;1798;0;0;0;0;-0,06;9,17;0;0;569;563;"";199,508;29,93;707,585;71,23001;20,877;0,82;1,581;0,22;8,96;1,7;9,484;11,0;11,5;11,0;12,436;11,03;1630,659;168,86;458,637;54,72;51,381;15,0;2,011;10,13;1,434;10,08;0,0;10,0;1,891;22,409;0,53;31,023;3,35;6,191;0,59;4,628;1,36;955,102;1,0;"";"";18,88;2,55;118,49;13,51;"";"";13,001;20,0;13,0;"";"";"";"";"";"";"";"";"";"";"";"";"";"";"";"";"";"";"";"";"";"";"";"";"";"";"";"";"";"";"";"";"";"";"";"";"";"";"";"";"";"";"";"";"";"";"";"";"";"";"";"";"";"";"";"";"";"";"";"";"";"";"";"";""
03.12.2022 15:49:52;1670078992000;880f01e687e2572cea04e80fc6a68085;415841;OK;1800;1;0;0;0;0,15;54,43;0;0;630;553;"";199,004;29,85;723,237;71,7;20,877;0,82;1,581;0,22;9,024;1,69;7,916;11,0;10,387;11,0;11,858;11,0;1351,634;141,65;396,386;48,59;52,959;15,23;3,503;10,4;2,187;10,13;0,543;10,0;2,392;22,427;0,53;31,23;3,35;6,238;0,59;4,738;1,35;955,118;1,0;"";"";18,949;2,54;119,243;13,55;"";"";13,0;20,0;13,0;"";"";"";"";"";"";"";"";"";"";"";"";"";"";"";"";"";"";"";"";"";"";"";"";"";"";"";"";"";"";"";"";"";"";"";"";"";"";"";"";"";"";"";"";"";"";"";"";"";"";"";"";"";"";"";"";"";"";"";"";"";"";"";"";""
03.12.2022 15:51:52;1670079112000;880f01e687e2572cea04e80fc6a68085;415961;OK;1795;1;0;0;0;0,04;45,04;0;0;663;551;"";197,871;29,68;718,67;71,56;20,881;0,82;1,581;0,22;8,776;1,7;7,129;10,98;8,827;11,0;9,88;11,0;1207,763;127,67;369,056;45,95;39,815;13,94;2,357;10,12;1,326;10,06;0,113;10,0;2,136;22,441;0,53;30,84;3,36;6,165;0,59;4,571;1,37;955,1291;1,0;"";"";18,619;2,56;117,49;13,46;"";"";13,0;20,0;13,0;"";"";"";"";"";"";"";"";"";"";"";"";"";"";"";"";"";"";"";"";"";"";"";"";"";"";"";"";"";"";"";"";"";"";"";"";"";"";"";"";"";"";"";"";"";"";"";"";"";"";"";"";"";"";"";"";"";"";"";"";"";"";"";"";""
03.12.2022 15:53:53;1670079233000;880f01e687e2572cea04e80fc6a68085;416082;OK;1811;1;0;0;0;-0,07;37,77;0;0;668;545;"";198,566;29,78;727,344;71,82;20,878;0,82;1,582;0,22;8,701;1,71;7,002;11,0;10,241;11,0;12,004;11,03;1182,955;125,2;368,46;45,89;54,822;15,37;5,646;10,48;2,911;10,28;1,438;10,08;2,632;22,449;0,53;30,918;3,36;6,183;0,59;4,614;1,37;955,116;1,0;"";"";18,496;2,56;116,188;13,39;"";"";13,37;19,84;52,9;"";"";"";"";"";"";"";"";"";"";"";"";"";"";"";"";"";"";"";"";"";"";"";"";"";"";"";"";"";"";"";"";"";"";"";"";"";"";"";"";"";"";"";"";"";"";"";"";"";"";"";"";"";"";"";"";"";"";"";"";"";"";"";"";""
03.12.2022 15:55:54;1670079354000;880f01e687e2572cea04e80fc6a68085;416203;OK;1793;0;0;0;0;-0,08;14,79;0;0;671;541;"";205,933;30,89;736,786;72,1;20,88;0,82;1,582;0,22;8,799;1,7;6,936;10,89;9,475;11,0;11,439;11,0;1176,759;124,63;359,66;45,05;43,012;14,2;4,758;10,43;1,741;10,1;0,402;10,01;2,791;22,45;0,53;31,092;3,35;6,219;0,59;4,695;1,36;955,097;1,0;"";"";18,369;2,57;115,397;13,35;"";"";13,038;19,98;13,0;"";"";"";"";"";"";"";"";"";"";"";"";"";"";"";"";"";"";"";"";"";"";"";"";"";"";"";"";"";"";"";"";"";"";"";"";"";"";"";"";"";"";"";"";"";"";"";"";"";"";"";"";"";"";"";"";"";"";"";"";"";"";"";"";""
03.12.2022 15:57:54;1670079474000;880f01e687e2572cea04e80fc6a68085;416323;OK;1781;6;0;0;0;0,49;341,5;0;0;635;469;"";231,873;34,78;855,6649;75,67;20,864;0,82;1,584;0,22;9,311;1,68;7,79;10,99;9,702;11,0;10,374;11,0;1287,304;135,44;384,546;47,37;44,098;14,3;1,105;10,06;0,761;10,01;0,042;10,0;1,829;22,451;0,53;31,715;3,34;6,344;0,58;4,98;1,33;955,108;1,0;"";"";18,93;2,54;117,289;13,45;"";"";13,903;19,75;78,1;"";"";"";"";"";"";"";"";"";"";"";"";"";"";"";"";"";"";"";"";"";"";"";"";"";"";"";"";"";"";"";"";"";"";"";"";"";"";"";"";"";"";"";"";"";"";"";"";"";"";"";"";"";"";"";"";"";"";"";"";"";"";"";"";""
03.12.2022 15:59:54;1670079594000;880f01e687e2572cea04e80fc6a68085;416443;OK;1789;10;0;0;0;0,51;512,18;0;0;620;455;"";231,867;34,78;874,722;76,24;20,863;0,82;1,586;0,22;9,566;1,67;8,145;11,0;11,148;11,0;12,286;11,0;1245,586;131,32;388,516;47,86;56,413;15,53;3,934;10,48;1,181;10,1;0,004;10,0;2,18;22,452;0,53;31,671;3,34;6,335;0,58;4,961;1,33;955,1049;1,0;"";"";19,309;2,52;118,659;13,52;"";"";13,75;19,76;69,4;"";"";"";"";"";"";"";"";"";"";"";"";"";"";"";"";"";"";"";"";"";"";"";"";"";"";"";"";"";"";"";"";"";"";"";"";"";"";"";"";"";"";"";"";"";"";"";"";"";"";"";"";"";"";"";"";"";"";"";"";"";"";"";"";""
03.12.2022 16:01:56;1670079716000;880f01e687e2572cea04e80fc6a68085;416565;OK;1780;2;0;0;0;0,08;145,35;0;0;643;513;"";212,926;31,94;778,789;73,36;20,874;0,82;1,587;0,22;9,336;1,68;7,602;11,0;9,213;11,0;10,449;11,0;1232,669;130,03;367,642;45,83;37,871;13,75;3,328;10,37;1,718;10,15;0,0;10,0;2,191;22,455;0,53;31,286;3,35;6,259;0,59;4,789;1,35;955,106;1,0;"";"";19,09;2,54;117,745;13,47;"";"";13,075;19,98;13,0;"";"";"";"";"";"";"";"";"";"";"";"";"";"";"";"";"";"";"";"";"";"";"";"";"";"";"";"";"";"";"";"";"";"";"";"";"";"";"";"";"";"";"";"";"";"";"";"";"";"";"";"";"";"";"";"";"";"";"";"";"";"";"";"";""
03.12.2022 16:03:55;1670079835000;880f01e687e2572cea04e80fc6a68085;416684;OK;1801;0;1;0;0;-0,36;-444,46;0;0;639;546;"";204,914;30,74;729,804;71,89;20,881;0,82;1,585;0,22;9,084;1,69;7,725;11,0;9,891;11,0;11,221;11,0;1261,095;132,81;377,565;46,83;52,382;15,07;3,23;10,36;2,048;10,1;0,0;10,0;2,32;22,466;0,53;31,172;3,35;6,241;0,59;4,746;1,36;955,08;1,0;"";"";18,733;2,55;116,624;13,42;"";"";13,008;20,0;13,0;"";"";"";"";"";"";"";"";"";"";"";"";"";"";"";"";"";"";"";"";"";"";"";"";"";"";"";"";"";"";"";"";"";"";"";"";"";"";"";"";"";"";"";"";"";"";"";"";"";"";"";"";"";"";"";"";"";"";"";"";"";"";"";"";""
03.12.2022 16:05:55;1670079955000;880f01e687e2572cea04e80fc6a68085;416805;OK;1792;0;1;0;0;-0,24;-399,49;0;0;632;534;"";202,265;30,34;746,286;72,39;20,881;0,82;1,585;0,22;8,869;1,7;7,859;11,0;10,146;11,0;11,054;11,0;1227,845;129,55;382,306;47,27;48,187;14,67;1,973;10,1;1,333;10,01;0,0;10,0;1,997;22,477;0,53;31,191;3,35;6,248;0,59;4,764;1,36;955,042;1,0;"";"";18,391;2,57;115,511;13,36;"";"";13,054;19,97;27,5;"";"";"";"";"";"";"";"";"";"";"";"";"";"";"";"";"";"";"";"";"";"";"";"";"";"";"";"";"";"";"";"";"";"";"";"";"";"";"";"";"";"";"";"";"";"";"";"";"";"";"";"";"";"";"";"";"";"";"";"";"";"";"";"";""
03.12.2022 16:07:55;1670080075000;880f01e687e2572cea04e80fc6a68085;416924;OK;1819;1;0;0;0;0,18;35,55;0;0;606;507;"";210,843;31,63;792,561;73,78;20,875;0,82;1,584;0,22;9,044;1,69;8,529;11,0;11,367;11,0;12,923;11,13;1253,028;132,03;391,823;48,17;59,139;15,79;3,637;10,42;2,367;10,21;0,0;10,0;2,335;22,479;0,53;31,546;3,34;6,32;0,58;4,929;1,34;955,013;1,0;"";"";18,43;2,57;115,328;13,35;"";"";13,006;20,0;13,0;"";"";"";"";"";"";"";"";"";"";"";"";"";"";"";"";"";"";"";"";"";"";"";"";"";"";"";"";"";"";"";"";"";"";"";"";"";"";"";"";"";"";"";"";"";"";"";"";"";"";"";"";"";"";"";"";"";"";"";"";"";"";"";"";""
03.12.2022 16:09:56;1670080196000;880f01e687e2572cea04e80fc6a68085;417045;OK;1794;5;0;0;0;0,3;259,98;0;0;645;496;"";249,781;37,47;808,835;74,27;20,874;0,82;1,584;0,22;9,367;1,68;7,555;10,95;9,792;11,0;10,114;11,01;1130,762;120,22;353,926;44,4;45,471;14,47;1,306;10,04;0,625;10,02;0,0;10,0;1,568;22,483;0,53;31,572;3,34;6,327;0,58;4,944;1,34;955,036;1,0;"";"";18,367;2,57;116,063;13,39;"";"";14,943;19,18;60,0;"";"";"";"";"";"";"";"";"";"";"";"";"";"";"";"";"";"";"";"";"";"";"";"";"";"";"";"";"";"";"";"";"";"";"";"";"";"";"";"";"";"";"";"";"";"";"";"";"";"";"";"";"";"";"";"";"";"";"";"";"";"";"";"";""
03.12.2022 16:11:57;1670080317000;880f01e687e2572cea04e80fc6a68085;417166;OK;1786;3;0;0;0;0,26;161,12;0;0;644;501;"";251,237;37,69;803,446;74,1;20,874;0,82;1,584;0,22;9,767;1,66;7,564;10,99;9,674;11,0;10,855;11,0;1271,851;133,9;379,784;46,95;51,945;15,1;3,649;10,44;1,346;10,02;0,0;10,0;2,216;22,49;0,53;31,668;3,34;6,348;0,58;4,993;1,33;955,0489;1,0;"";"";18,393;2,57;116,828;13,43;"";"";13,88;19,69;71,2;"";"";"";"";"";"";"";"";"";"";"";"";"";"";"";"";"";"";"";"";"";"";"";"";"";"";"";"";"";"";"";"";"";"";"";"";"";"";"";"";"";"";"";"";"";"";"";"";"";"";"";"";"";"";"";"";"";"";"";"";"";"";"";"";""
03.12.2022 16:13:57;1670080437000;880f01e687e2572cea04e80fc6a68085;417286;OK;1804;0;1;0;0;0,0;-122,49;0;0;654;537;"";250,696;37,6;745,926;72,38;20,876;0,82;1,584;0,22;9,865;1,65;7,365;11,0;9,599;11,0;10,574;11,0;1276,031;134,22;388,595;47,84;47,987;14,71;2,369;10,18;1,223;10,0;0,0;10,0;2,122;22,514;0,53;31,431;3,35;6,31;0,59;4,907;1,34;955,034;1,0;"";"";18,364;2,57;117,323;13,46;"";"";13,091;19,97;13,0;"";"";"";"";"";"";"";"";"";"";"";"";"";"";"";"";"";"";"";"";"";"";"";"";"";"";"";"";"";"";"";"";"";"";"";"";"";"";"";"";"";"";"";"";"";"";"";"";"";"";"";"";"";"";"";"";"";"";"";"";"";"";"";"";""
03.12.2022 16:15:58;1670080558000;880f01e687e2572cea04e80fc6a68085;417407;OK;1785;0;1;0;0;0,05;-211,06;0;0;673;535;"";249,9;37,48;753,861;72,62001;20,875;0,82;1,584;0,22;9,721;1,66;6,877;10,98;8,943;11,0;10,285;11,0;1237,598;130,59;372,875;46,27;47,515;14,65;3,758;10,39;1,412;10,13;0,19;10,0;2,408;22,532;0,53;31,706;3,34;6,372;0,59;5,047;1,33;955,017;1,0;"";"";18,352;2,57;117,225;13,45;"";"";23,698;16,55;78,0;"";"";"";"";"";"";"";"";"";"";"";"";"";"";"";"";"";"";"";"";"";"";"";"";"";"";"";"";"";"";"";"";"";"";"";"";"";"";"";"";"";"";"";"";"";"";"";"";"";"";"";"";"";"";"";"";"";"";"";"";"";"";"";"";""
03.12.2022 16:17:57;1670080677000;880f01e687e2572cea04e80fc6a68085;417526;OK;1810;4;0;0;0;0,32;247,24;0;0;656;444;"";267,247;40,09;898,912;76,97;20,861;0,82;1,586;0,22;9,962;1,65;7,298;11,0;10,213;11,0;11,834;11,06;1204,462;127,36;375,599;46,58;51,93;15,07;4,089;10,35;2,034;10,13;0,633;10,0;2,508;22,536;0,53;32,073;3,33;6,447;0,58;5,217;1,31;954,9769;1,0;"";"";19,038;2,54;118,808;13,54;"";"";14,142;19,63;13,0;"";"";"";"";"";"";"";"";"";"";"";"";"";"";"";"";"";"";"";"";"";"";"";"";"";"";"";"";"";"";"";"";"";"";"";"";"";"";"";"";"";"";"";"";"";"";"";"";"";"";"";"";"";"";"";"";"";"";"";"";"";"";"";"";""
03.12.2022 16:19:58;1670080798000;880f01e687e2572cea04e80fc6a68085;417647;OK;1797;12;0;0;0;0,47;613,03;0;0;672;423;"";275,503;41,33;931,5579;77,95;20,859;0,82;1,588;0,22;9,985;1,65;6,902;10,96;9,114;11,0;9,523;11,01;1146,276;121,7;351,183;44,13;43,072;14,29;1,066;10,04;0,445;10,01;0,11;10,0;1,71;22,526;0,53;32,076;3,33;6,444;0,58;5,209;1,31;954,971;1,0;"";"";19,483;2,52;120,512;13,62;"";"";15,155;19,26;81,6;"";"";"";"";"";"";"";"";"";"";"";"";"";"";"";"";"";"";"";"";"";"";"";"";"";"";"";"";"";"";"";"";"";"";"";"";"";"";"";"";"";"";"";"";"";"";"";"";"";"";"";"";"";"";"";"";"";"";"";"";"";"";"";"";""
03.12.2022 16:21:58;1670080918000;880f01e687e2572cea04e80fc6a68085;417767;OK;1827;5;0;0;0;0,07;260,01;0;0;641;477;"";283,76;42,56;841,193;75,24;20,873;0,82;1,588;0,22;9,697;1,66;7,653;10,98;10,47;11,0;12,579;11,04;1235,253;130,35;379,527;47,0;53,006;15,25;4,269;10,43;2,501;10,22;0,724;10,0;2,741;22,521;0,53;31,8;3,34;6,386;0,58;5,08;1,32;955,005;1,0;"";"";19,327;2,52;120,415;13,62;"";"";25,05;15,79;75,3;"";"";"";"";"";"";"";"";"";"";"";"";"";"";"";"";"";"";"";"";"";"";"";"";"";"";"";"";"";"";"";"";"";"";"";"";"";"";"";"";"";"";"";"";"";"";"";"";"";"";"";"";"";"";"";"";"";"";"";"";"";"";"";"";""
03.12.2022 16:23:59;1670081039000;880f01e687e2572cea04e80fc6a68085;417888;OK;1795;0;1;0;0;-0,38;-157,57;0;0;677;428;"";403,57;60,54;879,0259;76,37001;20,867;0,82;1,589;0,22;9,287;1,68;6,799;10,94;8,554;11,0;11,647;11,0;1167,971;123,79;341,78;43,31;36,297;13,65;4,906;10,43;4,011;10,34;1,453;10,15;3,518;22,515;0,53;31,174;3,35;6,259;0,59;4,783;1,36;955,0759;1,0;"";"";19,192;2,53;118,765;13,53;"";"";27,952;14,97;77,6;"";"";"";"";"";"";"";"";"";"";"";"";"";"";"";"";"";"";"";"";"";"";"";"";"";"";"";"";"";"";"";"";"";"";"";"";"";"";"";"";"";"";"";"";"";"";"";"";"";"";"";"";"";"";"";"";"";"";"";"";"";"";"";"";""
03.12.2022 16:26:00;1670081160000;880f01e687e2572cea04e80fc6a68085;418009;OK;1800;0;1;0;0;-1,76;-589,48;0;0;641;500;"";618,8839;92,96;687,381;70,62;20,896;0,82;1,583;0,22;6,84;1,8;7,645;10,99;10,627;11,0;11,415;11,0;1229,167;129,72;375,274;46,54;53,204;15,19;2,11;10,15;1,045;10,07;0,15;10,02;1,979;22,451;0,53;29,026;3,39;5,806;0,6;3,709;1,48;955,1069;1,0;"";"";16,365;2,67;95,793;12,33;"";"";14,543;19,48;13,0;"";"";"";"";"";"";"";"";"";"";"";"";"";"";"";"";"";"";"";"";"";"";"";"";"";"";"";"";"";"";"";"";"";"";"";"";"";"";"";"";"";"";"";"";"";"";"";"";"";"";"";"";"";"";"";"";"";"";"";"";"";"";"";"";""
03.12.2022 16:28:01;1670081281000;880f01e687e2572cea04e80fc6a68085;418130;OK;1802;0;1;0;0;-2,41;-767,7999;0;0;604;599;"";445,978;66,91;606,362;68,19;20,9;0,82;1,573;0,22;4,845;1,89;8,584;11,0;11,307;11,0;11,837;11,0;1388,59;145,29;421,017;51,02;52,999;15,19;3,011;10,24;0,746;10,02;0,212;10,0;1,74;22,333;0,54;28,369;3,41;5,636;0,6;3,287;1,52;955,092;1,0;"";"";13,183;2,82;74,068;11,18;"";"";13,301;19,98;19,4;"";"";"";"";"";"";"";"";"";"";"";"";"";"";"";"";"";"";"";"";"";"";"";"";"";"";"";"";"";"";"";"";"";"";"";"";"";"";"";"";"";"";"";"";"";"";"";"";"";"";"";"";"";"";"";"";"";"";"";"";"";"";"";"";""
03.12.2022 16:30:00;1670081400000;880f01e687e2572cea04e80fc6a68085;418250;OK;1780;0;1;0;0;-2,0;-782,48;0;0;611;625;"";369,255;55,39;596,27;67,89;20,904;0,82;1,564;0,22;3,857;1,94;8,369;11,0;10,481;11,0;12,718;11,17;1421,424;148,49;408,759;49,79;48,891;14,72;3,991;10,28;2,825;10,17;0,067;10,0;2,753;22,196;0,54;28,308;3,41;5,58;0,6;3,139;1,52;955,0659;1,0;"";"";11,014;2,93;61,406;10,51;"";"";13,69;19,78;65,8;"";"";"";"";"";"";"";"";"";"";"";"";"";"";"";"";"";"";"";"";"";"";"";"";"";"";"";"";"";"";"";"";"";"";"";"";"";"";"";"";"";"";"";"";"";"";"";"";"";"";"";"";"";"";"";"";"";"";"";"";"";"";"";"";""
03.12.2022 16:32:01;1670081521000;880f01e687e2572cea04e80fc6a68085;418370;OK;1798;0;1;0;0;-0,57;-212,08;0;0;496;636;"";314,455;47,17;592,599;67,78;20,902;0,82;1,555;0,22;4,08;1,93;11,602;11,0;13,737;11,21;14,221;11,23;2540,348;257,35;589,348;67,34;44,361;14,38;1,52;10,13;0,437;10,02;0,142;10,0;1,563;22,069;0,54;28,419;3,41;5,561;0,59;3,085;1,52;955,077;1,0;"";"";9,898;2,98;55,819;10,21;"";"";13,071;19,98;13,0;"";"";"";"";"";"";"";"";"";"";"";"";"";"";"";"";"";"";"";"";"";"";"";"";"";"";"";"";"";"";"";"";"";"";"";"";"";"";"";"";"";"";"";"";"";"";"";"";"";"";"";"";"";"";"";"";"";"";"";"";"";"";"";"";""
03.12.2022 16:34:02;1670081642000;880f01e687e2572cea04e80fc6a68085;418491;OK;1787;0;1;0;0;-0,19;-25,63;0;0;401;645;"";311,934;46,79;588,049;67,64;20,894;0,82;1,547;0,22;4,944;1,89;14,8;11,59;16,707;11,69;17,192;11,76;3718,964;372,06;773,721;85,32001;41,197;14,11;0,686;10,02;0,553;10,0;0,015;10,0;1,438;21,961;0,54;28,543;3,41;5,55;0,59;3,053;1,51;955,042;1,0;"";"";9,809;2,99;52,903;10,05;"";"";13,007;20,0;13,0;"";"";"";"";"";"";"";"";"";"";"";"";"";"";"";"";"";"";"";"";"";"";"";"";"";"";"";"";"";"";"";"";"";"";"";"";"";"";"";"";"";"";"";"";"";"";"";"";"";"";"";"";"";"";"";"";"";"";"";"";"";"";"";"";""
03.12.2022 16:36:03;1670081763000;880f01e687e2572cea04e80fc6a68085;418612;OK;1802;0;1;0;0;-0,11;-30,19;0;0;475;654;"";328,789;49,32;583,792;67,51;20,897;0,82;1,542;0,22;6,137;1,83;12,334;11,17;15,628;11,48;16,83;11,65;2822,298;284,7;644,146;72,68;53,578;15,25;3,843;10,4;1,326;10,03;0,002;10,0;1,974;21,863;0,54;28,659;3,41;5,542;0,58;3,026;1,5;955,039;1,0;"";"";10,271;2,96;52,41;10,02;"";"";13,001;20,0;13,0;"";"";"";"";"";"";"";"";"";"";"";"";"";"";"";"";"";"";"";"";"";"";"";"";"";"";"";"";"";"";"";"";"";"";"";"";"";"";"";"";"";"";"";"";"";"";"";"";"";"";"";"";"";"";"";"";"";"";"";"";"";"";"";"";""
03.12.2022 16:38:03;1670081883000;880f01e687e2572cea04e80fc6a68085;418732;OK;1797;0;1;0;0;-0,1;-28,63;0;0;497;657;"";332,57;49,89;583,708;67,51;20,898;0,82;1,537;0,22;7,462;1,77;11,594;11,02;14,348;11,41;16,174;11,57;2577,167;260,78;592,156;67,67;55,394;15,41;5,159;10,48;2,271;10,18;0,075;10,0;2,186;21,779;0,54;28,73;3,41;5,529;0,58;2,989;1,49;955,052;1,0;"";"";11,106;2,92;54,465;10,12;"";"";13,0;20,0;13,0;"";"";"";"";"";"";"";"";"";"";"";"";"";"";"";"";"";"";"";"";"";"";"";"";"";"";"";"";"";"";"";"";"";"";"";"";"";"";"";"";"";"";"";"";"";"";"";"";"";"";"";"";"";"";"";"";"";"";"";"";"";"";"";"";""
03.12.2022 16:40:04;1670082004000;880f01e687e2572cea04e80fc6a68085;418853;OK;1815;0;0;0;0;-0,06;-9,82;0;0;469;661;"";327,2;49,08;584,744;67,54;20,896;0,82;1,532;0,22;8,913;1,7;12,403;11,0;15,896;11,59;17,47;11,77;2607,944;263,83;599,929;68,37;61,239;15,97;4,36;10,44;1,221;10,02;0,008;10,0;2,087;21,694;0,54;28,885;3,41;5,531;0,58;2,992;1,48;955,034;1,0;"";"";12,133;2,87;58,422;10,32;"";"";13,691;19,76;71,5;"";"";"";"";"";"";"";"";"";"";"";"";"";"";"";"";"";"";"";"";"";"";"";"";"";"";"";"";"";"";"";"";"";"";"";"";"";"";"";"";"";"";"";"";"";"";"";"";"";"";"";"";"";"";"";"";"";"";"";"";"";"";"";"";""
03.12.2022 16:42:04;1670082124000;880f01e687e2572cea04e80fc6a68085;418973;OK;1806;0;0;0;0;0,03;14,52;0;0;610;663;"";330,67;49,6;587,344;67,62001;20,892;0,82;1,53;0,21;10,538;1,62;8,471;11,0;11,335;11,06;12,624;11,08;1485,998;154,64;413,123;50,25;53,157;15,26;3,846;10,35;1,545;10,0;0,001;10,0;2,237;21,637;0,54;29,072;3,4;5,549;0,57;3,033;1,47;954,9829;1,0;"";"";13,184;2,82;64,844;10,65;"";"";13,143;19,94;28,8;"";"";"";"";"";"";"";"";"";"";"";"";"";"";"";"";"";"";"";"";"";"";"";"";"";"";"";"";"";"";"";"";"";"";"";"";"";"";"";"";"";"";"";"";"";"";"";"";"";"";"";"";"";"";"";"";"";"";"";"";"";"";"";"";""
03.12.2022 16:44:04;1670082244000;880f01e687e2572cea04e80fc6a68085;419093;OK;1783;0;0;0;0;0,08;16,65;0;0;629;663;"";339,714;50,96;589,323;67,68;20,89;0,82;1,528;0,21;12,18;1,62;7,938;10,99;10,584;11,01;11,573;11,01;1210,137;127,83;374,644;46,49;47,896;14,68;1,832;10,15;1,104;10,03;0,0;10,0;2,063;21,615;0,54;29,153;3,4;5,557;0,57;3,054;1,47;954,945;1,0;"";"";14,524;2,76;72,854;11,06;"";"";13,015;19,99;13,0;"";"";"";"";"";"";"";"";"";"";"";"";"";"";"";"";"";"";"";"";"";"";"";"";"";"";"";"";"";"";"";"";"";"";"";"";"";"";"";"";"";"";"";"";"";"";"";"";"";"";"";"";"";"";"";"";"";"";"";"";"";"";"";"";""
03.12.2022 16:46:07;1670082367000;880f01e687e2572cea04e80fc6a68085;419216;OK;1800;0;0;0;0;0,09;13,56;0;0;678;663;"";345,852;51,88;590,375;67,71;20,888;0,82;1,527;0,21;13,592;1,68;6,757;11,0;9,08;11,0;9,714;11,0;1026,859;109,92;318,875;41,02;41,007;14,06;1,473;10,12;0,727;10,04;0,0;10,0;1,873;21,605;0,54;29,215;3,4;5,566;0,57;3,076;1,46;954,9479;1,0;"";"";15,816;2,69;81,319;11,5;"";"";13,001;20,0;13,0;"";"";"";"";"";"";"";"";"";"";"";"";"";"";"";"";"";"";"";"";"";"";"";"";"";"";"";"";"";"";"";"";"";"";"";"";"";"";"";"";"";"";"";"";"";"";"";"";"";"";"";"";"";"";"";"";"";"";"";"";"";"";"";"";""
03.12.2022 16:48:08;1670082488000;880f01e687e2572cea04e80fc6a68085;419337;OK;1790;0;0;0;0;0,1;13,41;0;0;698;663;"";352,113;52,82;592,375;67,77;20,891;0,82;1,528;0,21;14,811;1,74;6,303;10,86;7,706;11,0;7,772;11,0;1054,764;112,62;328,22;41,92;27,831;12,76;0,9110001;10,06;0,075;10,0;0,0;10,0;1,316;21,607;0,54;29,331;3,4;5,588;0,57;3,133;1,46;954,934;1,0;"";"";17,063;2,63;88,732;11,88;"";"";13,0;20,0;13,0;"";"";"";"";"";"";"";"";"";"";"";"";"";"";"";"";"";"";"";"";"";"";"";"";"";"";"";"";"";"";"";"";"";"";"";"";"";"";"";"";"";"";"";"";"";"";"";"";"";"";"";"";"";"";"";"";"";"";"";"";"";"";"";"";""
03.12.2022 16:50:07;1670082607000;880f01e687e2572cea04e80fc6a68085;419456;OK;1813;0;0;0;0;0,17;16,89;0;0;663;662;"";350,996;52,65;594,37;67,83;20,895;0,82;1,529;0,21;15,761;1,79;7,134;10,88;8,8;11,0;9,095;11,0;1154,742;122,36;366,411;45,65;38,329;13,86;1,284;10,03;0,374;10,0;0,0;10,0;1,554;21,617;0,54;29,45;3,4;5,614;0,57;3,199;1,45;954,951;1,0;"";"";18,155;2,58;93,928;12,15;"";"";13,0;20,0;13,0;"";"";"";"";"";"";"";"";"";"";"";"";"";"";"";"";"";"";"";"";"";"";"";"";"";"";"";"";"";"";"";"";"";"";"";"";"";"";"";"";"";"";"";"";"";"";"";"";"";"";"";"";"";"";"";"";"";"";"";"";"";"";"";"";""
03.12.2022 16:52:07;1670082727000;880f01e687e2572cea04e80fc6a68085;419576;OK;1794;0;0;0;0;0,21;21,87;0;0;683;660;"";351,578;52,74;597,68;67,93;20,89;0,82;1,529;0,21;16,429;1,83;6,641;10,93;8,048;11,0;9,101;11,0;1088,263;115,97;344,878;43,58;37,698;13,71;1,566;10,06;1,473;10,06;0,215;10,0;2,247;21,63;0,54;29,565;3,39;5,64;0,57;3,266;1,44;954,9399;1,0;"";"";18,985;2,54;97,76401;12,35;"";"";13,0;20,0;13,0;"";"";"";"";"";"";"";"";"";"";"";"";"";"";"";"";"";"";"";"";"";"";"";"";"";"";"";"";"";"";"";"";"";"";"";"";"";"";"";"";"";"";"";"";"";"";"";"";"";"";"";"";"";"";"";"";"";"";"";"";"";"";"";"";""
03.12.2022 16:54:07;1670082847000;880f01e687e2572cea04e80fc6a68085;419697;OK;1800;0;0;0;0;0,17;10,43;0;0;690;662;"";346,259;51,94;595,3579;67,86;20,895;0,82;1,531;0,22;16,743;1,84;6,479;10,93;8,441;11,0;9,897;11,0;1120,754;119,07;353,668;44,46;42,482;14,2;4,252;10,55;1,432;10,03;0,022;10,0;2,543;21,646;0,54;29,595;3,39;5,651;0,57;3,294;1,44;954,886;1,0;"";"";19,692;2,5;100,426;12,49;"";"";13,0;20,0;13,0;"";"";"";"";"";"";"";"";"";"";"";"";"";"";"";"";"";"";"";"";"";"";"";"";"";"";"";"";"";"";"";"";"";"";"";"";"";"";"";"";"";"";"";"";"";"";"";"";"";"";"";"";"";"";"";"";"";"";"";"";"";"";"";"";""
03.12.2022 16:56:09;1670082969000;880f01e687e2572cea04e80fc6a68085;419818;OK;1804;0;0;0;0;0,14;2,78;0;0;680;661;"";340,162;51,02;596,869;67,91;20,895;0,82;1,533;0,22;16,778;1,85;6,738;10,87;8,983;11,0;9,515;11,0;1103,273;117,39;349,384;44,0;43,116;14,24;1,353;10,11;0,59;10,0;0,002;10,0;1,831;21,66;0,54;29,66;3,39;5,668;0,57;3,337;1,44;954,861;1,0;"";"";20,137;2,48;102,038;12,58;"";"";13,0;20,0;13,0;"";"";"";"";"";"";"";"";"";"";"";"";"";"";"";"";"";"";"";"";"";"";"";"";"";"";"";"";"";"";"";"";"";"";"";"";"";"";"";"";"";"";"";"";"";"";"";"";"";"";"";"";"";"";"";"";"";"";"";"";"";"";"";"";""
03.12.2022 16:58:08;1670083088000;880f01e687e2572cea04e80fc6a68085;419937;OK;1797;0;0;0;0;0,11;0,01;0;0;659;659;"";340,783;51,12;598,714;67,96;20,896;0,82;1,534;0,22;16,663;1,84;7,197;10,99;9,051;11,0;10,77;11,0;1106,311;117,7;346,734;43,76;39,546;13,91;4,11;10,35;1,818;10,05;0,0;10,0;2,554;21,67;0,54;29,703;3,39;5,68;0,57;3,366;1,44;954,863;1,0;"";"";20,513;2,46;102,93;12,63;"";"";13,0;20,0;13,0;"";"";"";"";"";"";"";"";"";"";"";"";"";"";"";"";"";"";"";"";"";"";"";"";"";"";"";"";"";"";"";"";"";"";"";"";"";"";"";"";"";"";"";"";"";"";"";"";"";"";"";"";"";"";"";"";"";"";"";"";"";"";"";"";""
03.12.2022 17:00:09;1670083209000;880f01e687e2572cea04e80fc6a68085;420058;OK;1806;0;0;0;0;0,09;8,21;0;0;671;659;"";335,001;50,25;597,8499;67,94;20,895;0,82;1,535;0,22;16,312;1,82;6,937;10,99;10,032;11,0;11,661;11,0;1154,239;122,32;362,103;45,3;54,987;15,37;4,263;10,47;2,407;10,1;0,0;10,0;2,624;21,685;0,54;29,703;3,39;5,685;0,57;3,379;1,44;954,8309;1,0;"";"";20,633;2,46;102,805;12,62;"";"";13,0;20,0;13,0;"";"";"";"";"";"";"";"";"";"";"";"";"";"";"";"";"";"";"";"";"";"";"";"";"";"";"";"";"";"";"";"";"";"";"";"";"";"";"";"";"";"";"";"";"";"";"";"";"";"";"";"";"";"";"";"";"";"";"";"";"";"";"";"";""
03.12.2022 17:02:10;1670083330000;880f01e687e2572cea04e80fc6a68085;420179;OK;1795;0;0;0;0;0,05;7,33;0;0;662;658;"";329,206;49,38;598,864;67,97;20,894;0,82;1,537;0,22;15,836;1,8;7,125;11,0;9,475;11,0;10,406;11,01;1163,032;123,15;358,208;44,89;45,469;14,44;2,071;10,18;0,782;10,08;0,0;10,0;1,995;21,702;0,54;29,702;3,39;5,69;0,57;3,393;1,44;954,846;1,0;"";"";20,726;2,45;101,991;12,58;"";"";13,0;20,0;13,0;"";"";"";"";"";"";"";"";"";"";"";"";"";"";"";"";"";"";"";"";"";"";"";"";"";"";"";"";"";"";"";"";"";"";"";"";"";"";"";"";"";"";"";"";"";"";"";"";"";"";"";"";"";"";"";"";"";"";"";"";"";"";"";"";""
03.12.2022 17:04:10;1670083450000;880f01e687e2572cea04e80fc6a68085;420299;OK;1799;0;0;0;0;0,03;-1,86;0;0;701;660;"";323,663;48,55;596,089;67,88;20,896;0,82;1,538;0,22;15,313;1,77;6,234;10,89;8,025;10,98;9,689;11,0;1039,956;111,14;322,076;41,31;39,863;13,96;3,199;10,38;2,341;10,3;0,0;10,0;2,802;21,709;0,54;29,702;3,39;5,693;0,57;3,4;1,44;954,918;1,0;"";"";20,722;2,45;100,518;12,5;"";"";13,749;19,64;47,9;"";"";"";"";"";"";"";"";"";"";"";"";"";"";"";"";"";"";"";"";"";"";"";"";"";"";"";"";"";"";"";"";"";"";"";"";"";"";"";"";"";"";"";"";"";"";"";"";"";"";"";"";"";"";"";"";"";"";"";"";"";"";"";"";""
03.12.2022 17:06:10;1670083570000;880f01e687e2572cea04e80fc6a68085;420420;OK;1788;0;0;0;0;0,02;-19,98;0;0;708;663;"";315,37;47,31;591,652;67,75;20,897;0,82;1,539;0,22;14,746;1,74;6,086;10,83;7,667;11,0;8,752;11,0;1035,756;110,8;325,011;41,55;38,826;13,92;2,023;10,21;1,393;10,12;0,355;10,0;2,266;21,714;0,54;29,699;3,39;5,694;0,57;3,402;1,44;954,949;1,0;"";"";20,578;2,46;98,28;12,39;"";"";13,077;19,96;13,0;"";"";"";"";"";"";"";"";"";"";"";"";"";"";"";"";"";"";"";"";"";"";"";"";"";"";"";"";"";"";"";"";"";"";"";"";"";"";"";"";"";"";"";"";"";"";"";"";"";"";"";"";"";"";"";"";"";"";"";"";"";"";"";"";""
03.12.2022 17:08:10;1670083690000;880f01e687e2572cea04e80fc6a68085;420540;OK;1794;0;0;0;0;0,01;-17,98;0;0;729;661;"";312,578;46,89;593,941;67,82;20,898;0,82;1,541;0,22;14,142;1,71;5,593;10,48;8,55;11,0;10,055;11,0;1032,318;110,46;324,39;41,56;53,113;15,2;3,772;10,29;2,039;10,12;0,893;10,06;2,677;21,715;0,54;29,694;3,39;5,693;0,57;3,401;1,44;954,98;1,0;"";"";20,371;2,47;95,76;12,26;"";"";13,008;20,0;13,0;"";"";"";"";"";"";"";"";"";"";"";"";"";"";"";"";"";"";"";"";"";"";"";"";"";"";"";"";"";"";"";"";"";"";"";"";"";"";"";"";"";"";"";"";"";"";"";"";"";"";"";"";"";"";"";"";"";"";"";"";"";"";"";"";""
03.12.2022 17:10:12;1670083812000;880f01e687e2572cea04e80fc6a68085;420661;OK;1800;0;0;0;0;0,0;-11,2;0;0;717;662;"";311,39;46,71;591,911;67,76;20,899;0,82;1,541;0,22;13,601;1,68;5,872;10,67;8,001;11,0;10,148;11,0;1057,078;112,9;330,75;42,14;44,107;14,43;4,024;10,43;3,584;10,41;0,092;10,01;3,068;21,718;0,54;29,695;3,39;5,694;0,57;3,404;1,44;954,982;1,0;"";"";20,152;2,48;93,458;12,14;"";"";13,001;20,0;13,0;"";"";"";"";"";"";"";"";"";"";"";"";"";"";"";"";"";"";"";"";"";"";"";"";"";"";"";"";"";"";"";"";"";"";"";"";"";"";"";"";"";"";"";"";"";"";"";"";"";"";"";"";"";"";"";"";"";"";"";"";"";"";"";"";""
03.12.2022 17:12:11;1670083931000;880f01e687e2572cea04e80fc6a68085;420780;OK;1802;0;0;0;0;-0,03;-5,93;0;0;696;662;"";302,453;45,37;590,389;67,71;20,898;0,82;1,541;0,22;13,055;1,65;6,344;10,94;8,066;11,0;8,939;11,0;1009,205;108,23;317,205;40,94;33,584;13,34;2,1;10,16;0,529;10,04;0,01;10,0;2,061;21,72;0,54;29,616;3,39;5,68;0,57;3,368;1,44;954,987;1,0;"";"";20,003;2,49;91,098;12,02;"";"";13,0;20,0;13,0;"";"";"";"";"";"";"";"";"";"";"";"";"";"";"";"";"";"";"";"";"";"";"";"";"";"";"";"";"";"";"";"";"";"";"";"";"";"";"";"";"";"";"";"";"";"";"";"";"";"";"";"";"";"";"";"";"";"";"";"";"";"";"";"";""
03.12.2022 17:14:12;1670084052000;880f01e687e2572cea04e80fc6a68085;420900;OK;1805;0;0;0;0;-0,06;-12,7;0;0;647;663;"";296,056;44,41;589,493;67,68;20,894;0,82;1,541;0,22;12,544;1,62;7,494;10,99;10,012;11,0;11,188;11,0;1197,946;126,58;371,703;46,23;42,918;14,25;3,871;10,29;1,213;10,07;0,001;10,0;2,265;21,72;0,54;29,577;3,39;5,672;0,57;3,349;1,44;954,97;1,0;"";"";19,795;2,5;88,545;11,88;"";"";13,0;20,0;13,0;"";"";"";"";"";"";"";"";"";"";"";"";"";"";"";"";"";"";"";"";"";"";"";"";"";"";"";"";"";"";"";"";"";"";"";"";"";"";"";"";"";"";"";"";"";"";"";"";"";"";"";"";"";"";"";"";"";"";"";"";"";"";"";"";""
03.12.2022 17:16:12;1670084172000;880f01e687e2572cea04e80fc6a68085;421021;OK;1791;0;0;0;0;-0,06;-4,63;0;0;670;663;"";297,177;44,58;589,383;67,68;20,897;0,82;1,541;0,22;12,132;1,6;6,944;11,0;8,439;11,0;9,255;11,0;1133,582;120,34;351,918;44,25;34,636;13,46;1,74;10,16;0,827;10,07;0,0;10,0;1,887;21,722;0,54;29,573;3,39;5,672;0,57;3,349;1,44;954,985;1,0;"";"";19,608;2,51;86,158;11,76;"";"";13,0;20,0;13,0;"";"";"";"";"";"";"";"";"";"";"";"";"";"";"";"";"";"";"";"";"";"";"";"";"";"";"";"";"";"";"";"";"";"";"";"";"";"";"";"";"";"";"";"";"";"";"";"";"";"";"";"";"";"";"";"";"";"";"";"";"";"";"";"";""
03.12.2022 17:18:11;1670084291000;880f01e687e2572cea04e80fc6a68085;421140;OK;1804;0;0;0;0;-0,02;-3,13;0;0;677;662;"";294,099;44,11;589,495;67,68;20,9;0,82;1,541;0,22;11,838;1,59;6,788;10,97;7,889;11,0;9,411;11,0;1054,273;112,6;334,22;42,5;36,169;13,53;2,8;10,26;1,92;10,1;0,0;10,0;2,566;21,722;0,54;29,572;3,39;5,672;0,57;3,349;1,44;954,972;1,0;"";"";19,542;2,51;83,875;11,64;"";"";13,0;20,0;13,0;"";"";"";"";"";"";"";"";"";"";"";"";"";"";"";"";"";"";"";"";"";"";"";"";"";"";"";"";"";"";"";"";"";"";"";"";"";"";"";"";"";"";"";"";"";"";"";"";"";"";"";"";"";"";"";"";"";"";"";"";"";"";"";"";""
03.12.2022 17:20:13;1670084413000;880f01e687e2572cea04e80fc6a68085;421262;OK;1790;0;0;0;0;0,0;0,15;0;0;676;663;"";288,56;43,28;589,322;67,68;20,894;0,82;1,542;0,22;11,495;1,58;6,808;11,0;8,512;11,0;10,746;11,0;1134,141;120,46;356,404;44,73;43,471;14,26;4,137;10,36;2,597;10,28;0,0;10,0;3,042;21,721;0,54;29,572;3,39;5,672;0,57;3,348;1,44;954,9749;1,0;"";"";19,373;2,52;81,30401;11,51;"";"";13,0;20,0;13,0;"";"";"";"";"";"";"";"";"";"";"";"";"";"";"";"";"";"";"";"";"";"";"";"";"";"";"";"";"";"";"";"";"";"";"";"";"";"";"";"";"";"";"";"";"";"";"";"";"";"";"";"";"";"";"";"";"";"";"";"";"";"";"";"";""
03.12.2022 17:22:12;1670084532000;880f01e687e2572cea04e80fc6a68085;421381;OK;1804;0;0;0;0;-0,0;1,27;0;0;722;661;"";284,612;42,69;590,794;67,72;20,899;0,82;1,542;0,22;11,238;1,59;5,771;10,6;7,281;11,0;8,764;11,0;982,829;105,67;312,877;40,42;38,154;13,83;2,512;10,17;1,88;10,1;0,0;10,0;2,745;21,718;0,54;29,572;3,39;5,671;0,57;3,346;1,44;954,973;1,0;"";"";19,314;2,52;79,067;11,39;"";"";13,0;20,0;13,0;"";"";"";"";"";"";"";"";"";"";"";"";"";"";"";"";"";"";"";"";"";"";"";"";"";"";"";"";"";"";"";"";"";"";"";"";"";"";"";"";"";"";"";"";"";"";"";"";"";"";"";"";"";"";"";"";"";"";"";"";"";"";"";"";""
03.12.2022 17:24:13;1670084653000;880f01e687e2572cea04e80fc6a68085;421502;OK;1795;0;0;0;0;-0,05;-7,8;0;0;674;663;"";271,195;40,68;586,833;67,6;20,896;0,82;1,543;0,22;11,042;1,6;6,876;10,89;8,796;11,0;9,959;11,0;1095,372;116,56;344,033;43,48;45,037;14,43;2,441;10,2;1,793;10,13;0,0;10,0;2,303;21,718;0,54;29,481;3,39;5,653;0,57;3,301;1,45;954,954;1,0;"";"";19,189;2,53;76,784;11,27;"";"";13,0;20,0;13,0;"";"";"";"";"";"";"";"";"";"";"";"";"";"";"";"";"";"";"";"";"";"";"";"";"";"";"";"";"";"";"";"";"";"";"";"";"";"";"";"";"";"";"";"";"";"";"";"";"";"";"";"";"";"";"";"";"";"";"";"";"";"";"";"";""
03.12.2022 17:26:13;1670084773000;880f01e687e2572cea04e80fc6a68085;421622;OK;1810;0;0;0;0;-0,06;-14,44;0;0;660;664;"";271,609;40,74;586,282;67,59;20,897;0,82;1,543;0,22;10,874;1,6;7,187;10,95;8,983;10,98;10,96;11,0;1144,238;121,33;360,744;45,1;46,096;14,47;3,836;10,35;2,561;10,2;0,423;10,0;2,801;21,714;0,54;29,505;3,39;5,657;0,57;3,31;1,45;954,9569;1,0;"";"";19,01;2,54;75,066;11,18;"";"";13,0;20,0;13,0;"";"";"";"";"";"";"";"";"";"";"";"";"";"";"";"";"";"";"";"";"";"";"";"";"";"";"";"";"";"";"";"";"";"";"";"";"";"";"";"";"";"";"";"";"";"";"";"";"";"";"";"";"";"";"";"";"";"";"";"";"";"";"";"";""
03.12.2022 17:28:14;1670084894000;880f01e687e2572cea04e80fc6a68085;421743;OK;1793;0;0;0;0;-0,01;-1,93;0;0;657;662;"";275,238;41,29;589,769;67,69001;20,9;0,82;1,543;0,22;10,779;1,61;7,245;11,0;9,464;11,0;10,825;11,0;1225,79;129,21;367,806;45,8;46,548;14,55;3,069;10,21;2,023;10,19;1,402;10,12;2,376;21,71;0,54;29,566;3,39;5,667;0,57;3,336;1,44;954,923;1,0;"";"";18,918;2,54;73,743;11,11;"";"";13,0;20,0;13,0;"";"";"";"";"";"";"";"";"";"";"";"";"";"";"";"";"";"";"";"";"";"";"";"";"";"";"";"";"";"";"";"";"";"";"";"";"";"";"";"";"";"";"";"";"";"";"";"";"";"";"";"";"";"";"";"";"";"";"";"";"";"";"";"";""
03.12.2022 17:30:14;1670085014000;880f01e687e2572cea04e80fc6a68085;421863;OK;1792;0;0;0;0;0,05;9,85;0;0;686;664;"";272,959;40,94;587,956;67,64;20,899;0,82;1,543;0,22;10,743;1,61;6,563;10,94;8,736;11,0;9,682;11,0;1054,103;112,5;333,845;42,4;44,426;14,38;2,252;10,1;1,594;10,06;0,325;10,01;2,118;21,707;0,54;29,572;3,39;5,667;0,57;3,336;1,44;954,9399;1,0;"";"";18,919;2,54;72,675;11,06;"";"";13,0;20,0;13,0;"";"";"";"";"";"";"";"";"";"";"";"";"";"";"";"";"";"";"";"";"";"";"";"";"";"";"";"";"";"";"";"";"";"";"";"";"";"";"";"";"";"";"";"";"";"";"";"";"";"";"";"";"";"";"";"";"";"";"";"";"";"";"";"";""
03.12.2022 17:32:15;1670085135000;880f01e687e2572cea04e80fc6a68085;421984;OK;1798;0;0;0;0;0,02;7,2;0;0;673;663;"";263,177;39,48;588,975;67,67;20,9;0,82;1,543;0,22;10,628;1,62;6,879;10,97;8,687;11,0;9,726;11,0;1078,628;115,0;336,455;42,72;42,202;14,12;2,015;10,01;1,589;10,01;0,034;10,0;2,172;21,705;0,54;29,551;3,39;5,662;0,57;3,324;1,44;954,9379;1,0;"";"";18,916;2,54;71,44001;10,99;"";"";13,0;20,0;13,0;"";"";"";"";"";"";"";"";"";"";"";"";"";"";"";"";"";"";"";"";"";"";"";"";"";"";"";"";"";"";"";"";"";"";"";"";"";"";"";"";"";"";"";"";"";"";"";"";"";"";"";"";"";"";"";"";"";"";"";"";"";"";"";"";""
03.12.2022 17:34:16;1670085256000;880f01e687e2572cea04e80fc6a68085;422105;OK;1805;0;0;0;0;-0,06;-5,47;0;0;672;663;"";258,373;38,76;587,156;67,61;20,9;0,82;1,543;0,22;10,597;1,62;6,901;11,0;8,393;11,0;10,434;11,0;1109,802;118,05;355,071;44,52;42,053;14,21;3,298;10,24;2,239;10,19;0,716;10,0;2,924;21,704;0,54;29,477;3,39;5,648;0,57;3,288;1,45;954,903;1,0;"";"";18,912;2,54;69,704;10,9;"";"";13,0;20,0;13,0;"";"";"";"";"";"";"";"";"";"";"";"";"";"";"";"";"";"";"";"";"";"";"";"";"";"";"";"";"";"";"";"";"";"";"";"";"";"";"";"";"";"";"";"";"";"";"";"";"";"";"";"";"";"";"";"";"";"";"";"";"";"";"";"";""
03.12.2022 17:36:15;1670085375000;880f01e687e2572cea04e80fc6a68085;422224;OK;1802;0;0;0;0;-0,04;-8,46;0;0;670;665;"";258,533;38,78;586,115;67,58;20,899;0,82;1,543;0,22;10,529;1,62;6,951;11,0;8,749;11,0;10,294;11,0;1104,546;117,5;348,687;43,99;48,677;14,78;1,916;10,08;1,703;10,07;0,678;10,0;2,596;21,696;0,54;29,552;3,39;5,659;0,57;3,316;1,44;954,8969;1,0;"";"";18,831;2,55;68,194;10,82;"";"";13,0;20,0;13,0;"";"";"";"";"";"";"";"";"";"";"";"";"";"";"";"";"";"";"";"";"";"";"";"";"";"";"";"";"";"";"";"";"";"";"";"";"";"";"";"";"";"";"";"";"";"";"";"";"";"";"";"";"";"";"";"";"";"";"";"";"";"";"";"";""
03.12.2022 17:38:15;1670085495000;880f01e687e2572cea04e80fc6a68085;422344;OK;1795;0;0;0;0;-0,05;-11,53;0;0;681;666;"";252,23;37,83;584,316;67,53;20,899;0,82;1,543;0,22;10,403;1,63;6,689;10,95;7,87;11,0;10,167;11,0;1086,223;115,71;340,862;43,2;36,764;13,6;2,933;10,3;2,911;10,3;0,07;10,0;3,134;21,684;0,54;29,467;3,39;5,639;0,57;3,266;1,45;954,896;1,0;"";"";18,645;2,55;66,617;10,74;"";"";13,0;20,0;13,0;"";"";"";"";"";"";"";"";"";"";"";"";"";"";"";"";"";"";"";"";"";"";"";"";"";"";"";"";"";"";"";"";"";"";"";"";"";"";"";"";"";"";"";"";"";"";"";"";"";"";"";"";"";"";"";"";"";"";"";"";"";"";"";"";""
03.12.2022 17:40:16;1670085616000;880f01e687e2572cea04e80fc6a68085;422465;OK;1791;0;0;0;0;-0,04;-14,44;0;0;684;668;"";248,154;37,22;582,375;67,47;20,898;0,82;1,543;0,22;10,352;1,63;6,649;10,88;8,462;11,0;9,173;11,0;1099,893;117,07;345,131;43,45;40,928;14,06;0,89;10,03;0,888;10,03;0,183;10,0;1,967;21,675;0,54;29,455;3,39;5,634;0,57;3,251;1,45;954,888;1,0;"";"";18,557;2,56;65,042;10,66;"";"";13,0;20,0;13,0;"";"";"";"";"";"";"";"";"";"";"";"";"";"";"";"";"";"";"";"";"";"";"";"";"";"";"";"";"";"";"";"";"";"";"";"";"";"";"";"";"";"";"";"";"";"";"";"";"";"";"";"";"";"";"";"";"";"";"";"";"";"";"";"";""
03.12.2022 17:42:17;1670085737000;880f01e687e2572cea04e80fc6a68085;422586;OK;1809;0;0;0;0;-0,07;-16,41;0;0;691;670;"";247,344;37,1;580,237;67,41001;20,898;0,82;1,542;0,22;10,331;1,63;6,456;10,91;8,033;11,0;9,498;11,0;1040,103;111,21;324,225;41,5;39,731;13,92;2,725;10,25;1,387;10,04;0,144;10,0;2,598;21,667;0,54;29,454;3,39;5,631;0,57;3,245;1,45;954,906;1,0;"";"";18,499;2,56;63,506;10,58;"";"";13,0;20,0;13,0;"";"";"";"";"";"";"";"";"";"";"";"";"";"";"";"";"";"";"";"";"";"";"";"";"";"";"";"";"";"";"";"";"";"";"";"";"";"";"";"";"";"";"";"";"";"";"";"";"";"";"";"";"";"";"";"";"";"";"";"";"";"";"";"";""
03.12.2022 17:44:17;1670085857000;880f01e687e2572cea04e80fc6a68085;422706;OK;1795;0;0;0;0;-0,02;-16,57;0;0;684;671;"";244,992;36,75;578,431;67,35;20,897;0,82;1,542;0,22;10,292;1,63;6,615;10,96;8,248;11,0;9,478;11,0;1079,246;115,01;331,878;42,26;35,231;13,47;2,815;10,16;1,137;10,0;0,015;10,0;2,378;21,661;0,54;29,454;3,4;5,629;0,57;3,239;1,45;954,943;1,0;"";"";18,483;2,56;62,281;10,51;"";"";13,0;20,0;13,0;"";"";"";"";"";"";"";"";"";"";"";"";"";"";"";"";"";"";"";"";"";"";"";"";"";"";"";"";"";"";"";"";"";"";"";"";"";"";"";"";"";"";"";"";"";"";"";"";"";"";"";"";"";"";"";"";"";"";"";"";"";"";"";"";""
03.12.2022 17:46:17;1670085977000;880f01e687e2572cea04e80fc6a68085;422826;OK;1816;0;0;0;0;-0,01;-17,51;0;0;664;674;"";246,993;37,05;575,892;67,28;20,896;0,82;1,542;0,22;10,306;1,63;7,1;10,98;9,202;11,0;10,067;11,0;1164,407;123,3;365,239;45,5;48,922;14,84;1,363;10,04;1,014;10,0;0,002;10,0;2,112;21,656;0,54;29,461;3,39;5,629;0,57;3,238;1,45;954,945;1,0;"";"";18,597;2,56;61,722;10,48;"";"";13,0;20,0;13,0;"";"";"";"";"";"";"";"";"";"";"";"";"";"";"";"";"";"";"";"";"";"";"";"";"";"";"";"";"";"";"";"";"";"";"";"";"";"";"";"";"";"";"";"";"";"";"";"";"";"";"";"";"";"";"";"";"";"";"";"";"";"";"";"";""
03.12.2022 17:48:18;1670086098000;880f01e687e2572cea04e80fc6a68085;422947;OK;1794;0;0;0;0;-0,03;-21,85;0;0;668;675;"";241,35;36,2;573,378;67,2;20,899;0,82;1,542;0,22;10,41;1,63;6,988;11,0;8,671;11,0;9,591;11,0;1137,936;120,69;350,278;44,09;35,736;13,55;1,377;10,0;1,341;10,0;0,0;10,0;2,112;21,65;0,54;29,413;3,4;5,618;0,57;3,21;1,45;954,953;1,0;"";"";18,574;2,56;61,127;10,45;"";"";13,0;20,0;13,0;"";"";"";"";"";"";"";"";"";"";"";"";"";"";"";"";"";"";"";"";"";"";"";"";"";"";"";"";"";"";"";"";"";"";"";"";"";"";"";"";"";"";"";"";"";"";"";"";"";"";"";"";"";"";"";"";"";"";"";"";"";"";"";"";""
03.12.2022 17:50:18;1670086218000;880f01e687e2572cea04e80fc6a68085;423068;OK;1816;0;0;0;0;-0,07;-19,45;0;0;667;676;"";237,771;35,67;572,073;67,16001;20,9;0,82;1,542;0,22;10,372;1,63;7,027;10,97;8,327;11,0;8,782;11,0;1096,127;116,64;340,079;43,13;33,864;13,34;0,895;10,06;0,494;10,0;0,0;10,0;1,648;21,642;0,54;29,367;3,4;5,607;0,57;3,181;1,45;954,954;1,0;"";"";18,546;2,56;60,325;10,41;"";"";13,0;20,0;13,0;"";"";"";"";"";"";"";"";"";"";"";"";"";"";"";"";"";"";"";"";"";"";"";"";"";"";"";"";"";"";"";"";"";"";"";"";"";"";"";"";"";"";"";"";"";"";"";"";"";"";"";"";"";"";"";"";"";"";"";"";"";"";"";"";""
03.12.2022 17:52:18;1670086338000;880f01e687e2572cea04e80fc6a68085;423187;OK;1805;0;0;0;0;-0,06;-15,61;0;0;659;679;"";238,693;35,8;569,918;67,1;20,899;0,82;1,542;0,22;10,355;1,63;7,201;11,0;9,328;11,0;10,24;11,0;1109,216;117,94;352,054;44,25;47,652;14,75;1,763;10,01;1,35;10,0;0,468;10,0;2,083;21,633;0,54;29,413;3,4;5,613;0,57;3,196;1,45;954,931;1,0;"";"";18,492;2,56;59,523;10,37;"";"";13,0;20,0;13,0;"";"";"";"";"";"";"";"";"";"";"";"";"";"";"";"";"";"";"";"";"";"";"";"";"";"";"";"";"";"";"";"";"";"";"";"";"";"";"";"";"";"";"";"";"";"";"";"";"";"";"";"";"";"";"";"";"";"";"";"";"";"";"";"";""
03.12.2022 17:54:19;1670086459000;880f01e687e2572cea04e80fc6a68085;423308;OK;1793;0;0;0;0;-0,03;-9,33;0;0;700;679;"";236,502;35,48;570,03;67,1;20,896;0,82;1,542;0,22;10,427;1,63;6,254;10,92;8,771;11,0;9,17;11,0;1033,836;110,68;328,199;41,95;42,469;14,14;2,514;10,33;0,897;10,0;0,093;10,0;1,703;21,625;0,54;29,386;3,4;5,605;0,57;3,175;1,45;954,913;1,0;"";"";18,623;2,56;58,834;10,33;"";"";13,0;20,0;13,0;"";"";"";"";"";"";"";"";"";"";"";"";"";"";"";"";"";"";"";"";"";"";"";"";"";"";"";"";"";"";"";"";"";"";"";"";"";"";"";"";"";"";"";"";"";"";"";"";"";"";"";"";"";"";"";"";"";"";"";"";"";"";"";"";""
03.12.2022 17:56:20;1670086580000;880f01e687e2572cea04e80fc6a68085;423429;OK;1809;0;0;0;0;-0,03;-15,61;0;0;646;682;"";230,378;34,56;565,196;66,96;20,899;0,82;1,542;0,22;10,414;1,63;7,532;10,98;10,448;11,0;11,834;11,01;1148,497;121,71;365,662;45,61;55,52;15,5;4,416;10,47;1,635;10,0;0,184;10,0;2,378;21,62;0,54;29,354;3,4;5,597;0,57;3,155;1,46;954,892;1,0;"";"";18,612;2,56;58,283;10,3;"";"";13,0;20,0;13,0;"";"";"";"";"";"";"";"";"";"";"";"";"";"";"";"";"";"";"";"";"";"";"";"";"";"";"";"";"";"";"";"";"";"";"";"";"";"";"";"";"";"";"";"";"";"";"";"";"";"";"";"";"";"";"";"";"";"";"";"";"";"";"";"";""
03.12.2022 17:58:19;1670086699000;880f01e687e2572cea04e80fc6a68085;423548;OK;1796;0;0;0;0;-0,06;-15,16;0;0;675;683;"";226,995;34,05;565,152;66,95;20,903;0,82;1,541;0,22;10,405;1,63;6,835;10,96;8,683;11,0;10,188;11,0;1084,542;115,57;339,799;43,09;39,027;13,83;3,061;10,18;2,02;10,03;0,02;10,0;2,558;21,608;0,54;29,351;3,4;5,593;0,57;3,144;1,46;954,896;1,0;"";"";18,491;2,56;57,892;10,28;"";"";13,0;20,0;13,0;"";"";"";"";"";"";"";"";"";"";"";"";"";"";"";"";"";"";"";"";"";"";"";"";"";"";"";"";"";"";"";"";"";"";"";"";"";"";"";"";"";"";"";"";"";"";"";"";"";"";"";"";"";"";"";"";"";"";"";"";"";"";"";"";""
03.12.2022 18:00:20;1670086820000;880f01e687e2572cea04e80fc6a68085;423669;OK;1795;0;0;0;0;-0,05;-18,13;0;0;635;686;"";225,68;33,85;561,394;66,84;20,899;0,82;1,541;0,22;10,338;1,63;7,798;11,0;10,159;11,0;10,743;11,0;1177,047;124,61;371,481;46,15;50,286;14,98;2,905;10,33;0,856;10,0;0,382;10,0;1,775;21,602;0,54;29,348;3,4;5,59;0,57;3,137;1,46;954,8989;1,0;"";"";18,419;2,57;57,356;10,25;"";"";13,0;20,0;13,0;"";"";"";"";"";"";"";"";"";"";"";"";"";"";"";"";"";"";"";"";"";"";"";"";"";"";"";"";"";"";"";"";"";"";"";"";"";"";"";"";"";"";"";"";"";"";"";"";"";"";"";"";"";"";"";"";"";"";"";"";"";"";"";"";""
03.12.2022 18:02:20;1670086940000;880f01e687e2572cea04e80fc6a68085;423789;OK;1793;0;0;0;0;-0,02;-14,13;0;0;675;687;"";225,454;33,82;559,965;66,8;20,899;0,82;1,542;0,22;10,338;1,63;6,847;10,95;9,88;11,0;11,097;11,0;1123,643;119,33;347,342;43,78;56,134;15,5;1,911;10,07;1,492;10,03;0,09700001;10,0;2,358;21,596;0,54;29,351;3,4;5,589;0,57;3,134;1,46;954,918;1,0;"";"";18,51;2,56;56,696;10,22;"";"";13,0;20,0;13,0;"";"";"";"";"";"";"";"";"";"";"";"";"";"";"";"";"";"";"";"";"";"";"";"";"";"";"";"";"";"";"";"";"";"";"";"";"";"";"";"";"";"";"";"";"";"";"";"";"";"";"";"";"";"";"";"";"";"";"";"";"";"";"";"";""
03.12.2022 18:04:20;1670087060000;880f01e687e2572cea04e80fc6a68085;423910;OK;1806;0;0;0;0;-0,02;-20,96;0;0;671;689;"";225,149;33,77;557,693;66,73;20,901;0,82;1,542;0,22;10,38;1,63;6,941;10,91;8,696;10,98;9,569;11,0;1116,625;118,68;345,533;43,61;41,45;14,12;1,277;10,02;1,125;10,0;0,124;10,0;2,063;21,59;0,54;29,336;3,4;5,584;0,57;3,121;1,46;954,91;1,0;"";"";18,538;2,56;56,589;10,21;"";"";13,0;20,0;13,0;"";"";"";"";"";"";"";"";"";"";"";"";"";"";"";"";"";"";"";"";"";"";"";"";"";"";"";"";"";"";"";"";"";"";"";"";"";"";"";"";"";"";"";"";"";"";"";"";"";"";"";"";"";"";"";"";"";"";"";"";"";"";"";"";""
03.12.2022 18:06:20;1670087180000;880f01e687e2572cea04e80fc6a68085;424030;OK;1790;0;0;0;0;-0,05;-16,82;0;0;651;689;"";222,816;33,42;556,607;66,7;20,901;0,82;1,542;0,22;10,382;1,63;7,403;10,99;10,968;11,01;11,729;11,07;1128,329;119,77;360,211;45,01;54,254;15,3;3,548;10,33;0,757;10,0;0,013;10,0;1,986;21,586;0,54;29,276;3,4;5,571;0,57;3,089;1,46;954,902;1,0;"";"";18,624;2,56;56,734;10,22;"";"";13,0;20,0;13,0;"";"";"";"";"";"";"";"";"";"";"";"";"";"";"";"";"";"";"";"";"";"";"";"";"";"";"";"";"";"";"";"";"";"";"";"";"";"";"";"";"";"";"";"";"";"";"";"";"";"";"";"";"";"";"";"";"";"";"";"";"";"";"";"";""
03.12.2022 18:08:21;1670087301000;880f01e687e2572cea04e80fc6a68085;424150;OK;1782;0;0;0;0;-0,05;-18,76;0;0;667;693;"";220,427;33,06;553,498;66,6;20,896;0,82;1,542;0,22;10,333;1,63;7,003;10,99;9,51;11,0;9,588;11,01;1109,218;117,99;342,126;43,31;45,376;14,42;1,048;10,12;0,078;10,0;0,001;10,0;1,425;21,581;0,54;29,304;3,4;5,575;0,57;3,098;1,46;954,908;1,0;"";"";18,646;2,55;56,663;10,22;"";"";13,0;20,0;13,0;"";"";"";"";"";"";"";"";"";"";"";"";"";"";"";"";"";"";"";"";"";"";"";"";"";"";"";"";"";"";"";"";"";"";"";"";"";"";"";"";"";"";"";"";"";"";"";"";"";"";"";"";"";"";"";"";"";"";"";"";"";"";"";"";""
03.12.2022 18:10:22;1670087422000;880f01e687e2572cea04e80fc6a68085;424271;OK;1809;0;0;0;0;-0,07;-15,32;0;0;651;693;"";216,001;32,4;552,373;66,57;20,9;0,82;1,542;0,22;10,339;1,63;7,4;11,0;9,154;11,0;10,864;11,0;1141,445;121,08;359,144;44,87;39,366;13,92;2,986;10,15;2,628;10,14;0,763;10,0;2,506;21,574;0,54;29,233;3,4;5,559;0,57;3,057;1,46;954,885;1,0;"";"";18,585;2,56;56,512;10,21;"";"";13,0;20,0;13,0;"";"";"";"";"";"";"";"";"";"";"";"";"";"";"";"";"";"";"";"";"";"";"";"";"";"";"";"";"";"";"";"";"";"";"";"";"";"";"";"";"";"";"";"";"";"";"";"";"";"";"";"";"";"";"";"";"";"";"";"";"";"";"";"";""
03.12.2022 18:12:23;1670087543000;880f01e687e2572cea04e80fc6a68085;424392;OK;1789;0;0;0;0;-0,06;-11,97;0;0;672;693;"";210,064;31,51;551,701;66,55;20,901;0,82;1,542;0,22;10,257;1,63;6,903;10,98;9,384;11,0;10,218;11,0;1102,703;117,34;346,751;43,7;53,556;15,23;1,195;10,1;1,159;10,1;0,079;10,0;2,064;21,566;0,54;29,225;3,4;5,555;0,57;3,047;1,46;954,8679;1,0;"";"";18,511;2,56;55,694;10,16;"";"";13,0;20,0;13,0;"";"";"";"";"";"";"";"";"";"";"";"";"";"";"";"";"";"";"";"";"";"";"";"";"";"";"";"";"";"";"";"";"";"";"";"";"";"";"";"";"";"";"";"";"";"";"";"";"";"";"";"";"";"";"";"";"";"";"";"";"";"";"";"";""
03.12.2022 18:14:23;1670087663000;880f01e687e2572cea04e80fc6a68085;424511;OK;1818;0;0;0;0;-0,05;-10,55;0;0;651;695;"";213,255;31,99;550,3109;66,51;20,899;0,82;1,542;0,22;10,227;1,63;7,416;11,0;9,305;11,0;10,116;11,0;1194,213;126,13;372,193;46,31;45,037;14,42;1,863;10,05;0,9610001;10,05;0,008;10,0;2,005;21,561;0,54;29,224;3,4;5,553;0,57;3,042;1,46;954,842;1,0;"";"";18,641;2,55;55,18;10,14;"";"";13,0;20,0;13,0;"";"";"";"";"";"";"";"";"";"";"";"";"";"";"";"";"";"";"";"";"";"";"";"";"";"";"";"";"";"";"";"";"";"";"";"";"";"";"";"";"";"";"";"";"";"";"";"";"";"";"";"";"";"";"";"";"";"";"";"";"";"";"";"";""
03.12.2022 18:16:24;1670087784000;880f01e687e2572cea04e80fc6a68085;424633;OK;1806;0;0;0;0;-0,02;-15,5;0;0;619;698;"";212,708;31,91;547,193;66,42;20,9;0,82;1,542;0,22;10,289;1,63;8,198;11,0;9,978;11,0;11,191;11,0;1255,59;132,2;389,676;48,05;43,099;14,18;2,232;10,19;1,543;10,14;0,396;10,0;2,194;21,554;0,54;29,224;3,4;5,551;0,57;3,036;1,46;954,825;1,0;"";"";18,599;2,56;54,952;10,12;"";"";13,644;19,71;45,0;"";"";"";"";"";"";"";"";"";"";"";"";"";"";"";"";"";"";"";"";"";"";"";"";"";"";"";"";"";"";"";"";"";"";"";"";"";"";"";"";"";"";"";"";"";"";"";"";"";"";"";"";"";"";"";"";"";"";"";"";"";"";"";"";""
03.12.2022 18:18:23;1670087903000;880f01e687e2572cea04e80fc6a68085;424752;OK;1796;0;1;0;0;-0,02;-25,69;0;0;634;701;"";213,328;32,0;543,215;66,30001;20,899;0,82;1,542;0,22;10,363;1,63;7,803;11,0;9,96;11,0;11,657;11,0;1220,569;128,78;386,152;47,55;45,282;14,36;3,104;10,23;2,479;10,17;0,042;10,0;2,574;21,549;0,54;29,225;3,4;5,549;0,57;3,032;1,46;954,794;1,0;"";"";18,637;2,55;55,211;10,14;"";"";13,1;19,96;21,6;"";"";"";"";"";"";"";"";"";"";"";"";"";"";"";"";"";"";"";"";"";"";"";"";"";"";"";"";"";"";"";"";"";"";"";"";"";"";"";"";"";"";"";"";"";"";"";"";"";"";"";"";"";"";"";"";"";"";"";"";"";"";"";"";""
03.12.2022 18:20:23;1670088023000;880f01e687e2572cea04e80fc6a68085;424872;OK;1819;0;0;0;0;-0,02;-18,61;0;0;650;701;"";211,834;31,78;543,3;66,30001;20,899;0,82;1,542;0,22;10,332;1,63;7,414;11,0;9,572;11,0;10,536;11,0;1156,485;122,48;364,679;45,45;48,288;14,76;2,113;10,11;1,385;10,02;0,005;10,0;2,072;21,542;0,54;29,225;3,4;5,547;0,57;3,026;1,46;954,7999;1,0;"";"";18,685;2,55;55,667;10,16;"";"";13,011;20,0;13,0;"";"";"";"";"";"";"";"";"";"";"";"";"";"";"";"";"";"";"";"";"";"";"";"";"";"";"";"";"";"";"";"";"";"";"";"";"";"";"";"";"";"";"";"";"";"";"";"";"";"";"";"";"";"";"";"";"";"";"";"";"";"";"";"";""
03.12.2022 18:22:25;1670088145000;880f01e687e2572cea04e80fc6a68085;424994;OK;1800;0;0;0;0;-0,02;-11,45;0;0;679;702;"";211,195;31,68;542,735;66,28;20,9;0,82;1,543;0,22;10,315;1,63;6,738;10,92;7,876;11,0;9,719;11,0;1099,758;117,04;344,898;43,51;31,152;12,99;3,034;10,23;2,959;10,22;0,0;10,0;2,842;21,532;0,54;29,226;3,4;5,544;0,57;3,018;1,46;954,7509;1,0;"";"";18,701;2,55;56,002;10,18;"";"";13,001;20,0;13,0;"";"";"";"";"";"";"";"";"";"";"";"";"";"";"";"";"";"";"";"";"";"";"";"";"";"";"";"";"";"";"";"";"";"";"";"";"";"";"";"";"";"";"";"";"";"";"";"";"";"";"";"";"";"";"";"";"";"";"";"";"";"";"";"";""
03.12.2022 18:24:25;1670088265000;880f01e687e2572cea04e80fc6a68085;425114;OK;1805;0;0;0;0;-0,02;4,12;0;0;633;700;"";207,565;31,13;544,521;66,34;20,901;0,82;1,542;0,22;10,299;1,63;7,845;10,99;10,912;11,0;11,552;11,0;1195,365;126,34;378,591;46,75;49,751;14,88;3,921;10,28;1,147;10,02;0,0;10,0;1,916;21,525;0,54;29,225;3,4;5,542;0,57;3,011;1,46;954,687;1,0;"";"";18,731;2,55;56,042;10,18;"";"";13,0;20,0;13,0;"";"";"";"";"";"";"";"";"";"";"";"";"";"";"";"";"";"";"";"";"";"";"";"";"";"";"";"";"";"";"";"";"";"";"";"";"";"";"";"";"";"";"";"";"";"";"";"";"";"";"";"";"";"";"";"";"";"";"";"";"";"";"";"";""
03.12.2022 18:26:26;1670088386000;880f01e687e2572cea04e80fc6a68085;425235;OK;1789;0;0;0;0;-0,04;-3,01;0;0;624;703;"";204,953;30,74;540,579;66,22;20,901;0,82;1,544;0,22;10,277;1,63;8,061;11,0;9,725;11,0;10,503;11,0;1226,138;129,32;380,335;47,01;41,837;14,14;1,613;10,03;1,054;10,0;0,0;10,0;1,884;21,517;0,54;29,195;3,4;5,534;0,57;2,99;1,46;954,668;1,0;"";"";18,62;2,56;56,245;10,19;"";"";13,0;20,0;13,0;"";"";"";"";"";"";"";"";"";"";"";"";"";"";"";"";"";"";"";"";"";"";"";"";"";"";"";"";"";"";"";"";"";"";"";"";"";"";"";"";"";"";"";"";"";"";"";"";"";"";"";"";"";"";"";"";"";"";"";"";"";"";"";"";""
03.12.2022 18:28:27;1670088507000;880f01e687e2572cea04e80fc6a68085;425356;OK;1810;0;0;0;0;-0,05;-7,71;0;0;629;704;"";203,81;30,57;539,681;66,19;20,901;0,82;1,543;0,22;10,227;1,63;7,944;11,0;11,256;11,0;11,803;11,0;1254,977;132,06;393,995;48,34;60,592;15,95;3,451;10,34;0,571;10,05;0,143;10,0;1,815;21,508;0,54;29,181;3,4;5,528;0,57;2,975;1,47;954,6619;1,0;"";"";18,636;2,55;56,386;10,19;"";"";13,0;20,0;13,0;"";"";"";"";"";"";"";"";"";"";"";"";"";"";"";"";"";"";"";"";"";"";"";"";"";"";"";"";"";"";"";"";"";"";"";"";"";"";"";"";"";"";"";"";"";"";"";"";"";"";"";"";"";"";"";"";"";"";"";"";"";"";"";"";""
03.12.2022 18:30:28;1670088628000;880f01e687e2572cea04e80fc6a68085;425477;OK;1799;0;0;0;0;-0,05;-18,56;0;0;653;707;"";202,5;30,38;537,387;66,12;20,896;0,82;1,541;0,22;10,306;1,63;7,342;11,0;9,643;11,0;11,211;11,0;1122,347;119,2;355,667;44,65;49,073;14,88;2,354;10,23;1,519;10,17;0,672;10,0;2,52;21,495;0,54;29,167;3,4;5,521;0,57;2,958;1,47;954,676;1,0;"";"";18,606;2,56;56,658;10,21;"";"";13,0;20,0;13,0;"";"";"";"";"";"";"";"";"";"";"";"";"";"";"";"";"";"";"";"";"";"";"";"";"";"";"";"";"";"";"";"";"";"";"";"";"";"";"";"";"";"";"";"";"";"";"";"";"";"";"";"";"";"";"";"";"";"";"";"";"";"";"";"";""
03.12.2022 18:32:28;1670088748000;880f01e687e2572cea04e80fc6a68085;425598;OK;1788;0;0;0;0;-0,06;-9,88;0;0;632;706;"";199,731;29,96;537,211;66,12;20,897;0,82;1,542;0,22;10,221;1,63;7,851;11,0;10,118;11,0;11,939;11,0;1232,105;129,92;388,175;47,71;53,968;15,31;3,98;10,41;2,384;10,16;0,069;10,0;2,636;21,487;0,54;29,113;3,4;5,508;0,57;2,924;1,47;954,642;1,0;"";"";18,686;2,55;57,023;10,22;"";"";13,0;20,0;13,0;"";"";"";"";"";"";"";"";"";"";"";"";"";"";"";"";"";"";"";"";"";"";"";"";"";"";"";"";"";"";"";"";"";"";"";"";"";"";"";"";"";"";"";"";"";"";"";"";"";"";"";"";"";"";"";"";"";"";"";"";"";"";"";"";""
03.12.2022 18:34:29;1670088869000;880f01e687e2572cea04e80fc6a68085;425718;OK;1802;0;0;0;0;-0,06;-8,58;0;0;651;707;"";200,416;30,06;536,451;66,09;20,898;0,82;1,542;0,22;10,187;1,64;7,402;10,99;9,771;11,0;11,934;11,0;1173,765;124,18;368,858;45,81;46,008;14,52;4,47;10,54;2,664;10,19;0,867;10,0;2,882;21,479;0,54;29,108;3,4;5,505;0,57;2,915;1,47;954,638;1,0;"";"";18,781;2,55;57,129;10,23;"";"";13,0;20,0;13,0;"";"";"";"";"";"";"";"";"";"";"";"";"";"";"";"";"";"";"";"";"";"";"";"";"";"";"";"";"";"";"";"";"";"";"";"";"";"";"";"";"";"";"";"";"";"";"";"";"";"";"";"";"";"";"";"";"";"";"";"";"";"";"";"";""
03.12.2022 18:36:29;1670088989000;880f01e687e2572cea04e80fc6a68085;425838;OK;1807;0;0;0;0;-0,04;-3,62;0;0;650;708;"";195,798;29,37;535,407;66,06;20,899;0,82;1,542;0,22;10,129;1,64;7,435;11,0;10,977;11,0;12,23;11,0;1169,564;123,79;368,049;45,78;55,845;15,43;4,672;10,48;1,482;10,16;0,215;10,0;2,333;21,473;0,54;29,107;3,4;5,503;0,57;2,909;1,47;954,638;1,0;"";"";18,701;2,55;57,353;10,24;"";"";13,0;20,0;13,0;"";"";"";"";"";"";"";"";"";"";"";"";"";"";"";"";"";"";"";"";"";"";"";"";"";"";"";"";"";"";"";"";"";"";"";"";"";"";"";"";"";"";"";"";"";"";"";"";"";"";"";"";"";"";"";"";"";"";"";"";"";"";"";"";""
03.12.2022 18:38:30;1670089110000;880f01e687e2572cea04e80fc6a68085;425959;OK;1799;0;0;0;0;-0,02;-15,62;0;0;626;712;"";194,89;29,23;531,348;65,94;20,901;0,82;1,541;0,22;10,091;1,64;8,005;10,96;11,561;11,0;12,526;11,06;1245,427;131,21;392,828;48,23;69,025;16,73;2,611;10,27;1,138;10,11;0,247;10,0;2,033;21,469;0,54;29,107;3,4;5,502;0,57;2,905;1,47;954,657;1,0;"";"";18,719;2,55;57,6;10,25;"";"";13,0;20,0;13,0;"";"";"";"";"";"";"";"";"";"";"";"";"";"";"";"";"";"";"";"";"";"";"";"";"";"";"";"";"";"";"";"";"";"";"";"";"";"";"";"";"";"";"";"";"";"";"";"";"";"";"";"";"";"";"";"";"";"";"";"";"";"";"";"";""
03.12.2022 18:40:30;1670089230000;880f01e687e2572cea04e80fc6a68085;426080;OK;1794;0;0;0;0;-0,02;-20,78;0;0;606;714;"";194,35;29,15;529,409;65,88;20,897;0,82;1,542;0,22;10,074;1,64;8,507;11,0;10,888;11,0;11,956;11,01;1279,857;134,53;404,868;49,42;58,21;15,74;3,253;10,25;0,8450001;10,01;0,026;10,0;2,09;21,458;0,54;29,108;3,4;5,498;0,57;2,897;1,47;954,635;1,0;"";"";18,708;2,55;58,045;10,28;"";"";13,0;20,0;13,0;"";"";"";"";"";"";"";"";"";"";"";"";"";"";"";"";"";"";"";"";"";"";"";"";"";"";"";"";"";"";"";"";"";"";"";"";"";"";"";"";"";"";"";"";"";"";"";"";"";"";"";"";"";"";"";"";"";"";"";"";"";"";"";"";""
03.12.2022 18:42:31;1670089351000;880f01e687e2572cea04e80fc6a68085;426200;OK;1798;0;0;0;0;-0,02;-17,7;0;0;651;713;"";192,285;28,84;530,431;65,91001;20,901;0,82;1,541;0,22;9,999;1,65;7,4;11,0;10,807;11,0;11,856;11,0;1274,658;134,0;402,724;49,16;56,479;15,53;1,935;10,21;0,886;10,04;0,003;10,0;2,178;21,452;0,54;29,108;3,4;5,496;0,57;2,891;1,47;954,629;1,0;"";"";18,736;2,55;58,509;10,3;"";"";13,0;20,0;13,0;"";"";"";"";"";"";"";"";"";"";"";"";"";"";"";"";"";"";"";"";"";"";"";"";"";"";"";"";"";"";"";"";"";"";"";"";"";"";"";"";"";"";"";"";"";"";"";"";"";"";"";"";"";"";"";"";"";"";"";"";"";"";"";"";""
03.12.2022 18:44:31;1670089471000;880f01e687e2572cea04e80fc6a68085;426320;OK;1797;0;0;0;0;-0,02;-7,22;0;0;630;715;"";191,967;28,79;527,974;65,84;20,899;0,82;1,542;0,22;9,988;1,65;7,901;11,0;11,401;11,0;12,721;11,03;1260,934;132,72;395,026;48,47;53,924;15,29;4,257;10,36;1,761;10,08;0,338;10,0;2,264;21,446;0,54;29,109;3,4;5,494;0,57;2,886;1,47;954,668;1,0;"";"";18,712;2,55;59,131;10,33;"";"";13,0;20,0;13,0;"";"";"";"";"";"";"";"";"";"";"";"";"";"";"";"";"";"";"";"";"";"";"";"";"";"";"";"";"";"";"";"";"";"";"";"";"";"";"";"";"";"";"";"";"";"";"";"";"";"";"";"";"";"";"";"";"";"";"";"";"";"";"";"";""
03.12.2022 18:46:31;1670089591000;880f01e687e2572cea04e80fc6a68085;426441;OK;1783;0;0;0;0;-0,06;-7,1;0;0;623;715;"";184,809;27,72;526,727;65,8;20,9;0,82;1,542;0,22;9,895;1,65;8,092;11,0;11,027;11,0;13,127;11,08;1280,232;134,62;403,469;49,24;51,424;15,03;3,905;10,49;2,73;10,31;1,785;10,18;2,713;21,442;0,54;29,011;3,41;5,475;0,57;2,835;1,48;954,688;1,0;"";"";18,658;2,55;59,413;10,35;"";"";13,0;20,0;13,0;"";"";"";"";"";"";"";"";"";"";"";"";"";"";"";"";"";"";"";"";"";"";"";"";"";"";"";"";"";"";"";"";"";"";"";"";"";"";"";"";"";"";"";"";"";"";"";"";"";"";"";"";"";"";"";"";"";"";"";"";"";"";"";"";""
03.12.2022 18:48:32;1670089712000;880f01e687e2572cea04e80fc6a68085;426561;OK;1796;0;0;0;0;-0,05;-12,65;0;0;660;717;"";185,729;27,86;524,926;65,75;20,897;0,82;1,543;0,22;9,864;1,65;7,187;10,97;9,302;11,0;11,196;11,01;1180,865;124,9;369,283;45,87;47,504;14,63;2,748;10,18;2,159;10,16;0,771;10,08;2,748;21,437;0,54;29,067;3,41;5,484;0,57;2,858;1,47;954,658;1,0;"";"";18,806;2,55;59,646;10,36;"";"";13,0;20,0;13,0;"";"";"";"";"";"";"";"";"";"";"";"";"";"";"";"";"";"";"";"";"";"";"";"";"";"";"";"";"";"";"";"";"";"";"";"";"";"";"";"";"";"";"";"";"";"";"";"";"";"";"";"";"";"";"";"";"";"";"";"";"";"";"";"";""
03.12.2022 18:50:33;1670089833000;880f01e687e2572cea04e80fc6a68085;426682;OK;1796;0;0;0;0;-0,03;-18,27;0;0;624;720;"";186,571;27,99;522,272;65,67;20,897;0,82;1,542;0,22;9,821;1,65;8,045;11,0;11,288;11,0;13,588;11,17;1297,315;136,28;408,191;49,76;60,589;15,96;6,287;10,58;3,92;10,38;0,437;10,01;2,806;21,431;0,54;29,057;3,41;5,48;0,57;2,849;1,47;954,643;1,0;"";"";18,848;2,54;60,106;10,38;"";"";13,0;20,0;13,0;"";"";"";"";"";"";"";"";"";"";"";"";"";"";"";"";"";"";"";"";"";"";"";"";"";"";"";"";"";"";"";"";"";"";"";"";"";"";"";"";"";"";"";"";"";"";"";"";"";"";"";"";"";"";"";"";"";"";"";"";"";"";"";"";""
03.12.2022 18:52:34;1670089954000;880f01e687e2572cea04e80fc6a68085;426803;OK;1804;0;0;0;0;0,01;-18,76;0;0;630;721;"";185,496;27,82;520,918;65,63;20,896;0,82;1,542;0,22;9,775;1,66;7,903;11,0;10,286;11,0;11,394;11,06;1205,664;127,38;376,424;46,63;49,582;14,86;1,545;10,15;1,279;10,13;0,294;10,0;2,071;21,424;0,54;29,053;3,41;5,477;0,57;2,841;1,47;954,618;1,0;"";"";18,799;2,55;60,805;10,42;"";"";13,0;20,0;13,0;"";"";"";"";"";"";"";"";"";"";"";"";"";"";"";"";"";"";"";"";"";"";"";"";"";"";"";"";"";"";"";"";"";"";"";"";"";"";"";"";"";"";"";"";"";"";"";"";"";"";"";"";"";"";"";"";"";"";"";"";"";"";"";"";""
03.12.2022 18:54:34;1670090074000;880f01e687e2572cea04e80fc6a68085;426922;OK;1804;0;0;0;0;-0,05;-4,54;0;0;626;718;"";184,416;27,66;524,001;65,72;20,896;0,82;1,542;0,22;9,752;1,66;8,012;11,0;10,104;11,0;11,31;11,01;1246,347;131,25;393,887;48,32;47,727;14,67;2,386;10,09;1,539;10,02;0,031;10,0;2,207;21,417;0,54;29,019;3,41;5,468;0,57;2,817;1,48;954,585;1,0;"";"";18,774;2,55;61,205;10,44;"";"";13,0;20,0;13,0;"";"";"";"";"";"";"";"";"";"";"";"";"";"";"";"";"";"";"";"";"";"";"";"";"";"";"";"";"";"";"";"";"";"";"";"";"";"";"";"";"";"";"";"";"";"";"";"";"";"";"";"";"";"";"";"";"";"";"";"";"";"";"";"";""
03.12.2022 18:56:34;1670090194000;880f01e687e2572cea04e80fc6a68085;427043;OK;1811;0;0;0;0;-0,02;-0,85;0;0;622;722;"";184,942;27,74;520,989;65,63;20,895;0,82;1,541;0,22;9,861;1,65;8,094;11,0;10,442;11,0;11,106;11,0;1252,101;131,78;391,924;48,1;47,082;14,67;2,531;10,18;0,599;10,0;0,003;10,0;1,783;21,409;0,54;29,079;3,41;5,477;0,57;2,84;1,47;954,593;1,0;"";"";18,886;2,54;61,448;10,45;"";"";13,0;20,0;13,0;"";"";"";"";"";"";"";"";"";"";"";"";"";"";"";"";"";"";"";"";"";"";"";"";"";"";"";"";"";"";"";"";"";"";"";"";"";"";"";"";"";"";"";"";"";"";"";"";"";"";"";"";"";"";"";"";"";"";"";"";"";"";"";"";""
03.12.2022 18:58:34;1670090314000;880f01e687e2572cea04e80fc6a68085;427163;OK;1814;0;0;0;0;0,02;-3,1;0;0;657;722;"";184,196;27,63;521,443;65,64;20,895;0,82;1,542;0,22;9,834;1,65;7,267;11,0;9,74;11,0;11,171;11,07;1184,068;125,14;370,019;46,0;46,225;14,5;2,594;10,16;1,661;10,09;0,143;10,0;2,387;21,405;0,54;29,116;3,41;5,483;0,57;2,855;1,47;954,58;1,0;"";"";18,939;2,54;62,37;10,5;"";"";13,0;20,0;13,0;"";"";"";"";"";"";"";"";"";"";"";"";"";"";"";"";"";"";"";"";"";"";"";"";"";"";"";"";"";"";"";"";"";"";"";"";"";"";"";"";"";"";"";"";"";"";"";"";"";"";"";"";"";"";"";"";"";"";"";"";"";"";"";"";""
03.12.2022 19:00:35;1670090435000;880f01e687e2572cea04e80fc6a68085;427284;OK;1797;0;0;0;0;-0,01;-14,89;0;0;619;724;"";180,95;27,14;518,228;65,55;20,896;0,82;1,541;0,22;9,78;1,66;8,192;11,0;10,397;11,0;11,219;11,01;1269,47;133,52;398,52;48,79;49,333;14,77;1,649;10,08;1,215;10,08;0,015;10,0;1,931;21,396;0,54;29,019;3,41;5,462;0,57;2,799;1,48;954,562;1,0;"";"";18,813;2,55;63,043;10,53;"";"";13,0;20,0;13,0;"";"";"";"";"";"";"";"";"";"";"";"";"";"";"";"";"";"";"";"";"";"";"";"";"";"";"";"";"";"";"";"";"";"";"";"";"";"";"";"";"";"";"";"";"";"";"";"";"";"";"";"";"";"";"";"";"";"";"";"";"";"";"";"";""
03.12.2022 19:02:36;1670090556000;880f01e687e2572cea04e80fc6a68085;427405;OK;1799;0;0;0;0;-0,07;-10,62;0;0;594;725;"";179,09;26,86;517,307;65,52;20,898;0,82;1,541;0,22;9,709;1,66;8,813;11,0;11,71;11,0;12,6;11,0;1322,435;138,68;419,564;50,9;58,555;15,64;1,815;10,03;0,859;10,02;0,242;10,0;1,962;21,389;0,54;29,007;3,41;5,457;0,57;2,787;1,48;954,549;1,0;"";"";18,774;2,55;63,385;10,55;"";"";13,0;20,0;13,0;"";"";"";"";"";"";"";"";"";"";"";"";"";"";"";"";"";"";"";"";"";"";"";"";"";"";"";"";"";"";"";"";"";"";"";"";"";"";"";"";"";"";"";"";"";"";"";"";"";"";"";"";"";"";"";"";"";"";"";"";"";"";"";"";""
03.12.2022 19:04:37;1670090677000;880f01e687e2572cea04e80fc6a68085;427526;OK;1795;0;0;0;0;-0,07;-17,99;0;0;640;726;"";178,286;26,74;515,949;65,48;20,902;0,82;1,542;0,22;9,685;1,66;7,687;10,98;9,418;11,0;10,863;11,0;1197,014;126,47;372,526;46,27;40,48;13,96;2,554;10,15;1,989;10,15;0,025;10,0;2,396;21,384;0,54;29,006;3,41;5,456;0,57;2,783;1,48;954,64;1,0;"";"";18,787;2,55;63,99;10,58;"";"";13,0;20,0;13,0;"";"";"";"";"";"";"";"";"";"";"";"";"";"";"";"";"";"";"";"";"";"";"";"";"";"";"";"";"";"";"";"";"";"";"";"";"";"";"";"";"";"";"";"";"";"";"";"";"";"";"";"";"";"";"";"";"";"";"";"";"";"";"";"";""
03.12.2022 19:06:36;1670090796000;880f01e687e2572cea04e80fc6a68085;427645;OK;1804;0;0;0;0;-0,02;-2,76;0;0;608;724;"";179,243;26,89;518,065;65,54;20,896;0,82;1,542;0,22;9,685;1,66;8,454;11,0;11,163;11,0;12,563;11,04;1352,616;141,67;423,529;51,13;48,739;14,83;4,095;10,45;2,317;10,27;0,003;10,0;2,28;21,378;0,54;29,006;3,41;5,454;0,57;2,778;1,48;954,646;1,0;"";"";18,907;2,54;64,672;10,61;"";"";13,0;20,0;13,0;"";"";"";"";"";"";"";"";"";"";"";"";"";"";"";"";"";"";"";"";"";"";"";"";"";"";"";"";"";"";"";"";"";"";"";"";"";"";"";"";"";"";"";"";"";"";"";"";"";"";"";"";"";"";"";"";"";"";"";"";"";"";"";"";""
03.12.2022 19:08:37;1670090917000;880f01e687e2572cea04e80fc6a68085;427766;OK;1796;0;0;0;0;-0,01;-3,39;0;0;633;727;"";178,036;26,71;515,298;65,46;20,895;0,82;1,541;0,22;9,705;1,66;7,826;11,0;9,578;11,0;9,864;11,0;1204,632;127,17;380,913;47,09;43,243;14,25;1,891;10,2;0,377;10,03;0,0;10,0;1,476;21,372;0,54;29,006;3,41;5,452;0,57;2,772;1,48;954,6249;1,0;"";"";18,827;2,54;65,348;10,65;"";"";13,0;20,0;13,0;"";"";"";"";"";"";"";"";"";"";"";"";"";"";"";"";"";"";"";"";"";"";"";"";"";"";"";"";"";"";"";"";"";"";"";"";"";"";"";"";"";"";"";"";"";"";"";"";"";"";"";"";"";"";"";"";"";"";"";"";"";"";"";"";""
03.12.2022 19:10:37;1670091037000;880f01e687e2572cea04e80fc6a68085;427887;OK;1784;0;0;0;0;-0,01;-3,64;0;0;622;728;"";178,542;26,78;513,922;65,42;20,902;0,82;1,542;0,22;9,679;1,66;8,097;11,0;10,627;11,0;10,928;11,0;1195,58;126,32;378,853;46,85;51,225;15,02;1,187;10,12;0,683;10,04;0,1;10,0;1,56;21,367;0,54;29,006;3,41;5,45;0,57;2,769;1,48;954,6;1,0;"";"";18,9;2,54;65,957;10,68;"";"";13,0;20,0;13,0;"";"";"";"";"";"";"";"";"";"";"";"";"";"";"";"";"";"";"";"";"";"";"";"";"";"";"";"";"";"";"";"";"";"";"";"";"";"";"";"";"";"";"";"";"";"";"";"";"";"";"";"";"";"";"";"";"";"";"";"";"";"";"";"";""
03.12.2022 19:12:38;1670091158000;880f01e687e2572cea04e80fc6a68085;428007;OK;1794;0;0;0;0;-0,02;-16,61;0;0;646;730;"";175,736;26,36;511,887;65,36;20,9;0,82;1,542;0,22;9,657;1,66;7,518;11,0;9,383;11,0;10,343;11,01;1145,762;121,47;362,327;45,29;45,951;14,58;1,324;10,05;1,189;10,04;0,121;10,0;2,046;21,358;0,54;29,007;3,41;5,448;0,57;2,761;1,48;954,585;1,0;"";"";18,929;2,54;66,303;10,7;"";"";13,0;20,0;13,0;"";"";"";"";"";"";"";"";"";"";"";"";"";"";"";"";"";"";"";"";"";"";"";"";"";"";"";"";"";"";"";"";"";"";"";"";"";"";"";"";"";"";"";"";"";"";"";"";"";"";"";"";"";"";"";"";"";"";"";"";"";"";"";"";""
03.12.2022 19:14:39;1670091279000;880f01e687e2572cea04e80fc6a68085;428128;OK;1796;0;0;0;0;-0,02;-13,71;0;0;579;732;"";174,9;26,24;510,379;65,31;20,897;0,82;1,541;0,22;9,663;1,66;9,213;11,0;10,838;11,0;12,178;11,0;1323,61;138,84;417,325;50,56;41,237;14,04;1,798;10,02;1,784;10,02;1,137;10,0;2,108;21,35;0,54;29,007;3,41;5,445;0,57;2,755;1,48;954,583;1,0;"";"";18,926;2,54;66,66101;10,71;"";"";13,0;20,0;13,0;"";"";"";"";"";"";"";"";"";"";"";"";"";"";"";"";"";"";"";"";"";"";"";"";"";"";"";"";"";"";"";"";"";"";"";"";"";"";"";"";"";"";"";"";"";"";"";"";"";"";"";"";"";"";"";"";"";"";"";"";"";"";"";"";""
03.12.2022 19:16:40;1670091400000;880f01e687e2572cea04e80fc6a68085;428249;OK;1804;0;0;0;0;-0,02;-13,39;0;0;634;733;"";174,318;26,15;509,226;65,28;20,899;0,82;1,541;0,22;9,602;1,66;7,806;11,0;11,422;11,0;12,47;11,02;1255,966;132,25;400,046;48,84;58,53;15,65;3,375;10,36;1,851;10,16;0,27;10,0;2,098;21,345;0,54;29,007;3,41;5,443;0,57;2,75;1,48;954,568;1,0;"";"";18,931;2,54;67,129;10,74;"";"";13,0;20,0;13,0;"";"";"";"";"";"";"";"";"";"";"";"";"";"";"";"";"";"";"";"";"";"";"";"";"";"";"";"";"";"";"";"";"";"";"";"";"";"";"";"";"";"";"";"";"";"";"";"";"";"";"";"";"";"";"";"";"";"";"";"";"";"";"";"";""
03.12.2022 19:18:39;1670091519000;880f01e687e2572cea04e80fc6a68085;428368;OK;1798;0;0;0;0;-0,02;-4,33;0;0;617;731;"";174,981;26,25;510,841;65,33;20,903;0,82;1,541;0,22;9,553;1,67;8,23;11,0;11,569;11,0;13,049;11,0;1259,432;132,57;403,517;49,31;65,461;16,36;3,279;10,22;2,618;10,17;0,029;10,0;2,385;21,34;0,54;29,008;3,41;5,442;0,57;2,746;1,48;954,546;1,0;"";"";18,913;2,54;67,951;10,78;"";"";13,0;20,0;13,0;"";"";"";"";"";"";"";"";"";"";"";"";"";"";"";"";"";"";"";"";"";"";"";"";"";"";"";"";"";"";"";"";"";"";"";"";"";"";"";"";"";"";"";"";"";"";"";"";"";"";"";"";"";"";"";"";"";"";"";"";"";"";"";"";""
03.12.2022 19:20:40;1670091640000;880f01e687e2572cea04e80fc6a68085;428489;OK;1818;0;0;0;0;-0,04;-7,05;0;0;645;735;"";170,523;25,58;506,891;65,21;20,901;0,82;1,541;0,22;9,48;1,67;7,544;11,0;10,875;11,05;12,417;11,14;1176,145;124,49;374,873;46,41;63,507;16,21;5,219;10,53;2,384;10,17;0,818;10,0;2,464;21,334;0,54;28,968;3,41;5,433;0,57;2,721;1,48;954,554;1,0;"";"";18,878;2,54;68,818;10,82;"";"";13,0;20,0;13,0;"";"";"";"";"";"";"";"";"";"";"";"";"";"";"";"";"";"";"";"";"";"";"";"";"";"";"";"";"";"";"";"";"";"";"";"";"";"";"";"";"";"";"";"";"";"";"";"";"";"";"";"";"";"";"";"";"";"";"";"";"";"";"";"";""
03.12.2022 19:22:40;1670091760000;880f01e687e2572cea04e80fc6a68085;428608;OK;1812;0;0;0;0;-0,06;-6,66;0;0;633;734;"";170,502;25,58;506,763;65,2;20,895;0,82;1,541;0,22;9,416;1,67;7,827;11,0;10,416;11,01;11,526;11,01;1247,628;131,4;394,604;48,36;50,089;14,86;1,467;10,08;1,164;10,04;0,282;10,0;2,18;21,327;0,54;28,917;3,41;5,421;0,57;2,69;1,48;954,58;1,0;"";"";18,947;2,54;69,577;10,86;"";"";13,0;20,0;13,0;"";"";"";"";"";"";"";"";"";"";"";"";"";"";"";"";"";"";"";"";"";"";"";"";"";"";"";"";"";"";"";"";"";"";"";"";"";"";"";"";"";"";"";"";"";"";"";"";"";"";"";"";"";"";"";"";"";"";"";"";"";"";"";"";""
03.12.2022 19:24:42;1670091882000;880f01e687e2572cea04e80fc6a68085;428731;OK;1791;0;0;0;0;-0,02;-10,13;0;0;613;735;"";169,826;25,47;506,926;65,21;20,903;0,82;1,542;0,22;9,354;1,68;8,336;11,0;10,281;11,0;10,724;11,0;1305,099;136,96;407,316;49,56;37,851;13,72;1,09;10,03;0,254;10,0;0,028;10,0;1,616;21,322;0,54;28,996;3,41;5,434;0,57;2,725;1,48;954,566;1,0;"";"";18,997;2,54;70,205;10,89;"";"";13,0;20,0;13,0;"";"";"";"";"";"";"";"";"";"";"";"";"";"";"";"";"";"";"";"";"";"";"";"";"";"";"";"";"";"";"";"";"";"";"";"";"";"";"";"";"";"";"";"";"";"";"";"";"";"";"";"";"";"";"";"";"";"";"";"";"";"";"";"";""
03.12.2022 19:26:42;1670092002000;880f01e687e2572cea04e80fc6a68085;428850;OK;1811;0;0;0;0;0,0;-0,94;0;0;625;734;"";169,829;25,47;507,684;65,23;20,901;0,82;1,542;0,22;9,418;1,67;8,052;11,0;9,745;11,0;10,787;11,06;1193,381;126,08;378,2;46,77;38,996;13,85;1,587;10,05;1,208;10,05;0,143;10,0;2,037;21,313;0,54;28,969;3,41;5,426;0,57;2,704;1,48;954,531;1,0;"";"";18,929;2,54;70,438;10,91;"";"";13,0;20,0;13,0;"";"";"";"";"";"";"";"";"";"";"";"";"";"";"";"";"";"";"";"";"";"";"";"";"";"";"";"";"";"";"";"";"";"";"";"";"";"";"";"";"";"";"";"";"";"";"";"";"";"";"";"";"";"";"";"";"";"";"";"";"";"";"";"";""
03.12.2022 19:28:42;1670092122000;880f01e687e2572cea04e80fc6a68085;428971;OK;1795;0;0;0;0;-0,04;-4,22;0;0;621;737;"";169,308;25,4;504,432;65,13;20,9;0,82;1,541;0,22;9,381;1,67;8,157;11,0;11,171;11,05;12,838;11,08;1295,513;136,08;408,947;49,77;56,034;15,45;4,101;10,44;2,573;10,21;0,015;10,0;2,456;21,3;0,54;28,92;3,41;5,413;0,57;2,669;1,48;954,549;1,0;"";"";18,948;2,54;70,711;10,92;"";"";13,0;20,0;13,0;"";"";"";"";"";"";"";"";"";"";"";"";"";"";"";"";"";"";"";"";"";"";"";"";"";"";"";"";"";"";"";"";"";"";"";"";"";"";"";"";"";"";"";"";"";"";"";"";"";"";"";"";"";"";"";"";"";"";"";"";"";"";"";"";""
03.12.2022 19:30:42;1670092242000;880f01e687e2572cea04e80fc6a68085;429091;OK;1799;0;0;0;0;-0,09;-8,9;0;0;640;738;"";166,082;24,91;503,17;65,1;20,902;0,82;1,541;0,22;9,327;1,68;7,679;11,0;11,214;11,01;12,259;11,02;1251,172;131,75;392,312;48,19;60,468;15,88;3,178;10,36;1,729;10,11;0,002;10,0;2,152;21,292;0,54;28,887;3,41;5,404;0,57;2,646;1,48;954,567;1,0;"";"";18,848;2,54;71,494;10,96;"";"";13,0;20,0;13,0;"";"";"";"";"";"";"";"";"";"";"";"";"";"";"";"";"";"";"";"";"";"";"";"";"";"";"";"";"";"";"";"";"";"";"";"";"";"";"";"";"";"";"";"";"";"";"";"";"";"";"";"";"";"";"";"";"";"";"";"";"";"";"";"";""
03.12.2022 19:32:42;1670092362000;880f01e687e2572cea04e80fc6a68085;429211;OK;1785;0;0;0;0;-0,04;-15,16;0;0;655;739;"";168,541;25,28;502,224;65,07;20,897;0,82;1,542;0,22;9,352;1,68;7,308;10,99;9,598;11,0;11,315;11,0;1148,441;121,74;357,685;44,78;48,548;14,72;3,934;10,31;2,295;10,18;0,758;10,0;2,628;21,288;0,54;28,918;3,41;5,409;0,57;2,657;1,48;954,5239;1,0;"";"";18,84;2,54;72,45;11,01;"";"";13,0;20,0;13,0;"";"";"";"";"";"";"";"";"";"";"";"";"";"";"";"";"";"";"";"";"";"";"";"";"";"";"";"";"";"";"";"";"";"";"";"";"";"";"";"";"";"";"";"";"";"";"";"";"";"";"";"";"";"";"";"";"";"";"";"";"";"";"";"";""
03.12.2022 19:34:41;1670092481000;880f01e687e2572cea04e80fc6a68085;429330;OK;1790;0;0;0;0;0,0;-8,96;0;0;642;740;"";167,528;25,13;501,23;65,04;20,899;0,82;1,541;0,22;9,352;1,68;7,597;11,0;11,062;11,0;12,163;11,07;1230,129;129,68;388,07;47,74;55,79;15,49;3,939;10,27;1,336;10,02;0,081;10,0;2,185;21,285;0,54;28,931;3,41;5,41;0,57;2,66;1,48;954,523;1,0;"";"";18,969;2,54;73,166;11,04;"";"";13,0;20,0;13,0;"";"";"";"";"";"";"";"";"";"";"";"";"";"";"";"";"";"";"";"";"";"";"";"";"";"";"";"";"";"";"";"";"";"";"";"";"";"";"";"";"";"";"";"";"";"";"";"";"";"";"";"";"";"";"";"";"";"";"";"";"";"";"";"";""
03.12.2022 19:36:43;1670092603000;880f01e687e2572cea04e80fc6a68085;429453;OK;1788;0;0;0;0;-0,01;0,06;0;0;621;739;"";165,395;24,81;502,379;65,07;20,897;0,82;1,542;0,22;9,335;1,68;8,127;11,0;10,008;11,0;10,622;11,01;1271,904;133,75;398,784;48,79;45,766;14,43;0,985;10,11;0,725;10,08;0,008;10,0;1,69;21,278;0,54;28,893;3,41;5,401;0,57;2,637;1,48;954,486;1,0;"";"";18,969;2,54;73,843;11,08;"";"";13,0;20,0;13,0;"";"";"";"";"";"";"";"";"";"";"";"";"";"";"";"";"";"";"";"";"";"";"";"";"";"";"";"";"";"";"";"";"";"";"";"";"";"";"";"";"";"";"";"";"";"";"";"";"";"";"";"";"";"";"";"";"";"";"";"";"";"";"";"";""
03.12.2022 19:38:43;1670092723000;880f01e687e2572cea04e80fc6a68085;429572;OK;1794;0;0;0;0;-0,03;-5,08;0;0;612;741;"";164,825;24,72;499,788;64,99;20,901;0,82;1,541;0,22;9,336;1,68;8,371;11,0;11,269;11,0;12,269;11,06;1288,624;135,38;408,314;49,69;63,747;16,19;1,594;10,1;1,419;10,09;0,149;10,0;2,014;21,27;0,54;28,899;3,41;5,4;0,56;2,633;1,48;954,46;1,0;"";"";18,989;2,54;74,462;11,11;"";"";13,0;20,0;13,0;"";"";"";"";"";"";"";"";"";"";"";"";"";"";"";"";"";"";"";"";"";"";"";"";"";"";"";"";"";"";"";"";"";"";"";"";"";"";"";"";"";"";"";"";"";"";"";"";"";"";"";"";"";"";"";"";"";"";"";"";"";"";"";"";""
03.12.2022 19:40:44;1670092844000;880f01e687e2572cea04e80fc6a68085;429693;OK;1805;0;0;0;0;-0,03;-6,79;0;0;616;741;"";164,878;24,73;500,094;65,0;20,902;0,82;1,542;0,22;9,347;1,68;8,268;11,0;11,373;11,0;13,302;11,26;1293,979;135,89;407,999;49,69;64,359;16,27;4,394;10,37;2,575;10,21;0,8690001;10,0;2,627;21,261;0,54;28,899;3,41;5,397;0,56;2,625;1,48;954,4439;1,0;"";"";18,976;2,54;75,358;11,16;"";"";13,0;20,0;13,0;"";"";"";"";"";"";"";"";"";"";"";"";"";"";"";"";"";"";"";"";"";"";"";"";"";"";"";"";"";"";"";"";"";"";"";"";"";"";"";"";"";"";"";"";"";"";"";"";"";"";"";"";"";"";"";"";"";"";"";"";"";"";"";"";""
03.12.2022 19:42:43;1670092963000;880f01e687e2572cea04e80fc6a68085;429812;OK;1810;0;0;0;0;-0,0;-14,0;0;0;653;744;"";163,599;24,54;497,63;64,93;20,902;0,82;1,541;0,22;9,361;1,68;7,349;11,0;10,096;11,0;11,203;11,05;1210,341;127,79;386,056;47,53;52,703;15,12;2,059;10,17;1,28;10,08;0,093;10,0;2,206;21,256;0,54;28,938;3,41;5,403;0,56;2,64;1,48;954,442;1,0;"";"";19,06;2,53;75,988;11,19;"";"";13,0;20,0;13,0;"";"";"";"";"";"";"";"";"";"";"";"";"";"";"";"";"";"";"";"";"";"";"";"";"";"";"";"";"";"";"";"";"";"";"";"";"";"";"";"";"";"";"";"";"";"";"";"";"";"";"";"";"";"";"";"";"";"";"";"";"";"";"";"";""
03.12.2022 19:44:44;1670093084000;880f01e687e2572cea04e80fc6a68085;429933;OK;1808;0;0;0;0;-0,0;-10,53;0;0;631;745;"";163,223;24,48;496,735;64,9;20,902;0,82;1,541;0,22;9,258;1,68;7,892;11,0;11,409;11,0;12,072;11,02;1309,754;137,39;404,024;49,35;55,308;15,43;3,075;10,31;0,734;10,01;0,01;10,0;1,892;21,251;0,54;28,912;3,41;5,396;0,56;2,623;1,48;954,4169;1,0;"";"";19,025;2,53;76,513;11,21;"";"";13,0;20,0;13,0;"";"";"";"";"";"";"";"";"";"";"";"";"";"";"";"";"";"";"";"";"";"";"";"";"";"";"";"";"";"";"";"";"";"";"";"";"";"";"";"";"";"";"";"";"";"";"";"";"";"";"";"";"";"";"";"";"";"";"";"";"";"";"";"";""
03.12.2022 19:46:44;1670093204000;880f01e687e2572cea04e80fc6a68085;430053;OK;1804;0;0;0;0;-0,03;-12,12;0;0;601;745;"";160,753;24,11;496,453;64,89;20,899;0,82;1,541;0,22;9,284;1,68;8,646;11,0;10,886;11,0;12,461;11,03;1325,807;139,01;408,683;49,77;50,585;14,96;3,477;10,33;2,221;10,19;0,424;10,0;2,351;21,246;0,54;28,887;3,41;5,39;0,56;2,605;1,48;954,408;1,0;"";"";18,914;2,54;77,24401;11,25;"";"";13,0;20,0;13,0;"";"";"";"";"";"";"";"";"";"";"";"";"";"";"";"";"";"";"";"";"";"";"";"";"";"";"";"";"";"";"";"";"";"";"";"";"";"";"";"";"";"";"";"";"";"";"";"";"";"";"";"";"";"";"";"";"";"";"";"";"";"";"";"";""
03.12.2022 19:48:45;1670093325000;880f01e687e2572cea04e80fc6a68085;430174;OK;1788;0;0;0;0;-0,04;-0,85;0;0;611;744;"";161,184;24,18;497,048;64,91001;20,902;0,82;1,54;0,22;9,278;1,68;8,387;11,0;10,905;11,0;11,945;11,02;1260,702;132,52;398,086;48,72;61,433;15,99;1,703;10,03;1,574;10,02;0,044;10,0;2,07;21,239;0,54;28,884;3,41;5,387;0,56;2,598;1,48;954,418;1,0;"";"";18,942;2,54;77,977;11,29;"";"";13,0;20,0;13,0;"";"";"";"";"";"";"";"";"";"";"";"";"";"";"";"";"";"";"";"";"";"";"";"";"";"";"";"";"";"";"";"";"";"";"";"";"";"";"";"";"";"";"";"";"";"";"";"";"";"";"";"";"";"";"";"";"";"";"";"";"";"";"";"";""
03.12.2022 19:50:46;1670093446000;880f01e687e2572cea04e80fc6a68085;430294;OK;1802;0;0;0;0;-0,03;1,2;0;0;628;745;"";159,363;23,9;496,857;64,91001;20,9;0,82;1,54;0,22;9,193;1,68;7,962;11,0;9,626;11,0;11,647;11,0;1221,457;128,8;383,039;47,32;45,881;14,46;3,205;10,23;2,22;10,0;1,375;10,0;2,726;21,232;0,54;28,884;3,41;5,385;0,56;2,592;1,48;954,401;1,0;"";"";18,937;2,54;78,07;11,29;"";"";13,0;20,0;13,0;"";"";"";"";"";"";"";"";"";"";"";"";"";"";"";"";"";"";"";"";"";"";"";"";"";"";"";"";"";"";"";"";"";"";"";"";"";"";"";"";"";"";"";"";"";"";"";"";"";"";"";"";"";"";"";"";"";"";"";"";"";"";"";"";""
03.12.2022 19:52:47;1670093567000;880f01e687e2572cea04e80fc6a68085;430416;OK;1795;0;0;0;0;-0,02;1,27;0;0;602;745;"";162,016;24,3;496,97;64,91001;20,897;0,82;1,539;0,22;9,193;1,68;8,616;11,0;11,049;11,0;12,192;11,0;1328,774;139,31;420,925;51,0;46,706;14,58;1,926;10,09;1,295;10,0;0,306;10,0;2,139;21,224;0,54;28,887;3,41;5,383;0,56;2,587;1,48;954,404;1,0;"";"";19,005;2,53;78,222;11,3;"";"";13,0;20,0;13,0;"";"";"";"";"";"";"";"";"";"";"";"";"";"";"";"";"";"";"";"";"";"";"";"";"";"";"";"";"";"";"";"";"";"";"";"";"";"";"";"";"";"";"";"";"";"";"";"";"";"";"";"";"";"";"";"";"";"";"";"";"";"";"";"";""
03.12.2022 19:54:47;1670093687000;880f01e687e2572cea04e80fc6a68085;430536;OK;1806;0;0;0;0;-0,02;-10,44;0;0;598;749;"";158,409;23,76;492,829;64,78;20,897;0,82;1,539;0,22;9,163;1,68;8,713;11,0;11,747;11,0;13,096;11,0;1350,844;141,49;425,051;51,38;59,219;15,76;2,356;10,25;1,352;10,17;0,587;10,0;2,206;21,22;0,54;28,885;3,41;5,382;0,56;2,583;1,48;954,4189;1,0;"";"";18,939;2,54;78,75;11,33;"";"";13,0;20,0;13,0;"";"";"";"";"";"";"";"";"";"";"";"";"";"";"";"";"";"";"";"";"";"";"";"";"";"";"";"";"";"";"";"";"";"";"";"";"";"";"";"";"";"";"";"";"";"";"";"";"";"";"";"";"";"";"";"";"";"";"";"";"";"";"";"";""
03.12.2022 19:56:48;1670093808000;880f01e687e2572cea04e80fc6a68085;430657;OK;1789;0;0;0;0;-0,01;-7,96;0;0;602;747;"";157,158;23,57;494,707;64,84;20,897;0,82;1,54;0,22;9,176;1,68;8,61;11,0;10,708;11,0;11,427;11,0;1296,405;136,14;405,161;49,47;54,56;15,41;0,983;10,03;0,879;10,02;0,061;10,0;1,789;21,214;0,54;28,896;3,41;5,382;0,56;2,583;1,48;954,424;1,0;"";"";18,996;2,54;79,457;11,36;"";"";13,0;20,0;13,0;"";"";"";"";"";"";"";"";"";"";"";"";"";"";"";"";"";"";"";"";"";"";"";"";"";"";"";"";"";"";"";"";"";"";"";"";"";"";"";"";"";"";"";"";"";"";"";"";"";"";"";"";"";"";"";"";"";"";"";"";"";"";"";"";""
03.12.2022 19:58:48;1670093928000;880f01e687e2572cea04e80fc6a68085;430777;OK;1795;0;0;0;0;-0,01;-0,89;0;0;624;747;"";158,34;23,75;495,345;64,86;20,897;0,82;1,54;0,22;9,169;1,68;8,073;11,0;10,937;11,05;11,751;11,11;1300,986;136,51;403,335;49,22;55,586;15,41;2,235;10,12;0,947;10,03;0,092;10,0;1,94;21,206;0,54;28,887;3,41;5,377;0,56;2,571;1,48;954,4379;1,0;"";"";18,991;2,54;80,006;11,39;"";"";13,0;20,0;13,0;"";"";"";"";"";"";"";"";"";"";"";"";"";"";"";"";"";"";"";"";"";"";"";"";"";"";"";"";"";"";"";"";"";"";"";"";"";"";"";"";"";"";"";"";"";"";"";"";"";"";"";"";"";"";"";"";"";"";"";"";"";"";"";"";""
03.12.2022 20:00:49;1670094049000;880f01e687e2572cea04e80fc6a68085;430899;OK;1782;0;0;0;0;-0,02;-0,14;0;0;626;749;"";155,318;23,3;492,69;64,78;20,898;0,82;1,539;0,22;9,107;1,69;8,008;11,0;10,589;11,01;11,764;11,13;1217,874;128,51;381,335;47,1;49,065;14,89;2,256;10,19;1,072;10,12;0,487;10,0;2,088;21,197;0,54;28,886;3,41;5,375;0,56;2,563;1,48;954,462;1,0;"";"";19,065;2,53;80,662;11,43;"";"";13,0;20,0;13,0;"";"";"";"";"";"";"";"";"";"";"";"";"";"";"";"";"";"";"";"";"";"";"";"";"";"";"";"";"";"";"";"";"";"";"";"";"";"";"";"";"";"";"";"";"";"";"";"";"";"";"";"";"";"";"";"";"";"";"";"";"";"";"";"";""
03.12.2022 20:02:48;1670094168000;880f01e687e2572cea04e80fc6a68085;431017;OK;1782;0;0;0;0;-0,02;-13,11;0;0;644;751;"";153,263;22,99;490,732;64,72;20,896;0,82;1,54;0,22;9,071;1,69;7,573;11,0;10,307;11,0;11,819;11,02;1224,031;129,12;382,752;47,3;49,249;14,85;3,14;10,19;2,126;10,13;0,052;10,0;2,383;21,193;0,54;28,886;3,41;5,373;0,56;2,559;1,48;954,499;1,0;"";"";19,016;2,53;81,358;11,46;"";"";13,0;20,0;13,0;"";"";"";"";"";"";"";"";"";"";"";"";"";"";"";"";"";"";"";"";"";"";"";"";"";"";"";"";"";"";"";"";"";"";"";"";"";"";"";"";"";"";"";"";"";"";"";"";"";"";"";"";"";"";"";"";"";"";"";"";"";"";"";"";""
03.12.2022 20:04:49;1670094289000;880f01e687e2572cea04e80fc6a68085;431138;OK;1806;0;0;0;0;-0,0;-13,1;0;0;615;751;"";155,486;23,32;491,362;64,74;20,9;0,82;1,541;0,22;9,167;1,68;8,285;11,0;10,727;11,0;11,656;11,0;1263,984;132,91;396,414;48,57;56,932;15,56;2,989;10,16;1,175;10,01;0,105;10,0;1,998;21,187;0,54;28,929;3,41;5,38;0,56;2,576;1,48;954,5839;1,0;"";"";19,084;2,53;82,066;11,5;"";"";13,0;20,0;13,0;"";"";"";"";"";"";"";"";"";"";"";"";"";"";"";"";"";"";"";"";"";"";"";"";"";"";"";"";"";"";"";"";"";"";"";"";"";"";"";"";"";"";"";"";"";"";"";"";"";"";"";"";"";"";"";"";"";"";"";"";"";"";"";"";""
03.12.2022 20:06:50;1670094410000;880f01e687e2572cea04e80fc6a68085;431259;OK;1793;0;0;0;0;0,0;-1,4;0;0;624;750;"";154,561;23,18;491,097;64,73001;20,896;0,82;1,542;0,22;9,11;1,69;8,052;11,0;11,252;11,0;12,653;11,0;1335,671;139,97;415,089;50,36;63,622;16,13;2,788;10,2;1,797;10,11;0,094;10,0;2,349;21,184;0,54;28,9;3,41;5,373;0,56;2,558;1,48;954,59;1,0;"";"";19,121;2,53;82,78399;11,54;"";"";13,0;20,0;13,0;"";"";"";"";"";"";"";"";"";"";"";"";"";"";"";"";"";"";"";"";"";"";"";"";"";"";"";"";"";"";"";"";"";"";"";"";"";"";"";"";"";"";"";"";"";"";"";"";"";"";"";"";"";"";"";"";"";"";"";"";"";"";"";"";""
03.12.2022 20:08:50;1670094530000;880f01e687e2572cea04e80fc6a68085;431379;OK;1794;0;0;0;0;-0,01;-4,92;0;0;635;753;"";154,59;23,19;488,008;64,64;20,899;0,82;1,542;0,22;9,158;1,69;7,799;11,0;10,446;11,0;11,476;11,0;1266,219;133,22;397,873;48,71;49,097;14,81;2,471;10,07;1,379;10,04;0,206;10,0;2,134;21,18;0,54;28,898;3,41;5,371;0,56;2,554;1,48;954,563;1,0;"";"";19,132;2,53;83,809;11,59;"";"";13,0;20,0;13,0;"";"";"";"";"";"";"";"";"";"";"";"";"";"";"";"";"";"";"";"";"";"";"";"";"";"";"";"";"";"";"";"";"";"";"";"";"";"";"";"";"";"";"";"";"";"";"";"";"";"";"";"";"";"";"";"";"";"";"";"";"";"";"";"";""
03.12.2022 20:10:50;1670094650000;880f01e687e2572cea04e80fc6a68085;431499;OK;1802;0;0;0;0;-0,02;-10,28;0;0;620;753;"";152,866;22,93;488,822;64,66001;20,896;0,82;1,541;0,22;9,142;1,69;8,166;11,0;10,951;11,0;12,134;11,02;1277,053;134,22;398,975;48,83;60,203;15,88;2,456;10,14;1,388;10,02;0,104;10,0;2,2;21,175;0,54;28,899;3,41;5,37;0,56;2,551;1,48;954,5469;1,0;"";"";19,055;2,53;84,55001;11,63;"";"";13,0;20,0;13,0;"";"";"";"";"";"";"";"";"";"";"";"";"";"";"";"";"";"";"";"";"";"";"";"";"";"";"";"";"";"";"";"";"";"";"";"";"";"";"";"";"";"";"";"";"";"";"";"";"";"";"";"";"";"";"";"";"";"";"";"";"";"";"";"";""
03.12.2022 20:12:52;1670094772000;880f01e687e2572cea04e80fc6a68085;431621;OK;1804;0;0;0;0;-0,01;-2,75;0;0;591;752;"";151,792;22,77;490,548;64,72;20,902;0,82;1,54;0,22;9,065;1,69;8,899;11,0;11,59;11,0;12,356;11,0;1351,756;141,45;421,82;51,02;55,168;15,39;1,645;10,01;1,36;10,0;0,011;10,0;1,873;21,169;0,54;28,902;3,41;5,369;0,56;2,547;1,48;954,563;1,0;"";"";19,08;2,53;84,742;11,64;"";"";13,0;20,0;13,0;"";"";"";"";"";"";"";"";"";"";"";"";"";"";"";"";"";"";"";"";"";"";"";"";"";"";"";"";"";"";"";"";"";"";"";"";"";"";"";"";"";"";"";"";"";"";"";"";"";"";"";"";"";"";"";"";"";"";"";"";"";"";"";"";""
03.12.2022 20:14:51;1670094891000;880f01e687e2572cea04e80fc6a68085;431740;OK;1799;0;0;0;0;-0,01;3,43;0;0;619;753;"";149,828;22,47;488,631;64,66001;20,9;0,82;1,541;0,22;8,983;1,69;8,197;11,0;10,467;11,0;11,659;11,0;1299,66;136,41;405,537;49,48;45,395;14,43;1,69;10,16;1,66;10,15;0,001;10,0;2,147;21,164;0,54;28,9;3,41;5,367;0,56;2,541;1,48;954,5529;1,0;"";"";19,082;2,53;85,04901;11,65;"";"";13,0;20,0;13,0;"";"";"";"";"";"";"";"";"";"";"";"";"";"";"";"";"";"";"";"";"";"";"";"";"";"";"";"";"";"";"";"";"";"";"";"";"";"";"";"";"";"";"";"";"";"";"";"";"";"";"";"";"";"";"";"";"";"";"";"";"";"";"";"";""
03.12.2022 20:16:52;1670095012000;880f01e687e2572cea04e80fc6a68085;431861;OK;1805;0;0;0;0;-0,02;-4,39;0;0;629;756;"";146,999;22,05;486,159;64,58;20,899;0,82;1,541;0,22;9,062;1,69;7,95;11,0;10,809;11,0;12,956;11,08;1236,774;130,31;390,573;48,07;50,677;15,0;5,338;10,52;2,253;10,07;0,164;10,0;2,811;21,155;0,54;28,893;3,41;5,363;0,56;2,53;1,48;954,543;1,0;"";"";19,059;2,53;85,389;11,67;"";"";13,0;20,0;13,0;"";"";"";"";"";"";"";"";"";"";"";"";"";"";"";"";"";"";"";"";"";"";"";"";"";"";"";"";"";"";"";"";"";"";"";"";"";"";"";"";"";"";"";"";"";"";"";"";"";"";"";"";"";"";"";"";"";"";"";"";"";"";"";"";""
03.12.2022 20:18:52;1670095132000;880f01e687e2572cea04e80fc6a68085;431981;OK;1793;0;0;0;0;-0,02;-12,83;0;0;618;755;"";149,586;22,44;486,945;64,61;20,896;0,82;1,541;0,22;9,138;1,69;8,199;11,0;10,496;11,0;11,244;11,01;1215,405;128,22;382,843;47,25;48,269;14,76;1,984;10,09;1,219;10,01;0,017;10,0;1,9;21,15;0,54;28,902;3,41;5,363;0,56;2,53;1,48;954,523;1,0;"";"";19,118;2,53;85,928;11,7;"";"";13,0;20,0;13,0;"";"";"";"";"";"";"";"";"";"";"";"";"";"";"";"";"";"";"";"";"";"";"";"";"";"";"";"";"";"";"";"";"";"";"";"";"";"";"";"";"";"";"";"";"";"";"";"";"";"";"";"";"";"";"";"";"";"";"";"";"";"";"";"";""
03.12.2022 20:20:52;1670095252000;880f01e687e2572cea04e80fc6a68085;432100;OK;1809;0;0;0;0;-0,01;-7,11;0;0;625;756;"";148,986;22,35;486,326;64,59;20,893;0,82;1,541;0,22;9,235;1,68;8,034;11,0;11,526;11,0;12,674;11,09;1226,503;129,31;384,61;47,36;56,141;15,44;3,511;10,34;1,666;10,1;0,002;10,0;2,193;21,145;0,54;28,903;3,41;5,362;0,56;2,527;1,48;954,512;1,0;"";"";19,108;2,53;86,33;11,72;"";"";13,0;20,0;13,0;"";"";"";"";"";"";"";"";"";"";"";"";"";"";"";"";"";"";"";"";"";"";"";"";"";"";"";"";"";"";"";"";"";"";"";"";"";"";"";"";"";"";"";"";"";"";"";"";"";"";"";"";"";"";"";"";"";"";"";"";"";"";"";"";""
03.12.2022 20:22:53;1670095373000;880f01e687e2572cea04e80fc6a68085;432222;OK;1805;0;0;0;0;-0,01;-6,16;0;0;616;757;"";148,624;22,29;484,924;64,55;20,897;0,82;1,541;0,22;9,14;1,69;8,275;11,0;10,809;11,01;12,724;11,15;1315,402;137,87;413,724;50,23;55,816;15,46;3,911;10,2;2,498;10,05;0,178;10,0;2,583;21,135;0,54;28,904;3,41;5,359;0,56;2,518;1,48;954,4889;1,0;"";"";19,077;2,53;87,051;11,76;"";"";13,0;20,0;13,0;"";"";"";"";"";"";"";"";"";"";"";"";"";"";"";"";"";"";"";"";"";"";"";"";"";"";"";"";"";"";"";"";"";"";"";"";"";"";"";"";"";"";"";"";"";"";"";"";"";"";"";"";"";"";"";"";"";"";"";"";"";"";"";"";""
03.12.2022 20:24:55;1670095495000;880f01e687e2572cea04e80fc6a68085;432343;OK;1815;0;0;0;0;-0,02;-2,18;0;0;620;756;"";146,223;21,93;485,827;64,57;20,899;0,82;1,541;0,22;9,11;1,69;8,147;11,0;9,963;11,0;10,701;11,02;1247,65;131,35;391,902;48,15;46,425;14,52;1,07;10,06;0,924;10,05;0,018;10,0;1,814;21,127;0,54;28,904;3,41;5,356;0,56;2,512;1,48;954,466;1,0;"";"";19,09;2,53;87,687;11,79;"";"";13,0;20,0;13,0;"";"";"";"";"";"";"";"";"";"";"";"";"";"";"";"";"";"";"";"";"";"";"";"";"";"";"";"";"";"";"";"";"";"";"";"";"";"";"";"";"";"";"";"";"";"";"";"";"";"";"";"";"";"";"";"";"";"";"";"";"";"";"";"";""
03.12.2022 20:26:54;1670095614000;880f01e687e2572cea04e80fc6a68085;432463;OK;1819;0;0;0;0;-0,02;-8,45;0;0;619;759;"";144,699;21,7;482,307;64,47;20,9;0,82;1,542;0,22;9,12;1,69;8,189;11,0;10,16;11,0;11,091;11,0;1279,907;134,57;399,778;48,96;43,329;14,27;1,382;10,1;0,98;10,04;0,13;10,0;1,943;21,118;0,54;28,904;3,41;5,353;0,56;2,503;1,48;954,45;1,0;"";"";19,082;2,53;88,19;11,82;"";"";13,0;20,0;13,0;"";"";"";"";"";"";"";"";"";"";"";"";"";"";"";"";"";"";"";"";"";"";"";"";"";"";"";"";"";"";"";"";"";"";"";"";"";"";"";"";"";"";"";"";"";"";"";"";"";"";"";"";"";"";"";"";"";"";"";"";"";"";"";"";""
03.12.2022 20:28:53;1670095733000;880f01e687e2572cea04e80fc6a68085;432582;OK;1810;0;0;0;0;-0,02;-8,53;0;0;634;759;"";146,453;21,97;482,537;64,48;20,901;0,82;1,541;0,22;9,105;1,69;7,815;11,0;10,521;11,0;11,554;11,01;1291,285;135,63;406,477;49,53;57,372;15,65;1,863;10,02;1,235;10,0;0,014;10,0;2,123;21,114;0,54;28,899;3,41;5,351;0,56;2,498;1,48;954,437;1,0;"";"";19,09;2,53;88,39;11,83;"";"";13,0;20,0;13,0;"";"";"";"";"";"";"";"";"";"";"";"";"";"";"";"";"";"";"";"";"";"";"";"";"";"";"";"";"";"";"";"";"";"";"";"";"";"";"";"";"";"";"";"";"";"";"";"";"";"";"";"";"";"";"";"";"";"";"";"";"";"";"";"";""
03.12.2022 20:30:55;1670095855000;880f01e687e2572cea04e80fc6a68085;432704;OK;1799;0;0;0;0;-0,02;-9,57;0;0;624;760;"";144,814;21,72;482,349;64,47;20,899;0,82;1,541;0,22;9,119;1,69;8,056;11,0;10,851;11,0;12,134;11,0;1257,078;132,31;399,636;49,0;58,623;15,75;3,202;10,34;2,089;10,19;0,001;10,0;2,28;21,107;0,54;28,905;3,41;5,35;0,56;2,494;1,48;954,4479;1,0;"";"";19,133;2,53;88,904;11,85;"";"";13,0;20,0;13,0;"";"";"";"";"";"";"";"";"";"";"";"";"";"";"";"";"";"";"";"";"";"";"";"";"";"";"";"";"";"";"";"";"";"";"";"";"";"";"";"";"";"";"";"";"";"";"";"";"";"";"";"";"";"";"";"";"";"";"";"";"";"";"";"";""
03.12.2022 20:32:54;1670095974000;880f01e687e2572cea04e80fc6a68085;432823;OK;1804;0;0;0;0;-0,01;-0,72;0;0;657;760;"";145,629;21,84;482,324;64,47;20,9;0,82;1,541;0,22;9,145;1,69;7,274;11,0;8,932;11,0;9,692;11,0;1214,691;128,18;374,709;46,5;43,812;14,37;1,463;10,08;0,998;10,02;0,29;10,0;1,884;21,104;0,54;28,902;3,41;5,349;0,56;2,49;1,48;954,4069;1,0;"";"";19,123;2,53;89,618;11,89;"";"";13,0;20,0;13,0;"";"";"";"";"";"";"";"";"";"";"";"";"";"";"";"";"";"";"";"";"";"";"";"";"";"";"";"";"";"";"";"";"";"";"";"";"";"";"";"";"";"";"";"";"";"";"";"";"";"";"";"";"";"";"";"";"";"";"";"";"";"";"";"";""
03.12.2022 20:34:55;1670096095000;880f01e687e2572cea04e80fc6a68085;432944;OK;1796;0;0;0;0;-0,01;-2,78;0;0;648;760;"";146,583;21,99;481,805;64,45;20,899;0,82;1,541;0,22;9,165;1,68;7,493;11,0;10,309;11,0;10,834;11,0;1247,081;131,33;391,121;48,06;46,991;14,63;1,981;10,16;0,354;10,0;0,1;10,0;1,805;21,101;0,54;28,905;3,41;5,348;0,56;2,49;1,48;954,367;1,0;"";"";19,076;2,53;89,932;11,91;"";"";13,0;20,0;13,0;"";"";"";"";"";"";"";"";"";"";"";"";"";"";"";"";"";"";"";"";"";"";"";"";"";"";"";"";"";"";"";"";"";"";"";"";"";"";"";"";"";"";"";"";"";"";"";"";"";"";"";"";"";"";"";"";"";"";"";"";"";"";"";"";""
03.12.2022 20:36:56;1670096216000;880f01e687e2572cea04e80fc6a68085;433065;OK;1803;0;0;0;0;-0,01;-8,5;0;0;608;762;"";145,489;21,82;479,901;64,4;20,893;0,82;1,542;0,22;9,203;1,68;8,472;11,0;11,358;11,0;11,79;11,0;1314,727;137,87;414,782;50,37;53,795;15,28;1,35;10,05;0,638;10,04;0,174;10,0;1,664;21,095;0,54;28,906;3,41;5,346;0,56;2,484;1,48;954,377;1,0;"";"";19,108;2,53;90,32701;11,93;"";"";13,0;20,0;13,0;"";"";"";"";"";"";"";"";"";"";"";"";"";"";"";"";"";"";"";"";"";"";"";"";"";"";"";"";"";"";"";"";"";"";"";"";"";"";"";"";"";"";"";"";"";"";"";"";"";"";"";"";"";"";"";"";"";"";"";"";"";"";"";"";""
03.12.2022 20:38:56;1670096336000;880f01e687e2572cea04e80fc6a68085;433186;OK;1791;0;0;0;0;-0,01;-7,2;0;0;639;761;"";146,147;21,92;481,028;64,43;20,896;0,82;1,542;0,22;9,126;1,69;7,691;11,0;11,115;11,0;12,364;11,18;1265,065;133,1;395,777;48,46;54,953;15,41;1,965;10,2;1,266;10,11;0,737;10,0;2,165;21,087;0,54;28,906;3,41;5,344;0,56;2,477;1,48;954,391;1,0;"";"";19,143;2,53;90,98201;11,96;"";"";13,0;20,0;13,0;"";"";"";"";"";"";"";"";"";"";"";"";"";"";"";"";"";"";"";"";"";"";"";"";"";"";"";"";"";"";"";"";"";"";"";"";"";"";"";"";"";"";"";"";"";"";"";"";"";"";"";"";"";"";"";"";"";"";"";"";"";"";"";"";""
03.12.2022 20:40:55;1670096455000;880f01e687e2572cea04e80fc6a68085;433304;OK;1789;0;0;0;0;-0,02;-3,08;0;0;621;762;"";142,956;21,44;480,558;64,42;20,892;0,82;1,542;0,22;9,074;1,69;8,126;11,0;11,092;11,0;12,24;11,04;1292,35;135,71;404,553;49,45;54,587;15,37;4,673;10,39;1,431;10,07;0,465;10,06;2,138;21,08;0,54;28,901;3,41;5,341;0,56;2,469;1,48;954,4;1,0;"";"";19,052;2,53;91,307;11,98;"";"";13,0;20,0;13,0;"";"";"";"";"";"";"";"";"";"";"";"";"";"";"";"";"";"";"";"";"";"";"";"";"";"";"";"";"";"";"";"";"";"";"";"";"";"";"";"";"";"";"";"";"";"";"";"";"";"";"";"";"";"";"";"";"";"";"";"";"";"";"";"";""
03.12.2022 20:42:57;1670096577000;880f01e687e2572cea04e80fc6a68085;433425;OK;1804;0;0;0;0;-0,02;-4,37;0;0;629;763;"";141,226;21,18;477,928;64,34;20,893;0,82;1,542;0,22;9,054;1,69;7,956;11,0;11,797;11,0;13,119;11,11;1304,503;136,92;405,553;49,46;54,567;15,38;5,382;10,53;1,774;10,06;0,048;10,01;2,324;21,072;0,54;28,899;3,41;5,338;0,56;2,461;1,48;954,344;1,0;"";"";19,042;2,53;91,66;12,0;"";"";13,0;20,0;13,0;"";"";"";"";"";"";"";"";"";"";"";"";"";"";"";"";"";"";"";"";"";"";"";"";"";"";"";"";"";"";"";"";"";"";"";"";"";"";"";"";"";"";"";"";"";"";"";"";"";"";"";"";"";"";"";"";"";"";"";"";"";"";"";"";""
03.12.2022 20:44:57;1670096697000;880f01e687e2572cea04e80fc6a68085;433546;OK;1798;0;0;0;0;-0,02;-10,65;0;0;603;763;"";141,917;21,29;477,393;64,32;20,892;0,82;1,542;0,22;9,117;1,69;8,581;11,0;11,439;11,0;12,446;11,01;1299,764;136,44;403,73;49,26;52,873;15,16;3,764;10,4;1,263;10,01;0,005;10,0;2,055;21,07;0,54;28,906;3,41;5,339;0,56;2,463;1,48;954,321;1,0;"";"";19,093;2,53;92,166;12,02;"";"";13,0;20,0;13,0;"";"";"";"";"";"";"";"";"";"";"";"";"";"";"";"";"";"";"";"";"";"";"";"";"";"";"";"";"";"";"";"";"";"";"";"";"";"";"";"";"";"";"";"";"";"";"";"";"";"";"";"";"";"";"";"";"";"";"";"";"";"";"";"";""
03.12.2022 20:46:56;1670096816000;880f01e687e2572cea04e80fc6a68085;433665;OK;1810;0;0;0;0;-0,01;-3,94;0;0;607;763;"";143,078;21,46;478,811;64,36;20,89;0,82;1,542;0,22;9,089;1,69;8,492;11,0;11,876;11,0;13,113;11,0;1341,489;140,56;417,602;50,65;55,798;15,45;4,158;10,37;1,829;10,19;0,001;10,0;2,206;21,067;0,54;28,907;3,41;5,338;0,56;2,461;1,48;954,3509;1,0;"";"";19,097;2,53;92,59;12,05;"";"";13,0;20,0;13,0;"";"";"";"";"";"";"";"";"";"";"";"";"";"";"";"";"";"";"";"";"";"";"";"";"";"";"";"";"";"";"";"";"";"";"";"";"";"";"";"";"";"";"";"";"";"";"";"";"";"";"";"";"";"";"";"";"";"";"";"";"";"";"";"";""
03.12.2022 20:48:58;1670096938000;880f01e687e2572cea04e80fc6a68085;433787;OK;1797;0;0;0;0;-0,0;5,86;0;0;637;763;"";143,328;21,5;479,235;64,38;20,89;0,82;1,543;0,22;9,21;1,68;7,736;11,0;9,612;11,0;10,725;11,0;1204,064;127,16;373,778;46,41;42,915;14,25;2,271;10,16;1,121;10,02;0,323;10,0;2,154;21,062;0,54;28,912;3,41;5,337;0,56;2,459;1,48;954,343;1,0;"";"";19,122;2,53;93,05;12,07;"";"";13,0;20,0;13,0;"";"";"";"";"";"";"";"";"";"";"";"";"";"";"";"";"";"";"";"";"";"";"";"";"";"";"";"";"";"";"";"";"";"";"";"";"";"";"";"";"";"";"";"";"";"";"";"";"";"";"";"";"";"";"";"";"";"";"";"";"";"";"";"";""
03.12.2022 20:50:58;1670097058000;880f01e687e2572cea04e80fc6a68085;433907;OK;1804;0;0;0;0;0,02;4,92;0;0;634;764;"";145,295;21,79;478,342;64,35;20,889;0,82;1,542;0,22;9,236;1,68;7,819;11,0;9,972;11,0;10,477;11,0;1187,895;125,54;371,776;46,24;45,874;14,53;2,034;10,11;0,588;10,0;0,033;10,0;1,715;21,055;0,54;28,953;3,41;5,343;0,56;2,472;1,48;954,3699;1,0;"";"";19,163;2,53;93,444;12,09;"";"";13,0;20,0;13,0;"";"";"";"";"";"";"";"";"";"";"";"";"";"";"";"";"";"";"";"";"";"";"";"";"";"";"";"";"";"";"";"";"";"";"";"";"";"";"";"";"";"";"";"";"";"";"";"";"";"";"";"";"";"";"";"";"";"";"";"";"";"";"";"";""
03.12.2022 20:52:59;1670097179000;880f01e687e2572cea04e80fc6a68085;434028;OK;1789;0;0;0;0;0,0;-5,08;0;0;631;764;"";143,18;21,48;477,12;64,31;20,893;0,82;1,542;0,22;9,236;1,68;7,886;11,0;10,024;11,0;11,025;11,04;1213,887;128,12;377,343;46,72;43,713;14,34;1,544;10,14;1,006;10,09;0,275;10,0;1,974;21,047;0,54;28,949;3,41;5,34;0,56;2,464;1,48;954,3859;1,0;"";"";19,122;2,53;93,564;12,1;"";"";13,0;20,0;13,0;"";"";"";"";"";"";"";"";"";"";"";"";"";"";"";"";"";"";"";"";"";"";"";"";"";"";"";"";"";"";"";"";"";"";"";"";"";"";"";"";"";"";"";"";"";"";"";"";"";"";"";"";"";"";"";"";"";"";"";"";"";"";"";"";""
03.12.2022 20:54:58;1670097298000;880f01e687e2572cea04e80fc6a68085;434147;OK;1792;0;0;0;0;-0,02;-1,93;0;0;622;763;"";141,222;21,18;478,304;64,35;20,897;0,82;1,543;0,22;9,196;1,68;8,12;11,0;10,64;11,0;11,602;11,0;1270,172;133,57;395,686;48,47;46,653;14,62;3,17;10,28;1,221;10,04;0,029;10,0;2,063;21,041;0,54;28,92;3,41;5,332;0,56;2,445;1,48;954,395;1,0;"";"";19,099;2,53;93,796;12,11;"";"";13,0;20,0;13,0;"";"";"";"";"";"";"";"";"";"";"";"";"";"";"";"";"";"";"";"";"";"";"";"";"";"";"";"";"";"";"";"";"";"";"";"";"";"";"";"";"";"";"";"";"";"";"";"";"";"";"";"";"";"";"";"";"";"";"";"";"";"";"";"";""
03.12.2022 20:56:59;1670097419000;880f01e687e2572cea04e80fc6a68085;434268;OK;1800;0;0;0;0;-0,05;-8,46;0;0;601;764;"";138,585;20,79;475,123;64,25;20,897;0,82;1,542;0,22;9,204;1,68;8,632;11,0;12,506;11,05;13,538;11,16;1305,734;137,04;411,656;50,07;67,942;16,64;4,595;10,55;1,431;10,0;0,196;10,0;2,097;21,037;0,54;28,91;3,41;5,329;0,56;2,437;1,48;954,39;1,0;"";"";19,028;2,53;94,221;12,13;"";"";13,0;20,0;13,0;"";"";"";"";"";"";"";"";"";"";"";"";"";"";"";"";"";"";"";"";"";"";"";"";"";"";"";"";"";"";"";"";"";"";"";"";"";"";"";"";"";"";"";"";"";"";"";"";"";"";"";"";"";"";"";"";"";"";"";"";"";"";"";"";""
03.12.2022 20:58:58;1670097538000;880f01e687e2572cea04e80fc6a68085;434387;OK;1800;0;0;0;0;-0,02;-2,89;0;0;632;764;"";140,199;21,03;477,078;64,31;20,897;0,82;1,543;0,22;9,267;1,68;7,878;11,0;10,16;11,0;11,23;11,02;1261,875;132,69;398,787;48,85;55,982;15,43;2,256;10,12;1,308;10,04;0,021;10,0;2,146;21,033;0,54;28,912;3,41;5,328;0,56;2,433;1,48;954,366;1,0;"";"";19,101;2,53;95,087;12,18;"";"";13,0;20,0;13,0;"";"";"";"";"";"";"";"";"";"";"";"";"";"";"";"";"";"";"";"";"";"";"";"";"";"";"";"";"";"";"";"";"";"";"";"";"";"";"";"";"";"";"";"";"";"";"";"";"";"";"";"";"";"";"";"";"";"";"";"";"";"";"";"";""
03.12.2022 21:00:59;1670097659000;880f01e687e2572cea04e80fc6a68085;434508;OK;1806;0;0;0;0;-0,01;-4,63;0;0;634;764;"";141,339;21,2;476,444;64,29;20,897;0,82;1,543;0,22;9,214;1,68;7,812;11,0;9,818;11,0;10,147;11,0;1224,702;129,08;384,29;47,42;51,532;15,01;0,966;10,05;0,572;10,0;0,002;10,0;1,561;21,031;0,54;28,92;3,41;5,329;0,56;2,436;1,48;954,3799;1,0;"";"";19,086;2,53;95,582;12,2;"";"";13,0;20,0;13,0;"";"";"";"";"";"";"";"";"";"";"";"";"";"";"";"";"";"";"";"";"";"";"";"";"";"";"";"";"";"";"";"";"";"";"";"";"";"";"";"";"";"";"";"";"";"";"";"";"";"";"";"";"";"";"";"";"";"";"";"";"";"";"";"";""
03.12.2022 21:02:59;1670097779000;880f01e687e2572cea04e80fc6a68085;434628;OK;1785;0;0;0;0;0,01;6,5;0;0;633;764;"";144,367;21,66;477,071;64,31;20,895;0,82;1,542;0,22;9,233;1,68;7,831;11,0;10,533;11,0;11,624;11,0;1225,618;129,28;388,875;47,8;56,051;15,38;2,428;10,27;1,168;10,12;0,686;10,0;2,125;21,026;0,54;28,934;3,41;5,33;0,56;2,439;1,48;954,39;1,0;"";"";19,126;2,53;95,662;12,21;"";"";13,0;20,0;13,0;"";"";"";"";"";"";"";"";"";"";"";"";"";"";"";"";"";"";"";"";"";"";"";"";"";"";"";"";"";"";"";"";"";"";"";"";"";"";"";"";"";"";"";"";"";"";"";"";"";"";"";"";"";"";"";"";"";"";"";"";"";"";"";"";""
03.12.2022 21:04:58;1670097898000;880f01e687e2572cea04e80fc6a68085;434747;OK;1791;0;0;0;0;-0,01;-0,67;0;0;606;764;"";143,077;21,46;475,38;64,26;20,895;0,82;1,543;0,22;9,261;1,68;8,511;11,0;10,867;11,0;11,757;11,0;1311,304;137,52;413,493;50,26;51,743;15,04;1,824;10,12;1,288;10,01;0,073;10,0;1,95;21,017;0,54;28,913;3,41;5,323;0,56;2,42;1,48;954,39;1,0;"";"";19,227;2,52;95,816;12,21;"";"";13,0;20,0;13,0;"";"";"";"";"";"";"";"";"";"";"";"";"";"";"";"";"";"";"";"";"";"";"";"";"";"";"";"";"";"";"";"";"";"";"";"";"";"";"";"";"";"";"";"";"";"";"";"";"";"";"";"";"";"";"";"";"";"";"";"";"";"";"";"";""
03.12.2022 21:07:01;1670098021000;880f01e687e2572cea04e80fc6a68085;434870;OK;1795;0;0;0;0;-0,03;0,98;0;0;621;764;"";138,533;20,78;475,836;64,28;20,894;0,82;1,543;0,22;9,21;1,68;8,12;11,0;10,142;11,0;11,661;11,0;1279,541;134,45;395,626;48,53;49,29;14,84;2,875;10,28;1,348;10,12;0,007;10,0;2,404;21,009;0,54;28,911;3,41;5,321;0,56;2,413;1,48;954,416;1,0;"";"";19,196;2,53;96,085;12,23;"";"";13,0;20,0;13,0;"";"";"";"";"";"";"";"";"";"";"";"";"";"";"";"";"";"";"";"";"";"";"";"";"";"";"";"";"";"";"";"";"";"";"";"";"";"";"";"";"";"";"";"";"";"";"";"";"";"";"";"";"";"";"";"";"";"";"";"";"";"";"";"";""
03.12.2022 21:09:01;1670098141000;880f01e687e2572cea04e80fc6a68085;434990;OK;1786;0;0;0;0;-0,04;-6,44;0;0;630;764;"";137,517;20,63;474,494;64,23;20,894;0,82;1,543;0,22;9,233;1,68;7,918;11,0;11,295;11,0;12,108;11,0;1276,398;134,14;400,955;48,98;58,723;15,73;3,994;10,43;1,089;10,01;0,001;10,0;1,975;21,006;0,54;28,91;3,41;5,32;0,56;2,41;1,48;954,4089;1,0;"";"";19,084;2,53;96,368;12,24;"";"";13,0;20,0;13,0;"";"";"";"";"";"";"";"";"";"";"";"";"";"";"";"";"";"";"";"";"";"";"";"";"";"";"";"";"";"";"";"";"";"";"";"";"";"";"";"";"";"";"";"";"";"";"";"";"";"";"";"";"";"";"";"";"";"";"";"";"";"";"";"";""
03.12.2022 21:11:01;1670098261000;880f01e687e2572cea04e80fc6a68085;435110;OK;1789;0;0;0;0;-0,01;-3,92;0;0;618;764;"";134,426;20,16;475,606;64,27;20,893;0,82;1,543;0,22;9,185;1,68;8,208;11,0;11,32;11,0;11,92;11,01;1251,872;131,83;388,769;47,8;50,646;14,99;3,168;10,18;0,849;10,0;0,543;10,0;1,82;21,001;0,54;28,911;3,41;5,318;0,56;2,406;1,48;954,403;1,0;"";"";19,117;2,53;96,852;12,27;"";"";13,0;20,0;13,0;"";"";"";"";"";"";"";"";"";"";"";"";"";"";"";"";"";"";"";"";"";"";"";"";"";"";"";"";"";"";"";"";"";"";"";"";"";"";"";"";"";"";"";"";"";"";"";"";"";"";"";"";"";"";"";"";"";"";"";"";"";"";"";"";""
03.12.2022 21:13:02;1670098382000;880f01e687e2572cea04e80fc6a68085;435231;OK;1794;0;0;0;0;-0,01;-1,41;0;0;633;764;"";138,238;20,74;475,419;64,26;20,894;0,82;1,542;0,22;9,223;1,68;7,834;11,0;10,693;11,0;11,188;11,01;1222,668;129,04;374,57;46,45;58,64;15,74;2,162;10,17;0,52;10,0;0,056;10,0;1,758;20,997;0,54;28,914;3,41;5,318;0,56;2,404;1,48;954,411;1,0;"";"";19,04;2,53;97,496;12,3;"";"";13,0;20,0;13,0;"";"";"";"";"";"";"";"";"";"";"";"";"";"";"";"";"";"";"";"";"";"";"";"";"";"";"";"";"";"";"";"";"";"";"";"";"";"";"";"";"";"";"";"";"";"";"";"";"";"";"";"";"";"";"";"";"";"";"";"";"";"";"";"";""
03.12.2022 21:15:04;1670098504000;880f01e687e2572cea04e80fc6a68085;435352;OK;1812;0;0;0;0;-0,01;2,02;0;0;598;764;"";136,106;20,42;474,855;64,25;20,889;0,82;1,543;0,22;9,249;1,68;8,709;11,0;10,591;11,0;12,193;11,0;1350,078;141,31;425,573;51,38;44,812;14,38;2,223;10,15;2,021;10,13;1,33;10,09;2,358;20,99;0,54;28,907;3,41;5,314;0,56;2,394;1,48;954,36;1,0;"";"";19,036;2,53;97,892;12,32;"";"";13,0;20,0;13,0;"";"";"";"";"";"";"";"";"";"";"";"";"";"";"";"";"";"";"";"";"";"";"";"";"";"";"";"";"";"";"";"";"";"";"";"";"";"";"";"";"";"";"";"";"";"";"";"";"";"";"";"";"";"";"";"";"";"";"";"";"";"";"";"";""
03.12.2022 21:17:04;1670098624000;880f01e687e2572cea04e80fc6a68085;435473;OK;1788;0;0;0;0;-0,01;-11,58;0;0;612;764;"";137,175;20,58;470,509;64,12;20,893;0,82;1,543;0,22;9,222;1,68;8,372;11,0;11,123;11,0;11,94;11,07;1305,538;136,97;409,555;49,86;49,64;14,87;2,565;10,15;1,162;10,03;0,229;10,01;1,891;20,984;0,54;28,917;3,41;5,314;0,56;2,394;1,48;954,311;1,0;"";"";19,059;2,53;97,886;12,32;"";"";13,0;20,0;13,0;"";"";"";"";"";"";"";"";"";"";"";"";"";"";"";"";"";"";"";"";"";"";"";"";"";"";"";"";"";"";"";"";"";"";"";"";"";"";"";"";"";"";"";"";"";"";"";"";"";"";"";"";"";"";"";"";"";"";"";"";"";"";"";"";""
03.12.2022 21:19:04;1670098744000;880f01e687e2572cea04e80fc6a68085;435592;OK;1809;0;0;0;0;0,01;-4,48;0;0;628;765;"";137,614;20,64;475,034;64,25;20,888;0,82;1,543;0,22;9,279;1,68;8,0;11,0;10,789;11,0;11,645;11,16;1280,255;134,48;402,144;49,12;50,657;14,97;3,763;10,28;1,128;10,0;0,62;10,0;1,902;20,98;0,54;28,976;3,41;5,324;0,56;2,419;1,48;954,3159;1,0;"";"";19,191;2,53;98,002;12,33;"";"";13,0;20,0;13,0;"";"";"";"";"";"";"";"";"";"";"";"";"";"";"";"";"";"";"";"";"";"";"";"";"";"";"";"";"";"";"";"";"";"";"";"";"";"";"";"";"";"";"";"";"";"";"";"";"";"";"";"";"";"";"";"";"";"";"";"";"";"";"";"";""
03.12.2022 21:21:05;1670098865000;880f01e687e2572cea04e80fc6a68085;435714;OK;1803;0;0;0;0;0,0;5,76;0;0;612;765;"";138,4;20,76;475,11;64,25;20,894;0,82;1,542;0,22;9,355;1,68;8,37;11,0;10,294;11,0;12,976;11,09;1264,63;132,96;397,335;48,68;42,566;14,19;5,02;10,49;2,246;10,17;0,747;10,0;3,007;20,972;0,54;28,928;3,41;5,312;0,56;2,389;1,48;954,267;1,0;"";"";19,184;2,53;98,312;12,34;"";"";13,0;20,0;13,0;"";"";"";"";"";"";"";"";"";"";"";"";"";"";"";"";"";"";"";"";"";"";"";"";"";"";"";"";"";"";"";"";"";"";"";"";"";"";"";"";"";"";"";"";"";"";"";"";"";"";"";"";"";"";"";"";"";"";"";"";"";"";"";"";""
03.12.2022 21:23:04;1670098984000;880f01e687e2572cea04e80fc6a68085;435833;OK;1808;0;0;0;0;-0,02;3,27;0;0;657;765;"";135,238;20,29;471,34;64,14;20,889;0,82;1,542;0,22;9,316;1,68;7,269;10,96;9,553;11,0;11,521;11,01;1237,554;130,38;384,283;47,39;50,495;14,97;3,909;10,39;2,203;10,07;0,723;10,0;2,797;20,967;0,54;28,914;3,42;5,308;0,56;2,378;1,48;954,217;1,0;"";"";19,192;2,53;98,419;12,35;"";"";13,0;20,0;13,0;"";"";"";"";"";"";"";"";"";"";"";"";"";"";"";"";"";"";"";"";"";"";"";"";"";"";"";"";"";"";"";"";"";"";"";"";"";"";"";"";"";"";"";"";"";"";"";"";"";"";"";"";"";"";"";"";"";"";"";"";"";"";"";"";""
03.12.2022 21:25:06;1670099106000;880f01e687e2572cea04e80fc6a68085;435954;OK;1821;0;0;0;0;-0,04;-19,71;0;0;651;765;"";133,964;20,09;469,031;64,07;20,889;0,82;1,542;0,22;9,26;1,68;7,391;11,0;9,897;11,0;11,68;11,01;1258,792;132,4;387,247;47,68;52,256;15,11;3,401;10,38;2,714;10,31;0,075;10,0;2,627;20,964;0,54;28,913;3,42;5,307;0,56;2,374;1,48;954,185;1,0;"";"";19,147;2,53;98,485;12,35;"";"";13,0;20,0;13,0;"";"";"";"";"";"";"";"";"";"";"";"";"";"";"";"";"";"";"";"";"";"";"";"";"";"";"";"";"";"";"";"";"";"";"";"";"";"";"";"";"";"";"";"";"";"";"";"";"";"";"";"";"";"";"";"";"";"";"";"";"";"";"";"";""
03.12.2022 21:27:04;1670099224000;880f01e687e2572cea04e80fc6a68085;436073;OK;1798;0;0;0;0;-0,01;-10,32;0;0;636;765;"";137,314;20,6;472,445;64,17;20,89;0,82;1,541;0,22;9,33;1,68;7,759;11,0;10,002;11,0;11,506;11,0;1229,782;129,64;392,835;48,26;45,356;14,41;2,839;10,26;1,937;10,1;0,752;10,0;2,388;20,959;0,54;28,93;3,41;5,309;0,56;2,379;1,48;954,205;1,0;"";"";19,097;2,53;98,754;12,37;"";"";13,0;20,0;13,0;"";"";"";"";"";"";"";"";"";"";"";"";"";"";"";"";"";"";"";"";"";"";"";"";"";"";"";"";"";"";"";"";"";"";"";"";"";"";"";"";"";"";"";"";"";"";"";"";"";"";"";"";"";"";"";"";"";"";"";"";"";"";"";"";""
03.12.2022 21:29:06;1670099346000;880f01e687e2572cea04e80fc6a68085;436194;OK;1810;0;0;0;0;-0,01;0,6;0;0;603;765;"";134,703;20,21;470,426;64,11;20,892;0,83;1,541;0,22;9,302;1,68;8,593;11,0;10,417;11,0;11,766;11,0;1262,518;132,81;400,657;49,0;42,775;14,28;3,14;10,24;1,503;10,1;0,274;10,0;2,265;20,955;0,54;28,916;3,42;5,305;0,56;2,368;1,48;954,1639;1,0;"";"";19,099;2,53;99,08401;12,38;"";"";13,0;20,0;13,0;"";"";"";"";"";"";"";"";"";"";"";"";"";"";"";"";"";"";"";"";"";"";"";"";"";"";"";"";"";"";"";"";"";"";"";"";"";"";"";"";"";"";"";"";"";"";"";"";"";"";"";"";"";"";"";"";"";"";"";"";"";"";"";"";""
03.12.2022 21:31:05;1670099465000;880f01e687e2572cea04e80fc6a68085;436314;OK;1798;0;0;0;0;-0,02;6,29;0;0;599;765;"";135,125;20,27;471,5;64,15;20,893;0,83;1,541;0,22;9,351;1,68;8,692;11,0;10,702;11,0;11,868;11,02;1268,836;133,38;403,997;49,34;45,658;14,51;2,352;10,14;0,98;10,08;0,052;10,0;2,051;20,947;0,54;28,918;3,42;5,303;0,55;2,363;1,48;954,14;1,0;"";"";19,059;2,53;99,399;12,4;"";"";13,0;20,0;13,0;"";"";"";"";"";"";"";"";"";"";"";"";"";"";"";"";"";"";"";"";"";"";"";"";"";"";"";"";"";"";"";"";"";"";"";"";"";"";"";"";"";"";"";"";"";"";"";"";"";"";"";"";"";"";"";"";"";"";"";"";"";"";"";"";""
03.12.2022 21:33:06;1670099586000;880f01e687e2572cea04e80fc6a68085;436435;OK;1816;0;0;0;0;-0,03;0,81;0;0;602;765;"";135,277;20,29;471,626;64,15;20,889;0,83;1,541;0,22;9,35;1,68;8,616;11,0;11,08;11,0;12,409;11,0;1341,674;140,42;419,278;50,81;49,669;14,9;2,655;10,26;1,166;10,06;0,524;10,0;2,198;20,938;0,54;28,923;3,42;5,301;0,55;2,357;1,48;954,09;1,0;"";"";19,08;2,53;99,874;12,43;"";"";13,0;20,0;13,0;"";"";"";"";"";"";"";"";"";"";"";"";"";"";"";"";"";"";"";"";"";"";"";"";"";"";"";"";"";"";"";"";"";"";"";"";"";"";"";"";"";"";"";"";"";"";"";"";"";"";"";"";"";"";"";"";"";"";"";"";"";"";"";"";""
03.12.2022 21:35:06;1670099706000;880f01e687e2572cea04e80fc6a68085;436555;OK;1795;0;0;0;0;0,01;-2,44;0;0;606;766;"";135,868;20,38;469,564;64,09;20,891;0,83;1,541;0,22;9,45;1,67;8,513;11,0;11,297;11,0;11,719;11,0;1299,858;136,42;410,414;49,93;53,938;15,28;1,864;10,09;0,842;10,01;0,054;10,0;1,652;20,927;0,54;28,967;3,41;5,306;0,55;2,369;1,48;954,072;1,0;"";"";19,149;2,53;100,143;12,44;"";"";13,0;20,0;13,0;"";"";"";"";"";"";"";"";"";"";"";"";"";"";"";"";"";"";"";"";"";"";"";"";"";"";"";"";"";"";"";"";"";"";"";"";"";"";"";"";"";"";"";"";"";"";"";"";"";"";"";"";"";"";"";"";"";"";"";"";"";"";"";"";""
03.12.2022 21:37:07;1670099827000;880f01e687e2572cea04e80fc6a68085;436676;OK;1804;0;0;0;0;-0,01;-4,42;0;0;624;766;"";134,798;20,22;470,474;64,11;20,892;0,83;1,541;0,22;9,411;1,67;8,071;11,0;10,279;11,0;12,491;11,0;1234,971;130,13;388,957;47,87;52,229;15,13;4,292;10,51;3,037;10,4;0,006;10,0;2,798;20,923;0,54;28,933;3,42;5,298;0,55;2,349;1,48;954,039;1,0;"";"";19,129;2,53;100,258;12,45;"";"";13,0;20,0;13,0;"";"";"";"";"";"";"";"";"";"";"";"";"";"";"";"";"";"";"";"";"";"";"";"";"";"";"";"";"";"";"";"";"";"";"";"";"";"";"";"";"";"";"";"";"";"";"";"";"";"";"";"";"";"";"";"";"";"";"";"";"";"";"";"";""
03.12.2022 21:39:08;1670099948000;880f01e687e2572cea04e80fc6a68085;436797;OK;1797;0;0;0;0;-0,02;-8,57;0;0;623;766;"";131,411;19,71;467,849;64,04;20,892;0,83;1,541;0,22;9,388;1,67;8,085;11,0;9,778;11,0;11,062;11,0;1228,798;129,48;382,85;47,25;52,949;15,24;2,619;10,21;1,692;10,09;0,178;10,0;2,211;20,92;0,54;28,93;3,42;5,297;0,55;2,345;1,48;954,007;1,0;"";"";19,126;2,53;100,495;12,46;"";"";13,0;20,0;13,0;"";"";"";"";"";"";"";"";"";"";"";"";"";"";"";"";"";"";"";"";"";"";"";"";"";"";"";"";"";"";"";"";"";"";"";"";"";"";"";"";"";"";"";"";"";"";"";"";"";"";"";"";"";"";"";"";"";"";"";"";"";"";"";"";""
03.12.2022 21:41:08;1670100068000;880f01e687e2572cea04e80fc6a68085;436917;OK;1782;0;0;0;0;-0,03;-9,68;0;0;603;766;"";131,269;19,69;466,203;63,99;20,891;0,83;1,541;0,22;9,462;1,67;8,59;11,0;11,923;11,0;13,557;11,23;1309,926;137,44;411,077;49,97;59,337;15,82;4,345;10,47;2,19;10,14;0,698;10,08;2,34;20,916;0,54;28,93;3,42;5,295;0,55;2,341;1,48;954,0239;1,0;"";"";19,108;2,53;100,625;12,46;"";"";13,0;20,0;13,0;"";"";"";"";"";"";"";"";"";"";"";"";"";"";"";"";"";"";"";"";"";"";"";"";"";"";"";"";"";"";"";"";"";"";"";"";"";"";"";"";"";"";"";"";"";"";"";"";"";"";"";"";"";"";"";"";"";"";"";"";"";"";"";"";""
03.12.2022 21:43:09;1670100189000;880f01e687e2572cea04e80fc6a68085;437038;OK;1796;0;0;0;0;-0,01;-7,92;0;0;641;766;"";130,429;19,56;467,917;64,04;20,888;0,83;1,54;0,22;9,412;1,67;7,628;11,0;9,345;11,0;10,323;11,02;1148,48;121,75;355,859;44,58;40,396;14,02;2,26;10,14;1,369;10,11;0,072;10,01;2,051;20,91;0,54;28,93;3,42;5,294;0,55;2,336;1,48;954,052;1,0;"";"";19,081;2,53;100,789;12,47;"";"";13,0;20,0;13,0;"";"";"";"";"";"";"";"";"";"";"";"";"";"";"";"";"";"";"";"";"";"";"";"";"";"";"";"";"";"";"";"";"";"";"";"";"";"";"";"";"";"";"";"";"";"";"";"";"";"";"";"";"";"";"";"";"";"";"";"";"";"";"";"";""
03.12.2022 21:45:10;1670100310000;880f01e687e2572cea04e80fc6a68085;437159;OK;1801;0;0;0;0;-0,01;-1,08;0;0;653;766;"";134,157;20,12;466,891;64,01;20,886;0,83;1,541;0,22;9,48;1,67;7,359;11,0;9,408;11,0;10,442;11,0;1221,008;128,81;386,784;47,56;48,776;14,81;1,245;10,03;1,153;10,03;0,222;10,0;2,177;20,903;0,54;28,936;3,42;5,293;0,55;2,333;1,48;954,0259;1,0;"";"";19,107;2,53;100,939;12,48;"";"";13,0;20,0;13,0;"";"";"";"";"";"";"";"";"";"";"";"";"";"";"";"";"";"";"";"";"";"";"";"";"";"";"";"";"";"";"";"";"";"";"";"";"";"";"";"";"";"";"";"";"";"";"";"";"";"";"";"";"";"";"";"";"";"";"";"";"";"";"";"";""
03.12.2022 21:47:09;1670100429000;880f01e687e2572cea04e80fc6a68085;437278;OK;1803;0;0;0;0;-0,01;5,7;0;0;656;766;"";132,732;19,91;469,404;64,08;20,888;0,83;1,541;0,22;9,524;1,67;7,286;11,0;8,838;11,0;9,316;11,0;1137,783;120,63;359,999;45,07;41,065;14,08;0,618;10,0;0,608;10,0;0,024;10,0;1,693;20,898;0,54;28,932;3,42;5,29;0,55;2,327;1,48;954,003;1,0;"";"";19,023;2,53;101,056;12,49;"";"";13,0;20,0;13,0;"";"";"";"";"";"";"";"";"";"";"";"";"";"";"";"";"";"";"";"";"";"";"";"";"";"";"";"";"";"";"";"";"";"";"";"";"";"";"";"";"";"";"";"";"";"";"";"";"";"";"";"";"";"";"";"";"";"";"";"";"";"";"";"";""
03.12.2022 21:49:10;1670100550000;880f01e687e2572cea04e80fc6a68085;437399;OK;1795;0;0;0;0;0,0;10,35;0;0;620;767;"";133,703;20,06;470,877;64,13;20,891;0,83;1,54;0,22;9,628;1,66;8,155;11,0;11,321;11,0;12,223;11,05;1284,654;134,92;402,544;49,12;53,933;15,32;1,599;10,08;1,058;10,03;0,129;10,0;2,016;20,895;0,54;28,956;3,42;5,294;0,55;2,336;1,48;953,938;1,0;"";"";19,05;2,53;100,958;12,48;"";"";13,0;20,0;13,0;"";"";"";"";"";"";"";"";"";"";"";"";"";"";"";"";"";"";"";"";"";"";"";"";"";"";"";"";"";"";"";"";"";"";"";"";"";"";"";"";"";"";"";"";"";"";"";"";"";"";"";"";"";"";"";"";"";"";"";"";"";"";"";"";""
03.12.2022 21:51:10;1670100670000;880f01e687e2572cea04e80fc6a68085;437519;OK;1802;0;0;0;0;-0,01;3,45;0;0;616;767;"";134,251;20,14;467,071;64,01;20,889;0,83;1,539;0,22;9,496;1,67;8,244;11,0;10,481;11,0;11,314;11,01;1270,271;133,54;398,442;48,7;49,479;14,88;1,774;10,15;1,338;10,06;0,394;10,0;1,898;20,89;0,54;28,935;3,42;5,288;0,55;2,321;1,48;953,95;1,0;"";"";19,025;2,53;101,13;12,49;"";"";13,0;20,0;13,0;"";"";"";"";"";"";"";"";"";"";"";"";"";"";"";"";"";"";"";"";"";"";"";"";"";"";"";"";"";"";"";"";"";"";"";"";"";"";"";"";"";"";"";"";"";"";"";"";"";"";"";"";"";"";"";"";"";"";"";"";"";"";"";"";""
03.12.2022 21:53:12;1670100792000;880f01e687e2572cea04e80fc6a68085;437640;OK;1801;0;0;0;0;-0,02;-8,26;0;0;656;767;"";130,674;19,6;467,215;64,02;20,885;0,83;1,54;0,22;9,461;1,67;7,282;11,0;9,391;11,0;10,025;11,0;1185,747;125,37;372,198;46,2;46,898;14,5;2,073;10,19;0,935;10,02;0,09799999;10,0;1,837;20,886;0,54;28,932;3,42;5,287;0,55;2,316;1,48;954,011;1,0;"";"";19,064;2,53;101,281;12,5;"";"";13,0;20,0;13,0;"";"";"";"";"";"";"";"";"";"";"";"";"";"";"";"";"";"";"";"";"";"";"";"";"";"";"";"";"";"";"";"";"";"";"";"";"";"";"";"";"";"";"";"";"";"";"";"";"";"";"";"";"";"";"";"";"";"";"";"";"";"";"";"";""
03.12.2022 21:55:12;1670100912000;880f01e687e2572cea04e80fc6a68085;437761;OK;1792;0;0;0;0;-0,03;-8,1;0;0;615;767;"";130,619;19,59;467,324;64,02;20,89;0,83;1,54;0,22;9,485;1,67;8,305;11,0;9,97;11,0;10,642;11,0;1237,887;130,35;393,773;48,34;41,981;14,14;1,583;10,11;1,016;10,05;0,01;10,0;1,781;20,883;0,54;28,932;3,42;5,286;0,55;2,314;1,48;954,025;1,0;"";"";18,977;2,54;101,789;12,53;"";"";13,0;20,0;13,0;"";"";"";"";"";"";"";"";"";"";"";"";"";"";"";"";"";"";"";"";"";"";"";"";"";"";"";"";"";"";"";"";"";"";"";"";"";"";"";"";"";"";"";"";"";"";"";"";"";"";"";"";"";"";"";"";"";"";"";"";"";"";"";"";""
03.12.2022 21:57:13;1670101033000;880f01e687e2572cea04e80fc6a68085;437882;OK;1795;0;0;0;0;-0,01;-0,76;0;0;633;767;"";129,845;19,48;467,041;64,01;20,886;0,83;1,54;0,22;9,448;1,67;7,831;11,0;10,244;11,0;11,228;11,01;1220,482;128,72;383,13;47,25;49,474;14,87;2,279;10,16;0,952;10,02;0,001;10,0;2,098;20,881;0,54;28,935;3,42;5,286;0,55;2,314;1,48;954,017;1,0;"";"";19,053;2,53;102,238;12,55;"";"";13,0;20,0;13,0;"";"";"";"";"";"";"";"";"";"";"";"";"";"";"";"";"";"";"";"";"";"";"";"";"";"";"";"";"";"";"";"";"";"";"";"";"";"";"";"";"";"";"";"";"";"";"";"";"";"";"";"";"";"";"";"";"";"";"";"";"";"";"";"";""
03.12.2022 21:59:14;1670101154000;880f01e687e2572cea04e80fc6a68085;438003;OK;1791;0;0;0;0;-0,01;0,49;0;0;624;767;"";129,584;19,44;467,216;64,02;20,886;0,83;1,54;0,22;9,481;1,67;8,052;11,0;10,433;11,0;11,388;11,02;1275,112;133,97;398,074;48,66;47,99;14,67;3,404;10,29;1,444;10,04;0,0;10,0;2,033;20,877;0,54;28,932;3,42;5,284;0,55;2,309;1,48;954,003;1,0;"";"";19,102;2,53;102,375;12,56;"";"";13,0;20,0;13,0;"";"";"";"";"";"";"";"";"";"";"";"";"";"";"";"";"";"";"";"";"";"";"";"";"";"";"";"";"";"";"";"";"";"";"";"";"";"";"";"";"";"";"";"";"";"";"";"";"";"";"";"";"";"";"";"";"";"";"";"";"";"";"";"";""
03.12.2022 22:01:13;1670101273000;880f01e687e2572cea04e80fc6a68085;438122;OK;1812;0;0;0;0;-0,01;-0,75;0;0;614;767;"";131,927;19,79;465,88;63,98;20,885;0,83;1,539;0,22;9,534;1,67;8,315;11,0;11,271;11,0;12,468;11,13;1319,484;138,38;418,193;50,65;62,181;16,11;4,673;10,41;1,279;10,0;0,0;10,0;2,169;20,873;0,54;28,936;3,42;5,284;0,55;2,308;1,48;954,015;1,0;"";"";19,017;2,53;102,714;12,57;"";"";13,0;20,0;13,0;"";"";"";"";"";"";"";"";"";"";"";"";"";"";"";"";"";"";"";"";"";"";"";"";"";"";"";"";"";"";"";"";"";"";"";"";"";"";"";"";"";"";"";"";"";"";"";"";"";"";"";"";"";"";"";"";"";"";"";"";"";"";"";"";""
03.12.2022 22:03:14;1670101394000;880f01e687e2572cea04e80fc6a68085;438243;OK;1797;0;0;0;0;-0,0;-0,13;0;0;623;767;"";130,371;19,56;466,093;63,98;20,892;0,83;1,54;0,22;9,59;1,66;8,071;11,0;10,503;11,01;13,156;11,07;1217,975;128,53;381,944;47,2;54,947;15,39;4,833;10,48;2,882;10,3;0,689;10,0;3,077;20,871;0,54;28,94;3,42;5,284;0,55;2,308;1,48;954,0139;1,0;"";"";18,955;2,54;103,121;12,59;"";"";13,0;20,0;13,0;"";"";"";"";"";"";"";"";"";"";"";"";"";"";"";"";"";"";"";"";"";"";"";"";"";"";"";"";"";"";"";"";"";"";"";"";"";"";"";"";"";"";"";"";"";"";"";"";"";"";"";"";"";"";"";"";"";"";"";"";"";"";"";"";""
03.12.2022 22:05:14;1670101514000;880f01e687e2572cea04e80fc6a68085;438363;OK;1803;0;0;0;0;-0,01;-7,01;0;0;623;767;"";129,698;19,45;463,946;63,92;20,893;0,83;1,539;0,22;9,6;1,66;8,081;11,0;10,556;11,0;13,111;11,22;1271,137;133,62;402,421;49,13;57,144;15,62;6,792;10,68;4,27;10,37;0,301;10,0;2,912;20,864;0,54;28,933;3,42;5,28;0,55;2,298;1,48;954,019;1,0;"";"";19,023;2,53;103,151;12,6;"";"";13,0;20,0;13,0;"";"";"";"";"";"";"";"";"";"";"";"";"";"";"";"";"";"";"";"";"";"";"";"";"";"";"";"";"";"";"";"";"";"";"";"";"";"";"";"";"";"";"";"";"";"";"";"";"";"";"";"";"";"";"";"";"";"";"";"";"";"";"";"";""
03.12.2022 22:07:15;1670101635000;880f01e687e2572cea04e80fc6a68085;438484;OK;1789;0;0;0;0;-0,02;-9,1;0;0;609;767;"";127,893;19,18;464,09;63,92;20,895;0,83;1,539;0,22;9,607;1,66;8,431;11,0;11,507;11,0;13,212;11,15;1333,857;139,78;420,467;50,96;54,363;15,31;3,961;10,49;2,457;10,31;0,894;10,0;2,471;20,858;0,54;28,933;3,42;5,278;0,55;2,293;1,48;953,9849;1,0;"";"";18,996;2,53;103,057;12,59;"";"";13,0;20,0;13,0;"";"";"";"";"";"";"";"";"";"";"";"";"";"";"";"";"";"";"";"";"";"";"";"";"";"";"";"";"";"";"";"";"";"";"";"";"";"";"";"";"";"";"";"";"";"";"";"";"";"";"";"";"";"";"";"";"";"";"";"";"";"";"";"";""
03.12.2022 22:09:15;1670101755000;880f01e687e2572cea04e80fc6a68085;438604;OK;1788;0;0;0;0;-0,02;1,14;0;0;605;767;"";130,528;19,58;466,336;63,99;20,896;0,83;1,538;0,22;9,559;1,66;8,534;11,0;11,441;11,0;12,103;11,03;1291,078;135,62;408,769;49,79;51,562;15,04;2,683;10,26;0,55;10,05;0,149;10,0;1,828;20,854;0,54;28,933;3,42;5,277;0,55;2,29;1,48;953,924;1,0;"";"";18,948;2,54;103,015;12,59;"";"";13,0;20,0;13,0;"";"";"";"";"";"";"";"";"";"";"";"";"";"";"";"";"";"";"";"";"";"";"";"";"";"";"";"";"";"";"";"";"";"";"";"";"";"";"";"";"";"";"";"";"";"";"";"";"";"";"";"";"";"";"";"";"";"";"";"";"";"";"";"";""
03.12.2022 22:11:16;1670101876000;880f01e687e2572cea04e80fc6a68085;438725;OK;1795;0;0;0;0;-0,01;3,42;0;0;610;767;"";130,761;19,61;464,504;63,94;20,89;0,83;1,538;0,22;9,524;1,67;8,435;11,0;11,29;11,0;13,117;11,0;1306,498;137,04;412,697;50,2;59,783;15,83;4,581;10,41;2,874;10,27;0,015;10,0;2,526;20,85;0,54;28,933;3,42;5,276;0,55;2,286;1,48;953,843;1,0;"";"";18,965;2,54;103,122;12,59;"";"";13,0;20,0;13,0;"";"";"";"";"";"";"";"";"";"";"";"";"";"";"";"";"";"";"";"";"";"";"";"";"";"";"";"";"";"";"";"";"";"";"";"";"";"";"";"";"";"";"";"";"";"";"";"";"";"";"";"";"";"";"";"";"";"";"";"";"";"";"";"";""
03.12.2022 22:13:17;1670101997000;880f01e687e2572cea04e80fc6a68085;438846;OK;1799;0;0;0;0;0,0;1,83;0;0;648;768;"";132,227;19,83;465,119;63,95;20,89;0,83;1,538;0,22;9,51;1,67;7,486;11,0;9,494;11,0;12,152;11,0;1189,932;125,75;374,278;46,45;45,949;14,46;4,859;10,57;3,393;10,23;0,73;10,0;3,127;20,846;0,54;28,952;3,42;5,278;0,55;2,292;1,48;953,8;1,0;"";"";18,919;2,54;103,371;12,61;"";"";13,0;20,0;13,0;"";"";"";"";"";"";"";"";"";"";"";"";"";"";"";"";"";"";"";"";"";"";"";"";"";"";"";"";"";"";"";"";"";"";"";"";"";"";"";"";"";"";"";"";"";"";"";"";"";"";"";"";"";"";"";"";"";"";"";"";"";"";"";"";""
03.12.2022 22:15:18;1670102118000;880f01e687e2572cea04e80fc6a68085;438967;OK;1801;0;0;0;0;-0,01;-5,55;0;0;623;767;"";128,193;19,23;463,999;63,92;20,895;0,83;1,538;0,22;9,482;1,67;8,082;11,0;10,843;11,0;11,628;11,0;1265,868;133,21;403,22;49,22;53,832;15,29;2,356;10,15;0,99;10,02;0,272;10,0;1,931;20,84;0,54;28,936;3,42;5,273;0,55;2,279;1,48;953,764;1,0;"";"";18,945;2,54;103,466;12,61;"";"";13,0;20,0;13,0;"";"";"";"";"";"";"";"";"";"";"";"";"";"";"";"";"";"";"";"";"";"";"";"";"";"";"";"";"";"";"";"";"";"";"";"";"";"";"";"";"";"";"";"";"";"";"";"";"";"";"";"";"";"";"";"";"";"";"";"";"";"";"";"";""
03.12.2022 22:17:18;1670102238000;880f01e687e2572cea04e80fc6a68085;439087;OK;1784;0;0;0;0;-0,02;-4,74;0;0;619;768;"";128,702;19,31;463,281;63,9;20,893;0,83;1,538;0,22;9,509;1,67;8,18;11,0;9,621;11,0;10,511;11,0;1224,754;129,17;386,768;47,65;36,713;13,6;1,273;10,14;1,022;10,1;0,111;10,0;1,868;20,835;0,54;28,934;3,42;5,271;0,55;2,274;1,48;953,733;1,0;"";"";18,994;2,53;103,411;12,61;"";"";13,0;20,0;13,0;"";"";"";"";"";"";"";"";"";"";"";"";"";"";"";"";"";"";"";"";"";"";"";"";"";"";"";"";"";"";"";"";"";"";"";"";"";"";"";"";"";"";"";"";"";"";"";"";"";"";"";"";"";"";"";"";"";"";"";"";"";"";"";"";""
03.12.2022 22:19:19;1670102359000;880f01e687e2572cea04e80fc6a68085;439207;OK;1805;0;0;0;0;-0,03;-0,13;0;0;646;768;"";129,257;19,39;465,481;63,96;20,89;0,83;1,538;0,22;9,481;1,67;7,444;11,0;11,787;11,0;13,179;11,03;1279,179;134,41;396,381;48,56;62,582;16,09;8,035;10,85;1,993;10,05;0,126;10,0;2,386;20,83;0,54;28,934;3,42;5,27;0,55;2,269;1,48;953,716;1,0;"";"";18,912;2,54;103,405;12,61;"";"";13,0;20,0;13,0;"";"";"";"";"";"";"";"";"";"";"";"";"";"";"";"";"";"";"";"";"";"";"";"";"";"";"";"";"";"";"";"";"";"";"";"";"";"";"";"";"";"";"";"";"";"";"";"";"";"";"";"";"";"";"";"";"";"";"";"";"";"";"";"";""
03.12.2022 22:21:18;1670102478000;880f01e687e2572cea04e80fc6a68085;439327;OK;1817;0;0;0;0;-0,01;8,7;0;0;628;768;"";127,585;19,14;466,096;63,98;20,89;0,83;1,537;0,22;9,479;1,67;7,961;11,0;11,331;11,0;12,349;11,0;1231,082;129,82;390,298;47,96;54,984;15,41;3,682;10,27;1,254;10,01;0,013;10,0;2,16;20,826;0,54;28,938;3,42;5,269;0,55;2,268;1,48;953,737;1,0;"";"";18,891;2,54;103,635;12,62;"";"";13,0;20,0;13,0;"";"";"";"";"";"";"";"";"";"";"";"";"";"";"";"";"";"";"";"";"";"";"";"";"";"";"";"";"";"";"";"";"";"";"";"";"";"";"";"";"";"";"";"";"";"";"";"";"";"";"";"";"";"";"";"";"";"";"";"";"";"";"";"";""
03.12.2022 22:23:19;1670102599000;880f01e687e2572cea04e80fc6a68085;439448;OK;1791;0;0;0;0;-0,01;4,17;0;0;647;768;"";125,857;18,88;464,087;63,92;20,891;0,83;1,537;0,22;9,447;1,67;7,504;11,0;9,498;11,0;10,425;11,0;1203,984;127,08;374,084;46,36;45,103;14,55;1,334;10,08;1,062;10,05;0,185;10,0;2,069;20,822;0,54;28,935;3,42;5,268;0,55;2,263;1,48;953,715;1,0;"";"";18,864;2,54;103,919;12,64;"";"";13,0;20,0;13,0;"";"";"";"";"";"";"";"";"";"";"";"";"";"";"";"";"";"";"";"";"";"";"";"";"";"";"";"";"";"";"";"";"";"";"";"";"";"";"";"";"";"";"";"";"";"";"";"";"";"";"";"";"";"";"";"";"";"";"";"";"";"";"";"";""
03.12.2022 22:25:19;1670102719000;880f01e687e2572cea04e80fc6a68085;439568;OK;1794;0;0;0;0;-0,0;-3,23;0;0;615;768;"";126,818;19,02;464,692;63,94;20,89;0,83;1,536;0,22;9,471;1,67;8,294;11,0;9,955;11,0;10,05;11,0;1261,3;132,69;394,39;48,37;43,957;14,35;0,138;10,01;0,11;10,01;0,019;10,0;1,327;20,819;0,54;28,954;3,42;5,27;0,55;2,27;1,48;953,7169;1,0;"";"";18,881;2,54;103,681;12,62;"";"";13,0;20,0;13,0;"";"";"";"";"";"";"";"";"";"";"";"";"";"";"";"";"";"";"";"";"";"";"";"";"";"";"";"";"";"";"";"";"";"";"";"";"";"";"";"";"";"";"";"";"";"";"";"";"";"";"";"";"";"";"";"";"";"";"";"";"";"";"";"";""
03.12.2022 22:27:19;1670102839000;880f01e687e2572cea04e80fc6a68085;439688;OK;1796;0;0;0;0;-0,01;-3,88;0;0;662;768;"";127,862;19,18;463,868;63,92;20,891;0,83;1,536;0,22;9,549;1,66;7,153;11,0;9,281;11,0;10,834;11,01;1187,239;125,42;372,19;46,16;46,218;14,52;2,851;10,24;1,57;10,0;0,431;10,0;2,566;20,815;0,54;28,939;3,42;5,266;0,55;2,259;1,48;953,714;1,0;"";"";18,955;2,54;103,514;12,61;"";"";13,0;20,0;13,0;"";"";"";"";"";"";"";"";"";"";"";"";"";"";"";"";"";"";"";"";"";"";"";"";"";"";"";"";"";"";"";"";"";"";"";"";"";"";"";"";"";"";"";"";"";"";"";"";"";"";"";"";"";"";"";"";"";"";"";"";"";"";"";"";""
03.12.2022 22:29:19;1670102959000;880f01e687e2572cea04e80fc6a68085;439808;OK;1803;0;0;0;0;-0,01;1,82;0;0;616;768;"";128,551;19,28;465,222;63,96;20,893;0,83;1,535;0,22;9,569;1,66;8,257;11,0;10,038;11,0;11,255;11,0;1243,105;130,87;395,439;48,42;47,02;14,62;1,824;10,09;1,097;10,02;0,787;10,0;2,172;20,811;0,54;28,94;3,42;5,265;0,55;2,256;1,48;953,705;1,0;"";"";18,892;2,54;103,57;12,62;"";"";13,0;20,0;13,0;"";"";"";"";"";"";"";"";"";"";"";"";"";"";"";"";"";"";"";"";"";"";"";"";"";"";"";"";"";"";"";"";"";"";"";"";"";"";"";"";"";"";"";"";"";"";"";"";"";"";"";"";"";"";"";"";"";"";"";"";"";"";"";"";""
03.12.2022 22:31:20;1670103080000;880f01e687e2572cea04e80fc6a68085;439929;OK;1805;0;0;0;0;-0,01;-7,94;0;0;642;768;"";128,115;19,22;461,985;63,86;20,897;0,83;1,536;0,22;9,613;1,66;7,626;11,0;9,465;11,0;10,513;11,0;1201,221;126,9;377,366;46,72;52,626;15,15;1,689;10,06;1,136;10,0;0,462;10,0;2,13;20,808;0,54;28,936;3,42;5,264;0,55;2,252;1,48;953,7089;1,0;"";"";18,899;2,54;103,436;12,61;"";"";13,0;20,0;13,0;"";"";"";"";"";"";"";"";"";"";"";"";"";"";"";"";"";"";"";"";"";"";"";"";"";"";"";"";"";"";"";"";"";"";"";"";"";"";"";"";"";"";"";"";"";"";"";"";"";"";"";"";"";"";"";"";"";"";"";"";"";"";"";"";""
03.12.2022 22:33:20;1670103200000;880f01e687e2572cea04e80fc6a68085;440049;OK;1807;0;0;0;0;-0,01;-6,43;0;0;630;769;"";126,675;19,0;462,778;63,88;20,896;0,83;1,535;0,22;9,59;1,66;7,901;11,0;10,285;11,0;10,804;11,0;1210,516;127,7;384,935;47,41;49,189;14,85;1,429;10,05;1,034;10,0;0,108;10,0;1,756;20,804;0,54;28,936;3,42;5,262;0,55;2,248;1,48;953,7169;1,0;"";"";18,907;2,54;103,445;12,61;"";"";13,0;20,0;13,0;"";"";"";"";"";"";"";"";"";"";"";"";"";"";"";"";"";"";"";"";"";"";"";"";"";"";"";"";"";"";"";"";"";"";"";"";"";"";"";"";"";"";"";"";"";"";"";"";"";"";"";"";"";"";"";"";"";"";"";"";"";"";"";"";""
03.12.2022 22:35:22;1670103322000;880f01e687e2572cea04e80fc6a68085;440170;OK;1814;0;0;0;0;-0,01;-8,09;0;0;649;769;"";125,941;18,89;461,081;63,83;20,892;0,83;1,535;0,22;9,547;1,66;7,442;11,0;8,988;11,0;10,196;11,0;1142,237;121,1;354,352;44,48;45,853;14,5;1,643;10,16;1,468;10,13;0,181;10,0;2,132;20,797;0,54;28,936;3,42;5,26;0,55;2,242;1,48;953,69;1,0;"";"";18,888;2,54;103,502;12,61;"";"";13,0;20,0;13,0;"";"";"";"";"";"";"";"";"";"";"";"";"";"";"";"";"";"";"";"";"";"";"";"";"";"";"";"";"";"";"";"";"";"";"";"";"";"";"";"";"";"";"";"";"";"";"";"";"";"";"";"";"";"";"";"";"";"";"";"";"";"";"";"";""
03.12.2022 22:37:22;1670103442000;880f01e687e2572cea04e80fc6a68085;440291;OK;1796;0;0;0;0;-0,01;-9,69;0;0;615;769;"";125,589;18,84;459,028;63,77;20,89;0,83;1,535;0,22;9,593;1,66;8,3;10,99;10,804;11,0;12,415;11,0;1189,293;125,69;374,826;46,46;50,463;14,9;4,456;10,56;2,42;10,23;0,509;10,0;2,416;20,795;0,54;28,936;3,42;5,26;0,55;2,24;1,48;953,669;1,0;"";"";18,785;2,54;103,742;12,63;"";"";13,0;20,0;13,0;"";"";"";"";"";"";"";"";"";"";"";"";"";"";"";"";"";"";"";"";"";"";"";"";"";"";"";"";"";"";"";"";"";"";"";"";"";"";"";"";"";"";"";"";"";"";"";"";"";"";"";"";"";"";"";"";"";"";"";"";"";"";"";"";""
03.12.2022 22:39:21;1670103561000;880f01e687e2572cea04e80fc6a68085;440410;OK;1810;0;0;0;0;-0,01;-9,32;0;0;629;769;"";126,805;19,02;460,929;63,83;20,896;0,83;1,535;0,22;9,646;1,66;7,957;10,98;10,526;11,0;11,48;11,0;1214,651;128,13;384,371;47,43;49,207;14,77;3,236;10,28;1,192;10,06;0,054;10,0;2,077;20,788;0,54;28,936;3,42;5,258;0,55;2,234;1,48;953,6429;1,0;"";"";18,866;2,54;104,01;12,64;"";"";13,0;20,0;13,0;"";"";"";"";"";"";"";"";"";"";"";"";"";"";"";"";"";"";"";"";"";"";"";"";"";"";"";"";"";"";"";"";"";"";"";"";"";"";"";"";"";"";"";"";"";"";"";"";"";"";"";"";"";"";"";"";"";"";"";"";"";"";"";"";""
03.12.2022 22:41:23;1670103683000;880f01e687e2572cea04e80fc6a68085;440532;OK;1787;0;0;0;0;-0,01;-1,71;0;0;637;769;"";126,265;18,94;460,216;63,81;20,896;0,83;1,535;0,22;9,706;1,66;7,74;11,0;9,348;11,0;9,957;11,0;1191,786;125,9;372,066;46,19;42,133;14,12;1,602;10,03;0,908;10,01;0,005;10,0;1,765;20,785;0,54;28,937;3,42;5,257;0,55;2,232;1,48;953,598;1,0;"";"";18,978;2,53;104,499;12,67;"";"";13,0;20,0;13,0;"";"";"";"";"";"";"";"";"";"";"";"";"";"";"";"";"";"";"";"";"";"";"";"";"";"";"";"";"";"";"";"";"";"";"";"";"";"";"";"";"";"";"";"";"";"";"";"";"";"";"";"";"";"";"";"";"";"";"";"";"";"";"";"";""
03.12.2022 22:43:22;1670103802000;880f01e687e2572cea04e80fc6a68085;440651;OK;1809;0;0;0;0;-0,01;2,6;0;0;675;769;"";125,375;18,81;459,455;63,78;20,894;0,83;1,535;0,22;9,688;1,66;6,841;11,0;9,226;11,0;10,517;11,0;1101,67;117,15;348,264;43,91;52,219;15,09;2,358;10,22;1,09;10,0;0,001;10,0;2,406;20,781;0,54;28,937;3,42;5,255;0,55;2,228;1,48;953,638;1,0;"";"";19,005;2,53;104,685;12,68;"";"";13,0;20,0;13,0;"";"";"";"";"";"";"";"";"";"";"";"";"";"";"";"";"";"";"";"";"";"";"";"";"";"";"";"";"";"";"";"";"";"";"";"";"";"";"";"";"";"";"";"";"";"";"";"";"";"";"";"";"";"";"";"";"";"";"";"";"";"";"";"";""
03.12.2022 22:45:23;1670103923000;880f01e687e2572cea04e80fc6a68085;440772;OK;1801;0;0;0;0;-0,01;-1,56;0;0;652;769;"";124,234;18,64;459,997;63,8;20,896;0,83;1,534;0,21;9,637;1,66;7,369;11,0;9,859;11,0;12,301;11,05;1121,099;119,04;353,763;44,31;48,562;14,77;4,056;10,37;2,44;10,26;0,562;10,0;3,013;20,778;0,54;28,937;3,42;5,254;0,55;2,226;1,48;953,684;1,0;"";"";18,987;2,53;104,688;12,68;"";"";13,0;20,0;13,0;"";"";"";"";"";"";"";"";"";"";"";"";"";"";"";"";"";"";"";"";"";"";"";"";"";"";"";"";"";"";"";"";"";"";"";"";"";"";"";"";"";"";"";"";"";"";"";"";"";"";"";"";"";"";"";"";"";"";"";"";"";"";"";"";""
03.12.2022 22:47:25;1670104045000;880f01e687e2572cea04e80fc6a68085;440893;OK;1789;0;0;0;0;-0,01;2,52;0;0;623;769;"";123,996;18,6;460,889;63,83;20,895;0,83;1,534;0,21;9,626;1,66;8,079;11,0;10,163;11,0;11,711;11,01;1204,408;127,18;376,508;46,67;42,369;14,26;2,792;10,11;1,968;10,04;0,747;10,0;2,426;20,775;0,54;28,937;3,42;5,253;0,55;2,223;1,48;953,6909;1,0;"";"";18,885;2,54;104,72;12,68;"";"";13,0;20,0;13,0;"";"";"";"";"";"";"";"";"";"";"";"";"";"";"";"";"";"";"";"";"";"";"";"";"";"";"";"";"";"";"";"";"";"";"";"";"";"";"";"";"";"";"";"";"";"";"";"";"";"";"";"";"";"";"";"";"";"";"";"";"";"";"";"";""
03.12.2022 22:49:25;1670104165000;880f01e687e2572cea04e80fc6a68085;441013;OK;1807;0;0;0;0;0,0;5,67;0;0;650;770;"";125,321;18,8;461,64;63,85;20,896;0,83;1,534;0,21;9,674;1,66;7,429;11,0;10,087;11,0;10,785;11,0;1148,392;121,67;359,869;44,98;51,812;15,07;1,944;10,18;1,304;10,08;0,08;10,0;1,913;20,77;0,54;28,971;3,42;5,258;0,55;2,235;1,48;953,6699;1,0;"";"";18,892;2,54;104,89;12,69;"";"";13,0;20,0;13,0;"";"";"";"";"";"";"";"";"";"";"";"";"";"";"";"";"";"";"";"";"";"";"";"";"";"";"";"";"";"";"";"";"";"";"";"";"";"";"";"";"";"";"";"";"";"";"";"";"";"";"";"";"";"";"";"";"";"";"";"";"";"";"";"";""
03.12.2022 22:51:24;1670104284000;880f01e687e2572cea04e80fc6a68085;441133;OK;1805;0;0;0;0;0,01;-1,36;0;0;613;769;"";124,453;18,67;458,733;63,76;20,897;0,83;1,534;0,21;9,654;1,66;8,321;11,0;10,077;11,0;11,991;11,0;1220,033;128,64;382,128;47,16;49,843;14,92;3,851;10,4;2,976;10,27;0,009;10,0;2,586;20,767;0,54;28,958;3,42;5,255;0,55;2,226;1,48;953,644;1,0;"";"";18,962;2,54;105,022;12,69;"";"";13,287;19,85;45,3;"";"";"";"";"";"";"";"";"";"";"";"";"";"";"";"";"";"";"";"";"";"";"";"";"";"";"";"";"";"";"";"";"";"";"";"";"";"";"";"";"";"";"";"";"";"";"";"";"";"";"";"";"";"";"";"";"";"";"";"";"";"";"";"";""
03.12.2022 22:53:24;1670104404000;880f01e687e2572cea04e80fc6a68085;441252;OK;1799;0;0;0;0;-0,01;-8,06;0;0;633;769;"";124,55;18,68;458,654;63,76;20,897;0,83;1,535;0,22;9,57;1,66;7,82;11,0;9,418;11,0;10,681;11,0;1161,902;123,0;367,643;45,75;39,572;13,9;2,638;10,2;1,397;10,04;0,001;10,0;2,261;20,764;0,54;28,94;3,42;5,251;0,55;2,215;1,48;953,64;1,0;"";"";18,924;2,54;104,952;12,69;"";"";13,031;19,98;13,0;"";"";"";"";"";"";"";"";"";"";"";"";"";"";"";"";"";"";"";"";"";"";"";"";"";"";"";"";"";"";"";"";"";"";"";"";"";"";"";"";"";"";"";"";"";"";"";"";"";"";"";"";"";"";"";"";"";"";"";"";"";"";"";"";""
03.12.2022 22:55:25;1670104525000;880f01e687e2572cea04e80fc6a68085;441374;OK;1803;0;0;0;0;-0,03;-5,85;0;0;630;769;"";122,093;18,31;460,158;63,8;20,896;0,83;1,534;0,22;9,551;1,66;7,909;11,0;10,417;11,0;10,767;11,0;1232,668;129,8;385,828;47,57;57,813;15,64;0,85;10,02;0,144;10,0;0,0;10,0;1,634;20,761;0,54;28,938;3,42;5,249;0,55;2,211;1,48;953,665;1,0;"";"";18,798;2,54;104,606;12,67;"";"";13,003;20,0;13,0;"";"";"";"";"";"";"";"";"";"";"";"";"";"";"";"";"";"";"";"";"";"";"";"";"";"";"";"";"";"";"";"";"";"";"";"";"";"";"";"";"";"";"";"";"";"";"";"";"";"";"";"";"";"";"";"";"";"";"";"";"";"";"";"";""
03.12.2022 22:57:26;1670104646000;880f01e687e2572cea04e80fc6a68085;441495;OK;1787;0;0;0;0;-0,03;3,96;0;0;618;769;"";123,333;18,5;460,733;63,82;20,895;0,83;1,535;0,22;9,573;1,66;8,201;11,0;10,905;11,0;11,226;11,02;1249,602;131,51;400,805;48,99;47,389;14,68;2,04;10,11;0,292;10,0;0,0;10,0;1,579;20,755;0,54;28,938;3,42;5,248;0,55;2,206;1,48;953,667;1,0;"";"";18,718;2,55;104,471;12,67;"";"";13,0;20,0;13,0;"";"";"";"";"";"";"";"";"";"";"";"";"";"";"";"";"";"";"";"";"";"";"";"";"";"";"";"";"";"";"";"";"";"";"";"";"";"";"";"";"";"";"";"";"";"";"";"";"";"";"";"";"";"";"";"";"";"";"";"";"";"";"";"";""
03.12.2022 22:59:25;1670104765000;880f01e687e2572cea04e80fc6a68085;441614;OK;1794;0;0;0;0;-0,01;3,31;0;0;616;770;"";123,796;18,57;458,757;63,76;20,889;0,83;1,534;0,21;9,552;1,66;8,249;11,0;10,758;11,0;12,831;11,08;1249,884;131,52;393,707;48,26;51,041;15,01;4,77;10,52;3,148;10,26;0,658;10,0;2,591;20,748;0,54;28,938;3,42;5,246;0,55;2,2;1,48;953,6799;1,0;"";"";18,739;2,55;104,492;12,67;"";"";13,0;20,0;13,0;"";"";"";"";"";"";"";"";"";"";"";"";"";"";"";"";"";"";"";"";"";"";"";"";"";"";"";"";"";"";"";"";"";"";"";"";"";"";"";"";"";"";"";"";"";"";"";"";"";"";"";"";"";"";"";"";"";"";"";"";"";"";"";"";""
03.12.2022 23:01:25;1670104885000;880f01e687e2572cea04e80fc6a68085;441734;OK;1795;0;0;0;0;-0,02;-1,54;0;0;634;770;"";125,134;18,77;460,107;63,8;20,894;0,83;1,534;0,21;9,599;1,66;7,822;11,0;9,949;11,0;11,228;11,01;1194,82;126,22;374,743;46,42;49,011;14,8;2,059;10,13;1,346;10,03;0,463;10,0;2,282;20,74;0,54;28,939;3,42;5,243;0,55;2,194;1,48;953,688;1,0;"";"";18,779;2,54;104,692;12,68;"";"";13,0;20,0;13,0;"";"";"";"";"";"";"";"";"";"";"";"";"";"";"";"";"";"";"";"";"";"";"";"";"";"";"";"";"";"";"";"";"";"";"";"";"";"";"";"";"";"";"";"";"";"";"";"";"";"";"";"";"";"";"";"";"";"";"";"";"";"";"";"";""
03.12.2022 23:03:24;1670105004000;880f01e687e2572cea04e80fc6a68085;441853;OK;1816;0;0;0;0;-0,01;-1,12;0;0;621;770;"";123,148;18,47;459,76;63,79;20,895;0,83;1,533;0,21;9,641;1,66;8,125;11,0;9,911;11,0;10,589;11,0;1238,559;130,41;384,885;47,47;42,322;14,24;3,063;10,29;0,8450001;10,04;0,049;10,0;1,788;20,738;0,54;28,939;3,42;5,243;0,55;2,192;1,48;953,702;1,0;"";"";18,772;2,54;104,827;12,68;"";"";13,0;20,0;13,0;"";"";"";"";"";"";"";"";"";"";"";"";"";"";"";"";"";"";"";"";"";"";"";"";"";"";"";"";"";"";"";"";"";"";"";"";"";"";"";"";"";"";"";"";"";"";"";"";"";"";"";"";"";"";"";"";"";"";"";"";"";"";"";"";""
03.12.2022 23:05:26;1670105126000;880f01e687e2572cea04e80fc6a68085;441974;OK;1808;0;0;0;0;-0,01;0,86;0;0;643;770;"";122,498;18,37;459,564;63,79;20,892;0,83;1,533;0,21;9,598;1,66;7,593;11,0;9,293;11,0;10,843;11,0;1175,285;124,27;367,629;45,76;38,495;13,87;3,31;10,28;1,362;10,17;0,641;10,0;2,506;20,733;0,54;28,939;3,42;5,241;0,55;2,188;1,48;953,743;1,0;"";"";18,758;2,55;104,936;12,69;"";"";13,0;20,0;13,0;"";"";"";"";"";"";"";"";"";"";"";"";"";"";"";"";"";"";"";"";"";"";"";"";"";"";"";"";"";"";"";"";"";"";"";"";"";"";"";"";"";"";"";"";"";"";"";"";"";"";"";"";"";"";"";"";"";"";"";"";"";"";"";"";""
03.12.2022 23:07:26;1670105246000;880f01e687e2572cea04e80fc6a68085;442095;OK;1793;0;0;0;0;-0,01;-8,78;0;0;632;770;"";121,247;18,19;457,068;63,71;20,891;0,83;1,533;0,21;9,595;1,66;7,851;11,0;10,194;11,0;11,874;11,06;1240,956;130,67;392,564;48,18;45,988;14,56;3,707;10,33;1,644;10,18;0,574;10,0;2,481;20,73;0,54;28,939;3,42;5,24;0,55;2,185;1,48;953,792;1,0;"";"";18,865;2,54;104,933;12,69;"";"";13,0;20,0;13,0;"";"";"";"";"";"";"";"";"";"";"";"";"";"";"";"";"";"";"";"";"";"";"";"";"";"";"";"";"";"";"";"";"";"";"";"";"";"";"";"";"";"";"";"";"";"";"";"";"";"";"";"";"";"";"";"";"";"";"";"";"";"";"";"";""
03.12.2022 23:09:28;1670105368000;880f01e687e2572cea04e80fc6a68085;442216;OK;1810;0;0;0;0;-0,01;-8,94;0;0;613;770;"";120,971;18,15;457,247;63,72;20,893;0,83;1,533;0,21;9,612;1,66;8,332;11,0;11,027;11,0;11,825;11,01;1262,678;132,74;401,829;49,05;47,782;14,73;1,607;10,21;0,79;10,02;0,188;10,0;1,918;20,727;0,54;28,939;3,42;5,239;0,55;2,183;1,48;953,733;1,0;"";"";18,682;2,55;105,067;12,7;"";"";13,0;20,0;13,0;"";"";"";"";"";"";"";"";"";"";"";"";"";"";"";"";"";"";"";"";"";"";"";"";"";"";"";"";"";"";"";"";"";"";"";"";"";"";"";"";"";"";"";"";"";"";"";"";"";"";"";"";"";"";"";"";"";"";"";"";"";"";"";"";""
03.12.2022 23:11:27;1670105487000;880f01e687e2572cea04e80fc6a68085;442336;OK;1799;0;0;0;0;-0,01;-0,91;0;0;610;770;"";123,202;18,48;458,497;63,75;20,894;0,83;1,533;0,21;9,634;1,66;8,395;11,0;10,553;11,0;12,042;11,02;1229,578;129,54;385,172;47,44;46,847;14,64;2,697;10,22;1,511;10,15;0,02;10,0;2,268;20,723;0,54;28,94;3,42;5,238;0,55;2,179;1,48;953,686;1,0;"";"";18,715;2,55;104,943;12,69;"";"";13,0;20,0;13,0;"";"";"";"";"";"";"";"";"";"";"";"";"";"";"";"";"";"";"";"";"";"";"";"";"";"";"";"";"";"";"";"";"";"";"";"";"";"";"";"";"";"";"";"";"";"";"";"";"";"";"";"";"";"";"";"";"";"";"";"";"";"";"";"";""
03.12.2022 23:13:27;1670105607000;880f01e687e2572cea04e80fc6a68085;442456;OK;1793;0;0;0;0;-0,01;9,02;0;0;642;770;"";122,769;18,42;459,645;63,79;20,893;0,83;1,532;0,21;9,662;1,66;7,637;10,97;9,875;11,0;10,472;11,0;1211,298;127,79;382,51;47,22;43,729;14,33;1,854;10,17;0,734;10,04;0,002;10,0;1,771;20,718;0,54;28,94;3,42;5,237;0,55;2,175;1,48;953,7;1,0;"";"";18,726;2,55;104,855;12,69;"";"";13,0;20,0;13,0;"";"";"";"";"";"";"";"";"";"";"";"";"";"";"";"";"";"";"";"";"";"";"";"";"";"";"";"";"";"";"";"";"";"";"";"";"";"";"";"";"";"";"";"";"";"";"";"";"";"";"";"";"";"";"";"";"";"";"";"";"";"";"";"";""
03.12.2022 23:15:28;1670105728000;880f01e687e2572cea04e80fc6a68085;442576;OK;1795;0;0;0;0;-0,01;-0,27;0;0;641;770;"";122,415;18,36;457,198;63,72;20,892;0,83;1,532;0,21;9,688;1,66;7,63;11,0;9,062;11,0;10,084;11,0;1211,476;127,84;382,235;47,18;36,931;13,7;1,484;10,11;1,101;10,07;0,267;10,0;2,007;20,712;0,54;28,94;3,42;5,235;0,55;2,171;1,48;953,7089;1,0;"";"";18,759;2,55;104,823;12,69;"";"";13,0;20,0;13,0;"";"";"";"";"";"";"";"";"";"";"";"";"";"";"";"";"";"";"";"";"";"";"";"";"";"";"";"";"";"";"";"";"";"";"";"";"";"";"";"";"";"";"";"";"";"";"";"";"";"";"";"";"";"";"";"";"";"";"";"";"";"";"";"";""
03.12.2022 23:17:28;1670105848000;880f01e687e2572cea04e80fc6a68085;442697;OK;1806;0;0;0;0;0,02;-5,01;0;0;630;771;"";124,55;18,68;457,888;63,74;20,893;0,83;1,532;0,21;9,73;1,66;7,916;11,0;10,157;11,0;10,611;11,0;1224,824;129,11;388,82;47,75;46,996;14,65;1,639;10,08;0,333;10,01;0,028;10,0;1,658;20,708;0,54;29,025;3,42;5,249;0,55;2,208;1,47;953,6909;1,0;"";"";18,784;2,54;104,955;12,69;"";"";13,0;20,0;13,0;"";"";"";"";"";"";"";"";"";"";"";"";"";"";"";"";"";"";"";"";"";"";"";"";"";"";"";"";"";"";"";"";"";"";"";"";"";"";"";"";"";"";"";"";"";"";"";"";"";"";"";"";"";"";"";"";"";"";"";"";"";"";"";"";""
03.12.2022 23:19:28;1670105968000;880f01e687e2572cea04e80fc6a68085;442817;OK;1794;0;0;0;0;0,02;-4,35;0;0;675;771;"";123,909;18,59;457,447;63,72;20,892;0,83;1,532;0,21;9,651;1,66;6,83;10,93;9,113;11,0;9,566;11,0;1155,491;122,39;362,08;45,16;47,614;14,63;1,66;10,02;0,616;10,0;0,003;10,0;1,786;20,704;0,54;28,966;3,42;5,237;0,55;2,176;1,48;953,6989;1,0;"";"";18,813;2,54;105,122;12,7;"";"";13,0;20,0;13,0;"";"";"";"";"";"";"";"";"";"";"";"";"";"";"";"";"";"";"";"";"";"";"";"";"";"";"";"";"";"";"";"";"";"";"";"";"";"";"";"";"";"";"";"";"";"";"";"";"";"";"";"";"";"";"";"";"";"";"";"";"";"";"";"";""
03.12.2022 23:21:31;1670106091000;880f01e687e2572cea04e80fc6a68085;442939;OK;1807;0;0;0;0;-0,01;2,92;0;0;656;771;"";121,697;18,25;458,189;63,75;20,892;0,83;1,531;0,21;9,665;1,66;7,285;10,99;9,37;11,0;10,278;11,0;1139,667;120,82;363,401;45,4;53,828;15,32;1,515;10,08;1,269;10,07;0,37;10,0;2,039;20,7;0,54;28,949;3,42;5,233;0,55;2,165;1,48;953,736;1,0;"";"";18,832;2,54;105,286;12,71;"";"";13,0;20,0;13,0;"";"";"";"";"";"";"";"";"";"";"";"";"";"";"";"";"";"";"";"";"";"";"";"";"";"";"";"";"";"";"";"";"";"";"";"";"";"";"";"";"";"";"";"";"";"";"";"";"";"";"";"";"";"";"";"";"";"";"";"";"";"";"";"";""
03.12.2022 23:23:30;1670106210000;880f01e687e2572cea04e80fc6a68085;443059;OK;1813;0;0;0;0;-0,04;-3,11;0;0;643;771;"";121,185;18,18;457,001;63,71;20,89;0,83;1,531;0,21;9,629;1,66;7,581;11,0;10,465;11,0;11,149;11,0;1198,615;126,63;379,942;46,99;50,257;14,96;3,309;10,24;0,409;10,01;0,039;10,0;1,93;20,697;0,54;28,955;3,42;5,233;0,55;2,165;1,48;953,761;1,0;"";"";18,73;2,55;105,447;12,72;"";"";13,0;20,0;13,0;"";"";"";"";"";"";"";"";"";"";"";"";"";"";"";"";"";"";"";"";"";"";"";"";"";"";"";"";"";"";"";"";"";"";"";"";"";"";"";"";"";"";"";"";"";"";"";"";"";"";"";"";"";"";"";"";"";"";"";"";"";"";"";"";""
03.12.2022 23:25:31;1670106331000;880f01e687e2572cea04e80fc6a68085;443180;OK;1790;0;0;0;0;-0,01;2,77;0;0;645;771;"";121,908;18,29;459,315;63,78;20,891;0,83;1,531;0,21;9,642;1,66;7,552;10,95;10,75;11,0;12,548;11,26;1242,819;130,82;392,965;48,19;55,327;15,45;3,667;10,32;2,255;10,18;0,004;10,0;2,473;20,695;0,54;28,953;3,42;5,232;0,55;2,162;1,48;953,7169;1,0;"";"";18,839;2,54;105,48;12,72;"";"";13,0;20,0;13,0;"";"";"";"";"";"";"";"";"";"";"";"";"";"";"";"";"";"";"";"";"";"";"";"";"";"";"";"";"";"";"";"";"";"";"";"";"";"";"";"";"";"";"";"";"";"";"";"";"";"";"";"";"";"";"";"";"";"";"";"";"";"";"";"";""
03.12.2022 23:27:30;1670106450000;880f01e687e2572cea04e80fc6a68085;443299;OK;1803;0;0;0;0;0,0;3,11;0;0;687;771;"";122,516;18,38;458,755;63,76;20,891;0,83;1,531;0,21;9,692;1,66;6,567;10,91;9,228;11,0;10,18;11,03;1133,539;120,26;354,273;44,41;48,785;14,82;3,016;10,16;1,141;10,02;0,0;10,0;2,181;20,693;0,54;28,966;3,42;5,234;0,55;2,166;1,48;953,684;1,0;"";"";18,756;2,55;105,555;12,72;"";"";13,0;20,0;13,0;"";"";"";"";"";"";"";"";"";"";"";"";"";"";"";"";"";"";"";"";"";"";"";"";"";"";"";"";"";"";"";"";"";"";"";"";"";"";"";"";"";"";"";"";"";"";"";"";"";"";"";"";"";"";"";"";"";"";"";"";"";"";"";"";""
03.12.2022 23:29:31;1670106571000;880f01e687e2572cea04e80fc6a68085;443420;OK;1807;0;0;0;0;-0,01;-2,3;0;0;672;771;"";121,405;18,21;456,763;63,7;20,891;0,83;1,53;0,21;9,733;1,66;6,921;10,94;10,165;11,0;10,515;11,0;1136,979;120,56;357,91;44,82;52,239;15,12;2,054;10,17;0,4;10,0;0,0;10,0;1,737;20,689;0,54;28,957;3,42;5,231;0,55;2,159;1,48;953,661;1,0;"";"";18,814;2,54;105,464;12,72;"";"";13,0;20,0;13,0;"";"";"";"";"";"";"";"";"";"";"";"";"";"";"";"";"";"";"";"";"";"";"";"";"";"";"";"";"";"";"";"";"";"";"";"";"";"";"";"";"";"";"";"";"";"";"";"";"";"";"";"";"";"";"";"";"";"";"";"";"";"";"";"";""
03.12.2022 23:31:31;1670106691000;880f01e687e2572cea04e80fc6a68085;443541;OK;1788;0;0;0;0;-0,01;-12,77;0;0;675;771;"";121,403;18,21;454,715;63,64;20,892;0,83;1,53;0,21;9,683;1,66;6,821;10,99;9,094;11,0;9,812;11,0;1115,615;118,51;350,934;44,15;51,574;15,08;3,507;10,4;0,764;10,0;0,0;10,0;1,979;20,688;0,54;28,956;3,42;5,231;0,55;2,158;1,48;953,648;1,0;"";"";18,793;2,54;105,417;12,72;"";"";13,0;20,0;13,0;"";"";"";"";"";"";"";"";"";"";"";"";"";"";"";"";"";"";"";"";"";"";"";"";"";"";"";"";"";"";"";"";"";"";"";"";"";"";"";"";"";"";"";"";"";"";"";"";"";"";"";"";"";"";"";"";"";"";"";"";"";"";"";"";""
03.12.2022 23:33:33;1670106813000;880f01e687e2572cea04e80fc6a68085;443662;OK;1807;0;0;0;0;-0,01;-9,23;0;0;646;771;"";121,033;18,15;455,297;63,66;20,892;0,83;1,53;0,21;9,731;1,66;7,522;11,0;9,472;11,0;9,702;11,0;1197,094;126,37;369,287;45,82;48,25;14,71;0,83;10,04;0,547;10,0;0,0;10,0;1,497;20,683;0,54;28,957;3,42;5,229;0,55;2,154;1,48;953,6019;1,0;"";"";18,837;2,54;105,08;12,7;"";"";13,0;20,0;13,0;"";"";"";"";"";"";"";"";"";"";"";"";"";"";"";"";"";"";"";"";"";"";"";"";"";"";"";"";"";"";"";"";"";"";"";"";"";"";"";"";"";"";"";"";"";"";"";"";"";"";"";"";"";"";"";"";"";"";"";"";"";"";"";"";""
03.12.2022 23:35:34;1670106934000;880f01e687e2572cea04e80fc6a68085;443783;OK;1794;0;0;0;0;-0,01;-6,35;0;0;677;771;"";120,298;18,04;453,986;63,62;20,892;0,83;1,53;0,21;9,758;1,65;6,82;10,82;8,969;11,0;9,625;11,0;1122,845;119,13;354,722;44,49;43,26;14,24;2,418;10,13;0,988;10,0;0,0;10,0;1,967;20,678;0,54;28,957;3,42;5,228;0,55;2,149;1,48;953,5729;1,0;"";"";18,787;2,54;104,79;12,68;"";"";13,0;20,0;13,0;"";"";"";"";"";"";"";"";"";"";"";"";"";"";"";"";"";"";"";"";"";"";"";"";"";"";"";"";"";"";"";"";"";"";"";"";"";"";"";"";"";"";"";"";"";"";"";"";"";"";"";"";"";"";"";"";"";"";"";"";"";"";"";"";""
03.12.2022 23:37:33;1670107053000;880f01e687e2572cea04e80fc6a68085;443902;OK;1808;0;0;0;0;-0,01;-2,27;0;0;677;771;"";119,722;17,96;454,897;63,65;20,893;0,83;1,529;0,21;9,749;1,65;6,796;10,92;9,265;11,0;11,511;11,0;1170,846;123,82;370,041;46,05;45,607;14,46;5,73;10,62;3,372;10,31;0,552;10,0;3,063;20,673;0,54;28,958;3,42;5,226;0,55;2,146;1,48;953,533;1,0;"";"";18,756;2,55;104,695;12,68;"";"";13,0;20,0;13,0;"";"";"";"";"";"";"";"";"";"";"";"";"";"";"";"";"";"";"";"";"";"";"";"";"";"";"";"";"";"";"";"";"";"";"";"";"";"";"";"";"";"";"";"";"";"";"";"";"";"";"";"";"";"";"";"";"";"";"";"";"";"";"";"";""
03.12.2022 23:39:35;1670107175000;880f01e687e2572cea04e80fc6a68085;444023;OK;1799;0;0;0;0;-0,01;-4,72;0;0;673;771;"";121,036;18,16;453,327;63,6;20,892;0,83;1,529;0,21;9,681;1,66;6,891;10,96;8,715;11,0;9,906;11,0;1099,046;116,86;348,236;43,89;38,63;13,8;2,64;10,14;1,785;10,09;0,09;10,0;2,295;20,67;0,54;28,96;3,42;5,226;0,55;2,144;1,48;953,525;1,0;"";"";18,761;2,55;104,627;12,67;"";"";13,0;20,0;13,0;"";"";"";"";"";"";"";"";"";"";"";"";"";"";"";"";"";"";"";"";"";"";"";"";"";"";"";"";"";"";"";"";"";"";"";"";"";"";"";"";"";"";"";"";"";"";"";"";"";"";"";"";"";"";"";"";"";"";"";"";"";"";"";"";""
03.12.2022 23:41:35;1670107295000;880f01e687e2572cea04e80fc6a68085;444144;OK;1815;0;0;0;0;0,0;1,93;0;0;657;772;"";120,515;18,08;455,132;63,65;20,892;0,83;1,529;0,21;9,727;1,66;7,263;11,0;8,175;11,0;9,414;11,0;1199,061;126,63;376,457;46,62;32,987;13,26;1,777;10,12;1,544;10,11;0,009;10,0;2,242;20,668;0,54;28,994;3,42;5,231;0,55;2,158;1,47;953,549;1,0;"";"";18,706;2,55;104,544;12,67;"";"";13,0;20,0;13,0;"";"";"";"";"";"";"";"";"";"";"";"";"";"";"";"";"";"";"";"";"";"";"";"";"";"";"";"";"";"";"";"";"";"";"";"";"";"";"";"";"";"";"";"";"";"";"";"";"";"";"";"";"";"";"";"";"";"";"";"";"";"";"";"";""
03.12.2022 23:43:36;1670107416000;880f01e687e2572cea04e80fc6a68085;444265;OK;1800;0;0;0;0;0,03;5,04;0;0;636;772;"";121,128;18,17;456,428;63,69;20,89;0,83;1,529;0,21;9,756;1,65;7,767;11,0;9,936;11,0;11,101;11,02;1170,338;123,83;370,393;46,0;41,116;14,04;2,95;10,29;1,045;10,05;0,143;10,0;2,161;20,665;0,54;29,026;3,42;5,236;0,55;2,171;1,47;953,5219;1,0;"";"";18,733;2,55;104,302;12,66;"";"";13,0;20,0;13,0;"";"";"";"";"";"";"";"";"";"";"";"";"";"";"";"";"";"";"";"";"";"";"";"";"";"";"";"";"";"";"";"";"";"";"";"";"";"";"";"";"";"";"";"";"";"";"";"";"";"";"";"";"";"";"";"";"";"";"";"";"";"";"";"";""
03.12.2022 23:45:37;1670107537000;880f01e687e2572cea04e80fc6a68085;444386;OK;1789;0;0;0;0;0,03;6,85;0;0;687;772;"";122,649;18,4;456,554;63,7;20,892;0,83;1,529;0,21;9,741;1,66;6,56;10,85;8,523;11,0;9,363;11,0;1088,951;115,89;340,801;43,19;36,054;13,55;2,062;10,2;1,086;10,01;0,253;10,0;2,09;20,66;0,54;29,035;3,42;5,236;0,55;2,172;1,47;953,4781;1,0;"";"";18,783;2,54;104,099;12,65;"";"";13,0;20,0;13,0;"";"";"";"";"";"";"";"";"";"";"";"";"";"";"";"";"";"";"";"";"";"";"";"";"";"";"";"";"";"";"";"";"";"";"";"";"";"";"";"";"";"";"";"";"";"";"";"";"";"";"";"";"";"";"";"";"";"";"";"";"";"";"";"";""
03.12.2022 23:47:37;1670107657000;880f01e687e2572cea04e80fc6a68085;444506;OK;1802;0;0;0;0;-0,01;-0,89;0;0;639;772;"";121,381;18,21;456,103;63,68;20,887;0,83;1,528;0,21;9,756;1,65;7,71;10,97;10,8;11,0;12,076;11,11;1292,645;135,71;408,434;49,73;56,893;15,59;3,948;10,36;1,426;10,12;0,026;10,0;2,268;20,657;0,54;28,989;3,42;5,227;0,55;2,147;1,47;953,428;1,0;"";"";18,798;2,54;104,07;12,65;"";"";13,0;20,0;13,0;"";"";"";"";"";"";"";"";"";"";"";"";"";"";"";"";"";"";"";"";"";"";"";"";"";"";"";"";"";"";"";"";"";"";"";"";"";"";"";"";"";"";"";"";"";"";"";"";"";"";"";"";"";"";"";"";"";"";"";"";"";"";"";"";""
03.12.2022 23:49:37;1670107777000;880f01e687e2572cea04e80fc6a68085;444626;OK;1803;0;0;0;0;-0,05;-6,42;0;0;655;772;"";119,403;17,91;455,21;63,66;20,888;0,83;1,527;0,21;9,736;1,66;7,308;11,0;9,747;11,0;11,034;11,02;1222,956;128,95;383,526;47,3;47,886;14,63;3,357;10,4;1,526;10,03;0,003;10,0;2,355;20,654;0,54;28,965;3,42;5,222;0,55;2,132;1,48;953,392;1,0;"";"";18,791;2,54;104,098;12,65;"";"";13,0;20,0;13,0;"";"";"";"";"";"";"";"";"";"";"";"";"";"";"";"";"";"";"";"";"";"";"";"";"";"";"";"";"";"";"";"";"";"";"";"";"";"";"";"";"";"";"";"";"";"";"";"";"";"";"";"";"";"";"";"";"";"";"";"";"";"";"";"";""
03.12.2022 23:51:38;1670107898000;880f01e687e2572cea04e80fc6a68085;444747;OK;1811;0;0;0;0;-0,04;1,64;0;0;669;772;"";119,8;17,97;456,497;63,69;20,886;0,83;1,527;0,21;9,769;1,65;6,966;11,0;8,542;11,0;10,356;11,0;1082,145;115,29;336,757;42,75;41,726;14,12;2,479;10,22;1,968;10,18;0,537;10,0;2,763;20,649;0,54;28,972;3,42;5,222;0,55;2,132;1,47;953,446;1,0;"";"";18,698;2,55;104,145;12,65;"";"";13,0;20,0;13,0;"";"";"";"";"";"";"";"";"";"";"";"";"";"";"";"";"";"";"";"";"";"";"";"";"";"";"";"";"";"";"";"";"";"";"";"";"";"";"";"";"";"";"";"";"";"";"";"";"";"";"";"";"";"";"";"";"";"";"";"";"";"";"";"";""
03.12.2022 23:53:38;1670108018000;880f01e687e2572cea04e80fc6a68085;444867;OK;1806;0;0;0;0;0,03;2,46;0;0;628;773;"";121,542;18,23;455,973;63,68;20,884;0,83;1,527;0,21;9,817;1,65;7,956;11,0;9,557;11,0;11,032;11,0;1215,05;128,2;382,598;47,2;37,122;13,72;2,225;10,06;1,631;10,04;0,057;10,0;2,396;20,647;0,54;29,067;3,42;5,238;0,55;2,176;1,47;953,484;1,0;"";"";18,765;2,54;104,392;12,66;"";"";13,0;20,0;13,0;"";"";"";"";"";"";"";"";"";"";"";"";"";"";"";"";"";"";"";"";"";"";"";"";"";"";"";"";"";"";"";"";"";"";"";"";"";"";"";"";"";"";"";"";"";"";"";"";"";"";"";"";"";"";"";"";"";"";"";"";"";"";"";"";""
03.12.2022 23:55:39;1670108139000;880f01e687e2572cea04e80fc6a68085;444988;OK;1790;0;0;0;0;0,04;-1,33;0;0;633;773;"";120,187;18,03;453,979;63,62;20,891;0,83;1,527;0,21;9,797;1,65;7,828;11,0;9,786;11,0;10,971;11,0;1158,565;122,68;365,018;45,55;44,807;14,45;1,951;10,06;1,522;10,0;0,984;10,0;2,199;20,641;0,54;29,027;3,42;5,229;0,55;2,151;1,47;953,428;1,0;"";"";18,788;2,54;104,472;12,67;"";"";13,0;20,0;13,0;"";"";"";"";"";"";"";"";"";"";"";"";"";"";"";"";"";"";"";"";"";"";"";"";"";"";"";"";"";"";"";"";"";"";"";"";"";"";"";"";"";"";"";"";"";"";"";"";"";"";"";"";"";"";"";"";"";"";"";"";"";"";"";"";""
03.12.2022 23:57:40;1670108260000;880f01e687e2572cea04e80fc6a68085;445109;OK;1799;0;0;0;0;-0,02;-10,06;0;0;649;772;"";119,125;17,87;452,366;63,57;20,892;0,83;1,527;0,21;9,738;1,66;7,464;11,0;8,849;11,0;9,49;11,0;1155,252;122,28;361,665;45,17;33,02;13,26;1,409;10,01;1,02;10,0;0,101;10,0;1,792;20,634;0,54;28,972;3,42;5,217;0,55;2,118;1,47;953,378;1,0;"";"";18,747;2,55;104,432;12,66;"";"";13,0;20,0;13,0;"";"";"";"";"";"";"";"";"";"";"";"";"";"";"";"";"";"";"";"";"";"";"";"";"";"";"";"";"";"";"";"";"";"";"";"";"";"";"";"";"";"";"";"";"";"";"";"";"";"";"";"";"";"";"";"";"";"";"";"";"";"";"";"";""
03.12.2022 23:59:41;1670108381000;880f01e687e2572cea04e80fc6a68085;445230;OK;1799;0;0;0;0;-0,04;-2,83;0;0;618;773;"";119,363;17,9;454,093;63,62;20,892;0,83;1,527;0,21;9,786;1,65;8,202;11,0;10,071;11,0;11,044;11,0;1233,654;129,92;384,008;47,37;46,806;14,6;2,592;10,13;0,791;10,0;0,495;10,0;2,019;20,63;0,54;29,059;3,42;5,231;0,54;2,157;1,47;953,399;1,0;"";"";18,758;2,54;104,462;12,67;"";"";13,0;20,0;13,0;"";"";"";"";"";"";"";"";"";"";"";"";"";"";"";"";"";"";"";"";"";"";"";"";"";"";"";"";"";"";"";"";"";"";"";"";"";"";"";"";"";"";"";"";"";"";"";"";"";"";"";"";"";"";"";"";"";"";"";"";"";"";"";"";""
04.12.2022 00:01:41;1670108501000;880f01e687e2572cea04e80fc6a68085;445350;OK;1784;0;0;0;0;0,02;0,44;0;0;632;773;"";119,908;17,99;453,457;63,6;20,884;0,83;1,528;0,21;9,838;1,65;7,859;11,0;9,791;11,0;10,246;11,0;1187,54;125,53;372,335;46,24;43,814;14,37;1,502;10,1;0,08200001;10,0;0,051;10,0;1,67;20,628;0,54;29,074;3,42;5,233;0,54;2,163;1,47;953,3549;1,0;"";"";18,72;2,55;104,494;12,67;"";"";13,0;20,0;13,0;"";"";"";"";"";"";"";"";"";"";"";"";"";"";"";"";"";"";"";"";"";"";"";"";"";"";"";"";"";"";"";"";"";"";"";"";"";"";"";"";"";"";"";"";"";"";"";"";"";"";"";"";"";"";"";"";"";"";"";"";"";"";"";"";""
04.12.2022 00:03:43;1670108623000;880f01e687e2572cea04e80fc6a68085;445472;OK;1781;0;0;0;0;0,05;2,42;0;0;656;774;"";119,892;17,98;453,62;63,61;20,889;0,83;1,527;0,21;9,883;1,65;7,282;10,98;9,4;11,0;10,33;11,0;1159,346;122,74;358,018;44,85;43,007;14,28;3,095;10,27;0,57;10,0;0,005;10,0;2,115;20,625;0,54;29,08;3,42;5,234;0,54;2,163;1,47;953,343;1,0;"";"";18,766;2,54;104,693;12,68;"";"";13,0;20,0;13,0;"";"";"";"";"";"";"";"";"";"";"";"";"";"";"";"";"";"";"";"";"";"";"";"";"";"";"";"";"";"";"";"";"";"";"";"";"";"";"";"";"";"";"";"";"";"";"";"";"";"";"";"";"";"";"";"";"";"";"";"";"";"";"";"";""
04.12.2022 00:05:42;1670108742000;880f01e687e2572cea04e80fc6a68085;445591;OK;1800;0;0;0;0;-0,0;-2,97;0;0;696;774;"";119,928;17,99;453,227;63,6;20,891;0,83;1,526;0,21;9,882;1,65;6,352;10,77;7,769;10,91;8,552;10,91;1001,58;107,44;315,677;40,66;32,428;13,17;2,144;10,19;0,933;10,05;0,182;10,0;1,881;20,622;0,54;29,081;3,42;5,233;0,54;2,16;1,47;953,327;1,0;"";"";18,804;2,54;104,873;12,69;"";"";13,0;20,0;13,0;"";"";"";"";"";"";"";"";"";"";"";"";"";"";"";"";"";"";"";"";"";"";"";"";"";"";"";"";"";"";"";"";"";"";"";"";"";"";"";"";"";"";"";"";"";"";"";"";"";"";"";"";"";"";"";"";"";"";"";"";"";"";"";"";""
04.12.2022 00:07:42;1670108862000;880f01e687e2572cea04e80fc6a68085;445711;OK;1785;0;0;0;0;-0,01;0,8;0;0;662;774;"";120,854;18,13;454,238;63,63;20,89;0,83;1,526;0,21;9,928;1,65;7,128;10,97;8,843;10,99;9,05;10,99;1115,275;118,53;349,562;43,95;36,91;13,68;1,509;10,05;0,096;10,01;0,019;10,0;1,464;20,616;0,54;29,082;3,42;5,231;0,54;2,156;1,47;953,361;1,0;"";"";18,76;2,54;105,024;12,7;"";"";13,0;20,0;13,0;"";"";"";"";"";"";"";"";"";"";"";"";"";"";"";"";"";"";"";"";"";"";"";"";"";"";"";"";"";"";"";"";"";"";"";"";"";"";"";"";"";"";"";"";"";"";"";"";"";"";"";"";"";"";"";"";"";"";"";"";"";"";"";"";""
04.12.2022 00:09:43;1670108983000;880f01e687e2572cea04e80fc6a68085;445832;OK;1811;0;0;0;0;-0,01;-0,05;0;0;660;774;"";118,679;17,8;454,061;63,62;20,89;0,83;1,527;0,21;9,896;1,65;7,177;11,0;9,63;11,0;10,991;11,0;1177,004;124,45;370,997;46,07;51,061;15,01;3,476;10,31;1,94;10,05;0,131;10,0;2,425;20,612;0,54;29,082;3,42;5,23;0,54;2,152;1,47;953,378;1,0;"";"";18,805;2,54;104,858;12,69;"";"";13,0;20,0;13,0;"";"";"";"";"";"";"";"";"";"";"";"";"";"";"";"";"";"";"";"";"";"";"";"";"";"";"";"";"";"";"";"";"";"";"";"";"";"";"";"";"";"";"";"";"";"";"";"";"";"";"";"";"";"";"";"";"";"";"";"";"";"";"";"";""
04.12.2022 00:11:42;1670109102000;880f01e687e2572cea04e80fc6a68085;445951;OK;1799;0;0;0;0;-0,01;2,27;0;0;666;774;"";117,74;17,66;454,341;63,63;20,889;0,83;1,526;0,21;9,836;1,65;7,028;11,0;9,35;11,0;10,783;11,03;1096,496;116,61;338,251;42,92;43,379;14,24;3,487;10,3;2,217;10,15;0,014;10,0;2,504;20,609;0,54;29,079;3,42;5,229;0,54;2,149;1,47;953,3449;1,0;"";"";18,69;2,55;104,662;12,68;"";"";13,0;20,0;13,0;"";"";"";"";"";"";"";"";"";"";"";"";"";"";"";"";"";"";"";"";"";"";"";"";"";"";"";"";"";"";"";"";"";"";"";"";"";"";"";"";"";"";"";"";"";"";"";"";"";"";"";"";"";"";"";"";"";"";"";"";"";"";"";"";""
04.12.2022 00:13:43;1670109223000;880f01e687e2572cea04e80fc6a68085;446072;OK;1791;0;0;0;0;-0,02;3,19;0;0;657;774;"";115,868;17,38;455,284;63,66;20,892;0,83;1,525;0,21;9,817;1,65;7,239;11,0;10,592;11,0;11,543;11,06;1180,518;124,78;367,389;45,73;58,066;15,64;2,923;10,33;0,981;10,06;0,273;10,04;2,104;20,603;0,54;29,072;3,42;5,225;0,54;2,14;1,47;953,265;1,0;"";"";18,72;2,55;104,596;12,67;"";"";13,0;20,0;13,0;"";"";"";"";"";"";"";"";"";"";"";"";"";"";"";"";"";"";"";"";"";"";"";"";"";"";"";"";"";"";"";"";"";"";"";"";"";"";"";"";"";"";"";"";"";"";"";"";"";"";"";"";"";"";"";"";"";"";"";"";"";"";"";"";""
04.12.2022 00:15:44;1670109344000;880f01e687e2572cea04e80fc6a68085;446193;OK;1807;0;0;0;0;0,01;6,04;0;0;650;775;"";120,911;18,14;455,502;63,67;20,893;0,83;1,525;0,21;9,827;1,65;7,424;11,0;10,915;11,0;11,88;11,01;1212,531;127,89;374,465;46,42;55,438;15,38;4,124;10,34;1,111;10,04;0,246;10,0;2,136;20,6;0,54;29,141;3,41;5,237;0,54;2,17;1,46;953,2089;1,0;"";"";18,703;2,55;104,827;12,68;"";"";13,0;20,0;13,0;"";"";"";"";"";"";"";"";"";"";"";"";"";"";"";"";"";"";"";"";"";"";"";"";"";"";"";"";"";"";"";"";"";"";"";"";"";"";"";"";"";"";"";"";"";"";"";"";"";"";"";"";"";"";"";"";"";"";"";"";"";"";"";"";""
04.12.2022 00:17:44;1670109464000;880f01e687e2572cea04e80fc6a68085;446313;OK;1801;0;0;0;0;0,0;-6,61;0;0;684;774;"";119,543;17,93;451,47;63,54;20,893;0,83;1,525;0,21;9,859;1,65;6,615;10,94;8,136;10,99;9,609;11,0;1057,947;112,92;328,951;42,02;38,54;13,79;2,2;10,16;1,878;10,13;0,267;10,0;2,583;20,597;0,54;29,089;3,42;5,227;0,54;2,143;1,47;953,189;1,0;"";"";18,796;2,54;105,006;12,69;"";"";13,0;20,0;13,0;"";"";"";"";"";"";"";"";"";"";"";"";"";"";"";"";"";"";"";"";"";"";"";"";"";"";"";"";"";"";"";"";"";"";"";"";"";"";"";"";"";"";"";"";"";"";"";"";"";"";"";"";"";"";"";"";"";"";"";"";"";"";"";"";""
04.12.2022 00:19:43;1670109583000;880f01e687e2572cea04e80fc6a68085;446433;OK;1794;0;0;0;0;-0,0;-3,98;0;0;707;775;"";118,567;17,79;455,125;63,65;20,892;0,83;1,524;0,21;9,926;1,65;6,107;10,73;7,326;10,98;9,071;11,0;1009,084;108,16;314,329;40,56;36,292;13,56;2,021;10,13;1,847;10,13;0,805;10,0;2,774;20,596;0,54;29,083;3,42;5,225;0,54;2,139;1,47;953,2189;1,0;"";"";18,787;2,54;104,589;12,67;"";"";13,0;20,0;13,0;"";"";"";"";"";"";"";"";"";"";"";"";"";"";"";"";"";"";"";"";"";"";"";"";"";"";"";"";"";"";"";"";"";"";"";"";"";"";"";"";"";"";"";"";"";"";"";"";"";"";"";"";"";"";"";"";"";"";"";"";"";"";"";"";""
04.12.2022 00:21:45;1670109705000;880f01e687e2572cea04e80fc6a68085;446554;OK;1797;0;0;0;0;-0,02;3,44;0;0;644;775;"";119,294;17,89;454,543;63,64;20,886;0,83;1,524;0,21;9,908;1,65;7,576;10,97;9,596;11,0;10,809;11,0;1211,365;127,72;379,03;46,83;45,858;14,5;3,698;10,44;1,914;10,18;0,083;10,0;2,284;20,591;0,54;29,086;3,42;5,224;0,54;2,136;1,47;953,1919;1,0;"";"";18,731;2,55;104,186;12,65;"";"";13,0;20,0;13,0;"";"";"";"";"";"";"";"";"";"";"";"";"";"";"";"";"";"";"";"";"";"";"";"";"";"";"";"";"";"";"";"";"";"";"";"";"";"";"";"";"";"";"";"";"";"";"";"";"";"";"";"";"";"";"";"";"";"";"";"";"";"";"";"";""
04.12.2022 00:23:44;1670109824000;880f01e687e2572cea04e80fc6a68085;446673;OK;1789;0;0;0;0;0,03;5,63;0;0;653;775;"";121,311;18,2;452,651;63,58;20,887;0,83;1,525;0,21;9,906;1,65;7,356;11,0;8,822;11,0;9,161;11,0;1094,4;116,45;346,198;43,61;34,338;13,42;0,687;10,05;0,438;10,02;0,009;10,0;1,535;20,588;0,54;29,163;3,41;5,237;0,54;2,171;1,46;953,156;1,0;"";"";18,77;2,54;104,117;12,65;"";"";13,0;20,0;13,0;"";"";"";"";"";"";"";"";"";"";"";"";"";"";"";"";"";"";"";"";"";"";"";"";"";"";"";"";"";"";"";"";"";"";"";"";"";"";"";"";"";"";"";"";"";"";"";"";"";"";"";"";"";"";"";"";"";"";"";"";"";"";"";"";""
04.12.2022 00:25:45;1670109945000;880f01e687e2572cea04e80fc6a68085;446794;OK;1809;0;0;0;0;0,0;-3,29;0;0;660;775;"";119,746;17,96;454,279;63,63;20,887;0,83;1,525;0,21;9,829;1,65;7,194;10,93;8,748;10,99;9,393;10,99;1187,729;125,52;377,421;46,74;41,613;14,0;1,058;10,07;1,032;10,07;0,001;10,0;1,84;20,582;0,54;29,094;3,42;5,223;0,54;2,132;1,47;953,1219;1,0;"";"";18,719;2,55;103,948;12,64;"";"";13,0;20,0;13,0;"";"";"";"";"";"";"";"";"";"";"";"";"";"";"";"";"";"";"";"";"";"";"";"";"";"";"";"";"";"";"";"";"";"";"";"";"";"";"";"";"";"";"";"";"";"";"";"";"";"";"";"";"";"";"";"";"";"";"";"";"";"";"";"";""
04.12.2022 00:27:46;1670110066000;880f01e687e2572cea04e80fc6a68085;446915;OK;1800;0;0;0;0;-0,01;-6,52;0;0;676;775;"";119,897;17,98;452,623;63,58;20,885;0,83;1,525;0,21;9,833;1,65;6,829;10,84;8,121;10,98;8,707;10,98;1075,468;114,57;343,573;43,5;36,541;13,58;1,205;10,02;1,088;10,01;0,0;10,0;1,764;20,575;0,54;29,118;3,42;5,225;0,54;2,138;1,47;953,1019;1,0;"";"";18,778;2,54;103,528;12,62;"";"";13,0;20,0;13,0;"";"";"";"";"";"";"";"";"";"";"";"";"";"";"";"";"";"";"";"";"";"";"";"";"";"";"";"";"";"";"";"";"";"";"";"";"";"";"";"";"";"";"";"";"";"";"";"";"";"";"";"";"";"";"";"";"";"";"";"";"";"";"";"";""
04.12.2022 00:29:47;1670110187000;880f01e687e2572cea04e80fc6a68085;447036;OK;1803;0;0;0;0;-0,05;-5,26;0;0;641;775;"";117,536;17,63;451,787;63,55;20,884;0,83;1,524;0,21;9,786;1,65;7,634;10,98;10,026;11,0;10,571;11,0;1182,261;124,97;371,129;46,09;48,811;14,76;1,339;10,09;0,593;10,0;0,158;10,0;1,765;20,569;0,54;29,088;3,42;5,218;0,54;2,118;1,47;953,092;1,0;"";"";18,755;2,54;103,383;12,61;"";"";13,0;20,0;13,0;"";"";"";"";"";"";"";"";"";"";"";"";"";"";"";"";"";"";"";"";"";"";"";"";"";"";"";"";"";"";"";"";"";"";"";"";"";"";"";"";"";"";"";"";"";"";"";"";"";"";"";"";"";"";"";"";"";"";"";"";"";"";"";"";""
04.12.2022 00:31:46;1670110306000;880f01e687e2572cea04e80fc6a68085;447155;OK;1819;0;0;0;0;0,01;-0,1;0;0;681;776;"";118,518;17,78;454,808;63,64;20,885;0,83;1,523;0,21;9,799;1,65;6,698;10,92;8,539;11,0;10,508;11,0;1056,266;112,76;331,744;42,26;40,754;14,05;3,769;10,49;2,987;10,34;0,017;10,0;2,897;20,565;0,54;29,162;3,41;5,23;0,54;2,151;1,46;953,066;1,0;"";"";18,703;2,55;103,491;12,62;"";"";13,0;20,0;13,0;"";"";"";"";"";"";"";"";"";"";"";"";"";"";"";"";"";"";"";"";"";"";"";"";"";"";"";"";"";"";"";"";"";"";"";"";"";"";"";"";"";"";"";"";"";"";"";"";"";"";"";"";"";"";"";"";"";"";"";"";"";"";"";"";""
04.12.2022 00:33:47;1670110427000;880f01e687e2572cea04e80fc6a68085;447276;OK;1812;0;0;0;0;-0,02;1,93;0;0;693;775;"";117,289;17,59;453,061;63,59;20,884;0,83;1,523;0,21;9,806;1,65;6,417;10,89;9,033;11,0;10,305;11,0;1078,216;114,84;343,197;43,29;45,303;14,5;2,89;10,3;1,714;10,12;0,002;10,0;2,465;20,56;0,54;29,101;3,42;5,218;0,54;2,117;1,47;953,055;1,0;"";"";18,72;2,55;103,604;12,62;"";"";13,0;20,0;13,0;"";"";"";"";"";"";"";"";"";"";"";"";"";"";"";"";"";"";"";"";"";"";"";"";"";"";"";"";"";"";"";"";"";"";"";"";"";"";"";"";"";"";"";"";"";"";"";"";"";"";"";"";"";"";"";"";"";"";"";"";"";"";"";"";""
04.12.2022 00:35:47;1670110547000;880f01e687e2572cea04e80fc6a68085;447396;OK;1794;0;0;0;0;-0,02;1,03;0;0;673;775;"";116,858;17,53;452,691;63,58;20,887;0,83;1,524;0,21;9,844;1,65;6,88;10,99;9,9;11,0;10,526;11,0;1112,838;118,19;354,631;44,5;54,544;15,32;2,463;10,18;0,277;10,01;0,0;10,0;1,894;20,556;0,54;29,088;3,42;5,214;0,54;2,107;1,47;953,0999;1,0;"";"";18,712;2,55;103,613;12,62;"";"";13,0;20,0;13,0;"";"";"";"";"";"";"";"";"";"";"";"";"";"";"";"";"";"";"";"";"";"";"";"";"";"";"";"";"";"";"";"";"";"";"";"";"";"";"";"";"";"";"";"";"";"";"";"";"";"";"";"";"";"";"";"";"";"";"";"";"";"";"";"";""
04.12.2022 00:37:48;1670110668000;880f01e687e2572cea04e80fc6a68085;447517;OK;1791;0;0;0;0;-0,04;-0,31;0;0;706;775;"";118,098;17,71;454,119;63,62;20,887;0,83;1,523;0,21;9,867;1,65;6,112;10,89;8,376;11,0;8,949;11,0;1046,591;111,77;326,521;41,78;43,97;14,27;1,731;10,12;0,703;10,05;0,0;10,0;1,901;20,555;0,54;29,098;3,42;5,216;0,54;2,111;1,47;953,0999;1,0;"";"";18,725;2,55;103,57;12,62;"";"";13,0;20,0;13,0;"";"";"";"";"";"";"";"";"";"";"";"";"";"";"";"";"";"";"";"";"";"";"";"";"";"";"";"";"";"";"";"";"";"";"";"";"";"";"";"";"";"";"";"";"";"";"";"";"";"";"";"";"";"";"";"";"";"";"";"";"";"";"";"";""
04.12.2022 00:39:50;1670110790000;880f01e687e2572cea04e80fc6a68085;447638;OK;1811;0;0;0;0;0,01;0,94;0;0;688;776;"";116,168;17,43;452,879;63,59;20,89;0,83;1,522;0,21;9,795;1,65;6,53;10,99;8,264;11,0;9,098;11,0;1097,214;116,75;343,01;43,31;43,161;14,25;2,324;10,07;1,465;10,01;0,0;10,0;2,087;20,554;0,54;29,124;3,42;5,22;0,54;2,123;1,47;953,072;1,0;"";"";18,709;2,55;103,516;12,62;"";"";13,0;20,0;13,0;"";"";"";"";"";"";"";"";"";"";"";"";"";"";"";"";"";"";"";"";"";"";"";"";"";"";"";"";"";"";"";"";"";"";"";"";"";"";"";"";"";"";"";"";"";"";"";"";"";"";"";"";"";"";"";"";"";"";"";"";"";"";"";"";""
04.12.2022 00:41:50;1670110910000;880f01e687e2572cea04e80fc6a68085;447759;OK;1793;0;0;0;0;0,04;-11,32;0;0;661;776;"";117,476;17,62;449,382;63,48;20,888;0,83;1,522;0,21;9,829;1,65;7,147;10,99;8,783;11,0;10,271;11,0;1120,065;118,92;348,682;43,95;36,973;13,62;2,802;10,4;1,823;10,25;0,8190001;10,0;2,501;20,549;0,54;29,183;3,41;5,229;0,54;2,147;1,46;953,016;1,0;"";"";18,702;2,55;103,484;12,61;"";"";13,0;20,0;13,0;"";"";"";"";"";"";"";"";"";"";"";"";"";"";"";"";"";"";"";"";"";"";"";"";"";"";"";"";"";"";"";"";"";"";"";"";"";"";"";"";"";"";"";"";"";"";"";"";"";"";"";"";"";"";"";"";"";"";"";"";"";"";"";"";""
04.12.2022 00:43:51;1670111031000;880f01e687e2572cea04e80fc6a68085;447880;OK;1800;0;0;0;0;0,02;-10,25;0;0;676;776;"";118,744;17,81;451,61;63,55;20,885;0,83;1,522;0,21;9,894;1,65;6,794;10,97;8,47;11,0;9,668;11,0;1101,247;117,05;341,758;43,29;39,782;13,91;2,398;10,2;1,738;10,14;0,085;10,0;2,332;20,547;0,54;29,129;3,42;5,219;0,54;2,119;1,46;952,988;1,0;"";"";18,663;2,55;103,237;12,6;"";"";13,0;20,0;13,0;"";"";"";"";"";"";"";"";"";"";"";"";"";"";"";"";"";"";"";"";"";"";"";"";"";"";"";"";"";"";"";"";"";"";"";"";"";"";"";"";"";"";"";"";"";"";"";"";"";"";"";"";"";"";"";"";"";"";"";"";"";"";"";"";""
04.12.2022 00:45:51;1670111151000;880f01e687e2572cea04e80fc6a68085;448000;OK;1782;0;0;0;0;-0,01;-4,36;0;0;723;776;"";117,561;17,63;449,981;63,5;20,89;0,83;1,522;0,21;9,852;1,65;5,743;10,59;7,715;11,0;9,131;11,0;1052,402;112,3;329,713;42,12;44,016;14,35;2,851;10,31;2,498;10,24;0,246;10,0;2,627;20,546;0,54;29,164;3,41;5,225;0,54;2,135;1,46;952,955;1,0;"";"";18,619;2,55;102,88;12,58;"";"";13,0;20,0;13,0;"";"";"";"";"";"";"";"";"";"";"";"";"";"";"";"";"";"";"";"";"";"";"";"";"";"";"";"";"";"";"";"";"";"";"";"";"";"";"";"";"";"";"";"";"";"";"";"";"";"";"";"";"";"";"";"";"";"";"";"";"";"";"";"";""
04.12.2022 00:47:51;1670111271000;880f01e687e2572cea04e80fc6a68085;448120;OK;1800;0;0;0;0;-0,0;8,5;0;0;693;777;"";117,843;17,68;453,023;63,59;20,884;0,83;1,522;0,21;9,874;1,65;6,425;10,95;9,062;11,0;10,201;11,0;1110,064;117,99;347,889;43,85;48,559;14,73;3,065;10,22;1,343;10,08;0,025;10,0;2,333;20,542;0,54;29,195;3,41;5,229;0,54;2,147;1,46;952,956;1,0;"";"";18,658;2,55;102,74;12,58;"";"";13,0;20,0;13,0;"";"";"";"";"";"";"";"";"";"";"";"";"";"";"";"";"";"";"";"";"";"";"";"";"";"";"";"";"";"";"";"";"";"";"";"";"";"";"";"";"";"";"";"";"";"";"";"";"";"";"";"";"";"";"";"";"";"";"";"";"";"";"";"";""
04.12.2022 00:49:52;1670111392000;880f01e687e2572cea04e80fc6a68085;448241;OK;1789;0;0;0;0;0,02;4,15;0;0;664;777;"";118,751;17,81;450,756;63,52;20,885;0,83;1,521;0,21;9,875;1,65;7,088;11,0;9,47;11,0;10,013;11,0;1124,58;119,33;359,122;44,92;48,512;14,81;2,283;10,16;0,87;10,01;0,003;10,0;1,819;20,539;0,54;29,183;3,41;5,226;0,54;2,138;1,46;952,931;1,0;"";"";18,756;2,54;102,79;12,58;"";"";13,0;20,0;13,0;"";"";"";"";"";"";"";"";"";"";"";"";"";"";"";"";"";"";"";"";"";"";"";"";"";"";"";"";"";"";"";"";"";"";"";"";"";"";"";"";"";"";"";"";"";"";"";"";"";"";"";"";"";"";"";"";"";"";"";"";"";"";"";"";""
04.12.2022 00:51:53;1670111513000;880f01e687e2572cea04e80fc6a68085;448361;OK;1808;0;0;0;0;-0,04;4,85;0;0;675;776;"";115,843;17,38;452,329;63,57;20,89;0,83;1,521;0,21;9,863;1,65;6,821;11,0;8,436;11,0;9,587;11,0;1104,123;117,38;348,505;43,88;42,28;14,19;2,902;10,25;2,756;10,24;0,0;10,0;2,165;20,533;0,54;29,105;3,42;5,21;0,54;2,095;1,47;952,886;1,0;"";"";18,682;2,55;102,643;12,57;"";"";13,0;20,0;13,0;"";"";"";"";"";"";"";"";"";"";"";"";"";"";"";"";"";"";"";"";"";"";"";"";"";"";"";"";"";"";"";"";"";"";"";"";"";"";"";"";"";"";"";"";"";"";"";"";"";"";"";"";"";"";"";"";"";"";"";"";"";"";"";"";""
04.12.2022 00:53:53;1670111633000;880f01e687e2572cea04e80fc6a68085;448481;OK;1810;0;0;0;0;-0,03;-7,07;0;0;705;777;"";118,576;17,79;450,405;63,51;20,887;0,83;1,521;0,21;9,853;1,65;6,135;10,86;7,665;11,0;8,894;11,0;1006,224;107,8;319,496;41,03;36,37;13,57;1,489;10,05;1,326;10,05;0,438;10,0;2,406;20,527;0,54;29,19;3,41;5,224;0,54;2,131;1,46;952,9181;1,0;"";"";18,584;2,55;102,479;12,56;"";"";13,0;20,0;13,0;"";"";"";"";"";"";"";"";"";"";"";"";"";"";"";"";"";"";"";"";"";"";"";"";"";"";"";"";"";"";"";"";"";"";"";"";"";"";"";"";"";"";"";"";"";"";"";"";"";"";"";"";"";"";"";"";"";"";"";"";"";"";"";"";""
04.12.2022 00:55:53;1670111753000;880f01e687e2572cea04e80fc6a68085;448602;OK;1791;0;0;0;0;-0,01;-2,6;0;0;676;777;"";117,237;17,59;451,196;63,54;20,888;0,83;1,52;0,21;9,911;1,65;6,809;10,98;10,113;11,0;11,649;11,18;1073,154;114,33;334,075;42,5;45,531;14,38;5,488;10,45;1,56;10,07;0,045;10,0;2,485;20,523;0,54;29,155;3,42;5,216;0,54;2,111;1,46;952,862;1,0;"";"";18,559;2,55;102,501;12,56;"";"";13,0;20,0;13,0;"";"";"";"";"";"";"";"";"";"";"";"";"";"";"";"";"";"";"";"";"";"";"";"";"";"";"";"";"";"";"";"";"";"";"";"";"";"";"";"";"";"";"";"";"";"";"";"";"";"";"";"";"";"";"";"";"";"";"";"";"";"";"";"";""
04.12.2022 00:57:53;1670111873000;880f01e687e2572cea04e80fc6a68085;448721;OK;1809;0;0;0;0;0,02;-2,53;0;0;653;777;"";117,589;17,64;450,911;63,53;20,886;0,83;1,52;0,21;9,923;1,65;7,354;11,0;9,663;11,0;10,087;11,02;1141,732;121,0;359,06;44,9;46,493;14,55;1,703;10,16;0,452;10,01;0,005;10,0;1,658;20,521;0,54;29,18;3,41;5,22;0,54;2,121;1,46;952,8069;1,0;"";"";18,639;2,55;102,73;12,57;"";"";13,0;20,0;13,0;"";"";"";"";"";"";"";"";"";"";"";"";"";"";"";"";"";"";"";"";"";"";"";"";"";"";"";"";"";"";"";"";"";"";"";"";"";"";"";"";"";"";"";"";"";"";"";"";"";"";"";"";"";"";"";"";"";"";"";"";"";"";"";"";""
04.12.2022 00:59:53;1670111993000;880f01e687e2572cea04e80fc6a68085;448842;OK;1797;0;0;0;0;-0,0;3,51;0;0;672;777;"";117,284;17,59;452,05;63,56;20,888;0,83;1,521;0,21;9,916;1,65;6,906;11,0;8,706;11,0;10,214;11,0;1136,231;120,51;358,033;44,77;42,353;14,18;2,479;10,22;1,606;10,04;0,0;10,0;2,534;20,52;0,54;29,205;3,41;5,224;0,54;2,132;1,46;952,7639;1,0;"";"";18,657;2,55;102,82;12,58;"";"";13,0;20,0;13,0;"";"";"";"";"";"";"";"";"";"";"";"";"";"";"";"";"";"";"";"";"";"";"";"";"";"";"";"";"";"";"";"";"";"";"";"";"";"";"";"";"";"";"";"";"";"";"";"";"";"";"";"";"";"";"";"";"";"";"";"";"";"";"";"";""
