DateTime;timestamp;DeviceID;uptime;Status;measuretime;person;window_open;window_event;door_event;dHdt;dCO2dt;bat;bat_e;health;performance;virus;tvoc;tvoc_e;co2;co2_e;oxygen;oxygen_e;co;co_e;o3;o3_e;pm1;pm1_e;pm2_5;pm2_5_e;pm10;pm10_e;cnt0_3;cnt0_3_e;cnt0_5;cnt0_5_e;cnt1;cnt1_e;cnt2_5;cnt2_5_e;cnt5;cnt5_e;cnt10;cnt10_e;TypPS;temperature;temperature_e;humidity;humidity_e;humidity_abs;humidity_abs_e;dewpt;dewpt_e;pressure;pressure_e;pressure_rel;pressure_rel_e;no2;no2_e;so2;so2_e;h2s;h2s_e;sound;sound_e;sound_max;tvoc_ionsc;tvoc_ionsc_e;radon;radon_e;n2o;n2o_e;no2_insplorion;no2_insplorion_e;ch4_MIPEX;ch4_MIPEX_e;c3h8_MIPEX;c3h8_MIPEX_e;flammable;ethanol;ethanol_e;iaq_spec;iaq_spec_e;resp_irr_spec;resp_irr_spec_e;nh3_MR100;nh3_MR100_e;acid_M100;acid_M100_e;h2_M1000;h2_M1000_e;no_M250;no_M250_e;cl2_M20;cl2_M20_e;ch2o_M10;ch2o_M10_e;pm1_SPS30;pm1_SPS30_e;pm2_5_SPS30;pm2_5_SPS30_e;pm4_SPS30;pm4_SPS30_e;pm10_SPS30;pm10_SPS30_e;cnt0_5_SPS30;cnt0_5_SPS30_e;cnt1_SPS30;cnt1_SPS30_e;cnt2_5_SPS30;cnt2_5_SPS30_e;cnt4_SPS30;cnt4_SPS30_e;cnt10_SPS30;cnt10_SPS30_e;TypPS_SPS30;br2;f2;hf;hcl;hcn;ch4s;clo2;cs2;ph3;sih4;c2h4;c2h4o;ash3;h2o2;refrigerant
12.12.2022 01:01:09;1670803269000;880f01e687e2572cea04e80fc6a68085;1140111;OK;1811;0;0;0;0;-0,04;4,25;0;0;567;738;"";43,787;6,57;419,406;62,58;20,908;0,86;1,401;0,19;15,733;1,79;6,478;10,92;7,922;11,0;8,405;11,0;1067,784;113,81;334,638;42,57;27,814;12,68;0,955;10,01;0,87;10,0;0,003;10,0;1,735;19,198;0,54;20,28;3,65;3,357;0,56;-3,982;2,23;948,665;1,0;"";"";22,721;2,34;80,67;12,73;"";"";13,0;20,0;13,0;"";"";"";"";"";"";"";"";"";"";"";"";"";"";"";"";"";"";"";"";"";"";"";"";"";"";"";"";"";"";"";"";"";"";"";"";"";"";"";"";"";"";"";"";"";"";"";"";"";"";"";"";"";"";"";"";"";"";"";"";"";"";"";"";""
12.12.2022 01:03:10;1670803390000;880f01e687e2572cea04e80fc6a68085;1140231;OK;1806;0;0;0;0;-0,04;-0,2;0;0;567;738;"";42,647;6,4;420,221;62,61;20,911;0,86;1,4;0,19;15,756;1,79;6,778;10,99;8,24;11,0;8,453;11,0;1099,041;116,82;340,231;43,06;28,469;12,73;0,551;10,04;0,284;10,0;0,0;10,0;1,43;19,174;0,54;20,281;3,65;3,353;0,56;-4,001;2,23;948,666;1,0;"";"";22,706;2,34;80,91201;12,75;"";"";13,125;19,94;21,6;"";"";"";"";"";"";"";"";"";"";"";"";"";"";"";"";"";"";"";"";"";"";"";"";"";"";"";"";"";"";"";"";"";"";"";"";"";"";"";"";"";"";"";"";"";"";"";"";"";"";"";"";"";"";"";"";"";"";"";"";"";"";"";"";""
12.12.2022 01:05:11;1670803511000;880f01e687e2572cea04e80fc6a68085;1140353;OK;1790;0;0;0;0;-0,04;-8,51;0;0;567;738;"";42,063;6,31;418,862;62,57;20,908;0,86;1,399;0,19;15,794;1,79;6,785;10,86;8,563;10,96;8,653;10,96;1103,514;117,33;342,665;43,34;38,005;13,73;0,934;10,12;0,029;10,0;0,0;10,0;1,37;19,147;0,54;20,282;3,65;3,347;0,56;-4,023;2,23;948,6589;1,0;"";"";22,729;2,34;80,826;12,74;"";"";13,013;19,99;13,0;"";"";"";"";"";"";"";"";"";"";"";"";"";"";"";"";"";"";"";"";"";"";"";"";"";"";"";"";"";"";"";"";"";"";"";"";"";"";"";"";"";"";"";"";"";"";"";"";"";"";"";"";"";"";"";"";"";"";"";"";"";"";"";"";""
12.12.2022 01:07:10;1670803630000;880f01e687e2572cea04e80fc6a68085;1140471;OK;1799;0;0;0;0;-0,04;-6,0;0;0;567;737;"";42,009;6,3;417,973;62,54;20,907;0,86;1,399;0,19;15,776;1,79;6,333;10,98;7,254;11,0;7,852;11,0;990,3649;106,26;308,994;40,05;28,358;12,83;0,933;10,01;0,837;10,0;0,29;10,0;1,822;19,123;0,54;20,283;3,65;3,343;0,56;-4,042;2,23;948,663;1,0;"";"";22,8;2,33;80,533;12,73;"";"";13,001;20,0;13,0;"";"";"";"";"";"";"";"";"";"";"";"";"";"";"";"";"";"";"";"";"";"";"";"";"";"";"";"";"";"";"";"";"";"";"";"";"";"";"";"";"";"";"";"";"";"";"";"";"";"";"";"";"";"";"";"";"";"";"";"";"";"";"";"";""
12.12.2022 01:09:11;1670803751000;880f01e687e2572cea04e80fc6a68085;1140593;OK;1782;0;0;0;0;-0,03;-2,48;0;0;567;737;"";40,871;6,13;419,807;62,59;20,906;0,86;1,397;0,19;15,818;1,79;6,525;10,96;7,66;11,0;8,44;11,0;1051,258;112,28;320,844;41,19;29,08;12,93;1,206;10,05;0,484;10,0;0,096;10,0;1,907;19,104;0,54;20,284;3,65;3,339;0,56;-4,057;2,23;948,6779;1,0;"";"";22,78;2,33;80,386;12,72;"";"";13,0;20,0;13,0;"";"";"";"";"";"";"";"";"";"";"";"";"";"";"";"";"";"";"";"";"";"";"";"";"";"";"";"";"";"";"";"";"";"";"";"";"";"";"";"";"";"";"";"";"";"";"";"";"";"";"";"";"";"";"";"";"";"";"";"";"";"";"";"";""
12.12.2022 01:11:11;1670803871000;880f01e687e2572cea04e80fc6a68085;1140712;OK;1811;0;0;0;0;-0,02;5,51;0;0;568;737;"";41,284;6,19;420,232;62,61;20,904;0,86;1,396;0,19;15,858;1,79;6,075;10,94;6,861;11,0;7,849;11,0;1010,537;108,19;314,114;40,61;22,785;12,18;1,461;10,1;0,829;10,09;0,125;10,0;2,119;19,073;0,54;20,317;3,65;3,339;0,55;-4,061;2,22;948,6899;1,0;"";"";22,78;2,33;80,344;12,72;"";"";13,0;20,0;13,0;"";"";"";"";"";"";"";"";"";"";"";"";"";"";"";"";"";"";"";"";"";"";"";"";"";"";"";"";"";"";"";"";"";"";"";"";"";"";"";"";"";"";"";"";"";"";"";"";"";"";"";"";"";"";"";"";"";"";"";"";"";"";"";"";""
12.12.2022 01:13:12;1670803992000;880f01e687e2572cea04e80fc6a68085;1140834;OK;1786;0;0;0;0;0,01;4,93;0;0;570;738;"";40,642;6,1;420,36;62,61;20,912;0,86;1,395;0,19;15,926;1,8;6,452;10,96;7,855;10,97;8,309;10,97;1071,882;114,29;332,834;42,36;31,646;13,1;2,387;10,25;0,716;10,01;0,012;10,0;1,606;19,048;0,54;20,4;3,65;3,347;0,55;-4,028;2,21;948,702;1,0;"";"";22,769;2,34;80,464;12,73;"";"";13,0;20,0;13,0;"";"";"";"";"";"";"";"";"";"";"";"";"";"";"";"";"";"";"";"";"";"";"";"";"";"";"";"";"";"";"";"";"";"";"";"";"";"";"";"";"";"";"";"";"";"";"";"";"";"";"";"";"";"";"";"";"";"";"";"";"";"";"";"";""
12.12.2022 01:15:13;1670804113000;880f01e687e2572cea04e80fc6a68085;1140954;OK;1806;0;0;0;0;0,02;3,26;0;0;570;737;"";40,667;6,1;421,482;62,64;20,914;0,86;1,396;0,19;15,878;1,8;6,704;10,97;8,031;11,0;8,269;11,0;1078,292;114,85;331,629;42,23;27,43;12,72;0,649;10,05;0,302;10,0;0,001;10,0;1,46;19,024;0,54;20,414;3,65;3,345;0,55;-4,039;2,21;948,716;1,0;"";"";22,812;2,33;80,339;12,72;"";"";13,0;20,0;13,0;"";"";"";"";"";"";"";"";"";"";"";"";"";"";"";"";"";"";"";"";"";"";"";"";"";"";"";"";"";"";"";"";"";"";"";"";"";"";"";"";"";"";"";"";"";"";"";"";"";"";"";"";"";"";"";"";"";"";"";"";"";"";"";"";""
12.12.2022 01:17:14;1670804234000;880f01e687e2572cea04e80fc6a68085;1141075;OK;1806;0;0;0;0;-0,0;8,01;0;0;570;737;"";42,058;6,31;422,645;62,68;20,911;0,86;1,396;0,19;15,872;1,8;6,427;10,96;7,244;11,0;8,929;11,0;1005,4;107,81;316,305;40,73;25,285;12,46;1,787;10,11;1,751;10,1;0,655;10,06;2,722;19,0;0,54;20,416;3,65;3,34;0,55;-4,057;2,21;948,741;1,0;"";"";22,743;2,34;80,221;12,71;"";"";13,0;20,0;13,0;"";"";"";"";"";"";"";"";"";"";"";"";"";"";"";"";"";"";"";"";"";"";"";"";"";"";"";"";"";"";"";"";"";"";"";"";"";"";"";"";"";"";"";"";"";"";"";"";"";"";"";"";"";"";"";"";"";"";"";"";"";"";"";"";""
12.12.2022 01:19:13;1670804353000;880f01e687e2572cea04e80fc6a68085;1141195;OK;1786;0;0;0;0;-0,03;3,75;0;0;570;737;"";41,779;6,27;421,123;62,63;20,912;0,86;1,394;0,19;15,829;1,79;6,224;10,97;7,728;11,0;8,425;11,0;1004,326;107,67;318,807;40,99;26,588;12,58;1,343;10,03;0,778;10,02;0,308;10,01;1,939;18,978;0,54;20,417;3,65;3,336;0,55;-4,075;2,21;948,724;1,0;"";"";22,853;2,33;80,01;12,7;"";"";13,0;20,0;13,0;"";"";"";"";"";"";"";"";"";"";"";"";"";"";"";"";"";"";"";"";"";"";"";"";"";"";"";"";"";"";"";"";"";"";"";"";"";"";"";"";"";"";"";"";"";"";"";"";"";"";"";"";"";"";"";"";"";"";"";"";"";"";"";"";""
12.12.2022 01:21:13;1670804473000;880f01e687e2572cea04e80fc6a68085;1141314;OK;1805;0;0;0;0;-0,03;-9,14;0;0;570;737;"";41,765;6,26;418,486;62,55;20,91;0,86;1,394;0,19;15,742;1,79;6,371;10,98;7,427;11,0;7,499;11,0;995,622;106,83;307,611;39,85;26,211;12,51;0,139;10,0;0,08;10,0;0,032;10,0;1,276;18,959;0,54;20,422;3,65;3,333;0,55;-4,087;2,21;948,722;1,0;"";"";22,888;2,33;79,998;12,7;"";"";13,0;20,0;13,0;"";"";"";"";"";"";"";"";"";"";"";"";"";"";"";"";"";"";"";"";"";"";"";"";"";"";"";"";"";"";"";"";"";"";"";"";"";"";"";"";"";"";"";"";"";"";"";"";"";"";"";"";"";"";"";"";"";"";"";"";"";"";"";"";""
12.12.2022 01:23:13;1670804593000;880f01e687e2572cea04e80fc6a68085;1141435;OK;1791;0;0;0;0;-0,03;-10,83;0;0;571;736;"";40,723;6,11;419,187;62,58;20,906;0,86;1,394;0,19;15,75;1,79;5,907;10,83;6,93;11,0;7,896;11,0;977,543;105,06;303,659;39,52;28,0;12,76;2,294;10,28;1,797;10,21;0,003;10,0;2,18;18,935;0,54;20,435;3,65;3,331;0,55;-4,098;2,21;948,737;1,0;"";"";22,96;2,33;79,899;12,7;"";"";13,0;20,0;13,0;"";"";"";"";"";"";"";"";"";"";"";"";"";"";"";"";"";"";"";"";"";"";"";"";"";"";"";"";"";"";"";"";"";"";"";"";"";"";"";"";"";"";"";"";"";"";"";"";"";"";"";"";"";"";"";"";"";"";"";"";"";"";"";"";""
12.12.2022 01:25:14;1670804714000;880f01e687e2572cea04e80fc6a68085;1141556;OK;1799;0;0;0;0;0,01;-2,92;0;0;573;737;"";41,109;6,17;419,49;62,58;20,907;0,86;1,393;0,19;15,753;1,79;6,011;10,77;7,884;11,0;8,606;11,0;1001,618;107,44;311,946;40,33;35,606;13,53;2,141;10,19;1,089;10,02;0,904;10,0;2,047;18,913;0,54;20,518;3,65;3,34;0,55;-4,063;2,2;948,76;1,0;"";"";22,992;2,32;79,676;12,69;"";"";13,0;20,0;13,0;"";"";"";"";"";"";"";"";"";"";"";"";"";"";"";"";"";"";"";"";"";"";"";"";"";"";"";"";"";"";"";"";"";"";"";"";"";"";"";"";"";"";"";"";"";"";"";"";"";"";"";"";"";"";"";"";"";"";"";"";"";"";"";"";""
12.12.2022 01:27:14;1670804834000;880f01e687e2572cea04e80fc6a68085;1141676;OK;1792;0;0;0;0;0,03;1,89;0;0;574;737;"";40,337;6,05;418,75;62,56;20,905;0,86;1,392;0,19;15,833;1,79;6,712;10,97;7,805;11,0;9,429;11,0;1036,825;110,85;324,715;41,49;33,08;13,27;1,955;10,26;1,847;10,24;0,531;10,0;2,467;18,887;0,54;20,547;3,65;3,339;0,55;-4,066;2,2;948,7679;1,0;"";"";22,983;2,33;79,465;12,68;"";"";13,0;20,0;13,0;"";"";"";"";"";"";"";"";"";"";"";"";"";"";"";"";"";"";"";"";"";"";"";"";"";"";"";"";"";"";"";"";"";"";"";"";"";"";"";"";"";"";"";"";"";"";"";"";"";"";"";"";"";"";"";"";"";"";"";"";"";"";"";"";""
12.12.2022 01:29:16;1670804956000;880f01e687e2572cea04e80fc6a68085;1141797;OK;1806;0;0;0;0;0,01;1,72;0;0;574;736;"";39,71;5,96;420,38;62,61;20,903;0,86;1,391;0,19;15,792;1,79;6,824;11,0;7,668;11,0;8,359;11,0;1050,723;112,2;329,197;42,03;26,857;12,58;0,732;10,03;0,721;10,03;0,371;10,0;1,798;18,864;0,54;20,551;3,65;3,335;0,55;-4,083;2,19;948,7659;1,0;"";"";23,042;2,32;79,278;12,67;"";"";13,0;20,0;13,0;"";"";"";"";"";"";"";"";"";"";"";"";"";"";"";"";"";"";"";"";"";"";"";"";"";"";"";"";"";"";"";"";"";"";"";"";"";"";"";"";"";"";"";"";"";"";"";"";"";"";"";"";"";"";"";"";"";"";"";"";"";"";"";"";""
12.12.2022 01:31:16;1670805076000;880f01e687e2572cea04e80fc6a68085;1141917;OK;1799;0;0;0;0;-0,03;0,55;0;0;574;736;"";39,832;5,97;419,558;62,59;20,902;0,86;1,39;0,19;15,744;1,79;6,369;10,97;7,483;11,0;7,785;11,0;996,207;106,87;311,934;40,35;28,509;12,8;0,981;10,07;0,171;10,0;0,038;10,0;1,53;18,841;0,54;20,552;3,65;3,331;0,55;-4,101;2,19;948,784;1,0;"";"";22,893;2,33;79,065;12,66;"";"";13,0;20,0;13,0;"";"";"";"";"";"";"";"";"";"";"";"";"";"";"";"";"";"";"";"";"";"";"";"";"";"";"";"";"";"";"";"";"";"";"";"";"";"";"";"";"";"";"";"";"";"";"";"";"";"";"";"";"";"";"";"";"";"";"";"";"";"";"";"";""
12.12.2022 01:33:14;1670805194000;880f01e687e2572cea04e80fc6a68085;1142036;OK;1803;0;0;0;0;-0,04;2,3;0;0;574;736;"";40,401;6,06;420,559;62,62;20,901;0,86;1,389;0,19;15,707;1,79;6,161;10,83;7,367;11,0;7,695;11,0;1036,751;110,87;322,057;41,32;27,122;12,65;0,476;10,05;0,389;10,05;0,004;10,0;1,566;18,818;0,54;20,556;3,65;3,327;0,55;-4,117;2,19;948,805;1,0;"";"";22,921;2,33;79,214;12,67;"";"";13,0;20,0;13,0;"";"";"";"";"";"";"";"";"";"";"";"";"";"";"";"";"";"";"";"";"";"";"";"";"";"";"";"";"";"";"";"";"";"";"";"";"";"";"";"";"";"";"";"";"";"";"";"";"";"";"";"";"";"";"";"";"";"";"";"";"";"";"";"";""
12.12.2022 01:35:16;1670805316000;880f01e687e2572cea04e80fc6a68085;1142158;OK;1794;0;0;0;0;-0,03;-0,52;0;0;574;736;"";38,485;5,77;419,51;62,59;20,905;0,86;1,387;0,19;15,648;1,78;6,844;10,98;8,235;11,0;9,064;11,0;1076,64;114,66;334,743;42,58;30,076;13,01;1,479;10,12;1,12;10,12;0,385;10,0;1,991;18,798;0,54;20,56;3,65;3,324;0,54;-4,131;2,19;948,815;1,0;"";"";22,818;2,33;79,343;12,67;"";"";13,0;20,0;13,0;"";"";"";"";"";"";"";"";"";"";"";"";"";"";"";"";"";"";"";"";"";"";"";"";"";"";"";"";"";"";"";"";"";"";"";"";"";"";"";"";"";"";"";"";"";"";"";"";"";"";"";"";"";"";"";"";"";"";"";"";"";"";"";"";""
12.12.2022 01:37:16;1670805436000;880f01e687e2572cea04e80fc6a68085;1142278;OK;1800;0;0;0;0;-0,02;1,63;0;0;574;736;"";39,081;5,86;419,632;62,59;20,91;0,86;1,387;0,19;15,578;1,78;6,291;10,9;7,414;11,0;7,81;11,0;978,535;105,16;309,226;40,09;27,271;12,55;0,5;10,03;0,256;10,03;0,123;10,0;1,564;18,776;0,54;20,58;3,65;3,323;0,54;-4,137;2,19;948,8239;1,0;"";"";22,748;2,34;79,139;12,66;"";"";13,0;20,0;13,0;"";"";"";"";"";"";"";"";"";"";"";"";"";"";"";"";"";"";"";"";"";"";"";"";"";"";"";"";"";"";"";"";"";"";"";"";"";"";"";"";"";"";"";"";"";"";"";"";"";"";"";"";"";"";"";"";"";"";"";"";"";"";"";"";""
12.12.2022 01:39:17;1670805557000;880f01e687e2572cea04e80fc6a68085;1142398;OK;1797;0;0;0;0;-0,01;-1,39;0;0;575;735;"";40,218;6,03;419,034;62,57;20,91;0,86;1,386;0,19;15,581;1,78;5,996;10,75;6,912;10,88;7,291;10,98;974,1599;104,75;303,384;39,47;26,273;12,53;0,415;10,0;0,39;10,0;0,276;10,0;1,638;18,752;0,54;20,614;3,65;3,324;0,54;-4,135;2,19;948,829;1,0;"";"";22,691;2,34;78,979;12,65;"";"";13,0;20,0;13,0;"";"";"";"";"";"";"";"";"";"";"";"";"";"";"";"";"";"";"";"";"";"";"";"";"";"";"";"";"";"";"";"";"";"";"";"";"";"";"";"";"";"";"";"";"";"";"";"";"";"";"";"";"";"";"";"";"";"";"";"";"";"";"";"";""
12.12.2022 01:41:16;1670805676000;880f01e687e2572cea04e80fc6a68085;1142517;OK;1798;0;0;0;0;0,01;-1,28;0;0;576;735;"";38,322;5,75;419,308;62,58;20,905;0,86;1,384;0,19;15,56;1,78;6,28;10,95;7,177;10,99;8,64;11,0;983,377;105,64;311,599;40,28;27,204;12,63;2,914;10,23;2,342;10,18;0,467;10,0;2,642;18,73;0,54;20,658;3,64;3,326;0,54;-4,125;2,18;948,813;1,0;"";"";22,68;2,34;78,913;12,65;"";"";13,0;20,0;13,0;"";"";"";"";"";"";"";"";"";"";"";"";"";"";"";"";"";"";"";"";"";"";"";"";"";"";"";"";"";"";"";"";"";"";"";"";"";"";"";"";"";"";"";"";"";"";"";"";"";"";"";"";"";"";"";"";"";"";"";"";"";"";"";"";""
12.12.2022 01:43:16;1670805796000;880f01e687e2572cea04e80fc6a68085;1142638;OK;1792;0;0;0;0;0,01;-4,92;0;0;577;735;"";38,108;5,72;418,122;62,54;20,901;0,86;1,385;0,19;15,485;1,78;6,135;10,96;6,968;10,99;8,341;11,0;972,835;104,63;304,523;39,51;23,372;12,34;1,804;10,09;1,745;10,09;0,048;10,0;2,584;18,709;0,54;20,683;3,64;3,326;0,54;-4,126;2,18;948,815;1,0;"";"";22,633;2,34;78,92;12,65;"";"";13,0;20,0;13,0;"";"";"";"";"";"";"";"";"";"";"";"";"";"";"";"";"";"";"";"";"";"";"";"";"";"";"";"";"";"";"";"";"";"";"";"";"";"";"";"";"";"";"";"";"";"";"";"";"";"";"";"";"";"";"";"";"";"";"";"";"";"";"";"";""
12.12.2022 01:45:18;1670805918000;880f01e687e2572cea04e80fc6a68085;1142760;OK;1790;0;0;0;0;-0,01;-4,11;0;0;577;734;"";37,668;5,65;417,452;62,52;20,907;0,86;1,385;0,19;15,441;1,77;6,357;10,78;8,053;11,0;8,975;11,0;1030,699;110,23;320,11;41,17;29,689;12,9;1,375;10,07;1,132;10,01;0,005;10,0;2,081;18,682;0,54;20,687;3,64;3,322;0,54;-4,146;2,18;948,815;1,0;"";"";22,631;2,34;78,548;12,63;"";"";13,0;20,0;13,0;"";"";"";"";"";"";"";"";"";"";"";"";"";"";"";"";"";"";"";"";"";"";"";"";"";"";"";"";"";"";"";"";"";"";"";"";"";"";"";"";"";"";"";"";"";"";"";"";"";"";"";"";"";"";"";"";"";"";"";"";"";"";"";"";""
12.12.2022 01:47:19;1670806039000;880f01e687e2572cea04e80fc6a68085;1142880;OK;1793;0;0;0;0;-0,03;-8,13;0;0;577;734;"";36,983;5,55;416,883;62,51;20,907;0,86;1,383;0,19;15,398;1,77;6,6;10,9;8,213;11,0;8,865;11,0;1045,784;111,7;326,668;41,76;27,569;12,67;1,119;10,12;0,94;10,12;0,0;10,0;1,885;18,662;0,54;20,688;3,64;3,318;0,54;-4,163;2,18;948,801;1,0;"";"";22,568;2,35;77,938;12,6;"";"";13,0;20,0;13,0;"";"";"";"";"";"";"";"";"";"";"";"";"";"";"";"";"";"";"";"";"";"";"";"";"";"";"";"";"";"";"";"";"";"";"";"";"";"";"";"";"";"";"";"";"";"";"";"";"";"";"";"";"";"";"";"";"";"";"";"";"";"";"";"";""
12.12.2022 01:49:18;1670806158000;880f01e687e2572cea04e80fc6a68085;1142999;OK;1792;0;0;0;0;-0,03;-4,38;0;0;577;733;"";36,989;5,55;417,35;62,52;20,905;0,86;1,382;0,19;15,379;1,77;6,035;10,92;7,058;11,0;7,552;11,0;973,953;104,68;301,7;39,44;24,95;12,35;0,797;10,01;0,778;10,01;0,0;10,0;1,752;18,644;0,54;20,688;3,64;3,314;0,54;-4,177;2,18;948,781;1,0;"";"";22,552;2,35;78,00701;12,6;"";"";13,0;20,0;13,0;"";"";"";"";"";"";"";"";"";"";"";"";"";"";"";"";"";"";"";"";"";"";"";"";"";"";"";"";"";"";"";"";"";"";"";"";"";"";"";"";"";"";"";"";"";"";"";"";"";"";"";"";"";"";"";"";"";"";"";"";"";"";"";"";""
12.12.2022 01:51:19;1670806279000;880f01e687e2572cea04e80fc6a68085;1143120;OK;1811;0;0;0;0;-0,03;2,49;0;0;577;733;"";36,303;5,45;419,293;62,58;20,904;0,86;1,382;0,19;15,391;1,77;6,229;10,9;7,138;11,0;8,307;11,0;1000,194;107,18;310,409;40,25;26,038;12,54;2,03;10,15;1,738;10,05;0,0;10,0;2,355;18,624;0,54;20,689;3,64;3,311;0,54;-4,193;2,18;948,793;1,0;"";"";22,623;2,34;77,794;12,59;"";"";13,0;20,0;13,0;"";"";"";"";"";"";"";"";"";"";"";"";"";"";"";"";"";"";"";"";"";"";"";"";"";"";"";"";"";"";"";"";"";"";"";"";"";"";"";"";"";"";"";"";"";"";"";"";"";"";"";"";"";"";"";"";"";"";"";"";"";"";"";"";""
12.12.2022 01:53:21;1670806401000;880f01e687e2572cea04e80fc6a68085;1143242;OK;1785;0;0;0;0;-0,03;6,21;0;0;577;733;"";37,488;5,62;418,393;62,55;20,903;0,86;1,38;0,19;15,305;1,77;5,981;10,76;6,728;10,96;7,547;10,96;986,254;105,98;302,675;39,45;26,496;12,52;2,166;10,18;0,828;10,01;0,0;10,0;2,011;18,603;0,54;20,694;3,64;3,307;0,54;-4,207;2,18;948,8159;1,0;"";"";22,529;2,35;77,557;12,58;"";"";13,0;20,0;13,0;"";"";"";"";"";"";"";"";"";"";"";"";"";"";"";"";"";"";"";"";"";"";"";"";"";"";"";"";"";"";"";"";"";"";"";"";"";"";"";"";"";"";"";"";"";"";"";"";"";"";"";"";"";"";"";"";"";"";"";"";"";"";"";"";""
12.12.2022 01:55:19;1670806519000;880f01e687e2572cea04e80fc6a68085;1143361;OK;1795;0;0;0;0;-0,01;3,9;0;0;579;732;"";35,659;5,35;418,668;62,56;20,901;0,86;1,38;0,19;15,301;1,77;6,732;10,97;8,103;11,0;8,756;11,0;1055,046;112,58;326,865;41,81;34,255;13,4;2,575;10,23;0,864;10,0;0,0;10,0;1,876;18,583;0,54;20,748;3,64;3,312;0,54;-4,189;2,17;948,8239;1,0;"";"";22,517;2,35;77,416;12,57;"";"";13,0;20,0;13,0;"";"";"";"";"";"";"";"";"";"";"";"";"";"";"";"";"";"";"";"";"";"";"";"";"";"";"";"";"";"";"";"";"";"";"";"";"";"";"";"";"";"";"";"";"";"";"";"";"";"";"";"";"";"";"";"";"";"";"";"";"";"";"";"";""
12.12.2022 01:57:20;1670806640000;880f01e687e2572cea04e80fc6a68085;1143481;OK;1793;0;0;0;0;0,01;-1,35;0;0;580;732;"";36,394;5,46;418,215;62,55;20,9;0,86;1,378;0,19;15,286;1,77;6,843;11,0;7,865;11,0;8,601;11,0;1052,339;112,34;329,993;42,11;29,385;12,83;1,297;10,06;0,44;10,0;0,0;10,0;1,914;18,565;0,54;20,78;3,64;3,314;0,54;-4,183;2,17;948,846;1,0;"";"";22,447;2,35;77,212;12,56;"";"";13,0;20,0;13,0;"";"";"";"";"";"";"";"";"";"";"";"";"";"";"";"";"";"";"";"";"";"";"";"";"";"";"";"";"";"";"";"";"";"";"";"";"";"";"";"";"";"";"";"";"";"";"";"";"";"";"";"";"";"";"";"";"";"";"";"";"";"";"";"";""
12.12.2022 01:59:21;1670806761000;880f01e687e2572cea04e80fc6a68085;1143602;OK;1791;0;0;0;0;0,03;7,14;0;0;581;732;"";37,736;5,66;420,898;62,63;20,908;0,86;1,377;0,19;15,221;1,76;6,399;10,93;8,134;11,0;8,51;11,0;1042,791;111,36;325,541;41,67;31,284;13,03;1,587;10,16;0,336;10,0;0,0;10,0;1,672;18,548;0,54;20,813;3,64;3,315;0,54;-4,177;2,16;948,8359;1,0;"";"";22,479;2,35;77,039;12,56;"";"";13,0;20,0;13,0;"";"";"";"";"";"";"";"";"";"";"";"";"";"";"";"";"";"";"";"";"";"";"";"";"";"";"";"";"";"";"";"";"";"";"";"";"";"";"";"";"";"";"";"";"";"";"";"";"";"";"";"";"";"";"";"";"";"";"";"";"";"";"";"";""
12.12.2022 02:01:21;1670806881000;880f01e687e2572cea04e80fc6a68085;1143722;OK;1799;0;0;0;0;0,0;-1,05;0;0;581;731;"";36,081;5,41;417,451;62,52;20,907;0,86;1,376;0,19;15,182;1,76;6,183;10,93;7,295;11,0;8,819;11,0;1012,84;108,53;311,541;40,26;30,434;12,97;2,493;10,18;1,623;10,09;0,0;10,0;2,713;18,52;0,54;20,827;3,64;3,312;0,53;-4,191;2,16;948,843;1,0;"";"";22,457;2,35;76,977;12,55;"";"";13,0;20,0;13,0;"";"";"";"";"";"";"";"";"";"";"";"";"";"";"";"";"";"";"";"";"";"";"";"";"";"";"";"";"";"";"";"";"";"";"";"";"";"";"";"";"";"";"";"";"";"";"";"";"";"";"";"";"";"";"";"";"";"";"";"";"";"";"";"";""
12.12.2022 02:03:22;1670807002000;880f01e687e2572cea04e80fc6a68085;1143843;OK;1792;0;0;0;0;-0,02;-6,94;0;0;581;731;"";37,245;5,59;416,614;62,5;20,904;0,86;1,375;0,19;15,137;1,76;5,677;10,52;7,041;10,77;7,873;10,9;942,464;101,72;293,273;38,54;26,346;12,55;2,188;10,23;0,626;10,01;0,0;10,0;2,142;18,5;0,54;20,83;3,64;3,309;0,53;-4,206;2,16;948,841;1,0;"";"";22,468;2,35;76,941;12,55;"";"";13,0;20,0;13,0;"";"";"";"";"";"";"";"";"";"";"";"";"";"";"";"";"";"";"";"";"";"";"";"";"";"";"";"";"";"";"";"";"";"";"";"";"";"";"";"";"";"";"";"";"";"";"";"";"";"";"";"";"";"";"";"";"";"";"";"";"";"";"";"";""
12.12.2022 02:05:22;1670807122000;880f01e687e2572cea04e80fc6a68085;1143964;OK;1800;0;0;0;0;-0,03;-5,52;0;0;581;730;"";35,73;5,36;419,79;62,59;20,905;0,86;1,375;0,19;15,122;1,76;6,76;10,94;7,813;10,98;8,652;10,99;1033,818;110,58;327,941;41,88;24,333;12,38;1,894;10,11;0,855;10,0;0,0;10,0;2,04;18,479;0,54;20,831;3,64;3,305;0,53;-4,223;2,16;948,847;1,0;"";"";22,522;2,35;76,826;12,55;"";"";13,0;20,0;13,0;"";"";"";"";"";"";"";"";"";"";"";"";"";"";"";"";"";"";"";"";"";"";"";"";"";"";"";"";"";"";"";"";"";"";"";"";"";"";"";"";"";"";"";"";"";"";"";"";"";"";"";"";"";"";"";"";"";"";"";"";"";"";"";"";""
12.12.2022 02:07:22;1670807242000;880f01e687e2572cea04e80fc6a68085;1144084;OK;1785;0;0;0;0;-0,03;6,24;0;0;581;730;"";35,919;5,39;418,579;62,56;20,899;0,86;1,374;0,19;15,093;1,75;6,805;10,98;7,631;11,0;8,063;11,0;1099,06;116,95;343,741;43,32;21,48;12,06;0,677;10,01;0,278;10,0;0,145;10,0;1,617;18,462;0,54;20,838;3,64;3,302;0,53;-4,233;2,16;948,8569;1,0;"";"";22,505;2,35;76,608;12,53;"";"";13,0;20,0;13,0;"";"";"";"";"";"";"";"";"";"";"";"";"";"";"";"";"";"";"";"";"";"";"";"";"";"";"";"";"";"";"";"";"";"";"";"";"";"";"";"";"";"";"";"";"";"";"";"";"";"";"";"";"";"";"";"";"";"";"";"";"";"";"";"";""
12.12.2022 02:09:24;1670807364000;880f01e687e2572cea04e80fc6a68085;1144206;OK;1800;0;0;0;0;-0,02;3,36;0;0;581;729;"";35,072;5,26;417,811;62,53;20,899;0,86;1,372;0,19;15,123;1,76;6,553;10,92;8,139;11,0;8,829;11,0;1039,871;111,2;325,657;41,58;28,875;12,8;1,772;10,09;0,664;10,0;0,143;10,0;1,928;18,444;0,54;20,85;3,64;3,301;0,53;-4,24;2,16;948,875;1,0;"";"";22,521;2,35;76,534;12,53;"";"";13,0;20,0;13,0;"";"";"";"";"";"";"";"";"";"";"";"";"";"";"";"";"";"";"";"";"";"";"";"";"";"";"";"";"";"";"";"";"";"";"";"";"";"";"";"";"";"";"";"";"";"";"";"";"";"";"";"";"";"";"";"";"";"";"";"";"";"";"";"";""
12.12.2022 02:11:25;1670807485000;880f01e687e2572cea04e80fc6a68085;1144326;OK;1792;0;0;0;0;0,01;-5,16;0;0;583;729;"";33,928;5,09;417,249;62,52;20,9;0,86;1,372;0,19;15,13;1,76;6,393;10,76;7,197;10,92;8,186;10,96;1043,318;111,47;325,802;41,69;28,338;12,83;1,573;10,01;1,459;10,0;0,015;10,0;2,158;18,423;0,54;20,925;3,64;3,309;0,53;-4,209;2,15;948,911;1,0;"";"";22,419;2,35;76,271;12,52;"";"";13,0;20,0;13,0;"";"";"";"";"";"";"";"";"";"";"";"";"";"";"";"";"";"";"";"";"";"";"";"";"";"";"";"";"";"";"";"";"";"";"";"";"";"";"";"";"";"";"";"";"";"";"";"";"";"";"";"";"";"";"";"";"";"";"";"";"";"";"";"";""
12.12.2022 02:13:24;1670807604000;880f01e687e2572cea04e80fc6a68085;1144446;OK;1799;0;0;0;0;0,02;-2,18;0;0;584;729;"";33,848;5,08;418,027;62,54;20,901;0,86;1,371;0,19;15,096;1,76;6,211;10,91;6,969;10,99;8,32;11,0;1029,952;110,21;316,776;40,87;26,428;12,61;1,763;10,19;1,751;10,19;0,002;10,0;2,53;18,406;0,54;20,931;3,64;3,306;0,53;-4,22;2,15;948,9439;1,0;"";"";22,524;2,35;75,792;12,49;"";"";13,0;20,0;13,0;"";"";"";"";"";"";"";"";"";"";"";"";"";"";"";"";"";"";"";"";"";"";"";"";"";"";"";"";"";"";"";"";"";"";"";"";"";"";"";"";"";"";"";"";"";"";"";"";"";"";"";"";"";"";"";"";"";"";"";"";"";"";"";"";""
12.12.2022 02:15:24;1670807724000;880f01e687e2572cea04e80fc6a68085;1144565;OK;1795;0;0;0;0;0,02;1,94;0;0;585;729;"";32,234;4,84;418,933;62,57;20,898;0,86;1,371;0,19;15,105;1,76;6,207;10,89;7,84;10,99;8,074;10,99;1024,183;109,59;320,317;41,15;32,647;13,2;1,499;10,14;0,301;10,02;0,0;10,0;1,538;18,387;0,54;20,961;3,64;3,307;0,53;-4,216;2,14;948,951;1,0;"";"";22,554;2,35;75,467;12,48;"";"";13,0;20,0;13,0;"";"";"";"";"";"";"";"";"";"";"";"";"";"";"";"";"";"";"";"";"";"";"";"";"";"";"";"";"";"";"";"";"";"";"";"";"";"";"";"";"";"";"";"";"";"";"";"";"";"";"";"";"";"";"";"";"";"";"";"";"";"";"";"";""
12.12.2022 02:17:24;1670807844000;880f01e687e2572cea04e80fc6a68085;1144686;OK;1783;0;0;0;0;-0,0;6,6;0;0;585;728;"";33,496;5,02;419,833;62,59;20,897;0,86;1,37;0,19;15,137;1,76;6,4;10,96;8,678;11,0;9,218;11,0;1058,398;112,98;329,982;42,12;37,73;13,74;3,896;10,37;1,077;10,03;0,14;10,0;1,818;18,371;0,54;20,965;3,64;3,305;0,53;-4,227;2,14;948,9829;1,0;"";"";22,507;2,35;74,86;12,44;"";"";13,0;20,0;13,0;"";"";"";"";"";"";"";"";"";"";"";"";"";"";"";"";"";"";"";"";"";"";"";"";"";"";"";"";"";"";"";"";"";"";"";"";"";"";"";"";"";"";"";"";"";"";"";"";"";"";"";"";"";"";"";"";"";"";"";"";"";"";"";"";""
12.12.2022 02:19:24;1670807964000;880f01e687e2572cea04e80fc6a68085;1144806;OK;1791;0;0;0;0;-0,01;1,75;0;0;585;728;"";35,272;5,29;418,52;62,56;20,897;0,86;1,37;0,19;15,153;1,76;6,636;10,98;7,871;11,0;8,609;11,0;1039,055;111,13;330,634;42,19;28,97;12,82;1,682;10,12;0,983;10,08;0,014;10,0;1,961;18,35;0,54;20,971;3,64;3,302;0,53;-4,241;2,14;948,973;1,0;"";"";22,446;2,35;75,17;12,46;"";"";13,0;20,0;13,0;"";"";"";"";"";"";"";"";"";"";"";"";"";"";"";"";"";"";"";"";"";"";"";"";"";"";"";"";"";"";"";"";"";"";"";"";"";"";"";"";"";"";"";"";"";"";"";"";"";"";"";"";"";"";"";"";"";"";"";"";"";"";"";"";""
12.12.2022 02:21:24;1670808084000;880f01e687e2572cea04e80fc6a68085;1144926;OK;1793;0;0;0;0;-0,02;0,82;0;0;585;727;"";34,641;5,2;418,78;62,56;20,897;0,86;1,369;0,19;15,13;1,76;6,526;10,98;7,572;11,0;8,155;11,0;999,552;107,24;318,124;40,95;27,03;12,62;1,017;10,01;0,82;10,01;0,001;10,0;1,804;18,334;0,54;20,974;3,64;3,299;0,53;-4,253;2,14;948,975;1,0;"";"";22,454;2,35;75,258;12,47;"";"";13,0;20,0;13,0;"";"";"";"";"";"";"";"";"";"";"";"";"";"";"";"";"";"";"";"";"";"";"";"";"";"";"";"";"";"";"";"";"";"";"";"";"";"";"";"";"";"";"";"";"";"";"";"";"";"";"";"";"";"";"";"";"";"";"";"";"";"";"";"";""
12.12.2022 02:23:25;1670808205000;880f01e687e2572cea04e80fc6a68085;1145046;OK;1800;0;0;0;0;-0,03;-0,09;0;0;585;727;"";34,729;5,21;418,347;62,55;20,895;0,86;1,368;0,19;15,063;1,75;6,499;10,93;7,496;11,0;8,412;11,0;1022,391;109,52;317,54;40,9;34,795;13,44;1,452;10,0;1,432;10,0;0,0;10,0;2,143;18,312;0,54;20,975;3,64;3,295;0,53;-4,27;2,14;948,99;1,0;"";"";22,365;2,36;75,06401;12,46;"";"";13,0;20,0;13,0;"";"";"";"";"";"";"";"";"";"";"";"";"";"";"";"";"";"";"";"";"";"";"";"";"";"";"";"";"";"";"";"";"";"";"";"";"";"";"";"";"";"";"";"";"";"";"";"";"";"";"";"";"";"";"";"";"";"";"";"";"";"";"";"";""
12.12.2022 02:25:25;1670808325000;880f01e687e2572cea04e80fc6a68085;1145167;OK;1790;0;0;0;0;-0,03;4,59;0;0;585;726;"";33,241;4,99;419,238;62,58;20,892;0,86;1,368;0,19;15,047;1,75;6,369;10,84;7,307;11,0;7,632;11,0;983,857;105,73;310,924;40,22;22,496;12,26;0,58;10,0;0,578;10,0;0,0;10,0;1,54;18,292;0,54;20,975;3,64;3,291;0,53;-4,286;2,14;949,007;1,0;"";"";22,459;2,35;74,603;12,43;"";"";13,0;20,0;13,0;"";"";"";"";"";"";"";"";"";"";"";"";"";"";"";"";"";"";"";"";"";"";"";"";"";"";"";"";"";"";"";"";"";"";"";"";"";"";"";"";"";"";"";"";"";"";"";"";"";"";"";"";"";"";"";"";"";"";"";"";"";"";"";"";""
12.12.2022 02:27:25;1670808445000;880f01e687e2572cea04e80fc6a68085;1145286;OK;1814;0;0;0;0;-0,03;-2,46;0;0;585;725;"";32,903;4,94;418,095;62,54;20,891;0,86;1,367;0,19;15,051;1,75;6,067;10,65;7,108;10,97;7,58;11,0;966,61;104,07;308,552;40,06;21,64;12,02;0,99;10,0;0,901;10,0;0,0;10,0;1,792;18,273;0,54;20,976;3,64;3,287;0,53;-4,302;2,14;949,014;1,0;"";"";22,436;2,35;74,438;12,42;"";"";13,0;20,0;13,0;"";"";"";"";"";"";"";"";"";"";"";"";"";"";"";"";"";"";"";"";"";"";"";"";"";"";"";"";"";"";"";"";"";"";"";"";"";"";"";"";"";"";"";"";"";"";"";"";"";"";"";"";"";"";"";"";"";"";"";"";"";"";"";"";""
12.12.2022 02:29:25;1670808565000;880f01e687e2572cea04e80fc6a68085;1145406;OK;1790;0;0;0;0;-0,03;-4,63;0;0;585;725;"";32,67;4,9;417,574;62,53;20,894;0,86;1,365;0,19;14,976;1,75;6,848;10,89;8,073;11,0;9,077;11,0;1089,488;115,94;342,405;43,27;32,025;13,18;1,516;10,0;1,038;10,0;0,0;10,0;2,15;18,258;0,54;20,977;3,64;3,285;0,53;-4,314;2,14;949,0089;1,0;"";"";22,367;2,36;74,114;12,41;"";"";13,0;20,0;13,0;"";"";"";"";"";"";"";"";"";"";"";"";"";"";"";"";"";"";"";"";"";"";"";"";"";"";"";"";"";"";"";"";"";"";"";"";"";"";"";"";"";"";"";"";"";"";"";"";"";"";"";"";"";"";"";"";"";"";"";"";"";"";"";"";""
12.12.2022 02:31:26;1670808686000;880f01e687e2572cea04e80fc6a68085;1145527;OK;1787;0;0;0;0;-0,02;-4,78;0;0;585;724;"";32,549;4,88;417,483;62,52;20,89;0,86;1,364;0,19;15,0;1,75;6,208;10,77;7,417;11,0;9,017;11,0;1018,365;109,11;318,744;41,01;28,323;12,87;2,089;10,19;1,862;10,19;0,555;10,0;2,668;18,241;0,54;20,981;3,64;3,282;0,53;-4,325;2,14;948,998;1,0;"";"";22,427;2,35;73,658;12,38;"";"";13,0;20,0;13,0;"";"";"";"";"";"";"";"";"";"";"";"";"";"";"";"";"";"";"";"";"";"";"";"";"";"";"";"";"";"";"";"";"";"";"";"";"";"";"";"";"";"";"";"";"";"";"";"";"";"";"";"";"";"";"";"";"";"";"";"";"";"";"";"";""
12.12.2022 02:33:28;1670808808000;880f01e687e2572cea04e80fc6a68085;1145649;OK;1790;0;0;0;0;-0,0;-5,06;0;0;587;724;"";30,615;4,59;415,547;62,47;20,889;0,86;1,363;0,19;14,978;1,75;6,745;10,98;7,595;11,0;8,416;11,0;1063,326;113,43;324,187;41,51;24,68;12,39;1,182;10,07;0,9929999;10,02;0,055;10,0;1,965;18,225;0,54;21,04;3,64;3,288;0,52;-4,302;2,13;948,9759;1,0;"";"";22,365;2,36;73,523;12,38;"";"";13,0;20,0;13,0;"";"";"";"";"";"";"";"";"";"";"";"";"";"";"";"";"";"";"";"";"";"";"";"";"";"";"";"";"";"";"";"";"";"";"";"";"";"";"";"";"";"";"";"";"";"";"";"";"";"";"";"";"";"";"";"";"";"";"";"";"";"";"";"";""
12.12.2022 02:35:26;1670808926000;880f01e687e2572cea04e80fc6a68085;1145768;OK;1789;0;0;0;0;0,02;-5,22;0;0;587;724;"";31,845;4,78;416,07;62,48;20,885;0,86;1,363;0,19;14,927;1,75;5,71;10,61;6,536;11,0;7,499;11,0;978,152;105,17;300,39;39,2;16,783;11,62;1,16;10,06;1,14;10,06;0,228;10,0;2,225;18,204;0,54;21,065;3,64;3,288;0,52;-4,303;2,13;949,0009;1,0;"";"";22,313;2,36;73,131;12,36;"";"";13,0;20,0;13,0;"";"";"";"";"";"";"";"";"";"";"";"";"";"";"";"";"";"";"";"";"";"";"";"";"";"";"";"";"";"";"";"";"";"";"";"";"";"";"";"";"";"";"";"";"";"";"";"";"";"";"";"";"";"";"";"";"";"";"";"";"";"";"";"";""
12.12.2022 02:37:27;1670809047000;880f01e687e2572cea04e80fc6a68085;1145888;OK;1791;0;0;0;0;0,02;-3,73;0;0;588;724;"";32,782;4,92;416,366;62,49;20,886;0,86;1,362;0,19;14,925;1,75;7,213;10,96;8,167;11,0;9,134;11,0;1122,851;119,24;353,524;44,42;25,914;12,57;2,121;10,27;2,119;10,27;0,812;10,0;2,037;18,189;0,54;21,091;3,64;3,289;0,52;-4,299;2,13;949,014;1,0;"";"";22,255;2,36;72,647;12,33;"";"";13,0;20,0;13,0;"";"";"";"";"";"";"";"";"";"";"";"";"";"";"";"";"";"";"";"";"";"";"";"";"";"";"";"";"";"";"";"";"";"";"";"";"";"";"";"";"";"";"";"";"";"";"";"";"";"";"";"";"";"";"";"";"";"";"";"";"";"";"";"";""
12.12.2022 02:39:27;1670809167000;880f01e687e2572cea04e80fc6a68085;1146009;OK;1789;0;0;0;0;-0,0;9,11;0;0;588;723;"";30,099;4,51;418,144;62,54;20,889;0,86;1,362;0,19;14,906;1,75;6,316;10,91;7,525;11,0;8,136;11,0;1020,211;109,2;324,615;41,57;24,316;12,34;1,007;10,04;0,774;10,03;0,094;10,0;1,819;18,175;0,54;21,096;3,64;3,287;0,52;-4,308;2,13;949,025;1,0;"";"";22,231;2,36;72,414;12,32;"";"";13,0;20,0;13,0;"";"";"";"";"";"";"";"";"";"";"";"";"";"";"";"";"";"";"";"";"";"";"";"";"";"";"";"";"";"";"";"";"";"";"";"";"";"";"";"";"";"";"";"";"";"";"";"";"";"";"";"";"";"";"";"";"";"";"";"";"";"";"";"";""
12.12.2022 02:41:28;1670809288000;880f01e687e2572cea04e80fc6a68085;1146130;OK;1802;0;0;0;0;-0,01;3,95;0;0;588;723;"";31,784;4,77;416,388;62,49;20,882;0,86;1,362;0,19;14,933;1,75;6,245;10,9;6,892;11,0;7,101;11,0;1025,564;109,76;320,499;41,18;19,357;11,87;0,287;10,0;0,264;10,0;0,01;10,0;1,362;18,154;0,54;21,102;3,64;3,284;0,52;-4,322;2,13;949,037;1,0;"";"";22,247;2,36;72,322;12,31;"";"";13,0;20,0;13,0;"";"";"";"";"";"";"";"";"";"";"";"";"";"";"";"";"";"";"";"";"";"";"";"";"";"";"";"";"";"";"";"";"";"";"";"";"";"";"";"";"";"";"";"";"";"";"";"";"";"";"";"";"";"";"";"";"";"";"";"";"";"";"";"";""
12.12.2022 02:43:28;1670809408000;880f01e687e2572cea04e80fc6a68085;1146250;OK;1787;0;0;0;0;-0,03;1,53;0;0;588;722;"";31,721;4,76;417,37;62,52;20,88;0,86;1,36;0,19;14,92;1,75;6,436;10,95;7,815;11,0;8,494;11,0;1015,071;108,74;317,439;40,92;25,878;12,56;2,038;10,23;0,512;10,0;0,001;10,0;1,903;18,135;0,55;21,103;3,64;3,28;0,52;-4,337;2,13;949,0339;1,0;"";"";22,205;2,37;72,213;12,31;"";"";13,0;20,0;13,0;"";"";"";"";"";"";"";"";"";"";"";"";"";"";"";"";"";"";"";"";"";"";"";"";"";"";"";"";"";"";"";"";"";"";"";"";"";"";"";"";"";"";"";"";"";"";"";"";"";"";"";"";"";"";"";"";"";"";"";"";"";"";"";"";""
12.12.2022 02:45:27;1670809527000;880f01e687e2572cea04e80fc6a68085;1146369;OK;1787;0;0;0;0;-0,03;-5,72;0;0;588;721;"";31,513;4,73;415,54;62,47;20,878;0,86;1,359;0,19;14,866;1,74;6,342;10,87;7,013;10,94;7,766;10,94;988,388;106,13;306,821;39,91;21,437;12,1;0,887;10,02;0,542;10,0;0,488;10,0;1,86;18,115;0,55;21,108;3,64;3,277;0,52;-4,35;2,12;949,0149;1,0;"";"";22,148;2,37;72,109;12,3;"";"";13,0;20,0;13,0;"";"";"";"";"";"";"";"";"";"";"";"";"";"";"";"";"";"";"";"";"";"";"";"";"";"";"";"";"";"";"";"";"";"";"";"";"";"";"";"";"";"";"";"";"";"";"";"";"";"";"";"";"";"";"";"";"";"";"";"";"";"";"";"";""
12.12.2022 02:47:29;1670809649000;880f01e687e2572cea04e80fc6a68085;1146491;OK;1795;0;0;0;0;-0,02;-5,81;0;0;589;721;"";30,518;4,58;414,131;62,42;20,878;0,86;1,359;0,19;14,866;1,74;6,143;10,78;6,783;10,97;8,541;10,99;955,666;102,98;302,002;39,37;23,546;12,27;2,674;10,23;2,183;10,17;0,049;10,0;2,903;18,102;0,55;21,118;3,64;3,276;0,52;-4,355;2,12;949,012;1,0;"";"";22,198;2,37;72,191;12,31;"";"";13,0;20,0;13,0;"";"";"";"";"";"";"";"";"";"";"";"";"";"";"";"";"";"";"";"";"";"";"";"";"";"";"";"";"";"";"";"";"";"";"";"";"";"";"";"";"";"";"";"";"";"";"";"";"";"";"";"";"";"";"";"";"";"";"";"";"";"";"";"";""
12.12.2022 02:49:30;1670809770000;880f01e687e2572cea04e80fc6a68085;1146611;OK;1796;0;0;0;0;-0,01;-1,72;0;0;589;720;"";30,872;4,63;415,705;62,47;20,876;0,86;1,359;0,19;14,859;1,74;6,842;10,95;7,827;11,0;8,194;11,0;1046,745;111,85;327,064;41,84;31,768;13,19;1,083;10,03;0,27;10,02;0,005;10,0;1,559;18,083;0,55;21,138;3,64;3,276;0,52;-4,358;2,12;948,997;1,0;"";"";22,173;2,37;72,045;12,3;"";"";13,0;20,0;13,0;"";"";"";"";"";"";"";"";"";"";"";"";"";"";"";"";"";"";"";"";"";"";"";"";"";"";"";"";"";"";"";"";"";"";"";"";"";"";"";"";"";"";"";"";"";"";"";"";"";"";"";"";"";"";"";"";"";"";"";"";"";"";"";"";""
12.12.2022 02:51:29;1670809889000;880f01e687e2572cea04e80fc6a68085;1146730;OK;1812;0;0;0;0;-0,0;4,4;0;0;590;720;"";31,941;4,79;415,862;62,48;20,875;0,86;1,358;0,19;14,776;1,74;5,931;10,7;6,727;10,77;7,185;10,97;952,606;102,69;298,696;39,04;19,368;11,84;0,729;10,0;0,583;10,0;0,197;10,0;1,748;18,068;0,55;21,163;3,64;3,277;0,52;-4,355;2,12;948,984;1,0;"";"";22,134;2,37;71,694;12,28;"";"";13,0;20,0;13,0;"";"";"";"";"";"";"";"";"";"";"";"";"";"";"";"";"";"";"";"";"";"";"";"";"";"";"";"";"";"";"";"";"";"";"";"";"";"";"";"";"";"";"";"";"";"";"";"";"";"";"";"";"";"";"";"";"";"";"";"";"";"";"";"";""
12.12.2022 02:53:30;1670810010000;880f01e687e2572cea04e80fc6a68085;1146852;OK;1779;0;0;0;0;0,01;5,75;0;0;591;720;"";29,554;4,43;415,975;62,48;20,879;0,86;1,358;0,19;14,751;1,74;6,349;10,97;7,406;10,98;8,311;11,0;1039,131;111,11;319,45;41,04;23,566;12,35;1,23;10,04;1,068;10,03;0,221;10,03;2,121;18,05;0,55;21,201;3,64;3,279;0,52;-4,346;2,11;948,996;1,0;"";"";22,145;2,37;71,337;12,26;"";"";13,0;20,0;13,0;"";"";"";"";"";"";"";"";"";"";"";"";"";"";"";"";"";"";"";"";"";"";"";"";"";"";"";"";"";"";"";"";"";"";"";"";"";"";"";"";"";"";"";"";"";"";"";"";"";"";"";"";"";"";"";"";"";"";"";"";"";"";"";"";""
12.12.2022 02:55:30;1670810130000;880f01e687e2572cea04e80fc6a68085;1146972;OK;1795;0;0;0;0;0,02;-1,28;0;0;592;719;"";29,641;4,45;416,217;62,49;20,879;0,86;1,357;0,19;14,789;1,74;5,965;10,6;6,972;10,82;7,658;10,84;988,734;106,17;308,668;39,97;30,922;13,06;1,051;10,0;1,034;10,0;0,023;10,0;1,898;18,036;0,55;21,23;3,64;3,281;0,52;-4,34;2,11;949,0219;1,0;"";"";22,126;2,37;71,074;12,25;"";"";13,0;20,0;13,0;"";"";"";"";"";"";"";"";"";"";"";"";"";"";"";"";"";"";"";"";"";"";"";"";"";"";"";"";"";"";"";"";"";"";"";"";"";"";"";"";"";"";"";"";"";"";"";"";"";"";"";"";"";"";"";"";"";"";"";"";"";"";"";"";""
12.12.2022 02:57:31;1670810251000;880f01e687e2572cea04e80fc6a68085;1147093;OK;1796;0;0;0;0;0,01;-0,74;0;0;592;719;"";29,792;4,47;416,31;62,49;20,883;0,86;1,356;0,19;14,704;1,73;6,598;10,96;7,729;10,98;8,438;10,98;986,934;106,02;311,766;40,36;24,111;12,32;1,861;10,15;1,054;10,0;0,002;10,0;1,933;18,024;0,55;21,243;3,64;3,28;0,52;-4,341;2,11;949,037;1,0;"";"";22,127;2,37;71,009;12,25;"";"";13,0;20,0;13,0;"";"";"";"";"";"";"";"";"";"";"";"";"";"";"";"";"";"";"";"";"";"";"";"";"";"";"";"";"";"";"";"";"";"";"";"";"";"";"";"";"";"";"";"";"";"";"";"";"";"";"";"";"";"";"";"";"";"";"";"";"";"";"";"";""
12.12.2022 02:59:30;1670810370000;880f01e687e2572cea04e80fc6a68085;1147212;OK;1813;0;0;0;0;-0,0;-0,68;0;0;592;718;"";30,377;4,56;415,865;62,48;20,883;0,86;1,356;0,19;14,643;1,73;6,015;10,75;7,223;10,93;7,687;11,0;925,03;100,01;289,653;38,27;24,543;12,34;1,851;10,13;0,497;10,03;0,0;10,0;1,77;18,005;0,55;21,245;3,64;3,277;0,52;-4,356;2,11;949,0561;1,0;"";"";22,04;2,37;70,735;12,23;"";"";13,0;20,0;13,0;"";"";"";"";"";"";"";"";"";"";"";"";"";"";"";"";"";"";"";"";"";"";"";"";"";"";"";"";"";"";"";"";"";"";"";"";"";"";"";"";"";"";"";"";"";"";"";"";"";"";"";"";"";"";"";"";"";"";"";"";"";"";"";"";""
12.12.2022 03:01:31;1670810491000;880f01e687e2572cea04e80fc6a68085;1147332;OK;1791;0;0;0;0;-0,02;0,94;0;0;592;718;"";29,491;4,42;416,425;62,49;20,878;0,86;1,356;0,19;14,603;1,73;6,077;10,95;7,111;10,99;8,179;11,0;981,541;105,57;306,517;39,9;28,837;12,89;1,886;10,01;1,746;10,0;0,0;10,0;2,331;17,987;0,55;21,246;3,64;3,274;0,52;-4,371;2,11;949,0729;1,0;"";"";21,981;2,38;70,622;12,23;"";"";13,0;20,0;13,0;"";"";"";"";"";"";"";"";"";"";"";"";"";"";"";"";"";"";"";"";"";"";"";"";"";"";"";"";"";"";"";"";"";"";"";"";"";"";"";"";"";"";"";"";"";"";"";"";"";"";"";"";"";"";"";"";"";"";"";"";"";"";"";"";""
12.12.2022 03:03:31;1670810611000;880f01e687e2572cea04e80fc6a68085;1147452;OK;1790;0;0;0;0;-0,03;1,99;0;0;592;717;"";31,1;4,67;416,482;62,49;20,873;0,86;1,356;0,19;14,6;1,73;6,512;10,93;7,454;11,0;8,887;11,0;1053,88;112,49;332,453;42,41;31,014;13,04;2,045;10,02;2,031;10,02;0,0;10,0;2,587;17,967;0,55;21,247;3,64;3,27;0,52;-4,387;2,11;949,0729;1,0;"";"";21,964;2,38;70,445;12,22;"";"";13,0;20,0;13,0;"";"";"";"";"";"";"";"";"";"";"";"";"";"";"";"";"";"";"";"";"";"";"";"";"";"";"";"";"";"";"";"";"";"";"";"";"";"";"";"";"";"";"";"";"";"";"";"";"";"";"";"";"";"";"";"";"";"";"";"";"";"";"";"";""
12.12.2022 03:05:31;1670810731000;880f01e687e2572cea04e80fc6a68085;1147572;OK;1789;0;0;0;0;-0,03;1,07;0;0;592;717;"";29,576;4,44;416,182;62,49;20,871;0,86;1,355;0,19;14,567;1,73;6,146;10,98;7,34;11,0;8,195;11,0;983,828;105,74;309,438;40,1;31,41;13,02;1,565;10,1;1,564;10,1;0,713;10,0;2,074;17,951;0,55;21,247;3,64;3,267;0,52;-4,4;2,11;949,075;1,0;"";"";21,973;2,38;69,998;12,19;"";"";13,0;20,0;13,0;"";"";"";"";"";"";"";"";"";"";"";"";"";"";"";"";"";"";"";"";"";"";"";"";"";"";"";"";"";"";"";"";"";"";"";"";"";"";"";"";"";"";"";"";"";"";"";"";"";"";"";"";"";"";"";"";"";"";"";"";"";"";"";"";""
12.12.2022 03:07:32;1670810852000;880f01e687e2572cea04e80fc6a68085;1147694;OK;1781;0;0;0;0;-0,02;-5,54;0;0;592;716;"";29,943;4,49;414,559;62,44;20,877;0,86;1,355;0,19;14,548;1,73;5,921;10,77;6,601;11,0;6,823;11,0;939,254;101,35;292,213;38,41;19,303;11,84;0,234;10,01;0,234;10,01;0,081;10,0;1,355;17,935;0,55;21,248;3,64;3,264;0,52;-4,413;2,11;949,075;1,0;"";"";21,917;2,38;69,433;12,17;"";"";13,0;20,0;13,0;"";"";"";"";"";"";"";"";"";"";"";"";"";"";"";"";"";"";"";"";"";"";"";"";"";"";"";"";"";"";"";"";"";"";"";"";"";"";"";"";"";"";"";"";"";"";"";"";"";"";"";"";"";"";"";"";"";"";"";"";"";"";"";"";""
12.12.2022 03:09:32;1670810972000;880f01e687e2572cea04e80fc6a68085;1147813;OK;1807;0;0;0;0;-0,02;-8,66;0;0;592;715;"";27,839;4,18;414,259;62,43;20,877;0,86;1,353;0,19;14,535;1,73;6,167;10,82;7,243;11,0;7,62;11,0;990,465;106,36;307,813;39,92;25,964;12,51;1,193;10,12;0,478;10,0;0,009;10,0;1,616;17,919;0,55;21,249;3,64;3,261;0,51;-4,426;2,11;949,068;1,0;"";"";21,895;2,38;69,157;12,15;"";"";13,0;20,0;13,0;"";"";"";"";"";"";"";"";"";"";"";"";"";"";"";"";"";"";"";"";"";"";"";"";"";"";"";"";"";"";"";"";"";"";"";"";"";"";"";"";"";"";"";"";"";"";"";"";"";"";"";"";"";"";"";"";"";"";"";"";"";"";"";"";""
12.12.2022 03:11:33;1670811093000;880f01e687e2572cea04e80fc6a68085;1147934;OK;1802;0;0;0;0;-0,03;-9,91;0;0;592;715;"";29,068;4,36;412,903;62,39;20,876;0,86;1,353;0,19;14,558;1,73;5,988;10,87;7,052;11,0;7,619;11,0;966,078;103,98;303,017;39,53;24,067;12,33;1,495;10,01;0,8190001;10,0;0,119;10,0;1,824;17,901;0,55;21,249;3,64;3,257;0,51;-4,441;2,11;949,078;1,0;"";"";21,931;2,38;69,039;12,14;"";"";13,084;19,95;35,9;"";"";"";"";"";"";"";"";"";"";"";"";"";"";"";"";"";"";"";"";"";"";"";"";"";"";"";"";"";"";"";"";"";"";"";"";"";"";"";"";"";"";"";"";"";"";"";"";"";"";"";"";"";"";"";"";"";"";"";"";"";"";"";"";""
12.12.2022 03:13:32;1670811212000;880f01e687e2572cea04e80fc6a68085;1148054;OK;1799;0;0;0;0;-0,03;-4,38;0;0;592;714;"";29,155;4,37;413,431;62,4;20,876;0,86;1,353;0,19;14,516;1,73;6,198;10,94;7,387;11,0;7,893;11,0;1024,33;109,71;314,424;40,63;32,082;13,14;2,008;10,14;0,356;10,0;0,013;10,0;1,765;17,889;0,55;21,25;3,64;3,255;0,51;-4,45;2,11;949,086;1,0;"";"";21,955;2,38;68,906;12,14;"";"";13,009;19,99;13,0;"";"";"";"";"";"";"";"";"";"";"";"";"";"";"";"";"";"";"";"";"";"";"";"";"";"";"";"";"";"";"";"";"";"";"";"";"";"";"";"";"";"";"";"";"";"";"";"";"";"";"";"";"";"";"";"";"";"";"";"";"";"";"";"";""
12.12.2022 03:15:32;1670811332000;880f01e687e2572cea04e80fc6a68085;1148174;OK;1789;0;0;0;0;-0,02;0,64;0;0;592;714;"";29,901;4,49;414,242;62,43;20,874;0,86;1,352;0,19;14,492;1,72;6,129;10,96;6,71;11,0;7,175;11,0;981,055;105,4;306,154;39,79;14,034;11,41;0,762;10,05;0,457;10,02;0,001;10,0;1,58;17,877;0,55;21,255;3,64;3,254;0,51;-4,457;2,11;949,088;1,0;"";"";21,976;2,38;68,81401;12,13;"";"";13,001;20,0;13,0;"";"";"";"";"";"";"";"";"";"";"";"";"";"";"";"";"";"";"";"";"";"";"";"";"";"";"";"";"";"";"";"";"";"";"";"";"";"";"";"";"";"";"";"";"";"";"";"";"";"";"";"";"";"";"";"";"";"";"";"";"";"";"";"";""
12.12.2022 03:17:32;1670811452000;880f01e687e2572cea04e80fc6a68085;1148294;OK;1793;0;0;0;0;-0,02;5,25;0;0;592;713;"";27,648;4,15;414,514;62,44;20,874;0,86;1,351;0,19;14,578;1,73;5,92;10,71;6,45;10,94;6,803;10,94;964,9839;103,9;299,891;39,19;15,476;11,47;0,563;10,01;0,047;10,0;0,0;10,0;1,511;17,861;0,55;21,259;3,64;3,251;0,51;-4,468;2,11;949,084;1,0;"";"";22,096;2,37;68,721;12,13;"";"";13,0;20,0;13,0;"";"";"";"";"";"";"";"";"";"";"";"";"";"";"";"";"";"";"";"";"";"";"";"";"";"";"";"";"";"";"";"";"";"";"";"";"";"";"";"";"";"";"";"";"";"";"";"";"";"";"";"";"";"";"";"";"";"";"";"";"";"";"";"";""
12.12.2022 03:19:34;1670811574000;880f01e687e2572cea04e80fc6a68085;1148416;OK;1788;0;0;0;0;0,0;-0,92;0;0;594;713;"";27,312;4,1;411,888;62,36;20,877;0,86;1,35;0,19;14,544;1,73;5,497;10,48;6,149;10,99;7,097;10,99;901,426;97,83;277,237;36,95;21,886;12,19;1,242;10,05;1,191;10,05;0,0;10,0;2,251;17,843;0,55;21,326;3,64;3,258;0,51;-4,441;2,1;949,107;1,0;"";"";21,964;2,38;68,31501;12,11;"";"";13,0;20,0;13,0;"";"";"";"";"";"";"";"";"";"";"";"";"";"";"";"";"";"";"";"";"";"";"";"";"";"";"";"";"";"";"";"";"";"";"";"";"";"";"";"";"";"";"";"";"";"";"";"";"";"";"";"";"";"";"";"";"";"";"";"";"";"";"";"";""
12.12.2022 03:21:33;1670811693000;880f01e687e2572cea04e80fc6a68085;1148534;OK;1790;0;0;0;0;0,01;2,25;0;0;594;712;"";27,421;4,11;416,002;62,48;20,87;0,86;1,348;0,18;14,626;1,73;5,719;10,69;6,662;10,94;7,078;10,99;971,618;104,56;298,781;39,08;26,33;12,57;0,408;10,01;0,403;10,01;0,276;10,0;1,698;17,826;0,55;21,326;3,64;3,255;0,51;-4,455;2,1;949,138;1,0;"";"";21,997;2,38;68,071;12,1;"";"";13,0;20,0;13,0;"";"";"";"";"";"";"";"";"";"";"";"";"";"";"";"";"";"";"";"";"";"";"";"";"";"";"";"";"";"";"";"";"";"";"";"";"";"";"";"";"";"";"";"";"";"";"";"";"";"";"";"";"";"";"";"";"";"";"";"";"";"";"";"";""
12.12.2022 03:23:35;1670811815000;880f01e687e2572cea04e80fc6a68085;1148656;OK;1789;0;0;0;0;0,01;7,97;0;0;595;712;"";27,397;4,11;416,452;62,49;20,873;0,86;1,347;0,18;14,62;1,73;5,813;10,79;7,471;10,98;8,064;11,0;951,678;102,63;298,272;39,05;26,732;12,63;1,688;10,14;0,616;10,0;0,028;10,0;1,954;17,812;0,55;21,36;3,64;3,257;0,51;-4,446;2,09;949,167;1,0;"";"";22,054;2,37;67,844;12,08;"";"";13,0;20,0;13,0;"";"";"";"";"";"";"";"";"";"";"";"";"";"";"";"";"";"";"";"";"";"";"";"";"";"";"";"";"";"";"";"";"";"";"";"";"";"";"";"";"";"";"";"";"";"";"";"";"";"";"";"";"";"";"";"";"";"";"";"";"";"";"";"";""
12.12.2022 03:25:34;1670811934000;880f01e687e2572cea04e80fc6a68085;1148775;OK;1796;0;0;0;0;0,0;6,62;0;0;596;712;"";26,548;3,98;414,591;62,44;20,869;0,86;1,348;0,18;14,613;1,73;6,366;10,89;7,777;11,0;8,62;11,0;1009,198;108,21;318,81;41,05;32,91;13,26;1,669;10,14;1,554;10,13;0,477;10,0;2,057;17,795;0,55;21,386;3,64;3,258;0,51;-4,444;2,09;949,176;1,0;"";"";21,984;2,38;67,668;12,07;"";"";13,0;20,0;13,0;"";"";"";"";"";"";"";"";"";"";"";"";"";"";"";"";"";"";"";"";"";"";"";"";"";"";"";"";"";"";"";"";"";"";"";"";"";"";"";"";"";"";"";"";"";"";"";"";"";"";"";"";"";"";"";"";"";"";"";"";"";"";"";"";""
12.12.2022 03:27:35;1670812055000;880f01e687e2572cea04e80fc6a68085;1148896;OK;1796;0;0;0;0;0,0;-3,49;0;0;596;711;"";26,172;3,93;414,559;62,44;20,865;0,86;1,347;0,18;14,573;1,73;6,297;10,88;7,737;10,97;8,585;10,97;1033,785;110,7;323,582;41,45;26,007;12,56;2,904;10,21;0,723;10,03;0,049;10,0;2,076;17,782;0,55;21,389;3,64;3,256;0,51;-4,453;2,09;949,1859;1,0;"";"";22,053;2,37;67,695;12,08;"";"";13,0;20,0;13,0;"";"";"";"";"";"";"";"";"";"";"";"";"";"";"";"";"";"";"";"";"";"";"";"";"";"";"";"";"";"";"";"";"";"";"";"";"";"";"";"";"";"";"";"";"";"";"";"";"";"";"";"";"";"";"";"";"";"";"";"";"";"";"";"";""
12.12.2022 03:29:34;1670812174000;880f01e687e2572cea04e80fc6a68085;1149016;OK;1780;0;0;0;0;-0,01;0,21;0;0;596;711;"";28,544;4,28;416,145;62,48;20,868;0,86;1,348;0,18;14,466;1,72;5,697;10,6;7,048;10,96;7,668;11,0;947,2281;102,19;298,308;39,06;30,035;12,99;1,249;10,02;0,401;10,0;0,005;10,0;1,958;17,766;0,55;21,392;3,64;3,253;0,51;-4,465;2,09;949,192;1,0;"";"";22,034;2,38;67,69001;12,08;"";"";13,0;20,0;13,0;"";"";"";"";"";"";"";"";"";"";"";"";"";"";"";"";"";"";"";"";"";"";"";"";"";"";"";"";"";"";"";"";"";"";"";"";"";"";"";"";"";"";"";"";"";"";"";"";"";"";"";"";"";"";"";"";"";"";"";"";"";"";"";"";""
12.12.2022 03:31:35;1670812295000;880f01e687e2572cea04e80fc6a68085;1149136;OK;1798;0;0;0;0;-0,02;6,24;0;0;596;710;"";28,204;4,23;416,951;62,51;20,866;0,86;1,348;0,18;14,444;1,72;5,748;10,62;6,88;10,93;7,409;10,96;953,166;102,8;298,068;38,98;25,361;12,51;1,172;10,0;0,451;10,0;0,001;10,0;1,84;17,746;0,55;21,392;3,64;3,249;0,51;-4,481;2,09;949,1779;1,0;"";"";22,021;2,38;67,355;12,06;"";"";13,0;20,0;13,0;"";"";"";"";"";"";"";"";"";"";"";"";"";"";"";"";"";"";"";"";"";"";"";"";"";"";"";"";"";"";"";"";"";"";"";"";"";"";"";"";"";"";"";"";"";"";"";"";"";"";"";"";"";"";"";"";"";"";"";"";"";"";"";"";""
12.12.2022 03:33:35;1670812415000;880f01e687e2572cea04e80fc6a68085;1149256;OK;1791;0;0;0;0;-0,02;6,42;0;0;596;709;"";26,413;3,96;416,558;62,5;20,865;0,86;1,347;0,18;14,419;1,72;5,915;10,78;7,082;10,99;7,737;11,0;977,161;105,12;306,04;39,81;27,523;12,72;1,422;10,0;0,648;10,0;0,0;10,0;1,97;17,733;0,55;21,393;3,64;3,247;0,51;-4,492;2,09;949,181;1,0;"";"";21,956;2,38;66,775;12,03;"";"";13,0;20,0;13,0;"";"";"";"";"";"";"";"";"";"";"";"";"";"";"";"";"";"";"";"";"";"";"";"";"";"";"";"";"";"";"";"";"";"";"";"";"";"";"";"";"";"";"";"";"";"";"";"";"";"";"";"";"";"";"";"";"";"";"";"";"";"";"";"";""
12.12.2022 03:35:35;1670812535000;880f01e687e2572cea04e80fc6a68085;1149377;OK;1803;0;0;0;0;-0,02;-4,54;0;0;596;709;"";24,384;3,66;414,043;62,42;20,863;0,86;1,347;0,18;14,38;1,72;5,669;10,55;6,834;10,94;7,665;10,94;932,776;100,79;283,834;37,59;30,678;12,96;2,012;10,18;1,184;10,0;0,429;10,0;2,126;17,723;0,55;21,393;3,64;3,245;0,51;-4,499;2,09;949,168;1,0;"";"";21,917;2,38;66,622;12,02;"";"";13,0;20,0;13,0;"";"";"";"";"";"";"";"";"";"";"";"";"";"";"";"";"";"";"";"";"";"";"";"";"";"";"";"";"";"";"";"";"";"";"";"";"";"";"";"";"";"";"";"";"";"";"";"";"";"";"";"";"";"";"";"";"";"";"";"";"";"";"";"";""
12.12.2022 03:37:36;1670812656000;880f01e687e2572cea04e80fc6a68085;1149498;OK;1792;0;0;0;0;-0,02;-4,59;0;0;596;708;"";27,112;4,07;415,368;62,46;20,864;0,86;1,345;0,18;14,381;1,72;5,478;10,47;6,365;10,93;6,711;10,93;920,267;99,58;286,246;37,89;23,049;12,27;0,647;10,07;0,275;10,0;0,044;10,0;1,561;17,706;0,55;21,394;3,64;3,242;0,51;-4,513;2,09;949,172;1,0;"";"";21,922;2,38;66,353;12,01;"";"";13,0;20,0;13,0;"";"";"";"";"";"";"";"";"";"";"";"";"";"";"";"";"";"";"";"";"";"";"";"";"";"";"";"";"";"";"";"";"";"";"";"";"";"";"";"";"";"";"";"";"";"";"";"";"";"";"";"";"";"";"";"";"";"";"";"";"";"";"";"";""
12.12.2022 03:39:35;1670812775000;880f01e687e2572cea04e80fc6a68085;1149616;OK;1796;0;0;0;0;-0,02;-0,94;0;0;596;708;"";24,886;3,73;415,586;62,47;20,867;0,86;1,345;0,18;14,402;1,72;6,254;10,91;7,268;10,99;8,13;10,99;986,8279;106,07;310,069;40,18;25,402;12,45;1,872;10,1;1,119;10,1;0,005;10,0;2,053;17,695;0,55;21,394;3,64;3,24;0,51;-4,523;2,09;949,1599;1,0;"";"";21,889;2,38;65,993;11,99;"";"";13,0;20,0;13,0;"";"";"";"";"";"";"";"";"";"";"";"";"";"";"";"";"";"";"";"";"";"";"";"";"";"";"";"";"";"";"";"";"";"";"";"";"";"";"";"";"";"";"";"";"";"";"";"";"";"";"";"";"";"";"";"";"";"";"";"";"";"";"";"";""
12.12.2022 03:41:36;1670812896000;880f01e687e2572cea04e80fc6a68085;1149737;OK;1807;0;0;0;0;-0,02;-5,0;0;0;596;707;"";27,418;4,11;412,32;62,37;20,866;0,86;1,344;0,18;14,424;1,72;5,493;10,4;6,537;10,9;7,293;10,99;930,616;100,63;286,429;37,94;24,919;12,43;1,974;10,12;0,858;10,01;0,0;10,0;2,091;17,675;0,55;21,412;3,64;3,238;0,51;-4,528;2,09;949,167;1,0;"";"";21,877;2,38;65,794;11,98;"";"";13,0;20,0;13,0;"";"";"";"";"";"";"";"";"";"";"";"";"";"";"";"";"";"";"";"";"";"";"";"";"";"";"";"";"";"";"";"";"";"";"";"";"";"";"";"";"";"";"";"";"";"";"";"";"";"";"";"";"";"";"";"";"";"";"";"";"";"";"";"";""
12.12.2022 03:43:36;1670813016000;880f01e687e2572cea04e80fc6a68085;1149858;OK;1787;0;0;0;0;-0,0;-10,48;0;0;597;707;"";26,234;3,94;413,205;62,4;20,866;0,86;1,343;0,18;14,393;1,72;6,105;10,85;7,693;10,99;8,228;11,0;982,494;105,62;305,772;39,77;37,69;13,66;2,71;10,35;1,492;10,21;0,0;10,0;1,783;17,66;0,55;21,451;3,64;3,241;0,51;-4,517;2,08;949,169;1,0;"";"";21,813;2,39;65,248;11,95;"";"";13,0;20,0;13,0;"";"";"";"";"";"";"";"";"";"";"";"";"";"";"";"";"";"";"";"";"";"";"";"";"";"";"";"";"";"";"";"";"";"";"";"";"";"";"";"";"";"";"";"";"";"";"";"";"";"";"";"";"";"";"";"";"";"";"";"";"";"";"";"";""
12.12.2022 03:45:36;1670813136000;880f01e687e2572cea04e80fc6a68085;1149978;OK;1800;0;0;0;0;0,02;-4,42;0;0;598;706;"";25,306;3,8;413,993;62,42;20,858;0,86;1,343;0,18;14,367;1,72;5,353;10,39;6,721;10,92;6,866;10,92;887,4849;96,4;278,75;37,19;30,379;13,03;0,301;10,04;0,176;10,02;0,0;10,0;1,436;17,644;0,55;21,496;3,64;3,245;0,51;-4,502;2,08;949,172;1,0;"";"";21,701;2,39;65,109;11,94;"";"";13,0;20,0;13,0;"";"";"";"";"";"";"";"";"";"";"";"";"";"";"";"";"";"";"";"";"";"";"";"";"";"";"";"";"";"";"";"";"";"";"";"";"";"";"";"";"";"";"";"";"";"";"";"";"";"";"";"";"";"";"";"";"";"";"";"";"";"";"";"";""
12.12.2022 03:47:36;1670813256000;880f01e687e2572cea04e80fc6a68085;1150098;OK;1787;0;0;0;0;0,03;11,63;0;0;599;706;"";26,055;3,91;416,186;62,49;20,861;0,86;1,342;0,18;14,446;1,72;5,253;10,41;6,325;10,81;6,844;10,81;851,435;92,91;271,357;36,43;21,892;12,07;0,757;10,06;0,489;10,06;0,0;10,0;1,766;17,633;0,55;21,519;3,64;3,247;0,51;-4,497;2,08;949,154;1,0;"";"";21,679;2,39;65,093;11,94;"";"";13,0;20,0;13,0;"";"";"";"";"";"";"";"";"";"";"";"";"";"";"";"";"";"";"";"";"";"";"";"";"";"";"";"";"";"";"";"";"";"";"";"";"";"";"";"";"";"";"";"";"";"";"";"";"";"";"";"";"";"";"";"";"";"";"";"";"";"";"";"";""
12.12.2022 03:49:37;1670813377000;880f01e687e2572cea04e80fc6a68085;1150218;OK;1807;0;0;0;0;0,01;7,21;0;0;599;706;"";27,04;4,06;415,938;62,48;20,859;0,86;1,342;0,18;14,495;1,72;5,559;10,58;6,726;10,94;6,78;10,94;965,7169;104,02;303,512;39,61;24,914;12,41;0,078;10,01;0,05;10,01;0,0;10,0;1,309;17,623;0,55;21,526;3,64;3,246;0,5;-4,501;2,08;949,163;1,0;"";"";21,7;2,39;64,874;11,93;"";"";13,0;20,0;13,0;"";"";"";"";"";"";"";"";"";"";"";"";"";"";"";"";"";"";"";"";"";"";"";"";"";"";"";"";"";"";"";"";"";"";"";"";"";"";"";"";"";"";"";"";"";"";"";"";"";"";"";"";"";"";"";"";"";"";"";"";"";"";"";"";""
12.12.2022 03:51:37;1670813497000;880f01e687e2572cea04e80fc6a68085;1150339;OK;1794;0;0;0;0;-0,01;3,63;0;0;599;705;"";25,728;3,86;416,694;62,5;20,86;0,86;1,341;0,18;14,484;1,72;5,923;10,92;7,032;10,99;7,995;10,99;949,37;102,38;298,719;39,05;31,792;13,13;1,524;10,19;1,062;10,14;0,0;10,0;2,168;17,604;0,55;21,528;3,64;3,242;0,5;-4,516;2,07;949,189;1,0;"";"";21,845;2,39;64,669;11,92;"";"";13,0;20,0;13,0;"";"";"";"";"";"";"";"";"";"";"";"";"";"";"";"";"";"";"";"";"";"";"";"";"";"";"";"";"";"";"";"";"";"";"";"";"";"";"";"";"";"";"";"";"";"";"";"";"";"";"";"";"";"";"";"";"";"";"";"";"";"";"";"";""
12.12.2022 03:53:38;1670813618000;880f01e687e2572cea04e80fc6a68085;1150460;OK;1812;0;0;0;0;-0,02;-1,82;0;0;599;704;"";24,157;3,62;415,41;62,46;20,86;0,86;1,34;0,18;14,496;1,72;5,947;10,78;6,805;11,0;7,785;11,0;951,68;102,61;294,865;38,69;25,002;12,42;1,938;10,2;1,338;10,01;0,387;10,0;2,251;17,585;0,55;21,528;3,64;3,239;0,5;-4,531;2,07;949,206;1,0;"";"";21,778;2,39;64,499;11,91;"";"";13,0;20,0;13,0;"";"";"";"";"";"";"";"";"";"";"";"";"";"";"";"";"";"";"";"";"";"";"";"";"";"";"";"";"";"";"";"";"";"";"";"";"";"";"";"";"";"";"";"";"";"";"";"";"";"";"";"";"";"";"";"";"";"";"";"";"";"";"";"";""
12.12.2022 03:55:39;1670813739000;880f01e687e2572cea04e80fc6a68085;1150580;OK;1796;0;0;0;0;-0,03;-6,17;0;0;599;704;"";23,858;3,58;413,268;62,4;20,859;0,86;1,34;0,18;14,457;1,72;5,969;10,88;7,01;11,0;7,909;11,0;1004,981;107,83;311,539;40,34;26,14;12,47;1,409;10,03;1,302;10,0;0,04;10,0;2,198;17,572;0,55;21,529;3,64;3,236;0,5;-4,542;2,07;949,233;1,0;"";"";21,63;2,4;64,148;11,89;"";"";13,0;20,0;13,0;"";"";"";"";"";"";"";"";"";"";"";"";"";"";"";"";"";"";"";"";"";"";"";"";"";"";"";"";"";"";"";"";"";"";"";"";"";"";"";"";"";"";"";"";"";"";"";"";"";"";"";"";"";"";"";"";"";"";"";"";"";"";"";"";""
12.12.2022 03:57:38;1670813858000;880f01e687e2572cea04e80fc6a68085;1150699;OK;1802;0;0;0;0;-0,03;-9,33;0;0;599;703;"";23,762;3,56;413,625;62,41;20,858;0,86;1,339;0,18;14,472;1,72;5,576;10,71;6,499;10,88;7,584;10,94;922,799;99,76001;291,002;38,37;21,243;12,1;2,127;10,09;1,374;10,0;0,004;10,0;2,422;17,555;0,55;21,529;3,64;3,233;0,5;-4,556;2,07;949,249;1,0;"";"";21,719;2,39;63,762;11,87;"";"";13,0;20,0;13,0;"";"";"";"";"";"";"";"";"";"";"";"";"";"";"";"";"";"";"";"";"";"";"";"";"";"";"";"";"";"";"";"";"";"";"";"";"";"";"";"";"";"";"";"";"";"";"";"";"";"";"";"";"";"";"";"";"";"";"";"";"";"";"";"";""
12.12.2022 03:59:38;1670813978000;880f01e687e2572cea04e80fc6a68085;1150820;OK;1789;0;0;0;0;-0,02;-4,17;0;0;599;702;"";25,983;3,9;413,189;62,4;20,857;0,86;1,338;0,18;14,521;1,73;5,161;10,32;5,752;10,59;6,745;10,75;874,313;95,07;273,412;36,65;15,695;11,48;1,151;10,02;1,074;10,01;0,702;10,0;2,312;17,543;0,55;21,53;3,64;3,231;0,5;-4,566;2,07;949,2479;1,0;"";"";21,737;2,39;63,62;11,86;"";"";13,0;20,0;13,0;"";"";"";"";"";"";"";"";"";"";"";"";"";"";"";"";"";"";"";"";"";"";"";"";"";"";"";"";"";"";"";"";"";"";"";"";"";"";"";"";"";"";"";"";"";"";"";"";"";"";"";"";"";"";"";"";"";"";"";"";"";"";"";"";""
12.12.2022 04:01:40;1670814100000;880f01e687e2572cea04e80fc6a68085;1150942;OK;1789;0;0;0;0;-0,02;-0,68;0;0;599;702;"";27,15;4,07;412,535;62,38;20,861;0,86;1,338;0,18;14,547;1,73;6,123;10,92;7,777;10,96;8,519;10,97;1004,563;107,86;313,37;40,47;29,586;12,91;1,236;10,05;0,999;10,0;0,07;10,0;1,997;17,527;0,55;21,531;3,64;3,228;0,5;-4,578;2,07;949,232;1,0;"";"";21,755;2,39;63,391;11,85;"";"";13,0;20,0;13,0;"";"";"";"";"";"";"";"";"";"";"";"";"";"";"";"";"";"";"";"";"";"";"";"";"";"";"";"";"";"";"";"";"";"";"";"";"";"";"";"";"";"";"";"";"";"";"";"";"";"";"";"";"";"";"";"";"";"";"";"";"";"";"";"";""
12.12.2022 04:03:40;1670814220000;880f01e687e2572cea04e80fc6a68085;1151061;OK;1788;0;0;0;0;-0,02;-4,06;0;0;599;701;"";24,685;3,7;412,407;62,37;20,859;0,86;1,337;0,18;14,565;1,73;5,287;10,28;6,17;10,77;7,287;11,0;884,723;96,12;276,896;36,93;23,643;12,24;2,546;10,14;1,129;10,0;0,007;10,0;2,556;17,516;0,55;21,531;3,64;3,226;0,5;-4,588;2,07;949,235;1,0;"";"";21,756;2,39;63,22;11,84;"";"";13,0;20,0;13,0;"";"";"";"";"";"";"";"";"";"";"";"";"";"";"";"";"";"";"";"";"";"";"";"";"";"";"";"";"";"";"";"";"";"";"";"";"";"";"";"";"";"";"";"";"";"";"";"";"";"";"";"";"";"";"";"";"";"";"";"";"";"";"";"";""
12.12.2022 04:05:40;1670814340000;880f01e687e2572cea04e80fc6a68085;1151181;OK;1793;0;0;0;0;-0,02;-9,07;0;0;599;700;"";23,446;3,52;410,782;62,32;20,862;0,86;1,338;0,18;14,509;1,73;5,502;10,43;6,642;10,84;7,346;10,98;944,468;101,98;294,63;38,65;25,975;12,59;2,186;10,14;1,206;10,0;0,001;10,0;2,077;17,498;0,55;21,532;3,64;3,222;0,5;-4,602;2,07;949,2249;1,0;"";"";21,704;2,39;63,291;11,85;"";"";13,0;20,0;13,0;"";"";"";"";"";"";"";"";"";"";"";"";"";"";"";"";"";"";"";"";"";"";"";"";"";"";"";"";"";"";"";"";"";"";"";"";"";"";"";"";"";"";"";"";"";"";"";"";"";"";"";"";"";"";"";"";"";"";"";"";"";"";"";"";""
12.12.2022 04:07:40;1670814460000;880f01e687e2572cea04e80fc6a68085;1151301;OK;1801;0;0;0;0;-0,0;-0,54;0;0;601;700;"";25,561;3,83;412,597;62,38;20,865;0,86;1,337;0,18;14,562;1,73;5,71;10,47;6,846;10,89;7,388;11,0;954,128;102,9;300,852;39,27;27,002;12,66;1,461;10,03;0,427;10,0;0,0;10,0;1,869;17,487;0,55;21,593;3,64;3,229;0,5;-4,574;2,07;949,242;1,0;"";"";21,71;2,39;63,071;11,83;"";"";13,0;20,0;13,0;"";"";"";"";"";"";"";"";"";"";"";"";"";"";"";"";"";"";"";"";"";"";"";"";"";"";"";"";"";"";"";"";"";"";"";"";"";"";"";"";"";"";"";"";"";"";"";"";"";"";"";"";"";"";"";"";"";"";"";"";"";"";"";"";""
12.12.2022 04:09:42;1670814582000;880f01e687e2572cea04e80fc6a68085;1151423;OK;1787;0;0;0;0;0,03;9,83;0;0;602;700;"";26,872;4,03;414,784;62,44;20,857;0,86;1,337;0,18;14,505;1,73;5,379;10,53;6,19;10,64;6,856;10,88;912,1099;98,78;284,585;37,71;23,497;12,29;1,748;10,03;0,416;10,0;0,0;10,0;2,028;17,477;0,55;21,619;3,64;3,231;0,5;-4,566;2,06;949,257;1,0;"";"";21,83;2,39;62,475;11,8;"";"";13,0;20,0;13,0;"";"";"";"";"";"";"";"";"";"";"";"";"";"";"";"";"";"";"";"";"";"";"";"";"";"";"";"";"";"";"";"";"";"";"";"";"";"";"";"";"";"";"";"";"";"";"";"";"";"";"";"";"";"";"";"";"";"";"";"";"";"";"";"";""
12.12.2022 04:11:40;1670814700000;880f01e687e2572cea04e80fc6a68085;1151542;OK;1802;0;0;0;0;0,02;7,67;0;0;602;700;"";25,149;3,77;413,107;62,39;20,855;0,86;1,337;0,18;14,493;1,72;6,014;10,81;6,663;10,95;7,324;10,99;943,847;101,89;296,083;38,81;21,649;12,15;1,447;10,1;0,66;10,05;0,0;10,0;1,849;17,464;0,55;21,631;3,63;3,231;0,5;-4,57;2,06;949,281;1,0;"";"";21,78;2,39;62,298;11,79;"";"";13,0;20,0;13,0;"";"";"";"";"";"";"";"";"";"";"";"";"";"";"";"";"";"";"";"";"";"";"";"";"";"";"";"";"";"";"";"";"";"";"";"";"";"";"";"";"";"";"";"";"";"";"";"";"";"";"";"";"";"";"";"";"";"";"";"";"";"";"";"";""
12.12.2022 04:13:41;1670814821000;880f01e687e2572cea04e80fc6a68085;1151662;OK;1803;0;0;0;0;0,0;3,67;0;0;603;699;"";24,717;3,71;415,308;62,46;20,86;0,86;1,337;0,18;14,501;1,73;5,959;10,82;7,082;11,0;7,745;11,0;942,71;101,76;292,668;38,52;25,16;12,45;1,284;10,07;0,909;10,07;0,46;10,06;1,913;17,448;0,55;21,657;3,63;3,231;0,5;-4,568;2,06;949,282;1,0;"";"";21,801;2,39;62,291;11,79;"";"";13,0;20,0;13,0;"";"";"";"";"";"";"";"";"";"";"";"";"";"";"";"";"";"";"";"";"";"";"";"";"";"";"";"";"";"";"";"";"";"";"";"";"";"";"";"";"";"";"";"";"";"";"";"";"";"";"";"";"";"";"";"";"";"";"";"";"";"";"";"";""
12.12.2022 04:15:41;1670814941000;880f01e687e2572cea04e80fc6a68085;1151782;OK;1787;0;0;0;0;-0,0;3,17;0;0;603;698;"";23,688;3,55;415,283;62,46;20,862;0,86;1,336;0,18;14,481;1,72;5,561;10,55;6,368;10,99;7,619;11,0;922,7819;99,79;287,007;37,97;26,777;12,7;1,848;10,16;1,498;10,09;0,047;10,01;2,51;17,435;0,55;21,663;3,63;3,23;0,5;-4,574;2,06;949,286;1,0;"";"";21,832;2,39;62,044;11,78;"";"";13,0;20,0;13,0;"";"";"";"";"";"";"";"";"";"";"";"";"";"";"";"";"";"";"";"";"";"";"";"";"";"";"";"";"";"";"";"";"";"";"";"";"";"";"";"";"";"";"";"";"";"";"";"";"";"";"";"";"";"";"";"";"";"";"";"";"";"";"";"";""
12.12.2022 04:17:41;1670815061000;880f01e687e2572cea04e80fc6a68085;1151903;OK;1796;0;0;0;0;-0,01;1,38;0;0;603;698;"";23,526;3,53;413,27;62,4;20,861;0,86;1,336;0,18;14,537;1,73;4,601;10,09;5,176;10,4;5,921;10,58;801,333;87,97;246,589;33,93;16,712;11,69;1,061;10,1;0,626;10,05;0,186;10,0;1,987;17,419;0,55;21,664;3,63;3,227;0,5;-4,587;2,06;949,292;1,0;"";"";21,85;2,39;61,876;11,77;"";"";13,0;20,0;13,0;"";"";"";"";"";"";"";"";"";"";"";"";"";"";"";"";"";"";"";"";"";"";"";"";"";"";"";"";"";"";"";"";"";"";"";"";"";"";"";"";"";"";"";"";"";"";"";"";"";"";"";"";"";"";"";"";"";"";"";"";"";"";"";"";""
12.12.2022 04:19:42;1670815182000;880f01e687e2572cea04e80fc6a68085;1152024;OK;1800;0;0;0;0;-0,02;-6,99;0;0;603;697;"";23,836;3,58;414,028;62,42;20,86;0,86;1,335;0,18;14,488;1,72;5,386;10,33;6,296;10,89;6,896;10,96;883,393;96,02;276,47;36,86;26,283;12,65;0,767;10,04;0,722;10,03;0,019;10,0;1,928;17,406;0,55;21,667;3,63;3,225;0,5;-4,596;2,06;949,2889;1,0;"";"";21,798;2,39;61,689;11,76;"";"";13,0;20,0;13,0;"";"";"";"";"";"";"";"";"";"";"";"";"";"";"";"";"";"";"";"";"";"";"";"";"";"";"";"";"";"";"";"";"";"";"";"";"";"";"";"";"";"";"";"";"";"";"";"";"";"";"";"";"";"";"";"";"";"";"";"";"";"";"";"";""
12.12.2022 04:21:43;1670815303000;880f01e687e2572cea04e80fc6a68085;1152144;OK;1796;0;0;0;0;-0,02;-7,8;0;0;603;696;"";22,343;3,35;412,806;62,38;20,855;0,86;1,335;0,18;14,474;1,72;5,389;10,4;6,195;10,77;7,248;10,95;854,536;93,23001;267,127;36,01;24,598;12,37;1,609;10,06;1,407;10,06;0,002;10,0;2,399;17,39;0,55;21,672;3,63;3,222;0,5;-4,607;2,06;949,273;1,0;"";"";21,805;2,39;61,337;11,74;"";"";13,0;20,0;13,0;"";"";"";"";"";"";"";"";"";"";"";"";"";"";"";"";"";"";"";"";"";"";"";"";"";"";"";"";"";"";"";"";"";"";"";"";"";"";"";"";"";"";"";"";"";"";"";"";"";"";"";"";"";"";"";"";"";"";"";"";"";"";"";"";""
12.12.2022 04:23:43;1670815423000;880f01e687e2572cea04e80fc6a68085;1152265;OK;1787;0;0;0;0;-0,02;0,76;0;0;603;696;"";24,201;3,63;413,79;62,41;20,852;0,86;1,334;0,18;14,481;1,72;5,768;10,58;6,673;10,9;7,856;10,99;904,275;98,11;287,656;38,07;23,905;12,3;1,971;10,13;1,543;10,12;0,0;10,0;2,466;17,374;0,55;21,674;3,63;3,22;0,5;-4,618;2,06;949,276;1,0;"";"";21,786;2,39;61,001;11,73;"";"";13,0;20,0;13,0;"";"";"";"";"";"";"";"";"";"";"";"";"";"";"";"";"";"";"";"";"";"";"";"";"";"";"";"";"";"";"";"";"";"";"";"";"";"";"";"";"";"";"";"";"";"";"";"";"";"";"";"";"";"";"";"";"";"";"";"";"";"";"";"";""
12.12.2022 04:25:42;1670815542000;880f01e687e2572cea04e80fc6a68085;1152384;OK;1815;0;0;0;0;-0,02;0,07;0;0;603;695;"";22,932;3,44;413,462;62,4;20,851;0,86;1,333;0,18;14,432;1,72;5,636;10,66;6,588;10,93;7,23;10,96;889,296;96,64001;283,11;37,58;24,21;12,31;1,136;10,01;0,808;10,01;0,0;10,0;1,949;17,363;0,55;21,674;3,64;3,218;0,5;-4,628;2,06;949,2769;1,0;"";"";21,732;2,39;60,672;11,71;"";"";12,998;20,25;13,0;"";"";"";"";"";"";"";"";"";"";"";"";"";"";"";"";"";"";"";"";"";"";"";"";"";"";"";"";"";"";"";"";"";"";"";"";"";"";"";"";"";"";"";"";"";"";"";"";"";"";"";"";"";"";"";"";"";"";"";"";"";"";"";"";""
12.12.2022 04:27:43;1670815663000;880f01e687e2572cea04e80fc6a68085;1152505;OK;1785;0;0;0;0;-0,02;3,24;0;0;603;695;"";23,963;3,59;413,95;62,42;20,857;0,86;1,333;0,18;14,404;1,72;5,714;10,72;6,124;10,92;6,699;10,94;937,706;101,26;294,538;38,7;16,414;11,53;0,724;10,0;0,691;10,0;0,0;10,0;1,802;17,346;0,55;21,675;3,64;3,214;0,5;-4,642;2,06;949,273;1,0;"";"";21,807;2,39;60,622;11,71;"";"";13,0;20,03;13,0;"";"";"";"";"";"";"";"";"";"";"";"";"";"";"";"";"";"";"";"";"";"";"";"";"";"";"";"";"";"";"";"";"";"";"";"";"";"";"";"";"";"";"";"";"";"";"";"";"";"";"";"";"";"";"";"";"";"";"";"";"";"";"";"";""
12.12.2022 04:29:44;1670815784000;880f01e687e2572cea04e80fc6a68085;1152625;OK;1789;0;0;0;0;-0,02;-1,13;0;0;603;694;"";24,9;3,73;412,75;62,38;20,856;0,86;1,332;0,18;14,45;1,72;5,012;10,12;5,838;10,8;6,63;10,83;883,482;96,06;274,738;36,82;22,549;12,15;1,431;10,15;1,428;10,15;0,0;10,0;2,104;17,335;0,55;21,679;3,64;3,213;0,5;-4,648;2,06;949,272;1,0;"";"";21,763;2,39;60,309;11,69;"";"";13,0;20,0;13,0;"";"";"";"";"";"";"";"";"";"";"";"";"";"";"";"";"";"";"";"";"";"";"";"";"";"";"";"";"";"";"";"";"";"";"";"";"";"";"";"";"";"";"";"";"";"";"";"";"";"";"";"";"";"";"";"";"";"";"";"";"";"";"";"";""
12.12.2022 04:31:44;1670815904000;880f01e687e2572cea04e80fc6a68085;1152746;OK;1797;0;0;0;0;-0,02;-1,65;0;0;603;694;"";23,139;3,47;412,917;62,39;20,855;0,86;1,33;0,18;14,484;1,72;5,978;10,8;7,253;10,95;7,47;10,96;966,98;104,24;302,978;39,55;26,804;12,66;1,406;10,16;0,258;10,02;0,0;10,0;1,473;17,324;0,55;21,678;3,64;3,211;0,5;-4,659;2,06;949,257;1,0;"";"";21,651;2,4;59,989;11,67;"";"";13,0;20,0;13,0;"";"";"";"";"";"";"";"";"";"";"";"";"";"";"";"";"";"";"";"";"";"";"";"";"";"";"";"";"";"";"";"";"";"";"";"";"";"";"";"";"";"";"";"";"";"";"";"";"";"";"";"";"";"";"";"";"";"";"";"";"";"";"";"";""
12.12.2022 04:33:45;1670816025000;880f01e687e2572cea04e80fc6a68085;1152867;OK;1792;0;0;0;0;-0,01;-3,56;0;0;603;693;"";23,667;3,55;412,242;62,37;20,852;0,86;1,33;0,18;14,482;1,72;5,934;10,67;7,06;10,97;7,284;11,0;903,067;97,96;287,764;38,06;22,392;12,11;1,431;10,09;0,276;10,0;0,0;10,0;1,506;17,309;0,55;21,693;3,64;3,21;0,5;-4,661;2,06;949,267;1,0;"";"";21,688;2,39;59,634;11,65;"";"";13,0;20,0;13,0;"";"";"";"";"";"";"";"";"";"";"";"";"";"";"";"";"";"";"";"";"";"";"";"";"";"";"";"";"";"";"";"";"";"";"";"";"";"";"";"";"";"";"";"";"";"";"";"";"";"";"";"";"";"";"";"";"";"";"";"";"";"";"";"";""
12.12.2022 04:35:46;1670816146000;880f01e687e2572cea04e80fc6a68085;1152987;OK;1794;0;0;0;0;0,01;3,55;0;0;605;693;"";22,757;3,41;414,862;62,45;20,852;0,86;1,33;0,18;14,493;1,72;4,924;10,08;5,704;10,63;6,619;10,85;874,84;95,11001;273,637;36,58;22,747;12,28;2,575;10,3;1,005;10,0;0,0;10,0;2,324;17,297;0,55;21,745;3,63;3,215;0,49;-4,639;2,05;949,291;1,0;"";"";21,707;2,39;59,627;11,65;"";"";13,0;20,0;13,0;"";"";"";"";"";"";"";"";"";"";"";"";"";"";"";"";"";"";"";"";"";"";"";"";"";"";"";"";"";"";"";"";"";"";"";"";"";"";"";"";"";"";"";"";"";"";"";"";"";"";"";"";"";"";"";"";"";"";"";"";"";"";"";"";""
12.12.2022 04:37:47;1670816267000;880f01e687e2572cea04e80fc6a68085;1153109;OK;1808;0;0;0;0;0,01;7,33;0;0;604;692;"";22,763;3,41;415,471;62,46;20,851;0,86;1,329;0,18;14,45;1,72;5,219;10,28;5,998;10,79;6,399;10,83;908,19;98,45;284,301;37,67;20,209;11,9;1,563;10,09;0,104;10,0;0,0;10,0;1,672;17,283;0,55;21,741;3,63;3,212;0,49;-4,654;2,05;949,309;1,0;"";"";21,776;2,39;59,494;11,65;"";"";13,0;20,0;13,0;"";"";"";"";"";"";"";"";"";"";"";"";"";"";"";"";"";"";"";"";"";"";"";"";"";"";"";"";"";"";"";"";"";"";"";"";"";"";"";"";"";"";"";"";"";"";"";"";"";"";"";"";"";"";"";"";"";"";"";"";"";"";"";"";""
12.12.2022 04:39:48;1670816388000;880f01e687e2572cea04e80fc6a68085;1153229;OK;1808;0;0;0;0;-0,0;0,33;0;0;605;692;"";22,127;3,32;412,513;62,38;20,857;0,86;1,329;0,18;14,524;1,73;5,861;10,76;6,883;10,93;7,919;10,95;963,592;103,81;298,868;39,07;25,728;12,43;1,644;10,17;1,098;10,14;0,0;10,0;2,216;17,27;0,55;21,757;3,63;3,212;0,49;-4,655;2,05;949,307;1,0;"";"";21,74;2,39;59,286;11,64;"";"";13,0;20,0;13,0;"";"";"";"";"";"";"";"";"";"";"";"";"";"";"";"";"";"";"";"";"";"";"";"";"";"";"";"";"";"";"";"";"";"";"";"";"";"";"";"";"";"";"";"";"";"";"";"";"";"";"";"";"";"";"";"";"";"";"";"";"";"";"";"";""
12.12.2022 04:41:48;1670816508000;880f01e687e2572cea04e80fc6a68085;1153350;OK;1797;0;0;0;0;-0,0;-6,06;0;0;606;691;"";22,473;3,37;412,719;62,38;20,851;0,86;1,328;0,18;14,572;1,73;5,83;10,82;6,993;10,99;7,633;11,0;958,077;103,27;298,875;39,13;25,494;12,48;1,919;10,26;0,9940001;10,01;0,0;10,0;1,854;17,258;0,55;21,801;3,63;3,216;0,49;-4,638;2,04;949,306;1,0;"";"";21,696;2,39;59,316;11,64;"";"";13,0;20,0;13,0;"";"";"";"";"";"";"";"";"";"";"";"";"";"";"";"";"";"";"";"";"";"";"";"";"";"";"";"";"";"";"";"";"";"";"";"";"";"";"";"";"";"";"";"";"";"";"";"";"";"";"";"";"";"";"";"";"";"";"";"";"";"";"";"";""
12.12.2022 04:43:47;1670816627000;880f01e687e2572cea04e80fc6a68085;1153469;OK;1788;0;0;0;0;0,01;-4,03;0;0;606;691;"";22,952;3,44;413,477;62,4;20,85;0,86;1,328;0,18;14,54;1,73;5,397;10,53;6,874;10,78;7,282;10,84;892,272;96,84;276,49;36,93;23,846;12,31;1,162;10,07;0,117;10,0;0,0;10,0;1,736;17,242;0,55;21,807;3,63;3,214;0,49;-4,648;2,04;949,335;1,0;"";"";21,721;2,39;59,288;11,64;"";"";13,0;20,0;13,0;"";"";"";"";"";"";"";"";"";"";"";"";"";"";"";"";"";"";"";"";"";"";"";"";"";"";"";"";"";"";"";"";"";"";"";"";"";"";"";"";"";"";"";"";"";"";"";"";"";"";"";"";"";"";"";"";"";"";"";"";"";"";"";"";""
12.12.2022 04:45:49;1670816749000;880f01e687e2572cea04e80fc6a68085;1153590;OK;1802;0;0;0;0;0,0;5,29;0;0;606;690;"";23,458;3,52;414,438;62,43;20,854;0,86;1,328;0,18;14,5;1,73;4,581;10,08;5,18;10,4;5,4;10,46;812,807;89,17;251,306;34,45;16,254;11,61;0,358;10,01;0,25;10,0;0,0;10,0;1,428;17,229;0,55;21,809;3,63;3,212;0,49;-4,657;2,04;949,358;1,0;"";"";21,687;2,39;59,177;11,63;"";"";13,0;20,0;13,0;"";"";"";"";"";"";"";"";"";"";"";"";"";"";"";"";"";"";"";"";"";"";"";"";"";"";"";"";"";"";"";"";"";"";"";"";"";"";"";"";"";"";"";"";"";"";"";"";"";"";"";"";"";"";"";"";"";"";"";"";"";"";"";"";""
12.12.2022 04:47:49;1670816869000;880f01e687e2572cea04e80fc6a68085;1153710;OK;1800;0;0;0;0;-0,02;2,62;0;0;606;689;"";24,056;3,61;413,892;62,42;20,849;0,86;1,328;0,18;14,556;1,73;5,741;10,59;6,792;10,89;8,17;10,94;904,7199;98,06;282,85;37,52;29,435;12,82;3,001;10,3;2,182;10,24;0,0;10,0;2,605;17,219;0,55;21,81;3,63;3,21;0,49;-4,666;2,04;949,343;1,0;"";"";21,701;2,39;58,85;11,61;"";"";13,0;20,0;13,0;"";"";"";"";"";"";"";"";"";"";"";"";"";"";"";"";"";"";"";"";"";"";"";"";"";"";"";"";"";"";"";"";"";"";"";"";"";"";"";"";"";"";"";"";"";"";"";"";"";"";"";"";"";"";"";"";"";"";"";"";"";"";"";"";""
12.12.2022 04:49:49;1670816989000;880f01e687e2572cea04e80fc6a68085;1153830;OK;1788;0;0;0;0;-0,02;-1,94;0;0;606;688;"";23,899;3,58;412,939;62,39;20,845;0,86;1,327;0,18;14,568;1,73;5,785;10,55;7,291;10,95;8,004;10,99;911,967;98,77;288,713;38,14;28,205;12,76;1,307;10,05;1,165;10,03;0,0;10,0;2,075;17,198;0,55;21,81;3,63;3,206;0,49;-4,683;2,04;949,3549;1,0;"";"";21,795;2,39;58,204;11,58;"";"";13,0;20,0;13,0;"";"";"";"";"";"";"";"";"";"";"";"";"";"";"";"";"";"";"";"";"";"";"";"";"";"";"";"";"";"";"";"";"";"";"";"";"";"";"";"";"";"";"";"";"";"";"";"";"";"";"";"";"";"";"";"";"";"";"";"";"";"";"";"";""
12.12.2022 04:51:50;1670817110000;880f01e687e2572cea04e80fc6a68085;1153951;OK;1792;0;0;0;0;-0,03;-1,72;0;0;606;688;"";22,356;3,35;414,596;62,44;20,847;0,86;1,327;0,18;14,618;1,73;5,431;10,42;6,311;10,96;7,367;11,0;897,878;97,41;280,367;37,36;24,86;12,42;1,809;10,17;0,576;10,0;0,0;10,0;2,413;17,185;0,55;21,811;3,63;3,204;0,49;-4,693;2,04;949,34;1,0;"";"";21,773;2,39;57,889;11,56;"";"";13,0;20,0;13,0;"";"";"";"";"";"";"";"";"";"";"";"";"";"";"";"";"";"";"";"";"";"";"";"";"";"";"";"";"";"";"";"";"";"";"";"";"";"";"";"";"";"";"";"";"";"";"";"";"";"";"";"";"";"";"";"";"";"";"";"";"";"";"";"";""
12.12.2022 04:53:50;1670817230000;880f01e687e2572cea04e80fc6a68085;1154071;OK;1797;0;0;0;0;-0,02;3,2;0;0;606;687;"";22,372;3,36;414,273;62,43;20,853;0,86;1,326;0,18;14,662;1,73;5,079;10,37;6,425;11,0;7,112;11,0;885,9039;96,29001;270,425;36,36;24,248;12,32;1,728;10,08;0,9049999;10,05;0,0;10,0;2,078;17,177;0,55;21,811;3,63;3,202;0,49;-4,7;2,04;949,3159;1,0;"";"";21,877;2,39;57,708;11,55;"";"";13,0;20,0;13,0;"";"";"";"";"";"";"";"";"";"";"";"";"";"";"";"";"";"";"";"";"";"";"";"";"";"";"";"";"";"";"";"";"";"";"";"";"";"";"";"";"";"";"";"";"";"";"";"";"";"";"";"";"";"";"";"";"";"";"";"";"";"";"";"";""
12.12.2022 04:55:49;1670817349000;880f01e687e2572cea04e80fc6a68085;1154191;OK;1803;0;0;0;0;-0,01;1,09;0;0;606;687;"";21,145;3,17;413,574;62,41;20,851;0,86;1,326;0,18;14,665;1,73;5,365;10,39;6,098;10,8;6,499;10,99;897,455;97,37;278,214;37,09;18,452;11,72;0,571;10,01;0,484;10,01;0,0;10,0;1,716;17,166;0,55;21,813;3,63;3,2;0,49;-4,708;2,04;949,313;1,0;"";"";21,729;2,39;57,455;11,54;"";"";13,0;20,0;13,0;"";"";"";"";"";"";"";"";"";"";"";"";"";"";"";"";"";"";"";"";"";"";"";"";"";"";"";"";"";"";"";"";"";"";"";"";"";"";"";"";"";"";"";"";"";"";"";"";"";"";"";"";"";"";"";"";"";"";"";"";"";"";"";"";""
12.12.2022 04:57:50;1670817470000;880f01e687e2572cea04e80fc6a68085;1154311;OK;1802;0;0;0;0;-0,01;-7,44;0;0;607;686;"";23,038;3,46;412,24;62,37;20,85;0,86;1,325;0,18;14,776;1,74;5,045;10,1;5,781;10,73;5,928;10,81;845,796;92,38;264,364;35,75;15,927;11,43;0,416;10,0;0,05;10,0;0,0;10,0;1,388;17,152;0,55;21,822;3,63;3,199;0,49;-4,714;2,04;949,311;1,0;"";"";21,758;2,39;57,385;11,54;"";"";13,0;20,0;13,0;"";"";"";"";"";"";"";"";"";"";"";"";"";"";"";"";"";"";"";"";"";"";"";"";"";"";"";"";"";"";"";"";"";"";"";"";"";"";"";"";"";"";"";"";"";"";"";"";"";"";"";"";"";"";"";"";"";"";"";"";"";"";"";"";""
12.12.2022 04:59:50;1670817590000;880f01e687e2572cea04e80fc6a68085;1154431;OK;1791;0;0;0;0;-0,01;-3,94;0;0;607;686;"";24,226;3,63;413,644;62,41;20,85;0,86;1,325;0,18;14,74;1,74;4,836;10,11;5,608;10,57;6,002;10,77;824,6099;90,36;261,006;35,38;17,183;11,55;0,8360001;10,0;0,474;10,0;0,0;10,0;1,782;17,143;0,55;21,833;3,63;3,199;0,49;-4,715;2,04;949,301;1,0;"";"";21,785;2,39;57,181;11,53;"";"";13,0;20,0;13,0;"";"";"";"";"";"";"";"";"";"";"";"";"";"";"";"";"";"";"";"";"";"";"";"";"";"";"";"";"";"";"";"";"";"";"";"";"";"";"";"";"";"";"";"";"";"";"";"";"";"";"";"";"";"";"";"";"";"";"";"";"";"";"";"";""
12.12.2022 05:01:50;1670817710000;880f01e687e2572cea04e80fc6a68085;1154552;OK;1787;0;0;0;0;0,0;1,73;0;0;608;685;"";23,236;3,49;413,858;62,42;20,849;0,86;1,324;0,18;14,817;1,74;4,731;10,01;5,267;10,37;5,783;10,52;805,717;88,49;248,117;34,16;19,258;11,81;1,216;10,03;0,617;10,03;0,468;10,0;1,763;17,129;0,55;21,878;3,63;3,203;0,49;-4,7;2,03;949,2849;1,0;"";"";21,76;2,39;57,024;11,52;"";"";13,0;20,0;13,0;"";"";"";"";"";"";"";"";"";"";"";"";"";"";"";"";"";"";"";"";"";"";"";"";"";"";"";"";"";"";"";"";"";"";"";"";"";"";"";"";"";"";"";"";"";"";"";"";"";"";"";"";"";"";"";"";"";"";"";"";"";"";"";"";""
12.12.2022 05:03:50;1670817830000;880f01e687e2572cea04e80fc6a68085;1154672;OK;1790;0;0;0;0;0,03;2,34;0;0;610;686;"";21,918;3,29;412,962;62,39;20,848;0,86;1,323;0,18;14,868;1,75;4,76;10,06;6,019;10,77;6,488;10,84;837,152;91,57001;260,864;35,36;28,976;12,85;1,385;10,08;0,205;10,02;0,093;10,0;1,866;17,127;0,55;21,934;3,63;3,211;0,49;-4,667;2,03;949,282;1,0;"";"";21,81;2,39;58,018;11,57;"";"";13,0;20,0;13,0;"";"";"";"";"";"";"";"";"";"";"";"";"";"";"";"";"";"";"";"";"";"";"";"";"";"";"";"";"";"";"";"";"";"";"";"";"";"";"";"";"";"";"";"";"";"";"";"";"";"";"";"";"";"";"";"";"";"";"";"";"";"";"";"";""
12.12.2022 05:05:51;1670817951000;880f01e687e2572cea04e80fc6a68085;1154793;OK;1800;0;0;0;0;0,04;-1,14;0;0;610;687;"";21,135;3,17;414,512;62,44;20,848;0,86;1,324;0,18;14,955;1,75;5,815;10,48;6,983;10,91;7,749;10,92;1010,265;108,37;316,987;40,86;28,247;12,74;2,096;10,15;1,554;10,13;0,39;10,0;1,9;17,144;0,55;21,941;3,63;3,215;0,49;-4,649;2,03;949,28;1,0;"";"";21,972;2,38;60,159;11,68;"";"";13,0;20,0;13,0;"";"";"";"";"";"";"";"";"";"";"";"";"";"";"";"";"";"";"";"";"";"";"";"";"";"";"";"";"";"";"";"";"";"";"";"";"";"";"";"";"";"";"";"";"";"";"";"";"";"";"";"";"";"";"";"";"";"";"";"";"";"";"";"";""
12.12.2022 05:07:52;1670818072000;880f01e687e2572cea04e80fc6a68085;1154913;OK;1801;0;0;0;0;0,05;1,67;0;0;610;689;"";23,369;3,51;413,978;62,42;20,853;0,86;1,324;0,18;15,117;1,76;5,424;10,36;6,213;10,77;7,328;10,92;887,661;96,45;280,093;37,29;20,551;12,02;1,646;10,1;1,521;10,09;0,09700001;10,0;2,377;17,193;0,55;21,935;3,63;3,223;0,49;-4,612;2,03;949,282;1,0;"";"";22,213;2,37;64,684;11,92;"";"";13,0;20,0;13,0;"";"";"";"";"";"";"";"";"";"";"";"";"";"";"";"";"";"";"";"";"";"";"";"";"";"";"";"";"";"";"";"";"";"";"";"";"";"";"";"";"";"";"";"";"";"";"";"";"";"";"";"";"";"";"";"";"";"";"";"";"";"";"";"";""
12.12.2022 05:09:53;1670818193000;880f01e687e2572cea04e80fc6a68085;1155034;OK;1797;0;0;0;0;0,08;1,81;0;0;610;694;"";24,261;3,64;414,041;62,42;20,851;0,86;1,325;0,18;15,255;1,77;4,853;10,06;5,908;10,81;6,635;10,93;831,2881;90,95;265,548;35,93;24,87;12,47;1,748;10,18;0,328;10,01;0,01;10,0;2,156;17,293;0,55;21,929;3,63;3,242;0,49;-4,531;2,03;949,281;1,0;"";"";22,415;2,36;71,775;12,3;"";"";13,0;20,0;13,0;"";"";"";"";"";"";"";"";"";"";"";"";"";"";"";"";"";"";"";"";"";"";"";"";"";"";"";"";"";"";"";"";"";"";"";"";"";"";"";"";"";"";"";"";"";"";"";"";"";"";"";"";"";"";"";"";"";"";"";"";"";"";"";"";""
12.12.2022 05:11:53;1670818313000;880f01e687e2572cea04e80fc6a68085;1155154;OK;1793;0;0;0;0;0,15;1,25;0;0;609;700;"";24,037;3,61;415,295;62,46;20,852;0,86;1,326;0,18;15,24;1,76;5,744;10,77;6,884;10,96;8,017;10,97;969,736;104,46;299,427;39,23;27,404;12,68;1,892;10,13;1,441;10,07;0,001;10,0;2,382;17,436;0,55;21,917;3,63;3,268;0,5;-4,418;2,03;949,303;1,0;"";"";22,809;2,34;80,521;12,76;"";"";13,0;20,0;13,0;"";"";"";"";"";"";"";"";"";"";"";"";"";"";"";"";"";"";"";"";"";"";"";"";"";"";"";"";"";"";"";"";"";"";"";"";"";"";"";"";"";"";"";"";"";"";"";"";"";"";"";"";"";"";"";"";"";"";"";"";"";"";"";"";""
12.12.2022 05:13:53;1670818433000;880f01e687e2572cea04e80fc6a68085;1155274;OK;1795;0;0;0;0;0,18;5,25;0;0;606;707;"";23,761;3,56;415,441;62,46;20,845;0,86;1,328;0,18;15,202;1,76;5,495;10,48;6,66;10,64;6,862;10,65;891,739;96,81;280,032;37,29;25,534;12,52;1,227;10,11;0,345;10,01;0,0;10,0;1,416;17,612;0,55;21,805;3,63;3,286;0,5;-4,339;2,05;949,336;1,0;"";"";23,232;2,32;89,95501;13,26;"";"";13,0;20,0;13,0;"";"";"";"";"";"";"";"";"";"";"";"";"";"";"";"";"";"";"";"";"";"";"";"";"";"";"";"";"";"";"";"";"";"";"";"";"";"";"";"";"";"";"";"";"";"";"";"";"";"";"";"";"";"";"";"";"";"";"";"";"";"";"";"";""
12.12.2022 05:15:53;1670818553000;880f01e687e2572cea04e80fc6a68085;1155395;OK;1803;0;0;0;0;0,17;2,95;0;0;603;714;"";25,088;3,76;414,911;62,45;20,85;0,86;1,331;0,18;14,817;1,74;4,965;10,12;5,8;10,64;6,223;10,64;851,142;92,92;264,892;35,77;21,993;12,12;0,913;10,01;0,822;10,0;0,0;10,0;1,723;17,817;0,55;21,667;3,63;3,305;0,51;-4,252;2,06;949,34;1,0;"";"";23,784;2,29;99,412;13,75;"";"";13,0;20,0;13,0;"";"";"";"";"";"";"";"";"";"";"";"";"";"";"";"";"";"";"";"";"";"";"";"";"";"";"";"";"";"";"";"";"";"";"";"";"";"";"";"";"";"";"";"";"";"";"";"";"";"";"";"";"";"";"";"";"";"";"";"";"";"";"";"";""
12.12.2022 05:17:55;1670818675000;880f01e687e2572cea04e80fc6a68085;1155516;OK;1799;0;0;0;0;0,16;5,88;0;0;599;722;"";26,215;3,93;416,739;62,5;20,856;0,86;1,333;0,18;14,02;1,7;4,662;10,01;5,311;10,44;5,563;10,6;863,638;94,05001;263,674;35,73;15,064;11,43;0,46;10,0;0,307;10,0;0,0;10,0;1,524;18,048;0,55;21,514;3,63;3,327;0,52;-4,153;2,08;949,35;1,0;"";"";24,189;2,27;108,17;14,21;"";"";13,0;20,0;13,0;"";"";"";"";"";"";"";"";"";"";"";"";"";"";"";"";"";"";"";"";"";"";"";"";"";"";"";"";"";"";"";"";"";"";"";"";"";"";"";"";"";"";"";"";"";"";"";"";"";"";"";"";"";"";"";"";"";"";"";"";"";"";"";"";""
12.12.2022 05:19:54;1670818794000;880f01e687e2572cea04e80fc6a68085;1155635;OK;1797;0;0;0;0;0,15;9,22;0;0;593;728;"";27,639;4,15;418,188;62,55;20,858;0,86;1,338;0,18;13,01;1,64;4,76;10,0;5,71;10,72;6,397;10,86;809,056;88,74;252,98;34,62;19,262;11,79;1,011;10,0;0,995;10,0;0,0;10,0;2,127;18,299;0,54;21,284;3,63;3,341;0,53;-4,086;2,11;949,3569;1,0;"";"";24,546;2,25;116,028;14,62;"";"";13,0;20,0;13,0;"";"";"";"";"";"";"";"";"";"";"";"";"";"";"";"";"";"";"";"";"";"";"";"";"";"";"";"";"";"";"";"";"";"";"";"";"";"";"";"";"";"";"";"";"";"";"";"";"";"";"";"";"";"";"";"";"";"";"";"";"";"";"";"";""
12.12.2022 05:21:54;1670818914000;880f01e687e2572cea04e80fc6a68085;1155756;OK;1793;0;0;0;0;0,14;6,41;0;0;587;734;"";29,779;4,47;416,526;62,5;20,865;0,86;1,341;0,18;11,722;1,59;4,326;10,0;5,098;10,28;6,534;10,89;755,83;83,52;236,719;33,0;17,62;11,68;1,825;10,08;1,823;10,08;0,768;10,0;3,033;18,558;0,54;21,041;3,64;3,354;0,53;-4,023;2,14;949,36;1,0;"";"";24,782;2,24;121,799;14,92;"";"";13,0;20,0;13,0;"";"";"";"";"";"";"";"";"";"";"";"";"";"";"";"";"";"";"";"";"";"";"";"";"";"";"";"";"";"";"";"";"";"";"";"";"";"";"";"";"";"";"";"";"";"";"";"";"";"";"";"";"";"";"";"";"";"";"";"";"";"";"";"";""
12.12.2022 05:23:54;1670819034000;880f01e687e2572cea04e80fc6a68085;1155876;OK;1787;0;0;0;0;0,09;-1,35;0;0;579;737;"";32,839;4,93;417,213;62,52;20,869;0,86;1,344;0,18;10,033;1,64;5,215;10,27;5,766;10,59;6,483;10,76;870,992;94,65;274,757;36,74;20,054;11,98;1,199;10,01;1,199;10,01;0,079;10,0;2,038;18,796;0,54;20,76;3,64;3,356;0,54;-4,004;2,17;949,362;1,0;"";"";24,708;2,24;122,834;14,96;"";"";13,0;20,0;13,0;"";"";"";"";"";"";"";"";"";"";"";"";"";"";"";"";"";"";"";"";"";"";"";"";"";"";"";"";"";"";"";"";"";"";"";"";"";"";"";"";"";"";"";"";"";"";"";"";"";"";"";"";"";"";"";"";"";"";"";"";"";"";"";"";""
12.12.2022 05:25:57;1670819157000;880f01e687e2572cea04e80fc6a68085;1155998;OK;1793;0;0;0;0;0,02;-5,13;0;0;573;739;"";34,32;5,15;415,797;62,47;20,88;0,86;1,348;0,19;7,952;1,73;5,122;10,13;6,142;10,82;6,548;10,91;890,912;96,61;279,263;37,19;21,532;12,01;0,494;10,0;0,494;10,0;0,008;10,0;1,758;18,984;0,54;20,503;3,65;3,351;0,55;-4,014;2,2;949,375;1,0;"";"";24,463;2,25;118,922;14,75;"";"";13,0;20,0;13,0;"";"";"";"";"";"";"";"";"";"";"";"";"";"";"";"";"";"";"";"";"";"";"";"";"";"";"";"";"";"";"";"";"";"";"";"";"";"";"";"";"";"";"";"";"";"";"";"";"";"";"";"";"";"";"";"";"";"";"";"";"";"";"";"";""
12.12.2022 05:27:57;1670819277000;880f01e687e2572cea04e80fc6a68085;1156118;OK;1786;0;0;0;0;-0,04;-2,7;0;0;567;740;"";35,311;5,3;416,352;62,49;20,882;0,86;1,351;0,19;5,817;1,84;4,532;10,04;4,91;10,27;5,197;10,37;780,388;85,87001;242,491;33,54;17,08;11,75;0,442;10,0;0,289;10,0;0,001;10,0;1,47;19,115;0,54;20,287;3,65;3,342;0,56;-4,046;2,23;949,403;1,0;"";"";23,851;2,28;111,788;14,37;"";"";13,0;20,0;13,0;"";"";"";"";"";"";"";"";"";"";"";"";"";"";"";"";"";"";"";"";"";"";"";"";"";"";"";"";"";"";"";"";"";"";"";"";"";"";"";"";"";"";"";"";"";"";"";"";"";"";"";"";"";"";"";"";"";"";"";"";"";"";"";"";""
12.12.2022 05:29:58;1670819398000;880f01e687e2572cea04e80fc6a68085;1156239;OK;1808;0;0;0;0;-0,08;-5,33;0;0;562;740;"";35,135;5,27;415,531;62,47;20,88;0,86;1,354;0,19;3,762;1,94;4,893;10,3;5,951;10,56;6,539;10,8;854,804;93,22001;264,011;35,63;24,424;12,37;0,957;10,07;0,719;10,0;0,0;10,0;1,97;19,195;0,54;20,106;3,65;3,328;0,56;-4,1;2,25;949,4269;1,0;"";"";23,127;2,32;103,091;13,92;"";"";13,0;20,0;13,0;"";"";"";"";"";"";"";"";"";"";"";"";"";"";"";"";"";"";"";"";"";"";"";"";"";"";"";"";"";"";"";"";"";"";"";"";"";"";"";"";"";"";"";"";"";"";"";"";"";"";"";"";"";"";"";"";"";"";"";"";"";"";"";"";""
12.12.2022 05:31:58;1670819518000;880f01e687e2572cea04e80fc6a68085;1156360;OK;1790;0;0;0;0;-0,08;-0,81;0;0;560;740;"";34,457;5,17;416,084;62,48;20,882;0,86;1,356;0,19;2,097;2,02;5,039;10,15;5,584;10,38;5,855;10,41;836,2;91,37;263,238;35,64;16,593;11,56;0,61;10,04;0,356;10,0;0,0;10,0;1,448;19,241;0,54;20,031;3,65;3,324;0,56;-4,111;2,26;949,461;1,0;"";"";22,104;2,37;93,603;13,42;"";"";13,0;20,0;13,0;"";"";"";"";"";"";"";"";"";"";"";"";"";"";"";"";"";"";"";"";"";"";"";"";"";"";"";"";"";"";"";"";"";"";"";"";"";"";"";"";"";"";"";"";"";"";"";"";"";"";"";"";"";"";"";"";"";"";"";"";"";"";"";"";""
12.12.2022 05:33:57;1670819637000;880f01e687e2572cea04e80fc6a68085;1156478;OK;1794;0;0;0;0;-0,08;-3,34;0;0;557;739;"";32,438;4,87;414,523;62,44;20,88;0,86;1,358;0,19;0,753;2,08;4,874;10,02;5,843;10,53;5,872;10,53;838,2239;91,46;257,682;35,04;24,555;12,42;0,065;10,0;0,038;10,0;0,0;10,0;1,262;19,256;0,54;19,923;3,66;3,309;0,56;-4,171;2,27;949,48;1,0;"";"";21,127;2,42;84,446;12,94;"";"";13,0;20,0;13,0;"";"";"";"";"";"";"";"";"";"";"";"";"";"";"";"";"";"";"";"";"";"";"";"";"";"";"";"";"";"";"";"";"";"";"";"";"";"";"";"";"";"";"";"";"";"";"";"";"";"";"";"";"";"";"";"";"";"";"";"";"";"";"";"";""
12.12.2022 05:36:00;1670819760000;880f01e687e2572cea04e80fc6a68085;1156601;OK;1790;0;0;0;0;-0,1;-3,74;0;0;555;738;"";33,791;5,07;415,239;62,46;20,885;0,86;1,36;0,19;-0,247;2,13;5,886;10,84;6,913;10,95;7,14;10,95;929,616;100,43;289,255;38,14;25,112;12,36;0,705;10,0;0,004;10,0;0,0;10,0;1,463;19,254;0,54;19,834;3,66;3,294;0,56;-4,232;2,29;949,494;1,0;"";"";19,905;2,48;75,479;12,47;"";"";13,0;20,0;13,0;"";"";"";"";"";"";"";"";"";"";"";"";"";"";"";"";"";"";"";"";"";"";"";"";"";"";"";"";"";"";"";"";"";"";"";"";"";"";"";"";"";"";"";"";"";"";"";"";"";"";"";"";"";"";"";"";"";"";"";"";"";"";"";"";""
12.12.2022 05:37:59;1670819879000;880f01e687e2572cea04e80fc6a68085;1156720;OK;1802;0;0;0;0;-0,11;1,76;0;0;553;737;"";32,485;4,87;417,114;62,51;20,886;0,86;1,361;0,19;-0,8059999;2,16;5,074;10,14;6,081;10,83;7,22;10,95;892,812;96,77;277,715;37,0;20,042;11,93;1,657;10,1;1,482;10,1;0,323;10,0;2,507;19,236;0,54;19,786;3,66;3,283;0,56;-4,279;2,29;949,507;1,0;"";"";18,957;2,52;67,887;12,07;"";"";13,0;20,0;13,0;"";"";"";"";"";"";"";"";"";"";"";"";"";"";"";"";"";"";"";"";"";"";"";"";"";"";"";"";"";"";"";"";"";"";"";"";"";"";"";"";"";"";"";"";"";"";"";"";"";"";"";"";"";"";"";"";"";"";"";"";"";"";"";"";""
12.12.2022 05:40:00;1670820000000;880f01e687e2572cea04e80fc6a68085;1156841;OK;1805;0;0;0;0;-0,09;8,67;0;0;553;737;"";33,982;5,1;416,864;62,51;20,89;0,86;1,362;0,19;-0,859;2,16;4,99;10,12;6,019;10,72;6,237;10,74;820,548;89,8;256,695;34,94;23,429;12,27;0,346;10,03;0,23;10,01;0,033;10,0;1,474;19,216;0,54;19,778;3,66;3,278;0,56;-4,301;2,29;949,528;1,0;"";"";18,148;2,56;62,651;11,8;"";"";13,0;20,0;13,0;"";"";"";"";"";"";"";"";"";"";"";"";"";"";"";"";"";"";"";"";"";"";"";"";"";"";"";"";"";"";"";"";"";"";"";"";"";"";"";"";"";"";"";"";"";"";"";"";"";"";"";"";"";"";"";"";"";"";"";"";"";"";"";"";""
12.12.2022 05:42:00;1670820120000;880f01e687e2572cea04e80fc6a68085;1156962;OK;1793;0;0;0;0;-0,04;1,3;0;0;554;737;"";32,499;4,87;414,982;62,45;20,891;0,86;1,363;0,19;-0,567;2,15;4,778;10,16;6,038;10,66;7,212;10,78;842,5179;91,97001;260,381;35,27;27,085;12,68;1,497;10,14;1,485;10,14;0,003;10,0;2,544;19,215;0,54;19,815;3,66;3,284;0,56;-4,276;2,29;949,5609;1,0;"";"";17,489;2,6;60,536;11,69;"";"";13,0;20,0;13,0;"";"";"";"";"";"";"";"";"";"";"";"";"";"";"";"";"";"";"";"";"";"";"";"";"";"";"";"";"";"";"";"";"";"";"";"";"";"";"";"";"";"";"";"";"";"";"";"";"";"";"";"";"";"";"";"";"";"";"";"";"";"";"";"";""
12.12.2022 05:44:00;1670820240000;880f01e687e2572cea04e80fc6a68085;1157082;OK;1793;0;0;0;0;0,06;-6,92;0;0;556;738;"";31,773;4,77;414,877;62,45;20,893;0,86;1,364;0,19;0,039;2,12;5,023;10,11;6,045;10,94;6,662;10,98;897,088;97,25;277,299;36,9;18,419;11,71;1,454;10,05;0,58;10,01;0,282;10,0;1,93;19,248;0,54;19,884;3,66;3,301;0,56;-4,204;2,28;949,572;1,0;"";"";17,054;2,62;61,819;11,75;"";"";13,0;20,0;13,0;"";"";"";"";"";"";"";"";"";"";"";"";"";"";"";"";"";"";"";"";"";"";"";"";"";"";"";"";"";"";"";"";"";"";"";"";"";"";"";"";"";"";"";"";"";"";"";"";"";"";"";"";"";"";"";"";"";"";"";"";"";"";"";"";""
12.12.2022 05:46:01;1670820361000;880f01e687e2572cea04e80fc6a68085;1157202;OK;1791;0;0;0;0;0,12;-2,6;0;0;556;739;"";32,45;4,87;416,348;62,49;20,891;0,86;1,366;0,19;0,895;2,07;5,455;10,56;6,672;10,88;7,419;10,89;936,727;101,04;294,199;38,62;29,402;12,85;1,738;10,16;1,548;10,16;0,497;10,0;2,01;19,328;0,54;19,887;3,66;3,317;0,57;-4,135;2,28;949,577;1,0;"";"";16,934;2,62;66,18801;11,98;"";"";13,0;20,0;13,0;"";"";"";"";"";"";"";"";"";"";"";"";"";"";"";"";"";"";"";"";"";"";"";"";"";"";"";"";"";"";"";"";"";"";"";"";"";"";"";"";"";"";"";"";"";"";"";"";"";"";"";"";"";"";"";"";"";"";"";"";"";"";"";"";""
12.12.2022 05:48:03;1670820483000;880f01e687e2572cea04e80fc6a68085;1157324;OK;1785;0;0;0;0;0,12;8,72;0;0;554;740;"";35,271;5,29;418,086;62,54;20,897;0,86;1,369;0,19;1,725;2,03;5,012;10,14;5,677;10,55;6,097;10,66;844,701;92,21;264,289;35,68;18,565;11,77;0,81;10,04;0,341;10,04;0,05;10,0;1,623;19,444;0,54;19,791;3,66;3,324;0,57;-4,103;2,29;949,584;1,0;"";"";16,911;2,62;72,248;12,3;"";"";13,0;20,0;13,0;"";"";"";"";"";"";"";"";"";"";"";"";"";"";"";"";"";"";"";"";"";"";"";"";"";"";"";"";"";"";"";"";"";"";"";"";"";"";"";"";"";"";"";"";"";"";"";"";"";"";"";"";"";"";"";"";"";"";"";"";"";"";"";"";""
12.12.2022 05:50:02;1670820602000;880f01e687e2572cea04e80fc6a68085;1157443;OK;1798;0;0;0;0;0,07;5,59;0;0;550;740;"";36,678;5,5;416,95;62,51;20,892;0,86;1,373;0,19;2,334;2,0;5,099;10,29;5,86;10,66;6,535;10,78;880,658;95,66001;271,724;36,32;22,226;12,18;1,459;10,13;0,736;10,08;0,005;10,0;1,95;19,554;0,54;19,672;3,66;3,325;0,57;-4,093;2,31;949,598;1,0;"";"";17,16;2,61;75,928;12,49;"";"";13,0;20,0;13,0;"";"";"";"";"";"";"";"";"";"";"";"";"";"";"";"";"";"";"";"";"";"";"";"";"";"";"";"";"";"";"";"";"";"";"";"";"";"";"";"";"";"";"";"";"";"";"";"";"";"";"";"";"";"";"";"";"";"";"";"";"";"";"";"";""
12.12.2022 05:52:02;1670820722000;880f01e687e2572cea04e80fc6a68085;1157563;OK;1799;0;0;0;0;0,02;7,75;0;0;547;740;"";37,228;5,58;419,35;62,58;20,887;0,86;1,375;0,19;2,657;1,99;4,748;10,15;5,339;10,37;6,633;10,91;811,938;88,85;253,189;34,57;21,978;12,09;2,002;10,06;1,927;10,05;0,446;10,04;2,783;19,652;0,54;19,556;3,66;3,325;0,58;-4,091;2,33;949,5939;1,0;"";"";17,279;2,61;76,908;12,54;"";"";13,0;20,0;13,0;"";"";"";"";"";"";"";"";"";"";"";"";"";"";"";"";"";"";"";"";"";"";"";"";"";"";"";"";"";"";"";"";"";"";"";"";"";"";"";"";"";"";"";"";"";"";"";"";"";"";"";"";"";"";"";"";"";"";"";"";"";"";"";"";""
12.12.2022 05:54:03;1670820843000;880f01e687e2572cea04e80fc6a68085;1157684;OK;1797;0;0;0;0;-0,02;-1,34;0;0;544;739;"";38,382;5,76;415,659;62,47;20,89;0,86;1,378;0,19;2,641;1,99;5,438;10,5;6,199;10,91;7,527;10,99;904,8679;98,08001;283,346;37,53;23,458;12,27;1,873;10,01;1,495;10,01;0,852;10,0;2,695;19,72;0,54;19,418;3,66;3,314;0,58;-4,129;2,34;949,5919;1,0;"";"";17,431;2,6;75,37;12,46;"";"";13,0;20,0;13,0;"";"";"";"";"";"";"";"";"";"";"";"";"";"";"";"";"";"";"";"";"";"";"";"";"";"";"";"";"";"";"";"";"";"";"";"";"";"";"";"";"";"";"";"";"";"";"";"";"";"";"";"";"";"";"";"";"";"";"";"";"";"";"";"";""
12.12.2022 05:56:04;1670820964000;880f01e687e2572cea04e80fc6a68085;1157805;OK;1798;0;0;0;0;-0,05;-3,51;0;0;542;738;"";37,619;5,64;416,199;62,49;20,893;0,86;1,38;0,19;2,446;2,0;5,525;10,51;7,255;10,99;8,097;11,0;902,838;97,81;285,112;37,71;31,749;13,16;2,846;10,29;1,489;10,11;0,088;10,0;2,137;19,757;0,54;19,365;3,66;3,313;0,58;-4,134;2,35;949,591;1,0;"";"";17,47;2,6;72,501;12,3;"";"";13,0;20,0;13,0;"";"";"";"";"";"";"";"";"";"";"";"";"";"";"";"";"";"";"";"";"";"";"";"";"";"";"";"";"";"";"";"";"";"";"";"";"";"";"";"";"";"";"";"";"";"";"";"";"";"";"";"";"";"";"";"";"";"";"";"";"";"";"";"";""
12.12.2022 05:58:04;1670821084000;880f01e687e2572cea04e80fc6a68085;1157925;OK;1795;0;0;0;0;-0,08;-10,29;0;0;539;737;"";38,888;5,83;415,319;62,46;20,895;0,86;1,383;0,19;2,314;2,0;5,642;10,63;6,136;10,89;7,162;10,96;920,95;99,55001;288,354;38,06;21,305;12,03;1,641;10,17;0,946;10,01;0,009;10,0;2,304;19,77;0,54;19,254;3,67;3,296;0,58;-4,201;2,37;949,5939;1,0;"";"";17,198;2,61;69,214;12,13;"";"";13,0;20,0;13,0;"";"";"";"";"";"";"";"";"";"";"";"";"";"";"";"";"";"";"";"";"";"";"";"";"";"";"";"";"";"";"";"";"";"";"";"";"";"";"";"";"";"";"";"";"";"";"";"";"";"";"";"";"";"";"";"";"";"";"";"";"";"";"";"";""
12.12.2022 06:00:06;1670821206000;880f01e687e2572cea04e80fc6a68085;1158047;OK;1779;0;0;0;0;-0,07;0,71;0;0;539;737;"";38,131;5,72;416,76;62,5;20,894;0,86;1,384;0,19;2,214;2,01;5,802;10,75;6,732;10,97;7,52;11,0;972,326;104,64;304,172;39,58;23,094;12,26;1,217;10,02;1,148;10,0;0,101;10,0;2,053;19,767;0,54;19,236;3,67;3,292;0,58;-4,216;2,37;949,6079;1,0;"";"";16,906;2,62;65,21801;11,92;"";"";13,0;20,0;13,0;"";"";"";"";"";"";"";"";"";"";"";"";"";"";"";"";"";"";"";"";"";"";"";"";"";"";"";"";"";"";"";"";"";"";"";"";"";"";"";"";"";"";"";"";"";"";"";"";"";"";"";"";"";"";"";"";"";"";"";"";"";"";"";"";""
12.12.2022 06:02:06;1670821326000;880f01e687e2572cea04e80fc6a68085;1158167;OK;1784;0;0;0;0;-0,07;-0,5;0;0;538;737;"";37,231;5,58;415,574;62,47;20,894;0,86;1,385;0,19;2,165;2,01;5,194;10,23;6,782;10,96;6,996;10,98;888,951;96,46;278,87;37,18;25,698;12,49;0,894;10,0;0,229;10,0;0,121;10,0;1,566;19,747;0,54;19,208;3,67;3,284;0,58;-4,251;2,37;949,622;1,0;"";"";16,601;2,64;61,222;11,72;"";"";13,0;20,0;13,0;"";"";"";"";"";"";"";"";"";"";"";"";"";"";"";"";"";"";"";"";"";"";"";"";"";"";"";"";"";"";"";"";"";"";"";"";"";"";"";"";"";"";"";"";"";"";"";"";"";"";"";"";"";"";"";"";"";"";"";"";"";"";"";"";""
12.12.2022 06:04:06;1670821446000;880f01e687e2572cea04e80fc6a68085;1158288;OK;1786;0;0;0;0;-0,07;-2,4;0;0;537;736;"";35,434;5,32;414,341;62,43;20,9;0,86;1,386;0,19;2,293;2,01;5,045;10,24;5,592;10,45;7,268;10,94;844,247;92,08;261,868;35,45;20,963;12,0;2,769;10,24;2,051;10,22;0,012;10,0;3,123;19,725;0,54;19,161;3,67;3,272;0,58;-4,302;2,38;949,64;1,0;"";"";16,37;2,65;57,625;11,53;"";"";13,0;20,0;13,0;"";"";"";"";"";"";"";"";"";"";"";"";"";"";"";"";"";"";"";"";"";"";"";"";"";"";"";"";"";"";"";"";"";"";"";"";"";"";"";"";"";"";"";"";"";"";"";"";"";"";"";"";"";"";"";"";"";"";"";"";"";"";"";"";""
12.12.2022 06:06:06;1670821566000;880f01e687e2572cea04e80fc6a68085;1158407;OK;1811;0;0;0;0;-0,09;-0,92;0;0;536;736;"";36,176;5,43;416,323;62,49;20,898;0,86;1,386;0,19;2,56;1,99;5,286;10,38;7,072;10,84;8,614;10,99;927,901;100,29;288,711;38,05;35,889;13,47;2,761;10,1;1,763;10,04;1,167;10,0;2,903;19,694;0,54;19,136;3,67;3,262;0,58;-4,345;2,38;949,6409;1,0;"";"";16,264;2,66;54,675;11,37;"";"";13,0;20,0;13,0;"";"";"";"";"";"";"";"";"";"";"";"";"";"";"";"";"";"";"";"";"";"";"";"";"";"";"";"";"";"";"";"";"";"";"";"";"";"";"";"";"";"";"";"";"";"";"";"";"";"";"";"";"";"";"";"";"";"";"";"";"";"";"";"";""
12.12.2022 06:08:06;1670821686000;880f01e687e2572cea04e80fc6a68085;1158526;OK;1796;0;0;0;0;-0,07;1,27;0;0;537;736;"";35,638;5,35;414,521;62,44;20,898;0,86;1,386;0,19;3,068;1,97;5,371;10,4;6,499;10,93;8,643;10,99;910,809;98,56;281,189;37,32;25,989;12,51;2,893;10,19;2,79;10,18;0,284;10,0;3,297;19,664;0,54;19,158;3,67;3,259;0,58;-4,355;2,38;949,65;1,0;"";"";16,266;2,66;52,367;11,25;"";"";13,0;20,0;13,0;"";"";"";"";"";"";"";"";"";"";"";"";"";"";"";"";"";"";"";"";"";"";"";"";"";"";"";"";"";"";"";"";"";"";"";"";"";"";"";"";"";"";"";"";"";"";"";"";"";"";"";"";"";"";"";"";"";"";"";"";"";"";"";"";""
12.12.2022 06:10:06;1670821806000;880f01e687e2572cea04e80fc6a68085;1158647;OK;1811;0;0;0;0;-0,02;10,18;0;0;539;736;"";33,638;5,05;418,36;62,55;20,897;0,86;1,387;0,19;3,651;1,94;5,676;10,68;6,849;10,98;7,748;11,0;976,12;104,94;300,144;39,21;27,706;12,77;2,155;10,27;0,423;10,02;0,029;10,0;2,198;19,63;0,54;19,216;3,67;3,263;0,58;-4,342;2,37;949,6619;1,0;"";"";16,21;2,66;51,819;11,23;"";"";13,0;20,0;13,0;"";"";"";"";"";"";"";"";"";"";"";"";"";"";"";"";"";"";"";"";"";"";"";"";"";"";"";"";"";"";"";"";"";"";"";"";"";"";"";"";"";"";"";"";"";"";"";"";"";"";"";"";"";"";"";"";"";"";"";"";"";"";"";"";""
12.12.2022 06:12:07;1670821927000;880f01e687e2572cea04e80fc6a68085;1158768;OK;1789;0;0;0;0;0,03;11,1;0;0;539;736;"";33,88;5,08;418,655;62,56;20,897;0,86;1,388;0,19;4,371;1,91;5,788;10,8;7,138;10,93;7,96;10,99;957,036;103,04;299,083;39,07;28,521;12,83;1,341;10,08;0,966;10,06;0,003;10,0;2,163;19,64;0,54;19,249;3,67;3,27;0,58;-4,311;2,37;949,671;1,0;"";"";16,373;2,65;54,367;11,36;"";"";13,0;20,0;13,0;"";"";"";"";"";"";"";"";"";"";"";"";"";"";"";"";"";"";"";"";"";"";"";"";"";"";"";"";"";"";"";"";"";"";"";"";"";"";"";"";"";"";"";"";"";"";"";"";"";"";"";"";"";"";"";"";"";"";"";"";"";"";"";"";""
12.12.2022 06:14:08;1670822048000;880f01e687e2572cea04e80fc6a68085;1158889;OK;1785;0;0;0;0;0,09;8,25;0;0;541;737;"";32,747;4,91;416,89;62,51;20,899;0,86;1,389;0,19;5,255;1,86;6,108;10,87;7,551;10,99;7,701;11,0;952,673;102,62;297,734;38,94;36,4;13,58;1,019;10,01;0,296;10,01;0,0;10,0;1,437;19,687;0,54;19,326;3,67;3,292;0,58;-4,22;2,36;949,705;1,0;"";"";16,645;2,64;59,542;11,63;"";"";13,0;20,0;13,0;"";"";"";"";"";"";"";"";"";"";"";"";"";"";"";"";"";"";"";"";"";"";"";"";"";"";"";"";"";"";"";"";"";"";"";"";"";"";"";"";"";"";"";"";"";"";"";"";"";"";"";"";"";"";"";"";"";"";"";"";"";"";"";"";""
12.12.2022 06:16:07;1670822167000;880f01e687e2572cea04e80fc6a68085;1159008;OK;1808;0;0;0;0;0,1;-5,65;0;0;539;737;"";33,893;5,08;416,344;62,49;20,898;0,86;1,39;0,19;6,039;1,83;5,49;10,46;6,401;11,0;6,501;11,0;885,216;96,07;276,339;36,93;26,785;12,63;0,343;10,01;0,117;10,0;0,0;10,0;1,321;19,758;0,54;19,25;3,67;3,293;0,58;-4,213;2,37;949,737;1,0;"";"";17,048;2,62;65,499;11,94;"";"";13,0;20,0;13,0;"";"";"";"";"";"";"";"";"";"";"";"";"";"";"";"";"";"";"";"";"";"";"";"";"";"";"";"";"";"";"";"";"";"";"";"";"";"";"";"";"";"";"";"";"";"";"";"";"";"";"";"";"";"";"";"";"";"";"";"";"";"";"";"";""
12.12.2022 06:18:08;1670822288000;880f01e687e2572cea04e80fc6a68085;1159128;OK;1790;0;0;0;0;0,08;-6,47;0;0;538;736;"";35,128;5,27;416,68;62,5;20,904;0,86;1,392;0,19;6,49;1,8;5,684;10,49;7,002;10,89;8,009;10,91;963,5269;103,7;306,405;39,8;31,348;13,05;2,734;10,21;0,346;10,0;0,0;10,0;2,279;19,847;0,54;19,198;3,67;3,302;0,59;-4,176;2,37;949,763;1,0;"";"";17,567;2,59;70,051;12,18;"";"";13,0;20,0;13,0;"";"";"";"";"";"";"";"";"";"";"";"";"";"";"";"";"";"";"";"";"";"";"";"";"";"";"";"";"";"";"";"";"";"";"";"";"";"";"";"";"";"";"";"";"";"";"";"";"";"";"";"";"";"";"";"";"";"";"";"";"";"";"";"";""
12.12.2022 06:20:08;1670822408000;880f01e687e2572cea04e80fc6a68085;1159249;OK;1801;0;0;0;0;0,01;-2,63;0;0;536;735;"";35,066;5,26;416,626;62,5;20,903;0,86;1,393;0,19;6,628;1,8;5,539;10,52;6,288;10,94;6,626;10,95;902,7249;97,79;286,726;37,81;20,653;11,96;0,505;10,02;0,226;10,0;0,19;10,0;1,541;19,909;0,54;19,1;3,67;3,297;0,59;-4,193;2,39;949,764;1,0;"";"";17,961;2,57;71,899;12,27;"";"";13,0;20,0;13,0;"";"";"";"";"";"";"";"";"";"";"";"";"";"";"";"";"";"";"";"";"";"";"";"";"";"";"";"";"";"";"";"";"";"";"";"";"";"";"";"";"";"";"";"";"";"";"";"";"";"";"";"";"";"";"";"";"";"";"";"";"";"";"";"";""
12.12.2022 06:22:08;1670822528000;880f01e687e2572cea04e80fc6a68085;1159369;OK;1792;0;0;0;0;-0,03;-0,77;0;0;532;734;"";37,74;5,66;416,572;62,5;20,904;0,86;1,394;0,19;6,501;1,8;5,94;10,77;6,804;10,99;7,199;10,99;936,174;101,05;296,495;38,83;26,415;12,68;0,368;10,0;0,339;10,0;0,335;10,0;1,618;19,947;0,54;18,997;3,67;3,286;0,59;-4,233;2,4;949,758;1,0;"";"";18,26;2,56;71,849;12,27;"";"";13,0;20,0;13,0;"";"";"";"";"";"";"";"";"";"";"";"";"";"";"";"";"";"";"";"";"";"";"";"";"";"";"";"";"";"";"";"";"";"";"";"";"";"";"";"";"";"";"";"";"";"";"";"";"";"";"";"";"";"";"";"";"";"";"";"";"";"";"";"";""
12.12.2022 06:24:08;1670822648000;880f01e687e2572cea04e80fc6a68085;1159489;OK;1798;0;0;0;0;-0,04;0,7;0;0;532;733;"";37,308;5,6;416,667;62,5;20,902;0,86;1,395;0,19;6,233;1,82;5,179;10,2;5,7;10,59;6,53;10,95;863,4521;94,05001;267,492;36,08;19,41;11,91;1,173;10,0;1,17;10,0;0,035;10,0;2,228;19,966;0,54;18,985;3,67;3,288;0,59;-4,226;2,4;949,7769;1,0;"";"";18,52;2,55;70,203;12,18;"";"";13,0;20,0;13,0;"";"";"";"";"";"";"";"";"";"";"";"";"";"";"";"";"";"";"";"";"";"";"";"";"";"";"";"";"";"";"";"";"";"";"";"";"";"";"";"";"";"";"";"";"";"";"";"";"";"";"";"";"";"";"";"";"";"";"";"";"";"";"";"";""
12.12.2022 06:26:09;1670822769000;880f01e687e2572cea04e80fc6a68085;1159609;OK;1811;0;0;0;0;-0,05;-0,34;0;0;530;732;"";36,764;5,51;416,278;62,49;20,906;0,86;1,397;0,19;5,826;1,84;5,172;10,39;5,819;10,63;6,532;10,93;852,448;92,99;270,511;36,3;19,487;11,81;0,885;10,0;0,884;10,0;0,004;10,0;2,098;19,97;0,54;18,889;3,67;3,272;0,59;-4,29;2,42;949,794;1,0;"";"";18,458;2,55;67,842;12,06;"";"";13,0;20,0;13,0;"";"";"";"";"";"";"";"";"";"";"";"";"";"";"";"";"";"";"";"";"";"";"";"";"";"";"";"";"";"";"";"";"";"";"";"";"";"";"";"";"";"";"";"";"";"";"";"";"";"";"";"";"";"";"";"";"";"";"";"";"";"";"";"";""
12.12.2022 06:28:09;1670822889000;880f01e687e2572cea04e80fc6a68085;1159730;OK;1795;0;0;0;0;-0,06;-1,41;0;0;529;732;"";36,326;5,45;417,261;62,52;20,906;0,86;1,397;0,19;5,503;1,85;5,538;10,57;6,965;10,95;7,983;10,99;875,146;95,09;276,681;36,84;24,439;12,33;2,458;10,24;1,158;10,11;0,0;10,0;2,307;19,958;0,54;18,858;3,67;3,264;0,59;-4,322;2,42;949,812;1,0;"";"";18,466;2,55;65,301;11,93;"";"";13,0;20,0;13,0;"";"";"";"";"";"";"";"";"";"";"";"";"";"";"";"";"";"";"";"";"";"";"";"";"";"";"";"";"";"";"";"";"";"";"";"";"";"";"";"";"";"";"";"";"";"";"";"";"";"";"";"";"";"";"";"";"";"";"";"";"";"";"";"";""
12.12.2022 06:30:10;1670823010000;880f01e687e2572cea04e80fc6a68085;1159851;OK;1792;0;0;0;0;-0,08;-0,83;0;0;529;732;"";39,187;5,88;417,046;62,51;20,904;0,86;1,398;0,19;5,298;1,86;5,62;10,56;6,708;10,97;7,543;10,99;886,6599;96,19;281,885;37,34;25,762;12,57;1,623;10,03;1,341;10,01;0,0;10,0;2,172;19,935;0,54;18,856;3,67;3,259;0,59;-4,342;2,42;949,823;1,0;"";"";18,258;2,56;62,611;11,79;"";"";13,0;20,0;13,0;"";"";"";"";"";"";"";"";"";"";"";"";"";"";"";"";"";"";"";"";"";"";"";"";"";"";"";"";"";"";"";"";"";"";"";"";"";"";"";"";"";"";"";"";"";"";"";"";"";"";"";"";"";"";"";"";"";"";"";"";"";"";"";"";""
12.12.2022 06:32:11;1670823131000;880f01e687e2572cea04e80fc6a68085;1159972;OK;1783;0;0;0;0;-0,05;1,59;0;0;529;731;"";38,313;5,75;417,373;62,52;20,91;0,86;1,398;0,19;5,267;1,86;5,974;10,65;7,682;11,0;8,463;11,0;951,775;102,5;302,359;39,45;29,087;12,86;2,786;10,12;1,185;10,0;0,0;10,0;2,129;19,905;0,54;18,857;3,68;3,254;0,59;-4,366;2,42;949,823;1,0;"";"";18,221;2,56;59,898;11,65;"";"";13,0;20,0;13,0;"";"";"";"";"";"";"";"";"";"";"";"";"";"";"";"";"";"";"";"";"";"";"";"";"";"";"";"";"";"";"";"";"";"";"";"";"";"";"";"";"";"";"";"";"";"";"";"";"";"";"";"";"";"";"";"";"";"";"";"";"";"";"";"";""
12.12.2022 06:34:10;1670823250000;880f01e687e2572cea04e80fc6a68085;1160091;OK;1803;0;0;0;0;-0,04;-4,43;0;0;529;731;"";39,985;6,0;415,384;62,46;20,91;0,86;1,4;0,19;5,381;1,86;5,718;10,7;7,523;11,0;8,448;11,0;960,256;103,35;296,7;38,88;29,663;12,92;3,984;10,24;1,017;10,05;0,429;10,0;2,249;19,877;0,54;18,858;3,68;3,249;0,59;-4,389;2,42;949,828;1,0;"";"";18,248;2,56;57,729;11,53;"";"";13,0;20,0;13,0;"";"";"";"";"";"";"";"";"";"";"";"";"";"";"";"";"";"";"";"";"";"";"";"";"";"";"";"";"";"";"";"";"";"";"";"";"";"";"";"";"";"";"";"";"";"";"";"";"";"";"";"";"";"";"";"";"";"";"";"";"";"";"";"";""
12.12.2022 06:36:11;1670823371000;880f01e687e2572cea04e80fc6a68085;1160212;OK;1794;0;0;0;0;-0,05;-2,46;0;0;529;730;"";41,354;6,2;416,733;62,5;20,907;0,86;1,403;0,19;5,541;1,85;5,536;10,55;6,44;10,89;8,028;10,92;927,821;100,25;291,988;38,35;23,375;12,23;3,122;10,24;2,534;10,2;0,044;10,0;2,84;19,837;0,54;18,859;3,68;3,241;0,59;-4,422;2,42;949,8579;1,0;"";"";18,202;2,56;56,218;11,45;"";"";13,0;20,0;13,0;"";"";"";"";"";"";"";"";"";"";"";"";"";"";"";"";"";"";"";"";"";"";"";"";"";"";"";"";"";"";"";"";"";"";"";"";"";"";"";"";"";"";"";"";"";"";"";"";"";"";"";"";"";"";"";"";"";"";"";"";"";"";"";"";""
12.12.2022 06:38:11;1670823491000;880f01e687e2572cea04e80fc6a68085;1160332;OK;1806;0;0;0;0;-0,06;9,58;0;0;529;730;"";41,222;6,18;420,236;62,61;20,907;0,86;1,405;0,19;5,835;1,84;5,512;10,41;5,999;10,67;6,445;10,68;901,89;97,7;280,29;37,23;18,962;11,8;0,71;10,07;0,525;10,05;0,005;10,0;1,548;19,797;0,54;18,86;3,68;3,234;0,59;-4,453;2,42;949,8899;1,0;"";"";18,184;2,56;55,285;11,41;"";"";13,0;20,0;13,0;"";"";"";"";"";"";"";"";"";"";"";"";"";"";"";"";"";"";"";"";"";"";"";"";"";"";"";"";"";"";"";"";"";"";"";"";"";"";"";"";"";"";"";"";"";"";"";"";"";"";"";"";"";"";"";"";"";"";"";"";"";"";"";"";""
12.12.2022 06:40:11;1670823611000;880f01e687e2572cea04e80fc6a68085;1160452;OK;1792;0;0;0;0;-0,04;13,48;0;0;530;730;"";40,898;6,13;419,107;62,57;20,909;0,86;1,407;0,19;6,213;1,82;5,203;10,38;6,643;10,79;7,159;10,94;866,282;94,27;269,655;36,22;24,154;12,4;1,555;10,03;0,538;10,03;0,0;10,0;1,951;19,771;0,54;18,918;3,68;3,239;0,59;-4,434;2,41;949,928;1,0;"";"";18,281;2,56;55,647;11,43;"";"";13,0;20,0;13,0;"";"";"";"";"";"";"";"";"";"";"";"";"";"";"";"";"";"";"";"";"";"";"";"";"";"";"";"";"";"";"";"";"";"";"";"";"";"";"";"";"";"";"";"";"";"";"";"";"";"";"";"";"";"";"";"";"";"";"";"";"";"";"";"";""
12.12.2022 06:42:13;1670823733000;880f01e687e2572cea04e80fc6a68085;1160574;OK;1806;0;0;0;0;0,03;4,1;0;0;532;730;"";39,731;5,96;418,562;62,56;20,907;0,86;1,409;0,2;6,764;1,79;5,516;10,5;6,811;10,95;7,48;10,97;950,886;102,42;293,991;38,62;24,554;12,37;3,068;10,3;0,833;10,0;0,0;10,0;1,984;19,772;0,54;18,983;3,67;3,25;0,59;-4,388;2,4;949,943;1,0;"";"";18,538;2,55;59,243;11,61;"";"";13,0;20,0;13,0;"";"";"";"";"";"";"";"";"";"";"";"";"";"";"";"";"";"";"";"";"";"";"";"";"";"";"";"";"";"";"";"";"";"";"";"";"";"";"";"";"";"";"";"";"";"";"";"";"";"";"";"";"";"";"";"";"";"";"";"";"";"";"";"";""
12.12.2022 06:44:13;1670823853000;880f01e687e2572cea04e80fc6a68085;1160693;OK;1807;0;0;0;0;0,08;-2,78;0;0;532;730;"";40,675;6,1;419,311;62,58;20,913;0,86;1,41;0,2;7,405;1,76;5,878;10,75;7,388;10,99;9,078;11,0;969,95;104,39;303,349;39,58;32,839;13,19;3,606;10,35;2,263;10,05;0,21;10,0;2,868;19,819;0,54;18,996;3,67;3,261;0,59;-4,339;2,4;949,9479;1,0;"";"";18,803;2,53;64,763;11,9;"";"";13,0;20,0;13,0;"";"";"";"";"";"";"";"";"";"";"";"";"";"";"";"";"";"";"";"";"";"";"";"";"";"";"";"";"";"";"";"";"";"";"";"";"";"";"";"";"";"";"";"";"";"";"";"";"";"";"";"";"";"";"";"";"";"";"";"";"";"";"";"";""
12.12.2022 06:46:13;1670823973000;880f01e687e2572cea04e80fc6a68085;1160815;OK;1792;0;0;0;0;0,1;3,58;0;0;532;730;"";38,927;5,84;419,991;62,6;20,91;0,86;1,411;0,2;7,996;1,73;6,327;10,96;8,022;11,0;8,851;11,0;1006,184;107,91;317,234;40,83;35,712;13,48;2,031;10,18;1,09;10,01;0,022;10,0;2,085;19,895;0,54;18,987;3,67;3,275;0,59;-4,283;2,4;949,968;1,0;"";"";19,268;2,51;70,943;12,22;"";"";13,0;20,0;13,0;"";"";"";"";"";"";"";"";"";"";"";"";"";"";"";"";"";"";"";"";"";"";"";"";"";"";"";"";"";"";"";"";"";"";"";"";"";"";"";"";"";"";"";"";"";"";"";"";"";"";"";"";"";"";"";"";"";"";"";"";"";"";"";"";""
12.12.2022 06:48:14;1670824094000;880f01e687e2572cea04e80fc6a68085;1160935;OK;1807;0;0;0;0;0,07;1,36;0;0;530;729;"";40,42;6,06;418,972;62,57;20,91;0,86;1,413;0,2;8,314;1,72;6,073;10,91;7,225;11,0;7,585;11,0;976,454;105,01;305,892;39,75;26,765;12,62;1,034;10,02;0,112;10,0;0,002;10,0;1,604;19,97;0,54;18,889;3,67;3,272;0,59;-4,29;2,42;950,008;1,0;"";"";19,825;2,48;75,417;12,46;"";"";13,0;20,0;13,0;"";"";"";"";"";"";"";"";"";"";"";"";"";"";"";"";"";"";"";"";"";"";"";"";"";"";"";"";"";"";"";"";"";"";"";"";"";"";"";"";"";"";"";"";"";"";"";"";"";"";"";"";"";"";"";"";"";"";"";"";"";"";"";"";""
12.12.2022 06:50:15;1670824215000;880f01e687e2572cea04e80fc6a68085;1161056;OK;1789;0;0;0;0;0,03;0,27;0;0;528;728;"";40,099;6,01;419,998;62,6;20,908;0,86;1,413;0,2;8,263;1,72;6,0;10,82;6,845;10,98;8,761;11,0;979,929;105,31;307,686;39,91;24,104;12,31;3,426;10,35;2,779;10,23;0,519;10,0;2,875;20,034;0,54;18,812;3,67;3,271;0,6;-4,292;2,43;950,034;1,0;"";"";20,093;2,47;77,60601;12,57;"";"";13,0;20,0;13,0;"";"";"";"";"";"";"";"";"";"";"";"";"";"";"";"";"";"";"";"";"";"";"";"";"";"";"";"";"";"";"";"";"";"";"";"";"";"";"";"";"";"";"";"";"";"";"";"";"";"";"";"";"";"";"";"";"";"";"";"";"";"";"";"";""
12.12.2022 06:52:14;1670824334000;880f01e687e2572cea04e80fc6a68085;1161175;OK;1814;0;0;0;0;-0,03;1,34;0;0;525;727;"";41,964;6,29;419,541;62,59;20,902;0,86;1,414;0,2;8,005;1,73;5,608;10,56;6,519;10,96;8,156;11,0;964,9899;103,78;299,769;39,12;26,232;12,62;2,822;10,2;1,843;10,02;0,285;10,0;2,913;20,072;0,54;18,732;3,68;3,264;0,6;-4,318;2,44;950,046;1,0;"";"";20,37;2,46;77,795;12,58;"";"";13,0;20,0;13,0;"";"";"";"";"";"";"";"";"";"";"";"";"";"";"";"";"";"";"";"";"";"";"";"";"";"";"";"";"";"";"";"";"";"";"";"";"";"";"";"";"";"";"";"";"";"";"";"";"";"";"";"";"";"";"";"";"";"";"";"";"";"";"";"";""
12.12.2022 06:54:15;1670824455000;880f01e687e2572cea04e80fc6a68085;1161296;OK;1796;0;0;0;0;-0,03;5,26;0;0;525;726;"";39,867;5,98;420,747;62,62;20,904;0,86;1,415;0,2;7,55;1,75;5,677;10,63;6,838;11,0;7,54;11,0;984,3229;105,7;303,888;39,55;27,236;12,67;1,156;10,02;1,055;10,0;0,029;10,0;2,016;20,09;0,54;18,722;3,68;3,266;0,6;-4,309;2,44;950,056;1,0;"";"";20,567;2,45;76,082;12,49;"";"";13,0;20,0;13,0;"";"";"";"";"";"";"";"";"";"";"";"";"";"";"";"";"";"";"";"";"";"";"";"";"";"";"";"";"";"";"";"";"";"";"";"";"";"";"";"";"";"";"";"";"";"";"";"";"";"";"";"";"";"";"";"";"";"";"";"";"";"";"";"";""
12.12.2022 06:56:15;1670824575000;880f01e687e2572cea04e80fc6a68085;1161416;OK;1788;0;0;0;0;-0,06;-4,12;0;0;522;725;"";40,219;6,03;418,709;62,56;20,904;0,86;1,417;0,2;7,084;1,78;5,289;10,4;6,284;10,73;6,619;10,87;954,84;102,9;296,371;38,86;29,257;12,83;0,512;10,0;0,501;10,0;0,003;10,0;1,671;20,092;0,54;18,619;3,68;3,248;0,6;-4,381;2,46;950,069;1,0;"";"";20,678;2,44;73,634;12,36;"";"";13,0;20,0;13,0;"";"";"";"";"";"";"";"";"";"";"";"";"";"";"";"";"";"";"";"";"";"";"";"";"";"";"";"";"";"";"";"";"";"";"";"";"";"";"";"";"";"";"";"";"";"";"";"";"";"";"";"";"";"";"";"";"";"";"";"";"";"";"";"";""
12.12.2022 06:58:16;1670824696000;880f01e687e2572cea04e80fc6a68085;1161536;OK;1798;0;0;0;0;-0,06;-5,72;0;0;522;725;"";40,279;6,04;418,248;62,55;20,903;0,86;1,416;0,2;6,718;1,79;5,944;10,77;6,785;10,92;7,217;10,97;1038,874;111,08;321,956;41,31;24,207;12,26;0,673;10,0;0,426;10,0;0,0;10,0;1,678;20,08;0,54;18,602;3,68;3,243;0,6;-4,404;2,46;950,089;1,0;"";"";20,536;2,45;71,177;12,23;"";"";13,0;20,0;13,0;"";"";"";"";"";"";"";"";"";"";"";"";"";"";"";"";"";"";"";"";"";"";"";"";"";"";"";"";"";"";"";"";"";"";"";"";"";"";"";"";"";"";"";"";"";"";"";"";"";"";"";"";"";"";"";"";"";"";"";"";"";"";"";"";""
12.12.2022 07:00:18;1670824818000;880f01e687e2572cea04e80fc6a68085;1161659;OK;1785;0;0;0;0;-0,06;-5,74;0;0;522;725;"";40,659;6,1;418,672;62,56;20,903;0,86;1,416;0,2;6,499;1,8;5,15;10,34;6,026;10,73;6,069;10,73;944,0479;101,75;292,359;38,39;24,407;12,41;0,167;10,0;0,042;10,0;0,0;10,0;1,268;20,062;0,54;18,601;3,68;3,239;0,6;-4,419;2,46;950,095;1,0;"";"";20,498;2,45;68,45201;12,09;"";"";13,0;20,0;13,0;"";"";"";"";"";"";"";"";"";"";"";"";"";"";"";"";"";"";"";"";"";"";"";"";"";"";"";"";"";"";"";"";"";"";"";"";"";"";"";"";"";"";"";"";"";"";"";"";"";"";"";"";"";"";"";"";"";"";"";"";"";"";"";"";""
12.12.2022 07:02:17;1670824937000;880f01e687e2572cea04e80fc6a68085;1161777;OK;1799;0;0;0;0;-0,03;-0,14;0;0;522;725;"";38,896;5,83;418,855;62,57;20,903;0,86;1,416;0,2;6,422;1,81;5,133;10,33;6,112;10,71;6,778;10,89;938,408;101,27;293,659;38,57;25,021;12,43;1,347;10,0;1,234;10,0;0,0;10,0;2,062;20,037;0,54;18,602;3,68;3,235;0,6;-4,439;2,46;950,104;1,0;"";"";20,324;2,46;66,103;11,97;"";"";13,0;20,0;13,0;"";"";"";"";"";"";"";"";"";"";"";"";"";"";"";"";"";"";"";"";"";"";"";"";"";"";"";"";"";"";"";"";"";"";"";"";"";"";"";"";"";"";"";"";"";"";"";"";"";"";"";"";"";"";"";"";"";"";"";"";"";"";"";"";""
12.12.2022 07:04:17;1670825057000;880f01e687e2572cea04e80fc6a68085;1161898;OK;1799;0;0;0;0;-0,04;0,28;0;0;522;725;"";38,194;5,73;418,525;62,56;20,911;0,86;1,417;0,2;6,368;1,81;5,424;10,44;6,186;10,88;7,149;10,99;927,702;100,24;291,06;38,28;24,07;12,3;1,241;10,0;1,229;10,0;0,0;10,0;2,338;19,998;0,54;18,604;3,68;3,228;0,6;-4,47;2,46;950,1209;1,0;"";"";20,252;2,46;63,729;11,85;"";"";13,0;20,0;13,0;"";"";"";"";"";"";"";"";"";"";"";"";"";"";"";"";"";"";"";"";"";"";"";"";"";"";"";"";"";"";"";"";"";"";"";"";"";"";"";"";"";"";"";"";"";"";"";"";"";"";"";"";"";"";"";"";"";"";"";"";"";"";"";"";""
12.12.2022 07:06:18;1670825178000;880f01e687e2572cea04e80fc6a68085;1162019;OK;1808;0;0;0;0;-0,05;1,99;0;0;522;725;"";37,358;5,6;418,974;62,57;20,914;0,86;1,416;0,2;6,491;1,8;5,888;10,73;7,38;10,97;7,98;10,98;978,732;105,2;299,805;39,15;28,999;12,8;2,286;10,2;0,818;10,12;0,0;10,0;1,889;19,962;0,54;18,611;3,68;3,222;0,59;-4,494;2,46;950,129;1,0;"";"";20,157;2,47;61,358;11,72;"";"";13,0;20,0;13,0;"";"";"";"";"";"";"";"";"";"";"";"";"";"";"";"";"";"";"";"";"";"";"";"";"";"";"";"";"";"";"";"";"";"";"";"";"";"";"";"";"";"";"";"";"";"";"";"";"";"";"";"";"";"";"";"";"";"";"";"";"";"";"";"";""
12.12.2022 07:08:18;1670825298000;880f01e687e2572cea04e80fc6a68085;1162140;OK;1805;0;0;0;0;-0,05;-0,63;0;0;522;725;"";36,9;5,54;418,27;62,55;20,913;0,86;1,415;0,2;6,791;1,79;5,965;10,87;6,935;10,93;7,65;10,93;988,075;106,04;305,193;39,68;24,351;12,36;1,423;10,06;0,745;10,01;0,423;10,0;1,953;19,924;0,54;18,613;3,68;3,215;0,59;-4,524;2,46;950,128;1,0;"";"";20,111;2,47;59,878;11,65;"";"";13,0;20,0;13,0;"";"";"";"";"";"";"";"";"";"";"";"";"";"";"";"";"";"";"";"";"";"";"";"";"";"";"";"";"";"";"";"";"";"";"";"";"";"";"";"";"";"";"";"";"";"";"";"";"";"";"";"";"";"";"";"";"";"";"";"";"";"";"";"";""
12.12.2022 07:10:17;1670825417000;880f01e687e2572cea04e80fc6a68085;1162259;OK;1789;0;0;0;0;-0,05;4,93;0;0;522;726;"";35,387;5,31;421,268;62,64;20,918;0,86;1,414;0,2;7,148;1,77;5,383;10,46;6,013;10,63;6,349;10,73;895,586;97,11;283,952;37,66;18,398;11,73;0,75;10,05;0,223;10,0;0,045;10,0;1,578;19,888;0,54;18,627;3,68;3,211;0,59;-4,544;2,45;950,14;1,0;"";"";20,206;2,46;59,188;11,61;"";"";13,0;20,0;13,0;"";"";"";"";"";"";"";"";"";"";"";"";"";"";"";"";"";"";"";"";"";"";"";"";"";"";"";"";"";"";"";"";"";"";"";"";"";"";"";"";"";"";"";"";"";"";"";"";"";"";"";"";"";"";"";"";"";"";"";"";"";"";"";"";""
12.12.2022 07:12:18;1670825538000;880f01e687e2572cea04e80fc6a68085;1162379;OK;1805;0;0;0;0;-0,01;5,19;0;0;525;726;"";35,162;5,27;420,765;62,62;20,915;0,86;1,413;0,2;7,657;1,75;6,251;10,83;7,98;10,96;8,82;10,97;1019,555;109,1;318,514;41,02;27,502;12,71;2,695;10,23;0,796;10,04;0,518;10,0;2,103;19,859;0,54;18,705;3,68;3,219;0,59;-4,512;2,44;950,153;1,0;"";"";20,212;2,46;60,182;11,66;"";"";13,0;20,0;13,0;"";"";"";"";"";"";"";"";"";"";"";"";"";"";"";"";"";"";"";"";"";"";"";"";"";"";"";"";"";"";"";"";"";"";"";"";"";"";"";"";"";"";"";"";"";"";"";"";"";"";"";"";"";"";"";"";"";"";"";"";"";"";"";"";""
12.12.2022 07:14:19;1670825659000;880f01e687e2572cea04e80fc6a68085;1162500;OK;1791;0;0;0;0;0,03;4,21;0;0;526;727;"";35,595;5,34;420,681;62,62;20,914;0,86;1,414;0,2;8,19;1,72;5,64;10,6;6,914;10,96;7,331;11,0;904,1909;97,95;280,816;37,32;28,705;12,88;0,9929999;10,02;0,478;10,0;0,053;10,0;1,743;19,853;0,54;18,734;3,68;3,223;0,59;-4,497;2,44;950,156;1,0;"";"";20,383;2,46;62,992;11,81;"";"";13,0;20,0;13,0;"";"";"";"";"";"";"";"";"";"";"";"";"";"";"";"";"";"";"";"";"";"";"";"";"";"";"";"";"";"";"";"";"";"";"";"";"";"";"";"";"";"";"";"";"";"";"";"";"";"";"";"";"";"";"";"";"";"";"";"";"";"";"";"";""
12.12.2022 07:16:20;1670825780000;880f01e687e2572cea04e80fc6a68085;1162621;OK;1808;0;0;0;0;0,06;-1,31;0;0;527;727;"";36,98;5,55;421,31;62,64;20,915;0,86;1,415;0,2;8,851;1,69;5,761;10,76;6,734;10,98;7,393;10,99;972,109;104,51;299,432;39,11;27,696;12,75;1,297;10,0;1,244;10,0;0,006;10,0;1,922;19,884;0,54;18,771;3,68;3,235;0,59;-4,444;2,43;950,173;1,0;"";"";20,622;2,44;67,999;12,07;"";"";13,0;20,0;13,0;"";"";"";"";"";"";"";"";"";"";"";"";"";"";"";"";"";"";"";"";"";"";"";"";"";"";"";"";"";"";"";"";"";"";"";"";"";"";"";"";"";"";"";"";"";"";"";"";"";"";"";"";"";"";"";"";"";"";"";"";"";"";"";"";""
12.12.2022 07:18:21;1670825901000;880f01e687e2572cea04e80fc6a68085;1162742;OK;1790;0;0;0;0;0,07;1,59;0;0;526;727;"";36,458;5,47;420,555;62,62;20,913;0,86;1,415;0,2;9,545;1,66;5,464;10,52;6,505;10,86;6,748;10,87;854,742;93,1;271,958;36,42;23,276;12,18;0,525;10,01;0,185;10,0;0,001;10,0;1,481;19,946;0,54;18,746;3,68;3,243;0,59;-4,411;2,44;950,167;1,0;"";"";20,972;2,43;73,5;12,36;"";"";13,0;20,0;13,0;"";"";"";"";"";"";"";"";"";"";"";"";"";"";"";"";"";"";"";"";"";"";"";"";"";"";"";"";"";"";"";"";"";"";"";"";"";"";"";"";"";"";"";"";"";"";"";"";"";"";"";"";"";"";"";"";"";"";"";"";"";"";"";"";""
12.12.2022 07:20:20;1670826020000;880f01e687e2572cea04e80fc6a68085;1162861;OK;1806;0;0;0;0;0,08;-0,65;0;0;525;727;"";37,084;5,56;420,214;62,61;20,911;0,86;1,415;0,2;9,939;1,64;6,019;10,73;7,307;10,95;7,905;10,98;1008,045;108,0;311,182;40,25;26,973;12,65;0,776;10,0;0,74;10,0;0,0;10,0;1,912;20,012;0,54;18,726;3,68;3,252;0,59;-4,371;2,44;950,166;1,0;"";"";21,348;2,41;78,031;12,59;"";"";13,0;20,0;13,0;"";"";"";"";"";"";"";"";"";"";"";"";"";"";"";"";"";"";"";"";"";"";"";"";"";"";"";"";"";"";"";"";"";"";"";"";"";"";"";"";"";"";"";"";"";"";"";"";"";"";"";"";"";"";"";"";"";"";"";"";"";"";"";"";""
12.12.2022 07:22:20;1670826140000;880f01e687e2572cea04e80fc6a68085;1162981;OK;1796;0;0;0;0;0,03;-5,95;0;0;522;725;"";37,645;5,65;419,527;62,59;20,91;0,86;1,416;0,2;10,002;1,64;5,963;10,67;7,171;10,99;8,177;11,0;956,022;103,01;299,879;39,14;25,499;12,53;1,386;10,11;1,06;10,02;0,322;10,0;2,25;20,065;0,54;18,617;3,68;3,243;0,6;-4,406;2,46;950,168;1,0;"";"";21,774;2,39;80,505;12,72;"";"";13,0;20,0;13,0;"";"";"";"";"";"";"";"";"";"";"";"";"";"";"";"";"";"";"";"";"";"";"";"";"";"";"";"";"";"";"";"";"";"";"";"";"";"";"";"";"";"";"";"";"";"";"";"";"";"";"";"";"";"";"";"";"";"";"";"";"";"";"";"";""
12.12.2022 07:24:22;1670826262000;880f01e687e2572cea04e80fc6a68085;1163103;OK;1799;0;0;0;0;-0,01;2,36;0;0;521;724;"";40,524;6,08;421,116;62,63;20,907;0,86;1,417;0,2;9,942;1,64;5,891;10,73;6,762;10,88;7,209;10,99;972,525;104,57;301,373;39,27;24,379;12,35;0,642;10,01;0,608;10,0;0,033;10,0;1,74;20,1;0,54;18,55;3,68;3,238;0,6;-4,425;2,47;950,156;1,0;"";"";22,01;2,38;80,71;12,73;"";"";13,0;20,0;13,0;"";"";"";"";"";"";"";"";"";"";"";"";"";"";"";"";"";"";"";"";"";"";"";"";"";"";"";"";"";"";"";"";"";"";"";"";"";"";"";"";"";"";"";"";"";"";"";"";"";"";"";"";"";"";"";"";"";"";"";"";"";"";"";"";""
12.12.2022 07:26:22;1670826382000;880f01e687e2572cea04e80fc6a68085;1163222;OK;1813;0;0;0;0;-0,06;4,66;0;0;519;723;"";41,079;6,16;421,43;62,64;20,906;0,86;1,418;0,2;9,627;1,65;4,947;10,22;5,9;10,64;6,221;10,75;902,634;97,72;282,771;37,53;24,949;12,45;0,446;10,0;0,442;10,0;0,104;10,0;1,622;20,123;0,54;18,478;3,68;3,229;0,6;-4,457;2,48;950,14;1,0;"";"";22,118;2,37;79,591;12,67;"";"";13,0;20,0;13,0;"";"";"";"";"";"";"";"";"";"";"";"";"";"";"";"";"";"";"";"";"";"";"";"";"";"";"";"";"";"";"";"";"";"";"";"";"";"";"";"";"";"";"";"";"";"";"";"";"";"";"";"";"";"";"";"";"";"";"";"";"";"";"";"";""
12.12.2022 07:28:22;1670826502000;880f01e687e2572cea04e80fc6a68085;1163343;OK;1804;0;0;0;0;-0,04;2,71;0;0;519;723;"";42,686;6,4;420,569;62,62;20,911;0,86;1,418;0,2;9,336;1,67;5,56;10,64;6,703;10,88;7,327;10,92;979,1409;105,17;302,768;39,44;24,534;12,36;0,923;10,0;0,923;10,0;0,107;10,0;1,942;20,128;0,54;18,47;3,68;3,229;0,6;-4,459;2,48;950,1309;1,0;"";"";22,263;2,36;77,641;12,57;"";"";13,0;20,0;13,0;"";"";"";"";"";"";"";"";"";"";"";"";"";"";"";"";"";"";"";"";"";"";"";"";"";"";"";"";"";"";"";"";"";"";"";"";"";"";"";"";"";"";"";"";"";"";"";"";"";"";"";"";"";"";"";"";"";"";"";"";"";"";"";"";""
12.12.2022 07:30:21;1670826621000;880f01e687e2572cea04e80fc6a68085;1163462;OK;1805;0;0;0;0;-0,03;-6,16;0;0;519;723;"";45,631;6,84;419,862;62,6;20,907;0,86;1,42;0,2;9,057;1,68;5,427;10,44;6,396;10,96;7,152;10,98;949,133;102,31;295,805;38,79;25,281;12,43;2,153;10,21;0,703;10,0;0,011;10,0;2,106;20,115;0,54;18,47;3,68;3,226;0,6;-4,47;2,48;950,144;1,0;"";"";22,184;2,37;75,342;12,45;"";"";13,0;20,0;13,0;"";"";"";"";"";"";"";"";"";"";"";"";"";"";"";"";"";"";"";"";"";"";"";"";"";"";"";"";"";"";"";"";"";"";"";"";"";"";"";"";"";"";"";"";"";"";"";"";"";"";"";"";"";"";"";"";"";"";"";"";"";"";"";"";""
12.12.2022 07:32:22;1670826742000;880f01e687e2572cea04e80fc6a68085;1163583;OK;1787;0;0;0;0;-0,01;-5,23;0;0;519;723;"";47,678;7,15;419,468;62,58;20,912;0,86;1,419;0,2;8,897;1,69;4,633;10,14;5,955;10,73;6,44;10,73;875,5739;95,09;271,575;36,34;25,323;12,49;1,887;10,1;0,531;10,0;0,001;10,0;1,903;20,095;0,54;18,471;3,68;3,223;0,6;-4,486;2,48;950,148;1,0;"";"";22,157;2,37;72,873;12,32;"";"";13,0;20,0;13,0;"";"";"";"";"";"";"";"";"";"";"";"";"";"";"";"";"";"";"";"";"";"";"";"";"";"";"";"";"";"";"";"";"";"";"";"";"";"";"";"";"";"";"";"";"";"";"";"";"";"";"";"";"";"";"";"";"";"";"";"";"";"";"";"";""
12.12.2022 07:34:22;1670826862000;880f01e687e2572cea04e80fc6a68085;1163703;OK;1791;0;0;0;0;-0,03;-4,75;0;0;519;723;"";49,21;7,38;419,076;62,57;20,912;0,86;1,42;0,2;8,856;1,69;5,255;10,36;6,268;10,82;6,477;10,82;948,996;102,28;296,875;38,86;25,82;12,58;0,372;10,01;0,232;10,0;0,0;10,0;1,468;20,067;0,54;18,472;3,68;3,218;0,6;-4,508;2,48;950,1619;1,0;"";"";21,979;2,38;70,819;12,22;"";"";13,0;20,0;13,0;"";"";"";"";"";"";"";"";"";"";"";"";"";"";"";"";"";"";"";"";"";"";"";"";"";"";"";"";"";"";"";"";"";"";"";"";"";"";"";"";"";"";"";"";"";"";"";"";"";"";"";"";"";"";"";"";"";"";"";"";"";"";"";"";""
12.12.2022 07:36:23;1670826983000;880f01e687e2572cea04e80fc6a68085;1163824;OK;1794;0;0;0;0;-0,04;3,42;0;0;519;723;"";49,768;7,47;421,071;62,63;20,911;0,86;1,42;0,2;8,953;1,69;5,118;10,27;6,042;10,76;6,474;10,89;911,666;98,65001;282,021;37,5;25,471;12,49;1,582;10,07;0,024;10,0;0,0;10,0;1,775;20,04;0,54;18,472;3,68;3,213;0,6;-4,53;2,48;950,176;1,0;"";"";21,884;2,38;68,902;12,12;"";"";13,0;20,0;13,0;"";"";"";"";"";"";"";"";"";"";"";"";"";"";"";"";"";"";"";"";"";"";"";"";"";"";"";"";"";"";"";"";"";"";"";"";"";"";"";"";"";"";"";"";"";"";"";"";"";"";"";"";"";"";"";"";"";"";"";"";"";"";"";"";""
12.12.2022 07:38:25;1670827105000;880f01e687e2572cea04e80fc6a68085;1163946;OK;1794;0;0;0;0;-0,05;12,03;0;0;519;723;"";49,027;7,35;423,415;62,7;20,91;0,86;1,42;0,2;9,118;1,68;5,412;10,49;6,59;10,91;7,357;10,99;962,577;103,62;300,172;39,22;32,947;13,24;1,259;10,03;0,843;10,0;0,0;10,0;2,149;19,999;0,54;18,474;3,68;3,205;0,6;-4,562;2,48;950,197;1,0;"";"";21,901;2,38;67,194;12,03;"";"";13,0;20,0;13,0;"";"";"";"";"";"";"";"";"";"";"";"";"";"";"";"";"";"";"";"";"";"";"";"";"";"";"";"";"";"";"";"";"";"";"";"";"";"";"";"";"";"";"";"";"";"";"";"";"";"";"";"";"";"";"";"";"";"";"";"";"";"";"";"";""
12.12.2022 07:40:25;1670827225000;880f01e687e2572cea04e80fc6a68085;1164066;OK;1798;0;0;0;0;-0,05;13,37;0;0;519;723;"";49,64;7,45;423,686;62,71;20,914;0,86;1,421;0,2;9,374;1,67;5,064;10,28;6,235;10,82;6,682;10,96;891,9849;96,72;281,922;37,34;27,552;12,79;0,8190001;10,0;0,776;10,0;0,0;10,0;1,852;19,965;0,54;18,482;3,68;3,2;0,59;-4,584;2,48;950,2119;1,0;"";"";21,82;2,39;66,207;11,98;"";"";13,0;20,0;13,0;"";"";"";"";"";"";"";"";"";"";"";"";"";"";"";"";"";"";"";"";"";"";"";"";"";"";"";"";"";"";"";"";"";"";"";"";"";"";"";"";"";"";"";"";"";"";"";"";"";"";"";"";"";"";"";"";"";"";"";"";"";"";"";"";""
12.12.2022 07:42:26;1670827346000;880f01e687e2572cea04e80fc6a68085;1164187;OK;1794;0;0;0;0;-0,01;6,94;0;0;521;724;"";46,983;7,05;423,763;62,71;20,917;0,86;1,42;0,2;9,777;1,65;6,019;10,73;6,868;10,94;7,632;10,98;975,97;104,89;307,744;39,86;26,053;12,51;1,013;10,06;1,009;10,06;0,0;10,0;2,007;19,928;0,54;18,585;3,68;3,211;0,59;-4,541;2,46;950,209;1,0;"";"";21,866;2,38;65,525;11,94;"";"";13,0;20,0;13,0;"";"";"";"";"";"";"";"";"";"";"";"";"";"";"";"";"";"";"";"";"";"";"";"";"";"";"";"";"";"";"";"";"";"";"";"";"";"";"";"";"";"";"";"";"";"";"";"";"";"";"";"";"";"";"";"";"";"";"";"";"";"";"";"";""
12.12.2022 07:44:26;1670827466000;880f01e687e2572cea04e80fc6a68085;1164306;OK;1810;0;0;0;0;0,02;-1,27;0;0;522;724;"";44,43;6,66;422,639;62,68;20,917;0,86;1,42;0,2;10,336;1,62;5,572;10,55;6,215;10,94;6,482;10,95;893,794;96,96;282,999;37,46;21,494;12,04;0,341;10,01;0,34;10,01;0,0;10,0;1,458;19,896;0,54;18,611;3,68;3,21;0,59;-4,549;2,46;950,2119;1,0;"";"";21,894;2,38;65,479;11,94;"";"";14,681;19,11;45,4;"";"";"";"";"";"";"";"";"";"";"";"";"";"";"";"";"";"";"";"";"";"";"";"";"";"";"";"";"";"";"";"";"";"";"";"";"";"";"";"";"";"";"";"";"";"";"";"";"";"";"";"";"";"";"";"";"";"";"";"";"";"";"";"";""
12.12.2022 07:46:26;1670827586000;880f01e687e2572cea04e80fc6a68085;1164427;OK;1792;0;0;0;0;0,05;-6,58;0;0;524;725;"";42,535;6,38;421,978;62,66;20,914;0,86;1,42;0,2;10,923;1,59;5,747;10,76;6,662;10,97;7,88;10,99;953,288;102,69;294,171;38,58;25,727;12,56;1,823;10,12;1,823;10,12;0,63;10,02;2,404;19,883;0,54;18,689;3,68;3,221;0,59;-4,503;2,45;950,225;1,0;"";"";22,073;2,37;67,253;12,03;"";"";13,179;19,94;13,0;"";"";"";"";"";"";"";"";"";"";"";"";"";"";"";"";"";"";"";"";"";"";"";"";"";"";"";"";"";"";"";"";"";"";"";"";"";"";"";"";"";"";"";"";"";"";"";"";"";"";"";"";"";"";"";"";"";"";"";"";"";"";"";"";""
12.12.2022 07:48:27;1670827707000;880f01e687e2572cea04e80fc6a68085;1164548;OK;1800;0;0;0;0;0,06;-0,86;0;0;526;725;"";40,988;6,15;424,52;62,74;20,917;0,86;1,42;0,2;11,665;1,58;5,25;10,33;6,616;10,94;7,181;10,94;919,682;99,42;282,395;37,47;24,172;12,39;0,979;10,14;0,584;10,01;0,46;10,0;1,893;19,892;0,54;18,731;3,68;3,23;0,59;-4,467;2,44;950,2199;1,0;"";"";22,415;2,36;71,441;12,25;"";"";13,018;19,99;13,0;"";"";"";"";"";"";"";"";"";"";"";"";"";"";"";"";"";"";"";"";"";"";"";"";"";"";"";"";"";"";"";"";"";"";"";"";"";"";"";"";"";"";"";"";"";"";"";"";"";"";"";"";"";"";"";"";"";"";"";"";"";"";"";"";""
12.12.2022 07:50:27;1670827827000;880f01e687e2572cea04e80fc6a68085;1164668;OK;1794;0;0;0;0;0,13;6,66;0;0;528;727;"";39,75;5,96;424,377;62,73;20,918;0,86;1,42;0,2;12,453;1,62;5,909;10,74;7,915;10,99;8,277;10,99;1023,429;109,57;316,448;40,75;32,869;13,2;1,215;10,13;0,496;10,0;0,048;10,0;1,676;19,94;0,54;18,833;3,68;3,256;0,59;-4,355;2,43;950,241;1,0;"";"";22,928;2,33;77,1;12,55;"";"";13,002;20,0;13,0;"";"";"";"";"";"";"";"";"";"";"";"";"";"";"";"";"";"";"";"";"";"";"";"";"";"";"";"";"";"";"";"";"";"";"";"";"";"";"";"";"";"";"";"";"";"";"";"";"";"";"";"";"";"";"";"";"";"";"";"";"";"";"";"";""
12.12.2022 07:52:27;1670827947000;880f01e687e2572cea04e80fc6a68085;1164788;OK;1791;0;0;0;0;0,15;10,5;0;0;529;727;"";41,399;6,21;426,079;62,78;20,913;0,86;1,421;0,2;13,088;1,65;6,352;10,77;7,891;10,97;8,884;11,0;1037,954;110,93;322,403;41,38;37,247;13,65;2,359;10,12;1,037;10,0;0,005;10,0;2,255;20,01;0,54;18,845;3,67;3,272;0,59;-4,289;2,42;950,25;1,0;"";"";23,451;2,31;82,42801;12,82;"";"";13,0;20,0;13,0;"";"";"";"";"";"";"";"";"";"";"";"";"";"";"";"";"";"";"";"";"";"";"";"";"";"";"";"";"";"";"";"";"";"";"";"";"";"";"";"";"";"";"";"";"";"";"";"";"";"";"";"";"";"";"";"";"";"";"";"";"";"";"";"";""
12.12.2022 07:54:28;1670828068000;880f01e687e2572cea04e80fc6a68085;1164908;OK;1793;0;0;0;0;0,13;7,85;0;0;527;726;"";41,006;6,15;426,563;62,8;20,909;0,86;1,422;0,2;13,401;1,66;5,388;10,46;6,7;10,82;6,968;10,83;959,349;103,31;299,045;39,09;34,763;13,5;0,979;10,01;0,19;10,0;0,001;10,0;1,55;20,074;0,54;18,794;3,67;3,275;0,6;-4,271;2,43;950,258;1,0;"";"";23,897;2,28;86,06;13,01;"";"";13,0;20,0;13,0;"";"";"";"";"";"";"";"";"";"";"";"";"";"";"";"";"";"";"";"";"";"";"";"";"";"";"";"";"";"";"";"";"";"";"";"";"";"";"";"";"";"";"";"";"";"";"";"";"";"";"";"";"";"";"";"";"";"";"";"";"";"";"";"";""
12.12.2022 07:56:28;1670828188000;880f01e687e2572cea04e80fc6a68085;1165029;OK;1799;0;0;0;0;0,04;5,75;0;0;525;725;"";41,331;6,2;426,368;62,79;20,91;0,86;1,423;0,2;13,455;1,67;4,806;10,14;6,4;10,76;7,191;10,85;894,595;97,01;282,332;37,45;23,714;12,43;2,601;10,16;1,448;10,0;0,0;10,0;2,267;20,122;0,54;18,731;3,68;3,273;0,6;-4,278;2,44;950,288;1,0;"";"";24,311;2,26;88,358;13,13;"";"";13,0;20,0;13,0;"";"";"";"";"";"";"";"";"";"";"";"";"";"";"";"";"";"";"";"";"";"";"";"";"";"";"";"";"";"";"";"";"";"";"";"";"";"";"";"";"";"";"";"";"";"";"";"";"";"";"";"";"";"";"";"";"";"";"";"";"";"";"";"";""
12.12.2022 07:58:29;1670828309000;880f01e687e2572cea04e80fc6a68085;1165150;OK;1799;0;0;0;0;0,01;8,98;0;0;525;724;"";41,515;6,23;429,502;62,89;20,907;0,86;1,425;0,2;13,284;1,66;5,192;10,33;6,418;10,8;6,91;10,85;934,087;100,85;294,214;38,64;21,752;12,09;1,65;10,09;0,404;10,0;0,0;10,0;1,813;20,148;0,54;18,721;3,68;3,277;0,6;-4,263;2,44;950,299;1,0;"";"";24,617;2,25;89,07599;13,17;"";"";13,0;20,0;13,0;"";"";"";"";"";"";"";"";"";"";"";"";"";"";"";"";"";"";"";"";"";"";"";"";"";"";"";"";"";"";"";"";"";"";"";"";"";"";"";"";"";"";"";"";"";"";"";"";"";"";"";"";"";"";"";"";"";"";"";"";"";"";"";"";""
12.12.2022 08:00:29;1670828429000;880f01e687e2572cea04e80fc6a68085;1165270;OK;1783;0;0;0;0;0,01;12,31;0;0;525;724;"";42,21;6,33;429,956;62,9;20,911;0,86;1,425;0,2;13,091;1,65;6,491;10,92;7,279;10,98;8,039;10,98;1022,853;109,5;320,53;41,14;24,316;12,33;1,834;10,07;0,968;10,06;0,155;10,0;1,922;20,168;0,54;18,719;3,68;3,28;0,6;-4,248;2,44;950,327;1,0;"";"";24,849;2,24;88,5;13,14;"";"";13,0;20,0;13,0;"";"";"";"";"";"";"";"";"";"";"";"";"";"";"";"";"";"";"";"";"";"";"";"";"";"";"";"";"";"";"";"";"";"";"";"";"";"";"";"";"";"";"";"";"";"";"";"";"";"";"";"";"";"";"";"";"";"";"";"";"";"";"";"";""
12.12.2022 08:02:29;1670828549000;880f01e687e2572cea04e80fc6a68085;1165390;OK;1800;0;0;0;0;0,03;8,64;0;0;525;724;"";42,162;6,32;429,336;62,88;20,909;0,86;1,426;0,2;12,767;1,63;5,866;10,75;6,988;11,0;7,591;11,0;984,676;105,75;305,566;39,63;31,422;13,18;1,238;10,04;1,149;10,04;0,016;10,0;1,876;20,176;0,54;18,719;3,68;3,282;0,6;-4,241;2,44;950,364;1,0;"";"";24,914;2,23;87,058;13,06;"";"";13,0;20,0;13,0;"";"";"";"";"";"";"";"";"";"";"";"";"";"";"";"";"";"";"";"";"";"";"";"";"";"";"";"";"";"";"";"";"";"";"";"";"";"";"";"";"";"";"";"";"";"";"";"";"";"";"";"";"";"";"";"";"";"";"";"";"";"";"";"";""
12.12.2022 08:04:30;1670828670000;880f01e687e2572cea04e80fc6a68085;1165511;OK;1790;0;0;0;0;0,02;-0,16;0;0;526;724;"";41,769;6,27;429,933;62,9;20,91;0,86;1,427;0,2;12,506;1,62;5,617;10,62;7,061;11,0;8,022;11,0;989,2529;106,16;306,112;39,75;30,857;13,01;2,127;10,11;0,8690001;10,0;0,17;10,0;2,251;20,176;0,54;18,74;3,68;3,286;0,6;-4,226;2,44;950,3839;1,0;"";"";25,032;2,23;85,476;12,98;"";"";13,0;20,0;13,0;"";"";"";"";"";"";"";"";"";"";"";"";"";"";"";"";"";"";"";"";"";"";"";"";"";"";"";"";"";"";"";"";"";"";"";"";"";"";"";"";"";"";"";"";"";"";"";"";"";"";"";"";"";"";"";"";"";"";"";"";"";"";"";"";""
12.12.2022 08:06:29;1670828789000;880f01e687e2572cea04e80fc6a68085;1165631;OK;1801;0;0;0;0;0,05;1,95;0;0;527;725;"";41,711;6,26;431,103;62,93;20,913;0,86;1,428;0,2;12,363;1,61;5,105;10,3;6,218;10,69;6,926;10,86;925,9069;100,0;286,388;37,8;24,765;12,38;1,774;10,1;1,29;10,0;0,018;10,0;2,117;20,173;0,54;18,816;3,67;3,298;0,6;-4,174;2,43;950,382;1,0;"";"";25,038;2,23;83,638;12,88;"";"";13,0;20,0;13,0;"";"";"";"";"";"";"";"";"";"";"";"";"";"";"";"";"";"";"";"";"";"";"";"";"";"";"";"";"";"";"";"";"";"";"";"";"";"";"";"";"";"";"";"";"";"";"";"";"";"";"";"";"";"";"";"";"";"";"";"";"";"";"";"";""
12.12.2022 08:08:30;1670828910000;880f01e687e2572cea04e80fc6a68085;1165751;OK;1792;0;0;0;0;0,06;8,55;0;0;528;725;"";43,875;6,58;432,876;62,99;20,916;0,86;1,428;0,2;12,359;1,61;4,83;10,07;5,454;10,38;6,072;10,72;839,276;91,63;262,3;35,48;17,502;11,7;0,83;10,01;0,78;10,0;0,002;10,0;2,007;20,162;0,54;18,838;3,67;3,3;0,6;-4,168;2,43;950,39;1,0;"";"";24,91;2,24;82,115;12,81;"";"";13,0;20,0;13,0;"";"";"";"";"";"";"";"";"";"";"";"";"";"";"";"";"";"";"";"";"";"";"";"";"";"";"";"";"";"";"";"";"";"";"";"";"";"";"";"";"";"";"";"";"";"";"";"";"";"";"";"";"";"";"";"";"";"";"";"";"";"";"";"";""
12.12.2022 08:10:30;1670829030000;880f01e687e2572cea04e80fc6a68085;1165871;OK;1787;0;0;0;0;0,03;5,94;0;0;529;725;"";44,183;6,63;431,715;62,95;20,913;0,86;1,429;0,2;12,332;1,61;4,756;10,01;5,36;10,48;5,705;10,56;814,05;89,2;256,739;34,93;18,092;11,66;0,585;10,0;0,58;10,0;0,0;10,0;1,627;20,145;0,54;18,845;3,67;3,298;0,6;-4,177;2,43;950,416;1,0;"";"";24,84;2,24;81,181;12,76;"";"";13,0;20,0;13,0;"";"";"";"";"";"";"";"";"";"";"";"";"";"";"";"";"";"";"";"";"";"";"";"";"";"";"";"";"";"";"";"";"";"";"";"";"";"";"";"";"";"";"";"";"";"";"";"";"";"";"";"";"";"";"";"";"";"";"";"";"";"";"";"";""
12.12.2022 08:12:32;1670829152000;880f01e687e2572cea04e80fc6a68085;1165992;OK;1800;0;0;0;0;0,04;3,47;0;0;532;726;"";43,945;6,59;432,677;62,98;20,922;0,86;1,428;0,2;12,442;1,61;4,976;10,12;5,458;10,39;6,583;10,91;871,2589;94,8;270,931;36,35;17,948;11,78;2,059;10,1;1,27;10,02;0,0;10,0;2,59;20,13;0,54;18,953;3,67;3,314;0,6;-4,114;2,41;950,4279;1,0;"";"";24,803;2,24;80,30101;12,71;"";"";13,0;20,0;13,0;"";"";"";"";"";"";"";"";"";"";"";"";"";"";"";"";"";"";"";"";"";"";"";"";"";"";"";"";"";"";"";"";"";"";"";"";"";"";"";"";"";"";"";"";"";"";"";"";"";"";"";"";"";"";"";"";"";"";"";"";"";"";"";"";""
12.12.2022 08:14:31;1670829271000;880f01e687e2572cea04e80fc6a68085;1166112;OK;1781;0;0;0;0;0,05;1,02;0;0;532;726;"";44,853;6,73;432,213;62,97;20,922;0,86;1,428;0,2;12,712;1,63;5,217;10,32;5,886;10,71;6,978;10,93;915,228;99,00001;283,126;37,53;23,136;12,23;1,721;10,08;1,629;10,07;0,0;10,0;2,479;20,109;0,54;18,974;3,67;3,314;0,6;-4,115;2,41;950,431;1,0;"";"";24,841;2,24;79,14;12,65;"";"";13,0;20,0;13,0;"";"";"";"";"";"";"";"";"";"";"";"";"";"";"";"";"";"";"";"";"";"";"";"";"";"";"";"";"";"";"";"";"";"";"";"";"";"";"";"";"";"";"";"";"";"";"";"";"";"";"";"";"";"";"";"";"";"";"";"";"";"";"";"";""
12.12.2022 08:16:32;1670829392000;880f01e687e2572cea04e80fc6a68085;1166232;OK;1799;0;0;0;0;0,07;-0,8;0;0;534;727;"";45,69;6,85;431,479;62,94;20,918;0,86;1,428;0,2;12,953;1,64;5,411;10,52;7,55;10,89;7,837;10,95;941,8921;101,59;295,9;38,74;34,36;13,35;3,445;10,3;0,201;10,01;0,0;10,0;1,725;20,088;0,54;19,069;3,67;3,326;0,6;-4,066;2,39;950,439;1,0;"";"";24,812;2,24;78,333;12,61;"";"";13,0;20,0;13,0;"";"";"";"";"";"";"";"";"";"";"";"";"";"";"";"";"";"";"";"";"";"";"";"";"";"";"";"";"";"";"";"";"";"";"";"";"";"";"";"";"";"";"";"";"";"";"";"";"";"";"";"";"";"";"";"";"";"";"";"";"";"";"";"";""
12.12.2022 08:18:33;1670829513000;880f01e687e2572cea04e80fc6a68085;1166354;OK;1779;0;0;0;0;0,04;3,4;0;0;535;728;"";45,753;6,86;434,096;63,02;20,912;0,86;1,428;0,2;13,242;1,66;4,892;10,06;6,106;10,85;6,919;10,99;855,637;93,16001;263,789;35,65;23,986;12,3;2,136;10,08;1,132;10,0;0,323;10,0;2,275;20,068;0,54;19,092;3,67;3,326;0,59;-4,067;2,39;950,4459;1,0;"";"";24,888;2,24;77,949;12,59;"";"";13,0;20,0;13,0;"";"";"";"";"";"";"";"";"";"";"";"";"";"";"";"";"";"";"";"";"";"";"";"";"";"";"";"";"";"";"";"";"";"";"";"";"";"";"";"";"";"";"";"";"";"";"";"";"";"";"";"";"";"";"";"";"";"";"";"";"";"";"";"";""
12.12.2022 08:20:32;1670829632000;880f01e687e2572cea04e80fc6a68085;1166472;OK;1799;0;0;0;0;0,06;5,88;0;0;538;729;"";46,591;6,99;433,244;63,0;20,911;0,86;1,427;0,2;13,637;1,68;5,293;10,35;6,023;10,82;7,54;10,97;878,116;95,35;273,271;36,55;22,626;12,22;3,73;10,4;2,674;10,25;0,034;10,0;2,739;20,048;0,54;19,181;3,67;3,338;0,59;-4,022;2,38;950,455;1,0;"";"";24,968;2,23;77,903;12,59;"";"";13,0;20,0;13,0;"";"";"";"";"";"";"";"";"";"";"";"";"";"";"";"";"";"";"";"";"";"";"";"";"";"";"";"";"";"";"";"";"";"";"";"";"";"";"";"";"";"";"";"";"";"";"";"";"";"";"";"";"";"";"";"";"";"";"";"";"";"";"";"";""
12.12.2022 08:22:32;1670829752000;880f01e687e2572cea04e80fc6a68085;1166593;OK;1790;0;0;0;0;0,04;1,47;0;0;539;729;"";46,54;6,98;432,517;62,98;20,913;0,86;1,427;0,2;13,977;1,7;4,335;10,04;4,574;10,17;5,117;10,32;741,2069;82,13;230,947;32,43;17,2;11,78;0,832;10,08;0,519;10,03;0,004;10,0;1,789;20,032;0,54;19,214;3,67;3,34;0,59;-4,012;2,37;950,4569;1,0;"";"";25,02;2,23;78,06;12,6;"";"";13,0;20,0;13,0;"";"";"";"";"";"";"";"";"";"";"";"";"";"";"";"";"";"";"";"";"";"";"";"";"";"";"";"";"";"";"";"";"";"";"";"";"";"";"";"";"";"";"";"";"";"";"";"";"";"";"";"";"";"";"";"";"";"";"";"";"";"";"";"";""
12.12.2022 08:24:31;1670829871000;880f01e687e2572cea04e80fc6a68085;1166712;OK;1803;0;0;0;0;0,08;-0,08;0;0;541;730;"";47,34;7,1;434,623;63,04;20,915;0,86;1,428;0,2;14,375;1,72;5,102;10,31;5,737;10,77;6,963;10,88;851,968;92,83;267,062;35,94;24,783;12,5;1,668;10,01;1,634;10,0;0,615;10,0;2,548;20,026;0,54;19,312;3,66;3,356;0,59;-3,949;2,36;950,463;1,0;"";"";25,131;2,22;79,485;12,67;"";"";13,0;20,0;13,0;"";"";"";"";"";"";"";"";"";"";"";"";"";"";"";"";"";"";"";"";"";"";"";"";"";"";"";"";"";"";"";"";"";"";"";"";"";"";"";"";"";"";"";"";"";"";"";"";"";"";"";"";"";"";"";"";"";"";"";"";"";"";"";"";""
12.12.2022 08:26:32;1670829992000;880f01e687e2572cea04e80fc6a68085;1166833;OK;1799;0;0;0;0;0,09;6,52;0;0;543;730;"";47,861;7,18;434,735;63,04;20,911;0,86;1,43;0,2;14,873;1,74;4,442;10,08;5,449;10,43;5,81;10,6;867,4459;94,33001;274,36;36,69;21,249;12,04;0,517;10,0;0,169;10,0;0,063;10,0;1,746;20,034;0,54;19,379;3,66;3,369;0,59;-3,896;2,35;950,472;1,0;"";"";25,367;2,21;82,928;12,85;"";"";13,0;20,0;13,0;"";"";"";"";"";"";"";"";"";"";"";"";"";"";"";"";"";"";"";"";"";"";"";"";"";"";"";"";"";"";"";"";"";"";"";"";"";"";"";"";"";"";"";"";"";"";"";"";"";"";"";"";"";"";"";"";"";"";"";"";"";"";"";"";""
12.12.2022 08:28:34;1670830114000;880f01e687e2572cea04e80fc6a68085;1166954;OK;1803;0;0;0;0;0,14;5,52;0;0;545;731;"";49,026;7,35;434,123;63,02;20,913;0,86;1,43;0,2;15,354;1,77;4,598;10,07;5,255;10,35;5,292;10,37;832,0709;90,91001;257,748;35,08;16,742;11,59;0,053;10,0;0,017;10,0;0,007;10,0;1,232;20,073;0,54;19,457;3,66;3,391;0,59;-3,81;2,34;950,4769;1,0;"";"";25,707;2,2;87,474;13,09;"";"";13,0;20,0;13,0;"";"";"";"";"";"";"";"";"";"";"";"";"";"";"";"";"";"";"";"";"";"";"";"";"";"";"";"";"";"";"";"";"";"";"";"";"";"";"";"";"";"";"";"";"";"";"";"";"";"";"";"";"";"";"";"";"";"";"";"";"";"";"";"";""
12.12.2022 08:30:34;1670830234000;880f01e687e2572cea04e80fc6a68085;1167075;OK;1805;0;0;0;0;0,14;-9,3;0;0;545;731;"";50,847;7,63;431,57;62,95;20,912;0,86;1,431;0,2;15,759;1,79;4,876;10,19;5,6;10,52;5,604;10,52;874,692;95,1;268,778;36,18;24,249;12,35;0,006;10,0;0,002;10,0;0,001;10,0;1,195;20,126;0,54;19,464;3,66;3,402;0,59;-3,761;2,34;950,463;1,0;"";"";25,968;2,19;91,658;13,3;"";"";13,0;20,0;13,0;"";"";"";"";"";"";"";"";"";"";"";"";"";"";"";"";"";"";"";"";"";"";"";"";"";"";"";"";"";"";"";"";"";"";"";"";"";"";"";"";"";"";"";"";"";"";"";"";"";"";"";"";"";"";"";"";"";"";"";"";"";"";"";"";""
12.12.2022 08:32:35;1670830355000;880f01e687e2572cea04e80fc6a68085;1167196;OK;1802;0;0;0;0;0,12;-8,78;0;0;545;730;"";51,916;7,79;432,245;62,97;20,911;0,86;1,431;0,2;15,957;1,8;4,542;10,05;5,22;10,32;5,652;10,66;822,369;89,95;255,863;34,9;21,241;12,11;1,064;10,0;1,064;10,0;0,0;10,0;1,8;20,175;0,54;19,463;3,66;3,412;0,6;-3,722;2,34;950,492;1,0;"";"";26,199;2,2;94,49;13,45;"";"";13,0;20,0;13,0;"";"";"";"";"";"";"";"";"";"";"";"";"";"";"";"";"";"";"";"";"";"";"";"";"";"";"";"";"";"";"";"";"";"";"";"";"";"";"";"";"";"";"";"";"";"";"";"";"";"";"";"";"";"";"";"";"";"";"";"";"";"";"";"";""
12.12.2022 08:34:36;1670830476000;880f01e687e2572cea04e80fc6a68085;1167317;OK;1796;0;0;0;0;0,08;-0,04;0;0;545;730;"";52,166;7,82;433,74;63,01;20,914;0,86;1,432;0,2;15,965;1,8;4,036;10,01;4,711;10,18;5,539;10,58;812,3079;89,01;249,805;34,3;16,514;11,54;1,153;10,0;1,153;10,0;0,16;10,0;2,477;20,223;0,54;19,457;3,66;3,421;0,6;-3,686;2,34;950,54;1,0;"";"";26,51;2,21;95,871;13,52;"";"";13,0;20,0;13,0;"";"";"";"";"";"";"";"";"";"";"";"";"";"";"";"";"";"";"";"";"";"";"";"";"";"";"";"";"";"";"";"";"";"";"";"";"";"";"";"";"";"";"";"";"";"";"";"";"";"";"";"";"";"";"";"";"";"";"";"";"";"";"";"";""
12.12.2022 08:36:37;1670830597000;880f01e687e2572cea04e80fc6a68085;1167437;OK;1796;0;0;0;0;0,07;8,62;0;0;545;730;"";53,762;8,06;433,89;63,02;20,919;0,86;1,434;0,2;15,804;1,79;3,46;10,0;4,481;10,12;4,574;10,17;764,746;84,38;235,763;32,98;20,364;11,97;0,925;10,0;0,119;10,0;0,017;10,0;1,479;20,255;0,54;19,453;3,66;3,426;0,6;-3,662;2,34;950,563;1,0;"";"";26,708;2,22;96,126;13,54;"";"";13,0;20,0;13,0;"";"";"";"";"";"";"";"";"";"";"";"";"";"";"";"";"";"";"";"";"";"";"";"";"";"";"";"";"";"";"";"";"";"";"";"";"";"";"";"";"";"";"";"";"";"";"";"";"";"";"";"";"";"";"";"";"";"";"";"";"";"";"";"";""
12.12.2022 08:38:36;1670830716000;880f01e687e2572cea04e80fc6a68085;1167556;OK;1790;0;0;0;0;0,05;5,66;0;0;545;729;"";54,483;8,17;434,762;63,04;20,917;0,86;1,435;0,2;15,539;1,78;4,054;10,12;5,155;10,29;5,945;10,56;826,545;90,39001;258,906;35,18;26,456;12,58;1,421;10,15;0,617;10,0;0,002;10,0;2,356;20,274;0,54;19,452;3,66;3,43;0,6;-3,647;2,34;950,578;1,0;"";"";26,876;2,23;96,004;13,53;"";"";24,262;16,01;74,1;"";"";"";"";"";"";"";"";"";"";"";"";"";"";"";"";"";"";"";"";"";"";"";"";"";"";"";"";"";"";"";"";"";"";"";"";"";"";"";"";"";"";"";"";"";"";"";"";"";"";"";"";"";"";"";"";"";"";"";"";"";"";"";"";""
12.12.2022 08:40:36;1670830836000;880f01e687e2572cea04e80fc6a68085;1167677;OK;1791;1;0;0;0;0,08;26,87;0;0;548;730;"";51,773;7,77;444,966;63,35;20,919;0,86;1,435;0,2;15,334;1,77;4,288;10,09;5,079;10,21;5,606;10,3;778,066;85,66001;244,81;33,76;19,124;11,84;0,832;10,1;0,313;10,0;0,0;10,0;1,869;20,281;0,54;19,561;3,65;3,451;0,6;-3,566;2,33;950,6049;1,0;"";"";26,927;2,23;98,162;13,64;"";"";14,751;19,38;69,3;"";"";"";"";"";"";"";"";"";"";"";"";"";"";"";"";"";"";"";"";"";"";"";"";"";"";"";"";"";"";"";"";"";"";"";"";"";"";"";"";"";"";"";"";"";"";"";"";"";"";"";"";"";"";"";"";"";"";"";"";"";"";"";"";""
12.12.2022 08:42:36;1670830956000;880f01e687e2572cea04e80fc6a68085;1167797;OK;1791;1;0;0;0;0,13;48,23;0;0;551;731;"";52,438;7,87;449,744;63,49;20,919;0,86;1,435;0,2;15,131;1,76;4,551;10,03;5,425;10,51;5,757;10,61;836,879;91,4;258,641;35,14;23,094;12,28;0,954;10,01;0,032;10,0;0,0;10,0;1,672;20,275;0,54;19,675;3,65;3,469;0,6;-3,494;2,31;950,6269;1,0;"";"";27,09;2,24;93,36;13,39;"";"";13,181;19,94;13,0;"";"";"";"";"";"";"";"";"";"";"";"";"";"";"";"";"";"";"";"";"";"";"";"";"";"";"";"";"";"";"";"";"";"";"";"";"";"";"";"";"";"";"";"";"";"";"";"";"";"";"";"";"";"";"";"";"";"";"";"";"";"";"";"";""
12.12.2022 08:44:36;1670831076000;880f01e687e2572cea04e80fc6a68085;1167917;OK;1814;1;0;0;0;0,11;42,44;0;0;551;731;"";58,05;8,71;449,845;63,5;20,919;0,86;1,437;0,2;14,982;1,75;4,271;10,0;5,177;10,25;5,213;10,27;775,146;85,42;243,667;33,62;24,983;12,47;0,102;10,0;0,003;10,0;0,0;10,0;1,31;20,27;0,54;19,693;3,65;3,472;0,6;-3,486;2,31;950,65;1,0;"";"";27,072;2,24;90,739;13,26;"";"";13,019;19,99;13,0;"";"";"";"";"";"";"";"";"";"";"";"";"";"";"";"";"";"";"";"";"";"";"";"";"";"";"";"";"";"";"";"";"";"";"";"";"";"";"";"";"";"";"";"";"";"";"";"";"";"";"";"";"";"";"";"";"";"";"";"";"";"";"";"";""
12.12.2022 08:46:38;1670831198000;880f01e687e2572cea04e80fc6a68085;1168039;OK;1796;0;0;0;0;0,04;9,31;0;0;551;731;"";57,618;8,64;449,097;63,47;20,918;0,86;1,437;0,2;14,948;1,75;4,165;10,0;4,752;10,09;5,185;10,41;781,705;86,05;241,59;33,49;15,989;11,6;1,002;10,0;0,9929999;10,0;0,0;10,0;1,85;20,267;0,54;19,695;3,65;3,471;0,6;-3,487;2,31;950,665;1,0;"";"";27,032;2,24;89,753;13,2;"";"";13,002;20,0;13,0;"";"";"";"";"";"";"";"";"";"";"";"";"";"";"";"";"";"";"";"";"";"";"";"";"";"";"";"";"";"";"";"";"";"";"";"";"";"";"";"";"";"";"";"";"";"";"";"";"";"";"";"";"";"";"";"";"";"";"";"";"";"";"";"";""
12.12.2022 08:48:37;1670831317000;880f01e687e2572cea04e80fc6a68085;1168158;OK;1804;0;0;0;0;-0,0;-7,29;0;0;551;731;"";58,983;8,85;447,063;63,41;20,919;0,86;1,438;0,2;14,985;1,75;4,155;10,0;4,804;10,1;5,479;10,54;781,865;86,04;242,893;33,69;13,654;11,33;1,284;10,0;1,13;10,0;0,0;10,0;2,155;20,265;0,54;19,696;3,65;3,471;0,6;-3,488;2,31;950,6729;1,0;"";"";26,95;2,23;89,365;13,18;"";"";13,0;20,0;13,0;"";"";"";"";"";"";"";"";"";"";"";"";"";"";"";"";"";"";"";"";"";"";"";"";"";"";"";"";"";"";"";"";"";"";"";"";"";"";"";"";"";"";"";"";"";"";"";"";"";"";"";"";"";"";"";"";"";"";"";"";"";"";"";"";""
12.12.2022 08:50:38;1670831438000;880f01e687e2572cea04e80fc6a68085;1168278;OK;1802;0;0;0;0;-0,0;-15,16;0;0;551;731;"";59,634;8,95;444,437;63,33;20,918;0,86;1,438;0,2;15,039;1,75;4,256;10,0;4,663;10,12;5,369;10,44;782,6859;86,05;236,449;33,05;14,28;11,25;1,341;10,0;1,325;10,0;0,0;10,0;2,237;20,263;0,54;19,696;3,65;3,471;0,6;-3,49;2,31;950,702;1,0;"";"";26,925;2,23;88,74801;13,15;"";"";13,0;20,0;13,0;"";"";"";"";"";"";"";"";"";"";"";"";"";"";"";"";"";"";"";"";"";"";"";"";"";"";"";"";"";"";"";"";"";"";"";"";"";"";"";"";"";"";"";"";"";"";"";"";"";"";"";"";"";"";"";"";"";"";"";"";"";"";"";"";""
12.12.2022 08:52:37;1670831557000;880f01e687e2572cea04e80fc6a68085;1168399;OK;1804;0;0;0;0;-0,0;-15,46;0;0;551;731;"";58,975;8,85;444,358;63,33;20,917;0,86;1,438;0,2;15,188;1,76;4,461;10,05;4,862;10,08;5,412;10,49;797,474;87,5;244,656;33,85;15,651;11,38;0,859;10,0;0,147;10,0;0,0;10,0;1,94;20,258;0,54;19,698;3,65;3,47;0,6;-3,492;2,31;950,7429;1,0;"";"";26,859;2,23;88,05301;13,12;"";"";13,0;20,0;13,0;"";"";"";"";"";"";"";"";"";"";"";"";"";"";"";"";"";"";"";"";"";"";"";"";"";"";"";"";"";"";"";"";"";"";"";"";"";"";"";"";"";"";"";"";"";"";"";"";"";"";"";"";"";"";"";"";"";"";"";"";"";"";"";"";""
12.12.2022 08:54:38;1670831678000;880f01e687e2572cea04e80fc6a68085;1168519;OK;1799;0;0;0;0;0,03;-4,7;0;0;554;731;"";60,101;9,02;445,326;63,36;20,916;0,86;1,439;0,2;15,411;1,77;3,882;10,0;4,539;10,05;5,785;10,53;801,39;87,89001;245,85;33,9;17,886;11,7;1,615;10,06;1,408;10,06;0,0;10,0;2,846;20,253;0,54;19,782;3,65;3,484;0,6;-3,44;2,3;950,758;1,0;"";"";26,676;2,22;87,47001;13,09;"";"";13,0;20,0;13,0;"";"";"";"";"";"";"";"";"";"";"";"";"";"";"";"";"";"";"";"";"";"";"";"";"";"";"";"";"";"";"";"";"";"";"";"";"";"";"";"";"";"";"";"";"";"";"";"";"";"";"";"";"";"";"";"";"";"";"";"";"";"";"";"";""
12.12.2022 08:56:39;1670831799000;880f01e687e2572cea04e80fc6a68085;1168640;OK;1789;0;0;0;0;0,06;-6,64;0;0;555;732;"";61,04;9,16;441,438;63,24;20,915;0,86;1,439;0,2;15,603;1,78;4,142;10,0;4,742;10,07;4,94;10,15;788,93;86,73;242,281;33,64;20,51;12,0;0,3;10,01;0,145;10,01;0,0;10,0;1,457;20,246;0,54;19,82;3,65;3,489;0,6;-3,419;2,3;950,762;1,0;"";"";26,555;2,21;87,461;13,09;"";"";13,0;20,0;13,0;"";"";"";"";"";"";"";"";"";"";"";"";"";"";"";"";"";"";"";"";"";"";"";"";"";"";"";"";"";"";"";"";"";"";"";"";"";"";"";"";"";"";"";"";"";"";"";"";"";"";"";"";"";"";"";"";"";"";"";"";"";"";"";"";""
12.12.2022 08:58:39;1670831919000;880f01e687e2572cea04e80fc6a68085;1168760;OK;1791;0;0;0;0;0,05;-4,59;0;0;555;732;"";60,232;9,03;444,069;63,32;20,914;0,86;1,44;0,2;15,826;1,79;4,277;10,05;5,375;10,4;5,561;10,47;849,637;92,56;263,863;35,64;21,518;12,02;0,748;10,0;0,15;10,0;0,135;10,0;1,585;20,232;0,54;19,827;3,65;3,487;0,59;-3,427;2,29;950,774;1,0;"";"";26,52;2,21;87,222;13,07;"";"";13,0;20,0;13,0;"";"";"";"";"";"";"";"";"";"";"";"";"";"";"";"";"";"";"";"";"";"";"";"";"";"";"";"";"";"";"";"";"";"";"";"";"";"";"";"";"";"";"";"";"";"";"";"";"";"";"";"";"";"";"";"";"";"";"";"";"";"";"";"";""
12.12.2022 09:00:39;1670832039000;880f01e687e2572cea04e80fc6a68085;1168880;OK;1796;0;0;0;0;0,01;-0,98;0;0;555;732;"";61,52;9,23;444,58;63,34;20,914;0,86;1,44;0,2;15,997;1,8;4,359;10,0;5,055;10,2;5,397;10,46;788,336;86,68;242,085;33,51;19,035;11,73;0,537;10,0;0,321;10,0;0,319;10,0;1,69;20,221;0,54;19,848;3,65;3,489;0,59;-3,421;2,29;950,8039;1,0;"";"";26,575;2,22;86,849;13,06;"";"";13,0;20,0;13,0;"";"";"";"";"";"";"";"";"";"";"";"";"";"";"";"";"";"";"";"";"";"";"";"";"";"";"";"";"";"";"";"";"";"";"";"";"";"";"";"";"";"";"";"";"";"";"";"";"";"";"";"";"";"";"";"";"";"";"";"";"";"";"";"";""
12.12.2022 09:02:39;1670832159000;880f01e687e2572cea04e80fc6a68085;1169000;OK;1792;0;0;0;0;0,04;13,76;0;0;558;733;"";61,871;9,28;445,934;63,38;20,912;0,86;1,44;0,2;16,209;1,81;5,011;10,18;5,827;10,72;6,5;10,83;922,895;99,75;283,27;37,56;18,426;11,79;1,27;10,0;0,8780001;10,0;0,691;10,0;2,035;20,208;0,54;19,941;3,65;3,502;0,59;-3,37;2,28;950,828;1,0;"";"";26,653;2,22;86,854;13,06;"";"";13,0;20,0;13,0;"";"";"";"";"";"";"";"";"";"";"";"";"";"";"";"";"";"";"";"";"";"";"";"";"";"";"";"";"";"";"";"";"";"";"";"";"";"";"";"";"";"";"";"";"";"";"";"";"";"";"";"";"";"";"";"";"";"";"";"";"";"";"";"";""
12.12.2022 09:04:40;1670832280000;880f01e687e2572cea04e80fc6a68085;1169121;OK;1774;0;0;0;0;0,05;3,01;0;0;558;733;"";62,631;9,39;445,181;63,36;20,915;0,86;1,44;0,2;16,432;1,83;4,685;10,03;5,395;10,39;5,776;10,6;855,359;93,2;264,318;35,71;14,77;11,54;0,511;10,02;0,472;10,02;0,069;10,0;1,7;20,192;0,54;19,955;3,65;3,502;0,59;-3,373;2,28;950,8369;1,0;"";"";26,757;2,22;86,57801;13,04;"";"";13,0;20,0;13,0;"";"";"";"";"";"";"";"";"";"";"";"";"";"";"";"";"";"";"";"";"";"";"";"";"";"";"";"";"";"";"";"";"";"";"";"";"";"";"";"";"";"";"";"";"";"";"";"";"";"";"";"";"";"";"";"";"";"";"";"";"";"";"";"";""
12.12.2022 09:06:40;1670832400000;880f01e687e2572cea04e80fc6a68085;1169241;OK;1820;0;0;0;0;0,03;5,32;0;0;558;733;"";64,684;9,7;446,553;63,4;20,915;0,86;1,44;0,2;16,599;1,83;4,235;10,0;4,966;10,11;5,826;10,57;787,018;86,51999;247,391;34,05;18,667;11,83;1,891;10,17;1,887;10,17;0,007;10,0;2,322;20,182;0,54;19,957;3,65;3,5;0,59;-3,38;2,28;950,843;1,0;"";"";26,695;2,22;86,268;13,03;"";"";29,238;14,59;74,0;"";"";"";"";"";"";"";"";"";"";"";"";"";"";"";"";"";"";"";"";"";"";"";"";"";"";"";"";"";"";"";"";"";"";"";"";"";"";"";"";"";"";"";"";"";"";"";"";"";"";"";"";"";"";"";"";"";"";"";"";"";"";"";"";""
12.12.2022 09:08:41;1670832521000;880f01e687e2572cea04e80fc6a68085;1169362;OK;1807;0;0;0;0;0,09;21,62;0;0;564;735;"";64,948;9,74;453,863;63,62;20,91;0,86;1,44;0,2;16,841;1,85;4,533;10,02;5,566;10,56;7,322;10,92;858,374;93,45;262,779;35,58;24,512;12,41;2,235;10,23;2,234;10,23;0,119;10,0;3,22;20,172;0,54;20,178;3,64;3,537;0,59;-3,241;2,25;950,849;1,0;"";"";26,858;2,23;88,783;13,16;"";"";58,745;5,65;83,0;"";"";"";"";"";"";"";"";"";"";"";"";"";"";"";"";"";"";"";"";"";"";"";"";"";"";"";"";"";"";"";"";"";"";"";"";"";"";"";"";"";"";"";"";"";"";"";"";"";"";"";"";"";"";"";"";"";"";"";"";"";"";"";"";""
12.12.2022 09:10:40;1670832640000;880f01e687e2572cea04e80fc6a68085;1169481;OK;1799;1;0;0;0;0,3;41,23;0;0;575;738;"";70,021;10,5;459,54;63,79;20,911;0,86;1,441;0,2;17,267;1,87;4,369;10,04;5,063;10,26;6,166;10,73;854,34;93,04;265,895;35,81;17,112;11,66;1,408;10,08;1,408;10,08;0,013;10,0;2,599;20,185;0,54;20,613;3,63;3,616;0,59;-2,944;2,2;950,856;1,0;"";"";27,176;2,25;93,959;13,43;"";"";19,628;17,64;59,1;"";"";"";"";"";"";"";"";"";"";"";"";"";"";"";"";"";"";"";"";"";"";"";"";"";"";"";"";"";"";"";"";"";"";"";"";"";"";"";"";"";"";"";"";"";"";"";"";"";"";"";"";"";"";"";"";"";"";"";"";"";"";"";"";""
12.12.2022 09:12:43;1670832763000;880f01e687e2572cea04e80fc6a68085;1169604;OK;1787;1;0;0;0;0,47;24,8;0;0;582;739;"";74,906;11,24;454,629;63,64;20,913;0,86;1,442;0,2;17,568;1,89;4,302;10,06;4,782;10,12;5,228;10,28;869,518;94,53;270,212;36,3;17,202;11,67;0,503;10,06;0,503;10,06;0,189;10,0;1,715;20,229;0,54;20,851;3,62;3,667;0,59;-2,752;2,17;950,886;1,0;"";"";27,721;2,27;100,041;13,74;"";"";13,661;19,77;13,0;"";"";"";"";"";"";"";"";"";"";"";"";"";"";"";"";"";"";"";"";"";"";"";"";"";"";"";"";"";"";"";"";"";"";"";"";"";"";"";"";"";"";"";"";"";"";"";"";"";"";"";"";"";"";"";"";"";"";"";"";"";"";"";"";""
12.12.2022 09:14:42;1670832882000;880f01e687e2572cea04e80fc6a68085;1169723;OK;1775;0;0;0;0;0,45;-1,99;0;0;585;740;"";76,89701;11,53;456,113;63,68;20,913;0,86;1,442;0,2;17,677;1,89;4,199;10,08;4,655;10,14;5,182;10,32;825,75;90,33;255,724;34,84;14,22;11,27;1,206;10,03;0,277;10,01;0,019;10,0;1,981;20,279;0,54;20,997;3,62;3,703;0,59;-2,616;2,15;950,883;1,0;"";"";28,276;2,3;104,537;13,98;"";"";13,068;19,98;13,0;"";"";"";"";"";"";"";"";"";"";"";"";"";"";"";"";"";"";"";"";"";"";"";"";"";"";"";"";"";"";"";"";"";"";"";"";"";"";"";"";"";"";"";"";"";"";"";"";"";"";"";"";"";"";"";"";"";"";"";"";"";"";"";"";""
12.12.2022 09:16:43;1670833003000;880f01e687e2572cea04e80fc6a68085;1169844;OK;1804;0;0;0;0;0,31;4,28;0;0;587;740;"";81,194;12,18;460,569;63,82;20,914;0,86;1,443;0,2;17,634;1,89;4,185;10,01;5,142;10,25;6,605;10,88;831,582;90,86;258,754;35,09;23,614;12,3;2,833;10,22;1,587;10,0;0,002;10,0;3,096;20,329;0,54;21,054;3,62;3,724;0,59;-2,537;2,15;950,8759;1,0;"";"";28,647;2,32;107,821;14,15;"";"";13,007;20,0;13,0;"";"";"";"";"";"";"";"";"";"";"";"";"";"";"";"";"";"";"";"";"";"";"";"";"";"";"";"";"";"";"";"";"";"";"";"";"";"";"";"";"";"";"";"";"";"";"";"";"";"";"";"";"";"";"";"";"";"";"";"";"";"";"";"";""
12.12.2022 09:18:43;1670833123000;880f01e687e2572cea04e80fc6a68085;1169964;OK;1788;1;0;0;0;0,27;33,95;0;0;591;740;"";85,95901;12,89;466,106;63,98;20,915;0,86;1,444;0,2;17,405;1,88;4,716;10,17;5,779;10,62;6,24;10,78;846,725;92,25;266,967;35,94;21,023;11,99;1,443;10,02;0,335;10,0;0,0;10,0;1,879;20,384;0,54;21,229;3,61;3,767;0,59;-2,38;2,13;950,898;1,0;"";"";28,88;2,33;110,797;14,3;"";"";13,001;20,0;13,0;"";"";"";"";"";"";"";"";"";"";"";"";"";"";"";"";"";"";"";"";"";"";"";"";"";"";"";"";"";"";"";"";"";"";"";"";"";"";"";"";"";"";"";"";"";"";"";"";"";"";"";"";"";"";"";"";"";"";"";"";"";"";"";"";""
12.12.2022 09:20:42;1670833242000;880f01e687e2572cea04e80fc6a68085;1170083;OK;1812;1;0;0;0;0,3;39,41;0;0;597;741;"";88,94401;13,34;469,078;64,07;20,916;0,86;1,445;0,2;17,095;1,86;4,535;10,16;5,035;10,35;5,581;10,45;793,261;87,16001;247,862;34,09;13,06;11,18;0,724;10,04;0,583;10,04;0,246;10,0;1,824;20,422;0,54;21,429;3,61;3,811;0,59;-2,222;2,11;950,916;1,0;"";"";29,024;2,34;112,884;14,41;"";"";13,0;20,0;13,0;"";"";"";"";"";"";"";"";"";"";"";"";"";"";"";"";"";"";"";"";"";"";"";"";"";"";"";"";"";"";"";"";"";"";"";"";"";"";"";"";"";"";"";"";"";"";"";"";"";"";"";"";"";"";"";"";"";"";"";"";"";"";"";"";""
12.12.2022 09:22:44;1670833364000;880f01e687e2572cea04e80fc6a68085;1170204;OK;1803;1;0;0;0;0,33;28,83;0;0;601;741;"";92,522;13,88;471,534;64,15;20,913;0,86;1,447;0,2;16,706;1,84;4,857;10,27;5,647;10,6;5,814;10,66;919,082;99,33001;288,673;38,11;21,215;11,99;0,223;10,0;0,208;10,0;0,025;10,0;1,436;20,461;0,54;21,576;3,6;3,846;0,59;-2,096;2,09;950,931;1,0;"";"";29,069;2,34;114,122;14,47;"";"";13,0;20,0;13,0;"";"";"";"";"";"";"";"";"";"";"";"";"";"";"";"";"";"";"";"";"";"";"";"";"";"";"";"";"";"";"";"";"";"";"";"";"";"";"";"";"";"";"";"";"";"";"";"";"";"";"";"";"";"";"";"";"";"";"";"";"";"";"";"";""
12.12.2022 09:24:43;1670833483000;880f01e687e2572cea04e80fc6a68085;1170324;OK;1797;0;0;0;0;0,32;16,06;0;0;605;742;"";93,15101;13,97;472,807;64,18;20,908;0,86;1,448;0,2;16,328;1,82;4,608;10,09;5,432;10,41;5,931;10,55;844,459;92,1;259,941;35,23;22,886;12,18;0,884;10,04;0,308;10,02;0,003;10,0;1,853;20,496;0,54;21,735;3,6;3,882;0,59;-1,967;2,07;950,9459;1,0;"";"";28,979;2,34;114,937;14,51;"";"";13,0;20,0;13,0;"";"";"";"";"";"";"";"";"";"";"";"";"";"";"";"";"";"";"";"";"";"";"";"";"";"";"";"";"";"";"";"";"";"";"";"";"";"";"";"";"";"";"";"";"";"";"";"";"";"";"";"";"";"";"";"";"";"";"";"";"";"";"";"";""
12.12.2022 09:26:43;1670833603000;880f01e687e2572cea04e80fc6a68085;1170443;OK;1822;0;0;0;0;0,26;17,72;0;0;606;742;"";97,001;14,55;475,658;64,27;20,909;0,86;1,448;0,2;15,939;1,8;5,589;10,6;6,952;10,83;7,145;10,86;1007,976;108,0;314,853;40,64;25,681;12,45;1,476;10,04;0,315;10,0;0,0;10,0;1,492;20,524;0,54;21,777;3,6;3,896;0,59;-1,917;2,07;950,9589;1,0;"";"";28,954;2,34;115,924;14,56;"";"";15,908;18,92;74,4;"";"";"";"";"";"";"";"";"";"";"";"";"";"";"";"";"";"";"";"";"";"";"";"";"";"";"";"";"";"";"";"";"";"";"";"";"";"";"";"";"";"";"";"";"";"";"";"";"";"";"";"";"";"";"";"";"";"";"";"";"";"";"";"";""
12.12.2022 09:28:43;1670833723000;880f01e687e2572cea04e80fc6a68085;1170564;OK;1790;0;0;0;0;0,11;20,79;0;0;604;740;"";106,863;16,03;479,378;64,38;20,905;0,86;1,45;0,2;15,466;1,77;5,447;10,48;6,279;10,7;7,034;10,98;924,552;99,87;289,09;38,07;18,931;11,87;1,759;10,13;1,138;10,04;0,0;10,0;2,139;20,553;0,54;21,709;3,6;3,891;0,59;-1,936;2,08;950,968;1,0;"";"";28,657;2,32;116,162;14,57;"";"";14,014;19,6;72,4;"";"";"";"";"";"";"";"";"";"";"";"";"";"";"";"";"";"";"";"";"";"";"";"";"";"";"";"";"";"";"";"";"";"";"";"";"";"";"";"";"";"";"";"";"";"";"";"";"";"";"";"";"";"";"";"";"";"";"";"";"";"";"";"";""
12.12.2022 09:30:44;1670833844000;880f01e687e2572cea04e80fc6a68085;1170685;OK;1796;1;0;0;0;0,04;44,02;0;0;605;732;"";108,328;16,25;489,131;64,67;20,904;0,86;1,45;0,2;14,972;1,75;4,046;10,05;4,846;10,15;5,212;10,31;810,9;88,87;248,097;34,13;17,995;11,69;1,214;10,08;0,782;10,07;0,0;10,0;1,771;20,585;0,54;21,729;3,6;3,902;0,59;-1,896;2,07;950,986;1,0;"";"";28,37;2,31;116,326;14,58;"";"";13,105;19,96;13,0;"";"";"";"";"";"";"";"";"";"";"";"";"";"";"";"";"";"";"";"";"";"";"";"";"";"";"";"";"";"";"";"";"";"";"";"";"";"";"";"";"";"";"";"";"";"";"";"";"";"";"";"";"";"";"";"";"";"";"";"";"";"";"";"";""
12.12.2022 09:32:45;1670833965000;880f01e687e2572cea04e80fc6a68085;1170805;OK;1789;1;0;0;0;0,07;55,84;0;0;606;726;"";111,862;16,78;495,09;64,85;20,906;0,86;1,452;0,2;14,503;1,72;3,95;10,04;5,047;10,26;5,725;10,4;814,765;89,3;255,96;34,84;23,002;12,21;1,406;10,12;1,362;10,12;0,0;10,0;2,22;20,617;0,54;21,774;3,6;3,917;0,59;-1,842;2,07;951,009;1,0;"";"";28,115;2,29;115,325;14,53;"";"";13,011;20,0;13,0;"";"";"";"";"";"";"";"";"";"";"";"";"";"";"";"";"";"";"";"";"";"";"";"";"";"";"";"";"";"";"";"";"";"";"";"";"";"";"";"";"";"";"";"";"";"";"";"";"";"";"";"";"";"";"";"";"";"";"";"";"";"";"";"";""
12.12.2022 09:34:45;1670834085000;880f01e687e2572cea04e80fc6a68085;1170925;OK;1800;1;0;0;0;0,12;48,88;0;0;606;723;"";112,337;16,85;497,805;64,93;20,905;0,86;1,453;0,2;14,196;1,71;5,025;10,25;5,862;10,81;6,224;10,86;888,499;96,46;280,379;37,3;17,068;11,71;0,465;10,02;0,461;10,02;0,0;10,0;1,641;20,639;0,54;21,768;3,6;3,921;0,59;-1,827;2,07;951,036;1,0;"";"";27,78;2,28;113,83;14,45;"";"";14,025;19,61;69,0;"";"";"";"";"";"";"";"";"";"";"";"";"";"";"";"";"";"";"";"";"";"";"";"";"";"";"";"";"";"";"";"";"";"";"";"";"";"";"";"";"";"";"";"";"";"";"";"";"";"";"";"";"";"";"";"";"";"";"";"";"";"";"";"";""
12.12.2022 09:36:45;1670834205000;880f01e687e2572cea04e80fc6a68085;1171046;OK;1798;1;0;0;0;0,07;25,0;0;0;606;723;"";116,384;17,46;497,297;64,92;20,907;0,86;1,453;0,2;13,807;1,69;5,165;10,35;6,13;10,79;6,504;10,86;883,882;95,95;279,192;37,09;20,356;11,96;0,619;10,03;0,352;10,03;0,0;10,0;1,692;20,658;0,54;21,783;3,6;3,928;0,6;-1,801;2,07;951,043;1,0;"";"";27,336;2,25;112,532;14,38;"";"";13,106;19,96;13,0;"";"";"";"";"";"";"";"";"";"";"";"";"";"";"";"";"";"";"";"";"";"";"";"";"";"";"";"";"";"";"";"";"";"";"";"";"";"";"";"";"";"";"";"";"";"";"";"";"";"";"";"";"";"";"";"";"";"";"";"";"";"";"";"";""
12.12.2022 09:38:45;1670834325000;880f01e687e2572cea04e80fc6a68085;1171166;OK;1783;1;0;0;0;0,13;24,15;0;0;610;717;"";116,89;17,53;504,507;65,14;20,905;0,86;1,455;0,2;13,427;1,67;4,49;10,28;5,652;10,58;6,129;10,73;914,932;98,9;281,042;37,31;23,635;12,3;0,414;10,0;0,386;10,0;0,35;10,0;2,002;20,674;0,54;21,959;3,59;3,963;0,59;-1,678;2,05;951,053;1,0;"";"";27,052;2,24;111,848;14,35;"";"";13,011;20,0;13,0;"";"";"";"";"";"";"";"";"";"";"";"";"";"";"";"";"";"";"";"";"";"";"";"";"";"";"";"";"";"";"";"";"";"";"";"";"";"";"";"";"";"";"";"";"";"";"";"";"";"";"";"";"";"";"";"";"";"";"";"";"";"";"";"";""
12.12.2022 09:40:46;1670834446000;880f01e687e2572cea04e80fc6a68085;1171286;OK;1795;1;0;0;0;0,23;58,46;0;0;614;706;"";122,536;18,38;518,253;65,55;20,902;0,86;1,456;0,2;13,127;1,65;4,611;10,07;5,49;10,54;6,047;10,73;862,78;93,93001;255,83;34,85;21,622;12,06;0,796;10,0;0,793;10,0;0,789;10,0;1,955;20,691;0,54;22,124;3,59;3,997;0,59;-1,562;2,03;951,056;1,0;"";"";26,817;2,23;110,847;14,29;"";"";14,488;19,53;74,3;"";"";"";"";"";"";"";"";"";"";"";"";"";"";"";"";"";"";"";"";"";"";"";"";"";"";"";"";"";"";"";"";"";"";"";"";"";"";"";"";"";"";"";"";"";"";"";"";"";"";"";"";"";"";"";"";"";"";"";"";"";"";"";"";""
12.12.2022 09:42:45;1670834565000;880f01e687e2572cea04e80fc6a68085;1171406;OK;1781;1;0;0;0;0,21;72,47;0;0;615;701;"";125,518;18,83;523,119;65,69;20,906;0,86;1,456;0,2;12,85;1,64;5,03;10,25;6,305;10,72;7,059;10,87;910,762;98,52;284,468;37,66;21,722;12,11;1,195;10,06;0,83;10,0;0,081;10,0;2,178;20,701;0,54;22,14;3,59;4,002;0,59;-1,544;2,03;951,061;1,0;"";"";26,6;2,22;109,62;14,23;"";"";13,153;19,95;13,0;"";"";"";"";"";"";"";"";"";"";"";"";"";"";"";"";"";"";"";"";"";"";"";"";"";"";"";"";"";"";"";"";"";"";"";"";"";"";"";"";"";"";"";"";"";"";"";"";"";"";"";"";"";"";"";"";"";"";"";"";"";"";"";"";""
12.12.2022 09:44:48;1670834688000;880f01e687e2572cea04e80fc6a68085;1171528;OK;1792;1;0;0;0;0,08;42,8;0;0;614;703;"";126,171;18,93;521,139;65,63;20,903;0,86;1,457;0,2;12,575;1,62;5,013;10,19;5,742;10,56;6,271;10,81;889,501;96,46;280,063;37,2;20,894;11,98;1,156;10,04;0,465;10,0;0,008;10,0;1,884;20,711;0,54;22,094;3,59;3,996;0,6;-1,564;2,04;951,0679;1,0;"";"";26,156;2,19;108,985;14,2;"";"";13,015;20,0;13,0;"";"";"";"";"";"";"";"";"";"";"";"";"";"";"";"";"";"";"";"";"";"";"";"";"";"";"";"";"";"";"";"";"";"";"";"";"";"";"";"";"";"";"";"";"";"";"";"";"";"";"";"";"";"";"";"";"";"";"";"";"";"";"";"";""
12.12.2022 09:46:48;1670834808000;880f01e687e2572cea04e80fc6a68085;1171649;OK;1794;0;0;0;0;-0,05;-3,02;0;0;612;703;"";125,569;18,84;519,727;65,59;20,904;0,86;1,457;0,2;12,321;1,61;4,752;10,33;5,774;10,54;7,278;10,8;865,293;94,08;267,908;36,02;24,143;12,4;3,012;10,33;1,146;10,01;0,001;10,0;3,089;20,727;0,54;22,019;3,59;3,986;0,6;-1,597;2,04;951,075;1,0;"";"";25,705;2,2;108,181;14,15;"";"";13,002;20,0;13,0;"";"";"";"";"";"";"";"";"";"";"";"";"";"";"";"";"";"";"";"";"";"";"";"";"";"";"";"";"";"";"";"";"";"";"";"";"";"";"";"";"";"";"";"";"";"";"";"";"";"";"";"";"";"";"";"";"";"";"";"";"";"";"";"";""
12.12.2022 09:48:47;1670834927000;880f01e687e2572cea04e80fc6a68085;1171768;OK;1790;0;0;0;0;-0,05;2,18;0;0;612;699;"";126,394;18,96;524,331;65,73;20,905;0,86;1,457;0,2;12,127;1,6;4,806;10,22;5,357;10,47;5,96;10,6;872,299;94,89;269,518;36,25;18,998;11,8;0,889;10,1;0,475;10,0;0,131;10,0;1,886;20,733;0,54;22,027;3,59;3,989;0,6;-1,587;2,04;951,088;1,0;"";"";25,387;2,21;107,304;14,11;"";"";13,0;20,0;13,0;"";"";"";"";"";"";"";"";"";"";"";"";"";"";"";"";"";"";"";"";"";"";"";"";"";"";"";"";"";"";"";"";"";"";"";"";"";"";"";"";"";"";"";"";"";"";"";"";"";"";"";"";"";"";"";"";"";"";"";"";"";"";"";"";""
12.12.2022 09:50:48;1670835048000;880f01e687e2572cea04e80fc6a68085;1171889;OK;1793;0;0;0;0;-0,03;11,69;0;0;610;700;"";126,695;19,0;523,164;65,69;20,905;0,86;1,457;0,2;12,062;1,59;5,418;10,48;6,985;10,85;7,408;10,96;928,319;100,27;289,17;38,13;25,518;12,5;1,026;10,02;0,243;10,0;0,014;10,0;1,839;20,747;0,54;21,962;3,59;3,981;0,6;-1,615;2,05;951,111;1,0;"";"";25,084;2,23;105,817;14,03;"";"";13,0;20,0;13,0;"";"";"";"";"";"";"";"";"";"";"";"";"";"";"";"";"";"";"";"";"";"";"";"";"";"";"";"";"";"";"";"";"";"";"";"";"";"";"";"";"";"";"";"";"";"";"";"";"";"";"";"";"";"";"";"";"";"";"";"";"";"";"";"";""
12.12.2022 09:52:48;1670835168000;880f01e687e2572cea04e80fc6a68085;1172009;OK;1798;0;0;0;0;-0,05;20,59;0;0;607;696;"";128,79;19,32;526,724;65,8;20,904;0,86;1,457;0,2;12,141;1,6;5,31;10,54;6,051;10,7;6,714;10,81;934,919;100,92;290,113;38,19;24,035;12,33;1,14;10,0;0,619;10,0;0,001;10,0;2,021;20,767;0,54;21,858;3,59;3,966;0,6;-1,664;2,06;951,116;1,0;"";"";24,794;2,24;105,027;13,99;"";"";13,075;19,96;30,2;"";"";"";"";"";"";"";"";"";"";"";"";"";"";"";"";"";"";"";"";"";"";"";"";"";"";"";"";"";"";"";"";"";"";"";"";"";"";"";"";"";"";"";"";"";"";"";"";"";"";"";"";"";"";"";"";"";"";"";"";"";"";"";"";""
12.12.2022 09:54:49;1670835289000;880f01e687e2572cea04e80fc6a68085;1172130;OK;1798;0;0;0;0;-0,1;-1,44;0;0;605;699;"";126,258;18,94;522,719;65,68;20,907;0,86;1,458;0,2;12,157;1,6;4,869;10,27;5,649;10,52;5,832;10,59;896,027;97,13;281,174;37,37;20,355;12,01;1,17;10,0;0,06400001;10,0;0,0;10,0;1,473;20,78;0,54;21,775;3,59;3,954;0,6;-1,705;2,07;951,112;1,0;"";"";24,594;2,25;103,76;13,92;"";"";13,008;20,0;13,0;"";"";"";"";"";"";"";"";"";"";"";"";"";"";"";"";"";"";"";"";"";"";"";"";"";"";"";"";"";"";"";"";"";"";"";"";"";"";"";"";"";"";"";"";"";"";"";"";"";"";"";"";"";"";"";"";"";"";"";"";"";"";"";"";""
12.12.2022 09:56:47;1670835407000;880f01e687e2572cea04e80fc6a68085;1172248;OK;1801;0;0;0;0;-0,1;-21,46;0;0;604;702;"";126,685;19,0;517,626;65,53;20,909;0,86;1,458;0,2;12,195;1,6;4,763;10,11;5,473;10,52;5,998;10,79;891,008;96,68;271,626;36,38;22,459;12,21;1,383;10,03;0,392;10,0;0,0;10,0;1,975;20,798;0,54;21,701;3,6;3,945;0,6;-1,736;2,08;951,108;1,0;"";"";24,333;2,27;102,587;13,86;"";"";13,001;20,0;13,0;"";"";"";"";"";"";"";"";"";"";"";"";"";"";"";"";"";"";"";"";"";"";"";"";"";"";"";"";"";"";"";"";"";"";"";"";"";"";"";"";"";"";"";"";"";"";"";"";"";"";"";"";"";"";"";"";"";"";"";"";"";"";"";"";""
12.12.2022 09:58:48;1670835528000;880f01e687e2572cea04e80fc6a68085;1172369;OK;1799;0;0;0;0;-0,05;-24,68;0;0;604;700;"";127,926;19,19;520,406;65,61;20,908;0,86;1,459;0,2;12,245;1,6;4,466;10,06;5,002;10,25;5,49;10,44;817,905;89,65;250,036;34,3;14,021;11,37;0,694;10,06;0,57;10,04;0,0;10,0;1,747;20,81;0,54;21,713;3,6;3,95;0,6;-1,718;2,08;951,133;1,0;"";"";24,192;2,27;101,794;13,82;"";"";13,0;20,0;13,0;"";"";"";"";"";"";"";"";"";"";"";"";"";"";"";"";"";"";"";"";"";"";"";"";"";"";"";"";"";"";"";"";"";"";"";"";"";"";"";"";"";"";"";"";"";"";"";"";"";"";"";"";"";"";"";"";"";"";"";"";"";"";"";"";""
12.12.2022 10:00:48;1670835648000;880f01e687e2572cea04e80fc6a68085;1172489;OK;1786;1;0;0;0;0,01;26,54;0;0;604;691;"";132,956;19,94;529,5609;65,89;20,909;0,86;1,459;0,2;12,357;1,61;4,488;10,04;5,244;10,4;5,499;10,42;839,291;91,58;254,192;34,69;16,123;11,42;0,86;10,01;0,05900001;10,0;0,0;10,0;1,524;20,819;0,54;21,722;3,6;3,954;0,6;-1,705;2,08;951,166;1,0;"";"";24,089;2,28;101,596;13,81;"";"";13,479;19,85;68,80001;"";"";"";"";"";"";"";"";"";"";"";"";"";"";"";"";"";"";"";"";"";"";"";"";"";"";"";"";"";"";"";"";"";"";"";"";"";"";"";"";"";"";"";"";"";"";"";"";"";"";"";"";"";"";"";"";"";"";"";"";"";"";"";"";""
12.12.2022 10:02:48;1670835768000;880f01e687e2572cea04e80fc6a68085;1172609;OK;1788;1;0;0;0;0,04;38,67;0;0;604;692;"";129,126;19,37;528,494;65,85;20,908;0,86;1,459;0,2;12,448;1,61;4,438;10,02;5,213;10,34;5,255;10,35;900,2219;97,53;272,436;36,49;16,511;11,47;0,089;10,0;0,006;10,0;0,0;10,0;1,273;20,827;0,54;21,737;3,59;3,958;0,6;-1,689;2,07;951,195;1,0;"";"";24,076;2,28;101,106;13,78;"";"";13,049;19,98;13,0;"";"";"";"";"";"";"";"";"";"";"";"";"";"";"";"";"";"";"";"";"";"";"";"";"";"";"";"";"";"";"";"";"";"";"";"";"";"";"";"";"";"";"";"";"";"";"";"";"";"";"";"";"";"";"";"";"";"";"";"";"";"";"";"";""
12.12.2022 10:04:48;1670835888000;880f01e687e2572cea04e80fc6a68085;1172729;OK;1782;0;0;0;0;0,05;12,07;0;0;605;695;"";129,448;19,42;525,934;65,78;20,91;0,86;1,46;0,2;12,517;1,62;4,435;10,0;5,052;10,18;5,056;10,18;819,551;89,78;253,103;34,53;16,067;11,48;0,009;10,0;0,001;10,0;0,0;10,0;1,184;20,841;0,54;21,776;3,59;3,969;0,6;-1,652;2,07;951,2199;1,0;"";"";24,129;2,28;101,091;13,78;"";"";13,005;20,0;13,0;"";"";"";"";"";"";"";"";"";"";"";"";"";"";"";"";"";"";"";"";"";"";"";"";"";"";"";"";"";"";"";"";"";"";"";"";"";"";"";"";"";"";"";"";"";"";"";"";"";"";"";"";"";"";"";"";"";"";"";"";"";"";"";"";""
12.12.2022 10:06:49;1670836009000;880f01e687e2572cea04e80fc6a68085;1172850;OK;1798;0;0;0;0;0,04;-6,65;0;0;605;691;"";131,354;19,7;529,947;65,9;20,908;0,86;1,46;0,2;12,607;1,62;4,237;10,02;4,861;10,21;5,451;10,51;808,245;88,56;248,205;34,12;18,53;11,8;0,766;10,0;0,655;10,0;0,0;10,0;2,049;20,853;0,54;21,75;3,59;3,967;0,6;-1,659;2,07;951,227;1,0;"";"";24,118;2,28;100,669;13,76;"";"";13,001;20,0;13,0;"";"";"";"";"";"";"";"";"";"";"";"";"";"";"";"";"";"";"";"";"";"";"";"";"";"";"";"";"";"";"";"";"";"";"";"";"";"";"";"";"";"";"";"";"";"";"";"";"";"";"";"";"";"";"";"";"";"";"";"";"";"";"";"";""
12.12.2022 10:08:51;1670836131000;880f01e687e2572cea04e80fc6a68085;1172972;OK;1785;0;0;0;0;-0,02;-9,35;0;0;603;696;"";130,304;19,55;523,128;65,69;20,908;0,86;1,46;0,2;12,703;1,63;5,229;10,42;6,296;10,82;7,319;10,85;900,5759;97,62;281,465;37,35;22,943;12,23;1,695;10,07;1,392;10,0;0,323;10,0;2,375;20,867;0,54;21,659;3,6;3,953;0,6;-1,704;2,08;951,24;1,0;"";"";24,087;2,28;100,051;13,73;"";"";13,0;20,0;13,0;"";"";"";"";"";"";"";"";"";"";"";"";"";"";"";"";"";"";"";"";"";"";"";"";"";"";"";"";"";"";"";"";"";"";"";"";"";"";"";"";"";"";"";"";"";"";"";"";"";"";"";"";"";"";"";"";"";"";"";"";"";"";"";"";""
12.12.2022 10:10:50;1670836250000;880f01e687e2572cea04e80fc6a68085;1173091;OK;1816;0;0;0;0;0,02;-5,56;0;0;606;692;"";133,701;20,06;528,546;65,86;20,905;0,86;1,461;0,2;12,758;1,63;5,252;10,5;6,019;10,69;6,721;10,82;953,5629;102,73;292,298;38,37;19,028;11,84;0,995;10,01;0,81;10,0;0,034;10,0;2,031;20,879;0,54;21,81;3,59;3,984;0,6;-1,599;2,07;951,246;1,0;"";"";24,11;2,28;100,141;13,73;"";"";13,0;20,0;13,0;"";"";"";"";"";"";"";"";"";"";"";"";"";"";"";"";"";"";"";"";"";"";"";"";"";"";"";"";"";"";"";"";"";"";"";"";"";"";"";"";"";"";"";"";"";"";"";"";"";"";"";"";"";"";"";"";"";"";"";"";"";"";"";"";""
12.12.2022 10:12:51;1670836371000;880f01e687e2572cea04e80fc6a68085;1173212;OK;1789;1;0;0;0;0,09;33,67;0;0;607;682;"";135,358;20,3;539,435;66,18;20,905;0,86;1,461;0,2;12,923;1,64;4,821;10,08;5,52;10,51;5,745;10,58;850,07;92,73001;260,317;35,32;17,521;11,66;0,369;10,03;0,21;10,0;0,004;10,0;1,478;20,889;0,54;21,849;3,59;3,993;0,6;-1,567;2,06;951,258;1,0;"";"";24,097;2,28;100,57;13,76;"";"";13,0;20,0;13,0;"";"";"";"";"";"";"";"";"";"";"";"";"";"";"";"";"";"";"";"";"";"";"";"";"";"";"";"";"";"";"";"";"";"";"";"";"";"";"";"";"";"";"";"";"";"";"";"";"";"";"";"";"";"";"";"";"";"";"";"";"";"";"";"";""
12.12.2022 10:14:51;1670836491000;880f01e687e2572cea04e80fc6a68085;1173332;OK;1812;1;0;0;0;0,09;58,41;0;0;607;681;"";137,97;20,7;540,44;66,21;20,908;0,86;1,461;0,2;12,994;1,64;4,237;10,04;4,958;10,21;5,015;10,25;789,943;86,84;244,075;33,74;16,564;11,59;0,138;10,0;0,122;10,0;0,0;10,0;1,288;20,896;0,54;21,831;3,59;3,991;0,6;-1,572;2,06;951,275;1,0;"";"";24,138;2,28;100,548;13,75;"";"";31,061;21,4;79,3;"";"";"";"";"";"";"";"";"";"";"";"";"";"";"";"";"";"";"";"";"";"";"";"";"";"";"";"";"";"";"";"";"";"";"";"";"";"";"";"";"";"";"";"";"";"";"";"";"";"";"";"";"";"";"";"";"";"";"";"";"";"";"";"";""
12.12.2022 10:16:51;1670836611000;880f01e687e2572cea04e80fc6a68085;1173451;OK;1813;1;0;0;0;0,12;97,17;0;0;612;659;"";147,243;22,09;568,592;67,06;20,902;0,86;1,461;0,2;13,216;1,66;4,597;10,02;5,621;10,64;6,407;10,83;850,466;92,7;263,391;35,61;23,241;12,29;1,183;10,06;0,638;10,0;0,0;10,0;2,265;20,903;0,54;22,033;3,59;4,03;0,6;-1,441;2,04;951,295;1,0;"";"";24,353;2,26;99,437;13,7;"";"";18,148;19,17;79,6;"";"";"";"";"";"";"";"";"";"";"";"";"";"";"";"";"";"";"";"";"";"";"";"";"";"";"";"";"";"";"";"";"";"";"";"";"";"";"";"";"";"";"";"";"";"";"";"";"";"";"";"";"";"";"";"";"";"";"";"";"";"";"";"";""
12.12.2022 10:18:51;1670836731000;880f01e687e2572cea04e80fc6a68085;1173572;OK;1803;1;0;0;0;0,22;99,32;0;0;617;657;"";149,438;22,42;571,094;67,13;20,9;0,86;1,462;0,2;13,587;1,67;4,809;10,23;5,546;10,59;6,736;10,78;841,6309;91,91001;257,814;35,06;20,257;11,91;1,329;10,06;1,272;10,06;0,562;10,0;2,604;20,907;0,54;22,2;3,58;4,062;0,6;-1,334;2,03;951,293;1,0;"";"";24,57;2,25;98,27101;13,64;"";"";13,531;19,91;13,0;"";"";"";"";"";"";"";"";"";"";"";"";"";"";"";"";"";"";"";"";"";"";"";"";"";"";"";"";"";"";"";"";"";"";"";"";"";"";"";"";"";"";"";"";"";"";"";"";"";"";"";"";"";"";"";"";"";"";"";"";"";"";"";"";""
12.12.2022 10:20:50;1670836850000;880f01e687e2572cea04e80fc6a68085;1173691;OK;1807;1;0;0;0;0,21;52,69;0;0;616;667;"";143,193;21,48;559,567;66,79;20,9;0,86;1,463;0,2;13,651;1,68;5,139;10,26;5,923;10,77;6,273;10,91;891,062;96,7;277,382;37,0;20,329;12,06;0,367;10,01;0,361;10,01;0,285;10,0;1,642;20,902;0,54;22,177;3,58;4,056;0,6;-1,353;2,03;951,302;1,0;"";"";24,829;2,24;98,043;13,62;"";"";13,057;19,99;13,0;"";"";"";"";"";"";"";"";"";"";"";"";"";"";"";"";"";"";"";"";"";"";"";"";"";"";"";"";"";"";"";"";"";"";"";"";"";"";"";"";"";"";"";"";"";"";"";"";"";"";"";"";"";"";"";"";"";"";"";"";"";"";"";"";""
12.12.2022 10:22:51;1670836971000;880f01e687e2572cea04e80fc6a68085;1173812;OK;1793;1;0;0;0;0,11;32,01;0;0;618;646;"";145,809;21,87;584,807;67,54;20,903;0,86;1,462;0,2;13,667;1,68;4,191;10,03;4,803;10,3;6,508;10,75;833,402;91,04;251,135;34,42;15,939;11,45;2,404;10,19;1,822;10,19;0,883;10,0;3,371;20,897;0,54;22,238;3,58;4,066;0,6;-1,32;2,02;951,316;1,0;"";"";24,924;2,24;99,156;13,68;"";"";15,194;19,13;75,2;"";"";"";"";"";"";"";"";"";"";"";"";"";"";"";"";"";"";"";"";"";"";"";"";"";"";"";"";"";"";"";"";"";"";"";"";"";"";"";"";"";"";"";"";"";"";"";"";"";"";"";"";"";"";"";"";"";"";"";"";"";"";"";"";""
12.12.2022 10:24:51;1670837091000;880f01e687e2572cea04e80fc6a68085;1173931;OK;1811;1;0;0;0;0,01;23,99;0;0;617;657;"";146,415;21,96;571,733;67,15;20,9;0,86;1,462;0,2;13,695;1,68;4,646;10,15;5,387;10,42;6,381;10,75;844,557;92,11;262,129;35,54;22,99;12,25;2,488;10,26;2,23;10,26;0,094;10,0;2,376;20,9;0,54;22,234;3,58;4,066;0,6;-1,32;2,02;951,3209;1,0;"";"";24,786;2,24;100,1;13,73;"";"";13,234;19,91;13,0;"";"";"";"";"";"";"";"";"";"";"";"";"";"";"";"";"";"";"";"";"";"";"";"";"";"";"";"";"";"";"";"";"";"";"";"";"";"";"";"";"";"";"";"";"";"";"";"";"";"";"";"";"";"";"";"";"";"";"";"";"";"";"";"";""
12.12.2022 10:26:51;1670837211000;880f01e687e2572cea04e80fc6a68085;1174052;OK;1797;1;0;0;0;-0,01;23,98;0;0;616;655;"";147,517;22,13;572,728;67,18;20,904;0,86;1,464;0,2;13,633;1,68;4,178;10,02;4,649;10,1;5,278;10,37;794,142;87,2;244,413;33,72;15,843;11,58;0,764;10,03;0,738;10,03;0,301;10,0;2,017;20,909;0,54;22,186;3,58;4,06;0,6;-1,341;2,03;951,338;1,0;"";"";24,635;2,25;101,304;13,79;"";"";14,881;19,17;55,9;"";"";"";"";"";"";"";"";"";"";"";"";"";"";"";"";"";"";"";"";"";"";"";"";"";"";"";"";"";"";"";"";"";"";"";"";"";"";"";"";"";"";"";"";"";"";"";"";"";"";"";"";"";"";"";"";"";"";"";"";"";"";"";"";""
12.12.2022 10:28:52;1670837332000;880f01e687e2572cea04e80fc6a68085;1174173;OK;1794;0;0;0;0;0,08;-0,94;0;0;622;648;"";158,382;23,76;583,14;67,49;20,9;0,86;1,464;0,2;13,814;1,69;4,926;10,24;6,319;10,62;6,862;10,78;890,068;96,58;276,668;36,87;26,006;12,52;1,163;10,0;0,849;10,0;0,031;10,0;2,02;20,92;0,54;22,437;3,58;4,108;0,6;-1,179;2,0;951,345;1,0;"";"";24,653;2,25;103,291;13,9;"";"";20,747;16,81;73,9;"";"";"";"";"";"";"";"";"";"";"";"";"";"";"";"";"";"";"";"";"";"";"";"";"";"";"";"";"";"";"";"";"";"";"";"";"";"";"";"";"";"";"";"";"";"";"";"";"";"";"";"";"";"";"";"";"";"";"";"";"";"";"";"";""
12.12.2022 10:30:52;1670837452000;880f01e687e2572cea04e80fc6a68085;1174293;OK;1793;0;0;0;0;-0,23;-15,74;0;0;602;665;"";126,866;19,03;556,726;66,7;20,906;0,86;1,463;0,2;13,499;1,67;4,947;10,15;5,506;10,5;5,717;10,58;860,52;93,63;265,603;35,77;18,366;11,81;0,461;10,0;0,232;10,0;0,148;10,0;1,415;20,923;0,54;21,613;3,6;3,958;0,61;-1,688;2,09;951,347;1,0;"";"";24,256;2,27;99,05601;13,68;"";"";14,665;19,47;72,4;"";"";"";"";"";"";"";"";"";"";"";"";"";"";"";"";"";"";"";"";"";"";"";"";"";"";"";"";"";"";"";"";"";"";"";"";"";"";"";"";"";"";"";"";"";"";"";"";"";"";"";"";"";"";"";"";"";"";"";"";"";"";"";"";""
12.12.2022 10:32:52;1670837572000;880f01e687e2572cea04e80fc6a68085;1174413;OK;1785;0;1;0;0;-0,5;-133,43;0;0;598;686;"";125,508;18,83;532,736;65,98001;20,908;0,86;1,462;0,2;13,417;1,67;4,506;10,12;5,589;10,45;6,138;10,71;834,043;91,15001;257,284;35,03;22,61;12,21;1,013;10,05;0,692;10,05;0,015;10,0;1,982;20,905;0,54;21,48;3,6;3,929;0,61;-1,786;2,1;951,357;1,0;"";"";23,595;2,3;93,02;13,36;"";"";13,172;19,95;13,0;"";"";"";"";"";"";"";"";"";"";"";"";"";"";"";"";"";"";"";"";"";"";"";"";"";"";"";"";"";"";"";"";"";"";"";"";"";"";"";"";"";"";"";"";"";"";"";"";"";"";"";"";"";"";"";"";"";"";"";"";"";"";"";"";""
12.12.2022 10:34:53;1670837693000;880f01e687e2572cea04e80fc6a68085;1174533;OK;1787;0;1;0;0;-0,62;-170,7;0;0;589;687;"";109,726;16,46;528,8189;65,86;20,91;0,86;1,46;0,2;13,257;1,66;4,474;10,02;4,995;10,23;5,157;10,27;842,019;91,90001;260,695;35,36;15,744;11,53;0,24;10,0;0,207;10,0;0,002;10,0;1,349;20,885;0,54;21,121;3,61;3,859;0,61;-2,032;2,14;951,355;1,0;"";"";23,052;2,33;89,307;13,17;"";"";15,125;19,29;74,4;"";"";"";"";"";"";"";"";"";"";"";"";"";"";"";"";"";"";"";"";"";"";"";"";"";"";"";"";"";"";"";"";"";"";"";"";"";"";"";"";"";"";"";"";"";"";"";"";"";"";"";"";"";"";"";"";"";"";"";"";"";"";"";"";""
12.12.2022 10:36:52;1670837812000;880f01e687e2572cea04e80fc6a68085;1174653;OK;1784;0;1;0;0;-0,61;-148,81;0;0;573;709;"";64,959;9,74;501,44;65,04;20,916;0,86;1,454;0,2;12,861;1,64;5,149;10,24;5,726;10,49;7,415;10,88;866,046;94,23;272,632;36,53;17,755;11,7;2,364;10,3;2,36;10,3;0,0;10,0;2,977;20,82;0,54;20,525;3,62;3,736;0,61;-2,473;2,21;951,345;1,0;"";"";22,277;2,37;76,34201;12,5;"";"";15,08;19,32;74,2;"";"";"";"";"";"";"";"";"";"";"";"";"";"";"";"";"";"";"";"";"";"";"";"";"";"";"";"";"";"";"";"";"";"";"";"";"";"";"";"";"";"";"";"";"";"";"";"";"";"";"";"";"";"";"";"";"";"";"";"";"";"";"";"";""
12.12.2022 10:38:52;1670837932000;880f01e687e2572cea04e80fc6a68085;1174773;OK;1799;0;1;0;0;-0,62;-126,3;0;0;575;722;"";63,085;9,46;490,312;64,71;20,915;0,86;1,451;0,2;12,898;1,64;4,89;10,29;6,016;10,59;6,595;10,76;944,523;101,84;286,607;37,9;25,374;12,58;1,755;10,03;0,525;10,03;0,0;10,0;2,034;20,739;0,54;20,607;3,62;3,733;0,61;-2,486;2,2;951,357;1,0;"";"";21,447;2,41;67,73201;12,05;"";"";13,215;19,93;13,0;"";"";"";"";"";"";"";"";"";"";"";"";"";"";"";"";"";"";"";"";"";"";"";"";"";"";"";"";"";"";"";"";"";"";"";"";"";"";"";"";"";"";"";"";"";"";"";"";"";"";"";"";"";"";"";"";"";"";"";"";"";"";"";"";""
12.12.2022 10:40:53;1670838053000;880f01e687e2572cea04e80fc6a68085;1174894;OK;1794;0;1;0;0;-0,31;-103,67;0;0;579;723;"";70,917;10,64;491,054;64,73001;20,915;0,86;1,448;0,2;13,402;1,67;5,167;10,53;5,869;10,67;6,436;10,72;891,773;96,73;276,395;36,86;18,917;11,88;1,877;10,13;0,803;10,07;0,0;10,0;1,876;20,687;0,54;20,749;3,62;3,748;0,6;-2,436;2,19;951,3579;1,0;"";"";21,325;2,41;67,608;12,05;"";"";13,022;19,99;13,0;"";"";"";"";"";"";"";"";"";"";"";"";"";"";"";"";"";"";"";"";"";"";"";"";"";"";"";"";"";"";"";"";"";"";"";"";"";"";"";"";"";"";"";"";"";"";"";"";"";"";"";"";"";"";"";"";"";"";"";"";"";"";"";"";""
12.12.2022 10:42:54;1670838174000;880f01e687e2572cea04e80fc6a68085;1175015;OK;1802;0;1;0;0;0,08;-30,98;0;0;581;727;"";77,86;11,68;487,93;64,64;20,921;0,86;1,446;0,2;14,149;1,7;4,68;10,05;5,51;10,62;6,026;10,73;864,121;93,99;267,092;35,98;19,609;11,96;1,099;10,02;0,988;10,02;0,789;10,0;1,877;20,66;0,54;20,837;3,62;3,758;0,6;-2,402;2,17;951,3579;1,0;"";"";21,728;2,39;71,391;12,25;"";"";13,002;20,0;13,0;"";"";"";"";"";"";"";"";"";"";"";"";"";"";"";"";"";"";"";"";"";"";"";"";"";"";"";"";"";"";"";"";"";"";"";"";"";"";"";"";"";"";"";"";"";"";"";"";"";"";"";"";"";"";"";"";"";"";"";"";"";"";"";"";""
12.12.2022 10:44:54;1670838294000;880f01e687e2572cea04e80fc6a68085;1175135;OK;1801;0;0;0;0;0,12;5,46;0;0;584;724;"";85,32701;12,8;493,058;64,79;20,92;0,86;1,444;0,2;14,922;1,75;5,173;10,23;6,218;10,91;6,317;10,93;875,488;95,2;269,085;36,22;24,45;12,34;0,128;10,0;0,116;10,0;0,095;10,0;1,372;20,649;0,54;20,958;3,62;3,777;0,6;-2,333;2,16;951,357;1,0;"";"";22,335;2,36;76,098;12,49;"";"";13,0;20,0;13,0;"";"";"";"";"";"";"";"";"";"";"";"";"";"";"";"";"";"";"";"";"";"";"";"";"";"";"";"";"";"";"";"";"";"";"";"";"";"";"";"";"";"";"";"";"";"";"";"";"";"";"";"";"";"";"";"";"";"";"";"";"";"";"";"";""
12.12.2022 10:46:55;1670838415000;880f01e687e2572cea04e80fc6a68085;1175256;OK;1790;0;0;0;0;0,13;19,14;0;0;586;721;"";92,365;13,85;496,417;64,89;20,914;0,86;1,444;0,2;15,688;1,79;4,809;10,07;5,365;10,32;7,144;10,92;854,088;93,03;268,164;36,04;19,825;11,91;2,197;10,2;2,196;10,2;1,599;10,0;3,136;20,646;0,54;21,026;3,61;3,789;0,6;-2,291;2,15;951,354;1,0;"";"";22,814;2,34;81,188;12,76;"";"";13,0;20,0;13,0;"";"";"";"";"";"";"";"";"";"";"";"";"";"";"";"";"";"";"";"";"";"";"";"";"";"";"";"";"";"";"";"";"";"";"";"";"";"";"";"";"";"";"";"";"";"";"";"";"";"";"";"";"";"";"";"";"";"";"";"";"";"";"";"";""
12.12.2022 10:48:55;1670838535000;880f01e687e2572cea04e80fc6a68085;1175376;OK;1809;1;0;0;0;0,11;25,13;0;0;586;722;"";96,242;14,44;496,039;64,88;20,918;0,86;1,445;0,2;16,362;1,82;4,859;10,13;5,443;10,58;6,834;10,83;865,911;94,25;270,732;36,31;18,469;11,83;1,967;10,2;1,465;10,08;0,187;10,0;2,779;20,654;0,54;21,043;3,61;3,794;0,6;-2,274;2,15;951,357;1,0;"";"";23,494;2,31;85,65001;12,99;"";"";13,0;20,0;13,0;"";"";"";"";"";"";"";"";"";"";"";"";"";"";"";"";"";"";"";"";"";"";"";"";"";"";"";"";"";"";"";"";"";"";"";"";"";"";"";"";"";"";"";"";"";"";"";"";"";"";"";"";"";"";"";"";"";"";"";"";"";"";"";"";""
12.12.2022 10:50:56;1670838656000;880f01e687e2572cea04e80fc6a68085;1175497;OK;1791;0;0;0;0;0,05;2,49;0;0;586;723;"";94,968;14,25;495,036;64,85;20,916;0,86;1,444;0,2;16,786;1,84;5,07;10,22;5,706;10,72;6,19;10,79;850,09;92,62;264,941;35,72;21,286;12,09;0,634;10,06;0,582;10,05;0,019;10,0;1,734;20,661;0,54;21,034;3,61;3,794;0,6;-2,273;2,15;951,379;1,0;"";"";24,014;2,28;89,04;13,16;"";"";13,0;20,0;13,0;"";"";"";"";"";"";"";"";"";"";"";"";"";"";"";"";"";"";"";"";"";"";"";"";"";"";"";"";"";"";"";"";"";"";"";"";"";"";"";"";"";"";"";"";"";"";"";"";"";"";"";"";"";"";"";"";"";"";"";"";"";"";"";"";""
12.12.2022 10:52:54;1670838774000;880f01e687e2572cea04e80fc6a68085;1175615;OK;1789;0;0;0;0;0,01;-12,56;0;0;586;725;"";94,789;14,22;492,472;64,77;20,914;0,86;1,444;0,2;17,058;1,86;4,338;10,04;5,829;10,68;6,204;10,69;844,791;92,19001;261,315;35,48;26,518;12,52;0,793;10,1;0,419;10,01;0,002;10,0;1,793;20,67;0,54;21,033;3,61;3,795;0,6;-2,266;2,15;951,386;1,0;"";"";24,485;2,26;91,071;13,27;"";"";13,0;20,0;13,0;"";"";"";"";"";"";"";"";"";"";"";"";"";"";"";"";"";"";"";"";"";"";"";"";"";"";"";"";"";"";"";"";"";"";"";"";"";"";"";"";"";"";"";"";"";"";"";"";"";"";"";"";"";"";"";"";"";"";"";"";"";"";"";"";""
12.12.2022 10:54:55;1670838895000;880f01e687e2572cea04e80fc6a68085;1175736;OK;1803;0;0;0;0;0,01;-17,61;0;0;586;727;"";93,346;14,0;489,943;64,7;20,916;0,86;1,444;0,2;17,037;1,86;4,513;10,03;5,506;10,43;5,548;10,43;809,283;88,65001;249,343;34,24;20,719;12,01;0,32;10,01;0,043;10,0;0,0;10,0;1,303;20,683;0,54;21,032;3,61;3,798;0,6;-2,256;2,15;951,388;1,0;"";"";24,659;2,25;92,434;13,34;"";"";13,0;20,0;13,0;"";"";"";"";"";"";"";"";"";"";"";"";"";"";"";"";"";"";"";"";"";"";"";"";"";"";"";"";"";"";"";"";"";"";"";"";"";"";"";"";"";"";"";"";"";"";"";"";"";"";"";"";"";"";"";"";"";"";"";"";"";"";"";"";""
12.12.2022 10:56:56;1670839016000;880f01e687e2572cea04e80fc6a68085;1175856;OK;1796;0;0;0;0;0,02;-9,25;0;0;586;725;"";95,465;14,32;492,018;64,76;20,917;0,86;1,443;0,2;16,989;1,85;4,909;10,17;5,311;10,33;5,79;10,59;857,844;93,4;264,226;35,71;12,637;11,25;0,595;10,0;0,567;10,0;0,0;10,0;1,82;20,695;0,54;21,029;3,61;3,8;0,6;-2,249;2,15;951,387;1,0;"";"";24,862;2,24;93,25801;13,38;"";"";13,0;20,0;13,0;"";"";"";"";"";"";"";"";"";"";"";"";"";"";"";"";"";"";"";"";"";"";"";"";"";"";"";"";"";"";"";"";"";"";"";"";"";"";"";"";"";"";"";"";"";"";"";"";"";"";"";"";"";"";"";"";"";"";"";"";"";"";"";"";""
12.12.2022 10:58:55;1670839135000;880f01e687e2572cea04e80fc6a68085;1175976;OK;1789;0;0;0;0;0,02;-16,77;0;0;586;732;"";97,34401;14,6;484,109;64,52;20,918;0,86;1,444;0,2;16,811;1,84;4,362;10,1;4,936;10,26;5,516;10,46;817,318;89,5;258,315;35,12;17,177;11,58;0,5440001;10,0;0,541;10,0;0,482;10,0;1,999;20,701;0,54;21,026;3,61;3,801;0,6;-2,245;2,15;951,4009;1,0;"";"";25,063;2,23;93,725;13,41;"";"";13,0;20,0;13,0;"";"";"";"";"";"";"";"";"";"";"";"";"";"";"";"";"";"";"";"";"";"";"";"";"";"";"";"";"";"";"";"";"";"";"";"";"";"";"";"";"";"";"";"";"";"";"";"";"";"";"";"";"";"";"";"";"";"";"";"";"";"";"";"";""
12.12.2022 11:00:56;1670839256000;880f01e687e2572cea04e80fc6a68085;1176097;OK;1790;0;0;0;0;0,01;-22,47;0;0;586;732;"";95,685;14,35;484,016;64,52;20,919;0,86;1,446;0,2;16,653;1,84;4,329;10,04;5,098;10,48;5,547;10,5;825,371;90,26;257,73;34,97;16,659;11,57;0,678;10,0;0,678;10,0;0,05;10,0;1,795;20,708;0,54;21,025;3,61;3,802;0,6;-2,241;2,15;951,404;1,0;"";"";25,199;2,22;93,82;13,41;"";"";13,0;20,0;13,0;"";"";"";"";"";"";"";"";"";"";"";"";"";"";"";"";"";"";"";"";"";"";"";"";"";"";"";"";"";"";"";"";"";"";"";"";"";"";"";"";"";"";"";"";"";"";"";"";"";"";"";"";"";"";"";"";"";"";"";"";"";"";"";"";""
12.12.2022 11:02:56;1670839376000;880f01e687e2572cea04e80fc6a68085;1176217;OK;1797;0;0;0;0;0,01;-23,0;0;0;586;733;"";97,214;14,58;482,844;64,49;20,92;0,86;1,445;0,2;16,47;1,83;4,69;10,16;5,77;10,61;6,437;10,78;822,5699;89,94;258,535;35,12;22,043;12,22;2,399;10,19;0,732;10,0;0,005;10,0;2,154;20,718;0,54;21,024;3,61;3,804;0,6;-2,232;2,15;951,3889;1,0;"";"";25,285;2,22;93,749;13,41;"";"";13,0;20,0;13,0;"";"";"";"";"";"";"";"";"";"";"";"";"";"";"";"";"";"";"";"";"";"";"";"";"";"";"";"";"";"";"";"";"";"";"";"";"";"";"";"";"";"";"";"";"";"";"";"";"";"";"";"";"";"";"";"";"";"";"";"";"";"";"";"";""
12.12.2022 11:04:58;1670839498000;880f01e687e2572cea04e80fc6a68085;1176339;OK;1780;0;0;0;0;0,02;-4,64;0;0;587;734;"";96,639;14,5;481,725;64,45;20,92;0,86;1,445;0,2;16,205;1,81;4,344;10,05;5,486;10,52;6,864;10,84;812,401;88,99;259,173;35,18;24,704;12,46;2,431;10,14;1,225;10,1;0,35;10,0;2,883;20,723;0,54;21,059;3,61;3,812;0,6;-2,207;2,15;951,368;1,0;"";"";25,418;2,21;94,56;13,45;"";"";17,455;18,32;69,9;"";"";"";"";"";"";"";"";"";"";"";"";"";"";"";"";"";"";"";"";"";"";"";"";"";"";"";"";"";"";"";"";"";"";"";"";"";"";"";"";"";"";"";"";"";"";"";"";"";"";"";"";"";"";"";"";"";"";"";"";"";"";"";"";""
12.12.2022 11:06:57;1670839617000;880f01e687e2572cea04e80fc6a68085;1176457;OK;1855;1;0;0;0;0,2;92,92;0;0;597;698;"";103,053;15,46;524,3289;65,73;20,914;0,86;1,446;0,2;16,119;1,81;4,117;10,05;5,175;10,41;6,308;10,83;819,116;89,7;255,038;34,79;23,714;12,32;1,738;10,19;1,475;10,19;0,039;10,0;2,815;20,73;0,54;21,434;3,6;3,881;0,6;-1,961;2,11;951,3579;1,0;"";"";25,51;2,21;97,018;13,58;"";"";14,018;19,63;63,0;"";"";"";"";"";"";"";"";"";"";"";"";"";"";"";"";"";"";"";"";"";"";"";"";"";"";"";"";"";"";"";"";"";"";"";"";"";"";"";"";"";"";"";"";"";"";"";"";"";"";"";"";"";"";"";"";"";"";"";"";"";"";"";"";""
12.12.2022 11:09:00;1670839740000;880f01e687e2572cea04e80fc6a68085;1176581;OK;1799;1;0;0;0;0,37;90,64;0;0;602;717;"";101,916;15,29;503,452;65,1;20,918;0,86;1,446;0,2;16,126;1,81;4,397;10,01;5,133;10,2;5,572;10,45;774,689;85,37001;241,01;33,42;19,574;11,99;0,754;10,08;0,405;10,02;0,004;10,0;1,824;20,755;0,54;21,639;3,6;3,924;0,6;-1,81;2,08;951,365;1,0;"";"";25,811;2,19;99,804;13,72;"";"";13,102;19,96;13,0;"";"";"";"";"";"";"";"";"";"";"";"";"";"";"";"";"";"";"";"";"";"";"";"";"";"";"";"";"";"";"";"";"";"";"";"";"";"";"";"";"";"";"";"";"";"";"";"";"";"";"";"";"";"";"";"";"";"";"";"";"";"";"";"";""
12.12.2022 11:11:01;1670839861000;880f01e687e2572cea04e80fc6a68085;1176702;OK;1784;0;0;0;0;0,39;9,22;0;0;605;726;"";271,4;40,71;491,458;64,74;20,916;0,86;1,447;0,2;16,025;1,8;4,602;10,01;5,421;10,52;5,592;10,59;863,938;93,98001;269,841;36,26;19,275;11,83;0,327;10,01;0,042;10,0;0,0;10,0;1,462;20,775;0,54;21,75;3,59;3,949;0,6;-1,724;2,07;951,337;1,0;"";"";26,081;2,19;101,728;13,82;"";"";13,01;20,0;13,0;"";"";"";"";"";"";"";"";"";"";"";"";"";"";"";"";"";"";"";"";"";"";"";"";"";"";"";"";"";"";"";"";"";"";"";"";"";"";"";"";"";"";"";"";"";"";"";"";"";"";"";"";"";"";"";"";"";"";"";"";"";"";"";"";""
12.12.2022 11:13:00;1670839980000;880f01e687e2572cea04e80fc6a68085;1176820;OK;1798;0;1;0;0;0,18;-99,58;0;0;604;732;"";165,485;24,82;486,032;64,58;20,917;0,86;1,449;0,2;15,839;1,79;4,634;10,08;5,413;10,38;5,976;10,61;782,279;86,08001;246,876;34,04;19,045;11,76;0,813;10,0;0,489;10,0;0,485;10,0;1,957;20,792;0,54;21,732;3,6;3,949;0,6;-1,721;2,07;951,315;1,0;"";"";26,1;2,19;103,113;13,89;"";"";13,001;20,0;13,0;"";"";"";"";"";"";"";"";"";"";"";"";"";"";"";"";"";"";"";"";"";"";"";"";"";"";"";"";"";"";"";"";"";"";"";"";"";"";"";"";"";"";"";"";"";"";"";"";"";"";"";"";"";"";"";"";"";"";"";"";"";"";"";"";""
12.12.2022 11:15:00;1670840100000;880f01e687e2572cea04e80fc6a68085;1176941;OK;1794;0;1;0;0;0,08;-41,78;0;0;605;730;"";116,381;17,46;488,948;64,67;20,917;0,86;1,448;0,2;15,64;1,78;4,483;10,02;5,212;10,31;6,147;10,49;780,929;85,94001;241,239;33,5;20,984;11,99;1,039;10,09;1,005;10,09;0,599;10,09;2,197;20,808;0,54;21,759;3,59;3,958;0,6;-1,69;2,07;951,296;1,0;"";"";26,117;2,19;104,212;13,95;"";"";13,011;20,04;15,1;"";"";"";"";"";"";"";"";"";"";"";"";"";"";"";"";"";"";"";"";"";"";"";"";"";"";"";"";"";"";"";"";"";"";"";"";"";"";"";"";"";"";"";"";"";"";"";"";"";"";"";"";"";"";"";"";"";"";"";"";"";"";"";"";""
12.12.2022 11:17:01;1670840221000;880f01e687e2572cea04e80fc6a68085;1177062;OK;1800;0;0;0;0;0,06;8,07;0;0;605;727;"";112,513;16,88;492,466;64,77;20,917;0,86;1,449;0,2;15,408;1,77;4,31;10,0;5,122;10,33;6,415;10,77;798,297;87,63;244,681;33,78;24,126;12,31;2,273;10,09;2,269;10,09;0,062;10,01;2,897;20,829;0,54;21,781;3,59;3,967;0,6;-1,66;2,07;951,2819;1,0;"";"";25,997;2,19;105,133;13,99;"";"";13,001;20,0;13,0;"";"";"";"";"";"";"";"";"";"";"";"";"";"";"";"";"";"";"";"";"";"";"";"";"";"";"";"";"";"";"";"";"";"";"";"";"";"";"";"";"";"";"";"";"";"";"";"";"";"";"";"";"";"";"";"";"";"";"";"";"";"";"";"";""
12.12.2022 11:19:02;1670840342000;880f01e687e2572cea04e80fc6a68085;1177182;OK;1797;0;0;0;0;0,06;20,67;0;0;605;726;"";122,343;18,35;492,546;64,78;20,919;0,86;1,45;0,2;15,17;1,76;4,627;10,06;5,344;10,42;5,933;10,59;852,553;92,94001;265,812;35,9;21,267;12,02;0,633;10,01;0,632;10,01;0,146;10,0;1,95;20,848;0,54;21,765;3,59;3,968;0,6;-1,654;2,07;951,26;1,0;"";"";25,725;2,2;105,457;14,01;"";"";13,624;19,68;43,1;"";"";"";"";"";"";"";"";"";"";"";"";"";"";"";"";"";"";"";"";"";"";"";"";"";"";"";"";"";"";"";"";"";"";"";"";"";"";"";"";"";"";"";"";"";"";"";"";"";"";"";"";"";"";"";"";"";"";"";"";"";"";"";"";""
12.12.2022 11:21:00;1670840460000;880f01e687e2572cea04e80fc6a68085;1177301;OK;1785;1;0;0;0;0,05;24,44;0;0;606;720;"";127,665;19,15;498,893;64,97;20,916;0,86;1,449;0,2;14,91;1,74;4,386;10,01;5,076;10,28;5,295;10,3;820,08;89,81;250,243;34,37;20,876;11,96;1,169;10,16;0,535;10,0;0,016;10,0;1,425;20,867;0,54;21,788;3,59;3,977;0,6;-1,623;2,07;951,2549;1,0;"";"";25,668;2,2;105,872;14,03;"";"";13,067;19,97;13,0;"";"";"";"";"";"";"";"";"";"";"";"";"";"";"";"";"";"";"";"";"";"";"";"";"";"";"";"";"";"";"";"";"";"";"";"";"";"";"";"";"";"";"";"";"";"";"";"";"";"";"";"";"";"";"";"";"";"";"";"";"";"";"";"";""
12.12.2022 11:23:02;1670840582000;880f01e687e2572cea04e80fc6a68085;1177422;OK;1806;1;0;0;0;0,06;23,55;0;0;607;720;"";131,957;19,79;499,505;64,99;20,912;0,86;1,449;0,2;14,696;1,73;4,078;10,0;5,024;10,12;5,666;10,5;749,235;82,9;232,282;32,67;20,621;11,96;1,292;10,06;1,025;10,0;0,554;10,0;2,134;20,879;0,54;21,857;3,59;3,992;0,6;-1,57;2,06;951,239;1,0;"";"";25,559;2,21;106,001;14,04;"";"";13,007;20,0;13,0;"";"";"";"";"";"";"";"";"";"";"";"";"";"";"";"";"";"";"";"";"";"";"";"";"";"";"";"";"";"";"";"";"";"";"";"";"";"";"";"";"";"";"";"";"";"";"";"";"";"";"";"";"";"";"";"";"";"";"";"";"";"";"";"";""
12.12.2022 11:25:02;1670840702000;880f01e687e2572cea04e80fc6a68085;1177543;OK;1799;1;0;0;0;0,09;24,76;0;0;608;718;"";131,95;19,79;502,399;65,07;20,912;0,86;1,449;0,2;14,453;1,72;5,091;10,38;5,461;10,49;6,571;10,67;882,8469;95,80001;271,808;36,44;17,423;11,61;1,387;10,03;1,36;10,02;0,756;10,0;2,406;20,888;0,54;21,881;3,59;3,999;0,6;-1,547;2,06;951,2239;1,0;"";"";25,454;2,21;106,614;14,07;"";"";13,001;20,0;13,0;"";"";"";"";"";"";"";"";"";"";"";"";"";"";"";"";"";"";"";"";"";"";"";"";"";"";"";"";"";"";"";"";"";"";"";"";"";"";"";"";"";"";"";"";"";"";"";"";"";"";"";"";"";"";"";"";"";"";"";"";"";"";"";"";""
12.12.2022 11:27:03;1670840823000;880f01e687e2572cea04e80fc6a68085;1177664;OK;1799;1;0;0;0;0,02;24,99;0;0;605;712;"";133,48;20,02;508,258;65,25;20,912;0,86;1,45;0,2;14,156;1,7;4,986;10,13;5,55;10,49;5,684;10,51;878,6551;95,43;272,379;36,45;14,37;11,45;0,143;10,0;0,14;10,0;0,078;10,0;1,297;20,898;0,54;21,78;3,59;3,983;0,6;-1,602;2,07;951,2239;1,0;"";"";25,144;2,23;106,07;14,04;"";"";13,284;19,88;54,9;"";"";"";"";"";"";"";"";"";"";"";"";"";"";"";"";"";"";"";"";"";"";"";"";"";"";"";"";"";"";"";"";"";"";"";"";"";"";"";"";"";"";"";"";"";"";"";"";"";"";"";"";"";"";"";"";"";"";"";"";"";"";"";"";""
12.12.2022 11:29:03;1670840943000;880f01e687e2572cea04e80fc6a68085;1177784;OK;1787;0;0;0;0;0,02;18,07;0;0;607;714;"";132,463;19,87;505,878;65,18;20,912;0,86;1,449;0,2;13,927;1,69;5,214;10,28;6,126;10,64;6,486;10,64;883,788;95,96;275,867;36,8;22,575;12,28;0,61;10,0;0,408;10,0;0,008;10,0;1,568;20,911;0,54;21,859;3,59;4,0;0,6;-1,542;2,06;951,234;1,0;"";"";24,906;2,24;105,613;14,02;"";"";13,029;19,99;13,0;"";"";"";"";"";"";"";"";"";"";"";"";"";"";"";"";"";"";"";"";"";"";"";"";"";"";"";"";"";"";"";"";"";"";"";"";"";"";"";"";"";"";"";"";"";"";"";"";"";"";"";"";"";"";"";"";"";"";"";"";"";"";"";"";""
12.12.2022 11:31:03;1670841063000;880f01e687e2572cea04e80fc6a68085;1177904;OK;1823;0;0;0;0;-0,01;21,76;0;0;606;709;"";144,286;21,64;510,959;65,33;20,913;0,86;1,449;0,2;13,689;1,68;5,705;10,6;6,194;10,86;6,726;10,9;930,788;100,53;292,88;38,49;22,486;12,21;0,69;10,0;0,6690001;10,0;0,198;10,0;1,768;20,922;0,54;21,792;3,59;3,99;0,6;-1,575;2,07;951,232;1,0;"";"";24,771;2,24;104,877;13,98;"";"";13,003;20,0;13,0;"";"";"";"";"";"";"";"";"";"";"";"";"";"";"";"";"";"";"";"";"";"";"";"";"";"";"";"";"";"";"";"";"";"";"";"";"";"";"";"";"";"";"";"";"";"";"";"";"";"";"";"";"";"";"";"";"";"";"";"";"";"";"";"";""
12.12.2022 11:33:03;1670841183000;880f01e687e2572cea04e80fc6a68085;1178024;OK;1795;0;0;0;0;0,02;11,89;0;0;607;708;"";141,779;21,27;511,69;65,35;20,913;0,86;1,449;0,2;13,516;1,67;4,834;10,13;5,431;10,52;6,36;10,9;839,2059;91,64001;262,116;35,5;19,766;11,94;1,622;10,02;0,841;10,02;0,117;10,0;2,43;20,933;0,54;21,826;3,59;3,999;0,6;-1,544;2,07;951,237;1,0;"";"";24,543;2,26;104,361;13,95;"";"";13,0;20,0;13,0;"";"";"";"";"";"";"";"";"";"";"";"";"";"";"";"";"";"";"";"";"";"";"";"";"";"";"";"";"";"";"";"";"";"";"";"";"";"";"";"";"";"";"";"";"";"";"";"";"";"";"";"";"";"";"";"";"";"";"";"";"";"";"";"";""
12.12.2022 11:35:03;1670841303000;880f01e687e2572cea04e80fc6a68085;1178144;OK;1782;1;0;0;0;0,04;23,31;0;0;609;705;"";141,556;21,23;515,364;65,46;20,913;0,86;1,45;0,2;13,306;1,66;5,145;10,47;6,126;10,63;6,991;10,67;912,09;98,68;287,403;37,95;25,221;12,44;1,334;10,0;1,253;10,0;0,564;10,0;2,091;20,946;0,54;21,906;3,59;4,017;0,6;-1,483;2,06;951,23;1,0;"";"";24,381;2,26;104,209;13,94;"";"";13,0;20,0;13,0;"";"";"";"";"";"";"";"";"";"";"";"";"";"";"";"";"";"";"";"";"";"";"";"";"";"";"";"";"";"";"";"";"";"";"";"";"";"";"";"";"";"";"";"";"";"";"";"";"";"";"";"";"";"";"";"";"";"";"";"";"";"";"";"";""
12.12.2022 11:37:04;1670841424000;880f01e687e2572cea04e80fc6a68085;1178264;OK;1789;1;0;0;0;0,18;31,71;0;0;614;699;"";149,143;22,37;522,774;65,68;20,915;0,86;1,451;0,2;13,085;1,65;4,62;10,13;5,255;10,25;5,701;10,4;841,712;91,87;260,374;35,34;19,079;11,85;0,847;10,0;0,598;10,0;0,103;10,0;1,785;20,959;0,54;22,093;3,58;4,054;0,6;-1,357;2,04;951,199;1,0;"";"";24,247;2,27;104,92;13,98;"";"";13,0;20,0;13,0;"";"";"";"";"";"";"";"";"";"";"";"";"";"";"";"";"";"";"";"";"";"";"";"";"";"";"";"";"";"";"";"";"";"";"";"";"";"";"";"";"";"";"";"";"";"";"";"";"";"";"";"";"";"";"";"";"";"";"";"";"";"";"";"";""
12.12.2022 11:39:06;1670841546000;880f01e687e2572cea04e80fc6a68085;1178387;OK;1785;1;0;0;0;0,26;40,51;0;0;617;699;"";153,92;23,09;524,343;65,73;20,908;0,86;1,451;0,2;12,925;1,64;4,685;10,19;5,876;10,57;6,092;10,58;817,741;89,54;256,11;34,94;24,758;12,42;0,441;10,0;0,263;10,0;0,01;10,0;1,534;20,969;0,54;22,22;3,58;4,08;0,6;-1,271;2,02;951,188;1,0;"";"";24,141;2,27;105,894;14,03;"";"";13,718;19,72;58,4;"";"";"";"";"";"";"";"";"";"";"";"";"";"";"";"";"";"";"";"";"";"";"";"";"";"";"";"";"";"";"";"";"";"";"";"";"";"";"";"";"";"";"";"";"";"";"";"";"";"";"";"";"";"";"";"";"";"";"";"";"";"";"";"";""
12.12.2022 11:41:05;1670841665000;880f01e687e2572cea04e80fc6a68085;1178506;OK;1801;1;0;0;0;0,21;43,49;0;0;618;692;"";156,755;23,51;531,775;65,95;20,909;0,86;1,452;0,2;12,844;1,64;5,212;10,29;6,172;10,85;6,292;10,85;870,572;94,66001;277,954;37,01;19,76;11,93;0,337;10,0;0,318;10,0;0,001;10,0;1,373;20,979;0,54;22,245;3,58;4,087;0,6;-1,246;2,02;951,161;1,0;"";"";23,993;2,28;106,747;14,07;"";"";13,28;19,9;64,7;"";"";"";"";"";"";"";"";"";"";"";"";"";"";"";"";"";"";"";"";"";"";"";"";"";"";"";"";"";"";"";"";"";"";"";"";"";"";"";"";"";"";"";"";"";"";"";"";"";"";"";"";"";"";"";"";"";"";"";"";"";"";"";"";""
12.12.2022 11:43:06;1670841786000;880f01e687e2572cea04e80fc6a68085;1178626;OK;1793;1;0;0;0;0,09;22,3;0;0;618;694;"";156,28;23,44;529,317;65,88;20,909;0,86;1,452;0,2;12,738;1,63;4,689;10,11;5,481;10,37;6,055;10,73;853,5919;93,04;264,979;35,75;17,901;11,73;1,775;10,07;0,583;10,0;0,468;10,0;2,029;20,994;0,54;22,243;3,58;4,09;0,6;-1,235;2,02;951,14;1,0;"";"";23,875;2,29;107,289;14,1;"";"";13,029;19,99;13,0;"";"";"";"";"";"";"";"";"";"";"";"";"";"";"";"";"";"";"";"";"";"";"";"";"";"";"";"";"";"";"";"";"";"";"";"";"";"";"";"";"";"";"";"";"";"";"";"";"";"";"";"";"";"";"";"";"";"";"";"";"";"";"";"";""
12.12.2022 11:45:06;1670841906000;880f01e687e2572cea04e80fc6a68085;1178747;OK;1802;1;0;0;0;0,08;27,71;0;0;621;687;"";157,324;23,6;537,618;66,13;20,91;0,86;1,451;0,2;12,756;1,63;3,804;10,01;4,46;10,08;5,626;10,57;764,008;84,29;237,784;33,13;21,056;12,06;1,404;10,11;1,281;10,11;0,093;10,0;2,945;21,006;0,54;22,35;3,58;4,113;0,6;-1,16;2,01;951,1259;1,0;"";"";23,821;2,29;107,862;14,13;"";"";13,193;19,9;43,0;"";"";"";"";"";"";"";"";"";"";"";"";"";"";"";"";"";"";"";"";"";"";"";"";"";"";"";"";"";"";"";"";"";"";"";"";"";"";"";"";"";"";"";"";"";"";"";"";"";"";"";"";"";"";"";"";"";"";"";"";"";"";"";"";""
12.12.2022 11:47:07;1670842027000;880f01e687e2572cea04e80fc6a68085;1178868;OK;1789;0;0;0;0;0,06;17,76;0;0;619;689;"";155,713;23,36;535,513;66,07;20,912;0,86;1,45;0,2;12,541;1,62;4,352;10,09;5,216;10,35;5,95;10,75;856,9019;93,32;262,44;35,59;24,547;12,44;1,08;10,07;0,7059999;10,01;0,01;10,0;2,305;21,021;0,54;22,281;3,58;4,103;0,6;-1,189;2,02;951,114;1,0;"";"";23,653;2,3;107,933;14,13;"";"";13,02;19,99;13,0;"";"";"";"";"";"";"";"";"";"";"";"";"";"";"";"";"";"";"";"";"";"";"";"";"";"";"";"";"";"";"";"";"";"";"";"";"";"";"";"";"";"";"";"";"";"";"";"";"";"";"";"";"";"";"";"";"";"";"";"";"";"";"";"";""
12.12.2022 11:49:07;1670842147000;880f01e687e2572cea04e80fc6a68085;1178988;OK;1801;0;0;0;0;0,01;2,66;0;0;618;691;"";156,913;23,54;532,55;65,98001;20,914;0,86;1,451;0,2;12,389;1,61;4,232;10,03;4,904;10,24;5,635;10,58;864,585;94,14001;261,279;35,41;18,818;11,82;0,792;10,01;0,753;10,0;0,681;10,0;2,317;21,03;0,54;22,25;3,58;4,1;0,6;-1,201;2,02;951,109;1,0;"";"";23,41;2,31;107,55;14,11;"";"";13,002;20,0;13,0;"";"";"";"";"";"";"";"";"";"";"";"";"";"";"";"";"";"";"";"";"";"";"";"";"";"";"";"";"";"";"";"";"";"";"";"";"";"";"";"";"";"";"";"";"";"";"";"";"";"";"";"";"";"";"";"";"";"";"";"";"";"";"";"";""
12.12.2022 11:51:08;1670842268000;880f01e687e2572cea04e80fc6a68085;1179108;OK;1802;0;0;0;0;-0,01;-6,61;0;0;620;688;"";156,849;23,53;536,107;66,08;20,913;0,86;1,45;0,2;12,269;1,61;4,391;10,0;4,717;10,08;5,581;10,57;822,521;89,99;251,185;34,41;17,452;11,74;1,111;10,02;0,692;10,0;0,07;10,0;2,357;21,037;0,54;22,322;3,58;4,115;0,6;-1,15;2,01;951,1069;1,0;"";"";23,197;2,32;107,05;14,09;"";"";13,0;20,0;13,0;"";"";"";"";"";"";"";"";"";"";"";"";"";"";"";"";"";"";"";"";"";"";"";"";"";"";"";"";"";"";"";"";"";"";"";"";"";"";"";"";"";"";"";"";"";"";"";"";"";"";"";"";"";"";"";"";"";"";"";"";"";"";"";"";""
12.12.2022 11:53:08;1670842388000;880f01e687e2572cea04e80fc6a68085;1179229;OK;1785;1;0;0;0;0,05;39,44;0;0;620;678;"";157,845;23,68;547,484;66,42;20,912;0,86;1,451;0,2;12,153;1,6;4,362;10,0;4,741;10,08;5,795;10,69;767,8289;84,65;237,386;33,08;13,965;11,25;1,422;10,02;1,028;10,0;0,007;10,0;2,594;21,047;0,54;22,331;3,58;4,119;0,6;-1,136;2,01;951,1069;1,0;"";"";22,978;2,33;107,1;14,09;"";"";13,0;20,0;13,0;"";"";"";"";"";"";"";"";"";"";"";"";"";"";"";"";"";"";"";"";"";"";"";"";"";"";"";"";"";"";"";"";"";"";"";"";"";"";"";"";"";"";"";"";"";"";"";"";"";"";"";"";"";"";"";"";"";"";"";"";"";"";"";"";""
12.12.2022 11:55:08;1670842508000;880f01e687e2572cea04e80fc6a68085;1179349;OK;1793;1;0;0;0;0,03;34,11;0;0;618;683;"";157,223;23,58;541,233;66,24;20,908;0,86;1,451;0,2;12,103;1,6;4,274;10,0;5,146;10,32;6,04;10,64;795,076;87,32;247,716;34,08;21,219;12,01;1,708;10,11;1,272;10,0;0,001;10,0;2,45;21,058;0,54;22,251;3,58;4,107;0,61;-1,176;2,02;951,099;1,0;"";"";22,747;2,34;106,745;14,07;"";"";14,209;19,6;67,5;"";"";"";"";"";"";"";"";"";"";"";"";"";"";"";"";"";"";"";"";"";"";"";"";"";"";"";"";"";"";"";"";"";"";"";"";"";"";"";"";"";"";"";"";"";"";"";"";"";"";"";"";"";"";"";"";"";"";"";"";"";"";"";"";""
12.12.2022 11:57:09;1670842629000;880f01e687e2572cea04e80fc6a68085;1179469;OK;1789;0;0;0;0;-0,09;-4,02;0;0;615;681;"";159,252;23,89;541,962;66,26;20,913;0,86;1,451;0,2;12,084;1,6;4,816;10,15;5,579;10,45;6,351;10,85;807,141;88,5;251,116;34,44;18,659;11,89;1,721;10,17;1,676;10,16;0,215;10,0;2,225;21,068;0,54;22,129;3,58;4,087;0,61;-1,243;2,03;951,12;1,0;"";"";22,561;2,35;105,693;14,02;"";"";12,711;21,66;13,0;"";"";"";"";"";"";"";"";"";"";"";"";"";"";"";"";"";"";"";"";"";"";"";"";"";"";"";"";"";"";"";"";"";"";"";"";"";"";"";"";"";"";"";"";"";"";"";"";"";"";"";"";"";"";"";"";"";"";"";"";"";"";"";"";""
12.12.2022 11:59:08;1670842748000;880f01e687e2572cea04e80fc6a68085;1179588;OK;1804;0;0;0;0;-0,1;-3,2;0;0;614;674;"";163,142;24,47;550,38;66,51;20,912;0,86;1,451;0,2;12,168;1,6;4,67;10,25;5,075;10,39;5,33;10,52;833,389;90,97;260,037;35,27;16,89;11,62;0,344;10,03;0,225;10,02;0,023;10,0;1,451;21,075;0,54;22,123;3,58;4,087;0,61;-1,241;2,03;951,12;1,0;"";"";22,553;2,35;105,131;13,99;"";"";12,969;20,18;13,0;"";"";"";"";"";"";"";"";"";"";"";"";"";"";"";"";"";"";"";"";"";"";"";"";"";"";"";"";"";"";"";"";"";"";"";"";"";"";"";"";"";"";"";"";"";"";"";"";"";"";"";"";"";"";"";"";"";"";"";"";"";"";"";"";""
12.12.2022 12:01:10;1670842870000;880f01e687e2572cea04e80fc6a68085;1179711;OK;1788;1;0;0;0;-0,07;30,09;0;0;613;672;"";163,252;24,49;551,931;66,56;20,913;0,86;1,452;0,2;12,252;1,6;4,76;10,11;5,538;10,69;5,817;10,76;855,091;93,19;261,734;35,37;23,424;12,26;0,346;10,0;0,334;10,0;0,314;10,0;1,597;21,086;0,54;22,052;3,58;4,077;0,61;-1,276;2,04;951,13;1,0;"";"";22,49;2,35;104,42;13,95;"";"";12,997;20,02;13,0;"";"";"";"";"";"";"";"";"";"";"";"";"";"";"";"";"";"";"";"";"";"";"";"";"";"";"";"";"";"";"";"";"";"";"";"";"";"";"";"";"";"";"";"";"";"";"";"";"";"";"";"";"";"";"";"";"";"";"";"";"";"";"";"";""
12.12.2022 12:03:11;1670842991000;880f01e687e2572cea04e80fc6a68085;1179832;OK;1801;1;0;0;0;-0,08;37,75;0;0;609;670;"";154,028;23,1;553,724;66,61;20,916;0,86;1,451;0,2;12,179;1,6;4,75;10,25;5,864;10,55;6,066;10,56;859,059;93,51001;267,679;36,01;24,361;12,34;0,564;10,0;0,301;10,0;0,032;10,0;1,483;21,097;0,54;21,922;3,59;4,055;0,61;-1,347;2,06;951,128;1,0;"";"";22,265;2,37;103,502;13,9;"";"";13,0;20,0;13,0;"";"";"";"";"";"";"";"";"";"";"";"";"";"";"";"";"";"";"";"";"";"";"";"";"";"";"";"";"";"";"";"";"";"";"";"";"";"";"";"";"";"";"";"";"";"";"";"";"";"";"";"";"";"";"";"";"";"";"";"";"";"";"";"";""
12.12.2022 12:05:12;1670843112000;880f01e687e2572cea04e80fc6a68085;1179952;OK;1792;0;0;0;0;-0,09;12,11;0;0;611;671;"";156,629;23,49;552,956;66,59;20,915;0,86;1,45;0,2;12,138;1,6;4,368;10,03;5,223;10,36;5,954;10,74;851,942;92,85;263,412;35,59;19,805;11,88;1,047;10,0;0,646;10,0;0,003;10,0;2,278;21,104;0,54;21,981;3,59;4,068;0,61;-1,305;2,05;951,124;1,0;"";"";22,002;2,38;102,693;13,86;"";"";13,0;20,0;13,0;"";"";"";"";"";"";"";"";"";"";"";"";"";"";"";"";"";"";"";"";"";"";"";"";"";"";"";"";"";"";"";"";"";"";"";"";"";"";"";"";"";"";"";"";"";"";"";"";"";"";"";"";"";"";"";"";"";"";"";"";"";"";"";"";""
12.12.2022 12:07:11;1670843231000;880f01e687e2572cea04e80fc6a68085;1180072;OK;1799;1;0;0;0;0,03;24,58;0;0;613;666;"";162,108;24,32;558,228;66,75;20,908;0,86;1,451;0,2;12,402;1,61;4,571;10,16;5,264;10,49;5,342;10,53;894,425;97,03;269,876;36,28;20,084;11,92;0,112;10,0;0,069;10,0;0,0;10,0;1,31;21,119;0,54;22,064;3,58;4,087;0,61;-1,241;2,04;951,127;1,0;"";"";22,103;2,37;103,096;13,88;"";"";13,0;20,0;13,0;"";"";"";"";"";"";"";"";"";"";"";"";"";"";"";"";"";"";"";"";"";"";"";"";"";"";"";"";"";"";"";"";"";"";"";"";"";"";"";"";"";"";"";"";"";"";"";"";"";"";"";"";"";"";"";"";"";"";"";"";"";"";"";"";""
12.12.2022 12:09:12;1670843352000;880f01e687e2572cea04e80fc6a68085;1180192;OK;1797;0;0;0;0;0,15;11,51;0;0;615;666;"";162,61;24,39;558,628;66,76;20,914;0,86;1,452;0,2;12,65;1,63;4,883;10,13;5,762;10,72;6,342;10,76;834,252;91,1;263,129;35,55;26,425;12,59;0,939;10,02;0,817;10,0;0,0;10,0;1,967;21,132;0,54;22,151;3,58;4,106;0,61;-1,176;2,03;951,163;1,0;"";"";22,346;2,36;103,825;13,92;"";"";13,0;20,0;13,0;"";"";"";"";"";"";"";"";"";"";"";"";"";"";"";"";"";"";"";"";"";"";"";"";"";"";"";"";"";"";"";"";"";"";"";"";"";"";"";"";"";"";"";"";"";"";"";"";"";"";"";"";"";"";"";"";"";"";"";"";"";"";"";"";""
12.12.2022 12:11:12;1670843472000;880f01e687e2572cea04e80fc6a68085;1180313;OK;1791;1;0;0;0;0,18;23,25;0;0;616;661;"";164,711;24,71;564,545;66,94;20,91;0,86;1,452;0,2;12,697;1,63;4,42;10,12;4,961;10,32;5,192;10,43;836,422;91,33;260,337;35,24;17,77;11,71;0,319;10,0;0,307;10,0;0,0;10,0;1,467;21,147;0,54;22,212;3,58;4,121;0,61;-1,127;2,03;951,1869;1,0;"";"";22,425;2,36;105,01;13,98;"";"";13,0;20,0;13,0;"";"";"";"";"";"";"";"";"";"";"";"";"";"";"";"";"";"";"";"";"";"";"";"";"";"";"";"";"";"";"";"";"";"";"";"";"";"";"";"";"";"";"";"";"";"";"";"";"";"";"";"";"";"";"";"";"";"";"";"";"";"";"";"";""
12.12.2022 12:13:12;1670843592000;880f01e687e2572cea04e80fc6a68085;1180432;OK;1810;0;0;0;0;0,06;13,27;0;0;614;662;"";165,579;24,84;562,254;66,87;20,91;0,86;1,453;0,2;12,509;1,62;3,649;10,01;4,284;10,03;5,033;10,21;756,24;83,55;233,717;32,78;13,956;11,33;1,599;10,08;0,773;10,05;0,0;10,0;2,431;21,156;0,54;22,109;3,58;4,104;0,61;-1,182;2,04;951,192;1,0;"";"";22,376;2,36;105,05;13,98;"";"";13,0;20,0;13,0;"";"";"";"";"";"";"";"";"";"";"";"";"";"";"";"";"";"";"";"";"";"";"";"";"";"";"";"";"";"";"";"";"";"";"";"";"";"";"";"";"";"";"";"";"";"";"";"";"";"";"";"";"";"";"";"";"";"";"";"";"";"";"";"";""
12.12.2022 12:15:13;1670843713000;880f01e687e2572cea04e80fc6a68085;1180554;OK;1800;0;0;0;0;-0,01;0,51;0;0;614;664;"";163,538;24,53;559,637;66,79;20,907;0,86;1,452;0,2;12,406;1,61;5,07;10,43;5,953;10,62;7,084;10,77;880,892;95,68;280,046;37,19;21,079;12,03;2,481;10,19;2,396;10,19;0,0;10,0;2,522;21,167;0,54;22,109;3,58;4,106;0,61;-1,173;2,04;951,178;1,0;"";"";22,341;2,36;104,625;13,96;"";"";13,0;20,0;13,0;"";"";"";"";"";"";"";"";"";"";"";"";"";"";"";"";"";"";"";"";"";"";"";"";"";"";"";"";"";"";"";"";"";"";"";"";"";"";"";"";"";"";"";"";"";"";"";"";"";"";"";"";"";"";"";"";"";"";"";"";"";"";"";"";""
12.12.2022 12:17:13;1670843833000;880f01e687e2572cea04e80fc6a68085;1180673;OK;1797;1;0;0;0;-0,03;24,75;0;0;615;647;"";173,405;26,01;580,915;67,43;20,906;0,86;1,453;0,2;12,366;1,61;4,473;10,06;5,178;10,22;5,826;10,53;799,078;87,78;250,941;34,41;20,606;11,95;1,344;10,03;1,335;10,03;0,0;10,0;2,053;21,176;0,54;22,153;3,58;4,117;0,61;-1,137;2,03;951,155;1,0;"";"";22,295;2,36;104,335;13,94;"";"";13,738;19,71;31,9;"";"";"";"";"";"";"";"";"";"";"";"";"";"";"";"";"";"";"";"";"";"";"";"";"";"";"";"";"";"";"";"";"";"";"";"";"";"";"";"";"";"";"";"";"";"";"";"";"";"";"";"";"";"";"";"";"";"";"";"";"";"";"";"";""
12.12.2022 12:19:14;1670843954000;880f01e687e2572cea04e80fc6a68085;1180795;OK;1803;2;0;0;0;0,02;121,36;0;0;614;632;"";167,966;25,19;597,392;67,92;20,907;0,86;1,453;0,2;12,288;1,61;4,161;10,01;4,87;10,09;5,139;10,31;776,534;85,53;242,902;33,67;16,625;11,6;0,863;10,07;0,348;10,0;0,0;10,0;1,587;21,184;0,54;22,086;3,58;4,106;0,61;-1,173;2,04;951,1259;1,0;"";"";22,207;2,37;104,451;13,95;"";"";13,098;20,01;16,5;"";"";"";"";"";"";"";"";"";"";"";"";"";"";"";"";"";"";"";"";"";"";"";"";"";"";"";"";"";"";"";"";"";"";"";"";"";"";"";"";"";"";"";"";"";"";"";"";"";"";"";"";"";"";"";"";"";"";"";"";"";"";"";"";""
12.12.2022 12:21:15;1670844075000;880f01e687e2572cea04e80fc6a68085;1180916;OK;1797;1;0;0;0;-0,06;56,81;0;0;610;651;"";160,214;24,03;574,549;67,24;20,907;0,86;1,452;0,2;12,107;1,6;4,035;10,0;4,739;10,08;6,062;10,66;785,732;86,53;246,727;33,96;22,261;12,17;1,896;10,21;1,482;10,21;0,0;10,0;2,971;21,187;0,54;21,966;3,58;4,085;0,61;-1,245;2,05;951,108;1,0;"";"";21,959;2,38;103,704;13,91;"";"";17,764;18,19;74,8;"";"";"";"";"";"";"";"";"";"";"";"";"";"";"";"";"";"";"";"";"";"";"";"";"";"";"";"";"";"";"";"";"";"";"";"";"";"";"";"";"";"";"";"";"";"";"";"";"";"";"";"";"";"";"";"";"";"";"";"";"";"";"";"";""
12.12.2022 12:23:15;1670844195000;880f01e687e2572cea04e80fc6a68085;1181036;OK;1803;0;0;0;0;-0,1;-3,2;0;0;611;642;"";152,591;22,89;585,293;67,56;20,909;0,86;1,451;0,2;12,028;1,59;4,0;10,01;4,694;10,14;4,943;10,23;753,262;83,29;236,703;33,02;15,112;11,49;0,321;10,02;0,278;10,02;0,0;10,0;1,533;21,182;0,54;21,98;3,58;4,086;0,61;-1,241;2,05;951,0949;1,0;"";"";21,738;2,39;100,747;13,76;"";"";13,492;19,81;13,0;"";"";"";"";"";"";"";"";"";"";"";"";"";"";"";"";"";"";"";"";"";"";"";"";"";"";"";"";"";"";"";"";"";"";"";"";"";"";"";"";"";"";"";"";"";"";"";"";"";"";"";"";"";"";"";"";"";"";"";"";"";"";"";"";""
12.12.2022 12:25:16;1670844316000;880f01e687e2572cea04e80fc6a68085;1181156;OK;1814;0;1;0;0;-0,03;-41,85;0;0;613;646;"";154,911;23,24;581,824;67,45;20,905;0,86;1,45;0,2;12,05;1,59;4,545;10,0;5,327;10,43;5,8;10,69;820,842;89,79;258,779;35,16;22,051;12,16;0,76;10,03;0,265;10,03;0,122;10,0;1,845;21,177;0,54;22,07;3,58;4,102;0,61;-1,188;2,04;951,092;1,0;"";"";21,515;2,4;99,996;13,72;"";"";13,828;19,68;59,9;"";"";"";"";"";"";"";"";"";"";"";"";"";"";"";"";"";"";"";"";"";"";"";"";"";"";"";"";"";"";"";"";"";"";"";"";"";"";"";"";"";"";"";"";"";"";"";"";"";"";"";"";"";"";"";"";"";"";"";"";"";"";"";"";""
12.12.2022 12:27:15;1670844435000;880f01e687e2572cea04e80fc6a68085;1181276;OK;1811;0;0;0;0;0,06;18,28;0;0;613;646;"";156,059;23,41;582,1939;67,47;20,903;0,86;1,449;0,2;12,135;1,6;4,758;10,19;5,52;10,42;6,849;10,95;791,342;86,99;248,678;34,19;15,914;11,54;2,037;10,16;1,743;10,09;0,556;10,0;2,85;21,181;0,54;22,073;3,58;4,103;0,61;-1,184;2,04;951,1069;1,0;"";"";21,487;2,4;101,135;13,78;"";"";13,887;19,52;38,0;"";"";"";"";"";"";"";"";"";"";"";"";"";"";"";"";"";"";"";"";"";"";"";"";"";"";"";"";"";"";"";"";"";"";"";"";"";"";"";"";"";"";"";"";"";"";"";"";"";"";"";"";"";"";"";"";"";"";"";"";"";"";"";"";""
12.12.2022 12:29:16;1670844556000;880f01e687e2572cea04e80fc6a68085;1181397;OK;1799;0;0;0;0;0,12;0,27;0;0;616;637;"";165,013;24,75;593,691;67,81;20,906;0,86;1,448;0,2;12,393;1,61;4,313;10,02;5,124;10,27;5,9;10,82;800,91;87,91;247,937;34,09;19,658;11,93;1,042;10,02;1,012;10,01;0,057;10,0;2,358;21,185;0,54;22,17;3,58;4,122;0,61;-1,121;2,03;951,118;1,0;"";"";21,555;2,4;103,303;13,89;"";"";17,482;18,73;71,1;"";"";"";"";"";"";"";"";"";"";"";"";"";"";"";"";"";"";"";"";"";"";"";"";"";"";"";"";"";"";"";"";"";"";"";"";"";"";"";"";"";"";"";"";"";"";"";"";"";"";"";"";"";"";"";"";"";"";"";"";"";"";"";"";""
12.12.2022 12:31:17;1670844677000;880f01e687e2572cea04e80fc6a68085;1181518;OK;1802;0;1;0;0;-0,59;-39,4;0;0;581;661;"";105,526;15,83;555,968;66,68;20,917;0,86;1,445;0,2;11,941;1,59;4,859;10,2;5,922;10,53;6,352;10,89;898,208;97,43;274,77;36,7;22,061;12,2;1,67;10,01;0,104;10,0;0,006;10,0;1,885;21,155;0,54;20,819;3,61;3,864;0,62;-2,005;2,18;951,092;1,0;"";"";20,522;2,45;89,319;13,16;"";"";24,149;16,01;80,2;"";"";"";"";"";"";"";"";"";"";"";"";"";"";"";"";"";"";"";"";"";"";"";"";"";"";"";"";"";"";"";"";"";"";"";"";"";"";"";"";"";"";"";"";"";"";"";"";"";"";"";"";"";"";"";"";"";"";"";"";"";"";"";"";""
12.12.2022 12:33:17;1670844797000;880f01e687e2572cea04e80fc6a68085;1181637;OK;1806;0;1;0;0;-1,04;-157,44;0;0;573;683;"";81,454;12,22;531,684;65,95;20,911;0,86;1,44;0,2;11,49;1,57;4,263;10,11;4,7;10,2;4,972;10,4;773,155;85,18001;234,662;32,74;15,851;11,45;0,46;10,0;0,293;10,0;0,001;10,0;1,519;21,056;0,54;20,53;3,62;3,789;0,62;-2,274;2,21;951,094;1,0;"";"";19,391;2,5;74,203;12,38;"";"";17,424;18,5;83,5;"";"";"";"";"";"";"";"";"";"";"";"";"";"";"";"";"";"";"";"";"";"";"";"";"";"";"";"";"";"";"";"";"";"";"";"";"";"";"";"";"";"";"";"";"";"";"";"";"";"";"";"";"";"";"";"";"";"";"";"";"";"";"";"";""
12.12.2022 12:35:18;1670844918000;880f01e687e2572cea04e80fc6a68085;1181759;OK;1798;0;1;0;0;-0,81;-154,79;0;0;580;681;"";81,822;12,27;539,059;66,17;20,906;0,86;1,436;0,2;11,61;1,57;4,749;10,04;5,43;10,53;5,617;10,69;808,5159;88,58001;255,397;34,82;19,596;11,86;0,28;10,0;0,263;10,0;0,0;10,0;1,459;20,943;0,54;20,787;3,62;3,811;0,61;-2,199;2,18;951,1;1,0;"";"";18,587;2,54;66,508;11,99;"";"";13,516;19,83;22,7;"";"";"";"";"";"";"";"";"";"";"";"";"";"";"";"";"";"";"";"";"";"";"";"";"";"";"";"";"";"";"";"";"";"";"";"";"";"";"";"";"";"";"";"";"";"";"";"";"";"";"";"";"";"";"";"";"";"";"";"";"";"";"";"";""
12.12.2022 12:37:18;1670845038000;880f01e687e2572cea04e80fc6a68085;1181879;OK;1807;0;0;0;0;0,12;-19,92;0;0;592;678;"";91,006;13,65;547,489;66,42;20,909;0,86;1,433;0,2;12,349;1,61;3,909;10,12;5,38;10,5;6,204;10,7;783,658;86,17;245,022;33,85;23,881;12,24;0,9;10,02;0,898;10,02;0,201;10,0;2,548;20,867;0,54;21,263;3,61;3,881;0,61;-1,956;2,13;951,1049;1,0;"";"";18,771;2,54;67,157;12,02;"";"";13,053;19,98;13,0;"";"";"";"";"";"";"";"";"";"";"";"";"";"";"";"";"";"";"";"";"";"";"";"";"";"";"";"";"";"";"";"";"";"";"";"";"";"";"";"";"";"";"";"";"";"";"";"";"";"";"";"";"";"";"";"";"";"";"";"";"";"";"";"";""
12.12.2022 12:39:18;1670845158000;880f01e687e2572cea04e80fc6a68085;1181998;OK;1798;1;0;0;0;0,57;64,82;0;0;608;679;"";102,55;15,38;551,648;66,55;20,911;0,86;1,43;0,2;13,735;1,68;4,363;10,01;5,163;10,5;5,668;10,57;807,878;88,53;252,555;34,54;16,872;11,58;0,778;10,0;0,496;10,0;0,021;10,0;1,895;20,819;0,54;21,868;3,59;3,98;0,6;-1,615;2,06;951,1;1,0;"";"";19,679;2,49;73,497;12,35;"";"";13,006;20,0;13,0;"";"";"";"";"";"";"";"";"";"";"";"";"";"";"";"";"";"";"";"";"";"";"";"";"";"";"";"";"";"";"";"";"";"";"";"";"";"";"";"";"";"";"";"";"";"";"";"";"";"";"";"";"";"";"";"";"";"";"";"";"";"";"";"";""
12.12.2022 12:41:19;1670845279000;880f01e687e2572cea04e80fc6a68085;1182119;OK;1795;1;0;0;0;0,93;47,56;0;0;632;681;"";118,087;17,71;556,577;66,7;20,909;0,86;1,428;0,2;15,56;1,78;4,046;10,0;4,685;10,09;5,722;10,67;729,37;80,95;231,491;32,51;14,673;11,35;2,243;10,19;0,952;10,0;0,002;10,0;2,673;20,788;0,54;22,796;3,57;4,142;0,59;-1,074;1,96;951,096;1,0;"";"";21,199;2,42;83,724;12,88;"";"";13,001;20,0;13,0;"";"";"";"";"";"";"";"";"";"";"";"";"";"";"";"";"";"";"";"";"";"";"";"";"";"";"";"";"";"";"";"";"";"";"";"";"";"";"";"";"";"";"";"";"";"";"";"";"";"";"";"";"";"";"";"";"";"";"";"";"";"";"";"";""
12.12.2022 12:43:20;1670845400000;880f01e687e2572cea04e80fc6a68085;1182240;OK;1802;1;0;0;0;0,92;24,87;0;0;638;684;"";126,006;18,9;555,381;66,66;20,908;0,86;1,427;0,2;17,091;1,86;3,747;10,0;4,453;10,1;5,277;10,53;725,68;80,53;222,951;31,67;19,821;11,92;1,437;10,02;1,304;10,0;0,0;10,0;2,444;20,774;0,54;23,038;3,56;4,182;0,59;-0,941;1,94;951,093;1,0;"";"";22,526;2,35;93,589;13,39;"";"";13,0;20,0;13,0;"";"";"";"";"";"";"";"";"";"";"";"";"";"";"";"";"";"";"";"";"";"";"";"";"";"";"";"";"";"";"";"";"";"";"";"";"";"";"";"";"";"";"";"";"";"";"";"";"";"";"";"";"";"";"";"";"";"";"";"";"";"";"";"";""
12.12.2022 12:45:20;1670845520000;880f01e687e2572cea04e80fc6a68085;1182361;OK;1795;0;0;0;0;0,53;-6,16;0;0;639;688;"";126,355;18,95;550,366;66,51;20,907;0,86;1,427;0,2;18,099;1,91;3,488;10,0;3,977;10,07;4,266;10,15;775,1649;85,37001;240,064;33,44;17,67;11,7;0,378;10,0;0,364;10,0;0,0;10,0;1,702;20,765;0,54;23,072;3,56;4,186;0,59;-0,927;1,94;951,07;1,0;"";"";23,43;2,31;100,326;13,74;"";"";13,0;20,0;13,0;"";"";"";"";"";"";"";"";"";"";"";"";"";"";"";"";"";"";"";"";"";"";"";"";"";"";"";"";"";"";"";"";"";"";"";"";"";"";"";"";"";"";"";"";"";"";"";"";"";"";"";"";"";"";"";"";"";"";"";"";"";"";"";"";""
12.12.2022 12:47:20;1670845640000;880f01e687e2572cea04e80fc6a68085;1182480;OK;1810;0;0;0;0;0,18;-13,05;0;0;644;688;"";130,021;19,5;552,847;66,59;20,908;0,86;1,426;0,2;18,809;1,95;3,993;10,0;5,47;10,6;6,173;10,69;797,003;87,54001;249,787;34,26;25,351;12,5;1,144;10,11;0,898;10,07;0,0;10,0;2,195;20,759;0,54;23,286;3,56;4,224;0,59;-0,805;1,92;951,053;1,0;"";"";24,132;2,27;105,822;14,03;"";"";13,0;20,0;13,0;"";"";"";"";"";"";"";"";"";"";"";"";"";"";"";"";"";"";"";"";"";"";"";"";"";"";"";"";"";"";"";"";"";"";"";"";"";"";"";"";"";"";"";"";"";"";"";"";"";"";"";"";"";"";"";"";"";"";"";"";"";"";"";"";""
12.12.2022 12:49:20;1670845760000;880f01e687e2572cea04e80fc6a68085;1182601;OK;1801;0;0;0;0;0,18;-5,51;0;0;648;688;"";130,664;19,6;552,629;66,58;20,908;0,86;1,427;0,2;19,353;1,98;3,927;10,0;4,589;10,06;4,76;10,09;760,632;83,93001;236,069;32,94;17,575;11,72;0,41;10,01;0,093;10,01;0,0;10,0;1,48;20,754;0,54;23,424;3,55;4,247;0,59;-0,729;1,9;951,041;1,0;"";"";24,642;2,25;110,275;14,26;"";"";13,0;20,0;13,0;"";"";"";"";"";"";"";"";"";"";"";"";"";"";"";"";"";"";"";"";"";"";"";"";"";"";"";"";"";"";"";"";"";"";"";"";"";"";"";"";"";"";"";"";"";"";"";"";"";"";"";"";"";"";"";"";"";"";"";"";"";"";"";"";""
12.12.2022 12:51:21;1670845881000;880f01e687e2572cea04e80fc6a68085;1182722;OK;1811;0;0;0;0;0,15;2,49;0;0;645;690;"";129,025;19,35;550,192;66,51;20,907;0,86;1,426;0,2;19,338;1,98;4,257;10,08;4,958;10,16;5,518;10,48;764,1079;84,31;238,732;33,22;15,833;11,47;0,709;10,0;0,676;10,0;0,0;10,0;2,044;20,757;0,54;23,338;3,56;4,232;0,59;-0,777;1,91;951,032;1,0;"";"";24,925;2,24;112,635;14,38;"";"";13,0;20,0;13,0;"";"";"";"";"";"";"";"";"";"";"";"";"";"";"";"";"";"";"";"";"";"";"";"";"";"";"";"";"";"";"";"";"";"";"";"";"";"";"";"";"";"";"";"";"";"";"";"";"";"";"";"";"";"";"";"";"";"";"";"";"";"";"";"";""
12.12.2022 12:53:22;1670846002000;880f01e687e2572cea04e80fc6a68085;1182843;OK;1801;0;0;0;0;-0,0;-17,1;0;0;644;693;"";125,663;18,85;546,356;66,39;20,907;0,86;1,425;0,2;19,162;1,97;4,421;10,01;5,089;10,35;5,916;10,49;814,065;89,14001;250,825;34,41;15,791;11,55;1,204;10,01;0,9110001;10,01;0,0;10,0;2,301;20,759;0,54;23,289;3,56;4,224;0,59;-0,804;1,92;951,005;1,0;"";"";24,954;2,23;113,548;14,43;"";"";13,0;20,0;13,0;"";"";"";"";"";"";"";"";"";"";"";"";"";"";"";"";"";"";"";"";"";"";"";"";"";"";"";"";"";"";"";"";"";"";"";"";"";"";"";"";"";"";"";"";"";"";"";"";"";"";"";"";"";"";"";"";"";"";"";"";"";"";"";"";""
12.12.2022 12:55:22;1670846122000;880f01e687e2572cea04e80fc6a68085;1182963;OK;1785;0;1;0;0;-0,12;-33,69;0;0;641;698;"";124,989;18,75;540,494;66,21;20,908;0,86;1,424;0,2;18,858;1,95;3,668;10,0;4,326;10,12;4,727;10,25;755,304;83,46;234,758;32,79;16,601;11,61;0,571;10,02;0,458;10,0;0,0;10,0;1,783;20,755;0,54;23,169;3,56;4,202;0,59;-0,8780001;1,93;950,987;1,0;"";"";24,836;2,24;113,277;14,42;"";"";13,0;20,0;13,0;"";"";"";"";"";"";"";"";"";"";"";"";"";"";"";"";"";"";"";"";"";"";"";"";"";"";"";"";"";"";"";"";"";"";"";"";"";"";"";"";"";"";"";"";"";"";"";"";"";"";"";"";"";"";"";"";"";"";"";"";"";"";"";"";""
12.12.2022 12:57:24;1670846244000;880f01e687e2572cea04e80fc6a68085;1183084;OK;1806;0;1;0;0;-0,15;-37,97;0;0;639;700;"";123,101;18,47;537,361;66,12;20,913;0,86;1,424;0,2;18,498;1,93;4,105;10,0;4,914;10,13;5,398;10,38;746,9409;82,66001;234,668;32,78;19,021;11,86;0,441;10,0;0,43;10,0;0,382;10,0;1,872;20,756;0,54;23,077;3,56;4,185;0,59;-0,932;1,94;950,97;1,0;"";"";24,601;2,25;112,399;14,37;"";"";13,0;20,0;13,0;"";"";"";"";"";"";"";"";"";"";"";"";"";"";"";"";"";"";"";"";"";"";"";"";"";"";"";"";"";"";"";"";"";"";"";"";"";"";"";"";"";"";"";"";"";"";"";"";"";"";"";"";"";"";"";"";"";"";"";"";"";"";"";"";""
12.12.2022 12:59:25;1670846365000;880f01e687e2572cea04e80fc6a68085;1183206;OK;1790;0;1;0;0;-0,11;-40,45;0;0;640;705;"";122,747;18,41;532,054;65,96;20,91;0,86;1,424;0,2;18,069;1,91;4,269;10,0;4,769;10,15;4,819;10,17;771,79;84,99;241,711;33,56;18,496;11,82;0,046;10,0;0,044;10,0;0,039;10,0;1,217;20,754;0,54;23,112;3,56;4,191;0,59;-0,913;1,93;950,942;1,0;"";"";24,258;2,27;111,175;14,31;"";"";13,0;20,0;13,0;"";"";"";"";"";"";"";"";"";"";"";"";"";"";"";"";"";"";"";"";"";"";"";"";"";"";"";"";"";"";"";"";"";"";"";"";"";"";"";"";"";"";"";"";"";"";"";"";"";"";"";"";"";"";"";"";"";"";"";"";"";"";"";"";""
12.12.2022 13:01:25;1670846485000;880f01e687e2572cea04e80fc6a68085;1183326;OK;1802;0;1;0;0;-0,07;-32,5;0;0;638;707;"";121,937;18,29;529,6309;65,89;20,909;0,86;1,422;0,2;17,564;1,88;4,485;10,09;4,887;10,21;4,892;10,21;836,867;91,38;260,941;35,38;21,722;12,09;0,06400001;10,0;0,005;10,0;0,004;10,0;1,12;20,751;0,54;23,026;3,56;4,175;0,59;-0,966;1,94;950,9379;1,0;"";"";24,027;2,28;110,003;14,25;"";"";13,0;20,0;13,0;"";"";"";"";"";"";"";"";"";"";"";"";"";"";"";"";"";"";"";"";"";"";"";"";"";"";"";"";"";"";"";"";"";"";"";"";"";"";"";"";"";"";"";"";"";"";"";"";"";"";"";"";"";"";"";"";"";"";"";"";"";"";"";"";""
12.12.2022 13:03:25;1670846605000;880f01e687e2572cea04e80fc6a68085;1183446;OK;1781;0;1;0;0;-0,11;-29,69;0;0;635;710;"";119,404;17,91;525,479;65,76;20,912;0,86;1,422;0,2;17,104;1,86;4,529;10,01;4,962;10,2;5,321;10,4;793,925;87,15;247,314;34,09;18,585;11,66;0,54;10,0;0,534;10,0;0,0;10,0;1,684;20,749;0,54;22,907;3,57;4,152;0,59;-1,039;1,95;950,931;1,0;"";"";23,751;2,29;108,664;14,18;"";"";13,0;20,0;13,0;"";"";"";"";"";"";"";"";"";"";"";"";"";"";"";"";"";"";"";"";"";"";"";"";"";"";"";"";"";"";"";"";"";"";"";"";"";"";"";"";"";"";"";"";"";"";"";"";"";"";"";"";"";"";"";"";"";"";"";"";"";"";"";"";""
12.12.2022 13:05:25;1670846725000;880f01e687e2572cea04e80fc6a68085;1183566;OK;1791;0;0;0;0;-0,1;-24,66;0;0;635;713;"";118,343;17,75;522,05;65,66;20,91;0,86;1,422;0,2;16,803;1,84;3,954;10,0;4,61;10,08;5,61;10,54;700,463;78,17;219,2;31,37;18,353;11,67;1,563;10,11;1,026;10,0;0,0;10,0;2,713;20,75;0,54;22,914;3,57;4,154;0,59;-1,034;1,95;950,9299;1,0;"";"";23,503;2,31;107,068;14,09;"";"";13,0;20,0;13,0;"";"";"";"";"";"";"";"";"";"";"";"";"";"";"";"";"";"";"";"";"";"";"";"";"";"";"";"";"";"";"";"";"";"";"";"";"";"";"";"";"";"";"";"";"";"";"";"";"";"";"";"";"";"";"";"";"";"";"";"";"";"";"";"";""
12.12.2022 13:07:26;1670846846000;880f01e687e2572cea04e80fc6a68085;1183687;OK;1795;0;1;0;0;-0,06;-34,44;0;0;634;718;"";115,071;17,26;516,554;65,5;20,911;0,86;1,42;0,2;16,554;1,83;4,236;10,0;4,927;10,3;6,114;10,76;751,299;83,08001;238,31;33,27;15,63;11,43;2,628;10,26;0,683;10,0;0,0;10,0;2,831;20,749;0,54;22,879;3,57;4,147;0,59;-1,056;1,96;950,916;1,0;"";"";23,307;2,31;105,771;14,03;"";"";13,0;20,0;13,0;"";"";"";"";"";"";"";"";"";"";"";"";"";"";"";"";"";"";"";"";"";"";"";"";"";"";"";"";"";"";"";"";"";"";"";"";"";"";"";"";"";"";"";"";"";"";"";"";"";"";"";"";"";"";"";"";"";"";"";"";"";"";"";"";""
12.12.2022 13:09:26;1670846966000;880f01e687e2572cea04e80fc6a68085;1183807;OK;1806;0;1;0;0;0,02;-36,05;0;0;636;722;"";115,018;17,25;513,252;65,4;20,912;0,86;1,419;0,2;16,346;1,82;3,547;10,01;4,256;10,08;4,562;10,21;736,391;81,6;230,816;32,41;17,502;11,8;0,489;10,03;0,288;10,0;0,0;10,0;1,735;20,75;0,54;22,947;3,57;4,16;0,59;-1,015;1,95;950,8909;1,0;"";"";23,122;2,32;105,068;13,99;"";"";13,0;20,0;13,0;"";"";"";"";"";"";"";"";"";"";"";"";"";"";"";"";"";"";"";"";"";"";"";"";"";"";"";"";"";"";"";"";"";"";"";"";"";"";"";"";"";"";"";"";"";"";"";"";"";"";"";"";"";"";"";"";"";"";"";"";"";"";"";"";""
12.12.2022 13:11:26;1670847086000;880f01e687e2572cea04e80fc6a68085;1183927;OK;1807;0;1;0;0;-0,02;-35,36;0;0;634;725;"";113,536;17,03;509,274;65,28;20,91;0,86;1,419;0,2;16,089;1,81;4,188;10,0;4,801;10,26;5,037;10,32;794,064;87,2;246,841;33,97;22,229;12,14;0,293;10,0;0,272;10,0;0,0;10,0;1,587;20,748;0,54;22,876;3,57;4,147;0,59;-1,058;1,96;950,863;1,0;"";"";22,871;2,34;104,072;13,94;"";"";13,0;20,0;13,0;"";"";"";"";"";"";"";"";"";"";"";"";"";"";"";"";"";"";"";"";"";"";"";"";"";"";"";"";"";"";"";"";"";"";"";"";"";"";"";"";"";"";"";"";"";"";"";"";"";"";"";"";"";"";"";"";"";"";"";"";"";"";"";"";""
12.12.2022 13:13:27;1670847207000;880f01e687e2572cea04e80fc6a68085;1184048;OK;1797;0;0;0;0;-0,08;-19,5;0;0;630;724;"";112,636;16,9;509,494;65,28;20,912;0,86;1,418;0,2;15,869;1,79;3,953;10,0;4,569;10,05;4,754;10,09;800,835;87,92;252,524;34,58;19,654;11,86;0,245;10,0;0,243;10,0;0,0;10,0;1,518;20,748;0,54;22,704;3,57;4,115;0,59;-1,162;1,97;950,846;1,0;"";"";22,647;2,35;103,348;13,9;"";"";13,0;20,0;13,0;"";"";"";"";"";"";"";"";"";"";"";"";"";"";"";"";"";"";"";"";"";"";"";"";"";"";"";"";"";"";"";"";"";"";"";"";"";"";"";"";"";"";"";"";"";"";"";"";"";"";"";"";"";"";"";"";"";"";"";"";"";"";"";"";""
12.12.2022 13:15:28;1670847328000;880f01e687e2572cea04e80fc6a68085;1184168;OK;1799;0;0;0;0;-0,23;-24,28;0;0;625;729;"";111,996;16,8;503,077;65,09;20,913;0,86;1,418;0,2;15,63;1,78;4,691;10,02;5,348;10,41;5,962;10,66;859,043;93,48001;266,828;35,96;19,75;11,83;0,982;10,03;0,782;10,01;0,0;10,0;1,991;20,745;0,54;22,53;3,58;4,083;0,59;-1,269;1,99;950,816;1,0;"";"";22,312;2,36;102,163;13,84;"";"";13,0;20,0;13,0;"";"";"";"";"";"";"";"";"";"";"";"";"";"";"";"";"";"";"";"";"";"";"";"";"";"";"";"";"";"";"";"";"";"";"";"";"";"";"";"";"";"";"";"";"";"";"";"";"";"";"";"";"";"";"";"";"";"";"";"";"";"";"";"";""
12.12.2022 13:17:29;1670847449000;880f01e687e2572cea04e80fc6a68085;1184289;OK;1804;0;0;0;0;-0,19;-23,21;0;0;625;730;"";110,617;16,59;502,161;65,06;20,913;0,86;1,417;0,2;15,503;1,78;4,403;10,0;5,063;10,22;5,296;10,3;781,643;86,04;241,504;33,55;14,749;11,47;0,315;10,01;0,294;10,01;0,0;10,0;1,48;20,74;0,54;22,534;3,58;4,083;0,59;-1,27;1,99;950,796;1,0;"";"";22,138;2,37;101,385;13,8;"";"";13,0;20,0;13,0;"";"";"";"";"";"";"";"";"";"";"";"";"";"";"";"";"";"";"";"";"";"";"";"";"";"";"";"";"";"";"";"";"";"";"";"";"";"";"";"";"";"";"";"";"";"";"";"";"";"";"";"";"";"";"";"";"";"";"";"";"";"";"";"";""
12.12.2022 13:19:28;1670847568000;880f01e687e2572cea04e80fc6a68085;1184408;OK;1807;0;0;0;0;-0,07;-24,04;0;0;627;732;"";106,668;16,0;500,424;65,01;20,919;0,86;1,416;0,2;15,435;1,77;4,736;10,02;5,633;10,71;6,061;10,78;814,6669;89,11;259,509;35,18;20,33;11,94;0,865;10,03;0,648;10,03;0,0;10,0;1,764;20,737;0,54;22,599;3,57;4,094;0,59;-1,234;1,98;950,7919;1,0;"";"";22,035;2,38;100,988;13,78;"";"";13,0;20,0;13,0;"";"";"";"";"";"";"";"";"";"";"";"";"";"";"";"";"";"";"";"";"";"";"";"";"";"";"";"";"";"";"";"";"";"";"";"";"";"";"";"";"";"";"";"";"";"";"";"";"";"";"";"";"";"";"";"";"";"";"";"";"";"";"";"";""
12.12.2022 13:21:28;1670847688000;880f01e687e2572cea04e80fc6a68085;1184528;OK;1824;0;0;0;0;0,05;-9,02;0;0;628;733;"";109,75;16,46;499,778;64,99;20,912;0,86;1,415;0,2;15,452;1,77;4,318;10,0;4,984;10,24;5,03;10,25;800,6149;87,86;251,271;34,46;17,213;11,66;0,092;10,0;0,069;10,0;0,0;10,0;1,254;20,737;0,54;22,627;3,57;4,099;0,59;-1,217;1,98;950,803;1,0;"";"";22,001;2,38;100,869;13,77;"";"";13,0;20,0;13,0;"";"";"";"";"";"";"";"";"";"";"";"";"";"";"";"";"";"";"";"";"";"";"";"";"";"";"";"";"";"";"";"";"";"";"";"";"";"";"";"";"";"";"";"";"";"";"";"";"";"";"";"";"";"";"";"";"";"";"";"";"";"";"";"";""
12.12.2022 13:23:29;1670847809000;880f01e687e2572cea04e80fc6a68085;1184650;OK;1794;0;0;0;0;0,0;-13,69;0;0;625;737;"";109,286;16,39;495,58;64,87;20,913;0,86;1,414;0,2;15,355;1,77;4,021;10,0;4,662;10,11;5,464;10,42;768,477;84,7;240,498;33,39;19,492;11,97;0,989;10,01;0,987;10,01;0,16;10,0;2,445;20,734;0,54;22,54;3,58;4,082;0,59;-1,272;1,99;950,82;1,0;"";"";22,008;2,38;100,65;13,76;"";"";13,164;19,91;30,8;"";"";"";"";"";"";"";"";"";"";"";"";"";"";"";"";"";"";"";"";"";"";"";"";"";"";"";"";"";"";"";"";"";"";"";"";"";"";"";"";"";"";"";"";"";"";"";"";"";"";"";"";"";"";"";"";"";"";"";"";"";"";"";"";""
12.12.2022 13:25:29;1670847929000;880f01e687e2572cea04e80fc6a68085;1184769;OK;1818;0;0;0;0;-0,09;-17,25;0;0;622;737;"";108,089;16,21;494,287;64,83;20,918;0,86;1,413;0,2;15,209;1,76;4,17;10,0;4,967;10,11;5,333;10,32;777,439;85,65001;237,819;33,09;20,868;11,99;0,912;10,0;0,372;10,0;0,017;10,0;1,792;20,731;0,54;22,425;3,58;4,061;0,59;-1,344;2,0;950,83;1,0;"";"";21,812;2,39;99,721;13,71;"";"";13,017;19,99;13,0;"";"";"";"";"";"";"";"";"";"";"";"";"";"";"";"";"";"";"";"";"";"";"";"";"";"";"";"";"";"";"";"";"";"";"";"";"";"";"";"";"";"";"";"";"";"";"";"";"";"";"";"";"";"";"";"";"";"";"";"";"";"";"";"";""
12.12.2022 13:27:31;1670848051000;880f01e687e2572cea04e80fc6a68085;1184892;OK;1784;0;0;0;0;-0,08;-15,86;0;0;624;738;"";105,746;15,86;493,929;64,82;20,915;0,86;1,412;0,2;15,223;1,76;3,902;10,0;4,705;10,11;4,864;10,22;796,326;87,36;247,975;34,12;16,235;11,52;0,365;10,0;0,201;10,0;0,002;10,0;1,489;20,73;0,54;22,504;3,58;4,075;0,59;-1,298;1,99;950,844;1,0;"";"";21,847;2,39;99,30301;13,69;"";"";13,002;20,0;13,0;"";"";"";"";"";"";"";"";"";"";"";"";"";"";"";"";"";"";"";"";"";"";"";"";"";"";"";"";"";"";"";"";"";"";"";"";"";"";"";"";"";"";"";"";"";"";"";"";"";"";"";"";"";"";"";"";"";"";"";"";"";"";"";"";""
12.12.2022 13:29:30;1670848170000;880f01e687e2572cea04e80fc6a68085;1185011;OK;1803;0;0;0;0;-0,01;-10,38;0;0;624;740;"";104,491;15,67;492,224;64,77;20,919;0,86;1,412;0,2;15,296;1,76;3,719;10,0;4,532;10,03;4,549;10,04;740,104;81,97001;231,431;32,51;15,315;11,42;0,157;10,0;0,021;10,0;0,0;10,0;1,291;20,73;0,54;22,514;3,58;4,077;0,59;-1,291;1,99;950,857;1,0;"";"";21,839;2,39;99,1;13,68;"";"";13,0;20,0;13,0;"";"";"";"";"";"";"";"";"";"";"";"";"";"";"";"";"";"";"";"";"";"";"";"";"";"";"";"";"";"";"";"";"";"";"";"";"";"";"";"";"";"";"";"";"";"";"";"";"";"";"";"";"";"";"";"";"";"";"";"";"";"";"";"";""
12.12.2022 13:31:31;1670848291000;880f01e687e2572cea04e80fc6a68085;1185132;OK;1793;0;0;0;0;-0,0;-0,64;0;0;622;737;"";105,021;15,75;495,233;64,86;20,918;0,86;1,412;0,2;15,277;1,76;3,952;10,0;5,023;10,2;5,058;10,24;763,569;84,32;239,167;33,32;17,956;11,68;0,853;10,0;0,102;10,0;0,0;10,0;1,366;20,73;0,54;22,44;3,58;4,063;0,59;-1,336;2,0;950,843;1,0;"";"";21,778;2,39;99,419;13,7;"";"";16,331;18,93;75,7;"";"";"";"";"";"";"";"";"";"";"";"";"";"";"";"";"";"";"";"";"";"";"";"";"";"";"";"";"";"";"";"";"";"";"";"";"";"";"";"";"";"";"";"";"";"";"";"";"";"";"";"";"";"";"";"";"";"";"";"";"";"";"";"";""
12.12.2022 13:33:30;1670848410000;880f01e687e2572cea04e80fc6a68085;1185251;OK;1799;1;0;0;0;0,08;40,75;0;0;630;728;"";107,117;16,07;506,742;65,2;20,914;0,86;1,411;0,2;15,355;1,77;4,161;10,0;5,449;10,48;6,89;10,9;831,455;90,85;254,173;34,75;26,831;12,61;3,102;10,23;1,763;10,04;1,009;10,0;3,007;20,741;0,54;22,699;3,57;4,113;0,59;-1,17;1,97;950,838;1,0;"";"";21,901;2,38;102,101;13,84;"";"";14,352;19,4;46,1;"";"";"";"";"";"";"";"";"";"";"";"";"";"";"";"";"";"";"";"";"";"";"";"";"";"";"";"";"";"";"";"";"";"";"";"";"";"";"";"";"";"";"";"";"";"";"";"";"";"";"";"";"";"";"";"";"";"";"";"";"";"";"";"";""
12.12.2022 13:35:31;1670848531000;880f01e687e2572cea04e80fc6a68085;1185372;OK;1797;1;0;0;0;0,19;34,1;0;0;632;733;"";111,032;16,65;500,877;65,03;20,912;0,86;1,411;0,2;15,405;1,77;4,202;10,0;4,751;10,14;5,111;10,29;813,597;89,16;253,083;34,55;13,442;11,28;0,743;10,02;0,182;10,0;0,104;10,0;1,663;20,766;0,54;22,78;3,57;4,134;0,59;-1,101;1,97;950,8389;1,0;"";"";22,031;2,38;105,019;13,99;"";"";13,14;19,94;13,0;"";"";"";"";"";"";"";"";"";"";"";"";"";"";"";"";"";"";"";"";"";"";"";"";"";"";"";"";"";"";"";"";"";"";"";"";"";"";"";"";"";"";"";"";"";"";"";"";"";"";"";"";"";"";"";"";"";"";"";"";"";"";"";"";""
12.12.2022 13:37:32;1670848652000;880f01e687e2572cea04e80fc6a68085;1185492;OK;1818;0;0;0;0;0,26;1,17;0;0;635;734;"";114,969;17,25;500,345;65,01;20,913;0,86;1,411;0,2;15,447;1,77;3,609;10,0;3,943;10,04;4,58;10,08;751,624;83,07;231,56;32,55;13,193;11,21;1,241;10,0;0,85;10,0;0,011;10,0;2,331;20,787;0,54;22,897;3,57;4,16;0,59;-1,013;1,95;950,878;1,0;"";"";22,269;2,36;107,217;14,1;"";"";13,014;19,99;13,0;"";"";"";"";"";"";"";"";"";"";"";"";"";"";"";"";"";"";"";"";"";"";"";"";"";"";"";"";"";"";"";"";"";"";"";"";"";"";"";"";"";"";"";"";"";"";"";"";"";"";"";"";"";"";"";"";"";"";"";"";"";"";"";"";""
12.12.2022 13:39:33;1670848773000;880f01e687e2572cea04e80fc6a68085;1185613;OK;1799;0;0;0;0;0,22;2,1;0;0;638;726;"";120,557;18,08;509,818;65,29;20,911;0,86;1,412;0,2;15,624;1,78;3,796;10,0;4,393;10,07;4,638;10,11;816,0439;89,28;252,816;34,61;17,704;11,69;0,762;10,0;0,721;10,0;0,001;10,0;1,64;20,811;0,54;23,061;3,56;4,195;0,59;-0,896;1,94;950,896;1,0;"";"";22,427;2,36;110,148;14,25;"";"";13,17;19,91;43,4;"";"";"";"";"";"";"";"";"";"";"";"";"";"";"";"";"";"";"";"";"";"";"";"";"";"";"";"";"";"";"";"";"";"";"";"";"";"";"";"";"";"";"";"";"";"";"";"";"";"";"";"";"";"";"";"";"";"";"";"";"";"";"";"";""
12.12.2022 13:41:33;1670848893000;880f01e687e2572cea04e80fc6a68085;1185734;OK;1795;1;0;0;0;0,2;39,29;0;0;639;722;"";124,913;18,74;514,002;65,42;20,914;0,86;1,413;0,2;15,636;1,78;4,358;10,02;5,028;10,19;5,98;10,81;768,1;84,72;240,762;33,42;23,486;12,21;1,581;10,07;0,861;10,0;0,0;10,0;2,541;20,84;0,54;23,078;3,56;4,206;0,59;-0,86;1,94;950,905;1,0;"";"";22,567;2,35;112,212;14,36;"";"";13,017;19,99;13,0;"";"";"";"";"";"";"";"";"";"";"";"";"";"";"";"";"";"";"";"";"";"";"";"";"";"";"";"";"";"";"";"";"";"";"";"";"";"";"";"";"";"";"";"";"";"";"";"";"";"";"";"";"";"";"";"";"";"";"";"";"";"";"";"";""
12.12.2022 13:43:32;1670849012000;880f01e687e2572cea04e80fc6a68085;1185852;OK;1807;1;0;0;0;0,19;39,97;0;0;643;719;"";128,967;19,34;517,521;65,53;20,911;0,86;1,415;0,2;15,668;1,78;3,877;10,0;4,38;10,02;4,602;10,1;713,185;79,36;222,593;31,64;14,869;11,39;0,354;10,04;0,192;10,0;0,0;10,0;1,519;20,865;0,54;23,233;3,56;4,24;0,59;-0,747;1,92;950,916;1,0;"";"";22,866;2,34;114,242;14,46;"";"";14,208;19,53;68,0;"";"";"";"";"";"";"";"";"";"";"";"";"";"";"";"";"";"";"";"";"";"";"";"";"";"";"";"";"";"";"";"";"";"";"";"";"";"";"";"";"";"";"";"";"";"";"";"";"";"";"";"";"";"";"";"";"";"";"";"";"";"";"";"";""
12.12.2022 13:45:33;1670849133000;880f01e687e2572cea04e80fc6a68085;1185974;OK;1793;1;0;0;0;0,2;42,54;0;0;646;711;"";133,243;19,99;526,764;65,8;20,915;0,86;1,415;0,2;15,688;1,78;3,876;10,0;4,611;10,06;5,371;10,47;743,081;82,28;230,743;32,38;18,701;11,71;1,942;10,1;0,575;10,0;0,0;10,0;2,32;20,887;0,54;23,356;3,55;4,268;0,59;-0,657;1,91;950,9109;1,0;"";"";23,094;2,32;116,116;14,56;"";"";13,323;19,88;60,1;"";"";"";"";"";"";"";"";"";"";"";"";"";"";"";"";"";"";"";"";"";"";"";"";"";"";"";"";"";"";"";"";"";"";"";"";"";"";"";"";"";"";"";"";"";"";"";"";"";"";"";"";"";"";"";"";"";"";"";"";"";"";"";"";""
12.12.2022 13:47:33;1670849253000;880f01e687e2572cea04e80fc6a68085;1186094;OK;1798;1;0;0;0;0,19;57,67;0;0;644;705;"";134,898;20,23;533,244;66,0;20,909;0,86;1,416;0,2;15,441;1,77;4,447;10,09;5,625;10,54;5,835;10,66;802,714;88,05;250,66;34,29;19,989;11,83;1,344;10,11;0,223;10,0;0,0;10,0;1,616;20,913;0,54;23,287;3,56;4,262;0,59;-0,676;1,92;950,887;1,0;"";"";23,217;2,32;116,815;14,6;"";"";13,033;19,99;13,0;"";"";"";"";"";"";"";"";"";"";"";"";"";"";"";"";"";"";"";"";"";"";"";"";"";"";"";"";"";"";"";"";"";"";"";"";"";"";"";"";"";"";"";"";"";"";"";"";"";"";"";"";"";"";"";"";"";"";"";"";"";"";"";"";""
12.12.2022 13:49:35;1670849375000;880f01e687e2572cea04e80fc6a68085;1186215;OK;1801;1;0;0;0;0,1;56,85;0;0;645;700;"";136,518;20,48;538,395;66,15;20,905;0,86;1,417;0,2;15,071;1,75;3,658;10,01;4,401;10,06;5,134;10,26;737,7069;81,78;234,333;32,8;14,117;11,22;1,464;10,01;0,999;10,0;0,197;10,0;2,391;20,944;0,54;23,332;3,55;4,278;0,59;-0,623;1,91;950,886;1,0;"";"";23,196;2,32;117,313;14,62;"";"";13,937;19,63;58,0;"";"";"";"";"";"";"";"";"";"";"";"";"";"";"";"";"";"";"";"";"";"";"";"";"";"";"";"";"";"";"";"";"";"";"";"";"";"";"";"";"";"";"";"";"";"";"";"";"";"";"";"";"";"";"";"";"";"";"";"";"";"";"";"";""
12.12.2022 13:51:35;1670849495000;880f01e687e2572cea04e80fc6a68085;1186336;OK;1809;1;0;0;0;0,07;39,47;0;0;646;697;"";139,591;20,94;541,637;66,25;20,907;0,86;1,417;0,2;14,858;1,74;3,364;10,0;3,961;10,08;4,19;10,18;716,497;79,61;221,338;31,56;17,283;11,6;0,234;10,0;0,186;10,0;0,103;10,0;1,543;20,967;0,54;23,364;3,55;4,289;0,59;-0,584;1,91;950,887;1,0;"";"";23,148;2,32;117,195;14,61;"";"";13,097;19,96;13,0;"";"";"";"";"";"";"";"";"";"";"";"";"";"";"";"";"";"";"";"";"";"";"";"";"";"";"";"";"";"";"";"";"";"";"";"";"";"";"";"";"";"";"";"";"";"";"";"";"";"";"";"";"";"";"";"";"";"";"";"";"";"";"";"";""
12.12.2022 13:53:36;1670849616000;880f01e687e2572cea04e80fc6a68085;1186457;OK;1795;1;0;0;0;0,08;34,03;0;0;647;692;"";141,231;21,18;546,92;66,41;20,908;0,86;1,417;0,2;14,586;1,73;3,701;10,0;4,196;10,02;4,447;10,18;703,038;78,31;217,916;31,16;14,157;11,4;0,314;10,0;0,309;10,0;0,201;10,0;1,545;20,991;0,54;23,384;3,55;4,299;0,6;-0,553;1,91;950,888;1,0;"";"";22,98;2,33;116,7;14,59;"";"";13,01;20,0;13,0;"";"";"";"";"";"";"";"";"";"";"";"";"";"";"";"";"";"";"";"";"";"";"";"";"";"";"";"";"";"";"";"";"";"";"";"";"";"";"";"";"";"";"";"";"";"";"";"";"";"";"";"";"";"";"";"";"";"";"";"";"";"";"";"";""
12.12.2022 13:55:37;1670849737000;880f01e687e2572cea04e80fc6a68085;1186577;OK;1795;1;0;0;0;0,05;31,75;0;0;647;690;"";142,516;21,38;548,79;66,46;20,903;0,86;1,419;0,2;14,308;1,71;4,212;10,0;4,842;10,24;4,955;10,28;748,378;82,76999;236,581;32,99;20,002;11,96;0,143;10,0;0,142;10,0;0,021;10,0;1,348;21,011;0,54;23,375;3,55;4,302;0,6;-0,541;1,91;950,898;1,0;"";"";22,862;2,34;116,204;14,56;"";"";14,488;19,43;69,9;"";"";"";"";"";"";"";"";"";"";"";"";"";"";"";"";"";"";"";"";"";"";"";"";"";"";"";"";"";"";"";"";"";"";"";"";"";"";"";"";"";"";"";"";"";"";"";"";"";"";"";"";"";"";"";"";"";"";"";"";"";"";"";"";""
12.12.2022 13:57:36;1670849856000;880f01e687e2572cea04e80fc6a68085;1186696;OK;1808;1;0;0;0;0,06;87,80001;0;0;648;666;"";148,822;22,32;576,456;67,29;20,903;0,86;1,42;0,2;14,119;1,7;4,4;10,08;4,769;10,15;5,169;10,35;767,42;84,62001;240,868;33,43;17,487;11,62;0,627;10,0;0,168;10,0;0,002;10,0;1,733;21,028;0,54;23,413;3,55;4,314;0,6;-0,504;1,91;950,884;1,0;"";"";22,651;2,35;115,701;14,53;"";"";13,159;19,94;13,0;"";"";"";"";"";"";"";"";"";"";"";"";"";"";"";"";"";"";"";"";"";"";"";"";"";"";"";"";"";"";"";"";"";"";"";"";"";"";"";"";"";"";"";"";"";"";"";"";"";"";"";"";"";"";"";"";"";"";"";"";"";"";"";"";""
12.12.2022 13:59:37;1670849977000;880f01e687e2572cea04e80fc6a68085;1186817;OK;1797;1;0;0;0;-0,03;94,93;0;0;643;667;"";144,214;21,63;573,75;67,21;20,906;0,86;1,421;0,2;13,763;1,68;3,943;10,01;4,858;10,18;5,791;10,47;756,993;83,61;240,886;33,45;21,091;11,98;1,922;10,11;0,609;10,05;0,316;10,0;2,451;21,038;0,54;23,215;3,56;4,28;0,6;-0,612;1,93;950,863;1,0;"";"";22,278;2,36;113,93;14,44;"";"";13,016;19,99;13,0;"";"";"";"";"";"";"";"";"";"";"";"";"";"";"";"";"";"";"";"";"";"";"";"";"";"";"";"";"";"";"";"";"";"";"";"";"";"";"";"";"";"";"";"";"";"";"";"";"";"";"";"";"";"";"";"";"";"";"";"";"";"";"";"";""
12.12.2022 14:01:38;1670850098000;880f01e687e2572cea04e80fc6a68085;1186938;OK;1813;1;0;0;0;-0,11;46,79;0;0;641;671;"";143,49;21,52;568,424;67,05;20,906;0,86;1,421;0,2;13,518;1,67;4,179;10,03;4,653;10,15;5,731;10,52;785,98;86,42;241,068;33,52;19,347;11,84;1,908;10,14;1,136;10,01;0,033;10,0;2,752;21,051;0,54;23,153;3,56;4,272;0,6;-0,638;1,93;950,865;1,0;"";"";21,88;2,38;112,33;14,36;"";"";13,002;20,0;13,0;"";"";"";"";"";"";"";"";"";"";"";"";"";"";"";"";"";"";"";"";"";"";"";"";"";"";"";"";"";"";"";"";"";"";"";"";"";"";"";"";"";"";"";"";"";"";"";"";"";"";"";"";"";"";"";"";"";"";"";"";"";"";"";"";""
12.12.2022 14:03:39;1670850219000;880f01e687e2572cea04e80fc6a68085;1187060;OK;1789;0;0;0;0;-0,11;-5,52;0;0;640;666;"";145,408;21,81;574,35;67,23001;20,908;0,86;1,421;0,2;13,242;1,66;3,95;10,03;4,718;10,17;4,979;10,22;787,9149;86,66;242,847;33,61;15,694;11,42;0,797;10,11;0,215;10,0;0,003;10,0;1,553;21,066;0,54;23,121;3,56;4,269;0,6;-0,645;1,93;950,8599;1,0;"";"";21,571;2,4;111,057;14,29;"";"";13,0;20,0;13,0;"";"";"";"";"";"";"";"";"";"";"";"";"";"";"";"";"";"";"";"";"";"";"";"";"";"";"";"";"";"";"";"";"";"";"";"";"";"";"";"";"";"";"";"";"";"";"";"";"";"";"";"";"";"";"";"";"";"";"";"";"";"";"";"";""
12.12.2022 14:05:38;1670850338000;880f01e687e2572cea04e80fc6a68085;1187178;OK;1800;0;0;0;0;-0,02;15,91;0;0;640;665;"";146,214;21,93;574,949;67,25;20,901;0,86;1,421;0,2;13,072;1,65;3,813;10,0;4,383;10,1;5,354;10,36;767,471;84,62001;231,883;32,56;15,884;11,45;1,325;10,02;1,263;10,01;0,0;10,0;2,761;21,081;0,54;23,1;3,56;4,269;0,6;-0,645;1,94;950,853;1,0;"";"";21,239;2,41;110,916;14,28;"";"";13,0;20,0;13,0;"";"";"";"";"";"";"";"";"";"";"";"";"";"";"";"";"";"";"";"";"";"";"";"";"";"";"";"";"";"";"";"";"";"";"";"";"";"";"";"";"";"";"";"";"";"";"";"";"";"";"";"";"";"";"";"";"";"";"";"";"";"";"";"";""
12.12.2022 14:07:40;1670850460000;880f01e687e2572cea04e80fc6a68085;1187301;OK;1795;1;0;0;0;0,04;31,68;0;0;641;659;"";149,698;22,45;582,271;67,47;20,901;0,86;1,421;0,2;12,988;1,64;3,736;10,0;4,433;10,07;5,16;10,35;709,438;79,02;219,287;31,34;16,403;11,59;1,318;10,0;1,312;10,0;0,0;10,0;2,431;21,098;0,54;23,163;3,56;4,285;0,6;-0,593;1,93;950,8389;1,0;"";"";20,953;2,43;111,24;14,3;"";"";13,0;20,0;13,0;"";"";"";"";"";"";"";"";"";"";"";"";"";"";"";"";"";"";"";"";"";"";"";"";"";"";"";"";"";"";"";"";"";"";"";"";"";"";"";"";"";"";"";"";"";"";"";"";"";"";"";"";"";"";"";"";"";"";"";"";"";"";"";"";""
12.12.2022 14:09:41;1670850581000;880f01e687e2572cea04e80fc6a68085;1187421;OK;1791;1;0;0;0;0,05;29,34;0;0;642;653;"";149,341;22,4;588,266;67,65;20,903;0,86;1,421;0,2;12,901;1,64;4,35;10,0;4,808;10,09;5,496;10,52;750,829;83,08001;236,571;32,98;19,212;11,77;0,829;10,0;0,828;10,0;0,0;10,0;2,189;21,116;0,54;23,169;3,56;4,291;0,6;-0,574;1,93;950,822;1,0;"";"";20,865;2,43;110,918;14,28;"";"";13,0;20,0;13,0;"";"";"";"";"";"";"";"";"";"";"";"";"";"";"";"";"";"";"";"";"";"";"";"";"";"";"";"";"";"";"";"";"";"";"";"";"";"";"";"";"";"";"";"";"";"";"";"";"";"";"";"";"";"";"";"";"";"";"";"";"";"";"";"";""
12.12.2022 14:11:40;1670850700000;880f01e687e2572cea04e80fc6a68085;1187541;OK;1801;1;0;0;0;0,07;48,39;0;0;643;647;"";151,118;22,67;596,256;67,89;20,903;0,86;1,421;0,2;12,767;1,63;3,724;10,0;4,131;10,02;4,312;10,06;676,508;75,8;214,792;30,84;16,233;11,56;0,285;10,0;0,088;10,0;0,0;10,0;1,446;21,137;0,54;23,205;3,55;4,302;0,6;-0,535;1,93;950,812;1,0;"";"";20,746;2,44;110,567;14,26;"";"";13,0;20,0;13,0;"";"";"";"";"";"";"";"";"";"";"";"";"";"";"";"";"";"";"";"";"";"";"";"";"";"";"";"";"";"";"";"";"";"";"";"";"";"";"";"";"";"";"";"";"";"";"";"";"";"";"";"";"";"";"";"";"";"";"";"";"";"";"";"";""
12.12.2022 14:13:41;1670850821000;880f01e687e2572cea04e80fc6a68085;1187662;OK;1801;1;0;0;0;0,06;37,24;0;0;643;651;"";154,386;23,16;590,443;67,71;20,905;0,86;1,421;0,2;12,782;1,63;3,527;10,01;4,119;10,05;4,348;10,18;703,716;78,45;218,845;31,26;11,191;11,07;0,279;10,0;0,258;10,0;0,0;10,0;1,576;21,155;0,54;23,216;3,55;4,309;0,6;-0,513;1,93;950,813;1,0;"";"";20,684;2,44;110,765;14,27;"";"";13,0;20,0;13,0;"";"";"";"";"";"";"";"";"";"";"";"";"";"";"";"";"";"";"";"";"";"";"";"";"";"";"";"";"";"";"";"";"";"";"";"";"";"";"";"";"";"";"";"";"";"";"";"";"";"";"";"";"";"";"";"";"";"";"";"";"";"";"";"";""
12.12.2022 14:15:41;1670850941000;880f01e687e2572cea04e80fc6a68085;1187781;OK;1806;0;0;0;0;0,11;-23,34;0;0;645;659;"";156,638;23,5;580,605;67,42;20,906;0,86;1,423;0,2;12,939;1,64;4,418;10,0;5,135;10,31;6,104;10,59;817,313;89,59;255,639;34,91;20,751;11,92;2,926;10,29;2,061;10,24;0,0;10,0;2,357;21,174;0,54;23,289;3,55;4,327;0,6;-0,454;1,92;950,813;1,0;"";"";20,703;2,44;111,481;14,31;"";"";13,0;20,0;13,0;"";"";"";"";"";"";"";"";"";"";"";"";"";"";"";"";"";"";"";"";"";"";"";"";"";"";"";"";"";"";"";"";"";"";"";"";"";"";"";"";"";"";"";"";"";"";"";"";"";"";"";"";"";"";"";"";"";"";"";"";"";"";"";"";""
12.12.2022 14:17:41;1670851061000;880f01e687e2572cea04e80fc6a68085;1187901;OK;1809;0;1;0;0;0,18;-42,81;0;0;648;654;"";161,506;24,23;586,876;67,61;20,908;0,86;1,423;0,2;13,131;1,65;4,553;10,06;5,364;10,42;5,577;10,49;774,117;85,31;236,472;32,99;19,187;11,83;0,577;10,03;0,223;10,02;0,0;10,0;1,455;21,187;0,54;23,437;3,55;4,358;0,6;-0,356;1,91;950,7979;1,0;"";"";20,967;2,43;112,167;14,34;"";"";13,293;19,87;50,8;"";"";"";"";"";"";"";"";"";"";"";"";"";"";"";"";"";"";"";"";"";"";"";"";"";"";"";"";"";"";"";"";"";"";"";"";"";"";"";"";"";"";"";"";"";"";"";"";"";"";"";"";"";"";"";"";"";"";"";"";"";"";"";"";""
12.12.2022 14:19:42;1670851182000;880f01e687e2572cea04e80fc6a68085;1188022;OK;1808;1;0;0;0;0,26;31,81;0;0;653;640;"";165,621;24,84;605,108;68,15;20,909;0,86;1,425;0,2;13,215;1,65;3,918;10,01;4,662;10,1;5,544;10,54;725,839;80,57;228,084;32,17;23,122;12,18;1,174;10,0;1,137;10,0;0,0;10,0;2,53;21,196;0,54;23,642;3,54;4,398;0,6;-0,229;1,89;950,776;1,0;"";"";21,34;2,41;112,784;14,38;"";"";13,03;19,99;13,0;"";"";"";"";"";"";"";"";"";"";"";"";"";"";"";"";"";"";"";"";"";"";"";"";"";"";"";"";"";"";"";"";"";"";"";"";"";"";"";"";"";"";"";"";"";"";"";"";"";"";"";"";"";"";"";"";"";"";"";"";"";"";"";"";""
12.12.2022 14:21:43;1670851303000;880f01e687e2572cea04e80fc6a68085;1188144;OK;1781;2;0;0;0;0,26;128,64;0;0;656;623;"";172,793;25,92;626,35;68,79;20,904;0,86;1,426;0,2;13,306;1,66;4,164;10,0;5,115;10,29;5,988;10,65;751,098;83,16001;233,061;32,56;27,105;12,63;1,561;10,04;0,983;10,04;0,166;10,0;2,428;21,205;0,54;23,727;3,54;4,417;0,6;-0,172;1,88;950,771;1,0;"";"";21,558;2,4;113,027;14,39;"";"";13,003;20,0;13,0;"";"";"";"";"";"";"";"";"";"";"";"";"";"";"";"";"";"";"";"";"";"";"";"";"";"";"";"";"";"";"";"";"";"";"";"";"";"";"";"";"";"";"";"";"";"";"";"";"";"";"";"";"";"";"";"";"";"";"";"";"";"";"";"";""
12.12.2022 14:23:44;1670851424000;880f01e687e2572cea04e80fc6a68085;1188265;OK;1795;2;0;0;0;0,14;121,04;0;0;655;622;"";170,502;25,58;626,897;68,81;20,907;0,86;1,427;0,2;13,25;1,66;3,73;10,0;4,141;10,03;4,478;10,07;725,82;80,65001;220,271;31,33;17,816;11,63;0,534;10,0;0,159;10,0;0,017;10,0;1,716;21,216;0,54;23,69;3,54;4,413;0,6;-0,184;1,88;950,777;1,0;"";"";21,631;2,39;113,288;14,4;"";"";13,0;20,0;13,0;"";"";"";"";"";"";"";"";"";"";"";"";"";"";"";"";"";"";"";"";"";"";"";"";"";"";"";"";"";"";"";"";"";"";"";"";"";"";"";"";"";"";"";"";"";"";"";"";"";"";"";"";"";"";"";"";"";"";"";"";"";"";"";"";""
12.12.2022 14:25:43;1670851543000;880f01e687e2572cea04e80fc6a68085;1188384;OK;1802;1;0;0;0;0,09;56,69;0;0;658;624;"";171,523;25,73;625,456;68,76;20,904;0,86;1,427;0,2;13,286;1,66;3,82;10,0;4,296;10,18;4,333;10,18;733,371;81,3;228,554;32,26;12,131;11,14;0,332;10,03;0,017;10,0;0,002;10,0;1,187;21,224;0,54;23,829;3,54;4,441;0,6;-0,096;1,87;950,8019;1,0;"";"";21,68;2,39;113,341;14,41;"";"";13,492;19,85;72,3;"";"";"";"";"";"";"";"";"";"";"";"";"";"";"";"";"";"";"";"";"";"";"";"";"";"";"";"";"";"";"";"";"";"";"";"";"";"";"";"";"";"";"";"";"";"";"";"";"";"";"";"";"";"";"";"";"";"";"";"";"";"";"";"";""
12.12.2022 14:27:44;1670851664000;880f01e687e2572cea04e80fc6a68085;1188505;OK;1795;0;0;0;0;0,08;15,88;0;0;658;623;"";172,578;25,89;625,423;68,76;20,902;0,86;1,427;0,2;13,292;1,66;3,852;10,0;4,364;10,08;4,368;10,08;729,301;80,96;224,533;31,93;15,671;11,5;0,034;10,0;0,002;10,0;0,0;10,0;1,18;21,234;0,54;23,84;3,54;4,445;0,6;-0,081;1,87;950,826;1,0;"";"";21,57;2,4;113,537;14,42;"";"";13,051;19,98;13,0;"";"";"";"";"";"";"";"";"";"";"";"";"";"";"";"";"";"";"";"";"";"";"";"";"";"";"";"";"";"";"";"";"";"";"";"";"";"";"";"";"";"";"";"";"";"";"";"";"";"";"";"";"";"";"";"";"";"";"";"";"";"";"";"";""
12.12.2022 14:29:44;1670851784000;880f01e687e2572cea04e80fc6a68085;1188624;OK;1812;0;0;0;0;-0,01;7,38;0;0;652;619;"";173,576;26,04;628,458;68,85;20,902;0,86;1,428;0,2;13,177;1,65;4,092;10,02;4,666;10,25;5,663;10,46;746,8729;82,66001;227,91;32,29;16,25;11,59;1,588;10,04;1,584;10,04;0,0;10,0;2,653;21,245;0,54;23,581;3,54;4,4;0,6;-0,223;1,89;950,856;1,0;"";"";21,416;2,41;113,37;14,41;"";"";13,005;20,0;13,0;"";"";"";"";"";"";"";"";"";"";"";"";"";"";"";"";"";"";"";"";"";"";"";"";"";"";"";"";"";"";"";"";"";"";"";"";"";"";"";"";"";"";"";"";"";"";"";"";"";"";"";"";"";"";"";"";"";"";"";"";"";"";"";"";""
12.12.2022 14:31:45;1670851905000;880f01e687e2572cea04e80fc6a68085;1188745;OK;1799;0;1;0;0;-0,34;-30,44;0;0;640;631;"";162,186;24,33;611,49;68,34;20,904;0,86;1,427;0,2;12,917;1,64;4,1;10,0;4,636;10,03;5,167;10,46;739,143;81,93;231,701;32,55;18,247;11,62;0,638;10,0;0,638;10,0;0,0;10,0;1,975;21,251;0,54;23,116;3,56;4,314;0,61;-0,492;1,94;950,892;1,0;"";"";20,706;2,44;110,789;14,28;"";"";13,001;20,0;13,0;"";"";"";"";"";"";"";"";"";"";"";"";"";"";"";"";"";"";"";"";"";"";"";"";"";"";"";"";"";"";"";"";"";"";"";"";"";"";"";"";"";"";"";"";"";"";"";"";"";"";"";"";"";"";"";"";"";"";"";"";"";"";"";"";""
12.12.2022 14:33:45;1670852025000;880f01e687e2572cea04e80fc6a68085;1188866;OK;1808;0;1;0;0;-0,41;-45,59;0;0;639;625;"";161,948;24,29;618,306;68,55;20,903;0,86;1,427;0,2;12,571;1,62;3,509;10,0;4,305;10,0;4,499;10,12;710,438;79,13;222,747;31,7;19,266;11,87;0,206;10,0;0,206;10,0;0,0;10,0;1,582;21,259;0,54;23,091;3,56;4,312;0,61;-0,499;1,94;950,915;1,0;"";"";19,922;2,48;108,4;14,16;"";"";13,0;20,0;13,0;"";"";"";"";"";"";"";"";"";"";"";"";"";"";"";"";"";"";"";"";"";"";"";"";"";"";"";"";"";"";"";"";"";"";"";"";"";"";"";"";"";"";"";"";"";"";"";"";"";"";"";"";"";"";"";"";"";"";"";"";"";"";"";"";""
12.12.2022 14:35:46;1670852146000;880f01e687e2572cea04e80fc6a68085;1188985;OK;1820;0;0;0;0;-0,2;18,46;0;0;641;615;"";163,507;24,53;631,283;68,94001;20,904;0,86;1,427;0,2;12,552;1,62;3,354;10,0;3,725;10,0;3,999;10,03;695,062;77,64;213,124;30,79;10,961;11,05;0,7940001;10,0;0,7940001;10,0;0,0;10,0;1,675;21,274;0,54;23,148;3,55;4,326;0,61;-0,454;1,93;950,925;1,0;"";"";19,548;2,5;107,248;14,1;"";"";13,0;20,0;13,0;"";"";"";"";"";"";"";"";"";"";"";"";"";"";"";"";"";"";"";"";"";"";"";"";"";"";"";"";"";"";"";"";"";"";"";"";"";"";"";"";"";"";"";"";"";"";"";"";"";"";"";"";"";"";"";"";"";"";"";"";"";"";"";"";""
12.12.2022 14:37:46;1670852266000;880f01e687e2572cea04e80fc6a68085;1189107;OK;1788;0;0;0;0;0,23;17,15;0;0;648;630;"";168,475;25,27;613,737;68,41001;20,904;0,86;1,428;0,2;12,904;1,64;4,039;10,01;4,944;10,28;5,609;10,51;766,767;84,62001;239,627;33,35;19,639;11,91;1,324;10,03;1,324;10,03;0,0;10,0;2,158;21,289;0,54;23,453;3,55;4,387;0,6;-0,261;1,9;950,934;1,0;"";"";19,768;2,49;108,898;14,19;"";"";13,0;20,0;13,0;"";"";"";"";"";"";"";"";"";"";"";"";"";"";"";"";"";"";"";"";"";"";"";"";"";"";"";"";"";"";"";"";"";"";"";"";"";"";"";"";"";"";"";"";"";"";"";"";"";"";"";"";"";"";"";"";"";"";"";"";"";"";"";"";""
12.12.2022 14:39:47;1670852387000;880f01e687e2572cea04e80fc6a68085;1189227;OK;1798;0;1;0;0;0,3;-42,24;0;0;650;636;"";169,69;25,45;606,414;68,19;20,905;0,86;1,427;0,2;12,922;1,64;3,327;10,0;4,213;10,07;4,625;10,28;685,2509;76,62;209,093;30,31;17,466;11,62;1,045;10,01;0,493;10,01;0,0;10,0;1,916;21,319;0,54;23,514;3,54;4,406;0,6;-0,2;1,9;950,939;1,0;"";"";19,877;2,48;110,404;14,27;"";"";13,0;20,0;13,0;"";"";"";"";"";"";"";"";"";"";"";"";"";"";"";"";"";"";"";"";"";"";"";"";"";"";"";"";"";"";"";"";"";"";"";"";"";"";"";"";"";"";"";"";"";"";"";"";"";"";"";"";"";"";"";"";"";"";"";"";"";"";"";"";""
12.12.2022 14:41:48;1670852508000;880f01e687e2572cea04e80fc6a68085;1189348;OK;1796;0;1;0;0;0,25;-82,3;0;0;653;635;"";175,0;26,25;607,719;68,23;20,906;0,86;1,428;0,2;13,101;1,65;4,041;10,02;4,749;10,37;5,87;10,57;776,772;85,56;238,098;33,1;17,891;11,7;2,1;10,22;1,352;10,16;0,0;10,0;2,474;21,335;0,54;23,625;3,54;4,431;0,6;-0,121;1,89;950,934;1,0;"";"";20,107;2,47;111,689;14,33;"";"";13,0;20,0;13,0;"";"";"";"";"";"";"";"";"";"";"";"";"";"";"";"";"";"";"";"";"";"";"";"";"";"";"";"";"";"";"";"";"";"";"";"";"";"";"";"";"";"";"";"";"";"";"";"";"";"";"";"";"";"";"";"";"";"";"";"";"";"";"";"";""
12.12.2022 14:43:47;1670852627000;880f01e687e2572cea04e80fc6a68085;1189467;OK;1804;0;0;0;0;0,09;7,57;0;0;651;626;"";175,73;26,36;616,754;68,5;20,907;0,86;1,43;0,2;13,04;1,65;4,085;10,0;4,788;10,17;4,923;10,2;763,431;84,25;234,947;32,84;20,926;12,08;0,224;10,02;0,144;10,02;0,0;10,0;1,374;21,346;0,54;23,565;3,54;4,422;0,61;-0,147;1,89;950,929;1,0;"";"";20,22;2,46;112,275;14,37;"";"";13,0;20,0;13,0;"";"";"";"";"";"";"";"";"";"";"";"";"";"";"";"";"";"";"";"";"";"";"";"";"";"";"";"";"";"";"";"";"";"";"";"";"";"";"";"";"";"";"";"";"";"";"";"";"";"";"";"";"";"";"";"";"";"";"";"";"";"";"";"";""
12.12.2022 14:45:47;1670852747000;880f01e687e2572cea04e80fc6a68085;1189588;OK;1793;1;0;0;0;0,05;23,74;0;0;651;629;"";178,742;26,81;613,01;68,39;20,9;0,86;1,429;0,2;13,066;1,65;3,959;10,0;4,506;10,09;5,495;10,44;701,874;78,23;221,523;31,51;18,061;11,8;1,166;10,05;1,158;10,05;0,196;10,0;2,518;21,363;0,54;23,575;3,54;4,429;0,61;-0,127;1,89;950,9359;1,0;"";"";20,132;2,47;112,197;14,36;"";"";13,0;20,0;13,0;"";"";"";"";"";"";"";"";"";"";"";"";"";"";"";"";"";"";"";"";"";"";"";"";"";"";"";"";"";"";"";"";"";"";"";"";"";"";"";"";"";"";"";"";"";"";"";"";"";"";"";"";"";"";"";"";"";"";"";"";"";"";"";"";""
12.12.2022 14:47:48;1670852868000;880f01e687e2572cea04e80fc6a68085;1189709;OK;1805;1;0;0;0;0,07;84,71;0;0;656;601;"";186,994;28,05;649,333;69,48;20,901;0,86;1,431;0,2;13,142;1,65;3,843;10,0;4,482;10,03;4,584;10,06;735,135;81,58;235,418;32,87;16,004;11,53;0,12;10,01;0,119;10,01;0,02;10,0;1,34;21,371;0,54;23,742;3,54;4,462;0,61;-0,023;1,88;950,945;1,0;"";"";20,275;2,46;111,778;14,34;"";"";15,985;18,94;77,2;"";"";"";"";"";"";"";"";"";"";"";"";"";"";"";"";"";"";"";"";"";"";"";"";"";"";"";"";"";"";"";"";"";"";"";"";"";"";"";"";"";"";"";"";"";"";"";"";"";"";"";"";"";"";"";"";"";"";"";"";"";"";"";"";""
12.12.2022 14:49:49;1670852989000;880f01e687e2572cea04e80fc6a68085;1189829;OK;1811;2;0;0;0;0,1;117,64;0;0;655;601;"";181,756;27,26;648,81;69,46;20,898;0,86;1,431;0,2;13,132;1,65;4,136;10,0;5,558;10,46;6,956;10,64;784,236;86,3;242,775;33,64;20,961;11,99;2,944;10,32;1,541;10,13;0,002;10,0;2,72;21,373;0,54;23,709;3,54;4,456;0,61;-0,04;1,88;950,9489;1,0;"";"";20,228;2,46;111,773;14,34;"";"";13,308;19,89;13,0;"";"";"";"";"";"";"";"";"";"";"";"";"";"";"";"";"";"";"";"";"";"";"";"";"";"";"";"";"";"";"";"";"";"";"";"";"";"";"";"";"";"";"";"";"";"";"";"";"";"";"";"";"";"";"";"";"";"";"";"";"";"";"";"";""
12.12.2022 14:51:49;1670853109000;880f01e687e2572cea04e80fc6a68085;1189950;OK;1785;2;0;0;0;0,01;111,21;0;0;651;596;"";185,223;27,78;653,643;69,61;20,902;0,86;1,432;0,2;12,92;1,64;3,396;10,0;4,126;10,05;5,396;10,51;700,991;78,25;223,214;31,72;21,751;12,14;1,886;10,19;1,086;10,07;0,127;10,0;2,961;21,376;0,54;23,575;3,54;4,432;0,61;-0,116;1,89;950,9769;1,0;"";"";20,062;2,47;112,183;14,37;"";"";14,63;19,38;67,0;"";"";"";"";"";"";"";"";"";"";"";"";"";"";"";"";"";"";"";"";"";"";"";"";"";"";"";"";"";"";"";"";"";"";"";"";"";"";"";"";"";"";"";"";"";"";"";"";"";"";"";"";"";"";"";"";"";"";"";"";"";"";"";"";""
12.12.2022 14:53:50;1670853230000;880f01e687e2572cea04e80fc6a68085;1190071;OK;1796;1;0;0;0;-0,11;71,2;0;0;649;583;"";190,021;28,5;669,533;70,09;20,905;0,86;1,432;0,2;12,922;1,64;3,695;10,0;4,237;10,1;5,161;10,37;714,224;79,57;219,474;31,33;17,502;11,64;1,888;10,27;1,655;10,25;0,8190001;10,0;2,593;21,382;0,54;23,493;3,54;4,418;0,61;-0,159;1,9;951,0079;1,0;"";"";19,859;2,48;111,735;14,34;"";"";15,983;18,86;68,4;"";"";"";"";"";"";"";"";"";"";"";"";"";"";"";"";"";"";"";"";"";"";"";"";"";"";"";"";"";"";"";"";"";"";"";"";"";"";"";"";"";"";"";"";"";"";"";"";"";"";"";"";"";"";"";"";"";"";"";"";"";"";"";"";""
12.12.2022 14:55:50;1670853350000;880f01e687e2572cea04e80fc6a68085;1190191;OK;1785;2;0;0;0;-0,29;106,2;0;0;630;565;"";179,714;26,96;687,78;70,63;20,899;0,86;1,433;0,2;12,734;1,63;4,743;10,17;5,817;10,65;6,233;10,76;856,67;93,30001;260,387;35,38;22,057;12,08;0,953;10,07;0,462;10,07;0,232;10,0;1,771;21,384;0,54;22,747;3,56;4,278;0,61;-0,616;1,98;951,0349;1,0;"";"";19,767;2,49;108,528;14,18;"";"";14,982;19,21;71,0;"";"";"";"";"";"";"";"";"";"";"";"";"";"";"";"";"";"";"";"";"";"";"";"";"";"";"";"";"";"";"";"";"";"";"";"";"";"";"";"";"";"";"";"";"";"";"";"";"";"";"";"";"";"";"";"";"";"";"";"";"";"";"";"";""
12.12.2022 14:57:50;1670853470000;880f01e687e2572cea04e80fc6a68085;1190310;OK;1801;0;1;0;0;-1,61;-193,43;0;0;573;647;"";113,739;17,06;571,36;67,14;20,915;0,86;1,428;0,2;11,208;1,6;4,533;10,02;5,274;10,31;6,331;10,61;806,284;88,45;253,957;34,66;19,155;11,78;1,218;10,1;1,166;10,1;0,779;10,0;2,387;21,323;0,54;20,522;3,62;3,847;0,63;-2,067;2,22;951,04;1,0;"";"";17,346;2,6;85,504;12,98;"";"";13,211;19,92;13,0;"";"";"";"";"";"";"";"";"";"";"";"";"";"";"";"";"";"";"";"";"";"";"";"";"";"";"";"";"";"";"";"";"";"";"";"";"";"";"";"";"";"";"";"";"";"";"";"";"";"";"";"";"";"";"";"";"";"";"";"";"";"";"";"";""
12.12.2022 14:59:50;1670853590000;880f01e687e2572cea04e80fc6a68085;1190431;OK;1794;0;1;0;0;-2,29;-458,4;0;0;556;680;"";92,281;13,84;529,685;65,89;20,918;0,86;1,423;0,2;10,198;1,63;4,776;10,19;5,941;10,69;6,188;10,72;873,767;94,94;272,178;36,46;18,547;11,84;0,256;10,01;0,251;10,01;0,211;10,0;1,564;21,222;0,54;19,885;3,64;3,705;0,63;-2,569;2,3;951,024;1,0;"";"";14,771;2,73;64,909;11,9;"";"";13,022;19,99;13,0;"";"";"";"";"";"";"";"";"";"";"";"";"";"";"";"";"";"";"";"";"";"";"";"";"";"";"";"";"";"";"";"";"";"";"";"";"";"";"";"";"";"";"";"";"";"";"";"";"";"";"";"";"";"";"";"";"";"";"";"";"";"";"";"";""
12.12.2022 15:01:50;1670853710000;880f01e687e2572cea04e80fc6a68085;1190551;OK;1800;0;1;0;0;-1,87;-456,14;0;0;551;693;"";82,546;12,38;516,24;65,49;20,918;0,86;1,419;0,2;9,826;1,65;4,907;10,08;5,811;10,76;6,641;10,94;835,948;91,24;260,758;35,33;24,255;12,34;1,221;10,0;1,22;10,0;0,661;10,0;2,26;21,105;0,54;19,671;3,64;3,64;0,63;-2,811;2,32;951,021;1,0;"";"";13,147;2,81;50,967;11,18;"";"";22,729;17,13;75,4;"";"";"";"";"";"";"";"";"";"";"";"";"";"";"";"";"";"";"";"";"";"";"";"";"";"";"";"";"";"";"";"";"";"";"";"";"";"";"";"";"";"";"";"";"";"";"";"";"";"";"";"";"";"";"";"";"";"";"";"";"";"";"";"";""
12.12.2022 15:03:51;1670853831000;880f01e687e2572cea04e80fc6a68085;1190672;OK;1802;0;1;0;0;-0,47;-121,37;0;0;556;693;"";80,309;12,05;521,216;65,64;20,916;0,86;1,415;0,2;10,183;1,63;4,297;10,02;4,682;10,21;5,932;10,61;754,297;83,39;235,602;32,82;17,274;11,73;2,211;10,13;1,255;10,0;0,113;10,0;2,902;20,98;0,54;19,872;3,64;3,651;0,62;-2,777;2,3;951,007;1,0;"";"";12,359;2,85;45,209;10,88;"";"";30,737;14,16;83,8;"";"";"";"";"";"";"";"";"";"";"";"";"";"";"";"";"";"";"";"";"";"";"";"";"";"";"";"";"";"";"";"";"";"";"";"";"";"";"";"";"";"";"";"";"";"";"";"";"";"";"";"";"";"";"";"";"";"";"";"";"";"";"";"";""
12.12.2022 15:05:52;1670853952000;880f01e687e2572cea04e80fc6a68085;1190793;OK;1786;1;0;0;0;-0,03;71,04;0;0;563;670;"";82,81401;12,42;553,254;66,6;20,917;0,86;1,412;0,2;11,557;1,59;3,457;10,0;4,276;10,02;4,685;10,13;745,1859;82,51;231,688;32,46;15,242;11,49;0,521;10,02;0,422;10,0;0,012;10,0;1,94;20,881;0,54;20,156;3,63;3,682;0,61;-2,667;2,26;950,989;1,0;"";"";12,279;2,85;44,277;10,83;"";"";16,011;19,02;82,7;"";"";"";"";"";"";"";"";"";"";"";"";"";"";"";"";"";"";"";"";"";"";"";"";"";"";"";"";"";"";"";"";"";"";"";"";"";"";"";"";"";"";"";"";"";"";"";"";"";"";"";"";"";"";"";"";"";"";"";"";"";"";"";"";""
12.12.2022 15:07:51;1670854071000;880f01e687e2572cea04e80fc6a68085;1190912;OK;1799;2;0;0;0;0,18;149,94;0;0;568;665;"";90,79901;13,62;561,924;66,86;20,914;0,86;1,41;0,2;13,082;1,65;4,258;10,0;5,022;10,21;5,555;10,42;764,447;84,33001;238,827;33,16;18,858;11,85;0,844;10,0;0,611;10,0;0,291;10,0;1,911;20,819;0,54;20,335;3,63;3,701;0,61;-2,599;2,24;950,978;1,0;"";"";12,944;2,82;47,529;11,0;"";"";13,321;19,9;13,0;"";"";"";"";"";"";"";"";"";"";"";"";"";"";"";"";"";"";"";"";"";"";"";"";"";"";"";"";"";"";"";"";"";"";"";"";"";"";"";"";"";"";"";"";"";"";"";"";"";"";"";"";"";"";"";"";"";"";"";"";"";"";"";"";""
12.12.2022 15:09:53;1670854193000;880f01e687e2572cea04e80fc6a68085;1191033;OK;1799;2;0;0;0;0,21;138,99;0;0;572;658;"";94,671;14,2;571,623;67,15;20,918;0,86;1,41;0,2;14,737;1,74;4,54;10,0;4,978;10,14;5,963;10,59;773,532;85,18001;243,344;33,64;21,94;12,14;1,746;10,17;1,526;10,17;0,1;10,0;2,361;20,784;0,54;20,491;3,63;3,722;0,61;-2,525;2,22;950,994;1,0;"";"";14,086;2,76;54,964;11,39;"";"";13,033;19,99;13,0;"";"";"";"";"";"";"";"";"";"";"";"";"";"";"";"";"";"";"";"";"";"";"";"";"";"";"";"";"";"";"";"";"";"";"";"";"";"";"";"";"";"";"";"";"";"";"";"";"";"";"";"";"";"";"";"";"";"";"";"";"";"";"";"";""
12.12.2022 15:11:53;1670854313000;880f01e687e2572cea04e80fc6a68085;1191154;OK;1801;1;0;0;0;0,24;38,75;0;0;579;667;"";103,977;15,6;564,629;66,94;20,918;0,86;1,408;0,2;16,272;1,82;4,031;10,0;4,598;10,1;5,447;10,45;775,5869;85,42;242,754;33,63;20,931;12,04;1,383;10,02;1,063;10,02;0,01;10,0;2,498;20,77;0,54;20,753;3,62;3,767;0,61;-2,365;2,19;951,004;1,0;"";"";15,453;2,7;63,804;11,85;"";"";13,003;20,0;13,0;"";"";"";"";"";"";"";"";"";"";"";"";"";"";"";"";"";"";"";"";"";"";"";"";"";"";"";"";"";"";"";"";"";"";"";"";"";"";"";"";"";"";"";"";"";"";"";"";"";"";"";"";"";"";"";"";"";"";"";"";"";"";"";"";""
12.12.2022 15:13:54;1670854434000;880f01e687e2572cea04e80fc6a68085;1191274;OK;1794;0;0;0;0;0,3;-2,2;0;0;584;667;"";111,232;16,68;566,072;66,98;20,916;0,86;1,408;0,2;17,547;1,88;3,567;10,0;4,268;10,01;5,17;10,22;665,932;74,73001;205,485;29,94;21,11;11,96;1,197;10,0;1,164;10,0;0,637;10,0;2,731;20,768;0,54;20,963;3,61;3,804;0,6;-2,23;2,16;951,0059;1,0;"";"";16,853;2,63;72,811;12,31;"";"";13,0;20,0;13,0;"";"";"";"";"";"";"";"";"";"";"";"";"";"";"";"";"";"";"";"";"";"";"";"";"";"";"";"";"";"";"";"";"";"";"";"";"";"";"";"";"";"";"";"";"";"";"";"";"";"";"";"";"";"";"";"";"";"";"";"";"";"";"";"";""
12.12.2022 15:15:54;1670854554000;880f01e687e2572cea04e80fc6a68085;1191394;OK;1799;0;0;0;0;0,27;-17,32;0;0;586;668;"";117,234;17,59;565,159;66,95;20,922;0,86;1,408;0,2;18,446;1,93;3,036;10,0;3,418;10,03;3,935;10,18;631,124;71,43;198,178;29,36;13,163;11,22;0,511;10,0;0,507;10,0;0,453;10,0;1,964;20,773;0,54;21,025;3,61;3,817;0,6;-2,186;2,15;950,9979;1,0;"";"";18,086;2,57;80,76301;12,73;"";"";13,0;20,0;13,0;"";"";"";"";"";"";"";"";"";"";"";"";"";"";"";"";"";"";"";"";"";"";"";"";"";"";"";"";"";"";"";"";"";"";"";"";"";"";"";"";"";"";"";"";"";"";"";"";"";"";"";"";"";"";"";"";"";"";"";"";"";"";"";"";""
12.12.2022 15:17:54;1670854674000;880f01e687e2572cea04e80fc6a68085;1191514;OK;1782;0;0;0;0;0,2;-1,26;0;0;589;669;"";123,353;18,5;564,1079;66,92;20,922;0,86;1,408;0,2;19,148;1,97;3,466;10,0;3,954;10,0;4,104;10,02;650,102;73,29;201,049;29,53;11,918;11,28;0,343;10,0;0,342;10,0;0,047;10,0;1,415;20,781;0,54;21,131;3,61;3,838;0,6;-2,111;2,14;951,0059;1,0;"";"";19,178;2,52;87,099;13,06;"";"";13,0;20,0;13,0;"";"";"";"";"";"";"";"";"";"";"";"";"";"";"";"";"";"";"";"";"";"";"";"";"";"";"";"";"";"";"";"";"";"";"";"";"";"";"";"";"";"";"";"";"";"";"";"";"";"";"";"";"";"";"";"";"";"";"";"";"";"";"";"";""
12.12.2022 15:19:54;1670854794000;880f01e687e2572cea04e80fc6a68085;1191635;OK;1800;0;0;0;0;0,13;-18,94;0;0;590;674;"";128,643;19,3;558,877;66,77;20,919;0,86;1,409;0,2;19,49;1,99;3,323;10,0;3,601;10,0;4,595;10,08;661,892;74,43;206,094;30,05;12,702;11,25;1,26;10,01;1,26;10,01;0,005;10,0;2,989;20,797;0,54;21,174;3,61;3,849;0,6;-2,071;2,14;951,036;1,0;"";"";20,078;2,47;91,959;13,31;"";"";13,0;20,0;13,0;"";"";"";"";"";"";"";"";"";"";"";"";"";"";"";"";"";"";"";"";"";"";"";"";"";"";"";"";"";"";"";"";"";"";"";"";"";"";"";"";"";"";"";"";"";"";"";"";"";"";"";"";"";"";"";"";"";"";"";"";"";"";"";"";""
12.12.2022 15:21:55;1670854915000;880f01e687e2572cea04e80fc6a68085;1191756;OK;1793;0;1;0;0;0,13;-25,66;0;0;592;676;"";133,069;19,96;557,065;66,71;20,924;0,86;1,41;0,2;19,769;2,0;3,449;10,0;4,016;10,0;4,218;10,01;671,809;75,33;205,221;29,98;19,346;11,85;0,893;10,0;0,13;10,0;0,0;10,0;1,571;20,809;0,54;21,256;3,61;3,867;0,6;-2,007;2,13;951,067;1,0;"";"";20,729;2,44;95,729;13,5;"";"";13,0;20,0;13,0;"";"";"";"";"";"";"";"";"";"";"";"";"";"";"";"";"";"";"";"";"";"";"";"";"";"";"";"";"";"";"";"";"";"";"";"";"";"";"";"";"";"";"";"";"";"";"";"";"";"";"";"";"";"";"";"";"";"";"";"";"";"";"";"";""
12.12.2022 15:23:55;1670855035000;880f01e687e2572cea04e80fc6a68085;1191876;OK;1791;0;0;0;0;0,09;-20,38;0;0;592;676;"";137,309;20,6;555,879;66,68;20,919;0,86;1,411;0,2;19,705;2,0;3,101;10,0;3,551;10,0;3,631;10,0;692,538;77,31;214,045;30,84;16,218;11,57;0,192;10,0;0,113;10,0;0,1;10,0;1,321;20,82;0,54;21,269;3,61;3,871;0,6;-1,991;2,13;951,0679;1,0;"";"";21,327;2,41;98,406;13,64;"";"";13,0;20,0;13,0;"";"";"";"";"";"";"";"";"";"";"";"";"";"";"";"";"";"";"";"";"";"";"";"";"";"";"";"";"";"";"";"";"";"";"";"";"";"";"";"";"";"";"";"";"";"";"";"";"";"";"";"";"";"";"";"";"";"";"";"";"";"";"";"";""
12.12.2022 15:25:57;1670855157000;880f01e687e2572cea04e80fc6a68085;1191997;OK;1806;0;0;0;0;0,09;-6,97;0;0;595;675;"";137,979;20,7;557,907;66,74;20,923;0,86;1,411;0,2;19,476;1,98;4,019;10,0;4,829;10,22;5,931;10,65;753,244;83,24;228,862;32,27;20,879;12,04;2,054;10,12;0,976;10,0;0,107;10,0;2,774;20,829;0,54;21,367;3,6;3,891;0,6;-1,92;2,12;951,044;1,0;"";"";21,779;2,39;101,605;13,81;"";"";15,68;19,03;75,8;"";"";"";"";"";"";"";"";"";"";"";"";"";"";"";"";"";"";"";"";"";"";"";"";"";"";"";"";"";"";"";"";"";"";"";"";"";"";"";"";"";"";"";"";"";"";"";"";"";"";"";"";"";"";"";"";"";"";"";"";"";"";"";"";""
12.12.2022 15:27:57;1670855277000;880f01e687e2572cea04e80fc6a68085;1192118;OK;1794;0;0;0;0;0,2;19,21;0;0;601;673;"";136,824;20,52;561,856;66,86;20,923;0,86;1,412;0,2;19,369;1,98;3,695;10,0;4,489;10,06;5,422;10,49;747,804;82,71;233,512;32,62;21,882;12,16;1,534;10,06;1,423;10,05;0,011;10,0;2,634;20,855;0,54;21,597;3,6;3,939;0,6;-1,753;2,09;951,023;1,0;"";"";22,217;2,37;106,127;14,04;"";"";13,277;19,9;13,0;"";"";"";"";"";"";"";"";"";"";"";"";"";"";"";"";"";"";"";"";"";"";"";"";"";"";"";"";"";"";"";"";"";"";"";"";"";"";"";"";"";"";"";"";"";"";"";"";"";"";"";"";"";"";"";"";"";"";"";"";"";"";"";"";""
12.12.2022 15:29:58;1670855398000;880f01e687e2572cea04e80fc6a68085;1192239;OK;1802;0;0;0;0;0,22;-6,98;0;0;601;680;"";136,147;20,42;551,892;66,56;20,925;0,86;1,413;0,2;18,878;1,95;3,701;10,0;4,672;10,22;4,887;10,28;699,305;77,97;218,436;31,16;18,46;11,67;0,271;10,01;0,147;10,0;0,001;10,0;1,58;20,88;0,54;21,581;3,6;3,942;0,6;-1,743;2,09;951,0349;1,0;"";"";22,505;2,35;109,451;14,22;"";"";14,311;19,56;70,6;"";"";"";"";"";"";"";"";"";"";"";"";"";"";"";"";"";"";"";"";"";"";"";"";"";"";"";"";"";"";"";"";"";"";"";"";"";"";"";"";"";"";"";"";"";"";"";"";"";"";"";"";"";"";"";"";"";"";"";"";"";"";"";"";""
12.12.2022 15:31:57;1670855517000;880f01e687e2572cea04e80fc6a68085;1192358;OK;1792;0;0;0;0;0,22;-18,18;0;0;604;679;"";141,33;21,2;553,908;66,62;20,923;0,86;1,414;0,2;18,564;1,94;3,837;10,0;4,981;10,24;6,729;10,78;776,064;85,41;238,793;33,24;24,142;12,3;3,262;10,32;2,112;10,16;0,689;10,0;3,312;20,906;0,54;21,728;3,59;3,975;0,6;-1,628;2,08;951,063;1,0;"";"";22,932;2,33;112,436;14,37;"";"";13,14;19,95;13,0;"";"";"";"";"";"";"";"";"";"";"";"";"";"";"";"";"";"";"";"";"";"";"";"";"";"";"";"";"";"";"";"";"";"";"";"";"";"";"";"";"";"";"";"";"";"";"";"";"";"";"";"";"";"";"";"";"";"";"";"";"";"";"";"";""
12.12.2022 15:33:57;1670855637000;880f01e687e2572cea04e80fc6a68085;1192478;OK;1800;0;0;0;0;0,18;-13,43;0;0;607;675;"";146,991;22,05;558,366;66,75;20,917;0,86;1,416;0,2;18,251;1,92;3,91;10,0;4,594;10,08;4,934;10,14;704,22;78,44;213,882;30,74;19,575;11,78;0,874;10,03;0,218;10,02;0,071;10,0;1,697;20,938;0,54;21,851;3,59;4,005;0,6;-1,525;2,06;951,077;1,0;"";"";23,148;2,32;114,667;14,48;"";"";13,014;20,0;13,0;"";"";"";"";"";"";"";"";"";"";"";"";"";"";"";"";"";"";"";"";"";"";"";"";"";"";"";"";"";"";"";"";"";"";"";"";"";"";"";"";"";"";"";"";"";"";"";"";"";"";"";"";"";"";"";"";"";"";"";"";"";"";"";"";""
12.12.2022 15:35:59;1670855759000;880f01e687e2572cea04e80fc6a68085;1192600;OK;1805;1;0;0;0;0,24;28,03;0;0;609;672;"";151,954;22,79;560,871;66,83;20,916;0,86;1,418;0,2;17,883;1,9;3,701;10,0;4,368;10,2;4,735;10,3;675,13;75,7;213,439;30,81;15,061;11,46;1,528;10,13;0,799;10,1;0,204;10,0;1,64;20,975;0,54;21,913;3,59;4,025;0,61;-1,455;2,06;951,07;1,0;"";"";23,196;2,32;116,86;14,6;"";"";13,001;20,0;13,0;"";"";"";"";"";"";"";"";"";"";"";"";"";"";"";"";"";"";"";"";"";"";"";"";"";"";"";"";"";"";"";"";"";"";"";"";"";"";"";"";"";"";"";"";"";"";"";"";"";"";"";"";"";"";"";"";"";"";"";"";"";"";"";"";""
12.12.2022 15:37:59;1670855879000;880f01e687e2572cea04e80fc6a68085;1192720;OK;1791;1;0;0;0;0,23;51,09;0;0;613;661;"";157,468;23,62;574,58;67,24;20,918;0,86;1,42;0,2;17,509;1,88;4,334;10,0;4,514;10,02;5,228;10,28;735,884;81,63;231,896;32,55;12,198;11,2;1,212;10,07;0,505;10,04;0,117;10,0;1,956;21,007;0,54;22,085;3,58;4,064;0,6;-1,322;2,04;951,061;1,0;"";"";23,449;2,31;118,315;14,67;"";"";13,0;20,0;13,0;"";"";"";"";"";"";"";"";"";"";"";"";"";"";"";"";"";"";"";"";"";"";"";"";"";"";"";"";"";"";"";"";"";"";"";"";"";"";"";"";"";"";"";"";"";"";"";"";"";"";"";"";"";"";"";"";"";"";"";"";"";"";"";"";""
12.12.2022 15:40:00;1670856000000;880f01e687e2572cea04e80fc6a68085;1192841;OK;1803;1;0;0;0;0,24;64,99;0;0;617;658;"";161,857;24,28;577,931;67,34;20,914;0,86;1,422;0,2;17,044;1,86;2,911;10,0;3,255;10,0;4,508;10,21;614,534;69,8;191,744;28,62;15,671;11,5;2,078;10,16;2,005;10,15;0,818;10,0;3,184;21,034;0,54;22,199;3,58;4,092;0,6;-1,228;2,03;951,0659;1,0;"";"";23,525;2,3;118,917;14,7;"";"";13,0;20,0;13,0;"";"";"";"";"";"";"";"";"";"";"";"";"";"";"";"";"";"";"";"";"";"";"";"";"";"";"";"";"";"";"";"";"";"";"";"";"";"";"";"";"";"";"";"";"";"";"";"";"";"";"";"";"";"";"";"";"";"";"";"";"";"";"";"";""
12.12.2022 15:42:02;1670856122000;880f01e687e2572cea04e80fc6a68085;1192962;OK;1802;1;0;0;0;0,18;44,73;0;0;615;659;"";165,204;24,78;574,914;67,25;20,911;0,86;1,423;0,2;16,66;1,84;3,137;10,0;3,543;10,0;4,153;10,03;684,247;76,55;213,398;30,74;16,469;11,64;0,796;10,02;0,207;10,02;0,084;10,0;2,308;21,068;0,54;22,131;3,58;4,087;0,61;-1,242;2,03;951,104;1,0;"";"";23,345;2,31;119,676;14,74;"";"";13,0;20,0;13,0;"";"";"";"";"";"";"";"";"";"";"";"";"";"";"";"";"";"";"";"";"";"";"";"";"";"";"";"";"";"";"";"";"";"";"";"";"";"";"";"";"";"";"";"";"";"";"";"";"";"";"";"";"";"";"";"";"";"";"";"";"";"";"";"";""
12.12.2022 15:44:01;1670856241000;880f01e687e2572cea04e80fc6a68085;1193082;OK;1813;0;0;0;0;0,07;5,28;0;0;614;656;"";168,709;25,31;577,961;67,34;20,912;0,86;1,426;0,2;16,223;1,81;3,298;10,0;4,145;10,0;4,898;10,26;685,474;76,69;212,427;30,67;19,937;11,93;1,266;10,0;0,75;10,0;0,737;10,0;2,459;21,097;0,54;22,112;3,58;4,09;0,61;-1,229;2,04;951,138;1,0;"";"";23,245;2,32;120,128;14,76;"";"";13,0;20,0;13,0;"";"";"";"";"";"";"";"";"";"";"";"";"";"";"";"";"";"";"";"";"";"";"";"";"";"";"";"";"";"";"";"";"";"";"";"";"";"";"";"";"";"";"";"";"";"";"";"";"";"";"";"";"";"";"";"";"";"";"";"";"";"";"";"";""
12.12.2022 15:46:01;1670856361000;880f01e687e2572cea04e80fc6a68085;1193202;OK;1805;0;0;0;0;0,02;13,65;0;0;614;651;"";172,017;25,8;582,793;67,48001;20,913;0,86;1,427;0,2;15,705;1,79;3,479;10,0;4,293;10,05;4,604;10,16;692,883;77,44;214,562;30,88;22,759;12,16;0,38;10,0;0,327;10,0;0,076;10,0;1,759;21,124;0,54;22,109;3,58;4,096;0,61;-1,209;2,04;951,1729;1,0;"";"";23,123;2,32;120,369;14,77;"";"";13,0;20,0;13,0;"";"";"";"";"";"";"";"";"";"";"";"";"";"";"";"";"";"";"";"";"";"";"";"";"";"";"";"";"";"";"";"";"";"";"";"";"";"";"";"";"";"";"";"";"";"";"";"";"";"";"";"";"";"";"";"";"";"";"";"";"";"";"";"";""
12.12.2022 15:48:01;1670856481000;880f01e687e2572cea04e80fc6a68085;1193322;OK;1796;1;0;0;0;0,06;39,78;0;0;615;644;"";175,878;26,38;591,109;67,73;20,913;0,86;1,429;0,2;15,222;1,76;3,486;10,0;4,136;10,01;5,544;10,5;689,684;77,04;216,241;31,07;25,802;12,48;1,432;10,02;1,427;10,02;0,929;10,0;3,311;21,149;0,54;22,152;3,58;4,11;0,61;-1,161;2,03;951,205;1,0;"";"";23,125;2,32;120,003;14,76;"";"";13,396;19,84;56,1;"";"";"";"";"";"";"";"";"";"";"";"";"";"";"";"";"";"";"";"";"";"";"";"";"";"";"";"";"";"";"";"";"";"";"";"";"";"";"";"";"";"";"";"";"";"";"";"";"";"";"";"";"";"";"";"";"";"";"";"";"";"";"";"";""
12.12.2022 15:50:03;1670856603000;880f01e687e2572cea04e80fc6a68085;1193443;OK;1807;1;0;0;0;0,04;61,82;0;0;614;635;"";178,9;26,83;599,734;67,99;20,917;0,86;1,431;0,2;14,841;1,74;3,658;10,0;4,513;10,16;6,235;10,66;766,767;84,58;234,533;32,79;19,425;11,91;2,921;10,31;2,92;10,31;0,096;10,0;3,494;21,168;0,54;22,092;3,58;4,103;0,61;-1,182;2,04;951,2039;1,0;"";"";22,925;2,33;118,611;14,68;"";"";13,041;19,98;13,0;"";"";"";"";"";"";"";"";"";"";"";"";"";"";"";"";"";"";"";"";"";"";"";"";"";"";"";"";"";"";"";"";"";"";"";"";"";"";"";"";"";"";"";"";"";"";"";"";"";"";"";"";"";"";"";"";"";"";"";"";"";"";"";"";""
12.12.2022 15:52:04;1670856724000;880f01e687e2572cea04e80fc6a68085;1193565;OK;1781;1;0;0;0;0,02;48,86;0;0;614;635;"";182,474;27,37;599,284;67,98;20,912;0,86;1,431;0,2;14,536;1,72;3,45;10,0;4,518;10,1;4,739;10,15;671,094;75,22;211,389;30,55;17,734;11,81;1,108;10,03;0,291;10,03;0,01;10,0;1,62;21,183;0,54;22,101;3,58;4,109;0,61;-1,164;2,04;951,1939;1,0;"";"";22,691;2,34;118,019;14,65;"";"";13,004;20,0;13,0;"";"";"";"";"";"";"";"";"";"";"";"";"";"";"";"";"";"";"";"";"";"";"";"";"";"";"";"";"";"";"";"";"";"";"";"";"";"";"";"";"";"";"";"";"";"";"";"";"";"";"";"";"";"";"";"";"";"";"";"";"";"";"";"";""
12.12.2022 15:54:04;1670856844000;880f01e687e2572cea04e80fc6a68085;1193684;OK;1806;1;0;0;0;0,05;64,38;0;0;616;621;"";189,326;28,4;617,556;68,53;20,905;0,86;1,433;0,2;14,286;1,71;3,695;10,0;4,21;10,01;5,811;10,67;693,231;77,41001;220,736;31,45;17,764;11,71;2,464;10,24;2,377;10,24;0,001;10,0;3,446;21,2;0,54;22,187;3,58;4,129;0,61;-1,097;2,03;951,196;1,0;"";"";22,585;2,35;117,906;14,65;"";"";13,0;20,0;13,0;"";"";"";"";"";"";"";"";"";"";"";"";"";"";"";"";"";"";"";"";"";"";"";"";"";"";"";"";"";"";"";"";"";"";"";"";"";"";"";"";"";"";"";"";"";"";"";"";"";"";"";"";"";"";"";"";"";"";"";"";"";"";"";"";""
12.12.2022 15:56:05;1670856965000;880f01e687e2572cea04e80fc6a68085;1193805;OK;1796;1;0;0;0;0,11;68,09;0;0;617;618;"";211,883;31,78;619,202;68,58;20,909;0,86;1,435;0,2;14,056;1,7;4,056;10,01;4,624;10,06;4,889;10,21;709,065;78,9;219,748;31,32;15,686;11,41;0,351;10,02;0,342;10,02;0,0;10,0;1,553;21,215;0,54;22,203;3,58;4,135;0,61;-1,074;2,03;951,19;1,0;"";"";22,581;2,35;117,683;14,63;"";"";13,0;20,0;13,0;"";"";"";"";"";"";"";"";"";"";"";"";"";"";"";"";"";"";"";"";"";"";"";"";"";"";"";"";"";"";"";"";"";"";"";"";"";"";"";"";"";"";"";"";"";"";"";"";"";"";"";"";"";"";"";"";"";"";"";"";"";"";"";"";""
12.12.2022 15:58:05;1670857085000;880f01e687e2572cea04e80fc6a68085;1193926;OK;1814;1;0;0;0;0,08;51,34;0;0;617;618;"";201,383;30,21;618,96;68,57;20,908;0,86;1,437;0,2;13,929;1,69;3,471;10,0;3,869;10,03;4,499;10,19;681,131;76,32;217,628;31,11;12,758;11,21;0,898;10,05;0,422;10,0;0,0;10,0;2,297;21,228;0,54;22,21;3,58;4,14;0,61;-1,059;2,03;951,1649;1,0;"";"";22,472;2,36;117,329;14,62;"";"";13,0;20,0;13,0;"";"";"";"";"";"";"";"";"";"";"";"";"";"";"";"";"";"";"";"";"";"";"";"";"";"";"";"";"";"";"";"";"";"";"";"";"";"";"";"";"";"";"";"";"";"";"";"";"";"";"";"";"";"";"";"";"";"";"";"";"";"";"";"";""
12.12.2022 16:00:06;1670857206000;880f01e687e2572cea04e80fc6a68085;1194046;OK;1791;1;0;0;0;0,1;32,39;0;0;620;609;"";204,823;30,72;630,373;68,91;20,904;0,86;1,439;0,2;13,803;1,69;3,386;10,0;3,788;10,0;5,218;10,48;691,034;77,2;212,207;30,68;15,333;11,47;2,05;10,2;1,763;10,19;0,537;10,0;3,187;21,248;0,54;22,319;3,58;4,165;0,61;-0,976;2,02;951,127;1,0;"";"";22,485;2,35;117,194;14,61;"";"";13,0;20,0;13,0;"";"";"";"";"";"";"";"";"";"";"";"";"";"";"";"";"";"";"";"";"";"";"";"";"";"";"";"";"";"";"";"";"";"";"";"";"";"";"";"";"";"";"";"";"";"";"";"";"";"";"";"";"";"";"";"";"";"";"";"";"";"";"";"";""
12.12.2022 16:02:06;1670857326000;880f01e687e2572cea04e80fc6a68085;1194167;OK;1797;1;0;0;0;0,09;41,17;0;0;618;607;"";211,956;31,79;631,89;68,96;20,909;0,86;1,44;0,2;13,621;1,68;3,305;10,0;3,701;10,0;3,859;10,05;646,785;73,0;199,339;29,39;13,658;11,32;0,211;10,02;0,182;10,02;0,055;10,0;1,369;21,259;0,54;22,27;3,58;4,159;0,61;-0,996;2,02;951,091;1,0;"";"";22,404;2,36;117,377;14,62;"";"";13,0;20,0;13,0;"";"";"";"";"";"";"";"";"";"";"";"";"";"";"";"";"";"";"";"";"";"";"";"";"";"";"";"";"";"";"";"";"";"";"";"";"";"";"";"";"";"";"";"";"";"";"";"";"";"";"";"";"";"";"";"";"";"";"";"";"";"";"";"";""
12.12.2022 16:04:07;1670857447000;880f01e687e2572cea04e80fc6a68085;1194288;OK;1783;1;0;0;0;0,06;54,02;0;0;619;600;"";211,894;31,78;640,357;69,21;20,911;0,86;1,441;0,2;13,382;1,66;3,587;10,0;4,029;10,01;4,934;10,32;711,906;79,27;219,0;31,3;19,426;11,85;1,652;10,06;1,455;10,0;0,213;10,0;2,664;21,279;0,54;22,28;3,58;4,165;0,61;-0,973;2,02;951,048;1,0;"";"";22,31;2,36;117,578;14,64;"";"";13,0;20,0;13,0;"";"";"";"";"";"";"";"";"";"";"";"";"";"";"";"";"";"";"";"";"";"";"";"";"";"";"";"";"";"";"";"";"";"";"";"";"";"";"";"";"";"";"";"";"";"";"";"";"";"";"";"";"";"";"";"";"";"";"";"";"";"";"";"";""
12.12.2022 16:06:06;1670857566000;880f01e687e2572cea04e80fc6a68085;1194407;OK;1787;2;0;0;0;0,03;100,97;0;0;620;578;"";215,365;32,3;667,343;70,02;20,913;0,86;1,442;0,2;13,292;1,66;3,411;10,0;4,17;10,01;4,803;10,27;704,394;78,47;220,156;31,49;15,457;11,49;1,699;10,13;1,101;10,0;0,023;10,0;2,293;21,291;0,54;22,32;3,58;4,175;0,61;-0,939;2,02;951,026;1,0;"";"";22,204;2,37;117,336;14,62;"";"";13,0;20,0;13,0;"";"";"";"";"";"";"";"";"";"";"";"";"";"";"";"";"";"";"";"";"";"";"";"";"";"";"";"";"";"";"";"";"";"";"";"";"";"";"";"";"";"";"";"";"";"";"";"";"";"";"";"";"";"";"";"";"";"";"";"";"";"";"";"";""
12.12.2022 16:08:07;1670857687000;880f01e687e2572cea04e80fc6a68085;1194528;OK;1803;2;0;0;0;0,15;100,39;0;0;624;584;"";217,604;32,64;660,085;69,8;20,906;0,86;1,444;0,2;13,427;1,67;3,188;10,0;3,546;10,0;4,646;10,31;695,837;77,74;217,798;31,19;16,105;11,51;2,208;10,12;2,089;10,1;0,002;10,0;3,017;21,319;0,54;22,519;3,57;4,22;0,61;-0,7940001;2,0;951,0;1,0;"";"";22,161;2,37;117,784;14,65;"";"";13,432;19,84;72,4;"";"";"";"";"";"";"";"";"";"";"";"";"";"";"";"";"";"";"";"";"";"";"";"";"";"";"";"";"";"";"";"";"";"";"";"";"";"";"";"";"";"";"";"";"";"";"";"";"";"";"";"";"";"";"";"";"";"";"";"";"";"";"";"";""
12.12.2022 16:10:08;1670857808000;880f01e687e2572cea04e80fc6a68085;1194648;OK;1798;0;0;0;0;0,29;8,32;0;0;631;594;"";224,337;33,65;648,544;69,46;20,904;0,86;1,446;0,2;13,6;1,67;4,079;10,05;4,958;10,27;5,667;10,43;777,041;85,64;237,638;33,08;20,307;11,97;1,304;10,01;0,658;10,01;0,214;10,0;2,259;21,34;0,54;22,751;3,56;4,268;0,61;-0,635;1,97;950,9689;1,0;"";"";22,416;2,36;119,226;14,73;"";"";13,045;19,98;13,0;"";"";"";"";"";"";"";"";"";"";"";"";"";"";"";"";"";"";"";"";"";"";"";"";"";"";"";"";"";"";"";"";"";"";"";"";"";"";"";"";"";"";"";"";"";"";"";"";"";"";"";"";"";"";"";"";"";"";"";"";"";"";"";"";""
12.12.2022 16:12:09;1670857929000;880f01e687e2572cea04e80fc6a68085;1194770;OK;1804;0;1;0;0;0,23;-81,24;0;0;627;598;"";223,142;33,47;640,561;69,22;20,909;0,86;1,449;0,2;13,538;1,67;3,434;10,0;3,872;10,03;4,316;10,1;675,911;75,75;210,851;30,5;14,952;11,38;0,79;10,0;0,702;10,0;0,656;10,0;1,914;21,353;0,54;22,63;3,57;4,249;0,61;-0,698;1,98;950,9589;1,0;"";"";22,501;2,35;119,675;14,75;"";"";13,005;20,0;13,0;"";"";"";"";"";"";"";"";"";"";"";"";"";"";"";"";"";"";"";"";"";"";"";"";"";"";"";"";"";"";"";"";"";"";"";"";"";"";"";"";"";"";"";"";"";"";"";"";"";"";"";"";"";"";"";"";"";"";"";"";"";"";"";"";""
12.12.2022 16:14:09;1670858049000;880f01e687e2572cea04e80fc6a68085;1194890;OK;1791;0;1;0;0;0,03;-72,41001;0;0;625;601;"";222,04;33,31;635,824;69,07;20,908;0,86;1,449;0,2;13,403;1,66;3,881;10,0;4,808;10,2;4,918;10,23;710,702;79,12;222,573;31,63;16,416;11,58;0,115;10,0;0,106;10,0;0,101;10,0;1,453;21,367;0,54;22,542;3,57;4,236;0,61;-0,74;1,99;950,965;1,0;"";"";22,55;2,35;118,852;14,71;"";"";13,958;19,59;53,3;"";"";"";"";"";"";"";"";"";"";"";"";"";"";"";"";"";"";"";"";"";"";"";"";"";"";"";"";"";"";"";"";"";"";"";"";"";"";"";"";"";"";"";"";"";"";"";"";"";"";"";"";"";"";"";"";"";"";"";"";"";"";"";"";""
12.12.2022 16:16:10;1670858170000;880f01e687e2572cea04e80fc6a68085;1195011;OK;1802;0;0;0;0;-0,03;-11,47;0;0;628;594;"";225,171;33,78;645,763;69,37;20,907;0,86;1,45;0,2;13,518;1,67;3,374;10,0;3,919;10,03;4,679;10,22;687,48;76,9;213,336;30,86;13,006;11,23;1,351;10,03;0,748;10,0;0,748;10,0;2,514;21,376;0,54;22,658;3,57;4,26;0,61;-0,662;1,98;950,9789;1,0;"";"";22,526;2,35;118,233;14,68;"";"";13,099;19,96;13,0;"";"";"";"";"";"";"";"";"";"";"";"";"";"";"";"";"";"";"";"";"";"";"";"";"";"";"";"";"";"";"";"";"";"";"";"";"";"";"";"";"";"";"";"";"";"";"";"";"";"";"";"";"";"";"";"";"";"";"";"";"";"";"";"";""
12.12.2022 16:18:09;1670858289000;880f01e687e2572cea04e80fc6a68085;1195130;OK;1802;1;0;0;0;0,03;38,79;0;0;627;585;"";227,239;34,09;655,968;69,68;20,899;0,86;1,451;0,2;13,506;1,67;3,927;10,0;4,403;10,08;5,563;10,36;728,952;81,0;227,606;32,15;18,242;11,69;1,618;10,08;1,481;10,08;0,08;10,0;2,89;21,39;0,54;22,62;3,57;4,256;0,61;-0,673;1,99;950,971;1,0;"";"";22,616;2,35;117,508;14,64;"";"";13,011;20,0;13,0;"";"";"";"";"";"";"";"";"";"";"";"";"";"";"";"";"";"";"";"";"";"";"";"";"";"";"";"";"";"";"";"";"";"";"";"";"";"";"";"";"";"";"";"";"";"";"";"";"";"";"";"";"";"";"";"";"";"";"";"";"";"";"";"";""
12.12.2022 16:20:10;1670858410000;880f01e687e2572cea04e80fc6a68085;1195251;OK;1807;1;0;0;0;0,09;42,91;0;0;629;590;"";230,573;34,59;649,248;69,48;20,897;0,86;1,453;0,2;13,543;1,67;3,565;10,0;4,321;10,17;5,325;10,45;730,024;81,03;228,141;32,21;16,348;11,66;1,561;10,01;1,547;10,01;0,745;10,0;2,89;21,402;0,54;22,701;3,56;4,274;0,61;-0,614;1,98;950,974;1,0;"";"";22,552;2,35;117,103;14,62;"";"";13,001;20,0;13,0;"";"";"";"";"";"";"";"";"";"";"";"";"";"";"";"";"";"";"";"";"";"";"";"";"";"";"";"";"";"";"";"";"";"";"";"";"";"";"";"";"";"";"";"";"";"";"";"";"";"";"";"";"";"";"";"";"";"";"";"";"";"";"";"";""
12.12.2022 16:22:11;1670858531000;880f01e687e2572cea04e80fc6a68085;1195372;OK;1789;0;0;0;0;0,05;18,55;0;0;629;586;"";232,78;34,92;654,363;69,63;20,897;0,86;1,454;0,2;13,605;1,68;3,215;10,0;4,203;10,16;4,822;10,29;693,7;77,49;213,854;30,77;20,212;11,9;1,548;10,08;0,59;10,0;0,077;10,0;2,352;21,416;0,54;22,703;3,56;4,278;0,61;-0,601;1,98;950,984;1,0;"";"";22,477;2,35;116,935;14,62;"";"";13,0;20,0;13,0;"";"";"";"";"";"";"";"";"";"";"";"";"";"";"";"";"";"";"";"";"";"";"";"";"";"";"";"";"";"";"";"";"";"";"";"";"";"";"";"";"";"";"";"";"";"";"";"";"";"";"";"";"";"";"";"";"";"";"";"";"";"";"";"";""
12.12.2022 16:24:12;1670858652000;880f01e687e2572cea04e80fc6a68085;1195492;OK;1800;0;0;0;0;0,08;11,5;0;0;630;583;"";246,47;36,97;656,877;69,71;20,896;0,86;1,455;0,2;13,709;1,68;3,347;10,0;3,924;10,02;4,5;10,09;699,948;78,14;212,002;30,57;16,265;11,61;1,204;10,01;0,553;10,0;0,299;10,0;2,234;21,43;0,54;22,739;3,56;4,288;0,61;-0,567;1,97;951,004;1,0;"";"";22,416;2,36;116,896;14,62;"";"";13,0;20,0;13,0;"";"";"";"";"";"";"";"";"";"";"";"";"";"";"";"";"";"";"";"";"";"";"";"";"";"";"";"";"";"";"";"";"";"";"";"";"";"";"";"";"";"";"";"";"";"";"";"";"";"";"";"";"";"";"";"";"";"";"";"";"";"";"";"";""
12.12.2022 16:26:13;1670858773000;880f01e687e2572cea04e80fc6a68085;1195613;OK;1793;1;0;0;0;0,08;59,83;0;0;632;573;"";256,522;38,48;670,489;70,11;20,897;0,86;1,457;0,2;13,768;1,68;3,008;10,0;3,782;10,04;3,931;10,06;662,646;74,52;204,171;29,84;17,303;11,65;0,332;10,0;0,254;10,0;0,031;10,0;1,546;21,437;0,54;22,809;3,56;4,303;0,61;-0,519;1,97;951,017;1,0;"";"";22,462;2,36;116,899;14,62;"";"";13,0;20,0;13,0;"";"";"";"";"";"";"";"";"";"";"";"";"";"";"";"";"";"";"";"";"";"";"";"";"";"";"";"";"";"";"";"";"";"";"";"";"";"";"";"";"";"";"";"";"";"";"";"";"";"";"";"";"";"";"";"";"";"";"";"";"";"";"";"";""
12.12.2022 16:28:11;1670858891000;880f01e687e2572cea04e80fc6a68085;1195732;OK;1793;1;0;0;0;0,07;70,03;0;0;632;569;"";255,35;38,3;674,258;70,23;20,898;0,86;1,459;0,2;13,859;1,69;3,698;10,0;4,479;10,02;5,106;10,26;724,894;80,55;226,588;31,99;20,467;11,87;0,844;10,0;0,633;10,0;0,003;10,0;2,261;21,444;0,54;22,815;3,56;4,306;0,61;-0,509;1,97;951,031;1,0;"";"";22,425;2,36;116,959;14,62;"";"";13,0;20,0;13,0;"";"";"";"";"";"";"";"";"";"";"";"";"";"";"";"";"";"";"";"";"";"";"";"";"";"";"";"";"";"";"";"";"";"";"";"";"";"";"";"";"";"";"";"";"";"";"";"";"";"";"";"";"";"";"";"";"";"";"";"";"";"";"";"";""
12.12.2022 16:30:11;1670859011000;880f01e687e2572cea04e80fc6a68085;1195852;OK;1807;1;0;0;0;0,06;39,43;0;0;633;571;"";254,905;38,24;671,409;70,14;20,898;0,86;1,459;0,2;13,934;1,69;4,303;10,0;4,779;10,1;5,134;10,2;730,804;81,12;226,906;32,15;14,194;11,3;1,178;10,0;0,93;10,0;0,0;10,0;1,743;21,46;0,54;22,868;3,56;4,32;0,61;-0,464;1,96;951,0369;1,0;"";"";22,446;2,36;117,227;14,64;"";"";13,0;20,0;13,0;"";"";"";"";"";"";"";"";"";"";"";"";"";"";"";"";"";"";"";"";"";"";"";"";"";"";"";"";"";"";"";"";"";"";"";"";"";"";"";"";"";"";"";"";"";"";"";"";"";"";"";"";"";"";"";"";"";"";"";"";"";"";"";"";""
12.12.2022 16:32:12;1670859132000;880f01e687e2572cea04e80fc6a68085;1195972;OK;1790;0;0;0;0;-0,03;-5,94;0;0;628;570;"";248,891;37,33;671,043;70,13;20,902;0,86;1,461;0,2;13,905;1,69;3,647;10,0;3,982;10,02;4,059;10,06;739,592;81,96;230,78;32,48;10,516;11,0;0,122;10,0;0,096;10,0;0,0;10,0;1,231;21,469;0,54;22,658;3,56;4,283;0,62;-0,584;1,98;951,0449;1,0;"";"";22,404;2,36;116,281;14,59;"";"";13,256;19,9;57,8;"";"";"";"";"";"";"";"";"";"";"";"";"";"";"";"";"";"";"";"";"";"";"";"";"";"";"";"";"";"";"";"";"";"";"";"";"";"";"";"";"";"";"";"";"";"";"";"";"";"";"";"";"";"";"";"";"";"";"";"";"";"";"";"";""
12.12.2022 16:34:13;1670859253000;880f01e687e2572cea04e80fc6a68085;1196093;OK;1800;0;0;0;0;-0,05;-19,37;0;0;630;569;"";254,514;38,18;672,238;70,17;20,901;0,86;1,462;0,2;14,003;1,7;3,714;10,0;4,23;10,0;4,88;10,21;735,413;81,57001;225,909;32,0;15,593;11,46;1,369;10,05;0,78;10,0;0,0;10,0;2,267;21,474;0,54;22,744;3,56;4,3;0,62;-0,526;1,97;951,056;1,0;"";"";22,342;2,36;115,048;14,53;"";"";13,026;19,99;13,0;"";"";"";"";"";"";"";"";"";"";"";"";"";"";"";"";"";"";"";"";"";"";"";"";"";"";"";"";"";"";"";"";"";"";"";"";"";"";"";"";"";"";"";"";"";"";"";"";"";"";"";"";"";"";"";"";"";"";"";"";"";"";"";"";""
12.12.2022 16:36:13;1670859373000;880f01e687e2572cea04e80fc6a68085;1196214;OK;1797;1;0;0;0;-0,01;48,45;0;0;632;556;"";262,889;39,43;689,449;70,68;20,896;0,86;1,463;0,2;14,074;1,7;3,893;10,01;4,488;10,08;5,219;10,35;738,382;81,84;227,021;32,14;17,674;11,68;1,169;10,0;0,8349999;10,0;0,38;10,0;2,345;21,479;0,54;22,808;3,56;4,314;0,62;-0,484;1,97;951,048;1,0;"";"";22,349;2,36;114,833;14,51;"";"";13,003;20,0;13,0;"";"";"";"";"";"";"";"";"";"";"";"";"";"";"";"";"";"";"";"";"";"";"";"";"";"";"";"";"";"";"";"";"";"";"";"";"";"";"";"";"";"";"";"";"";"";"";"";"";"";"";"";"";"";"";"";"";"";"";"";"";"";"";"";""
12.12.2022 16:38:13;1670859493000;880f01e687e2572cea04e80fc6a68085;1196334;OK;1805;1;0;0;0;0,09;70,96;0;0;631;555;"";265,781;39,87;690,226;70,71;20,9;0,86;1,465;0,2;14,179;1,71;3,462;10,0;4,138;10,01;4,779;10,15;733,8449;81,42;228,57;32,24;18,785;11,79;1,226;10,02;1,192;10,02;0,109;10,0;2,259;21,488;0,54;22,787;3,56;4,312;0,62;-0,49;1,97;951,028;1,0;"";"";22,281;2,36;114,851;14,52;"";"";14,021;19,6;59,2;"";"";"";"";"";"";"";"";"";"";"";"";"";"";"";"";"";"";"";"";"";"";"";"";"";"";"";"";"";"";"";"";"";"";"";"";"";"";"";"";"";"";"";"";"";"";"";"";"";"";"";"";"";"";"";"";"";"";"";"";"";"";"";"";""
12.12.2022 16:40:14;1670859614000;880f01e687e2572cea04e80fc6a68085;1196454;OK;1815;1;0;0;0;0,14;99,79;0;0;638;540;"";281,353;42,2;711,123;71,33;20,896;0,86;1,466;0,2;14,285;1,71;3,97;10,0;5,169;10,33;6,425;10,57;717,849;79,86;221,007;31,47;28,967;12,85;1,916;10,15;1,424;10,12;0,155;10,0;2,738;21,496;0,54;23,022;3,56;4,358;0,61;-0,342;1,95;951,0269;1,0;"";"";22,52;2,35;114,753;14,51;"";"";13,109;19,96;13,0;"";"";"";"";"";"";"";"";"";"";"";"";"";"";"";"";"";"";"";"";"";"";"";"";"";"";"";"";"";"";"";"";"";"";"";"";"";"";"";"";"";"";"";"";"";"";"";"";"";"";"";"";"";"";"";"";"";"";"";"";"";"";"";"";""
12.12.2022 16:42:15;1670859735000;880f01e687e2572cea04e80fc6a68085;1196576;OK;1790;2;0;0;0;0,16;143,98;0;0;637;519;"";288,972;43,35;739,167;72,18;20,894;0,86;1,467;0,2;14,409;1,72;3,597;10,0;4,167;10,03;4,454;10,09;641,934;72,49;198,546;29,29;16,949;11,64;0,361;10,01;0,312;10,01;0,185;10,0;1,598;21,501;0,54;23,011;3,56;4,358;0,61;-0,344;1,95;951,043;1,0;"";"";22,669;2,35;115,405;14,55;"";"";13,011;20,0;13,0;"";"";"";"";"";"";"";"";"";"";"";"";"";"";"";"";"";"";"";"";"";"";"";"";"";"";"";"";"";"";"";"";"";"";"";"";"";"";"";"";"";"";"";"";"";"";"";"";"";"";"";"";"";"";"";"";"";"";"";"";"";"";"";"";""
12.12.2022 16:44:15;1670859855000;880f01e687e2572cea04e80fc6a68085;1196696;OK;1793;2;0;0;0;0,1;144,1;0;0;636;519;"";287,145;43,07;738,329;72,15;20,897;0,86;1,468;0,21;14,421;1,72;3,683;10,0;4,281;10,0;4,588;10,03;736,588;81,69001;228,354;32,17;12,546;11,18;0,491;10,0;0,147;10,0;0,02;10,0;1,801;21,511;0,54;22,96;3,56;4,35;0,62;-0,367;1,95;951,0489;1,0;"";"";22,669;2,35;115,683;14,56;"";"";13,001;20,0;13,0;"";"";"";"";"";"";"";"";"";"";"";"";"";"";"";"";"";"";"";"";"";"";"";"";"";"";"";"";"";"";"";"";"";"";"";"";"";"";"";"";"";"";"";"";"";"";"";"";"";"";"";"";"";"";"";"";"";"";"";"";"";"";"";"";""
12.12.2022 16:46:15;1670859975000;880f01e687e2572cea04e80fc6a68085;1196816;OK;1789;1;0;0;0;0,02;89,3;0;0;639;510;"";302,082;45,31;750,955;72,53;20,893;0,86;1,47;0,21;14,397;1,72;3,845;10,0;4,755;10,06;5,049;10,22;721,184;80,17;222,212;31,62;14,075;11,38;1,344;10,03;0,475;10,0;0,002;10,0;1,735;21,517;0,54;23,06;3,55;4,371;0,61;-0,302;1,94;951,028;1,0;"";"";22,726;2,34;114,906;14,52;"";"";17,894;18,32;80,1;"";"";"";"";"";"";"";"";"";"";"";"";"";"";"";"";"";"";"";"";"";"";"";"";"";"";"";"";"";"";"";"";"";"";"";"";"";"";"";"";"";"";"";"";"";"";"";"";"";"";"";"";"";"";"";"";"";"";"";"";"";"";"";"";""
12.12.2022 16:48:16;1670860096000;880f01e687e2572cea04e80fc6a68085;1196937;OK;1812;0;0;0;0;-0,1;19,85;0;0;631;516;"";275,099;41,26;740,181;72,21;20,899;0,86;1,47;0,21;14,312;1,71;3,255;10,03;3,679;10,08;5,077;10,44;644,862;72,77;201,625;29,62;13,199;11,39;2,895;10,34;2,017;10,17;0,0;10,0;3,374;21,514;0,54;22,772;3,56;4,315;0,62;-0,477;1,97;951,007;1,0;"";"";22,409;2,36;112,665;14,41;"";"";13,505;19,83;13,0;"";"";"";"";"";"";"";"";"";"";"";"";"";"";"";"";"";"";"";"";"";"";"";"";"";"";"";"";"";"";"";"";"";"";"";"";"";"";"";"";"";"";"";"";"";"";"";"";"";"";"";"";"";"";"";"";"";"";"";"";"";"";"";"";""
12.12.2022 16:50:16;1670860216000;880f01e687e2572cea04e80fc6a68085;1197056;OK;1813;0;1;0;0;-0,1;-40,15;0;0;634;526;"";277,422;41,61;728,023;71,84;20,893;0,86;1,47;0,21;14,436;1,72;4,123;10,0;5,211;10,42;6,088;10,69;781,289;86,05;242,929;33,59;24,09;12,37;2,26;10,22;1,402;10,09;0,0;10,0;2,404;21,509;0,54;22,892;3,56;4,337;0,62;-0,408;1,96;951,004;1,0;"";"";22,382;2,36;111,036;14,32;"";"";13,054;19,98;13,0;"";"";"";"";"";"";"";"";"";"";"";"";"";"";"";"";"";"";"";"";"";"";"";"";"";"";"";"";"";"";"";"";"";"";"";"";"";"";"";"";"";"";"";"";"";"";"";"";"";"";"";"";"";"";"";"";"";"";"";"";"";"";"";"";""
12.12.2022 16:52:17;1670860337000;880f01e687e2572cea04e80fc6a68085;1197177;OK;1811;0;1;0;0;-0,13;-48,22;0;0;632;519;"";270,844;40,63;735,776;72,07;20,895;0,86;1,472;0,21;14,403;1,72;3,725;10,0;4,505;10,18;4,755;10,26;751,866;83,14;230,038;32,42;20,407;11,97;0,419;10,02;0,327;10,01;0,0;10,0;1,555;21,511;0,54;22,802;3,56;4,32;0,62;-0,461;1,97;951,022;1,0;"";"";22,321;2,36;111,639;14,35;"";"";13,683;20,55;34,1;"";"";"";"";"";"";"";"";"";"";"";"";"";"";"";"";"";"";"";"";"";"";"";"";"";"";"";"";"";"";"";"";"";"";"";"";"";"";"";"";"";"";"";"";"";"";"";"";"";"";"";"";"";"";"";"";"";"";"";"";"";"";"";"";""
12.12.2022 16:54:18;1670860458000;880f01e687e2572cea04e80fc6a68085;1197298;OK;1805;0;1;0;0;0,03;-37,15;0;0;636;521;"";287,069;43,06;733,382;72,0;20,893;0,86;1,473;0,21;14,554;1,73;3,681;10,0;4,19;10,11;4,896;10,25;756,115;83,6;234,098;32,8;15,02;11,37;1,751;10,13;1,127;10,13;0,0;10,0;2,382;21,524;0,54;22,955;3,56;4,353;0,62;-0,358;1,95;951,053;1,0;"";"";22,23;2,37;112,893;14,42;"";"";13,998;19,94;62,1;"";"";"";"";"";"";"";"";"";"";"";"";"";"";"";"";"";"";"";"";"";"";"";"";"";"";"";"";"";"";"";"";"";"";"";"";"";"";"";"";"";"";"";"";"";"";"";"";"";"";"";"";"";"";"";"";"";"";"";"";"";"";"";"";""
12.12.2022 16:56:17;1670860577000;880f01e687e2572cea04e80fc6a68085;1197418;OK;1803;1;0;0;0;0,09;90,7;0;0;638;504;"";293,145;43,97;757,411;72,72;20,897;0,86;1,474;0,21;14,736;1,73;3,403;10,0;3,843;10,03;4,026;10,07;717,5479;79,84;222,132;31,61;14,703;11,43;0,257;10,02;0,19;10,02;0,0;10,0;1,461;21,533;0,54;23,044;3,55;4,372;0,62;-0,297;1,94;951,08;1,0;"";"";22,409;2,36;114,199;14,49;"";"";16,982;19,44;73,3;"";"";"";"";"";"";"";"";"";"";"";"";"";"";"";"";"";"";"";"";"";"";"";"";"";"";"";"";"";"";"";"";"";"";"";"";"";"";"";"";"";"";"";"";"";"";"";"";"";"";"";"";"";"";"";"";"";"";"";"";"";"";"";"";""
12.12.2022 16:58:18;1670860698000;880f01e687e2572cea04e80fc6a68085;1197539;OK;1809;3;0;0;0;0,43;161,52;0;0;654;478;"";361,43;54,21;797,622;73,93;20,885;0,86;1,477;0,21;15,42;1,77;3,26;10,0;3,649;10,0;3,755;10,02;669,475;75,12001;205,24;29,94;16,469;11,65;0,196;10,0;0,02;10,0;0,0;10,0;1,339;21,542;0,54;23,689;3,54;4,496;0,61;0,089;1,88;951,091;1,0;"";"";23,118;2,32;116,219;14,59;"";"";21,678;19,91;75,5;"";"";"";"";"";"";"";"";"";"";"";"";"";"";"";"";"";"";"";"";"";"";"";"";"";"";"";"";"";"";"";"";"";"";"";"";"";"";"";"";"";"";"";"";"";"";"";"";"";"";"";"";"";"";"";"";"";"";"";"";"";"";"";"";""
12.12.2022 17:00:20;1670860820000;880f01e687e2572cea04e80fc6a68085;1197660;OK;1796;4;0;0;0;-0,16;219,88;0;0;616;482;"";250,199;37,53;781,728;73,45;20,896;0,86;1,477;0,21;15,032;1,75;3,633;10,0;4,161;10,0;4,505;10,21;711,593;79,2;218,941;31,31;16,155;11,56;0,456;10,04;0,438;10,04;0,0;10,0;1,664;21,533;0,54;22,179;3,58;4,208;0,62;-0,833;2,04;951,077;1,0;"";"";22,936;2,33;111,352;14,34;"";"";17,248;18,79;77,2;"";"";"";"";"";"";"";"";"";"";"";"";"";"";"";"";"";"";"";"";"";"";"";"";"";"";"";"";"";"";"";"";"";"";"";"";"";"";"";"";"";"";"";"";"";"";"";"";"";"";"";"";"";"";"";"";"";"";"";"";"";"";"";"";""
12.12.2022 17:02:19;1670860939000;880f01e687e2572cea04e80fc6a68085;1197780;OK;1809;0;1;0;0;-1,31;-302,2;0;0;584;579;"";164,612;24,69;644,47;69,33;20,908;0,86;1,475;0,21;14,456;1,72;4,61;10,15;5,39;10,37;6,417;10,81;840,219;91,77;255,486;34,87;18,045;11,77;1,816;10,0;1,57;10,0;0,834;10,0;2,521;21,459;0,54;20,959;3,61;3,959;0,63;-1,661;2,17;951,0659;1,0;"";"";21,599;2,4;92,408;13,35;"";"";39,967;10,65;78,9;"";"";"";"";"";"";"";"";"";"";"";"";"";"";"";"";"";"";"";"";"";"";"";"";"";"";"";"";"";"";"";"";"";"";"";"";"";"";"";"";"";"";"";"";"";"";"";"";"";"";"";"";"";"";"";"";"";"";"";"";"";"";"";"";""
12.12.2022 17:04:22;1670861062000;880f01e687e2572cea04e80fc6a68085;1197902;OK;1795;0;1;0;0;-1,78;-598,7;0;0;577;602;"";139,862;20,98;614,322;68,43;20,914;0,86;1,473;0,21;14,335;1,71;4,441;10,01;5,432;10,49;6,61;10,76;822,101;89,98;255,584;34,86;22,558;12,17;1,733;10,05;1,709;10,05;0,083;10,0;2,599;21,368;0,54;20,677;3,62;3,885;0,63;-1,918;2,2;951,056;1,0;"";"";20,346;2,46;77,632;12,57;"";"";15,911;18,96;48,0;"";"";"";"";"";"";"";"";"";"";"";"";"";"";"";"";"";"";"";"";"";"";"";"";"";"";"";"";"";"";"";"";"";"";"";"";"";"";"";"";"";"";"";"";"";"";"";"";"";"";"";"";"";"";"";"";"";"";"";"";"";"";"";"";""
12.12.2022 17:06:21;1670861181000;880f01e687e2572cea04e80fc6a68085;1198022;OK;1804;0;1;0;0;-1,0;-535,9099;0;0;573;617;"";131,894;19,78;597,818;67,93;20,915;0,86;1,471;0,21;14,748;1,74;4,789;10,09;6,08;10,7;6,526;10,78;833,077;91,06;261,758;35,51;26,221;12,57;2,005;10,18;0,746;10,01;0,192;10,0;1,822;21,276;0,54;20,527;3,62;3,837;0,63;-2,092;2,22;951,0469;1,0;"";"";19,7;2,49;67,504;12,04;"";"";13,311;19,89;13,0;"";"";"";"";"";"";"";"";"";"";"";"";"";"";"";"";"";"";"";"";"";"";"";"";"";"";"";"";"";"";"";"";"";"";"";"";"";"";"";"";"";"";"";"";"";"";"";"";"";"";"";"";"";"";"";"";"";"";"";"";"";"";"";"";""
12.12.2022 17:08:21;1670861301000;880f01e687e2572cea04e80fc6a68085;1198142;OK;1795;0;1;0;0;-0,35;-122,96;0;0;572;623;"";124,852;18,73;592,385;67,77;20,914;0,86;1,468;0,2;15,426;1,77;4,911;10,2;5,957;10,75;7,156;10,93;860,5789;93,73;268,899;36,15;23,971;12,32;2,464;10,16;1,977;10,12;0,02;10,0;2,674;21,184;0,54;20,487;3,62;3,809;0,62;-2,195;2,22;951,048;1,0;"";"";19,516;2,5;61,433;11,72;"";"";13,331;19,82;35,4;"";"";"";"";"";"";"";"";"";"";"";"";"";"";"";"";"";"";"";"";"";"";"";"";"";"";"";"";"";"";"";"";"";"";"";"";"";"";"";"";"";"";"";"";"";"";"";"";"";"";"";"";"";"";"";"";"";"";"";"";"";"";"";"";""
12.12.2022 17:10:22;1670861422000;880f01e687e2572cea04e80fc6a68085;1198263;OK;1805;0;1;0;0;-0,27;-70,17;0;0;572;629;"";122,215;18,33;587,026;67,61;20,912;0,86;1,467;0,2;16,517;1,83;4,929;10,1;6,134;10,76;6,937;10,96;882,432;95,9;272,78;36,47;25,526;12,51;1,667;10,09;1,417;10,07;0,002;10,0;2,259;21,089;0,54;20,488;3,62;3,788;0,62;-2,274;2,22;951,0489;1,0;"";"";19,768;2,49;58,082;11,55;"";"";13,729;19,64;53,2;"";"";"";"";"";"";"";"";"";"";"";"";"";"";"";"";"";"";"";"";"";"";"";"";"";"";"";"";"";"";"";"";"";"";"";"";"";"";"";"";"";"";"";"";"";"";"";"";"";"";"";"";"";"";"";"";"";"";"";"";"";"";"";"";""
12.12.2022 17:12:22;1670861542000;880f01e687e2572cea04e80fc6a68085;1198382;OK;1798;0;1;0;0;-0,17;-32,38;0;0;573;632;"";120,204;18,03;585,602;67,57;20,909;0,86;1,465;0,2;17,807;1,9;5,597;10,59;6,393;10,88;7,425;10,96;918,424;99,27;288,648;38,09;19,165;11,77;2,453;10,09;1,191;10,01;0,863;10,0;2,357;21,003;0,54;20,504;3,62;3,772;0,62;-2,335;2,22;951,0489;1,0;"";"";20,296;2,46;57,252;11,5;"";"";13,078;19,96;13,0;"";"";"";"";"";"";"";"";"";"";"";"";"";"";"";"";"";"";"";"";"";"";"";"";"";"";"";"";"";"";"";"";"";"";"";"";"";"";"";"";"";"";"";"";"";"";"";"";"";"";"";"";"";"";"";"";"";"";"";"";"";"";"";"";""
12.12.2022 17:14:22;1670861662000;880f01e687e2572cea04e80fc6a68085;1198502;OK;1801;0;0;0;0;-0,12;-13,66;0;0;574;633;"";116,724;17,51;586,869;67,61;20,912;0,86;1,464;0,2;19,173;1,97;5,414;10,56;6,14;10,81;6,718;10,82;898,268;97,39;281,715;37,33;23,652;12,21;0,957;10,01;0,827;10,0;0,089;10,0;1,838;20,922;0,54;20,554;3,62;3,764;0,61;-2,369;2,21;951,055;1,0;"";"";21,057;2,42;58,008;11,54;"";"";13,257;19,88;48,5;"";"";"";"";"";"";"";"";"";"";"";"";"";"";"";"";"";"";"";"";"";"";"";"";"";"";"";"";"";"";"";"";"";"";"";"";"";"";"";"";"";"";"";"";"";"";"";"";"";"";"";"";"";"";"";"";"";"";"";"";"";"";"";"";""
12.12.2022 17:16:24;1670861784000;880f01e687e2572cea04e80fc6a68085;1198624;OK;1802;0;0;0;0;-0,06;-1,17;0;0;576;635;"";113,829;17,07;586,025;67,58;20,912;0,86;1,462;0,2;20,681;2,05;4,499;10,14;5,437;10,47;6,836;10,87;864,6;94,07001;267,197;35,96;19,866;11,84;1,856;10,12;1,613;10,08;0,713;10,0;2,943;20,858;0,54;20,632;3,62;3,764;0,61;-2,371;2,2;951,0659;1,0;"";"";21,787;2,39;60,177;11,66;"";"";13,026;19,99;13,0;"";"";"";"";"";"";"";"";"";"";"";"";"";"";"";"";"";"";"";"";"";"";"";"";"";"";"";"";"";"";"";"";"";"";"";"";"";"";"";"";"";"";"";"";"";"";"";"";"";"";"";"";"";"";"";"";"";"";"";"";"";"";"";"";""
12.12.2022 17:18:23;1670861903000;880f01e687e2572cea04e80fc6a68085;1198744;OK;1808;0;0;0;0;-0,04;-3,71;0;0;576;639;"";112,693;16,9;583,598;67,51;20,908;0,86;1,461;0,2;22,023;2,12;4,291;10,02;5,459;10,54;6,311;10,85;848,01;92,53;261,23;35,43;23,021;12,25;0,999;10,01;0,973;10,01;0,631;10,0;2,402;20,803;0,54;20,651;3,62;3,755;0,61;-2,404;2,2;951,07;1,0;"";"";22,756;2,34;63,32;11,82;"";"";13,003;20,0;13,0;"";"";"";"";"";"";"";"";"";"";"";"";"";"";"";"";"";"";"";"";"";"";"";"";"";"";"";"";"";"";"";"";"";"";"";"";"";"";"";"";"";"";"";"";"";"";"";"";"";"";"";"";"";"";"";"";"";"";"";"";"";"";"";"";""
12.12.2022 17:20:24;1670862024000;880f01e687e2572cea04e80fc6a68085;1198864;OK;1790;0;0;0;0;-0,02;-15,97;0;0;579;640;"";112,401;16,86;581,506;67,45;20,911;0,86;1,461;0,2;23,232;2,18;4,825;10,06;5,843;10,61;6,6;10,75;852,999;92,96;261,629;35,41;22,132;12,21;2,03;10,07;1,357;10,02;0,065;10,0;2,13;20,742;0,54;20,747;3,62;3,759;0,61;-2,392;2,19;951,062;1,0;"";"";23,692;2,3;66,511;11,99;"";"";13,0;20,0;13,0;"";"";"";"";"";"";"";"";"";"";"";"";"";"";"";"";"";"";"";"";"";"";"";"";"";"";"";"";"";"";"";"";"";"";"";"";"";"";"";"";"";"";"";"";"";"";"";"";"";"";"";"";"";"";"";"";"";"";"";"";"";"";"";"";""
12.12.2022 17:22:24;1670862144000;880f01e687e2572cea04e80fc6a68085;1198984;OK;1824;0;0;0;0;-0,02;-6,05;0;0;580;634;"";111,239;16,69;583,731;67,51;20,909;0,86;1,461;0,2;24,206;2,23;4,443;10,01;5,45;10,51;7,454;10,97;824,269;90,17;250,446;34,44;21,499;12,09;3,602;10,35;2,198;10,17;0,007;10,0;3,519;20,683;0,54;20,784;3,62;3,753;0,6;-2,417;2,18;951,0659;1,0;"";"";24,732;2,25;69,305;12,13;"";"";13,0;20,0;13,0;"";"";"";"";"";"";"";"";"";"";"";"";"";"";"";"";"";"";"";"";"";"";"";"";"";"";"";"";"";"";"";"";"";"";"";"";"";"";"";"";"";"";"";"";"";"";"";"";"";"";"";"";"";"";"";"";"";"";"";"";"";"";"";"";""
12.12.2022 17:24:25;1670862265000;880f01e687e2572cea04e80fc6a68085;1199105;OK;1803;0;0;0;0;-0,03;-1,0;0;0;580;630;"";108,995;16,35;581,671;67,45;20,912;0,86;1,46;0,2;25,105;2,28;4,418;10,03;5,398;10,42;6,667;10,91;834,711;91,18;258,951;35,23;22,617;12,14;1,857;10,09;1,68;10,07;0,001;10,0;2,833;20,634;0,54;20,791;3,62;3,744;0,6;-2,453;2,18;951,0839;1,0;"";"";25,646;2,2;71,96701;12,27;"";"";13,0;20,0;13,0;"";"";"";"";"";"";"";"";"";"";"";"";"";"";"";"";"";"";"";"";"";"";"";"";"";"";"";"";"";"";"";"";"";"";"";"";"";"";"";"";"";"";"";"";"";"";"";"";"";"";"";"";"";"";"";"";"";"";"";"";"";"";"";"";""
12.12.2022 17:26:23;1670862383000;880f01e687e2572cea04e80fc6a68085;1199224;OK;1804;0;0;0;0;-0,05;-4,44;0;0;581;626;"";108,07;16,21;580,583;67,42;20,909;0,86;1,459;0,2;25,841;2,32;4,727;10,13;5,461;10,5;7,378;10,92;865,153;94,24;270,83;36,3;23,542;12,35;2,867;10,37;2,611;10,3;1,055;10,0;3,395;20,59;0,54;20,838;3,62;3,742;0,6;-2,46;2,17;951,0949;1,0;"";"";26,412;2,21;74,998;12,43;"";"";13,0;20,0;13,0;"";"";"";"";"";"";"";"";"";"";"";"";"";"";"";"";"";"";"";"";"";"";"";"";"";"";"";"";"";"";"";"";"";"";"";"";"";"";"";"";"";"";"";"";"";"";"";"";"";"";"";"";"";"";"";"";"";"";"";"";"";"";"";"";""
12.12.2022 17:28:26;1670862506000;880f01e687e2572cea04e80fc6a68085;1199346;OK;1797;0;0;0;0;-0,01;-14,83;0;0;583;623;"";108,773;16,32;578,573;67,36;20,905;0,86;1,46;0,2;26,695;2,37;4,423;10,01;5,099;10,34;6,429;10,78;791,611;87,06;247,078;34,08;16,19;11,54;1,755;10,11;1,5;10,03;0,105;10,0;2,967;20,555;0,54;20,908;3,62;3,747;0,6;-2,444;2,17;951,094;1,0;"";"";27,299;2,25;79,519;12,67;"";"";13,0;20,0;13,0;"";"";"";"";"";"";"";"";"";"";"";"";"";"";"";"";"";"";"";"";"";"";"";"";"";"";"";"";"";"";"";"";"";"";"";"";"";"";"";"";"";"";"";"";"";"";"";"";"";"";"";"";"";"";"";"";"";"";"";"";"";"";"";"";""
12.12.2022 17:30:25;1670862625000;880f01e687e2572cea04e80fc6a68085;1199465;OK;1786;0;0;0;0;0,02;-10,82;0;0;583;620;"";105,691;15,85;577,471;67,32;20,906;0,86;1,461;0,2;27,233;2,39;4,853;10,02;5,643;10,72;6,949;10,81;842,396;91,90001;264,249;35,68;22,655;12,23;2,033;10,25;2,006;10,24;0,011;10,0;2,675;20,551;0,54;20,915;3,62;3,748;0,6;-2,442;2,16;951,093;1,0;"";"";28,176;2,3;85,041;12,96;"";"";13,0;20,0;13,0;"";"";"";"";"";"";"";"";"";"";"";"";"";"";"";"";"";"";"";"";"";"";"";"";"";"";"";"";"";"";"";"";"";"";"";"";"";"";"";"";"";"";"";"";"";"";"";"";"";"";"";"";"";"";"";"";"";"";"";"";"";"";"";"";""
12.12.2022 17:32:26;1670862746000;880f01e687e2572cea04e80fc6a68085;1199587;OK;1799;0;0;0;0;0,03;-7,82;0;0;583;615;"";105,048;15,76;577,557;67,33;20,907;0,86;1,461;0,2;27,821;2,42;4,512;10,02;5,324;10,34;6,485;10,74;811,9149;88,94;248,44;34,14;22,982;12,25;1,931;10,09;1,929;10,09;0,204;10,0;2,605;20,58;0,54;20,915;3,62;3,754;0,6;-2,418;2,16;951,119;1,0;"";"";28,884;2,34;90,635;13,25;"";"";13,0;20,0;13,0;"";"";"";"";"";"";"";"";"";"";"";"";"";"";"";"";"";"";"";"";"";"";"";"";"";"";"";"";"";"";"";"";"";"";"";"";"";"";"";"";"";"";"";"";"";"";"";"";"";"";"";"";"";"";"";"";"";"";"";"";"";"";"";"";""
12.12.2022 17:34:26;1670862866000;880f01e687e2572cea04e80fc6a68085;1199707;OK;1790;0;0;0;0;0,0;2,89;0;0;581;612;"";102,77;15,42;579,051;67,37;20,907;0,86;1,462;0,2;27,993;2,43;4,714;10,04;6,479;10,86;7,888;10,97;871,926;94,8;274,477;36,72;30,121;12,92;4,42;10,4;1,686;10,09;0,132;10,0;2,778;20,615;0,54;20,825;3,62;3,746;0,6;-2,447;2,18;951,1459;1,0;"";"";29,475;2,37;95,055;13,48;"";"";13,0;20,0;13,0;"";"";"";"";"";"";"";"";"";"";"";"";"";"";"";"";"";"";"";"";"";"";"";"";"";"";"";"";"";"";"";"";"";"";"";"";"";"";"";"";"";"";"";"";"";"";"";"";"";"";"";"";"";"";"";"";"";"";"";"";"";"";"";"";""
12.12.2022 17:36:26;1670862986000;880f01e687e2572cea04e80fc6a68085;1199827;OK;1792;0;0;0;0;-0,01;-8,72;0;0;580;616;"";104,703;15,71;573,893;67,22;20,909;0,86;1,463;0,2;27,947;2,43;4,457;10,02;5,32;10,5;6,343;10,77;795,017;87,32;251,933;34,49;22,108;12,07;1,868;10,04;1,541;10,01;0,014;10,0;2,603;20,648;0,54;20,795;3,62;3,748;0,6;-2,439;2,18;951,168;1,0;"";"";30,1;2,4;97,916;13,62;"";"";13,0;20,0;13,0;"";"";"";"";"";"";"";"";"";"";"";"";"";"";"";"";"";"";"";"";"";"";"";"";"";"";"";"";"";"";"";"";"";"";"";"";"";"";"";"";"";"";"";"";"";"";"";"";"";"";"";"";"";"";"";"";"";"";"";"";"";"";"";"";""
12.12.2022 17:38:27;1670863107000;880f01e687e2572cea04e80fc6a68085;1199947;OK;1790;0;0;0;0;-0,01;-13,14;0;0;580;617;"";103,906;15,59;573,992;67,22;20,909;0,86;1,464;0,2;27,749;2,42;4,894;10,1;5,494;10,46;6,9;10,96;877,549;95,33999;272,525;36,5;24,078;12,32;2,363;10,23;2,33;10,23;0,001;10,0;2,911;20,664;0,54;20,791;3,62;3,75;0,6;-2,428;2,18;951,184;1,0;"";"";30,679;2,43;99,463;13,7;"";"";13,0;20,0;13,0;"";"";"";"";"";"";"";"";"";"";"";"";"";"";"";"";"";"";"";"";"";"";"";"";"";"";"";"";"";"";"";"";"";"";"";"";"";"";"";"";"";"";"";"";"";"";"";"";"";"";"";"";"";"";"";"";"";"";"";"";"";"";"";"";""
12.12.2022 17:40:27;1670863227000;880f01e687e2572cea04e80fc6a68085;1200068;OK;1804;0;0;0;0;0,01;-15,71;0;0;580;620;"";100,108;15,02;573,456;67,2;20,905;0,86;1,464;0,2;27,245;2,39;4,497;10,01;5,375;10,46;6,185;10,82;864,739;94,06;268,323;36,06;22,493;12,15;1,985;10,02;1,224;10,02;0,0;10,0;2,345;20,666;0,54;20,778;3,62;3,748;0,6;-2,436;2,18;951,189;1,0;"";"";31,088;2,45;99,05001;13,68;"";"";13,0;20,0;13,0;"";"";"";"";"";"";"";"";"";"";"";"";"";"";"";"";"";"";"";"";"";"";"";"";"";"";"";"";"";"";"";"";"";"";"";"";"";"";"";"";"";"";"";"";"";"";"";"";"";"";"";"";"";"";"";"";"";"";"";"";"";"";"";"";""
12.12.2022 17:42:28;1670863348000;880f01e687e2572cea04e80fc6a68085;1200189;OK;1800;0;0;0;0;-0,03;-2,01;0;0;578;624;"";98,675;14,8;572,4699;67,17;20,909;0,86;1,467;0,2;26,792;2,37;4,569;10,15;5,297;10,34;6,238;10,52;821,534;89,92;253,96;34,71;18,557;11,82;1,048;10,06;0,9700001;10,06;0,457;10,0;2,227;20,662;0,54;20,722;3,62;3,737;0,6;-2,475;2,19;951,184;1,0;"";"";31,256;2,46;99,068;13,68;"";"";13,107;19,94;32,4;"";"";"";"";"";"";"";"";"";"";"";"";"";"";"";"";"";"";"";"";"";"";"";"";"";"";"";"";"";"";"";"";"";"";"";"";"";"";"";"";"";"";"";"";"";"";"";"";"";"";"";"";"";"";"";"";"";"";"";"";"";"";"";"";""
12.12.2022 17:44:28;1670863468000;880f01e687e2572cea04e80fc6a68085;1200308;OK;1800;0;0;0;0;-0,06;-12,18;0;0;577;627;"";99,724;14,96;570,025;67,1;20,909;0,86;1,468;0,2;26,472;2,35;4,436;10,02;5,898;10,58;6,262;10,68;788,417;86,65;246,68;34,03;23,006;12,19;1,525;10,15;0,367;10,01;0,312;10,0;1,791;20,66;0,54;20,68;3,62;3,729;0,6;-2,504;2,19;951,167;1,0;"";"";31,331;2,46;98,516;13,65;"";"";13,019;20,05;14,3;"";"";"";"";"";"";"";"";"";"";"";"";"";"";"";"";"";"";"";"";"";"";"";"";"";"";"";"";"";"";"";"";"";"";"";"";"";"";"";"";"";"";"";"";"";"";"";"";"";"";"";"";"";"";"";"";"";"";"";"";"";"";"";"";""
12.12.2022 17:46:29;1670863589000;880f01e687e2572cea04e80fc6a68085;1200429;OK;1795;0;0;0;0;-0,06;-15,77;0;0;577;632;"";100,511;15,08;568,11;67,04;20,909;0,86;1,468;0,2;26,066;2,33;5,447;10,52;6,359;10,85;7,676;10,96;880,0859;95,61;275,786;36,84;29,715;12,89;2,537;10,15;2,014;10,07;0,032;10,0;2,651;20,65;0,54;20,664;3,62;3,724;0,6;-2,523;2,19;951,157;1,0;"";"";31,482;2,47;97,88301;13,62;"";"";13,606;19,73;51,2;"";"";"";"";"";"";"";"";"";"";"";"";"";"";"";"";"";"";"";"";"";"";"";"";"";"";"";"";"";"";"";"";"";"";"";"";"";"";"";"";"";"";"";"";"";"";"";"";"";"";"";"";"";"";"";"";"";"";"";"";"";"";"";"";""
12.12.2022 17:48:30;1670863710000;880f01e687e2572cea04e80fc6a68085;1200550;OK;1794;0;0;0;0;-0,03;-6,03;0;0;577;633;"";98,84101;14,83;570,729;67,12;20,908;0,86;1,467;0,2;25,657;2,31;5,285;10,35;6,332;10,91;7,496;10,99;918,877;99,33001;287,073;37,9;30,683;12,99;2,171;10,08;1,63;10,01;0,003;10,0;2,572;20,631;0,54;20,682;3,62;3,724;0,6;-2,527;2,19;951,1559;1,0;"";"";31,58;2,47;97,322;13,59;"";"";13,063;19,97;13,0;"";"";"";"";"";"";"";"";"";"";"";"";"";"";"";"";"";"";"";"";"";"";"";"";"";"";"";"";"";"";"";"";"";"";"";"";"";"";"";"";"";"";"";"";"";"";"";"";"";"";"";"";"";"";"";"";"";"";"";"";"";"";"";"";""
12.12.2022 17:50:31;1670863831000;880f01e687e2572cea04e80fc6a68085;1200671;OK;1806;0;0;0;0;0,01;5,86;0;0;580;636;"";100,551;15,08;570,369;67,11;20,907;0,86;1,469;0,2;25,285;2,29;4,835;10,09;5,816;10,6;6,752;10,85;855,573;93,14;264,358;35,69;29,037;12,84;1,412;10,03;1,131;10,0;0,0;10,0;2,373;20,607;0,54;20,773;3,62;3,735;0,6;-2,487;2,18;951,16;1,0;"";"";31,672;2,48;95,85501;13,52;"";"";12,981;20,5;30,4;"";"";"";"";"";"";"";"";"";"";"";"";"";"";"";"";"";"";"";"";"";"";"";"";"";"";"";"";"";"";"";"";"";"";"";"";"";"";"";"";"";"";"";"";"";"";"";"";"";"";"";"";"";"";"";"";"";"";"";"";"";"";"";"";""
12.12.2022 17:52:30;1670863950000;880f01e687e2572cea04e80fc6a68085;1200790;OK;1800;0;0;0;0;0,0;2,96;0;0;578;638;"";96,151;14,42;568,724;67,06;20,905;0,86;1,47;0,2;25,163;2,28;3,946;10,03;4,761;10,21;5,505;10,55;808,7;88,67;250,476;34,35;23,769;12,3;1,702;10,16;1,672;10,16;0,0;10,0;2,306;20,58;0,54;20,723;3,62;3,72;0,6;-2,542;2,19;951,161;1,0;"";"";31,712;2,48;95,058;13,48;"";"";12,998;20,05;13,0;"";"";"";"";"";"";"";"";"";"";"";"";"";"";"";"";"";"";"";"";"";"";"";"";"";"";"";"";"";"";"";"";"";"";"";"";"";"";"";"";"";"";"";"";"";"";"";"";"";"";"";"";"";"";"";"";"";"";"";"";"";"";"";"";""
12.12.2022 17:54:30;1670864070000;880f01e687e2572cea04e80fc6a68085;1200911;OK;1783;0;0;0;0;-0,01;-16,6;0;0;580;643;"";97,981;14,7;564,374;66,93;20,903;0,86;1,471;0,21;25,111;2,28;4,559;10,0;5,502;10,52;5,732;10,68;790,306;86,8;243,926;33,73;24,169;12,35;0,466;10,02;0,463;10,02;0,29;10,0;1,575;20,555;0,54;20,777;3,62;3,724;0,6;-2,528;2,18;951,142;1,0;"";"";31,791;2,49;94,82;13,46;"";"";13,199;21,44;40,6;"";"";"";"";"";"";"";"";"";"";"";"";"";"";"";"";"";"";"";"";"";"";"";"";"";"";"";"";"";"";"";"";"";"";"";"";"";"";"";"";"";"";"";"";"";"";"";"";"";"";"";"";"";"";"";"";"";"";"";"";"";"";"";"";""
12.12.2022 17:56:31;1670864191000;880f01e687e2572cea04e80fc6a68085;1201032;OK;1800;0;0;0;0;-0,03;-20,24;0;0;580;644;"";95,963;14,39;564,053;66,92;20,903;0,86;1,47;0,2;24,973;2,27;3,902;10,0;4,436;10,13;5,32;10,29;803,064;88,08001;246,608;33,91;18,284;11,79;1,49;10,03;1,342;10,0;0,1;10,0;2,543;20,534;0,54;20,792;3,62;3,722;0,6;-2,537;2,18;951,127;1,0;"";"";31,78;2,49;94,477;13,45;"";"";15,013;19,44;56,8;"";"";"";"";"";"";"";"";"";"";"";"";"";"";"";"";"";"";"";"";"";"";"";"";"";"";"";"";"";"";"";"";"";"";"";"";"";"";"";"";"";"";"";"";"";"";"";"";"";"";"";"";"";"";"";"";"";"";"";"";"";"";"";"";""
12.12.2022 17:58:32;1670864312000;880f01e687e2572cea04e80fc6a68085;1201152;OK;1799;0;0;0;0;-0,01;-10,77;0;0;580;644;"";97,457;14,62;564,335;66,93;20,903;0,86;1,471;0,21;24,974;2,28;4,353;10,1;5,575;10,51;6,484;10,72;852,131;92,9;264,888;35,67;24,67;12,37;2,313;10,16;0,948;10,0;0,228;10,0;2,463;20,512;0,54;20,795;3,62;3,718;0,6;-2,552;2,18;951,114;1,0;"";"";31,801;2,49;94,25;13,44;"";"";13,208;19,94;13,0;"";"";"";"";"";"";"";"";"";"";"";"";"";"";"";"";"";"";"";"";"";"";"";"";"";"";"";"";"";"";"";"";"";"";"";"";"";"";"";"";"";"";"";"";"";"";"";"";"";"";"";"";"";"";"";"";"";"";"";"";"";"";"";"";""
12.12.2022 18:00:33;1670864433000;880f01e687e2572cea04e80fc6a68085;1201273;OK;1795;0;0;0;0;-0,03;4,42;0;0;580;643;"";95,346;14,3;565,722;66,97;20,903;0,86;1,472;0,21;24,978;2,28;4,376;10,07;5,156;10,27;6,253;10,69;829,5939;90,72001;256,733;34,97;15,387;11,51;2,022;10,11;1,167;10,0;0,207;10,0;2,623;20,486;0,54;20,797;3,62;3,713;0,6;-2,573;2,18;951,1129;1,0;"";"";31,834;2,49;93,979;13,42;"";"";13,71;19,66;52,0;"";"";"";"";"";"";"";"";"";"";"";"";"";"";"";"";"";"";"";"";"";"";"";"";"";"";"";"";"";"";"";"";"";"";"";"";"";"";"";"";"";"";"";"";"";"";"";"";"";"";"";"";"";"";"";"";"";"";"";"";"";"";"";"";""
12.12.2022 18:02:33;1670864553000;880f01e687e2572cea04e80fc6a68085;1201394;OK;1787;0;0;0;0;-0,02;12,29;0;0;581;640;"";96,068;14,41;568,534;67,06;20,911;0,86;1,472;0,21;25,076;2,28;4,733;10,15;5,608;10,49;7,176;10,97;883,9869;95,93;278,851;37,17;26,454;12,63;2,416;10,02;1,67;10,01;0,218;10,0;3,1;20,467;0,54;20,832;3,62;3,715;0,6;-2,566;2,17;951,133;1,0;"";"";31,882;2,49;94,53601;13,45;"";"";13,073;19,97;13,0;"";"";"";"";"";"";"";"";"";"";"";"";"";"";"";"";"";"";"";"";"";"";"";"";"";"";"";"";"";"";"";"";"";"";"";"";"";"";"";"";"";"";"";"";"";"";"";"";"";"";"";"";"";"";"";"";"";"";"";"";"";"";"";"";""
12.12.2022 18:04:32;1670864672000;880f01e687e2572cea04e80fc6a68085;1201512;OK;1806;0;0;0;0;-0,01;5,92;0;0;581;641;"";93,961;14,09;566,343;66,99;20,91;0,86;1,474;0,21;25,186;2,29;5,29;10,35;6,054;10,54;7,839;10,93;946,803;102,01;295,12;38,71;23,055;12,17;2,43;10,07;2,35;10,07;0,617;10,0;3,13;20,451;0,54;20,846;3,62;3,714;0,6;-2,57;2,17;951,162;1,0;"";"";32,013;2,5;95,83301;13,52;"";"";13,26;19,97;22,1;"";"";"";"";"";"";"";"";"";"";"";"";"";"";"";"";"";"";"";"";"";"";"";"";"";"";"";"";"";"";"";"";"";"";"";"";"";"";"";"";"";"";"";"";"";"";"";"";"";"";"";"";"";"";"";"";"";"";"";"";"";"";"";"";""
12.12.2022 18:06:32;1670864792000;880f01e687e2572cea04e80fc6a68085;1201633;OK;1795;0;0;0;0;0,03;-5,09;0;0;584;642;"";93,01101;13,95;564,55;66,94;20,909;0,86;1,474;0,21;25,31;2,29;4,937;10,09;6,171;10,83;8,681;10,98;875,091;95,11001;274,036;36,6;28,645;12,84;4,088;10,45;2,635;10,19;1,009;10,0;3,717;20,449;0,54;20,918;3,62;3,726;0,59;-2,525;2,16;951,1909;1,0;"";"";32,197;2,51;98,191;13,64;"";"";13,216;19,9;28,7;"";"";"";"";"";"";"";"";"";"";"";"";"";"";"";"";"";"";"";"";"";"";"";"";"";"";"";"";"";"";"";"";"";"";"";"";"";"";"";"";"";"";"";"";"";"";"";"";"";"";"";"";"";"";"";"";"";"";"";"";"";"";"";"";""
12.12.2022 18:08:33;1670864913000;880f01e687e2572cea04e80fc6a68085;1201753;OK;1808;0;0;0;0;0,05;-9,38;0;0;583;641;"";94,792;14,22;564,585;66,94;20,91;0,86;1,477;0,21;25,434;2,3;5,435;10,43;6,213;10,69;7,754;10,89;923,812;99,81;288,17;37,95;27,979;12,7;4,076;10,27;2,439;10,24;0,126;10,0;2,719;20,472;0,54;20,92;3,62;3,731;0,6;-2,505;2,16;951,221;1,0;"";"";32,493;2,52;100,458;13,76;"";"";13,022;19,99;13,0;"";"";"";"";"";"";"";"";"";"";"";"";"";"";"";"";"";"";"";"";"";"";"";"";"";"";"";"";"";"";"";"";"";"";"";"";"";"";"";"";"";"";"";"";"";"";"";"";"";"";"";"";"";"";"";"";"";"";"";"";"";"";"";"";""
12.12.2022 18:10:34;1670865034000;880f01e687e2572cea04e80fc6a68085;1201874;OK;1802;0;0;0;0;0,03;-1,22;0;0;581;638;"";92,561;13,88;564,99;66,95;20,912;0,86;1,479;0,21;25,552;2,31;4,756;10,26;5,713;10,53;6,773;10,77;890,2369;96,53;271,516;36,43;30,778;13,02;3,077;10,33;1,952;10,21;0,013;10,0;2,378;20,503;0,54;20,836;3,62;3,723;0,6;-2,533;2,17;951,2429;1,0;"";"";32,749;2,54;103,429;13,92;"";"";13,428;19,79;46,0;"";"";"";"";"";"";"";"";"";"";"";"";"";"";"";"";"";"";"";"";"";"";"";"";"";"";"";"";"";"";"";"";"";"";"";"";"";"";"";"";"";"";"";"";"";"";"";"";"";"";"";"";"";"";"";"";"";"";"";"";"";"";"";"";""
12.12.2022 18:12:33;1670865153000;880f01e687e2572cea04e80fc6a68085;1201994;OK;1791;0;0;0;0;-0,02;3,11;0;0;580;637;"";92,66001;13,9;565,755;66,97;20,91;0,86;1,479;0,21;25,527;2,3;4,483;10,25;5,283;10,4;7,003;10,77;860,75;93,67;264,222;35,66;20,721;11,96;2,377;10,13;2,234;10,1;0,635;10,0;3,252;20,536;0,54;20,799;3,62;3,724;0,6;-2,53;2,18;951,265;1,0;"";"";32,942;2,55;105,024;14,0;"";"";13,046;19,98;13,0;"";"";"";"";"";"";"";"";"";"";"";"";"";"";"";"";"";"";"";"";"";"";"";"";"";"";"";"";"";"";"";"";"";"";"";"";"";"";"";"";"";"";"";"";"";"";"";"";"";"";"";"";"";"";"";"";"";"";"";"";"";"";"";"";""
12.12.2022 18:14:34;1670865274000;880f01e687e2572cea04e80fc6a68085;1202115;OK;1802;0;0;0;0;-0,01;-3,69;0;0;580;640;"";92,199;13,83;563,051;66,89;20,905;0,86;1,482;0,21;25,265;2,29;4,974;10,29;6,384;10,56;7,453;10,85;909,236;98,49;277,715;36,96;27,158;12,65;2,062;10,08;1,27;10,01;0,165;10,0;2,581;20,554;0,54;20,795;3,62;3,727;0,6;-2,518;2,18;951,273;1,0;"";"";33,177;2,56;105,147;14,0;"";"";13,01;20,12;13,5;"";"";"";"";"";"";"";"";"";"";"";"";"";"";"";"";"";"";"";"";"";"";"";"";"";"";"";"";"";"";"";"";"";"";"";"";"";"";"";"";"";"";"";"";"";"";"";"";"";"";"";"";"";"";"";"";"";"";"";"";"";"";"";"";""
12.12.2022 18:16:35;1670865395000;880f01e687e2572cea04e80fc6a68085;1202236;OK;1800;0;0;0;0;0,02;-4,14;0;0;580;641;"";93,76;14,06;564,066;66,92;20,903;0,86;1,483;0,21;24,937;2,27;4,965;10,09;5,724;10,6;7,372;10,89;828,099;90,63;257,691;35,02;22,598;12,13;2,72;10,26;1,234;10,12;0,527;10,02;2,975;20,574;0,54;20,794;3,62;3,731;0,6;-2,501;2,18;951,2609;1,0;"";"";33,242;2,56;105,403;14,02;"";"";12,943;20,23;13,0;"";"";"";"";"";"";"";"";"";"";"";"";"";"";"";"";"";"";"";"";"";"";"";"";"";"";"";"";"";"";"";"";"";"";"";"";"";"";"";"";"";"";"";"";"";"";"";"";"";"";"";"";"";"";"";"";"";"";"";"";"";"";"";"";""
12.12.2022 18:18:34;1670865514000;880f01e687e2572cea04e80fc6a68085;1202355;OK;1814;0;0;0;0;0,03;-13,01;0;0;580;647;"";92,114;13,82;560,852;66,83;20,907;0,86;1,484;0,21;24,556;2,25;4,741;10,03;5,895;10,72;7,14;10,95;862,3199;93,77;268,552;36,12;23,538;12,2;1,331;10,03;1,173;10,01;0,547;10,0;2,693;20,58;0,54;20,791;3,62;3,732;0,6;-2,498;2,18;951,227;1,0;"";"";33,337;2,57;104,703;13,98;"";"";12,994;20,02;13,0;"";"";"";"";"";"";"";"";"";"";"";"";"";"";"";"";"";"";"";"";"";"";"";"";"";"";"";"";"";"";"";"";"";"";"";"";"";"";"";"";"";"";"";"";"";"";"";"";"";"";"";"";"";"";"";"";"";"";"";"";"";"";"";"";""
12.12.2022 18:20:35;1670865635000;880f01e687e2572cea04e80fc6a68085;1202476;OK;1799;0;0;0;0;-0,02;-6,93;0;0;578;649;"";89,755;13,46;561,672;66,85;20,908;0,86;1,485;0,21;24,098;2,23;5,049;10,27;5,898;10,76;6,503;10,83;903,0689;97,83999;281,635;37,42;26,421;12,56;0,552;10,0;0,535;10,0;0,471;10,0;1,925;20,57;0,54;20,728;3,62;3,719;0,6;-2,548;2,19;951,2039;1,0;"";"";33,377;2,57;103,802;13,93;"";"";12,999;20,0;13,0;"";"";"";"";"";"";"";"";"";"";"";"";"";"";"";"";"";"";"";"";"";"";"";"";"";"";"";"";"";"";"";"";"";"";"";"";"";"";"";"";"";"";"";"";"";"";"";"";"";"";"";"";"";"";"";"";"";"";"";"";"";"";"";"";""
12.12.2022 18:22:36;1670865756000;880f01e687e2572cea04e80fc6a68085;1202596;OK;1788;0;0;0;0;-0,03;-2,49;0;0;580;651;"";87,392;13,11;561,496;66,84;20,903;0,86;1,486;0,21;23,763;2,21;5,787;10,62;6,627;10,95;6,966;10,98;937,94;101,26;295,372;38,76;27,688;12,65;0,464;10,0;0,195;10,0;0,049;10,0;1,609;20,552;0,54;20,78;3,62;3,724;0,6;-2,529;2,18;951,196;1,0;"";"";33,061;2,55;103,122;13,9;"";"";14,057;19,52;50,3;"";"";"";"";"";"";"";"";"";"";"";"";"";"";"";"";"";"";"";"";"";"";"";"";"";"";"";"";"";"";"";"";"";"";"";"";"";"";"";"";"";"";"";"";"";"";"";"";"";"";"";"";"";"";"";"";"";"";"";"";"";"";"";"";""
12.12.2022 18:24:36;1670865876000;880f01e687e2572cea04e80fc6a68085;1202716;OK;1799;0;0;0;0;-0,01;-4,24;0;0;580;655;"";88,732;13,31;557,811;66,73;20,901;0,86;1,488;0,21;23,634;2,2;5,032;10,28;5,778;10,57;8,297;11,0;898,098;97,36;278,133;37,04;24,068;12,37;3,519;10,4;3,491;10,39;0,199;10,0;3,706;20,548;0,54;20,793;3,62;3,725;0,6;-2,523;2,18;951,203;1,0;"";"";32,938;2,55;102,213;13,85;"";"";13,417;19,82;54,0;"";"";"";"";"";"";"";"";"";"";"";"";"";"";"";"";"";"";"";"";"";"";"";"";"";"";"";"";"";"";"";"";"";"";"";"";"";"";"";"";"";"";"";"";"";"";"";"";"";"";"";"";"";"";"";"";"";"";"";"";"";"";"";"";""
12.12.2022 18:26:37;1670865997000;880f01e687e2572cea04e80fc6a68085;1202838;OK;1788;0;0;0;0;0,01;-16,81;0;0;580;657;"";89,183;13,38;556,4879;66,69;20,901;0,86;1,49;0,21;23,457;2,2;6,099;10,87;7,425;10,94;8,927;11,0;993,0479;106,65;308,016;39,99;29,553;12,94;2,879;10,24;1,901;10,15;0,021;10,0;2,649;20,543;0,54;20,795;3,62;3,725;0,6;-2,527;2,18;951,2159;1,0;"";"";32,888;2,54;100,951;13,78;"";"";13,286;20,05;30,8;"";"";"";"";"";"";"";"";"";"";"";"";"";"";"";"";"";"";"";"";"";"";"";"";"";"";"";"";"";"";"";"";"";"";"";"";"";"";"";"";"";"";"";"";"";"";"";"";"";"";"";"";"";"";"";"";"";"";"";"";"";"";"";"";""
12.12.2022 18:28:37;1670866117000;880f01e687e2572cea04e80fc6a68085;1202957;OK;1809;0;0;0;0;-0,01;-14,58;0;0;580;658;"";86,74;13,01;557,074;66,71;20,905;0,86;1,489;0,21;23,198;2,18;5,205;10,37;6,405;10,79;8,118;10,97;964,517;103,81;300,152;39,19;33,292;13,3;2,521;10,24;2,417;10,23;0,002;10,0;3,029;20,525;0,54;20,795;3,62;3,721;0,6;-2,541;2,18;951,221;1,0;"";"";32,939;2,55;99,81;13,73;"";"";15,146;19,07;57,8;"";"";"";"";"";"";"";"";"";"";"";"";"";"";"";"";"";"";"";"";"";"";"";"";"";"";"";"";"";"";"";"";"";"";"";"";"";"";"";"";"";"";"";"";"";"";"";"";"";"";"";"";"";"";"";"";"";"";"";"";"";"";"";"";""
12.12.2022 18:30:37;1670866237000;880f01e687e2572cea04e80fc6a68085;1203078;OK;1792;0;0;0;0;-0,02;-3,8;0;0;580;659;"";88,2;13,23;556,47;66,69;20,906;0,86;1,49;0,21;23,104;2,18;4,921;10,16;5,675;10,61;6,595;10,79;886,191;96,21;275,053;36,73;21,964;12,09;1,247;10,02;1,019;10,02;0,713;10,0;2,312;20,511;0,54;20,796;3,62;3,718;0,6;-2,552;2,18;951,2259;1,0;"";"";32,803;2,54;99,06199;13,69;"";"";13,541;19,78;52,4;"";"";"";"";"";"";"";"";"";"";"";"";"";"";"";"";"";"";"";"";"";"";"";"";"";"";"";"";"";"";"";"";"";"";"";"";"";"";"";"";"";"";"";"";"";"";"";"";"";"";"";"";"";"";"";"";"";"";"";"";"";"";"";"";""
12.12.2022 18:32:38;1670866358000;880f01e687e2572cea04e80fc6a68085;1203199;OK;1814;0;0;0;0;-0,03;-2,28;0;0;580;660;"";87,663;13,15;555,358;66,66;20,91;0,86;1,49;0,21;23,003;2,17;4,835;10,44;5,946;10,62;7,295;10,8;879,498;95,54;276,515;36,91;29,566;12,96;1,747;10,0;1,723;10,0;0,709;10,0;2,86;20,493;0,54;20,796;3,62;3,714;0,6;-2,567;2,18;951,237;1,0;"";"";32,83;2,54;97,935;13,63;"";"";13,056;19,98;13,0;"";"";"";"";"";"";"";"";"";"";"";"";"";"";"";"";"";"";"";"";"";"";"";"";"";"";"";"";"";"";"";"";"";"";"";"";"";"";"";"";"";"";"";"";"";"";"";"";"";"";"";"";"";"";"";"";"";"";"";"";"";"";"";"";""
12.12.2022 18:34:39;1670866479000;880f01e687e2572cea04e80fc6a68085;1203320;OK;1795;0;0;0;0;0,01;-5,5;0;0;582;661;"";86,55101;12,98;555,207;66,66;20,91;0,86;1,491;0,21;22,974;2,17;5,285;10,43;6,246;10,88;7,381;10,98;958,151;103,13;297,222;38,89;26,02;12,46;1,685;10,04;1,683;10,04;0,073;10,0;2,54;20,475;0,54;20,881;3,62;3,725;0,6;-2,527;2,17;951,2449;1,0;"";"";32,835;2,54;97,635;13,61;"";"";12,924;21,19;23,0;"";"";"";"";"";"";"";"";"";"";"";"";"";"";"";"";"";"";"";"";"";"";"";"";"";"";"";"";"";"";"";"";"";"";"";"";"";"";"";"";"";"";"";"";"";"";"";"";"";"";"";"";"";"";"";"";"";"";"";"";"";"";"";"";""
12.12.2022 18:36:39;1670866599000;880f01e687e2572cea04e80fc6a68085;1203440;OK;1805;0;0;0;0;0,02;3,04;0;0;583;659;"";84,934;12,74;556,9439;66,71;20,909;0,86;1,492;0,21;23,027;2,17;5,343;10,52;6,323;10,82;8,46;10,99;905,171;98,03;283,705;37,64;28,34;12,81;3,703;10,42;2,642;10,17;0,298;10,0;3,373;20,456;0,54;20,886;3,62;3,722;0,6;-2,54;2,17;951,2589;1,0;"";"";32,887;2,54;97,368;13,6;"";"";15,102;19,13;63,9;"";"";"";"";"";"";"";"";"";"";"";"";"";"";"";"";"";"";"";"";"";"";"";"";"";"";"";"";"";"";"";"";"";"";"";"";"";"";"";"";"";"";"";"";"";"";"";"";"";"";"";"";"";"";"";"";"";"";"";"";"";"";"";"";""
12.12.2022 18:38:39;1670866719000;880f01e687e2572cea04e80fc6a68085;1203560;OK;1793;0;0;0;0;0,02;4,93;0;0;584;660;"";86,18;12,93;555,936;66,68;20,908;0,86;1,492;0,21;23,159;2,18;4,858;10,24;6,023;10,61;6,698;10,8;881,818;95,83;278,53;37,08;24,9;12,4;1,937;10,12;0,675;10,02;0,052;10,0;2,098;20,431;0,54;20,923;3,62;3,723;0,59;-2,537;2,16;951,278;1,0;"";"";32,896;2,54;97,64;13,62;"";"";13,684;19,77;49,5;"";"";"";"";"";"";"";"";"";"";"";"";"";"";"";"";"";"";"";"";"";"";"";"";"";"";"";"";"";"";"";"";"";"";"";"";"";"";"";"";"";"";"";"";"";"";"";"";"";"";"";"";"";"";"";"";"";"";"";"";"";"";"";"";""
12.12.2022 18:40:38;1670866838000;880f01e687e2572cea04e80fc6a68085;1203679;OK;1794;0;0;0;0;0,01;1,51;0;0;585;660;"";85,742;12,86;555,975;66,68;20,907;0,86;1,493;0,21;23,254;2,18;5,884;10,8;6,513;10,95;6,87;10,97;988,674;106,16;308,32;39,95;23,682;12,31;1,201;10,17;0,599;10,0;0,006;10,0;1,56;20,421;0,54;20,954;3,62;3,726;0,59;-2,525;2,16;951,288;1,0;"";"";33,072;2,55;98,06701;13,64;"";"";14,239;19,39;46,7;"";"";"";"";"";"";"";"";"";"";"";"";"";"";"";"";"";"";"";"";"";"";"";"";"";"";"";"";"";"";"";"";"";"";"";"";"";"";"";"";"";"";"";"";"";"";"";"";"";"";"";"";"";"";"";"";"";"";"";"";"";"";"";"";""
12.12.2022 18:42:39;1670866959000;880f01e687e2572cea04e80fc6a68085;1203800;OK;1808;0;0;0;0;0,06;-4,29;0;0;587;661;"";83,557;12,53;554,853;66,65;20,907;0,86;1,495;0,21;23,297;2,19;6,097;10,75;8,202;10,98;9,433;11,0;1084,088;115,46;337,746;42,8;29,693;12,91;3,282;10,3;1,425;10,0;0,001;10,0;2,46;20,42;0,54;21,04;3,62;3,742;0,59;-2,471;2,15;951,286;1,0;"";"";33,069;2,55;100,11;13,75;"";"";14,209;19,5;70,0;"";"";"";"";"";"";"";"";"";"";"";"";"";"";"";"";"";"";"";"";"";"";"";"";"";"";"";"";"";"";"";"";"";"";"";"";"";"";"";"";"";"";"";"";"";"";"";"";"";"";"";"";"";"";"";"";"";"";"";"";"";"";"";"";""
12.12.2022 18:44:40;1670867080000;880f01e687e2572cea04e80fc6a68085;1203920;OK;1795;0;0;0;0;0,06;-1,39;0;0;586;659;"";81,117;12,17;555,481;66,66;20,91;0,86;1,496;0,21;23,41;2,19;5,291;10,44;6,653;10,9;8,004;10,98;976,112;104,91;302,407;39,38;25,836;12,48;2,454;10,15;2,033;10,09;0,0;10,0;2,701;20,445;0,54;21,01;3,62;3,742;0,59;-2,469;2,15;951,275;1,0;"";"";33,224;2,56;103,697;13,93;"";"";13,125;19,95;13,0;"";"";"";"";"";"";"";"";"";"";"";"";"";"";"";"";"";"";"";"";"";"";"";"";"";"";"";"";"";"";"";"";"";"";"";"";"";"";"";"";"";"";"";"";"";"";"";"";"";"";"";"";"";"";"";"";"";"";"";"";"";"";"";"";""
12.12.2022 18:46:41;1670867201000;880f01e687e2572cea04e80fc6a68085;1204041;OK;1798;0;0;0;0;0,04;2,55;0;0;584;656;"";82,017;12,3;556,236;66,69;20,909;0,86;1,497;0,21;23,602;2,2;4,825;10,09;6,065;10,81;7,251;10,96;882,685;95,81;272,228;36,46;24,384;12,4;1,81;10,1;1,766;10,09;0,552;10,0;2,667;20,486;0,54;20,952;3,62;3,74;0,6;-2,472;2,16;951,2839;1,0;"";"";33,361;2,57;106,94;14,1;"";"";13,013;19,99;13,0;"";"";"";"";"";"";"";"";"";"";"";"";"";"";"";"";"";"";"";"";"";"";"";"";"";"";"";"";"";"";"";"";"";"";"";"";"";"";"";"";"";"";"";"";"";"";"";"";"";"";"";"";"";"";"";"";"";"";"";"";"";"";"";"";""
12.12.2022 18:48:41;1670867321000;880f01e687e2572cea04e80fc6a68085;1204161;OK;1791;0;0;0;0;-0,0;4,44;0;0;583;656;"";82,099;12,31;555,934;66,68;20,902;0,86;1,499;0,21;23,582;2,2;5,667;10,67;7,091;10,96;8,345;11,0;995,262;106,79;313,186;40,47;30,323;12,99;2,973;10,29;1,334;10,01;0,09;10,0;2,579;20,528;0,54;20,913;3,62;3,742;0,6;-2,463;2,16;951,314;1,0;"";"";33,517;2,58;108,41;14,17;"";"";13,001;20,0;13,0;"";"";"";"";"";"";"";"";"";"";"";"";"";"";"";"";"";"";"";"";"";"";"";"";"";"";"";"";"";"";"";"";"";"";"";"";"";"";"";"";"";"";"";"";"";"";"";"";"";"";"";"";"";"";"";"";"";"";"";"";"";"";"";"";""
12.12.2022 18:50:41;1670867441000;880f01e687e2572cea04e80fc6a68085;1204282;OK;1798;0;0;0;0;-0,02;-5,48;0;0;581;658;"";81,242;12,19;554,578;66,64;20,904;0,86;1,5;0,21;23,374;2,19;5,329;10,43;6,234;10,8;7,18;11,0;938,267;101,31;292,588;38,43;26,751;12,64;2,226;10,21;1,223;10,0;0,009;10,0;2,35;20,548;0,54;20,848;3,62;3,735;0,6;-2,488;2,17;951,335;1,0;"";"";33,565;2,58;109,343;14,22;"";"";13,0;20,0;13,0;"";"";"";"";"";"";"";"";"";"";"";"";"";"";"";"";"";"";"";"";"";"";"";"";"";"";"";"";"";"";"";"";"";"";"";"";"";"";"";"";"";"";"";"";"";"";"";"";"";"";"";"";"";"";"";"";"";"";"";"";"";"";"";"";""
12.12.2022 18:52:42;1670867562000;880f01e687e2572cea04e80fc6a68085;1204403;OK;1797;0;0;0;0;-0,02;-15,0;0;0;581;660;"";85,051;12,76;551,85;66,56;20,902;0,86;1,501;0,21;23,117;2,18;5,352;10,45;6,103;10,74;6,84;10,84;952,063;102,59;296,511;38,82;25,06;12,5;2,46;10,23;0,748;10,0;0,001;10,0;2,048;20,574;0,54;20,82;3,62;3,736;0,6;-2,485;2,18;951,338;1,0;"";"";33,637;2,58;109,414;14,23;"";"";13,0;20,0;13,0;"";"";"";"";"";"";"";"";"";"";"";"";"";"";"";"";"";"";"";"";"";"";"";"";"";"";"";"";"";"";"";"";"";"";"";"";"";"";"";"";"";"";"";"";"";"";"";"";"";"";"";"";"";"";"";"";"";"";"";"";"";"";"";"";""
12.12.2022 18:54:41;1670867681000;880f01e687e2572cea04e80fc6a68085;1204522;OK;1789;0;0;0;0;-0,02;-16,73;0;0;580;662;"";83,021;12,45;550,029;66,5;20,902;0,86;1,501;0,21;22,652;2,15;5,536;10,54;6,73;10,93;7,883;10,97;968,793;104,22;301,955;39,37;33,596;13,31;1,832;10,14;1,119;10,0;0,0;10,0;2,462;20,593;0,54;20,796;3,62;3,736;0,6;-2,484;2,18;951,317;1,0;"";"";33,663;2,58;107,952;14,15;"";"";13,0;20,0;13,0;"";"";"";"";"";"";"";"";"";"";"";"";"";"";"";"";"";"";"";"";"";"";"";"";"";"";"";"";"";"";"";"";"";"";"";"";"";"";"";"";"";"";"";"";"";"";"";"";"";"";"";"";"";"";"";"";"";"";"";"";"";"";"";"";""
12.12.2022 18:56:43;1670867803000;880f01e687e2572cea04e80fc6a68085;1204642;OK;1807;0;0;0;0;-0,0;-21,86;0;0;580;665;"";83,891;12,58;546,331;66,39;20,902;0,86;1,501;0,21;22,207;2,13;5,602;10,66;6,363;10,82;6,98;10,86;920,171;99,44;287,725;37,99;22,011;12,09;0,854;10,05;0,626;10,0;0,153;10,0;1,897;20,598;0,54;20,793;3,62;3,736;0,6;-2,482;2,18;951,2819;1,0;"";"";33,67;2,58;105,761;14,03;"";"";13,0;20,0;13,0;"";"";"";"";"";"";"";"";"";"";"";"";"";"";"";"";"";"";"";"";"";"";"";"";"";"";"";"";"";"";"";"";"";"";"";"";"";"";"";"";"";"";"";"";"";"";"";"";"";"";"";"";"";"";"";"";"";"";"";"";"";"";"";"";""
12.12.2022 18:58:43;1670867923000;880f01e687e2572cea04e80fc6a68085;1204764;OK;1796;0;0;0;0;-0,0;-14,09;0;0;580;664;"";82,639;12,4;547,512;66,43;20,902;0,86;1,501;0,21;21,784;2,11;5,539;10,55;6,491;10,98;8,451;10,99;929,9689;100,41;289,754;38,18;24,235;12,4;2,714;10,14;2,69;10,13;0,595;10,0;3,16;20,59;0,54;20,793;3,62;3,734;0,6;-2,489;2,18;951,2509;1,0;"";"";33,675;2,58;103,714;13,93;"";"";13,0;20,0;13,0;"";"";"";"";"";"";"";"";"";"";"";"";"";"";"";"";"";"";"";"";"";"";"";"";"";"";"";"";"";"";"";"";"";"";"";"";"";"";"";"";"";"";"";"";"";"";"";"";"";"";"";"";"";"";"";"";"";"";"";"";"";"";"";"";""
12.12.2022 19:00:43;1670868043000;880f01e687e2572cea04e80fc6a68085;1204884;OK;1815;0;0;0;0;-0,02;-6,54;0;0;580;664;"";82,17;12,33;547,107;66,41;20,903;0,86;1,501;0,21;21,456;2,09;5,218;10,36;6,437;10,82;7,627;10,88;895,107;97,05001;275,623;36,81;28,364;12,77;1,512;10,16;1,509;10,16;0,06400001;10,0;2,518;20,565;0,54;20,794;3,62;3,729;0,6;-2,509;2,18;951,223;1,0;"";"";33,616;2,58;101,849;13,83;"";"";13,0;20,0;13,0;"";"";"";"";"";"";"";"";"";"";"";"";"";"";"";"";"";"";"";"";"";"";"";"";"";"";"";"";"";"";"";"";"";"";"";"";"";"";"";"";"";"";"";"";"";"";"";"";"";"";"";"";"";"";"";"";"";"";"";"";"";"";"";"";""
12.12.2022 19:02:44;1670868164000;880f01e687e2572cea04e80fc6a68085;1205005;OK;1793;0;0;0;0;-0,03;-1,95;0;0;580;666;"";78,652;11,8;544,986;66,35;20,902;0,86;1,501;0,21;21,137;2,07;5,274;10,35;6,369;10,91;7,188;10,97;950,498;102,43;294,617;38,69;24,762;12,38;1,747;10,2;1,379;10,17;0,007;10,0;2,103;20,546;0,54;20,795;3,62;3,725;0,6;-2,525;2,18;951,2139;1,0;"";"";33,392;2,57;101,139;13,79;"";"";13,0;20,0;13,0;"";"";"";"";"";"";"";"";"";"";"";"";"";"";"";"";"";"";"";"";"";"";"";"";"";"";"";"";"";"";"";"";"";"";"";"";"";"";"";"";"";"";"";"";"";"";"";"";"";"";"";"";"";"";"";"";"";"";"";"";"";"";"";"";""
12.12.2022 19:04:44;1670868284000;880f01e687e2572cea04e80fc6a68085;1205125;OK;1804;0;0;0;0;-0,04;-17,66;0;0;580;669;"";79,017;11,85;541,575;66,25;20,901;0,86;1,502;0,21;21,103;2,07;6,092;10,66;6,964;10,81;8,09;11,0;986,648;105,97;307,302;39,92;16,683;11,49;1,983;10,06;1,144;10,04;0,001;10,0;2,445;20,529;0,54;20,795;3,62;3,722;0,6;-2,538;2,18;951,21;1,0;"";"";33,023;2,55;100,657;13,77;"";"";13,0;20,0;13,0;"";"";"";"";"";"";"";"";"";"";"";"";"";"";"";"";"";"";"";"";"";"";"";"";"";"";"";"";"";"";"";"";"";"";"";"";"";"";"";"";"";"";"";"";"";"";"";"";"";"";"";"";"";"";"";"";"";"";"";"";"";"";"";"";""
12.12.2022 19:06:46;1670868406000;880f01e687e2572cea04e80fc6a68085;1205247;OK;1789;0;0;0;0;-0,03;-16,01;0;0;580;669;"";78,001;11,7;541,7769;66,25;20,901;0,86;1,503;0,21;21,071;2,07;5,255;10,37;6,137;10,73;7,812;11,0;898,576;97,43;276,543;36,88;18,381;11,77;2,297;10,17;2,213;10,17;0,0;10,0;3,007;20,516;0,54;20,796;3,62;3,719;0,6;-2,548;2,18;951,209;1,0;"";"";32,893;2,54;99,682;13,72;"";"";13,0;20,0;13,0;"";"";"";"";"";"";"";"";"";"";"";"";"";"";"";"";"";"";"";"";"";"";"";"";"";"";"";"";"";"";"";"";"";"";"";"";"";"";"";"";"";"";"";"";"";"";"";"";"";"";"";"";"";"";"";"";"";"";"";"";"";"";"";"";""
12.12.2022 19:08:46;1670868526000;880f01e687e2572cea04e80fc6a68085;1205366;OK;1791;0;0;0;0;-0,03;-5,09;0;0;580;669;"";76,959;11,54;542,225;66,27;20,907;0,86;1,503;0,21;21,089;2,07;5,902;10,69;6,915;10,97;7,21;11,0;994,314;106,66;306,188;39,7;29,122;12,87;0,435;10,02;0,236;10,02;0,0;10,0;1,537;20,499;0,54;20,796;3,62;3,715;0,6;-2,562;2,18;951,195;1,0;"";"";32,716;2,53;97,949;13,63;"";"";13,0;20,0;13,0;"";"";"";"";"";"";"";"";"";"";"";"";"";"";"";"";"";"";"";"";"";"";"";"";"";"";"";"";"";"";"";"";"";"";"";"";"";"";"";"";"";"";"";"";"";"";"";"";"";"";"";"";"";"";"";"";"";"";"";"";"";"";"";"";""
12.12.2022 19:10:46;1670868646000;880f01e687e2572cea04e80fc6a68085;1205486;OK;1794;0;0;0;0;-0,03;-10,25;0;0;580;673;"";77,672;11,65;538,06;66,14;20,909;0,86;1,501;0,21;21,098;2,07;6,129;10,84;7,551;11,0;7,738;11,0;971,175;104,43;304,081;39,59;25,605;12,49;0,9049999;10,08;0,265;10,0;0,0;10,0;1,472;20,479;0,54;20,797;3,62;3,711;0,6;-2,578;2,18;951,172;1,0;"";"";32,589;2,53;96,625;13,56;"";"";13,0;20,0;13,0;"";"";"";"";"";"";"";"";"";"";"";"";"";"";"";"";"";"";"";"";"";"";"";"";"";"";"";"";"";"";"";"";"";"";"";"";"";"";"";"";"";"";"";"";"";"";"";"";"";"";"";"";"";"";"";"";"";"";"";"";"";"";"";"";""
12.12.2022 19:12:47;1670868767000;880f01e687e2572cea04e80fc6a68085;1205607;OK;1790;0;0;0;0;-0,03;-16,34;0;0;580;674;"";76,903;11,54;536,906;66,11;20,906;0,86;1,501;0,21;21,186;2,08;4,976;10,31;5,896;10,54;6,563;10,61;881,635;95,7;271,242;36,35;21,377;12,06;1,236;10,09;1,031;10,08;0,0;10,0;1,899;20,462;0,54;20,806;3,62;3,709;0,6;-2,587;2,18;951,1749;1,0;"";"";32,478;2,52;95,49601;13,5;"";"";13,0;20,0;13,0;"";"";"";"";"";"";"";"";"";"";"";"";"";"";"";"";"";"";"";"";"";"";"";"";"";"";"";"";"";"";"";"";"";"";"";"";"";"";"";"";"";"";"";"";"";"";"";"";"";"";"";"";"";"";"";"";"";"";"";"";"";"";"";"";""
12.12.2022 19:14:47;1670868887000;880f01e687e2572cea04e80fc6a68085;1205728;OK;1800;0;0;0;0;-0,02;-21,53;0;0;581;677;"";72,834;10,93;534,254;66,03;20,91;0,86;1,5;0,21;21,247;2,08;4,971;10,2;6,049;10,65;6,338;10,66;903,716;97,88;281,724;37,45;20,292;11,94;0,358;10,01;0,337;10,01;0,0;10,0;1,554;20,441;0,54;20,831;3,62;3,709;0,6;-2,588;2,17;951,172;1,0;"";"";32,546;2,53;95,849;13,52;"";"";13,0;20,0;13,0;"";"";"";"";"";"";"";"";"";"";"";"";"";"";"";"";"";"";"";"";"";"";"";"";"";"";"";"";"";"";"";"";"";"";"";"";"";"";"";"";"";"";"";"";"";"";"";"";"";"";"";"";"";"";"";"";"";"";"";"";"";"";"";"";""
12.12.2022 19:16:48;1670869008000;880f01e687e2572cea04e80fc6a68085;1205848;OK;1795;0;0;0;0;0,02;-20,14;0;0;583;681;"";72,386;10,86;529,492;65,88;20,91;0,86;1,5;0,21;21,341;2,08;5,444;10,53;6,358;10,78;6,66;10,92;946,361;101,96;293,862;38,53;25,993;12,56;0,332;10,0;0,33;10,0;0,0;10,0;1,623;20,428;0,54;20,905;3,62;3,719;0,59;-2,552;2,17;951,155;1,0;"";"";32,485;2,52;97,236;13,59;"";"";13,0;20,0;13,0;"";"";"";"";"";"";"";"";"";"";"";"";"";"";"";"";"";"";"";"";"";"";"";"";"";"";"";"";"";"";"";"";"";"";"";"";"";"";"";"";"";"";"";"";"";"";"";"";"";"";"";"";"";"";"";"";"";"";"";"";"";"";"";"";""
12.12.2022 19:18:49;1670869129000;880f01e687e2572cea04e80fc6a68085;1205969;OK;1811;0;0;0;0;0,04;-18,67;0;0;584;680;"";73,544;11,03;530,941;65,93;20,911;0,86;1,499;0,21;21,6;2,1;5,76;10,68;7,323;10,98;7,928;10,99;1012,215;108,42;311,033;40,22;26,392;12,68;1,56;10,2;1,56;10,2;0,0;10,0;1,898;20,435;0,54;20,924;3,62;3,724;0,59;-2,532;2,16;951,129;1,0;"";"";32,422;2,52;99,16201;13,69;"";"";13,052;19,97;27,7;"";"";"";"";"";"";"";"";"";"";"";"";"";"";"";"";"";"";"";"";"";"";"";"";"";"";"";"";"";"";"";"";"";"";"";"";"";"";"";"";"";"";"";"";"";"";"";"";"";"";"";"";"";"";"";"";"";"";"";"";"";"";"";"";""
12.12.2022 19:20:48;1670869248000;880f01e687e2572cea04e80fc6a68085;1206088;OK;1796;0;0;0;0;0,04;-11,59;0;0;582;682;"";71,628;10,74;529,201;65,88;20,907;0,86;1,499;0,21;21,667;2,1;5,446;10,58;6,372;10,77;6,795;10,86;1011,282;108,32;315,588;40,66;22,811;12,21;0,523;10,02;0,523;10,02;0,0;10,0;1,696;20,455;0,54;20,879;3,62;3,721;0,6;-2,545;2,17;951,1149;1,0;"";"";32,566;2,53;101,549;13,82;"";"";13,006;20,0;13,0;"";"";"";"";"";"";"";"";"";"";"";"";"";"";"";"";"";"";"";"";"";"";"";"";"";"";"";"";"";"";"";"";"";"";"";"";"";"";"";"";"";"";"";"";"";"";"";"";"";"";"";"";"";"";"";"";"";"";"";"";"";"";"";"";""
12.12.2022 19:22:48;1670869368000;880f01e687e2572cea04e80fc6a68085;1206209;OK;1808;0;0;0;0;-0,01;-7,18;0;0;580;682;"";68,816;10,32;527,617;65,83;20,911;0,86;1,499;0,21;21,684;2,1;6,231;10,84;7,072;10,95;7,265;10,96;1028,546;110,04;321,968;41,29;25,007;12,36;0,255;10,0;0,255;10,0;0,0;10,0;1,391;20,481;0,54;20,811;3,62;3,714;0,6;-2,567;2,18;951,124;1,0;"";"";32,672;2,53;104,282;13,96;"";"";14,701;19,28;59,3;"";"";"";"";"";"";"";"";"";"";"";"";"";"";"";"";"";"";"";"";"";"";"";"";"";"";"";"";"";"";"";"";"";"";"";"";"";"";"";"";"";"";"";"";"";"";"";"";"";"";"";"";"";"";"";"";"";"";"";"";"";"";"";"";""
12.12.2022 19:24:48;1670869488000;880f01e687e2572cea04e80fc6a68085;1206328;OK;1813;0;0;0;0;-0,03;-9,8;0;0;580;682;"";68,412;10,26;527,24;65,82;20,911;0,86;1,498;0,21;21,589;2,1;5,918;10,78;6,922;10,99;7,16;11,0;1001,185;107,49;313,823;40,51;25,637;12,54;0,369;10,01;0,211;10,0;0,0;10,0;1,491;20,505;0,54;20,798;3,62;3,717;0,6;-2,556;2,18;951,163;1,0;"";"";32,75;2,54;105,33;14,01;"";"";13,417;19,85;74,9;"";"";"";"";"";"";"";"";"";"";"";"";"";"";"";"";"";"";"";"";"";"";"";"";"";"";"";"";"";"";"";"";"";"";"";"";"";"";"";"";"";"";"";"";"";"";"";"";"";"";"";"";"";"";"";"";"";"";"";"";"";"";"";"";""
12.12.2022 19:26:48;1670869608000;880f01e687e2572cea04e80fc6a68085;1206449;OK;1782;0;0;0;0;-0,0;-5,78;0;0;580;684;"";69,382;10,41;525,753;65,77;20,91;0,86;1,498;0,21;21,437;2,09;6,081;10,97;7,479;11,0;7,956;11,0;991,9829;106,53;309,672;40,17;29,984;12,88;1,156;10,07;0,702;10,0;0,0;10,0;1,751;20,52;0,54;20,796;3,62;3,72;0,6;-2,545;2,18;951,207;1,0;"";"";32,89;2,54;105,939;14,04;"";"";13,043;19,98;13,0;"";"";"";"";"";"";"";"";"";"";"";"";"";"";"";"";"";"";"";"";"";"";"";"";"";"";"";"";"";"";"";"";"";"";"";"";"";"";"";"";"";"";"";"";"";"";"";"";"";"";"";"";"";"";"";"";"";"";"";"";"";"";"";"";""
12.12.2022 19:28:50;1670869730000;880f01e687e2572cea04e80fc6a68085;1206570;OK;1803;0;0;0;0;0,01;-9,19;0;0;579;685;"";68,443;10,27;523,713;65,71;20,904;0,86;1,498;0,21;21,123;2,07;5,949;10,84;7,285;11,0;7,935;11,0;964,19;103,82;307,275;39,93;34,39;13,42;1,18;10,03;1,133;10,02;0,134;10,0;1,93;20,536;0,54;20,757;3,62;3,716;0,6;-2,557;2,18;951,242;1,0;"";"";32,951;2,55;105,403;14,02;"";"";13,004;20,0;13,0;"";"";"";"";"";"";"";"";"";"";"";"";"";"";"";"";"";"";"";"";"";"";"";"";"";"";"";"";"";"";"";"";"";"";"";"";"";"";"";"";"";"";"";"";"";"";"";"";"";"";"";"";"";"";"";"";"";"";"";"";"";"";"";"";""
12.12.2022 19:30:51;1670869851000;880f01e687e2572cea04e80fc6a68085;1206691;OK;1788;0;0;0;0;-0,01;-9,29;0;0;579;685;"";68,796;10,32;523,947;65,72;20,902;0,86;1,498;0,21;20,838;2,06;5,445;10,46;6,297;10,92;7,123;11,0;938,0919;101,26;294,379;38,6;22,32;12,14;1,592;10,06;1,072;10,0;0,566;10,0;2,174;20,536;0,54;20,743;3,62;3,714;0,6;-2,566;2,18;951,2509;1,0;"";"";32,93;2,55;104,221;13,96;"";"";13,0;20,0;13,0;"";"";"";"";"";"";"";"";"";"";"";"";"";"";"";"";"";"";"";"";"";"";"";"";"";"";"";"";"";"";"";"";"";"";"";"";"";"";"";"";"";"";"";"";"";"";"";"";"";"";"";"";"";"";"";"";"";"";"";"";"";"";"";"";""
12.12.2022 19:32:49;1670869969000;880f01e687e2572cea04e80fc6a68085;1206810;OK;1802;0;0;0;0;-0,02;-7,36;0;0;579;686;"";68,09;10,21;522,9229;65,69;20,908;0,86;1,499;0,21;20,548;2,04;5,9;10,71;6,889;10,95;7,744;10,96;975,579;104,81;302,636;39,39;25,459;12,46;1,053;10,01;0,9969999;10,0;0,095;10,0;2,128;20,533;0,54;20,755;3,62;3,715;0,6;-2,561;2,18;951,2719;1,0;"";"";32,865;2,54;102,829;13,88;"";"";13,0;20,0;13,0;"";"";"";"";"";"";"";"";"";"";"";"";"";"";"";"";"";"";"";"";"";"";"";"";"";"";"";"";"";"";"";"";"";"";"";"";"";"";"";"";"";"";"";"";"";"";"";"";"";"";"";"";"";"";"";"";"";"";"";"";"";"";"";"";""
12.12.2022 19:34:51;1670870091000;880f01e687e2572cea04e80fc6a68085;1206930;OK;1815;0;0;0;0;-0,01;-3,63;0;0;579;686;"";70,347;10,55;522,649;65,68;20,906;0,86;1,499;0,21;20,238;2,03;5,89;10,74;6,862;10,99;8,49;11,0;970,554;104,33;305,836;39,71;34,719;13,39;2,284;10,17;1,408;10,09;0,01;10,0;2,696;20,532;0,54;20,737;3,62;3,712;0,6;-2,573;2,19;951,296;1,0;"";"";32,748;2,54;101,335;13,81;"";"";13,0;20,0;13,0;"";"";"";"";"";"";"";"";"";"";"";"";"";"";"";"";"";"";"";"";"";"";"";"";"";"";"";"";"";"";"";"";"";"";"";"";"";"";"";"";"";"";"";"";"";"";"";"";"";"";"";"";"";"";"";"";"";"";"";"";"";"";"";"";""
12.12.2022 19:36:51;1670870211000;880f01e687e2572cea04e80fc6a68085;1207052;OK;1788;0;0;0;0;-0,03;-11,77;0;0;577;687;"";67,386;10,11;520,458;65,61;20,905;0,86;1,499;0,21;19,861;2,01;5,407;10,4;6,603;11,0;7,45;11,0;958,4149;103,23;301,196;39,24;24,562;12,41;1,762;10,08;1,382;10,02;0,001;10,0;2,168;20,519;0,54;20,684;3,62;3,7;0,6;-2,619;2,19;951,301;1,0;"";"";32,732;2,54;99,952;13,73;"";"";13,0;20,0;13,0;"";"";"";"";"";"";"";"";"";"";"";"";"";"";"";"";"";"";"";"";"";"";"";"";"";"";"";"";"";"";"";"";"";"";"";"";"";"";"";"";"";"";"";"";"";"";"";"";"";"";"";"";"";"";"";"";"";"";"";"";"";"";"";"";""
12.12.2022 19:38:52;1670870332000;880f01e687e2572cea04e80fc6a68085;1207172;OK;1796;0;0;0;0;-0,05;-1,64;0;0;578;685;"";66,414;9,96;523,209;65,7;20,911;0,86;1,498;0,21;19,665;2,0;5,553;10,56;6,333;10,86;6,946;10,88;955,499;103,02;296,265;38,82;24,223;12,34;1,075;10,01;0,41;10,0;0,0;10,0;1,911;20,502;0,54;20,704;3,62;3,7;0,6;-2,619;2,19;951,314;1,0;"";"";32,709;2,53;98,894;13,68;"";"";13,0;20,0;13,0;"";"";"";"";"";"";"";"";"";"";"";"";"";"";"";"";"";"";"";"";"";"";"";"";"";"";"";"";"";"";"";"";"";"";"";"";"";"";"";"";"";"";"";"";"";"";"";"";"";"";"";"";"";"";"";"";"";"";"";"";"";"";"";"";""
12.12.2022 19:40:52;1670870452000;880f01e687e2572cea04e80fc6a68085;1207293;OK;1794;0;0;0;0;-0,0;-5,34;0;0;580;689;"";67,015;10,05;519,392;65,58;20,909;0,86;1,498;0,21;19,591;1,99;5,597;10,62;6,777;10,9;8,248;10,98;938,921;101,32;298,129;39,02;28,048;12,85;2,473;10,24;2,062;10,18;0,0;10,0;2,791;20,482;0,54;20,779;3,62;3,709;0,6;-2,588;2,18;951,317;1,0;"";"";32,514;2,52;98,158;13,64;"";"";13,0;20,0;13,0;"";"";"";"";"";"";"";"";"";"";"";"";"";"";"";"";"";"";"";"";"";"";"";"";"";"";"";"";"";"";"";"";"";"";"";"";"";"";"";"";"";"";"";"";"";"";"";"";"";"";"";"";"";"";"";"";"";"";"";"";"";"";"";"";""
12.12.2022 19:42:51;1670870571000;880f01e687e2572cea04e80fc6a68085;1207412;OK;1810;0;0;0;0;0,02;-9,34;0;0;579;691;"";67,896;10,18;517,476;65,52;20,909;0,86;1,498;0,21;19,698;2,0;6,487;10,96;8,194;10,99;9,293;11,0;1047,622;111,86;323,614;41,53;36,209;13,67;2,269;10,11;1,739;10,02;0,0;10,0;2,318;20,47;0,54;20,758;3,62;3,702;0,6;-2,611;2,18;951,315;1,0;"";"";32,359;2,52;98,33899;13,65;"";"";13,0;20,0;13,0;"";"";"";"";"";"";"";"";"";"";"";"";"";"";"";"";"";"";"";"";"";"";"";"";"";"";"";"";"";"";"";"";"";"";"";"";"";"";"";"";"";"";"";"";"";"";"";"";"";"";"";"";"";"";"";"";"";"";"";"";"";"";"";"";""
12.12.2022 19:44:52;1670870692000;880f01e687e2572cea04e80fc6a68085;1207533;OK;1791;0;0;0;0;-0,04;-15,57;0;0;578;692;"";64,432;9,66;516,718;65,5;20,912;0,86;1,496;0,21;19,66;2,0;5,211;10,45;6,463;10,74;8,057;10,95;939,0189;101,29;291,557;38,33;23,1;12,22;2,039;10,14;1,985;10,14;0,263;10,0;2,921;20,447;0,54;20,715;3,62;3,69;0,6;-2,658;2,19;951,3209;1,0;"";"";32,411;2,52;98,049;13,64;"";"";13,0;20,0;13,0;"";"";"";"";"";"";"";"";"";"";"";"";"";"";"";"";"";"";"";"";"";"";"";"";"";"";"";"";"";"";"";"";"";"";"";"";"";"";"";"";"";"";"";"";"";"";"";"";"";"";"";"";"";"";"";"";"";"";"";"";"";"";"";"";""
12.12.2022 19:46:52;1670870812000;880f01e687e2572cea04e80fc6a68085;1207652;OK;1805;0;0;0;0;-0,05;-7,22;0;0;580;693;"";61,901;9,29;516,259;65,49;20,906;0,86;1,495;0,21;19,782;2,0;5,418;10,47;6,163;10,83;7,935;10,94;957,14;103,07;292,341;38,48;24,791;12,42;3,761;10,43;3,039;10,35;0,028;10,0;3,029;20,42;0,54;20,792;3,62;3,698;0,59;-2,631;2,18;951,335;1,0;"";"";32,229;2,51;98,52901;13,66;"";"";13,0;20,0;13,0;"";"";"";"";"";"";"";"";"";"";"";"";"";"";"";"";"";"";"";"";"";"";"";"";"";"";"";"";"";"";"";"";"";"";"";"";"";"";"";"";"";"";"";"";"";"";"";"";"";"";"";"";"";"";"";"";"";"";"";"";"";"";"";"";""
12.12.2022 19:48:54;1670870934000;880f01e687e2572cea04e80fc6a68085;1207774;OK;1801;0;0;0;0;-0,0;-3,86;0;0;580;694;"";64,575;9,69;515,714;65,47;20,907;0,86;1,495;0,21;19,967;2,01;5,875;10,75;6,948;10,98;7,905;10,99;992,187;106,51;306,939;39,83;24,081;12,37;1,526;10,1;0,85;10,04;0,003;10,0;2,23;20,415;0,54;20,805;3,62;3,699;0,59;-2,626;2,18;951,345;1,0;"";"";32,076;2,5;99,123;13,69;"";"";13,0;20,0;13,0;"";"";"";"";"";"";"";"";"";"";"";"";"";"";"";"";"";"";"";"";"";"";"";"";"";"";"";"";"";"";"";"";"";"";"";"";"";"";"";"";"";"";"";"";"";"";"";"";"";"";"";"";"";"";"";"";"";"";"";"";"";"";"";"";""
12.12.2022 19:50:53;1670871053000;880f01e687e2572cea04e80fc6a68085;1207893;OK;1797;0;0;0;0;0,03;-1,51;0;0;580;694;"";65,586;9,84;515,627;65,47;20,91;0,86;1,494;0,21;20,042;2,02;5,309;10,35;6,141;10,78;7,76;11,0;958,029;103,11;302,723;39,4;27,932;12,86;2,779;10,17;2,064;10,0;0,415;10,0;2,995;20,423;0,54;20,806;3,62;3,701;0,59;-2,619;2,18;951,351;1,0;"";"";32,202;2,51;100,18;13,75;"";"";14,424;19,49;65,9;"";"";"";"";"";"";"";"";"";"";"";"";"";"";"";"";"";"";"";"";"";"";"";"";"";"";"";"";"";"";"";"";"";"";"";"";"";"";"";"";"";"";"";"";"";"";"";"";"";"";"";"";"";"";"";"";"";"";"";"";"";"";"";"";""
12.12.2022 19:52:52;1670871172000;880f01e687e2572cea04e80fc6a68085;1208013;OK;1813;0;0;0;0;0,01;-5,62;0;0;580;696;"";62,728;9,41;513,44;65,4;20,911;0,86;1,493;0,21;19,954;2,01;6,144;10,86;7,217;10,98;7,695;11,0;1112,527;118,26;341,667;43,17;26,111;12,48;0,657;10,06;0,522;10,03;0,044;10,0;1,684;20,436;0,54;20,806;3,62;3,704;0,6;-2,608;2,18;951,3499;1,0;"";"";32,416;2,52;101,489;13,82;"";"";13,183;20,02;16,0;"";"";"";"";"";"";"";"";"";"";"";"";"";"";"";"";"";"";"";"";"";"";"";"";"";"";"";"";"";"";"";"";"";"";"";"";"";"";"";"";"";"";"";"";"";"";"";"";"";"";"";"";"";"";"";"";"";"";"";"";"";"";"";"";""
12.12.2022 19:54:54;1670871294000;880f01e687e2572cea04e80fc6a68085;1208134;OK;1803;0;0;0;0;0,02;-10,07;0;0;579;696;"";63,495;9,52;513,206;65,4;20,907;0,86;1,494;0,21;20,079;2,02;5,228;10,28;6,589;10,92;7,249;11,0;976,0969;104,92;295,619;38,8;27,104;12,63;1,637;10,07;1,162;10,0;0,251;10,0;2,066;20,463;0,54;20,779;3,62;3,705;0,6;-2,603;2,18;951,357;1,0;"";"";32,341;2,52;103,242;13,91;"";"";13,019;20,0;13,0;"";"";"";"";"";"";"";"";"";"";"";"";"";"";"";"";"";"";"";"";"";"";"";"";"";"";"";"";"";"";"";"";"";"";"";"";"";"";"";"";"";"";"";"";"";"";"";"";"";"";"";"";"";"";"";"";"";"";"";"";"";"";"";"";""
12.12.2022 19:56:55;1670871415000;880f01e687e2572cea04e80fc6a68085;1208255;OK;1799;0;0;0;0;-0,02;-13,41;0;0;577;697;"";62,014;9,3;511,23;65,34;20,908;0,86;1,494;0,21;19,963;2,01;6,218;10,79;7,113;10,97;8,21;11,0;1005,318;107,69;311,66;40,31;28,499;12,8;1,62;10,1;1,572;10,09;0,494;10,0;2,267;20,489;0,54;20,679;3,62;3,692;0,6;-2,647;2,19;951,357;1,0;"";"";32,496;2,52;104,511;13,97;"";"";13,002;20,0;13,0;"";"";"";"";"";"";"";"";"";"";"";"";"";"";"";"";"";"";"";"";"";"";"";"";"";"";"";"";"";"";"";"";"";"";"";"";"";"";"";"";"";"";"";"";"";"";"";"";"";"";"";"";"";"";"";"";"";"";"";"";"";"";"";"";""
12.12.2022 19:58:54;1670871534000;880f01e687e2572cea04e80fc6a68085;1208374;OK;1806;0;0;0;0;-0,04;-9,17;0;0;577;696;"";60,252;9,04;511,295;65,34;20,913;0,86;1,494;0,21;19,787;2,0;5,882;10,77;6,921;11,0;8,063;11,0;973,481;104,71;302,19;39,36;26,143;12,62;2,198;10,02;0,975;10,01;0,112;10,0;2,442;20,503;0,54;20,658;3,63;3,691;0,6;-2,649;2,19;951,353;1,0;"";"";32,391;2,52;105,296;14,01;"";"";13,0;20,0;13,0;"";"";"";"";"";"";"";"";"";"";"";"";"";"";"";"";"";"";"";"";"";"";"";"";"";"";"";"";"";"";"";"";"";"";"";"";"";"";"";"";"";"";"";"";"";"";"";"";"";"";"";"";"";"";"";"";"";"";"";"";"";"";"";"";""
12.12.2022 20:00:55;1670871655000;880f01e687e2572cea04e80fc6a68085;1208496;OK;1801;0;0;0;0;-0,06;-9,79;0;0;575;698;"";63,744;9,56;508,738;65,26;20,909;0,86;1,495;0,21;19,59;1,99;6,502;10,92;7,912;11,0;8,716;11,0;1036,114;110,74;324,633;41,59;32,777;13,21;1,924;10,05;1,16;10,05;0,345;10,0;1,999;20,518;0,54;20,573;3,63;3,68;0,6;-2,692;2,2;951,355;1,0;"";"";32,386;2,52;105,115;14,0;"";"";13,0;20,0;13,0;"";"";"";"";"";"";"";"";"";"";"";"";"";"";"";"";"";"";"";"";"";"";"";"";"";"";"";"";"";"";"";"";"";"";"";"";"";"";"";"";"";"";"";"";"";"";"";"";"";"";"";"";"";"";"";"";"";"";"";"";"";"";"";"";""
12.12.2022 20:02:54;1670871774000;880f01e687e2572cea04e80fc6a68085;1208615;OK;1810;0;0;0;0;-0,05;-7,58;0;0;574;697;"";62,111;9,32;508,98;65,27;20,908;0,86;1,495;0,21;19,202;1,97;5,793;10,7;6,668;10,99;7,866;11,0;1014,933;108,73;313,329;40,46;26,072;12,51;1,44;10,01;1,359;10,01;0,817;10,0;2,472;20,52;0,54;20,553;3,63;3,676;0,6;-2,704;2,21;951,354;1,0;"";"";32,457;2,52;104,444;13,97;"";"";13,0;20,0;13,0;"";"";"";"";"";"";"";"";"";"";"";"";"";"";"";"";"";"";"";"";"";"";"";"";"";"";"";"";"";"";"";"";"";"";"";"";"";"";"";"";"";"";"";"";"";"";"";"";"";"";"";"";"";"";"";"";"";"";"";"";"";"";"";"";""
12.12.2022 20:04:55;1670871895000;880f01e687e2572cea04e80fc6a68085;1208736;OK;1796;0;0;0;0;-0,04;-8,77;0;0;574;699;"";61,399;9,21;507,246;65,22;20,908;0,86;1,495;0,21;18,737;1,95;5,847;10,64;6,929;11,0;8,514;11,0;1034,325;110,58;321,532;41,25;28,917;12,88;2,129;10,1;1,992;10,1;0,195;10,0;2,801;20,518;0,54;20,555;3,63;3,676;0,6;-2,705;2,21;951,353;1,0;"";"";32,457;2,52;102,847;13,89;"";"";13,0;20,0;13,0;"";"";"";"";"";"";"";"";"";"";"";"";"";"";"";"";"";"";"";"";"";"";"";"";"";"";"";"";"";"";"";"";"";"";"";"";"";"";"";"";"";"";"";"";"";"";"";"";"";"";"";"";"";"";"";"";"";"";"";"";"";"";"";"";""
12.12.2022 20:06:56;1670872016000;880f01e687e2572cea04e80fc6a68085;1208856;OK;1807;0;0;0;0;-0,02;-2,37;0;0;574;698;"";59,617;8,94;507,858;65,24;20,909;0,86;1,495;0,21;18,502;1,93;6,283;10,86;7,344;11,0;7,768;11,0;1114,418;118,38;345,796;43,61;27,303;12,73;0,565;10,01;0,551;10,01;0,02;10,0;1,638;20,512;0,54;20,546;3,63;3,674;0,6;-2,715;2,21;951,356;1,0;"";"";32,363;2,52;102,379;13,86;"";"";13,0;20,0;13,0;"";"";"";"";"";"";"";"";"";"";"";"";"";"";"";"";"";"";"";"";"";"";"";"";"";"";"";"";"";"";"";"";"";"";"";"";"";"";"";"";"";"";"";"";"";"";"";"";"";"";"";"";"";"";"";"";"";"";"";"";"";"";"";"";""
12.12.2022 20:08:57;1670872137000;880f01e687e2572cea04e80fc6a68085;1208977;OK;1799;0;0;0;0;-0,01;-3,2;0;0;574;699;"";61,502;9,23;507,374;65,22;20,91;0,86;1,495;0,21;18,305;1,92;5,741;10,46;8,435;11,0;9,362;11,0;1134,878;120,35;346,007;43,63;38,316;13,8;2,459;10,16;0,98;10,0;0,002;10,0;2,24;20,506;0,54;20,549;3,63;3,673;0,6;-2,717;2,21;951,355;1,0;"";"";32,265;2,51;101,195;13,8;"";"";13,0;20,0;13,0;"";"";"";"";"";"";"";"";"";"";"";"";"";"";"";"";"";"";"";"";"";"";"";"";"";"";"";"";"";"";"";"";"";"";"";"";"";"";"";"";"";"";"";"";"";"";"";"";"";"";"";"";"";"";"";"";"";"";"";"";"";"";"";"";""
12.12.2022 20:10:56;1670872256000;880f01e687e2572cea04e80fc6a68085;1209096;OK;1795;0;0;0;0;-0,01;-8,6;0;0;574;701;"";61,503;9,23;504,61;65,14;20,915;0,86;1,496;0,21;18,068;1,91;5,871;10,72;7,262;10,97;7,785;11,0;1056,252;112,66;325,873;41,69;25,784;12,51;1,529;10,09;0,863;10,0;0,0;10,0;1,833;20,504;0,54;20,546;3,63;3,672;0,6;-2,722;2,21;951,369;1,0;"";"";32,088;2,5;99,806;13,73;"";"";13,0;20,0;13,0;"";"";"";"";"";"";"";"";"";"";"";"";"";"";"";"";"";"";"";"";"";"";"";"";"";"";"";"";"";"";"";"";"";"";"";"";"";"";"";"";"";"";"";"";"";"";"";"";"";"";"";"";"";"";"";"";"";"";"";"";"";"";"";"";""
12.12.2022 20:12:57;1670872377000;880f01e687e2572cea04e80fc6a68085;1209218;OK;1809;0;0;0;0;-0,01;-7,59;0;0;574;700;"";59,555;8,93;505,662;65,17;20,916;0,86;1,496;0,21;17,83;1,9;6,311;10,97;6,938;11,0;8,308;11,0;1057,17;112,84;323,929;41,44;23,784;12,3;2,004;10,12;1,464;10,01;0,0;10,0;2,549;20,486;0,54;20,546;3,63;3,668;0,6;-2,736;2,21;951,384;1,0;"";"";32,037;2,5;99,437;13,71;"";"";13,0;20,0;13,0;"";"";"";"";"";"";"";"";"";"";"";"";"";"";"";"";"";"";"";"";"";"";"";"";"";"";"";"";"";"";"";"";"";"";"";"";"";"";"";"";"";"";"";"";"";"";"";"";"";"";"";"";"";"";"";"";"";"";"";"";"";"";"";"";""
12.12.2022 20:14:56;1670872496000;880f01e687e2572cea04e80fc6a68085;1209337;OK;1795;0;0;0;0;-0,02;-1,76;0;0;574;701;"";59,289;8,89;505,239;65,16;20,913;0,86;1,495;0,21;17,799;1,9;6,056;10,81;7,409;11,0;8,666;11,0;1089,063;115,91;333,012;42,44;30,957;12,97;2,471;10,19;2,018;10,09;0,184;10,0;2,492;20,473;0,54;20,547;3,63;3,665;0,6;-2,746;2,21;951,39;1,0;"";"";31,97;2,5;99,59201;13,72;"";"";13,0;20,0;13,0;"";"";"";"";"";"";"";"";"";"";"";"";"";"";"";"";"";"";"";"";"";"";"";"";"";"";"";"";"";"";"";"";"";"";"";"";"";"";"";"";"";"";"";"";"";"";"";"";"";"";"";"";"";"";"";"";"";"";"";"";"";"";"";"";""
12.12.2022 20:16:58;1670872618000;880f01e687e2572cea04e80fc6a68085;1209458;OK;1812;0;0;0;0;-0,02;-7,24;0;0;574;705;"";59,798;8,97;501,43;65,04;20,915;0,86;1,494;0,21;17,791;1,9;6,051;10,8;7,047;10,99;8,627;11,0;1058,411;112,96;328,733;42,01;25,394;12,44;2,429;10,2;1,834;10,16;0,019;10,0;2,762;20,462;0,54;20,551;3,63;3,664;0,6;-2,753;2,21;951,386;1,0;"";"";31,836;2,49;99,017;13,69;"";"";13,0;20,0;13,0;"";"";"";"";"";"";"";"";"";"";"";"";"";"";"";"";"";"";"";"";"";"";"";"";"";"";"";"";"";"";"";"";"";"";"";"";"";"";"";"";"";"";"";"";"";"";"";"";"";"";"";"";"";"";"";"";"";"";"";"";"";"";"";"";""
12.12.2022 20:18:57;1670872737000;880f01e687e2572cea04e80fc6a68085;1209577;OK;1803;0;0;0;0;-0,02;-12,86;0;0;574;704;"";59,758;8,96;501,825;65,05001;20,916;0,86;1,494;0,21;17,702;1,89;6,465;10,93;7,755;10,99;8,463;11,0;1053,823;112,5;324,167;41,56;26,428;12,52;1,827;10,17;0,282;10,02;0,002;10,0;1,936;20,446;0,54;20,555;3,63;3,661;0,6;-2,764;2,21;951,359;1,0;"";"";31,766;2,49;97,945;13,63;"";"";13,0;20,0;13,0;"";"";"";"";"";"";"";"";"";"";"";"";"";"";"";"";"";"";"";"";"";"";"";"";"";"";"";"";"";"";"";"";"";"";"";"";"";"";"";"";"";"";"";"";"";"";"";"";"";"";"";"";"";"";"";"";"";"";"";"";"";"";"";"";""
12.12.2022 20:20:58;1670872858000;880f01e687e2572cea04e80fc6a68085;1209698;OK;1795;0;0;0;0;-0,01;-8,71;0;0;575;705;"";57,383;8,61;502,014;65,06;20,911;0,86;1,493;0,21;17,675;1,89;5,995;10,74;7,229;10,98;8,364;11,0;989,088;106,14;309,165;40,01;28,847;12,85;2,828;10,23;1,367;10,0;0,0;10,0;2,39;20,424;0,54;20,587;3,63;3,662;0,6;-2,76;2,2;951,334;1,0;"";"";31,707;2,48;97,227;13,6;"";"";13,0;20,0;13,0;"";"";"";"";"";"";"";"";"";"";"";"";"";"";"";"";"";"";"";"";"";"";"";"";"";"";"";"";"";"";"";"";"";"";"";"";"";"";"";"";"";"";"";"";"";"";"";"";"";"";"";"";"";"";"";"";"";"";"";"";"";"";"";"";""
12.12.2022 20:22:59;1670872979000;880f01e687e2572cea04e80fc6a68085;1209819;OK;1798;0;0;0;0;0,03;6,08;0;0;577;705;"";56,923;8,54;503,035;65,09;20,915;0,86;1,492;0,21;17,794;1,9;6,175;10,88;7,163;11,0;7,752;11,0;1027,23;109,9;322,485;41,33;19,101;11,8;0,996;10,02;0,488;10,0;0,0;10,0;1,811;20,414;0,54;20,666;3,63;3,674;0,6;-2,718;2,19;951,3309;1,0;"";"";31,607;2,48;98,491;13,66;"";"";13,0;20,0;13,0;"";"";"";"";"";"";"";"";"";"";"";"";"";"";"";"";"";"";"";"";"";"";"";"";"";"";"";"";"";"";"";"";"";"";"";"";"";"";"";"";"";"";"";"";"";"";"";"";"";"";"";"";"";"";"";"";"";"";"";"";"";"";"";"";""
12.12.2022 20:24:59;1670873099000;880f01e687e2572cea04e80fc6a68085;1209940;OK;1802;0;0;0;0;0,05;-0,25;0;0;577;706;"";58,187;8,73;501,673;65,05001;20,916;0,86;1,492;0,21;18,027;1,91;6,571;10,97;7,788;11,0;7,848;11,0;1097,49;116,73;341,166;43,13;26,774;12,6;0,103;10,0;0,05;10,0;0,0;10,0;1,294;20,417;0,54;20,678;3,63;3,677;0,6;-2,708;2,19;951,338;1,0;"";"";31,502;2,47;100,318;13,76;"";"";13,0;20,0;13,0;"";"";"";"";"";"";"";"";"";"";"";"";"";"";"";"";"";"";"";"";"";"";"";"";"";"";"";"";"";"";"";"";"";"";"";"";"";"";"";"";"";"";"";"";"";"";"";"";"";"";"";"";"";"";"";"";"";"";"";"";"";"";"";"";""
12.12.2022 20:26:59;1670873219000;880f01e687e2572cea04e80fc6a68085;1210059;OK;1816;0;0;0;0;0,01;-2,78;0;0;575;706;"";56,508;8,48;500,548;65,02;20,911;0,86;1,491;0,21;18,1;1,91;6,145;10,81;7,773;11,0;8,84;11,0;1076,083;114,57;335,567;42,73;33,931;13,3;2,055;10,1;1,717;10,1;0,148;10,0;2,337;20,437;0,54;20,584;3,63;3,664;0,6;-2,752;2,2;951,348;1,0;"";"";31,565;2,47;102,792;13,88;"";"";13,155;19,92;40,1;"";"";"";"";"";"";"";"";"";"";"";"";"";"";"";"";"";"";"";"";"";"";"";"";"";"";"";"";"";"";"";"";"";"";"";"";"";"";"";"";"";"";"";"";"";"";"";"";"";"";"";"";"";"";"";"";"";"";"";"";"";"";"";"";""
12.12.2022 20:29:00;1670873340000;880f01e687e2572cea04e80fc6a68085;1210181;OK;1792;0;0;0;0;-0,04;-15,25;0;0;574;708;"";56,551;8,48;498,629;64,96;20,911;0,86;1,491;0,21;18,29;1,92;6,092;10,95;7,164;11,0;8,103;11,0;1012,427;108,41;321,24;41,3;26,562;12,63;1,115;10,07;1,08;10,07;0,209;10,0;2,163;20,473;0,54;20,551;3,63;3,666;0,6;-2,744;2,21;951,344;1,0;"";"";31,612;2,48;105,202;14,01;"";"";13,016;19,99;13,0;"";"";"";"";"";"";"";"";"";"";"";"";"";"";"";"";"";"";"";"";"";"";"";"";"";"";"";"";"";"";"";"";"";"";"";"";"";"";"";"";"";"";"";"";"";"";"";"";"";"";"";"";"";"";"";"";"";"";"";"";"";"";"";"";""
12.12.2022 20:31:01;1670873461000;880f01e687e2572cea04e80fc6a68085;1210301;OK;1795;0;0;0;0;-0,03;-9,18;0;0;573;706;"";53,834;8,08;499,226;64,98001;20,909;0,86;1,492;0,21;18,207;1,92;6,371;10,9;7,44;11,0;8,765;11,0;1087,617;115,78;339,031;42,95;27,018;12,68;2,147;10,07;1,94;10,05;0,175;10,0;2,508;20,507;0,54;20,51;3,63;3,666;0,6;-2,743;2,21;951,34;1,0;"";"";31,649;2,48;107,1;14,11;"";"";13,002;20,0;13,0;"";"";"";"";"";"";"";"";"";"";"";"";"";"";"";"";"";"";"";"";"";"";"";"";"";"";"";"";"";"";"";"";"";"";"";"";"";"";"";"";"";"";"";"";"";"";"";"";"";"";"";"";"";"";"";"";"";"";"";"";"";"";"";"";""
12.12.2022 20:33:01;1670873581000;880f01e687e2572cea04e80fc6a68085;1210422;OK;1790;0;0;0;0;-0,01;-3,47;0;0;571;705;"";58,283;8,74;499,403;64,98001;20,908;0,86;1,493;0,21;17,951;1,91;7,05;10,99;8,335;11,0;9,095;11,0;1097,39;116,76;343,429;43,41;25,909;12,52;1,983;10,08;0,965;10,04;0,018;10,0;1,887;20,533;0,54;20,443;3,63;3,66;0,6;-2,765;2,22;951,34;1,0;"";"";31,873;2,49;107,502;14,13;"";"";13,0;20,0;13,0;"";"";"";"";"";"";"";"";"";"";"";"";"";"";"";"";"";"";"";"";"";"";"";"";"";"";"";"";"";"";"";"";"";"";"";"";"";"";"";"";"";"";"";"";"";"";"";"";"";"";"";"";"";"";"";"";"";"";"";"";"";"";"";"";""
12.12.2022 20:35:02;1670873702000;880f01e687e2572cea04e80fc6a68085;1210542;OK;1789;0;0;0;0;-0,02;-0,62;0;0;570;707;"";55,557;8,33;497,765;64,93;20,908;0,86;1,493;0,21;17,68;1,89;6,612;11,0;7,788;11,0;8,344;11,0;1046,399;111,82;329,67;42,05;25,473;12,47;1,104;10,01;0,444;10,0;0,199;10,0;1,8;20,546;0,54;20,425;3,63;3,659;0,6;-2,766;2,22;951,338;1,0;"";"";31,896;2,49;106,297;14,06;"";"";13,0;20,0;13,0;"";"";"";"";"";"";"";"";"";"";"";"";"";"";"";"";"";"";"";"";"";"";"";"";"";"";"";"";"";"";"";"";"";"";"";"";"";"";"";"";"";"";"";"";"";"";"";"";"";"";"";"";"";"";"";"";"";"";"";"";"";"";"";"";""
12.12.2022 20:37:03;1670873823000;880f01e687e2572cea04e80fc6a68085;1210663;OK;1791;0;0;0;0;-0,02;-10,57;0;0;570;708;"";57,739;8,66;496,439;64,89;20,909;0,86;1,493;0,21;17,321;1,87;6,957;10,86;8,26;10,96;8,735;11,0;1141,014;120,91;357,986;44,86;31,637;13,07;0,548;10,01;0,48;10,01;0,103;10,0;1,738;20,547;0,54;20,423;3,63;3,659;0,6;-2,767;2,22;951,3309;1,0;"";"";31,812;2,49;105,232;14,01;"";"";13,0;20,0;13,0;"";"";"";"";"";"";"";"";"";"";"";"";"";"";"";"";"";"";"";"";"";"";"";"";"";"";"";"";"";"";"";"";"";"";"";"";"";"";"";"";"";"";"";"";"";"";"";"";"";"";"";"";"";"";"";"";"";"";"";"";"";"";"";"";""
12.12.2022 20:39:03;1670873943000;880f01e687e2572cea04e80fc6a68085;1210783;OK;1795;0;0;0;0;0,0;-10,78;0;0;570;708;"";58,153;8,72;496,112;64,88;20,909;0,86;1,493;0,21;16,96;1,85;7,3;10,99;8,297;11,0;9,424;11,0;1164,652;123,2;367,262;45,76;33,487;13,29;2,375;10,21;2,368;10,21;0,644;10,0;2,131;20,551;0,54;20,422;3,63;3,66;0,6;-2,764;2,22;951,322;1,0;"";"";31,745;2,48;103,583;13,92;"";"";13,0;20,0;13,0;"";"";"";"";"";"";"";"";"";"";"";"";"";"";"";"";"";"";"";"";"";"";"";"";"";"";"";"";"";"";"";"";"";"";"";"";"";"";"";"";"";"";"";"";"";"";"";"";"";"";"";"";"";"";"";"";"";"";"";"";"";"";"";"";""
12.12.2022 20:41:04;1670874064000;880f01e687e2572cea04e80fc6a68085;1210904;OK;1804;0;0;0;0;-0,01;-9,07;0;0;569;709;"";57,787;8,67;495,116;64,85;20,908;0,86;1,493;0,21;16,646;1,84;6,886;11,0;7,916;11,0;8,403;11,0;1145,565;121,38;361,561;45,11;30,368;12,92;0,929;10,11;0,623;10,03;0,088;10,0;1,633;20,552;0,54;20,392;3,63;3,655;0,6;-2,783;2,23;951,316;1,0;"";"";31,689;2,48;102,255;13,85;"";"";13,0;20,0;13,0;"";"";"";"";"";"";"";"";"";"";"";"";"";"";"";"";"";"";"";"";"";"";"";"";"";"";"";"";"";"";"";"";"";"";"";"";"";"";"";"";"";"";"";"";"";"";"";"";"";"";"";"";"";"";"";"";"";"";"";"";"";"";"";"";""
12.12.2022 20:43:04;1670874184000;880f01e687e2572cea04e80fc6a68085;1211025;OK;1794;0;0;0;0;-0,02;-5,0;0;0;569;709;"";60,807;9,12;495,051;64,85;20,909;0,86;1,492;0,21;16,251;1,82;7,197;11,0;7,95;11,0;8,667;11,0;1142,437;121,05;353,198;44,34;24,369;12,38;1,384;10,04;1,156;10,0;0,843;10,0;1,825;20,549;0,54;20,384;3,63;3,652;0,6;-2,791;2,23;951,307;1,0;"";"";31,559;2,47;100,88;13,78;"";"";13,0;20,0;13,0;"";"";"";"";"";"";"";"";"";"";"";"";"";"";"";"";"";"";"";"";"";"";"";"";"";"";"";"";"";"";"";"";"";"";"";"";"";"";"";"";"";"";"";"";"";"";"";"";"";"";"";"";"";"";"";"";"";"";"";"";"";"";"";"";""
12.12.2022 20:45:05;1670874305000;880f01e687e2572cea04e80fc6a68085;1211145;OK;1804;0;0;0;0;-0,02;1,0;0;0;569;708;"";57,6;8,64;495,889;64,88;20,91;0,86;1,492;0,21;16,013;1,8;7,052;10,93;8,156;11,0;8,78;11,0;1134,263;120,29;348,686;43,89;27,986;12,73;1,111;10,03;0,81;10,0;0,087;10,0;1,813;20,544;0,54;20,374;3,63;3,649;0,6;-2,802;2,23;951,304;1,0;"";"";31,52;2,47;99,863;13,73;"";"";13,0;20,0;13,0;"";"";"";"";"";"";"";"";"";"";"";"";"";"";"";"";"";"";"";"";"";"";"";"";"";"";"";"";"";"";"";"";"";"";"";"";"";"";"";"";"";"";"";"";"";"";"";"";"";"";"";"";"";"";"";"";"";"";"";"";"";"";"";"";""
12.12.2022 20:47:06;1670874426000;880f01e687e2572cea04e80fc6a68085;1211266;OK;1794;0;0;0;0;-0,04;-2,34;0;0;568;711;"";57,746;8,66;492,874;64,79;20,909;0,86;1,492;0,21;15,905;1,8;7,052;10,99;7,946;11,0;9,028;11,0;1078,12;114,88;333,942;42,45;26,764;12,59;1,44;10,12;1,104;10,07;0,009;10,0;2,12;20,518;0,54;20,359;3,63;3,641;0,6;-2,833;2,23;951,296;1,0;"";"";31,386;2,47;99,181;13,69;"";"";13,0;20,0;13,0;"";"";"";"";"";"";"";"";"";"";"";"";"";"";"";"";"";"";"";"";"";"";"";"";"";"";"";"";"";"";"";"";"";"";"";"";"";"";"";"";"";"";"";"";"";"";"";"";"";"";"";"";"";"";"";"";"";"";"";"";"";"";"";"";""
12.12.2022 20:49:05;1670874545000;880f01e687e2572cea04e80fc6a68085;1211385;OK;1800;0;0;0;0;-0,01;-4,93;0;0;570;711;"";58,46;8,77;493,492;64,8;20,914;0,86;1,491;0,21;15,914;1,8;7,021;10,94;8,01;11,0;8,28;11,0;1173,323;124,12;367,297;45,68;27,187;12,65;0,455;10,01;0,118;10,01;0,001;10,0;1,459;20,505;0,54;20,416;3,63;3,649;0,6;-2,806;2,22;951,306;1,0;"";"";31,112;2,45;98,364;13,65;"";"";13,0;20,0;13,0;"";"";"";"";"";"";"";"";"";"";"";"";"";"";"";"";"";"";"";"";"";"";"";"";"";"";"";"";"";"";"";"";"";"";"";"";"";"";"";"";"";"";"";"";"";"";"";"";"";"";"";"";"";"";"";"";"";"";"";"";"";"";"";"";""
12.12.2022 20:51:06;1670874666000;880f01e687e2572cea04e80fc6a68085;1211506;OK;1804;0;0;0;0;0,0;-9,64;0;0;570;712;"";60,114;9,02;492,376;64,77;20,916;0,86;1,491;0,21;15,989;1,8;6,249;10,8;8,243;10,94;9,029;10,96;1108,83;117,88;339,518;43,03;31,78;13,13;2,244;10,12;0,241;10,0;0,229;10,0;1,986;20,491;0,54;20,424;3,63;3,647;0,6;-2,813;2,22;951,302;1,0;"";"";31,06;2,45;97,81501;13,62;"";"";13,0;20,0;13,0;"";"";"";"";"";"";"";"";"";"";"";"";"";"";"";"";"";"";"";"";"";"";"";"";"";"";"";"";"";"";"";"";"";"";"";"";"";"";"";"";"";"";"";"";"";"";"";"";"";"";"";"";"";"";"";"";"";"";"";"";"";"";"";"";""
12.12.2022 20:53:06;1670874786000;880f01e687e2572cea04e80fc6a68085;1211627;OK;1789;0;0;0;0;0,01;-4,71;0;0;570;713;"";62,485;9,37;491,852;64,76;20,917;0,86;1,49;0,21;15,952;1,8;6,777;10,98;8,188;10,99;8,459;11,0;1123,146;119,24;348,131;43,94;29,531;12,88;0,763;10,04;0,279;10,0;0,024;10,0;1,501;20,478;0,54;20,425;3,63;3,645;0,6;-2,823;2,22;951,268;1,0;"";"";31,066;2,45;97,198;13,59;"";"";13,0;20,0;13,0;"";"";"";"";"";"";"";"";"";"";"";"";"";"";"";"";"";"";"";"";"";"";"";"";"";"";"";"";"";"";"";"";"";"";"";"";"";"";"";"";"";"";"";"";"";"";"";"";"";"";"";"";"";"";"";"";"";"";"";"";"";"";"";"";""
12.12.2022 20:55:08;1670874908000;880f01e687e2572cea04e80fc6a68085;1211748;OK;1802;0;0;0;0;-0,02;-3,06;0;0;571;713;"";60,634;9,1;492,238;64,77;20,919;0,86;1,488;0,21;15,981;1,8;5,945;10,7;6,908;10,95;8,051;11,0;1038,174;110,98;324,007;41,52;26,425;12,62;1,983;10,0;0,941;10,0;0,577;10,0;2,428;20,459;0,54;20,43;3,63;3,642;0,6;-2,835;2,22;951,231;1,0;"";"";31,037;2,45;97,01;13,58;"";"";13,0;20,0;13,0;"";"";"";"";"";"";"";"";"";"";"";"";"";"";"";"";"";"";"";"";"";"";"";"";"";"";"";"";"";"";"";"";"";"";"";"";"";"";"";"";"";"";"";"";"";"";"";"";"";"";"";"";"";"";"";"";"";"";"";"";"";"";"";"";""
12.12.2022 20:57:08;1670875028000;880f01e687e2572cea04e80fc6a68085;1211868;OK;1804;0;0;0;0;-0,03;-0,69;0;0;571;714;"";59,901;8,99;491,07;64,73001;20,919;0,86;1,489;0,21;16,059;1,81;6,667;10,93;7,675;10,99;8,753;11,0;1131,652;120,04;352,396;44,27;28,77;12,83;1,167;10,14;1,055;10,14;0,476;10,0;2,2;20,437;0,54;20,434;3,63;3,637;0,6;-2,851;2,22;951,2139;1,0;"";"";31,022;2,45;96,782;13,57;"";"";13,0;20,0;13,0;"";"";"";"";"";"";"";"";"";"";"";"";"";"";"";"";"";"";"";"";"";"";"";"";"";"";"";"";"";"";"";"";"";"";"";"";"";"";"";"";"";"";"";"";"";"";"";"";"";"";"";"";"";"";"";"";"";"";"";"";"";"";"";"";""
12.12.2022 20:59:08;1670875148000;880f01e687e2572cea04e80fc6a68085;1211988;OK;1800;0;0;0;0;-0,03;-3,43;0;0;571;714;"";58,151;8,72;491,2;64,74;20,918;0,86;1,488;0,21;16,264;1,82;5,852;10,69;6,929;11,0;7,504;11,0;1045,826;111,71;324,185;41,47;22,183;12,22;1,296;10,01;0,898;10,01;0,049;10,0;1,872;20,424;0,54;20,434;3,63;3,635;0,6;-2,861;2,22;951,202;1,0;"";"";30,973;2,44;97,33001;13,6;"";"";13,0;20,0;13,0;"";"";"";"";"";"";"";"";"";"";"";"";"";"";"";"";"";"";"";"";"";"";"";"";"";"";"";"";"";"";"";"";"";"";"";"";"";"";"";"";"";"";"";"";"";"";"";"";"";"";"";"";"";"";"";"";"";"";"";"";"";"";"";"";""
12.12.2022 21:01:08;1670875268000;880f01e687e2572cea04e80fc6a68085;1212108;OK;1795;0;0;0;0;-0,02;-2,86;0;0;571;715;"";59,91;8,99;490,362;64,71;20,92;0,86;1,488;0,21;16,473;1,83;6,738;10,94;8,197;11,0;8,849;11,0;1198,549;126,62;366,067;45,6;28,26;12,76;0,853;10,0;0,812;10,0;0,005;10,0;1,881;20,435;0,54;20,434;3,63;3,637;0,6;-2,852;2,22;951,179;1,0;"";"";30,998;2,45;99,489;13,71;"";"";13,0;20,0;13,0;"";"";"";"";"";"";"";"";"";"";"";"";"";"";"";"";"";"";"";"";"";"";"";"";"";"";"";"";"";"";"";"";"";"";"";"";"";"";"";"";"";"";"";"";"";"";"";"";"";"";"";"";"";"";"";"";"";"";"";"";"";"";"";"";""
12.12.2022 21:03:09;1670875389000;880f01e687e2572cea04e80fc6a68085;1212229;OK;1791;0;0;0;0;0,01;-10,35;0;0;571;718;"";57,813;8,67;487,547;64,63;20,921;0,86;1,488;0,21;16,61;1,83;6,73;10,98;7,534;11,0;8,82;11,0;1100,87;117,0;348,138;43,84;22,15;12,17;1,588;10,17;1,584;10,17;0,001;10,0;2,323;20,448;0,54;20,433;3,63;3,64;0,6;-2,842;2,22;951,16;1,0;"";"";31,093;2,45;101,858;13,83;"";"";13,0;20,0;13,0;"";"";"";"";"";"";"";"";"";"";"";"";"";"";"";"";"";"";"";"";"";"";"";"";"";"";"";"";"";"";"";"";"";"";"";"";"";"";"";"";"";"";"";"";"";"";"";"";"";"";"";"";"";"";"";"";"";"";"";"";"";"";"";"";""
12.12.2022 21:05:10;1670875510000;880f01e687e2572cea04e80fc6a68085;1212350;OK;1803;0;0;0;0;0,02;-5,37;0;0;570;716;"";57,055;8,56;489,42;64,68;20,921;0,86;1,487;0,21;16,694;1,84;6,545;10,83;8,066;10,94;8,735;10,94;1125,71;119,41;354,206;44,47;33,867;13,27;2,459;10,18;0,572;10,02;0,0;10,0;1,859;20,474;0,54;20,406;3,63;3,64;0,6;-2,838;2,22;951,1559;1,0;"";"";31,204;2,46;103,97;13,94;"";"";13,0;20,0;13,0;"";"";"";"";"";"";"";"";"";"";"";"";"";"";"";"";"";"";"";"";"";"";"";"";"";"";"";"";"";"";"";"";"";"";"";"";"";"";"";"";"";"";"";"";"";"";"";"";"";"";"";"";"";"";"";"";"";"";"";"";"";"";"";"";""
12.12.2022 21:07:11;1670875631000;880f01e687e2572cea04e80fc6a68085;1212471;OK;1802;0;0;0;0;-0,03;2,56;0;0;567;714;"";58,058;8,71;490,489;64,71;20,914;0,86;1,487;0,21;16,669;1,84;6,048;10,74;7,161;10,99;8,248;10,99;1003,92;107,66;316,708;40,81;30,237;12,89;2,291;10,23;1,305;10,08;0,0;10,0;2,333;20,492;0,54;20,309;3,63;3,627;0,6;-2,888;2,24;951,143;1,0;"";"";31,161;2,45;104,702;13,98;"";"";13,0;20,0;13,0;"";"";"";"";"";"";"";"";"";"";"";"";"";"";"";"";"";"";"";"";"";"";"";"";"";"";"";"";"";"";"";"";"";"";"";"";"";"";"";"";"";"";"";"";"";"";"";"";"";"";"";"";"";"";"";"";"";"";"";"";"";"";"";"";""
12.12.2022 21:09:12;1670875752000;880f01e687e2572cea04e80fc6a68085;1212592;OK;1797;0;0;0;0;-0,04;3,77;0;0;567;716;"";59,676;8,95;487,857;64,64;20,918;0,86;1,488;0,21;16,598;1,83;6,507;10,9;8,384;10,96;9,152;10,96;1067,274;113,77;333,175;42,4;26,394;12,59;2,514;10,25;0,9969999;10,01;0,666;10,0;1,923;20,506;0,54;20,296;3,63;3,628;0,6;-2,885;2,24;951,139;1,0;"";"";31,193;2,46;104,576;13,97;"";"";13,0;20,0;13,0;"";"";"";"";"";"";"";"";"";"";"";"";"";"";"";"";"";"";"";"";"";"";"";"";"";"";"";"";"";"";"";"";"";"";"";"";"";"";"";"";"";"";"";"";"";"";"";"";"";"";"";"";"";"";"";"";"";"";"";"";"";"";"";"";""
12.12.2022 21:11:12;1670875872000;880f01e687e2572cea04e80fc6a68085;1212713;OK;1791;0;0;0;0;-0,03;-8,82;0;0;567;717;"";56,197;8,43;486,68;64,6;20,918;0,86;1,488;0,21;16,331;1,82;5,883;10,75;7,295;10,94;8,024;11,0;1046,626;111,8;321,484;41,29;29,433;12,92;1,091;10,03;0,934;10,0;0,069;10,0;2,048;20,51;0,54;20,295;3,63;3,628;0,6;-2,882;2,24;951,1459;1,0;"";"";31,29;2,46;104,344;13,96;"";"";13,0;20,0;13,0;"";"";"";"";"";"";"";"";"";"";"";"";"";"";"";"";"";"";"";"";"";"";"";"";"";"";"";"";"";"";"";"";"";"";"";"";"";"";"";"";"";"";"";"";"";"";"";"";"";"";"";"";"";"";"";"";"";"";"";"";"";"";"";"";""
12.12.2022 21:13:11;1670875991000;880f01e687e2572cea04e80fc6a68085;1212832;OK;1804;0;0;0;0;0,01;-10,23;0;0;567;717;"";55,687;8,35;486,27;64,59;20,915;0,86;1,487;0,21;16,077;1,81;5,918;10,8;7,356;10,99;8,438;11,0;1022,158;109,38;313,831;40,46;30,872;13,05;2,227;10,22;1,019;10,0;0,007;10,0;2,346;20,508;0,54;20,292;3,63;3,627;0,6;-2,887;2,24;951,157;1,0;"";"";31,343;2,46;103,32;13,91;"";"";13,0;20,0;13,0;"";"";"";"";"";"";"";"";"";"";"";"";"";"";"";"";"";"";"";"";"";"";"";"";"";"";"";"";"";"";"";"";"";"";"";"";"";"";"";"";"";"";"";"";"";"";"";"";"";"";"";"";"";"";"";"";"";"";"";"";"";"";"";"";""
12.12.2022 21:15:12;1670876112000;880f01e687e2572cea04e80fc6a68085;1212952;OK;1795;0;0;0;0;-0,01;-2,17;0;0;567;717;"";56,062;8,41;486,923;64,61;20,916;0,86;1,488;0,21;15,773;1,79;6,563;10,98;7,994;11,0;9,187;11,0;1126,514;119,51;348,531;43,9;34,776;13,33;1,588;10,18;1,463;10,16;0,502;10,0;2,318;20,499;0,54;20,295;3,63;3,626;0,6;-2,891;2,24;951,17;1,0;"";"";31,2;2,46;102,64;13,87;"";"";13,342;19,83;27,4;"";"";"";"";"";"";"";"";"";"";"";"";"";"";"";"";"";"";"";"";"";"";"";"";"";"";"";"";"";"";"";"";"";"";"";"";"";"";"";"";"";"";"";"";"";"";"";"";"";"";"";"";"";"";"";"";"";"";"";"";"";"";"";"";""
12.12.2022 21:17:13;1670876233000;880f01e687e2572cea04e80fc6a68085;1213073;OK;1788;0;0;0;0;-0,01;-0,95;0;0;567;718;"";57,97;8,7;485,87;64,58;20,917;0,86;1,488;0,21;15,663;1,78;5,941;10,66;7,014;10,78;7,701;10,84;1051,557;112,33;322,414;41,34;24,259;12,3;1,189;10,07;0,854;10,06;0,216;10,0;1,892;20,5;0,54;20,295;3,63;3,626;0,6;-2,891;2,24;951,177;1,0;"";"";31,049;2,45;101,48;13,81;"";"";13,149;19,92;40,8;"";"";"";"";"";"";"";"";"";"";"";"";"";"";"";"";"";"";"";"";"";"";"";"";"";"";"";"";"";"";"";"";"";"";"";"";"";"";"";"";"";"";"";"";"";"";"";"";"";"";"";"";"";"";"";"";"";"";"";"";"";"";"";"";""
12.12.2022 21:19:14;1670876354000;880f01e687e2572cea04e80fc6a68085;1213194;OK;1802;0;0;0;0;-0,04;-4,59;0;0;565;718;"";55,511;8,33;484,837;64,55;20,914;0,86;1,487;0,21;15,552;1,78;6,357;10,91;8,402;10,98;9,264;10,98;1096,551;116,59;336,208;42,75;37,345;13,68;2,088;10,12;1,166;10,01;0,491;10,0;2,092;20,495;0,54;20,224;3,64;3,612;0,6;-2,942;2,25;951,168;1,0;"";"";30,949;2,44;100,259;13,75;"";"";15,402;19,22;74,6;"";"";"";"";"";"";"";"";"";"";"";"";"";"";"";"";"";"";"";"";"";"";"";"";"";"";"";"";"";"";"";"";"";"";"";"";"";"";"";"";"";"";"";"";"";"";"";"";"";"";"";"";"";"";"";"";"";"";"";"";"";"";"";"";""
12.12.2022 21:21:14;1670876474000;880f01e687e2572cea04e80fc6a68085;1213314;OK;1782;0;0;0;0;-0,06;-4,73;0;0;565;718;"";56,598;8,49;485,037;64,55;20,92;0,86;1,486;0,21;15,459;1,77;6,269;10,88;7,01;11,0;8,009;11,0;1089,938;115,91;334,352;42,53;25,203;12,47;1,237;10,04;1,142;10,03;0,273;10,0;2,187;20,481;0,54;20,197;3,64;3,605;0,6;-2,972;2,25;951,142;1,0;"";"";30,782;2,43;99,367;13,7;"";"";13,471;19,85;13,0;"";"";"";"";"";"";"";"";"";"";"";"";"";"";"";"";"";"";"";"";"";"";"";"";"";"";"";"";"";"";"";"";"";"";"";"";"";"";"";"";"";"";"";"";"";"";"";"";"";"";"";"";"";"";"";"";"";"";"";"";"";"";"";"";""
12.12.2022 21:23:13;1670876593000;880f01e687e2572cea04e80fc6a68085;1213433;OK;1824;0;0;0;0;-0,05;-0,18;0;0;565;718;"";57,459;8,62;485,326;64,56;20,919;0,86;1,485;0,21;15,393;1,77;6,572;10,93;7,714;11,0;8,841;11,0;1103,659;117,28;340,998;43,11;36,595;13,66;1,496;10,06;1,109;10,06;0,029;10,0;2,299;20,471;0,54;20,215;3,64;3,606;0,6;-2,968;2,25;951,1209;1,0;"";"";30,657;2,43;98,43101;13,65;"";"";13,05;19,98;13,0;"";"";"";"";"";"";"";"";"";"";"";"";"";"";"";"";"";"";"";"";"";"";"";"";"";"";"";"";"";"";"";"";"";"";"";"";"";"";"";"";"";"";"";"";"";"";"";"";"";"";"";"";"";"";"";"";"";"";"";"";"";"";"";"";""
12.12.2022 21:25:15;1670876715000;880f01e687e2572cea04e80fc6a68085;1213554;OK;1837;0;0;0;0;-0,01;1,8;0;0;565;719;"";55,207;8,28;485,077;64,55;20,92;0,86;1,485;0,21;15,338;1,77;7,051;10,9;8,126;11,0;8,457;11,0;1168,074;123,62;365,969;45,56;28,548;12,82;0,6690001;10,03;0,367;10,01;0,003;10,0;1,547;20,452;0,54;20,219;3,64;3,602;0,6;-2,981;2,25;951,11;1,0;"";"";30,58;2,42;97,967;13,63;"";"";13,005;20,0;13,0;"";"";"";"";"";"";"";"";"";"";"";"";"";"";"";"";"";"";"";"";"";"";"";"";"";"";"";"";"";"";"";"";"";"";"";"";"";"";"";"";"";"";"";"";"";"";"";"";"";"";"";"";"";"";"";"";"";"";"";"";"";"";"";"";""
12.12.2022 21:27:14;1670876834000;880f01e687e2572cea04e80fc6a68085;1213675;OK;1792;0;0;0;0;0,02;5,66;0;0;566;717;"";56,299;8,44;487,755;64,63;20,92;0,86;1,485;0,21;15,419;1,77;6,386;10,76;7,438;11,0;8,806;11,0;1037,022;110,91;320,716;41,17;28,786;12,86;2,229;10,24;1,297;10,0;0,0;10,0;2,489;20,433;0,54;20,287;3,64;3,611;0,6;-2,951;2,24;951,101;1,0;"";"";30,6;2,42;98,215;13,64;"";"";13,057;19,97;28,2;"";"";"";"";"";"";"";"";"";"";"";"";"";"";"";"";"";"";"";"";"";"";"";"";"";"";"";"";"";"";"";"";"";"";"";"";"";"";"";"";"";"";"";"";"";"";"";"";"";"";"";"";"";"";"";"";"";"";"";"";"";"";"";"";""
12.12.2022 21:29:15;1670876955000;880f01e687e2572cea04e80fc6a68085;1213796;OK;1798;0;0;0;0;0,0;0,8;0;0;566;719;"";54,325;8,15;486,027;64,58;20,921;0,86;1,484;0,21;15,339;1,77;6,271;10,84;7,853;11,0;8,551;11,0;1017,714;108,95;319,477;41,07;32,725;13,26;1,768;10,15;0,5809999;10,0;0,0;10,0;1,95;20,418;0,54;20,283;3,64;3,607;0,6;-2,966;2,24;951,104;1,0;"";"";30,606;2,42;98,237;13,65;"";"";13,006;20,0;13,0;"";"";"";"";"";"";"";"";"";"";"";"";"";"";"";"";"";"";"";"";"";"";"";"";"";"";"";"";"";"";"";"";"";"";"";"";"";"";"";"";"";"";"";"";"";"";"";"";"";"";"";"";"";"";"";"";"";"";"";"";"";"";"";"";""
12.12.2022 21:31:16;1670877076000;880f01e687e2572cea04e80fc6a68085;1213916;OK;1795;0;0;0;0;0,01;-9,5;0;0;567;722;"";53,149;7,97;482,484;64,47;20,914;0,86;1,485;0,21;15,477;1,77;6,046;10,83;7,433;11,0;8,12;11,0;1055,1;112,58;330,394;42,12;29,491;12,94;2,222;10,18;1,057;10,0;0,0;10,0;1,965;20,415;0,54;20,304;3,64;3,61;0,6;-2,955;2,24;951,118;1,0;"";"";30,612;2,43;99,446;13,71;"";"";13,001;20,0;13,0;"";"";"";"";"";"";"";"";"";"";"";"";"";"";"";"";"";"";"";"";"";"";"";"";"";"";"";"";"";"";"";"";"";"";"";"";"";"";"";"";"";"";"";"";"";"";"";"";"";"";"";"";"";"";"";"";"";"";"";"";"";"";"";"";""
12.12.2022 21:33:17;1670877197000;880f01e687e2572cea04e80fc6a68085;1214037;OK;1795;0;0;0;0;-0,04;-12,76;0;0;565;720;"";53,279;7,99;483,581;64,51;20,921;0,86;1,485;0,21;15,59;1,78;6,241;10,87;8,241;10,98;9,208;10,98;1098,872;116,78;344,043;43,49;38,961;13,81;2,507;10,25;1,431;10,0;0,0;10,0;2,146;20,427;0,54;20,21;3,64;3,595;0,6;-3,008;2,25;951,123;1,0;"";"";30,684;2,43;102,103;13,85;"";"";13,0;20,0;13,0;"";"";"";"";"";"";"";"";"";"";"";"";"";"";"";"";"";"";"";"";"";"";"";"";"";"";"";"";"";"";"";"";"";"";"";"";"";"";"";"";"";"";"";"";"";"";"";"";"";"";"";"";"";"";"";"";"";"";"";"";"";"";"";"";""
12.12.2022 21:35:17;1670877317000;880f01e687e2572cea04e80fc6a68085;1214157;OK;1784;0;0;0;0;-0,04;-8,74;0;0;564;722;"";52,556;7,88;481,394;64,44;20,921;0,86;1,485;0,21;15,728;1,79;6,678;10,97;8,008;11,0;9,26;11,0;1152,86;122,14;364,517;45,46;31,236;13,04;2,468;10,24;1,727;10,14;0,468;10,0;2,329;20,445;0,54;20,186;3,64;3,595;0,6;-3,009;2,25;951,108;1,0;"";"";30,598;2,42;103,442;13,92;"";"";13,0;20,0;13,0;"";"";"";"";"";"";"";"";"";"";"";"";"";"";"";"";"";"";"";"";"";"";"";"";"";"";"";"";"";"";"";"";"";"";"";"";"";"";"";"";"";"";"";"";"";"";"";"";"";"";"";"";"";"";"";"";"";"";"";"";"";"";"";"";""
12.12.2022 21:37:18;1670877438000;880f01e687e2572cea04e80fc6a68085;1214278;OK;1797;0;0;0;0;-0,03;-10,8;0;0;564;724;"";52,685;7,9;478,479;64,35;20,917;0,86;1,485;0,21;15,734;1,79;6,886;11,0;7,811;11,0;8,022;11,0;1105,051;117,46;341,806;43,33;19,884;11,99;0,46;10,05;0,211;10,01;0,081;10,0;1,35;20,464;0,54;20,178;3,64;3,598;0,6;-2,998;2,25;951,0819;1,0;"";"";30,592;2,42;104,499;13,97;"";"";13,0;20,0;13,0;"";"";"";"";"";"";"";"";"";"";"";"";"";"";"";"";"";"";"";"";"";"";"";"";"";"";"";"";"";"";"";"";"";"";"";"";"";"";"";"";"";"";"";"";"";"";"";"";"";"";"";"";"";"";"";"";"";"";"";"";"";"";"";"";""
12.12.2022 21:39:19;1670877559000;880f01e687e2572cea04e80fc6a68085;1214399;OK;1796;0;0;0;0;-0,01;-17,79;0;0;562;723;"";50,844;7,63;476,744;64,3;20,914;0,86;1,485;0,21;15,463;1,77;5,999;10,66;6,995;10,94;7,458;10,98;1051,964;112,32;325,892;41,69;24,887;12,49;1,32;10,05;0,323;10,0;0,008;10,0;1,702;20,483;0,54;20,09;3,64;3,586;0,6;-3,042;2,26;951,065;1,0;"";"";30,624;2,43;104,307;13,96;"";"";13,0;20,0;13,0;"";"";"";"";"";"";"";"";"";"";"";"";"";"";"";"";"";"";"";"";"";"";"";"";"";"";"";"";"";"";"";"";"";"";"";"";"";"";"";"";"";"";"";"";"";"";"";"";"";"";"";"";"";"";"";"";"";"";"";"";"";"";"";"";""
12.12.2022 21:41:20;1670877680000;880f01e687e2572cea04e80fc6a68085;1214520;OK;1803;0;0;0;0;-0,04;-12,32;0;0;562;723;"";52,862;7,93;476,231;64,29;20,915;0,86;1,485;0,21;15,231;1,76;6,721;10,88;8,754;10,99;9,024;11,0;1160,601;122,9;358,558;44,87;28,659;12,83;2,483;10,21;0,349;10,0;0,001;10,0;1,579;20,487;0,54;20,08;3,64;3,585;0,6;-3,045;2,27;951,061;1,0;"";"";30,692;2,43;103,151;13,9;"";"";13,0;20,0;13,0;"";"";"";"";"";"";"";"";"";"";"";"";"";"";"";"";"";"";"";"";"";"";"";"";"";"";"";"";"";"";"";"";"";"";"";"";"";"";"";"";"";"";"";"";"";"";"";"";"";"";"";"";"";"";"";"";"";"";"";"";"";"";"";"";""
12.12.2022 21:43:21;1670877801000;880f01e687e2572cea04e80fc6a68085;1214641;OK;1801;0;0;0;0;-0,05;-8,96;0;0;561;723;"";53,498;8,02;474,93;64,25;20,922;0,86;1,485;0,21;15,046;1,75;6,399;10,76;7,324;10,98;7,734;11,0;1095,852;116,54;340,987;43,19;23,327;12,19;0,83;10,02;0,61;10,0;0,0;10,0;1,653;20,491;0,54;20,055;3,64;3,581;0,6;-3,058;2,27;951,054;1,0;"";"";30,755;2,43;102,257;13,85;"";"";13,0;20,0;13,0;"";"";"";"";"";"";"";"";"";"";"";"";"";"";"";"";"";"";"";"";"";"";"";"";"";"";"";"";"";"";"";"";"";"";"";"";"";"";"";"";"";"";"";"";"";"";"";"";"";"";"";"";"";"";"";"";"";"";"";"";"";"";"";"";""
12.12.2022 21:45:20;1670877920000;880f01e687e2572cea04e80fc6a68085;1214760;OK;1793;0;0;0;0;-0,02;-5,44;0;0;561;723;"";51,173;7,68;475,708;64,27;20,919;0,86;1,485;0,21;14,794;1,74;6,238;10,79;7,291;11,0;8,294;11,0;1034,996;110,66;324,28;41,58;33,537;13,28;1,843;10,06;1,298;10,0;0,0;10,0;2,255;20,479;0,54;20,053;3,64;3,578;0,6;-3,069;2,27;951,0349;1,0;"";"";30,739;2,43;100,643;13,77;"";"";13,0;20,0;13,0;"";"";"";"";"";"";"";"";"";"";"";"";"";"";"";"";"";"";"";"";"";"";"";"";"";"";"";"";"";"";"";"";"";"";"";"";"";"";"";"";"";"";"";"";"";"";"";"";"";"";"";"";"";"";"";"";"";"";"";"";"";"";"";"";""
12.12.2022 21:47:21;1670878041000;880f01e687e2572cea04e80fc6a68085;1214881;OK;1798;0;0;0;0;-0,03;-2,97;0;0;561;723;"";48,176;7,23;475,045;64,25;20,915;0,86;1,485;0,21;14,588;1,73;6,004;10,77;7,783;11,0;9,288;11,0;1104,462;117,41;341,059;43,22;33,695;13,31;2,401;10,22;1,764;10,14;0,636;10,0;2,682;20,46;0,54;20,041;3,64;3,572;0,6;-3,093;2,27;951,011;1,0;"";"";30,696;2,43;99,025;13,69;"";"";13,0;20,0;13,0;"";"";"";"";"";"";"";"";"";"";"";"";"";"";"";"";"";"";"";"";"";"";"";"";"";"";"";"";"";"";"";"";"";"";"";"";"";"";"";"";"";"";"";"";"";"";"";"";"";"";"";"";"";"";"";"";"";"";"";"";"";"";"";"";""
12.12.2022 21:49:22;1670878162000;880f01e687e2572cea04e80fc6a68085;1215002;OK;1795;0;0;0;0;-0,04;0,9599999;0;0;560;723;"";48,536;7,28;475,223;64,26;20,92;0,86;1,485;0,21;14,524;1,72;6,714;10,94;9,044;11,0;10,518;11,0;1126,924;119,64;350,087;44,04;38,641;13,88;4,045;10,34;1,915;10,05;0,628;10,0;2,57;20,442;0,54;20,011;3,64;3,563;0,6;-3,128;2,27;951,005;1,0;"";"";30,518;2,42;97,681;13,62;"";"";13,0;20,0;13,0;"";"";"";"";"";"";"";"";"";"";"";"";"";"";"";"";"";"";"";"";"";"";"";"";"";"";"";"";"";"";"";"";"";"";"";"";"";"";"";"";"";"";"";"";"";"";"";"";"";"";"";"";"";"";"";"";"";"";"";"";"";"";"";"";""
12.12.2022 21:51:23;1670878283000;880f01e687e2572cea04e80fc6a68085;1215124;OK;1804;0;0;0;0;-0,05;-4,26;0;0;560;723;"";46,866;7,03;474,094;64,22;20,922;0,86;1,485;0,21;14,469;1,72;6,962;10,96;8,518;11,0;9,92;11,0;1147,809;121,59;358,296;44,77;36,202;13,59;2,145;10,08;1,708;10,05;0,229;10,0;2,471;20,417;0,54;20,032;3,64;3,562;0,6;-3,135;2,27;950,993;1,0;"";"";30,42;2,41;97,14801;13,59;"";"";13,0;20,0;13,0;"";"";"";"";"";"";"";"";"";"";"";"";"";"";"";"";"";"";"";"";"";"";"";"";"";"";"";"";"";"";"";"";"";"";"";"";"";"";"";"";"";"";"";"";"";"";"";"";"";"";"";"";"";"";"";"";"";"";"";"";"";"";"";"";""
12.12.2022 21:53:24;1670878404000;880f01e687e2572cea04e80fc6a68085;1215244;OK;1793;0;0;0;0;-0,03;-3,93;0;0;561;723;"";45,979;6,9;474,495;64,23;20,921;0,86;1,484;0,21;14,552;1,73;6,481;10,94;8,2;11,0;9,328;11,0;1068,954;114,0;329,81;42,04;31,209;13,08;1,832;10,06;1,492;10,0;0,024;10,0;2,331;20,403;0,54;20,054;3,64;3,563;0,6;-3,131;2,27;950,989;1,0;"";"";30,332;2,41;96,92801;13,58;"";"";13,0;20,0;13,0;"";"";"";"";"";"";"";"";"";"";"";"";"";"";"";"";"";"";"";"";"";"";"";"";"";"";"";"";"";"";"";"";"";"";"";"";"";"";"";"";"";"";"";"";"";"";"";"";"";"";"";"";"";"";"";"";"";"";"";"";"";"";"";"";""
12.12.2022 21:55:23;1670878523000;880f01e687e2572cea04e80fc6a68085;1215364;OK;1820;0;0;0;0;-0,01;-12,03;0;0;561;724;"";45,545;6,83;470,101;64,1;20,921;0,86;1,484;0,21;14,658;1,73;6,294;10,87;7,684;11,0;8,948;11,0;1159,292;122,78;359,878;45,07;29,342;12,83;2,985;10,26;1,048;10,0;0,003;10,0;2,424;20,391;0,54;20,061;3,64;3,562;0,6;-3,137;2,27;950,995;1,0;"";"";30,298;2,41;96,81;13,57;"";"";13,0;20,0;13,0;"";"";"";"";"";"";"";"";"";"";"";"";"";"";"";"";"";"";"";"";"";"";"";"";"";"";"";"";"";"";"";"";"";"";"";"";"";"";"";"";"";"";"";"";"";"";"";"";"";"";"";"";"";"";"";"";"";"";"";"";"";"";"";"";""
12.12.2022 21:57:24;1670878644000;880f01e687e2572cea04e80fc6a68085;1215485;OK;1807;0;0;0;0;-0,01;-15,84;0;0;560;723;"";46,653;7,0;468,978;64,07;20,92;0,86;1,484;0,21;14,742;1,74;7,169;10,99;8,962;11,0;9,392;11,0;1150,57;121,89;361,097;45,1;38,032;13,77;1,862;10,17;0,458;10,0;0,0;10,0;1,686;20,386;0,54;20,027;3,64;3,554;0,6;-3,165;2,27;950,997;1,0;"";"";30,278;2,41;98,16401;13,64;"";"";13,0;20,0;13,0;"";"";"";"";"";"";"";"";"";"";"";"";"";"";"";"";"";"";"";"";"";"";"";"";"";"";"";"";"";"";"";"";"";"";"";"";"";"";"";"";"";"";"";"";"";"";"";"";"";"";"";"";"";"";"";"";"";"";"";"";"";"";"";"";""
12.12.2022 21:59:24;1670878764000;880f01e687e2572cea04e80fc6a68085;1215604;OK;1793;0;0;0;0;-0,03;-16,1;0;0;560;723;"";44,294;6,64;467,544;64,03;20,921;0,86;1,483;0,21;14,877;1,74;7,472;11,0;8,897;11,0;10,637;11,0;1137,307;120,56;362,466;45,26;34,004;13,33;4,298;10,42;2,847;10,39;0,0;10,0;2,484;20,404;0,54;20,014;3,64;3,556;0,6;-3,158;2,27;950,978;1,0;"";"";30,365;2,41;100,859;13,78;"";"";13,0;20,0;13,0;"";"";"";"";"";"";"";"";"";"";"";"";"";"";"";"";"";"";"";"";"";"";"";"";"";"";"";"";"";"";"";"";"";"";"";"";"";"";"";"";"";"";"";"";"";"";"";"";"";"";"";"";"";"";"";"";"";"";"";"";"";"";"";"";""
12.12.2022 22:01:24;1670878884000;880f01e687e2572cea04e80fc6a68085;1215724;OK;1800;0;0;0;0;-0,03;-12,26;0;0;558;723;"";42,401;6,36;465,151;63,95;20,923;0,86;1,483;0,21;14,95;1,75;6,7;10,91;8,285;11,0;9,107;11,0;1111,776;118,08;347,26;43,78;31,823;13,13;1,993;10,08;0,665;10,06;0,0;10,0;1,992;20,436;0,54;19,948;3,64;3,551;0,6;-3,176;2,28;950,96;1,0;"";"";30,513;2,42;103,821;13,93;"";"";13,0;20,0;13,0;"";"";"";"";"";"";"";"";"";"";"";"";"";"";"";"";"";"";"";"";"";"";"";"";"";"";"";"";"";"";"";"";"";"";"";"";"";"";"";"";"";"";"";"";"";"";"";"";"";"";"";"";"";"";"";"";"";"";"";"";"";"";"";"";""
12.12.2022 22:03:25;1670879005000;880f01e687e2572cea04e80fc6a68085;1215845;OK;1795;0;0;0;0;-0,03;-6,44;0;0;556;722;"";43,265;6,49;466,738;64,0;20,926;0,86;1,484;0,21;14,999;1,75;6,267;10,72;7,616;11,0;7,912;11,0;1112,215;118,19;341,235;43,15;29,285;12,9;0,992;10,01;0,069;10,01;0,0;10,0;1,558;20,469;0,54;19,873;3,65;3,544;0,6;-3,199;2,29;950,955;1,0;"";"";30,674;2,43;105,043;14,0;"";"";13,0;20,0;13,0;"";"";"";"";"";"";"";"";"";"";"";"";"";"";"";"";"";"";"";"";"";"";"";"";"";"";"";"";"";"";"";"";"";"";"";"";"";"";"";"";"";"";"";"";"";"";"";"";"";"";"";"";"";"";"";"";"";"";"";"";"";"";"";"";""
12.12.2022 22:05:24;1670879124000;880f01e687e2572cea04e80fc6a68085;1215964;OK;1823;0;0;0;0;-0,05;0,12;0;0;554;721;"";41,51;6,23;467,811;64,03;20,922;0,86;1,484;0,21;14,903;1,74;6,834;10,94;7,915;11,0;9,34;11,0;1099,817;116,93;343,22;43,38;27,343;12,65;2,073;10,17;1,605;10,08;0,362;10,0;2,435;20,495;0,54;19,809;3,65;3,538;0,6;-3,221;2,3;950,965;1,0;"";"";30,83;2,44;105,542;14,02;"";"";13,0;20,0;13,0;"";"";"";"";"";"";"";"";"";"";"";"";"";"";"";"";"";"";"";"";"";"";"";"";"";"";"";"";"";"";"";"";"";"";"";"";"";"";"";"";"";"";"";"";"";"";"";"";"";"";"";"";"";"";"";"";"";"";"";"";"";"";"";"";""
12.12.2022 22:07:25;1670879245000;880f01e687e2572cea04e80fc6a68085;1216085;OK;1797;0;0;0;0;-0,06;2,17;0;0;553;720;"";41,005;6,15;466,487;63,99;20,924;0,86;1,484;0,21;14,719;1,73;6,232;10,85;7,17;11,0;8,296;11,0;1064,654;113,49;331,93;42,39;22,45;12,15;2,01;10,02;1,623;10,01;0,843;10,0;2,334;20,509;0,54;19,747;3,65;3,53;0,6;-3,251;2,31;950,97;1,0;"";"";30,75;2,43;105,414;14,02;"";"";13,0;20,0;13,0;"";"";"";"";"";"";"";"";"";"";"";"";"";"";"";"";"";"";"";"";"";"";"";"";"";"";"";"";"";"";"";"";"";"";"";"";"";"";"";"";"";"";"";"";"";"";"";"";"";"";"";"";"";"";"";"";"";"";"";"";"";"";"";"";""
12.12.2022 22:09:25;1670879365000;880f01e687e2572cea04e80fc6a68085;1216205;OK;1786;0;0;0;0;-0,04;-7,64;0;0;552;720;"";42,808;6,42;465,354;63,96;20,927;0,86;1,485;0,21;14,497;1,72;7,64;10,99;8,408;11,0;9,283;11,0;1168,995;123,65;363,292;45,36;25,097;12,44;1,266;10,0;1,226;10,0;0,087;10,0;1,952;20,518;0,54;19,736;3,65;3,53;0,6;-3,251;2,31;950,965;1,0;"";"";30,623;2,43;104,532;13,97;"";"";13,0;20,0;13,0;"";"";"";"";"";"";"";"";"";"";"";"";"";"";"";"";"";"";"";"";"";"";"";"";"";"";"";"";"";"";"";"";"";"";"";"";"";"";"";"";"";"";"";"";"";"";"";"";"";"";"";"";"";"";"";"";"";"";"";"";"";"";"";"";""
12.12.2022 22:11:26;1670879486000;880f01e687e2572cea04e80fc6a68085;1216326;OK;1795;0;0;0;0;-0,04;-10,11;0;0;551;719;"";42,633;6,39;465,003;63,95;20,922;0,86;1,485;0,21;14,198;1,71;7,257;11,0;8,45;11,0;8,761;11,0;1157,24;122,53;359,098;44,93;31,69;13,07;0,422;10,0;0,418;10,0;0,009;10,0;1,504;20,52;0,54;19,686;3,65;3,521;0,61;-3,284;2,32;950,962;1,0;"";"";30,521;2,42;103,53;13,92;"";"";13,0;20,0;13,0;"";"";"";"";"";"";"";"";"";"";"";"";"";"";"";"";"";"";"";"";"";"";"";"";"";"";"";"";"";"";"";"";"";"";"";"";"";"";"";"";"";"";"";"";"";"";"";"";"";"";"";"";"";"";"";"";"";"";"";"";"";"";"";"";""
12.12.2022 22:13:27;1670879607000;880f01e687e2572cea04e80fc6a68085;1216448;OK;1788;0;0;0;0;-0,04;-6,01;0;0;551;719;"";41,123;6,17;463,557;63,91;20,922;0,86;1,485;0,21;13,795;1,69;7,047;11,0;8,093;11,0;8,929;11,0;1175,552;124,34;367,553;45,78;25,902;12,59;1,354;10,0;1,353;10,0;0,001;10,0;1,993;20,515;0,54;19,68;3,65;3,519;0,61;-3,292;2,32;950,966;1,0;"";"";30,472;2,42;101,775;13,83;"";"";13,0;20,0;13,0;"";"";"";"";"";"";"";"";"";"";"";"";"";"";"";"";"";"";"";"";"";"";"";"";"";"";"";"";"";"";"";"";"";"";"";"";"";"";"";"";"";"";"";"";"";"";"";"";"";"";"";"";"";"";"";"";"";"";"";"";"";"";"";"";""
12.12.2022 22:15:27;1670879727000;880f01e687e2572cea04e80fc6a68085;1216568;OK;1792;0;0;0;0;-0,04;-5,32;0;0;551;720;"";40,788;6,12;462,921;63,89;20,925;0,86;1,484;0,21;13,531;1,67;7,103;11,0;8,102;11,0;8,979;11,0;1145,442;121,36;349,412;43,96;25,085;12,47;2,248;10,1;1,439;10,04;0,184;10,0;2,001;20,499;0,54;19,683;3,65;3,516;0,6;-3,303;2,32;950,968;1,0;"";"";30,455;2,42;99,664;13,72;"";"";13,0;20,0;13,0;"";"";"";"";"";"";"";"";"";"";"";"";"";"";"";"";"";"";"";"";"";"";"";"";"";"";"";"";"";"";"";"";"";"";"";"";"";"";"";"";"";"";"";"";"";"";"";"";"";"";"";"";"";"";"";"";"";"";"";"";"";"";"";"";""
12.12.2022 22:17:27;1670879847000;880f01e687e2572cea04e80fc6a68085;1216688;OK;1780;0;0;0;0;-0,02;-8,56;0;0;551;720;"";40,251;6,04;461,077;63,83;20,927;0,86;1,484;0,21;13,464;1,67;6,81;10,92;7,946;11,0;9,713;11,0;1142,108;120,99;353,888;44,37;32,171;13,23;2,696;10,24;2,543;10,23;0,179;10,0;2,785;20,477;0,54;19,684;3,65;3,512;0,6;-3,321;2,32;950,962;1,0;"";"";30,359;2,41;98,46;13,65;"";"";13,0;20,0;13,0;"";"";"";"";"";"";"";"";"";"";"";"";"";"";"";"";"";"";"";"";"";"";"";"";"";"";"";"";"";"";"";"";"";"";"";"";"";"";"";"";"";"";"";"";"";"";"";"";"";"";"";"";"";"";"";"";"";"";"";"";"";"";"";"";""
12.12.2022 22:19:29;1670879969000;880f01e687e2572cea04e80fc6a68085;1216809;OK;1805;0;0;0;0;-0,03;-7,8;0;0;551;720;"";39,307;5,9;461,031;63,83;20,926;0,86;1,484;0,21;13,521;1,67;6,001;10,71;7,162;10,99;8,512;11,0;1028,283;109,97;318,942;41,03;28,757;12,86;2,017;10,02;1,669;10,02;0,486;10,0;2,591;20,456;0,54;19,7;3,65;3,511;0,6;-3,327;2,31;950,9399;1,0;"";"";30,019;2,39;97,57701;13,61;"";"";13,0;20,0;13,0;"";"";"";"";"";"";"";"";"";"";"";"";"";"";"";"";"";"";"";"";"";"";"";"";"";"";"";"";"";"";"";"";"";"";"";"";"";"";"";"";"";"";"";"";"";"";"";"";"";"";"";"";"";"";"";"";"";"";"";"";"";"";"";"";""
12.12.2022 22:21:30;1670880090000;880f01e687e2572cea04e80fc6a68085;1216930;OK;1802;0;0;0;0;0,01;-7,56;0;0;553;721;"";39,556;5,93;460,504;63,82;20,926;0,86;1,483;0,21;13,565;1,67;7,142;10,97;8,206;11,0;9,459;11,0;1140,281;120,84;357,26;44,7;36,479;13,65;1,795;10,13;0,971;10,01;0,095;10,0;2,312;20,438;0,54;19,786;3,65;3,522;0,6;-3,284;2,3;950,922;1,0;"";"";29,833;2,38;96,813;13,57;"";"";13,0;20,0;13,0;"";"";"";"";"";"";"";"";"";"";"";"";"";"";"";"";"";"";"";"";"";"";"";"";"";"";"";"";"";"";"";"";"";"";"";"";"";"";"";"";"";"";"";"";"";"";"";"";"";"";"";"";"";"";"";"";"";"";"";"";"";"";"";"";""
12.12.2022 22:23:29;1670880209000;880f01e687e2572cea04e80fc6a68085;1217049;OK;1817;0;0;0;0;0,01;-6,94;0;0;552;721;"";38,75;5,81;459,583;63,79;20,924;0,86;1,483;0,21;13,597;1,68;7,292;10,97;8,929;11,0;10,278;11,0;1213,062;127,97;379,82;46,93;39,587;13,92;2,095;10,14;1,312;10,06;0,656;10,0;2,391;20,418;0,54;19,75;3,65;3,512;0,6;-3,325;2,31;950,917;1,0;"";"";29,713;2,38;96,156;13,54;"";"";13,0;20,0;13,0;"";"";"";"";"";"";"";"";"";"";"";"";"";"";"";"";"";"";"";"";"";"";"";"";"";"";"";"";"";"";"";"";"";"";"";"";"";"";"";"";"";"";"";"";"";"";"";"";"";"";"";"";"";"";"";"";"";"";"";"";"";"";"";"";""
12.12.2022 22:25:30;1670880330000;880f01e687e2572cea04e80fc6a68085;1217170;OK;1803;0;0;0;0;0,01;-6,06;0;0;554;722;"";36,63;5,49;459,866;63,8;20,929;0,86;1,482;0,21;13,66;1,68;7,472;10,98;8,673;11,0;10,278;11,0;1225,904;129,18;389,427;47,89;35,602;13,49;2,054;10,11;1,973;10,1;0,268;10,0;2,548;20,394;0,54;19,802;3,65;3,516;0,6;-3,309;2,3;950,918;1,0;"";"";29,699;2,38;95,491;13,5;"";"";12,765;20,94;13,0;"";"";"";"";"";"";"";"";"";"";"";"";"";"";"";"";"";"";"";"";"";"";"";"";"";"";"";"";"";"";"";"";"";"";"";"";"";"";"";"";"";"";"";"";"";"";"";"";"";"";"";"";"";"";"";"";"";"";"";"";"";"";"";"";""
12.12.2022 22:27:31;1670880451000;880f01e687e2572cea04e80fc6a68085;1217292;OK;1796;0;0;0;0;-0,01;1,54;0;0;555;722;"";38,383;5,76;461,11;63,83;20,93;0,86;1,481;0,21;13,954;1,69;6,674;11,0;7,949;11,0;8,747;11,0;1065,336;113,59;333,558;42,42;26,943;12,64;0,9610001;10,06;0,953;10,06;0,028;10,0;1,972;20,374;0,54;19,819;3,65;3,515;0,6;-3,314;2,3;950,921;1,0;"";"";29,543;2,37;95,173;13,49;"";"";12,976;20,1;13,0;"";"";"";"";"";"";"";"";"";"";"";"";"";"";"";"";"";"";"";"";"";"";"";"";"";"";"";"";"";"";"";"";"";"";"";"";"";"";"";"";"";"";"";"";"";"";"";"";"";"";"";"";"";"";"";"";"";"";"";"";"";"";"";"";""
12.12.2022 22:29:32;1670880572000;880f01e687e2572cea04e80fc6a68085;1217412;OK;1799;0;0;0;0;-0,0;-3,0;0;0;555;722;"";37,737;5,66;457,95;63,74;20,925;0,86;1,481;0,21;14,201;1,71;7,219;10,99;8,045;11,0;8,913;11,0;1099,277;116,86;345,484;43,55;32,334;13,12;1,257;10,06;0,929;10,01;0,003;10,0;1,947;20,364;0,54;19,816;3,65;3,513;0,6;-3,324;2,3;950,9399;1,0;"";"";29,677;2,38;96,45801;13,55;"";"";12,997;20,01;13,0;"";"";"";"";"";"";"";"";"";"";"";"";"";"";"";"";"";"";"";"";"";"";"";"";"";"";"";"";"";"";"";"";"";"";"";"";"";"";"";"";"";"";"";"";"";"";"";"";"";"";"";"";"";"";"";"";"";"";"";"";"";"";"";"";""
12.12.2022 22:31:32;1670880692000;880f01e687e2572cea04e80fc6a68085;1217532;OK;1810;0;0;0;0;-0,01;-9,14;0;0;554;722;"";35,885;5,38;457,137;63,71;20,922;0,86;1,481;0,21;14,429;1,72;6,19;10,89;7,611;11,0;8,083;11,0;1050,402;112,15;324,213;41,49;24,659;12,36;1,729;10,2;0,745;10,03;0,0;10,0;1,76;20,376;0,54;19,8;3,65;3,512;0,6;-3,325;2,3;950,9569;1,0;"";"";29,709;2,38;98,97799;13,68;"";"";13,0;20,0;13,0;"";"";"";"";"";"";"";"";"";"";"";"";"";"";"";"";"";"";"";"";"";"";"";"";"";"";"";"";"";"";"";"";"";"";"";"";"";"";"";"";"";"";"";"";"";"";"";"";"";"";"";"";"";"";"";"";"";"";"";"";"";"";"";"";""
12.12.2022 22:33:32;1670880812000;880f01e687e2572cea04e80fc6a68085;1217652;OK;1825;0;0;0;0;-0,02;-8,53;0;0;552;721;"";35,464;5,32;457,763;63,73;20,921;0,86;1,482;0,21;14,657;1,73;6,593;10,95;7,625;11,0;8,721;11,0;1093,676;116,39;339,45;43,07;23,716;12,25;1,948;10,19;1,286;10,09;0,438;10,0;2,175;20,405;0,54;19,735;3,65;3,506;0,6;-3,346;2,31;950,952;1,0;"";"";29,76;2,38;102,293;13,86;"";"";13,0;20,0;13,0;"";"";"";"";"";"";"";"";"";"";"";"";"";"";"";"";"";"";"";"";"";"";"";"";"";"";"";"";"";"";"";"";"";"";"";"";"";"";"";"";"";"";"";"";"";"";"";"";"";"";"";"";"";"";"";"";"";"";"";"";"";"";"";"";""
12.12.2022 22:35:33;1670880933000;880f01e687e2572cea04e80fc6a68085;1217773;OK;1799;0;0;0;0;-0,04;1,39;0;0;550;721;"";34,506;5,18;458,196;63,75;20,924;0,86;1,481;0,21;14,801;1,74;7,097;10,9;8,19;11,0;9,554;11,0;1213,478;128,0;372,974;46,3;32,595;13,18;2,543;10,22;1,552;10,05;0,045;10,0;2,381;20,435;0,54;19,664;3,65;3,5;0,6;-3,369;2,32;950,9379;1,0;"";"";29,887;2,39;104,129;13,95;"";"";13,0;20,0;13,0;"";"";"";"";"";"";"";"";"";"";"";"";"";"";"";"";"";"";"";"";"";"";"";"";"";"";"";"";"";"";"";"";"";"";"";"";"";"";"";"";"";"";"";"";"";"";"";"";"";"";"";"";"";"";"";"";"";"";"";"";"";"";"";"";""
12.12.2022 22:37:33;1670881053000;880f01e687e2572cea04e80fc6a68085;1217894;OK;1797;0;0;0;0;-0,06;5,17;0;0;549;720;"";33,216;4,98;459,888;63,8;20,926;0,86;1,482;0,21;14,766;1,74;7,444;10,93;8,628;11,0;9,167;11,0;1211,776;127,81;382,512;47,21;30,907;13,07;0,63;10,08;0,527;10,07;0,188;10,0;1,712;20,457;0,54;19,609;3,65;3,495;0,6;-3,389;2,33;950,9459;1,0;"";"";29,841;2,38;105,446;14,02;"";"";13,0;20,0;13,0;"";"";"";"";"";"";"";"";"";"";"";"";"";"";"";"";"";"";"";"";"";"";"";"";"";"";"";"";"";"";"";"";"";"";"";"";"";"";"";"";"";"";"";"";"";"";"";"";"";"";"";"";"";"";"";"";"";"";"";"";"";"";"";"";""
12.12.2022 22:39:35;1670881175000;880f01e687e2572cea04e80fc6a68085;1218015;OK;1796;0;0;0;0;-0,05;-2,34;0;0;548;719;"";32,727;4,91;457,111;63,71;20,926;0,86;1,483;0,21;14,681;1,73;6,842;10,99;7,933;11,0;8,278;11,0;1095,156;116,47;342,74;43,3;27,439;12,64;0,492;10,02;0,287;10,01;0,252;10,0;1,504;20,477;0,54;19,566;3,65;3,491;0,6;-3,401;2,33;950,9569;1,0;"";"";29,833;2,38;106,455;14,07;"";"";13,0;20,0;13,0;"";"";"";"";"";"";"";"";"";"";"";"";"";"";"";"";"";"";"";"";"";"";"";"";"";"";"";"";"";"";"";"";"";"";"";"";"";"";"";"";"";"";"";"";"";"";"";"";"";"";"";"";"";"";"";"";"";"";"";"";"";"";"";"";""
12.12.2022 22:41:36;1670881296000;880f01e687e2572cea04e80fc6a68085;1218136;OK;1798;0;0;0;0;-0,02;-13,15;0;0;548;719;"";35,04;5,26;454,524;63,64;20,925;0,86;1,483;0,21;14,528;1,72;6,791;11,0;7,979;11,0;9,189;11,0;1160,65;122,86;359,926;45,02;32,599;13,12;1,936;10,03;1,915;10,03;0,026;10,0;2,345;20,5;0,54;19,559;3,65;3,495;0,61;-3,387;2,33;950,9489;1,0;"";"";29,73;2,38;106,04;14,05;"";"";13,0;20,0;13,0;"";"";"";"";"";"";"";"";"";"";"";"";"";"";"";"";"";"";"";"";"";"";"";"";"";"";"";"";"";"";"";"";"";"";"";"";"";"";"";"";"";"";"";"";"";"";"";"";"";"";"";"";"";"";"";"";"";"";"";"";"";"";"";"";""
12.12.2022 22:43:35;1670881415000;880f01e687e2572cea04e80fc6a68085;1218256;OK;1805;0;0;0;0;0,01;-12,1;0;0;548;719;"";33,963;5,09;455,336;63,66;20,926;0,86;1,483;0,21;14,224;1,71;7,04;11,0;8,382;11,0;9,019;11,0;1133,6;120,17;350,247;44,04;32,575;13,18;1,648;10,07;0,84;10,0;0,003;10,0;1,849;20,507;0,54;19,556;3,65;3,495;0,61;-3,383;2,33;950,935;1,0;"";"";29,907;2,39;104,839;13,99;"";"";13,0;20,0;13,0;"";"";"";"";"";"";"";"";"";"";"";"";"";"";"";"";"";"";"";"";"";"";"";"";"";"";"";"";"";"";"";"";"";"";"";"";"";"";"";"";"";"";"";"";"";"";"";"";"";"";"";"";"";"";"";"";"";"";"";"";"";"";"";"";""
12.12.2022 22:45:36;1670881536000;880f01e687e2572cea04e80fc6a68085;1218376;OK;1794;0;0;0;0;0,01;-2,11;0;0;548;719;"";33,768;5,07;455,143;63,65;20,926;0,86;1,483;0,21;13,949;1,69;7,11;11,0;8,586;11,0;9,081;11,0;1139,072;120,75;353,02;44,24;32,16;13,14;0,838;10,01;0,517;10,0;0,0;10,0;1,712;20,504;0,54;19,558;3,65;3,495;0,61;-3,385;2,33;950,916;1,0;"";"";29,853;2,39;103,993;13,94;"";"";12,875;20,47;13,0;"";"";"";"";"";"";"";"";"";"";"";"";"";"";"";"";"";"";"";"";"";"";"";"";"";"";"";"";"";"";"";"";"";"";"";"";"";"";"";"";"";"";"";"";"";"";"";"";"";"";"";"";"";"";"";"";"";"";"";"";"";"";"";"";""
12.12.2022 22:47:36;1670881656000;880f01e687e2572cea04e80fc6a68085;1218496;OK;1806;0;0;0;0;-0,03;-2,0;0;0;546;718;"";34,246;5,14;453,017;63,59;20,927;0,86;1,484;0,21;13,67;1,68;7,313;11,0;8,23;11,0;9,478;11,0;1158,117;122,64;361,467;45,05;34,443;13,44;1,854;10,15;1,312;10,05;0,0;10,0;2,265;20,5;0,54;19,489;3,65;3,482;0,61;-3,435;2,34;950,874;1,0;"";"";29,755;2,38;103,085;13,89;"";"";12,987;20,05;13,0;"";"";"";"";"";"";"";"";"";"";"";"";"";"";"";"";"";"";"";"";"";"";"";"";"";"";"";"";"";"";"";"";"";"";"";"";"";"";"";"";"";"";"";"";"";"";"";"";"";"";"";"";"";"";"";"";"";"";"";"";"";"";"";"";""
12.12.2022 22:49:37;1670881777000;880f01e687e2572cea04e80fc6a68085;1218617;OK;1806;0;0;0;0;-0,07;-7,41;0;0;544;718;"";33,086;4,96;452,729;63,58;20,925;0,86;1,483;0,21;13,422;1,67;6,841;10,98;8,031;11,0;8,907;11,0;1160,348;122,83;354,325;44,37;34,628;13,36;1,388;10,17;0,661;10,01;0,0;10,0;2,008;20,489;0,54;19,44;3,66;3,471;0,61;-3,478;2,35;950,851;1,0;"";"";29,73;2,38;101,686;13,82;"";"";12,999;20,01;13,0;"";"";"";"";"";"";"";"";"";"";"";"";"";"";"";"";"";"";"";"";"";"";"";"";"";"";"";"";"";"";"";"";"";"";"";"";"";"";"";"";"";"";"";"";"";"";"";"";"";"";"";"";"";"";"";"";"";"";"";"";"";"";"";"";""
12.12.2022 22:51:37;1670881897000;880f01e687e2572cea04e80fc6a68085;1218737;OK;1791;0;0;0;0;-0,06;-1,59;0;0;547;718;"";32,467;4,87;454,172;63,63;20,926;0,86;1,484;0,21;13,244;1,66;7,073;10,99;8,485;11,0;9,086;11,0;1184,494;125,14;365,249;45,53;27,843;12,74;1,325;10,05;0,519;10,0;0,0;10,0;1,787;20,468;0,54;19,516;3,65;3,48;0,6;-3,443;2,34;950,854;1,0;"";"";29,785;2,38;100,875;13,78;"";"";13,0;20,0;13,0;"";"";"";"";"";"";"";"";"";"";"";"";"";"";"";"";"";"";"";"";"";"";"";"";"";"";"";"";"";"";"";"";"";"";"";"";"";"";"";"";"";"";"";"";"";"";"";"";"";"";"";"";"";"";"";"";"";"";"";"";"";"";"";"";""
12.12.2022 22:53:37;1670882017000;880f01e687e2572cea04e80fc6a68085;1218857;OK;1812;0;0;0;0;-0,01;3,57;0;0;547;719;"";34,034;5,11;454,692;63,64;20,927;0,86;1,483;0,21;13,144;1,65;6,792;10,94;7,461;11,0;8,291;11,0;1134,726;120,35;342,502;43,34;19,959;11,92;1,324;10,06;1,152;10,05;0,0;10,0;1,98;20,449;0,54;19,518;3,65;3,477;0,6;-3,457;2,34;950,8699;1,0;"";"";29,755;2,38;99,56401;13,71;"";"";13,0;20,0;13,0;"";"";"";"";"";"";"";"";"";"";"";"";"";"";"";"";"";"";"";"";"";"";"";"";"";"";"";"";"";"";"";"";"";"";"";"";"";"";"";"";"";"";"";"";"";"";"";"";"";"";"";"";"";"";"";"";"";"";"";"";"";"";"";"";""
12.12.2022 22:55:38;1670882138000;880f01e687e2572cea04e80fc6a68085;1218978;OK;1808;0;0;0;0;0,02;0,64;0;0;548;719;"";35,414;5,31;453,371;63,6;20,925;0,86;1,484;0,21;13,091;1,65;6,84;10,97;7,652;11,0;8,408;11,0;1105,346;117,58;340,777;43,1;26,663;12,61;1,044;10,01;1,026;10,01;0,0;10,0;1,952;20,426;0,54;19,556;3,65;3,479;0,6;-3,45;2,33;950,864;1,0;"";"";29,715;2,38;97,932;13,63;"";"";13,0;20,0;13,0;"";"";"";"";"";"";"";"";"";"";"";"";"";"";"";"";"";"";"";"";"";"";"";"";"";"";"";"";"";"";"";"";"";"";"";"";"";"";"";"";"";"";"";"";"";"";"";"";"";"";"";"";"";"";"";"";"";"";"";"";"";"";"";"";""
12.12.2022 22:57:38;1670882258000;880f01e687e2572cea04e80fc6a68085;1219098;OK;1804;0;0;0;0;0,0;-4,42;0;0;548;719;"";34,488;5,17;452,752;63,58;20,93;0,86;1,483;0,21;13,167;1,65;6,896;11,0;8,46;11,0;8,849;11,0;1111,034;118,0;342,716;43,26;35,722;13,53;1,451;10,04;0,889;10,0;0,0;10,0;1,664;20,409;0,54;19,566;3,65;3,477;0,6;-3,457;2,33;950,846;1,0;"";"";29,608;2,37;97,017;13,58;"";"";13,0;20,0;13,0;"";"";"";"";"";"";"";"";"";"";"";"";"";"";"";"";"";"";"";"";"";"";"";"";"";"";"";"";"";"";"";"";"";"";"";"";"";"";"";"";"";"";"";"";"";"";"";"";"";"";"";"";"";"";"";"";"";"";"";"";"";"";"";"";""
12.12.2022 22:59:39;1670882379000;880f01e687e2572cea04e80fc6a68085;1219219;OK;1801;0;0;0;0;-0,01;-10,02;0;0;548;719;"";33,918;5,09;450,052;63,5;20,924;0,86;1,484;0,21;13,21;1,65;7,146;10,96;8,706;11,0;9,462;11,0;1178,736;124,63;364,132;45,43;33,818;13,31;2,036;10,08;1,174;10,0;0,218;10,0;1,983;20,379;0,54;19,564;3,65;3,471;0,6;-3,484;2,33;950,817;1,0;"";"";29,498;2,37;96,358;13,55;"";"";13,0;20,0;13,0;"";"";"";"";"";"";"";"";"";"";"";"";"";"";"";"";"";"";"";"";"";"";"";"";"";"";"";"";"";"";"";"";"";"";"";"";"";"";"";"";"";"";"";"";"";"";"";"";"";"";"";"";"";"";"";"";"";"";"";"";"";"";"";"";""
12.12.2022 23:01:40;1670882500000;880f01e687e2572cea04e80fc6a68085;1219340;OK;1791;0;0;0;0;-0,04;-13,88;0;0;548;720;"";32,62;4,89;449,25;63,48;20,923;0,86;1,483;0,21;13,439;1,67;7,596;11,0;9,386;11,0;10,205;11,0;1220,524;128,7;378,184;46,74;41,958;14,12;1,519;10,1;0,709;10,0;0,343;10,0;1,945;20,362;0,54;19,565;3,65;3,468;0,6;-3,497;2,33;950,78;1,0;"";"";29,431;2,36;97,002;13,58;"";"";13,0;20,0;13,0;"";"";"";"";"";"";"";"";"";"";"";"";"";"";"";"";"";"";"";"";"";"";"";"";"";"";"";"";"";"";"";"";"";"";"";"";"";"";"";"";"";"";"";"";"";"";"";"";"";"";"";"";"";"";"";"";"";"";"";"";"";"";"";"";""
12.12.2022 23:03:40;1670882620000;880f01e687e2572cea04e80fc6a68085;1219460;OK;1820;0;0;0;0;-0,02;-9,73;0;0;548;720;"";29,121;4,37;449,787;63,49;20,928;0,86;1,483;0,21;13,768;1,68;6,554;10,96;8,077;11,0;9,187;11,0;1141,306;120,98;356,169;44,53;34,44;13,49;3,259;10,32;1,428;10,01;0,037;10,0;2,329;20,369;0,54;19,561;3,65;3,468;0,6;-3,494;2,33;950,775;1,0;"";"";29,452;2,36;99,369;13,7;"";"";13,0;20,0;13,0;"";"";"";"";"";"";"";"";"";"";"";"";"";"";"";"";"";"";"";"";"";"";"";"";"";"";"";"";"";"";"";"";"";"";"";"";"";"";"";"";"";"";"";"";"";"";"";"";"";"";"";"";"";"";"";"";"";"";"";"";"";"";"";"";""
12.12.2022 23:05:39;1670882739000;880f01e687e2572cea04e80fc6a68085;1219579;OK;1801;0;0;0;0;0,01;8,01;0;0;548;720;"";29,51;4,43;452,958;63,59;20,931;0,86;1,483;0,21;14,153;1,7;7,308;10,99;9,111;11,0;10,349;11,0;1242,94;130,87;386,128;47,57;37,778;13,77;2,756;10,15;1,763;10,0;0,004;10,0;2,345;20,39;0,54;19,565;3,65;3,473;0,6;-3,474;2,33;950,801;1,0;"";"";29,493;2,37;102,327;13,86;"";"";13,0;20,0;13,0;"";"";"";"";"";"";"";"";"";"";"";"";"";"";"";"";"";"";"";"";"";"";"";"";"";"";"";"";"";"";"";"";"";"";"";"";"";"";"";"";"";"";"";"";"";"";"";"";"";"";"";"";"";"";"";"";"";"";"";"";"";"";"";"";""
12.12.2022 23:07:40;1670882860000;880f01e687e2572cea04e80fc6a68085;1219700;OK;1788;0;0;0;0;-0,01;7,6;0;0;546;719;"";32,678;4,9;451,311;63,54;20,925;0,86;1,483;0,21;14,446;1,72;7,124;10,97;8,281;11,0;10,111;11,0;1170,767;123,88;356,606;44,64;26,818;12,61;2,955;10,3;1,916;10,16;0,0;10,0;2,763;20,416;0,54;19,469;3,66;3,461;0,6;-3,519;2,34;950,832;1,0;"";"";29,443;2,36;104,084;13,95;"";"";13,0;20,0;13,0;"";"";"";"";"";"";"";"";"";"";"";"";"";"";"";"";"";"";"";"";"";"";"";"";"";"";"";"";"";"";"";"";"";"";"";"";"";"";"";"";"";"";"";"";"";"";"";"";"";"";"";"";"";"";"";"";"";"";"";"";"";"";"";"";""
12.12.2022 23:09:40;1670882980000;880f01e687e2572cea04e80fc6a68085;1219821;OK;1792;0;0;0;0;-0,02;7,73;0;0;545;718;"";30,45;4,57;453,109;63,59;20,931;0,86;1,483;0,21;14,51;1,72;7,092;11,0;8,466;11,0;8,767;11,0;1177,608;124,45;366,338;45,63;31,411;13,12;1,201;10,04;0,198;10,02;0,0;10,0;1,515;20,437;0,54;19,449;3,66;3,462;0,6;-3,515;2,35;950,864;1,0;"";"";29,53;2,37;104,521;13,97;"";"";13,0;20,0;13,0;"";"";"";"";"";"";"";"";"";"";"";"";"";"";"";"";"";"";"";"";"";"";"";"";"";"";"";"";"";"";"";"";"";"";"";"";"";"";"";"";"";"";"";"";"";"";"";"";"";"";"";"";"";"";"";"";"";"";"";"";"";"";"";"";""
12.12.2022 23:11:41;1670883101000;880f01e687e2572cea04e80fc6a68085;1219942;OK;1795;0;0;0;0;-0,05;-8,72;0;0;543;717;"";30,874;4,63;448,807;63,46;20,929;0,86;1,483;0,21;14,392;1,72;7,529;11,0;8,503;11,0;9,205;11,0;1149,804;121,74;353,827;44,42;31,303;13,06;1,871;10,15;0,217;10,0;0,0;10,0;1,803;20,448;0,54;19,371;3,66;3,45;0,61;-3,56;2,36;950,8719;1,0;"";"";29,587;2,37;104,223;13,95;"";"";13,0;20,0;13,0;"";"";"";"";"";"";"";"";"";"";"";"";"";"";"";"";"";"";"";"";"";"";"";"";"";"";"";"";"";"";"";"";"";"";"";"";"";"";"";"";"";"";"";"";"";"";"";"";"";"";"";"";"";"";"";"";"";"";"";"";"";"";"";"";""
12.12.2022 23:13:42;1670883222000;880f01e687e2572cea04e80fc6a68085;1220062;OK;1796;0;0;0;0;-0,06;-8,64;0;0;541;717;"";30,891;4,63;448,601;63,46;20,927;0,86;1,483;0,21;14,211;1,71;7,139;11,0;8,703;11,0;9,436;11,0;1194,918;126,11;371,232;46,07;39,595;13,93;1,956;10,19;0,722;10,08;0,135;10,0;1,876;20,448;0,54;19,33;3,66;3,443;0,61;-3,588;2,36;950,867;1,0;"";"";29,524;2,37;103,322;13,91;"";"";13,0;20,0;13,0;"";"";"";"";"";"";"";"";"";"";"";"";"";"";"";"";"";"";"";"";"";"";"";"";"";"";"";"";"";"";"";"";"";"";"";"";"";"";"";"";"";"";"";"";"";"";"";"";"";"";"";"";"";"";"";"";"";"";"";"";"";"";"";"";""
12.12.2022 23:15:42;1670883342000;880f01e687e2572cea04e80fc6a68085;1220182;OK;1801;0;0;0;0;-0,05;-13,94;0;0;542;717;"";29,486;4,42;447,423;63,42;20,928;0,86;1,483;0,21;13,916;1,69;6,857;11,0;8,483;11,0;9,138;11,0;1124,802;119,36;348,502;43,89;31,65;13,07;0,892;10,05;0,765;10,04;0,14;10,0;1,839;20,443;0,54;19,341;3,66;3,444;0,61;-3,584;2,36;950,863;1,0;"";"";29,466;2,37;102,548;13,87;"";"";13,0;20,0;13,0;"";"";"";"";"";"";"";"";"";"";"";"";"";"";"";"";"";"";"";"";"";"";"";"";"";"";"";"";"";"";"";"";"";"";"";"";"";"";"";"";"";"";"";"";"";"";"";"";"";"";"";"";"";"";"";"";"";"";"";"";"";"";"";"";""
12.12.2022 23:17:43;1670883463000;880f01e687e2572cea04e80fc6a68085;1220304;OK;1800;0;0;0;0;-0,03;-1,31;0;0;541;717;"";30,802;4,62;449,179;63,48;20,925;0,86;1,484;0,21;13,799;1,69;6,976;10,93;8,326;11,0;9,305;11,0;1153,183;122,16;352,6;44,21;33,265;13,31;1,572;10,07;0,864;10,02;0,014;10,0;2,059;20,438;0,54;19,322;3,66;3,44;0,61;-3,602;2,36;950,874;1,0;"";"";29,313;2,36;101,557;13,82;"";"";13,0;20,0;13,0;"";"";"";"";"";"";"";"";"";"";"";"";"";"";"";"";"";"";"";"";"";"";"";"";"";"";"";"";"";"";"";"";"";"";"";"";"";"";"";"";"";"";"";"";"";"";"";"";"";"";"";"";"";"";"";"";"";"";"";"";"";"";"";"";""
12.12.2022 23:19:44;1670883584000;880f01e687e2572cea04e80fc6a68085;1220424;OK;1791;0;0;0;0;-0,02;-5,22;0;0;541;717;"";28,017;4,2;446,479;63,39;20,924;0,86;1,483;0,21;13,673;1,68;6,992;10,99;8,723;11,0;9,65;11,0;1170,364;123,74;365,108;45,52;38,96;13,84;1,543;10,16;1,011;10,0;0,001;10,0;2,097;20,423;0,54;19,319;3,66;3,436;0,6;-3,616;2,36;950,8909;1,0;"";"";29,28;2,36;100,565;13,77;"";"";13,0;20,0;13,0;"";"";"";"";"";"";"";"";"";"";"";"";"";"";"";"";"";"";"";"";"";"";"";"";"";"";"";"";"";"";"";"";"";"";"";"";"";"";"";"";"";"";"";"";"";"";"";"";"";"";"";"";"";"";"";"";"";"";"";"";"";"";"";"";""
12.12.2022 23:21:45;1670883705000;880f01e687e2572cea04e80fc6a68085;1220545;OK;1799;0;0;0;0;-0,03;-5,48;0;0;541;717;"";25,635;3,85;446,47;63,39;20,931;0,86;1,482;0,21;13,674;1,68;7,893;11,0;10,047;11,0;10,828;11,0;1225,43;129,18;383,003;47,24;40,203;14,02;2,848;10,25;0,978;10,0;0,0;10,0;1,934;20,403;0,54;19,319;3,66;3,432;0,6;-3,633;2,36;950,89;1,0;"";"";29,23;2,35;99,528;13,71;"";"";13,0;20,0;13,0;"";"";"";"";"";"";"";"";"";"";"";"";"";"";"";"";"";"";"";"";"";"";"";"";"";"";"";"";"";"";"";"";"";"";"";"";"";"";"";"";"";"";"";"";"";"";"";"";"";"";"";"";"";"";"";"";"";"";"";"";"";"";"";"";""
12.12.2022 23:23:45;1670883825000;880f01e687e2572cea04e80fc6a68085;1220666;OK;1795;0;0;0;0;-0,03;-8,92;0;0;541;718;"";25,745;3,86;445,474;63,36;20,927;0,86;1,482;0,21;13,733;1,68;6,626;10,89;7,824;10,99;7,908;10,99;1155,582;122,34;354,392;44,54;22,216;12,23;0,294;10,03;0,101;10,0;0,0;10,0;1,292;20,385;0,54;19,32;3,66;3,429;0,6;-3,647;2,36;950,892;1,0;"";"";29,064;2,34;99,195;13,69;"";"";13,0;20,0;13,0;"";"";"";"";"";"";"";"";"";"";"";"";"";"";"";"";"";"";"";"";"";"";"";"";"";"";"";"";"";"";"";"";"";"";"";"";"";"";"";"";"";"";"";"";"";"";"";"";"";"";"";"";"";"";"";"";"";"";"";"";"";"";"";"";""
12.12.2022 23:25:45;1670883945000;880f01e687e2572cea04e80fc6a68085;1220785;OK;1797;0;0;0;0;-0,03;-5,39;0;0;541;718;"";26,215;3,93;445,075;63,35;20,929;0,86;1,482;0,21;13,734;1,68;7,263;10,97;8,144;10,99;8,709;11,0;1106,089;117,58;344,712;43,57;32,228;13,24;0,798;10,0;0,777;10,0;0,0;10,0;1,731;20,365;0,54;19,32;3,66;3,425;0,6;-3,663;2,36;950,8989;1,0;"";"";28,92;2,34;99,083;13,69;"";"";13,0;20,0;13,0;"";"";"";"";"";"";"";"";"";"";"";"";"";"";"";"";"";"";"";"";"";"";"";"";"";"";"";"";"";"";"";"";"";"";"";"";"";"";"";"";"";"";"";"";"";"";"";"";"";"";"";"";"";"";"";"";"";"";"";"";"";"";"";"";""
12.12.2022 23:27:46;1670884066000;880f01e687e2572cea04e80fc6a68085;1220906;OK;1809;0;0;0;0;-0,03;-3,5;0;0;541;718;"";24,194;3,63;444,987;63,35;20,928;0,86;1,482;0,21;13,806;1,69;7,134;11,0;8,197;11,0;8,255;11,0;1122,897;119,3;344,37;43,47;30,805;13,03;0,08200001;10,0;0,08;10,0;0,0;10,0;1,251;20,349;0,54;19,321;3,66;3,422;0,6;-3,676;2,36;950,9109;1,0;"";"";28,849;2,33;98,787;13,67;"";"";13,0;20,0;13,0;"";"";"";"";"";"";"";"";"";"";"";"";"";"";"";"";"";"";"";"";"";"";"";"";"";"";"";"";"";"";"";"";"";"";"";"";"";"";"";"";"";"";"";"";"";"";"";"";"";"";"";"";"";"";"";"";"";"";"";"";"";"";"";"";""
12.12.2022 23:29:46;1670884186000;880f01e687e2572cea04e80fc6a68085;1221027;OK;1788;0;0;0;0;-0,03;6,83;0;0;541;718;"";25,404;3,81;447,3;63,42;20,927;0,86;1,481;0,21;13,998;1,7;7,391;11,0;8,796;11,0;10,704;11,0;1168,758;123,71;364,252;45,44;32,57;13,25;3,673;10,42;2,819;10,28;0,29;10,0;2,718;20,334;0,54;19,321;3,66;3,419;0,6;-3,688;2,36;950,927;1,0;"";"";28,84;2,33;99,389;13,71;"";"";13,0;20,0;13,0;"";"";"";"";"";"";"";"";"";"";"";"";"";"";"";"";"";"";"";"";"";"";"";"";"";"";"";"";"";"";"";"";"";"";"";"";"";"";"";"";"";"";"";"";"";"";"";"";"";"";"";"";"";"";"";"";"";"";"";"";"";"";"";"";""
12.12.2022 23:31:47;1670884307000;880f01e687e2572cea04e80fc6a68085;1221148;OK;1800;0;0;0;0;-0,01;11,86;0;0;541;718;"";24,34;3,65;448,477;63,45;20,928;0,86;1,481;0,21;14,145;1,7;7,437;11,0;8,964;11,0;9,601;11,0;1164,108;123,25;362,033;45,18;37,757;13,69;1,986;10,24;0,847;10,04;0,113;10,0;1,761;20,344;0,54;19,321;3,66;3,421;0,6;-3,681;2,36;950,9279;1,0;"";"";28,993;2,34;102,314;13,86;"";"";13,0;20,0;13,0;"";"";"";"";"";"";"";"";"";"";"";"";"";"";"";"";"";"";"";"";"";"";"";"";"";"";"";"";"";"";"";"";"";"";"";"";"";"";"";"";"";"";"";"";"";"";"";"";"";"";"";"";"";"";"";"";"";"";"";"";"";"";"";"";""
12.12.2022 23:33:46;1670884426000;880f01e687e2572cea04e80fc6a68085;1221267;OK;1795;0;0;0;0;0,01;1,03;0;0;541;718;"";23,344;3,5;444,781;63,34;20,93;0,86;1,482;0,21;14,323;1,71;7,427;11,0;8,599;11,0;10,827;11,0;1183,211;125,04;366,429;45,62;31,584;13,24;3,359;10,27;3,215;10,24;0,172;10,0;2,937;20,373;0,54;19,32;3,66;3,426;0,6;-3,657;2,36;950,913;1,0;"";"";28,974;2,34;105,426;14,02;"";"";13,0;20,0;13,0;"";"";"";"";"";"";"";"";"";"";"";"";"";"";"";"";"";"";"";"";"";"";"";"";"";"";"";"";"";"";"";"";"";"";"";"";"";"";"";"";"";"";"";"";"";"";"";"";"";"";"";"";"";"";"";"";"";"";"";"";"";"";"";"";""
12.12.2022 23:35:47;1670884547000;880f01e687e2572cea04e80fc6a68085;1221387;OK;1810;0;0;0;0;0,03;-9,77;0;0;540;717;"";22,924;3,44;444,785;63,34;20,931;0,86;1,481;0,21;14,443;1,72;7,392;11,0;8,978;11,0;9,633;11,0;1164,186;123,25;360,08;45,05;32,575;13,17;1,616;10,12;0,739;10,03;0,168;10,0;1,827;20,419;0,54;19,262;3,66;3,425;0,6;-3,659;2,37;950,896;1,0;"";"";29,023;2,34;108,05;14,16;"";"";13,0;20,0;13,0;"";"";"";"";"";"";"";"";"";"";"";"";"";"";"";"";"";"";"";"";"";"";"";"";"";"";"";"";"";"";"";"";"";"";"";"";"";"";"";"";"";"";"";"";"";"";"";"";"";"";"";"";"";"";"";"";"";"";"";"";"";"";"";"";""
12.12.2022 23:37:47;1670884667000;880f01e687e2572cea04e80fc6a68085;1221507;OK;1802;0;0;0;0;0,01;-9,91;0;0;538;716;"";24,459;3,67;444,95;63,35;20,927;0,86;1,482;0,21;14,478;1,72;7,302;11,0;8,466;11,0;9,207;11,0;1162,783;123,07;365,616;45,54;35,01;13,4;1,233;10,01;0,701;10,0;0,018;10,0;1,919;20,462;0,54;19,201;3,66;3,423;0,61;-3,667;2,38;950,873;1,0;"";"";29,065;2,34;109,407;14,22;"";"";13,012;20,02;16,2;"";"";"";"";"";"";"";"";"";"";"";"";"";"";"";"";"";"";"";"";"";"";"";"";"";"";"";"";"";"";"";"";"";"";"";"";"";"";"";"";"";"";"";"";"";"";"";"";"";"";"";"";"";"";"";"";"";"";"";"";"";"";"";"";""
12.12.2022 23:39:47;1670884787000;880f01e687e2572cea04e80fc6a68085;1221628;OK;1802;0;0;0;0;-0,03;-0,09;0;0;537;715;"";23,234;3,49;445,522;63,37;20,929;0,86;1,483;0,21;14,274;1,71;7,435;11,0;9,021;11,0;9,73;11,0;1183,893;125,11;370,62;46,05;35,892;13,46;2,071;10,1;0,813;10,05;0,212;10,0;1,836;20,489;0,54;19,139;3,66;3,417;0,61;-3,687;2,39;950,8619;1,0;"";"";28,986;2,34;109,626;14,23;"";"";13,001;20,0;13,0;"";"";"";"";"";"";"";"";"";"";"";"";"";"";"";"";"";"";"";"";"";"";"";"";"";"";"";"";"";"";"";"";"";"";"";"";"";"";"";"";"";"";"";"";"";"";"";"";"";"";"";"";"";"";"";"";"";"";"";"";"";"";"";"";""
12.12.2022 23:41:48;1670884908000;880f01e687e2572cea04e80fc6a68085;1221748;OK;1805;0;0;0;0;-0,05;3,88;0;0;534;714;"";25,618;3,84;446,223;63,39;20,928;0,86;1,484;0,21;13,948;1,69;6,998;11,0;8,525;11,0;8,874;11,0;1142,171;121,08;349,031;43,96;38,265;13,82;1,41;10,01;0,084;10,01;0,022;10,0;1,588;20,512;0,54;19,071;3,66;3,41;0,61;-3,716;2,4;950,838;1,0;"";"";29,037;2,34;108,851;14,19;"";"";13,0;20,0;13,0;"";"";"";"";"";"";"";"";"";"";"";"";"";"";"";"";"";"";"";"";"";"";"";"";"";"";"";"";"";"";"";"";"";"";"";"";"";"";"";"";"";"";"";"";"";"";"";"";"";"";"";"";"";"";"";"";"";"";"";"";"";"";"";"";""
12.12.2022 23:43:47;1670885027000;880f01e687e2572cea04e80fc6a68085;1221867;OK;1802;0;0;0;0;-0,04;-4,0;0;0;534;714;"";21,326;3,2;442,523;63,28;20,928;0,86;1,484;0,21;13,565;1,67;7,026;10,93;8,464;11,0;9,072;11,0;1196,402;126,32;370,582;46,12;37,029;13,67;1,083;10,0;0,326;10,0;0,002;10,0;1,816;20,514;0,54;19,059;3,66;3,408;0,61;-3,723;2,4;950,826;1,0;"";"";29,0;2,34;107,264;14,11;"";"";13,0;20,0;13,0;"";"";"";"";"";"";"";"";"";"";"";"";"";"";"";"";"";"";"";"";"";"";"";"";"";"";"";"";"";"";"";"";"";"";"";"";"";"";"";"";"";"";"";"";"";"";"";"";"";"";"";"";"";"";"";"";"";"";"";"";"";"";"";"";""
12.12.2022 23:45:49;1670885149000;880f01e687e2572cea04e80fc6a68085;1221988;OK;1806;0;0;0;0;-0,03;-9,55;0;0;534;714;"";23,733;3,56;442,666;63,28;20,927;0,86;1,484;0,21;13,194;1,65;7,338;10,99;9,072;11,0;9,366;11,0;1169,002;123,71;360,863;45,1;35,082;13,37;1,672;10,06;0,034;10,0;0,0;10,0;1,552;20,51;0,54;19,057;3,66;3,407;0,61;-3,727;2,4;950,8109;1,0;"";"";28,913;2,34;105,086;14,0;"";"";13,0;20,0;13,0;"";"";"";"";"";"";"";"";"";"";"";"";"";"";"";"";"";"";"";"";"";"";"";"";"";"";"";"";"";"";"";"";"";"";"";"";"";"";"";"";"";"";"";"";"";"";"";"";"";"";"";"";"";"";"";"";"";"";"";"";"";"";"";"";""
12.12.2022 23:47:50;1670885270000;880f01e687e2572cea04e80fc6a68085;1222110;OK;1799;0;0;0;0;-0,01;-9,38;0;0;534;714;"";21,659;3,25;442,009;63,26;20,929;0,86;1,484;0,21;12,842;1,64;7,361;11,0;8,497;11,0;9,139;11,0;1163,448;123,08;362,669;45,2;26,961;12,66;1,171;10,15;0,494;10,0;0,0;10,0;1,781;20,502;0,54;19,057;3,66;3,405;0,61;-3,734;2,4;950,7899;1,0;"";"";28,812;2,33;102,873;13,88;"";"";13,0;20,0;13,0;"";"";"";"";"";"";"";"";"";"";"";"";"";"";"";"";"";"";"";"";"";"";"";"";"";"";"";"";"";"";"";"";"";"";"";"";"";"";"";"";"";"";"";"";"";"";"";"";"";"";"";"";"";"";"";"";"";"";"";"";"";"";"";"";""
12.12.2022 23:49:49;1670885389000;880f01e687e2572cea04e80fc6a68085;1222229;OK;1808;0;0;0;0;-0,02;-0,19;0;0;534;714;"";20,37;3,06;442,746;63,28;20,93;0,86;1,482;0,21;12,693;1,63;7,12;11,0;8,688;11,0;8,984;11,0;1190,676;125,83;367,791;45,76;30,179;12,96;1,652;10,17;0,171;10,0;0,118;10,0;1,507;20,481;0,54;19,058;3,66;3,401;0,61;-3,75;2,4;950,7719;1,0;"";"";28,553;2,32;101,068;13,79;"";"";13,0;20,0;13,0;"";"";"";"";"";"";"";"";"";"";"";"";"";"";"";"";"";"";"";"";"";"";"";"";"";"";"";"";"";"";"";"";"";"";"";"";"";"";"";"";"";"";"";"";"";"";"";"";"";"";"";"";"";"";"";"";"";"";"";"";"";"";"";"";""
12.12.2022 23:51:50;1670885510000;880f01e687e2572cea04e80fc6a68085;1222350;OK;1794;0;0;0;0;-0,02;1,6;0;0;535;715;"";20,509;3,08;442,437;63,27;20,929;0,86;1,482;0,21;12,699;1,63;7,606;11,0;8,635;11,0;9,288;11,0;1216,117;128,22;374,14;46,39;32,763;13,24;1,204;10,04;1,052;10,03;0,157;10,0;1,718;20,459;0,54;19,068;3,66;3,399;0,61;-3,762;2,4;950,7589;1,0;"";"";28,212;2,3;99,876;13,73;"";"";13,0;20,0;13,0;"";"";"";"";"";"";"";"";"";"";"";"";"";"";"";"";"";"";"";"";"";"";"";"";"";"";"";"";"";"";"";"";"";"";"";"";"";"";"";"";"";"";"";"";"";"";"";"";"";"";"";"";"";"";"";"";"";"";"";"";"";"";"";"";""
12.12.2022 23:53:51;1670885631000;880f01e687e2572cea04e80fc6a68085;1222471;OK;1793;0;0;0;0;-0,02;4,91;0;0;535;715;"";20,806;3,12;444,116;63,32;20,929;0,86;1,482;0,21;12,86;1,64;7,648;11,0;8,701;11,0;10,241;11,0;1230,591;129,68;386,18;47,6;31,94;13,23;2,474;10,28;2,328;10,24;0,832;10,0;2,387;20,445;0,54;19,074;3,66;3,397;0,61;-3,769;2,4;950,754;1,0;"";"";27,936;2,29;98,942;13,68;"";"";12,965;20,17;13,0;"";"";"";"";"";"";"";"";"";"";"";"";"";"";"";"";"";"";"";"";"";"";"";"";"";"";"";"";"";"";"";"";"";"";"";"";"";"";"";"";"";"";"";"";"";"";"";"";"";"";"";"";"";"";"";"";"";"";"";"";"";"";"";"";""
12.12.2022 23:55:50;1670885750000;880f01e687e2572cea04e80fc6a68085;1222589;OK;1804;0;0;0;0;-0,02;2,9;0;0;535;715;"";22,615;3,39;443,152;63,29;20,929;0,86;1,481;0,21;12,957;1,64;7,501;11,0;8,816;11,0;9,922;11,0;1182,307;125,05;365,814;45,57;28,321;12,8;1,552;10,03;1,536;10,03;0,379;10,0;2,176;20,431;0,54;19,078;3,66;3,395;0,61;-3,778;2,4;950,745;1,0;"";"";27,846;2,28;98,162;13,64;"";"";12,996;20,02;13,0;"";"";"";"";"";"";"";"";"";"";"";"";"";"";"";"";"";"";"";"";"";"";"";"";"";"";"";"";"";"";"";"";"";"";"";"";"";"";"";"";"";"";"";"";"";"";"";"";"";"";"";"";"";"";"";"";"";"";"";"";"";"";"";"";""
12.12.2022 23:57:50;1670885870000;880f01e687e2572cea04e80fc6a68085;1222711;OK;1792;0;0;0;0;-0,02;-5,49;0;0;535;715;"";20,789;3,12;440,461;63,21;20,934;0,86;1,481;0,21;13,071;1,65;7,692;11,0;8,782;11,0;10,937;11,0;1296,807;136,12;401,022;48,98;34,321;13,4;3,036;10,27;3,035;10,27;0,084;10,0;2,872;20,41;0,54;19,076;3,67;3,39;0,61;-3,797;2,4;950,727;1,0;"";"";27,718;2,27;97,653;13,61;"";"";13,0;20,0;13,0;"";"";"";"";"";"";"";"";"";"";"";"";"";"";"";"";"";"";"";"";"";"";"";"";"";"";"";"";"";"";"";"";"";"";"";"";"";"";"";"";"";"";"";"";"";"";"";"";"";"";"";"";"";"";"";"";"";"";"";"";"";"";"";"";""
12.12.2022 23:59:51;1670885991000;880f01e687e2572cea04e80fc6a68085;1222831;OK;1798;0;0;0;0;-0,03;-10,28;0;0;535;716;"";20,361;3,05;439,999;63,2;20,93;0,86;1,48;0,21;13,134;1,65;7,911;11,0;8,486;11,0;9,891;11,0;1216,66;128,36;382,11;47,2;24,863;12,38;1,838;10,16;1,738;10,16;0,314;10,0;2,257;20,387;0,54;19,076;3,67;3,386;0,61;-3,815;2,4;950,707;1,0;"";"";27,527;2,26;97,226;13,59;"";"";13,0;20,0;13,0;"";"";"";"";"";"";"";"";"";"";"";"";"";"";"";"";"";"";"";"";"";"";"";"";"";"";"";"";"";"";"";"";"";"";"";"";"";"";"";"";"";"";"";"";"";"";"";"";"";"";"";"";"";"";"";"";"";"";"";"";"";"";"";"";""
13.12.2022 00:01:51;1670886111000;880f01e687e2572cea04e80fc6a68085;1222951;OK;1786;0;0;0;0;-0,04;-12,59;0;0;535;716;"";19,199;2,88;438,66;63,16;20,925;0,86;1,479;0,21;13,414;1,67;8,159;11,0;9,342;11,0;10,289;11,0;1252,8;131,85;385,784;47,53;30,648;13,02;1,297;10,04;1,066;10,02;0,607;10,0;1,951;20,361;0,54;19,086;3,67;3,383;0,6;-3,829;2,39;950,67;1,0;"";"";27,44;2,26;96,808;13,57;"";"";13,0;20,0;13,0;"";"";"";"";"";"";"";"";"";"";"";"";"";"";"";"";"";"";"";"";"";"";"";"";"";"";"";"";"";"";"";"";"";"";"";"";"";"";"";"";"";"";"";"";"";"";"";"";"";"";"";"";"";"";"";"";"";"";"";"";"";"";"";"";""
13.12.2022 00:03:51;1670886231000;880f01e687e2572cea04e80fc6a68085;1223071;OK;1806;0;0;0;0;-0,03;-6,78;0;0;535;716;"";19,774;2,97;438,279;63,15;20,928;0,86;1,479;0,21;13,699;1,68;6,634;10,85;8,28;11,0;8,378;11,0;1173,808;124,2;357,099;44,8;30,84;13,05;0,134;10,0;0,11;10,0;0,063;10,0;1,374;20,349;0,54;19,079;3,67;3,379;0,6;-3,845;2,4;950,631;1,0;"";"";27,473;2,26;97,073;13,58;"";"";13,0;20,0;13,0;"";"";"";"";"";"";"";"";"";"";"";"";"";"";"";"";"";"";"";"";"";"";"";"";"";"";"";"";"";"";"";"";"";"";"";"";"";"";"";"";"";"";"";"";"";"";"";"";"";"";"";"";"";"";"";"";"";"";"";"";"";"";"";"";""
13.12.2022 00:05:52;1670886352000;880f01e687e2572cea04e80fc6a68085;1223192;OK;1796;0;0;0;0;-0,03;-0,71;0;0;535;716;"";17,293;2,59;440,068;63,2;20,931;0,86;1,478;0,21;13,858;1,69;7,556;10,98;8,927;11,0;9,454;11,0;1182,884;125,01;366,197;45,66;31,027;13,01;1,199;10,13;0,695;10,0;0,006;10,0;1,677;20,333;0,54;19,078;3,67;3,376;0,6;-3,859;2,4;950,62;1,0;"";"";27,529;2,26;97,774;13,62;"";"";13,0;20,0;13,0;"";"";"";"";"";"";"";"";"";"";"";"";"";"";"";"";"";"";"";"";"";"";"";"";"";"";"";"";"";"";"";"";"";"";"";"";"";"";"";"";"";"";"";"";"";"";"";"";"";"";"";"";"";"";"";"";"";"";"";"";"";"";"";"";""
13.12.2022 00:07:52;1670886472000;880f01e687e2572cea04e80fc6a68085;1223313;OK;1792;0;0;0;0;-0,03;4,89;0;0;535;717;"";19,692;2,95;439,071;63,17;20,931;0,86;1,477;0,21;14,006;1,7;6,784;10,88;7,705;11,0;8,069;11,0;1119,646;118,86;344,105;43,45;25,319;12,41;0,718;10,03;0,456;10,0;0,001;10,0;1,497;20,311;0,54;19,079;3,67;3,371;0,6;-3,876;2,39;950,622;1,0;"";"";27,507;2,26;98,19301;13,64;"";"";13,0;20,0;13,0;"";"";"";"";"";"";"";"";"";"";"";"";"";"";"";"";"";"";"";"";"";"";"";"";"";"";"";"";"";"";"";"";"";"";"";"";"";"";"";"";"";"";"";"";"";"";"";"";"";"";"";"";"";"";"";"";"";"";"";"";"";"";"";"";""
13.12.2022 00:09:53;1670886593000;880f01e687e2572cea04e80fc6a68085;1223433;OK;1794;0;0;0;0;-0,03;2,72;0;0;535;717;"";17,711;2,66;439,16;63,17;20,929;0,86;1,476;0,21;14,169;1,71;6,63;10,95;7,612;11,0;7,73;11,0;1108,291;117,74;349,644;44,02;27,144;12,62;0,157;10,0;0,13;10,0;0,0;10,0;1,302;20,301;0,54;19,079;3,67;3,369;0,6;-3,884;2,39;950,629;1,0;"";"";27,442;2,26;98,156;13,64;"";"";13,0;20,0;13,0;"";"";"";"";"";"";"";"";"";"";"";"";"";"";"";"";"";"";"";"";"";"";"";"";"";"";"";"";"";"";"";"";"";"";"";"";"";"";"";"";"";"";"";"";"";"";"";"";"";"";"";"";"";"";"";"";"";"";"";"";"";"";"";"";""
13.12.2022 00:11:52;1670886712000;880f01e687e2572cea04e80fc6a68085;1223552;OK;1789;0;0;0;0;-0,02;-2,49;0;0;535;717;"";14,36;2,15;437,257;63,12;20,929;0,86;1,476;0,21;14,29;1,71;6,816;10,91;8,312;11,0;8,946;11,0;1162,65;122,97;367,526;45,77;34,591;13,45;1,745;10,19;1,589;10,19;0,0;10,0;1,874;20,289;0,54;19,08;3,67;3,367;0,6;-3,894;2,39;950,616;1,0;"";"";27,508;2,26;98,472;13,66;"";"";13,0;20,0;13,0;"";"";"";"";"";"";"";"";"";"";"";"";"";"";"";"";"";"";"";"";"";"";"";"";"";"";"";"";"";"";"";"";"";"";"";"";"";"";"";"";"";"";"";"";"";"";"";"";"";"";"";"";"";"";"";"";"";"";"";"";"";"";"";"";""
13.12.2022 00:13:52;1670886832000;880f01e687e2572cea04e80fc6a68085;1223673;OK;1805;0;0;0;0;-0,02;-7,03;0;0;535;717;"";15,61;2,34;436,897;63,11;20,928;0,86;1,474;0,21;14,485;1,72;6,976;10,92;8,426;10,99;9,197;11,0;1144,216;121,23;364,048;45,42;30,437;12,97;2,255;10,2;1,429;10,2;0,0;10,0;1,895;20,275;0,54;19,079;3,67;3,364;0,6;-3,906;2,39;950,61;1,0;"";"";27,53;2,26;98,698;13,67;"";"";13,0;20,0;13,0;"";"";"";"";"";"";"";"";"";"";"";"";"";"";"";"";"";"";"";"";"";"";"";"";"";"";"";"";"";"";"";"";"";"";"";"";"";"";"";"";"";"";"";"";"";"";"";"";"";"";"";"";"";"";"";"";"";"";"";"";"";"";"";"";""
13.12.2022 00:15:53;1670886953000;880f01e687e2572cea04e80fc6a68085;1223793;OK;1790;0;0;0;0;-0,02;-6,31;0;0;535;718;"";13,152;1,97;438,014;63,14;20,928;0,86;1,474;0,21;14,631;1,73;7,517;10,99;8,708;11,0;9,538;11,0;1205,953;127,27;378,336;46,73;31,759;13,09;1,648;10,03;0,741;10,03;0,396;10,0;1,912;20,253;0,54;19,081;3,67;3,36;0,6;-3,923;2,39;950,606;1,0;"";"";27,471;2,26;99,41501;13,71;"";"";13,0;20,0;13,0;"";"";"";"";"";"";"";"";"";"";"";"";"";"";"";"";"";"";"";"";"";"";"";"";"";"";"";"";"";"";"";"";"";"";"";"";"";"";"";"";"";"";"";"";"";"";"";"";"";"";"";"";"";"";"";"";"";"";"";"";"";"";"";"";""
13.12.2022 00:17:54;1670887074000;880f01e687e2572cea04e80fc6a68085;1223914;OK;1803;0;0;0;0;-0,02;5,69;0;0;536;718;"";16,849;2,53;440,255;63,21;20,926;0,86;1,473;0,21;14,883;1,74;7,092;11,0;8,347;11,0;9,18;11,0;1157,25;122,55;357,802;44,82;30,317;12,93;2,46;10,24;1,02;10,0;0,041;10,0;1,983;20,236;0,54;19,114;3,67;3,363;0,6;-3,913;2,39;950,619;1,0;"";"";27,48;2,26;99,70099;13,72;"";"";13,0;20,0;13,0;"";"";"";"";"";"";"";"";"";"";"";"";"";"";"";"";"";"";"";"";"";"";"";"";"";"";"";"";"";"";"";"";"";"";"";"";"";"";"";"";"";"";"";"";"";"";"";"";"";"";"";"";"";"";"";"";"";"";"";"";"";"";"";"";""
13.12.2022 00:19:53;1670887193000;880f01e687e2572cea04e80fc6a68085;1224034;OK;1808;0;0;0;0;-0,01;13,81;0;0;535;718;"";16,283;2,44;441,451;63,24;20,926;0,86;1,473;0,21;14,999;1,75;6,754;11,0;7,891;11,0;8,377;11,0;1150,716;121,91;353,426;44,35;27,572;12,7;1,181;10,09;0,273;10,0;0,004;10,0;1,684;20,228;0,54;19,103;3,67;3,359;0,6;-3,928;2,39;950,637;1,0;"";"";27,562;2,27;99,609;13,72;"";"";13,0;20,0;13,0;"";"";"";"";"";"";"";"";"";"";"";"";"";"";"";"";"";"";"";"";"";"";"";"";"";"";"";"";"";"";"";"";"";"";"";"";"";"";"";"";"";"";"";"";"";"";"";"";"";"";"";"";"";"";"";"";"";"";"";"";"";"";"";"";""
13.12.2022 00:21:54;1670887314000;880f01e687e2572cea04e80fc6a68085;1224155;OK;1792;0;0;0;0;-0,02;8,8;0;0;535;718;"";13,995;2,1;440,134;63,2;20,926;0,86;1,471;0,21;15,169;1,76;6,861;11,0;8,468;11,0;8,932;11,0;1170,71;123,84;364,737;45,48;33,456;13,27;1,242;10,07;0,583;10,0;0,0;10,0;1,727;20,211;0,54;19,099;3,67;3,355;0,6;-3,944;2,39;950,635;1,0;"";"";27,551;2,27;99,321;13,7;"";"";13,0;20,0;13,0;"";"";"";"";"";"";"";"";"";"";"";"";"";"";"";"";"";"";"";"";"";"";"";"";"";"";"";"";"";"";"";"";"";"";"";"";"";"";"";"";"";"";"";"";"";"";"";"";"";"";"";"";"";"";"";"";"";"";"";"";"";"";"";"";""
13.12.2022 00:23:55;1670887435000;880f01e687e2572cea04e80fc6a68085;1224275;OK;1802;0;0;0;0;-0,02;-5,43;0;0;535;718;"";14,751;2,21;438,512;63,16;20,925;0,86;1,472;0,21;15,263;1,76;6,615;10,99;7,591;11,0;8,033;11,0;1112,001;118,1;345,525;43,55;22,238;12,09;0,595;10,05;0,278;10,0;0,218;10,0;1,583;20,193;0,54;19,108;3,67;3,353;0,6;-3,953;2,39;950,608;1,0;"";"";27,56;2,27;99,416;13,71;"";"";13,0;20,0;13,0;"";"";"";"";"";"";"";"";"";"";"";"";"";"";"";"";"";"";"";"";"";"";"";"";"";"";"";"";"";"";"";"";"";"";"";"";"";"";"";"";"";"";"";"";"";"";"";"";"";"";"";"";"";"";"";"";"";"";"";"";"";"";"";"";""
13.12.2022 00:25:54;1670887554000;880f01e687e2572cea04e80fc6a68085;1224394;OK;1798;0;0;0;0;-0,03;-9,71;0;0;535;719;"";14,799;2,22;438,571;63,16;20,925;0,86;1,471;0,2;15,286;1,76;7,124;10,95;8,013;10,97;8,825;11,0;1159,069;122,77;358,561;44,89;26,427;12,65;2,175;10,1;0,651;10,0;0,207;10,0;1,965;20,174;0,54;19,095;3,67;3,347;0,6;-3,978;2,39;950,581;1,0;"";"";27,611;2,27;99,054;13,69;"";"";13,0;20,0;13,0;"";"";"";"";"";"";"";"";"";"";"";"";"";"";"";"";"";"";"";"";"";"";"";"";"";"";"";"";"";"";"";"";"";"";"";"";"";"";"";"";"";"";"";"";"";"";"";"";"";"";"";"";"";"";"";"";"";"";"";"";"";"";"";"";""
13.12.2022 00:27:53;1670887673000;880f01e687e2572cea04e80fc6a68085;1224513;OK;1789;0;0;0;0;-0,03;-6,23;0;0;535;719;"";15,898;2,38;438,852;63,17;20,93;0,86;1,47;0,2;15,348;1,77;7,159;10,99;8,273;11,0;9,427;11,0;1128,142;119,7;349,689;43,99;29,53;12,91;1,511;10,03;1,189;10,0;0,216;10,0;2,268;20,154;0,54;19,106;3,67;3,345;0,6;-3,986;2,39;950,5659;1,0;"";"";27,624;2,27;98,797;13,68;"";"";13,0;20,0;13,0;"";"";"";"";"";"";"";"";"";"";"";"";"";"";"";"";"";"";"";"";"";"";"";"";"";"";"";"";"";"";"";"";"";"";"";"";"";"";"";"";"";"";"";"";"";"";"";"";"";"";"";"";"";"";"";"";"";"";"";"";"";"";"";"";""
13.12.2022 00:29:55;1670887795000;880f01e687e2572cea04e80fc6a68085;1224635;OK;1804;0;0;0;0;-0,04;-0,21;0;0;535;719;"";13,675;2,05;438,639;63,16;20,921;0,86;1,47;0,2;15,441;1,77;7,044;11,0;8,69;11,0;9,622;11,0;1124,859;119,31;346,822;43,79;24,763;12,35;2,81;10,31;1,187;10,07;0,022;10,0;2,075;20,137;0,54;19,097;3,67;3,34;0,6;-4,007;2,39;950,56;1,0;"";"";27,725;2,27;98,928;13,68;"";"";13,0;20,0;13,0;"";"";"";"";"";"";"";"";"";"";"";"";"";"";"";"";"";"";"";"";"";"";"";"";"";"";"";"";"";"";"";"";"";"";"";"";"";"";"";"";"";"";"";"";"";"";"";"";"";"";"";"";"";"";"";"";"";"";"";"";"";"";"";"";""
13.12.2022 00:31:54;1670887914000;880f01e687e2572cea04e80fc6a68085;1224754;OK;1796;0;0;0;0;-0,03;-4,32;0;0;535;719;"";10,736;1,61;436,555;63,1;20,924;0,86;1,468;0,2;15,558;1,78;7,722;10,99;9,109;11,0;10,755;11,0;1203,025;127,0;376,738;46,67;34,508;13,41;2,262;10,22;2,089;10,2;0,487;10,0;2,365;20,114;0,54;19,101;3,67;3,337;0,6;-4,022;2,39;950,551;1,0;"";"";27,74;2,28;98,421;13,66;"";"";13,0;20,0;13,0;"";"";"";"";"";"";"";"";"";"";"";"";"";"";"";"";"";"";"";"";"";"";"";"";"";"";"";"";"";"";"";"";"";"";"";"";"";"";"";"";"";"";"";"";"";"";"";"";"";"";"";"";"";"";"";"";"";"";"";"";"";"";"";"";""
13.12.2022 00:33:55;1670888035000;880f01e687e2572cea04e80fc6a68085;1224875;OK;1797;0;0;0;0;-0,02;-4,72;0;0;536;720;"";12,807;1,92;436,936;63,11;20,918;0,86;1,468;0,2;15,74;1,79;6,745;10,85;8,356;11,0;9,436;11,0;1174,562;124,2;360,821;45,07;40,775;14,04;2,331;10,14;1,29;10,05;0,312;10,0;2,226;20,095;0,54;19,125;3,67;3,337;0,6;-4,022;2,39;950,538;1,0;"";"";27,803;2,28;98,33301;13,65;"";"";13,0;20,0;13,0;"";"";"";"";"";"";"";"";"";"";"";"";"";"";"";"";"";"";"";"";"";"";"";"";"";"";"";"";"";"";"";"";"";"";"";"";"";"";"";"";"";"";"";"";"";"";"";"";"";"";"";"";"";"";"";"";"";"";"";"";"";"";"";"";""
13.12.2022 00:35:56;1670888156000;880f01e687e2572cea04e80fc6a68085;1224996;OK;1795;0;0;0;0;0,01;-4,1;0;0;538;720;"";11,397;1,71;436,678;63,1;20,923;0,86;1,467;0,2;15,85;1,79;7,037;10,98;8,417;11,0;8,614;11,0;1143,558;121,15;352,936;44,39;24,077;12,33;0,579;10,06;0,201;10,01;0,032;10,0;1,399;20,08;0,54;19,188;3,67;3,345;0,59;-3,991;2,38;950,51;1,0;"";"";27,747;2,28;98,348;13,66;"";"";13,0;20,0;13,0;"";"";"";"";"";"";"";"";"";"";"";"";"";"";"";"";"";"";"";"";"";"";"";"";"";"";"";"";"";"";"";"";"";"";"";"";"";"";"";"";"";"";"";"";"";"";"";"";"";"";"";"";"";"";"";"";"";"";"";"";"";"";"";"";""
13.12.2022 00:37:55;1670888275000;880f01e687e2572cea04e80fc6a68085;1225115;OK;1792;0;0;0;0;0,01;1,57;0;0;538;720;"";12,187;1,83;437,014;63,11;20,925;0,86;1,467;0,2;15,914;1,8;7,6;11,0;9,071;11,0;9,519;11,0;1232,205;129,79;385,079;47,45;36,127;13,54;0,8349999;10,03;0,559;10,0;0,003;10,0;1,644;20,059;0,54;19,173;3,67;3,339;0,59;-4,018;2,38;950,4669;1,0;"";"";27,76;2,28;97,931;13,63;"";"";13,0;20,0;13,0;"";"";"";"";"";"";"";"";"";"";"";"";"";"";"";"";"";"";"";"";"";"";"";"";"";"";"";"";"";"";"";"";"";"";"";"";"";"";"";"";"";"";"";"";"";"";"";"";"";"";"";"";"";"";"";"";"";"";"";"";"";"";"";"";""
13.12.2022 00:39:56;1670888396000;880f01e687e2572cea04e80fc6a68085;1225236;OK;1810;0;0;0;0;0,0;-5,16;0;0;539;721;"";10,805;1,62;434,71;63,04;20,922;0,86;1,466;0,2;16,037;1,8;7,023;10,96;8,662;10,99;10,256;11,0;1244,683;131,06;387,528;47,63;38,563;13,77;2,528;10,22;2,342;10,18;0,134;10,0;2,62;20,039;0,54;19,209;3,67;3,341;0,59;-4,01;2,37;950,435;1,0;"";"";27,786;2,28;97,112;13,59;"";"";13,0;20,0;13,0;"";"";"";"";"";"";"";"";"";"";"";"";"";"";"";"";"";"";"";"";"";"";"";"";"";"";"";"";"";"";"";"";"";"";"";"";"";"";"";"";"";"";"";"";"";"";"";"";"";"";"";"";"";"";"";"";"";"";"";"";"";"";"";"";""
13.12.2022 00:41:56;1670888516000;880f01e687e2572cea04e80fc6a68085;1225357;OK;1793;0;0;0;0;-0,02;-4,78;0;0;539;721;"";12,198;1,83;435,631;63,07;20,919;0,86;1,464;0,2;16,172;1,81;7,547;10,99;9,315;11,0;9,829;11,0;1264,916;132,93;388,58;47,82;35,995;13,57;1,071;10,06;0,5440001;10,02;0,014;10,0;1,698;20,015;0,54;19,216;3,67;3,337;0,59;-4,024;2,37;950,413;1,0;"";"";27,77;2,28;97,271;13,6;"";"";13,0;20,0;13,0;"";"";"";"";"";"";"";"";"";"";"";"";"";"";"";"";"";"";"";"";"";"";"";"";"";"";"";"";"";"";"";"";"";"";"";"";"";"";"";"";"";"";"";"";"";"";"";"";"";"";"";"";"";"";"";"";"";"";"";"";"";"";"";"";""
13.12.2022 00:43:57;1670888637000;880f01e687e2572cea04e80fc6a68085;1225477;OK;1798;0;0;0;0;-0,03;-0,89;0;0;539;721;"";10,788;1,62;436,169;63,09;20,927;0,86;1,464;0,2;16,184;1,81;7,376;11,0;9,066;11,0;9,711;11,0;1250,617;131,62;382,903;47,22;39,097;13,84;1,033;10,09;0,591;10,0;0,155;10,0;1,828;19,992;0,54;19,208;3,67;3,331;0,59;-4,05;2,37;950,379;1,0;"";"";27,808;2,28;98,072;13,64;"";"";13,0;20,0;13,0;"";"";"";"";"";"";"";"";"";"";"";"";"";"";"";"";"";"";"";"";"";"";"";"";"";"";"";"";"";"";"";"";"";"";"";"";"";"";"";"";"";"";"";"";"";"";"";"";"";"";"";"";"";"";"";"";"";"";"";"";"";"";"";"";""
13.12.2022 00:45:58;1670888758000;880f01e687e2572cea04e80fc6a68085;1225598;OK;1791;0;0;0;0;-0,03;6,03;0;0;539;722;"";8,481;1,27;436,044;63,08;20,927;0,86;1,462;0,2;16,288;1,82;6,982;10,96;8,049;11,0;8,744;11,0;1210,3;127,77;375,044;46,47;28,251;12,81;1,212;10,05;1,018;10,0;0,213;10,0;1,838;19,971;0,54;19,221;3,67;3,329;0,59;-4,058;2,37;950,357;1,0;"";"";27,93;2,29;98,399;13,66;"";"";13,0;20,0;13,0;"";"";"";"";"";"";"";"";"";"";"";"";"";"";"";"";"";"";"";"";"";"";"";"";"";"";"";"";"";"";"";"";"";"";"";"";"";"";"";"";"";"";"";"";"";"";"";"";"";"";"";"";"";"";"";"";"";"";"";"";"";"";"";"";""
13.12.2022 00:47:57;1670888877000;880f01e687e2572cea04e80fc6a68085;1225718;OK;1806;0;0;0;0;-0,03;1,2;0;0;539;722;"";8,284;1,24;436,116;63,08;20,927;0,86;1,463;0,2;16,411;1,82;8,133;11,0;9,107;11,0;11,002;11,0;1241,721;130,7;389,315;47,87;37,826;13,7;3,806;10,44;3,03;10,26;0,108;10,0;2,435;19,954;0,54;19,225;3,67;3,327;0,59;-4,069;2,37;950,3531;1,0;"";"";27,813;2,28;98,29101;13,65;"";"";13,0;20,0;13,0;"";"";"";"";"";"";"";"";"";"";"";"";"";"";"";"";"";"";"";"";"";"";"";"";"";"";"";"";"";"";"";"";"";"";"";"";"";"";"";"";"";"";"";"";"";"";"";"";"";"";"";"";"";"";"";"";"";"";"";"";"";"";"";"";""
13.12.2022 00:49:57;1670888997000;880f01e687e2572cea04e80fc6a68085;1225837;OK;1804;0;0;0;0;-0,03;-5,27;0;0;539;722;"";8,374;1,26;434,543;63,04;20,926;0,86;1,463;0,2;16,528;1,83;8,015;11,0;9,694;11,0;10,282;11,0;1240,844;130,64;389,435;47,9;37,607;13,8;0,897;10,05;0,792;10,03;0,012;10,0;1,702;19,939;0,54;19,226;3,67;3,324;0,59;-4,081;2,37;950,351;1,0;"";"";27,743;2,28;98,343;13,66;"";"";13,0;20,0;13,0;"";"";"";"";"";"";"";"";"";"";"";"";"";"";"";"";"";"";"";"";"";"";"";"";"";"";"";"";"";"";"";"";"";"";"";"";"";"";"";"";"";"";"";"";"";"";"";"";"";"";"";"";"";"";"";"";"";"";"";"";"";"";"";"";""
13.12.2022 00:51:58;1670889118000;880f01e687e2572cea04e80fc6a68085;1225958;OK;1795;0;0;0;0;-0,03;-7,28;0;0;539;722;"";10,158;1,52;433,93;63,02;20,925;0,86;1,461;0,2;16,621;1,84;6,828;10,84;8,634;10,97;8,813;10,97;1097,962;116,78;344,841;43,56;30,216;12,96;1,225;10,0;0,237;10,0;0,001;10,0;1,458;19,922;0,54;19,228;3,67;3,321;0,59;-4,093;2,37;950,343;1,0;"";"";27,681;2,27;98,018;13,64;"";"";13,0;20,0;13,0;"";"";"";"";"";"";"";"";"";"";"";"";"";"";"";"";"";"";"";"";"";"";"";"";"";"";"";"";"";"";"";"";"";"";"";"";"";"";"";"";"";"";"";"";"";"";"";"";"";"";"";"";"";"";"";"";"";"";"";"";"";"";"";"";""
13.12.2022 00:53:59;1670889239000;880f01e687e2572cea04e80fc6a68085;1226079;OK;1801;0;0;0;0;-0,02;-10,66;0;0;539;722;"";9,555;1,43;432,241;62,97;20,931;0,86;1,459;0,2;16,644;1,84;7,975;10,98;9,429;11,0;10,124;11,0;1238,236;130,38;390,274;47,92;32,865;13,3;1,139;10,02;0,887;10,0;0,0;10,0;1,809;19,904;0,54;19,229;3,67;3,318;0,59;-4,107;2,37;950,3189;1,0;"";"";27,696;2,27;98,176;13,65;"";"";13,0;20,0;13,0;"";"";"";"";"";"";"";"";"";"";"";"";"";"";"";"";"";"";"";"";"";"";"";"";"";"";"";"";"";"";"";"";"";"";"";"";"";"";"";"";"";"";"";"";"";"";"";"";"";"";"";"";"";"";"";"";"";"";"";"";"";"";"";"";""
13.12.2022 00:55:59;1670889359000;880f01e687e2572cea04e80fc6a68085;1226200;OK;1789;0;0;0;0;-0,02;-3,65;0;0;539;722;"";9,491;1,42;433,128;62,99;20,928;0,86;1,46;0,2;16,703;1,84;7,802;11,0;8,973;11,0;9,119;11,0;1249,225;131,48;383,712;47,3;30,956;13,06;0,411;10,03;0,188;10,0;0,0;10,0;1,32;19,89;0,54;19,236;3,67;3,317;0,59;-4,113;2,37;950,307;1,0;"";"";27,783;2,28;98,29101;13,66;"";"";13,0;20,0;13,0;"";"";"";"";"";"";"";"";"";"";"";"";"";"";"";"";"";"";"";"";"";"";"";"";"";"";"";"";"";"";"";"";"";"";"";"";"";"";"";"";"";"";"";"";"";"";"";"";"";"";"";"";"";"";"";"";"";"";"";"";"";"";"";"";""
13.12.2022 00:58:00;1670889480000;880f01e687e2572cea04e80fc6a68085;1226320;OK;1797;0;0;0;0;-0,0;6,97;0;0;540;723;"";9,276;1,39;436,327;63,09;20,928;0,86;1,459;0,2;16,731;1,84;7,772;11,0;8,777;11,0;9,177;11,0;1199,465;126,67;374,753;46,5;30,651;13,06;0,93;10,0;0,52;10,0;0,0;10,0;1,538;19,877;0,54;19,279;3,67;3,321;0,59;-4,095;2,36;950,275;1,0;"";"";27,649;2,27;98,543;13,67;"";"";13,0;20,0;13,0;"";"";"";"";"";"";"";"";"";"";"";"";"";"";"";"";"";"";"";"";"";"";"";"";"";"";"";"";"";"";"";"";"";"";"";"";"";"";"";"";"";"";"";"";"";"";"";"";"";"";"";"";"";"";"";"";"";"";"";"";"";"";"";"";""
