DateTime;timestamp;DeviceID;uptime;Status;measuretime;person;window_open;window_event;door_event;dHdt;dCO2dt;bat;bat_e;health;performance;virus;tvoc;tvoc_e;co2;co2_e;oxygen;oxygen_e;co;co_e;o3;o3_e;pm1;pm1_e;pm2_5;pm2_5_e;pm10;pm10_e;cnt0_3;cnt0_3_e;cnt0_5;cnt0_5_e;cnt1;cnt1_e;cnt2_5;cnt2_5_e;cnt5;cnt5_e;cnt10;cnt10_e;TypPS;temperature;temperature_e;humidity;humidity_e;humidity_abs;humidity_abs_e;dewpt;dewpt_e;pressure;pressure_e;pressure_rel;pressure_rel_e;no2;no2_e;so2;so2_e;h2s;h2s_e;sound;sound_e;sound_max;tvoc_ionsc;tvoc_ionsc_e;radon;radon_e;n2o;n2o_e;no2_insplorion;no2_insplorion_e;ch4_MIPEX;ch4_MIPEX_e;c3h8_MIPEX;c3h8_MIPEX_e;flammable;ethanol;ethanol_e;iaq_spec;iaq_spec_e;resp_irr_spec;resp_irr_spec_e;nh3_MR100;nh3_MR100_e;acid_M100;acid_M100_e;h2_M1000;h2_M1000_e;no_M250;no_M250_e;cl2_M20;cl2_M20_e;ch2o_M10;ch2o_M10_e;pm1_SPS30;pm1_SPS30_e;pm2_5_SPS30;pm2_5_SPS30_e;pm4_SPS30;pm4_SPS30_e;pm10_SPS30;pm10_SPS30_e;cnt0_5_SPS30;cnt0_5_SPS30_e;cnt1_SPS30;cnt1_SPS30_e;cnt2_5_SPS30;cnt2_5_SPS30_e;cnt4_SPS30;cnt4_SPS30_e;cnt10_SPS30;cnt10_SPS30_e;TypPS_SPS30;br2;f2;hf;hcl;hcn;ch4s;clo2;cs2;ph3;sih4;c2h4;c2h4o;ash3;h2o2;refrigerant
30.11.2022 01:01:30;1669766490000;880f01e687e2572cea04e80fc6a68085;103343;OK;1791;0;0;0;0;-0,04;-1,38;0;0;504;715;"";200,179;30,03;467,063;64,01;20,948;0,81;1,64;0,23;9,173;1,69;11,323;11,0;13,631;11,19;15,075;11,32;1593,386;165,48;503,339;59,13;59,163;15,78;3,354;10,34;2,412;10,2;0,433;10,0;2,092;23,38;0,53;31,56;3,33;6,657;0,61;5,72;1,34;958,801;1,0;"";"";18,15;2,6;135,275;14,51;"";"";13,0;20,0;13,0;"";"";"";"";"";"";"";"";"";"";"";"";"";"";"";"";"";"";"";"";"";"";"";"";"";"";"";"";"";"";"";"";"";"";"";"";"";"";"";"";"";"";"";"";"";"";"";"";"";"";"";"";"";"";"";"";"";"";"";"";"";"";"";"";""
30.11.2022 01:03:31;1669766611000;880f01e687e2572cea04e80fc6a68085;103464;OK;1799;0;0;0;0;-0,03;-7,31;0;0;521;715;"";198,019;29,7;463,271;63,9;20,948;0,81;1,639;0,23;9,146;1,7;10,811;11,0;13,413;11,02;14,107;11,13;1600,675;166,18;504,286;59,24;59,359;15,79;3,118;10,25;1,505;10,18;0,045;10,0;1,693;23,376;0,53;31,533;3,33;6,65;0,61;5,705;1,34;958,786;1,0;"";"";18,101;2,6;135,171;14,5;"";"";13,145;19,94;22,0;"";"";"";"";"";"";"";"";"";"";"";"";"";"";"";"";"";"";"";"";"";"";"";"";"";"";"";"";"";"";"";"";"";"";"";"";"";"";"";"";"";"";"";"";"";"";"";"";"";"";"";"";"";"";"";"";"";"";"";"";"";"";"";"";""
30.11.2022 01:05:32;1669766732000;880f01e687e2572cea04e80fc6a68085;103585;OK;1791;0;0;0;0;-0,0;1,56;0;0;536;715;"";196,509;29,48;465,272;63,96;20,948;0,81;1,638;0,23;9,189;1,69;10,365;11,0;13,064;11,02;14,316;11,1;1589,033;165,03;498,26;58,6;53,994;15,24;4,497;10,5;1,206;10,07;0,005;10,0;2,058;23,373;0,53;31,505;3,33;6,643;0,61;5,69;1,34;958,789;1,0;"";"";18,092;2,6;135,056;14,5;"";"";13,015;19,99;13,0;"";"";"";"";"";"";"";"";"";"";"";"";"";"";"";"";"";"";"";"";"";"";"";"";"";"";"";"";"";"";"";"";"";"";"";"";"";"";"";"";"";"";"";"";"";"";"";"";"";"";"";"";"";"";"";"";"";"";"";"";"";"";"";"";""
30.11.2022 01:07:31;1669766851000;880f01e687e2572cea04e80fc6a68085;103705;OK;1786;0;0;0;0;-0,02;-3,89;0;0;504;715;"";196,707;29,51;464,745;63,94;20,948;0,81;1,639;0,23;9,214;1,69;11,289;11,0;14,738;11,25;15,383;11,45;1697,679;175,62;525,904;61,36;76,93901;17,44;3,597;10,32;0,76;10,01;0,0;10,0;1,712;23,373;0,53;31,511;3,33;6,644;0,61;5,692;1,34;958,806;1,0;"";"";18,108;2,6;135,268;14,51;"";"";13,002;20,0;13,0;"";"";"";"";"";"";"";"";"";"";"";"";"";"";"";"";"";"";"";"";"";"";"";"";"";"";"";"";"";"";"";"";"";"";"";"";"";"";"";"";"";"";"";"";"";"";"";"";"";"";"";"";"";"";"";"";"";"";"";"";"";"";"";"";""
30.11.2022 01:09:33;1669766973000;880f01e687e2572cea04e80fc6a68085;103825;OK;1808;0;0;0;0;-0,05;3,77;0;0;497;715;"";197,768;29,67;465,127;63,95;20,946;0,81;1,638;0,23;9,191;1,69;11,485;11,0;15,283;11,48;16,295;11,79;1659,18;171,82;519,982;60,77;71,439;16,94;5,511;10,62;1,209;10,0;0,0;10,0;1,885;23,372;0,53;31,464;3,33;6,634;0,61;5,669;1,34;958,812;1,0;"";"";18,104;2,6;135,097;14,5;"";"";13,0;20,0;13,0;"";"";"";"";"";"";"";"";"";"";"";"";"";"";"";"";"";"";"";"";"";"";"";"";"";"";"";"";"";"";"";"";"";"";"";"";"";"";"";"";"";"";"";"";"";"";"";"";"";"";"";"";"";"";"";"";"";"";"";"";"";"";"";"";""
30.11.2022 01:11:33;1669767093000;880f01e687e2572cea04e80fc6a68085;103946;OK;1796;0;0;0;0;-0,07;-2,48;0;0;543;714;"";196,441;29,47;465,203;63,96;20,947;0,81;1,637;0,23;9,106;1,7;10,181;11,0;12,864;11,05;13,855;11,14;1530,803;159,22;480,991;56,98;65,979;16,45;1,607;10,06;1,163;10,0;0,143;10,0;1,921;23,369;0,53;31,418;3,33;6,623;0,61;5,646;1,35;958,797;1,0;"";"";18,085;2,6;135,181;14,5;"";"";13,0;20,0;13,0;"";"";"";"";"";"";"";"";"";"";"";"";"";"";"";"";"";"";"";"";"";"";"";"";"";"";"";"";"";"";"";"";"";"";"";"";"";"";"";"";"";"";"";"";"";"";"";"";"";"";"";"";"";"";"";"";"";"";"";"";"";"";"";"";""
30.11.2022 01:13:33;1669767213000;880f01e687e2572cea04e80fc6a68085;104066;OK;1793;0;0;0;0;-0,09;-6,46;0;0;526;714;"";196,479;29,47;461,6;63,85;20,948;0,81;1,637;0,23;9,058;1,7;10,652;11,0;15,637;11,64;16,733;11,7;1658,725;171,84;525,505;61,24;82,727;17,98;3,757;10,3;1,839;10,0;0,015;10,0;2,012;23,363;0,53;31,408;3,33;6,619;0,61;5,636;1,35;958,794;1,0;"";"";17,982;2,6;134,977;14,49;"";"";13,0;20,0;13,0;"";"";"";"";"";"";"";"";"";"";"";"";"";"";"";"";"";"";"";"";"";"";"";"";"";"";"";"";"";"";"";"";"";"";"";"";"";"";"";"";"";"";"";"";"";"";"";"";"";"";"";"";"";"";"";"";"";"";"";"";"";"";"";"";""
30.11.2022 01:15:34;1669767334000;880f01e687e2572cea04e80fc6a68085;104187;OK;1788;0;0;0;0;-0,01;-5,84;0;0;558;715;"";196,796;29,52;462,638;63,88;20,948;0,81;1,635;0,23;9,052;1,7;9,786;11,0;12,138;11,07;12,477;11,08;1462,562;152,72;453,755;54,28;48,404;14,77;0,95;10,03;0,753;10,0;0,002;10,0;1,508;23,363;0,53;31,451;3,33;6,628;0,61;5,656;1,34;958,804;1,0;"";"";17,91;2,61;135,034;14,49;"";"";13,0;20,0;13,0;"";"";"";"";"";"";"";"";"";"";"";"";"";"";"";"";"";"";"";"";"";"";"";"";"";"";"";"";"";"";"";"";"";"";"";"";"";"";"";"";"";"";"";"";"";"";"";"";"";"";"";"";"";"";"";"";"";"";"";"";"";"";"";"";""
30.11.2022 01:17:34;1669767454000;880f01e687e2572cea04e80fc6a68085;104307;OK;1802;0;0;0;0;-0,01;-1,13;0;0;528;715;"";194,246;29,14;464,442;63,93;20,95;0,81;1,634;0,23;9,027;1,7;10,614;11,0;14,227;11,26;14,564;11,33;1535,388;159,84;485,274;57,38;58,842;15,69;2,788;10,27;0,286;10,0;0,0;10,0;1,556;23,353;0,53;31,385;3,33;6,61;0,61;5,617;1,35;958,791;1,0;"";"";17,898;2,61;135,059;14,5;"";"";13,0;20,0;13,0;"";"";"";"";"";"";"";"";"";"";"";"";"";"";"";"";"";"";"";"";"";"";"";"";"";"";"";"";"";"";"";"";"";"";"";"";"";"";"";"";"";"";"";"";"";"";"";"";"";"";"";"";"";"";"";"";"";"";"";"";"";"";"";"";""
30.11.2022 01:19:34;1669767574000;880f01e687e2572cea04e80fc6a68085;104426;OK;1806;0;0;0;0;-0,04;2,47;0;0;524;714;"";196,253;29,44;461,761;63,85;20,949;0,81;1,634;0,23;9,081;1,7;10,703;11,0;13,104;11,06;14,132;11,25;1560,809;162,19;490,811;57,87;55,862;15,53;1,991;10,26;1,724;10,23;0,0;10,0;1,869;23,355;0,53;31,363;3,33;6,607;0,61;5,609;1,35;958,7999;1,0;"";"";17,938;2,61;134,968;14,49;"";"";13,0;20,0;13,0;"";"";"";"";"";"";"";"";"";"";"";"";"";"";"";"";"";"";"";"";"";"";"";"";"";"";"";"";"";"";"";"";"";"";"";"";"";"";"";"";"";"";"";"";"";"";"";"";"";"";"";"";"";"";"";"";"";"";"";"";"";"";"";"";""
30.11.2022 01:21:34;1669767694000;880f01e687e2572cea04e80fc6a68085;104547;OK;1789;0;0;0;0;-0,06;-5,68;0;0;520;714;"";195,784;29,37;461,301;63,84;20,948;0,81;1,634;0,23;9,11;1,7;10,837;11,0;14,221;11,24;15,803;11,5;1627,026;168,72;513,684;60,15;71,385;17,07;2,829;10,25;1,999;10,19;0,0;10,0;2,155;23,355;0,53;31,358;3,33;6,606;0,61;5,606;1,35;958,812;1,0;"";"";17,791;2,61;135,085;14,5;"";"";13,0;20,0;13,0;"";"";"";"";"";"";"";"";"";"";"";"";"";"";"";"";"";"";"";"";"";"";"";"";"";"";"";"";"";"";"";"";"";"";"";"";"";"";"";"";"";"";"";"";"";"";"";"";"";"";"";"";"";"";"";"";"";"";"";"";"";"";"";"";""
30.11.2022 01:23:35;1669767815000;880f01e687e2572cea04e80fc6a68085;104668;OK;1795;0;0;0;0;-0,02;-3,52;0;0;532;715;"";197,851;29,68;462,737;63,88;20,948;0,81;1,634;0,23;9,197;1,69;10,505;11,0;13,652;11,09;14,983;11,41;1593,714;165,48;497,886;58,59;66,043;16,46;2,709;10,16;1,833;10,08;0,634;10,0;2,073;23,35;0,53;31,36;3,33;6,604;0,61;5,602;1,35;958,8369;1,0;"";"";17,827;2,61;135,361;14,51;"";"";13,0;20,0;13,0;"";"";"";"";"";"";"";"";"";"";"";"";"";"";"";"";"";"";"";"";"";"";"";"";"";"";"";"";"";"";"";"";"";"";"";"";"";"";"";"";"";"";"";"";"";"";"";"";"";"";"";"";"";"";"";"";"";"";"";"";"";"";"";"";""
30.11.2022 01:25:36;1669767936000;880f01e687e2572cea04e80fc6a68085;104789;OK;1796;0;0;0;0;-0,01;3,25;0;0;548;715;"";197,407;29,61;463,433;63,9;20,947;0,81;1,633;0,23;9,221;1,69;10,039;11,0;11,78;11,01;13,261;11,16;1468,465;153,25;459,434;54,83;48,243;14,68;2,459;10,23;1,257;10,14;0,469;10,0;2,128;23,349;0,53;31,359;3,33;6,603;0,61;5,601;1,35;958,843;1,0;"";"";17,768;2,62;135,602;14,52;"";"";13,0;20,0;13,0;"";"";"";"";"";"";"";"";"";"";"";"";"";"";"";"";"";"";"";"";"";"";"";"";"";"";"";"";"";"";"";"";"";"";"";"";"";"";"";"";"";"";"";"";"";"";"";"";"";"";"";"";"";"";"";"";"";"";"";"";"";"";"";"";""
30.11.2022 01:27:37;1669768057000;880f01e687e2572cea04e80fc6a68085;104909;OK;1804;0;0;0;0;-0,01;9,24;0;0;550;715;"";197,258;29,59;464,932;63,95;20,947;0,81;1,633;0,23;9,112;1,7;9,979;11,0;12,227;11,0;14,728;11,35;1488,399;155,27;465,59;55,44;59,266;15,8;4,538;10,49;2,286;10,2;0,777;10,0;2,699;23,345;0,53;31,359;3,33;6,602;0,61;5,597;1,35;958,8409;1,0;"";"";17,699;2,62;135,307;14,51;"";"";13,0;20,0;13,0;"";"";"";"";"";"";"";"";"";"";"";"";"";"";"";"";"";"";"";"";"";"";"";"";"";"";"";"";"";"";"";"";"";"";"";"";"";"";"";"";"";"";"";"";"";"";"";"";"";"";"";"";"";"";"";"";"";"";"";"";"";"";"";"";""
30.11.2022 01:29:37;1669768177000;880f01e687e2572cea04e80fc6a68085;105030;OK;1790;0;0;0;0;-0,01;-4,16;0;0;556;715;"";196,94;29,54;460,918;63,83;20,949;0,81;1,632;0,23;9,055;1,7;9,823;11,0;13,067;11,15;15,007;11,37;1509,508;157,25;469,182;55,77;57,262;15,61;4,004;10,39;1,626;10,09;0,238;10,0;2,427;23,342;0,53;31,361;3,33;6,601;0,61;5,596;1,35;958,82;1,0;"";"";17,747;2,62;134,994;14,49;"";"";13,0;20,0;13,0;"";"";"";"";"";"";"";"";"";"";"";"";"";"";"";"";"";"";"";"";"";"";"";"";"";"";"";"";"";"";"";"";"";"";"";"";"";"";"";"";"";"";"";"";"";"";"";"";"";"";"";"";"";"";"";"";"";"";"";"";"";"";"";"";""
30.11.2022 01:31:37;1669768297000;880f01e687e2572cea04e80fc6a68085;105150;OK;1805;0;0;0;0;-0,03;-5,8;0;0;583;714;"";194,715;29,21;462,312;63,87;20,948;0,81;1,632;0,23;9,028;1,7;9,105;11,0;12,121;11,02;13,034;11,04;1394,726;146,04;439,94;52,94;54,696;15,39;2,592;10,14;1,176;10,01;0,025;10,0;1,95;23,344;0,53;31,294;3,33;6,588;0,61;5,567;1,35;958,8189;1,0;"";"";17,699;2,62;135,094;14,5;"";"";13,0;20,0;13,0;"";"";"";"";"";"";"";"";"";"";"";"";"";"";"";"";"";"";"";"";"";"";"";"";"";"";"";"";"";"";"";"";"";"";"";"";"";"";"";"";"";"";"";"";"";"";"";"";"";"";"";"";"";"";"";"";"";"";"";"";"";"";"";"";""
30.11.2022 01:33:38;1669768418000;880f01e687e2572cea04e80fc6a68085;105271;OK;1796;0;0;0;0;-0,02;-8,03;0;0;546;715;"";195,54;29,33;460,275;63,81;20,947;0,81;1,631;0,23;8,99;1,7;10,103;11,0;13,132;11,0;13,892;11,07;1514,874;157,76;480,091;56,85;57,858;15,64;2,654;10,14;0,766;10,06;0,199;10,0;1,795;23,339;0,53;31,35;3,33;6,598;0,61;5,589;1,35;958,827;1,0;"";"";17,629;2,62;135,253;14,5;"";"";13,0;20,0;13,0;"";"";"";"";"";"";"";"";"";"";"";"";"";"";"";"";"";"";"";"";"";"";"";"";"";"";"";"";"";"";"";"";"";"";"";"";"";"";"";"";"";"";"";"";"";"";"";"";"";"";"";"";"";"";"";"";"";"";"";"";"";"";"";"";""
30.11.2022 01:35:38;1669768538000;880f01e687e2572cea04e80fc6a68085;105391;OK;1796;0;0;0;0;-0,05;-1,78;0;0;569;714;"";193,892;29,08;460,922;63,83;20,953;0,81;1,63;0,23;8,955;1,71;9,486;11,0;12,565;11,1;12,911;11,14;1469,851;153,36;463,686;55,3;61,079;15,94;1,588;10,14;0,319;10,01;0,021;10,0;1,53;23,336;0,53;31,26;3,34;6,578;0,61;5,545;1,35;958,824;1,0;"";"";17,644;2,62;135,306;14,51;"";"";13,0;20,0;13,0;"";"";"";"";"";"";"";"";"";"";"";"";"";"";"";"";"";"";"";"";"";"";"";"";"";"";"";"";"";"";"";"";"";"";"";"";"";"";"";"";"";"";"";"";"";"";"";"";"";"";"";"";"";"";"";"";"";"";"";"";"";"";"";"";""
30.11.2022 01:37:39;1669768659000;880f01e687e2572cea04e80fc6a68085;105512;OK;1795;0;0;0;0;-0,07;-4,29;0;0;531;714;"";195,497;29,32;461,491;63,84;20,948;0,81;1,63;0,23;8,875;1,71;10,524;11,0;13,112;11,04;14,545;11,24;1570,334;163,27;491,33;57,92;61,144;15,93;2,83;10,26;1,937;10,07;0,002;10,0;2,117;23,336;0,53;31,24;3,34;6,573;0,61;5,535;1,35;958,824;1,0;"";"";17,588;2,62;135,416;14,51;"";"";13,0;20,0;13,0;"";"";"";"";"";"";"";"";"";"";"";"";"";"";"";"";"";"";"";"";"";"";"";"";"";"";"";"";"";"";"";"";"";"";"";"";"";"";"";"";"";"";"";"";"";"";"";"";"";"";"";"";"";"";"";"";"";"";"";"";"";"";"";"";""
30.11.2022 01:39:38;1669768778000;880f01e687e2572cea04e80fc6a68085;105631;OK;1796;0;0;0;0;-0,02;0,95;0;0;554;716;"";196,609;29,49;460,604;63,82;20,947;0,81;1,629;0,23;8,88;1,71;9,879;11,0;13,119;11,02;14,68;11,19;1527,766;159,02;480,841;56,95;61,322;15,95;5,132;10,57;1,762;10,1;0,273;10,0;2,27;23,335;0,53;31,336;3,33;6,593;0,61;5,579;1,35;958,8449;1,0;"";"";17,609;2,62;135,695;14,53;"";"";13,0;20,0;13,0;"";"";"";"";"";"";"";"";"";"";"";"";"";"";"";"";"";"";"";"";"";"";"";"";"";"";"";"";"";"";"";"";"";"";"";"";"";"";"";"";"";"";"";"";"";"";"";"";"";"";"";"";"";"";"";"";"";"";"";"";"";"";"";"";""
30.11.2022 01:41:37;1669768897000;880f01e687e2572cea04e80fc6a68085;105750;OK;1805;0;0;0;0;0,04;-2,79;0;0;575;715;"";194,418;29,16;459,536;63,79;20,95;0,81;1,629;0,23;8,962;1,7;9,311;11,0;11,974;11,0;13,703;11,15;1463,768;152,85;460,161;54,95;62,383;16,13;2,938;10,17;1,952;10,11;0,029;10,0;2,375;23,334;0,53;31,286;3,34;6,583;0,61;5,555;1,35;958,882;1,0;"";"";17,646;2,62;135,859;14,54;"";"";13,0;20,0;13,0;"";"";"";"";"";"";"";"";"";"";"";"";"";"";"";"";"";"";"";"";"";"";"";"";"";"";"";"";"";"";"";"";"";"";"";"";"";"";"";"";"";"";"";"";"";"";"";"";"";"";"";"";"";"";"";"";"";"";"";"";"";"";"";"";""
30.11.2022 01:43:39;1669769019000;880f01e687e2572cea04e80fc6a68085;105872;OK;1790;0;0;0;0;-0,01;-1,63;0;0;549;715;"";194,83;29,22;462,159;63,86;20,949;0,81;1,628;0,23;8,941;1,71;10,014;11,0;14,959;11,34;17,073;11,69;1544,842;160,67;482,692;57,08;77,963;17,68;7,135;10,71;2,684;10,16;0,003;10,0;2,521;23,333;0,53;31,252;3,34;6,575;0,61;5,538;1,35;958,898;1,0;"";"";17,596;2,62;135,879;14,54;"";"";13,0;20,0;13,0;"";"";"";"";"";"";"";"";"";"";"";"";"";"";"";"";"";"";"";"";"";"";"";"";"";"";"";"";"";"";"";"";"";"";"";"";"";"";"";"";"";"";"";"";"";"";"";"";"";"";"";"";"";"";"";"";"";"";"";"";"";"";"";"";""
30.11.2022 01:45:38;1669769138000;880f01e687e2572cea04e80fc6a68085;105991;OK;1812;0;0;0;0;-0,05;4,68;0;0;568;715;"";193,689;29,05;462,405;63,87;20,954;0,81;1,627;0,23;8,937;1,71;9,538;11,0;13,104;11,17;14,083;11,26;1459,434;152,39;452,355;54,15;61,383;16,08;3,233;10,29;1,587;10,1;0,0;10,0;1,958;23,333;0,53;31,262;3,34;6,577;0,61;5,543;1,35;958,893;1,0;"";"";17,586;2,62;136,076;14,55;"";"";13,0;20,0;13,0;"";"";"";"";"";"";"";"";"";"";"";"";"";"";"";"";"";"";"";"";"";"";"";"";"";"";"";"";"";"";"";"";"";"";"";"";"";"";"";"";"";"";"";"";"";"";"";"";"";"";"";"";"";"";"";"";"";"";"";"";"";"";"";"";""
30.11.2022 01:47:40;1669769260000;880f01e687e2572cea04e80fc6a68085;106112;OK;1803;0;0;0;0;-0,0;2,85;0;0;533;716;"";193,761;29,06;461,224;63,84;20,946;0,81;1,627;0,23;8,897;1,71;10,444;11,0;13,825;11,04;15,198;11,38;1539,259;160,1;487,24;57,52;65,776;16,37;3,897;10,24;2,01;10,22;0,0;10,0;2,109;23,332;0,53;31,29;3,34;6,583;0,61;5,555;1,35;958,896;1,0;"";"";17,681;2,62;136,48;14,57;"";"";13,0;20,0;13,0;"";"";"";"";"";"";"";"";"";"";"";"";"";"";"";"";"";"";"";"";"";"";"";"";"";"";"";"";"";"";"";"";"";"";"";"";"";"";"";"";"";"";"";"";"";"";"";"";"";"";"";"";"";"";"";"";"";"";"";"";"";"";"";"";""
30.11.2022 01:49:40;1669769380000;880f01e687e2572cea04e80fc6a68085;106233;OK;1787;0;0;0;0;0,0;-4,91;0;0;537;715;"";193,17;28,98;459,49;63,78;20,948;0,81;1,626;0,23;8,891;1,71;10,337;11,0;13,892;11,16;15,246;11,49;1565,967;162,79;493,338;58,19;62,902;16,17;3,792;10,3;1,826;10,05;0,0;10,0;2,122;23,332;0,53;31,247;3,34;6,573;0,61;5,535;1,35;958,898;1,0;"";"";17,677;2,62;136,338;14,56;"";"";13,0;20,0;13,0;"";"";"";"";"";"";"";"";"";"";"";"";"";"";"";"";"";"";"";"";"";"";"";"";"";"";"";"";"";"";"";"";"";"";"";"";"";"";"";"";"";"";"";"";"";"";"";"";"";"";"";"";"";"";"";"";"";"";"";"";"";"";"";"";""
30.11.2022 01:51:41;1669769501000;880f01e687e2572cea04e80fc6a68085;106354;OK;1797;0;0;0;0;-0,08;-8,47;0;0;572;714;"";194,352;29,15;459,16;63,77;20,949;0,81;1,625;0,23;8,858;1,71;9,387;11,0;12,727;11,02;13,489;11,22;1477,012;154,09;464,2;55,32;62,468;16,1;2,593;10,34;0,721;10,03;0,0;10,0;1,809;23,331;0,53;31,141;3,34;6,551;0,61;5,484;1,36;958,9069;1,0;"";"";17,554;2,63;136,048;14,55;"";"";13,0;20,0;13,0;"";"";"";"";"";"";"";"";"";"";"";"";"";"";"";"";"";"";"";"";"";"";"";"";"";"";"";"";"";"";"";"";"";"";"";"";"";"";"";"";"";"";"";"";"";"";"";"";"";"";"";"";"";"";"";"";"";"";"";"";"";"";"";"";""
30.11.2022 01:53:43;1669769623000;880f01e687e2572cea04e80fc6a68085;106476;OK;1788;0;0;0;0;-0,11;-6,73;0;0;543;714;"";192,836;28,93;459,208;63,78;20,95;0,81;1,625;0,23;8,783;1,71;10,168;11,0;13,68;11,14;14,118;11,23;1568,177;163,05;486,753;57,44;68,693;16,62;1,732;10,15;0,504;10,0;0,0;10,0;1,625;23,329;0,53;31,126;3,34;6,547;0,61;5,477;1,36;958,933;1,0;"";"";17,454;2,63;135,621;14,52;"";"";13,0;20,0;13,0;"";"";"";"";"";"";"";"";"";"";"";"";"";"";"";"";"";"";"";"";"";"";"";"";"";"";"";"";"";"";"";"";"";"";"";"";"";"";"";"";"";"";"";"";"";"";"";"";"";"";"";"";"";"";"";"";"";"";"";"";"";"";"";"";""
30.11.2022 01:55:42;1669769742000;880f01e687e2572cea04e80fc6a68085;106594;OK;1810;0;0;0;0;-0,05;-1,87;0;0;555;714;"";192,689;28,9;459,639;63,79;20,942;0,81;1,624;0,23;8,813;1,71;9,827;11,0;12,383;11,02;13,331;11,03;1451,339;151,59;447,361;53,63;55,332;15,45;3,437;10,29;1,75;10,08;0,0;10,0;1,91;23,328;0,53;31,165;3,34;6,555;0,61;5,493;1,36;958,96;1,0;"";"";17,4;2,63;135,434;14,51;"";"";13,0;20,0;13,0;"";"";"";"";"";"";"";"";"";"";"";"";"";"";"";"";"";"";"";"";"";"";"";"";"";"";"";"";"";"";"";"";"";"";"";"";"";"";"";"";"";"";"";"";"";"";"";"";"";"";"";"";"";"";"";"";"";"";"";"";"";"";"";"";""
30.11.2022 01:57:42;1669769862000;880f01e687e2572cea04e80fc6a68085;106715;OK;1795;0;0;0;0;0,05;-3,47;0;0;530;715;"";193,519;29,03;457,362;63,72;20,948;0,81;1,623;0,23;8,824;1,71;10,547;11,0;13,805;11,16;15,365;11,44;1594,967;165,63;501,383;58,93;64,254;16,22;3,934;10,33;2,65;10,13;0,0;10,0;2,216;23,327;0,53;31,212;3,34;6,564;0,61;5,514;1,36;958,981;1,0;"";"";17,492;2,63;135,718;14,53;"";"";13,0;20,0;13,0;"";"";"";"";"";"";"";"";"";"";"";"";"";"";"";"";"";"";"";"";"";"";"";"";"";"";"";"";"";"";"";"";"";"";"";"";"";"";"";"";"";"";"";"";"";"";"";"";"";"";"";"";"";"";"";"";"";"";"";"";"";"";"";"";""
30.11.2022 01:59:43;1669769983000;880f01e687e2572cea04e80fc6a68085;106836;OK;1795;0;0;0;0;0,01;-1,38;0;0;551;714;"";192,137;28,82;458,096;63,74;20,948;0,81;1,622;0,23;8,766;1,71;9,948;11,0;12,996;11,03;15,179;11,34;1472,849;153,75;461,607;54,96;60,102;15,85;5,27;10,52;2,743;10,28;0,0;10,0;2,579;23,326;0,53;31,134;3,34;6,547;0,61;5,477;1,36;959,003;1,0;"";"";17,491;2,63;135,565;14,52;"";"";13,0;20,0;13,0;"";"";"";"";"";"";"";"";"";"";"";"";"";"";"";"";"";"";"";"";"";"";"";"";"";"";"";"";"";"";"";"";"";"";"";"";"";"";"";"";"";"";"";"";"";"";"";"";"";"";"";"";"";"";"";"";"";"";"";"";"";"";"";"";""
30.11.2022 02:01:44;1669770104000;880f01e687e2572cea04e80fc6a68085;106956;OK;1802;0;0;0;0;-0,04;-7,26;0;0;530;714;"";192,92;28,94;457,103;63,71;20,947;0,81;1,622;0,23;8,726;1,72;10,535;11,0;14,053;11,15;15,022;11,49;1536,594;159,95;485,661;57,4;74,429;17,16;2,632;10,16;1,103;10,03;0,214;10,0;1,907;23,326;0,53;31,126;3,34;6,546;0,61;5,474;1,36;959,009;1,0;"";"";17,461;2,63;135,398;14,51;"";"";13,0;20,0;13,0;"";"";"";"";"";"";"";"";"";"";"";"";"";"";"";"";"";"";"";"";"";"";"";"";"";"";"";"";"";"";"";"";"";"";"";"";"";"";"";"";"";"";"";"";"";"";"";"";"";"";"";"";"";"";"";"";"";"";"";"";"";"";"";"";""
30.11.2022 02:03:44;1669770224000;880f01e687e2572cea04e80fc6a68085;107077;OK;1802;0;0;0;0;-0,08;-3,11;0;0;544;714;"";191,466;28,72;456,397;63,69;20,947;0,81;1,622;0,23;8,669;1,72;10,139;11,0;13,168;11,02;14,394;11,14;1524,132;158,66;481,588;56,98;68,234;16,59;2,175;10,16;1,359;10,0;0,14;10,0;2,069;23,324;0,53;31,093;3,34;6,538;0,61;5,456;1,36;959,012;1,0;"";"";17,4;2,63;135,45;14,51;"";"";13,0;20,0;13,0;"";"";"";"";"";"";"";"";"";"";"";"";"";"";"";"";"";"";"";"";"";"";"";"";"";"";"";"";"";"";"";"";"";"";"";"";"";"";"";"";"";"";"";"";"";"";"";"";"";"";"";"";"";"";"";"";"";"";"";"";"";"";"";"";""
30.11.2022 02:05:44;1669770344000;880f01e687e2572cea04e80fc6a68085;107197;OK;1797;0;0;0;0;-0,01;-2,91;0;0;528;714;"";193,9;29,09;457,428;63,72;20,948;0,81;1,622;0,23;8,691;1,72;10,611;11,0;13,889;11,28;14,808;11,34;1573,608;163,44;494,8;58,27;63,745;16,19;2,908;10,13;1,527;10,0;0,014;10,0;1,881;23,323;0,53;31,121;3,34;6,544;0,61;5,469;1,36;959,013;1,0;"";"";17,434;2,63;135,792;14,53;"";"";13,0;20,0;13,0;"";"";"";"";"";"";"";"";"";"";"";"";"";"";"";"";"";"";"";"";"";"";"";"";"";"";"";"";"";"";"";"";"";"";"";"";"";"";"";"";"";"";"";"";"";"";"";"";"";"";"";"";"";"";"";"";"";"";"";"";"";"";"";"";""
30.11.2022 02:07:44;1669770464000;880f01e687e2572cea04e80fc6a68085;107317;OK;1788;0;0;0;0;0,01;3,01;0;0;513;715;"";193,906;29,09;459,048;63,77;20,946;0,81;1,62;0,23;8,71;1,72;11,043;11,0;14,307;11,32;15,708;11,51;1587,706;164,9;503,148;59,09;68,838;16,67;4,857;10,54;1,846;10,06;0,001;10,0;2,087;23,322;0,53;31,124;3,34;6,544;0,61;5,47;1,36;959,019;1,0;"";"";17,396;2,63;135,841;14,53;"";"";13,0;20,0;13,0;"";"";"";"";"";"";"";"";"";"";"";"";"";"";"";"";"";"";"";"";"";"";"";"";"";"";"";"";"";"";"";"";"";"";"";"";"";"";"";"";"";"";"";"";"";"";"";"";"";"";"";"";"";"";"";"";"";"";"";"";"";"";"";"";""
30.11.2022 02:09:46;1669770586000;880f01e687e2572cea04e80fc6a68085;107438;OK;1808;0;0;0;0;0,03;-0,49;0;0;533;715;"";194,043;29,11;456,979;63,71;20,948;0,81;1,62;0,23;8,741;1,72;10,466;11,0;14,381;11,13;15,046;11,31;1592,291;165,36;496,407;58,44;75,282;17,35;2,249;10,22;1,003;10,03;0,0;10,0;1,777;23,322;0,53;31,125;3,34;6,544;0,61;5,47;1,36;959,024;1,0;"";"";17,329;2,64;135,742;14,53;"";"";13,0;20,0;13,0;"";"";"";"";"";"";"";"";"";"";"";"";"";"";"";"";"";"";"";"";"";"";"";"";"";"";"";"";"";"";"";"";"";"";"";"";"";"";"";"";"";"";"";"";"";"";"";"";"";"";"";"";"";"";"";"";"";"";"";"";"";"";"";"";""
30.11.2022 02:11:47;1669770707000;880f01e687e2572cea04e80fc6a68085;107560;OK;1789;0;0;0;0;-0,0;-1,89;0;0;553;715;"";192,327;28,85;456,977;63,71;20,948;0,81;1,62;0,23;8,787;1,71;9,922;11,0;13,068;11,08;14,872;11,41;1523,515;158,61;476,888;56,6;55,405;15,4;3,325;10,21;2,606;10,1;0,0;10,0;2,404;23,32;0,53;31,125;3,34;6,543;0,61;5,468;1,36;959,019;1,0;"";"";17,424;2,63;136,005;14,54;"";"";13,0;20,0;13,0;"";"";"";"";"";"";"";"";"";"";"";"";"";"";"";"";"";"";"";"";"";"";"";"";"";"";"";"";"";"";"";"";"";"";"";"";"";"";"";"";"";"";"";"";"";"";"";"";"";"";"";"";"";"";"";"";"";"";"";"";"";"";"";"";""
30.11.2022 02:13:48;1669770828000;880f01e687e2572cea04e80fc6a68085;107681;OK;1786;0;0;0;0;-0,0;1,08;0;0;532;715;"";192,498;28,87;458,658;63,76;20,947;0,81;1,621;0,23;8,824;1,71;10,482;11,0;13,262;11,14;14,867;11,29;1482,867;154,69;470,85;55,87;55,287;15,41;3,365;10,22;1,982;10,05;0,187;10,0;2,226;23,32;0,53;31,125;3,34;6,543;0,61;5,468;1,36;959,01;1,0;"";"";17,382;2,63;136,521;14,57;"";"";13,0;20,0;13,0;"";"";"";"";"";"";"";"";"";"";"";"";"";"";"";"";"";"";"";"";"";"";"";"";"";"";"";"";"";"";"";"";"";"";"";"";"";"";"";"";"";"";"";"";"";"";"";"";"";"";"";"";"";"";"";"";"";"";"";"";"";"";"";"";""
30.11.2022 02:15:48;1669770948000;880f01e687e2572cea04e80fc6a68085;107801;OK;1788;0;0;0;0;-0,02;6,65;0;0;531;715;"";193,036;28,96;458,904;63,77;20,948;0,81;1,62;0,23;8,76;1,71;10,499;11,0;14,922;11,36;15,916;11,62;1596,128;165,7;501,75;58,89;68,804;16,67;4,41;10,32;1,303;10,03;0,019;10,0;1,965;23,317;0,53;31,088;3,34;6,534;0,61;5,448;1,36;959,001;1,0;"";"";17,282;2,64;136,764;14,58;"";"";13,0;20,0;13,0;"";"";"";"";"";"";"";"";"";"";"";"";"";"";"";"";"";"";"";"";"";"";"";"";"";"";"";"";"";"";"";"";"";"";"";"";"";"";"";"";"";"";"";"";"";"";"";"";"";"";"";"";"";"";"";"";"";"";"";"";"";"";"";"";""
30.11.2022 02:17:47;1669771067000;880f01e687e2572cea04e80fc6a68085;107920;OK;1808;0;0;0;0;-0,02;-0,11;0;0;559;715;"";191,448;28,72;457,281;63,72;20,944;0,81;1,619;0,23;8,627;1,72;9,736;11,0;12,771;11,04;14,011;11,09;1473,342;153,66;469,813;55,84;63,778;16,23;2,438;10,07;1,356;10,0;0,636;10,0;2,111;23,316;0,53;31,092;3,34;6,535;0,61;5,449;1,36;958,997;1,0;"";"";17,279;2,64;136,784;14,58;"";"";13,0;20,0;13,0;"";"";"";"";"";"";"";"";"";"";"";"";"";"";"";"";"";"";"";"";"";"";"";"";"";"";"";"";"";"";"";"";"";"";"";"";"";"";"";"";"";"";"";"";"";"";"";"";"";"";"";"";"";"";"";"";"";"";"";"";"";"";"";"";""
30.11.2022 02:19:48;1669771188000;880f01e687e2572cea04e80fc6a68085;108041;OK;1814;0;0;0;0;-0,07;-4,98;0;0;551;714;"";192,647;28,9;457,213;63,72;20,945;0,81;1,619;0,23;8,619;1,72;9,952;11,0;13,835;11,08;14,651;11,21;1546,718;160,89;494,673;58,3;70,599;16,9;2,934;10,2;0,734;10,0;0,087;10,0;1,876;23,314;0,53;31,015;3,34;6,518;0,61;5,411;1,37;959,007;1,0;"";"";17,161;2,65;136,208;14,55;"";"";13,0;20,0;13,0;"";"";"";"";"";"";"";"";"";"";"";"";"";"";"";"";"";"";"";"";"";"";"";"";"";"";"";"";"";"";"";"";"";"";"";"";"";"";"";"";"";"";"";"";"";"";"";"";"";"";"";"";"";"";"";"";"";"";"";"";"";"";"";"";""
30.11.2022 02:21:49;1669771309000;880f01e687e2572cea04e80fc6a68085;108161;OK;1810;0;0;0;0;-0,08;-8,31;0;0;527;714;"";190,297;28,54;455,189;63,66;20,948;0,81;1,618;0,23;8,568;1,72;10,627;11,0;13,453;11,01;14,179;11,07;1644,037;170,31;509,534;59,75;57,99;15,71;1,65;10,09;1,077;10,02;0,009;10,0;1,745;23,31;0,53;30,996;3,34;6,513;0,61;5,399;1,37;959,028;1,0;"";"";17,083;2,65;135,523;14,52;"";"";13,0;20,0;13,0;"";"";"";"";"";"";"";"";"";"";"";"";"";"";"";"";"";"";"";"";"";"";"";"";"";"";"";"";"";"";"";"";"";"";"";"";"";"";"";"";"";"";"";"";"";"";"";"";"";"";"";"";"";"";"";"";"";"";"";"";"";"";"";"";""
30.11.2022 02:23:51;1669771431000;880f01e687e2572cea04e80fc6a68085;108284;OK;1786;0;0;0;0;-0,07;-9,08;0;0;561;713;"";192,622;28,89;454,803;63,64;20,947;0,81;1,618;0,23;8,478;1,73;9,692;11,0;12,612;11,0;14,258;11,23;1558,209;161,98;486,877;57,51;61,667;15,99;3,312;10,37;1,933;10,17;0,001;10,0;2,271;23,311;0,53;30,974;3,34;6,508;0,61;5,39;1,37;959,042;1,0;"";"";17,053;2,65;135,122;14,5;"";"";13,0;20,0;13,0;"";"";"";"";"";"";"";"";"";"";"";"";"";"";"";"";"";"";"";"";"";"";"";"";"";"";"";"";"";"";"";"";"";"";"";"";"";"";"";"";"";"";"";"";"";"";"";"";"";"";"";"";"";"";"";"";"";"";"";"";"";"";"";"";""
30.11.2022 02:25:49;1669771549000;880f01e687e2572cea04e80fc6a68085;108402;OK;1787;0;0;0;0;-0,01;-3,66;0;0;577;714;"";192,176;28,83;456,0;63,68;20,946;0,81;1,617;0,23;8,46;1,73;9,273;11,0;13,3;11,15;15,74;11,52;1472,334;153,56;462,874;55,21;70,013;16,81;6,731;10,71;3,189;10,21;0,0;10,0;2,721;23,306;0,53;31,002;3,34;6,512;0,61;5,398;1,37;959,05;1,0;"";"";16,955;2,66;135,176;14,5;"";"";13,0;20,0;13,0;"";"";"";"";"";"";"";"";"";"";"";"";"";"";"";"";"";"";"";"";"";"";"";"";"";"";"";"";"";"";"";"";"";"";"";"";"";"";"";"";"";"";"";"";"";"";"";"";"";"";"";"";"";"";"";"";"";"";"";"";"";"";"";"";""
30.11.2022 02:27:50;1669771670000;880f01e687e2572cea04e80fc6a68085;108523;OK;1798;0;0;0;0;0,0;4,96;0;0;558;714;"";191,159;28,67;457,184;63,72;20,946;0,81;1,617;0,23;8,478;1,73;9,786;11,0;12,428;11,08;13,331;11,14;1465,949;153,0;464,587;55,33;54,726;15,35;2,521;10,09;1,095;10,02;0,0;10,0;1,873;23,304;0,53;31,003;3,34;6,512;0,61;5,397;1,37;959,0269;1,0;"";"";16,951;2,66;135,294;14,5;"";"";13,0;20,0;13,0;"";"";"";"";"";"";"";"";"";"";"";"";"";"";"";"";"";"";"";"";"";"";"";"";"";"";"";"";"";"";"";"";"";"";"";"";"";"";"";"";"";"";"";"";"";"";"";"";"";"";"";"";"";"";"";"";"";"";"";"";"";"";"";"";""
30.11.2022 02:29:51;1669771791000;880f01e687e2572cea04e80fc6a68085;108644;OK;1797;0;0;0;0;0,04;9,17;0;0;530;716;"";192,068;28,81;457,95;63,74;20,947;0,81;1,617;0,23;8,506;1,73;10,54;11,0;16,113;11,73;16,828;11,78;1615,268;167,48;511,718;59,85;78,544;17,71;6,753;10,6;1,111;10,03;0,0;10,0;1,878;23,302;0,53;31,085;3,34;6,528;0,61;5,434;1,36;959,0349;1,0;"";"";16,986;2,65;135,628;14,52;"";"";13,0;20,0;13,0;"";"";"";"";"";"";"";"";"";"";"";"";"";"";"";"";"";"";"";"";"";"";"";"";"";"";"";"";"";"";"";"";"";"";"";"";"";"";"";"";"";"";"";"";"";"";"";"";"";"";"";"";"";"";"";"";"";"";"";"";"";"";"";"";""
30.11.2022 02:31:52;1669771912000;880f01e687e2572cea04e80fc6a68085;108765;OK;1808;0;0;0;0;0,01;-1,99;0;0;547;715;"";193,516;29,03;455,077;63,65;20,946;0,81;1,617;0,23;8,487;1,73;10,073;11,0;13,001;11,17;14,252;11,18;1535,488;159,81;478,265;56,69;58,741;15,73;3,946;10,38;0,673;10,0;0,525;10,0;2,101;23,301;0,53;31,016;3,34;6,513;0,61;5,401;1,37;959,05;1,0;"";"";17,113;2,65;136,2;14,55;"";"";13,0;20,0;13,0;"";"";"";"";"";"";"";"";"";"";"";"";"";"";"";"";"";"";"";"";"";"";"";"";"";"";"";"";"";"";"";"";"";"";"";"";"";"";"";"";"";"";"";"";"";"";"";"";"";"";"";"";"";"";"";"";"";"";"";"";"";"";"";"";""
30.11.2022 02:33:52;1669772032000;880f01e687e2572cea04e80fc6a68085;108885;OK;1788;0;0;0;0;-0,01;-2,91;0;0;544;714;"";192,113;28,82;456,637;63,7;20,945;0,81;1,617;0,23;8,481;1,73;10,14;11,0;13,742;11,11;14,454;11,23;1518,079;158,02;479,602;56,81;71,043;16,96;3,26;10,27;1,022;10,0;0,054;10,0;1,811;23,299;0,53;31,007;3,34;6,511;0,61;5,395;1,37;959,067;1,0;"";"";17,152;2,65;136,745;14,58;"";"";13,0;20,0;13,0;"";"";"";"";"";"";"";"";"";"";"";"";"";"";"";"";"";"";"";"";"";"";"";"";"";"";"";"";"";"";"";"";"";"";"";"";"";"";"";"";"";"";"";"";"";"";"";"";"";"";"";"";"";"";"";"";"";"";"";"";"";"";"";"";""
30.11.2022 02:35:53;1669772153000;880f01e687e2572cea04e80fc6a68085;109006;OK;1801;0;0;0;0;-0,04;-1,95;0;0;528;715;"";193,29;28,99;456,709;63,7;20,945;0,81;1,617;0,23;8,52;1,73;10,593;11,0;12,879;11,01;13,671;11,07;1530,564;159,25;483,581;57,2;57,865;15,64;1,961;10,19;0,896;10,01;0,006;10,0;1,744;23,299;0,53;31,005;3,34;6,51;0,61;5,394;1,37;959,07;1,0;"";"";17,191;2,64;137,071;14,6;"";"";13,0;20,0;13,0;"";"";"";"";"";"";"";"";"";"";"";"";"";"";"";"";"";"";"";"";"";"";"";"";"";"";"";"";"";"";"";"";"";"";"";"";"";"";"";"";"";"";"";"";"";"";"";"";"";"";"";"";"";"";"";"";"";"";"";"";"";"";"";"";""
30.11.2022 02:37:53;1669772273000;880f01e687e2572cea04e80fc6a68085;109126;OK;1793;0;0;0;0;0,05;6,27;0;0;571;716;"";191,967;28,8;457,032;63,71;20,945;0,81;1,616;0,23;8,595;1,72;9,437;11,0;12,806;11,06;13,294;11,16;1429,262;149,47;444,317;53,38;59,307;15,76;1,899;10,15;0,597;10,0;0,001;10,0;1,678;23,297;0,53;31,101;3,34;6,53;0,61;5,437;1,36;959,0659;1,0;"";"";17,241;2,64;137,217;14,6;"";"";13,0;20,0;13,0;"";"";"";"";"";"";"";"";"";"";"";"";"";"";"";"";"";"";"";"";"";"";"";"";"";"";"";"";"";"";"";"";"";"";"";"";"";"";"";"";"";"";"";"";"";"";"";"";"";"";"";"";"";"";"";"";"";"";"";"";"";"";"";"";""
30.11.2022 02:39:54;1669772394000;880f01e687e2572cea04e80fc6a68085;109247;OK;1816;0;0;0;0;0,02;-2,2;0;0;555;715;"";192,23;28,83;455,69;63,67;20,946;0,81;1,615;0,23;8,533;1,73;9,865;11,0;14,055;11,11;14,655;11,28;1561,873;162,32;484,097;57,25;70,403;16,91;3,952;10,31;1,148;10,01;0,0;10,0;1,765;23,297;0,53;31,017;3,34;6,512;0,61;5,398;1,37;959,058;1,0;"";"";17,195;2,64;136,994;14,59;"";"";13,0;20,0;13,0;"";"";"";"";"";"";"";"";"";"";"";"";"";"";"";"";"";"";"";"";"";"";"";"";"";"";"";"";"";"";"";"";"";"";"";"";"";"";"";"";"";"";"";"";"";"";"";"";"";"";"";"";"";"";"";"";"";"";"";"";"";"";"";"";""
30.11.2022 02:41:55;1669772515000;880f01e687e2572cea04e80fc6a68085;109367;OK;1797;0;0;0;0;-0,01;-3,2;0;0;531;715;"";193,044;28,96;456,521;63,7;20,946;0,81;1,615;0,23;8,519;1,73;10,537;11,0;12,923;11,01;14,062;11,14;1568,167;162,97;495,757;58,37;63,098;16,16;1,881;10,06;1,592;10,03;0,0;10,0;1,978;23,294;0,53;31,018;3,34;6,511;0,61;5,396;1,37;959,051;1,0;"";"";17,129;2,65;137,076;14,6;"";"";13,0;20,0;13,0;"";"";"";"";"";"";"";"";"";"";"";"";"";"";"";"";"";"";"";"";"";"";"";"";"";"";"";"";"";"";"";"";"";"";"";"";"";"";"";"";"";"";"";"";"";"";"";"";"";"";"";"";"";"";"";"";"";"";"";"";"";"";"";"";""
30.11.2022 02:43:56;1669772636000;880f01e687e2572cea04e80fc6a68085;109488;OK;1798;0;0;0;0;-0,06;-5,13;0;0;523;715;"";190,287;28,54;455,659;63,67;20,945;0,81;1,615;0,23;8,502;1,73;10,76;11,0;14,259;11,14;15,032;11,26;1596,809;165,73;501,032;58,79;63,86;16,22;2,37;10,1;0,754;10,0;0,0;10,0;1,786;23,294;0,53;30,981;3,34;6,503;0,61;5,378;1,37;959,052;1,0;"";"";17,131;2,65;136,822;14,58;"";"";13,0;20,0;13,0;"";"";"";"";"";"";"";"";"";"";"";"";"";"";"";"";"";"";"";"";"";"";"";"";"";"";"";"";"";"";"";"";"";"";"";"";"";"";"";"";"";"";"";"";"";"";"";"";"";"";"";"";"";"";"";"";"";"";"";"";"";"";"";"";""
30.11.2022 02:45:56;1669772756000;880f01e687e2572cea04e80fc6a68085;109608;OK;1810;0;0;0;0;-0,01;-0,33;0;0;506;715;"";190,717;28,61;455,74;63,67;20,948;0,81;1,614;0,23;8,397;1,73;11,243;11,0;14,51;11,12;15,786;11,57;1633,733;169,32;510,95;59,76;68,662;16,72;3,064;10,24;1,172;10,04;0,0;10,0;2,016;23,293;0,53;31,0;3,34;6,507;0,61;5,386;1,37;959,058;1,0;"";"";17,117;2,65;136,702;14,58;"";"";13,0;20,0;13,0;"";"";"";"";"";"";"";"";"";"";"";"";"";"";"";"";"";"";"";"";"";"";"";"";"";"";"";"";"";"";"";"";"";"";"";"";"";"";"";"";"";"";"";"";"";"";"";"";"";"";"";"";"";"";"";"";"";"";"";"";"";"";"";"";""
30.11.2022 02:47:56;1669772876000;880f01e687e2572cea04e80fc6a68085;109729;OK;1796;0;0;0;0;-0,01;-2,62;0;0;570;715;"";190,201;28,53;455,102;63,65;20,946;0,81;1,614;0,23;8,477;1,73;9,436;11,0;12,866;11,02;13,833;11,3;1492,643;155,64;469,026;55,75;63,811;16,25;2,935;10,32;1,554;10,03;0,0;10,0;1,936;23,29;0,53;31,005;3,34;6,507;0,61;5,386;1,37;959,044;1,0;"";"";17,088;2,65;136,619;14,57;"";"";13,0;20,0;13,0;"";"";"";"";"";"";"";"";"";"";"";"";"";"";"";"";"";"";"";"";"";"";"";"";"";"";"";"";"";"";"";"";"";"";"";"";"";"";"";"";"";"";"";"";"";"";"";"";"";"";"";"";"";"";"";"";"";"";"";"";"";"";"";"";""
30.11.2022 02:49:55;1669772995000;880f01e687e2572cea04e80fc6a68085;109848;OK;1806;0;0;0;0;0,01;-3,85;0;0;580;716;"";189,975;28,5;454,398;63,63;20,946;0,81;1,613;0,23;8,434;1,73;9,202;11,0;12,127;11,0;13,547;11,15;1425,425;148,97;446,41;53,54;54,576;15,36;3,879;10,43;3,198;10,34;0,12;10,0;2,219;23,291;0,53;31,008;3,34;6,508;0,61;5,388;1,37;959,04;1,0;"";"";17,037;2,65;136,594;14,57;"";"";13,0;20,0;13,0;"";"";"";"";"";"";"";"";"";"";"";"";"";"";"";"";"";"";"";"";"";"";"";"";"";"";"";"";"";"";"";"";"";"";"";"";"";"";"";"";"";"";"";"";"";"";"";"";"";"";"";"";"";"";"";"";"";"";"";"";"";"";"";"";""
30.11.2022 02:51:56;1669773116000;880f01e687e2572cea04e80fc6a68085;109968;OK;1793;0;0;0;0;-0,0;-3,22;0;0;561;716;"";190,037;28,51;455,139;63,65;20,948;0,81;1,613;0,23;8,44;1,73;9,679;11,0;12,705;11,0;13,919;11,02;1491,792;155,51;469,138;55,78;63,432;16,23;2,218;10,11;1,982;10,06;0,701;10,0;2,092;23,287;0,53;31,005;3,34;6,506;0,61;5,383;1,37;959,039;1,0;"";"";17,054;2,65;136,672;14,57;"";"";13,0;20,0;13,0;"";"";"";"";"";"";"";"";"";"";"";"";"";"";"";"";"";"";"";"";"";"";"";"";"";"";"";"";"";"";"";"";"";"";"";"";"";"";"";"";"";"";"";"";"";"";"";"";"";"";"";"";"";"";"";"";"";"";"";"";"";"";"";"";""
30.11.2022 02:53:57;1669773237000;880f01e687e2572cea04e80fc6a68085;110090;OK;1806;0;0;0;0;-0,0;5,39;0;0;544;716;"";189,508;28,43;456,877;63,71;20,946;0,81;1,613;0,23;8,451;1,73;10,151;11,0;13,966;11,15;14,506;11,28;1521,16;158,43;484,815;57,3;79,391;17,77;3,596;10,31;0,884;10,01;0,072;10,0;1,724;23,286;0,53;31,006;3,34;6,506;0,61;5,383;1,37;959,048;1,0;"";"";16,979;2,65;136,461;14,56;"";"";13,0;20,0;13,0;"";"";"";"";"";"";"";"";"";"";"";"";"";"";"";"";"";"";"";"";"";"";"";"";"";"";"";"";"";"";"";"";"";"";"";"";"";"";"";"";"";"";"";"";"";"";"";"";"";"";"";"";"";"";"";"";"";"";"";"";"";"";"";"";""
30.11.2022 02:55:56;1669773356000;880f01e687e2572cea04e80fc6a68085;110209;OK;1796;0;0;0;0;-0,05;-1,95;0;0;567;715;"";189,375;28,41;453,073;63,59;20,946;0,81;1,613;0,23;8,37;1,73;9,534;11,0;12,993;11,04;14,19;11,27;1499,885;156,33;464,948;55,44;57,866;15,66;3,43;10,21;1,225;10,02;0,188;10,0;2,085;23,283;0,53;30,919;3,34;6,486;0,61;5,34;1,37;959,04;1,0;"";"";16,989;2,65;136,341;14,56;"";"";13,0;20,0;13,0;"";"";"";"";"";"";"";"";"";"";"";"";"";"";"";"";"";"";"";"";"";"";"";"";"";"";"";"";"";"";"";"";"";"";"";"";"";"";"";"";"";"";"";"";"";"";"";"";"";"";"";"";"";"";"";"";"";"";"";"";"";"";"";"";""
30.11.2022 02:57:57;1669773477000;880f01e687e2572cea04e80fc6a68085;110329;OK;1793;0;0;0;0;-0,09;-11,26;0;0;559;714;"";189,836;28,48;452,552;63,58;20,947;0,81;1,612;0,23;8,27;1,74;9,732;11,0;11,895;11,0;12,908;11,03;1473,848;153,72;459,007;54,89;49,983;14,98;1,705;10,07;1,14;10,0;0,747;10,0;1,934;23,281;0,53;30,889;3,34;6,479;0,61;5,324;1,37;959,013;1,0;"";"";16,879;2,66;136,135;14,55;"";"";13,0;20,0;13,0;"";"";"";"";"";"";"";"";"";"";"";"";"";"";"";"";"";"";"";"";"";"";"";"";"";"";"";"";"";"";"";"";"";"";"";"";"";"";"";"";"";"";"";"";"";"";"";"";"";"";"";"";"";"";"";"";"";"";"";"";"";"";"";"";""
30.11.2022 02:59:57;1669773597000;880f01e687e2572cea04e80fc6a68085;110450;OK;1798;0;0;0;0;-0,05;-8,16;0;0;560;716;"";189,88;28,48;453,973;63,62;20,946;0,81;1,612;0,23;8,239;1,74;9,719;11,0;12,988;11,07;14,158;11,17;1483,507;154,7;470,124;55,85;64,959;16,31;2,45;10,14;1,626;10,0;0,152;10,0;2,084;23,279;0,53;30,959;3,34;6,493;0,61;5,355;1,37;959,002;1,0;"";"";16,86;2,66;136,074;14,54;"";"";13,0;20,0;13,0;"";"";"";"";"";"";"";"";"";"";"";"";"";"";"";"";"";"";"";"";"";"";"";"";"";"";"";"";"";"";"";"";"";"";"";"";"";"";"";"";"";"";"";"";"";"";"";"";"";"";"";"";"";"";"";"";"";"";"";"";"";"";"";"";""
30.11.2022 03:01:58;1669773718000;880f01e687e2572cea04e80fc6a68085;110571;OK;1804;0;0;0;0;0,04;2,1;0;0;517;716;"";191,58;28,74;453,826;63,61;20,945;0,81;1,611;0,23;8,247;1,74;10,904;11,0;14,626;11,19;16,566;11,75;1557,018;161,92;496,479;58,48;76,699;17,48;3,293;10,3;2,847;10,28;1,114;10,0;2,35;23,275;0,53;30,992;3,34;6,499;0,61;5,367;1,37;958,9911;1,0;"";"";16,88;2,66;136,21;14,55;"";"";13,0;20,0;13,0;"";"";"";"";"";"";"";"";"";"";"";"";"";"";"";"";"";"";"";"";"";"";"";"";"";"";"";"";"";"";"";"";"";"";"";"";"";"";"";"";"";"";"";"";"";"";"";"";"";"";"";"";"";"";"";"";"";"";"";"";"";"";"";"";""
30.11.2022 03:03:58;1669773838000;880f01e687e2572cea04e80fc6a68085;110691;OK;1802;0;0;0;0;-0,01;5,07;0;0;531;715;"";189,413;28,41;455,465;63,66;20,948;0,81;1,61;0,23;8,207;1,74;10,499;11,0;13,623;11,06;14,285;11,19;1567,012;162,84;489,837;57,72;71,894;16,99;2,919;10,31;1,127;10,03;0,115;10,0;1,707;23,274;0,53;30,86;3,34;6,47;0,61;5,304;1,37;959,0;1,0;"";"";16,897;2,66;136,227;14,55;"";"";13,0;20,0;13,0;"";"";"";"";"";"";"";"";"";"";"";"";"";"";"";"";"";"";"";"";"";"";"";"";"";"";"";"";"";"";"";"";"";"";"";"";"";"";"";"";"";"";"";"";"";"";"";"";"";"";"";"";"";"";"";"";"";"";"";"";"";"";"";"";""
30.11.2022 03:05:59;1669773959000;880f01e687e2572cea04e80fc6a68085;110811;OK;1804;0;0;0;0;-0,1;0,1;0;0;551;715;"";189,076;28,36;454,317;63,63;20,946;0,81;1,609;0,23;8,135;1,75;9,947;11,0;14,022;11,22;15,808;11,62;1583,397;164,39;499,402;58,72;78,132;17,64;4,7;10,51;2,795;10,29;0,012;10,0;2,37;23,27;0,53;30,832;3,34;6,463;0,61;5,288;1,38;959,0079;1,0;"";"";16,784;2,66;135,933;14,53;"";"";13,0;20,0;13,0;"";"";"";"";"";"";"";"";"";"";"";"";"";"";"";"";"";"";"";"";"";"";"";"";"";"";"";"";"";"";"";"";"";"";"";"";"";"";"";"";"";"";"";"";"";"";"";"";"";"";"";"";"";"";"";"";"";"";"";"";"";"";"";"";""
30.11.2022 03:08:00;1669774080000;880f01e687e2572cea04e80fc6a68085;110933;OK;1795;0;0;0;0;-0,07;-2,31;0;0;532;715;"";190,34;28,55;453,628;63,61;20,947;0,81;1,61;0,23;8,158;1,74;10,504;11,0;15,387;11,5;16,644;11,69;1610,396;167,11;506,536;59,38;76,502;17,49;4,13;10,43;2,174;10,14;0,001;10,0;2,107;23,27;0,53;30,88;3,34;6,473;0,61;5,31;1,37;959,0;1,0;"";"";16,787;2,66;136,029;14,54;"";"";13,0;20,0;13,0;"";"";"";"";"";"";"";"";"";"";"";"";"";"";"";"";"";"";"";"";"";"";"";"";"";"";"";"";"";"";"";"";"";"";"";"";"";"";"";"";"";"";"";"";"";"";"";"";"";"";"";"";"";"";"";"";"";"";"";"";"";"";"";"";""
30.11.2022 03:10:01;1669774201000;880f01e687e2572cea04e80fc6a68085;111054;OK;1796;0;0;0;0;0,01;-4,62;0;0;511;715;"";190,476;28,57;453,381;63,6;20,946;0,81;1,609;0,23;8,171;1,74;11,091;11,0;14,591;11,32;15,582;11,54;1652,798;171,29;522,393;60,95;72,961;17,12;2,942;10,36;1,152;10,01;0,0;10,0;1,901;23,269;0,53;30,842;3,34;6,465;0,61;5,292;1,38;958,9749;1,0;"";"";16,718;2,67;136,114;14,54;"";"";13,0;20,0;13,0;"";"";"";"";"";"";"";"";"";"";"";"";"";"";"";"";"";"";"";"";"";"";"";"";"";"";"";"";"";"";"";"";"";"";"";"";"";"";"";"";"";"";"";"";"";"";"";"";"";"";"";"";"";"";"";"";"";"";"";"";"";"";"";"";""
30.11.2022 03:12:01;1669774321000;880f01e687e2572cea04e80fc6a68085;111174;OK;1786;0;0;0;0;-0,01;-2,48;0;0;562;714;"";190,394;28,56;452,307;63,57;20,945;0,81;1,61;0,23;8,105;1,75;9,663;11,0;11,812;11,05;12,215;11,08;1432,17;149,76;457,408;54,61;49,717;14,85;1,463;10,16;0,701;10,0;0,0;10,0;1,516;23,268;0,53;30,802;3,35;6,456;0,61;5,272;1,38;958,9569;1,0;"";"";16,7;2,67;135,816;14,53;"";"";13,0;20,0;13,0;"";"";"";"";"";"";"";"";"";"";"";"";"";"";"";"";"";"";"";"";"";"";"";"";"";"";"";"";"";"";"";"";"";"";"";"";"";"";"";"";"";"";"";"";"";"";"";"";"";"";"";"";"";"";"";"";"";"";"";"";"";"";"";"";""
30.11.2022 03:14:01;1669774441000;880f01e687e2572cea04e80fc6a68085;111294;OK;1798;0;0;0;0;-0,08;0,57;0;0;512;714;"";189,512;28,43;452,957;63,59;20,953;0,81;1,61;0,23;8,074;1,75;11,071;11,0;15,566;11,61;17,768;11,86;1639,608;169,94;513,458;60,11;85,81;18,38;6,436;10,64;2,985;10,13;0,8820001;10,0;2,45;23,267;0,53;30,762;3,35;6,448;0,61;5,253;1,38;958,945;1,0;"";"";16,636;2,67;135,506;14,51;"";"";13,0;20,0;13,0;"";"";"";"";"";"";"";"";"";"";"";"";"";"";"";"";"";"";"";"";"";"";"";"";"";"";"";"";"";"";"";"";"";"";"";"";"";"";"";"";"";"";"";"";"";"";"";"";"";"";"";"";"";"";"";"";"";"";"";"";"";"";"";"";""
30.11.2022 03:16:02;1669774562000;880f01e687e2572cea04e80fc6a68085;111415;OK;1797;0;0;0;0;-0,02;0,81;0;0;525;715;"";190,187;28,53;453,22;63,6;20,952;0,81;1,609;0,23;8,087;1,75;10,704;11,0;14,307;11,28;16,06;11,49;1565,226;162,67;490,186;57,76;71,932;16,99;5,018;10,63;2,492;10,2;0,148;10,0;2,313;23,265;0,53;30,855;3,34;6,466;0,61;5,295;1,38;958,931;1,0;"";"";16,628;2,67;135,962;14,53;"";"";13,0;20,0;13,0;"";"";"";"";"";"";"";"";"";"";"";"";"";"";"";"";"";"";"";"";"";"";"";"";"";"";"";"";"";"";"";"";"";"";"";"";"";"";"";"";"";"";"";"";"";"";"";"";"";"";"";"";"";"";"";"";"";"";"";"";"";"";"";"";""
30.11.2022 03:18:02;1669774682000;880f01e687e2572cea04e80fc6a68085;111534;OK;1817;0;0;0;0;0,05;4,29;0;0;519;716;"";190,676;28,6;454,022;63,62;20,951;0,81;1,608;0,23;8,118;1,75;10,863;11,0;14,212;11,2;15,395;11,39;1598,568;165,9;502,95;59,06;57,781;15,63;4,956;10,44;1,758;10,08;0,016;10,0;2,002;23,265;0,53;30,883;3,34;6,472;0,61;5,307;1,37;958,926;1,0;"";"";16,625;2,67;136,598;14,57;"";"";13,0;20,0;13,0;"";"";"";"";"";"";"";"";"";"";"";"";"";"";"";"";"";"";"";"";"";"";"";"";"";"";"";"";"";"";"";"";"";"";"";"";"";"";"";"";"";"";"";"";"";"";"";"";"";"";"";"";"";"";"";"";"";"";"";"";"";"";"";"";""
30.11.2022 03:20:03;1669774803000;880f01e687e2572cea04e80fc6a68085;111656;OK;1804;0;0;0;0;0,04;5,5;0;0;532;715;"";189,751;28,46;455,29;63,66;20,944;0,81;1,607;0,23;8,116;1,75;10,497;11,0;14,037;11,17;14,72;11,33;1515,133;157,64;478,931;56,67;70,916;16,93;2,69;10,22;0,568;10,01;0,002;10,0;1,745;23,265;0,53;30,814;3,35;6,458;0,61;5,275;1,38;958,927;1,0;"";"";16,727;2,67;136,72;14,57;"";"";13,0;20,0;13,0;"";"";"";"";"";"";"";"";"";"";"";"";"";"";"";"";"";"";"";"";"";"";"";"";"";"";"";"";"";"";"";"";"";"";"";"";"";"";"";"";"";"";"";"";"";"";"";"";"";"";"";"";"";"";"";"";"";"";"";"";"";"";"";"";""
30.11.2022 03:22:04;1669774924000;880f01e687e2572cea04e80fc6a68085;111776;OK;1812;0;0;0;0;-0,03;1,43;0;0;519;715;"";188,387;28,26;453,299;63,6;20,944;0,81;1,608;0,23;8,111;1,75;10,85;11,0;14,561;11,37;15,721;11,61;1566,445;162,75;491,318;57,84;82,72201;18,15;1,842;10,1;1,238;10,06;0,312;10,0;1,988;23,263;0,53;30,812;3,35;6,456;0,61;5,273;1,38;958,9279;1,0;"";"";16,639;2,67;136,647;14,57;"";"";13,0;20,0;13,0;"";"";"";"";"";"";"";"";"";"";"";"";"";"";"";"";"";"";"";"";"";"";"";"";"";"";"";"";"";"";"";"";"";"";"";"";"";"";"";"";"";"";"";"";"";"";"";"";"";"";"";"";"";"";"";"";"";"";"";"";"";"";"";"";""
30.11.2022 03:24:03;1669775043000;880f01e687e2572cea04e80fc6a68085;111896;OK;1809;0;0;0;0;-0,01;1,44;0;0;524;715;"";189,692;28,45;454,64;63,64;20,942;0,81;1,609;0,23;8,103;1,75;10,722;11,0;13,492;11,1;14,697;11,4;1596,103;165,68;492,006;57,97;60,359;15,84;3,017;10,33;2,235;10,24;0,033;10,0;1,968;23,263;0,53;30,876;3,34;6,47;0,61;5,302;1,37;958,9359;1,0;"";"";16,715;2,67;136,701;14,57;"";"";13,0;20,0;13,0;"";"";"";"";"";"";"";"";"";"";"";"";"";"";"";"";"";"";"";"";"";"";"";"";"";"";"";"";"";"";"";"";"";"";"";"";"";"";"";"";"";"";"";"";"";"";"";"";"";"";"";"";"";"";"";"";"";"";"";"";"";"";"";"";""
30.11.2022 03:26:04;1669775164000;880f01e687e2572cea04e80fc6a68085;112017;OK;1791;0;0;0;0;0,03;2,02;0;0;542;715;"";189,16;28,37;455,957;63,68;20,947;0,81;1,609;0,23;8,156;1,74;10,243;11,0;12,813;11,09;15,155;11,35;1543,997;160,59;487,997;57,59;54,582;15,33;4,144;10,43;2,991;10,3;0,276;10,0;2,641;23,262;0,53;30,869;3,34;6,468;0,61;5,298;1,37;958,96;1,0;"";"";16,682;2,67;136,748;14,58;"";"";13,0;20,0;13,0;"";"";"";"";"";"";"";"";"";"";"";"";"";"";"";"";"";"";"";"";"";"";"";"";"";"";"";"";"";"";"";"";"";"";"";"";"";"";"";"";"";"";"";"";"";"";"";"";"";"";"";"";"";"";"";"";"";"";"";"";"";"";"";"";""
30.11.2022 03:28:04;1669775284000;880f01e687e2572cea04e80fc6a68085;112137;OK;1795;0;0;0;0;-0,04;7,14;0;0;524;714;"";188,67;28,3;455,256;63,66;20,945;0,81;1,607;0,23;8,096;1,75;10,731;11,0;14,684;11,45;16,304;11,63;1572,665;163,42;493,222;58,13;71,643;16,97;4,875;10,39;1,95;10,13;0,242;10,0;2,246;23,261;0,53;30,773;3,35;6,447;0,61;5,252;1,38;958,972;1,0;"";"";16,655;2,67;136,346;14,55;"";"";13,0;20,0;13,0;"";"";"";"";"";"";"";"";"";"";"";"";"";"";"";"";"";"";"";"";"";"";"";"";"";"";"";"";"";"";"";"";"";"";"";"";"";"";"";"";"";"";"";"";"";"";"";"";"";"";"";"";"";"";"";"";"";"";"";"";"";"";"";"";""
30.11.2022 03:30:05;1669775405000;880f01e687e2572cea04e80fc6a68085;112258;OK;1805;0;0;0;0;-0,09;1,09;0;0;510;714;"";188,377;28,26;455,42;63,66;20,947;0,81;1,607;0,23;8,062;1,75;11,112;11,0;15,514;11,44;17,256;11,69;1614,283;167,39;511,352;59,92;69,4;16,8;4,812;10,39;2,088;10,04;0,516;10,0;2,258;23,26;0,53;30,759;3,35;6,444;0,61;5,245;1,38;959,009;1,0;"";"";16,667;2,67;135,96;14,53;"";"";13,0;20,0;13,0;"";"";"";"";"";"";"";"";"";"";"";"";"";"";"";"";"";"";"";"";"";"";"";"";"";"";"";"";"";"";"";"";"";"";"";"";"";"";"";"";"";"";"";"";"";"";"";"";"";"";"";"";"";"";"";"";"";"";"";"";"";"";"";"";""
30.11.2022 03:32:05;1669775525000;880f01e687e2572cea04e80fc6a68085;112378;OK;1802;0;0;0;0;-0,05;-1,45;0;0;497;715;"";189,393;28,41;454,764;63,64;20,946;0,81;1,607;0,23;8,021;1,75;11,493;11,0;15,424;11,49;16,24;11,69;1688,311;174,61;526,309;61,38;73,566;17,08;2,647;10,28;0,854;10,0;0,053;10,0;1,791;23,255;0,53;30,778;3,35;6,446;0,61;5,25;1,38;959,031;1,0;"";"";16,62;2,67;136,031;14,54;"";"";13,0;20,0;13,0;"";"";"";"";"";"";"";"";"";"";"";"";"";"";"";"";"";"";"";"";"";"";"";"";"";"";"";"";"";"";"";"";"";"";"";"";"";"";"";"";"";"";"";"";"";"";"";"";"";"";"";"";"";"";"";"";"";"";"";"";"";"";"";"";""
30.11.2022 03:34:06;1669775646000;880f01e687e2572cea04e80fc6a68085;112499;OK;1794;0;0;0;0;-0,0;-7,3;0;0;547;715;"";188,368;28,26;453,714;63,61;20,945;0,81;1,607;0,23;7,921;1,76;10,071;11,0;13,494;11,05;14,407;11,2;1542,962;160,45;478,852;56,65;68,594;16,66;2,399;10,15;1,272;10,12;0,554;10,0;1,874;23,256;0,53;30,76;3,35;6,443;0,61;5,242;1,38;959,058;1,0;"";"";16,455;2,68;136,157;14,54;"";"";13,0;20,0;13,0;"";"";"";"";"";"";"";"";"";"";"";"";"";"";"";"";"";"";"";"";"";"";"";"";"";"";"";"";"";"";"";"";"";"";"";"";"";"";"";"";"";"";"";"";"";"";"";"";"";"";"";"";"";"";"";"";"";"";"";"";"";"";"";"";""
30.11.2022 03:36:06;1669775766000;880f01e687e2572cea04e80fc6a68085;112619;OK;1800;0;0;0;0;-0,01;-12,66;0;0;529;715;"";188,437;28,27;451,558;63,55;20,943;0,81;1,606;0,23;7,875;1,76;10,574;11,0;13,354;11,01;14,755;11,24;1609,916;166,95;501,878;58,94;62,613;16,13;2,547;10,17;1,956;10,08;0,403;10,0;2,116;23,256;0,53;30,758;3,35;6,443;0,61;5,242;1,38;959,093;1,0;"";"";16,429;2,68;136,005;14,54;"";"";13,0;20,0;13,0;"";"";"";"";"";"";"";"";"";"";"";"";"";"";"";"";"";"";"";"";"";"";"";"";"";"";"";"";"";"";"";"";"";"";"";"";"";"";"";"";"";"";"";"";"";"";"";"";"";"";"";"";"";"";"";"";"";"";"";"";"";"";"";"";""
30.11.2022 03:38:07;1669775887000;880f01e687e2572cea04e80fc6a68085;112740;OK;1800;0;0;0;0;-0,03;-5,85;0;0;528;715;"";187,348;28,1;453,708;63,61;20,946;0,81;1,607;0,23;7,885;1,76;10,597;11,0;13,134;11,0;15,222;11,33;1547,275;160,92;488,956;57,66;63,298;16,13;4,385;10,4;2,022;10,13;1,19;10,0;2,474;23,252;0,53;30,754;3,35;6,44;0,61;5,236;1,38;959,101;1,0;"";"";16,481;2,68;135,955;14,53;"";"";13,0;20,0;13,0;"";"";"";"";"";"";"";"";"";"";"";"";"";"";"";"";"";"";"";"";"";"";"";"";"";"";"";"";"";"";"";"";"";"";"";"";"";"";"";"";"";"";"";"";"";"";"";"";"";"";"";"";"";"";"";"";"";"";"";"";"";"";"";"";""
30.11.2022 03:40:07;1669776007000;880f01e687e2572cea04e80fc6a68085;112860;OK;1791;0;0;0;0;-0,02;2,58;0;0;524;715;"";187,976;28,2;453,857;63,62;20,947;0,81;1,606;0,23;7,894;1,76;10,689;11,0;13,153;11,0;14,659;11,15;1590,434;165,12;500,898;58,85;65,363;16,45;3,456;10,36;1,52;10,03;0,123;10,0;2,156;23,252;0,53;30,742;3,35;6,438;0,61;5,23;1,38;959,098;1,0;"";"";16,366;2,68;135,614;14,52;"";"";13,0;20,0;13,0;"";"";"";"";"";"";"";"";"";"";"";"";"";"";"";"";"";"";"";"";"";"";"";"";"";"";"";"";"";"";"";"";"";"";"";"";"";"";"";"";"";"";"";"";"";"";"";"";"";"";"";"";"";"";"";"";"";"";"";"";"";"";"";"";""
30.11.2022 03:42:08;1669776128000;880f01e687e2572cea04e80fc6a68085;112981;OK;1799;0;0;0;0;-0,03;1,71;0;0;504;714;"";187,111;28,07;452,23;63,57;20,946;0,81;1,606;0,23;7,851;1,76;11,286;11,0;15,489;11,51;16,884;11,64;1648,15;170,75;523,564;61,06;82,781;18,14;5,065;10,45;1,304;10,02;0,013;10,0;2,074;23,249;0,53;30,724;3,35;6,433;0,61;5,219;1,38;959,13;1,0;"";"";16,359;2,69;135,489;14,51;"";"";13,0;20,0;13,0;"";"";"";"";"";"";"";"";"";"";"";"";"";"";"";"";"";"";"";"";"";"";"";"";"";"";"";"";"";"";"";"";"";"";"";"";"";"";"";"";"";"";"";"";"";"";"";"";"";"";"";"";"";"";"";"";"";"";"";"";"";"";"";"";""
30.11.2022 03:44:09;1669776249000;880f01e687e2572cea04e80fc6a68085;113101;OK;1796;0;0;0;0;-0,0;-5,18;0;0;492;715;"";188,004;28,2;452,521;63,58;20,945;0,81;1,605;0,23;7,814;1,76;11,643;11,0;16,096;11,58;18,146;11,92;1690,844;174,91;531,161;61,73;81,94301;17,93;8,25;10,78;2,487;10,25;0,562;10,0;2,382;23,247;0,53;30,747;3,35;6,437;0,61;5,228;1,38;959,161;1,0;"";"";16,378;2,68;135,687;14,52;"";"";13,0;20,0;13,0;"";"";"";"";"";"";"";"";"";"";"";"";"";"";"";"";"";"";"";"";"";"";"";"";"";"";"";"";"";"";"";"";"";"";"";"";"";"";"";"";"";"";"";"";"";"";"";"";"";"";"";"";"";"";"";"";"";"";"";"";"";"";"";"";""
30.11.2022 03:46:10;1669776370000;880f01e687e2572cea04e80fc6a68085;113222;OK;1799;0;0;0;0;0,01;-1,47;0;0;535;715;"";187,6;28,14;452,527;63,58;20,945;0,81;1,604;0,23;7,883;1,76;10,393;11,0;13,233;11,11;13,849;11,23;1560,867;162,14;487,705;57,64;56,895;15,6;2,533;10,23;0,639;10,03;0,058;10,0;1,64;23,246;0,53;30,757;3,35;6,439;0,61;5,232;1,38;959,1849;1,0;"";"";16,393;2,68;136,423;14,56;"";"";13,0;20,0;13,0;"";"";"";"";"";"";"";"";"";"";"";"";"";"";"";"";"";"";"";"";"";"";"";"";"";"";"";"";"";"";"";"";"";"";"";"";"";"";"";"";"";"";"";"";"";"";"";"";"";"";"";"";"";"";"";"";"";"";"";"";"";"";"";"";""
30.11.2022 03:48:10;1669776490000;880f01e687e2572cea04e80fc6a68085;113342;OK;1792;0;0;0;0;-0,01;2,58;0;0;482;714;"";187,333;28,1;452,759;63,58;20,945;0,81;1,605;0,23;7,869;1,76;11,983;11,0;16,815;11,8;19,387;11,87;1736,868;179,39;551,071;63,82;89,00901;18,76;8,348;10,86;3,897;10,43;0,628;10,0;2,434;23,246;0,53;30,686;3,35;6,424;0,61;5,199;1,38;959,213;1,0;"";"";16,437;2,68;136,82;14,58;"";"";13,0;20,0;13,0;"";"";"";"";"";"";"";"";"";"";"";"";"";"";"";"";"";"";"";"";"";"";"";"";"";"";"";"";"";"";"";"";"";"";"";"";"";"";"";"";"";"";"";"";"";"";"";"";"";"";"";"";"";"";"";"";"";"";"";"";"";"";"";"";""
30.11.2022 03:50:10;1669776610000;880f01e687e2572cea04e80fc6a68085;113463;OK;1802;0;0;0;0;-0,07;2,3;0;0;498;714;"";186,71;28,01;453,269;63,6;20,945;0,81;1,605;0,23;7,82;1,76;11,484;11,0;15,713;11,54;17,052;11,7;1649,825;170,87;518,058;60,53;69,234;16,7;3,765;10,34;1,242;10,13;0,314;10,0;2,02;23,243;0,53;30,646;3,35;6,414;0,61;5,177;1,39;959,218;1,0;"";"";16,401;2,68;136,984;14,59;"";"";13,0;20,0;13,0;"";"";"";"";"";"";"";"";"";"";"";"";"";"";"";"";"";"";"";"";"";"";"";"";"";"";"";"";"";"";"";"";"";"";"";"";"";"";"";"";"";"";"";"";"";"";"";"";"";"";"";"";"";"";"";"";"";"";"";"";"";"";"";"";""
30.11.2022 03:52:11;1669776731000;880f01e687e2572cea04e80fc6a68085;113584;OK;1795;0;0;0;0;-0,09;-0,15;0;0;488;714;"";186,951;28,04;452,404;63,57;20,944;0,81;1,604;0,23;7,758;1,76;11,791;11,0;15,022;11,3;17,03;11,83;1682,741;174,16;531,385;61,74;69,434;16,77;4,582;10,46;1,978;10,07;1,157;10,0;2,309;23,241;0,53;30,621;3,35;6,408;0,61;5,164;1,39;959,2219;1,0;"";"";16,351;2,69;136,765;14,58;"";"";13,0;20,0;13,0;"";"";"";"";"";"";"";"";"";"";"";"";"";"";"";"";"";"";"";"";"";"";"";"";"";"";"";"";"";"";"";"";"";"";"";"";"";"";"";"";"";"";"";"";"";"";"";"";"";"";"";"";"";"";"";"";"";"";"";"";"";"";"";"";""
30.11.2022 03:54:10;1669776850000;880f01e687e2572cea04e80fc6a68085;113703;OK;1793;0;0;0;0;-0,04;2,22;0;0;507;714;"";185,219;27,78;453,752;63,61;20,944;0,81;1,605;0,23;7,789;1,76;11,201;11,0;15,361;11,38;17,076;11,91;1644,591;170,37;515,962;60,35;79,155;17,71;4,943;10,47;2,627;10,23;0,908;10,0;2,25;23,242;0,53;30,643;3,35;6,413;0,61;5,175;1,39;959,2219;1,0;"";"";16,321;2,69;136,509;14,56;"";"";13,0;20,0;13,0;"";"";"";"";"";"";"";"";"";"";"";"";"";"";"";"";"";"";"";"";"";"";"";"";"";"";"";"";"";"";"";"";"";"";"";"";"";"";"";"";"";"";"";"";"";"";"";"";"";"";"";"";"";"";"";"";"";"";"";"";"";"";"";"";""
30.11.2022 03:56:11;1669776971000;880f01e687e2572cea04e80fc6a68085;113823;OK;1800;0;0;0;0;0,0;-2,77;0;0;495;714;"";185,664;27,85;452,039;63,56;20,944;0,81;1,605;0,23;7,735;1,76;11,567;11,0;15,546;11,49;15,979;11,57;1669,916;172,92;523,686;61,11;78,94001;17,66;2,649;10,23;0,394;10,02;0,195;10,0;1,589;23,243;0,53;30,638;3,35;6,413;0,61;5,174;1,39;959,245;1,0;"";"";16,342;2,69;136,259;14,55;"";"";13,0;20,0;13,0;"";"";"";"";"";"";"";"";"";"";"";"";"";"";"";"";"";"";"";"";"";"";"";"";"";"";"";"";"";"";"";"";"";"";"";"";"";"";"";"";"";"";"";"";"";"";"";"";"";"";"";"";"";"";"";"";"";"";"";"";"";"";"";"";""
30.11.2022 03:58:12;1669777092000;880f01e687e2572cea04e80fc6a68085;113944;OK;1801;0;0;0;0;0,06;-7,05;0;0;510;715;"";185,261;27,79;450,754;63,52;20,944;0,81;1,604;0,23;7,795;1,76;11,108;11,0;13,982;11,13;14,86;11,39;1619,774;167,95;506,545;59,43;59,592;15,89;2,339;10,21;1,788;10,18;0,854;10,0;1,775;23,241;0,53;30,744;3,35;6,434;0,61;5,221;1,38;959,2119;1,0;"";"";16,393;2,68;136,635;14,57;"";"";13,0;20,0;13,0;"";"";"";"";"";"";"";"";"";"";"";"";"";"";"";"";"";"";"";"";"";"";"";"";"";"";"";"";"";"";"";"";"";"";"";"";"";"";"";"";"";"";"";"";"";"";"";"";"";"";"";"";"";"";"";"";"";"";"";"";"";"";"";"";""
30.11.2022 04:00:12;1669777212000;880f01e687e2572cea04e80fc6a68085;114065;OK;1789;0;0;0;0;0,05;-10,4;0;0;518;715;"";184,915;27,74;450,862;63,53;20,945;0,81;1,604;0,23;7,813;1,76;10,877;11,0;14,211;11,18;15,505;11,45;1636,144;169,54;519,273;60,69;73,165;17,13;2,686;10,18;1,359;10,04;0,213;10,0;2,051;23,24;0,53;30,733;3,35;6,432;0,61;5,216;1,38;959,18;1,0;"";"";16,426;2,68;136,543;14,56;"";"";13,0;20,0;13,0;"";"";"";"";"";"";"";"";"";"";"";"";"";"";"";"";"";"";"";"";"";"";"";"";"";"";"";"";"";"";"";"";"";"";"";"";"";"";"";"";"";"";"";"";"";"";"";"";"";"";"";"";"";"";"";"";"";"";"";"";"";"";"";"";""
30.11.2022 04:02:12;1669777332000;880f01e687e2572cea04e80fc6a68085;114185;OK;1779;0;0;0;0;-0,02;-4,29;0;0;495;714;"";185,017;27,75;450,695;63,52;20,944;0,81;1,603;0,23;7,803;1,76;11,555;11,0;14,818;11,21;15,385;11,47;1614,952;167,51;511,683;59,88;70,85701;16,9;2,67;10,32;0,355;10,0;0,237;10,0;1,626;23,239;0,53;30,611;3,35;6,405;0,61;5,157;1,39;959,17;1,0;"";"";16,359;2,69;135,985;14,54;"";"";13,0;20,0;13,0;"";"";"";"";"";"";"";"";"";"";"";"";"";"";"";"";"";"";"";"";"";"";"";"";"";"";"";"";"";"";"";"";"";"";"";"";"";"";"";"";"";"";"";"";"";"";"";"";"";"";"";"";"";"";"";"";"";"";"";"";"";"";"";"";""
30.11.2022 04:04:13;1669777453000;880f01e687e2572cea04e80fc6a68085;114305;OK;1801;0;0;0;0;-0,1;3,05;0;0;505;714;"";186,044;27,91;451,957;63,56;20,945;0,81;1,603;0,23;7,741;1,76;11,251;11,0;15,107;11,5;16,494;11,63;1648,043;170,69;516,047;60,29;74,792;17,28;5,165;10,65;2,162;10,07;0,024;10,0;2,067;23,237;0,53;30,607;3,35;6,404;0,61;5,154;1,39;959,165;1,0;"";"";16,252;2,69;135,401;14,5;"";"";13,0;20,0;13,0;"";"";"";"";"";"";"";"";"";"";"";"";"";"";"";"";"";"";"";"";"";"";"";"";"";"";"";"";"";"";"";"";"";"";"";"";"";"";"";"";"";"";"";"";"";"";"";"";"";"";"";"";"";"";"";"";"";"";"";"";"";"";"";"";""
30.11.2022 04:06:14;1669777574000;880f01e687e2572cea04e80fc6a68085;114427;OK;1782;0;0;0;0;-0,04;0,51;0;0;536;714;"";186,08;27,91;450,93;63,53;20,945;0,81;1,603;0,23;7,81;1,76;10,377;11,0;14,244;11,34;15,371;11,46;1566,323;162,73;494,244;58,19;72,415;17,06;4,585;10,5;1,162;10,04;0,002;10,0;2,05;23,235;0,53;30,645;3,35;6,411;0,61;5,17;1,39;959,171;1,0;"";"";16,25;2,69;135,648;14,52;"";"";13,0;20,0;13,0;"";"";"";"";"";"";"";"";"";"";"";"";"";"";"";"";"";"";"";"";"";"";"";"";"";"";"";"";"";"";"";"";"";"";"";"";"";"";"";"";"";"";"";"";"";"";"";"";"";"";"";"";"";"";"";"";"";"";"";"";"";"";"";"";""
30.11.2022 04:08:13;1669777693000;880f01e687e2572cea04e80fc6a68085;114545;OK;1802;0;0;0;0;0,06;-1,77;0;0;518;715;"";184,634;27,7;451,055;63,53;20,944;0,81;1,603;0,23;7,802;1,76;10,868;11,0;15,769;11,6;18,505;11,91;1610,806;167,14;506,936;59,41;80,781;17,9;8,034;10,85;3,533;10,24;0,0;10,0;2,619;23,234;0,53;30,715;3,35;6,425;0,61;5,202;1,38;959,177;1,0;"";"";16,29;2,69;136,057;14,54;"";"";13,0;20,0;13,0;"";"";"";"";"";"";"";"";"";"";"";"";"";"";"";"";"";"";"";"";"";"";"";"";"";"";"";"";"";"";"";"";"";"";"";"";"";"";"";"";"";"";"";"";"";"";"";"";"";"";"";"";"";"";"";"";"";"";"";"";"";"";"";"";""
30.11.2022 04:10:15;1669777815000;880f01e687e2572cea04e80fc6a68085;114668;OK;1787;0;0;0;0;0,04;-1,04;0;0;519;715;"";184,978;27,75;451,437;63,54;20,944;0,81;1,603;0,23;7,794;1,76;10,867;11,0;15,515;11,54;19,091;11,98;1644,77;170,4;518,353;60,54;84,776;18,3;7,663;10,82;4,735;10,56;0,892;10,0;3,017;23,232;0,53;30,692;3,35;6,42;0,61;5,19;1,38;959,1909;1,0;"";"";16,358;2,69;136,552;14,56;"";"";13,0;20,0;13,0;"";"";"";"";"";"";"";"";"";"";"";"";"";"";"";"";"";"";"";"";"";"";"";"";"";"";"";"";"";"";"";"";"";"";"";"";"";"";"";"";"";"";"";"";"";"";"";"";"";"";"";"";"";"";"";"";"";"";"";"";"";"";"";"";""
30.11.2022 04:12:14;1669777934000;880f01e687e2572cea04e80fc6a68085;114787;OK;1814;0;0;0;0;-0,01;3,98;0;0;521;715;"";186,099;27,91;452,577;63,58;20,944;0,81;1,602;0,23;7,822;1,76;10,793;11,0;15,28;11,4;17,487;11,88;1620,932;168,01;513,422;60,09;70,917;16,85;7,168;10,66;3,66;10,4;0,095;10,0;2,489;23,233;0,53;30,64;3,35;6,41;0,61;5,166;1,39;959,216;1,0;"";"";16,34;2,69;136,833;14,58;"";"";13,0;20,0;13,0;"";"";"";"";"";"";"";"";"";"";"";"";"";"";"";"";"";"";"";"";"";"";"";"";"";"";"";"";"";"";"";"";"";"";"";"";"";"";"";"";"";"";"";"";"";"";"";"";"";"";"";"";"";"";"";"";"";"";"";"";"";"";"";"";""
30.11.2022 04:14:14;1669778054000;880f01e687e2572cea04e80fc6a68085;114907;OK;1800;0;0;0;0;-0,1;-2,22;0;0;489;713;"";182,931;27,44;450,726;63,52;20,943;0,81;1,602;0,23;7,773;1,76;11,737;11,0;15,616;11,44;16,73;11,69;1692,513;175,1;536,907;62,33;73,542;17,25;4,625;10,44;1,827;10,15;0,01;10,0;1,91;23,232;0,53;30,536;3,35;6,387;0,62;5,116;1,39;959,235;1,0;"";"";16,231;2,69;136,71;14,57;"";"";13,0;20,0;13,0;"";"";"";"";"";"";"";"";"";"";"";"";"";"";"";"";"";"";"";"";"";"";"";"";"";"";"";"";"";"";"";"";"";"";"";"";"";"";"";"";"";"";"";"";"";"";"";"";"";"";"";"";"";"";"";"";"";"";"";"";"";"";"";"";""
30.11.2022 04:16:16;1669778176000;880f01e687e2572cea04e80fc6a68085;115028;OK;1805;0;0;0;0;-0,07;-2,1;0;0;513;714;"";185,041;27,76;451,675;63,55;20,944;0,81;1,602;0,23;7,686;1,77;11,033;11,0;15,32;11,38;16,572;11,64;1684,962;174,34;528,672;61,54;76,525;17,51;4,274;10,3;1,383;10,13;0,001;10,0;2,037;23,231;0,53;30,592;3,35;6,399;0,61;5,142;1,39;959,248;1,0;"";"";16,151;2,7;136,303;14,55;"";"";13,0;20,0;13,0;"";"";"";"";"";"";"";"";"";"";"";"";"";"";"";"";"";"";"";"";"";"";"";"";"";"";"";"";"";"";"";"";"";"";"";"";"";"";"";"";"";"";"";"";"";"";"";"";"";"";"";"";"";"";"";"";"";"";"";"";"";"";"";"";""
30.11.2022 04:18:15;1669778295000;880f01e687e2572cea04e80fc6a68085;115148;OK;1815;0;0;0;0;-0,01;0,54;0;0;534;714;"";186,573;27,99;452,196;63,57;20,946;0,81;1,602;0,23;7,683;1,77;10,444;11,0;13,244;11,11;15,168;11,36;1613,657;167,42;505,472;59,27;67,398;16,58;3,222;10,26;2,304;10,19;0,127;10,0;2,379;23,231;0,53;30,582;3,35;6,396;0,61;5,136;1,39;959,267;1,0;"";"";16,212;2,69;136,09;14,54;"";"";13,0;20,0;13,0;"";"";"";"";"";"";"";"";"";"";"";"";"";"";"";"";"";"";"";"";"";"";"";"";"";"";"";"";"";"";"";"";"";"";"";"";"";"";"";"";"";"";"";"";"";"";"";"";"";"";"";"";"";"";"";"";"";"";"";"";"";"";"";"";""
30.11.2022 04:20:16;1669778416000;880f01e687e2572cea04e80fc6a68085;115268;OK;1820;0;0;0;0;-0,03;-2,09;0;0;503;713;"";181,796;27,27;449,692;63,49;20,942;0,81;1,6;0,23;7,673;1,77;11,353;11,0;13,786;11,02;14,573;11,21;1598,218;165,85;503,347;59,05;61,683;16,1;0,959;10,04;0,744;10,03;0,394;10,0;1,694;23,231;0,53;30,464;3,35;6,372;0,62;5,081;1,4;959,301;1,0;"";"";16,011;2,7;135,461;14,51;"";"";13,633;19,64;32,0;"";"";"";"";"";"";"";"";"";"";"";"";"";"";"";"";"";"";"";"";"";"";"";"";"";"";"";"";"";"";"";"";"";"";"";"";"";"";"";"";"";"";"";"";"";"";"";"";"";"";"";"";"";"";"";"";"";"";"";"";"";"";"";"";""
30.11.2022 04:22:17;1669778537000;880f01e687e2572cea04e80fc6a68085;115390;OK;1810;0;0;0;0;-0,09;-12,13;0;0;524;712;"";182,993;27,45;447,321;63,42;20,942;0,81;1,601;0,23;7,628;1,77;10,701;11,0;14,826;11,4;17,183;11,74;1634,546;169,4;512,784;60,04;68,178;16,74;7,564;10,81;3,35;10,44;0,041;10,0;2,549;23,23;0,53;30,463;3,35;6,371;0,62;5,08;1,4;959,305;1,0;"";"";16,018;2,7;135,131;14,49;"";"";13,065;19,96;13,0;"";"";"";"";"";"";"";"";"";"";"";"";"";"";"";"";"";"";"";"";"";"";"";"";"";"";"";"";"";"";"";"";"";"";"";"";"";"";"";"";"";"";"";"";"";"";"";"";"";"";"";"";"";"";"";"";"";"";"";"";"";"";"";"";""
30.11.2022 04:24:18;1669778658000;880f01e687e2572cea04e80fc6a68085;115511;OK;1813;0;0;0;0;-0,04;-9,61;0;0;533;713;"";182,831;27,42;449,088;63,47;20,946;0,81;1,601;0,23;7,615;1,77;10,449;11,0;13,54;11,08;15,213;11,32;1532,628;159,49;484,089;57,22;66,86;16,54;3,884;10,46;2,351;10,17;0,316;10,0;2,27;23,23;0,53;30,509;3,35;6,381;0,62;5,102;1,39;959,317;1,0;"";"";15,89;2,71;135,385;14,5;"";"";13,007;20,0;13,0;"";"";"";"";"";"";"";"";"";"";"";"";"";"";"";"";"";"";"";"";"";"";"";"";"";"";"";"";"";"";"";"";"";"";"";"";"";"";"";"";"";"";"";"";"";"";"";"";"";"";"";"";"";"";"";"";"";"";"";"";"";"";"";"";""
30.11.2022 04:26:18;1669778778000;880f01e687e2572cea04e80fc6a68085;115631;OK;1786;0;0;0;0;0,09;10,84;0;0;519;714;"";185,266;27,79;453,87;63,62;20,943;0,81;1,6;0,23;7,687;1,77;10,868;11,0;14,628;11,36;16,013;11,51;1639,288;169,82;507,244;59,46;70,803;16,98;4,02;10,42;1,837;10,08;0,948;10,0;2,088;23,229;0,53;30,595;3,35;6,399;0,61;5,142;1,39;959,3309;1,0;"";"";16,02;2,7;135,654;14,52;"";"";13,001;20,0;13,0;"";"";"";"";"";"";"";"";"";"";"";"";"";"";"";"";"";"";"";"";"";"";"";"";"";"";"";"";"";"";"";"";"";"";"";"";"";"";"";"";"";"";"";"";"";"";"";"";"";"";"";"";"";"";"";"";"";"";"";"";"";"";"";"";""
30.11.2022 04:28:19;1669778899000;880f01e687e2572cea04e80fc6a68085;115752;OK;1801;0;0;0;0;0,06;12,37;0;0;487;714;"";185,009;27,75;451,845;63,56;20,943;0,81;1,6;0,23;7,692;1,77;11,817;11,0;14,845;11,2;15,932;11,66;1695,125;175,29;527,623;61,45;70,202;16,85;1,88;10,11;1,458;10,03;0,12;10,0;1,871;23,228;0,53;30,535;3,35;6,386;0,61;5,112;1,39;959,344;1,0;"";"";15,979;2,7;135,858;14,53;"";"";13,0;20,0;13,0;"";"";"";"";"";"";"";"";"";"";"";"";"";"";"";"";"";"";"";"";"";"";"";"";"";"";"";"";"";"";"";"";"";"";"";"";"";"";"";"";"";"";"";"";"";"";"";"";"";"";"";"";"";"";"";"";"";"";"";"";"";"";"";"";""
30.11.2022 04:30:19;1669779019000;880f01e687e2572cea04e80fc6a68085;115871;OK;1802;0;0;0;0;-0,02;1,54;0;0;516;714;"";183,898;27,58;449,587;63,49;20,946;0,81;1,599;0,23;7,657;1,77;10,963;11,0;15,98;11,65;16,732;11,78;1643,475;170,29;519,197;60,67;82,89901;18,17;4,065;10,36;0,636;10,01;0,013;10,0;1,834;23,224;0,53;30,502;3,35;6,377;0,62;5,093;1,39;959,359;1,0;"";"";15,997;2,7;135,545;14,51;"";"";13,0;20,0;13,0;"";"";"";"";"";"";"";"";"";"";"";"";"";"";"";"";"";"";"";"";"";"";"";"";"";"";"";"";"";"";"";"";"";"";"";"";"";"";"";"";"";"";"";"";"";"";"";"";"";"";"";"";"";"";"";"";"";"";"";"";"";"";"";"";""
30.11.2022 04:32:20;1669779140000;880f01e687e2572cea04e80fc6a68085;115992;OK;1807;0;0;0;0;-0,06;-8,67;0;0;500;714;"";182,713;27,41;450,011;63,5;20,942;0,81;1,598;0,23;7,591;1,77;11,411;11,0;16,363;11,67;17,601;11,83;1667,672;172,6;524,987;61,2;84,226;18,2;6,449;10,61;1,66;10,03;0,001;10,0;2,037;23,224;0,53;30,515;3,35;6,38;0,62;5,1;1,39;959,356;1,0;"";"";16,041;2,7;135,739;14,52;"";"";13,0;20,0;13,0;"";"";"";"";"";"";"";"";"";"";"";"";"";"";"";"";"";"";"";"";"";"";"";"";"";"";"";"";"";"";"";"";"";"";"";"";"";"";"";"";"";"";"";"";"";"";"";"";"";"";"";"";"";"";"";"";"";"";"";"";"";"";"";"";""
30.11.2022 04:34:20;1669779260000;880f01e687e2572cea04e80fc6a68085;116113;OK;1792;0;0;0;0;-0,01;-3,63;0;0;495;714;"";185,009;27,75;449,501;63,49;20,943;0,81;1,599;0,23;7,579;1,77;11,565;11,0;15,896;11,61;17,485;11,82;1737,255;179,43;546,221;63,3;83,949;18,14;5,022;10,43;2,517;10,26;0,0;10,0;2,151;23,223;0,53;30,514;3,35;6,379;0,61;5,098;1,39;959,364;1,0;"";"";16,0;2,7;136,168;14,54;"";"";13,0;20,0;13,0;"";"";"";"";"";"";"";"";"";"";"";"";"";"";"";"";"";"";"";"";"";"";"";"";"";"";"";"";"";"";"";"";"";"";"";"";"";"";"";"";"";"";"";"";"";"";"";"";"";"";"";"";"";"";"";"";"";"";"";"";"";"";"";"";""
30.11.2022 04:36:21;1669779381000;880f01e687e2572cea04e80fc6a68085;116234;OK;1792;0;0;0;0;-0,0;5,02;0;0;527;714;"";183,972;27,6;451,777;63,55;20,944;0,81;1,598;0,23;7,602;1,77;10,626;11,0;15,794;11,66;17,786;11,78;1633,95;169,33;518,351;60,49;78,831;17,72;8,002;10,69;2,846;10,32;1,382;10,03;2,375;23,223;0,53;30,496;3,35;6,376;0,62;5,09;1,39;959,366;1,0;"";"";16,05;2,7;136,336;14,55;"";"";13,0;20,0;13,0;"";"";"";"";"";"";"";"";"";"";"";"";"";"";"";"";"";"";"";"";"";"";"";"";"";"";"";"";"";"";"";"";"";"";"";"";"";"";"";"";"";"";"";"";"";"";"";"";"";"";"";"";"";"";"";"";"";"";"";"";"";"";"";"";""
30.11.2022 04:38:21;1669779501000;880f01e687e2572cea04e80fc6a68085;116353;OK;1805;0;0;0;0;-0,04;-0,13;0;0;514;713;"";182,843;27,43;449,519;63,49;20,943;0,81;1,598;0,23;7,616;1,77;10,991;11,0;15,865;11,57;17,33;11,72;1628,986;168,89;513,6209;60,09;84,277;18,2;4,205;10,47;2,117;10,13;0,148;10,0;2,142;23,222;0,53;30,478;3,35;6,371;0,62;5,08;1,4;959,376;1,0;"";"";16,007;2,7;136,32;14,55;"";"";13,0;20,0;13,0;"";"";"";"";"";"";"";"";"";"";"";"";"";"";"";"";"";"";"";"";"";"";"";"";"";"";"";"";"";"";"";"";"";"";"";"";"";"";"";"";"";"";"";"";"";"";"";"";"";"";"";"";"";"";"";"";"";"";"";"";"";"";"";"";""
30.11.2022 04:40:21;1669779621000;880f01e687e2572cea04e80fc6a68085;116474;OK;1789;0;0;0;0;-0,0;3,91;0;0;532;714;"";183,146;27,47;451,674;63,55;20,939;0,81;1,598;0,23;7,629;1,77;10,498;11,0;14,163;11,17;15,6;11,56;1599,568;166,04;496,561;58,43;68,014;16,66;3,39;10,25;1,61;10,05;0,088;10,0;2,142;23,221;0,53;30,514;3,35;6,379;0,61;5,096;1,39;959,396;1,0;"";"";15,996;2,7;136,49;14,56;"";"";13,0;20,0;13,0;"";"";"";"";"";"";"";"";"";"";"";"";"";"";"";"";"";"";"";"";"";"";"";"";"";"";"";"";"";"";"";"";"";"";"";"";"";"";"";"";"";"";"";"";"";"";"";"";"";"";"";"";"";"";"";"";"";"";"";"";"";"";"";"";""
30.11.2022 04:42:22;1669779742000;880f01e687e2572cea04e80fc6a68085;116595;OK;1808;0;0;0;0;0,02;-1,19;0;0;507;714;"";184,102;27,62;449,873;63,5;20,945;0,81;1,598;0,23;7,624;1,77;11,2;11,0;16,182;11,62;16,83;11,67;1651,186;171,0;516,207;60,35;78,326;17,72;5,516;10,45;0,5440001;10,01;0,009;10,0;1,773;23,218;0,53;30,518;3,35;6,378;0,61;5,095;1,39;959,413;1,0;"";"";16,165;2,7;136,636;14,57;"";"";13,0;20,0;13,0;"";"";"";"";"";"";"";"";"";"";"";"";"";"";"";"";"";"";"";"";"";"";"";"";"";"";"";"";"";"";"";"";"";"";"";"";"";"";"";"";"";"";"";"";"";"";"";"";"";"";"";"";"";"";"";"";"";"";"";"";"";"";"";"";""
30.11.2022 04:44:22;1669779862000;880f01e687e2572cea04e80fc6a68085;116715;OK;1785;0;0;0;0;-0,02;2,91;0;0;514;713;"";182,502;27,38;450,413;63,51;20,947;0,81;1,597;0,23;7,64;1,77;11,005;11,0;14,777;11,23;17,26;11,85;1599,358;165,99;506,262;59,32;74,029;17,21;5,225;10,57;2,439;10,29;0,665;10,0;2,584;23,217;0,53;30,444;3,35;6,363;0,62;5,06;1,4;959,4299;1,0;"";"";16,162;2,7;136,412;14,56;"";"";13,0;20,0;13,0;"";"";"";"";"";"";"";"";"";"";"";"";"";"";"";"";"";"";"";"";"";"";"";"";"";"";"";"";"";"";"";"";"";"";"";"";"";"";"";"";"";"";"";"";"";"";"";"";"";"";"";"";"";"";"";"";"";"";"";"";"";"";"";"";""
30.11.2022 04:46:22;1669779982000;880f01e687e2572cea04e80fc6a68085;116835;OK;1803;0;0;0;0;-0,06;-5,28;0;0;493;713;"";183,408;27,51;449,91;63,5;20,947;0,81;1,598;0,23;7,723;1,77;11,618;11,0;16,677;11,82;17,962;11,96;1739,095;179,53;552,044;63,82;88,67;18,61;5,041;10,53;1,078;10,08;0,069;10,0;2,049;23,216;0,53;30,441;3,35;6,362;0,62;5,057;1,4;959,439;1,0;"";"";16,041;2,7;136,49;14,56;"";"";13,0;20,0;13,0;"";"";"";"";"";"";"";"";"";"";"";"";"";"";"";"";"";"";"";"";"";"";"";"";"";"";"";"";"";"";"";"";"";"";"";"";"";"";"";"";"";"";"";"";"";"";"";"";"";"";"";"";"";"";"";"";"";"";"";"";"";"";"";"";""
30.11.2022 04:48:24;1669780104000;880f01e687e2572cea04e80fc6a68085;116956;OK;1808;0;0;0;0;-0,04;1,98;0;0;519;713;"";182,35;27,35;451,597;63,55;20,948;0,81;1,598;0,23;7,739;1,77;10,86;11,0;14,928;11,41;15,889;11,51;1601,202;166,18;507,946;59,6;76,698;17,48;5,871;10,5;0,8059999;10,01;0,007;10,0;1,899;23,216;0,53;30,43;3,35;6,359;0,62;5,052;1,4;959,445;1,0;"";"";16,056;2,7;136,47;14,56;"";"";13,0;20,0;13,0;"";"";"";"";"";"";"";"";"";"";"";"";"";"";"";"";"";"";"";"";"";"";"";"";"";"";"";"";"";"";"";"";"";"";"";"";"";"";"";"";"";"";"";"";"";"";"";"";"";"";"";"";"";"";"";"";"";"";"";"";"";"";"";"";""
30.11.2022 04:50:24;1669780224000;880f01e687e2572cea04e80fc6a68085;117077;OK;1782;0;0;0;0;-0,05;0,9;0;0;501;712;"";182,017;27,3;450,8;63,52;20,948;0,81;1,597;0,23;7,611;1,77;11,381;11,0;13,684;11,05;15,145;11,36;1647,399;170,72;518,838;60,6;63,728;16,17;3,434;10,42;2,661;10,32;0,001;10,0;2,051;23,214;0,53;30,339;3,36;6,34;0,62;5,007;1,4;959,441;1,0;"";"";15,973;2,71;135,946;14,53;"";"";13,0;20,0;13,0;"";"";"";"";"";"";"";"";"";"";"";"";"";"";"";"";"";"";"";"";"";"";"";"";"";"";"";"";"";"";"";"";"";"";"";"";"";"";"";"";"";"";"";"";"";"";"";"";"";"";"";"";"";"";"";"";"";"";"";"";"";"";"";"";""
30.11.2022 04:52:25;1669780345000;880f01e687e2572cea04e80fc6a68085;117198;OK;1797;0;0;0;0;-0,06;2,59;0;0;525;713;"";182,023;27,3;451,775;63,55;20,947;0,81;1,597;0,23;7,565;1,77;10,675;11,0;15,001;11,48;16,727;11,62;1587,223;164,78;502,457;59,03;81,15001;17,89;6,853;10,52;2,824;10,24;0,576;10,0;2,291;23,213;0,53;30,384;3,35;6,349;0,62;5,028;1,4;959,4069;1,0;"";"";15,828;2,71;135,501;14,51;"";"";13,0;20,0;13,0;"";"";"";"";"";"";"";"";"";"";"";"";"";"";"";"";"";"";"";"";"";"";"";"";"";"";"";"";"";"";"";"";"";"";"";"";"";"";"";"";"";"";"";"";"";"";"";"";"";"";"";"";"";"";"";"";"";"";"";"";"";"";"";"";""
30.11.2022 04:54:27;1669780467000;880f01e687e2572cea04e80fc6a68085;117319;OK;1787;0;0;0;0;0,0;-3,46;0;0;508;714;"";183,725;27,56;449,417;63,48;20,941;0,81;1,596;0,23;7,607;1,77;11,165;11,0;15,285;11,45;16,618;11,71;1578,909;164,01;500,959;58,81;68,337;16,67;4,925;10,32;1,442;10,12;0,057;10,0;2,071;23,207;0,53;30,433;3,35;6,357;0,62;5,046;1,4;959,3989;1,0;"";"";15,895;2,71;135,736;14,52;"";"";13,0;20,0;13,0;"";"";"";"";"";"";"";"";"";"";"";"";"";"";"";"";"";"";"";"";"";"";"";"";"";"";"";"";"";"";"";"";"";"";"";"";"";"";"";"";"";"";"";"";"";"";"";"";"";"";"";"";"";"";"";"";"";"";"";"";"";"";"";"";""
30.11.2022 04:56:25;1669780585000;880f01e687e2572cea04e80fc6a68085;117438;OK;1796;0;0;0;0;0,01;-5,09;0;0;500;713;"";183,109;27,47;449,353;63,48;20,946;0,81;1,596;0,23;7,576;1,77;11,406;11,0;16,854;11,87;18,271;11,91;1696,834;175,42;534,048;62,05;88,84;18,65;7,235;10,79;1,112;10,15;0,006;10,0;2,108;23,206;0,53;30,367;3,35;6,342;0,62;5,014;1,4;959,406;1,0;"";"";15,845;2,71;135,598;14,51;"";"";13,0;20,0;13,0;"";"";"";"";"";"";"";"";"";"";"";"";"";"";"";"";"";"";"";"";"";"";"";"";"";"";"";"";"";"";"";"";"";"";"";"";"";"";"";"";"";"";"";"";"";"";"";"";"";"";"";"";"";"";"";"";"";"";"";"";"";"";"";"";""
30.11.2022 04:58:26;1669780706000;880f01e687e2572cea04e80fc6a68085;117559;OK;1794;0;0;0;0;-0,03;-1,94;0;0;505;713;"";182,985;27,45;451,256;63,54;20,947;0,81;1,597;0,23;7,579;1,77;11,278;11,0;15,527;11,35;16,601;11,76;1622,05;168,21;512,723;59,96;72,742;17,05;4,799;10,57;1,532;10,06;0,001;10,0;1,965;23,204;0,53;30,394;3,35;6,348;0,62;5,025;1,4;959,403;1,0;"";"";15,858;2,71;135,912;14,53;"";"";13,0;20,0;13,0;"";"";"";"";"";"";"";"";"";"";"";"";"";"";"";"";"";"";"";"";"";"";"";"";"";"";"";"";"";"";"";"";"";"";"";"";"";"";"";"";"";"";"";"";"";"";"";"";"";"";"";"";"";"";"";"";"";"";"";"";"";"";"";"";""
30.11.2022 05:00:26;1669780826000;880f01e687e2572cea04e80fc6a68085;117679;OK;1792;0;0;0;0;-0,05;5,23;0;0;521;713;"";182,489;27,37;450,37;63,51;20,942;0,81;1,596;0,23;7,62;1,77;10,802;11,0;15,448;11,52;17,067;11,81;1622,994;168,24;507,52;59,46;75,033;17,32;5,164;10,46;2,692;10,18;0,0;10,0;2,232;23,204;0,53;30,352;3,36;6,339;0,62;5,005;1,4;959,3969;1,0;"";"";15,872;2,71;135,803;14,52;"";"";13,0;20,0;13,0;"";"";"";"";"";"";"";"";"";"";"";"";"";"";"";"";"";"";"";"";"";"";"";"";"";"";"";"";"";"";"";"";"";"";"";"";"";"";"";"";"";"";"";"";"";"";"";"";"";"";"";"";"";"";"";"";"";"";"";"";"";"";"";"";""
30.11.2022 05:02:27;1669780947000;880f01e687e2572cea04e80fc6a68085;117800;OK;1792;0;0;0;0;-0,01;-0,48;0;0;507;713;"";182,308;27,35;449,137;63,47;20,943;0,81;1,595;0,23;7,653;1,77;11,194;11,0;14,9;11,38;16,994;11,61;1606,755;166,61;507,128;59,44;69,673;16,75;4,915;10,43;2,864;10,28;0,0;10,0;2,347;23,203;0,53;30,363;3,35;6,341;0,62;5,009;1,4;959,393;1,0;"";"";15,943;2,71;135,57;14,51;"";"";13,0;20,0;13,0;"";"";"";"";"";"";"";"";"";"";"";"";"";"";"";"";"";"";"";"";"";"";"";"";"";"";"";"";"";"";"";"";"";"";"";"";"";"";"";"";"";"";"";"";"";"";"";"";"";"";"";"";"";"";"";"";"";"";"";"";"";"";"";"";""
30.11.2022 05:04:27;1669781067000;880f01e687e2572cea04e80fc6a68085;117920;OK;1800;0;0;0;0;-0,01;-0,77;0;0;502;714;"";181,841;27,28;450,69;63,52;20,941;0,81;1,595;0,23;7,666;1,77;11,363;11,0;16,224;11,63;17,297;11,8;1632,143;169,19;517,319;60,43;85,617;18,34;3,943;10,27;1,634;10,03;0,194;10,0;1,975;23,202;0,53;30,389;3,35;6,346;0,62;5,02;1,4;959,398;1,0;"";"";15,868;2,71;135,372;14,5;"";"";13,0;20,0;13,0;"";"";"";"";"";"";"";"";"";"";"";"";"";"";"";"";"";"";"";"";"";"";"";"";"";"";"";"";"";"";"";"";"";"";"";"";"";"";"";"";"";"";"";"";"";"";"";"";"";"";"";"";"";"";"";"";"";"";"";"";"";"";"";"";""
30.11.2022 05:06:27;1669781187000;880f01e687e2572cea04e80fc6a68085;118040;OK;1789;0;0;0;0;0,01;-1,06;0;0;514;714;"";181,79;27,27;449,475;63,48;20,944;0,81;1,595;0,23;7,616;1,77;10,993;11,0;14,598;11,14;15,201;11,31;1599,196;166,0;504,02;59,17;70,831;16,91;1,809;10,14;0,749;10,02;0,02;10,0;1,689;23,202;0,53;30,386;3,35;6,345;0,62;5,019;1,4;959,412;1,0;"";"";15,936;2,71;135,595;14,51;"";"";13,0;20,0;13,0;"";"";"";"";"";"";"";"";"";"";"";"";"";"";"";"";"";"";"";"";"";"";"";"";"";"";"";"";"";"";"";"";"";"";"";"";"";"";"";"";"";"";"";"";"";"";"";"";"";"";"";"";"";"";"";"";"";"";"";"";"";"";"";"";""
30.11.2022 05:08:27;1669781307000;880f01e687e2572cea04e80fc6a68085;118160;OK;1787;0;0;0;0;0,01;-0,74;0;0;516;714;"";182,801;27,42;449,603;63,49;20,94;0,81;1,595;0,23;7,702;1,77;10,952;11,0;16,11;11,57;16,797;11,63;1677,763;173,64;529,133;61,58;83,535;18,12;4,949;10,46;1,115;10,05;0,002;10,0;1,806;23,2;0,53;30,397;3,35;6,347;0,62;5,023;1,4;959,412;1,0;"";"";16,004;2,7;135,912;14,53;"";"";13,0;20,0;13,0;"";"";"";"";"";"";"";"";"";"";"";"";"";"";"";"";"";"";"";"";"";"";"";"";"";"";"";"";"";"";"";"";"";"";"";"";"";"";"";"";"";"";"";"";"";"";"";"";"";"";"";"";"";"";"";"";"";"";"";"";"";"";"";"";""
30.11.2022 05:10:28;1669781428000;880f01e687e2572cea04e80fc6a68085;118281;OK;1798;0;0;0;0;-0,02;-3,14;0;0;504;713;"";182,226;27,33;449,166;63,47;20,946;0,81;1,594;0,23;7,714;1,77;11,285;11,0;16,534;11,77;19,266;11,93;1717,104;177,42;541,815;62,88;96,945;19,43;8,44;10,88;2,247;10,13;0,153;10,0;2,644;23,198;0,53;30,341;3,36;6,334;0,62;4,994;1,4;959,405;1,0;"";"";16,053;2,7;135,879;14,53;"";"";13,0;20,0;13,0;"";"";"";"";"";"";"";"";"";"";"";"";"";"";"";"";"";"";"";"";"";"";"";"";"";"";"";"";"";"";"";"";"";"";"";"";"";"";"";"";"";"";"";"";"";"";"";"";"";"";"";"";"";"";"";"";"";"";"";"";"";"";"";"";""
30.11.2022 05:12:30;1669781550000;880f01e687e2572cea04e80fc6a68085;118403;OK;1781;0;0;0;0;-0,12;8,32;0;0;509;711;"";180,322;27,05;451,732;63,55;20,944;0,81;1,595;0,23;7,563;1,77;11,187;11,0;15,766;11,61;17,132;11,73;1634,063;169,35;520,202;60,69;81,557;18,01;7,162;10,74;1,397;10,01;0,015;10,0;2,051;23,197;0,53;30,18;3,36;6,3;0,62;4,917;1,41;959,3969;1,0;"";"";15,858;2,71;135,573;14,51;"";"";13,0;20,0;13,0;"";"";"";"";"";"";"";"";"";"";"";"";"";"";"";"";"";"";"";"";"";"";"";"";"";"";"";"";"";"";"";"";"";"";"";"";"";"";"";"";"";"";"";"";"";"";"";"";"";"";"";"";"";"";"";"";"";"";"";"";"";"";"";"";""
30.11.2022 05:14:31;1669781671000;880f01e687e2572cea04e80fc6a68085;118524;OK;1796;0;0;0;0;-0,1;6,09;0;0;511;712;"";179,946;26,99;449,655;63,49;20,939;0,81;1,594;0,23;7,578;1,77;11,11;11,0;15,731;11,5;17,699;11,74;1683,416;174,12;525,655;61,22;80,709;17,9;4,151;10,41;2,516;10,28;0,002;10,0;2,321;23,196;0,53;30,263;3,36;6,317;0,62;4,955;1,41;959,393;1,0;"";"";15,726;2,72;135,312;14,5;"";"";13,0;20,0;13,0;"";"";"";"";"";"";"";"";"";"";"";"";"";"";"";"";"";"";"";"";"";"";"";"";"";"";"";"";"";"";"";"";"";"";"";"";"";"";"";"";"";"";"";"";"";"";"";"";"";"";"";"";"";"";"";"";"";"";"";"";"";"";"";"";""
30.11.2022 05:16:32;1669781792000;880f01e687e2572cea04e80fc6a68085;118644;OK;1795;0;0;0;0;-0,02;-1,36;0;0;520;713;"";182,532;27,38;450,215;63,51;20,938;0,81;1,593;0,23;7,639;1,77;10,852;11,0;15,471;11,43;16,481;11,54;1628,464;168,81;512,25;59,92;74,893;17,28;4,382;10,43;1,534;10,07;0,127;10,0;1,946;23,195;0,53;30,276;3,36;6,32;0,62;4,961;1,41;959,385;1,0;"";"";15,751;2,72;135,336;14,5;"";"";13,0;20,0;13,0;"";"";"";"";"";"";"";"";"";"";"";"";"";"";"";"";"";"";"";"";"";"";"";"";"";"";"";"";"";"";"";"";"";"";"";"";"";"";"";"";"";"";"";"";"";"";"";"";"";"";"";"";"";"";"";"";"";"";"";"";"";"";"";"";""
30.11.2022 05:18:32;1669781912000;880f01e687e2572cea04e80fc6a68085;118764;OK;1795;0;0;0;0;0,04;-1,45;0;0;504;713;"";180,01;27,0;451,243;63,54;20,939;0,81;1,593;0,23;7,594;1,77;11,306;11,0;15,412;11,56;17,989;11,84;1714,822;177,13;536,432;62,29;81,516;17,87;5,796;10,5;3,807;10,27;0,575;10,0;2,575;23,194;0,53;30,262;3,36;6,316;0,62;4,954;1,41;959,364;1,0;"";"";15,748;2,72;135,347;14,5;"";"";13,0;20,0;13,0;"";"";"";"";"";"";"";"";"";"";"";"";"";"";"";"";"";"";"";"";"";"";"";"";"";"";"";"";"";"";"";"";"";"";"";"";"";"";"";"";"";"";"";"";"";"";"";"";"";"";"";"";"";"";"";"";"";"";"";"";"";"";"";"";""
30.11.2022 05:20:32;1669782032000;880f01e687e2572cea04e80fc6a68085;118885;OK;1791;0;0;0;0;-0,0;2,02;0;0;525;713;"";182,715;27,41;450,559;63,52;20,94;0,81;1,593;0,23;7,616;1,77;10,693;11,0;15,121;11,39;16,395;11,67;1634,605;169,42;509,761;59,7;80,768;17,89;3,586;10,35;1,527;10,03;0,304;10,0;2,083;23,194;0,53;30,276;3,36;6,319;0,62;4,96;1,41;959,346;1,0;"";"";15,773;2,71;135,443;14,5;"";"";13,0;20,0;13,0;"";"";"";"";"";"";"";"";"";"";"";"";"";"";"";"";"";"";"";"";"";"";"";"";"";"";"";"";"";"";"";"";"";"";"";"";"";"";"";"";"";"";"";"";"";"";"";"";"";"";"";"";"";"";"";"";"";"";"";"";"";"";"";"";""
30.11.2022 05:22:33;1669782153000;880f01e687e2572cea04e80fc6a68085;119005;OK;1796;0;0;0;0;-0,0;-0,25;0;0;525;713;"";181,993;27,3;450,63;63,52;20,94;0,81;1,593;0,23;7,601;1,77;10,669;11,0;15,054;11,31;15,659;11,46;1644,214;170,38;516,067;60,29;75,434;17,38;4,158;10,44;0,695;10,0;0,031;10,0;1,763;23,194;0,53;30,271;3,36;6,318;0,62;4,958;1,41;959,342;1,0;"";"";15,758;2,72;135,176;14,49;"";"";13,0;20,0;13,0;"";"";"";"";"";"";"";"";"";"";"";"";"";"";"";"";"";"";"";"";"";"";"";"";"";"";"";"";"";"";"";"";"";"";"";"";"";"";"";"";"";"";"";"";"";"";"";"";"";"";"";"";"";"";"";"";"";"";"";"";"";"";"";"";""
30.11.2022 05:24:32;1669782272000;880f01e687e2572cea04e80fc6a68085;119125;OK;1803;0;0;0;0;0,01;-10,5;0;0;492;713;"";181,963;27,29;448,14;63,44;20,939;0,81;1,592;0,23;7,523;1,78;11,638;11,0;16,335;11,71;17,631;11,88;1680,917;173,89;532,6859;61,91;89,067;18,7;4,541;10,42;2,014;10,07;0,003;10,0;2,042;23,192;0,53;30,26;3,36;6,315;0,62;4,951;1,41;959,3309;1,0;"";"";15,798;2,71;135,281;14,49;"";"";13,0;20,0;13,0;"";"";"";"";"";"";"";"";"";"";"";"";"";"";"";"";"";"";"";"";"";"";"";"";"";"";"";"";"";"";"";"";"";"";"";"";"";"";"";"";"";"";"";"";"";"";"";"";"";"";"";"";"";"";"";"";"";"";"";"";"";"";"";"";""
30.11.2022 05:26:34;1669782394000;880f01e687e2572cea04e80fc6a68085;119247;OK;1806;0;0;0;0;-0,06;-4,92;0;0;505;712;"";180,238;27,04;449,057;63,47;20,946;0,81;1,591;0,23;7,46;1,78;11,254;11,0;15,602;11,55;16,579;11,57;1629,26;168,87;512,435;59,95;78,153;17,66;4,122;10,27;1,393;10,03;0,891;10,0;1,895;23,191;0,53;30,169;3,36;6,296;0,62;4,907;1,41;959,336;1,0;"";"";15,736;2,72;135,596;14,51;"";"";13,0;20,0;13,0;"";"";"";"";"";"";"";"";"";"";"";"";"";"";"";"";"";"";"";"";"";"";"";"";"";"";"";"";"";"";"";"";"";"";"";"";"";"";"";"";"";"";"";"";"";"";"";"";"";"";"";"";"";"";"";"";"";"";"";"";"";"";"";"";""
30.11.2022 05:28:34;1669782514000;880f01e687e2572cea04e80fc6a68085;119367;OK;1794;0;0;0;0;-0,07;3,42;0;0;521;712;"";178,415;26,76;451,378;63,54;20,948;0,81;1,592;0,23;7,439;1,78;10,789;11,0;14,103;11,23;16,24;11,55;1582,61;164,34;506,567;59,37;70,17;16,86;3,911;10,31;2,65;10,18;0,551;10,0;2,456;23,189;0,53;30,181;3,36;6,298;0,62;4,911;1,41;959,339;1,0;"";"";15,719;2,72;135,461;14,5;"";"";13,0;20,0;13,0;"";"";"";"";"";"";"";"";"";"";"";"";"";"";"";"";"";"";"";"";"";"";"";"";"";"";"";"";"";"";"";"";"";"";"";"";"";"";"";"";"";"";"";"";"";"";"";"";"";"";"";"";"";"";"";"";"";"";"";"";"";"";"";"";""
30.11.2022 05:30:35;1669782635000;880f01e687e2572cea04e80fc6a68085;119487;OK;1809;0;0;0;0;0,01;2,09;0;0;505;713;"";180,86;27,13;448,586;63,46;20,944;0,81;1,592;0,23;7,524;1,78;11,256;11,0;15,171;11,46;16,354;11,66;1628,732;168,78;508,067;59,52;68,198;16,69;3,85;10,3;1,743;10,02;0,057;10,0;2,006;23,189;0,53;30,268;3,36;6,316;0,62;4,952;1,41;959,33;1,0;"";"";15,815;2,71;135,488;14,51;"";"";13,0;20,0;13,0;"";"";"";"";"";"";"";"";"";"";"";"";"";"";"";"";"";"";"";"";"";"";"";"";"";"";"";"";"";"";"";"";"";"";"";"";"";"";"";"";"";"";"";"";"";"";"";"";"";"";"";"";"";"";"";"";"";"";"";"";"";"";"";"";""
30.11.2022 05:32:36;1669782756000;880f01e687e2572cea04e80fc6a68085;119608;OK;1810;0;0;0;0;0,07;-3,11;0;0;504;713;"";182,812;27,42;449,884;63,5;20,947;0,81;1,59;0,23;7,562;1,77;11,297;11,0;15,177;11,58;16,596;11,73;1620,672;167,94;506,899;59,46;80,302;17,84;5,048;10,37;2,096;10,08;0,006;10,0;2,087;23,189;0,53;30,261;3,36;6,314;0,62;4,949;1,41;959,313;1,0;"";"";15,897;2,71;135,463;14,5;"";"";13,0;20,0;13,0;"";"";"";"";"";"";"";"";"";"";"";"";"";"";"";"";"";"";"";"";"";"";"";"";"";"";"";"";"";"";"";"";"";"";"";"";"";"";"";"";"";"";"";"";"";"";"";"";"";"";"";"";"";"";"";"";"";"";"";"";"";"";"";"";""
30.11.2022 05:34:37;1669782877000;880f01e687e2572cea04e80fc6a68085;119729;OK;1801;0;0;0;0;-0,02;-3,29;0;0;490;712;"";179,553;26,93;450,123;63,5;20,948;0,81;1,591;0,23;7,508;1,78;11,732;11,0;15,178;11,56;16,114;11,74;1671,132;173,0;522,571;60,94;70,868;16,94;2,872;10,27;0,9559999;10,01;0,339;10,0;1,805;23,187;0,53;30,161;3,36;6,293;0,62;4,9;1,41;959,299;1,0;"";"";15,835;2,71;134,839;14,47;"";"";13,0;20,0;13,0;"";"";"";"";"";"";"";"";"";"";"";"";"";"";"";"";"";"";"";"";"";"";"";"";"";"";"";"";"";"";"";"";"";"";"";"";"";"";"";"";"";"";"";"";"";"";"";"";"";"";"";"";"";"";"";"";"";"";"";"";"";"";"";"";""
30.11.2022 05:36:36;1669782996000;880f01e687e2572cea04e80fc6a68085;119848;OK;1821;0;0;0;0;-0,09;4,29;0;0;534;712;"";180,329;27,05;450,096;63,5;20,946;0,81;1,591;0,23;7,527;1,78;10,418;11,0;15,012;11,35;16,401;11,75;1545,6;160,68;489,78;57,77;77,42;17,54;4,293;10,4;1,806;10,19;0,036;10,0;2,162;23,183;0,53;30,149;3,36;6,289;0,62;4,891;1,41;959,322;1,0;"";"";15,696;2,72;134,661;14,46;"";"";13,0;20,0;13,0;"";"";"";"";"";"";"";"";"";"";"";"";"";"";"";"";"";"";"";"";"";"";"";"";"";"";"";"";"";"";"";"";"";"";"";"";"";"";"";"";"";"";"";"";"";"";"";"";"";"";"";"";"";"";"";"";"";"";"";"";"";"";"";"";""
30.11.2022 05:38:38;1669783118000;880f01e687e2572cea04e80fc6a68085;119971;OK;1785;0;0;0;0;-0,02;-0,9599999;0;0;508;713;"";182,503;27,38;449,063;63,47;20,947;0,81;1,592;0,23;7,621;1,77;11,188;11,0;13,791;11,04;15,636;11,51;1617,356;167,72;509,968;59,77;63,723;16,22;3,506;10,39;1,876;10,02;0,492;10,0;2,296;23,184;0,53;30,242;3,36;6,308;0,62;4,935;1,41;959,343;1,0;"";"";15,66;2,72;134,973;14,48;"";"";13,0;20,0;13,0;"";"";"";"";"";"";"";"";"";"";"";"";"";"";"";"";"";"";"";"";"";"";"";"";"";"";"";"";"";"";"";"";"";"";"";"";"";"";"";"";"";"";"";"";"";"";"";"";"";"";"";"";"";"";"";"";"";"";"";"";"";"";"";"";""
30.11.2022 05:40:39;1669783239000;880f01e687e2572cea04e80fc6a68085;120091;OK;1799;0;0;0;0;0,06;-1,07;0;0;501;713;"";184,059;27,61;449,705;63,49;20,947;0,81;1,592;0,23;7,578;1,77;11,401;11,0;15,947;11,62;16,952;11,8;1664,34;172,25;529,834;61,66;74,21;17,26;4,673;10,42;1,813;10,07;0,051;10,0;1,92;23,18;0,53;30,229;3,36;6,304;0,62;4,926;1,41;959,341;1,0;"";"";15,81;2,71;135,108;14,48;"";"";13,0;20,0;13,0;"";"";"";"";"";"";"";"";"";"";"";"";"";"";"";"";"";"";"";"";"";"";"";"";"";"";"";"";"";"";"";"";"";"";"";"";"";"";"";"";"";"";"";"";"";"";"";"";"";"";"";"";"";"";"";"";"";"";"";"";"";"";"";"";""
30.11.2022 05:42:38;1669783358000;880f01e687e2572cea04e80fc6a68085;120210;OK;1794;0;0;0;0;-0,0;4,21;0;0;542;712;"";180,782;27,12;451,708;63,55;20,946;0,81;1,591;0,23;7,548;1,77;10,201;11,0;14,122;11,22;15,888;11,65;1564,053;162,59;489,209;57,75;68,45201;16,73;6,016;10,69;2,188;10,07;0,005;10,0;2,337;23,177;0,53;30,158;3,36;6,289;0,62;4,89;1,41;959,353;1,0;"";"";15,797;2,71;135,203;14,49;"";"";13,0;20,0;13,0;"";"";"";"";"";"";"";"";"";"";"";"";"";"";"";"";"";"";"";"";"";"";"";"";"";"";"";"";"";"";"";"";"";"";"";"";"";"";"";"";"";"";"";"";"";"";"";"";"";"";"";"";"";"";"";"";"";"";"";"";"";"";"";"";""
30.11.2022 05:44:38;1669783478000;880f01e687e2572cea04e80fc6a68085;120331;OK;1794;0;0;0;0;-0,07;2,46;0;0;505;712;"";181,775;27,27;449,564;63,49;20,944;0,81;1,59;0,23;7,566;1,77;11,241;11,0;16,106;11,58;18,461;11,96;1631,174;169,06;519,838;60,73;78,225;17,59;9,251;10,86;2,632;10,2;0,001;10,0;2,513;23,178;0,53;30,151;3,36;6,287;0,62;4,887;1,41;959,377;1,0;"";"";15,725;2,72;135,564;14,51;"";"";13,0;20,0;13,0;"";"";"";"";"";"";"";"";"";"";"";"";"";"";"";"";"";"";"";"";"";"";"";"";"";"";"";"";"";"";"";"";"";"";"";"";"";"";"";"";"";"";"";"";"";"";"";"";"";"";"";"";"";"";"";"";"";"";"";"";"";"";"";"";""
30.11.2022 05:46:39;1669783599000;880f01e687e2572cea04e80fc6a68085;120451;OK;1797;0;0;0;0;-0,02;1,45;0;0;560;713;"";181,238;27,19;450,343;63,51;20,946;0,81;1,59;0,23;7,592;1,77;9,735;11,0;13,545;11,1;13,891;11,16;1464,4;152,83;460,776;54,96;74,963;17,4;2,612;10,27;0,405;10,02;0,0;10,0;1,585;23,176;0,53;30,205;3,36;6,298;0,62;4,911;1,41;959,3909;1,0;"";"";15,782;2,71;135,973;14,53;"";"";13,0;20,0;13,0;"";"";"";"";"";"";"";"";"";"";"";"";"";"";"";"";"";"";"";"";"";"";"";"";"";"";"";"";"";"";"";"";"";"";"";"";"";"";"";"";"";"";"";"";"";"";"";"";"";"";"";"";"";"";"";"";"";"";"";"";"";"";"";"";""
30.11.2022 05:48:39;1669783719000;880f01e687e2572cea04e80fc6a68085;120572;OK;1781;0;0;0;0;0,01;-2,82;0;0;533;712;"";181,365;27,2;449,965;63,5;20,945;0,81;1,59;0,23;7,627;1,77;10,443;11,0;14,111;11,11;14,98;11,22;1527,793;158,96;483,078;57,08;73,183;17,09;2,396;10,17;1,272;10,07;0,19;10,0;1,808;23,176;0,53;30,156;3,36;6,288;0,62;4,888;1,41;959,405;1,0;"";"";15,819;2,71;135,929;14,53;"";"";13,0;20,0;13,0;"";"";"";"";"";"";"";"";"";"";"";"";"";"";"";"";"";"";"";"";"";"";"";"";"";"";"";"";"";"";"";"";"";"";"";"";"";"";"";"";"";"";"";"";"";"";"";"";"";"";"";"";"";"";"";"";"";"";"";"";"";"";"";"";""
30.11.2022 05:50:39;1669783839000;880f01e687e2572cea04e80fc6a68085;120692;OK;1794;0;0;0;0;-0,01;4,31;0;0;557;712;"";180,876;27,13;451,167;63,54;20,945;0,81;1,59;0,23;7,607;1,77;9,833;11,0;12,792;11,1;13,575;11,16;1508,051;157,07;474,271;56,24;63,149;16,16;2,918;10,27;0,626;10,01;0,305;10,0;1,843;23,173;0,53;30,151;3,36;6,285;0,62;4,882;1,41;959,415;1,0;"";"";15,758;2,72;135,557;14,51;"";"";13,0;20,0;13,0;"";"";"";"";"";"";"";"";"";"";"";"";"";"";"";"";"";"";"";"";"";"";"";"";"";"";"";"";"";"";"";"";"";"";"";"";"";"";"";"";"";"";"";"";"";"";"";"";"";"";"";"";"";"";"";"";"";"";"";"";"";"";"";"";""
30.11.2022 05:52:39;1669783959000;880f01e687e2572cea04e80fc6a68085;120812;OK;1783;0;0;0;0;0,0;-1,43;0;0;533;714;"";178,628;26,79;450,077;63,5;20,945;0,81;1,589;0,23;7,685;1,77;10,45;11,0;15,422;11,5;16,257;11,69;1561,994;162,23;496,229;58,37;77,604;17,52;6,62;10,63;0,995;10,0;0,031;10,0;1,913;23,172;0,53;30,219;3,36;6,3;0,62;4,915;1,41;959,408;1,0;"";"";15,798;2,71;135,585;14,51;"";"";13,0;20,0;13,0;"";"";"";"";"";"";"";"";"";"";"";"";"";"";"";"";"";"";"";"";"";"";"";"";"";"";"";"";"";"";"";"";"";"";"";"";"";"";"";"";"";"";"";"";"";"";"";"";"";"";"";"";"";"";"";"";"";"";"";"";"";"";"";"";""
30.11.2022 05:54:41;1669784081000;880f01e687e2572cea04e80fc6a68085;120933;OK;1809;0;0;0;0;0,05;0,41;0;0;537;714;"";178,528;26,78;450,847;63,53;20,944;0,81;1,589;0,23;7,754;1,76;10,352;11,0;14,92;11,39;16,617;11,58;1602,982;166,33;503,43;59,11;75,584;17,31;8,084;10,8;2,024;10,22;0,211;10,0;2,305;23,172;0,53;30,222;3,36;6,3;0,62;4,915;1,41;959,409;1,0;"";"";15,854;2,71;136,096;14,54;"";"";13,0;20,0;13,0;"";"";"";"";"";"";"";"";"";"";"";"";"";"";"";"";"";"";"";"";"";"";"";"";"";"";"";"";"";"";"";"";"";"";"";"";"";"";"";"";"";"";"";"";"";"";"";"";"";"";"";"";"";"";"";"";"";"";"";"";"";"";"";"";""
30.11.2022 05:56:41;1669784201000;880f01e687e2572cea04e80fc6a68085;121054;OK;1793;0;0;0;0;0,04;0,0;0;0;534;713;"";178,751;26,81;451,075;63,53;20,945;0,81;1,59;0,23;7,763;1,76;10,443;11,0;13,888;11,18;14,442;11,2;1502,169;156,48;470,719;55,89;71,843;16,96;2,306;10,2;0,318;10,02;0,022;10,0;1,663;23,17;0,53;30,202;3,36;6,295;0,62;4,905;1,41;959,423;1,0;"";"";15,931;2,71;136,557;14,56;"";"";13,0;20,0;13,0;"";"";"";"";"";"";"";"";"";"";"";"";"";"";"";"";"";"";"";"";"";"";"";"";"";"";"";"";"";"";"";"";"";"";"";"";"";"";"";"";"";"";"";"";"";"";"";"";"";"";"";"";"";"";"";"";"";"";"";"";"";"";"";"";""
30.11.2022 05:58:41;1669784321000;880f01e687e2572cea04e80fc6a68085;121174;OK;1794;0;0;0;0;-0,04;2,04;0;0;563;713;"";179,053;26,86;449,916;63,5;20,944;0,81;1,59;0,23;7,747;1,76;9,638;11,0;14,161;11,4;14,813;11,41;1515,977;157,78;472,334;56,12;79,883;17,83;4,789;10,46;1,897;10,21;0,002;10,0;1,759;23,166;0,53;30,156;3,36;6,284;0,62;4,879;1,41;959,422;1,0;"";"";15,828;2,71;136,202;14,54;"";"";13,0;20,0;13,0;"";"";"";"";"";"";"";"";"";"";"";"";"";"";"";"";"";"";"";"";"";"";"";"";"";"";"";"";"";"";"";"";"";"";"";"";"";"";"";"";"";"";"";"";"";"";"";"";"";"";"";"";"";"";"";"";"";"";"";"";"";"";"";"";""
30.11.2022 06:00:42;1669784442000;880f01e687e2572cea04e80fc6a68085;121294;OK;1789;0;0;0;0;-0,06;-3,3;0;0;567;713;"";180,848;27,13;449,444;63,48;20,944;0,81;1,589;0,23;7,725;1,77;9,557;11,0;13,551;11,21;14,631;11,41;1502,048;156,45;475,192;56,4;68,581;16,73;4,262;10,39;1,419;10,13;0,0;10,0;1,995;23,166;0,53;30,159;3,36;6,285;0,62;4,88;1,41;959,418;1,0;"";"";15,899;2,71;136,101;14,54;"";"";13,0;20,0;13,0;"";"";"";"";"";"";"";"";"";"";"";"";"";"";"";"";"";"";"";"";"";"";"";"";"";"";"";"";"";"";"";"";"";"";"";"";"";"";"";"";"";"";"";"";"";"";"";"";"";"";"";"";"";"";"";"";"";"";"";"";"";"";"";"";""
30.11.2022 06:02:42;1669784562000;880f01e687e2572cea04e80fc6a68085;121415;OK;1794;0;0;0;0;-0,02;-1,5;0;0;522;713;"";181,054;27,16;450,504;63,52;20,945;0,81;1,589;0,23;7,802;1,76;10,77;11,0;13,705;11,15;14,951;11,23;1553,04;161,37;486,62;57,47;58,278;15,63;3,16;10,3;0,861;10,01;0,0;10,0;2,02;23,166;0,53;30,168;3,36;6,287;0,62;4,885;1,41;959,4299;1,0;"";"";15,973;2,7;136,335;14,55;"";"";13,0;20,0;13,0;"";"";"";"";"";"";"";"";"";"";"";"";"";"";"";"";"";"";"";"";"";"";"";"";"";"";"";"";"";"";"";"";"";"";"";"";"";"";"";"";"";"";"";"";"";"";"";"";"";"";"";"";"";"";"";"";"";"";"";"";"";"";"";"";""
30.11.2022 06:04:42;1669784682000;880f01e687e2572cea04e80fc6a68085;121535;OK;1792;0;0;0;0;0,01;2,89;0;0;539;713;"";180,435;27,07;450,751;63,52;20,944;0,81;1,589;0,23;7,869;1,76;10,271;11,0;13,602;11,01;15,628;11,6;1516,189;157,86;476,289;56,44;76,149;17,43;4,443;10,54;3,361;10,36;0,0;10,0;2,465;23,163;0,53;30,17;3,36;6,286;0,62;4,883;1,41;959,448;1,0;"";"";16,153;2,7;136,267;14,54;"";"";13,0;20,0;13,0;"";"";"";"";"";"";"";"";"";"";"";"";"";"";"";"";"";"";"";"";"";"";"";"";"";"";"";"";"";"";"";"";"";"";"";"";"";"";"";"";"";"";"";"";"";"";"";"";"";"";"";"";"";"";"";"";"";"";"";"";"";"";"";"";""
30.11.2022 06:06:42;1669784802000;880f01e687e2572cea04e80fc6a68085;121655;OK;1776;0;0;0;0;-0,08;-1,16;0;0;545;712;"";179,609;26,94;449,23;63,48;20,944;0,81;1,588;0,23;7,777;1,76;10,126;11,0;13,685;11,18;15,447;11,42;1457,378;152,1;458,342;54,73;68,807;16,78;5,347;10,52;1,753;10,16;0,0;10,0;2,295;23,161;0,53;30,053;3,36;6,261;0,62;4,825;1,42;959,479;1,0;"";"";16,001;2,7;135,574;14,51;"";"";13,0;20,0;13,0;"";"";"";"";"";"";"";"";"";"";"";"";"";"";"";"";"";"";"";"";"";"";"";"";"";"";"";"";"";"";"";"";"";"";"";"";"";"";"";"";"";"";"";"";"";"";"";"";"";"";"";"";"";"";"";"";"";"";"";"";"";"";"";"";""
30.11.2022 06:08:42;1669784922000;880f01e687e2572cea04e80fc6a68085;121775;OK;1791;0;0;0;0;-0,05;-2,04;0;0;546;713;"";180,327;27,05;451,087;63,53;20,943;0,81;1,588;0,23;7,812;1,76;10,116;11,0;13,278;11,02;14,308;11,26;1527,539;158,94;482,935;57,15;66,144;16,49;3,234;10,28;1,338;10,02;0,548;10,0;1,945;23,157;0,53;30,141;3,36;6,278;0,62;4,864;1,41;959,5059;1,0;"";"";16,019;2,7;135,372;14,5;"";"";13,0;20,0;13,0;"";"";"";"";"";"";"";"";"";"";"";"";"";"";"";"";"";"";"";"";"";"";"";"";"";"";"";"";"";"";"";"";"";"";"";"";"";"";"";"";"";"";"";"";"";"";"";"";"";"";"";"";"";"";"";"";"";"";"";"";"";"";"";"";""
30.11.2022 06:10:43;1669785043000;880f01e687e2572cea04e80fc6a68085;121897;OK;1775;0;0;0;0;-0,01;0,1;0;0;536;714;"";180,776;27,12;450,517;63,52;20,942;0,81;1,588;0,23;7,814;1,76;10,385;11,0;15,199;11,44;16,2;11,69;1502,11;156,52;477,537;56,54;79,174;17,79;5,435;10,53;1,765;10,11;0,179;10,0;1,985;23,155;0,53;30,15;3,36;6,279;0,62;4,866;1,41;959,517;1,0;"";"";16,023;2,7;135,363;14,5;"";"";13,0;20,0;13,0;"";"";"";"";"";"";"";"";"";"";"";"";"";"";"";"";"";"";"";"";"";"";"";"";"";"";"";"";"";"";"";"";"";"";"";"";"";"";"";"";"";"";"";"";"";"";"";"";"";"";"";"";"";"";"";"";"";"";"";"";"";"";"";"";""
30.11.2022 06:12:45;1669785165000;880f01e687e2572cea04e80fc6a68085;122018;OK;1782;0;0;0;0;0,01;2,72;0;0;546;712;"";179,674;26,95;450,508;63,52;20,943;0,81;1,588;0,23;7,802;1,76;10,112;11,0;13,729;11,09;14,435;11,15;1506,45;156,88;470,674;55,83;66,053;16,44;3,304;10,4;0,72;10,04;0,29;10,0;1,775;23,156;0,53;30,06;3,36;6,26;0,62;4,824;1,42;959,516;1,0;"";"";15,974;2,71;135,684;14,51;"";"";13,0;20,0;13,0;"";"";"";"";"";"";"";"";"";"";"";"";"";"";"";"";"";"";"";"";"";"";"";"";"";"";"";"";"";"";"";"";"";"";"";"";"";"";"";"";"";"";"";"";"";"";"";"";"";"";"";"";"";"";"";"";"";"";"";"";"";"";"";"";""
30.11.2022 06:14:46;1669785286000;880f01e687e2572cea04e80fc6a68085;122139;OK;1797;0;0;0;0;-0,05;4,69;0;0;544;713;"";179,516;26,93;452,128;63,56;20,942;0,81;1,588;0,23;7,812;1,76;10,158;11,0;13,672;11,03;14,358;11,09;1486,008;154,85;468,511;55,66;63,47;16,19;2,827;10,21;0,589;10,07;0,03;10,0;1,788;23,154;0,53;30,1;3,36;6,268;0,62;4,842;1,42;959,534;1,0;"";"";15,991;2,7;135,909;14,53;"";"";13,0;20,0;13,0;"";"";"";"";"";"";"";"";"";"";"";"";"";"";"";"";"";"";"";"";"";"";"";"";"";"";"";"";"";"";"";"";"";"";"";"";"";"";"";"";"";"";"";"";"";"";"";"";"";"";"";"";"";"";"";"";"";"";"";"";"";"";"";"";""
30.11.2022 06:16:46;1669785406000;880f01e687e2572cea04e80fc6a68085;122258;OK;1801;0;0;0;0;-0,05;0,24;0;0;546;713;"";181,878;27,28;449,702;63,49;20,942;0,81;1,588;0,23;7,86;1,76;10,101;11,0;13,13;11,0;14,521;11,11;1486,041;154,89;469,256;55,78;61,673;16,04;3,391;10,21;1,546;10,01;0,834;10,0;2,173;23,155;0,53;30,072;3,36;6,263;0,62;4,829;1,42;959,5389;1,0;"";"";16,0;2,7;135,759;14,52;"";"";13,0;20,0;13,0;"";"";"";"";"";"";"";"";"";"";"";"";"";"";"";"";"";"";"";"";"";"";"";"";"";"";"";"";"";"";"";"";"";"";"";"";"";"";"";"";"";"";"";"";"";"";"";"";"";"";"";"";"";"";"";"";"";"";"";"";"";"";"";"";""
30.11.2022 06:18:46;1669785526000;880f01e687e2572cea04e80fc6a68085;122379;OK;1800;0;0;0;0;0,01;-6,6;0;0;550;713;"";179,509;26,93;449,357;63,48;20,941;0,81;1,587;0,23;7,902;1,76;9,97;11,0;13,659;11,07;16,002;11,56;1473,703;153,74;463,681;55,19;70,971;16,96;5,345;10,53;3,563;10,35;1,157;10,0;2,6;23,152;0,53;30,066;3,36;6,26;0,62;4,824;1,42;959,531;1,0;"";"";16,013;2,7;135,804;14,52;"";"";13,0;20,0;13,0;"";"";"";"";"";"";"";"";"";"";"";"";"";"";"";"";"";"";"";"";"";"";"";"";"";"";"";"";"";"";"";"";"";"";"";"";"";"";"";"";"";"";"";"";"";"";"";"";"";"";"";"";"";"";"";"";"";"";"";"";"";"";"";"";""
30.11.2022 06:20:46;1669785646000;880f01e687e2572cea04e80fc6a68085;122499;OK;1805;0;0;0;0;-0,02;-3,82;0;0;544;712;"";179,993;27,0;450,803;63,52;20,942;0,81;1,587;0,22;7,811;1,76;10,138;11,0;13,937;11,08;15,686;11,49;1583,097;164,33;491,798;57,93;73,17501;17,11;3,419;10,32;1,901;10,05;0,429;10,0;2,336;23,154;0,53;30,028;3,36;6,253;0,62;4,808;1,42;959,525;1,0;"";"";15,975;2,71;135,567;14,51;"";"";13,0;20,0;13,0;"";"";"";"";"";"";"";"";"";"";"";"";"";"";"";"";"";"";"";"";"";"";"";"";"";"";"";"";"";"";"";"";"";"";"";"";"";"";"";"";"";"";"";"";"";"";"";"";"";"";"";"";"";"";"";"";"";"";"";"";"";"";"";"";""
30.11.2022 06:22:47;1669785767000;880f01e687e2572cea04e80fc6a68085;122620;OK;1799;0;0;0;0;-0,01;1,35;0;0;553;713;"";181,771;27,27;450,517;63,52;20,941;0,81;1,588;0,23;7,979;1,75;9,939;11,0;13,432;11,27;15,297;11,49;1536,132;159,72;480,397;56,81;70,207;16,78;4,551;10,51;2,506;10,15;0,642;10,0;2,422;23,151;0,53;30,085;3,36;6,264;0,62;4,832;1,42;959,522;1,0;"";"";16,067;2,7;135,354;14,5;"";"";13,0;20,0;13,0;"";"";"";"";"";"";"";"";"";"";"";"";"";"";"";"";"";"";"";"";"";"";"";"";"";"";"";"";"";"";"";"";"";"";"";"";"";"";"";"";"";"";"";"";"";"";"";"";"";"";"";"";"";"";"";"";"";"";"";"";"";"";"";"";""
30.11.2022 06:24:47;1669785887000;880f01e687e2572cea04e80fc6a68085;122740;OK;1786;0;0;0;0;0,04;4,18;0;0;545;714;"";182,017;27,3;450,337;63,51;20,945;0,81;1,587;0,23;8,026;1,75;10,139;11,0;13,085;11,1;14,425;11,21;1520,982;158,33;480,895;56,86;64,954;16,32;2,414;10,19;1,799;10,11;0,304;10,0;2,138;23,151;0,53;30,13;3,36;6,273;0,62;4,853;1,42;959,531;1,0;"";"";16,039;2,7;135,563;14,51;"";"";13,0;20,0;13,0;"";"";"";"";"";"";"";"";"";"";"";"";"";"";"";"";"";"";"";"";"";"";"";"";"";"";"";"";"";"";"";"";"";"";"";"";"";"";"";"";"";"";"";"";"";"";"";"";"";"";"";"";"";"";"";"";"";"";"";"";"";"";"";"";""
30.11.2022 06:26:49;1669786009000;880f01e687e2572cea04e80fc6a68085;122862;OK;1778;0;0;0;0;0,07;-0,44;0;0;552;714;"";180,125;27,02;450,723;63,52;20,943;0,81;1,588;0,23;8,046;1,75;9,934;11,0;13,623;11,17;14,396;11,27;1550,521;161,2;478,403;56,6;61,563;15,99;5,958;10,65;0,935;10,01;0,03;10,0;1,83;23,148;0,53;30,146;3,36;6,276;0,62;4,859;1,41;959,5449;1,0;"";"";16,152;2,7;135,849;14,52;"";"";13,0;20,0;13,0;"";"";"";"";"";"";"";"";"";"";"";"";"";"";"";"";"";"";"";"";"";"";"";"";"";"";"";"";"";"";"";"";"";"";"";"";"";"";"";"";"";"";"";"";"";"";"";"";"";"";"";"";"";"";"";"";"";"";"";"";"";"";"";"";""
30.11.2022 06:28:51;1669786131000;880f01e687e2572cea04e80fc6a68085;122984;OK;1797;0;0;0;0;0,04;-1,32;0;0;537;714;"";180,703;27,11;449,406;63,48;20,941;0,81;1,587;0,22;8,141;1,75;10,337;11,0;13,652;11,06;14,537;11,24;1498,688;156,15;472,365;56,04;68,41001;16,67;3,162;10,22;1,007;10,08;0,003;10,0;1,864;23,148;0,53;30,151;3,36;6,277;0,62;4,861;1,41;959,562;1,0;"";"";16,269;2,69;136,429;14,55;"";"";13,0;20,0;13,0;"";"";"";"";"";"";"";"";"";"";"";"";"";"";"";"";"";"";"";"";"";"";"";"";"";"";"";"";"";"";"";"";"";"";"";"";"";"";"";"";"";"";"";"";"";"";"";"";"";"";"";"";"";"";"";"";"";"";"";"";"";"";"";"";""
30.11.2022 06:30:50;1669786250000;880f01e687e2572cea04e80fc6a68085;123103;OK;1801;0;0;0;0;0,0;0,62;0;0;561;714;"";178,778;26,82;451,325;63,54;20,94;0,81;1,587;0,22;8,158;1,75;9,68;11,0;12,255;11,05;12,861;11,1;1440,043;150,48;454,027;54,23;59,46;15,81;1,239;10,08;0,734;10,04;0,424;10,0;1,689;23,147;0,53;30,151;3,36;6,276;0,62;4,86;1,41;959,5819;1,0;"";"";16,327;2,69;136,722;14,57;"";"";13,0;20,0;13,0;"";"";"";"";"";"";"";"";"";"";"";"";"";"";"";"";"";"";"";"";"";"";"";"";"";"";"";"";"";"";"";"";"";"";"";"";"";"";"";"";"";"";"";"";"";"";"";"";"";"";"";"";"";"";"";"";"";"";"";"";"";"";"";"";""
30.11.2022 06:32:51;1669786371000;880f01e687e2572cea04e80fc6a68085;123224;OK;1783;0;0;0;0;-0,04;-3,07;0;0;532;713;"";176,461;26,47;447,969;63,44;20,94;0,81;1,587;0,22;8,246;1,74;10,511;11,0;13,451;11,09;14,999;11,49;1528,165;159,0;479,111;56,72;65,848;16,4;4,733;10,49;1,606;10,1;0,786;10,06;2,189;23,145;0,53;30,07;3,36;6,259;0,62;4,82;1,42;959,5949;1,0;"";"";16,383;2,69;136,621;14,56;"";"";13,0;20,0;13,0;"";"";"";"";"";"";"";"";"";"";"";"";"";"";"";"";"";"";"";"";"";"";"";"";"";"";"";"";"";"";"";"";"";"";"";"";"";"";"";"";"";"";"";"";"";"";"";"";"";"";"";"";"";"";"";"";"";"";"";"";"";"";"";"";""
30.11.2022 06:34:52;1669786492000;880f01e687e2572cea04e80fc6a68085;123344;OK;1801;0;0;0;0;-0,09;-1,14;0;0;575;712;"";177,212;26,58;449,623;63,49;20,945;0,81;1,587;0,22;8,176;1,74;9,312;11,0;12,888;11,04;15,09;11,4;1471,327;153,43;467,193;55,56;71,67;16,98;4,921;10,56;2,836;10,28;0,138;10,01;2,665;23,146;0,53;29,996;3,36;6,244;0,62;4,786;1,42;959,612;1,0;"";"";16,425;2,68;136,05;14,53;"";"";13,0;20,0;13,0;"";"";"";"";"";"";"";"";"";"";"";"";"";"";"";"";"";"";"";"";"";"";"";"";"";"";"";"";"";"";"";"";"";"";"";"";"";"";"";"";"";"";"";"";"";"";"";"";"";"";"";"";"";"";"";"";"";"";"";"";"";"";"";"";""
30.11.2022 06:36:53;1669786613000;880f01e687e2572cea04e80fc6a68085;123465;OK;1804;0;0;0;0;-0,07;-2,29;0;0;581;713;"";177,934;26,69;449,443;63,48;20,946;0,81;1,587;0,22;8,233;1,74;9,17;11,0;12,37;11,0;13,895;11,22;1445,031;150,84;450,748;53,99;69,639;16,74;4,214;10,45;1,334;10,15;0,014;10,0;2,263;23,145;0,53;30,078;3,36;6,26;0,62;4,823;1,42;959,643;1,0;"";"";16,432;2,68;135,71;14,51;"";"";13,0;20,0;13,0;"";"";"";"";"";"";"";"";"";"";"";"";"";"";"";"";"";"";"";"";"";"";"";"";"";"";"";"";"";"";"";"";"";"";"";"";"";"";"";"";"";"";"";"";"";"";"";"";"";"";"";"";"";"";"";"";"";"";"";"";"";"";"";"";""
30.11.2022 06:38:51;1669786731000;880f01e687e2572cea04e80fc6a68085;123584;OK;1805;0;0;0;0;0,0;6,61;0;0;548;713;"";178,286;26,74;450,785;63,52;20,942;0,81;1,586;0,22;8,313;1,74;10,041;11,0;14,425;11,35;16,021;11,51;1506,553;156,86;475,84;56,38;76,9;17,44;4,99;10,39;1,693;10,13;0,179;10,0;2,24;23,143;0,53;30,056;3,36;6,255;0,62;4,812;1,42;959,681;1,0;"";"";16,515;2,68;135,807;14,52;"";"";13,0;20,0;13,0;"";"";"";"";"";"";"";"";"";"";"";"";"";"";"";"";"";"";"";"";"";"";"";"";"";"";"";"";"";"";"";"";"";"";"";"";"";"";"";"";"";"";"";"";"";"";"";"";"";"";"";"";"";"";"";"";"";"";"";"";"";"";"";"";""
30.11.2022 06:40:52;1669786852000;880f01e687e2572cea04e80fc6a68085;123705;OK;1797;0;0;0;0;0,02;5,42;0;0;560;713;"";180,973;27,15;451,636;63,55;20,942;0,81;1,586;0,22;8,316;1,74;9,702;11,0;12,917;11,04;14,137;11,11;1421,434;148,63;448,52;53,72;56,335;15,6;2,325;10,11;1,32;10,01;0,613;10,0;2,096;23,144;0,53;30,037;3,36;6,251;0,62;4,803;1,42;959,7199;1,0;"";"";16,524;2,68;135,726;14,52;"";"";13,0;20,0;13,0;"";"";"";"";"";"";"";"";"";"";"";"";"";"";"";"";"";"";"";"";"";"";"";"";"";"";"";"";"";"";"";"";"";"";"";"";"";"";"";"";"";"";"";"";"";"";"";"";"";"";"";"";"";"";"";"";"";"";"";"";"";"";"";"";""
30.11.2022 06:42:54;1669786974000;880f01e687e2572cea04e80fc6a68085;123826;OK;1801;0;0;0;0;-0,01;1,63;0;0;554;713;"";179,651;26,95;450,691;63,52;20,946;0,81;1,586;0,22;8,456;1,73;9,878;11,0;12,848;11,0;14,248;11,24;1466,956;153,0;465,728;55,43;74,322;17,23;2,184;10,11;1,775;10,1;0,063;10,0;2,162;23,143;0,53;30,084;3,36;6,261;0,62;4,825;1,42;959,75;1,0;"";"";16,559;2,68;135,813;14,52;"";"";13,0;20,0;13,0;"";"";"";"";"";"";"";"";"";"";"";"";"";"";"";"";"";"";"";"";"";"";"";"";"";"";"";"";"";"";"";"";"";"";"";"";"";"";"";"";"";"";"";"";"";"";"";"";"";"";"";"";"";"";"";"";"";"";"";"";"";"";"";"";""
30.11.2022 06:44:54;1669787094000;880f01e687e2572cea04e80fc6a68085;123947;OK;1795;0;0;0;0;0,05;-5,46;0;0;557;714;"";178,983;26,85;449,304;63,48;20,946;0,81;1,586;0,22;8,553;1,73;9,782;11,0;12,739;11,0;13,652;11,22;1425,536;148,96;455,735;54,51;59,288;15,72;1,531;10,08;1,045;10,07;0,282;10,0;1,847;23,142;0,53;30,145;3,36;6,273;0,61;4,852;1,41;959,767;1,0;"";"";16,665;2,67;135,983;14,53;"";"";13,0;20,0;13,0;"";"";"";"";"";"";"";"";"";"";"";"";"";"";"";"";"";"";"";"";"";"";"";"";"";"";"";"";"";"";"";"";"";"";"";"";"";"";"";"";"";"";"";"";"";"";"";"";"";"";"";"";"";"";"";"";"";"";"";"";"";"";"";"";""
30.11.2022 06:46:56;1669787216000;880f01e687e2572cea04e80fc6a68085;124069;OK;1784;0;0;0;0;0,07;-6,77;0;0;575;714;"";177,836;26,68;450,158;63,5;20,945;0,81;1,586;0,22;8,609;1,72;9,331;11,0;12,011;11,0;14,0;11,32;1434,711;149,88;450,181;53,9;67,176;16,64;3,352;10,29;3,303;10,29;0,028;10,0;2,476;23,14;0,53;30,151;3,36;6,274;0,61;4,854;1,41;959,781;1,0;"";"";16,836;2,66;136,086;14,54;"";"";13,0;20,0;13,0;"";"";"";"";"";"";"";"";"";"";"";"";"";"";"";"";"";"";"";"";"";"";"";"";"";"";"";"";"";"";"";"";"";"";"";"";"";"";"";"";"";"";"";"";"";"";"";"";"";"";"";"";"";"";"";"";"";"";"";"";"";"";"";"";""
30.11.2022 06:48:55;1669787335000;880f01e687e2572cea04e80fc6a68085;124188;OK;1795;0;0;0;0;0,05;-3,74;0;0;538;715;"";179,406;26,91;448,778;63,46;20,94;0,81;1,586;0,22;8,725;1,72;10,335;11,0;12,866;11,0;13,688;11,17;1437,99;150,23;455,462;54,41;60,958;15,96;1,952;10,24;1,226;10,13;0,258;10,0;1,751;23,138;0,53;30,159;3,36;6,275;0,61;4,857;1,41;959,77;1,0;"";"";16,926;2,66;136,536;14,56;"";"";13,0;20,0;13,0;"";"";"";"";"";"";"";"";"";"";"";"";"";"";"";"";"";"";"";"";"";"";"";"";"";"";"";"";"";"";"";"";"";"";"";"";"";"";"";"";"";"";"";"";"";"";"";"";"";"";"";"";"";"";"";"";"";"";"";"";"";"";"";"";""
30.11.2022 06:50:56;1669787456000;880f01e687e2572cea04e80fc6a68085;124308;OK;1794;0;0;0;0;-0,03;3,08;0;0;546;713;"";178,336;26,75;450,671;63,52;20,944;0,81;1,587;0,22;8,595;1,72;10,078;11,0;12,712;11,07;14,407;11,32;1460,492;152,4;455,49;54,4;64,116;16,25;4,298;10,43;2,301;10,26;0,027;10,0;2,256;23,138;0,53;30,079;3,36;6,258;0,62;4,818;1,42;959,7529;1,0;"";"";17,022;2,65;136,771;14,57;"";"";13,0;20,0;13,0;"";"";"";"";"";"";"";"";"";"";"";"";"";"";"";"";"";"";"";"";"";"";"";"";"";"";"";"";"";"";"";"";"";"";"";"";"";"";"";"";"";"";"";"";"";"";"";"";"";"";"";"";"";"";"";"";"";"";"";"";"";"";"";"";""
30.11.2022 06:52:56;1669787576000;880f01e687e2572cea04e80fc6a68085;124429;OK;1805;0;0;0;0;-0,08;-0,15;0;0;564;713;"";179,514;26,93;448,978;63,47;20,944;0,81;1,586;0,22;8,607;1,72;9,615;11,0;14,211;11,24;15,214;11,54;1453,962;151,79;457,08;54,44;73,29;17,14;5,473;10,58;0,622;10,04;0,003;10,0;2,029;23,138;0,53;30,042;3,36;6,25;0,62;4,8;1,42;959,7549;1,0;"";"";16,968;2,66;136,427;14,55;"";"";13,0;20,0;13,0;"";"";"";"";"";"";"";"";"";"";"";"";"";"";"";"";"";"";"";"";"";"";"";"";"";"";"";"";"";"";"";"";"";"";"";"";"";"";"";"";"";"";"";"";"";"";"";"";"";"";"";"";"";"";"";"";"";"";"";"";"";"";"";"";""
30.11.2022 06:54:57;1669787697000;880f01e687e2572cea04e80fc6a68085;124549;OK;1791;0;0;0;0;-0,11;2,9;0;0;558;712;"";180,315;27,05;451,123;63,53;20,944;0,81;1,587;0,22;8,648;1,72;9,767;11,0;12,526;11,03;15,06;11,53;1464,368;152,79;456,018;54,46;60,106;15,85;5,966;10,62;4,175;10,38;0,0;10,0;2,751;23,134;0,53;29,988;3,36;6,237;0,62;4,77;1,42;959,77;1,0;"";"";16,858;2,66;135,996;14,53;"";"";13,0;20,0;13,0;"";"";"";"";"";"";"";"";"";"";"";"";"";"";"";"";"";"";"";"";"";"";"";"";"";"";"";"";"";"";"";"";"";"";"";"";"";"";"";"";"";"";"";"";"";"";"";"";"";"";"";"";"";"";"";"";"";"";"";"";"";"";"";"";""
30.11.2022 06:56:56;1669787816000;880f01e687e2572cea04e80fc6a68085;124669;OK;1800;0;0;0;0;-0,01;-5,03;0;0;594;714;"";178,95;26,84;448,565;63,46;20,945;0,81;1,586;0,22;8,691;1,72;8,798;11,0;11,032;11,0;11,387;11,08;1376,799;144,19;430,417;51,92;49,896;14,83;0,897;10,09;0,476;10,04;0,0;10,0;1,496;23,133;0,53;30,113;3,36;6,263;0,61;4,83;1,42;959,78;1,0;"";"";16,842;2,66;136,034;14,53;"";"";13,0;20,0;13,0;"";"";"";"";"";"";"";"";"";"";"";"";"";"";"";"";"";"";"";"";"";"";"";"";"";"";"";"";"";"";"";"";"";"";"";"";"";"";"";"";"";"";"";"";"";"";"";"";"";"";"";"";"";"";"";"";"";"";"";"";"";"";"";"";""
30.11.2022 06:58:58;1669787938000;880f01e687e2572cea04e80fc6a68085;124790;OK;1801;0;0;0;0;0,05;1,94;0;0;556;714;"";180,597;27,09;450,776;63,52;20,945;0,81;1,586;0,22;8,772;1,72;9,826;11,0;13,462;11,23;14,382;11,34;1440,797;150,44;459,163;54,8;78,596;17,71;4,522;10,34;1,207;10,0;0,0;10,0;1,889;23,13;0,53;30,095;3,36;6,258;0,61;4,818;1,42;959,777;1,0;"";"";16,921;2,66;136,016;14,53;"";"";13,0;20,0;13,0;"";"";"";"";"";"";"";"";"";"";"";"";"";"";"";"";"";"";"";"";"";"";"";"";"";"";"";"";"";"";"";"";"";"";"";"";"";"";"";"";"";"";"";"";"";"";"";"";"";"";"";"";"";"";"";"";"";"";"";"";"";"";"";"";""
30.11.2022 07:00:58;1669788058000;880f01e687e2572cea04e80fc6a68085;124911;OK;1780;0;0;0;0;0,04;1,63;0;0;581;714;"";178,889;26,83;450,93;63,53;20,944;0,81;1,585;0,22;8,812;1,71;9,154;11,0;13,891;11,23;16,475;11,66;1393,044;145,9;443,4;53,2;63,699;16,23;8,818;10,86;3,209;10,4;0,0;10,0;2,826;23,127;0,53;30,083;3,36;6,255;0,61;4,811;1,42;959,768;1,0;"";"";16,992;2,66;136,001;14,53;"";"";13,0;20,0;13,0;"";"";"";"";"";"";"";"";"";"";"";"";"";"";"";"";"";"";"";"";"";"";"";"";"";"";"";"";"";"";"";"";"";"";"";"";"";"";"";"";"";"";"";"";"";"";"";"";"";"";"";"";"";"";"";"";"";"";"";"";"";"";"";"";""
30.11.2022 07:03:00;1669788180000;880f01e687e2572cea04e80fc6a68085;125033;OK;1800;0;0;0;0;-0,06;9,99;0;0;614;714;"";179,171;26,88;451,587;63,55;20,942;0,81;1,585;0,22;8,825;1,71;8,32;11,0;11,007;11,02;12,832;11,08;1332,55;139,91;416,252;50,59;52,216;15,14;3,701;10,33;2,346;10,17;0,0;10,0;2,591;23,125;0,53;30,038;3,36;6,245;0,62;4,787;1,42;959,7449;1,0;"";"";17,0;2,66;136,368;14,55;"";"";13,0;20,0;13,0;"";"";"";"";"";"";"";"";"";"";"";"";"";"";"";"";"";"";"";"";"";"";"";"";"";"";"";"";"";"";"";"";"";"";"";"";"";"";"";"";"";"";"";"";"";"";"";"";"";"";"";"";"";"";"";"";"";"";"";"";"";"";"";"";""
30.11.2022 07:05:01;1669788301000;880f01e687e2572cea04e80fc6a68085;125154;OK;1790;0;0;0;0;-0,03;0,57;0;0;580;714;"";177,795;26,67;449,656;63,49;20,942;0,81;1,585;0,22;8,841;1,71;9,2;11,0;12,85;11,07;13,844;11,14;1358,398;142,43;429,498;51,87;65,334;16,33;2,722;10,2;1,12;10,06;0,0;10,0;1,993;23,126;0,53;30,041;3,36;6,246;0,62;4,79;1,42;959,736;1,0;"";"";17,011;2,66;136,409;14,55;"";"";13,0;20,0;13,0;"";"";"";"";"";"";"";"";"";"";"";"";"";"";"";"";"";"";"";"";"";"";"";"";"";"";"";"";"";"";"";"";"";"";"";"";"";"";"";"";"";"";"";"";"";"";"";"";"";"";"";"";"";"";"";"";"";"";"";"";"";"";"";"";""
30.11.2022 07:07:01;1669788421000;880f01e687e2572cea04e80fc6a68085;125274;OK;1782;0;0;0;0;-0,03;-2,36;0;0;582;714;"";179,723;26,96;450,214;63,51;20,941;0,81;1,584;0,22;8,832;1,71;9,14;11,0;11,389;11,01;12,956;11,04;1401,949;146,71;443,726;53,27;48,558;14,72;3,67;10,28;2,467;10,16;0,0;10,0;2,346;23,124;0,53;30,03;3,36;6,243;0,62;4,782;1,42;959,749;1,0;"";"";17,015;2,65;136,167;14,54;"";"";13,0;20,0;13,0;"";"";"";"";"";"";"";"";"";"";"";"";"";"";"";"";"";"";"";"";"";"";"";"";"";"";"";"";"";"";"";"";"";"";"";"";"";"";"";"";"";"";"";"";"";"";"";"";"";"";"";"";"";"";"";"";"";"";"";"";"";"";"";"";""
30.11.2022 07:09:01;1669788541000;880f01e687e2572cea04e80fc6a68085;125394;OK;1790;0;0;0;0;-0,01;-5,42;0;0;561;714;"";180,711;27,11;450,159;63,5;20,942;0,81;1,585;0,22;8,814;1,71;9,686;11,0;12,467;11,0;13,058;11,05;1425,149;148,96;450,321;53,89;57,209;15,63;1,341;10,1;0,802;10,02;0,1;10,0;1,711;23,123;0,53;30,031;3,36;6,243;0,62;4,782;1,42;959,752;1,0;"";"";17,054;2,65;135,957;14,53;"";"";13,0;20,0;13,0;"";"";"";"";"";"";"";"";"";"";"";"";"";"";"";"";"";"";"";"";"";"";"";"";"";"";"";"";"";"";"";"";"";"";"";"";"";"";"";"";"";"";"";"";"";"";"";"";"";"";"";"";"";"";"";"";"";"";"";"";"";"";"";"";""
30.11.2022 07:11:02;1669788662000;880f01e687e2572cea04e80fc6a68085;125514;OK;1801;0;0;0;0;-0,0;0,82;0;0;601;714;"";180,289;27,04;449,907;63,5;20,938;0,81;1,585;0,22;8,928;1,71;8,651;11,0;11,091;11,01;12,912;11,11;1291,233;135,93;408,639;49,9;54,196;15,37;2,987;10,25;1,914;10,21;0,63;10,0;2,491;23,122;0,53;30,057;3,36;6,248;0,61;4,793;1,42;959,744;1,0;"";"";17,148;2,65;135,888;14,52;"";"";13,0;20,0;13,0;"";"";"";"";"";"";"";"";"";"";"";"";"";"";"";"";"";"";"";"";"";"";"";"";"";"";"";"";"";"";"";"";"";"";"";"";"";"";"";"";"";"";"";"";"";"";"";"";"";"";"";"";"";"";"";"";"";"";"";"";"";"";"";"";""
30.11.2022 07:13:03;1669788783000;880f01e687e2572cea04e80fc6a68085;125635;OK;1797;0;0;0;0;0,01;1,59;0;0;587;714;"";178,964;26,84;450,157;63,5;20,944;0,81;1,585;0,22;8,985;1,71;8,999;11,0;12,382;11,0;13,469;11,1;1364,659;143,13;432,116;52,15;66,71;16,61;4,495;10,35;1,908;10,08;0,065;10,0;2,073;23,122;0,53;30,041;3,36;6,244;0,62;4,786;1,42;959,736;1,0;"";"";17,246;2,64;135,843;14,52;"";"";13,0;20,0;13,0;"";"";"";"";"";"";"";"";"";"";"";"";"";"";"";"";"";"";"";"";"";"";"";"";"";"";"";"";"";"";"";"";"";"";"";"";"";"";"";"";"";"";"";"";"";"";"";"";"";"";"";"";"";"";"";"";"";"";"";"";"";"";"";"";""
30.11.2022 07:15:03;1669788903000;880f01e687e2572cea04e80fc6a68085;125756;OK;1800;0;0;0;0;-0,04;4,44;0;0;587;713;"";178,276;26,74;451,491;63,54;20,944;0,81;1,585;0,22;8,96;1,71;8,986;11,0;11,554;11,0;13,147;11,07;1313,758;138,17;412,436;50,25;56,766;15,64;3,87;10,31;2,357;10,07;0,129;10,0;2,362;23,12;0,53;29,953;3,36;6,225;0,62;4,742;1,43;959,744;1,0;"";"";17,151;2,65;135,778;14,52;"";"";13,0;20,0;13,0;"";"";"";"";"";"";"";"";"";"";"";"";"";"";"";"";"";"";"";"";"";"";"";"";"";"";"";"";"";"";"";"";"";"";"";"";"";"";"";"";"";"";"";"";"";"";"";"";"";"";"";"";"";"";"";"";"";"";"";"";"";"";"";"";""
30.11.2022 07:17:03;1669789023000;880f01e687e2572cea04e80fc6a68085;125876;OK;1794;0;0;0;0;-0,14;-0,4;0;0;611;711;"";174,859;26,23;450,435;63,51;20,944;0,81;1,585;0,22;8,957;1,71;8,392;11,0;10,097;11,0;11,527;11,01;1352,406;141,89;427,457;51,69;48,051;14,68;2,528;10,14;2,302;10,11;0,013;10,0;2,327;23,118;0,53;29,821;3,37;6,197;0,62;4,677;1,43;959,746;1,0;"";"";17,033;2,65;135,291;14,49;"";"";13,0;20,0;13,0;"";"";"";"";"";"";"";"";"";"";"";"";"";"";"";"";"";"";"";"";"";"";"";"";"";"";"";"";"";"";"";"";"";"";"";"";"";"";"";"";"";"";"";"";"";"";"";"";"";"";"";"";"";"";"";"";"";"";"";"";"";"";"";"";""
30.11.2022 07:19:03;1669789143000;880f01e687e2572cea04e80fc6a68085;125995;OK;1803;0;0;0;0;-0,11;4,4;0;0;584;712;"";177,15;26,57;451,898;63,56;20,945;0,81;1,585;0,22;9,092;1,7;9,086;11,0;12,639;11,07;14,144;11,29;1400,737;146,56;442,819;53,15;57,573;15,59;4,125;10,27;2,131;10,06;0,837;10,0;2,295;23,118;0,53;29,904;3,37;6,214;0,62;4,717;1,43;959,7349;1,0;"";"";17,147;2,65;135,2;14,49;"";"";13,0;20,0;13,0;"";"";"";"";"";"";"";"";"";"";"";"";"";"";"";"";"";"";"";"";"";"";"";"";"";"";"";"";"";"";"";"";"";"";"";"";"";"";"";"";"";"";"";"";"";"";"";"";"";"";"";"";"";"";"";"";"";"";"";"";"";"";"";"";""
30.11.2022 07:21:05;1669789265000;880f01e687e2572cea04e80fc6a68085;126118;OK;1798;0;0;0;0;0,01;3,96;0;0;569;713;"";177,329;26,6;451,232;63,54;20,945;0,81;1,584;0,22;9,388;1,69;9,464;11,0;13,305;11,03;14,939;11,34;1404,294;146,97;437,605;52,6;70,118;16,87;6,826;10,59;3,286;10,27;0,083;10,0;2,288;23,117;0,53;29,956;3,36;6,225;0,62;4,741;1,43;959,732;1,0;"";"";17,418;2,64;135,696;14,51;"";"";13,0;20,0;13,0;"";"";"";"";"";"";"";"";"";"";"";"";"";"";"";"";"";"";"";"";"";"";"";"";"";"";"";"";"";"";"";"";"";"";"";"";"";"";"";"";"";"";"";"";"";"";"";"";"";"";"";"";"";"";"";"";"";"";"";"";"";"";"";"";""
30.11.2022 07:23:06;1669789386000;880f01e687e2572cea04e80fc6a68085;126239;OK;1793;0;0;0;0;0,07;-3,02;0;0;562;713;"";178,39;26,76;448,939;63,47;20,944;0,81;1,585;0,22;9,58;1,68;9,65;11,0;12,992;11,0;14,18;11,13;1478,795;154,17;459,05;54,73;60,689;15,91;2,915;10,14;1,804;10,04;0,009;10,0;2,075;23,119;0,53;29,923;3,36;6,219;0,62;4,727;1,43;959,723;1,0;"";"";17,577;2,63;135,763;14,52;"";"";13,0;20,0;13,0;"";"";"";"";"";"";"";"";"";"";"";"";"";"";"";"";"";"";"";"";"";"";"";"";"";"";"";"";"";"";"";"";"";"";"";"";"";"";"";"";"";"";"";"";"";"";"";"";"";"";"";"";"";"";"";"";"";"";"";"";"";"";"";"";""
30.11.2022 07:25:06;1669789506000;880f01e687e2572cea04e80fc6a68085;126358;OK;1809;0;0;0;0;0,04;-4,5;0;0;589;714;"";177,371;26,61;451,379;63,54;20,943;0,81;1,584;0,22;9,71;1,67;8,951;11,0;11,835;11,0;12,873;11,1;1342,918;140,93;425,377;51,46;54,632;15,28;2,754;10,27;1,346;10,0;0,409;10,0;1,984;23,117;0,53;29,997;3,36;6,234;0,62;4,761;1,42;959,7139;1,0;"";"";17,775;2,62;135,575;14,51;"";"";13,0;20,0;13,0;"";"";"";"";"";"";"";"";"";"";"";"";"";"";"";"";"";"";"";"";"";"";"";"";"";"";"";"";"";"";"";"";"";"";"";"";"";"";"";"";"";"";"";"";"";"";"";"";"";"";"";"";"";"";"";"";"";"";"";"";"";"";"";"";""
30.11.2022 07:27:07;1669789627000;880f01e687e2572cea04e80fc6a68085;126479;OK;1787;0;0;0;0;0,04;0,93;0;0;603;714;"";176,504;26,48;450,731;63,52;20,945;0,81;1,584;0,22;9,865;1,66;8,573;11,0;10,968;11,0;11,933;11,02;1227,027;129,6;390,818;48,18;52,84;15,2;1,888;10,14;1,529;10,06;0,042;10,0;1,988;23,117;0,53;30,019;3,36;6,238;0,61;4,771;1,42;959,718;1,0;"";"";17,949;2,61;135,709;14,51;"";"";13,0;20,0;13,0;"";"";"";"";"";"";"";"";"";"";"";"";"";"";"";"";"";"";"";"";"";"";"";"";"";"";"";"";"";"";"";"";"";"";"";"";"";"";"";"";"";"";"";"";"";"";"";"";"";"";"";"";"";"";"";"";"";"";"";"";"";"";"";"";""
30.11.2022 07:29:05;1669789745000;880f01e687e2572cea04e80fc6a68085;126598;OK;1805;0;0;0;0;0,08;1,85;0;0;604;714;"";177,55;26,63;449,885;63,5;20,944;0,81;1,585;0,22;10,038;1,65;8,548;11,0;11,698;11,0;13,53;11,22;1285,501;135,27;407,064;49,64;64,246;16,28;4,131;10,38;2,225;10,19;1,18;10,1;2,444;23,117;0,53;30,07;3,36;6,249;0,61;4,796;1,42;959,739;1,0;"";"";18,168;2,6;135,92;14,52;"";"";13,0;20,0;13,0;"";"";"";"";"";"";"";"";"";"";"";"";"";"";"";"";"";"";"";"";"";"";"";"";"";"";"";"";"";"";"";"";"";"";"";"";"";"";"";"";"";"";"";"";"";"";"";"";"";"";"";"";"";"";"";"";"";"";"";"";"";"";"";"";""
30.11.2022 07:31:06;1669789866000;880f01e687e2572cea04e80fc6a68085;126719;OK;1799;0;0;0;0;0,04;1,45;0;0;583;714;"";178,199;26,73;452,911;63,59;20,944;0,81;1,585;0,22;10,115;1,65;9,09;11,0;13,415;11,06;15,813;11,65;1386,247;145,17;432,992;52,25;70,413;16,83;7,603;10,68;3,605;10,3;0,403;10,01;2,752;23,116;0,53;30,036;3,36;6,241;0,61;4,778;1,42;959,765;1,0;"";"";18,299;2,59;136,144;14,54;"";"";13,0;20,0;13,0;"";"";"";"";"";"";"";"";"";"";"";"";"";"";"";"";"";"";"";"";"";"";"";"";"";"";"";"";"";"";"";"";"";"";"";"";"";"";"";"";"";"";"";"";"";"";"";"";"";"";"";"";"";"";"";"";"";"";"";"";"";"";"";"";""
30.11.2022 07:33:07;1669789987000;880f01e687e2572cea04e80fc6a68085;126839;OK;1796;0;0;0;0;-0,01;3,49;0;0;581;713;"";178,202;26,73;451,713;63,55;20,944;0,81;1,585;0,22;10,06;1,65;9,153;11,0;11,823;11,01;13,563;11,08;1387,141;145,27;437,91;52,68;55,289;15,38;4,424;10,47;2,07;10,06;0,042;10,0;2,422;23,116;0,53;29,986;3,36;6,231;0,62;4,755;1,42;959,786;1,0;"";"";18,429;2,59;136,521;14,56;"";"";13,0;20,0;13,0;"";"";"";"";"";"";"";"";"";"";"";"";"";"";"";"";"";"";"";"";"";"";"";"";"";"";"";"";"";"";"";"";"";"";"";"";"";"";"";"";"";"";"";"";"";"";"";"";"";"";"";"";"";"";"";"";"";"";"";"";"";"";"";"";""
30.11.2022 07:35:07;1669790107000;880f01e687e2572cea04e80fc6a68085;126960;OK;1801;0;0;0;0;-0,07;0,63;0;0;629;713;"";178,611;26,79;450,564;63,52;20,943;0,81;1,585;0,22;10,017;1,66;7,946;11,0;10,83;11,0;12,597;11,22;1252,409;132,14;394,704;48,45;55,862;15,46;6,003;10,51;2,007;10,08;0,004;10,0;2,462;23,117;0,53;29,928;3,36;6,219;0,62;4,728;1,43;959,775;1,0;"";"";18,505;2,58;136,33;14,55;"";"";13,0;20,0;13,0;"";"";"";"";"";"";"";"";"";"";"";"";"";"";"";"";"";"";"";"";"";"";"";"";"";"";"";"";"";"";"";"";"";"";"";"";"";"";"";"";"";"";"";"";"";"";"";"";"";"";"";"";"";"";"";"";"";"";"";"";"";"";"";"";""
30.11.2022 07:37:10;1669790230000;880f01e687e2572cea04e80fc6a68085;127082;OK;1789;0;0;0;0;-0,09;-5,1;0;0;598;712;"";179,951;26,99;451,112;63,53;20,944;0,81;1,585;0,22;9,942;1,66;8,713;11,0;10,949;11,0;12,474;11,03;1314,371;138,2;415,708;50,5;55,357;15,44;3,565;10,31;1,078;10,01;0,0;10,0;2,345;23,116;0,53;29,902;3,37;6,213;0,62;4,714;1,43;959,766;1,0;"";"";18,441;2,59;135,505;14,5;"";"";13,0;20,0;13,0;"";"";"";"";"";"";"";"";"";"";"";"";"";"";"";"";"";"";"";"";"";"";"";"";"";"";"";"";"";"";"";"";"";"";"";"";"";"";"";"";"";"";"";"";"";"";"";"";"";"";"";"";"";"";"";"";"";"";"";"";"";"";"";"";""
30.11.2022 07:39:10;1669790350000;880f01e687e2572cea04e80fc6a68085;127202;OK;1812;0;0;0;0;-0,05;1,57;0;0;586;712;"";178,925;26,84;452,37;63,57;20,944;0,81;1,585;0,22;10,028;1,66;9,022;11,0;11,506;11,0;13,084;11,02;1381,91;144,81;434,202;52,34;61,168;15,98;3,239;10,38;1,31;10,0;0,338;10,0;2,336;23,114;0,53;29,91;3,37;6,215;0,62;4,717;1,43;959,742;1,0;"";"";18,457;2,58;135,193;14,49;"";"";13,0;20,0;13,0;"";"";"";"";"";"";"";"";"";"";"";"";"";"";"";"";"";"";"";"";"";"";"";"";"";"";"";"";"";"";"";"";"";"";"";"";"";"";"";"";"";"";"";"";"";"";"";"";"";"";"";"";"";"";"";"";"";"";"";"";"";"";"";"";""
30.11.2022 07:41:11;1669790471000;880f01e687e2572cea04e80fc6a68085;127323;OK;1791;0;0;0;0;-0,04;0,51;0;0;602;711;"";178,394;26,76;450,758;63,52;20,944;0,81;1,585;0,22;10,109;1,65;8,594;11,0;9,929;11,0;10,767;11,0;1267,624;133,64;401,908;49,2;36,788;13,55;1,659;10,06;1,403;10,0;0,035;10,0;1,82;23,114;0,53;29,828;3,37;6,197;0,62;4,677;1,43;959,726;1,0;"";"";18,491;2,58;134,935;14,47;"";"";13,0;20,0;13,0;"";"";"";"";"";"";"";"";"";"";"";"";"";"";"";"";"";"";"";"";"";"";"";"";"";"";"";"";"";"";"";"";"";"";"";"";"";"";"";"";"";"";"";"";"";"";"";"";"";"";"";"";"";"";"";"";"";"";"";"";"";"";"";"";""
30.11.2022 07:43:11;1669790591000;880f01e687e2572cea04e80fc6a68085;127444;OK;1801;0;0;0;0;-0,01;0,28;0;0;609;713;"";178,592;26,79;451,183;63,54;20,944;0,81;1,584;0,22;10,212;1,65;8,431;11,0;11,314;11,0;12,786;11,15;1357,738;142,39;427,184;51,61;60,286;15,85;3,437;10,34;2,226;10,2;0,004;10,0;2,333;23,113;0,53;29,901;3,37;6,212;0,62;4,711;1,43;959,715;1,0;"";"";18,49;2,58;134,569;14,45;"";"";13,0;20,0;13,0;"";"";"";"";"";"";"";"";"";"";"";"";"";"";"";"";"";"";"";"";"";"";"";"";"";"";"";"";"";"";"";"";"";"";"";"";"";"";"";"";"";"";"";"";"";"";"";"";"";"";"";"";"";"";"";"";"";"";"";"";"";"";"";"";""
30.11.2022 07:45:10;1669790710000;880f01e687e2572cea04e80fc6a68085;127563;OK;1802;0;0;0;0;0,01;-0,17;0;0;626;713;"";178,911;26,84;452,01;63,56;20,944;0,81;1,585;0,22;10,226;1,65;8,001;11,0;11,135;11,0;13,474;11,19;1311,098;137,82;411,886;50,16;56,269;15,49;3,829;10,35;2,47;10,25;0,0;10,0;2,864;23,112;0,53;29,913;3,37;6,214;0,62;4,716;1,43;959,697;1,0;"";"";18,558;2,58;134,64;14,46;"";"";13,0;20,0;13,0;"";"";"";"";"";"";"";"";"";"";"";"";"";"";"";"";"";"";"";"";"";"";"";"";"";"";"";"";"";"";"";"";"";"";"";"";"";"";"";"";"";"";"";"";"";"";"";"";"";"";"";"";"";"";"";"";"";"";"";"";"";"";"";"";""
30.11.2022 07:47:11;1669790831000;880f01e687e2572cea04e80fc6a68085;127684;OK;1794;0;0;0;0;-0,01;1,69;0;0;577;711;"";178,125;26,72;451,27;63,54;20,945;0,81;1,586;0,22;10,26;1,64;9,266;11,0;12,086;11,0;12,714;11,03;1369,015;143,47;427,263;51,67;52,882;15,13;2,537;10,18;1,326;10,03;0,0;10,0;1,745;23,111;0,53;29,827;3,37;6,196;0,62;4,674;1,43;959,68;1,0;"";"";18,677;2,57;134,662;14,46;"";"";13,0;20,0;13,0;"";"";"";"";"";"";"";"";"";"";"";"";"";"";"";"";"";"";"";"";"";"";"";"";"";"";"";"";"";"";"";"";"";"";"";"";"";"";"";"";"";"";"";"";"";"";"";"";"";"";"";"";"";"";"";"";"";"";"";"";"";"";"";"";""
30.11.2022 07:49:12;1669790952000;880f01e687e2572cea04e80fc6a68085;127805;OK;1798;0;0;0;0;-0,04;1,77;0;0;602;712;"";178,846;26,83;452,366;63,57;20,944;0,81;1,586;0,22;10,253;1,64;8,596;11,0;10,354;11,0;11,248;11,0;1232,394;130,16;390,162;48,06;46,321;14,56;1,291;10,1;1,013;10,06;0,166;10,0;1,881;23,11;0,53;29,884;3,37;6,207;0,62;4,7;1,43;959,698;1,0;"";"";18,662;2,57;134,879;14,47;"";"";13,0;20,0;13,0;"";"";"";"";"";"";"";"";"";"";"";"";"";"";"";"";"";"";"";"";"";"";"";"";"";"";"";"";"";"";"";"";"";"";"";"";"";"";"";"";"";"";"";"";"";"";"";"";"";"";"";"";"";"";"";"";"";"";"";"";"";"";"";"";""
30.11.2022 07:51:12;1669791072000;880f01e687e2572cea04e80fc6a68085;127925;OK;1784;0;0;0;0;0,01;4,16;0;0;610;713;"";179,304;26,9;453,722;63,61;20,943;0,81;1,585;0,22;10,326;1,64;8,42;11,0;10,836;11,0;11,03;11,0;1308,638;137,58;408,258;49,75;53,868;15,19;0,375;10,01;0,244;10,01;0,017;10,0;1,468;23,111;0,53;29,931;3,36;6,218;0,62;4,723;1,43;959,744;1,0;"";"";18,813;2,57;135,254;14,49;"";"";13,0;20,0;13,0;"";"";"";"";"";"";"";"";"";"";"";"";"";"";"";"";"";"";"";"";"";"";"";"";"";"";"";"";"";"";"";"";"";"";"";"";"";"";"";"";"";"";"";"";"";"";"";"";"";"";"";"";"";"";"";"";"";"";"";"";"";"";"";"";""
30.11.2022 07:53:13;1669791193000;880f01e687e2572cea04e80fc6a68085;128046;OK;1799;0;0;0;0;0,07;2,67;0;0;637;713;"";178,106;26,72;451,944;63,56;20,942;0,81;1,585;0,22;10,461;1,63;7,743;11,0;10,616;11,0;12,459;11,0;1287,719;135,56;399,172;48,9;56,275;15,45;3,317;10,26;2,753;10,19;0,382;10,0;2,652;23,109;0,53;29,946;3,36;6,22;0,62;4,729;1,43;959,778;1,0;"";"";18,956;2,56;135,767;14,52;"";"";13,0;20,0;13,0;"";"";"";"";"";"";"";"";"";"";"";"";"";"";"";"";"";"";"";"";"";"";"";"";"";"";"";"";"";"";"";"";"";"";"";"";"";"";"";"";"";"";"";"";"";"";"";"";"";"";"";"";"";"";"";"";"";"";"";"";"";"";"";"";""
30.11.2022 07:55:14;1669791314000;880f01e687e2572cea04e80fc6a68085;128167;OK;1799;0;0;0;0;0,0;-4,91;0;0;611;712;"";177,314;26,6;450,849;63,53;20,941;0,81;1,586;0,22;10,424;1,64;8,385;11,0;10,637;11,0;11,765;11,0;1267,044;133,51;393,11;48,3;52,363;15,16;1,561;10,12;1,23;10,04;0,09700001;10,0;2,102;23,106;0,53;29,897;3,37;6,209;0,62;4,703;1,43;959,822;1,0;"";"";18,948;2,56;135,561;14,5;"";"";13,0;20,0;13,0;"";"";"";"";"";"";"";"";"";"";"";"";"";"";"";"";"";"";"";"";"";"";"";"";"";"";"";"";"";"";"";"";"";"";"";"";"";"";"";"";"";"";"";"";"";"";"";"";"";"";"";"";"";"";"";"";"";"";"";"";"";"";"";"";""
30.11.2022 07:57:15;1669791435000;880f01e687e2572cea04e80fc6a68085;128288;OK;1802;0;0;0;0;-0,06;-5,75;0;0;611;712;"";176,104;26,42;451,175;63,54;20,942;0,81;1,586;0,22;10,417;1,64;8,382;11,0;10,779;11,0;12,427;11,09;1284,152;135,17;399,031;48,92;50,894;15,02;3,705;10,23;2,24;10,02;0,723;10,0;2,462;23,104;0,53;29,879;3,37;6,204;0,62;4,693;1,43;959,8599;1,0;"";"";18,913;2,56;135,363;14,49;"";"";13,0;20,0;13,0;"";"";"";"";"";"";"";"";"";"";"";"";"";"";"";"";"";"";"";"";"";"";"";"";"";"";"";"";"";"";"";"";"";"";"";"";"";"";"";"";"";"";"";"";"";"";"";"";"";"";"";"";"";"";"";"";"";"";"";"";"";"";"";"";""
30.11.2022 07:59:15;1669791555000;880f01e687e2572cea04e80fc6a68085;128407;OK;1804;0;0;0;0;-0,02;-2,5;0;0;574;713;"";179,66;26,95;450,749;63,52;20,942;0,81;1,585;0,22;10,528;1,63;9,364;11,0;11,653;11,0;12,555;11,01;1405,521;147,11;441,104;53,01;59,636;15,81;2,372;10,2;1,336;10,0;0,077;10,0;1,902;23,108;0,53;29,91;3,37;6,212;0,62;4,711;1,43;959,872;1,0;"";"";19,039;2,56;135,769;14,52;"";"";13,0;20,0;13,0;"";"";"";"";"";"";"";"";"";"";"";"";"";"";"";"";"";"";"";"";"";"";"";"";"";"";"";"";"";"";"";"";"";"";"";"";"";"";"";"";"";"";"";"";"";"";"";"";"";"";"";"";"";"";"";"";"";"";"";"";"";"";"";"";""
30.11.2022 08:01:16;1669791676000;880f01e687e2572cea04e80fc6a68085;128528;OK;1798;0;0;0;0;0,04;1,46;0;0;568;713;"";178,837;26,83;451,645;63,55;20,945;0,81;1,586;0,22;10,573;1,63;9,505;11,0;11,612;11,0;12,859;11,0;1373,098;143,89;429,419;51,86;60,092;15,82;1,795;10,08;1,655;10,06;0,813;10,0;2,08;23,106;0,53;29,919;3,37;6,213;0,62;4,713;1,43;959,885;1,0;"";"";19,188;2,55;135,722;14,51;"";"";13,0;20,0;13,0;"";"";"";"";"";"";"";"";"";"";"";"";"";"";"";"";"";"";"";"";"";"";"";"";"";"";"";"";"";"";"";"";"";"";"";"";"";"";"";"";"";"";"";"";"";"";"";"";"";"";"";"";"";"";"";"";"";"";"";"";"";"";"";"";""
30.11.2022 08:03:16;1669791796000;880f01e687e2572cea04e80fc6a68085;128649;OK;1790;0;0;0;0;0,06;3,03;0;0;598;713;"";177,539;26,63;451,966;63,56;20,947;0,81;1,587;0,22;10,728;1,62;8,731;11,0;12,423;11,04;14,04;11,2;1336,537;140,44;418,675;50,8;59,605;15,83;6,142;10,56;2,28;10,07;0,537;10,0;2,447;23,105;0,53;29,944;3,36;6,218;0,62;4,724;1,43;959,874;1,0;"";"";19,325;2,54;135,979;14,53;"";"";13,0;20,0;13,0;"";"";"";"";"";"";"";"";"";"";"";"";"";"";"";"";"";"";"";"";"";"";"";"";"";"";"";"";"";"";"";"";"";"";"";"";"";"";"";"";"";"";"";"";"";"";"";"";"";"";"";"";"";"";"";"";"";"";"";"";"";"";"";"";""
30.11.2022 08:05:17;1669791917000;880f01e687e2572cea04e80fc6a68085;128770;OK;1781;0;0;0;0;0,0;2,75;0;0;639;712;"";178,964;26,84;452,638;63,58;20,946;0,81;1,587;0,22;10,804;1,62;7,703;11,0;10,317;11,0;11,509;11,02;1194,691;126,47;368,206;45,93;54,873;15,38;3,138;10,22;1,589;10,01;0,054;10,0;2,257;23,107;0,53;29,919;3,37;6,214;0,62;4,714;1,43;959,8639;1,0;"";"";19,411;2,54;136,284;14,54;"";"";13,0;20,0;13,0;"";"";"";"";"";"";"";"";"";"";"";"";"";"";"";"";"";"";"";"";"";"";"";"";"";"";"";"";"";"";"";"";"";"";"";"";"";"";"";"";"";"";"";"";"";"";"";"";"";"";"";"";"";"";"";"";"";"";"";"";"";"";"";"";""
30.11.2022 08:07:18;1669792038000;880f01e687e2572cea04e80fc6a68085;128891;OK;1791;0;0;0;0;0,0;2,22;0;0;581;713;"";178,743;26,81;451,748;63,55;20,947;0,81;1,586;0,22;10,924;1,61;9,169;11,0;12,203;11,0;13,339;11,19;1376,436;144,23;435,047;52,41;57,638;15,6;5,049;10,49;1,366;10,06;0,006;10,0;2,055;23,106;0,53;29,948;3,36;6,219;0,62;4,727;1,43;959,8829;1,0;"";"";19,58;2,53;136,489;14,55;"";"";13,0;20,0;13,0;"";"";"";"";"";"";"";"";"";"";"";"";"";"";"";"";"";"";"";"";"";"";"";"";"";"";"";"";"";"";"";"";"";"";"";"";"";"";"";"";"";"";"";"";"";"";"";"";"";"";"";"";"";"";"";"";"";"";"";"";"";"";"";"";""
30.11.2022 08:09:18;1669792158000;880f01e687e2572cea04e80fc6a68085;129011;OK;1787;0;0;0;0;0,01;-2,47;0;0;608;713;"";179,03;26,85;450,895;63,53;20,947;0,81;1,586;0,22;10,999;1,61;8,489;11,0;12,054;11,0;13,402;11,18;1296,132;136,36;408,684;49,83;62,876;16,04;4,42;10,49;1,945;10,11;0,001;10,0;2,206;23,105;0,53;29,962;3,36;6,222;0,62;4,733;1,42;959,908;1,0;"";"";19,629;2,53;136,634;14,56;"";"";13,0;20,0;13,0;"";"";"";"";"";"";"";"";"";"";"";"";"";"";"";"";"";"";"";"";"";"";"";"";"";"";"";"";"";"";"";"";"";"";"";"";"";"";"";"";"";"";"";"";"";"";"";"";"";"";"";"";"";"";"";"";"";"";"";"";"";"";"";"";""
30.11.2022 08:11:18;1669792278000;880f01e687e2572cea04e80fc6a68085;129131;OK;1792;0;0;0;0;-0,0;-2,6;0;0;617;713;"";177,855;26,68;451,705;63,55;20,95;0,81;1,586;0,22;11,023;1,61;8,226;11,0;12,323;11,0;13,596;11,1;1331,405;139,77;417,646;50,76;60,135;15,83;5,08;10,6;1,0;10,01;0,258;10,0;2,285;23,102;0,53;29,923;3,37;6,213;0,62;4,712;1,43;959,9099;1,0;"";"";19,747;2,52;136,468;14,55;"";"";13,0;20,0;13,0;"";"";"";"";"";"";"";"";"";"";"";"";"";"";"";"";"";"";"";"";"";"";"";"";"";"";"";"";"";"";"";"";"";"";"";"";"";"";"";"";"";"";"";"";"";"";"";"";"";"";"";"";"";"";"";"";"";"";"";"";"";"";"";"";""
30.11.2022 08:13:20;1669792400000;880f01e687e2572cea04e80fc6a68085;129253;OK;1789;0;0;0;0;-0,04;1,13;0;0;639;712;"";178,055;26,71;452,155;63,56;20,949;0,81;1,587;0,22;11,03;1,61;7,706;11,0;10,185;11,0;11,102;11,01;1220,177;128,99;384,296;47,51;56,364;15,51;3,569;10,41;0,846;10,03;0,026;10,0;2,064;23,103;0,53;29,906;3,37;6,21;0,62;4,705;1,43;959,8969;1,0;"";"";19,746;2,52;136,298;14,54;"";"";13,0;20,0;13,0;"";"";"";"";"";"";"";"";"";"";"";"";"";"";"";"";"";"";"";"";"";"";"";"";"";"";"";"";"";"";"";"";"";"";"";"";"";"";"";"";"";"";"";"";"";"";"";"";"";"";"";"";"";"";"";"";"";"";"";"";"";"";"";"";""
30.11.2022 08:15:21;1669792521000;880f01e687e2572cea04e80fc6a68085;129374;OK;1797;0;0;0;0;-0,05;3,25;0;0;641;712;"";176,016;26,4;451,092;63,53;20,95;0,81;1,589;0,23;11,039;1,61;7,633;11,0;9,789;11,0;10,853;11,0;1257,509;132,55;395,831;48,62;49,024;14,85;2,532;10,2;1,115;10,0;0,183;10,0;2,153;23,098;0,53;29,904;3,37;6,207;0,62;4,7;1,43;959,896;1,0;"";"";19,791;2,52;135,975;14,53;"";"";13,0;20,0;13,0;"";"";"";"";"";"";"";"";"";"";"";"";"";"";"";"";"";"";"";"";"";"";"";"";"";"";"";"";"";"";"";"";"";"";"";"";"";"";"";"";"";"";"";"";"";"";"";"";"";"";"";"";"";"";"";"";"";"";"";"";"";"";"";"";""
30.11.2022 08:17:20;1669792640000;880f01e687e2572cea04e80fc6a68085;129493;OK;1790;0;0;0;0;-0,0;-0,89;0;0;620;712;"";177,304;26,6;450,881;63,53;20,945;0,81;1,588;0,23;11,048;1,61;8,171;11,0;10,825;11,04;12,152;11,13;1295,18;136,29;401,989;49,23;56,293;15,54;2,149;10,13;1,511;10,06;0,172;10,0;2,238;23,102;0,53;29,916;3,37;6,211;0,62;4,709;1,43;959,9099;1,0;"";"";19,89;2,51;136,053;14,53;"";"";13,0;20,0;13,0;"";"";"";"";"";"";"";"";"";"";"";"";"";"";"";"";"";"";"";"";"";"";"";"";"";"";"";"";"";"";"";"";"";"";"";"";"";"";"";"";"";"";"";"";"";"";"";"";"";"";"";"";"";"";"";"";"";"";"";"";"";"";"";"";""
30.11.2022 08:19:20;1669792760000;880f01e687e2572cea04e80fc6a68085;129613;OK;1808;0;0;0;0;0,01;-8,19;0;0;628;713;"";178,817;26,82;449,757;63,49;20,943;0,81;1,587;0,22;11,09;1,6;7,944;11,0;10,011;11,0;11,211;11,01;1232,584;130,25;388,251;47,8;49,101;14,86;1,851;10,09;1,44;10,01;0,018;10,0;2,208;23,099;0,53;29,92;3,37;6,211;0,62;4,708;1,43;959,918;1,0;"";"";19,829;2,52;135,889;14,52;"";"";13,0;20,0;13,0;"";"";"";"";"";"";"";"";"";"";"";"";"";"";"";"";"";"";"";"";"";"";"";"";"";"";"";"";"";"";"";"";"";"";"";"";"";"";"";"";"";"";"";"";"";"";"";"";"";"";"";"";"";"";"";"";"";"";"";"";"";"";"";"";""
30.11.2022 08:21:21;1669792881000;880f01e687e2572cea04e80fc6a68085;129734;OK;1793;0;0;0;0;-0,0;-6,15;0;0;598;712;"";177,297;26,59;450,509;63,52;20,948;0,81;1,587;0,22;11,073;1,61;8,723;11,0;11,594;11,0;13,082;11,24;1376,293;144,23;436,879;52,61;60,472;15,88;3,301;10,22;2,017;10,19;0,484;10,0;2,253;23,098;0,53;29,888;3,37;6,204;0,62;4,692;1,43;959,921;1,0;"";"";19,895;2,51;135,491;14,5;"";"";13,0;20,0;13,0;"";"";"";"";"";"";"";"";"";"";"";"";"";"";"";"";"";"";"";"";"";"";"";"";"";"";"";"";"";"";"";"";"";"";"";"";"";"";"";"";"";"";"";"";"";"";"";"";"";"";"";"";"";"";"";"";"";"";"";"";"";"";"";"";""
30.11.2022 08:23:21;1669793001000;880f01e687e2572cea04e80fc6a68085;129854;OK;1802;0;0;0;0;-0,08;0,93;0;0;627;711;"";169,833;25,47;451,714;63,55;20,944;0,81;1,586;0,22;10,844;1,62;8,004;11,0;10,964;11,0;11,434;11,05;1261,935;133,08;395,907;48,64;45,817;14,47;1,914;10,07;0,566;10,02;0,05;10,0;1,703;23,089;0,53;29,761;3,37;6,175;0,62;4,623;1,44;959,924;1,0;"";"";19,869;2,52;132,718;14,35;"";"";17,218;18,69;78,2;"";"";"";"";"";"";"";"";"";"";"";"";"";"";"";"";"";"";"";"";"";"";"";"";"";"";"";"";"";"";"";"";"";"";"";"";"";"";"";"";"";"";"";"";"";"";"";"";"";"";"";"";"";"";"";"";"";"";"";"";"";"";"";"";""
30.11.2022 08:25:23;1669793123000;880f01e687e2572cea04e80fc6a68085;129976;OK;1781;1;0;0;0;-0,05;22,14;0;0;592;713;"";174,781;26,22;456,918;63,71;20,944;0,81;1,586;0,22;10,915;1,61;8,858;11,0;11,503;11,0;12,837;11,13;1337,958;140,56;420,27;50,95;60,641;15,9;2,26;10,18;1,343;10,11;0,428;10,0;2,144;23,076;0,53;29,901;3,37;6,199;0,61;4,679;1,43;959,964;1,0;"";"";19,748;2,52;132,686;14,35;"";"";13,421;19,87;13,0;"";"";"";"";"";"";"";"";"";"";"";"";"";"";"";"";"";"";"";"";"";"";"";"";"";"";"";"";"";"";"";"";"";"";"";"";"";"";"";"";"";"";"";"";"";"";"";"";"";"";"";"";"";"";"";"";"";"";"";"";"";"";"";"";""
30.11.2022 08:27:24;1669793244000;880f01e687e2572cea04e80fc6a68085;130097;OK;1805;0;0;0;0;0,04;17,1;0;0;617;714;"";180,337;27,05;455,76;63,67;20,945;0,81;1,587;0,22;11,159;1,6;8,219;11,0;11,41;11,03;12,503;11,15;1246,102;131,47;392,12;48,24;60,635;15,89;5,331;10,5;1,397;10,01;0,13;10,0;2,151;23,078;0,53;29,99;3,36;6,218;0,61;4,723;1,42;959,993;1,0;"";"";19,82;2,52;134,624;14,45;"";"";13,043;19,99;13,0;"";"";"";"";"";"";"";"";"";"";"";"";"";"";"";"";"";"";"";"";"";"";"";"";"";"";"";"";"";"";"";"";"";"";"";"";"";"";"";"";"";"";"";"";"";"";"";"";"";"";"";"";"";"";"";"";"";"";"";"";"";"";"";"";""
30.11.2022 08:29:24;1669793364000;880f01e687e2572cea04e80fc6a68085;130217;OK;1787;0;0;0;0;0,12;7,36;0;0;638;714;"";177,773;26,67;455,383;63,66;20,946;0,81;1,587;0,22;11,361;1,59;7,721;11,0;9,598;11,0;10,381;11,02;1200,454;126,97;373,508;46,42;38,109;13,78;1,753;10,08;1,2;10,01;0,684;10,0;1,901;23,081;0,53;30,015;3,36;6,224;0,61;4,738;1,42;959,978;1,0;"";"";20,044;2,51;136,378;14,55;"";"";13,004;20,0;13,0;"";"";"";"";"";"";"";"";"";"";"";"";"";"";"";"";"";"";"";"";"";"";"";"";"";"";"";"";"";"";"";"";"";"";"";"";"";"";"";"";"";"";"";"";"";"";"";"";"";"";"";"";"";"";"";"";"";"";"";"";"";"";"";"";""
30.11.2022 08:31:25;1669793485000;880f01e687e2572cea04e80fc6a68085;130338;OK;1799;0;0;0;0;0,09;-6,58;0;0;626;715;"";178,557;26,78;455,472;63,66;20,947;0,81;1,587;0,22;11,446;1,59;8,02;11,0;10,442;11,0;10,881;11,0;1268,838;133,75;397,559;48,79;50,345;14,89;1,403;10,11;0,531;10,0;0,128;10,0;1,69;23,086;0,53;30,054;3,36;6,234;0,61;4,761;1,42;959,977;1,0;"";"";20,394;2,49;137,403;14,6;"";"";22,663;17,18;84,5;"";"";"";"";"";"";"";"";"";"";"";"";"";"";"";"";"";"";"";"";"";"";"";"";"";"";"";"";"";"";"";"";"";"";"";"";"";"";"";"";"";"";"";"";"";"";"";"";"";"";"";"";"";"";"";"";"";"";"";"";"";"";"";"";""
30.11.2022 08:33:26;1669793606000;880f01e687e2572cea04e80fc6a68085;130459;OK;1801;0;0;0;0;0,02;7,94;0;0;593;714;"";184,341;27,65;458,277;63,75;20,946;0,81;1,588;0,23;11,434;1,59;8,844;11,0;11,586;11,0;11,728;11,0;1363,795;142,92;431,028;52,12;53,63;15,23;1,469;10,13;0,345;10,0;0,013;10,0;1,456;23,089;0,53;29,996;3,36;6,223;0,61;4,735;1,42;959,989;1,0;"";"";20,562;2,48;137,812;14,62;"";"";14,851;19,37;64,4;"";"";"";"";"";"";"";"";"";"";"";"";"";"";"";"";"";"";"";"";"";"";"";"";"";"";"";"";"";"";"";"";"";"";"";"";"";"";"";"";"";"";"";"";"";"";"";"";"";"";"";"";"";"";"";"";"";"";"";"";"";"";"";"";""
30.11.2022 08:35:27;1669793727000;880f01e687e2572cea04e80fc6a68085;130579;OK;1790;0;0;0;0;-0,03;6,6;0;0;631;713;"";202,243;30,34;457,291;63,72;20,943;0,81;1,588;0,23;11,358;1,59;7,885;11,0;9,132;11,0;10,242;11,0;1198,031;126,83;374,907;46,56;36,204;13,51;2,341;10,09;0,974;10,02;0,001;10,0;2,133;23,09;0,53;29,955;3,36;6,215;0,61;4,717;1,43;959,999;1,0;"";"";20,513;2,48;137,534;14,61;"";"";13,191;19,93;13,0;"";"";"";"";"";"";"";"";"";"";"";"";"";"";"";"";"";"";"";"";"";"";"";"";"";"";"";"";"";"";"";"";"";"";"";"";"";"";"";"";"";"";"";"";"";"";"";"";"";"";"";"";"";"";"";"";"";"";"";"";"";"";"";"";""
30.11.2022 08:37:28;1669793848000;880f01e687e2572cea04e80fc6a68085;130701;OK;1797;0;0;0;0;0,04;9,5;0;0;611;715;"";208,732;31,31;459,219;63,78;20,946;0,81;1,589;0,23;11,344;1,59;8,384;11,0;11,649;11,0;13,497;11,15;1343,313;141,02;423,46;51,27;64,139;16,27;4,224;10,43;2,755;10,24;0,737;10,0;2,536;23,09;0,53;30,118;3,36;6,249;0,61;4,795;1,42;960,004;1,0;"";"";20,653;2,48;137,725;14,62;"";"";13,02;19,99;13,0;"";"";"";"";"";"";"";"";"";"";"";"";"";"";"";"";"";"";"";"";"";"";"";"";"";"";"";"";"";"";"";"";"";"";"";"";"";"";"";"";"";"";"";"";"";"";"";"";"";"";"";"";"";"";"";"";"";"";"";"";"";"";"";"";""
30.11.2022 08:39:27;1669793967000;880f01e687e2572cea04e80fc6a68085;130820;OK;1806;0;0;0;0;0,04;0,07;0;0;628;714;"";208,765;31,31;457,969;63,74;20,946;0,81;1,589;0,23;11,325;1,59;7,979;10,95;9,804;11,0;11,393;11,02;1204,242;127,42;381,89;47,26;39,827;13,93;2,908;10,23;1,466;10,16;0,079;10,0;2,483;23,091;0,53;29,997;3,36;6,224;0,61;4,738;1,42;959,999;1,0;"";"";20,638;2,48;137,882;14,63;"";"";13,002;20,0;13,0;"";"";"";"";"";"";"";"";"";"";"";"";"";"";"";"";"";"";"";"";"";"";"";"";"";"";"";"";"";"";"";"";"";"";"";"";"";"";"";"";"";"";"";"";"";"";"";"";"";"";"";"";"";"";"";"";"";"";"";"";"";"";"";"";""
30.11.2022 08:41:29;1669794089000;880f01e687e2572cea04e80fc6a68085;130941;OK;1825;0;0;0;0;-0,05;11,2;0;0;630;713;"";207,86;31,18;462,601;63,88;20,947;0,81;1,588;0,23;11,251;1,6;7,911;10,99;11,4;11,0;13,093;11,0;1271,352;133,97;402,417;49,21;61,077;16,03;4,294;10,42;1,864;10,11;0,177;10,0;2,544;23,095;0,53;29,928;3,37;6,211;0,61;4,709;1,43;960,023;1,0;"";"";20,534;2,48;137,698;14,62;"";"";13,0;20,0;13,0;"";"";"";"";"";"";"";"";"";"";"";"";"";"";"";"";"";"";"";"";"";"";"";"";"";"";"";"";"";"";"";"";"";"";"";"";"";"";"";"";"";"";"";"";"";"";"";"";"";"";"";"";"";"";"";"";"";"";"";"";"";"";"";"";""
30.11.2022 08:43:29;1669794209000;880f01e687e2572cea04e80fc6a68085;131061;OK;1809;0;0;0;0;-0,11;3,7;0;0;604;712;"";207,045;31,06;459,753;63,79;20,947;0,81;1,59;0,23;11,283;1,6;8,557;11,0;10,298;11,0;11,578;11,0;1292,525;136,05;405,582;49,49;52,545;15,14;1,981;10,11;1,176;10,08;0,019;10,0;2,179;23,102;0,53;29,919;3,37;6,212;0,62;4,71;1,43;960,021;1,0;"";"";20,449;2,49;137,821;14,62;"";"";14,399;20,48;36,3;"";"";"";"";"";"";"";"";"";"";"";"";"";"";"";"";"";"";"";"";"";"";"";"";"";"";"";"";"";"";"";"";"";"";"";"";"";"";"";"";"";"";"";"";"";"";"";"";"";"";"";"";"";"";"";"";"";"";"";"";"";"";"";"";""
30.11.2022 08:45:30;1669794330000;880f01e687e2572cea04e80fc6a68085;131182;OK;1791;0;0;0;0;-0,02;5,61;0;0;608;712;"";207,245;31,09;460,672;63,82;20,943;0,81;1,589;0,23;11,297;1,59;8,447;11,0;11,15;11,0;12,988;11,11;1353,485;141,95;418,269;50,85;52,668;15,15;3,437;10,36;1,918;10,2;0,248;10,0;2,532;23,11;0,53;29,92;3,37;6,215;0,62;4,718;1,43;960,001;1,0;"";"";20,406;2,49;137,664;14,62;"";"";13,144;20,05;13,0;"";"";"";"";"";"";"";"";"";"";"";"";"";"";"";"";"";"";"";"";"";"";"";"";"";"";"";"";"";"";"";"";"";"";"";"";"";"";"";"";"";"";"";"";"";"";"";"";"";"";"";"";"";"";"";"";"";"";"";"";"";"";"";"";""
30.11.2022 08:47:32;1669794452000;880f01e687e2572cea04e80fc6a68085;131305;OK;1793;0;0;0;0;0,03;-10,26;0;0;616;712;"";206,338;30,95;458,178;63,75;20,945;0,81;1,591;0,23;11,245;1,6;8,266;11,0;10,332;11,0;11,684;11,01;1289,918;135,78;406,885;49,66;49,315;14,82;2,618;10,24;1,77;10,12;0,025;10,0;2,274;23,113;0,53;29,934;3,36;6,219;0,62;4,727;1,43;959,984;1,0;"";"";20,42;2,49;137,672;14,62;"";"";13,014;20,0;13,0;"";"";"";"";"";"";"";"";"";"";"";"";"";"";"";"";"";"";"";"";"";"";"";"";"";"";"";"";"";"";"";"";"";"";"";"";"";"";"";"";"";"";"";"";"";"";"";"";"";"";"";"";"";"";"";"";"";"";"";"";"";"";"";"";""
30.11.2022 08:49:31;1669794571000;880f01e687e2572cea04e80fc6a68085;131424;OK;1791;0;0;0;0;-0,01;1,19;0;0;655;711;"";204,364;30,65;460,252;63,81;20,949;0,81;1,59;0,23;11,16;1,6;7,301;11,0;10,401;11,0;12,505;11,06;1213,938;128,34;380,459;47,11;61,464;16,01;4,599;10,56;1,966;10,15;0,702;10,02;2,828;23,116;0,53;29,905;3,37;6,214;0,62;4,716;1,43;959,965;1,0;"";"";20,38;2,49;137,034;14,58;"";"";13,002;20,0;13,0;"";"";"";"";"";"";"";"";"";"";"";"";"";"";"";"";"";"";"";"";"";"";"";"";"";"";"";"";"";"";"";"";"";"";"";"";"";"";"";"";"";"";"";"";"";"";"";"";"";"";"";"";"";"";"";"";"";"";"";"";"";"";"";"";""
30.11.2022 08:51:33;1669794693000;880f01e687e2572cea04e80fc6a68085;131545;OK;1813;0;0;0;0;0,05;0,25;0;0;594;712;"";206,449;30,97;459,749;63,79;20,945;0,81;1,591;0,23;11,199;1,6;8,839;11,0;11,584;11,0;12,742;11,09;1343,908;140,97;420,922;51,01;60,927;15,98;2,711;10,21;1,189;10,03;0,072;10,0;2,12;23,12;0,53;29,984;3,36;6,232;0,62;4,757;1,42;959,962;1,0;"";"";20,431;2,49;137,256;14,6;"";"";22,91;16,8;75,3;"";"";"";"";"";"";"";"";"";"";"";"";"";"";"";"";"";"";"";"";"";"";"";"";"";"";"";"";"";"";"";"";"";"";"";"";"";"";"";"";"";"";"";"";"";"";"";"";"";"";"";"";"";"";"";"";"";"";"";"";"";"";"";"";""
30.11.2022 08:53:32;1669794812000;880f01e687e2572cea04e80fc6a68085;131664;OK;1813;0;0;0;0;0,1;16,28;0;0;603;713;"";205,574;30,84;466,433;63,99;20,941;0,81;1,591;0,23;11,205;1,6;8,593;11,0;12,108;11,0;13,118;11,07;1315,422;138,22;416,73;50,63;61,83;16,0;4,532;10,36;1,841;10,12;0,008;10,0;2,014;23,12;0,53;30,091;3,36;6,254;0,61;4,808;1,42;959,952;1,0;"";"";20,526;2,48;139,544;14,72;"";"";45,112;8,35;78,6;"";"";"";"";"";"";"";"";"";"";"";"";"";"";"";"";"";"";"";"";"";"";"";"";"";"";"";"";"";"";"";"";"";"";"";"";"";"";"";"";"";"";"";"";"";"";"";"";"";"";"";"";"";"";"";"";"";"";"";"";"";"";"";"";""
30.11.2022 08:55:31;1669794931000;880f01e687e2572cea04e80fc6a68085;131784;OK;1813;1;0;0;0;0,16;42,43;0;0;633;714;"";212,935;31,94;474,733;64,24;20,942;0,81;1,592;0,23;11,317;1,59;7,835;11,0;10,709;11,0;12,009;11,01;1261,978;133,02;396,264;48,67;54,32;15,27;2,089;10,05;1,582;10,01;0,667;10,0;2,322;23,129;0,53;30,14;3,36;6,268;0,61;4,84;1,41;959,9409;1,0;"";"";20,766;2,47;141,474;14,82;"";"";30,655;13,41;76,2;"";"";"";"";"";"";"";"";"";"";"";"";"";"";"";"";"";"";"";"";"";"";"";"";"";"";"";"";"";"";"";"";"";"";"";"";"";"";"";"";"";"";"";"";"";"";"";"";"";"";"";"";"";"";"";"";"";"";"";"";"";"";"";"";""
30.11.2022 08:57:33;1669795053000;880f01e687e2572cea04e80fc6a68085;131905;OK;1810;1;0;0;0;0,27;46,03;0;0;597;717;"";220,227;33,03;473,115;64,19;20,943;0,81;1,593;0,23;11,51;1,58;8,74;11,0;11,06;11,0;11,35;11,0;1340,869;140,78;425,603;51,54;55,862;15,53;1,57;10,01;0,277;10,0;0,069;10,0;1,523;23,146;0,53;30,444;3,35;6,337;0,61;4,998;1,4;959,953;1,0;"";"";21,052;2,46;142,886;14,89;"";"";34,757;12,35;78,9;"";"";"";"";"";"";"";"";"";"";"";"";"";"";"";"";"";"";"";"";"";"";"";"";"";"";"";"";"";"";"";"";"";"";"";"";"";"";"";"";"";"";"";"";"";"";"";"";"";"";"";"";"";"";"";"";"";"";"";"";"";"";"";"";""
30.11.2022 08:59:33;1669795173000;880f01e687e2572cea04e80fc6a68085;132026;OK;1791;1;0;0;0;0,47;53,23;0;0;588;713;"";213,85;32,08;486,572;64,6;20,944;0,81;1,594;0,23;11,869;1,59;8,974;11,0;13,433;11,01;14,639;11,36;1456,975;152,14;460,497;54,95;76,341;17,46;7,305;10,75;1,399;10,07;0,007;10,0;2,143;23,164;0,53;30,797;3,35;6,417;0,61;5,18;1,38;959,981;1,0;"";"";21,683;2,43;145,054;15,01;"";"";15,676;19,08;74,6;"";"";"";"";"";"";"";"";"";"";"";"";"";"";"";"";"";"";"";"";"";"";"";"";"";"";"";"";"";"";"";"";"";"";"";"";"";"";"";"";"";"";"";"";"";"";"";"";"";"";"";"";"";"";"";"";"";"";"";"";"";"";"";"";""
30.11.2022 09:01:35;1669795295000;880f01e687e2572cea04e80fc6a68085;132147;OK;1797;1;0;0;0;0,57;45,13;0;0;565;712;"";215,363;32,3;490,086;64,7;20,936;0,81;1,596;0,23;12,145;1,61;9,584;11,0;13,675;11,24;14,387;11,33;1478,749;154,18;459,709;54,85;70,496;16,95;6,255;10,56;0,859;10,01;0,001;10,0;1,84;23,197;0,53;30,978;3,34;6,467;0,61;5,293;1,37;959,9979;1,0;"";"";22,141;2,4;149,019;15,22;"";"";13,276;19,91;13,0;"";"";"";"";"";"";"";"";"";"";"";"";"";"";"";"";"";"";"";"";"";"";"";"";"";"";"";"";"";"";"";"";"";"";"";"";"";"";"";"";"";"";"";"";"";"";"";"";"";"";"";"";"";"";"";"";"";"";"";"";"";"";"";"";""
30.11.2022 09:03:33;1669795413000;880f01e687e2572cea04e80fc6a68085;132266;OK;1787;1;0;0;0;0,44;66,55;0;0;631;703;"";214,81;32,22;499,94;65,0;20,937;0,81;1,598;0,23;12,239;1,61;7,91;11,0;10,483;11,05;12,47;11,08;1302,083;137,0;414,109;50,36;47,447;14,67;4,294;10,43;2,811;10,31;0,818;10,0;2,742;23,222;0,53;31,062;3,34;6,494;0,61;5,354;1,36;960,026;1,0;"";"";22,59;2,38;151,209;15,34;"";"";13,029;19,99;13,0;"";"";"";"";"";"";"";"";"";"";"";"";"";"";"";"";"";"";"";"";"";"";"";"";"";"";"";"";"";"";"";"";"";"";"";"";"";"";"";"";"";"";"";"";"";"";"";"";"";"";"";"";"";"";"";"";"";"";"";"";"";"";"";"";""
30.11.2022 09:05:34;1669795534000;880f01e687e2572cea04e80fc6a68085;132387;OK;1795;1;0;0;0;0,26;70,68;0;0;576;692;"";215,365;32,3;511,956;65,36;20,937;0,81;1,6;0,23;12,157;1,61;9,3;11,0;11,721;11,01;12,868;11,09;1424,312;148,92;449,653;53,85;59,687;15,83;2,46;10,2;1,613;10,07;0,223;10,0;2,068;23,238;0,53;31,122;3,34;6,512;0,61;5,395;1,36;960,036;1,0;"";"";22,852;2,37;152,173;15,39;"";"";13,506;19,77;50,7;"";"";"";"";"";"";"";"";"";"";"";"";"";"";"";"";"";"";"";"";"";"";"";"";"";"";"";"";"";"";"";"";"";"";"";"";"";"";"";"";"";"";"";"";"";"";"";"";"";"";"";"";"";"";"";"";"";"";"";"";"";"";"";"";""
30.11.2022 09:07:34;1669795654000;880f01e687e2572cea04e80fc6a68085;132507;OK;1794;1;0;0;0;0,18;99,82;0;0;586;682;"";218,122;32,72;523,723;65,71;20,938;0,81;1,601;0,23;12,081;1,6;9,02;11,0;11,103;11,0;12,097;11,01;1327,383;139,49;418,225;50,82;52,981;15,17;2,174;10,23;1,788;10,17;0,023;10,0;1,956;23,261;0,53;31,201;3,34;6,537;0,61;5,452;1,36;960,024;1,0;"";"";22,951;2,36;152,266;15,4;"";"";13,052;19,98;13,0;"";"";"";"";"";"";"";"";"";"";"";"";"";"";"";"";"";"";"";"";"";"";"";"";"";"";"";"";"";"";"";"";"";"";"";"";"";"";"";"";"";"";"";"";"";"";"";"";"";"";"";"";"";"";"";"";"";"";"";"";"";"";"";"";""
30.11.2022 09:09:34;1669795774000;880f01e687e2572cea04e80fc6a68085;132627;OK;1783;1;0;0;0;0,15;92,34;0;0;583;674;"";219,437;32,92;532,229;65,97;20,933;0,81;1,602;0,23;11,921;1,6;9,105;11,0;10,401;11,0;11,412;11,0;1324,759;139,17;418,714;50,94;38,421;13,73;1,403;10,06;1,363;10,05;0,002;10,0;1,933;23,284;0,53;31,204;3,34;6,546;0,61;5,473;1,36;959,997;1,0;"";"";22,942;2,37;151,89;15,38;"";"";13,005;20,0;13,0;"";"";"";"";"";"";"";"";"";"";"";"";"";"";"";"";"";"";"";"";"";"";"";"";"";"";"";"";"";"";"";"";"";"";"";"";"";"";"";"";"";"";"";"";"";"";"";"";"";"";"";"";"";"";"";"";"";"";"";"";"";"";"";"";""
30.11.2022 09:11:35;1669795895000;880f01e687e2572cea04e80fc6a68085;132747;OK;1796;1;0;0;0;0,14;80,99;0;0;574;665;"";220,569;33,09;541,305;66,24;20,934;0,81;1,604;0,23;11,833;1,59;9,324;11,0;11,881;11,0;12,869;11,14;1390,694;145,66;433,1;52,31;53,118;15,24;2,399;10,13;1,489;10,04;0,0;10,0;1,942;23,305;0,53;31,242;3,34;6,562;0,61;5,509;1,35;959,978;1,0;"";"";22,953;2,36;151,497;15,36;"";"";13,001;20,0;13,0;"";"";"";"";"";"";"";"";"";"";"";"";"";"";"";"";"";"";"";"";"";"";"";"";"";"";"";"";"";"";"";"";"";"";"";"";"";"";"";"";"";"";"";"";"";"";"";"";"";"";"";"";"";"";"";"";"";"";"";"";"";"";"";"";""
30.11.2022 09:13:35;1669796015000;880f01e687e2572cea04e80fc6a68085;132868;OK;1784;1;0;0;0;0,11;62,58;0;0;602;660;"";219,403;32,91;547,002;66,41;20,934;0,81;1,606;0,23;11,755;1,59;8,593;11,0;10,514;11,0;12,097;11,01;1335,263;140,21;411,771;50,19;49,797;14,98;1,898;10,13;1,459;10,11;0,594;10,0;2,34;23,327;0,53;31,249;3,34;6,572;0,61;5,531;1,35;959,985;1,0;"";"";22,726;2,38;150,962;15,34;"";"";13,0;20,0;13,0;"";"";"";"";"";"";"";"";"";"";"";"";"";"";"";"";"";"";"";"";"";"";"";"";"";"";"";"";"";"";"";"";"";"";"";"";"";"";"";"";"";"";"";"";"";"";"";"";"";"";"";"";"";"";"";"";"";"";"";"";"";"";"";"";""
30.11.2022 09:15:36;1669796136000;880f01e687e2572cea04e80fc6a68085;132988;OK;1803;1;0;0;0;0,11;54,21;0;0;622;655;"";223,841;33,58;551,826;66,55;20,932;0,81;1,606;0,23;11,53;1,59;8,11;11,0;10,274;11,0;11,832;11,0;1272,368;134,09;400,423;49,07;52,708;15,16;2,646;10,15;2,601;10,14;0,061;10,0;2,433;23,343;0,53;31,286;3,34;6,586;0,61;5,562;1,35;960,012;1,0;"";"";22,566;2,38;150,397;15,31;"";"";13,0;20,0;13,0;"";"";"";"";"";"";"";"";"";"";"";"";"";"";"";"";"";"";"";"";"";"";"";"";"";"";"";"";"";"";"";"";"";"";"";"";"";"";"";"";"";"";"";"";"";"";"";"";"";"";"";"";"";"";"";"";"";"";"";"";"";"";"";"";""
30.11.2022 09:17:36;1669796256000;880f01e687e2572cea04e80fc6a68085;133109;OK;1793;1;0;0;0;0,09;40,55;0;0;608;650;"";223,047;33,46;555,8189;66,67;20,931;0,81;1,608;0,23;11,353;1,59;8,456;11,0;11,111;11,0;12,92;11,0;1270,097;133,86;397,416;48,82;59,126;15,75;3,885;10,43;2,624;10,08;0,719;10,0;2,532;23,371;0,53;31,275;3,34;6,594;0,61;5,582;1,35;960,036;1,0;"";"";22,302;2,4;149,227;15,25;"";"";14,839;19,3;70,2;"";"";"";"";"";"";"";"";"";"";"";"";"";"";"";"";"";"";"";"";"";"";"";"";"";"";"";"";"";"";"";"";"";"";"";"";"";"";"";"";"";"";"";"";"";"";"";"";"";"";"";"";"";"";"";"";"";"";"";"";"";"";"";"";""
30.11.2022 09:19:37;1669796377000;880f01e687e2572cea04e80fc6a68085;133229;OK;1805;0;0;0;0;-0,01;18,91;0;0;596;651;"";220,936;33,14;551,969;66,56;20,93;0,81;1,61;0,23;11,139;1,6;8,8;11,0;10,978;11,02;12,344;11,15;1271,614;134,0;400,409;49,07;48,626;14,75;2,216;10,14;1,485;10,06;0,245;10,0;2,191;23,388;0,53;31,123;3,34;6,568;0,62;5,526;1,36;960,056;1,0;"";"";22,033;2,41;147,125;15,14;"";"";13,966;19,57;49,2;"";"";"";"";"";"";"";"";"";"";"";"";"";"";"";"";"";"";"";"";"";"";"";"";"";"";"";"";"";"";"";"";"";"";"";"";"";"";"";"";"";"";"";"";"";"";"";"";"";"";"";"";"";"";"";"";"";"";"";"";"";"";"";"";""
30.11.2022 09:21:37;1669796497000;880f01e687e2572cea04e80fc6a68085;133350;OK;1789;0;1;0;0;-0,13;-36,85;0;0;620;657;"";219,315;32,9;540,247;66,21;20,933;0,81;1,611;0,23;10,94;1,61;8,145;11,0;10,599;11,0;11,754;11,02;1240,805;131,04;389,588;48,04;51,612;15,06;1,884;10,21;1,552;10,15;0,492;10,0;2,12;23,409;0,53;30,972;3,34;6,544;0,62;5,474;1,37;960,076;1,0;"";"";21,542;2,43;145,616;15,06;"";"";13,1;19,96;13,0;"";"";"";"";"";"";"";"";"";"";"";"";"";"";"";"";"";"";"";"";"";"";"";"";"";"";"";"";"";"";"";"";"";"";"";"";"";"";"";"";"";"";"";"";"";"";"";"";"";"";"";"";"";"";"";"";"";"";"";"";"";"";"";"";""
30.11.2022 09:23:36;1669796616000;880f01e687e2572cea04e80fc6a68085;133468;OK;1822;0;1;0;0;-0,12;-58,45;0;0;605;658;"";217,356;32,6;538,632;66,16001;20,934;0,81;1,612;0,23;10,72;1,62;8,522;11,0;11,289;11,0;12,147;11,02;1226,307;129,62;387,697;47,8;53,72;15,32;3,075;10,3;1,251;10,02;0,053;10,0;1,951;23,432;0,53;30,963;3,34;6,551;0,62;5,49;1,37;960,078;1,0;"";"";21,238;2,45;145,009;15,03;"";"";13,011;20,0;13,0;"";"";"";"";"";"";"";"";"";"";"";"";"";"";"";"";"";"";"";"";"";"";"";"";"";"";"";"";"";"";"";"";"";"";"";"";"";"";"";"";"";"";"";"";"";"";"";"";"";"";"";"";"";"";"";"";"";"";"";"";"";"";"";"";""
30.11.2022 09:25:37;1669796737000;880f01e687e2572cea04e80fc6a68085;133589;OK;1796;0;0;0;0;-0,03;-17,02;0;0;633;652;"";214,818;32,22;543,896;66,32;20,935;0,81;1,613;0,23;10,458;1,64;7,886;10,95;11,261;11,0;12,855;11,24;1321,76;138,99;417,068;50,72;62,872;16,22;4,456;10,52;2,714;10,3;0,005;10,0;2,477;23,452;0,53;30,934;3,34;6,552;0,62;5,494;1,37;960,063;1,0;"";"";21,091;2,46;144,479;15,01;"";"";13,001;20,0;13,0;"";"";"";"";"";"";"";"";"";"";"";"";"";"";"";"";"";"";"";"";"";"";"";"";"";"";"";"";"";"";"";"";"";"";"";"";"";"";"";"";"";"";"";"";"";"";"";"";"";"";"";"";"";"";"";"";"";"";"";"";"";"";"";"";""
30.11.2022 09:27:38;1669796858000;880f01e687e2572cea04e80fc6a68085;133710;OK;1789;1;0;0;0;0,08;29,14;0;0;584;648;"";216,115;32,42;547,77;66,43;20,931;0,81;1,615;0,23;10,432;1,64;9,075;10,99;12,301;11,0;13,292;11,21;1318,507;138,55;421,212;51,13;56,282;15,52;2,971;10,25;1,247;10,09;0,001;10,0;1,957;23,476;0,53;31,007;3,34;6,577;0,62;5,548;1,37;960,059;1,0;"";"";21,078;2,46;144,289;15,0;"";"";13,0;20,0;13,0;"";"";"";"";"";"";"";"";"";"";"";"";"";"";"";"";"";"";"";"";"";"";"";"";"";"";"";"";"";"";"";"";"";"";"";"";"";"";"";"";"";"";"";"";"";"";"";"";"";"";"";"";"";"";"";"";"";"";"";"";"";"";"";"";""
30.11.2022 09:29:38;1669796978000;880f01e687e2572cea04e80fc6a68085;133831;OK;1807;1;0;0;0;0,11;52,59;0;0;612;640;"";219,107;32,87;556,464;66,69;20,929;0,81;1,616;0,23;10,353;1,64;8,344;11,0;10,295;11,0;12,1;11,04;1238,119;130,8;389,026;48,01;46,788;14,58;2,613;10,28;1,494;10,09;0,233;10,0;2,509;23,493;0,53;31,006;3,34;6,583;0,62;5,563;1,37;960,076;1,0;"";"";20,936;2,46;144,028;14,99;"";"";13,0;20,0;13,0;"";"";"";"";"";"";"";"";"";"";"";"";"";"";"";"";"";"";"";"";"";"";"";"";"";"";"";"";"";"";"";"";"";"";"";"";"";"";"";"";"";"";"";"";"";"";"";"";"";"";"";"";"";"";"";"";"";"";"";"";"";"";"";"";""
30.11.2022 09:31:39;1669797099000;880f01e687e2572cea04e80fc6a68085;133952;OK;1796;1;0;0;0;0,1;40,43;0;0;630;638;"";218,974;32,85;557,676;66,73;20,93;0,81;1,618;0,23;10,32;1,64;7,914;11,0;9,795;11,0;11,792;11,02;1235,524;130,58;388,221;47,89;43,365;14,3;3,708;10,28;2,372;10,11;0,024;10,0;2,707;23,509;0,53;31,006;3,34;6,589;0,62;5,577;1,37;960,088;1,0;"";"";20,939;2,46;143,441;14,96;"";"";13,0;20,0;13,0;"";"";"";"";"";"";"";"";"";"";"";"";"";"";"";"";"";"";"";"";"";"";"";"";"";"";"";"";"";"";"";"";"";"";"";"";"";"";"";"";"";"";"";"";"";"";"";"";"";"";"";"";"";"";"";"";"";"";"";"";"";"";"";"";""
30.11.2022 09:33:40;1669797220000;880f01e687e2572cea04e80fc6a68085;134072;OK;1802;1;0;0;0;0,09;26,63;0;0;664;637;"";220,925;33,14;559,4699;66,78;20,932;0,81;1,619;0,23;10,318;1,64;7,088;11,0;10,188;11,0;11,091;11,0;1165,546;123,79;369,415;46,02;53,139;15,19;2,457;10,14;0,973;10,01;0,002;10,0;2,144;23,529;0,53;31,08;3,34;6,612;0,62;5,629;1,36;960,0949;1,0;"";"";20,994;2,46;142,882;14,93;"";"";13,0;20,0;13,0;"";"";"";"";"";"";"";"";"";"";"";"";"";"";"";"";"";"";"";"";"";"";"";"";"";"";"";"";"";"";"";"";"";"";"";"";"";"";"";"";"";"";"";"";"";"";"";"";"";"";"";"";"";"";"";"";"";"";"";"";"";"";"";"";""
30.11.2022 09:35:40;1669797340000;880f01e687e2572cea04e80fc6a68085;134193;OK;1789;0;0;0;0;0,17;19,8;0;0;615;632;"";224,6;33,69;566,877;67,01;20,926;0,81;1,619;0,23;10,39;1,64;8,306;11,0;11,712;11,09;12,853;11,09;1292,892;136,15;413,188;50,26;66,99501;16,6;3,094;10,29;1,307;10,12;0,161;10,0;2,22;23,549;0,53;31,207;3,33;6,647;0,62;5,705;1,36;960,125;1,0;"";"";21,03;2,46;143,048;14,94;"";"";13,0;20,0;13,0;"";"";"";"";"";"";"";"";"";"";"";"";"";"";"";"";"";"";"";"";"";"";"";"";"";"";"";"";"";"";"";"";"";"";"";"";"";"";"";"";"";"";"";"";"";"";"";"";"";"";"";"";"";"";"";"";"";"";"";"";"";"";"";"";""
30.11.2022 09:37:40;1669797460000;880f01e687e2572cea04e80fc6a68085;134313;OK;1794;1;0;0;0;0,26;69,53;0;0;631;619;"";228,023;34,2;582,879;67,49;20,924;0,81;1,621;0,23;10,441;1,64;7,897;11,0;10,933;11,01;12,937;11,07;1263,616;133,33;396,525;48,66;62,962;16,2;3,721;10,44;3,481;10,41;0,66;10,0;2,642;23,569;0,53;31,339;3,33;6,682;0,62;5,784;1,35;960,137;1,0;"";"";21,085;2,46;143,368;14,96;"";"";13,0;20,0;13,0;"";"";"";"";"";"";"";"";"";"";"";"";"";"";"";"";"";"";"";"";"";"";"";"";"";"";"";"";"";"";"";"";"";"";"";"";"";"";"";"";"";"";"";"";"";"";"";"";"";"";"";"";"";"";"";"";"";"";"";"";"";"";"";"";""
30.11.2022 09:39:41;1669797581000;880f01e687e2572cea04e80fc6a68085;134434;OK;1786;1;0;0;0;0,2;84,41001;0;0;606;616;"";227,529;34,13;584,801;67,54;20,925;0,81;1,622;0,23;10,387;1,64;8,476;11,0;11,926;11,0;12,988;11,01;1360,366;142,72;426,018;51,61;53,889;15,31;5,259;10,68;1,96;10,15;0,06800001;10,0;2,111;23,588;0,53;31,291;3,33;6,679;0,62;5,777;1,35;960,148;1,0;"";"";21,194;2,45;143,291;14,96;"";"";13,0;20,0;13,0;"";"";"";"";"";"";"";"";"";"";"";"";"";"";"";"";"";"";"";"";"";"";"";"";"";"";"";"";"";"";"";"";"";"";"";"";"";"";"";"";"";"";"";"";"";"";"";"";"";"";"";"";"";"";"";"";"";"";"";"";"";"";"";"";""
30.11.2022 09:41:42;1669797702000;880f01e687e2572cea04e80fc6a68085;134554;OK;1808;1;0;0;0;0,17;73,02;0;0;603;608;"";233,255;34,99;595,366;67,86;20,925;0,81;1,624;0,23;10,443;1,64;8,6;11,0;11,812;11,0;12,293;11,0;1346,726;141,43;424,802;51,47;57,59;15,59;3,201;10,34;0,938;10,02;0,007;10,0;1,744;23,601;0,53;31,425;3,33;6,713;0,62;5,851;1,35;960,17;1,0;"";"";21,277;2,45;143,55;14,98;"";"";13,0;20,0;13,0;"";"";"";"";"";"";"";"";"";"";"";"";"";"";"";"";"";"";"";"";"";"";"";"";"";"";"";"";"";"";"";"";"";"";"";"";"";"";"";"";"";"";"";"";"";"";"";"";"";"";"";"";"";"";"";"";"";"";"";"";"";"";"";"";""
30.11.2022 09:43:42;1669797822000;880f01e687e2572cea04e80fc6a68085;134674;OK;1807;1;0;0;0;0,08;40,83;0;0;607;606;"";230,158;34,52;596,158;67,88;20,927;0,81;1,625;0,23;10,346;1,64;8,49;11,0;10,614;11,0;12,309;11,0;1286,113;135,52;400,63;49,05;50,307;14,94;3,095;10,29;2,843;10,26;0,001;10,0;2,487;23,612;0,53;31,347;3,33;6,701;0,62;5,825;1,35;960,184;1,0;"";"";21,308;2,45;143,275;14,96;"";"";13,0;20,0;13,0;"";"";"";"";"";"";"";"";"";"";"";"";"";"";"";"";"";"";"";"";"";"";"";"";"";"";"";"";"";"";"";"";"";"";"";"";"";"";"";"";"";"";"";"";"";"";"";"";"";"";"";"";"";"";"";"";"";"";"";"";"";"";"";"";""
30.11.2022 09:45:42;1669797942000;880f01e687e2572cea04e80fc6a68085;134795;OK;1786;1;0;0;0;0,08;23,82;0;0;635;607;"";229,587;34,44;594,6;67,84;20,928;0,81;1,626;0,23;10,157;1,65;7,788;11,0;9,905;11,0;10,721;11,0;1202,167;127,3;374,276;46,57;51,04;14,99;1,271;10,03;1,105;10,03;0,0;10,0;1,951;23,627;0,53;31,367;3,33;6,71;0,62;5,847;1,35;960,191;1,0;"";"";21,23;2,45;142,792;14,94;"";"";13,0;20,0;13,0;"";"";"";"";"";"";"";"";"";"";"";"";"";"";"";"";"";"";"";"";"";"";"";"";"";"";"";"";"";"";"";"";"";"";"";"";"";"";"";"";"";"";"";"";"";"";"";"";"";"";"";"";"";"";"";"";"";"";"";"";"";"";"";"";""
30.11.2022 09:47:43;1669798063000;880f01e687e2572cea04e80fc6a68085;134915;OK;1798;0;0;0;0;0,05;2,42;0;0;619;605;"";231,918;34,79;596,911;67,91;20,929;0,81;1,627;0,23;10,066;1,65;8,192;11,0;10,562;11,0;11,292;11,0;1228,451;129,93;386,664;47,73;49,148;14,85;2,817;10,26;0,314;10,04;0,0;10,0;1,871;23,639;0,53;31,416;3,33;6,726;0,62;5,881;1,35;960,181;1,0;"";"";21,117;2,46;142,153;14,91;"";"";13,0;20,0;13,0;"";"";"";"";"";"";"";"";"";"";"";"";"";"";"";"";"";"";"";"";"";"";"";"";"";"";"";"";"";"";"";"";"";"";"";"";"";"";"";"";"";"";"";"";"";"";"";"";"";"";"";"";"";"";"";"";"";"";"";"";"";"";"";"";""
30.11.2022 09:49:44;1669798184000;880f01e687e2572cea04e80fc6a68085;135036;OK;1799;0;0;0;0;0,05;8,84;0;0;641;601;"";230,844;34,63;599,651;67,99;20,929;0,81;1,627;0,23;9,936;1,66;7,626;11,0;9,656;11,0;11,188;11,0;1163,35;123,53;363,719;45,49;40,761;13,99;2,66;10,27;2,283;10,24;0,29;10,0;2,437;23,655;0,53;31,335;3,33;6,714;0,62;5,857;1,35;960,192;1,0;"";"";20,933;2,47;141,172;14,86;"";"";12,881;20,58;13,0;"";"";"";"";"";"";"";"";"";"";"";"";"";"";"";"";"";"";"";"";"";"";"";"";"";"";"";"";"";"";"";"";"";"";"";"";"";"";"";"";"";"";"";"";"";"";"";"";"";"";"";"";"";"";"";"";"";"";"";"";"";"";"";"";""
30.11.2022 09:51:42;1669798302000;880f01e687e2572cea04e80fc6a68085;135154;OK;1802;0;0;0;0;0,01;11,29;0;0;636;602;"";229,959;34,49;597,7069;67,93;20,932;0,81;1,629;0,23;9,86;1,66;7,769;11,0;10,241;11,0;11,072;11,0;1238,97;130,89;390,377;48,11;47,54;14,69;2,281;10,11;0,73;10,03;0,107;10,0;1,993;23,667;0,53;31,348;3,33;6,722;0,62;5,873;1,35;960,209;1,0;"";"";20,715;2,48;140,298;14,81;"";"";13,314;19,95;66,5;"";"";"";"";"";"";"";"";"";"";"";"";"";"";"";"";"";"";"";"";"";"";"";"";"";"";"";"";"";"";"";"";"";"";"";"";"";"";"";"";"";"";"";"";"";"";"";"";"";"";"";"";"";"";"";"";"";"";"";"";"";"";"";"";""
30.11.2022 09:53:45;1669798425000;880f01e687e2572cea04e80fc6a68085;135277;OK;1800;0;0;0;0;0,02;15,78;0;0;576;596;"";230,668;34,6;604,481;68,13;20,931;0,81;1,629;0,23;9,897;1,66;9,295;11,0;11,499;11,0;13,073;11,22;1372,753;144,03;431,64;52,2;52,493;15,19;2,395;10,18;1,573;10,14;0,411;10,0;2,238;23,683;0,53;31,371;3,33;6,733;0,62;5,898;1,35;960,234;1,0;"";"";20,682;2,48;139,659;14,78;"";"";13,031;20,0;13,0;"";"";"";"";"";"";"";"";"";"";"";"";"";"";"";"";"";"";"";"";"";"";"";"";"";"";"";"";"";"";"";"";"";"";"";"";"";"";"";"";"";"";"";"";"";"";"";"";"";"";"";"";"";"";"";"";"";"";"";"";"";"";"";"";""
30.11.2022 09:55:44;1669798544000;880f01e687e2572cea04e80fc6a68085;135397;OK;1794;0;0;0;0;0,09;15,49;0;0;602;597;"";229,357;34,4;602,715;68,08;20,929;0,81;1,631;0,23;9,927;1,66;8,625;11,0;10,788;11,0;12,037;11,03;1241,35;131,16;392,341;48,23;48,758;14,84;2,983;10,23;1,331;10,06;0,044;10,0;2,128;23,696;0,53;31,383;3,33;6,74;0,62;5,915;1,35;960,265;1,0;"";"";20,638;2,48;139,299;14,76;"";"";13,003;20,0;13,0;"";"";"";"";"";"";"";"";"";"";"";"";"";"";"";"";"";"";"";"";"";"";"";"";"";"";"";"";"";"";"";"";"";"";"";"";"";"";"";"";"";"";"";"";"";"";"";"";"";"";"";"";"";"";"";"";"";"";"";"";"";"";"";"";""
30.11.2022 09:57:46;1669798666000;880f01e687e2572cea04e80fc6a68085;135518;OK;1810;1;0;0;0;0,11;24,97;0;0;621;593;"";231,108;34,67;608,438;68,25;20,924;0,81;1,631;0,23;9,902;1,66;8,151;11,0;11,337;11,0;12,548;11,06;1285,396;135,48;400,236;49,12;60,887;15,94;3,273;10,33;1,055;10,05;0,373;10,0;2,159;23,706;0,53;31,453;3,33;6,759;0,62;5,956;1,35;960,288;1,0;"";"";20,629;2,48;139,316;14,77;"";"";13,918;19,75;79,5;"";"";"";"";"";"";"";"";"";"";"";"";"";"";"";"";"";"";"";"";"";"";"";"";"";"";"";"";"";"";"";"";"";"";"";"";"";"";"";"";"";"";"";"";"";"";"";"";"";"";"";"";"";"";"";"";"";"";"";"";"";"";"";"";""
30.11.2022 09:59:46;1669798786000;880f01e687e2572cea04e80fc6a68085;135639;OK;1794;1;0;0;0;0,12;55,81;0;0;620;582;"";236,419;35,46;621,972;68,66001;20,923;0,81;1,632;0,23;9,984;1,66;8,166;11,0;10,018;11,0;10,595;11,01;1229,784;129,97;384,747;47,55;45,073;14,46;0,866;10,03;0,626;10,01;0,039;10,0;1,69;23,719;0,53;31,52;3,33;6,779;0,62;5,998;1,34;960,3129;1,0;"";"";20,647;2,48;139,576;14,78;"";"";13,095;19,97;13,0;"";"";"";"";"";"";"";"";"";"";"";"";"";"";"";"";"";"";"";"";"";"";"";"";"";"";"";"";"";"";"";"";"";"";"";"";"";"";"";"";"";"";"";"";"";"";"";"";"";"";"";"";"";"";"";"";"";"";"";"";"";"";"";"";""
30.11.2022 10:01:47;1669798907000;880f01e687e2572cea04e80fc6a68085;135759;OK;1801;1;0;0;0;0,11;58,35;0;0;634;582;"";234,351;35,15;620,8449;68,63;20,932;0,81;1,634;0,23;10,027;1,66;7,808;11,0;9,525;11,0;10,679;11,0;1187,736;125,89;376,484;46,74;43,666;14,33;2,186;10,22;1,66;10,22;0,201;10,0;2,169;23,744;0,53;31,486;3,33;6,781;0,63;6,004;1,34;960,331;1,0;"";"";20,6;2,48;139,507;14,78;"";"";13,01;20,0;13,0;"";"";"";"";"";"";"";"";"";"";"";"";"";"";"";"";"";"";"";"";"";"";"";"";"";"";"";"";"";"";"";"";"";"";"";"";"";"";"";"";"";"";"";"";"";"";"";"";"";"";"";"";"";"";"";"";"";"";"";"";"";"";"";"";""
30.11.2022 10:03:47;1669799027000;880f01e687e2572cea04e80fc6a68085;135879;OK;1825;0;0;0;0;0,02;19,86;0;0;652;582;"";232,423;34,86;618,689;68,56;20,931;0,81;1,635;0,23;10,016;1,66;7,353;11,0;9,798;11,0;11,158;11,02;1252,953;132,29;386,778;47,73;50,35;14,92;2,713;10,16;2,045;10,09;0,243;10,0;2,38;23,754;0,53;31,426;3,33;6,772;0,63;5,985;1,35;960,351;1,0;"";"";20,434;2,49;138,942;14,75;"";"";13,001;20,0;13,0;"";"";"";"";"";"";"";"";"";"";"";"";"";"";"";"";"";"";"";"";"";"";"";"";"";"";"";"";"";"";"";"";"";"";"";"";"";"";"";"";"";"";"";"";"";"";"";"";"";"";"";"";"";"";"";"";"";"";"";"";"";"";"";"";""
30.11.2022 10:05:48;1669799148000;880f01e687e2572cea04e80fc6a68085;136000;OK;1795;0;0;0;0;-0,02;-22,71;0;0;634;582;"";233,319;35,0;617,498;68,52;20,934;0,81;1,636;0,23;9,986;1,66;7,803;11,0;10,317;11,0;11,48;11,0;1263,488;133,33;394,211;48,44;54,464;15,25;1,778;10,04;1,494;10,03;0,37;10,0;2,226;23,761;0,53;31,425;3,33;6,774;0,63;5,991;1,35;960,345;1,0;"";"";20,204;2,5;138,399;14,72;"";"";13,0;20,0;13,0;"";"";"";"";"";"";"";"";"";"";"";"";"";"";"";"";"";"";"";"";"";"";"";"";"";"";"";"";"";"";"";"";"";"";"";"";"";"";"";"";"";"";"";"";"";"";"";"";"";"";"";"";"";"";"";"";"";"";"";"";"";"";"";"";""
30.11.2022 10:07:47;1669799267000;880f01e687e2572cea04e80fc6a68085;136119;OK;1792;0;0;0;0;-0,01;10,29;0;0;614;575;"";231,974;34,8;624,525;68,74;20,934;0,81;1,636;0,23;9,86;1,66;8,313;11,0;11,472;11,0;12,679;11,13;1310,415;137,92;407,256;49,7;58,336;15,73;2,885;10,25;1,588;10,16;0,04;10,0;2,118;23,772;0,53;31,378;3,33;6,768;0,63;5,979;1,35;960,34;1,0;"";"";20,116;2,51;137,776;14,69;"";"";13,0;20,0;13,0;"";"";"";"";"";"";"";"";"";"";"";"";"";"";"";"";"";"";"";"";"";"";"";"";"";"";"";"";"";"";"";"";"";"";"";"";"";"";"";"";"";"";"";"";"";"";"";"";"";"";"";"";"";"";"";"";"";"";"";"";"";"";"";"";""
30.11.2022 10:09:48;1669799388000;880f01e687e2572cea04e80fc6a68085;136240;OK;1795;0;0;0;0;0,0;12,71;0;0;608;576;"";232,684;34,9;622,972;68,69;20,929;0,81;1,637;0,23;9,833;1,67;8,457;11,0;11,692;11,0;13,956;11,33;1347,938;141,61;420,376;51,05;63,985;16,28;4,835;10,51;2,163;10,19;0,378;10,0;2,62;23,782;0,53;31,375;3,33;6,772;0,63;5,986;1,35;960,327;1,0;"";"";20,07;2,51;137,423;14,67;"";"";13,0;20,0;13,0;"";"";"";"";"";"";"";"";"";"";"";"";"";"";"";"";"";"";"";"";"";"";"";"";"";"";"";"";"";"";"";"";"";"";"";"";"";"";"";"";"";"";"";"";"";"";"";"";"";"";"";"";"";"";"";"";"";"";"";"";"";"";"";"";""
30.11.2022 10:11:48;1669799508000;880f01e687e2572cea04e80fc6a68085;136361;OK;1801;0;0;0;0;-0,02;-12,82;0;0;614;582;"";230,532;34,58;614,3839;68,43;20,93;0,81;1,637;0,23;9,762;1,67;8,301;11,0;11,11;11,01;12,557;11,1;1344,34;141,32;420,38;51,07;50,499;14,95;3,304;10,36;1,837;10,2;0,039;10,0;2,356;23,791;0,53;31,339;3,33;6,768;0,63;5,978;1,35;960,328;1,0;"";"";19,844;2,52;137,208;14,66;"";"";13,0;20,0;13,0;"";"";"";"";"";"";"";"";"";"";"";"";"";"";"";"";"";"";"";"";"";"";"";"";"";"";"";"";"";"";"";"";"";"";"";"";"";"";"";"";"";"";"";"";"";"";"";"";"";"";"";"";"";"";"";"";"";"";"";"";"";"";"";"";""
30.11.2022 10:13:49;1669799629000;880f01e687e2572cea04e80fc6a68085;136482;OK;1810;0;0;0;0;0,0;-16,36;0;0;600;576;"";232,731;34,91;621,312;68,64;20,928;0,81;1,638;0,23;9,764;1,67;8,67;11,0;11,417;11,0;12,128;11,01;1337,649;140,57;425,264;51,51;61,917;16,04;2,12;10,06;0,899;10,04;0,004;10,0;1,851;23,804;0,53;31,346;3,33;6,774;0,63;5,991;1,35;960,348;1,0;"";"";19,867;2,52;137,454;14,68;"";"";13,13;19,93;34,2;"";"";"";"";"";"";"";"";"";"";"";"";"";"";"";"";"";"";"";"";"";"";"";"";"";"";"";"";"";"";"";"";"";"";"";"";"";"";"";"";"";"";"";"";"";"";"";"";"";"";"";"";"";"";"";"";"";"";"";"";"";"";"";"";""
30.11.2022 10:15:49;1669799749000;880f01e687e2572cea04e80fc6a68085;136602;OK;1801;1;0;0;0;0,11;24,36;0;0;634;571;"";236,259;35,44;630,432;68,91;20,927;0,81;1,638;0,23;9,902;1,66;7,818;11,0;10,178;11,0;11,159;11,0;1216,876;128,88;384,367;47,52;52,296;15,09;2,496;10,17;1,595;10,0;0,863;10,0;2,092;23,816;0,53;31,491;3,33;6,81;0,63;6,069;1,34;960,37;1,0;"";"";19,924;2,52;137,703;14,69;"";"";17,888;18,3;71,4;"";"";"";"";"";"";"";"";"";"";"";"";"";"";"";"";"";"";"";"";"";"";"";"";"";"";"";"";"";"";"";"";"";"";"";"";"";"";"";"";"";"";"";"";"";"";"";"";"";"";"";"";"";"";"";"";"";"";"";"";"";"";"";"";""
30.11.2022 10:17:51;1669799871000;880f01e687e2572cea04e80fc6a68085;136724;OK;1788;1;0;0;0;0,08;90,75;0;0;608;556;"";235,597;35,34;647,026;69,41;20,928;0,81;1,638;0,23;9,795;1,67;8,464;11,0;11,189;11,0;12,091;11,0;1292,899;136,26;403,826;49,4;55,828;15,4;2,235;10,14;1,432;10,0;0,086;10,0;2,019;23,823;0,53;31,428;3,33;6,799;0,63;6,046;1,35;960,3809;1,0;"";"";19,722;2,53;136,558;14,63;"";"";35,705;13,53;80,4;"";"";"";"";"";"";"";"";"";"";"";"";"";"";"";"";"";"";"";"";"";"";"";"";"";"";"";"";"";"";"";"";"";"";"";"";"";"";"";"";"";"";"";"";"";"";"";"";"";"";"";"";"";"";"";"";"";"";"";"";"";"";"";"";""
30.11.2022 10:19:51;1669799991000;880f01e687e2572cea04e80fc6a68085;136843;OK;1811;4;0;0;0;0,35;226,55;0;0;638;521;"";257,473;38,62;704,525;71,14;20,921;0,81;1,64;0,23;10,274;1,64;7,727;11,0;9,919;11,0;12,45;11,07;1358,35;142,64;430,782;52,06;53,007;15,19;5,177;10,59;3,193;10,3;0,359;10,0;3,003;23,829;0,53;32,001;3,32;6,925;0,62;6,312;1,32;960,382;1,0;"";"";20,094;2,51;137,972;14,71;"";"";44,173;9,54;78,1;"";"";"";"";"";"";"";"";"";"";"";"";"";"";"";"";"";"";"";"";"";"";"";"";"";"";"";"";"";"";"";"";"";"";"";"";"";"";"";"";"";"";"";"";"";"";"";"";"";"";"";"";"";"";"";"";"";"";"";"";"";"";"";"";""
30.11.2022 10:21:51;1669800111000;880f01e687e2572cea04e80fc6a68085;136964;OK;1791;6;0;0;0;0,49;346,61;0;0;609;493;"";257,928;38,69;741,426;72,24;20,918;0,81;1,642;0,23;10,63;1,63;8,445;11,0;10,805;11,0;12,193;11,12;1267,386;133,71;401,85;49,24;46,328;14,63;2,2;10,25;1,444;10,14;0,436;10,0;2,19;23,843;0,53;32,027;3,32;6,936;0,62;6,337;1,32;960,37;1,0;"";"";20,743;2,48;140,877;14,86;"";"";16,788;18,73;78,9;"";"";"";"";"";"";"";"";"";"";"";"";"";"";"";"";"";"";"";"";"";"";"";"";"";"";"";"";"";"";"";"";"";"";"";"";"";"";"";"";"";"";"";"";"";"";"";"";"";"";"";"";"";"";"";"";"";"";"";"";"";"";"";"";""
30.11.2022 10:23:51;1669800231000;880f01e687e2572cea04e80fc6a68085;137084;OK;1786;2;0;0;0;0,22;111,99;0;0;602;535;"";240,346;36,05;678,289;70,35;20,918;0,81;1,643;0,23;10,515;1,63;8,629;11,0;10,969;11,0;11,958;11,03;1280,073;134,91;399,484;49,0;44,936;14,49;1,713;10,09;0,8309999;10,01;0,275;10,0;1,993;23,848;0,53;31,703;3,32;6,868;0,63;6,193;1,33;960,367;1,0;"";"";20,712;2,48;140,664;14,85;"";"";13,391;19,87;13,0;"";"";"";"";"";"";"";"";"";"";"";"";"";"";"";"";"";"";"";"";"";"";"";"";"";"";"";"";"";"";"";"";"";"";"";"";"";"";"";"";"";"";"";"";"";"";"";"";"";"";"";"";"";"";"";"";"";"";"";"";"";"";"";"";""
30.11.2022 10:25:51;1669800351000;880f01e687e2572cea04e80fc6a68085;137203;OK;1808;0;1;0;0;-0,21;-190,0;0;0;608;549;"";239,73;35,96;658,9849;69,77;20,919;0,81;1,644;0,23;10,429;1,64;8,46;11,0;11,391;11,0;11,95;11,0;1301,644;137,08;408,966;49,88;53,812;15,28;2,935;10,24;0,425;10,0;0,029;10,0;1,748;23,855;0,53;31,718;3,32;6,874;0,63;6,207;1,33;960,362;1,0;"";"";20,597;2,48;140,506;14,84;"";"";20,559;17,37;72,4;"";"";"";"";"";"";"";"";"";"";"";"";"";"";"";"";"";"";"";"";"";"";"";"";"";"";"";"";"";"";"";"";"";"";"";"";"";"";"";"";"";"";"";"";"";"";"";"";"";"";"";"";"";"";"";"";"";"";"";"";"";"";"";"";""
30.11.2022 10:27:51;1669800471000;880f01e687e2572cea04e80fc6a68085;137324;OK;1788;0;1;0;0;0,0;-75,79;0;0;635;506;"";245,077;36,76;721,057;71,63;20,914;0,81;1,644;0,23;10,571;1,63;7,781;11,0;11,411;11,0;12,228;11,07;1243,72;131,45;397,171;48,75;70,221;16,85;3,181;10,23;0,718;10,02;0,003;10,0;1,983;23,865;0,53;31,955;3,32;6,929;0,63;6,324;1,32;960,351;1,0;"";"";20,746;2,48;141,808;14,91;"";"";14,161;19,6;72,9;"";"";"";"";"";"";"";"";"";"";"";"";"";"";"";"";"";"";"";"";"";"";"";"";"";"";"";"";"";"";"";"";"";"";"";"";"";"";"";"";"";"";"";"";"";"";"";"";"";"";"";"";"";"";"";"";"";"";"";"";"";"";"";"";""
30.11.2022 10:29:53;1669800593000;880f01e687e2572cea04e80fc6a68085;137445;OK;1821;1;0;0;0;0,16;80,35;0;0;661;525;"";244,158;36,62;691,9489;70,76;20,916;0,81;1,644;0,23;10,624;1,63;7,152;11,0;9,241;11,0;10,588;11,01;1188,077;125,95;375,492;46,68;44,455;14,32;2,813;10,29;2,272;10,23;0,0;10,0;2,388;23,876;0,53;31,861;3,32;6,913;0,63;6,29;1,32;960,331;1,0;"";"";20,657;2,48;141,14;14,88;"";"";15,13;19,38;75,4;"";"";"";"";"";"";"";"";"";"";"";"";"";"";"";"";"";"";"";"";"";"";"";"";"";"";"";"";"";"";"";"";"";"";"";"";"";"";"";"";"";"";"";"";"";"";"";"";"";"";"";"";"";"";"";"";"";"";"";"";"";"";"";"";""
30.11.2022 10:31:54;1669800714000;880f01e687e2572cea04e80fc6a68085;137566;OK;1801;3;0;0;0;0,06;165,33;0;0;623;491;"";249,977;37,5;735,957;72,08;20,914;0,81;1,646;0,23;10,638;1,63;8,098;11,0;11,443;11,0;12,437;11,02;1289,371;135,89;403,912;49,49;55,991;15,44;2,692;10,34;1,48;10,22;0,0;10,0;2,087;23,885;0,53;31,751;3,32;6,893;0,63;6,246;1,33;960,314;1,0;"";"";20,664;2,48;140,854;14,86;"";"";21,423;16,79;73,7;"";"";"";"";"";"";"";"";"";"";"";"";"";"";"";"";"";"";"";"";"";"";"";"";"";"";"";"";"";"";"";"";"";"";"";"";"";"";"";"";"";"";"";"";"";"";"";"";"";"";"";"";"";"";"";"";"";"";"";"";"";"";"";"";""
30.11.2022 10:33:55;1669800835000;880f01e687e2572cea04e80fc6a68085;137687;OK;1810;0;1;0;0;-1,37;-249,86;0;0;615;565;"";171,113;25,67;606,179;68,19;20,937;0,81;1,64;0,23;8,754;1,72;8,281;11,0;10,607;11,0;13,195;11,03;1223,688;129,46;384,888;47,61;48,564;14,78;4,427;10,5;3,846;10,41;0,166;10,0;3,018;23,857;0,53;29,657;3,36;6,428;0,64;5,233;1,45;960,2759;1,0;"";"";18,419;2,59;126,897;14,13;"";"";51,155;7,41;78,5;"";"";"";"";"";"";"";"";"";"";"";"";"";"";"";"";"";"";"";"";"";"";"";"";"";"";"";"";"";"";"";"";"";"";"";"";"";"";"";"";"";"";"";"";"";"";"";"";"";"";"";"";"";"";"";"";"";"";"";"";"";"";"";"";""
30.11.2022 10:35:55;1669800955000;880f01e687e2572cea04e80fc6a68085;137807;OK;1808;0;1;0;0;-1,66;-414,98;0;0;624;596;"";163,411;24,51;570,209;67,11;20,94;0,81;1,635;0,23;7,633;1,77;8,085;11,0;11,124;11,0;13,512;11,0;1272,9;134,27;399,139;48,92;58,748;15,78;5,535;10,59;2,607;10,31;0,863;10,07;2,9;23,82;0,53;29,678;3,36;6,419;0,64;5,215;1,44;960,262;1,0;"";"";16,45;2,69;117,517;13,63;"";"";17,072;18,66;13,0;"";"";"";"";"";"";"";"";"";"";"";"";"";"";"";"";"";"";"";"";"";"";"";"";"";"";"";"";"";"";"";"";"";"";"";"";"";"";"";"";"";"";"";"";"";"";"";"";"";"";"";"";"";"";"";"";"";"";"";"";"";"";"";"";""
30.11.2022 10:37:56;1669801076000;880f01e687e2572cea04e80fc6a68085;137928;OK;1796;0;1;0;0;-1,18;-416,79;0;0;627;589;"";170,773;25,62;580,6079;67,42;20,942;0,81;1,631;0,23;7,205;1,79;7,999;11,0;10,733;11,0;12,861;11,01;1192,114;126,42;374,39;46,57;51,629;15,06;5,401;10,51;2,939;10,34;0,733;10,01;2,799;23,793;0,53;29,729;3,36;6,42;0,64;5,217;1,44;960,254;1,0;"";"";15,688;2,72;113,953;13,44;"";"";13,42;19,86;13,0;"";"";"";"";"";"";"";"";"";"";"";"";"";"";"";"";"";"";"";"";"";"";"";"";"";"";"";"";"";"";"";"";"";"";"";"";"";"";"";"";"";"";"";"";"";"";"";"";"";"";"";"";"";"";"";"";"";"";"";"";"";"";"";"";""
30.11.2022 10:39:54;1669801194000;880f01e687e2572cea04e80fc6a68085;138047;OK;1811;0;1;0;0;0,24;-54,31;0;0;632;594;"";181,661;27,25;580,381;67,41001;20,94;0,81;1,628;0,23;7,496;1,78;7,87;11,0;9,902;11,0;10,951;11,0;1223,006;129,43;379,612;47,06;45,879;14,52;1,878;10,09;1,235;10,07;0,324;10,0;2,041;23,776;0,53;30,009;3,36;6,475;0,64;5,337;1,43;960,246;1,0;"";"";15,607;2,73;113,825;13,43;"";"";13,045;19,99;13,0;"";"";"";"";"";"";"";"";"";"";"";"";"";"";"";"";"";"";"";"";"";"";"";"";"";"";"";"";"";"";"";"";"";"";"";"";"";"";"";"";"";"";"";"";"";"";"";"";"";"";"";"";"";"";"";"";"";"";"";"";"";"";"";"";""
30.11.2022 10:41:55;1669801315000;880f01e687e2572cea04e80fc6a68085;138168;OK;1795;2;0;0;0;0,5;118,32;0;0;611;576;"";205,237;30,79;611,077;68,33;20,935;0,81;1,628;0,23;8,465;1,73;8,4;11,0;11,753;11,0;13,468;11,3;1305,988;137,48;406,909;49,7;59,283;15,79;4,495;10,45;2,351;10,2;0,033;10,0;2,405;23,771;0,53;30,535;3,34;6,586;0,63;5,583;1,4;960,236;1,0;"";"";16,387;2,69;116,693;13,58;"";"";13,005;20,0;13,0;"";"";"";"";"";"";"";"";"";"";"";"";"";"";"";"";"";"";"";"";"";"";"";"";"";"";"";"";"";"";"";"";"";"";"";"";"";"";"";"";"";"";"";"";"";"";"";"";"";"";"";"";"";"";"";"";"";"";"";"";"";"";"";"";""
30.11.2022 10:43:56;1669801436000;880f01e687e2572cea04e80fc6a68085;138289;OK;1813;2;0;0;0;0,6;124,81;0;0;614;571;"";211,004;31,65;619,318;68,58;20,937;0,81;1,628;0,23;9,355;1,69;8,303;11,0;10,834;11,0;13,77;11,04;1274,216;134,43;402,207;49,21;45,83;14,55;5,259;10,61;3,855;10,36;0,661;10,0;3,147;23,763;0,53;30,683;3,34;6,615;0,63;5,647;1,39;960,246;1,0;"";"";17,301;2,64;120,261;13,77;"";"";13,0;20,0;13,0;"";"";"";"";"";"";"";"";"";"";"";"";"";"";"";"";"";"";"";"";"";"";"";"";"";"";"";"";"";"";"";"";"";"";"";"";"";"";"";"";"";"";"";"";"";"";"";"";"";"";"";"";"";"";"";"";"";"";"";"";"";"";"";"";""
30.11.2022 10:45:59;1669801559000;880f01e687e2572cea04e80fc6a68085;138411;OK;1790;1;0;0;0;0,41;88,15001;0;0;642;577;"";214,893;32,23;613,307;68,4;20,936;0,81;1,629;0,23;10,084;1,65;7,629;11,0;9,881;11,0;12,274;11,01;1227,457;129,85;379,764;47,06;51,503;15,09;3,883;10,32;3,37;10,24;0,06599999;10,0;3,029;23,759;0,53;30,773;3,34;6,633;0,63;5,686;1,38;960,265;1,0;"";"";18,11;2,6;123,434;13,94;"";"";13,0;20,0;13,0;"";"";"";"";"";"";"";"";"";"";"";"";"";"";"";"";"";"";"";"";"";"";"";"";"";"";"";"";"";"";"";"";"";"";"";"";"";"";"";"";"";"";"";"";"";"";"";"";"";"";"";"";"";"";"";"";"";"";"";"";"";"";"";"";""
30.11.2022 10:47:59;1669801679000;880f01e687e2572cea04e80fc6a68085;138531;OK;1805;0;0;0;0;0,14;-10,26;0;0;624;581;"";217,057;32,56;610,435;68,31;20,936;0,81;1,628;0,23;10,595;1,63;8,06;11,0;11,607;11,01;13,538;11,14;1294,001;136,29;404,295;49,5;67,166;16,58;6,258;10,55;2,507;10,15;0,007;10,0;2,628;23,759;0,53;30,815;3,34;6,642;0,63;5,705;1,38;960,281;1,0;"";"";18,712;2,57;126,277;14,09;"";"";13,0;20,0;13,0;"";"";"";"";"";"";"";"";"";"";"";"";"";"";"";"";"";"";"";"";"";"";"";"";"";"";"";"";"";"";"";"";"";"";"";"";"";"";"";"";"";"";"";"";"";"";"";"";"";"";"";"";"";"";"";"";"";"";"";"";"";"";"";"";""
30.11.2022 10:49:58;1669801798000;880f01e687e2572cea04e80fc6a68085;138651;OK;1805;0;1;0;0;0,0;-47,76;0;0;611;584;"";209,94;31,49;602,796;68,08;20,936;0,81;1,628;0,23;10,932;1,61;8,387;11,0;12,636;11,0;14,146;11,19;1273,388;134,3;401,754;49,2;65,018;16,43;6,444;10,75;1,724;10,08;0,242;10,0;2,42;23,757;0,53;30,61;3,34;6,597;0,63;5,607;1,39;960,277;1,0;"";"";19,052;2,56;129,071;14,23;"";"";36,487;12,27;79,9;"";"";"";"";"";"";"";"";"";"";"";"";"";"";"";"";"";"";"";"";"";"";"";"";"";"";"";"";"";"";"";"";"";"";"";"";"";"";"";"";"";"";"";"";"";"";"";"";"";"";"";"";"";"";"";"";"";"";"";"";"";"";"";"";""
30.11.2022 10:52:00;1669801920000;880f01e687e2572cea04e80fc6a68085;138772;OK;1811;0;1;0;0;-0,77;-98,12;0;0;600;595;"";162,414;24,36;574,67;67,24;20,944;0,81;1,626;0,23;10,216;1,65;8,655;11,0;12,606;11,0;14,482;11,37;1334,736;140,31;420,882;51,03;67,211;16,56;4,865;10,41;1,969;10,18;0,375;10,0;2,434;23,725;0,53;29,464;3,37;6,339;0,64;5,028;1,46;960,2449;1,0;"";"";18,029;2,61;123,553;13,94;"";"";34,293;14,85;79,1;"";"";"";"";"";"";"";"";"";"";"";"";"";"";"";"";"";"";"";"";"";"";"";"";"";"";"";"";"";"";"";"";"";"";"";"";"";"";"";"";"";"";"";"";"";"";"";"";"";"";"";"";"";"";"";"";"";"";"";"";"";"";"";"";""
30.11.2022 10:53:59;1669802039000;880f01e687e2572cea04e80fc6a68085;138892;OK;1787;0;1;0;0;-1,23;-130,77;0;0;590;598;"";137,188;20,58;570,209;67,11;20,942;0,81;1,62;0,23;9,494;1,68;8,916;11,0;12,141;11,0;15,26;11,37;1331,723;139,96;420,575;51,06;67,41001;16,56;7,394;10,63;5,073;10,5;1,043;10,0;2,971;23,674;0,53;29,166;3,37;6,257;0,64;4,839;1,48;960,211;1,0;"";"";16,684;2,67;115,92;13,53;"";"";18,418;18,56;79,7;"";"";"";"";"";"";"";"";"";"";"";"";"";"";"";"";"";"";"";"";"";"";"";"";"";"";"";"";"";"";"";"";"";"";"";"";"";"";"";"";"";"";"";"";"";"";"";"";"";"";"";"";"";"";"";"";"";"";"";"";"";"";"";"";""
30.11.2022 10:56:01;1669802161000;880f01e687e2572cea04e80fc6a68085;139014;OK;1782;0;1;0;0;-0,89;-61,12;0;0;608;595;"";140,24;21,04;578,272;67,35;20,94;0,81;1,618;0,23;9,39;1,69;8,45;11,0;12,183;11,0;14,372;11,42;1304,299;137,32;413,817;50,47;60,066;15,83;8,211;10,83;3,947;10,4;0,114;10,0;2,607;23,628;0,53;29,331;3,37;6,275;0,64;4,881;1,46;960,198;1,0;"";"";16,055;2,7;110,318;13,23;"";"";13,54;19,86;13,0;"";"";"";"";"";"";"";"";"";"";"";"";"";"";"";"";"";"";"";"";"";"";"";"";"";"";"";"";"";"";"";"";"";"";"";"";"";"";"";"";"";"";"";"";"";"";"";"";"";"";"";"";"";"";"";"";"";"";"";"";"";"";"";"";""
30.11.2022 10:58:00;1669802280000;880f01e687e2572cea04e80fc6a68085;139132;OK;1790;1;0;0;0;0,03;36,48;0;0;590;595;"";156,466;23,47;583,392;67,5;20,936;0,81;1,615;0,23;9,703;1,67;8,916;11,0;12,827;11,12;14,618;11,33;1314,945;138,3;417,363;50,75;61,326;15,98;7,196;10,72;2,538;10,2;0,209;10,0;2,467;23,612;0,53;29,611;3,37;6,329;0,63;5,003;1,45;960,188;1,0;"";"";16,283;2,69;110,737;13,25;"";"";14,668;19,39;61,3;"";"";"";"";"";"";"";"";"";"";"";"";"";"";"";"";"";"";"";"";"";"";"";"";"";"";"";"";"";"";"";"";"";"";"";"";"";"";"";"";"";"";"";"";"";"";"";"";"";"";"";"";"";"";"";"";"";"";"";"";"";"";"";"";""
30.11.2022 11:00:01;1669802401000;880f01e687e2572cea04e80fc6a68085;139253;OK;1798;1;0;0;0;0,54;54,41;0;0;645;598;"";156,254;23,44;587,553;67,63;20,934;0,81;1,614;0,23;10,503;1,63;7,547;11,0;9,798;11,01;13,39;11,06;1205,272;127,62;379,12;47,01;47,922;14,67;6,318;10,8;4,749;10,63;0,859;10,0;3,663;23,601;0,53;30,127;3,36;6,436;0,63;5,242;1,42;960,184;1,0;"";"";17,294;2,64;115,824;13,52;"";"";19,253;17,47;76,1;"";"";"";"";"";"";"";"";"";"";"";"";"";"";"";"";"";"";"";"";"";"";"";"";"";"";"";"";"";"";"";"";"";"";"";"";"";"";"";"";"";"";"";"";"";"";"";"";"";"";"";"";"";"";"";"";"";"";"";"";"";"";"";"";""
30.11.2022 11:02:01;1669802521000;880f01e687e2572cea04e80fc6a68085;139374;OK;1787;0;0;0;0;0,7;21,44;0;0;640;605;"";161,061;24,16;586,166;67,58;20,936;0,81;1,613;0,23;11,449;1,59;7,663;11,0;10,296;11,0;12,552;11,05;1213,641;128,47;377,583;46,87;51,061;15,03;4,05;10,32;3,231;10,19;0,183;10,0;2,919;23,597;0,53;30,534;3,35;6,521;0,63;5,431;1,39;960,1959;1,0;"";"";18,591;2,58;122,939;13,89;"";"";18,517;17,81;70,4;"";"";"";"";"";"";"";"";"";"";"";"";"";"";"";"";"";"";"";"";"";"";"";"";"";"";"";"";"";"";"";"";"";"";"";"";"";"";"";"";"";"";"";"";"";"";"";"";"";"";"";"";"";"";"";"";"";"";"";"";"";"";"";"";""
30.11.2022 11:04:02;1669802642000;880f01e687e2572cea04e80fc6a68085;139494;OK;1801;1;0;0;0;0,75;32,54;0;0;617;600;"";187,475;28,12;599,296;67,98;20,933;0,81;1,614;0,23;12,548;1,63;8,222;11,0;11,35;11,0;12,945;11,01;1270,466;134,04;399,609;49,05;58,439;15,73;4,722;10,35;2,621;10,08;0,019;10,0;2,459;23,601;0,53;30,967;3,34;6,615;0,62;5,639;1,37;960,211;1,0;"";"";20,075;2,51;129,743;14,25;"";"";17,383;18,54;74,0;"";"";"";"";"";"";"";"";"";"";"";"";"";"";"";"";"";"";"";"";"";"";"";"";"";"";"";"";"";"";"";"";"";"";"";"";"";"";"";"";"";"";"";"";"";"";"";"";"";"";"";"";"";"";"";"";"";"";"";"";"";"";"";"";""
30.11.2022 11:06:03;1669802763000;880f01e687e2572cea04e80fc6a68085;139615;OK;1811;1;0;0;0;0,72;87,33001;0;0;580;593;"";190,665;28,6;614,314;68,43;20,932;0,81;1,616;0,23;13,622;1,69;9,179;11,0;12,706;11,03;14,32;11,3;1370,907;143,77;434,007;52,36;60,577;15,89;5,812;10,43;1,888;10,01;0,212;10,0;2,378;23,605;0,53;31,333;3,33;6,695;0,62;5,812;1,35;960,2119;1,0;"";"";21,578;2,43;136,881;14,63;"";"";15,086;19,3;78,6;"";"";"";"";"";"";"";"";"";"";"";"";"";"";"";"";"";"";"";"";"";"";"";"";"";"";"";"";"";"";"";"";"";"";"";"";"";"";"";"";"";"";"";"";"";"";"";"";"";"";"";"";"";"";"";"";"";"";"";"";"";"";"";"";""
30.11.2022 11:08:03;1669802883000;880f01e687e2572cea04e80fc6a68085;139735;OK;1789;1;0;0;0;0,67;68,57;0;0;641;603;"";194,489;29,17;606,43;68,19;20,933;0,81;1,618;0,23;14,498;1,73;7,657;11,0;10,496;11,0;14,075;11,18;1205,146;127,62;369,726;46,09;56,015;15,48;7,466;10,81;4,271;10,56;1,815;10,05;3,595;23,62;0,53;31,603;3,33;6,758;0,62;5,949;1,34;960,2139;1,0;"";"";22,73;2,38;143,144;14,96;"";"";13,215;19,93;13,0;"";"";"";"";"";"";"";"";"";"";"";"";"";"";"";"";"";"";"";"";"";"";"";"";"";"";"";"";"";"";"";"";"";"";"";"";"";"";"";"";"";"";"";"";"";"";"";"";"";"";"";"";"";"";"";"";"";"";"";"";"";"";"";"";""
30.11.2022 11:10:03;1669803003000;880f01e687e2572cea04e80fc6a68085;139856;OK;1796;0;0;0;0;0,61;16,96;0;0;599;605;"";203,068;30,46;608,537;68,26;20,932;0,81;1,62;0,23;15,241;1,77;8,699;11,0;12,527;11,02;13,962;11,12;1339,819;140,77;420,041;51,04;63,204;16,18;4,13;10,34;1,353;10,13;0,312;10,0;2,314;23,647;0,53;31,922;3,32;6,837;0,62;6,119;1,32;960,213;1,0;"";"";23,666;2,33;148,489;15,24;"";"";13,022;19,99;13,0;"";"";"";"";"";"";"";"";"";"";"";"";"";"";"";"";"";"";"";"";"";"";"";"";"";"";"";"";"";"";"";"";"";"";"";"";"";"";"";"";"";"";"";"";"";"";"";"";"";"";"";"";"";"";"";"";"";"";"";"";"";"";"";"";""
30.11.2022 11:12:04;1669803124000;880f01e687e2572cea04e80fc6a68085;139976;OK;1807;0;0;0;0;0,55;-0,79;0;0;621;601;"";209,32;31,4;615,919;68,48001;20,929;0,81;1,621;0,23;15,762;1,8;8,128;11,0;10,34;11,0;11,752;11,01;1234,664;130,44;393,727;48,43;49,308;14,84;3,18;10,24;2,168;10,17;0,032;10,0;2,316;23,67;0,53;32,123;3,32;6,889;0,62;6,23;1,31;960,2139;1,0;"";"";24,466;2,29;152,706;15,46;"";"";13,002;20,0;13,0;"";"";"";"";"";"";"";"";"";"";"";"";"";"";"";"";"";"";"";"";"";"";"";"";"";"";"";"";"";"";"";"";"";"";"";"";"";"";"";"";"";"";"";"";"";"";"";"";"";"";"";"";"";"";"";"";"";"";"";"";"";"";"";"";""
30.11.2022 11:14:05;1669803245000;880f01e687e2572cea04e80fc6a68085;140097;OK;1790;1;0;0;0;0,43;47,34;0;0;591;596;"";211,687;31,75;621,662;68,65;20,928;0,81;1,623;0,23;16,009;1,81;8,898;11,0;11,83;11,08;14,26;11,31;1343,947;141,18;424,461;51,53;68,46;16,74;4,785;10,44;3,646;10,38;0,261;10,0;2,781;23,692;0,53;32,178;3,31;6,909;0,62;6,274;1,31;960,22;1,0;"";"";24,842;2,27;156,021;15,64;"";"";13,0;20,0;13,0;"";"";"";"";"";"";"";"";"";"";"";"";"";"";"";"";"";"";"";"";"";"";"";"";"";"";"";"";"";"";"";"";"";"";"";"";"";"";"";"";"";"";"";"";"";"";"";"";"";"";"";"";"";"";"";"";"";"";"";"";"";"";"";"";""
30.11.2022 11:16:06;1669803366000;880f01e687e2572cea04e80fc6a68085;140218;OK;1801;1;0;0;0;0,24;50,09;0;0;609;591;"";215,371;32,31;627,952;68,84;20,928;0,81;1,626;0,23;15,97;1,81;8,438;11,0;10,868;11,01;12,88;11,06;1281,87;135,1;403,685;49,46;52,281;15,13;3,728;10,38;2,923;10,35;0,495;10,0;2,625;23,707;0,53;32,219;3,31;6,924;0,62;6,306;1,31;960,229;1,0;"";"";25,041;2,26;158,2;15,76;"";"";13,0;20,0;13,0;"";"";"";"";"";"";"";"";"";"";"";"";"";"";"";"";"";"";"";"";"";"";"";"";"";"";"";"";"";"";"";"";"";"";"";"";"";"";"";"";"";"";"";"";"";"";"";"";"";"";"";"";"";"";"";"";"";"";"";"";"";"";"";"";""
30.11.2022 11:18:07;1669803487000;880f01e687e2572cea04e80fc6a68085;140339;OK;1817;1;0;0;0;0,15;50,47;0;0;577;586;"";217,598;32,64;634,696;69,04;20,928;0,81;1,628;0,23;15,722;1,8;9,251;11,0;11,597;11,0;13,136;11,02;1359,889;142,71;424,341;51,5;60,174;15,88;5,064;10,54;1,586;10,07;0,096;10,0;2,299;23,727;0,53;32,307;3,31;6,951;0,62;6,362;1,3;960,23;1,0;"";"";25,09;2,26;159,526;15,83;"";"";34,163;13,34;79,1;"";"";"";"";"";"";"";"";"";"";"";"";"";"";"";"";"";"";"";"";"";"";"";"";"";"";"";"";"";"";"";"";"";"";"";"";"";"";"";"";"";"";"";"";"";"";"";"";"";"";"";"";"";"";"";"";"";"";"";"";"";"";"";"";""
30.11.2022 11:20:08;1669803608000;880f01e687e2572cea04e80fc6a68085;140459;OK;1838;2;0;0;0;0,18;107,12;0;0;570;564;"";223,672;33,55;662,909;69,89;20,923;0,81;1,629;0,23;15,374;1,78;9,45;11,0;13,585;11,12;14,825;11,35;1389,297;145,61;436,176;52,53;67,556;16,61;3,764;10,31;1,253;10,15;0,588;10,0;2,084;23,748;0,53;32,375;3,31;6,974;0,62;6,411;1,3;960,2349;1,0;"";"";25,072;2,26;160,845;15,9;"";"";18,056;18,25;76,5;"";"";"";"";"";"";"";"";"";"";"";"";"";"";"";"";"";"";"";"";"";"";"";"";"";"";"";"";"";"";"";"";"";"";"";"";"";"";"";"";"";"";"";"";"";"";"";"";"";"";"";"";"";"";"";"";"";"";"";"";"";"";"";"";""
30.11.2022 11:22:07;1669803727000;880f01e687e2572cea04e80fc6a68085;140579;OK;1808;2;0;0;0;0,19;144,45;0;0;611;555;"";219,158;32,87;674,061;70,22;20,924;0,81;1,631;0,23;15,047;1,76;8,381;11,0;11,49;11,01;13,101;11,07;1307,384;137,69;408,854;49,9;55,279;15,39;2,995;10,28;2,023;10,15;0,25;10,0;2,434;23,76;0,53;32,438;3,31;6,992;0,62;6,45;1,3;960,231;1,0;"";"";24,74;2,28;161,349;15,93;"";"";13,54;19,81;13,0;"";"";"";"";"";"";"";"";"";"";"";"";"";"";"";"";"";"";"";"";"";"";"";"";"";"";"";"";"";"";"";"";"";"";"";"";"";"";"";"";"";"";"";"";"";"";"";"";"";"";"";"";"";"";"";"";"";"";"";"";"";"";"";"";""
30.11.2022 11:24:09;1669803849000;880f01e687e2572cea04e80fc6a68085;140701;OK;1806;2;0;0;0;0,22;111,01;0;0;622;555;"";222,126;33,32;675,969;70,28;20,925;0,81;1,633;0,23;14,922;1,76;8,095;11,0;11,58;11,0;14,477;11,35;1297,238;136,65;409,037;49,89;57,341;15,62;7,425;10,77;3,389;10,37;0,551;10,0;3,045;23,781;0,53;32,535;3,31;7,022;0,62;6,512;1,29;960,2449;1,0;"";"";24,754;2,28;161,301;15,93;"";"";13,056;19,98;13,0;"";"";"";"";"";"";"";"";"";"";"";"";"";"";"";"";"";"";"";"";"";"";"";"";"";"";"";"";"";"";"";"";"";"";"";"";"";"";"";"";"";"";"";"";"";"";"";"";"";"";"";"";"";"";"";"";"";"";"";"";"";"";"";"";""
30.11.2022 11:26:09;1669803969000;880f01e687e2572cea04e80fc6a68085;140821;OK;1791;1;0;0;0;0,16;26,51;0;0;614;554;"";225,478;33,82;675,068;70,25;20,925;0,81;1,635;0,23;14,503;1,73;8,294;11,0;11,793;11,0;14,241;11,16;1287,715;135,73;403,261;49,42;63,359;16,15;5,53;10,47;3,119;10,33;0,234;10,0;2,878;23,796;0,53;32,494;3,31;7,019;0,62;6,507;1,29;960,258;1,0;"";"";24,552;2,29;160,433;15,88;"";"";13,006;20,0;13,0;"";"";"";"";"";"";"";"";"";"";"";"";"";"";"";"";"";"";"";"";"";"";"";"";"";"";"";"";"";"";"";"";"";"";"";"";"";"";"";"";"";"";"";"";"";"";"";"";"";"";"";"";"";"";"";"";"";"";"";"";"";"";"";"";""
30.11.2022 11:28:11;1669804091000;880f01e687e2572cea04e80fc6a68085;140944;OK;1787;0;0;0;0;0,12;10,02;0;0;607;552;"";228,384;34,26;678,453;70,35;20,924;0,81;1,637;0,23;14,098;1,71;8,482;11,0;11,047;11,0;14,422;11,24;1283,283;135,34;401,811;49,2;61,71;16,03;6,354;10,55;5,187;10,52;0,967;10,0;3,314;23,815;0,53;32,583;3,31;7,045;0,62;6,563;1,29;960,2759;1,0;"";"";24,313;2,3;159,46;15,84;"";"";13,001;20,0;13,0;"";"";"";"";"";"";"";"";"";"";"";"";"";"";"";"";"";"";"";"";"";"";"";"";"";"";"";"";"";"";"";"";"";"";"";"";"";"";"";"";"";"";"";"";"";"";"";"";"";"";"";"";"";"";"";"";"";"";"";"";"";"";"";"";""
30.11.2022 11:30:11;1669804211000;880f01e687e2572cea04e80fc6a68085;141064;OK;1801;0;0;0;0;0,11;18,52;0;0;608;550;"";231,878;34,78;681,339;70,44;20,922;0,81;1,637;0,23;13,781;1,69;8,446;11,0;11,404;11,01;13,784;11,19;1344,544;141,34;425,125;51,53;59,728;15,83;4,454;10,4;2,919;10,26;0,287;10,0;2,849;23,83;0,53;32,642;3,3;7,064;0,62;6,603;1,29;960,2739;1,0;"";"";24,118;2,31;158,592;15,79;"";"";12,404;22,28;13,0;"";"";"";"";"";"";"";"";"";"";"";"";"";"";"";"";"";"";"";"";"";"";"";"";"";"";"";"";"";"";"";"";"";"";"";"";"";"";"";"";"";"";"";"";"";"";"";"";"";"";"";"";"";"";"";"";"";"";"";"";"";"";"";"";""
30.11.2022 11:32:12;1669804332000;880f01e687e2572cea04e80fc6a68085;141184;OK;1788;1;0;0;0;0,17;32,55;0;0;610;545;"";233,203;34,98;687,84;70,64;20,922;0,81;1,639;0,23;13,526;1,68;8,429;11,0;10,68;11,0;12,583;11,02;1288,669;135,91;409,342;50,0;49,489;14,82;3,621;10,36;3,199;10,3;0,03;10,0;2,619;23,845;0,53;32,688;3,3;7,08;0,62;6,636;1,28;960,292;1,0;"";"";23,826;2,32;157,67;15,74;"";"";12,993;20,21;25,0;"";"";"";"";"";"";"";"";"";"";"";"";"";"";"";"";"";"";"";"";"";"";"";"";"";"";"";"";"";"";"";"";"";"";"";"";"";"";"";"";"";"";"";"";"";"";"";"";"";"";"";"";"";"";"";"";"";"";"";"";"";"";"";"";""
30.11.2022 11:34:12;1669804452000;880f01e687e2572cea04e80fc6a68085;141305;OK;1792;1;0;0;0;0,13;25,86;0;0;620;544;"";236,338;35,45;688,631;70,66;20,919;0,81;1,64;0,23;13,257;1,67;8,152;11,0;10,778;11,01;11,457;11,09;1286,515;135,57;404,967;49,53;49,971;14,86;2,535;10,22;0,59;10,03;0,003;10,0;1,815;23,858;0,53;32,727;3,3;7,094;0,62;6,665;1,28;960,3049;1,0;"";"";23,638;2,33;156,847;15,7;"";"";15,766;19,01;68,2;"";"";"";"";"";"";"";"";"";"";"";"";"";"";"";"";"";"";"";"";"";"";"";"";"";"";"";"";"";"";"";"";"";"";"";"";"";"";"";"";"";"";"";"";"";"";"";"";"";"";"";"";"";"";"";"";"";"";"";"";"";"";"";"";""
30.11.2022 11:36:13;1669804573000;880f01e687e2572cea04e80fc6a68085;141425;OK;1798;1;0;0;0;0,06;28,42;0;0;594;541;"";237,558;35,63;692,082;70,76;20,92;0,81;1,642;0,23;12,955;1,65;8,832;11,0;11,507;11,0;14,581;11,4;1408,572;147,59;444,255;53,42;65,466;16,36;6,225;10,76;3,493;10,32;0,47;10,0;3,098;23,868;0,53;32,708;3,3;7,094;0,62;6,665;1,28;960,277;1,0;"";"";23,328;2,35;155,574;15,64;"";"";14,17;19,59;65,3;"";"";"";"";"";"";"";"";"";"";"";"";"";"";"";"";"";"";"";"";"";"";"";"";"";"";"";"";"";"";"";"";"";"";"";"";"";"";"";"";"";"";"";"";"";"";"";"";"";"";"";"";"";"";"";"";"";"";"";"";"";"";"";"";""
30.11.2022 11:38:13;1669804693000;880f01e687e2572cea04e80fc6a68085;141546;OK;1791;3;0;0;0;0,24;150,67;0;0;592;505;"";254,932;38,24;747,276;72,42;20,912;0,81;1,642;0,23;12,924;1,65;8,869;11,0;12,642;11,0;14,141;11,18;1398,545;146,59;438,738;52,88;74,498;17,19;4,505;10,45;2,273;10,24;0,408;10,0;2,32;23,88;0,53;33,001;3,3;7,162;0,62;6,806;1,27;960,241;1,0;"";"";23,454;2,34;155,396;15,63;"";"";13,121;19,96;13,0;"";"";"";"";"";"";"";"";"";"";"";"";"";"";"";"";"";"";"";"";"";"";"";"";"";"";"";"";"";"";"";"";"";"";"";"";"";"";"";"";"";"";"";"";"";"";"";"";"";"";"";"";"";"";"";"";"";"";"";"";"";"";"";"";""
30.11.2022 11:40:13;1669804813000;880f01e687e2572cea04e80fc6a68085;141665;OK;1828;3;0;0;0;0,06;160,21;0;0;605;513;"";244,931;36,74;727,544;71,83;20,913;0,81;1,644;0,23;12,445;1,62;8,533;11,0;12,043;11,08;13,22;11,25;1324,94;139,35;416,609;50,73;64,9;16,39;3,694;10,36;1,853;10,16;0,186;10,0;2,07;23,886;0,53;32,687;3,3;7,096;0,62;6,671;1,28;960,218;1,0;"";"";23,017;2,36;154,12;15,56;"";"";13,013;20,0;13,0;"";"";"";"";"";"";"";"";"";"";"";"";"";"";"";"";"";"";"";"";"";"";"";"";"";"";"";"";"";"";"";"";"";"";"";"";"";"";"";"";"";"";"";"";"";"";"";"";"";"";"";"";"";"";"";"";"";"";"";"";"";"";"";"";""
30.11.2022 11:42:14;1669804934000;880f01e687e2572cea04e80fc6a68085;141786;OK;1805;0;1;0;0;-0,19;-31,26;0;0;601;538;"";235,907;35,39;688,226;70,65;20,92;0,81;1,643;0,23;11,98;1,6;8,653;11,0;12,184;11,01;14,808;11,38;1376,321;144,31;433,327;52,29;68,423;16,7;5,8;10,55;3,785;10,44;0,531;10,0;2,853;23,895;0,53;32,443;3,31;7,047;0,62;6,57;1,3;960,218;1,0;"";"";22,249;2,4;152,344;15,47;"";"";13,001;20,0;13,0;"";"";"";"";"";"";"";"";"";"";"";"";"";"";"";"";"";"";"";"";"";"";"";"";"";"";"";"";"";"";"";"";"";"";"";"";"";"";"";"";"";"";"";"";"";"";"";"";"";"";"";"";"";"";"";"";"";"";"";"";"";"";"";"";""
30.11.2022 11:44:15;1669805055000;880f01e687e2572cea04e80fc6a68085;141907;OK;1796;0;1;0;0;-0,47;-232,92;0;0;578;545;"";232,548;34,88;672,961;70,19001;20,922;0,81;1,642;0,23;11,606;1,58;9,234;11,0;12,218;11,0;13,101;11,04;1390,595;145,85;435,99;52,54;61,681;16,03;3,219;10,36;1,19;10,09;0,258;10,0;1,887;23,919;0,53;32,222;3,31;7,009;0,63;6,491;1,31;960,216;1,0;"";"";21,561;2,43;150,163;15,36;"";"";13,0;20,0;13,0;"";"";"";"";"";"";"";"";"";"";"";"";"";"";"";"";"";"";"";"";"";"";"";"";"";"";"";"";"";"";"";"";"";"";"";"";"";"";"";"";"";"";"";"";"";"";"";"";"";"";"";"";"";"";"";"";"";"";"";"";"";"";"";"";""
30.11.2022 11:46:15;1669805175000;880f01e687e2572cea04e80fc6a68085;142028;OK;1788;0;1;0;0;-0,23;-160,29;0;0;603;543;"";231,685;34,75;673,318;70,2;20,92;0,81;1,642;0,23;11,371;1,59;8,579;11,0;12,228;11,0;14,287;11,3;1300,812;137,07;405,178;49,61;62,454;16,18;7,552;10,75;2,547;10,14;0,094;10,0;2,616;23,939;0,53;32,175;3,31;7,006;0,63;6,488;1,31;960,1959;1,0;"";"";21,093;2,46;148,698;15,28;"";"";13,0;20,0;13,0;"";"";"";"";"";"";"";"";"";"";"";"";"";"";"";"";"";"";"";"";"";"";"";"";"";"";"";"";"";"";"";"";"";"";"";"";"";"";"";"";"";"";"";"";"";"";"";"";"";"";"";"";"";"";"";"";"";"";"";"";"";"";"";"";""
30.11.2022 11:48:17;1669805297000;880f01e687e2572cea04e80fc6a68085;142149;OK;1782;0;1;0;0;-0,04;-30,18;0;0;589;542;"";232,264;34,84;675,102;70,25;20,919;0,81;1,644;0,23;11,408;1,59;8,929;11,0;12,396;11,0;14,116;11,16;1427,812;149,42;446,183;53,64;62,262;16,17;3,733;10,21;2,166;10,01;0,933;10,0;2,439;23,956;0,53;32,232;3,31;7,026;0,63;6,529;1,31;960,183;1,0;"";"";20,731;2,48;148,187;15,26;"";"";13,0;20,0;13,0;"";"";"";"";"";"";"";"";"";"";"";"";"";"";"";"";"";"";"";"";"";"";"";"";"";"";"";"";"";"";"";"";"";"";"";"";"";"";"";"";"";"";"";"";"";"";"";"";"";"";"";"";"";"";"";"";"";"";"";"";"";"";"";"";""
30.11.2022 11:50:16;1669805416000;880f01e687e2572cea04e80fc6a68085;142268;OK;1805;1;0;0;0;0,11;61,68;0;0;603;527;"";234,988;35,25;693,516;70,81;20,917;0,81;1,643;0,23;11,405;1,59;8,579;11,0;12,659;11,17;15,066;11,33;1330,979;139,96;419,205;50,9;69,554;16,75;6,589;10,61;2,5;10,3;0,1;10,0;2,784;23,969;0,53;32,228;3,31;7,03;0,63;6,538;1,31;960,1669;1,0;"";"";20,74;2,47;147,726;15,23;"";"";13,0;20,0;13,0;"";"";"";"";"";"";"";"";"";"";"";"";"";"";"";"";"";"";"";"";"";"";"";"";"";"";"";"";"";"";"";"";"";"";"";"";"";"";"";"";"";"";"";"";"";"";"";"";"";"";"";"";"";"";"";"";"";"";"";"";"";"";"";"";""
30.11.2022 11:52:16;1669805536000;880f01e687e2572cea04e80fc6a68085;142389;OK;1791;1;0;0;0;0,05;49,93;0;0;660;531;"";235,65;35,35;687,135;70,61;20,92;0,81;1,643;0,23;11,297;1,59;7,207;11,0;10,367;11,02;12,593;11,03;1164,386;123,71;366,85;45,74;56,979;15,51;5,922;10,63;3,104;10,32;0,36;10,0;2,892;23,978;0,53;32,179;3,31;7,023;0,63;6,524;1,31;960,166;1,0;"";"";20,626;2,48;146,215;15,15;"";"";13,0;20,0;13,0;"";"";"";"";"";"";"";"";"";"";"";"";"";"";"";"";"";"";"";"";"";"";"";"";"";"";"";"";"";"";"";"";"";"";"";"";"";"";"";"";"";"";"";"";"";"";"";"";"";"";"";"";"";"";"";"";"";"";"";"";"";"";"";"";""
30.11.2022 11:54:17;1669805657000;880f01e687e2572cea04e80fc6a68085;142510;OK;1807;0;0;0;0;-0,07;21,0;0;0;614;530;"";233,028;34,95;685,806;70,57;20,923;0,81;1,643;0,23;11,185;1,6;8,332;11,0;11,451;11,0;13,169;11,1;1310,242;137,85;407,854;49,89;51,938;15,12;4,416;10,38;1,864;10,17;0,536;10,03;2,453;23,984;0,53;32,053;3,31;6,998;0,63;6,472;1,32;960,149;1,0;"";"";20,368;2,49;144,59;15,07;"";"";12,605;21,47;13,0;"";"";"";"";"";"";"";"";"";"";"";"";"";"";"";"";"";"";"";"";"";"";"";"";"";"";"";"";"";"";"";"";"";"";"";"";"";"";"";"";"";"";"";"";"";"";"";"";"";"";"";"";"";"";"";"";"";"";"";"";"";"";"";"";""
30.11.2022 11:56:18;1669805778000;880f01e687e2572cea04e80fc6a68085;142630;OK;1798;0;1;0;0;-0,09;-39,42;0;0;595;534;"";233,718;35,06;681,093;70,43;20,921;0,81;1,643;0,23;11,104;1,6;8,809;11,0;13,2;11,01;15,986;11,7;1415,21;148,22;439,9;52,96;74,843;17,28;6,619;10,7;4,529;10,55;0,926;10,0;2,922;23,994;0,53;32,097;3,31;7,011;0,63;6,501;1,31;960,117;1,0;"";"";20,113;2,51;143,425;15,01;"";"";12,959;20,15;13,0;"";"";"";"";"";"";"";"";"";"";"";"";"";"";"";"";"";"";"";"";"";"";"";"";"";"";"";"";"";"";"";"";"";"";"";"";"";"";"";"";"";"";"";"";"";"";"";"";"";"";"";"";"";"";"";"";"";"";"";"";"";"";"";"";""
30.11.2022 11:58:19;1669805899000;880f01e687e2572cea04e80fc6a68085;142751;OK;1805;0;0;0;0;-0,05;0,45;0;0;620;528;"";234,679;35,2;686,454;70,59;20,923;0,81;1,643;0,23;11,057;1,61;8,166;11,0;11,293;11,0;12,731;11,23;1351,044;141,94;416,62;50,63;59,341;15,86;4,183;10,37;2,085;10,19;0,541;10,0;2,2;24,006;0,53;32,022;3,31;7,0;0,63;6,477;1,32;960,078;1,0;"";"";20,217;2,5;143,169;15,0;"";"";12,996;20,02;13,0;"";"";"";"";"";"";"";"";"";"";"";"";"";"";"";"";"";"";"";"";"";"";"";"";"";"";"";"";"";"";"";"";"";"";"";"";"";"";"";"";"";"";"";"";"";"";"";"";"";"";"";"";"";"";"";"";"";"";"";"";"";"";"";"";""
30.11.2022 12:00:19;1669806019000;880f01e687e2572cea04e80fc6a68085;142871;OK;1808;0;0;0;0;-0,02;-1,92;0;0;590;530;"";233,054;34,96;682,58;70,48;20,925;0,81;1,644;0,23;10,924;1,61;8,904;11,0;11,296;11,0;13,067;11,12;1329,895;139,9;419,693;51,06;57,987;15,66;2,722;10,24;2,055;10,11;0,492;10,0;2,393;24,015;0,53;31,996;3,31;6,998;0,63;6,473;1,32;960,0699;1,0;"";"";20,085;2,51;142,282;14,95;"";"";13,0;20,0;13,0;"";"";"";"";"";"";"";"";"";"";"";"";"";"";"";"";"";"";"";"";"";"";"";"";"";"";"";"";"";"";"";"";"";"";"";"";"";"";"";"";"";"";"";"";"";"";"";"";"";"";"";"";"";"";"";"";"";"";"";"";"";"";"";"";""
30.11.2022 12:02:18;1669806138000;880f01e687e2572cea04e80fc6a68085;142990;OK;1805;0;0;0;0;0,05;7,19;0;0;611;530;"";237,116;35,57;683,906;70,52;20,924;0,81;1,645;0,24;10,84;1,62;8,392;11,0;12,453;11,0;14,644;11,29;1304,592;137,46;408,467;49,9;70,265;16,79;6,683;10,72;2,502;10,25;0,716;10,0;2,697;24,026;0,53;32,131;3,31;7,032;0,63;6,544;1,31;960,065;1,0;"";"";20,0;2,51;142,719;14,98;"";"";31,94;15,64;76,5;"";"";"";"";"";"";"";"";"";"";"";"";"";"";"";"";"";"";"";"";"";"";"";"";"";"";"";"";"";"";"";"";"";"";"";"";"";"";"";"";"";"";"";"";"";"";"";"";"";"";"";"";"";"";"";"";"";"";"";"";"";"";"";"";""
30.11.2022 12:04:20;1669806260000;880f01e687e2572cea04e80fc6a68085;143112;OK;1814;2;0;0;0;0,36;125,27;0;0;631;499;"";248,472;37,27;733,922;72,02;20,917;0,81;1,647;0,24;11,234;1,6;7,876;11,0;10,532;11,0;12,884;11,03;1253,828;132,54;396,079;48,67;63,552;16,18;4,758;10,54;2,905;10,31;1,083;10,0;2,935;24,037;0,53;32,511;3,3;7,119;0,63;6,725;1,29;960,042;1,0;"";"";20,357;2,49;144,388;15,06;"";"";15,616;19,35;73,80001;"";"";"";"";"";"";"";"";"";"";"";"";"";"";"";"";"";"";"";"";"";"";"";"";"";"";"";"";"";"";"";"";"";"";"";"";"";"";"";"";"";"";"";"";"";"";"";"";"";"";"";"";"";"";"";"";"";"";"";"";"";"";"";"";""
30.11.2022 12:06:19;1669806379000;880f01e687e2572cea04e80fc6a68085;143231;OK;1796;2;0;0;0;0,38;110,96;0;0;609;515;"";243,448;36,52;709,5089;71,29;20,924;0,81;1,648;0,24;11,516;1,58;8,451;11,0;11,08;11,0;12,993;11,07;1278,509;134,87;395,233;48,6;54,706;15,39;4,268;10,41;2,556;10,19;0,216;10,0;2,557;24,053;0,53;32,431;3,31;7,108;0,63;6,703;1,3;959,9799;1,0;"";"";20,511;2,49;144,946;15,09;"";"";13,467;19,86;62,4;"";"";"";"";"";"";"";"";"";"";"";"";"";"";"";"";"";"";"";"";"";"";"";"";"";"";"";"";"";"";"";"";"";"";"";"";"";"";"";"";"";"";"";"";"";"";"";"";"";"";"";"";"";"";"";"";"";"";"";"";"";"";"";"";""
30.11.2022 12:08:21;1669806501000;880f01e687e2572cea04e80fc6a68085;143353;OK;1808;0;1;0;0;0,1;-28,65;0;0;623;531;"";241,028;36,15;684,571;70,54;20,928;0,81;1,647;0,24;11,471;1,59;8,074;11,0;12,438;11,0;14,447;11,31;1340,294;140,9;420,039;51,07;65,41;16,35;6,5;10,62;2,562;10,26;0,065;10,0;2,66;24,068;0,53;32,294;3,31;7,084;0,63;6,654;1,3;959,964;1,0;"";"";20,462;2,49;144,806;15,09;"";"";13,427;19,82;51,7;"";"";"";"";"";"";"";"";"";"";"";"";"";"";"";"";"";"";"";"";"";"";"";"";"";"";"";"";"";"";"";"";"";"";"";"";"";"";"";"";"";"";"";"";"";"";"";"";"";"";"";"";"";"";"";"";"";"";"";"";"";"";"";"";""
30.11.2022 12:10:20;1669806620000;880f01e687e2572cea04e80fc6a68085;143472;OK;1794;0;1;0;0;-0,24;-172,29;0;0;613;533;"";239,417;35,91;677,201;70,32;20,929;0,81;1,647;0,24;11,448;1,59;8,328;11,0;10,35;11,0;12,414;11,05;1263,134;133,4;399,025;48,98;47,325;14,61;3,46;10,3;2,713;10,22;0,539;10,0;2,692;24,083;0,53;32,134;3,31;7,055;0,63;6,596;1,31;959,962;1,0;"";"";20,281;2,5;145,263;15,11;"";"";13,046;19,98;13,0;"";"";"";"";"";"";"";"";"";"";"";"";"";"";"";"";"";"";"";"";"";"";"";"";"";"";"";"";"";"";"";"";"";"";"";"";"";"";"";"";"";"";"";"";"";"";"";"";"";"";"";"";"";"";"";"";"";"";"";"";"";"";"";"";""
30.11.2022 12:12:21;1669806741000;880f01e687e2572cea04e80fc6a68085;143593;OK;1786;0;1;0;0;-0,19;-76,07;0;0;613;529;"";236,815;35,52;679,325;70,38;20,927;0,81;1,646;0,24;11,294;1,59;8,333;11,0;11,616;11,0;13,223;11,09;1353,638;142,24;424,262;51,41;62,382;16,03;4,272;10,47;1,85;10,08;0,056;10,0;2,415;24,099;0,53;32,012;3,31;7,035;0,63;6,554;1,32;959,958;1,0;"";"";20,133;2,5;145,224;15,11;"";"";13,005;20,0;13,0;"";"";"";"";"";"";"";"";"";"";"";"";"";"";"";"";"";"";"";"";"";"";"";"";"";"";"";"";"";"";"";"";"";"";"";"";"";"";"";"";"";"";"";"";"";"";"";"";"";"";"";"";"";"";"";"";"";"";"";"";"";"";"";"";""
30.11.2022 12:14:22;1669806862000;880f01e687e2572cea04e80fc6a68085;143714;OK;1804;0;1;0;0;-0,23;-30,85;0;0;624;533;"";233,694;35,05;670,187;70,11;20,931;0,81;1,645;0,24;11,11;1,6;8,068;11,0;11,235;11,0;13,191;11,19;1262,126;133,28;394,044;48,44;52,761;15,17;3,381;10,26;2,394;10,16;0,006;10,0;2,604;24,112;0,53;31,824;3,32;6,998;0,64;6,479;1,33;959,958;1,0;"";"";19,671;2,53;144,256;15,06;"";"";13,0;20,0;13,0;"";"";"";"";"";"";"";"";"";"";"";"";"";"";"";"";"";"";"";"";"";"";"";"";"";"";"";"";"";"";"";"";"";"";"";"";"";"";"";"";"";"";"";"";"";"";"";"";"";"";"";"";"";"";"";"";"";"";"";"";"";"";"";"";""
30.11.2022 12:16:22;1669806982000;880f01e687e2572cea04e80fc6a68085;143834;OK;1793;0;1;0;0;-0,26;-41,93;0;0;613;535;"";230,108;34,52;663,408;69,9;20,931;0,81;1,643;0,23;10,984;1,61;8,324;11,0;12,636;11,0;14,902;11,32;1352,443;142,16;424,049;51,41;67,381;16,53;5,966;10,54;2,98;10,29;0,547;10,0;2,662;24,121;0,53;31,625;3,32;6,958;0,64;6,396;1,34;959,945;1,0;"";"";19,288;2,55;143,422;15,02;"";"";18,946;18,13;77,2;"";"";"";"";"";"";"";"";"";"";"";"";"";"";"";"";"";"";"";"";"";"";"";"";"";"";"";"";"";"";"";"";"";"";"";"";"";"";"";"";"";"";"";"";"";"";"";"";"";"";"";"";"";"";"";"";"";"";"";"";"";"";"";"";""
30.11.2022 12:18:21;1669807101000;880f01e687e2572cea04e80fc6a68085;143953;OK;1816;0;0;0;0;-0,05;10,05;0;0;629;520;"";240,389;36,06;689,369;70,68;20,926;0,81;1,645;0,24;11,064;1,61;7,926;11,0;10,981;11,0;13,279;11,22;1239,914;131,26;390,096;48,08;52,85;15,2;4,882;10,53;3,778;10,34;2,219;10,21;2,774;24,13;0,53;31,946;3,31;7,033;0,64;6,551;1,32;959,9409;1,0;"";"";19,443;2,54;142,649;14,98;"";"";13,635;19,8;13,0;"";"";"";"";"";"";"";"";"";"";"";"";"";"";"";"";"";"";"";"";"";"";"";"";"";"";"";"";"";"";"";"";"";"";"";"";"";"";"";"";"";"";"";"";"";"";"";"";"";"";"";"";"";"";"";"";"";"";"";"";"";"";"";"";""
30.11.2022 12:20:21;1669807221000;880f01e687e2572cea04e80fc6a68085;144073;OK;1811;1;0;0;0;0,21;86,07;0;0;621;517;"";244,402;36,66;694,343;70,83;20,926;0,81;1,646;0,24;11,354;1,59;8,136;11,0;13,103;11,01;15,012;11,42;1315,818;138,57;408,545;49,92;73,483;17,15;7,196;10,68;2,158;10,1;0,612;10,03;2,613;24,139;0,53;32,056;3,31;7,06;0,63;6,608;1,32;959,9409;1,0;"";"";19,671;2,53;142,372;14,97;"";"";17,498;18,36;79,4;"";"";"";"";"";"";"";"";"";"";"";"";"";"";"";"";"";"";"";"";"";"";"";"";"";"";"";"";"";"";"";"";"";"";"";"";"";"";"";"";"";"";"";"";"";"";"";"";"";"";"";"";"";"";"";"";"";"";"";"";"";"";"";"";""
30.11.2022 12:22:22;1669807342000;880f01e687e2572cea04e80fc6a68085;144194;OK;1795;5;0;0;0;0,7;285,18;0;0;606;471;"";273,029;40,95;775,634;73,27;20,917;0,81;1,647;0,24;12,047;1,6;8,529;11,0;12,68;11,0;14,064;11,14;1339,668;140,88;425,248;51,59;64,902;16,32;5,193;10,52;1,904;10,1;0,177;10,0;2,302;24,149;0,53;32,797;3,3;7,227;0,63;6,95;1,28;959,9669;1,0;"";"";20,568;2,48;146,123;15,17;"";"";15,528;19,15;67,8;"";"";"";"";"";"";"";"";"";"";"";"";"";"";"";"";"";"";"";"";"";"";"";"";"";"";"";"";"";"";"";"";"";"";"";"";"";"";"";"";"";"";"";"";"";"";"";"";"";"";"";"";"";"";"";"";"";"";"";"";"";"";"";"";""
30.11.2022 12:24:24;1669807464000;880f01e687e2572cea04e80fc6a68085;144316;OK;1812;6;0;0;0;0,73;336,3;0;0;637;464;"";283,397;42,51;790,5479;73,72;20,911;0,81;1,651;0,24;12,482;1,63;7,747;11,0;10,914;11,0;13,054;11,11;1288,832;135,9;403,553;49,36;58,991;15,79;4,032;10,5;2,239;10,09;1,042;10,0;2,821;24,156;0,53;33,041;3,29;7,284;0,63;7,065;1,27;959,985;1,0;"";"";21,351;2,44;148,361;15,28;"";"";28,017;14,71;79,9;"";"";"";"";"";"";"";"";"";"";"";"";"";"";"";"";"";"";"";"";"";"";"";"";"";"";"";"";"";"";"";"";"";"";"";"";"";"";"";"";"";"";"";"";"";"";"";"";"";"";"";"";"";"";"";"";"";"";"";"";"";"";"";"";""
30.11.2022 12:26:24;1669807584000;880f01e687e2572cea04e80fc6a68085;144436;OK;1806;3;0;0;0;0,01;166,18;0;0;619;479;"";235,564;35,33;744,844;72,35;20,924;0,81;1,651;0,24;11,786;1,6;8,182;11,0;11,632;11,05;12,998;11,07;1289,209;135,92;397,735;48,78;68,267;16,73;4,057;10,35;2,411;10,18;0,17;10,0;2,329;24,145;0,53;32,021;3,31;7,055;0,64;6,597;1,32;959,989;1,0;"";"";20,89;2,47;143,361;15,02;"";"";35,85;12,13;79,8;"";"";"";"";"";"";"";"";"";"";"";"";"";"";"";"";"";"";"";"";"";"";"";"";"";"";"";"";"";"";"";"";"";"";"";"";"";"";"";"";"";"";"";"";"";"";"";"";"";"";"";"";"";"";"";"";"";"";"";"";"";"";"";"";""
30.11.2022 12:28:24;1669807704000;880f01e687e2572cea04e80fc6a68085;144557;OK;1813;0;1;0;0;-1,3;-245,34;0;0;642;500;"";198,748;29,81;693,889;70,82;20,929;0,81;1,646;0,24;10,444;1,64;7,629;11,0;11,153;11,01;12,904;11,08;1207,816;127,99;373,037;46,42;55,101;15,34;5,06;10,38;2,504;10,04;0,929;10,0;2,641;24,105;0,53;30,862;3,33;6,784;0,64;6,026;1,38;959,976;1,0;"";"";19,126;2,55;132,732;14,46;"";"";25,798;15,68;81,8;"";"";"";"";"";"";"";"";"";"";"";"";"";"";"";"";"";"";"";"";"";"";"";"";"";"";"";"";"";"";"";"";"";"";"";"";"";"";"";"";"";"";"";"";"";"";"";"";"";"";"";"";"";"";"";"";"";"";"";"";"";"";"";"";""
30.11.2022 12:30:24;1669807824000;880f01e687e2572cea04e80fc6a68085;144676;OK;1818;0;1;0;0;-2,22;-436,11;0;0;669;524;"";163,548;24,53;645,654;69,37;20,938;0,81;1,639;0,23;8,53;1,73;6,962;10,98;9,868;11,0;12,238;11,01;1102,744;117,68;347,038;43,89;45,502;14,4;6,341;10,67;3,188;10,24;0,873;10,0;3,094;24,043;0,53;29,516;3,36;6,466;0,65;5,327;1,46;959,942;1,0;"";"";16,373;2,69;118,898;13,72;"";"";31,899;13,35;75,1;"";"";"";"";"";"";"";"";"";"";"";"";"";"";"";"";"";"";"";"";"";"";"";"";"";"";"";"";"";"";"";"";"";"";"";"";"";"";"";"";"";"";"";"";"";"";"";"";"";"";"";"";"";"";"";"";"";"";"";"";"";"";"";"";""
30.11.2022 12:32:25;1669807945000;880f01e687e2572cea04e80fc6a68085;144797;OK;1807;0;1;0;0;-1,71;-315,94;0;0;659;524;"";163,738;24,56;651,165;69,53;20,933;0,81;1,632;0,23;7,671;1,77;7,215;11,0;10,035;11,0;12,016;11,0;1224,856;129,63;375,332;46,63;51,331;15,03;4,706;10,53;2,555;10,11;0,188;10,0;2,805;23,986;0,53;29,677;3,36;6,48;0,65;5,358;1,45;959,917;1,0;"";"";14,41;2,79;109,526;13,22;"";"";21,318;17,12;80,0;"";"";"";"";"";"";"";"";"";"";"";"";"";"";"";"";"";"";"";"";"";"";"";"";"";"";"";"";"";"";"";"";"";"";"";"";"";"";"";"";"";"";"";"";"";"";"";"";"";"";"";"";"";"";"";"";"";"";"";"";"";"";"";"";""
30.11.2022 12:34:26;1669808066000;880f01e687e2572cea04e80fc6a68085;144918;OK;1800;0;1;0;0;-0,66;-34,79;0;0;625;509;"";174,698;26,2;677,721;70,33;20,929;0,81;1,628;0,23;7,766;1,77;8,051;11,0;11,828;11,02;13,826;11,24;1214,846;128,63;381,42;47,28;61,433;16,0;7,196;10,73;2,043;10,16;0,563;10,0;2,676;23,947;0,53;29,928;3,36;6,52;0,64;5,446;1,43;959,917;1,0;"";"";13,934;2,81;107,291;13,1;"";"";13,858;19,7;13,0;"";"";"";"";"";"";"";"";"";"";"";"";"";"";"";"";"";"";"";"";"";"";"";"";"";"";"";"";"";"";"";"";"";"";"";"";"";"";"";"";"";"";"";"";"";"";"";"";"";"";"";"";"";"";"";"";"";"";"";"";"";"";"";"";""
30.11.2022 12:36:26;1669808186000;880f01e687e2572cea04e80fc6a68085;145039;OK;1794;2;0;0;0;0,15;103,16;0;0;666;514;"";178,271;26,74;673,187;70,2;20,933;0,81;1,624;0,23;8,271;1,74;7,022;10,99;9,713;11,0;11,747;11,02;1162,294;123,48;360,015;45,08;48,372;14,75;4,719;10,49;3,624;10,36;0,811;10,0;2,783;23,915;0,53;29,874;3,36;6,497;0,64;5,393;1,43;959,9;1,0;"";"";14,24;2,79;109,144;13,2;"";"";13,089;19,97;13,0;"";"";"";"";"";"";"";"";"";"";"";"";"";"";"";"";"";"";"";"";"";"";"";"";"";"";"";"";"";"";"";"";"";"";"";"";"";"";"";"";"";"";"";"";"";"";"";"";"";"";"";"";"";"";"";"";"";"";"";"";"";"";"";"";""
30.11.2022 12:38:27;1669808307000;880f01e687e2572cea04e80fc6a68085;145159;OK;1813;0;0;0;0;0,08;18,25;0;0;633;528;"";183,182;27,48;658,434;69,75;20,938;0,81;1,622;0,23;9,171;1,7;7,826;11,0;10,607;11,0;11,705;11,0;1180,099;125,21;374,578;46,58;52,845;15,11;1,946;10,1;1,342;10,07;0,084;10,0;2,18;23,899;0,53;29,987;3,35;6,515;0,64;5,433;1,43;959,885;1,0;"";"";14,743;2,77;112,731;13,38;"";"";13,009;20,0;13,0;"";"";"";"";"";"";"";"";"";"";"";"";"";"";"";"";"";"";"";"";"";"";"";"";"";"";"";"";"";"";"";"";"";"";"";"";"";"";"";"";"";"";"";"";"";"";"";"";"";"";"";"";"";"";"";"";"";"";"";"";"";"";"";"";""
30.11.2022 12:40:27;1669808427000;880f01e687e2572cea04e80fc6a68085;145279;OK;1806;0;1;0;0;0,15;-68,29;0;0;628;532;"";196,075;29,41;657,138;69,71;20,938;0,81;1,621;0,23;10,451;1,64;7,964;11,0;11,426;11,0;14,435;11,35;1206,529;127,71;384,233;47,6;63,53;16,22;8,872;10,9;3,283;10,23;0,262;10,02;3,108;23,897;0,53;30,246;3,35;6,571;0,64;5,556;1,41;959,896;1,0;"";"";15,58;2,73;117,487;13,63;"";"";13,001;20,0;13,0;"";"";"";"";"";"";"";"";"";"";"";"";"";"";"";"";"";"";"";"";"";"";"";"";"";"";"";"";"";"";"";"";"";"";"";"";"";"";"";"";"";"";"";"";"";"";"";"";"";"";"";"";"";"";"";"";"";"";"";"";"";"";"";"";""
30.11.2022 12:42:28;1669808548000;880f01e687e2572cea04e80fc6a68085;145401;OK;1797;0;1;0;0;0,28;-38,34;0;0;630;532;"";203,908;30,59;657,456;69,72;20,935;0,81;1,622;0,23;11,559;1,6;7,9;11,0;10,786;11,0;12,766;11,05;1172,778;124,51;370,311;46,15;48,97;14,83;4,836;10,5;2,068;10,14;0,172;10,0;2,681;23,9;0,53;30,298;3,35;6,583;0,64;5,583;1,41;959,913;1,0;"";"";16,656;2,67;122,741;13,91;"";"";13,0;20,0;13,0;"";"";"";"";"";"";"";"";"";"";"";"";"";"";"";"";"";"";"";"";"";"";"";"";"";"";"";"";"";"";"";"";"";"";"";"";"";"";"";"";"";"";"";"";"";"";"";"";"";"";"";"";"";"";"";"";"";"";"";"";"";"";"";"";""
30.11.2022 12:44:28;1669808668000;880f01e687e2572cea04e80fc6a68085;145520;OK;1811;0;0;0;0;0,26;-9,03;0;0;645;536;"";210,864;31,63;653,137;69,59;20,928;0,81;1,623;0,23;12,44;1,63;7,543;11,0;9,878;11,0;11,761;11,01;1194,32;126,61;373,477;46,43;53,067;15,24;3,618;10,36;3,157;10,31;0,282;10,0;2,659;23,907;0,53;30,381;3,35;6,604;0,64;5,628;1,4;959,927;1,0;"";"";17,511;2,63;127,347;14,15;"";"";13,0;20,0;13,0;"";"";"";"";"";"";"";"";"";"";"";"";"";"";"";"";"";"";"";"";"";"";"";"";"";"";"";"";"";"";"";"";"";"";"";"";"";"";"";"";"";"";"";"";"";"";"";"";"";"";"";"";"";"";"";"";"";"";"";"";"";"";"";"";""
30.11.2022 12:46:28;1669808788000;880f01e687e2572cea04e80fc6a68085;145641;OK;1789;0;1;0;0;0,08;-26,87;0;0;637;539;"";214,134;32,12;648,127;69,44;20,933;0,81;1,624;0,23;12,989;1,65;7,718;11,0;11,932;11,0;13,177;11,06;1193,466;126,52;377,367;46,82;57,445;15,6;6,108;10,62;1,672;10,06;0,778;10,0;2,305;23,912;0,53;30,335;3,35;6,596;0,64;5,611;1,41;959,926;1,0;"";"";18,114;2,6;130,619;14,33;"";"";13,0;20,0;13,0;"";"";"";"";"";"";"";"";"";"";"";"";"";"";"";"";"";"";"";"";"";"";"";"";"";"";"";"";"";"";"";"";"";"";"";"";"";"";"";"";"";"";"";"";"";"";"";"";"";"";"";"";"";"";"";"";"";"";"";"";"";"";"";"";""
30.11.2022 12:48:29;1669808909000;880f01e687e2572cea04e80fc6a68085;145761;OK;1806;0;1;0;0;0,03;-32,37;0;0;675;540;"";214,391;32,16;646,878;69,41;20,937;0,81;1,624;0,23;13,333;1,67;6,839;10,88;9,404;11,0;10,712;11,01;1095,318;116,98;341,442;43,33;45,952;14,5;3,102;10,24;1,96;10,08;0,211;10,0;2,44;23,919;0,53;30,329;3,35;6,597;0,64;5,615;1,41;959,925;1,0;"";"";18,564;2,58;133,73;14,49;"";"";13,0;20,0;13,0;"";"";"";"";"";"";"";"";"";"";"";"";"";"";"";"";"";"";"";"";"";"";"";"";"";"";"";"";"";"";"";"";"";"";"";"";"";"";"";"";"";"";"";"";"";"";"";"";"";"";"";"";"";"";"";"";"";"";"";"";"";"";"";"";""
30.11.2022 12:50:29;1669809029000;880f01e687e2572cea04e80fc6a68085;145881;OK;1800;0;0;0;0;0,02;-8,52;0;0;661;538;"";217,704;32,66;650,153;69,5;20,931;0,81;1,625;0,23;13,527;1,68;7,166;10,97;9,973;11,0;10,97;11,0;1119,816;119,31;350,896;44,17;53,804;15,29;3,084;10,22;2,008;10,16;0,548;10,0;2,192;23,925;0,53;30,37;3,35;6,608;0,64;5,639;1,41;959,938;1,0;"";"";18,935;2,56;135,931;14,61;"";"";13,0;20,0;13,0;"";"";"";"";"";"";"";"";"";"";"";"";"";"";"";"";"";"";"";"";"";"";"";"";"";"";"";"";"";"";"";"";"";"";"";"";"";"";"";"";"";"";"";"";"";"";"";"";"";"";"";"";"";"";"";"";"";"";"";"";"";"";"";"";""
30.11.2022 12:52:29;1669809149000;880f01e687e2572cea04e80fc6a68085;146002;OK;1792;0;0;0;0;0,03;5,02;0;0;693;537;"";220,774;33,12;650,1339;69,5;20,928;0,81;1,626;0,23;13,602;1,69;6,419;10,97;8,42;11,0;9,032;11,0;1014,936;109,12;322,519;41,47;39,368;13,93;2,077;10,04;0,547;10,04;0,114;10,0;1,893;23,933;0,53;30,333;3,35;6,603;0,64;5,628;1,41;959,9279;1,0;"";"";19,129;2,55;137,471;14,69;"";"";13,0;20,0;13,0;"";"";"";"";"";"";"";"";"";"";"";"";"";"";"";"";"";"";"";"";"";"";"";"";"";"";"";"";"";"";"";"";"";"";"";"";"";"";"";"";"";"";"";"";"";"";"";"";"";"";"";"";"";"";"";"";"";"";"";"";"";"";"";"";""
30.11.2022 12:54:30;1669809270000;880f01e687e2572cea04e80fc6a68085;146122;OK;1793;0;0;0;0;-0,0;2,12;0;0;657;538;"";220,425;33,06;648,091;69,44;20,932;0,81;1,627;0,23;13,537;1,68;7,257;10,98;8,991;11,0;10,652;11,0;1093,058;116,73;346,724;43,84;45,389;14,43;2,587;10,21;1,742;10,18;0,714;10,0;2,522;23,935;0,53;30,313;3,35;6,6;0,64;5,621;1,41;959,895;1,0;"";"";19,246;2,55;138,433;14,74;"";"";13,0;20,0;13,0;"";"";"";"";"";"";"";"";"";"";"";"";"";"";"";"";"";"";"";"";"";"";"";"";"";"";"";"";"";"";"";"";"";"";"";"";"";"";"";"";"";"";"";"";"";"";"";"";"";"";"";"";"";"";"";"";"";"";"";"";"";"";"";"";""
30.11.2022 12:56:31;1669809391000;880f01e687e2572cea04e80fc6a68085;146243;OK;1794;0;1;0;0;-0,09;-25,32;0;0;634;542;"";220,008;33,0;640,014;69,2;20,93;0,81;1,627;0,23;13,357;1,67;7,818;11,0;9,7;11,0;11,458;11,0;1213,594;128,61;375,73;46,69;40,836;13,99;3,213;10,19;2,124;10,04;1,031;10,0;2,603;23,938;0,53;30,207;3,35;6,578;0,64;5,573;1,41;959,861;1,0;"";"";19,217;2,55;138,738;14,76;"";"";13,0;20,0;13,0;"";"";"";"";"";"";"";"";"";"";"";"";"";"";"";"";"";"";"";"";"";"";"";"";"";"";"";"";"";"";"";"";"";"";"";"";"";"";"";"";"";"";"";"";"";"";"";"";"";"";"";"";"";"";"";"";"";"";"";"";"";"";"";"";""
30.11.2022 12:58:32;1669809512000;880f01e687e2572cea04e80fc6a68085;146364;OK;1810;0;1;0;0;-0,08;-31,21;0;0;660;542;"";222,031;33,3;640,11;69,2;20,934;0,81;1,627;0,23;13,197;1,66;7,194;11,0;9,959;11,0;12,155;11,03;1144,805;121,87;359,162;45,03;50,309;14,89;5,488;10,45;2,276;10,2;0,351;10,0;2,9;23,939;0,53;30,197;3,35;6,576;0,64;5,568;1,42;959,844;1,0;"";"";19,314;2,54;139,131;14,78;"";"";13,0;20,0;13,0;"";"";"";"";"";"";"";"";"";"";"";"";"";"";"";"";"";"";"";"";"";"";"";"";"";"";"";"";"";"";"";"";"";"";"";"";"";"";"";"";"";"";"";"";"";"";"";"";"";"";"";"";"";"";"";"";"";"";"";"";"";"";"";"";""
30.11.2022 13:00:32;1669809632000;880f01e687e2572cea04e80fc6a68085;146485;OK;1788;0;0;0;0;-0,09;-23,82;0;0;656;543;"";220,199;33,03;637,848;69,14;20,939;0,81;1,628;0,23;12,974;1,65;7,23;11,0;11,411;11,0;13,68;11,28;1165,915;123,81;370,231;46,15;67,227;16,53;5,662;10,65;2,39;10,27;0,511;10,0;2,864;23,941;0,53;30,122;3,35;6,56;0,64;5,534;1,42;959,855;1,0;"";"";19,375;2,54;139,371;14,79;"";"";13,0;20,0;13,0;"";"";"";"";"";"";"";"";"";"";"";"";"";"";"";"";"";"";"";"";"";"";"";"";"";"";"";"";"";"";"";"";"";"";"";"";"";"";"";"";"";"";"";"";"";"";"";"";"";"";"";"";"";"";"";"";"";"";"";"";"";"";"";"";""
30.11.2022 13:02:33;1669809753000;880f01e687e2572cea04e80fc6a68085;146605;OK;1802;0;0;0;0;-0,07;-14,89;0;0;679;544;"";222,12;33,32;635,314;69,06;20,938;0,81;1,628;0,23;12,733;1,64;6,735;10,94;9,922;11,0;12,054;11,06;1032,199;110,73;326,142;41,8;58,909;15,81;5,95;10,56;2,073;10,16;0,859;10,0;2,963;23,942;0,53;30,081;3,35;6,552;0,64;5,516;1,42;959,868;1,0;"";"";19,424;2,54;139,617;14,8;"";"";13,327;19,81;33,0;"";"";"";"";"";"";"";"";"";"";"";"";"";"";"";"";"";"";"";"";"";"";"";"";"";"";"";"";"";"";"";"";"";"";"";"";"";"";"";"";"";"";"";"";"";"";"";"";"";"";"";"";"";"";"";"";"";"";"";"";"";"";"";"";""
30.11.2022 13:04:34;1669809874000;880f01e687e2572cea04e80fc6a68085;146726;OK;1812;0;1;0;0;-0,11;-30,0;0;0;668;548;"";220,185;33,03;629,13;68,87001;20,938;0,81;1,629;0,23;12,528;1,63;6,992;10,99;11,053;11,0;13,935;11,17;1144,887;121,78;362,957;45,44;68,903;16,75;6,153;10,62;3,832;10,43;0,852;10,04;3,279;23,943;0,53;30,007;3,35;6,536;0,64;5,481;1,43;959,866;1,0;"";"";19,29;2,55;139,618;14,8;"";"";13,034;19,98;13,0;"";"";"";"";"";"";"";"";"";"";"";"";"";"";"";"";"";"";"";"";"";"";"";"";"";"";"";"";"";"";"";"";"";"";"";"";"";"";"";"";"";"";"";"";"";"";"";"";"";"";"";"";"";"";"";"";"";"";"";"";"";"";"";"";""
30.11.2022 13:06:33;1669809993000;880f01e687e2572cea04e80fc6a68085;146845;OK;1818;0;1;0;0;-0,11;-34,89;0;0;684;550;"";218,593;32,79;626,16;68,78;20,94;0,81;1,628;0,23;12,28;1,61;6,634;10,93;10,336;11,0;11,88;11,03;1117,93;119,16;353,703;44,52;62,923;16,13;4,94;10,52;1,971;10,11;0,543;10,0;2,591;23,943;0,53;29,952;3,35;6,524;0,64;5,455;1,43;959,861;1,0;"";"";19,154;2,55;139,591;14,8;"";"";13,594;19,68;38,7;"";"";"";"";"";"";"";"";"";"";"";"";"";"";"";"";"";"";"";"";"";"";"";"";"";"";"";"";"";"";"";"";"";"";"";"";"";"";"";"";"";"";"";"";"";"";"";"";"";"";"";"";"";"";"";"";"";"";"";"";"";"";"";"";""
30.11.2022 13:08:33;1669810113000;880f01e687e2572cea04e80fc6a68085;146965;OK;1822;0;0;0;0;-0,1;-22,01;0;0;665;549;"";219,905;32,99;626,673;68,80001;20,939;0,81;1,629;0,23;12,08;1,6;7,053;10,99;10,07;11,0;11,038;11,0;1137,339;121,09;357,46;44,8;54,379;15,3;2,48;10,13;1,011;10,01;0,566;10,0;2,164;23,945;0,53;29,917;3,36;6,517;0,64;5,44;1,43;959,868;1,0;"";"";19,114;2,55;139,78;14,81;"";"";13,063;19,97;13,0;"";"";"";"";"";"";"";"";"";"";"";"";"";"";"";"";"";"";"";"";"";"";"";"";"";"";"";"";"";"";"";"";"";"";"";"";"";"";"";"";"";"";"";"";"";"";"";"";"";"";"";"";"";"";"";"";"";"";"";"";"";"";"";"";""
30.11.2022 13:10:34;1669810234000;880f01e687e2572cea04e80fc6a68085;147086;OK;1803;0;0;0;0;-0,03;-7,1;0;0;637;549;"";220,395;33,06;626,603;68,80001;20,941;0,81;1,629;0,23;11,992;1,6;7,747;11,0;9,576;11,0;11,141;11,0;1191,281;126,31;373,411;46,47;44,93;14,43;2,389;10,2;2,237;10,19;1,106;10,0;2,457;23,945;0,53;29,965;3,35;6,528;0,64;5,463;1,43;959,868;1,0;"";"";19,061;2,56;139,657;14,8;"";"";17,588;18,62;72,8;"";"";"";"";"";"";"";"";"";"";"";"";"";"";"";"";"";"";"";"";"";"";"";"";"";"";"";"";"";"";"";"";"";"";"";"";"";"";"";"";"";"";"";"";"";"";"";"";"";"";"";"";"";"";"";"";"";"";"";"";"";"";"";"";""
30.11.2022 13:12:34;1669810354000;880f01e687e2572cea04e80fc6a68085;147207;OK;1807;0;0;0;0;0,0;10,54;0;0;653;546;"";220,845;33,13;630,195;68,91;20,938;0,81;1,629;0,23;11,934;1,6;7,345;11,0;9,519;11,0;10,901;11,03;1129,483;120,26;356,516;44,78;45,875;14,48;3,28;10,24;1,777;10,12;0,114;10,0;2,383;23,944;0,53;29,911;3,36;6,515;0,64;5,436;1,43;959,873;1,0;"";"";19,082;2,56;139,3;14,79;"";"";13,473;19,86;13,0;"";"";"";"";"";"";"";"";"";"";"";"";"";"";"";"";"";"";"";"";"";"";"";"";"";"";"";"";"";"";"";"";"";"";"";"";"";"";"";"";"";"";"";"";"";"";"";"";"";"";"";"";"";"";"";"";"";"";"";"";"";"";"";"";""
30.11.2022 13:14:35;1669810475000;880f01e687e2572cea04e80fc6a68085;147327;OK;1810;0;0;0;0;0,01;1,42;0;0;686;550;"";218,592;32,79;626,998;68,81;20,939;0,81;1,629;0,23;11,899;1,59;6,578;10,92;8,878;11,0;11,553;11,0;1075,576;115,12;336,652;42,91;43,931;14,27;5,184;10,46;3,008;10,17;0,162;10,0;3,342;23,945;0,53;30,003;3,35;6,536;0,64;5,481;1,43;959,8639;1,0;"";"";19,195;2,55;139,119;14,78;"";"";19,484;17,72;76,7;"";"";"";"";"";"";"";"";"";"";"";"";"";"";"";"";"";"";"";"";"";"";"";"";"";"";"";"";"";"";"";"";"";"";"";"";"";"";"";"";"";"";"";"";"";"";"";"";"";"";"";"";"";"";"";"";"";"";"";"";"";"";"";"";""
30.11.2022 13:16:35;1669810595000;880f01e687e2572cea04e80fc6a68085;147447;OK;1798;1;0;0;0;0,17;80,71;0;0;637;527;"";223,559;33,53;658,923;69,77;20,932;0,81;1,63;0,23;12,066;1,6;7,752;10,99;10,343;11,0;12,573;11,05;1196,267;126,84;371,83;46,37;56,561;15,56;4,752;10,5;3,0;10,21;0,286;10,0;2,841;23,944;0,53;30,217;3,35;6,582;0,64;5,582;1,41;959,84;1,0;"";"";19,64;2,53;141,64;14,91;"";"";15,801;18,99;79,0;"";"";"";"";"";"";"";"";"";"";"";"";"";"";"";"";"";"";"";"";"";"";"";"";"";"";"";"";"";"";"";"";"";"";"";"";"";"";"";"";"";"";"";"";"";"";"";"";"";"";"";"";"";"";"";"";"";"";"";"";"";"";"";"";""
30.11.2022 13:18:37;1669810717000;880f01e687e2572cea04e80fc6a68085;147569;OK;1809;1;0;0;0;0,18;92,15;0;0;618;531;"";226,326;33,95;653,907;69,62;20,936;0,81;1,63;0,23;12,111;1,61;8,18;10,94;12,109;11,0;13,977;11,13;1268,604;133,9;400,631;49,15;61,264;15,99;5,887;10,55;2,313;10,15;0,03;10,0;2,606;23,94;0,53;30,178;3,35;6,572;0,64;5,56;1,42;959,828;1,0;"";"";19,784;2,52;141,424;14,9;"";"";13,289;19,9;13,0;"";"";"";"";"";"";"";"";"";"";"";"";"";"";"";"";"";"";"";"";"";"";"";"";"";"";"";"";"";"";"";"";"";"";"";"";"";"";"";"";"";"";"";"";"";"";"";"";"";"";"";"";"";"";"";"";"";"";"";"";"";"";"";"";""
30.11.2022 13:20:36;1669810836000;880f01e687e2572cea04e80fc6a68085;147688;OK;1806;1;0;0;0;0,03;47,84;0;0;641;533;"";224,506;33,68;649,106;69,47;20,938;0,81;1,63;0,23;12,095;1,6;7,63;10,99;9,539;11,0;11,833;11,01;1185,203;125,68;375,872;46,72;44,298;14,34;3,441;10,31;3,059;10,26;0,577;10,0;2,934;23,937;0,53;30,097;3,35;6,553;0,64;5,519;1,42;959,822;1,0;"";"";19,9;2,51;141,768;14,91;"";"";13,031;19,99;13,0;"";"";"";"";"";"";"";"";"";"";"";"";"";"";"";"";"";"";"";"";"";"";"";"";"";"";"";"";"";"";"";"";"";"";"";"";"";"";"";"";"";"";"";"";"";"";"";"";"";"";"";"";"";"";"";"";"";"";"";"";"";"";"";"";""
30.11.2022 13:22:37;1669810957000;880f01e687e2572cea04e80fc6a68085;147809;OK;1799;0;1;0;0;-0,15;-42,65;0;0;667;534;"";226,151;33,92;647,841;69,44;20,935;0,81;1,63;0,23;11,987;1,6;7,016;11,0;9,707;11,0;12,291;11,0;1139,692;121,33;358,532;44,94;53,057;15,15;6,184;10,57;3,302;10,34;0,26;10,0;3,163;23,936;0,53;30,076;3,35;6,548;0,64;5,508;1,42;959,827;1,0;"";"";19,825;2,52;142,282;14,94;"";"";13,003;20,0;13,0;"";"";"";"";"";"";"";"";"";"";"";"";"";"";"";"";"";"";"";"";"";"";"";"";"";"";"";"";"";"";"";"";"";"";"";"";"";"";"";"";"";"";"";"";"";"";"";"";"";"";"";"";"";"";"";"";"";"";"";"";"";"";"";"";""
30.11.2022 13:24:37;1669811077000;880f01e687e2572cea04e80fc6a68085;147930;OK;1791;0;0;0;0;-0,09;-17,1;0;0;661;533;"";228,706;34,31;649,18;69,48;20,933;0,81;1,631;0,23;11,889;1,59;7,166;11,0;9,268;11,0;10,901;11,0;1113,249;118,68;347,896;44,03;46,103;14,57;3,35;10,3;2,141;10,07;0,322;10,0;2,592;23,935;0,53;30,074;3,35;6,547;0,64;5,506;1,42;959,845;1,0;"";"";19,9;2,51;142,94;14,98;"";"";13,0;20,0;13,0;"";"";"";"";"";"";"";"";"";"";"";"";"";"";"";"";"";"";"";"";"";"";"";"";"";"";"";"";"";"";"";"";"";"";"";"";"";"";"";"";"";"";"";"";"";"";"";"";"";"";"";"";"";"";"";"";"";"";"";"";"";"";"";"";""
30.11.2022 13:26:38;1669811198000;880f01e687e2572cea04e80fc6a68085;148051;OK;1813;0;0;0;0;-0,02;8,2;0;0;683;532;"";226,558;33,98;650,033;69,5;20,931;0,81;1,631;0,23;11,871;1,59;6,659;10,94;9,246;11,0;10,863;11,0;1102,104;117,61;343,913;43,63;56,586;15,56;4,603;10,43;2,59;10,26;0,203;10,0;2,624;23,934;0,53;30,074;3,35;6,547;0,64;5,505;1,42;959,844;1,0;"";"";19,918;2,51;143,204;14,99;"";"";13,0;20,0;13,0;"";"";"";"";"";"";"";"";"";"";"";"";"";"";"";"";"";"";"";"";"";"";"";"";"";"";"";"";"";"";"";"";"";"";"";"";"";"";"";"";"";"";"";"";"";"";"";"";"";"";"";"";"";"";"";"";"";"";"";"";"";"";"";"";""
30.11.2022 13:28:38;1669811318000;880f01e687e2572cea04e80fc6a68085;148170;OK;1804;0;0;0;0;-0,0;18,35;0;0;685;529;"";227,371;34,11;654,354;69,63;20,931;0,81;1,631;0,23;11,746;1,59;6,605;10,91;9,071;11,0;10,513;11,01;1094,063;116,84;339,534;43,15;50,432;14,91;3,365;10,22;1,943;10,13;0,022;10,0;2,575;23,934;0,53;30,074;3,35;6,547;0,64;5,506;1,42;959,8419;1,0;"";"";19,943;2,51;143,525;15,01;"";"";13,0;20,0;13,0;"";"";"";"";"";"";"";"";"";"";"";"";"";"";"";"";"";"";"";"";"";"";"";"";"";"";"";"";"";"";"";"";"";"";"";"";"";"";"";"";"";"";"";"";"";"";"";"";"";"";"";"";"";"";"";"";"";"";"";"";"";"";"";"";""
30.11.2022 13:30:39;1669811439000;880f01e687e2572cea04e80fc6a68085;148291;OK;1799;0;0;0;0;0,01;21,75;0;0;668;528;"";228,448;34,27;656,73;69,7;20,934;0,81;1,631;0,23;11,602;1,58;7,003;10,95;10,576;11,0;12,234;11,03;1179,59;125,22;368,372;46,0;60,602;15,94;5,655;10,52;1,894;10,04;0,739;10,0;2,671;23,927;0,53;30,113;3,35;6,553;0,64;5,518;1,42;959,8419;1,0;"";"";19,897;2,52;144,607;15,06;"";"";26,814;15,2;80,6;"";"";"";"";"";"";"";"";"";"";"";"";"";"";"";"";"";"";"";"";"";"";"";"";"";"";"";"";"";"";"";"";"";"";"";"";"";"";"";"";"";"";"";"";"";"";"";"";"";"";"";"";"";"";"";"";"";"";"";"";"";"";"";"";""
30.11.2022 13:32:39;1669811559000;880f01e687e2572cea04e80fc6a68085;148411;OK;1804;3;0;0;0;0,17;159,68;0;0;608;494;"";228,831;34,32;706,04;71,18;20,929;0,81;1,632;0,23;11,781;1,59;8,466;10,99;11,2;11,0;12,038;11,04;1277,394;134,74;392,215;48,28;55,876;15,43;2,753;10,27;0,873;10,07;0,464;10,0;1,877;23,926;0,53;30,383;3,35;6,611;0,64;5,646;1,4;959,848;1,0;"";"";20,11;2,5;147,268;15,2;"";"";14,673;19,42;65,2;"";"";"";"";"";"";"";"";"";"";"";"";"";"";"";"";"";"";"";"";"";"";"";"";"";"";"";"";"";"";"";"";"";"";"";"";"";"";"";"";"";"";"";"";"";"";"";"";"";"";"";"";"";"";"";"";"";"";"";"";"";"";"";"";""
30.11.2022 13:34:40;1669811680000;880f01e687e2572cea04e80fc6a68085;148532;OK;1802;2;0;0;0;0,25;104,96;0;0;659;513;"";225,517;33,83;680,398;70,41;20,933;0,81;1,632;0,23;11,963;1,6;7,211;10,98;10,229;11,0;10,979;11,0;1124,217;119,83;352,545;44,43;44,727;14,34;3,673;10,24;0,62;10,01;0,278;10,0;1,986;23,936;0,53;30,431;3,35;6,626;0,64;5,677;1,4;959,845;1,0;"";"";20,4;2,49;148,396;15,26;"";"";13,173;19,94;13,0;"";"";"";"";"";"";"";"";"";"";"";"";"";"";"";"";"";"";"";"";"";"";"";"";"";"";"";"";"";"";"";"";"";"";"";"";"";"";"";"";"";"";"";"";"";"";"";"";"";"";"";"";"";"";"";"";"";"";"";"";"";"";"";"";""
30.11.2022 13:36:39;1669811799000;880f01e687e2572cea04e80fc6a68085;148652;OK;1816;0;0;0;0;0,24;7,96;0;0;624;518;"";228,059;34,21;675,27;70,26;20,932;0,81;1,633;0,23;12,196;1,61;8,058;11,0;10,532;11,0;12,86;11,12;1251,826;132,23;394,23;48,51;51,332;14,99;5,906;10,51;3,263;10,27;0,03;10,0;2,796;23,946;0,53;30,521;3,34;6,649;0,64;5,729;1,4;959,841;1,0;"";"";20,708;2,48;149,703;15,33;"";"";13,018;19,99;13,0;"";"";"";"";"";"";"";"";"";"";"";"";"";"";"";"";"";"";"";"";"";"";"";"";"";"";"";"";"";"";"";"";"";"";"";"";"";"";"";"";"";"";"";"";"";"";"";"";"";"";"";"";"";"";"";"";"";"";"";"";"";"";"";"";""
30.11.2022 13:38:40;1669811920000;880f01e687e2572cea04e80fc6a68085;148772;OK;1811;0;1;0;0;0,19;-97,33001;0;0;656;514;"";233,91;35,09;681,674;70,45;20,928;0,81;1,635;0,23;12,328;1,62;7,29;11,0;9,315;11,0;10,625;11,01;1200,435;127,29;377,032;46,89;47,363;14,65;2,641;10,17;2,045;10,08;0,003;10,0;2,339;23,959;0,53;30,628;3,34;6,677;0,64;5,791;1,39;959,835;1,0;"";"";21,098;2,46;151,445;15,43;"";"";14,859;19,38;76,0;"";"";"";"";"";"";"";"";"";"";"";"";"";"";"";"";"";"";"";"";"";"";"";"";"";"";"";"";"";"";"";"";"";"";"";"";"";"";"";"";"";"";"";"";"";"";"";"";"";"";"";"";"";"";"";"";"";"";"";"";"";"";"";"";""
30.11.2022 13:40:41;1669812041000;880f01e687e2572cea04e80fc6a68085;148893;OK;1814;1;0;0;0;0,19;42,3;0;0;655;505;"";238,485;35,77;693,396;70,8;20,926;0,81;1,636;0,23;12,391;1,62;7,277;10,86;10,623;11,0;12,387;11,03;1211,575;128,31;382,593;47,37;60,493;15,98;3,978;10,33;1,837;10,03;0,0;10,0;2,668;23,97;0,53;30,669;3,34;6,69;0,64;5,82;1,39;959,8249;1,0;"";"";21,36;2,44;152,941;15,51;"";"";13,192;19,94;13,0;"";"";"";"";"";"";"";"";"";"";"";"";"";"";"";"";"";"";"";"";"";"";"";"";"";"";"";"";"";"";"";"";"";"";"";"";"";"";"";"";"";"";"";"";"";"";"";"";"";"";"";"";"";"";"";"";"";"";"";"";"";"";"";"";""
30.11.2022 13:42:41;1669812161000;880f01e687e2572cea04e80fc6a68085;149012;OK;1809;1;0;0;0;0,13;68,91;0;0;639;500;"";243,326;36,5;698,739;70,96;20,925;0,81;1,637;0,23;12,317;1,62;7,696;10,99;10,386;11,0;11,321;11,02;1180,07;125,25;376,191;46,79;59,257;15,85;1,537;10,07;1,041;10,0;0,073;10,0;2,049;23,979;0,53;30,675;3,34;6,695;0,64;5,831;1,39;959,8189;1,0;"";"";21,439;2,44;154,44;15,59;"";"";13,02;19,99;13,0;"";"";"";"";"";"";"";"";"";"";"";"";"";"";"";"";"";"";"";"";"";"";"";"";"";"";"";"";"";"";"";"";"";"";"";"";"";"";"";"";"";"";"";"";"";"";"";"";"";"";"";"";"";"";"";"";"";"";"";"";"";"";"";"";""
30.11.2022 13:44:42;1669812282000;880f01e687e2572cea04e80fc6a68085;149134;OK;1797;1;0;0;0;0,08;59,02;0;0;646;496;"";250,981;37,65;703,433;71,1;20,927;0,81;1,639;0,23;12,154;1,61;7,525;11,0;9,595;11,0;11,934;11,0;1175,316;124,82;366,718;45,73;49,213;14,79;4,229;10,48;2,319;10,23;0,927;10,06;3,002;24,001;0,53;30,693;3,34;6,707;0,64;5,858;1,39;959,818;1,0;"";"";21,554;2,43;156,111;15,68;"";"";13,002;20,0;13,0;"";"";"";"";"";"";"";"";"";"";"";"";"";"";"";"";"";"";"";"";"";"";"";"";"";"";"";"";"";"";"";"";"";"";"";"";"";"";"";"";"";"";"";"";"";"";"";"";"";"";"";"";"";"";"";"";"";"";"";"";"";"";"";"";""
30.11.2022 13:46:42;1669812402000;880f01e687e2572cea04e80fc6a68085;149255;OK;1807;1;0;0;0;0,07;32,98;0;0;661;493;"";251,924;37,79;705,25;71,16001;20,927;0,81;1,64;0,23;11,898;1,59;7,167;11,0;10,201;11,0;12,652;11,02;1169,117;124,2;364,466;45,63;58,763;15,75;6,017;10,64;2,68;10,34;1,002;10,01;3,083;24,023;0,53;30,683;3,34;6,713;0,64;5,872;1,39;959,809;1,0;"";"";21,54;2,43;156,727;15,71;"";"";13,0;20,0;13,0;"";"";"";"";"";"";"";"";"";"";"";"";"";"";"";"";"";"";"";"";"";"";"";"";"";"";"";"";"";"";"";"";"";"";"";"";"";"";"";"";"";"";"";"";"";"";"";"";"";"";"";"";"";"";"";"";"";"";"";"";"";"";"";"";""
30.11.2022 13:48:42;1669812522000;880f01e687e2572cea04e80fc6a68085;149374;OK;1803;1;0;0;0;0,07;27,29;0;0;684;489;"";264,181;39,63;708,5999;71,26;20,933;0,81;1,642;0,23;11,596;1,58;6,665;10,87;8,772;11,0;10,602;11,08;1103,635;117,83;348,871;44,09;44,067;14,32;3,693;10,36;2,832;10,24;0,196;10,0;2,836;24,043;0,53;30,68;3,34;6,721;0,64;5,889;1,39;959,8229;1,0;"";"";21,459;2,44;157,077;15,73;"";"";13,0;20,0;13,0;"";"";"";"";"";"";"";"";"";"";"";"";"";"";"";"";"";"";"";"";"";"";"";"";"";"";"";"";"";"";"";"";"";"";"";"";"";"";"";"";"";"";"";"";"";"";"";"";"";"";"";"";"";"";"";"";"";"";"";"";"";"";"";"";""
30.11.2022 13:50:43;1669812643000;880f01e687e2572cea04e80fc6a68085;149495;OK;1793;1;0;0;0;0,05;44,33;0;0;678;480;"";280,268;42,04;720,577;71,62;20,931;0,81;1,643;0,23;11,358;1,59;6,759;10,98;8,709;11,0;10,424;11,01;1118,391;119,29;352,241;44,45;44,128;14,44;3,521;10,38;1,571;10,14;0,02;10,0;2,697;24,065;0,53;30,675;3,34;6,728;0,64;5,905;1,39;959,834;1,0;"";"";21,387;2,44;157,41;15,75;"";"";13,0;20,0;13,0;"";"";"";"";"";"";"";"";"";"";"";"";"";"";"";"";"";"";"";"";"";"";"";"";"";"";"";"";"";"";"";"";"";"";"";"";"";"";"";"";"";"";"";"";"";"";"";"";"";"";"";"";"";"";"";"";"";"";"";"";"";"";"";"";""
30.11.2022 13:52:44;1669812764000;880f01e687e2572cea04e80fc6a68085;149616;OK;1798;1;0;0;0;0,11;70,33;0;0;665;472;"";304,123;45,62;730,452;71,91;20,929;0,81;1,646;0,24;11,22;1,6;7,0;10,99;11,598;11,0;12,653;11,09;1194,713;126,75;372,868;46,46;57,392;15,6;5,53;10,54;1,132;10,08;0,224;10,0;2,248;24,087;0,53;30,767;3,34;6,756;0,64;5,968;1,38;959,849;1,0;"";"";21,381;2,44;157,742;15,77;"";"";13,0;20,0;13,0;"";"";"";"";"";"";"";"";"";"";"";"";"";"";"";"";"";"";"";"";"";"";"";"";"";"";"";"";"";"";"";"";"";"";"";"";"";"";"";"";"";"";"";"";"";"";"";"";"";"";"";"";"";"";"";"";"";"";"";"";"";"";"";"";""
30.11.2022 13:54:44;1669812884000;880f01e687e2572cea04e80fc6a68085;149736;OK;1790;1;0;0;0;0,08;94,61;0;0;637;462;"";312,621;46,89;741,59;72,25;20,931;0,81;1,649;0,24;10,979;1,61;7,759;10,99;10,791;11,0;12,743;11,03;1145,134;121,83;361,644;45,34;55,95;15,53;4,438;10,42;2,479;10,24;0,776;10,0;2,656;24,107;0,53;30,678;3,34;6,744;0,64;5,943;1,39;959,8499;1,0;"";"";21,363;2,44;158,498;15,81;"";"";13,0;20,0;13,0;"";"";"";"";"";"";"";"";"";"";"";"";"";"";"";"";"";"";"";"";"";"";"";"";"";"";"";"";"";"";"";"";"";"";"";"";"";"";"";"";"";"";"";"";"";"";"";"";"";"";"";"";"";"";"";"";"";"";"";"";"";"";"";"";""
30.11.2022 13:56:45;1669813005000;880f01e687e2572cea04e80fc6a68085;149857;OK;1802;1;0;0;0;0,11;75,83;0;0;644;458;"";337,222;50,58;747,194;72,42;20,925;0,81;1,651;0,24;10,8;1,62;7,579;11,0;10,635;11,0;11,348;11,02;1170,287;124,31;365,897;45,76;49,387;14,93;2,847;10,18;0,82;10,04;0,362;10,0;1,919;24,123;0,53;30,786;3,34;6,774;0,64;6,007;1,38;959,851;1,0;"";"";21,319;2,45;159,211;15,85;"";"";13,0;20,0;13,0;"";"";"";"";"";"";"";"";"";"";"";"";"";"";"";"";"";"";"";"";"";"";"";"";"";"";"";"";"";"";"";"";"";"";"";"";"";"";"";"";"";"";"";"";"";"";"";"";"";"";"";"";"";"";"";"";"";"";"";"";"";"";"";"";""
30.11.2022 13:58:45;1669813125000;880f01e687e2572cea04e80fc6a68085;149978;OK;1785;1;0;0;0;0,16;96,35;0;0;666;445;"";361,072;54,16;766,157;72,98;20,926;0,81;1,654;0,24;10,768;1,62;7,03;11,0;9,574;11,0;11,59;11,02;1125,137;119,9;354,975;44,7;45,122;14,41;4,685;10,45;2,709;10,14;0,187;10,0;2,835;24,138;0,53;30,897;3,33;6,804;0,64;6,073;1,38;959,8519;1,0;"";"";21,294;2,45;160,025;15,9;"";"";13,723;19,65;47,7;"";"";"";"";"";"";"";"";"";"";"";"";"";"";"";"";"";"";"";"";"";"";"";"";"";"";"";"";"";"";"";"";"";"";"";"";"";"";"";"";"";"";"";"";"";"";"";"";"";"";"";"";"";"";"";"";"";"";"";"";"";"";"";"";""
30.11.2022 14:00:45;1669813245000;880f01e687e2572cea04e80fc6a68085;150097;OK;1804;2;0;0;0;0,23;100,67;0;0;654;438;"";377,625;56,64;775,593;73,27;20,922;0,81;1,656;0,24;10,777;1,62;7,332;11,0;9,699;11,0;11,028;11,0;1126,824;120,1;355,539;44,7;45,442;14,48;3,11;10,33;1,828;10,02;0,473;10,0;2,375;24,158;0,53;30,954;3,33;6,825;0,64;6,117;1,37;959,866;1,0;"";"";21,351;2,44;160,323;15,91;"";"";13,077;19,96;13,0;"";"";"";"";"";"";"";"";"";"";"";"";"";"";"";"";"";"";"";"";"";"";"";"";"";"";"";"";"";"";"";"";"";"";"";"";"";"";"";"";"";"";"";"";"";"";"";"";"";"";"";"";"";"";"";"";"";"";"";"";"";"";"";"";""
30.11.2022 14:02:45;1669813365000;880f01e687e2572cea04e80fc6a68085;150218;OK;1789;2;0;0;0;0,21;105,18;0;0;657;430;"";393,231;58,98;787,062;73,61;20,919;0,81;1,658;0,24;10,667;1,62;7,241;10,97;10,499;11,0;12,757;11,01;1240,601;131,22;386,578;47,82;51,617;15,08;6,024;10,5;3,426;10,18;0,672;10,0;2,942;24,179;0,53;31,07;3,33;6,859;0,64;6,189;1,37;959,872;1,0;"";"";21,454;2,44;160,595;15,93;"";"";13,008;20,0;13,0;"";"";"";"";"";"";"";"";"";"";"";"";"";"";"";"";"";"";"";"";"";"";"";"";"";"";"";"";"";"";"";"";"";"";"";"";"";"";"";"";"";"";"";"";"";"";"";"";"";"";"";"";"";"";"";"";"";"";"";"";"";"";"";"";""
30.11.2022 14:04:45;1669813485000;880f01e687e2572cea04e80fc6a68085;150338;OK;1781;1;0;0;0;0,17;82,9;0;0;656;420;"";408,184;61,23;796,099;73,88;20,92;0,81;1,66;0,24;10,527;1,63;7,274;11,0;10,988;11,0;12,964;11,08;1187,866;126,06;375,103;46,68;58,6;15,74;5,899;10,59;2,939;10,15;0,127;10,0;2,771;24,196;0,53;31,074;3,33;6,866;0,64;6,206;1,37;959,869;1,0;"";"";21,483;2,44;160,789;15,94;"";"";13,001;20,0;13,0;"";"";"";"";"";"";"";"";"";"";"";"";"";"";"";"";"";"";"";"";"";"";"";"";"";"";"";"";"";"";"";"";"";"";"";"";"";"";"";"";"";"";"";"";"";"";"";"";"";"";"";"";"";"";"";"";"";"";"";"";"";"";"";"";""
30.11.2022 14:06:46;1669813606000;880f01e687e2572cea04e80fc6a68085;150459;OK;1789;1;0;0;0;0,14;95,21;0;0;632;409;"";404,53;60,68;811,457;74,34;20,921;0,81;1,663;0,24;10,362;1,64;7,869;11,0;10,126;11,0;12,293;11,01;1230,992;130,28;386,978;47,75;51,927;15,11;3,85;10,34;2,112;10,12;0,568;10,0;2,855;24,211;0,53;31,058;3,33;6,869;0,64;6,212;1,37;959,87;1,0;"";"";21,38;2,44;160,677;15,94;"";"";13,484;19,86;75,4;"";"";"";"";"";"";"";"";"";"";"";"";"";"";"";"";"";"";"";"";"";"";"";"";"";"";"";"";"";"";"";"";"";"";"";"";"";"";"";"";"";"";"";"";"";"";"";"";"";"";"";"";"";"";"";"";"";"";"";"";"";"";"";"";""
30.11.2022 14:08:46;1669813726000;880f01e687e2572cea04e80fc6a68085;150579;OK;1783;1;0;0;0;0,09;75,67;0;0;607;408;"";402,264;60,34;814,227;74,43;20,923;0,81;1,665;0,24;10,122;1,65;8,491;11,0;11,499;11,0;14,681;11,34;1269,264;134,07;400,989;49,13;58,199;15,68;6,934;10,79;4,705;10,66;1,215;10,0;3,213;24,224;0,53;31,129;3,33;6,889;0,64;6,256;1,36;959,8539;1,0;"";"";21,214;2,45;160,499;15,93;"";"";13,05;19,99;13,0;"";"";"";"";"";"";"";"";"";"";"";"";"";"";"";"";"";"";"";"";"";"";"";"";"";"";"";"";"";"";"";"";"";"";"";"";"";"";"";"";"";"";"";"";"";"";"";"";"";"";"";"";"";"";"";"";"";"";"";"";"";"";"";"";""
30.11.2022 14:10:47;1669813847000;880f01e687e2572cea04e80fc6a68085;150700;OK;1796;1;0;0;0;0,09;65,0;0;0;613;401;"";409,643;61,45;822,5869;74,68;20,916;0,81;1,667;0,24;9,949;1,66;8,343;11,0;11,198;11,0;12,54;11,17;1269,172;134,04;392,025;48,3;52,923;15,26;2,783;10,25;1,23;10,13;0,208;10,0;2,182;24,236;0,53;31,185;3,33;6,906;0,64;6,293;1,36;959,822;1,0;"";"";21,15;2,45;159,912;15,9;"";"";14,581;19,49;69,0;"";"";"";"";"";"";"";"";"";"";"";"";"";"";"";"";"";"";"";"";"";"";"";"";"";"";"";"";"";"";"";"";"";"";"";"";"";"";"";"";"";"";"";"";"";"";"";"";"";"";"";"";"";"";"";"";"";"";"";"";"";"";"";"";""
30.11.2022 14:12:48;1669813968000;880f01e687e2572cea04e80fc6a68085;150820;OK;1799;1;0;0;0;0,07;65,44;0;0;666;392;"";411,845;61,78;831,815;74,95;20,913;0,81;1,669;0,24;9,798;1,67;7,063;10,96;8,961;11,0;10,98;11,02;1111,775;118,58;346,325;43,76;45,297;14,47;2,757;10,13;2,597;10,11;0,021;10,0;2,901;24,254;0,53;31,13;3,33;6,901;0,65;6,283;1,36;959,797;1,0;"";"";21,101;2,46;159,451;15,88;"";"";13,163;19,95;13,0;"";"";"";"";"";"";"";"";"";"";"";"";"";"";"";"";"";"";"";"";"";"";"";"";"";"";"";"";"";"";"";"";"";"";"";"";"";"";"";"";"";"";"";"";"";"";"";"";"";"";"";"";"";"";"";"";"";"";"";"";"";"";"";"";""
30.11.2022 14:14:48;1669814088000;880f01e687e2572cea04e80fc6a68085;150941;OK;1795;1;0;0;0;0,03;47,66;0;0;644;392;"";414,187;62,13;830,149;74,9;20,911;0,81;1,669;0,24;9,606;1,68;7,574;11,0;10,372;11,0;12,594;11,13;1179,538;125,27;365,752;45,7;62,623;16,15;5,105;10,58;3,296;10,21;0,002;10,0;2,906;24,265;0,53;31,152;3,33;6,91;0,65;6,303;1,36;959,7839;1,0;"";"";20,833;2,47;157,729;15,79;"";"";14,798;19,36;75,6;"";"";"";"";"";"";"";"";"";"";"";"";"";"";"";"";"";"";"";"";"";"";"";"";"";"";"";"";"";"";"";"";"";"";"";"";"";"";"";"";"";"";"";"";"";"";"";"";"";"";"";"";"";"";"";"";"";"";"";"";"";"";"";"";""
30.11.2022 14:16:49;1669814209000;880f01e687e2572cea04e80fc6a68085;151061;OK;1791;1;0;0;0;0,06;36,4;0;0;662;386;"";422,236;63,34;838,243;75,15;20,914;0,81;1,67;0,24;9,397;1,69;7,133;10,99;9,477;11,0;12,12;11,03;1156,633;123,06;361,089;45,28;46,643;14,61;4,79;10,48;3,515;10,3;0,0;10,0;3,241;24,277;0,53;31,214;3,33;6,929;0,65;6,342;1,36;959,756;1,0;"";"";20,618;2,48;156,977;15,75;"";"";13,862;19,67;58,8;"";"";"";"";"";"";"";"";"";"";"";"";"";"";"";"";"";"";"";"";"";"";"";"";"";"";"";"";"";"";"";"";"";"";"";"";"";"";"";"";"";"";"";"";"";"";"";"";"";"";"";"";"";"";"";"";"";"";"";"";"";"";"";"";""
30.11.2022 14:18:50;1669814330000;880f01e687e2572cea04e80fc6a68085;151182;OK;1802;0;0;0;0;0,03;4,8;0;0;640;390;"";420,2;63,03;830,828;74,92;20,915;0,81;1,67;0,24;9,17;1,7;7,654;11,0;10,657;11,0;12,067;11,0;1175,025;124,88;371,031;46,26;51,29;15,07;3,927;10,42;1,34;10,07;0,0;10,0;2,394;24,29;0,53;31,157;3,33;6,921;0,65;6,327;1,36;959,727;1,0;"";"";20,373;2,49;156,885;15,75;"";"";13,089;19,97;13,0;"";"";"";"";"";"";"";"";"";"";"";"";"";"";"";"";"";"";"";"";"";"";"";"";"";"";"";"";"";"";"";"";"";"";"";"";"";"";"";"";"";"";"";"";"";"";"";"";"";"";"";"";"";"";"";"";"";"";"";"";"";"";"";"";""
30.11.2022 14:20:51;1669814451000;880f01e687e2572cea04e80fc6a68085;151303;OK;1797;0;0;0;0;0,09;3,41;0;0;625;389;"";424,744;63,71;831,812;74,95;20,913;0,81;1,67;0,24;9,232;1,69;8,052;11,0;9,97;11,0;11,593;11,0;1233,778;130,53;388,969;47,94;46,895;14,61;2,75;10,28;2,363;10,23;0,0;10,0;2,427;24,311;0,53;31,249;3,32;6,95;0,65;6,388;1,36;959,713;1,0;"";"";20,272;2,5;157,63;15,79;"";"";13,009;20,0;13,0;"";"";"";"";"";"";"";"";"";"";"";"";"";"";"";"";"";"";"";"";"";"";"";"";"";"";"";"";"";"";"";"";"";"";"";"";"";"";"";"";"";"";"";"";"";"";"";"";"";"";"";"";"";"";"";"";"";"";"";"";"";"";"";"";""
30.11.2022 14:22:50;1669814570000;880f01e687e2572cea04e80fc6a68085;151423;OK;1780;1;0;0;0;0,23;57,47;0;0;655;363;"";445,769;66,87;864,1749;75,93;20,909;0,81;1,672;0,24;9,45;1,68;7,297;11,0;9,079;11,0;9,857;11,0;1145,852;122,03;359,05;45,12;36,449;13,56;1,837;10,16;0,989;10,02;0,415;10,0;1,84;24,33;0,53;31,375;3,32;6,985;0,65;6,463;1,35;959,717;1,0;"";"";20,44;2,49;158,899;15,86;"";"";13,001;20,0;13,0;"";"";"";"";"";"";"";"";"";"";"";"";"";"";"";"";"";"";"";"";"";"";"";"";"";"";"";"";"";"";"";"";"";"";"";"";"";"";"";"";"";"";"";"";"";"";"";"";"";"";"";"";"";"";"";"";"";"";"";"";"";"";"";"";""
30.11.2022 14:24:52;1669814692000;880f01e687e2572cea04e80fc6a68085;151544;OK;1804;2;0;0;0;0,2;107,24;0;0;672;362;"";446,048;66,91;863,4009;75,9;20,908;0,81;1,674;0,24;9,421;1,68;6,919;10,88;9,18;11,0;11,109;11,11;1157,034;123,1;361,638;45,27;48,945;14,79;3,59;10,36;2,315;10,14;0,387;10,05;2,719;24,347;0,53;31,302;3,32;6,976;0,65;6,444;1,36;959,736;1,0;"";"";20,409;2,49;158,634;15,84;"";"";15,108;18,95;54,1;"";"";"";"";"";"";"";"";"";"";"";"";"";"";"";"";"";"";"";"";"";"";"";"";"";"";"";"";"";"";"";"";"";"";"";"";"";"";"";"";"";"";"";"";"";"";"";"";"";"";"";"";"";"";"";"";"";"";"";"";"";"";"";"";""
30.11.2022 14:26:53;1669814813000;880f01e687e2572cea04e80fc6a68085;151665;OK;1795;2;0;0;0;0,1;109,44;0;0;663;352;"";450,729;67,61;878,066;76,34;20,909;0,81;1,676;0,24;9,414;1,69;7,136;10,92;10,104;11,0;11,625;11,11;1146,337;122,03;357,999;44,93;50,669;15,01;4,757;10,42;2,256;10,24;0,303;10,0;2,49;24,363;0,53;31,397;3,32;7,003;0,65;6,502;1,35;959,777;1,0;"";"";20,456;2,49;158,81;15,86;"";"";13,217;19,89;13,0;"";"";"";"";"";"";"";"";"";"";"";"";"";"";"";"";"";"";"";"";"";"";"";"";"";"";"";"";"";"";"";"";"";"";"";"";"";"";"";"";"";"";"";"";"";"";"";"";"";"";"";"";"";"";"";"";"";"";"";"";"";"";"";"";""
30.11.2022 14:28:52;1669814932000;880f01e687e2572cea04e80fc6a68085;151784;OK;1804;1;0;0;0;0,07;63,44;0;0;659;347;"";452,686;67,9;885,166;76,55;20,91;0,81;1,677;0,24;9,3;1,69;7,222;10,99;9,548;11,0;10,943;11,01;1145,214;122,0;360,339;45,22;54,483;15,36;2,565;10,13;1,457;10,07;0,032;10,0;2,439;24,375;0,53;31,449;3,32;7,02;0,65;6,537;1,35;959,799;1,0;"";"";20,516;2,49;158,951;15,86;"";"";13,108;19,95;25,1;"";"";"";"";"";"";"";"";"";"";"";"";"";"";"";"";"";"";"";"";"";"";"";"";"";"";"";"";"";"";"";"";"";"";"";"";"";"";"";"";"";"";"";"";"";"";"";"";"";"";"";"";"";"";"";"";"";"";"";"";"";"";"";"";""
30.11.2022 14:30:52;1669815052000;880f01e687e2572cea04e80fc6a68085;151905;OK;1793;1;0;0;0;0,08;54,42;0;0;667;350;"";447,406;67,11;880,6339;76,42;20,91;0,81;1,678;0,24;9,151;1,7;7,021;10,97;9,33;11,0;10,852;11,0;1141,655;121,67;360,051;45,27;46,622;14,56;3,232;10,24;1,175;10,12;0,505;10,0;2,537;24,382;0,53;31,413;3,32;7,014;0,65;6,526;1,35;959,805;1,0;"";"";20,348;2,49;157,929;15,81;"";"";13,011;20,0;13,0;"";"";"";"";"";"";"";"";"";"";"";"";"";"";"";"";"";"";"";"";"";"";"";"";"";"";"";"";"";"";"";"";"";"";"";"";"";"";"";"";"";"";"";"";"";"";"";"";"";"";"";"";"";"";"";"";"";"";"";"";"";"";"";"";""
30.11.2022 14:32:53;1669815173000;880f01e687e2572cea04e80fc6a68085;152026;OK;1805;0;0;0;0;0,0;9,31;0;0;680;347;"";459,94;68,99;879,854;76,4;20,911;0,81;1,679;0,24;9,048;1,7;6,721;11,0;9,479;11,0;10,646;11,0;1167,028;124,13;360,247;45,26;57,76;15,7;4,688;10,44;1,079;10,12;0,432;10,0;2,296;24,389;0,53;31,421;3,32;7,019;0,65;6,535;1,35;959,8029;1,0;"";"";20,122;2,5;156,866;15,76;"";"";13,001;20,0;13,0;"";"";"";"";"";"";"";"";"";"";"";"";"";"";"";"";"";"";"";"";"";"";"";"";"";"";"";"";"";"";"";"";"";"";"";"";"";"";"";"";"";"";"";"";"";"";"";"";"";"";"";"";"";"";"";"";"";"";"";"";"";"";"";"";""
30.11.2022 14:34:54;1669815294000;880f01e687e2572cea04e80fc6a68085;152147;OK;1798;0;0;0;0;-0,07;2,23;0;0;656;340;"";463,246;69,49;884,0739;76,52;20,912;0,81;1,68;0,24;8,918;1,71;7,293;10,97;9,922;11,0;10,915;11,01;1091,91;116,77;346,666;43,88;42,142;14,13;3,498;10,41;1,148;10,05;0,173;10,0;2,133;24,401;0,53;31,251;3,32;6,986;0,65;6,467;1,36;959,804;1,0;"";"";19,953;2,51;156,39;15,73;"";"";13,209;19,93;69,7;"";"";"";"";"";"";"";"";"";"";"";"";"";"";"";"";"";"";"";"";"";"";"";"";"";"";"";"";"";"";"";"";"";"";"";"";"";"";"";"";"";"";"";"";"";"";"";"";"";"";"";"";"";"";"";"";"";"";"";"";"";"";"";"";""
30.11.2022 14:36:54;1669815414000;880f01e687e2572cea04e80fc6a68085;152266;OK;1803;0;1;0;0;-0,21;-42,08;0;0;702;353;"";450,002;67,5;863,157;75,89;20,921;0,81;1,681;0,24;8,575;1,73;6,212;10,88;8,769;11,0;10,216;11,0;1074,659;115,06;341,241;43,33;50,295;14,9;3,565;10,3;1,936;10,02;0,019;10,0;2,628;24,411;0,53;31,015;3,33;6,937;0,65;6,365;1,37;959,789;1,0;"";"";19,57;2,53;154,544;15,64;"";"";13,022;19,99;13,0;"";"";"";"";"";"";"";"";"";"";"";"";"";"";"";"";"";"";"";"";"";"";"";"";"";"";"";"";"";"";"";"";"";"";"";"";"";"";"";"";"";"";"";"";"";"";"";"";"";"";"";"";"";"";"";"";"";"";"";"";"";"";"";"";""
30.11.2022 14:38:55;1669815535000;880f01e687e2572cea04e80fc6a68085;152387;OK;1799;0;1;0;0;-0,29;-85,88;0;0;689;355;"";453,574;68,04;855,942;75,68;20,915;0,81;1,682;0,24;8,29;1,74;6,516;10,94;8,278;11,0;9,956;11,0;1052,594;112,92;327,06;41,95;42,821;14,22;3,732;10,25;1,191;10,07;0,256;10,0;2,729;24,42;0,53;30,934;3,33;6,922;0,65;6,336;1,38;959,7839;1,0;"";"";19,156;2,55;152,997;15,55;"";"";13,566;19,8;63,0;"";"";"";"";"";"";"";"";"";"";"";"";"";"";"";"";"";"";"";"";"";"";"";"";"";"";"";"";"";"";"";"";"";"";"";"";"";"";"";"";"";"";"";"";"";"";"";"";"";"";"";"";"";"";"";"";"";"";"";"";"";"";"";"";""
30.11.2022 14:40:54;1669815654000;880f01e687e2572cea04e80fc6a68085;152507;OK;1800;0;1;0;0;-0,06;-77,89;0;0;668;352;"";467,745;70,16;860,703;75,82;20,915;0,81;1,682;0,24;8,346;1,74;7,0;10,99;9,741;11,0;11,252;11,01;1188,5;126,16;369,854;46,12;49,875;14,95;3,284;10,2;2,024;10,03;0,027;10,0;2,562;24,434;0,53;31,167;3,32;6,98;0,65;6,456;1,36;959,788;1,0;"";"";19,149;2,55;152,109;15,51;"";"";13,365;19,85;53,6;"";"";"";"";"";"";"";"";"";"";"";"";"";"";"";"";"";"";"";"";"";"";"";"";"";"";"";"";"";"";"";"";"";"";"";"";"";"";"";"";"";"";"";"";"";"";"";"";"";"";"";"";"";"";"";"";"";"";"";"";"";"";"";"";""
30.11.2022 14:42:56;1669815776000;880f01e687e2572cea04e80fc6a68085;152628;OK;1806;1;0;0;0;0,12;42,82;0;0;689;341;"";467,251;70,09;874,999;76,25;20,916;0,81;1,683;0,24;8,354;1,74;6,504;10,97;8,274;11,0;10,142;11,0;1070,897;114,69;329,943;42,31;39,181;13,82;2,981;10,32;1,801;10,09;0,003;10,0;2,79;24,441;0,53;31,072;3,33;6,961;0,65;6,418;1,37;959,778;1,0;"";"";19,058;2,56;151,743;15,49;"";"";13,038;19,98;13,0;"";"";"";"";"";"";"";"";"";"";"";"";"";"";"";"";"";"";"";"";"";"";"";"";"";"";"";"";"";"";"";"";"";"";"";"";"";"";"";"";"";"";"";"";"";"";"";"";"";"";"";"";"";"";"";"";"";"";"";"";"";"";"";"";""
30.11.2022 14:44:55;1669815895000;880f01e687e2572cea04e80fc6a68085;152747;OK;1802;1;0;0;0;0,13;82,45;0;0;668;332;"";477,272;71,59;885,8871;76,58;20,914;0,81;1,683;0,24;8,341;1,74;7,012;10,94;9,869;11,0;13,166;11,31;1135,93;121,09;356,842;44,91;58,005;15,7;6,566;10,72;3,878;10,3;0,0;10,0;3,385;24,454;0,53;31,155;3,32;6,985;0,65;6,468;1,36;959,795;1,0;"";"";18,91;2,56;151,584;15,48;"";"";15,098;19,27;75,2;"";"";"";"";"";"";"";"";"";"";"";"";"";"";"";"";"";"";"";"";"";"";"";"";"";"";"";"";"";"";"";"";"";"";"";"";"";"";"";"";"";"";"";"";"";"";"";"";"";"";"";"";"";"";"";"";"";"";"";"";"";"";"";"";""
30.11.2022 14:46:55;1669816015000;880f01e687e2572cea04e80fc6a68085;152868;OK;1787;3;0;0;0;0,17;166,7;0;0;653;309;"";486,428;72,96;921,981;77,66;20,915;0,81;1,685;0,24;8,505;1,73;7,345;10,99;10,209;11,0;13,693;11,33;1208,695;128,18;376,425;46,8;58,384;15,67;6,251;10,67;4,414;10,37;0,483;10,0;3,527;24,462;0,53;31,322;3,32;7,026;0,65;6,553;1,36;959,808;1,0;"";"";19,115;2,55;150,509;15,43;"";"";13,216;19,92;13,0;"";"";"";"";"";"";"";"";"";"";"";"";"";"";"";"";"";"";"";"";"";"";"";"";"";"";"";"";"";"";"";"";"";"";"";"";"";"";"";"";"";"";"";"";"";"";"";"";"";"";"";"";"";"";"";"";"";"";"";"";"";"";"";"";""
30.11.2022 14:48:57;1669816137000;880f01e687e2572cea04e80fc6a68085;152989;OK;1804;2;0;0;0;0,22;131,15;0;0;674;314;"";487,868;73,18;913,736;77,41001;20,911;0,81;1,686;0,24;8,639;1,72;6,864;10,98;8,787;11,0;10,411;11,03;1144,321;121,82;353,418;44,54;45,574;14,48;2,465;10,2;2,023;10,13;0,05;10,0;2,624;24,47;0,53;31,34;3,32;7,033;0,65;6,568;1,35;959,835;1,0;"";"";19,09;2,56;150,737;15,44;"";"";13,022;19,99;13,0;"";"";"";"";"";"";"";"";"";"";"";"";"";"";"";"";"";"";"";"";"";"";"";"";"";"";"";"";"";"";"";"";"";"";"";"";"";"";"";"";"";"";"";"";"";"";"";"";"";"";"";"";"";"";"";"";"";"";"";"";"";"";"";"";""
30.11.2022 14:50:56;1669816256000;880f01e687e2572cea04e80fc6a68085;153108;OK;1808;2;0;0;0;0,24;113,12;0;0;635;301;"";501,399;75,21;932,2021;77,97;20,907;0,81;1,687;0,24;8,946;1,71;7,81;11,0;10,169;11,0;11,478;11,13;1186,024;126,0;371,162;46,31;53,976;15,25;2,061;10,16;1,253;10,09;0,198;10,0;2,116;24,489;0,53;31,501;3,32;7,077;0,65;6,66;1,35;959,866;1,0;"";"";19,233;2,55;152,151;15,52;"";"";15,245;18,95;65,1;"";"";"";"";"";"";"";"";"";"";"";"";"";"";"";"";"";"";"";"";"";"";"";"";"";"";"";"";"";"";"";"";"";"";"";"";"";"";"";"";"";"";"";"";"";"";"";"";"";"";"";"";"";"";"";"";"";"";"";"";"";"";"";"";""
30.11.2022 14:52:56;1669816376000;880f01e687e2572cea04e80fc6a68085;153228;OK;1814;2;0;0;0;0,34;125,42;0;0;688;278;"";515,198;77,28;972,162;79,16;20,9;0,81;1,69;0,24;9,383;1,69;6,533;10,84;8,405;11,0;9,772;11,01;1073,09;114,98;333,182;42,54;42,87;14,22;2,191;10,16;1,96;10,14;0,311;10,0;2,423;24,501;0,53;31,82;3,31;7,153;0,65;6,817;1,33;959,886;1,0;"";"";19,66;2,53;155,26;15,68;"";"";22,69;16,4;72,9;"";"";"";"";"";"";"";"";"";"";"";"";"";"";"";"";"";"";"";"";"";"";"";"";"";"";"";"";"";"";"";"";"";"";"";"";"";"";"";"";"";"";"";"";"";"";"";"";"";"";"";"";"";"";"";"";"";"";"";"";"";"";"";"";""
30.11.2022 14:54:57;1669816497000;880f01e687e2572cea04e80fc6a68085;153349;OK;1793;5;0;0;0;0,35;262,93;0;0;684;260;"";506,449;75,97;1001,299;80,04001;20,903;0,81;1,693;0,24;9,456;1,68;6,619;10,98;8,789;11,0;10,696;11,0;1119,664;119,49;348,286;44,06;51,734;14,99;3,489;10,34;2,945;10,3;0,054;10,0;2,841;24,508;0,53;31,672;3,31;7,123;0,65;6,755;1,34;959,913;1,0;"";"";20,093;2,51;155,682;15,71;"";"";14,0;19,63;13,0;"";"";"";"";"";"";"";"";"";"";"";"";"";"";"";"";"";"";"";"";"";"";"";"";"";"";"";"";"";"";"";"";"";"";"";"";"";"";"";"";"";"";"";"";"";"";"";"";"";"";"";"";"";"";"";"";"";"";"";"";"";"";"";"";""
30.11.2022 14:56:58;1669816618000;880f01e687e2572cea04e80fc6a68085;153470;OK;1809;1;0;0;0;-0,29;25,53;0;0;665;300;"";471,726;70,76;930,4099;77,91;20,913;0,81;1,692;0,24;8,907;1,71;7,062;10,98;8,485;11,0;13,354;11,24;1117,309;119,32;349,707;44,18;43,629;14,32;6,641;10,55;6,585;10,55;2,636;10,28;4,189;24,502;0,53;31,003;3,33;6,97;0,65;6,439;1,37;959,924;1,0;"";"";19,443;2,54;150,458;15,43;"";"";15,225;19,26;74,1;"";"";"";"";"";"";"";"";"";"";"";"";"";"";"";"";"";"";"";"";"";"";"";"";"";"";"";"";"";"";"";"";"";"";"";"";"";"";"";"";"";"";"";"";"";"";"";"";"";"";"";"";"";"";"";"";"";"";"";"";"";"";"";"";""
30.11.2022 14:58:59;1669816739000;880f01e687e2572cea04e80fc6a68085;153591;OK;1793;0;1;0;0;-0,78;-276,02;0;0;673;324;"";454,883;68,23;892,9959;76,79;20,917;0,81;1,69;0,24;8,166;1,75;6,876;11,0;8,258;11,0;10,53;11,03;1079,397;115,53;335,192;42,74;35,341;13,51;3,667;10,3;2,546;10,17;0,272;10,03;3,021;24,49;0,53;30,756;3,33;6,91;0,66;6,313;1,39;959,9219;1,0;"";"";18,467;2,59;145,03;15,14;"";"";16,729;18,6;72,1;"";"";"";"";"";"";"";"";"";"";"";"";"";"";"";"";"";"";"";"";"";"";"";"";"";"";"";"";"";"";"";"";"";"";"";"";"";"";"";"";"";"";"";"";"";"";"";"";"";"";"";"";"";"";"";"";"";"";"";"";"";"";"";"";""
30.11.2022 15:00:59;1669816859000;880f01e687e2572cea04e80fc6a68085;153711;OK;1805;0;1;0;0;-1,22;-388,36;0;0;682;346;"";353,92;53,09;863,885;75,92;20,927;0,81;1,684;0,24;7,015;1,8;6,667;10,94;8,537;11,0;10,362;11,0;1059,396;113,6;329,061;42,21;42,163;14,09;4,217;10,56;1,982;10,26;0,352;10,0;2,754;24,444;0,53;29,788;3,35;6,675;0,66;5,808;1,44;959,924;1,0;"";"";16,92;2,66;132,326;14,47;"";"";15,828;18,79;72,8;"";"";"";"";"";"";"";"";"";"";"";"";"";"";"";"";"";"";"";"";"";"";"";"";"";"";"";"";"";"";"";"";"";"";"";"";"";"";"";"";"";"";"";"";"";"";"";"";"";"";"";"";"";"";"";"";"";"";"";"";"";"";"";"";""
30.11.2022 15:02:59;1669816979000;880f01e687e2572cea04e80fc6a68085;153832;OK;1797;0;1;0;0;-1,15;-237,92;0;0;693;362;"";310,366;46,55;843,318;75,3;20,927;0,81;1,677;0,24;5,998;1,85;6,419;10,85;8,698;11,0;10,308;11,0;1117,125;119,21;347,531;43,95;49,113;14,85;3,427;10,35;2,025;10,12;0,036;10,0;2,698;24,354;0,53;29,555;3,36;6,589;0,66;5,618;1,45;959,9119;1,0;"";"";15,313;2,74;118,082;13,71;"";"";14,129;19,45;43,8;"";"";"";"";"";"";"";"";"";"";"";"";"";"";"";"";"";"";"";"";"";"";"";"";"";"";"";"";"";"";"";"";"";"";"";"";"";"";"";"";"";"";"";"";"";"";"";"";"";"";"";"";"";"";"";"";"";"";"";"";"";"";"";"";""
30.11.2022 15:05:00;1669817100000;880f01e687e2572cea04e80fc6a68085;153953;OK;1794;0;1;0;0;-0,91;-135,76;0;0;700;368;"";298,06;44,71;843,339;75,3;20,921;0,81;1,67;0,24;5,617;1,87;6,247;10,94;8,216;11,0;8,552;11,0;1018,442;109,51;315,057;40,85;44,808;14,39;1,158;10,07;0,349;10,01;0,004;10,0;1,602;24,25;0,53;29,639;3,36;6,569;0,66;5,569;1,45;959,9279;1,0;"";"";14,36;2,79;108,077;13,17;"";"";13,673;19,7;68,6;"";"";"";"";"";"";"";"";"";"";"";"";"";"";"";"";"";"";"";"";"";"";"";"";"";"";"";"";"";"";"";"";"";"";"";"";"";"";"";"";"";"";"";"";"";"";"";"";"";"";"";"";"";"";"";"";"";"";"";"";"";"";"";"";""
30.11.2022 15:07:02;1669817222000;880f01e687e2572cea04e80fc6a68085;154074;OK;1803;0;1;0;0;-0,28;-40,04;0;0;710;372;"";294,456;44,17;846,869;75,41;20,916;0,81;1,663;0,24;5,858;1,86;6,005;10,73;8,964;11,0;10,342;11,0;1027,483;110,31;316,609;40,89;39,182;13,88;4,507;10,39;1,492;10,07;0,0;10,0;2,511;24,154;0,53;29,747;3,36;6,557;0,65;5,538;1,44;959,943;1,0;"";"";14,1;2,8;103,201;12,91;"";"";13,069;19,97;13,0;"";"";"";"";"";"";"";"";"";"";"";"";"";"";"";"";"";"";"";"";"";"";"";"";"";"";"";"";"";"";"";"";"";"";"";"";"";"";"";"";"";"";"";"";"";"";"";"";"";"";"";"";"";"";"";"";"";"";"";"";"";"";"";"";""
30.11.2022 15:09:03;1669817343000;880f01e687e2572cea04e80fc6a68085;154195;OK;1806;0;0;0;0;-0,1;14,79;0;0;658;380;"";289,281;43,39;845,5729;75,37;20,916;0,81;1,656;0,24;6,644;1,82;7,236;10,96;9,949;11,0;11,562;11,01;1152,228;122,52;360,861;45,19;49,771;14,86;4,185;10,41;1,632;10,1;0,21;10,0;2,516;24,058;0,53;29,875;3,35;6,55;0,65;5,517;1,43;959,952;1,0;"";"";14,178;2,8;101,989;12,83;"";"";13,456;19,77;53,4;"";"";"";"";"";"";"";"";"";"";"";"";"";"";"";"";"";"";"";"";"";"";"";"";"";"";"";"";"";"";"";"";"";"";"";"";"";"";"";"";"";"";"";"";"";"";"";"";"";"";"";"";"";"";"";"";"";"";"";"";"";"";"";"";""
30.11.2022 15:11:03;1669817463000;880f01e687e2572cea04e80fc6a68085;154316;OK;1792;0;0;0;0;-0,05;2,85;0;0;699;385;"";287,63;43,14;845,941;75,38;20,914;0,81;1,651;0,24;7,715;1,77;6,298;10,73;7,682;10,95;8,169;10,98;960,687;103,84;306,624;39,91;39,716;13,95;1,202;10,05;0,803;10,01;0,022;10,0;1,711;23,981;0,53;30,006;3,35;6,55;0,64;5,514;1,43;959,944;1,0;"";"";14,714;2,77;103,399;12,9;"";"";14,68;19,74;72,9;"";"";"";"";"";"";"";"";"";"";"";"";"";"";"";"";"";"";"";"";"";"";"";"";"";"";"";"";"";"";"";"";"";"";"";"";"";"";"";"";"";"";"";"";"";"";"";"";"";"";"";"";"";"";"";"";"";"";"";"";"";"";"";"";""
30.11.2022 15:13:02;1669817582000;880f01e687e2572cea04e80fc6a68085;154435;OK;1800;0;0;0;0;0,03;-8,32;0;0;680;391;"";299,633;44,94;844,224;75,33;20,915;0,81;1,648;0,24;9,101;1,7;6,716;10,89;9,369;10,99;10,852;11,0;1073,861;114,84;335,728;42,74;50,646;14,93;4,543;10,56;2,676;10,29;0,002;10,0;2,478;23,924;0,53;30,163;3,35;6,563;0,64;5,54;1,42;959,9319;1,0;"";"";15,524;2,73;109,477;13,22;"";"";13,179;19,97;13,0;"";"";"";"";"";"";"";"";"";"";"";"";"";"";"";"";"";"";"";"";"";"";"";"";"";"";"";"";"";"";"";"";"";"";"";"";"";"";"";"";"";"";"";"";"";"";"";"";"";"";"";"";"";"";"";"";"";"";"";"";"";"";"";"";""
30.11.2022 15:15:03;1669817703000;880f01e687e2572cea04e80fc6a68085;154555;OK;1797;0;0;0;0;0,09;-4,68;0;0;709;394;"";308,458;46,27;843,963;75,32;20,916;0,81;1,645;0,23;10,582;1,63;6,055;10,71;8,174;11,0;10,247;11,0;1021,435;109,73;326,64;41,84;39,656;13,96;3,92;10,42;2,664;10,19;0,267;10,0;3,023;23,897;0,53;30,277;3,35;6,577;0,64;5,571;1,41;959,9219;1,0;"";"";16,714;2,67;118,203;13,67;"";"";13,019;20,0;13,0;"";"";"";"";"";"";"";"";"";"";"";"";"";"";"";"";"";"";"";"";"";"";"";"";"";"";"";"";"";"";"";"";"";"";"";"";"";"";"";"";"";"";"";"";"";"";"";"";"";"";"";"";"";"";"";"";"";"";"";"";"";"";"";"";""
30.11.2022 15:17:04;1669817824000;880f01e687e2572cea04e80fc6a68085;154676;OK;1798;0;0;0;0;0,13;5,81;0;0;668;393;"";319,108;47,87;847,46;75,42;20,916;0,81;1,645;0,23;11,983;1,61;7,006;10,97;8,954;11,0;10,919;11,0;1094,572;116,9;346,876;43,85;41,404;14,02;3,911;10,4;2,822;10,11;0,028;10,0;2,874;23,892;0,53;30,377;3,35;6,597;0,64;5,614;1,4;959,917;1,0;"";"";17,888;2,61;126,984;14,13;"";"";13,002;20,0;13,0;"";"";"";"";"";"";"";"";"";"";"";"";"";"";"";"";"";"";"";"";"";"";"";"";"";"";"";"";"";"";"";"";"";"";"";"";"";"";"";"";"";"";"";"";"";"";"";"";"";"";"";"";"";"";"";"";"";"";"";"";"";"";"";"";""
30.11.2022 15:19:04;1669817944000;880f01e687e2572cea04e80fc6a68085;154796;OK;1802;0;0;0;0;0,14;10,82;0;0;700;394;"";331,924;49,79;846,578;75,4;20,916;0,81;1,646;0,24;13,268;1,67;6,263;10,84;7,93;11,0;9,128;11,0;991,292;106,82;314,464;40,66;42,016;14,13;1,919;10,1;1,549;10,02;0,003;10,0;2,429;23,898;0,53;30,432;3,35;6,611;0,64;5,645;1,4;959,918;1,0;"";"";18,972;2,56;134,162;14,51;"";"";13,0;20,0;13,0;"";"";"";"";"";"";"";"";"";"";"";"";"";"";"";"";"";"";"";"";"";"";"";"";"";"";"";"";"";"";"";"";"";"";"";"";"";"";"";"";"";"";"";"";"";"";"";"";"";"";"";"";"";"";"";"";"";"";"";"";"";"";"";"";""
30.11.2022 15:21:06;1669818066000;880f01e687e2572cea04e80fc6a68085;154917;OK;1822;0;0;0;0;0,17;10,11;0;0;723;393;"";341,654;51,25;847,9;75,44;20,916;0,81;1,648;0,24;14,229;1,72;5,753;10,66;8,235;11,0;9,414;11,0;1056,511;113,14;331,79;42,44;46,612;14,62;3,379;10,36;1,448;10,03;0,134;10,0;2,488;23,924;0,53;30,523;3,34;6,641;0,64;5,711;1,4;959,9319;1,0;"";"";19,816;2,52;140,451;14,84;"";"";13,0;20,0;13,0;"";"";"";"";"";"";"";"";"";"";"";"";"";"";"";"";"";"";"";"";"";"";"";"";"";"";"";"";"";"";"";"";"";"";"";"";"";"";"";"";"";"";"";"";"";"";"";"";"";"";"";"";"";"";"";"";"";"";"";"";"";"";"";"";""
30.11.2022 15:23:06;1669818186000;880f01e687e2572cea04e80fc6a68085;155039;OK;1791;0;0;0;0;0,19;1,0;0;0;700;392;"";357,148;53,57;847,857;75,44;20,916;0,81;1,649;0,24;14,936;1,76;6,26;10,93;7,837;11,0;9,298;11,0;1038,129;111,39;326,887;41,95;38,241;13,79;2,707;10,12;1,498;10,02;0,157;10,0;2,613;23,95;0,53;30,562;3,34;6,66;0,64;5,752;1,39;959,952;1,0;"";"";20,521;2,48;145,91;15,13;"";"";13,0;20,0;13,0;"";"";"";"";"";"";"";"";"";"";"";"";"";"";"";"";"";"";"";"";"";"";"";"";"";"";"";"";"";"";"";"";"";"";"";"";"";"";"";"";"";"";"";"";"";"";"";"";"";"";"";"";"";"";"";"";"";"";"";"";"";"";"";"";""
30.11.2022 15:25:06;1669818306000;880f01e687e2572cea04e80fc6a68085;155159;OK;1820;0;0;0;0;0,21;4,7;0;0;688;392;"";365,868;54,88;849,065;75,47;20,917;0,81;1,651;0,24;15,22;1,77;6,521;10,98;8,372;11,0;10,434;11,0;1033,171;110,93;326,15;41,89;42,934;14,2;2,814;10,32;2,685;10,31;1,261;10,0;2,915;23,972;0,53;30,655;3,34;6,688;0,64;5,815;1,39;959,973;1,0;"";"";21,127;2,45;149,022;15,3;"";"";13,0;20,0;13,0;"";"";"";"";"";"";"";"";"";"";"";"";"";"";"";"";"";"";"";"";"";"";"";"";"";"";"";"";"";"";"";"";"";"";"";"";"";"";"";"";"";"";"";"";"";"";"";"";"";"";"";"";"";"";"";"";"";"";"";"";"";"";"";"";""
30.11.2022 15:27:07;1669818427000;880f01e687e2572cea04e80fc6a68085;155279;OK;1809;0;0;0;0;0,18;2,49;0;0;686;392;"";371,224;55,68;847,6501;75,43;20,916;0,81;1,654;0,24;15,237;1,77;6,58;10,97;8,048;11,0;10,276;11,0;1056,406;113,19;337,484;42,95;32,136;13,16;3,503;10,29;2,945;10,24;0,9139999;10,0;3,122;23,989;0,53;30,677;3,34;6,699;0,64;5,84;1,39;959,983;1,0;"";"";21,505;2,44;150,508;15,38;"";"";13,0;20,0;13,0;"";"";"";"";"";"";"";"";"";"";"";"";"";"";"";"";"";"";"";"";"";"";"";"";"";"";"";"";"";"";"";"";"";"";"";"";"";"";"";"";"";"";"";"";"";"";"";"";"";"";"";"";"";"";"";"";"";"";"";"";"";"";"";"";""
30.11.2022 15:29:07;1669818547000;880f01e687e2572cea04e80fc6a68085;155400;OK;1792;0;0;0;0;0,13;-0,56;0;0;668;391;"";373,445;56,02;846,68;75,4;20,917;0,81;1,655;0,24;14,979;1,76;7,002;10,96;8,86;11,0;10,627;11,0;1118,428;119,22;355,173;44,67;41,084;14,05;3,785;10,44;2,962;10,38;0,8309999;10,0;2,555;24,011;0,53;30,675;3,34;6,707;0,64;5,858;1,39;959,9879;1,0;"";"";21,612;2,43;150,774;15,4;"";"";13,0;20,0;13,0;"";"";"";"";"";"";"";"";"";"";"";"";"";"";"";"";"";"";"";"";"";"";"";"";"";"";"";"";"";"";"";"";"";"";"";"";"";"";"";"";"";"";"";"";"";"";"";"";"";"";"";"";"";"";"";"";"";"";"";"";"";"";"";"";""
30.11.2022 15:31:08;1669818668000;880f01e687e2572cea04e80fc6a68085;155520;OK;1804;0;0;0;0;0,04;-3,28;0;0;689;389;"";377,098;56,56;847,122;75,41;20,922;0,81;1,658;0,24;14,55;1,74;6,516;10,88;8,415;11,0;11,425;11,0;1115,814;119,0;351,721;44,3;45,428;14,55;4,889;10,47;3,299;10,29;1,252;10,0;3,513;24,028;0,53;30,628;3,34;6,703;0,64;5,85;1,39;959,995;1,0;"";"";21,614;2,43;150,604;15,39;"";"";13,0;20,0;13,0;"";"";"";"";"";"";"";"";"";"";"";"";"";"";"";"";"";"";"";"";"";"";"";"";"";"";"";"";"";"";"";"";"";"";"";"";"";"";"";"";"";"";"";"";"";"";"";"";"";"";"";"";"";"";"";"";"";"";"";"";"";"";"";"";""
30.11.2022 15:33:09;1669818789000;880f01e687e2572cea04e80fc6a68085;155641;OK;1794;0;0;0;0;-0,01;-3,05;0;0;672;388;"";383,662;57,55;846,198;75,39;20,922;0,81;1,66;0,24;13,968;1,7;6,919;10,94;9,405;11,0;11,802;11,14;1100,132;117,39;351,241;44,31;47,038;14,65;4,442;10,37;2,625;10,21;0,591;10,0;2,987;24,043;0,53;30,573;3,34;6,697;0,64;5,838;1,39;960,001;1,0;"";"";21,568;2,43;150,371;15,38;"";"";13,0;20,0;13,0;"";"";"";"";"";"";"";"";"";"";"";"";"";"";"";"";"";"";"";"";"";"";"";"";"";"";"";"";"";"";"";"";"";"";"";"";"";"";"";"";"";"";"";"";"";"";"";"";"";"";"";"";"";"";"";"";"";"";"";"";"";"";"";"";""
30.11.2022 15:35:08;1669818908000;880f01e687e2572cea04e80fc6a68085;155760;OK;1804;0;0;0;0;-0,01;-6,56;0;0;678;387;"";388,72;58,31;845,49;75,36;20,919;0,81;1,662;0,24;13,455;1,68;6,777;10,89;9,487;11,0;10,657;11,01;1105,526;118,03;352,272;44,42;49,388;14,87;4,233;10,28;2,062;10,21;1,214;10,18;2,208;24,059;0,53;30,585;3,34;6,706;0,64;5,857;1,39;960,008;1,0;"";"";21,626;2,43;149,694;15,35;"";"";24,561;16,3;77,9;"";"";"";"";"";"";"";"";"";"";"";"";"";"";"";"";"";"";"";"";"";"";"";"";"";"";"";"";"";"";"";"";"";"";"";"";"";"";"";"";"";"";"";"";"";"";"";"";"";"";"";"";"";"";"";"";"";"";"";"";"";"";"";"";""
30.11.2022 15:37:09;1669819029000;880f01e687e2572cea04e80fc6a68085;155881;OK;1813;1;0;0;0;0,14;27,14;0;0;674;381;"";392,13;58,82;858,331;75,75;20,917;0,81;1,664;0,24;13,107;1,66;6,88;10,9;9,159;11,0;11,118;11,02;1066,969;114,24;337,655;42,97;46,18;14,55;3,879;10,35;2,76;10,22;0,18;10,03;2,804;24,075;0,53;30,796;3,34;6,758;0,64;5,971;1,38;960,018;1,0;"";"";21,579;2,43;150,371;15,38;"";"";17,687;18,32;72,8;"";"";"";"";"";"";"";"";"";"";"";"";"";"";"";"";"";"";"";"";"";"";"";"";"";"";"";"";"";"";"";"";"";"";"";"";"";"";"";"";"";"";"";"";"";"";"";"";"";"";"";"";"";"";"";"";"";"";"";"";"";"";"";"";""
30.11.2022 15:39:09;1669819149000;880f01e687e2572cea04e80fc6a68085;156001;OK;1806;1;0;0;0;0,29;69,92;0;0;688;372;"";402,18;60,33;869,604;76,09;20,918;0,81;1,666;0,24;12,825;1,64;6,542;10,93;10,231;11,0;12,333;11,0;1120,52;119,48;350,975;44,23;55,783;15,52;6,328;10,62;2,686;10,18;0,448;10,0;2,958;24,105;0,53;30,892;3,33;6,791;0,64;6,042;1,38;960,006;1,0;"";"";21,745;2,42;150,633;15,4;"";"";17,51;18,02;71,9;"";"";"";"";"";"";"";"";"";"";"";"";"";"";"";"";"";"";"";"";"";"";"";"";"";"";"";"";"";"";"";"";"";"";"";"";"";"";"";"";"";"";"";"";"";"";"";"";"";"";"";"";"";"";"";"";"";"";"";"";"";"";"";"";""
30.11.2022 15:41:10;1669819270000;880f01e687e2572cea04e80fc6a68085;156122;OK;1799;1;0;0;0;0,28;88,35;0;0;660;365;"";410,53;61,58;876,09;76,28;20,912;0,81;1,669;0,24;12,64;1,63;7,179;10,99;9,669;11,0;10,336;11,0;1103,205;117,73;345,61;43,8;41,34;14,01;3,43;10,33;1,124;10,07;0,046;10,0;1,901;24,127;0,53;30,906;3,33;6,802;0,64;6,067;1,38;960,003;1,0;"";"";21,888;2,42;151,261;15,43;"";"";20,004;18,04;77,0;"";"";"";"";"";"";"";"";"";"";"";"";"";"";"";"";"";"";"";"";"";"";"";"";"";"";"";"";"";"";"";"";"";"";"";"";"";"";"";"";"";"";"";"";"";"";"";"";"";"";"";"";"";"";"";"";"";"";"";"";"";"";"";"";""
30.11.2022 15:43:10;1669819390000;880f01e687e2572cea04e80fc6a68085;156242;OK;1806;1;0;0;0;0,21;70,41;0;0;683;361;"";409,005;61,35;883,097;76,49;20,912;0,81;1,671;0,24;12,45;1,62;6,643;10,89;8,196;11,0;9,702;11,0;1042,457;111,82;328,691;42,09;34,985;13,47;3,088;10,15;1,885;10,08;0,119;10,0;2,615;24,153;0,53;31,034;3,33;6,841;0,64;6,15;1,37;960,015;1,0;"";"";22,005;2,41;152,721;15,51;"";"";14,934;19,36;73,2;"";"";"";"";"";"";"";"";"";"";"";"";"";"";"";"";"";"";"";"";"";"";"";"";"";"";"";"";"";"";"";"";"";"";"";"";"";"";"";"";"";"";"";"";"";"";"";"";"";"";"";"";"";"";"";"";"";"";"";"";"";"";"";"";""
30.11.2022 15:45:11;1669819511000;880f01e687e2572cea04e80fc6a68085;156363;OK;1807;1;0;0;0;0,23;25,23;0;0;711;365;"";409,284;61,39;876,2919;76,29;20,916;0,81;1,673;0,24;12,318;1,62;6,018;10,74;7,88;11,0;9,388;11,0;1051,498;112,72;330,358;42,27;43,489;14,36;2,466;10,15;1,304;10,13;0,846;10,1;2,666;24,186;0,53;31,117;3,33;6,872;0,64;6,217;1,37;960,015;1,0;"";"";22,071;2,41;153,473;15,56;"";"";13,2;19,93;13,0;"";"";"";"";"";"";"";"";"";"";"";"";"";"";"";"";"";"";"";"";"";"";"";"";"";"";"";"";"";"";"";"";"";"";"";"";"";"";"";"";"";"";"";"";"";"";"";"";"";"";"";"";"";"";"";"";"";"";"";"";"";"";"";"";""
30.11.2022 15:47:12;1669819632000;880f01e687e2572cea04e80fc6a68085;156484;OK;1810;0;0;0;0;0,19;-6,05;0;0;664;362;"";413,616;62,04;874,668;76,24;20,917;0,81;1,675;0,24;11,915;1,6;7,11;10,93;10,238;11,0;12,834;11,07;1174,879;124,85;369,98;46,1;55,615;15,46;5,119;10,48;3,72;10,28;0,474;10,01;3,078;24,216;0,53;31,038;3,33;6,866;0,64;6,207;1,37;960,018;1,0;"";"";22,014;2,41;153,084;15,54;"";"";13,021;19,99;13,0;"";"";"";"";"";"";"";"";"";"";"";"";"";"";"";"";"";"";"";"";"";"";"";"";"";"";"";"";"";"";"";"";"";"";"";"";"";"";"";"";"";"";"";"";"";"";"";"";"";"";"";"";"";"";"";"";"";"";"";"";"";"";"";"";""
30.11.2022 15:49:12;1669819752000;880f01e687e2572cea04e80fc6a68085;156604;OK;1798;0;0;0;0;0,08;-9,33;0;0;704;357;"";417,081;62,56;879,5959;76,39;20,915;0,81;1,677;0,24;11,569;1,59;6,2;10,58;8,308;11,0;9,913;11,01;1062,788;113,83;330,857;42,35;43,764;14,37;3,665;10,37;1,731;10,17;0,519;10,0;2,699;24,242;0,53;31,02;3,33;6,872;0,65;6,221;1,37;960,033;1,0;"";"";21,867;2,42;152,219;15,5;"";"";13,697;19,74;60,0;"";"";"";"";"";"";"";"";"";"";"";"";"";"";"";"";"";"";"";"";"";"";"";"";"";"";"";"";"";"";"";"";"";"";"";"";"";"";"";"";"";"";"";"";"";"";"";"";"";"";"";"";"";"";"";"";"";"";"";"";"";"";"";"";""
30.11.2022 15:51:13;1669819873000;880f01e687e2572cea04e80fc6a68085;156725;OK;1806;1;0;0;0;0,07;44,63;0;0;673;348;"";423,681;63,55;891,301;76,74;20,909;0,81;1,68;0,24;11,336;1,59;6,899;10,88;8,553;11,0;9,343;11,0;1091,164;116,64;344,626;43,65;38,329;13,73;1,097;10,06;0,898;10,04;0,054;10,0;1,986;24,271;0,53;31,101;3,33;6,901;0,65;6,284;1,37;960,0389;1,0;"";"";21,632;2,43;151,85;15,48;"";"";13,072;19,97;13,0;"";"";"";"";"";"";"";"";"";"";"";"";"";"";"";"";"";"";"";"";"";"";"";"";"";"";"";"";"";"";"";"";"";"";"";"";"";"";"";"";"";"";"";"";"";"";"";"";"";"";"";"";"";"";"";"";"";"";"";"";"";"";"";"";""
30.11.2022 15:53:14;1669819994000;880f01e687e2572cea04e80fc6a68085;156846;OK;1797;1;0;0;0;0,17;88,85;0;0;672;336;"";429,331;64,4;906,71;77,2;20,909;0,81;1,682;0,24;11,033;1,61;6,905;10,92;9,197;11,0;9,455;11,0;1140,896;121,52;355,29;44,75;43,041;14,21;1,099;10,04;0,321;10,04;0,006;10,0;1,583;24,302;0,53;31,131;3,33;6,92;0,65;6,325;1,36;960,036;1,0;"";"";21,461;2,44;151,654;15,47;"";"";17,575;18,16;71,1;"";"";"";"";"";"";"";"";"";"";"";"";"";"";"";"";"";"";"";"";"";"";"";"";"";"";"";"";"";"";"";"";"";"";"";"";"";"";"";"";"";"";"";"";"";"";"";"";"";"";"";"";"";"";"";"";"";"";"";"";"";"";"";"";""
30.11.2022 15:55:13;1669820113000;880f01e687e2572cea04e80fc6a68085;156965;OK;1812;1;0;0;0;0,18;99,87;0;0;690;329;"";432,216;64,83;915,4019;77,46;20,909;0,81;1,684;0,24;10,779;1,62;6,501;10,86;8,786;11,0;11,0;11,0;1107,5;118,27;348,663;44,01;48,575;14,8;4,979;10,5;3,789;10,24;0,001;10,0;3,004;24,325;0,53;31,161;3,33;6,936;0,65;6,359;1,36;960,0309;1,0;"";"";21,278;2,45;151,606;15,47;"";"";13,488;19,8;13,0;"";"";"";"";"";"";"";"";"";"";"";"";"";"";"";"";"";"";"";"";"";"";"";"";"";"";"";"";"";"";"";"";"";"";"";"";"";"";"";"";"";"";"";"";"";"";"";"";"";"";"";"";"";"";"";"";"";"";"";"";"";"";"";"";""
30.11.2022 15:57:14;1669820234000;880f01e687e2572cea04e80fc6a68085;157086;OK;1801;1;0;0;0;0,17;92,49;0;0;668;323;"";431,416;64,71;924,902;77,75;20,906;0,81;1,686;0,24;10,554;1,63;6,996;10,97;9,071;11,0;10,325;11,0;1212,008;128,49;381,147;47,23;45,001;14,4;2,904;10,11;1,152;10,04;0,0;10,0;2,314;24,346;0,53;31,235;3,32;6,961;0,65;6,412;1,36;960,043;1,0;"";"";21,236;2,45;152,612;15,53;"";"";13,567;19,82;71,1;"";"";"";"";"";"";"";"";"";"";"";"";"";"";"";"";"";"";"";"";"";"";"";"";"";"";"";"";"";"";"";"";"";"";"";"";"";"";"";"";"";"";"";"";"";"";"";"";"";"";"";"";"";"";"";"";"";"";"";"";"";"";"";"";""
30.11.2022 15:59:15;1669820355000;880f01e687e2572cea04e80fc6a68085;157207;OK;1810;1;0;0;0;0,15;73,06;0;0;635;317;"";436,727;65,51;931,7329;77,95;20,904;0,81;1,688;0,24;10,316;1,64;7,785;11,0;10,029;11,0;12,2;11,15;1173,794;124,66;368,519;46,02;43,907;14,29;4,334;10,4;2,302;10,14;0,445;10,07;2,708;24,366;0,53;31,243;3,32;6,97;0,65;6,433;1,36;960,057;1,0;"";"";21,239;2,45;152,448;15,52;"";"";13,058;19,98;13,0;"";"";"";"";"";"";"";"";"";"";"";"";"";"";"";"";"";"";"";"";"";"";"";"";"";"";"";"";"";"";"";"";"";"";"";"";"";"";"";"";"";"";"";"";"";"";"";"";"";"";"";"";"";"";"";"";"";"";"";"";"";"";"";"";""
30.11.2022 16:01:15;1669820475000;880f01e687e2572cea04e80fc6a68085;157327;OK;1805;1;0;0;0;0,14;50,08;0;0;685;316;"";437,404;65,61;932,659;77,98;20,905;0,81;1,689;0,24;10,098;1,65;6,617;10,9;8,775;11,0;10,666;11,02;1142,976;121,72;353,539;44,54;44,172;14,34;3,991;10,42;2,884;10,14;0,047;10,01;2,844;24,377;0,53;31,312;3,32;6,99;0,65;6,474;1,36;960,055;1,0;"";"";21,274;2,45;152,045;15,5;"";"";13,006;20,0;13,0;"";"";"";"";"";"";"";"";"";"";"";"";"";"";"";"";"";"";"";"";"";"";"";"";"";"";"";"";"";"";"";"";"";"";"";"";"";"";"";"";"";"";"";"";"";"";"";"";"";"";"";"";"";"";"";"";"";"";"";"";"";"";"";"";""
30.11.2022 16:03:17;1669820597000;880f01e687e2572cea04e80fc6a68085;157449;OK;1790;1;0;0;0;0,14;29,67;0;0;667;314;"";440,185;66,03;937,817;78,13;20,903;0,81;1,69;0,24;9,954;1,66;7,018;10,92;9,794;11,0;10,883;11,0;1107,503;118,25;345,522;43,76;50,85;15,07;2,329;10,13;1,539;10,06;0,005;10,0;2,266;24,382;0,53;31,416;3,32;7,015;0,65;6,527;1,35;960,056;1,0;"";"";21,245;2,45;151,319;15,46;"";"";15,544;19,13;68,0;"";"";"";"";"";"";"";"";"";"";"";"";"";"";"";"";"";"";"";"";"";"";"";"";"";"";"";"";"";"";"";"";"";"";"";"";"";"";"";"";"";"";"";"";"";"";"";"";"";"";"";"";"";"";"";"";"";"";"";"";"";"";"";"";""
30.11.2022 16:05:16;1669820716000;880f01e687e2572cea04e80fc6a68085;157568;OK;1805;1;0;0;0;0,18;47,99;0;0;662;307;"";444,371;66,66;948,518;78,46;20,904;0,81;1,692;0,24;9,847;1,66;7,143;10,99;9,433;11,0;10,5;11,0;1125,479;120,01;353,272;44,53;43,659;14,31;2,524;10,16;0,864;10,01;0,362;10,0;2,214;24,393;0,53;31,476;3,32;7,033;0,65;6,564;1,35;960,056;1,0;"";"";21,378;2,44;151,174;15,46;"";"";14,392;19,56;79,3;"";"";"";"";"";"";"";"";"";"";"";"";"";"";"";"";"";"";"";"";"";"";"";"";"";"";"";"";"";"";"";"";"";"";"";"";"";"";"";"";"";"";"";"";"";"";"";"";"";"";"";"";"";"";"";"";"";"";"";"";"";"";"";"";""
30.11.2022 16:07:15;1669820835000;880f01e687e2572cea04e80fc6a68085;157687;OK;1804;1;0;0;0;0,19;90,93;0;0;647;297;"";447,436;67,12;965,744;78,97;20,905;0,81;1,693;0,24;9,818;1,67;7,519;10,95;9,784;11,0;10,987;11,0;1226,629;129,86;383,752;47,56;47,259;14,65;3,388;10,35;1,575;10,02;0,039;10,0;2,275;24,403;0,53;31,567;3,32;7,057;0,65;6,615;1,34;960,0599;1,0;"";"";21,238;2,45;150,878;15,44;"";"";16,799;18,54;67,4;"";"";"";"";"";"";"";"";"";"";"";"";"";"";"";"";"";"";"";"";"";"";"";"";"";"";"";"";"";"";"";"";"";"";"";"";"";"";"";"";"";"";"";"";"";"";"";"";"";"";"";"";"";"";"";"";"";"";"";"";"";"";"";"";""
30.11.2022 16:09:16;1669820956000;880f01e687e2572cea04e80fc6a68085;157808;OK;1806;1;0;0;0;0,06;79,86;0;0;660;296;"";447,202;67,08;962,803;78,88;20,905;0,81;1,694;0,24;9,639;1,68;7,192;10,99;10,433;11,0;12,353;11,01;1195,502;126,84;370,292;46,16;59,462;15,84;4,175;10,36;1,886;10,15;0,004;10,0;2,704;24,409;0,53;31,42;3,32;7,027;0,65;6,553;1,35;960,0699;1,0;"";"";20,96;2,46;148,802;15,33;"";"";13,541;19,79;53,6;"";"";"";"";"";"";"";"";"";"";"";"";"";"";"";"";"";"";"";"";"";"";"";"";"";"";"";"";"";"";"";"";"";"";"";"";"";"";"";"";"";"";"";"";"";"";"";"";"";"";"";"";"";"";"";"";"";"";"";"";"";"";"";"";""
30.11.2022 16:11:18;1669821078000;880f01e687e2572cea04e80fc6a68085;157929;OK;1810;0;0;0;0;-0,05;10,45;0;0;697;298;"";451,171;67,68;955,478;78,66001;20,906;0,81;1,694;0,24;9,647;1,67;6,328;10,98;7,966;11,0;9,439;11,0;1071,452;114,73;331,817;42,42;44,365;14,35;1,825;10,14;1,589;10,12;0,785;10,02;2,483;24,416;0,53;31,398;3,32;7,024;0,65;6,548;1,35;960,082;1,0;"";"";20,649;2,48;147,712;15,28;"";"";15,386;19,05;62,4;"";"";"";"";"";"";"";"";"";"";"";"";"";"";"";"";"";"";"";"";"";"";"";"";"";"";"";"";"";"";"";"";"";"";"";"";"";"";"";"";"";"";"";"";"";"";"";"";"";"";"";"";"";"";"";"";"";"";"";"";"";"";"";"";""
30.11.2022 16:13:18;1669821198000;880f01e687e2572cea04e80fc6a68085;158050;OK;1788;0;1;0;0;-0,08;-36,15;0;0;656;299;"";450,033;67,5;955,215;78,66001;20,907;0,81;1,696;0,24;9,6;1,68;7,281;10,99;8,933;11,0;11,072;11,0;1145,631;121,98;360,955;45,18;41,711;14,09;4,19;10,46;2,991;10,29;0,834;10,0;2,894;24,423;0,53;31,417;3,32;7,032;0,65;6,564;1,35;960,093;1,0;"";"";20,517;2,49;147,015;15,24;"";"";13,246;19,9;13,0;"";"";"";"";"";"";"";"";"";"";"";"";"";"";"";"";"";"";"";"";"";"";"";"";"";"";"";"";"";"";"";"";"";"";"";"";"";"";"";"";"";"";"";"";"";"";"";"";"";"";"";"";"";"";"";"";"";"";"";"";"";"";"";"";""
30.11.2022 16:15:18;1669821318000;880f01e687e2572cea04e80fc6a68085;158170;OK;1809;0;0;0;0;0,07;3,6;0;0;663;292;"";449,701;67,46;967,225;79,02;20,905;0,81;1,698;0,24;9,643;1,67;7,115;11,0;8,949;11,0;9,677;11,0;1138,406;121,3;359,242;45,07;43,763;14,31;2,808;10,2;0,798;10,03;0,089;10,0;1,89;24,43;0,53;31,504;3,32;7,054;0,65;6,609;1,35;960,11;1,0;"";"";20,502;2,49;146,645;15,22;"";"";13,519;20,02;77,6;"";"";"";"";"";"";"";"";"";"";"";"";"";"";"";"";"";"";"";"";"";"";"";"";"";"";"";"";"";"";"";"";"";"";"";"";"";"";"";"";"";"";"";"";"";"";"";"";"";"";"";"";"";"";"";"";"";"";"";"";"";"";"";"";""
30.11.2022 16:17:19;1669821439000;880f01e687e2572cea04e80fc6a68085;158291;OK;1791;1;0;0;0;0,08;68,11;0;0;675;284;"";454,583;68,19;977,745;79,33;20,907;0,81;1,698;0,24;9,634;1,68;6,853;10,85;9,008;11,0;11,095;11,05;1169,522;124,35;365,648;45,86;48,123;14,75;2,925;10,29;2,426;10,26;0,731;10,0;2,88;24,437;0,53;31,446;3,32;7,043;0,65;6,588;1,35;960,124;1,0;"";"";20,381;2,49;146,107;15,2;"";"";13,054;20,0;13,0;"";"";"";"";"";"";"";"";"";"";"";"";"";"";"";"";"";"";"";"";"";"";"";"";"";"";"";"";"";"";"";"";"";"";"";"";"";"";"";"";"";"";"";"";"";"";"";"";"";"";"";"";"";"";"";"";"";"";"";"";"";"";"";"";""
30.11.2022 16:19:19;1669821559000;880f01e687e2572cea04e80fc6a68085;158410;OK;1832;1;0;0;0;0,07;63,58;0;0;693;284;"";455,987;68,4;977,861;79,34;20,905;0,81;1,699;0,24;9,619;1,68;6,417;10,92;8,874;10,97;10,517;11,0;1129,919;120,49;350,346;44,31;48,601;14,8;3,385;10,29;1,67;10,03;0,744;10,0;2,683;24,443;0,53;31,503;3,32;7,059;0,65;6,621;1,35;960,137;1,0;"";"";20,209;2,5;145,653;15,17;"";"";12,937;20,31;13,0;"";"";"";"";"";"";"";"";"";"";"";"";"";"";"";"";"";"";"";"";"";"";"";"";"";"";"";"";"";"";"";"";"";"";"";"";"";"";"";"";"";"";"";"";"";"";"";"";"";"";"";"";"";"";"";"";"";"";"";"";"";"";"";"";""
30.11.2022 16:21:20;1669821680000;880f01e687e2572cea04e80fc6a68085;158532;OK;1798;1;0;0;0;-0,01;29,35;0;0;669;285;"";448,336;67,25;976,092;79,28;20,902;0,81;1,7;0,24;9,563;1,68;6,978;10,89;9,225;11,0;11,039;11,0;1179,432;125,28;373,114;46,51;49,121;14,76;4,773;10,46;1,767;10,21;0,883;10,0;2,655;24,448;0,53;31,437;3,32;7,046;0,65;6,595;1,35;960,131;1,0;"";"";20,143;2,5;145,299;15,15;"";"";12,994;20,03;13,0;"";"";"";"";"";"";"";"";"";"";"";"";"";"";"";"";"";"";"";"";"";"";"";"";"";"";"";"";"";"";"";"";"";"";"";"";"";"";"";"";"";"";"";"";"";"";"";"";"";"";"";"";"";"";"";"";"";"";"";"";"";"";"";"";""
30.11.2022 16:23:21;1669821801000;880f01e687e2572cea04e80fc6a68085;158653;OK;1795;0;1;0;0;-0,0;-47,96;0;0;614;293;"";450,33;67,55001;959,562;78,79;20,907;0,81;1,7;0,24;9,424;1,69;8,309;10,99;12,086;11,02;14,718;11,38;1299,339;136,97;412,002;50,28;63,418;16,23;6,208;10,64;3,496;10,33;1,042;10,0;2,964;24,466;0,53;31,416;3,32;7,048;0,65;6,6;1,35;960,127;1,0;"";"";19,891;2,52;145,281;15,16;"";"";12,999;20,0;13,0;"";"";"";"";"";"";"";"";"";"";"";"";"";"";"";"";"";"";"";"";"";"";"";"";"";"";"";"";"";"";"";"";"";"";"";"";"";"";"";"";"";"";"";"";"";"";"";"";"";"";"";"";"";"";"";"";"";"";"";"";"";"";"";"";""
30.11.2022 16:25:20;1669821920000;880f01e687e2572cea04e80fc6a68085;158772;OK;1800;0;0;0;0;0,05;-22,47;0;0;631;284;"";456,704;68,51;972,8149;79,18;20,902;0,81;1,7;0,24;9,401;1,69;7,887;11,0;10,963;11,0;12,954;11,22;1243,555;131,59;390,093;48,07;53,213;15,29;4,131;10,32;1,611;10,1;0,493;10,0;2,657;24,486;0,53;31,472;3,32;7,069;0,65;6,643;1,35;960,139;1,0;"";"";19,655;2,53;145,365;15,16;"";"";13,0;20,0;13,0;"";"";"";"";"";"";"";"";"";"";"";"";"";"";"";"";"";"";"";"";"";"";"";"";"";"";"";"";"";"";"";"";"";"";"";"";"";"";"";"";"";"";"";"";"";"";"";"";"";"";"";"";"";"";"";"";"";"";"";"";"";"";"";"";""
30.11.2022 16:27:21;1669822041000;880f01e687e2572cea04e80fc6a68085;158893;OK;1798;0;0;0;0;0,09;-1,14;0;0;638;284;"";460,279;69,04;971,41;79,14;20,904;0,81;1,702;0,24;9,451;1,68;7,725;10,96;9,82;11,0;11,46;11,02;1261,732;133,35;390,691;48,23;47,575;14,65;2,863;10,25;2,266;10,16;0,317;10,0;2,526;24,499;0,53;31,478;3,32;7,076;0,65;6,658;1,35;960,151;1,0;"";"";19,635;2,53;145,449;15,17;"";"";13,0;20,0;13,0;"";"";"";"";"";"";"";"";"";"";"";"";"";"";"";"";"";"";"";"";"";"";"";"";"";"";"";"";"";"";"";"";"";"";"";"";"";"";"";"";"";"";"";"";"";"";"";"";"";"";"";"";"";"";"";"";"";"";"";"";"";"";"";"";""
30.11.2022 16:29:20;1669822160000;880f01e687e2572cea04e80fc6a68085;159012;OK;1825;1;0;0;0;0,07;41,99;0;0;609;281;"";461,437;69,22;974,208;79,23;20,903;0,81;1,702;0,24;9,393;1,69;8,444;11,0;11,258;11,0;12,875;11,03;1270,292;134,2;401,354;49,22;53,364;15,18;3,31;10,35;2,488;10,21;1,028;10,0;2,442;24,513;0,53;31,444;3,32;7,074;0,65;6,654;1,35;960,16;1,0;"";"";19,494;2,54;145,811;15,19;"";"";13,0;20,0;13,0;"";"";"";"";"";"";"";"";"";"";"";"";"";"";"";"";"";"";"";"";"";"";"";"";"";"";"";"";"";"";"";"";"";"";"";"";"";"";"";"";"";"";"";"";"";"";"";"";"";"";"";"";"";"";"";"";"";"";"";"";"";"";"";"";""
30.11.2022 16:31:22;1669822282000;880f01e687e2572cea04e80fc6a68085;159134;OK;1802;1;0;0;0;0,08;35,26;0;0;641;272;"";468,239;70,24;987,923;79,64;20,902;0,81;1,703;0,24;9,54;1,68;7,631;11,0;10,866;11,0;12,824;11,02;1267,058;133,87;398,036;48,96;50,962;14,99;4,961;10,59;1,795;10,12;0,704;10,0;2,688;24,528;0,53;31,556;3,32;7,105;0,65;6,719;1,34;960,168;1,0;"";"";19,457;2,54;146,521;15,23;"";"";13,0;20,0;13,0;"";"";"";"";"";"";"";"";"";"";"";"";"";"";"";"";"";"";"";"";"";"";"";"";"";"";"";"";"";"";"";"";"";"";"";"";"";"";"";"";"";"";"";"";"";"";"";"";"";"";"";"";"";"";"";"";"";"";"";"";"";"";"";"";""
30.11.2022 16:33:22;1669822402000;880f01e687e2572cea04e80fc6a68085;159255;OK;1793;1;0;0;0;0,1;90,68;0;0;627;263;"";471,919;70,79;1000,547;80,02;20,9;0,81;1,704;0,24;9,592;1,68;7,991;11,0;10,03;11,0;12,03;11,0;1199,006;127,26;376,219;46,84;45,464;14,42;3,695;10,41;3,123;10,36;1,166;10,03;2,67;24,538;0,53;31,537;3,32;7,105;0,65;6,719;1,34;960,172;1,0;"";"";19,506;2,54;147,301;15,27;"";"";13,144;19,94;50,7;"";"";"";"";"";"";"";"";"";"";"";"";"";"";"";"";"";"";"";"";"";"";"";"";"";"";"";"";"";"";"";"";"";"";"";"";"";"";"";"";"";"";"";"";"";"";"";"";"";"";"";"";"";"";"";"";"";"";"";"";"";"";"";"";""
30.11.2022 16:35:24;1669822524000;880f01e687e2572cea04e80fc6a68085;159376;OK;1814;1;0;0;0;0,09;68,94001;0;0;650;263;"";473,459;71,02;998,868;79,97;20,904;0,81;1,705;0,25;9,675;1,67;7,42;11,0;9,725;11,0;11,833;11,0;1190,648;126,44;369,482;46,11;47,984;14,73;3,131;10,32;2,823;10,25;0,347;10,0;2,764;24,548;0,53;31,535;3,32;7,108;0,65;6,727;1,34;960,192;1,0;"";"";19,538;2,54;147,727;15,29;"";"";13,404;19,84;56,8;"";"";"";"";"";"";"";"";"";"";"";"";"";"";"";"";"";"";"";"";"";"";"";"";"";"";"";"";"";"";"";"";"";"";"";"";"";"";"";"";"";"";"";"";"";"";"";"";"";"";"";"";"";"";"";"";"";"";"";"";"";"";"";"";""
30.11.2022 16:37:24;1669822644000;880f01e687e2572cea04e80fc6a68085;159496;OK;1800;0;0;0;0;-0,01;16,86;0;0;619;265;"";471,263;70,69;992,89;79,79;20,905;0,81;1,706;0,25;9,689;1,67;8,18;11,0;10,794;11,0;12,32;11,0;1315,358;138,65;411,515;50,24;51,771;15,07;2,912;10,17;2,176;10,1;0,036;10,0;2,409;24,559;0,53;31,45;3,32;7,093;0,65;6,697;1,35;960,188;1,0;"";"";19,45;2,54;147,33;15,27;"";"";14,627;19,48;70,8;"";"";"";"";"";"";"";"";"";"";"";"";"";"";"";"";"";"";"";"";"";"";"";"";"";"";"";"";"";"";"";"";"";"";"";"";"";"";"";"";"";"";"";"";"";"";"";"";"";"";"";"";"";"";"";"";"";"";"";"";"";"";"";"";""
30.11.2022 16:39:25;1669822765000;880f01e687e2572cea04e80fc6a68085;159617;OK;1801;0;0;0;0;0,06;-0,3;0;0;663;258;"";475,825;71,37001;1006,886;80,21;20,906;0,81;1,706;0,25;9,86;1,66;7,135;11,0;9,388;11,0;12,922;11,19;1194,387;126,82;378,71;47,05;49,155;14,81;5,863;10,7;4,468;10,41;0,279;10,0;3,662;24,568;0,53;31,596;3,32;7,13;0,65;6,773;1,34;960,1789;1,0;"";"";19,52;2,54;148,127;15,32;"";"";13,168;19,95;13,0;"";"";"";"";"";"";"";"";"";"";"";"";"";"";"";"";"";"";"";"";"";"";"";"";"";"";"";"";"";"";"";"";"";"";"";"";"";"";"";"";"";"";"";"";"";"";"";"";"";"";"";"";"";"";"";"";"";"";"";"";"";"";"";"";""
30.11.2022 16:41:24;1669822884000;880f01e687e2572cea04e80fc6a68085;159736;OK;1797;1;0;0;0;0,01;28,32;0;0;625;258;"";473,882;71,08;1002,17;80,07;20,911;0,81;1,706;0,25;9,821;1,67;8,032;11,0;10,492;11,0;11,992;11,02;1301,653;137,34;405,867;49,63;55,042;15,37;4,184;10,33;1,737;10,14;0,03;10,0;2,406;24,577;0,53;31,413;3,32;7,092;0,65;6,695;1,35;960,1859;1,0;"";"";19,579;2,53;148,222;15,32;"";"";14,936;19,3;74,8;"";"";"";"";"";"";"";"";"";"";"";"";"";"";"";"";"";"";"";"";"";"";"";"";"";"";"";"";"";"";"";"";"";"";"";"";"";"";"";"";"";"";"";"";"";"";"";"";"";"";"";"";"";"";"";"";"";"";"";"";"";"";"";"";""
30.11.2022 16:43:24;1669823004000;880f01e687e2572cea04e80fc6a68085;159856;OK;1796;0;0;0;0;0,04;16,19;0;0;607;258;"";477,672;71,65;1005,979;80,18001;20,907;0,81;1,707;0,25;9,737;1,67;8,475;11,0;11,065;11,0;13,955;11,09;1244,338;131,7;391,126;48,29;53,596;15,2;5,471;10,47;3,409;10,24;0,803;10,0;3,085;24,578;0,53;31,581;3,32;7,131;0,65;6,774;1,34;960,2;1,0;"";"";19,499;2,54;147,37;15,28;"";"";13,207;19,92;13,0;"";"";"";"";"";"";"";"";"";"";"";"";"";"";"";"";"";"";"";"";"";"";"";"";"";"";"";"";"";"";"";"";"";"";"";"";"";"";"";"";"";"";"";"";"";"";"";"";"";"";"";"";"";"";"";"";"";"";"";"";"";"";"";"";""
30.11.2022 16:45:26;1669823126000;880f01e687e2572cea04e80fc6a68085;159977;OK;1802;1;0;0;0;0,08;49,69;0;0;654;248;"";481,165;72,17;1024,572;80,74;20,904;0,81;1,706;0,25;9,835;1,67;7,334;10,98;10,571;11,0;12,619;11,04;1200,895;127,43;380,892;47,26;58,559;15,74;5,004;10,47;2,919;10,24;0,424;10,02;2,843;24,587;0,53;31,693;3,31;7,159;0,65;6,833;1,34;960,224;1,0;"";"";19,618;2,53;147,734;15,3;"";"";13,021;19,99;13,0;"";"";"";"";"";"";"";"";"";"";"";"";"";"";"";"";"";"";"";"";"";"";"";"";"";"";"";"";"";"";"";"";"";"";"";"";"";"";"";"";"";"";"";"";"";"";"";"";"";"";"";"";"";"";"";"";"";"";"";"";"";"";"";"";""
30.11.2022 16:47:24;1669823244000;880f01e687e2572cea04e80fc6a68085;160097;OK;1795;1;0;0;0;0,19;58,61;0;0;642;251;"";478,993;71,85;1020,102;80,6;20,901;0,81;1,707;0,25;9,959;1,66;7,621;11,0;10,394;11,0;12,897;11,01;1262,355;133,49;399,185;49,04;57,304;15,56;4,13;10,43;3,323;10,27;0,3;10,0;3,073;24,597;0,53;31,736;3,31;7,173;0,65;6,862;1,33;960,227;1,0;"";"";19,772;2,52;148,552;15,34;"";"";16,423;18,83;68,9;"";"";"";"";"";"";"";"";"";"";"";"";"";"";"";"";"";"";"";"";"";"";"";"";"";"";"";"";"";"";"";"";"";"";"";"";"";"";"";"";"";"";"";"";"";"";"";"";"";"";"";"";"";"";"";"";"";"";"";"";"";"";"";"";""
30.11.2022 16:49:26;1669823366000;880f01e687e2572cea04e80fc6a68085;160218;OK;1794;0;0;0;0;-0,15;5,81;0;0;629;253;"";468,5;70,28;1006,961;80,21;20,909;0,81;1,706;0,25;9,461;1,68;7,939;11,0;11,187;11,0;12,618;11,1;1295,68;136,67;407,738;49,86;57,081;15,62;3,423;10,38;2,288;10,21;0,787;10,0;2,361;24,595;0,53;31,207;3,32;7,053;0,66;6,615;1,36;960,2369;1,0;"";"";19,234;2,55;145,377;15,17;"";"";16,605;23,83;73,80001;"";"";"";"";"";"";"";"";"";"";"";"";"";"";"";"";"";"";"";"";"";"";"";"";"";"";"";"";"";"";"";"";"";"";"";"";"";"";"";"";"";"";"";"";"";"";"";"";"";"";"";"";"";"";"";"";"";"";"";"";"";"";"";"";""
30.11.2022 16:51:26;1669823486000;880f01e687e2572cea04e80fc6a68085;160338;OK;1788;0;1;0;0;-0,5;-153,17;0;0;613;272;"";462,081;69,31;971,437;79,14;20,918;0,81;1,705;0,25;9,059;1,7;8,336;11,0;11,119;11,0;13,063;11,03;1271,535;134,4;400,284;49,14;54,688;15,43;3,812;10,28;2,853;10,18;0,081;10,0;2,596;24,587;0,53;31,01;3,33;7,005;0,66;6,516;1,37;960,2369;1,0;"";"";18,483;2,59;141,2;14,95;"";"";13,372;20,4;13,0;"";"";"";"";"";"";"";"";"";"";"";"";"";"";"";"";"";"";"";"";"";"";"";"";"";"";"";"";"";"";"";"";"";"";"";"";"";"";"";"";"";"";"";"";"";"";"";"";"";"";"";"";"";"";"";"";"";"";"";"";"";"";"";"";""
30.11.2022 16:53:27;1669823607000;880f01e687e2572cea04e80fc6a68085;160459;OK;1821;0;1;0;0;-0,5;-193,76;0;0;640;277;"";465,775;69,87;959,936;78,80001;20,917;0,81;1,705;0,24;8,976;1,71;7,675;11,0;9,629;11,0;12,489;11,0;1170,265;124,44;369,751;46,18;51,78;15,1;4,481;10,48;4,025;10,42;0,008;10,0;3,198;24,594;0,53;30,965;3,33;6,998;0,66;6,501;1,38;960,2469;1,0;"";"";17,902;2,62;140,163;14,9;"";"";13,07;20,04;20,3;"";"";"";"";"";"";"";"";"";"";"";"";"";"";"";"";"";"";"";"";"";"";"";"";"";"";"";"";"";"";"";"";"";"";"";"";"";"";"";"";"";"";"";"";"";"";"";"";"";"";"";"";"";"";"";"";"";"";"";"";"";"";"";"";""
30.11.2022 16:55:27;1669823727000;880f01e687e2572cea04e80fc6a68085;160580;OK;1796;0;1;0;0;-0,08;-140,48;0;0;627;278;"";472,032;70,8;960,481;78,81;20,914;0,81;1,704;0,24;9,134;1,7;7,981;11,0;10,763;11,0;12,379;11,16;1248,198;132,09;392,348;48,32;54,993;15,41;5,293;10,48;1,932;10,12;0,001;10,0;2,427;24,609;0,53;31,122;3,32;7,039;0,66;6,587;1,37;960,25;1,0;"";"";17,635;2,63;140,585;14,92;"";"";15,633;19,14;72,8;"";"";"";"";"";"";"";"";"";"";"";"";"";"";"";"";"";"";"";"";"";"";"";"";"";"";"";"";"";"";"";"";"";"";"";"";"";"";"";"";"";"";"";"";"";"";"";"";"";"";"";"";"";"";"";"";"";"";"";"";"";"";"";"";""
30.11.2022 16:57:28;1669823848000;880f01e687e2572cea04e80fc6a68085;160701;OK;1799;1;0;0;0;0,15;39,58;0;0;631;267;"";474,595;71,19;977,685;79,33;20,909;0,81;1,704;0,24;9,525;1,68;7,884;11,0;11,623;11,0;13,469;11,23;1263,608;133,59;398,376;48,95;61,837;16,05;4,42;10,44;2,244;10,23;0,0;10,0;2,587;24,626;0,53;31,141;3,32;7,05;0,66;6,611;1,37;960,259;1,0;"";"";17,881;2,62;142,878;15,05;"";"";14,003;19,61;58,0;"";"";"";"";"";"";"";"";"";"";"";"";"";"";"";"";"";"";"";"";"";"";"";"";"";"";"";"";"";"";"";"";"";"";"";"";"";"";"";"";"";"";"";"";"";"";"";"";"";"";"";"";"";"";"";"";"";"";"";"";"";"";"";"";""
30.11.2022 16:59:28;1669823968000;880f01e687e2572cea04e80fc6a68085;160820;OK;1802;1;0;0;0;0,18;49,12;0;0;627;270;"";473,808;71,07;970,164;79,1;20,916;0,81;1,705;0,25;9,787;1,67;7,977;11,0;11,332;11,0;13,988;11,17;1259,004;133,08;392,941;48,42;59,867;15,85;6,922;10,71;3,896;10,47;1,245;10,0;3,047;24,641;0,53;31,119;3,32;7,051;0,66;6,614;1,37;960,28;1,0;"";"";18,061;2,61;144,87;15,15;"";"";14,169;19,45;54,2;"";"";"";"";"";"";"";"";"";"";"";"";"";"";"";"";"";"";"";"";"";"";"";"";"";"";"";"";"";"";"";"";"";"";"";"";"";"";"";"";"";"";"";"";"";"";"";"";"";"";"";"";"";"";"";"";"";"";"";"";"";"";"";"";""
30.11.2022 17:01:29;1669824089000;880f01e687e2572cea04e80fc6a68085;160941;OK;1800;0;1;0;0;-0,03;-44,29;0;0;626;283;"";463,07;69,46;946,931;78,41001;20,92;0,81;1,705;0,25;9,745;1,67;8,0;11,0;10,201;11,0;12,311;11,05;1243,629;131,7;391,811;48,34;54,395;15,34;3,433;10,31;1,992;10,23;0,273;10,0;2,744;24,658;0,53;30,911;3,33;7,011;0,66;6,532;1,38;960,296;1,0;"";"";17,896;2,62;145,694;15,2;"";"";13,363;19,85;58,4;"";"";"";"";"";"";"";"";"";"";"";"";"";"";"";"";"";"";"";"";"";"";"";"";"";"";"";"";"";"";"";"";"";"";"";"";"";"";"";"";"";"";"";"";"";"";"";"";"";"";"";"";"";"";"";"";"";"";"";"";"";"";"";"";""
30.11.2022 17:03:30;1669824210000;880f01e687e2572cea04e80fc6a68085;161062;OK;1813;0;1;0;0;-0,17;-142,93;0;0;613;287;"";463,523;69,53;936,976;78,11;20,922;0,81;1,705;0,25;9,673;1,67;8,33;11,0;11,965;11,0;14,987;11,48;1310,812;138,27;416,238;50,68;62,181;16,09;7,592;10,76;4,03;10,53;1,343;10,03;3,1;24,681;0,53;30,835;3,33;7,003;0,66;6,516;1,38;960,301;1,0;"";"";17,919;2,62;145,841;15,21;"";"";13,683;19,64;41,1;"";"";"";"";"";"";"";"";"";"";"";"";"";"";"";"";"";"";"";"";"";"";"";"";"";"";"";"";"";"";"";"";"";"";"";"";"";"";"";"";"";"";"";"";"";"";"";"";"";"";"";"";"";"";"";"";"";"";"";"";"";"";"";"";""
30.11.2022 17:05:31;1669824331000;880f01e687e2572cea04e80fc6a68085;161183;OK;1800;0;1;0;0;-0,19;-114,04;0;0;609;290;"";462,295;69,34;928,132;77,84;20,924;0,81;1,705;0,25;9,533;1,68;8,431;11,0;13,049;11,2;17,896;11,66;1348,258;141,88;424,541;51,57;66,999;16,57;11,023;11,08;6,036;10,69;1,832;10,03;3,67;24,7;0,53;30,711;3,33;6,982;0,66;6,473;1,39;960,31;1,0;"";"";17,771;2,62;145,778;15,21;"";"";13,07;19,96;13,0;"";"";"";"";"";"";"";"";"";"";"";"";"";"";"";"";"";"";"";"";"";"";"";"";"";"";"";"";"";"";"";"";"";"";"";"";"";"";"";"";"";"";"";"";"";"";"";"";"";"";"";"";"";"";"";"";"";"";"";"";"";"";"";"";""
30.11.2022 17:07:30;1669824450000;880f01e687e2572cea04e80fc6a68085;161302;OK;1790;0;1;0;0;-0,1;-73,7;0;0;590;294;"";462,338;69,35;919,11;77,57;20,925;0,81;1,706;0,25;9,304;1,69;8,933;11,0;12,348;11,02;14,04;11,13;1342,478;141,32;417,456;50,92;62,637;16,1;4,563;10,47;2,258;10,11;0,196;10,0;2,371;24,717;0,53;30,686;3,33;6,983;0,66;6,476;1,39;960,3189;1,0;"";"";17,69;2,63;145,771;15,21;"";"";13,008;20,0;13,0;"";"";"";"";"";"";"";"";"";"";"";"";"";"";"";"";"";"";"";"";"";"";"";"";"";"";"";"";"";"";"";"";"";"";"";"";"";"";"";"";"";"";"";"";"";"";"";"";"";"";"";"";"";"";"";"";"";"";"";"";"";"";"";"";""
30.11.2022 17:09:31;1669824571000;880f01e687e2572cea04e80fc6a68085;161423;OK;1804;0;1;0;0;-0,01;-54,11;0;0;622;297;"";463,867;69,58;916,374;77,49;20,925;0,81;1,706;0,25;9,325;1,69;8,117;11,0;10,438;11,01;12,427;11,05;1218,913;129,29;384,18;47,67;51,273;15,03;4,749;10,59;3,266;10,3;0,02;10,0;2,704;24,734;0,53;30,804;3,33;7,017;0,66;6,547;1,38;960,3239;1,0;"";"";17,545;2,63;146,144;15,23;"";"";26,187;15,4;72,6;"";"";"";"";"";"";"";"";"";"";"";"";"";"";"";"";"";"";"";"";"";"";"";"";"";"";"";"";"";"";"";"";"";"";"";"";"";"";"";"";"";"";"";"";"";"";"";"";"";"";"";"";"";"";"";"";"";"";"";"";"";"";"";"";""
30.11.2022 17:11:32;1669824692000;880f01e687e2572cea04e80fc6a68085;161544;OK;1803;1;0;0;0;-0,33;56,67;0;0;609;282;"";415,692;62,35;939,66;78,19;20,928;0,81;1,705;0,25;8,405;1,74;8,427;11,0;11,619;11,0;13,503;11,12;1319,967;139,12;416,605;50,76;64,713;16,25;5,428;10,63;2,584;10,2;0,002;10,0;2,578;24,725;0,53;29,93;3,35;6,814;0,67;6,119;1,43;960,3189;1,0;"";"";17,197;2,65;138,845;14,84;"";"";15,569;19,06;77,7;"";"";"";"";"";"";"";"";"";"";"";"";"";"";"";"";"";"";"";"";"";"";"";"";"";"";"";"";"";"";"";"";"";"";"";"";"";"";"";"";"";"";"";"";"";"";"";"";"";"";"";"";"";"";"";"";"";"";"";"";"";"";"";"";""
30.11.2022 17:13:32;1669824812000;880f01e687e2572cea04e80fc6a68085;161663;OK;1816;0;1;0;0;-1,1;-96,19;0;0;594;325;"";355,908;53,39;871,937;76,16001;20,933;0,81;1,699;0,24;6,777;1,82;8,821;11,0;12,907;11,0;14,249;11,38;1378,741;144,91;430,198;52,08;70,553;16,83;4,077;10,37;1,404;10,05;0,145;10,0;2,224;24,639;0,53;29,172;3,36;6,609;0,67;5,675;1,48;960,314;1,0;"";"";15,587;2,73;121,112;13,9;"";"";13,274;19,9;13,0;"";"";"";"";"";"";"";"";"";"";"";"";"";"";"";"";"";"";"";"";"";"";"";"";"";"";"";"";"";"";"";"";"";"";"";"";"";"";"";"";"";"";"";"";"";"";"";"";"";"";"";"";"";"";"";"";"";"";"";"";"";"";"";"";""
30.11.2022 17:15:33;1669824933000;880f01e687e2572cea04e80fc6a68085;161785;OK;1806;0;1;0;0;-1,4;-262,05;0;0;586;347;"";332,275;49,84;844,495;75,33;20,931;0,81;1,692;0,24;5,512;1,88;9,007;11,0;12,018;11,0;12,585;11,04;1376,913;144,62;429,863;52,1;55,763;15,42;1,523;10,09;1,001;10,01;0,015;10,0;1,744;24,521;0,53;29,044;3,37;6,537;0,67;5,51;1,49;960,31;1,0;"";"";14,125;2,8;108,493;13,22;"";"";21,798;17,16;77,2;"";"";"";"";"";"";"";"";"";"";"";"";"";"";"";"";"";"";"";"";"";"";"";"";"";"";"";"";"";"";"";"";"";"";"";"";"";"";"";"";"";"";"";"";"";"";"";"";"";"";"";"";"";"";"";"";"";"";"";"";"";"";"";"";""
30.11.2022 17:17:33;1669825053000;880f01e687e2572cea04e80fc6a68085;161905;OK;1807;0;1;0;0;-0,63;-289,67;0;0;604;356;"";337,37;50,61;847,315;75,42;20,929;0,81;1,685;0,24;5,514;1,88;8,577;11,0;12,261;11,01;14,207;11,23;1288,158;135,98;403,178;49,4;56,463;15,52;5,036;10,45;2,386;10,22;0,219;10,0;2,587;24,406;0,53;29,482;3,36;6,592;0,66;5,627;1,46;960,3239;1,0;"";"";13,694;2,82;104,88;13,02;"";"";13,908;19,71;13,0;"";"";"";"";"";"";"";"";"";"";"";"";"";"";"";"";"";"";"";"";"";"";"";"";"";"";"";"";"";"";"";"";"";"";"";"";"";"";"";"";"";"";"";"";"";"";"";"";"";"";"";"";"";"";"";"";"";"";"";"";"";"";"";"";""
30.11.2022 17:19:34;1669825174000;880f01e687e2572cea04e80fc6a68085;162026;OK;1800;0;1;0;0;0,19;-50,42;0;0;580;364;"";346,676;52,0;846,385;75,39;20,928;0,81;1,678;0,24;6,788;1,81;9,185;11,0;13,287;11,14;15,433;11,48;1417,748;148,61;451,401;54,07;76,918;17,55;7,552;10,72;2,818;10,28;0,023;10,0;2,624;24,353;0,53;29,863;3,35;6,657;0,66;5,767;1,44;960,331;1,0;"";"";14,179;2,8;109,307;13,25;"";"";17,628;18,49;74,5;"";"";"";"";"";"";"";"";"";"";"";"";"";"";"";"";"";"";"";"";"";"";"";"";"";"";"";"";"";"";"";"";"";"";"";"";"";"";"";"";"";"";"";"";"";"";"";"";"";"";"";"";"";"";"";"";"";"";"";"";"";"";"";"";""
30.11.2022 17:21:34;1669825294000;880f01e687e2572cea04e80fc6a68085;162146;OK;1804;1;0;0;0;0,54;62,87;0;0;572;354;"";365,676;54,85;869,255;76,08;20,922;0,81;1,675;0,24;8,793;1,72;9,397;11,0;12,383;11,03;14,051;11,18;1387,39;145,63;440,063;53,04;63,068;16,15;4,092;10,38;2,862;10,23;0,293;10,0;2,348;24,35;0,53;30,202;3,34;6,732;0,66;5,928;1,42;960,333;1,0;"";"";15,103;2,75;118,484;13,73;"";"";14,716;19,3;58,4;"";"";"";"";"";"";"";"";"";"";"";"";"";"";"";"";"";"";"";"";"";"";"";"";"";"";"";"";"";"";"";"";"";"";"";"";"";"";"";"";"";"";"";"";"";"";"";"";"";"";"";"";"";"";"";"";"";"";"";"";"";"";"";"";""
30.11.2022 17:23:36;1669825416000;880f01e687e2572cea04e80fc6a68085;162268;OK;1804;2;0;0;0;0,61;133,52;0;0;579;342;"";390,197;58,53;893,171;76,8;20,918;0,81;1,676;0,24;10,942;1,62;9,197;11,0;11,849;11,0;13,922;11,24;1344,704;141,46;428,417;51,86;62,06;16,11;4,712;10,41;2,434;10,29;0,424;10,01;2,43;24,372;0,53;30,519;3,34;6,811;0,65;6,098;1,4;960,318;1,0;"";"";16,417;2,69;129,047;14,29;"";"";15,085;19,37;67,7;"";"";"";"";"";"";"";"";"";"";"";"";"";"";"";"";"";"";"";"";"";"";"";"";"";"";"";"";"";"";"";"";"";"";"";"";"";"";"";"";"";"";"";"";"";"";"";"";"";"";"";"";"";"";"";"";"";"";"";"";"";"";"";"";""
30.11.2022 17:25:36;1669825536000;880f01e687e2572cea04e80fc6a68085;162389;OK;1791;3;0;0;0;0,52;180,15;0;0;572;329;"";397,313;59,6;910,934;77,33;20,915;0,81;1,677;0,24;12,762;1,65;9,391;11,0;14,985;11,42;17,811;11,87;1476,549;154,38;465,14;55,44;84,626;18,31;10,467;10,98;3,322;10,28;0,144;10,0;2,862;24,406;0,53;30,563;3,34;6,834;0,65;6,148;1,4;960,306;1,0;"";"";17,847;2,62;139,178;14,83;"";"";13,326;19,88;44,3;"";"";"";"";"";"";"";"";"";"";"";"";"";"";"";"";"";"";"";"";"";"";"";"";"";"";"";"";"";"";"";"";"";"";"";"";"";"";"";"";"";"";"";"";"";"";"";"";"";"";"";"";"";"";"";"";"";"";"";"";"";"";"";"";""
30.11.2022 17:27:36;1669825656000;880f01e687e2572cea04e80fc6a68085;162508;OK;1818;1;0;0;0;0,32;92,02;0;0;586;333;"";399,579;59,94;902,258;77,07;20,919;0,81;1,679;0,24;13,712;1,69;9,043;11,0;12,879;11,06;15,021;11,37;1413,9;148,32;444,582;53,45;70,122;16,86;4,803;10,48;2,275;10,17;0,213;10,0;2,598;24,441;0,53;30,574;3,34;6,85;0,66;6,184;1,4;960,3049;1,0;"";"";18,976;2,56;145,8;15,18;"";"";13,51;19,85;72,1;"";"";"";"";"";"";"";"";"";"";"";"";"";"";"";"";"";"";"";"";"";"";"";"";"";"";"";"";"";"";"";"";"";"";"";"";"";"";"";"";"";"";"";"";"";"";"";"";"";"";"";"";"";"";"";"";"";"";"";"";"";"";"";"";""
30.11.2022 17:29:38;1669825778000;880f01e687e2572cea04e80fc6a68085;162629;OK;1822;0;0;0;0;0,09;-14,66;0;0;605;337;"";400,825;60,12;890,9019;76,73;20,923;0,81;1,681;0,24;14,055;1,71;8,459;11,0;13,242;11,26;15,856;11,48;1360,473;143,07;428,509;51,87;74,143;17,28;7,799;10,7;3,292;10,28;0,9700001;10,03;2,916;24,475;0,53;30,457;3,34;6,837;0,66;6,157;1,4;960,3029;1,0;"";"";19,66;2,53;149,471;15,38;"";"";12,655;22,17;18,3;"";"";"";"";"";"";"";"";"";"";"";"";"";"";"";"";"";"";"";"";"";"";"";"";"";"";"";"";"";"";"";"";"";"";"";"";"";"";"";"";"";"";"";"";"";"";"";"";"";"";"";"";"";"";"";"";"";"";"";"";"";"";"";"";""
30.11.2022 17:31:38;1669825898000;880f01e687e2572cea04e80fc6a68085;162749;OK;1818;0;1;0;0;0,04;-58,84;0;0;590;335;"";402,353;60,35;892,189;76,77;20,92;0,81;1,683;0,24;14,077;1,71;8,902;11,0;12,687;11,14;14,603;11,26;1420,149;148,92;450,388;54,03;62,763;16,26;5,229;10,53;3,28;10,34;0,272;10,0;2,536;24,495;0,53;30,488;3,34;6,852;0,66;6,19;1,4;960,314;1,0;"";"";20,137;2,51;151,859;15,51;"";"";13,221;20,15;72,1;"";"";"";"";"";"";"";"";"";"";"";"";"";"";"";"";"";"";"";"";"";"";"";"";"";"";"";"";"";"";"";"";"";"";"";"";"";"";"";"";"";"";"";"";"";"";"";"";"";"";"";"";"";"";"";"";"";"";"";"";"";"";"";"";""
30.11.2022 17:33:37;1669826017000;880f01e687e2572cea04e80fc6a68085;162869;OK;1817;0;1;0;0;0,03;-26,78;0;0;581;335;"";403,685;60,55;890,045;76,7;20,922;0,81;1,686;0,24;13,889;1,7;9,171;11,0;12,138;11,01;13,366;11,15;1359,04;142,9;422,176;51,27;60,643;15,96;2,496;10,18;1,394;10,04;0,385;10,0;2,133;24,508;0,53;30,491;3,34;6,857;0,66;6,203;1,4;960,3319;1,0;"";"";20,365;2,49;153,278;15,58;"";"";13,024;20,02;13,0;"";"";"";"";"";"";"";"";"";"";"";"";"";"";"";"";"";"";"";"";"";"";"";"";"";"";"";"";"";"";"";"";"";"";"";"";"";"";"";"";"";"";"";"";"";"";"";"";"";"";"";"";"";"";"";"";"";"";"";"";"";"";"";"";""
30.11.2022 17:35:39;1669826139000;880f01e687e2572cea04e80fc6a68085;162992;OK;1790;0;0;0;0;0,05;-14,67;0;0;578;336;"";405,945;60,89;883,5;76,5;20,919;0,81;1,687;0,24;13,624;1,69;9,225;11,0;12,668;11,0;14,705;11,32;1383,948;145,3;434,348;52,5;64,869;16,39;5,436;10,62;2,548;10,23;0,462;10,0;2,567;24,532;0,53;30,425;3,34;6,851;0,66;6,191;1,4;960,347;1,0;"";"";20,425;2,49;154,311;15,64;"";"";13,002;20,0;13,0;"";"";"";"";"";"";"";"";"";"";"";"";"";"";"";"";"";"";"";"";"";"";"";"";"";"";"";"";"";"";"";"";"";"";"";"";"";"";"";"";"";"";"";"";"";"";"";"";"";"";"";"";"";"";"";"";"";"";"";"";"";"";"";"";""
30.11.2022 17:37:38;1669826258000;880f01e687e2572cea04e80fc6a68085;163110;OK;1783;0;1;0;0;-0,01;-52,86;0;0;567;340;"";412,134;61,82;873,668;76,21;20,921;0,81;1,688;0,24;13,123;1,66;9,519;11,0;13,103;11,0;14,84;11,21;1371,801;144,15;435,775;52,57;69,634;16,84;3,689;10,36;2,35;10,09;0,178;10,0;2,343;24,555;0,53;30,379;3,34;6,85;0,66;6,19;1,41;960,355;1,0;"";"";20,33;2,5;154,722;15,66;"";"";13,0;20,0;13,0;"";"";"";"";"";"";"";"";"";"";"";"";"";"";"";"";"";"";"";"";"";"";"";"";"";"";"";"";"";"";"";"";"";"";"";"";"";"";"";"";"";"";"";"";"";"";"";"";"";"";"";"";"";"";"";"";"";"";"";"";"";"";"";"";""
30.11.2022 17:39:40;1669826380000;880f01e687e2572cea04e80fc6a68085;163231;OK;1809;0;1;0;0;-0,02;-54,74;0;0;574;337;"";417,522;62,63;873,522;76,21;20,923;0,81;1,69;0,24;12,586;1,63;9,347;11,0;13,038;11,1;15,076;11,48;1423,361;149,17;450,396;54,08;60,907;15,98;4,259;10,43;2,119;10,22;0,765;10,09;2,455;24,577;0,53;30,349;3,34;6,852;0,66;6,195;1,41;960,359;1,0;"";"";20,239;2,5;154,853;15,67;"";"";13,395;19,78;30,8;"";"";"";"";"";"";"";"";"";"";"";"";"";"";"";"";"";"";"";"";"";"";"";"";"";"";"";"";"";"";"";"";"";"";"";"";"";"";"";"";"";"";"";"";"";"";"";"";"";"";"";"";"";"";"";"";"";"";"";"";"";"";"";"";""
30.11.2022 17:41:40;1669826500000;880f01e687e2572cea04e80fc6a68085;163352;OK;1797;0;0;0;0;0,05;-6,71;0;0;593;330;"";421,365;63,2;882,221;76,47;20,925;0,81;1,693;0,24;12,233;1,61;8,869;11,0;12,184;11,01;14,884;11,35;1360,772;143,08;430,431;52,02;66,114;16,49;6,371;10,57;4,248;10,38;0,417;10,01;2,904;24,596;0,53;30,403;3,34;6,871;0,66;6,236;1,41;960,36;1,0;"";"";20,142;2,51;155,093;15,69;"";"";15,425;18,79;52,7;"";"";"";"";"";"";"";"";"";"";"";"";"";"";"";"";"";"";"";"";"";"";"";"";"";"";"";"";"";"";"";"";"";"";"";"";"";"";"";"";"";"";"";"";"";"";"";"";"";"";"";"";"";"";"";"";"";"";"";"";"";"";"";"";""
30.11.2022 17:43:40;1669826620000;880f01e687e2572cea04e80fc6a68085;163472;OK;1818;1;0;0;0;0,1;79,5;0;0;561;318;"";426,129;63,92;898,2059;76,95;20,925;0,81;1,694;0,24;11,93;1,6;9,7;11,0;14,354;11,36;15,675;11,59;1493,073;156,04;470,32;56,01;79,28501;17,79;4,171;10,39;1,624;10,05;0,519;10,0;2,168;24,613;0,53;30,401;3,34;6,878;0,66;6,251;1,41;960,365;1,0;"";"";20,184;2,5;155,088;15,69;"";"";14,819;19,54;59,7;"";"";"";"";"";"";"";"";"";"";"";"";"";"";"";"";"";"";"";"";"";"";"";"";"";"";"";"";"";"";"";"";"";"";"";"";"";"";"";"";"";"";"";"";"";"";"";"";"";"";"";"";"";"";"";"";"";"";"";"";"";"";"";"";""
30.11.2022 17:45:41;1669826741000;880f01e687e2572cea04e80fc6a68085;163593;OK;1789;1;0;0;0;0,03;41,94;0;0;550;324;"";425,456;63,82;885,726;76,57;20,925;0,81;1,695;0,24;11,533;1,59;9,986;11,0;13,495;11,14;15,412;11,52;1499,347;156,69;461,692;55,14;65,898;16,44;4,495;10,47;2,379;10,16;0,054;10,0;2,433;24,632;0,53;30,306;3,34;6,864;0,66;6,222;1,41;960,367;1,0;"";"";19,921;2,52;154,821;15,68;"";"";19,22;17,16;55,9;"";"";"";"";"";"";"";"";"";"";"";"";"";"";"";"";"";"";"";"";"";"";"";"";"";"";"";"";"";"";"";"";"";"";"";"";"";"";"";"";"";"";"";"";"";"";"";"";"";"";"";"";"";"";"";"";"";"";"";"";"";"";"";"";""
30.11.2022 17:47:40;1669826860000;880f01e687e2572cea04e80fc6a68085;163713;OK;1797;0;1;0;0;-0,04;-40,4;0;0;612;328;"";427,328;64,1;876,422;76,29;20,926;0,81;1,698;0,24;11,172;1,6;8,363;11,0;11,257;11,01;12,579;11,1;1307,324;137,89;404,319;49,49;61,286;16,01;2,749;10,18;1,69;10,1;0,006;10,0;2,207;24,646;0,53;30,329;3,34;6,874;0,66;6,245;1,41;960,3829;1,0;"";"";19,77;2,52;154,331;15,65;"";"";18,3;18,02;61,7;"";"";"";"";"";"";"";"";"";"";"";"";"";"";"";"";"";"";"";"";"";"";"";"";"";"";"";"";"";"";"";"";"";"";"";"";"";"";"";"";"";"";"";"";"";"";"";"";"";"";"";"";"";"";"";"";"";"";"";"";"";"";"";"";""
30.11.2022 17:49:43;1669826983000;880f01e687e2572cea04e80fc6a68085;163834;OK;1812;0;1;0;0;0,02;-65,45;0;0;583;325;"";429,81;64,47;880,609;76,42;20,925;0,81;1,699;0,24;10,912;1,61;9,098;11,0;13,983;11,36;15,397;11,45;1456,883;152,48;459,376;54,96;75,973;17,45;3,878;10,28;1,711;10,12;0,129;10,0;2,256;24,668;0,53;30,365;3,34;6,891;0,67;6,281;1,41;960,398;1,0;"";"";19,749;2,53;153,713;15,62;"";"";14,831;19,19;69,7;"";"";"";"";"";"";"";"";"";"";"";"";"";"";"";"";"";"";"";"";"";"";"";"";"";"";"";"";"";"";"";"";"";"";"";"";"";"";"";"";"";"";"";"";"";"";"";"";"";"";"";"";"";"";"";"";"";"";"";"";"";"";"";"";""
30.11.2022 17:51:43;1669827103000;880f01e687e2572cea04e80fc6a68085;163955;OK;1804;0;0;0;0;0,02;-7,63;0;0;579;324;"";428,543;64,28;878,1879;76,35;20,925;0,81;1,701;0,24;10,537;1,63;9,188;11,0;12,274;11,04;14,296;11,19;1388,902;145,9;438,137;52,87;61,916;16,07;3,94;10,33;2,965;10,31;0,174;10,0;2,559;24,68;0,53;30,27;3,34;6,874;0,67;6,246;1,41;960,407;1,0;"";"";19,654;2,53;153,258;15,6;"";"";24,85;15,06;67,3;"";"";"";"";"";"";"";"";"";"";"";"";"";"";"";"";"";"";"";"";"";"";"";"";"";"";"";"";"";"";"";"";"";"";"";"";"";"";"";"";"";"";"";"";"";"";"";"";"";"";"";"";"";"";"";"";"";"";"";"";"";"";"";"";""
30.11.2022 17:53:43;1669827223000;880f01e687e2572cea04e80fc6a68085;164075;OK;1810;0;0;0;0;0,05;20,09;0;0;581;321;"";432,282;64,84;883,529;76,51;20,921;0,81;1,701;0,24;10,333;1,64;9,139;11,0;14,27;11,14;15,153;11,35;1448,75;151,69;456,667;54,68;79,929;17,84;5,1;10,51;1,095;10,09;0,27;10,0;1,975;24,689;0,53;30,34;3,34;6,894;0,67;6,288;1,41;960,4219;1,0;"";"";19,517;2,54;152,638;15,57;"";"";15,052;20,54;68,80001;"";"";"";"";"";"";"";"";"";"";"";"";"";"";"";"";"";"";"";"";"";"";"";"";"";"";"";"";"";"";"";"";"";"";"";"";"";"";"";"";"";"";"";"";"";"";"";"";"";"";"";"";"";"";"";"";"";"";"";"";"";"";"";"";""
30.11.2022 17:55:44;1669827344000;880f01e687e2572cea04e80fc6a68085;164196;OK;1794;0;0;0;0;0,04;-3,57;0;0;569;324;"";428,836;64,33;879,2299;76,38;20,922;0,81;1,702;0,24;10,169;1,65;9,477;11,0;14,56;11,24;16,347;11,62;1452,683;152,16;459,833;54,99;75,881;17,45;7,016;10,7;2,175;10,18;0,682;10,06;2,37;24,699;0,53;30,34;3,34;6,897;0,67;6,296;1,41;960,434;1,0;"";"";19,434;2,54;152,661;15,57;"";"";18,077;17,89;57,1;"";"";"";"";"";"";"";"";"";"";"";"";"";"";"";"";"";"";"";"";"";"";"";"";"";"";"";"";"";"";"";"";"";"";"";"";"";"";"";"";"";"";"";"";"";"";"";"";"";"";"";"";"";"";"";"";"";"";"";"";"";"";"";"";""
30.11.2022 17:57:45;1669827465000;880f01e687e2572cea04e80fc6a68085;164317;OK;1808;0;0;0;0;0,15;6,9;0;0;605;317;"";438,393;65,76;889,433;76,68;20,923;0,81;1,704;0,25;10,171;1,65;8,549;11,0;11,828;11,04;14,409;11,27;1341,959;141,27;422,45;51,39;62,472;16,12;6,629;10,74;3,843;10,49;1,172;10,16;2,913;24,709;0,53;30,519;3,33;6,942;0,67;6,39;1,4;960,448;1,0;"";"";19,536;2,54;152,967;15,59;"";"";15,703;18,9;58,7;"";"";"";"";"";"";"";"";"";"";"";"";"";"";"";"";"";"";"";"";"";"";"";"";"";"";"";"";"";"";"";"";"";"";"";"";"";"";"";"";"";"";"";"";"";"";"";"";"";"";"";"";"";"";"";"";"";"";"";"";"";"";"";"";""
30.11.2022 17:59:44;1669827584000;880f01e687e2572cea04e80fc6a68085;164436;OK;1801;1;0;0;0;0,09;79,36;0;0;571;308;"";425,234;63,79;905,521;77,17;20,929;0,81;1,706;0,25;9,972;1,66;9,43;11,0;13,117;11,17;16,413;11,63;1421,072;148,99;448,549;53,9;62,68;16,14;7,549;10,95;4,831;10,64;0,184;10,02;3,148;24,714;0,53;30,415;3,34;6,92;0,67;6,345;1,41;960,4569;1,0;"";"";19,568;2,53;153,437;15,61;"";"";13,503;19,82;71,30001;"";"";"";"";"";"";"";"";"";"";"";"";"";"";"";"";"";"";"";"";"";"";"";"";"";"";"";"";"";"";"";"";"";"";"";"";"";"";"";"";"";"";"";"";"";"";"";"";"";"";"";"";"";"";"";"";"";"";"";"";"";"";"";"";""
30.11.2022 18:01:46;1669827706000;880f01e687e2572cea04e80fc6a68085;164559;OK;1780;1;0;0;0;0,05;81,76001;0;0;548;309;"";418,305;62,75;904,4311;77,13;20,927;0,81;1,706;0,25;9,721;1,67;10,043;11,0;12,785;11,07;14,51;11,16;1378,273;144,85;435,609;52,65;61,718;15,96;4,096;10,38;1,816;10,09;0,428;10,0;2,337;24,724;0,53;30,369;3,34;6,914;0,67;6,332;1,41;960,44;1,0;"";"";19,33;2,55;153,106;15,6;"";"";13,05;19,98;13,0;"";"";"";"";"";"";"";"";"";"";"";"";"";"";"";"";"";"";"";"";"";"";"";"";"";"";"";"";"";"";"";"";"";"";"";"";"";"";"";"";"";"";"";"";"";"";"";"";"";"";"";"";"";"";"";"";"";"";"";"";"";"";"";"";""
30.11.2022 18:03:45;1669827825000;880f01e687e2572cea04e80fc6a68085;164677;OK;1793;0;0;0;0;-0,14;-20,94;0;0;559;325;"";408,347;61,25;880,221;76,41;20,934;0,81;1,705;0,25;9,421;1,69;9,754;11,0;13,57;11,2;15,018;11,28;1430,516;149,87;446,611;53,75;73,192;17,12;3,912;10,28;1,11;10,06;0,179;10,0;2,153;24,732;0,53;30,247;3,34;6,889;0,67;6,279;1,42;960,4219;1,0;"";"";18,979;2,56;151,904;15,53;"";"";13,005;20,0;13,0;"";"";"";"";"";"";"";"";"";"";"";"";"";"";"";"";"";"";"";"";"";"";"";"";"";"";"";"";"";"";"";"";"";"";"";"";"";"";"";"";"";"";"";"";"";"";"";"";"";"";"";"";"";"";"";"";"";"";"";"";"";"";"";"";""
30.11.2022 18:05:47;1669827947000;880f01e687e2572cea04e80fc6a68085;164799;OK;1800;0;1;0;0;-0,13;-106,97;0;0;579;326;"";406,145;60,92;877,929;76,34;20,931;0,81;1,705;0,25;9,213;1,7;9,197;11,0;12,355;11,02;14,171;11,24;1438,297;150,74;453,707;54,33;67,126;16,53;4,991;10,46;2,447;10,14;0,018;10,0;2,465;24,742;0,53;30,196;3,34;6,881;0,67;6,264;1,42;960,407;1,0;"";"";18,668;2,58;150,834;15,48;"";"";13,001;20,0;13,0;"";"";"";"";"";"";"";"";"";"";"";"";"";"";"";"";"";"";"";"";"";"";"";"";"";"";"";"";"";"";"";"";"";"";"";"";"";"";"";"";"";"";"";"";"";"";"";"";"";"";"";"";"";"";"";"";"";"";"";"";"";"";"";"";""
30.11.2022 18:07:46;1669828066000;880f01e687e2572cea04e80fc6a68085;164918;OK;1805;0;1;0;0;-0,11;-60,9;0;0;561;326;"";403,191;60,48;877,314;76,32;20,928;0,81;1,705;0,25;9,084;1,7;9,693;11,0;13,886;11,19;16,841;11,85;1483,25;155,14;464,471;55,48;71,844;16,99;7,703;10,89;3,778;10,4;0,243;10,0;2,942;24,748;0,53;30,144;3,34;6,871;0,67;6,244;1,42;960,403;1,0;"";"";18,445;2,59;150,108;15,44;"";"";13,96;19,61;64,6;"";"";"";"";"";"";"";"";"";"";"";"";"";"";"";"";"";"";"";"";"";"";"";"";"";"";"";"";"";"";"";"";"";"";"";"";"";"";"";"";"";"";"";"";"";"";"";"";"";"";"";"";"";"";"";"";"";"";"";"";"";"";"";"";""
30.11.2022 18:09:47;1669828187000;880f01e687e2572cea04e80fc6a68085;165039;OK;1797;0;1;0;0;-0,06;-56,76;0;0;552;339;"";402,178;60,33;856,354;75,69;20,928;0,81;1,705;0,25;9,123;1,7;9,927;11,0;14,684;11,28;16,734;11,9;1479,633;154,72;466,728;55,71;79,28;17,7;5,883;10,69;1,572;10,1;0,679;10,0;2,525;24,752;0,53;30,075;3,34;6,858;0,67;6,215;1,43;960,4119;1,0;"";"";18,382;2,59;149,458;15,41;"";"";13,248;19,88;36,6;"";"";"";"";"";"";"";"";"";"";"";"";"";"";"";"";"";"";"";"";"";"";"";"";"";"";"";"";"";"";"";"";"";"";"";"";"";"";"";"";"";"";"";"";"";"";"";"";"";"";"";"";"";"";"";"";"";"";"";"";"";"";"";"";""
30.11.2022 18:11:46;1669828306000;880f01e687e2572cea04e80fc6a68085;165158;OK;1787;0;1;0;0;0,0;-85,22;0;0;558;342;"";404,092;60,61;853,513;75,61;20,928;0,81;1,706;0,25;9,089;1,7;9,765;11,0;15,115;11,36;16,598;11,54;1456,489;152,51;461,691;55,17;83,48001;18,14;6,93;10,64;1,6;10,1;0,479;10,0;2,243;24,756;0,53;30,231;3,34;6,895;0,67;6,293;1,42;960,4099;1,0;"";"";18,328;2,6;150,069;15,44;"";"";13,019;20,05;13,0;"";"";"";"";"";"";"";"";"";"";"";"";"";"";"";"";"";"";"";"";"";"";"";"";"";"";"";"";"";"";"";"";"";"";"";"";"";"";"";"";"";"";"";"";"";"";"";"";"";"";"";"";"";"";"";"";"";"";"";"";"";"";"";"";""
30.11.2022 18:13:48;1669828428000;880f01e687e2572cea04e80fc6a68085;165279;OK;1806;0;0;0;0;0,34;-10,52;0;0;570;333;"";409,623;61,44;872,5269;76,18;20,931;0,81;1,706;0,25;9,326;1,69;9,443;11,0;13,074;11,04;15,698;11,61;1475,152;154,29;454,644;54,5;67,028;16,58;6,755;10,71;3,72;10,4;0,049;10,0;2,828;24,764;0,53;30,606;3,33;6,983;0,67;6,479;1,4;960,434;1,0;"";"";18,692;2,58;153,595;15,63;"";"";13,002;20,01;13,0;"";"";"";"";"";"";"";"";"";"";"";"";"";"";"";"";"";"";"";"";"";"";"";"";"";"";"";"";"";"";"";"";"";"";"";"";"";"";"";"";"";"";"";"";"";"";"";"";"";"";"";"";"";"";"";"";"";"";"";"";"";"";"";"";""
30.11.2022 18:15:48;1669828548000;880f01e687e2572cea04e80fc6a68085;165400;OK;1797;0;0;0;0;0,16;6,17;0;0;578;347;"";397,179;59,58;844,32;75,33;20,933;0,81;1,706;0,25;9,112;1,7;9,231;11,0;12,427;11,07;15,08;11,36;1446,158;151,5;455,113;54,51;65,163;16,39;6,331;10,58;4,016;10,43;0,423;10,03;2,849;24,784;0,53;30,117;3,34;6,88;0,67;6,262;1,42;960,467;1,0;"";"";18,623;2,58;154,28;15,67;"";"";13,0;20,0;13,0;"";"";"";"";"";"";"";"";"";"";"";"";"";"";"";"";"";"";"";"";"";"";"";"";"";"";"";"";"";"";"";"";"";"";"";"";"";"";"";"";"";"";"";"";"";"";"";"";"";"";"";"";"";"";"";"";"";"";"";"";"";"";"";"";""
30.11.2022 18:17:49;1669828669000;880f01e687e2572cea04e80fc6a68085;165520;OK;1820;0;1;0;0;-0,33;-121,99;0;0;562;363;"";387,492;58,12;814,169;74,43;20,934;0,81;1,706;0,25;8,771;1,72;9,652;11,0;13,235;11,01;14,916;11,45;1448,94;151,73;456,602;54,66;75,457;17,4;4,06;10,36;2,225;10,25;0,045;10,0;2,33;24,8;0,53;29,768;3,35;6,806;0,67;6,107;1,44;960,506;1,0;"";"";18,024;2,61;152,397;15,57;"";"";13,0;20,0;13,0;"";"";"";"";"";"";"";"";"";"";"";"";"";"";"";"";"";"";"";"";"";"";"";"";"";"";"";"";"";"";"";"";"";"";"";"";"";"";"";"";"";"";"";"";"";"";"";"";"";"";"";"";"";"";"";"";"";"";"";"";"";"";"";"";""
30.11.2022 18:19:50;1669828790000;880f01e687e2572cea04e80fc6a68085;165642;OK;1801;0;1;0;0;-0,5;-173,82;0;0;543;360;"";394,432;59,16;819,644;74,59;20,933;0,81;1,705;0,25;8,746;1,72;10,179;11,0;12,742;11,0;16,309;11,63;1468,88;153,73;453,599;54,41;62,587;16,13;5,003;10,49;3,904;10,32;1,378;10,12;3,12;24,81;0,53;29,864;3,35;6,832;0,67;6,163;1,44;960,514;1,0;"";"";17,846;2,62;151,423;15,52;"";"";13,0;20,0;13,0;"";"";"";"";"";"";"";"";"";"";"";"";"";"";"";"";"";"";"";"";"";"";"";"";"";"";"";"";"";"";"";"";"";"";"";"";"";"";"";"";"";"";"";"";"";"";"";"";"";"";"";"";"";"";"";"";"";"";"";"";"";"";"";"";""
30.11.2022 18:21:49;1669828909000;880f01e687e2572cea04e80fc6a68085;165761;OK;1803;1;0;0;0;0,05;39,17;0;0;546;334;"";403,5;60,52;861,077;75,83;20,927;0,81;1,706;0,25;9,067;1,7;10,1;11,0;13,505;11,11;15,767;11,58;1502,568;157,0;471,39;56,14;64,598;16,27;5,918;10,48;3,397;10,29;0,242;10,01;2,574;24,814;0,53;30,158;3,34;6,901;0,67;6,308;1,42;960,506;1,0;"";"";18,182;2,6;153,033;15,6;"";"";13,0;20,0;13,0;"";"";"";"";"";"";"";"";"";"";"";"";"";"";"";"";"";"";"";"";"";"";"";"";"";"";"";"";"";"";"";"";"";"";"";"";"";"";"";"";"";"";"";"";"";"";"";"";"";"";"";"";"";"";"";"";"";"";"";"";"";"";"";"";""
30.11.2022 18:23:51;1669829031000;880f01e687e2572cea04e80fc6a68085;165883;OK;1813;3;0;0;0;0,23;177,38;0;0;573;331;"";400,186;60,03;864,427;75,93;20,928;0,81;1,708;0,25;9,059;1,7;9,365;11,0;13,479;11,11;15,469;11,56;1422,817;149,18;449,515;54,05;68,14;16,7;4,444;10,3;1,926;10,09;0,489;10,0;2,513;24,815;0,53;30,015;3,34;6,868;0,67;6,24;1,43;960,495;1,0;"";"";18,433;2,59;154,005;15,65;"";"";13,0;20,0;13,0;"";"";"";"";"";"";"";"";"";"";"";"";"";"";"";"";"";"";"";"";"";"";"";"";"";"";"";"";"";"";"";"";"";"";"";"";"";"";"";"";"";"";"";"";"";"";"";"";"";"";"";"";"";"";"";"";"";"";"";"";"";"";"";"";""
30.11.2022 18:25:52;1669829152000;880f01e687e2572cea04e80fc6a68085;166004;OK;1793;1;0;0;0;0,07;98,15001;0;0;592;333;"";399,16;59,87;859,927;75,8;20,933;0,81;1,709;0,25;8,986;1,71;8,868;11,0;12,468;11,03;13,521;11,2;1390,001;146,0;434,473;52,53;64,795;16,36;5,044;10,45;1,265;10,01;0,305;10,0;2,064;24,813;0,53;30,007;3,34;6,866;0,67;6,235;1,43;960,502;1,0;"";"";18,552;2,59;153,97;15,65;"";"";13,0;20,0;13,0;"";"";"";"";"";"";"";"";"";"";"";"";"";"";"";"";"";"";"";"";"";"";"";"";"";"";"";"";"";"";"";"";"";"";"";"";"";"";"";"";"";"";"";"";"";"";"";"";"";"";"";"";"";"";"";"";"";"";"";"";"";"";"";"";""
30.11.2022 18:27:51;1669829271000;880f01e687e2572cea04e80fc6a68085;166123;OK;1810;0;0;0;0;-0,03;-15,83;0;0;603;334;"";397,755;59,66;861,93;75,86;20,934;0,81;1,709;0,25;9,034;1,71;8,587;11,0;12,287;11,01;13,313;11,09;1372,478;144,24;428,368;51,97;60,097;15,83;3,345;10,28;1,383;10,09;0,033;10,0;2,094;24,814;0,53;30,125;3,34;6,893;0,67;6,293;1,42;960,525;1,0;"";"";18,663;2,58;153,248;15,61;"";"";13,0;20,0;13,0;"";"";"";"";"";"";"";"";"";"";"";"";"";"";"";"";"";"";"";"";"";"";"";"";"";"";"";"";"";"";"";"";"";"";"";"";"";"";"";"";"";"";"";"";"";"";"";"";"";"";"";"";"";"";"";"";"";"";"";"";"";"";"";"";""
30.11.2022 18:29:53;1669829393000;880f01e687e2572cea04e80fc6a68085;166245;OK;1799;0;0;0;0;0,02;-13,47;0;0;565;336;"";391,763;58,76;857,643;75,73;20,935;0,81;1,709;0,25;9,071;1,7;9,591;11,0;14,361;11,36;15,294;11,48;1461,56;153,03;461,424;55,18;69,482;16,79;6,656;10,58;1,499;10,1;0,003;10,0;2,0;24,816;0,53;30,014;3,34;6,868;0,67;6,241;1,43;960,544;1,0;"";"";18,588;2,58;152,827;15,59;"";"";13,0;20,0;13,0;"";"";"";"";"";"";"";"";"";"";"";"";"";"";"";"";"";"";"";"";"";"";"";"";"";"";"";"";"";"";"";"";"";"";"";"";"";"";"";"";"";"";"";"";"";"";"";"";"";"";"";"";"";"";"";"";"";"";"";"";"";"";"";"";""
30.11.2022 18:31:51;1669829511000;880f01e687e2572cea04e80fc6a68085;166364;OK;1794;0;1;0;0;-0,12;-54,92;0;0;602;348;"";383,749;57,56;835,95;75,08;20,934;0,81;1,709;0,25;8,902;1,71;8,636;11,0;13,046;11,35;14,655;11,45;1424,788;149,47;446,902;53,72;71,588;17,05;6,165;10,6;1,48;10,04;0,357;10,0;2,368;24,823;0,53;29,855;3,35;6,835;0,67;6,17;1,44;960,563;1,0;"";"";18,33;2,6;152,35;15,57;"";"";13,0;20,0;13,0;"";"";"";"";"";"";"";"";"";"";"";"";"";"";"";"";"";"";"";"";"";"";"";"";"";"";"";"";"";"";"";"";"";"";"";"";"";"";"";"";"";"";"";"";"";"";"";"";"";"";"";"";"";"";"";"";"";"";"";"";"";"";"";"";""
30.11.2022 18:33:53;1669829633000;880f01e687e2572cea04e80fc6a68085;166485;OK;1810;0;1;0;0;-0,2;-121,15;0;0;569;358;"";385,703;57,86;820,661;74,62;20,936;0,81;1,708;0,25;8,872;1,71;9,485;11,0;14,683;11,42;18,046;11,88;1475,702;154,4;461,933;55,29;73,922;17,2;9,475;10,85;4,053;10,44;0,375;10,0;3,046;24,827;0,53;29,854;3,35;6,836;0,67;6,172;1,44;960,585;1,0;"";"";17,961;2,62;152,38;15,57;"";"";13,537;19,83;71,4;"";"";"";"";"";"";"";"";"";"";"";"";"";"";"";"";"";"";"";"";"";"";"";"";"";"";"";"";"";"";"";"";"";"";"";"";"";"";"";"";"";"";"";"";"";"";"";"";"";"";"";"";"";"";"";"";"";"";"";"";"";"";"";"";""
30.11.2022 18:35:53;1669829753000;880f01e687e2572cea04e80fc6a68085;166606;OK;1785;0;1;0;0;-0,21;-121,56;0;0;571;360;"";373,606;56,04;811,8159;74,35;20,939;0,81;1,708;0,25;8,836;1,72;9,422;11,0;12,39;11,07;15,321;11,43;1408,877;147,89;444,524;53,52;60,393;15,97;5,286;10,58;3,004;10,33;1,256;10,15;2,928;24,838;0,53;29,545;3,35;6,769;0,68;6,031;1,46;960,596;1,0;"";"";17,816;2,62;152,592;15,58;"";"";13,055;19,98;13,0;"";"";"";"";"";"";"";"";"";"";"";"";"";"";"";"";"";"";"";"";"";"";"";"";"";"";"";"";"";"";"";"";"";"";"";"";"";"";"";"";"";"";"";"";"";"";"";"";"";"";"";"";"";"";"";"";"";"";"";"";"";"";"";"";""
30.11.2022 18:37:53;1669829873000;880f01e687e2572cea04e80fc6a68085;166725;OK;1809;0;1;0;0;-0,35;-140,31;0;0;562;379;"";355,744;53,36;780,1;73,4;20,945;0,81;1,707;0,25;8,227;1,75;9,666;11,0;12,058;11,01;16,056;11,6;1447,74;151,66;450,658;54,08;58,26;15,68;6,106;10,56;5,137;10,45;0,671;10,02;3,394;24,843;0,53;29,293;3,36;6,713;0,68;5,911;1,47;960,61;1,0;"";"";17,085;2,66;150,96;15,5;"";"";13,006;20,0;13,0;"";"";"";"";"";"";"";"";"";"";"";"";"";"";"";"";"";"";"";"";"";"";"";"";"";"";"";"";"";"";"";"";"";"";"";"";"";"";"";"";"";"";"";"";"";"";"";"";"";"";"";"";"";"";"";"";"";"";"";"";"";"";"";"";""
30.11.2022 18:39:55;1669829995000;880f01e687e2572cea04e80fc6a68085;166847;OK;1799;0;1;0;0;-0,33;-146,03;0;0;576;383;"";351,414;52,71;774,704;73,24;20,946;0,81;1,706;0,25;7,968;1,76;9,302;11,0;11,511;11,0;13,023;11,09;1371,38;144,21;433,824;52,46;59,191;15,8;2,274;10,08;1,447;10,07;0,069;10,0;2,221;24,851;0,53;29,28;3,36;6,713;0,68;5,911;1,47;960,615;1,0;"";"";16,709;2,68;150,056;15,45;"";"";13,001;20,0;13,0;"";"";"";"";"";"";"";"";"";"";"";"";"";"";"";"";"";"";"";"";"";"";"";"";"";"";"";"";"";"";"";"";"";"";"";"";"";"";"";"";"";"";"";"";"";"";"";"";"";"";"";"";"";"";"";"";"";"";"";"";"";"";"";"";""
30.11.2022 18:41:54;1669830114000;880f01e687e2572cea04e80fc6a68085;166966;OK;1807;0;1;0;0;-0,13;-120,95;0;0;551;386;"";348,869;52,33;768,855;73,07;20,946;0,81;1,706;0,25;7,953;1,76;9,943;11,0;13,071;11,22;14,696;11,25;1448,723;151,74;454,172;54,43;59,972;15,82;3,888;10,37;1,962;10,16;0,817;10,0;2,315;24,859;0,53;29,25;3,36;6,71;0,68;5,904;1,48;960,605;1,0;"";"";16,597;2,68;149,721;15,43;"";"";14,482;19,48;63,9;"";"";"";"";"";"";"";"";"";"";"";"";"";"";"";"";"";"";"";"";"";"";"";"";"";"";"";"";"";"";"";"";"";"";"";"";"";"";"";"";"";"";"";"";"";"";"";"";"";"";"";"";"";"";"";"";"";"";"";"";"";"";"";"";""
30.11.2022 18:43:55;1669830235000;880f01e687e2572cea04e80fc6a68085;167087;OK;1804;1;0;0;0;0,4;73,5;0;0;562;357;"";390,035;58,51;821,8679;74,66001;20,938;0,81;1,706;0,25;8,458;1,73;9,649;11,0;12,807;11,03;13,999;11,16;1422,884;149,23;448,854;53,94;65,992;16,43;2,576;10,26;1,122;10,1;0,084;10,0;2,07;24,862;0,53;29,957;3,34;6,873;0,68;6,252;1,43;960,614;1,0;"";"";17,032;2,66;151,128;15,51;"";"";26,069;15,2;85,6;"";"";"";"";"";"";"";"";"";"";"";"";"";"";"";"";"";"";"";"";"";"";"";"";"";"";"";"";"";"";"";"";"";"";"";"";"";"";"";"";"";"";"";"";"";"";"";"";"";"";"";"";"";"";"";"";"";"";"";"";"";"";"";"";""
30.11.2022 18:45:55;1669830355000;880f01e687e2572cea04e80fc6a68085;167207;OK;1796;5;0;0;0;-0,17;261,23;0;0;579;331;"";305,155;45,77;842,5139;75,28;20,944;0,81;1,704;0,25;7,957;1,76;9,201;11,0;13,471;11,27;15,55;11,46;1349,427;142,05;428,928;51,9;67,456;16,58;5,34;10,56;2,346;10,15;0,009;10,0;2,571;24,837;0,53;28,605;3,37;6,554;0,69;5,557;1,52;960,612;1,0;"";"";16,826;2,67;144,223;15,14;"";"";16,391;18,7;70,3;"";"";"";"";"";"";"";"";"";"";"";"";"";"";"";"";"";"";"";"";"";"";"";"";"";"";"";"";"";"";"";"";"";"";"";"";"";"";"";"";"";"";"";"";"";"";"";"";"";"";"";"";"";"";"";"";"";"";"";"";"";"";"";"";""
30.11.2022 18:47:57;1669830477000;880f01e687e2572cea04e80fc6a68085;167328;OK;1803;0;1;0;0;-1,3;-51,92;0;0;556;400;"";239,144;35,87;737,2;72,12;20,957;0,81;1,697;0,24;6,442;1,83;9,824;11,0;12,754;11,03;14,272;11,21;1414,362;148,35;449,919;54,04;62,828;16,15;2,743;10,23;2,052;10,18;0,383;10,0;2,213;24,735;0,53;27,655;3,4;6,3;0,69;4,987;1,58;960,5949;1,0;"";"";14,491;2,79;123,438;14,03;"";"";13,35;19,87;13,0;"";"";"";"";"";"";"";"";"";"";"";"";"";"";"";"";"";"";"";"";"";"";"";"";"";"";"";"";"";"";"";"";"";"";"";"";"";"";"";"";"";"";"";"";"";"";"";"";"";"";"";"";"";"";"";"";"";"";"";"";"";"";"";"";""
30.11.2022 18:49:57;1669830597000;880f01e687e2572cea04e80fc6a68085;167450;OK;1793;0;1;0;0;-1,93;-399,71;0;0;537;429;"";222,971;33,45;703,464;71,1;20,946;0,81;1,688;0,24;5,204;1,89;10,364;11,0;15,052;11,36;16,202;11,66;1579,388;164,47;497,565;58,68;77,541;17,51;4,426;10,47;1,8;10,06;0,04;10,0;2,06;24,606;0,53;27,462;3,4;6,21;0,69;4,777;1,59;960,586;1,0;"";"";12,603;2,88;107,659;13,19;"";"";13,036;19,99;13,0;"";"";"";"";"";"";"";"";"";"";"";"";"";"";"";"";"";"";"";"";"";"";"";"";"";"";"";"";"";"";"";"";"";"";"";"";"";"";"";"";"";"";"";"";"";"";"";"";"";"";"";"";"";"";"";"";"";"";"";"";"";"";"";"";""
30.11.2022 18:51:57;1669830717000;880f01e687e2572cea04e80fc6a68085;167569;OK;1808;0;1;0;0;-1,13;-436,35;0;0;549;441;"";216,161;32,42;698,1339;70,94;20,94;0,81;1,679;0,24;4,607;1,92;10,007;11,0;14,512;11,26;16,438;11,52;1481,228;154,84;465,622;55,55;75,425;17,42;5,935;10,5;1,861;10,17;0,004;10,0;2,361;24,456;0,53;27,53;3,4;6,173;0,68;4,684;1,59;960,5949;1,0;"";"";11,765;2,92;98,847;12,71;"";"";14,784;19,27;61,5;"";"";"";"";"";"";"";"";"";"";"";"";"";"";"";"";"";"";"";"";"";"";"";"";"";"";"";"";"";"";"";"";"";"";"";"";"";"";"";"";"";"";"";"";"";"";"";"";"";"";"";"";"";"";"";"";"";"";"";"";"";"";"";"";""
30.11.2022 18:53:58;1669830838000;880f01e687e2572cea04e80fc6a68085;167690;OK;1797;0;1;0;0;-0,34;-89,87;0;0;559;452;"";209,131;31,37;693,859;70,82;20,94;0,81;1,67;0,24;4,77;1,91;9,748;11,0;12,969;11,11;14,886;11,3;1433,086;150,08;446,224;53,69;61,903;16,04;6,168;10,54;2,722;10,22;0,0;10,0;2,476;24,305;0,53;27,712;3,4;6,161;0,67;4,649;1,57;960,592;1,0;"";"";11,643;2,93;96,326;12,56;"";"";13,6;19,72;26,8;"";"";"";"";"";"";"";"";"";"";"";"";"";"";"";"";"";"";"";"";"";"";"";"";"";"";"";"";"";"";"";"";"";"";"";"";"";"";"";"";"";"";"";"";"";"";"";"";"";"";"";"";"";"";"";"";"";"";"";"";"";"";"";"";""
30.11.2022 18:55:58;1669830958000;880f01e687e2572cea04e80fc6a68085;167811;OK;1807;0;0;0;0;-0,11;-24,87;0;0;554;463;"";208,95;31,34;690,734;70,72;20,944;0,81;1,661;0,24;5,799;1,86;9,884;11,0;13,633;11,06;16,28;11,69;1481,985;154,84;469,226;55,86;69,036;16,75;7,356;10,72;4,423;10,57;0,903;10,0;2,751;24,178;0,53;27,917;3,4;6,162;0,67;4,645;1,56;960,5989;1,0;"";"";11,949;2,91;97,972;12,64;"";"";13,702;19,66;47,2;"";"";"";"";"";"";"";"";"";"";"";"";"";"";"";"";"";"";"";"";"";"";"";"";"";"";"";"";"";"";"";"";"";"";"";"";"";"";"";"";"";"";"";"";"";"";"";"";"";"";"";"";"";"";"";"";"";"";"";"";"";"";"";"";""
30.11.2022 18:57:59;1669831079000;880f01e687e2572cea04e80fc6a68085;167931;OK;1796;0;0;0;0;-0,07;-19,69;0;0;528;468;"";207,459;31,12;691,4279;70,74;20,938;0,81;1,654;0,24;7,194;1,79;10,586;11,0;15,204;11,41;17,827;11,84;1536,476;160,18;480,649;56,95;81,39701;17,87;6,862;10,66;2,998;10,28;0,093;10,0;2,665;24,079;0,53;27,973;3,4;6,14;0,66;4,589;1,55;960,604;1,0;"";"";12,695;2,87;100,568;12,77;"";"";13,072;19,97;13,0;"";"";"";"";"";"";"";"";"";"";"";"";"";"";"";"";"";"";"";"";"";"";"";"";"";"";"";"";"";"";"";"";"";"";"";"";"";"";"";"";"";"";"";"";"";"";"";"";"";"";"";"";"";"";"";"";"";"";"";"";"";"";"";"";""
30.11.2022 19:00:00;1669831200000;880f01e687e2572cea04e80fc6a68085;168052;OK;1785;0;0;0;0;-0,11;-5,4;0;0;542;474;"";201,389;30,21;691,804;70,75;20,937;0,81;1,647;0,24;8,719;1,72;10,199;11,0;13,058;11,04;13,5;11,11;1521,716;158,61;477,152;56,57;61,404;15,95;1,15;10,1;0,526;10,07;0,01;10,0;1,547;23,972;0,53;28,086;3,39;6,128;0,66;4,556;1,55;960,594;1,0;"";"";13,604;2,83;104,054;12,94;"";"";13,598;19,68;41,5;"";"";"";"";"";"";"";"";"";"";"";"";"";"";"";"";"";"";"";"";"";"";"";"";"";"";"";"";"";"";"";"";"";"";"";"";"";"";"";"";"";"";"";"";"";"";"";"";"";"";"";"";"";"";"";"";"";"";"";"";"";"";"";"";""
30.11.2022 19:02:00;1669831320000;880f01e687e2572cea04e80fc6a68085;168171;OK;1811;0;0;0;0;-0,1;-3,76;0;0;550;481;"";200,686;30,1;689,399;70,68;20,934;0,81;1,641;0,23;10,314;1,64;9,983;11,0;14,037;11,18;15,842;11,62;1492,165;155,7;472,438;56,06;75,719;17,33;5,977;10,51;1,985;10,17;0,084;10,0;2,352;23,877;0,53;28,222;3,39;6,124;0,65;4,543;1,54;960,5949;1,0;"";"";14,628;2,78;109,203;13,2;"";"";15,178;19,19;61,0;"";"";"";"";"";"";"";"";"";"";"";"";"";"";"";"";"";"";"";"";"";"";"";"";"";"";"";"";"";"";"";"";"";"";"";"";"";"";"";"";"";"";"";"";"";"";"";"";"";"";"";"";"";"";"";"";"";"";"";"";"";"";"";"";""
30.11.2022 19:04:00;1669831440000;880f01e687e2572cea04e80fc6a68085;168292;OK;1782;0;0;0;0;-0,07;-9,0;0;0;563;487;"";197,53;29,63;689,786;70,69;20,935;0,81;1,635;0,23;11,867;1,61;9,638;11,0;13,347;11,02;14,919;11,35;1402,963;147,0;447,887;53,73;67,005;16,59;5,244;10,58;2,126;10,2;1,368;10,13;2,266;23,786;0,53;28,322;3,39;6,114;0,65;4,515;1,53;960,603;1,0;"";"";15,586;2,73;114,226;13,46;"";"";13,32;19,9;22,1;"";"";"";"";"";"";"";"";"";"";"";"";"";"";"";"";"";"";"";"";"";"";"";"";"";"";"";"";"";"";"";"";"";"";"";"";"";"";"";"";"";"";"";"";"";"";"";"";"";"";"";"";"";"";"";"";"";"";"";"";"";"";"";"";""
30.11.2022 19:06:01;1669831561000;880f01e687e2572cea04e80fc6a68085;168413;OK;1805;0;0;0;0;-0,08;-6,27;0;0;546;492;"";195,565;29,33;688,597;70,66;20,931;0,81;1,629;0,23;13,411;1,68;10,102;11,0;13,035;11,0;14,935;11,52;1457,054;152,22;458,25;54,78;63,304;16,18;6,196;10,62;3,131;10,33;0,499;10,02;2,348;23,711;0,53;28,38;3,39;6,1;0,65;4,479;1,53;960,609;1,0;"";"";16,432;2,69;119,847;13,75;"";"";13,478;19,84;68,4;"";"";"";"";"";"";"";"";"";"";"";"";"";"";"";"";"";"";"";"";"";"";"";"";"";"";"";"";"";"";"";"";"";"";"";"";"";"";"";"";"";"";"";"";"";"";"";"";"";"";"";"";"";"";"";"";"";"";"";"";"";"";"";"";""
30.11.2022 19:08:02;1669831682000;880f01e687e2572cea04e80fc6a68085;168534;OK;1789;0;0;0;0;-0,07;-4,77;0;0;541;497;"";195,426;29,31;687,517;70,63;20,928;0,81;1,624;0,23;14,701;1,74;10,251;11,0;15,273;11,46;16,527;11,64;1542,558;160,52;489,166;57,82;81,95;17,99;4,805;10,52;1,827;10,12;0,121;10,0;2,1;23,642;0,53;28,488;3,39;6,1;0,64;4,475;1,52;960,623;1,0;"";"";17,346;2,64;125,363;14,03;"";"";13,537;19,81;64,3;"";"";"";"";"";"";"";"";"";"";"";"";"";"";"";"";"";"";"";"";"";"";"";"";"";"";"";"";"";"";"";"";"";"";"";"";"";"";"";"";"";"";"";"";"";"";"";"";"";"";"";"";"";"";"";"";"";"";"";"";"";"";"";"";""
30.11.2022 19:10:02;1669831802000;880f01e687e2572cea04e80fc6a68085;168654;OK;1804;0;1;0;0;-0,06;-25,05;0;0;565;507;"";192,255;28,84;679,496;70,38;20,927;0,81;1,62;0,23;15,777;1,8;9,573;11,0;12,571;11,13;15,165;11,37;1428,835;149,44;447,08;53,6;61,476;15,95;4,773;10,41;2,984;10,2;0,133;10,0;2,691;23,577;0,53;28,534;3,39;6,087;0,64;4,442;1,51;960,643;1,0;"";"";18,347;2,59;129,654;14,25;"";"";13,055;19,98;13,0;"";"";"";"";"";"";"";"";"";"";"";"";"";"";"";"";"";"";"";"";"";"";"";"";"";"";"";"";"";"";"";"";"";"";"";"";"";"";"";"";"";"";"";"";"";"";"";"";"";"";"";"";"";"";"";"";"";"";"";"";"";"";"";"";""
30.11.2022 19:12:03;1669831923000;880f01e687e2572cea04e80fc6a68085;168775;OK;1803;0;1;0;0;-0,05;-34,39;0;0;549;511;"";191,586;28,74;678,311;70,35;20,924;0,81;1,619;0,23;16,632;1,85;10,032;11,0;14,376;11,27;15,313;11,51;1509,721;157,3;469,645;55,81;64,705;16,31;4,347;10,39;1,309;10,08;0,014;10,0;1,92;23,511;0,53;28,63;3,39;6,085;0,64;4,433;1,51;960,6359;1,0;"";"";19,066;2,56;134,617;14,5;"";"";13,147;19,92;40,4;"";"";"";"";"";"";"";"";"";"";"";"";"";"";"";"";"";"";"";"";"";"";"";"";"";"";"";"";"";"";"";"";"";"";"";"";"";"";"";"";"";"";"";"";"";"";"";"";"";"";"";"";"";"";"";"";"";"";"";"";"";"";"";"";""
30.11.2022 19:14:03;1669832043000;880f01e687e2572cea04e80fc6a68085;168896;OK;1807;0;1;0;0;-0,07;-36,12;0;0;552;518;"";187,815;28,17;673,392;70,2;20,93;0,81;1,615;0,23;17,235;1,88;9,922;11,0;14,798;11,34;16,416;11,86;1582,728;164,4;494,537;58,29;75,987;17,47;5,741;10,67;2,763;10,24;0,076;10,0;2,301;23,46;0,53;28,653;3,39;6,072;0,64;4,4;1,51;960,66;1,0;"";"";19,785;2,52;138,9;14,72;"";"";13,202;19,9;44,5;"";"";"";"";"";"";"";"";"";"";"";"";"";"";"";"";"";"";"";"";"";"";"";"";"";"";"";"";"";"";"";"";"";"";"";"";"";"";"";"";"";"";"";"";"";"";"";"";"";"";"";"";"";"";"";"";"";"";"";"";"";"";"";"";""
30.11.2022 19:16:05;1669832165000;880f01e687e2572cea04e80fc6a68085;169016;OK;1801;0;1;0;0;-0,06;-29,39;0;0;543;523;"";186,814;28,02;670,513;70,12001;20,929;0,81;1,612;0,23;17,637;1,9;10,169;11,0;14,352;11,3;16,201;11,57;1588,155;164,95;493,385;58,09;65,005;16,33;4,589;10,38;1,597;10,1;0,478;10,02;2,294;23,404;0,53;28,731;3,39;6,069;0,63;4,391;1,5;960,6879;1,0;"";"";20,399;2,49;141,813;14,87;"";"";13,021;19,99;13,0;"";"";"";"";"";"";"";"";"";"";"";"";"";"";"";"";"";"";"";"";"";"";"";"";"";"";"";"";"";"";"";"";"";"";"";"";"";"";"";"";"";"";"";"";"";"";"";"";"";"";"";"";"";"";"";"";"";"";"";"";"";"";"";"";""
30.11.2022 19:18:05;1669832285000;880f01e687e2572cea04e80fc6a68085;169137;OK;1793;0;0;0;0;-0,06;-21,07;0;0;544;527;"";184,891;27,73;670,321;70,11;20,925;0,81;1,609;0,23;17,883;1,91;10,139;11,0;13,981;11,11;15,557;11,35;1509,832;157,26;479,266;56,75;71,161;16,95;3,969;10,47;1,812;10,04;0,241;10,0;2,249;23,344;0,53;28,785;3,39;6,06;0,63;4,366;1,5;960,687;1,0;"";"";20,911;2,47;143,91;14,97;"";"";14,572;19,32;55,9;"";"";"";"";"";"";"";"";"";"";"";"";"";"";"";"";"";"";"";"";"";"";"";"";"";"";"";"";"";"";"";"";"";"";"";"";"";"";"";"";"";"";"";"";"";"";"";"";"";"";"";"";"";"";"";"";"";"";"";"";"";"";"";"";""
30.11.2022 19:20:04;1669832404000;880f01e687e2572cea04e80fc6a68085;169256;OK;1813;0;0;0;0;-0,04;-14,83;0;0;560;533;"";181,669;27,25;666,459;69,99;20,925;0,81;1,606;0,23;18,142;1,93;9,706;11,0;14,287;11,09;15,206;11,38;1468,607;153,25;461,366;54,96;70,161;16,78;5,593;10,58;0,921;10,0;0,085;10,0;1,984;23,291;0,53;28,866;3,39;6,058;0,63;4,36;1,49;960,681;1,0;"";"";21,256;2,45;146,338;15,09;"";"";13,168;19,93;13,0;"";"";"";"";"";"";"";"";"";"";"";"";"";"";"";"";"";"";"";"";"";"";"";"";"";"";"";"";"";"";"";"";"";"";"";"";"";"";"";"";"";"";"";"";"";"";"";"";"";"";"";"";"";"";"";"";"";"";"";"";"";"";"";"";""
30.11.2022 19:22:05;1669832525000;880f01e687e2572cea04e80fc6a68085;169377;OK;1800;0;1;0;0;-0,03;-25,6;0;0;582;540;"";179,894;26,98;661,457;69,84;20,926;0,81;1,603;0,23;18,484;1,94;9,132;11,0;14,124;11,18;15,426;11,47;1457,61;152,16;466,199;55,45;74,953;17,36;4,572;10,51;1,56;10,2;0,347;10,0;2,173;23,245;0,53;28,917;3,39;6,053;0,63;4,346;1,49;960,692;1,0;"";"";21,615;2,43;148,934;15,23;"";"";13,502;19,8;57,5;"";"";"";"";"";"";"";"";"";"";"";"";"";"";"";"";"";"";"";"";"";"";"";"";"";"";"";"";"";"";"";"";"";"";"";"";"";"";"";"";"";"";"";"";"";"";"";"";"";"";"";"";"";"";"";"";"";"";"";"";"";"";"";"";""
30.11.2022 19:24:04;1669832644000;880f01e687e2572cea04e80fc6a68085;169496;OK;1787;0;0;0;0;-0,05;-24,58;0;0;543;540;"";177,772;26,67;663,15;69,89;20,923;0,81;1,6;0,23;18,74;1,96;10,172;11,0;14,03;11,25;15,385;11,45;1508,343;157,05;482,948;57,13;72,332;17,08;3,385;10,3;1,81;10,1;0,797;10,0;2,147;23,205;0,53;28,923;3,39;6,041;0,63;4,315;1,49;960,7059;1,0;"";"";22,025;2,41;150,925;15,33;"";"";13,778;19,71;69,3;"";"";"";"";"";"";"";"";"";"";"";"";"";"";"";"";"";"";"";"";"";"";"";"";"";"";"";"";"";"";"";"";"";"";"";"";"";"";"";"";"";"";"";"";"";"";"";"";"";"";"";"";"";"";"";"";"";"";"";"";"";"";"";"";""
30.11.2022 19:26:06;1669832766000;880f01e687e2572cea04e80fc6a68085;169617;OK;1806;0;0;0;0;-0,06;-17,38;0;0;551;546;"";174,816;26,22;659,073;69,77;20,925;0,81;1,598;0,23;18,973;1,97;9,956;11,0;13,22;11,1;15,305;11,48;1517,165;157,88;478,395;56,66;60,879;15,96;5,504;10,53;2,985;10,36;0,165;10,0;2,525;23,16;0,53;28,977;3,38;6,037;0,62;4,303;1,48;960,72;1,0;"";"";22,211;2,4;152,939;15,43;"";"";13,08;19,97;13,0;"";"";"";"";"";"";"";"";"";"";"";"";"";"";"";"";"";"";"";"";"";"";"";"";"";"";"";"";"";"";"";"";"";"";"";"";"";"";"";"";"";"";"";"";"";"";"";"";"";"";"";"";"";"";"";"";"";"";"";"";"";"";"";"";""
30.11.2022 19:28:07;1669832887000;880f01e687e2572cea04e80fc6a68085;169738;OK;1797;0;0;0;0;-0,07;-15,63;0;0;513;550;"";173,42;26,01;656,141;69,68;20,921;0,81;1,597;0,23;19,147;1,98;11,046;11,0;14,485;11,35;17,549;11,75;1556,293;161,74;496,326;58,39;66,047;16,42;4,932;10,49;3,62;10,34;1,541;10,13;2,832;23,134;0,53;28,989;3,38;6,03;0,62;4,286;1,48;960,745;1,0;"";"";22,328;2,4;155,17;15,54;"";"";13,554;19,75;55,8;"";"";"";"";"";"";"";"";"";"";"";"";"";"";"";"";"";"";"";"";"";"";"";"";"";"";"";"";"";"";"";"";"";"";"";"";"";"";"";"";"";"";"";"";"";"";"";"";"";"";"";"";"";"";"";"";"";"";"";"";"";"";"";"";""
30.11.2022 19:30:06;1669833006000;880f01e687e2572cea04e80fc6a68085;169858;OK;1815;0;1;0;0;-0,04;-31,11;0;0;540;553;"";172,307;25,85;652,37;69,57;20,923;0,81;1,595;0,23;19,135;1,98;10,28;11,0;14,773;11,21;18,003;11,88;1559,895;162,11;489,808;57,69;80,573;17,88;7,641;10,74;4,341;10,37;0,779;10,01;2,943;23,118;0,53;28,988;3,39;6,024;0,62;4,272;1,48;960,781;1,0;"";"";22,45;2,39;156,67;15,62;"";"";13,059;19,97;13,0;"";"";"";"";"";"";"";"";"";"";"";"";"";"";"";"";"";"";"";"";"";"";"";"";"";"";"";"";"";"";"";"";"";"";"";"";"";"";"";"";"";"";"";"";"";"";"";"";"";"";"";"";"";"";"";"";"";"";"";"";"";"";"";"";""
30.11.2022 19:32:07;1669833127000;880f01e687e2572cea04e80fc6a68085;169979;OK;1796;0;1;0;0;-0,05;-30,41;0;0;512;558;"";169,448;25,42;648,502;69,46;20,922;0,81;1,594;0,23;18,841;1,96;11,061;11,0;15,458;11,55;17,43;11,9;1626,626;168,58;510,907;59,86;75,629;17,34;4,687;10,4;1,958;10,15;0,403;10,0;2,352;23,086;0,53;28,992;3,39;6,014;0,62;4,246;1,48;960,792;1,0;"";"";22,666;2,38;156,942;15,63;"";"";13,863;19,58;46,7;"";"";"";"";"";"";"";"";"";"";"";"";"";"";"";"";"";"";"";"";"";"";"";"";"";"";"";"";"";"";"";"";"";"";"";"";"";"";"";"";"";"";"";"";"";"";"";"";"";"";"";"";"";"";"";"";"";"";"";"";"";"";"";"";""
30.11.2022 19:34:07;1669833247000;880f01e687e2572cea04e80fc6a68085;170099;OK;1805;0;1;0;0;-0,08;-30,67;0;0;547;562;"";167,122;25,07;645,3;69,36;20,919;0,81;1,593;0,23;18,444;1,94;10,086;11,0;13,611;11,22;15,472;11,55;1517,442;157,94;473,439;56,16;67,235;16,54;4,738;10,57;2,018;10,13;0,651;10,0;2,405;23,055;0,53;28,987;3,39;6,002;0,62;4,217;1,48;960,781;1,0;"";"";22,764;2,38;156,97;15,63;"";"";13,089;19,96;13,0;"";"";"";"";"";"";"";"";"";"";"";"";"";"";"";"";"";"";"";"";"";"";"";"";"";"";"";"";"";"";"";"";"";"";"";"";"";"";"";"";"";"";"";"";"";"";"";"";"";"";"";"";"";"";"";"";"";"";"";"";"";"";"";"";""
30.11.2022 19:36:08;1669833368000;880f01e687e2572cea04e80fc6a68085;170220;OK;1802;0;1;0;0;-0,08;-29,91;0;0;556;568;"";165,563;24,83;639,859;69,2;20,916;0,81;1,592;0,23;18,113;1,92;9,815;11,0;12,798;11,08;13,879;11,15;1496,405;155,87;471,332;55,98;63,669;16,18;2,128;10,17;0,833;10,01;0,067;10,0;1,993;23,023;0,53;29,029;3,39;6,0;0,62;4,21;1,48;960,7849;1,0;"";"";22,675;2,38;157,252;15,64;"";"";13,009;20,0;13,0;"";"";"";"";"";"";"";"";"";"";"";"";"";"";"";"";"";"";"";"";"";"";"";"";"";"";"";"";"";"";"";"";"";"";"";"";"";"";"";"";"";"";"";"";"";"";"";"";"";"";"";"";"";"";"";"";"";"";"";"";"";"";"";"";""
30.11.2022 19:38:09;1669833489000;880f01e687e2572cea04e80fc6a68085;170341;OK;1788;0;1;0;0;-0,04;-31,04;0;0;565;570;"";163,365;24,5;638,159;69,14;20,917;0,81;1,591;0,23;17,79;1,91;9,566;11,0;12,976;11,13;16,01;11,61;1409,308;147,39;443,168;53,27;69,232;16,71;5,158;10,42;3,521;10,24;0,972;10,14;2,907;23,002;0,53;29,066;3,38;6,001;0,62;4,21;1,48;960,793;1,0;"";"";22,695;2,38;157,33;15,64;"";"";13,156;19,93;52,4;"";"";"";"";"";"";"";"";"";"";"";"";"";"";"";"";"";"";"";"";"";"";"";"";"";"";"";"";"";"";"";"";"";"";"";"";"";"";"";"";"";"";"";"";"";"";"";"";"";"";"";"";"";"";"";"";"";"";"";"";"";"";"";"";""
30.11.2022 19:40:10;1669833610000;880f01e687e2572cea04e80fc6a68085;170462;OK;1797;0;0;0;0;-0,03;-17,07;0;0;539;570;"";164,234;24,64;640,203;69,21;20,918;0,81;1,59;0,23;17,44;1,89;10,296;11,0;14,023;11,16;16,867;11,68;1506,93;156,94;475,195;56,36;68,658;16,66;5,787;10,56;4,259;10,47;0,481;10,06;2,791;22,972;0,53;29,071;3,38;5,991;0,62;4,186;1,48;960,791;1,0;"";"";22,859;2,37;157,522;15,65;"";"";13,185;19,91;46,8;"";"";"";"";"";"";"";"";"";"";"";"";"";"";"";"";"";"";"";"";"";"";"";"";"";"";"";"";"";"";"";"";"";"";"";"";"";"";"";"";"";"";"";"";"";"";"";"";"";"";"";"";"";"";"";"";"";"";"";"";"";"";"";"";""
30.11.2022 19:42:10;1669833730000;880f01e687e2572cea04e80fc6a68085;170582;OK;1790;0;0;0;0;0,0;4,65;0;0;552;571;"";163,539;24,53;641,7069;69,25;20,919;0,81;1,588;0,22;17,204;1,88;9,936;11,0;14,539;11,28;15,945;11,5;1452,654;151,61;460,877;54,92;71,648;16,99;6,709;10,61;1,909;10,06;0,565;10,01;2,18;22,949;0,53;29,175;3,38;6,005;0,62;4,218;1,47;960,782;1,0;"";"";22,965;2,37;157,378;15,64;"";"";13,019;19,99;13,0;"";"";"";"";"";"";"";"";"";"";"";"";"";"";"";"";"";"";"";"";"";"";"";"";"";"";"";"";"";"";"";"";"";"";"";"";"";"";"";"";"";"";"";"";"";"";"";"";"";"";"";"";"";"";"";"";"";"";"";"";"";"";"";"";""
30.11.2022 19:44:11;1669833851000;880f01e687e2572cea04e80fc6a68085;170703;OK;1808;0;0;0;0;0,0;8,78;0;0;542;574;"";161,423;24,21;640,005;69,2;20,916;0,81;1,586;0,22;16,953;1,86;10,215;11,0;13,451;11,16;16,373;11,68;1543,337;160,36;491,139;57,91;67,404;16,67;6,023;10,69;3,872;10,39;0,87;10,03;2,901;22,916;0,53;29,193;3,38;5,997;0,61;4,198;1,47;960,7849;1,0;"";"";23,055;2,36;157,162;15,62;"";"";13,73;19,69;53,2;"";"";"";"";"";"";"";"";"";"";"";"";"";"";"";"";"";"";"";"";"";"";"";"";"";"";"";"";"";"";"";"";"";"";"";"";"";"";"";"";"";"";"";"";"";"";"";"";"";"";"";"";"";"";"";"";"";"";"";"";"";"";"";"";""
30.11.2022 19:46:12;1669833972000;880f01e687e2572cea04e80fc6a68085;170824;OK;1796;0;0;0;0;-0,02;-8,98;0;0;543;578;"";158,825;23,82;636,926;69,11;20,921;0,81;1,584;0,22;16,667;1,85;10,182;11,0;13,616;11,23;15,116;11,48;1547,882;160,87;488,664;57,66;64,902;16,3;3,246;10,3;1,85;10,08;0,254;10,0;2,176;22,882;0,53;29,197;3,38;5,986;0,61;4,17;1,47;960,796;1,0;"";"";23,07;2,36;157,292;15,63;"";"";13,075;19,97;13,0;"";"";"";"";"";"";"";"";"";"";"";"";"";"";"";"";"";"";"";"";"";"";"";"";"";"";"";"";"";"";"";"";"";"";"";"";"";"";"";"";"";"";"";"";"";"";"";"";"";"";"";"";"";"";"";"";"";"";"";"";"";"";"";"";""
30.11.2022 19:48:12;1669834092000;880f01e687e2572cea04e80fc6a68085;170944;OK;1811;0;1;0;0;-0,08;-31,82;0;0;545;585;"";156,277;23,44;629,902;68,9;20,921;0,81;1,583;0,22;16,482;1,84;10,125;11,0;12,748;11,02;13,682;11,05;1472,555;153,51;464,123;55,14;54,148;15,23;2,922;10,28;1,77;10,09;0,027;10,0;1,879;22,86;0,53;29,201;3,38;5,98;0,61;4,154;1,47;960,809;1,0;"";"";22,969;2,37;157,024;15,61;"";"";13,008;20,0;13,0;"";"";"";"";"";"";"";"";"";"";"";"";"";"";"";"";"";"";"";"";"";"";"";"";"";"";"";"";"";"";"";"";"";"";"";"";"";"";"";"";"";"";"";"";"";"";"";"";"";"";"";"";"";"";"";"";"";"";"";"";"";"";"";"";""
30.11.2022 19:50:12;1669834212000;880f01e687e2572cea04e80fc6a68085;171064;OK;1792;0;1;0;0;-0,07;-29,41;0;0;538;586;"";154,56;23,18;630,137;68,9;20,919;0,81;1,581;0,22;16,226;1,82;10,314;11,0;13,951;11,16;14,783;11,3;1472,508;153,42;466,276;55,45;67,01;16,51;2,266;10,18;0,783;10,05;0,481;10,04;1,842;22,834;0,53;29,213;3,38;5,973;0,61;4,136;1,47;960,818;1,0;"";"";22,924;2,37;156,661;15,59;"";"";13,492;19,75;54,2;"";"";"";"";"";"";"";"";"";"";"";"";"";"";"";"";"";"";"";"";"";"";"";"";"";"";"";"";"";"";"";"";"";"";"";"";"";"";"";"";"";"";"";"";"";"";"";"";"";"";"";"";"";"";"";"";"";"";"";"";"";"";"";"";""
30.11.2022 19:52:11;1669834331000;880f01e687e2572cea04e80fc6a68085;171183;OK;1805;0;1;0;0;-0,06;-27,05;0;0;514;592;"";151,397;22,71;624,041;68,72;20,916;0,81;1,579;0,22;15,903;1,81;11,014;11,0;14,066;11,2;15,537;11,49;1550,912;161,12;486,637;57,48;63,442;16,2;2,828;10,18;1,871;10,01;0,252;10,0;2,132;22,8;0,53;29,216;3,38;5,962;0,61;4,109;1,47;960,8419;1,0;"";"";22,663;2,38;156,471;15,57;"";"";14,231;19,54;69,7;"";"";"";"";"";"";"";"";"";"";"";"";"";"";"";"";"";"";"";"";"";"";"";"";"";"";"";"";"";"";"";"";"";"";"";"";"";"";"";"";"";"";"";"";"";"";"";"";"";"";"";"";"";"";"";"";"";"";"";"";"";"";"";"";""
30.11.2022 19:54:12;1669834452000;880f01e687e2572cea04e80fc6a68085;171304;OK;1798;0;0;0;0;-0,07;-20,71;0;0;531;594;"";151,812;22,77;622,989;68,69;20,916;0,81;1,579;0,22;15,754;1,8;10,526;11,0;15,004;11,51;15,873;11,59;1600,32;165,99;500,618;58,76;67,864;16,66;4,21;10,37;1,292;10,09;0,026;10,0;1,875;22,776;0,53;29,217;3,38;5,954;0,61;4,089;1,47;960,857;1,0;"";"";22,623;2,38;156,177;15,56;"";"";13,731;19,63;40,2;"";"";"";"";"";"";"";"";"";"";"";"";"";"";"";"";"";"";"";"";"";"";"";"";"";"";"";"";"";"";"";"";"";"";"";"";"";"";"";"";"";"";"";"";"";"";"";"";"";"";"";"";"";"";"";"";"";"";"";"";"";"";"";"";""
30.11.2022 19:56:13;1669834573000;880f01e687e2572cea04e80fc6a68085;171425;OK;1794;0;1;0;0;-0,08;-25,49;0;0;563;596;"";151,439;22,72;621,379;68,64;20,917;0,81;1,578;0,22;15,558;1,79;9,632;11,0;13,061;11,05;14,699;11,25;1398,564;146,38;442,774;53,08;72,161;17,07;4,939;10,55;1,866;10,07;0,003;10,0;2,33;22,747;0,53;29,219;3,38;5,945;0,61;4,064;1,47;960,862;1,0;"";"";22,673;2,38;155,719;15,53;"";"";13,075;19,96;13,0;"";"";"";"";"";"";"";"";"";"";"";"";"";"";"";"";"";"";"";"";"";"";"";"";"";"";"";"";"";"";"";"";"";"";"";"";"";"";"";"";"";"";"";"";"";"";"";"";"";"";"";"";"";"";"";"";"";"";"";"";"";"";"";"";""
30.11.2022 19:58:12;1669834692000;880f01e687e2572cea04e80fc6a68085;171544;OK;1804;0;0;0;0;-0,07;-23,04;0;0;570;602;"";147,765;22,16;616,207;68,49;20,918;0,81;1,576;0,22;15,4;1,78;9,44;11,0;11,281;11,01;12,502;11,06;1384,277;144,94;434,368;52,35;53,941;15,32;2,48;10,19;1,144;10,01;0,0;10,0;2,08;22,722;0,53;29,22;3,38;5,936;0,61;4,044;1,47;960,89;1,0;"";"";22,67;2,38;155,677;15,52;"";"";14,02;19,64;69,4;"";"";"";"";"";"";"";"";"";"";"";"";"";"";"";"";"";"";"";"";"";"";"";"";"";"";"";"";"";"";"";"";"";"";"";"";"";"";"";"";"";"";"";"";"";"";"";"";"";"";"";"";"";"";"";"";"";"";"";"";"";"";"";"";""
30.11.2022 20:00:13;1669834813000;880f01e687e2572cea04e80fc6a68085;171665;OK;1797;0;0;0;0;-0,07;-23,76;0;0;549;604;"";147,454;22,12;615,449;68,46;20,917;0,81;1,573;0,22;15,324;1,78;10,011;11,0;14,21;11,28;15,667;11,63;1465,992;152,88;461,296;54,99;67,459;16,59;5,174;10,52;1,56;10,09;0,491;10,0;2,221;22,698;0,53;29,227;3,38;5,93;0,61;4,026;1,47;960,907;1,0;"";"";22,546;2,39;155,692;15,52;"";"";17,606;18,03;74,0;"";"";"";"";"";"";"";"";"";"";"";"";"";"";"";"";"";"";"";"";"";"";"";"";"";"";"";"";"";"";"";"";"";"";"";"";"";"";"";"";"";"";"";"";"";"";"";"";"";"";"";"";"";"";"";"";"";"";"";"";"";"";"";"";""
30.11.2022 20:02:14;1669834934000;880f01e687e2572cea04e80fc6a68085;171786;OK;1801;0;1;0;0;-0,03;-26,52;0;0;527;608;"";147,583;22,14;611,091;68,33;20,916;0,81;1,572;0,22;15,31;1,78;10,637;11,0;13,994;11,25;15,542;11,59;1541,236;160,17;492,727;58,02;75,482;17,37;3,845;10,45;2,531;10,31;0,603;10,0;2,165;22,679;0,53;29,278;3,38;5,933;0,61;4,034;1,46;960,9139;1,0;"";"";22,443;2,39;155,813;15,53;"";"";14,537;19,37;63,4;"";"";"";"";"";"";"";"";"";"";"";"";"";"";"";"";"";"";"";"";"";"";"";"";"";"";"";"";"";"";"";"";"";"";"";"";"";"";"";"";"";"";"";"";"";"";"";"";"";"";"";"";"";"";"";"";"";"";"";"";"";"";"";"";""
30.11.2022 20:04:15;1669835055000;880f01e687e2572cea04e80fc6a68085;171907;OK;1798;0;0;0;0;0,0;-23,13;0;0;556;613;"";145,919;21,89;608,291;68,25;20,914;0,81;1,571;0,22;15,255;1,77;9,853;11,0;13,959;11,21;15,641;11,6;1501,41;156,28;473,073;56,04;68,583;16,7;4,676;10,44;2,135;10,17;0,56;10,0;2,344;22,652;0,53;29,338;3,38;5,937;0,6;4,041;1,46;960,9119;1,0;"";"";22,368;2,4;155,925;15,53;"";"";15,733;18,75;65,2;"";"";"";"";"";"";"";"";"";"";"";"";"";"";"";"";"";"";"";"";"";"";"";"";"";"";"";"";"";"";"";"";"";"";"";"";"";"";"";"";"";"";"";"";"";"";"";"";"";"";"";"";"";"";"";"";"";"";"";"";"";"";"";"";""
30.11.2022 20:06:15;1669835175000;880f01e687e2572cea04e80fc6a68085;172027;OK;1792;0;0;0;0;0,01;-21,57;0;0;540;614;"";147,291;22,09;607,599;68,23;20,914;0,81;1,57;0,22;15,238;1,77;10,286;11,0;14,062;11,07;16,55;11,76;1584,454;164,36;495,123;58,28;72,013;17,03;6,606;10,76;3,134;10,34;0,841;10,0;2,681;22,638;0,53;29,351;3,38;5,934;0,6;4,035;1,46;960,905;1,0;"";"";22,335;2,4;155,988;15,53;"";"";13,533;19,75;50,0;"";"";"";"";"";"";"";"";"";"";"";"";"";"";"";"";"";"";"";"";"";"";"";"";"";"";"";"";"";"";"";"";"";"";"";"";"";"";"";"";"";"";"";"";"";"";"";"";"";"";"";"";"";"";"";"";"";"";"";"";"";"";"";"";""
30.11.2022 20:08:16;1669835296000;880f01e687e2572cea04e80fc6a68085;172148;OK;1827;0;0;0;0;-0,02;-16,5;0;0;528;616;"";147,331;22,1;605,413;68,16;20,91;0,81;1,569;0,22;15,05;1,76;10,596;11,0;13,918;11,08;15,702;11,61;1537,814;159,84;484,366;57,19;67,045;16,45;5,769;10,63;1,956;10,19;0,109;10,0;2,309;22,625;0,53;29,354;3,38;5,931;0,6;4,025;1,46;960,9019;1,0;"";"";22,343;2,4;156,317;15,55;"";"";13,313;19,83;29,9;"";"";"";"";"";"";"";"";"";"";"";"";"";"";"";"";"";"";"";"";"";"";"";"";"";"";"";"";"";"";"";"";"";"";"";"";"";"";"";"";"";"";"";"";"";"";"";"";"";"";"";"";"";"";"";"";"";"";"";"";"";"";"";"";""
30.11.2022 20:10:16;1669835416000;880f01e687e2572cea04e80fc6a68085;172267;OK;1809;0;0;0;0;-0,04;-12,95;0;0;543;617;"";147,116;22,07;605,375;68,16;20,911;0,81;1,568;0,22;14,879;1,75;10,181;11,0;14,311;11,1;14,791;11,2;1507,998;156,9;481,226;56,92;82,558;18,09;1,641;10,18;0,551;10,06;0,012;10,0;1,669;22,598;0,53;29,361;3,38;5,923;0,6;4,005;1,46;960,918;1,0;"";"";22,327;2,4;156,119;15,53;"";"";16,039;18,63;66,6;"";"";"";"";"";"";"";"";"";"";"";"";"";"";"";"";"";"";"";"";"";"";"";"";"";"";"";"";"";"";"";"";"";"";"";"";"";"";"";"";"";"";"";"";"";"";"";"";"";"";"";"";"";"";"";"";"";"";"";"";"";"";"";"";""
30.11.2022 20:12:16;1669835536000;880f01e687e2572cea04e80fc6a68085;172388;OK;1803;0;0;0;0;-0,05;-15,3;0;0;537;622;"";148,31;22,25;601,183;68,04;20,909;0,81;1,567;0,22;14,722;1,74;10,352;11,0;14,328;11,25;16,31;11,61;1609,367;166,74;495,305;58,2;84,621;18,25;3,516;10,29;2,24;10,17;0,545;10,0;2,346;22,575;0,53;29,363;3,38;5,915;0,6;3,986;1,46;960,932;1,0;"";"";22,376;2,4;155,685;15,51;"";"";13,44;19,83;22,5;"";"";"";"";"";"";"";"";"";"";"";"";"";"";"";"";"";"";"";"";"";"";"";"";"";"";"";"";"";"";"";"";"";"";"";"";"";"";"";"";"";"";"";"";"";"";"";"";"";"";"";"";"";"";"";"";"";"";"";"";"";"";"";"";""
30.11.2022 20:14:16;1669835656000;880f01e687e2572cea04e80fc6a68085;172508;OK;1812;0;0;0;0;-0,06;-13,66;0;0;576;623;"";148,951;22,34;600,732;68,02;20,909;0,81;1,567;0,22;14,493;1,73;9,296;11,0;12,581;11,04;14,1;11,15;1448,335;151,12;449,594;53,82;58,84;15,67;3,154;10,29;1,851;10,17;0,058;10,0;2,292;22,557;0,53;29,364;3,38;5,909;0,6;3,971;1,46;960,936;1,0;"";"";22,404;2,39;154,85;15,46;"";"";14,411;19,45;58,3;"";"";"";"";"";"";"";"";"";"";"";"";"";"";"";"";"";"";"";"";"";"";"";"";"";"";"";"";"";"";"";"";"";"";"";"";"";"";"";"";"";"";"";"";"";"";"";"";"";"";"";"";"";"";"";"";"";"";"";"";"";"";"";"";""
30.11.2022 20:16:18;1669835778000;880f01e687e2572cea04e80fc6a68085;172630;OK;1807;0;0;0;0;-0,06;-22,25;0;0;532;628;"";149,649;22,45;595,743;67,87;20,91;0,81;1,566;0,22;14,289;1,72;10,52;11,0;13,733;11,32;15,041;11,36;1680,052;173,74;501,305;58,81;63,425;16,18;3,754;10,42;0,986;10,02;0,363;10,0;2,093;22,531;0,53;29,365;3,38;5,901;0,6;3,949;1,46;960,924;1,0;"";"";22,333;2,4;154,45;15,44;"";"";13,146;19,94;13,0;"";"";"";"";"";"";"";"";"";"";"";"";"";"";"";"";"";"";"";"";"";"";"";"";"";"";"";"";"";"";"";"";"";"";"";"";"";"";"";"";"";"";"";"";"";"";"";"";"";"";"";"";"";"";"";"";"";"";"";"";"";"";"";"";""
30.11.2022 20:18:19;1669835899000;880f01e687e2572cea04e80fc6a68085;172751;OK;1791;0;0;0;0;-0,06;-16,93;0;0;497;628;"";149,438;22,42;596,237;67,89;20,913;0,81;1,565;0,22;14,225;1,72;11,555;11,0;14,519;11,43;15,472;11,51;1808,249;186,17;530,776;61,71;63,269;16,18;2,961;10,34;1,127;10,12;0,037;10,0;1,838;22,512;0,53;29,366;3,38;5,895;0,6;3,933;1,46;960,913;1,0;"";"";22,198;2,4;153,875;15,41;"";"";13,015;19,99;13,0;"";"";"";"";"";"";"";"";"";"";"";"";"";"";"";"";"";"";"";"";"";"";"";"";"";"";"";"";"";"";"";"";"";"";"";"";"";"";"";"";"";"";"";"";"";"";"";"";"";"";"";"";"";"";"";"";"";"";"";"";"";"";"";"";""
30.11.2022 20:20:18;1669836018000;880f01e687e2572cea04e80fc6a68085;172870;OK;1796;0;0;0;0;-0,06;-23,82;0;0;523;633;"";148,436;22,27;591,748;67,75;20,914;0,81;1,564;0,22;14,181;1,72;10,75;11,0;15,512;11,57;18,072;11,88;1659,054;171,64;502,518;58,99;74,832;17,26;7,962;10,73;4,245;10,44;0,52;10,07;2,621;22,494;0,53;29,367;3,38;5,889;0,6;3,918;1,46;960,907;1,0;"";"";22,094;2,41;153,636;15,39;"";"";13,002;20,0;13,0;"";"";"";"";"";"";"";"";"";"";"";"";"";"";"";"";"";"";"";"";"";"";"";"";"";"";"";"";"";"";"";"";"";"";"";"";"";"";"";"";"";"";"";"";"";"";"";"";"";"";"";"";"";"";"";"";"";"";"";"";"";"";"";"";""
30.11.2022 20:22:19;1669836139000;880f01e687e2572cea04e80fc6a68085;172991;OK;1805;0;0;0;0;-0,04;-17,96;0;0;549;634;"";146,604;21,99;591,219;67,74;20,914;0,81;1,563;0,22;14,228;1,72;10,039;11,0;14,093;11,22;16,062;11,45;1577,488;163,71;492,234;57,91;75,09201;17,3;5,828;10,59;1,845;10,12;0,054;10,01;2,455;22,484;0,53;29,372;3,38;5,886;0,6;3,911;1,46;960,893;1,0;"";"";22,056;2,41;153,889;15,41;"";"";13,0;20,0;13,0;"";"";"";"";"";"";"";"";"";"";"";"";"";"";"";"";"";"";"";"";"";"";"";"";"";"";"";"";"";"";"";"";"";"";"";"";"";"";"";"";"";"";"";"";"";"";"";"";"";"";"";"";"";"";"";"";"";"";"";"";"";"";"";"";""
30.11.2022 20:24:20;1669836260000;880f01e687e2572cea04e80fc6a68085;173112;OK;1803;0;0;0;0;-0,03;-12,65;0;0;521;635;"";146,578;21,99;591,371;67,74;20,915;0,81;1,561;0,22;14,125;1,71;10,825;11,0;16,219;11,62;17,047;11,8;1632,656;169,05;512,961;59,86;84,266;18,21;6,662;10,67;1,517;10,14;0,177;10,0;1,884;22,458;0,53;29,399;3,38;5,883;0,6;3,902;1,46;960,8459;1,0;"";"";22,067;2,41;153,75;15,4;"";"";13,959;19,67;50,8;"";"";"";"";"";"";"";"";"";"";"";"";"";"";"";"";"";"";"";"";"";"";"";"";"";"";"";"";"";"";"";"";"";"";"";"";"";"";"";"";"";"";"";"";"";"";"";"";"";"";"";"";"";"";"";"";"";"";"";"";"";"";"";"";""
30.11.2022 20:26:21;1669836381000;880f01e687e2572cea04e80fc6a68085;173233;OK;1817;0;0;0;0;0,01;-5,24;0;0;508;639;"";147,75;22,16;588,57;67,66;20,915;0,81;1,561;0,22;14,108;1,71;11,202;11,0;14,852;11,3;15,491;11,43;1562,713;162,28;487,868;57,56;70,256;16,82;3,13;10,27;0,617;10,06;0,018;10,0;1,669;22,44;0,53;29,475;3,38;5,892;0,6;3,924;1,45;960,818;1,0;"";"";21,943;2,42;154,11;15,41;"";"";15,142;19,24;71,2;"";"";"";"";"";"";"";"";"";"";"";"";"";"";"";"";"";"";"";"";"";"";"";"";"";"";"";"";"";"";"";"";"";"";"";"";"";"";"";"";"";"";"";"";"";"";"";"";"";"";"";"";"";"";"";"";"";"";"";"";"";"";"";"";""
30.11.2022 20:28:21;1669836501000;880f01e687e2572cea04e80fc6a68085;173353;OK;1793;0;0;0;0;0,02;-18,56;0;0;555;643;"";149,048;22,36;585,253;67,56;20,915;0,81;1,56;0,22;13,893;1,7;9,862;11,0;14,427;11,21;15,359;11,41;1561,974;162,2;469,815;55,76;76,85501;17,48;4,296;10,44;0,685;10,01;0,521;10,0;1,979;22,423;0,53;29,486;3,38;5,888;0,6;3,914;1,45;960,8319;1,0;"";"";21,916;2,42;154,09;15,41;"";"";13,713;20,02;33,1;"";"";"";"";"";"";"";"";"";"";"";"";"";"";"";"";"";"";"";"";"";"";"";"";"";"";"";"";"";"";"";"";"";"";"";"";"";"";"";"";"";"";"";"";"";"";"";"";"";"";"";"";"";"";"";"";"";"";"";"";"";"";"";"";""
30.11.2022 20:30:23;1669836623000;880f01e687e2572cea04e80fc6a68085;173475;OK;1782;0;1;0;0;-0,01;-26,26;0;0;513;646;"";145,866;21,88;581,598;67,45;20,915;0,81;1,559;0,22;13,79;1,7;11,061;11,0;15,402;11,49;17,041;11,72;1795,676;184,91;528,985;61,51;83,117;18,12;6,007;10,56;2,359;10,08;0,052;10,0;2,227;22,403;0,53;29,475;3,38;5,879;0,6;3,891;1,45;960,838;1,0;"";"";21,991;2,41;153,642;15,38;"";"";13,071;20,0;13,0;"";"";"";"";"";"";"";"";"";"";"";"";"";"";"";"";"";"";"";"";"";"";"";"";"";"";"";"";"";"";"";"";"";"";"";"";"";"";"";"";"";"";"";"";"";"";"";"";"";"";"";"";"";"";"";"";"";"";"";"";"";"";"";"";""
30.11.2022 20:32:23;1669836743000;880f01e687e2572cea04e80fc6a68085;173594;OK;1810;0;0;0;0;-0,05;-22,79;0;0;511;649;"";144,661;21,7;579,503;67,39;20,913;0,81;1,558;0,22;13,76;1,69;11,127;11,0;14,964;11,3;16,719;11,74;1807,648;186,05;535,214;62,11;79,698;17,7;4,51;10,42;1,765;10,04;0,649;10,0;2,261;22,38;0,54;29,5;3,38;5,877;0,59;3,884;1,45;960,848;1,0;"";"";21,849;2,42;152,663;15,33;"";"";13,008;20,0;13,0;"";"";"";"";"";"";"";"";"";"";"";"";"";"";"";"";"";"";"";"";"";"";"";"";"";"";"";"";"";"";"";"";"";"";"";"";"";"";"";"";"";"";"";"";"";"";"";"";"";"";"";"";"";"";"";"";"";"";"";"";"";"";"";"";""
30.11.2022 20:34:23;1669836863000;880f01e687e2572cea04e80fc6a68085;173715;OK;1787;0;0;0;0;-0,04;-16,09;0;0;479;650;"";145,468;21,82;579,256;67,38;20,91;0,81;1,557;0,22;13,68;1,69;12,06;11,0;14,131;11,11;15,898;11,47;1881,791;193,3;534,032;62,0;54,632;15,31;2,833;10,23;2,062;10,14;0,145;10,0;2,143;22,364;0,54;29,514;3,38;5,874;0,59;3,876;1,45;960,88;1,0;"";"";21,897;2,42;152,462;15,32;"";"";13,624;19,72;42,9;"";"";"";"";"";"";"";"";"";"";"";"";"";"";"";"";"";"";"";"";"";"";"";"";"";"";"";"";"";"";"";"";"";"";"";"";"";"";"";"";"";"";"";"";"";"";"";"";"";"";"";"";"";"";"";"";"";"";"";"";"";"";"";"";""
30.11.2022 20:36:23;1669836983000;880f01e687e2572cea04e80fc6a68085;173835;OK;1800;0;0;0;0;-0,03;-15,72;0;0;529;654;"";146,023;21,9;575,546;67,27;20,912;0,81;1,557;0,22;13,591;1,68;10,58;11,0;14,091;11,19;15,364;11,31;1809,527;186,27;508,865;59,6;65,571;16,35;3,942;10,38;1,452;10,07;0,015;10,0;2,034;22,346;0,54;29,518;3,38;5,869;0,59;3,863;1,45;960,889;1,0;"";"";21,901;2,42;152,471;15,32;"";"";13,064;19,97;13,0;"";"";"";"";"";"";"";"";"";"";"";"";"";"";"";"";"";"";"";"";"";"";"";"";"";"";"";"";"";"";"";"";"";"";"";"";"";"";"";"";"";"";"";"";"";"";"";"";"";"";"";"";"";"";"";"";"";"";"";"";"";"";"";"";""
30.11.2022 20:38:24;1669837104000;880f01e687e2572cea04e80fc6a68085;173956;OK;1796;0;0;0;0;-0,03;-10,57;0;0;529;654;"";144,915;21,74;575,914;67,28;20,915;0,81;1,556;0,22;13,602;1,69;10,548;11,0;14,462;11,17;16,198;11,65;1719,273;177,49;503,578;59,03;62,162;16,08;5,016;10,52;2,325;10,15;0,144;10,0;2,302;22,337;0,54;29,519;3,38;5,866;0,59;3,855;1,45;960,9;1,0;"";"";21,878;2,42;151,968;15,29;"";"";13,007;20,0;13,0;"";"";"";"";"";"";"";"";"";"";"";"";"";"";"";"";"";"";"";"";"";"";"";"";"";"";"";"";"";"";"";"";"";"";"";"";"";"";"";"";"";"";"";"";"";"";"";"";"";"";"";"";"";"";"";"";"";"";"";"";"";"";"";"";""
30.11.2022 20:40:25;1669837225000;880f01e687e2572cea04e80fc6a68085;174077;OK;1813;0;0;0;0;-0,03;-11,45;0;0;485;656;"";143,607;21,54;573,314;67,2;20,908;0,81;1,556;0,22;13,617;1,69;11,882;11,0;15,577;11,6;16,69;11,81;2048,982;209,5;563,989;65,0;69,143;16,71;2,862;10,21;1,493;10,02;0,015;10,0;1,929;22,324;0,54;29,519;3,38;5,862;0,59;3,845;1,45;960,909;1,0;"";"";21,884;2,42;151,914;15,29;"";"";13,633;21,44;53,3;"";"";"";"";"";"";"";"";"";"";"";"";"";"";"";"";"";"";"";"";"";"";"";"";"";"";"";"";"";"";"";"";"";"";"";"";"";"";"";"";"";"";"";"";"";"";"";"";"";"";"";"";"";"";"";"";"";"";"";"";"";"";"";"";""
30.11.2022 20:42:26;1669837346000;880f01e687e2572cea04e80fc6a68085;174198;OK;1798;0;0;0;0;-0,02;-6,17;0;0;521;657;"";142,863;21,43;574,213;67,23001;20,909;0,81;1,555;0,22;13,496;1,68;10,847;11,0;16,15;11,7;17,238;11,88;1723,285;177,83;523,983;61,04;84,672;18,31;4,843;10,49;1,064;10,06;0,002;10,0;2,008;22,301;0,54;29,569;3,38;5,864;0,59;3,848;1,44;960,908;1,0;"";"";21,838;2,42;151,817;15,28;"";"";17,317;18,42;63,9;"";"";"";"";"";"";"";"";"";"";"";"";"";"";"";"";"";"";"";"";"";"";"";"";"";"";"";"";"";"";"";"";"";"";"";"";"";"";"";"";"";"";"";"";"";"";"";"";"";"";"";"";"";"";"";"";"";"";"";"";"";"";"";"";""
30.11.2022 20:44:26;1669837466000;880f01e687e2572cea04e80fc6a68085;174318;OK;1805;0;0;0;0;-0,01;-6,81;0;0;502;659;"";141,768;21,27;572,955;67,19;20,909;0,81;1,553;0,22;13,512;1,68;11,37;11,0;15,171;11,42;17,076;11,92;1855,469;190,7;529,089;61,57;70,608;16,91;4,095;10,49;2,054;10,1;1,272;10,03;2,311;22,282;0,54;29,589;3,38;5,862;0,59;3,842;1,44;960,908;1,0;"";"";21,836;2,42;151,968;15,29;"";"";15,439;19,24;71,0;"";"";"";"";"";"";"";"";"";"";"";"";"";"";"";"";"";"";"";"";"";"";"";"";"";"";"";"";"";"";"";"";"";"";"";"";"";"";"";"";"";"";"";"";"";"";"";"";"";"";"";"";"";"";"";"";"";"";"";"";"";"";"";"";""
30.11.2022 20:46:27;1669837587000;880f01e687e2572cea04e80fc6a68085;174439;OK;1799;0;0;0;0;-0,0;-9,8;0;0;475;662;"";141,493;21,22;570,344;67,11;20,912;0,81;1,552;0,22;13,541;1,68;12,187;11,0;15,662;11,49;17,52;11,92;2153,962;219,76;592,31;67,73;73,835;17,15;3,496;10,31;2,414;10,08;0,663;10,05;2,227;22,267;0,54;29,611;3,38;5,861;0,59;3,839;1,44;960,9139;1,0;"";"";21,812;2,42;151,948;15,28;"";"";13,252;19,92;13,0;"";"";"";"";"";"";"";"";"";"";"";"";"";"";"";"";"";"";"";"";"";"";"";"";"";"";"";"";"";"";"";"";"";"";"";"";"";"";"";"";"";"";"";"";"";"";"";"";"";"";"";"";"";"";"";"";"";"";"";"";"";"";"";"";""
30.11.2022 20:48:28;1669837708000;880f01e687e2572cea04e80fc6a68085;174560;OK;1803;0;0;0;0;0,0;-17,67;0;0;502;666;"";140,206;21,03;567,98;67,04;20,911;0,81;1,551;0,22;13,512;1,68;11,346;11,0;15,227;11,42;16,319;11,69;1948,849;199,84;534,315;62,04;73,321;17,13;2,639;10,16;1,18;10,02;0,183;10,0;1,936;22,25;0,54;29,641;3,38;5,861;0,59;3,839;1,44;960,942;1,0;"";"";21,743;2,43;151,482;15,26;"";"";13,026;19,99;13,0;"";"";"";"";"";"";"";"";"";"";"";"";"";"";"";"";"";"";"";"";"";"";"";"";"";"";"";"";"";"";"";"";"";"";"";"";"";"";"";"";"";"";"";"";"";"";"";"";"";"";"";"";"";"";"";"";"";"";"";"";"";"";"";"";""
30.11.2022 20:50:28;1669837828000;880f01e687e2572cea04e80fc6a68085;174680;OK;1788;0;0;0;0;-0,02;-14,54;0;0;499;666;"";140,883;21,13;568,749;67,06;20,908;0,81;1,55;0,22;13,52;1,68;11,431;11,0;15,522;11,51;16,602;11,6;1935,329;198,41;533,94;61,95;71,097;16,98;5,943;10,6;2,152;10,29;0,019;10,0;1,882;22,227;0,54;29,645;3,38;5,854;0,59;3,821;1,44;960,961;1,0;"";"";21,651;2,43;151,24;15,24;"";"";13,831;19,72;65,4;"";"";"";"";"";"";"";"";"";"";"";"";"";"";"";"";"";"";"";"";"";"";"";"";"";"";"";"";"";"";"";"";"";"";"";"";"";"";"";"";"";"";"";"";"";"";"";"";"";"";"";"";"";"";"";"";"";"";"";"";"";"";"";"";""
30.11.2022 20:52:29;1669837949000;880f01e687e2572cea04e80fc6a68085;174801;OK;1790;0;0;0;0;-0,03;-11,58;0;0;474;669;"";142,163;21,32;565,543;66,97;20,908;0,81;1,549;0,22;13,516;1,68;12,181;11,0;15,693;11,63;16,846;11,84;2158,24;220,2;572,759;65,8;69,754;16,86;3,527;10,23;1,685;10,06;0,002;10,0;1,891;22,221;0,54;29,646;3,38;5,852;0,59;3,816;1,44;960,979;1,0;"";"";21,666;2,43;151,082;15,23;"";"";13,086;19,97;13,0;"";"";"";"";"";"";"";"";"";"";"";"";"";"";"";"";"";"";"";"";"";"";"";"";"";"";"";"";"";"";"";"";"";"";"";"";"";"";"";"";"";"";"";"";"";"";"";"";"";"";"";"";"";"";"";"";"";"";"";"";"";"";"";"";""
30.11.2022 20:54:30;1669838070000;880f01e687e2572cea04e80fc6a68085;174922;OK;1809;0;0;0;0;-0,04;-9,38;0;0;463;669;"";139,284;20,89;565,627;66,97;20,907;0,81;1,549;0,22;13,355;1,67;12,549;11,0;16,566;11,8;17,925;11,9;2060,763;210,71;576,595;66,15;76,667;17,45;5,045;10,54;1,864;10,11;0,159;10,0;2,002;22,204;0,54;29,647;3,38;5,847;0,59;3,802;1,44;960,9839;1,0;"";"";21,839;2,42;151,127;15,23;"";"";19,089;17,8;66,30001;"";"";"";"";"";"";"";"";"";"";"";"";"";"";"";"";"";"";"";"";"";"";"";"";"";"";"";"";"";"";"";"";"";"";"";"";"";"";"";"";"";"";"";"";"";"";"";"";"";"";"";"";"";"";"";"";"";"";"";"";"";"";"";"";""
30.11.2022 20:56:29;1669838189000;880f01e687e2572cea04e80fc6a68085;175041;OK;1788;0;0;0;0;-0,04;-12,3;0;0;511;671;"";138,34;20,75;563,6859;66,91;20,906;0,81;1,549;0,22;13,254;1,67;11,069;11,0;15,279;11,39;16,127;11,67;1736,411;179,07;515,651;60,22;75,64701;17,37;3,007;10,33;1,124;10,13;0,155;10,0;1,838;22,189;0,54;29,647;3,38;5,842;0,59;3,789;1,44;960,9839;1,0;"";"";21,792;2,42;151,288;15,24;"";"";14,496;19,65;64,0;"";"";"";"";"";"";"";"";"";"";"";"";"";"";"";"";"";"";"";"";"";"";"";"";"";"";"";"";"";"";"";"";"";"";"";"";"";"";"";"";"";"";"";"";"";"";"";"";"";"";"";"";"";"";"";"";"";"";"";"";"";"";"";"";""
30.11.2022 20:58:31;1669838311000;880f01e687e2572cea04e80fc6a68085;175162;OK;1824;0;0;0;0;-0,04;-5,62;0;0;468;672;"";135,376;20,31;563,88;66,92;20,906;0,81;1,548;0,22;13,111;1,66;12,4;11,0;15,428;11,43;17,06;11,78;2148,755;219,25;578,68;66,41;67,183;16,45;4,106;10,43;2,541;10,16;0,279;10,0;2,108;22,178;0,54;29,648;3,38;5,838;0,59;3,78;1,44;960,997;1,0;"";"";21,808;2,42;151,616;15,26;"";"";19,834;17,15;69,5;"";"";"";"";"";"";"";"";"";"";"";"";"";"";"";"";"";"";"";"";"";"";"";"";"";"";"";"";"";"";"";"";"";"";"";"";"";"";"";"";"";"";"";"";"";"";"";"";"";"";"";"";"";"";"";"";"";"";"";"";"";"";"";"";""
30.11.2022 21:00:31;1669838431000;880f01e687e2572cea04e80fc6a68085;175282;OK;1813;0;0;0;0;-0,04;-12,43;0;0;503;676;"";134,872;20,23;560,415;66,81;20,903;0,81;1,547;0,22;13,109;1,66;11,346;11,0;15,248;11,43;15,69;11,52;1941,586;199,12;533,8759;61,96;80,666;17,89;4,181;10,37;0,523;10,02;0,03;10,0;1,594;22,156;0,54;29,649;3,38;5,831;0,59;3,762;1,44;961,018;1,0;"";"";21,668;2,43;150,94;15,22;"";"";22,467;16,15;64,0;"";"";"";"";"";"";"";"";"";"";"";"";"";"";"";"";"";"";"";"";"";"";"";"";"";"";"";"";"";"";"";"";"";"";"";"";"";"";"";"";"";"";"";"";"";"";"";"";"";"";"";"";"";"";"";"";"";"";"";"";"";"";"";"";""
30.11.2022 21:02:31;1669838551000;880f01e687e2572cea04e80fc6a68085;175403;OK;1807;0;0;0;0;-0,04;-7,25;0;0;471;675;"";134,864;20,23;561,56;66,85;20,903;0,81;1,546;0,22;13,207;1,66;12,293;11,0;15,92;11,6;16,694;11,75;2269,633;231,04;591,839;67,67;69,418;16,83;4,696;10,34;1,116;10,1;0,384;10,0;1,71;22,15;0,54;29,649;3,38;5,829;0,59;3,756;1,44;961,014;1,0;"";"";21,598;2,43;150,798;15,21;"";"";25,176;16,15;64,8;"";"";"";"";"";"";"";"";"";"";"";"";"";"";"";"";"";"";"";"";"";"";"";"";"";"";"";"";"";"";"";"";"";"";"";"";"";"";"";"";"";"";"";"";"";"";"";"";"";"";"";"";"";"";"";"";"";"";"";"";"";"";"";"";""
30.11.2022 21:04:32;1669838672000;880f01e687e2572cea04e80fc6a68085;175523;OK;1808;0;0;0;0;-0,02;-7,27;0;0;462;676;"";133,976;20,1;561,108;66,83;20,904;0,81;1,545;0,22;13,226;1,67;12,595;11,0;15,421;11,49;17,579;11,96;2543,461;257,63;615,586;69,93;67,994;16,63;3,858;10,42;2,533;10,25;0,624;10,0;2,32;22,139;0,54;29,672;3,38;5,83;0,59;3,758;1,44;961,0029;1,0;"";"";21,642;2,43;150,566;15,2;"";"";21,669;16,83;66,30001;"";"";"";"";"";"";"";"";"";"";"";"";"";"";"";"";"";"";"";"";"";"";"";"";"";"";"";"";"";"";"";"";"";"";"";"";"";"";"";"";"";"";"";"";"";"";"";"";"";"";"";"";"";"";"";"";"";"";"";"";"";"";"";"";""
30.11.2022 21:06:31;1669838791000;880f01e687e2572cea04e80fc6a68085;175643;OK;1805;0;0;0;0;0,03;0,83;0;0;475;677;"";133,497;20,02;561,141;66,83;20,902;0,81;1,545;0,22;13,137;1,66;12,18;11,0;16,637;11,71;18,579;11,82;2134,362;217,77;576,394;66,18;71,792;17,03;6,632;10,7;2,305;10,21;0,77;10,0;2,257;22,126;0,54;29,763;3,38;5,843;0,59;3,79;1,43;960,998;1,0;"";"";21,548;2,44;149,995;15,17;"";"";13,925;19,66;13,0;"";"";"";"";"";"";"";"";"";"";"";"";"";"";"";"";"";"";"";"";"";"";"";"";"";"";"";"";"";"";"";"";"";"";"";"";"";"";"";"";"";"";"";"";"";"";"";"";"";"";"";"";"";"";"";"";"";"";"";"";"";"";"";"";""
30.11.2022 21:08:31;1669838911000;880f01e687e2572cea04e80fc6a68085;175764;OK;1806;0;0;0;0;0,05;-0,45;0;0;459;679;"";133,253;19,99;560,803;66,82;20,9;0,81;1,544;0,22;12,931;1,65;12,676;11,0;15,489;11,61;16,082;11,66;2414,848;245,09;596,75;68,14;56,716;15,54;1,915;10,13;0,238;10,02;0,079;10,0;1,572;22,115;0,54;29,78;3,38;5,843;0,58;3,789;1,43;960,993;1,0;"";"";21,443;2,44;150,139;15,17;"";"";13,095;19,97;13,0;"";"";"";"";"";"";"";"";"";"";"";"";"";"";"";"";"";"";"";"";"";"";"";"";"";"";"";"";"";"";"";"";"";"";"";"";"";"";"";"";"";"";"";"";"";"";"";"";"";"";"";"";"";"";"";"";"";"";"";"";"";"";"";"";""
30.11.2022 21:10:32;1669839032000;880f01e687e2572cea04e80fc6a68085;175884;OK;1790;0;0;0;0;0,02;-2,02;0;0;489;680;"";130,235;19,54;559,746;66,79;20,898;0,81;1,543;0,22;12,91;1,65;11,732;11,0;15,943;11,61;17,474;11,71;2240,939;228,19;578,801;66,39;75,877;17,42;4,174;10,39;1,506;10,14;0,229;10,03;2,051;22,104;0,54;29,787;3,38;5,841;0,58;3,783;1,43;960,993;1,0;"";"";21,446;2,44;150,107;15,17;"";"";13,01;20,0;13,0;"";"";"";"";"";"";"";"";"";"";"";"";"";"";"";"";"";"";"";"";"";"";"";"";"";"";"";"";"";"";"";"";"";"";"";"";"";"";"";"";"";"";"";"";"";"";"";"";"";"";"";"";"";"";"";"";"";"";"";"";"";"";"";"";""
30.11.2022 21:12:32;1669839152000;880f01e687e2572cea04e80fc6a68085;176004;OK;1786;0;0;0;0;-0,02;-6,64;0;0;473;681;"";130,329;19,55;558,848;66,77;20,902;0,81;1,543;0,22;12,912;1,65;12,235;11,0;15,188;11,45;18,294;11,97;2503,762;253,78;607,064;69,13;58,784;15,72;5,8;10,44;3,796;10,36;0,813;10,0;2,723;22,092;0,54;29,788;3,38;5,837;0,58;3,773;1,43;960,975;1,0;"";"";21,431;2,44;149,974;15,16;"";"";13,001;20,0;13,0;"";"";"";"";"";"";"";"";"";"";"";"";"";"";"";"";"";"";"";"";"";"";"";"";"";"";"";"";"";"";"";"";"";"";"";"";"";"";"";"";"";"";"";"";"";"";"";"";"";"";"";"";"";"";"";"";"";"";"";"";"";"";"";"";""
30.11.2022 21:14:33;1669839273000;880f01e687e2572cea04e80fc6a68085;176125;OK;1794;0;0;0;0;-0,02;-16,21;0;0;449;684;"";128,709;19,31;555,255;66,66;20,906;0,81;1,542;0,22;12,86;1,65;12,995;11,0;17,512;11,94;18,786;12,0;2459,648;249,51;623,379;70,63;77,75701;17,58;3,937;10,31;1,666;10,05;0,084;10,0;1,939;22,086;0,54;29,789;3,38;5,835;0,58;3,768;1,43;960,9699;1,0;"";"";21,37;2,44;149,636;15,14;"";"";15,185;19,08;66,9;"";"";"";"";"";"";"";"";"";"";"";"";"";"";"";"";"";"";"";"";"";"";"";"";"";"";"";"";"";"";"";"";"";"";"";"";"";"";"";"";"";"";"";"";"";"";"";"";"";"";"";"";"";"";"";"";"";"";"";"";"";"";"";"";""
30.11.2022 21:16:34;1669839394000;880f01e687e2572cea04e80fc6a68085;176246;OK;1796;0;0;0;0;-0,02;-13,53;0;0;471;685;"";128,7;19,31;554,505;66,64;20,902;0,81;1,542;0,22;12,821;1,64;12,328;11,0;17,207;11,82;19,039;11,95;2250,879;229,19;578,9229;66,32;79,779;17,79;5,383;10,43;2,164;10,15;0,009;10,0;2,239;22,076;0,54;29,789;3,38;5,831;0,58;3,759;1,43;960,979;1,0;"";"";21,357;2,45;149,343;15,13;"";"";20,039;17,19;70,1;"";"";"";"";"";"";"";"";"";"";"";"";"";"";"";"";"";"";"";"";"";"";"";"";"";"";"";"";"";"";"";"";"";"";"";"";"";"";"";"";"";"";"";"";"";"";"";"";"";"";"";"";"";"";"";"";"";"";"";"";"";"";"";"";""
30.11.2022 21:18:34;1669839514000;880f01e687e2572cea04e80fc6a68085;176366;OK;1800;0;0;0;0;-0,02;-14,76;0;0;479;687;"";128,528;19,28;552,589;66,58;20,9;0,81;1,541;0,22;12,689;1,64;12,068;11,0;17,013;11,96;17,551;11,98;2504,666;253,85;610,284;69,38;76,761;17,44;4,283;10,43;0,529;10,02;0,001;10,0;1,68;22,067;0,54;29,79;3,38;5,828;0,58;3,751;1,43;960,996;1,0;"";"";21,428;2,44;149,367;15,13;"";"";15,596;19,0;64,9;"";"";"";"";"";"";"";"";"";"";"";"";"";"";"";"";"";"";"";"";"";"";"";"";"";"";"";"";"";"";"";"";"";"";"";"";"";"";"";"";"";"";"";"";"";"";"";"";"";"";"";"";"";"";"";"";"";"";"";"";"";"";"";"";""
30.11.2022 21:20:35;1669839635000;880f01e687e2572cea04e80fc6a68085;176486;OK;1799;0;0;0;0;-0,03;-12,84;0;0;462;690;"";126,131;18,92;550,538;66,52;20,897;0,81;1,541;0,22;12,533;1,63;12,569;11,0;16,848;11,93;18,953;11,99;2232,355;227,38;596,953;68,13;69,348;16,73;5,899;10,59;2,954;10,27;0,374;10,0;2,306;22,048;0,54;29,791;3,38;5,823;0,58;3,736;1,43;961,006;1,0;"";"";21,439;2,44;148,942;15,1;"";"";13,268;19,9;13,0;"";"";"";"";"";"";"";"";"";"";"";"";"";"";"";"";"";"";"";"";"";"";"";"";"";"";"";"";"";"";"";"";"";"";"";"";"";"";"";"";"";"";"";"";"";"";"";"";"";"";"";"";"";"";"";"";"";"";"";"";"";"";"";"";""
30.11.2022 21:22:35;1669839755000;880f01e687e2572cea04e80fc6a68085;176607;OK;1809;0;0;0;0;-0,04;-17,71;0;0;432;691;"";125,286;18,79;549,512;66,49;20,895;0,81;1,54;0,22;12,438;1,62;13,538;11,0;18,659;11,99;20,414;12,0;2469,56;250,46;643,476;72,64;88,138;18,61;5,985;10,62;1,558;10,06;0,039;10,0;2,15;22,031;0,54;29,792;3,38;5,817;0,58;3,721;1,43;960,997;1,0;"";"";21,473;2,44;148,932;15,1;"";"";13,028;19,99;13,0;"";"";"";"";"";"";"";"";"";"";"";"";"";"";"";"";"";"";"";"";"";"";"";"";"";"";"";"";"";"";"";"";"";"";"";"";"";"";"";"";"";"";"";"";"";"";"";"";"";"";"";"";"";"";"";"";"";"";"";"";"";"";"";"";""
30.11.2022 21:24:36;1669839876000;880f01e687e2572cea04e80fc6a68085;176728;OK;1804;0;0;0;0;-0,05;-8,87;0;0;442;692;"";122,306;18,35;549,728;66,49;20,899;0,81;1,539;0,22;12,375;1,62;13,231;11,03;17,165;11,87;19,006;12,0;2434,216;247,0;619,776;70,4;74,756;17,31;6,337;10,72;2,588;10,18;0,004;10,0;2,174;22,009;0,54;29,793;3,38;5,81;0,58;3,702;1,43;960,9699;1,0;"";"";21,451;2,44;148,288;15,06;"";"";13,003;20,0;13,0;"";"";"";"";"";"";"";"";"";"";"";"";"";"";"";"";"";"";"";"";"";"";"";"";"";"";"";"";"";"";"";"";"";"";"";"";"";"";"";"";"";"";"";"";"";"";"";"";"";"";"";"";"";"";"";"";"";"";"";"";"";"";"";"";""
30.11.2022 21:26:37;1669839997000;880f01e687e2572cea04e80fc6a68085;176849;OK;1800;0;0;0;0;-0,03;0,98;0;0;435;692;"";124,953;18,74;551,507;66,55;20,902;0,81;1,537;0,22;12,537;1,63;13,489;11,1;17,233;11,95;18,724;12,0;2746,402;277,39;662,026;74,43;74,48;17,29;4,15;10,38;2,83;10,23;0,0;10,0;2,005;21,997;0,54;29,836;3,38;5,814;0,58;3,713;1,43;960,9619;1,0;"";"";21,291;2,45;147,933;15,04;"";"";13,0;20,0;13,0;"";"";"";"";"";"";"";"";"";"";"";"";"";"";"";"";"";"";"";"";"";"";"";"";"";"";"";"";"";"";"";"";"";"";"";"";"";"";"";"";"";"";"";"";"";"";"";"";"";"";"";"";"";"";"";"";"";"";"";"";"";"";"";"";""
30.11.2022 21:28:36;1669840116000;880f01e687e2572cea04e80fc6a68085;176968;OK;1795;0;0;0;0;-0,02;-2,98;0;0;414;694;"";124,49;18,67;548,099;66,44001;20,899;0,81;1,537;0,22;12,631;1,63;14,223;11,3;18,969;11,99;21,178;12,01;2888,872;291,24;705,603;78,67;83,725;18,21;6,159;10,75;3,718;10,48;0,0;10,0;2,238;21,993;0,54;29,801;3,38;5,806;0,58;3,693;1,43;960,94;1,0;"";"";21,257;2,45;147,838;15,04;"";"";13,0;20,0;13,0;"";"";"";"";"";"";"";"";"";"";"";"";"";"";"";"";"";"";"";"";"";"";"";"";"";"";"";"";"";"";"";"";"";"";"";"";"";"";"";"";"";"";"";"";"";"";"";"";"";"";"";"";"";"";"";"";"";"";"";"";"";"";"";"";""
30.11.2022 21:30:36;1669840236000;880f01e687e2572cea04e80fc6a68085;177088;OK;1821;0;0;0;0;-0,03;-13,15;0;0;451;696;"";122,294;18,34;546,471;66,39;20,902;0,81;1,536;0,22;12,542;1,63;13,019;11,1;15,931;11,56;17,375;11,61;2281,338;232,12;598,889;68,33;68,076;16,64;2,645;10,12;2,264;10,08;0,0;10,0;1,988;21,978;0,54;29,812;3,38;5,803;0,58;3,685;1,43;960,911;1,0;"";"";21,279;2,45;147,498;15,02;"";"";13,0;20,0;13,0;"";"";"";"";"";"";"";"";"";"";"";"";"";"";"";"";"";"";"";"";"";"";"";"";"";"";"";"";"";"";"";"";"";"";"";"";"";"";"";"";"";"";"";"";"";"";"";"";"";"";"";"";"";"";"";"";"";"";"";"";"";"";"";"";""
30.11.2022 21:32:38;1669840358000;880f01e687e2572cea04e80fc6a68085;177210;OK;1811;0;0;0;0;-0,04;-9,65;0;0;416;695;"";120,844;18,13;548,375;66,45;20,902;0,81;1,535;0,22;12,412;1,62;14,115;11,12;18,346;11,86;19,844;11,96;2483,313;251,76;647,375;73,02;77,878;17,65;5,481;10,63;2,593;10,21;0,0;10,0;1,978;21,966;0,54;29,811;3,38;5,799;0,58;3,674;1,43;960,911;1,0;"";"";21,226;2,45;146,481;14,97;"";"";13,0;20,0;13,0;"";"";"";"";"";"";"";"";"";"";"";"";"";"";"";"";"";"";"";"";"";"";"";"";"";"";"";"";"";"";"";"";"";"";"";"";"";"";"";"";"";"";"";"";"";"";"";"";"";"";"";"";"";"";"";"";"";"";"";"";"";"";"";"";""
30.11.2022 21:34:38;1669840478000;880f01e687e2572cea04e80fc6a68085;177330;OK;1796;0;0;0;0;0,0;2,24;0;0;455;696;"";122,646;18,4;548,05;66,44001;20,901;0,81;1,535;0,22;12,429;1,62;12,818;11,01;16,89;11,58;18,328;11,68;2121,627;216,58;588,29;67,24;78,372;17,63;2,542;10,23;1,746;10,14;0,0;10,0;1,969;21,956;0,54;29,87;3,38;5,807;0,58;3,694;1,43;960,94;1,0;"";"";21,255;2,45;145,676;14,92;"";"";13,0;20,0;13,0;"";"";"";"";"";"";"";"";"";"";"";"";"";"";"";"";"";"";"";"";"";"";"";"";"";"";"";"";"";"";"";"";"";"";"";"";"";"";"";"";"";"";"";"";"";"";"";"";"";"";"";"";"";"";"";"";"";"";"";"";"";"";"";"";""
30.11.2022 21:36:39;1669840599000;880f01e687e2572cea04e80fc6a68085;177451;OK;1790;0;0;0;0;0,02;-8,0;0;0;456;701;"";119,967;18,0;543,3579;66,30001;20,901;0,81;1,535;0,22;12,449;1,62;12,829;11,0;16,66;11,71;18,104;11,81;2207,292;224,89;610,752;69,51;65,937;16,46;3,938;10,38;1,487;10,09;0,194;10,0;1,987;21,936;0,54;29,906;3,38;5,807;0,58;3,693;1,42;960,952;1,0;"";"";21,281;2,45;145,044;14,89;"";"";13,0;20,0;13,0;"";"";"";"";"";"";"";"";"";"";"";"";"";"";"";"";"";"";"";"";"";"";"";"";"";"";"";"";"";"";"";"";"";"";"";"";"";"";"";"";"";"";"";"";"";"";"";"";"";"";"";"";"";"";"";"";"";"";"";"";"";"";"";"";""
30.11.2022 21:38:40;1669840720000;880f01e687e2572cea04e80fc6a68085;177572;OK;1797;0;0;0;0;0,01;-23,08;0;0;473;704;"";116,878;17,53;540,967;66,23001;20,901;0,81;1,533;0,22;12,436;1,62;12,25;11,0;16,51;11,68;17,297;11,87;2048,236;209,38;587,888;67,24;83,231;18,07;3,21;10,36;0,897;10,03;0,02;10,0;1,764;21,923;0,54;29,917;3,38;5,805;0,58;3,688;1,42;960,965;1,0;"";"";21,283;2,45;144,753;14,87;"";"";13,0;20,0;13,0;"";"";"";"";"";"";"";"";"";"";"";"";"";"";"";"";"";"";"";"";"";"";"";"";"";"";"";"";"";"";"";"";"";"";"";"";"";"";"";"";"";"";"";"";"";"";"";"";"";"";"";"";"";"";"";"";"";"";"";"";"";"";"";"";""
30.11.2022 21:40:41;1669840841000;880f01e687e2572cea04e80fc6a68085;177693;OK;1793;0;0;0;0;-0,02;-24,41;0;0;461;707;"";116,7;17,51;539,001;66,17;20,901;0,81;1,533;0,22;12,441;1,62;12,589;11,0;17,917;11,92;19,461;11,94;1992,788;204,04;589,525;67,47;95,699;19,34;5,908;10,61;1,846;10,16;0,416;10,0;2,088;21,904;0,54;29,921;3,38;5,8;0,58;3,673;1,42;960,9699;1,0;"";"";21,244;2,45;144,503;14,86;"";"";13,0;20,0;13,0;"";"";"";"";"";"";"";"";"";"";"";"";"";"";"";"";"";"";"";"";"";"";"";"";"";"";"";"";"";"";"";"";"";"";"";"";"";"";"";"";"";"";"";"";"";"";"";"";"";"";"";"";"";"";"";"";"";"";"";"";"";"";"";"";""
30.11.2022 21:42:42;1669840962000;880f01e687e2572cea04e80fc6a68085;177814;OK;1795;0;0;0;0;-0,03;-14,87;0;0;434;708;"";115,15;17,27;538,704;66,16001;20,904;0,81;1,531;0,22;12,541;1,63;13,501;11,06;17,555;11,73;18,751;11,99;1999,322;204,58;594,894;67,89;86,152;18,47;4,041;10,45;1,536;10,11;0,157;10,0;1,893;21,888;0,54;29,932;3,38;5,796;0,58;3,665;1,42;960,969;1,0;"";"";21,149;2,46;144,56;14,86;"";"";13,0;20,0;13,0;"";"";"";"";"";"";"";"";"";"";"";"";"";"";"";"";"";"";"";"";"";"";"";"";"";"";"";"";"";"";"";"";"";"";"";"";"";"";"";"";"";"";"";"";"";"";"";"";"";"";"";"";"";"";"";"";"";"";"";"";"";"";"";"";""
30.11.2022 21:44:42;1669841082000;880f01e687e2572cea04e80fc6a68085;177934;OK;1790;0;0;0;0;-0,03;-6,31;0;0;425;709;"";114,336;17,15;538,426;66,15;20,908;0,81;1,531;0,21;12,633;1,63;13,783;11,01;19,064;11,91;21,811;12,25;2284,892;232,4;638,132;72,13;89,325;18,73;7,228;10,81;3,275;10,17;0,724;10,02;2,424;21,874;0,54;29,935;3,38;5,792;0,58;3,653;1,42;960,963;1,0;"";"";21,175;2,45;144,807;14,87;"";"";13,0;20,0;13,0;"";"";"";"";"";"";"";"";"";"";"";"";"";"";"";"";"";"";"";"";"";"";"";"";"";"";"";"";"";"";"";"";"";"";"";"";"";"";"";"";"";"";"";"";"";"";"";"";"";"";"";"";"";"";"";"";"";"";"";"";"";"";"";"";""
30.11.2022 21:46:41;1669841201000;880f01e687e2572cea04e80fc6a68085;178053;OK;1811;0;0;0;0;-0,03;-4,49;0;0;454;710;"";114,404;17,16;537,483;66,12;20,908;0,81;1,53;0,21;12,664;1,64;12,89;11,06;18,049;11,72;18,938;11,99;1994,19;204,21;600,562;68,44;102,026;19,92;4,487;10,4;1,154;10,02;0,241;10,0;1,816;21,861;0,54;29,936;3,38;5,788;0,58;3,643;1,42;960,955;1,0;"";"";21,115;2,46;144,637;14,86;"";"";13,0;20,0;13,0;"";"";"";"";"";"";"";"";"";"";"";"";"";"";"";"";"";"";"";"";"";"";"";"";"";"";"";"";"";"";"";"";"";"";"";"";"";"";"";"";"";"";"";"";"";"";"";"";"";"";"";"";"";"";"";"";"";"";"";"";"";"";"";"";""
30.11.2022 21:48:42;1669841322000;880f01e687e2572cea04e80fc6a68085;178174;OK;1798;0;0;0;0;-0,04;-8,64;0;0;439;713;"";114,427;17,16;534,87;66,05;20,907;0,81;1,529;0,21;12,729;1,64;13,32;11,05;18,859;11,94;20,86;12,07;2034,839;208,12;593,915;67,82;90,77701;18,82;6,86;10,62;2,024;10,26;0,232;10,0;2,202;21,848;0,54;29,937;3,38;5,784;0,58;3,632;1,42;960,938;1,0;"";"";21,092;2,46;144,363;14,84;"";"";13,0;20,0;13,0;"";"";"";"";"";"";"";"";"";"";"";"";"";"";"";"";"";"";"";"";"";"";"";"";"";"";"";"";"";"";"";"";"";"";"";"";"";"";"";"";"";"";"";"";"";"";"";"";"";"";"";"";"";"";"";"";"";"";"";"";"";"";"";"";""
30.11.2022 21:50:43;1669841443000;880f01e687e2572cea04e80fc6a68085;178294;OK;1808;0;0;0;0;-0,04;-24,51;0;0;464;717;"";110,975;16,65;529,932;65,9;20,907;0,81;1,529;0,21;12,676;1,64;12,512;11,0;16,844;11,48;18,347;11,77;1824,551;187,54;554,864;64,02;86,78901;18,44;3,616;10,35;1,722;10,15;0,315;10,0;2,044;21,835;0,54;29,938;3,38;5,78;0,57;3,621;1,42;960,932;1,0;"";"";21,032;2,46;144,485;14,85;"";"";13,0;20,0;13,0;"";"";"";"";"";"";"";"";"";"";"";"";"";"";"";"";"";"";"";"";"";"";"";"";"";"";"";"";"";"";"";"";"";"";"";"";"";"";"";"";"";"";"";"";"";"";"";"";"";"";"";"";"";"";"";"";"";"";"";"";"";"";"";"";""
30.11.2022 21:52:43;1669841563000;880f01e687e2572cea04e80fc6a68085;178415;OK;1829;0;0;0;0;-0,03;-24,76;0;0;482;719;"";110,962;16,64;528,757;65,86;20,906;0,81;1,529;0,21;12,671;1,64;11,96;11,0;16,101;11,62;17,026;11,66;1776,37;182,81;543,392;62,96;78,925;17,66;2,042;10,18;0,91;10,02;0,454;10,0;1,8;21,826;0,54;29,938;3,38;5,777;0,57;3,613;1,42;960,9429;1,0;"";"";21,056;2,46;144,177;14,83;"";"";13,0;20,0;13,0;"";"";"";"";"";"";"";"";"";"";"";"";"";"";"";"";"";"";"";"";"";"";"";"";"";"";"";"";"";"";"";"";"";"";"";"";"";"";"";"";"";"";"";"";"";"";"";"";"";"";"";"";"";"";"";"";"";"";"";"";"";"";"";"";""
30.11.2022 21:54:43;1669841683000;880f01e687e2572cea04e80fc6a68085;178535;OK;1810;0;0;0;0;-0,03;-16,31;0;0;455;719;"";108,099;16,21;528,558;65,86;20,906;0,81;1,528;0,21;12,566;1,63;12,835;11,04;18,036;11,78;19,222;11,94;2023,16;206,88;586,711;67,14;95,35501;19,29;3,145;10,36;1,115;10,11;0,334;10,0;1,951;21,817;0,54;29,935;3,38;5,773;0,57;3,604;1,42;960,997;1,0;"";"";21,118;2,46;143,727;14,81;"";"";13,0;20,0;13,0;"";"";"";"";"";"";"";"";"";"";"";"";"";"";"";"";"";"";"";"";"";"";"";"";"";"";"";"";"";"";"";"";"";"";"";"";"";"";"";"";"";"";"";"";"";"";"";"";"";"";"";"";"";"";"";"";"";"";"";"";"";"";"";"";""
30.11.2022 21:56:45;1669841805000;880f01e687e2572cea04e80fc6a68085;178656;OK;1806;0;0;0;0;-0,03;-3,41;0;0;476;719;"";106,25;15,94;528,692;65,86;20,903;0,81;1,527;0,21;12,575;1,63;12,138;11,0;17,997;11,94;19,448;11,99;2098,377;214,22;589,977;67,45;89,196;18,63;5,996;10,55;2,082;10,12;0,145;10,0;2,116;21,806;0,54;29,939;3,38;5,77;0,57;3,596;1,42;961,02;1,0;"";"";20,965;2,46;143,31;14,78;"";"";13,0;20,0;13,0;"";"";"";"";"";"";"";"";"";"";"";"";"";"";"";"";"";"";"";"";"";"";"";"";"";"";"";"";"";"";"";"";"";"";"";"";"";"";"";"";"";"";"";"";"";"";"";"";"";"";"";"";"";"";"";"";"";"";"";"";"";"";"";"";""
30.11.2022 21:58:44;1669841924000;880f01e687e2572cea04e80fc6a68085;178776;OK;1802;0;0;0;0;-0,03;-5,92;0;0;438;721;"";107,713;16,16;527,237;65,82;20,902;0,81;1,527;0,21;12,539;1,63;13,385;11,01;18,024;11,94;19,841;11,95;2119,741;216,34;612,808;69,63;79,846;17,78;7,218;10,68;3,001;10,27;0,015;10,0;2,159;21,789;0,54;29,94;3,38;5,765;0,57;3,582;1,42;961,0229;1,0;"";"";20,96;2,46;143,299;14,78;"";"";13,0;20,0;13,0;"";"";"";"";"";"";"";"";"";"";"";"";"";"";"";"";"";"";"";"";"";"";"";"";"";"";"";"";"";"";"";"";"";"";"";"";"";"";"";"";"";"";"";"";"";"";"";"";"";"";"";"";"";"";"";"";"";"";"";"";"";"";"";"";""
30.11.2022 22:00:44;1669842044000;880f01e687e2572cea04e80fc6a68085;178896;OK;1789;0;0;0;0;-0,03;-3,99;0;0;503;721;"";107,588;16,14;527,509;65,83;20,901;0,81;1,526;0,21;12,506;1,63;11,37;11,0;14,562;11,35;16,686;11,63;1761,46;181,43;541,377;62,69;72,974;17,15;4,427;10,44;2,697;10,11;0,002;10,0;2,417;21,782;0,54;29,94;3,38;5,763;0,57;3,576;1,42;961,022;1,0;"";"";21,012;2,46;143,632;14,8;"";"";13,0;20,0;13,0;"";"";"";"";"";"";"";"";"";"";"";"";"";"";"";"";"";"";"";"";"";"";"";"";"";"";"";"";"";"";"";"";"";"";"";"";"";"";"";"";"";"";"";"";"";"";"";"";"";"";"";"";"";"";"";"";"";"";"";"";"";"";"";"";""
30.11.2022 22:02:46;1669842166000;880f01e687e2572cea04e80fc6a68085;179017;OK;1812;0;0;0;0;-0,03;-9,01;0;0;491;724;"";105,776;15,87;524,895;65,75;20,908;0,81;1,526;0,21;12,484;1,63;11,67;11,0;16,461;11,72;19,098;11,96;1908,622;195,79;573,576;65,83;87,183;18,46;6,105;10,6;3,516;10,32;0,0;10,0;2,613;21,77;0,54;29,941;3,38;5,759;0,57;3,566;1,42;961,0399;1,0;"";"";20,966;2,46;143,277;14,78;"";"";13,0;20,0;13,0;"";"";"";"";"";"";"";"";"";"";"";"";"";"";"";"";"";"";"";"";"";"";"";"";"";"";"";"";"";"";"";"";"";"";"";"";"";"";"";"";"";"";"";"";"";"";"";"";"";"";"";"";"";"";"";"";"";"";"";"";"";"";"";"";""
30.11.2022 22:04:45;1669842285000;880f01e687e2572cea04e80fc6a68085;179137;OK;1802;0;0;0;0;-0,02;-10,62;0;0;507;726;"";103,385;15,51;523,523;65,71;20,9;0,81;1,524;0,21;12,547;1,63;11,228;11,0;16,13;11,5;17,769;11,77;1776,628;182,89;549,041;63,48;76,744;17,49;5,374;10,58;1,485;10,15;0,519;10,0;2,203;21,762;0,54;29,941;3,38;5,756;0,57;3,559;1,42;961,046;1,0;"";"";20,972;2,46;142,848;14,76;"";"";13,0;20,0;13,0;"";"";"";"";"";"";"";"";"";"";"";"";"";"";"";"";"";"";"";"";"";"";"";"";"";"";"";"";"";"";"";"";"";"";"";"";"";"";"";"";"";"";"";"";"";"";"";"";"";"";"";"";"";"";"";"";"";"";"";"";"";"";"";"";""
30.11.2022 22:06:46;1669842406000;880f01e687e2572cea04e80fc6a68085;179258;OK;1798;0;0;0;0;-0,03;-13,34;0;0;502;727;"";104,07;15,61;522,7849;65,68;20,903;0,81;1,523;0,21;12,552;1,63;11,346;11,0;14,367;11,18;15,148;11,3;1641,029;169,68;519,21;60,58;68,37;16,69;1,648;10,14;0,8059999;10,04;0,261;10,0;1,695;21,75;0,54;29,942;3,38;5,752;0,57;3,549;1,42;961,049;1,0;"";"";20,956;2,47;142,452;14,73;"";"";13,0;20,0;13,0;"";"";"";"";"";"";"";"";"";"";"";"";"";"";"";"";"";"";"";"";"";"";"";"";"";"";"";"";"";"";"";"";"";"";"";"";"";"";"";"";"";"";"";"";"";"";"";"";"";"";"";"";"";"";"";"";"";"";"";"";"";"";"";"";""
30.11.2022 22:08:47;1669842527000;880f01e687e2572cea04e80fc6a68085;179379;OK;1792;0;0;0;0;-0,03;-10,0;0;0;476;729;"";102,43;15,36;520,94;65,63;20,899;0,81;1,522;0,21;12,53;1,63;12,155;11,0;16,842;11,8;17,77;11,88;1738,465;179,17;547,105;63,26;84,379;18,22;4,413;10,41;1,085;10,0;0,027;10,0;1,825;21,74;0,54;29,943;3,38;5,749;0,57;3,541;1,42;961,049;1,0;"";"";20,908;2,47;142,037;14,71;"";"";13,0;20,0;13,0;"";"";"";"";"";"";"";"";"";"";"";"";"";"";"";"";"";"";"";"";"";"";"";"";"";"";"";"";"";"";"";"";"";"";"";"";"";"";"";"";"";"";"";"";"";"";"";"";"";"";"";"";"";"";"";"";"";"";"";"";"";"";"";"";""
30.11.2022 22:10:48;1669842648000;880f01e687e2572cea04e80fc6a68085;179500;OK;1791;0;0;0;0;-0,03;-13,02;0;0;486;731;"";102,137;15,32;519,02;65,57;20,896;0,81;1,522;0,21;12,544;1,63;11,864;11,0;16,923;11,65;18,796;11,95;1733,402;178,69;533,517;61,97;81,632;17,89;4,411;10,29;2,734;10,14;0,003;10,0;2,27;21,725;0,54;29,943;3,38;5,744;0,57;3,529;1,42;961,0579;1,0;"";"";20,941;2,47;141,737;14,69;"";"";13,0;20,0;13,0;"";"";"";"";"";"";"";"";"";"";"";"";"";"";"";"";"";"";"";"";"";"";"";"";"";"";"";"";"";"";"";"";"";"";"";"";"";"";"";"";"";"";"";"";"";"";"";"";"";"";"";"";"";"";"";"";"";"";"";"";"";"";"";"";""
30.11.2022 22:12:49;1669842769000;880f01e687e2572cea04e80fc6a68085;179621;OK;1817;0;0;0;0;-0,03;-12,86;0;0;495;732;"";104,176;15,63;518,166;65,54;20,896;0,81;1,522;0,21;12,512;1,63;11,561;11,0;16,053;11,52;18,007;11,96;1717,163;177,11;537,071;62,23;77,059;17,5;5,996;10,55;2,527;10,2;0,0;10,0;2,348;21,722;0,54;29,944;3,38;5,743;0,57;3,526;1,42;961,0789;1,0;"";"";20,894;2,47;141,79;14,7;"";"";13,0;20,0;13,0;"";"";"";"";"";"";"";"";"";"";"";"";"";"";"";"";"";"";"";"";"";"";"";"";"";"";"";"";"";"";"";"";"";"";"";"";"";"";"";"";"";"";"";"";"";"";"";"";"";"";"";"";"";"";"";"";"";"";"";"";"";"";"";"";""
30.11.2022 22:14:49;1669842889000;880f01e687e2572cea04e80fc6a68085;179740;OK;1802;0;0;0;0;-0,02;-19,22;0;0;493;736;"";102,547;15,38;514,121;65,42;20,9;0,81;1,521;0,21;12,404;1,62;11,627;11,0;16,268;11,73;17,594;12,0;1666,909;172,21;517,734;60,35;80,225;17,78;5,17;10,42;1,955;10,02;0,122;10,0;2,071;21,714;0,54;29,944;3,38;5,741;0,57;3,519;1,42;961,085;1,0;"";"";20,894;2,47;141,774;14,7;"";"";13,0;20,0;13,0;"";"";"";"";"";"";"";"";"";"";"";"";"";"";"";"";"";"";"";"";"";"";"";"";"";"";"";"";"";"";"";"";"";"";"";"";"";"";"";"";"";"";"";"";"";"";"";"";"";"";"";"";"";"";"";"";"";"";"";"";"";"";"";"";""
30.11.2022 22:16:49;1669843009000;880f01e687e2572cea04e80fc6a68085;179862;OK;1808;0;0;0;0;-0,02;-7,19;0;0;485;732;"";97,49701;14,62;518,344;65,55;20,901;0,81;1,52;0,21;12,333;1,62;11,857;11,0;18,101;11,9;19,092;12,0;1782,982;183,57;554,705;64,01;102,926;19,94;4,894;10,48;1,162;10,07;0,013;10,0;1,937;21,703;0,54;29,944;3,38;5,737;0,57;3,51;1,42;961,082;1,0;"";"";20,864;2,47;141,819;14,7;"";"";13,0;20,0;13,0;"";"";"";"";"";"";"";"";"";"";"";"";"";"";"";"";"";"";"";"";"";"";"";"";"";"";"";"";"";"";"";"";"";"";"";"";"";"";"";"";"";"";"";"";"";"";"";"";"";"";"";"";"";"";"";"";"";"";"";"";"";"";"";"";""
30.11.2022 22:18:50;1669843130000;880f01e687e2572cea04e80fc6a68085;179981;OK;1813;0;0;0;0;-0,02;-6,57;0;0;497;736;"";99,562;14,93;514,373;65,43;20,902;0,81;1,52;0,21;12,29;1,62;11,504;11,0;16,577;11,75;18,227;11,87;1758,574;181,14;546,662;63,2;92,838;18,98;5,705;10,52;2,303;10,07;0,001;10,0;2,211;21,699;0,54;29,945;3,38;5,736;0,57;3,506;1,42;961,116;1,0;"";"";20,841;2,47;141,939;14,7;"";"";13,0;20,0;13,0;"";"";"";"";"";"";"";"";"";"";"";"";"";"";"";"";"";"";"";"";"";"";"";"";"";"";"";"";"";"";"";"";"";"";"";"";"";"";"";"";"";"";"";"";"";"";"";"";"";"";"";"";"";"";"";"";"";"";"";"";"";"";"";"";""
30.11.2022 22:20:51;1669843251000;880f01e687e2572cea04e80fc6a68085;180103;OK;1802;0;0;0;0;-0,02;-5,25;0;0;511;737;"";99,782;14,97;513,77;65,41;20,904;0,81;1,519;0,21;12,272;1,62;11,092;11,0;14,502;11,37;14,946;11,45;1626,777;168,29;507,011;59,38;68,802;16,63;2,015;10,17;0,369;10,01;0,0;10,0;1,555;21,688;0,54;29,945;3,38;5,732;0,57;3,497;1,42;961,142;1,0;"";"";20,876;2,47;141,214;14,66;"";"";13,0;20,0;13,0;"";"";"";"";"";"";"";"";"";"";"";"";"";"";"";"";"";"";"";"";"";"";"";"";"";"";"";"";"";"";"";"";"";"";"";"";"";"";"";"";"";"";"";"";"";"";"";"";"";"";"";"";"";"";"";"";"";"";"";"";"";"";"";"";""
30.11.2022 22:22:50;1669843370000;880f01e687e2572cea04e80fc6a68085;180222;OK;1808;0;0;0;0;-0,03;-14,24;0;0;493;739;"";99,00901;14,85;512,114;65,36;20,9;0,81;1,519;0,21;12,29;1,62;11,633;11,0;16,195;11,81;16,658;11,82;1648,228;170,36;520,579;60,69;83,227;18,08;4,491;10,36;0,507;10,0;0,0;10,0;1,641;21,67;0,54;29,946;3,38;5,726;0,57;3,482;1,42;961,156;1,0;"";"";20,899;2,47;140,462;14,62;"";"";13,0;20,0;13,0;"";"";"";"";"";"";"";"";"";"";"";"";"";"";"";"";"";"";"";"";"";"";"";"";"";"";"";"";"";"";"";"";"";"";"";"";"";"";"";"";"";"";"";"";"";"";"";"";"";"";"";"";"";"";"";"";"";"";"";"";"";"";"";"";""
30.11.2022 22:24:52;1669843492000;880f01e687e2572cea04e80fc6a68085;180343;OK;1798;0;0;0;0;-0,04;-3,48;0;0;484;739;"";96,126;14,42;511,956;65,36;20,898;0,81;1,519;0,21;12,306;1,62;11,906;11,0;17,376;11,87;20,53;11,93;1759,342;181,25;555,692;64,15;90,92601;18,84;8,455;10,93;3,848;10,35;0,659;10,0;2,679;21,659;0,54;29,951;3,38;5,724;0,57;3,475;1,42;961,156;1,0;"";"";20,842;2,47;140,206;14,61;"";"";13,0;20,0;13,0;"";"";"";"";"";"";"";"";"";"";"";"";"";"";"";"";"";"";"";"";"";"";"";"";"";"";"";"";"";"";"";"";"";"";"";"";"";"";"";"";"";"";"";"";"";"";"";"";"";"";"";"";"";"";"";"";"";"";"";"";"";"";"";"";""
30.11.2022 22:26:52;1669843612000;880f01e687e2572cea04e80fc6a68085;180462;OK;1850;0;0;0;0;-0,02;-3,33;0;0;484;741;"";96,61799;14,49;511,546;65,35;20,898;0,81;1,519;0,21;12,334;1,62;11,903;11,0;16,765;11,75;19,455;11,98;1690,134;174,41;533,446;61,97;84,146;18,21;7,791;10,75;3,881;10,37;0,412;10,0;2,58;21,647;0,54;29,994;3,38;5,728;0,57;3,485;1,42;961,15;1,0;"";"";20,785;2,47;140,353;14,62;"";"";13,0;20,0;13,0;"";"";"";"";"";"";"";"";"";"";"";"";"";"";"";"";"";"";"";"";"";"";"";"";"";"";"";"";"";"";"";"";"";"";"";"";"";"";"";"";"";"";"";"";"";"";"";"";"";"";"";"";"";"";"";"";"";"";"";"";"";"";"";"";""
30.11.2022 22:28:53;1669843733000;880f01e687e2572cea04e80fc6a68085;180584;OK;1812;0;0;0;0;-0,0;-7,19;0;0;460;743;"";94,80101;14,22;509,058;65,27;20,898;0,81;1,518;0,21;12,397;1,62;12,66;11,01;17,439;11,68;18,472;11,76;1789,131;184,11;562,318;64,7;83,478;18,2;5,77;10,47;1,373;10,04;0,443;10,0;1,882;21,647;0,54;29,968;3,38;5,723;0,57;3,472;1,42;961,111;1,0;"";"";20,873;2,47;140,718;14,63;"";"";13,0;20,0;13,0;"";"";"";"";"";"";"";"";"";"";"";"";"";"";"";"";"";"";"";"";"";"";"";"";"";"";"";"";"";"";"";"";"";"";"";"";"";"";"";"";"";"";"";"";"";"";"";"";"";"";"";"";"";"";"";"";"";"";"";"";"";"";"";"";""
30.11.2022 22:30:54;1669843854000;880f01e687e2572cea04e80fc6a68085;180706;OK;1801;0;0;0;0;-0,01;-13,56;0;0;467;743;"";95,7;14,35;508,787;65,26;20,896;0,81;1,518;0,21;12,348;1,62;12,419;11,0;16,48;11,73;18,351;11,88;1755,393;180,88;553,411;63,85;84,389;18,2;3,61;10,32;1,565;10,13;0,564;10,0;2,179;21,636;0,54;29,964;3,38;5,719;0,57;3,461;1,42;961,103;1,0;"";"";20,775;2,47;140,559;14,62;"";"";13,0;20,0;13,0;"";"";"";"";"";"";"";"";"";"";"";"";"";"";"";"";"";"";"";"";"";"";"";"";"";"";"";"";"";"";"";"";"";"";"";"";"";"";"";"";"";"";"";"";"";"";"";"";"";"";"";"";"";"";"";"";"";"";"";"";"";"";"";"";""
30.11.2022 22:32:53;1669843973000;880f01e687e2572cea04e80fc6a68085;180825;OK;1808;0;0;0;0;-0,03;-15,15;0;0;460;745;"";93,33;14,0;506,404;65,19001;20,895;0,81;1,518;0,21;12,373;1,62;12,642;11,0;17,761;11,93;19,572;11,99;1775,77;182,81;564,286;64,89;89,77301;18,68;4,995;10,42;2,3;10,18;0,513;10,0;2,198;21,626;0,54;29,969;3,38;5,716;0,57;3,455;1,42;961,1219;1,0;"";"";20,829;2,47;140,249;14,61;"";"";13,0;20,0;13,0;"";"";"";"";"";"";"";"";"";"";"";"";"";"";"";"";"";"";"";"";"";"";"";"";"";"";"";"";"";"";"";"";"";"";"";"";"";"";"";"";"";"";"";"";"";"";"";"";"";"";"";"";"";"";"";"";"";"";"";"";"";"";"";"";""
30.11.2022 22:34:55;1669844095000;880f01e687e2572cea04e80fc6a68085;180946;OK;1805;0;0;0;0;-0,03;-9,9;0;0;482;746;"";91,815;13,77;506,009;65,18;20,897;0,81;1,516;0,21;12,342;1,62;11,979;11,0;15,775;11,6;16,8;11,78;1739,733;179,28;549,034;63,42;82,503;18,02;3,003;10,21;1,105;10,02;0,053;10,0;1,859;21,618;0,54;29,965;3,38;5,713;0,57;3,445;1,42;961,1259;1,0;"";"";20,821;2,47;139,76;14,58;"";"";13,0;20,0;13,0;"";"";"";"";"";"";"";"";"";"";"";"";"";"";"";"";"";"";"";"";"";"";"";"";"";"";"";"";"";"";"";"";"";"";"";"";"";"";"";"";"";"";"";"";"";"";"";"";"";"";"";"";"";"";"";"";"";"";"";"";"";"";"";"";""
30.11.2022 22:36:55;1669844215000;880f01e687e2572cea04e80fc6a68085;181067;OK;1780;0;0;0;0;-0,03;-4,56;0;0;455;747;"";89,906;13,49;505,474;65,16;20,901;0,81;1,515;0,21;12,349;1,62;12,816;11,0;17,127;11,84;18,122;11,89;1858,333;190,87;583,918;66,81;84,09301;18,21;3,616;10,27;1,151;10,04;0,005;10,0;1,826;21,6;0,54;29,972;3,38;5,708;0,57;3,434;1,42;961,107;1,0;"";"";20,767;2,47;139,927;14,59;"";"";13,0;20,0;13,0;"";"";"";"";"";"";"";"";"";"";"";"";"";"";"";"";"";"";"";"";"";"";"";"";"";"";"";"";"";"";"";"";"";"";"";"";"";"";"";"";"";"";"";"";"";"";"";"";"";"";"";"";"";"";"";"";"";"";"";"";"";"";"";"";""
30.11.2022 22:38:56;1669844336000;880f01e687e2572cea04e80fc6a68085;181187;OK;1804;0;0;0;0;-0,02;-2,87;0;0;466;749;"";88,67801;13,3;504,267;65,13;20,897;0,81;1,515;0,21;12,409;1,62;12,467;11,0;17,705;11,84;18,736;11,98;1772,256;182,36;551,9619;63,67;91,057;18,92;7,451;10,67;1,235;10,05;0,123;10,0;1,913;21,594;0,54;29,992;3,38;5,71;0,57;3,438;1,42;961,103;1,0;"";"";20,757;2,47;139,709;14,58;"";"";13,0;20,0;13,0;"";"";"";"";"";"";"";"";"";"";"";"";"";"";"";"";"";"";"";"";"";"";"";"";"";"";"";"";"";"";"";"";"";"";"";"";"";"";"";"";"";"";"";"";"";"";"";"";"";"";"";"";"";"";"";"";"";"";"";"";"";"";"";"";""
30.11.2022 22:40:57;1669844457000;880f01e687e2572cea04e80fc6a68085;181309;OK;1807;0;0;0;0;0,0;-7,4;0;0;493;751;"";87,039;13,06;503,184;65,1;20,895;0,81;1,514;0,21;12,513;1,63;11,638;11,0;15,947;11,62;18,06;11,76;1710,713;176,46;533,383;61,98;75,239;17,34;4,6;10,44;2,561;10,17;0,251;10,0;2,408;21,589;0,54;30,011;3,38;5,712;0,57;3,442;1,42;961,0889;1,0;"";"";20,626;2,48;139,553;14,57;"";"";13,0;20,0;13,0;"";"";"";"";"";"";"";"";"";"";"";"";"";"";"";"";"";"";"";"";"";"";"";"";"";"";"";"";"";"";"";"";"";"";"";"";"";"";"";"";"";"";"";"";"";"";"";"";"";"";"";"";"";"";"";"";"";"";"";"";"";"";"";"";""
30.11.2022 22:42:56;1669844576000;880f01e687e2572cea04e80fc6a68085;181428;OK;1804;0;0;0;0;0,02;-9,85;0;0;475;752;"";90,01201;13,5;502,417;65,07;20,895;0,81;1,513;0,21;12,595;1,63;12,168;11,0;17,569;11,84;18,722;11,97;1754,94;180,8;554,805;63,91;86,763;18,41;4,187;10,31;1,806;10,02;0,027;10,0;1,98;21,587;0,54;30,029;3,38;5,715;0,57;3,449;1,41;961,077;1,0;"";"";20,586;2,48;139,477;14,56;"";"";13,0;20,0;13,0;"";"";"";"";"";"";"";"";"";"";"";"";"";"";"";"";"";"";"";"";"";"";"";"";"";"";"";"";"";"";"";"";"";"";"";"";"";"";"";"";"";"";"";"";"";"";"";"";"";"";"";"";"";"";"";"";"";"";"";"";"";"";"";"";""
30.11.2022 22:44:57;1669844697000;880f01e687e2572cea04e80fc6a68085;181549;OK;1797;0;0;0;0;0,0;-12,22;0;0;464;753;"";91,157;13,67;500,195;65,01;20,896;0,81;1,515;0,21;12,539;1,63;12,509;11,0;16,752;11,59;18,584;11,74;1781,796;183,41;561,027;64,63;81,23;17,91;4,798;10,36;2,851;10,22;0,765;10,0;2,186;21,589;0,54;30,007;3,38;5,712;0,57;3,441;1,42;961,054;1,0;"";"";20,621;2,48;139,737;14,58;"";"";13,0;20,0;13,0;"";"";"";"";"";"";"";"";"";"";"";"";"";"";"";"";"";"";"";"";"";"";"";"";"";"";"";"";"";"";"";"";"";"";"";"";"";"";"";"";"";"";"";"";"";"";"";"";"";"";"";"";"";"";"";"";"";"";"";"";"";"";"";"";""
30.11.2022 22:46:58;1669844818000;880f01e687e2572cea04e80fc6a68085;181669;OK;1798;0;0;0;0;-0,01;-5,85;0;0;500;751;"";89,523;13,43;502,122;65,06;20,896;0,81;1,514;0,21;12,382;1,62;11,413;11,0;16,005;11,58;17,247;11,75;1650,912;170,65;523,627;61,01;81,996;17,99;6,222;10,54;1,438;10,1;0,079;10,0;2,013;21,587;0,54;30,004;3,38;5,71;0,57;3,438;1,42;961,049;1,0;"";"";20,681;2,48;139,786;14,58;"";"";13,0;20,0;13,0;"";"";"";"";"";"";"";"";"";"";"";"";"";"";"";"";"";"";"";"";"";"";"";"";"";"";"";"";"";"";"";"";"";"";"";"";"";"";"";"";"";"";"";"";"";"";"";"";"";"";"";"";"";"";"";"";"";"";"";"";"";"";"";"";""
30.11.2022 22:48:58;1669844938000;880f01e687e2572cea04e80fc6a68085;181790;OK;1788;0;0;0;0;-0,03;1,61;0;0;507;751;"";86,866;13,03;502,046;65,06;20,896;0,81;1,513;0,21;12,232;1,61;11,205;11,0;16,667;11,67;19,505;11,97;1775,661;182,8;561,067;64,59;94,93;19,26;6,141;10,62;2,757;10,19;0,586;10,06;2,662;21,583;0,54;29,988;3,38;5,706;0,57;3,426;1,42;961,055;1,0;"";"";20,695;2,48;139,513;14,56;"";"";13,0;20,0;13,0;"";"";"";"";"";"";"";"";"";"";"";"";"";"";"";"";"";"";"";"";"";"";"";"";"";"";"";"";"";"";"";"";"";"";"";"";"";"";"";"";"";"";"";"";"";"";"";"";"";"";"";"";"";"";"";"";"";"";"";"";"";"";"";"";""
30.11.2022 22:50:58;1669845058000;880f01e687e2572cea04e80fc6a68085;181910;OK;1793;0;0;0;0;-0,02;3,81;0;0;517;752;"";89,07701;13,36;501,825;65,05001;20,895;0,81;1,513;0,21;12,128;1,61;10,894;11,0;14,0;11,18;15,185;11,43;1667,808;172,28;529,183;61,51;70,928;16,95;3,243;10,36;1,835;10,2;0,06;10,01;1,906;21,582;0,54;29,982;3,38;5,705;0,57;3,423;1,42;961,068;1,0;"";"";20,684;2,48;138,854;14,53;"";"";13,0;20,0;13,0;"";"";"";"";"";"";"";"";"";"";"";"";"";"";"";"";"";"";"";"";"";"";"";"";"";"";"";"";"";"";"";"";"";"";"";"";"";"";"";"";"";"";"";"";"";"";"";"";"";"";"";"";"";"";"";"";"";"";"";"";"";"";"";"";""
30.11.2022 22:52:59;1669845179000;880f01e687e2572cea04e80fc6a68085;182031;OK;1801;0;0;0;0;-0,03;-5,87;0;0;505;754;"";86,129;12,92;499,824;64,99;20,895;0,81;1,513;0,21;11,946;1,6;11,256;11,0;16,302;11,66;16,967;11,71;1727,112;178,07;541,911;62,72;86,713;18,48;4,146;10,43;0,601;10,02;0,006;10,0;1,762;21,569;0,54;29,982;3,38;5,7;0,57;3,412;1,42;961,06;1,0;"";"";20,752;2,47;137,962;14,48;"";"";13,0;20,0;13,0;"";"";"";"";"";"";"";"";"";"";"";"";"";"";"";"";"";"";"";"";"";"";"";"";"";"";"";"";"";"";"";"";"";"";"";"";"";"";"";"";"";"";"";"";"";"";"";"";"";"";"";"";"";"";"";"";"";"";"";"";"";"";"";"";""
30.11.2022 22:55:00;1669845300000;880f01e687e2572cea04e80fc6a68085;182152;OK;1787;0;0;0;0;-0,01;-5,13;0;0;503;754;"";86,027;12,9;500,157;65,0;20,895;0,81;1,513;0,21;11,904;1,6;11,321;11,0;15,945;11,61;17,996;11,95;1691,269;174,56;535,917;62,18;78,908;17,75;5,332;10,56;2,992;10,28;0,23;10,0;2,391;21,559;0,54;30,027;3,38;5,705;0,57;3,424;1,41;961,0579;1,0;"";"";20,566;2,48;137,529;14,46;"";"";13,0;20,0;13,0;"";"";"";"";"";"";"";"";"";"";"";"";"";"";"";"";"";"";"";"";"";"";"";"";"";"";"";"";"";"";"";"";"";"";"";"";"";"";"";"";"";"";"";"";"";"";"";"";"";"";"";"";"";"";"";"";"";"";"";"";"";"";"";"";""
30.11.2022 22:57:00;1669845420000;880f01e687e2572cea04e80fc6a68085;182271;OK;1813;0;0;0;0;0,01;-6,93;0;0;480;756;"";84,455;12,67;498,499;64,95;20,893;0,81;1,513;0,21;11,87;1,59;12,019;11,0;15,678;11,48;17,039;11,78;1718,059;177,14;546,009;63,15;71,898;17,08;3,61;10,32;1,815;10,07;0,145;10,0;2,009;21,554;0,54;30,041;3,38;5,706;0,57;3,426;1,41;961,06;1,0;"";"";20,63;2,48;137,347;14,45;"";"";13,0;20,0;13,0;"";"";"";"";"";"";"";"";"";"";"";"";"";"";"";"";"";"";"";"";"";"";"";"";"";"";"";"";"";"";"";"";"";"";"";"";"";"";"";"";"";"";"";"";"";"";"";"";"";"";"";"";"";"";"";"";"";"";"";"";"";"";"";"";""
30.11.2022 22:59:00;1669845540000;880f01e687e2572cea04e80fc6a68085;182392;OK;1791;0;0;0;0;0,02;-11,57;0;0;493;759;"";87,515;13,13;495,303;64,86;20,893;0,81;1,512;0,21;11,873;1,59;11,627;11,0;17,148;11,63;19,899;11,95;1715,146;176,9;542,108;62,68;87,57;18,53;8,859;10,95;3,23;10,38;0,54;10,0;2,59;21,549;0,54;30,058;3,38;5,708;0,57;3,43;1,41;961,06;1,0;"";"";20,471;2,49;137,034;14,43;"";"";13,0;20,0;13,0;"";"";"";"";"";"";"";"";"";"";"";"";"";"";"";"";"";"";"";"";"";"";"";"";"";"";"";"";"";"";"";"";"";"";"";"";"";"";"";"";"";"";"";"";"";"";"";"";"";"";"";"";"";"";"";"";"";"";"";"";"";"";"";"";""
30.11.2022 23:01:01;1669845661000;880f01e687e2572cea04e80fc6a68085;182513;OK;1819;0;0;0;0;-0,01;-16,12;0;0;484;759;"";85,48;12,82;494,999;64,85;20,897;0,81;1,512;0,21;11,83;1,59;11,878;11,0;16,288;11,72;17,788;11,96;1709,828;176,29;543,466;62,85;83,464;18,17;3,476;10,38;2,012;10,09;0,056;10,0;2,097;21,545;0,54;30,019;3,38;5,699;0,57;3,408;1,42;961,039;1,0;"";"";20,498;2,49;136,668;14,41;"";"";13,0;20,0;13,0;"";"";"";"";"";"";"";"";"";"";"";"";"";"";"";"";"";"";"";"";"";"";"";"";"";"";"";"";"";"";"";"";"";"";"";"";"";"";"";"";"";"";"";"";"";"";"";"";"";"";"";"";"";"";"";"";"";"";"";"";"";"";"";"";""
30.11.2022 23:03:02;1669845782000;880f01e687e2572cea04e80fc6a68085;182634;OK;1798;0;0;0;0;-0,04;-6,57;0;0;478;759;"";85,71601;12,86;495,437;64,86;20,895;0,81;1,512;0,21;11,767;1,59;12,077;11,0;15,956;11,63;17,371;11,87;1703,348;175,71;540,217;62,5;76,929;17,54;2,681;10,29;1,713;10,19;0,006;10,0;2,016;21,54;0,54;30,005;3,38;5,695;0,57;3,397;1,42;961,014;1,0;"";"";20,589;2,48;136,199;14,39;"";"";13,0;20,0;13,0;"";"";"";"";"";"";"";"";"";"";"";"";"";"";"";"";"";"";"";"";"";"";"";"";"";"";"";"";"";"";"";"";"";"";"";"";"";"";"";"";"";"";"";"";"";"";"";"";"";"";"";"";"";"";"";"";"";"";"";"";"";"";"";"";""
30.11.2022 23:05:03;1669845903000;880f01e687e2572cea04e80fc6a68085;182755;OK;1788;0;0;0;0;-0,05;-5,51;0;0;493;761;"";84,353;12,65;493,218;64,8;20,893;0,81;1,512;0,21;11,704;1,59;11,638;11,0;16,219;11,74;17,767;11,94;1714,601;176,79;546,131;63,11;77,973;17,57;4,577;10,4;1,848;10,08;0,286;10,0;2,119;21,533;0,54;29,983;3,38;5,688;0,57;3,38;1,42;961,014;1,0;"";"";20,497;2,49;135,591;14,36;"";"";13,0;20,0;13,0;"";"";"";"";"";"";"";"";"";"";"";"";"";"";"";"";"";"";"";"";"";"";"";"";"";"";"";"";"";"";"";"";"";"";"";"";"";"";"";"";"";"";"";"";"";"";"";"";"";"";"";"";"";"";"";"";"";"";"";"";"";"";"";"";""
30.11.2022 23:07:02;1669846022000;880f01e687e2572cea04e80fc6a68085;182874;OK;1801;0;0;0;0;-0,05;-4,98;0;0;509;761;"";82,28;12,34;493,607;64,81;20,892;0,81;1,511;0,21;11,663;1,58;11,141;11,0;17,704;11,85;19,432;11,94;1713,823;176,76;541,8;62,77;98,913;19,62;7,893;10,76;2,63;10,2;0,031;10,0;2,264;21,524;0,54;29,971;3,38;5,683;0,57;3,367;1,42;961,005;1,0;"";"";20,392;2,49;134,899;14,32;"";"";13,0;20,0;13,0;"";"";"";"";"";"";"";"";"";"";"";"";"";"";"";"";"";"";"";"";"";"";"";"";"";"";"";"";"";"";"";"";"";"";"";"";"";"";"";"";"";"";"";"";"";"";"";"";"";"";"";"";"";"";"";"";"";"";"";"";"";"";"";"";""
30.11.2022 23:09:04;1669846144000;880f01e687e2572cea04e80fc6a68085;182995;OK;1802;0;0;0;0;-0,03;-3,92;0;0;503;762;"";81,338;12,2;493,31;64,8;20,893;0,81;1,51;0,21;11,697;1,59;11,322;11,0;15,399;11,44;17,403;11,64;1681,968;173,68;523,7979;61,02;73,949;17,26;4,285;10,36;2,654;10,17;0,167;10,0;2,308;21,51;0,54;30,011;3,38;5,686;0,56;3,374;1,42;961,008;1,0;"";"";20,281;2,5;135,276;14,34;"";"";13,0;20,0;13,0;"";"";"";"";"";"";"";"";"";"";"";"";"";"";"";"";"";"";"";"";"";"";"";"";"";"";"";"";"";"";"";"";"";"";"";"";"";"";"";"";"";"";"";"";"";"";"";"";"";"";"";"";"";"";"";"";"";"";"";"";"";"";"";"";""
30.11.2022 23:11:04;1669846264000;880f01e687e2572cea04e80fc6a68085;183116;OK;1800;0;0;0;0;-0,02;1,46;0;0;489;762;"";81,793;12,27;493,773;64,81;20,891;0,81;1,509;0,21;11,835;1,59;11,726;11,0;17,552;11,87;19,059;11,92;1757,745;181,06;553,849;63,91;87,84201;18,57;8,244;10,74;1,857;10,17;0,017;10,0;2,141;21,5;0,54;29,991;3,38;5,679;0,56;3,356;1,42;961,0029;1,0;"";"";20,285;2,5;135,657;14,36;"";"";13,0;20,0;13,0;"";"";"";"";"";"";"";"";"";"";"";"";"";"";"";"";"";"";"";"";"";"";"";"";"";"";"";"";"";"";"";"";"";"";"";"";"";"";"";"";"";"";"";"";"";"";"";"";"";"";"";"";"";"";"";"";"";"";"";"";"";"";"";"";""
30.11.2022 23:13:04;1669846384000;880f01e687e2572cea04e80fc6a68085;183236;OK;1803;0;0;0;0;-0,0;-5,88;0;0;507;764;"";79,298;11,89;491,856;64,76;20,897;0,81;1,508;0,21;11,785;1,59;11,184;11,0;14,16;11,14;16,186;11,58;1626,247;168,29;515,6909;60,2;61,796;16,07;3,551;10,37;2,471;10,23;0,002;10,0;2,33;21,489;0,54;30,041;3,38;5,685;0,56;3,37;1,41;961,016;1,0;"";"";20,365;2,49;135,109;14,33;"";"";13,0;20,0;13,0;"";"";"";"";"";"";"";"";"";"";"";"";"";"";"";"";"";"";"";"";"";"";"";"";"";"";"";"";"";"";"";"";"";"";"";"";"";"";"";"";"";"";"";"";"";"";"";"";"";"";"";"";"";"";"";"";"";"";"";"";"";"";"";"";""
30.11.2022 23:15:05;1669846505000;880f01e687e2572cea04e80fc6a68085;183357;OK;1791;0;0;0;0;-0,02;-11,04;0;0;502;766;"";82,438;12,37;489,754;64,69;20,899;0,81;1,508;0,21;11,798;1,59;11,368;11,0;16,197;11,72;17,412;11,8;1714,649;176,86;546,4149;63,19;83,78901;18,19;4,667;10,45;1,375;10,02;0,0;10,0;2,019;21,483;0,54;30,005;3,38;5,676;0,56;3,347;1,42;961,0029;1,0;"";"";20,316;2,5;134,914;14,32;"";"";13,0;20,0;13,0;"";"";"";"";"";"";"";"";"";"";"";"";"";"";"";"";"";"";"";"";"";"";"";"";"";"";"";"";"";"";"";"";"";"";"";"";"";"";"";"";"";"";"";"";"";"";"";"";"";"";"";"";"";"";"";"";"";"";"";"";"";"";"";"";""
30.11.2022 23:17:05;1669846625000;880f01e687e2572cea04e80fc6a68085;183476;OK;1822;0;0;0;0;-0,03;-11,88;0;0;480;766;"";80,729;12,11;489,609;64,69;20,897;0,81;1,508;0,21;11,804;1,59;12,004;11,0;16,211;11,48;16,377;11,51;1694,284;174,84;534,538;62,01;73,06301;17,14;2,928;10,24;0,147;10,0;0,0;10,0;1,46;21,48;0,54;29,975;3,38;5,669;0,56;3,331;1,42;961,022;1,0;"";"";20,229;2,5;134,306;14,28;"";"";13,0;20,0;13,0;"";"";"";"";"";"";"";"";"";"";"";"";"";"";"";"";"";"";"";"";"";"";"";"";"";"";"";"";"";"";"";"";"";"";"";"";"";"";"";"";"";"";"";"";"";"";"";"";"";"";"";"";"";"";"";"";"";"";"";"";"";"";"";"";""
30.11.2022 23:19:06;1669846746000;880f01e687e2572cea04e80fc6a68085;183598;OK;1801;0;0;0;0;-0,04;-8,63;0;0;481;767;"";77,854;11,68;488,658;64,66001;20,897;0,81;1,507;0,21;11,75;1,59;11,993;11,0;17,104;11,72;18,481;11,91;1744,797;179,8;551,423;63,63;82,496;18,08;5,287;10,52;2,095;10,1;0,218;10,0;2,068;21,471;0,54;29,993;3,38;5,67;0,56;3,332;1,42;961,024;1,0;"";"";20,275;2,5;134,264;14,28;"";"";13,0;20,0;13,0;"";"";"";"";"";"";"";"";"";"";"";"";"";"";"";"";"";"";"";"";"";"";"";"";"";"";"";"";"";"";"";"";"";"";"";"";"";"";"";"";"";"";"";"";"";"";"";"";"";"";"";"";"";"";"";"";"";"";"";"";"";"";"";"";""
30.11.2022 23:21:05;1669846865000;880f01e687e2572cea04e80fc6a68085;183717;OK;1800;0;0;0;0;-0,01;-3,76;0;0;490;767;"";78,507;11,78;489,026;64,67;20,892;0,81;1,506;0,21;11,747;1,59;11,721;11,0;17,119;11,86;18,849;11,93;1754,406;180,68;554,993;64,03;96,078;19,28;5,979;10,6;2,696;10,18;0,489;10,0;2,197;21,463;0,54;30,017;3,38;5,672;0,56;3,336;1,41;961,008;1,0;"";"";20,227;2,5;134,067;14,27;"";"";13,0;20,0;13,0;"";"";"";"";"";"";"";"";"";"";"";"";"";"";"";"";"";"";"";"";"";"";"";"";"";"";"";"";"";"";"";"";"";"";"";"";"";"";"";"";"";"";"";"";"";"";"";"";"";"";"";"";"";"";"";"";"";"";"";"";"";"";"";"";""
30.11.2022 23:23:06;1669846986000;880f01e687e2572cea04e80fc6a68085;183838;OK;1791;0;0;0;0;0,02;-4,55;0;0;479;769;"";78,47;11,77;487,607;64,63;20,89;0,81;1,506;0,21;11,769;1,59;12,035;11,0;16,301;11,74;17,246;11,92;1706,562;176,04;544,613;63,0;76,727;17,43;2,293;10,15;1,293;10,05;0,05;10,0;1,844;21,457;0,54;30,04;3,38;5,674;0,56;3,342;1,41;961,0189;1,0;"";"";20,209;2,5;133,736;14,25;"";"";13,0;20,0;13,0;"";"";"";"";"";"";"";"";"";"";"";"";"";"";"";"";"";"";"";"";"";"";"";"";"";"";"";"";"";"";"";"";"";"";"";"";"";"";"";"";"";"";"";"";"";"";"";"";"";"";"";"";"";"";"";"";"";"";"";"";"";"";"";"";""
30.11.2022 23:25:07;1669847107000;880f01e687e2572cea04e80fc6a68085;183959;OK;1794;0;0;0;0;-0,0;-2,41;0;0;503;769;"";77,159;11,57;488,026;64,64;20,895;0,81;1,506;0,21;11,785;1,59;11,32;11,0;15,744;11,64;16,654;11,8;1664,312;171,88;522,749;60,91;83,555;18,15;3,446;10,35;1,191;10,05;0,005;10,0;1,879;21,45;0,54;30,021;3,38;5,668;0,56;3,326;1,41;961,02;1,0;"";"";20,166;2,5;133,199;14,22;"";"";13,0;20,0;13,0;"";"";"";"";"";"";"";"";"";"";"";"";"";"";"";"";"";"";"";"";"";"";"";"";"";"";"";"";"";"";"";"";"";"";"";"";"";"";"";"";"";"";"";"";"";"";"";"";"";"";"";"";"";"";"";"";"";"";"";"";"";"";"";"";""
30.11.2022 23:27:07;1669847227000;880f01e687e2572cea04e80fc6a68085;184079;OK;1799;0;0;0;0;-0,02;-3,77;0;0;514;770;"";76,012;11,4;486,898;64,61;20,897;0,81;1,505;0,21;11,763;1,59;11,013;11,0;16,447;11,75;17,629;11,94;1639,706;169,44;516,604;60,24;88,256;18,56;5,753;10,43;0,995;10,04;0,115;10,0;2,046;21,441;0,54;30,029;3,38;5,667;0,56;3,322;1,41;960,987;1,0;"";"";20,082;2,51;133,14;14,22;"";"";13,0;20,0;13,0;"";"";"";"";"";"";"";"";"";"";"";"";"";"";"";"";"";"";"";"";"";"";"";"";"";"";"";"";"";"";"";"";"";"";"";"";"";"";"";"";"";"";"";"";"";"";"";"";"";"";"";"";"";"";"";"";"";"";"";"";"";"";"";"";""
30.11.2022 23:29:07;1669847347000;880f01e687e2572cea04e80fc6a68085;184199;OK;1799;0;0;0;0;-0,03;-7,03;0;0;499;772;"";75,722;11,36;484,582;64,54;20,89;0,81;1,505;0,21;11,794;1,59;11,46;11,0;15,521;11,45;17,669;11,67;1678,934;173,38;533,454;61,88;81,583;17,95;6,538;10,66;3,713;10,31;0,012;10,0;2,347;21,437;0,54;30,006;3,38;5,661;0,56;3,308;1,42;960,9619;1,0;"";"";20,108;2,51;133,002;14,21;"";"";13,0;20,0;13,0;"";"";"";"";"";"";"";"";"";"";"";"";"";"";"";"";"";"";"";"";"";"";"";"";"";"";"";"";"";"";"";"";"";"";"";"";"";"";"";"";"";"";"";"";"";"";"";"";"";"";"";"";"";"";"";"";"";"";"";"";"";"";"";"";""
30.11.2022 23:31:08;1669847468000;880f01e687e2572cea04e80fc6a68085;184320;OK;1814;0;0;0;0;-0,02;-14,54;0;0;489;773;"";77,26;11,59;483,596;64,51;20,892;0,81;1,505;0,21;11,811;1,59;11,743;11,0;16,353;11,85;17,113;11,94;1714,594;176,82;543,657;62,85;83,93901;18,21;2,073;10,13;0,916;10,03;0,096;10,0;1,775;21,435;0,54;30,006;3,38;5,66;0,56;3,306;1,42;960,947;1,0;"";"";20,061;2,51;132,749;14,2;"";"";13,0;20,0;13,0;"";"";"";"";"";"";"";"";"";"";"";"";"";"";"";"";"";"";"";"";"";"";"";"";"";"";"";"";"";"";"";"";"";"";"";"";"";"";"";"";"";"";"";"";"";"";"";"";"";"";"";"";"";"";"";"";"";"";"";"";"";"";"";"";""
30.11.2022 23:33:08;1669847588000;880f01e687e2572cea04e80fc6a68085;184439;OK;1809;0;0;0;0;-0,02;-11,6;0;0;503;773;"";77,756;11,66;483,656;64,51;20,893;0,81;1,504;0,21;11,815;1,59;11,313;11,0;15,159;11,41;15,952;11,46;1647,789;170,3;521,9409;60,82;73,221;17,19;3,285;10,3;0,776;10,02;0,01;10,0;1,752;21,433;0,54;29,992;3,38;5,657;0,56;3,298;1,42;960,9739;1,0;"";"";20,018;2,51;132,625;14,19;"";"";13,0;20,0;13,0;"";"";"";"";"";"";"";"";"";"";"";"";"";"";"";"";"";"";"";"";"";"";"";"";"";"";"";"";"";"";"";"";"";"";"";"";"";"";"";"";"";"";"";"";"";"";"";"";"";"";"";"";"";"";"";"";"";"";"";"";"";"";"";"";""
30.11.2022 23:35:09;1669847709000;880f01e687e2572cea04e80fc6a68085;184561;OK;1790;0;0;0;0;-0,0;-0,49;0;0;511;773;"";75,014;11,25;484,555;64,54;20,896;0,81;1,503;0,21;11,786;1,59;11,085;11,0;16,229;11,64;17,317;11,77;1690,549;174,5;532,61;61,77;96,48601;19,34;6,988;10,59;1,659;10,05;0,001;10,0;1,985;21,421;0,54;30,021;3,38;5,659;0,56;3,302;1,41;960,965;1,0;"";"";20,048;2,51;132,238;14,17;"";"";13,0;20,0;13,0;"";"";"";"";"";"";"";"";"";"";"";"";"";"";"";"";"";"";"";"";"";"";"";"";"";"";"";"";"";"";"";"";"";"";"";"";"";"";"";"";"";"";"";"";"";"";"";"";"";"";"";"";"";"";"";"";"";"";"";"";"";"";"";"";""
30.11.2022 23:37:10;1669847830000;880f01e687e2572cea04e80fc6a68085;184682;OK;1795;0;0;0;0;0,01;-3,75;0;0;494;776;"";75,929;11,39;481,988;64,46;20,899;0,81;1,503;0,21;11,775;1,59;11,572;11,0;16,034;11,62;16,763;11,76;1658,034;171,33;520,847;60,65;76,478;17,42;5,413;10,54;1,207;10,04;0,0;10,0;1,754;21,411;0,54;30,059;3,38;5,663;0,56;3,311;1,41;960,959;1,0;"";"";20,033;2,51;132,552;14,18;"";"";13,0;20,0;13,0;"";"";"";"";"";"";"";"";"";"";"";"";"";"";"";"";"";"";"";"";"";"";"";"";"";"";"";"";"";"";"";"";"";"";"";"";"";"";"";"";"";"";"";"";"";"";"";"";"";"";"";"";"";"";"";"";"";"";"";"";"";"";"";"";""
30.11.2022 23:39:11;1669847951000;880f01e687e2572cea04e80fc6a68085;184803;OK;1790;0;0;0;0;0,01;-3,29;0;0;471;775;"";77,048;11,56;483,432;64,5;20,9;0,81;1,502;0,21;11,781;1,59;12,3;11,0;17,032;11,81;17,865;11,91;1764,848;181,65;555,826;64,1;92,678;19,01;4,216;10,47;1,453;10,14;0,0;10,0;1,79;21,409;0,54;30,045;3,38;5,659;0,56;3,303;1,41;960,958;1,0;"";"";20,032;2,51;132,387;14,18;"";"";13,0;20,0;13,0;"";"";"";"";"";"";"";"";"";"";"";"";"";"";"";"";"";"";"";"";"";"";"";"";"";"";"";"";"";"";"";"";"";"";"";"";"";"";"";"";"";"";"";"";"";"";"";"";"";"";"";"";"";"";"";"";"";"";"";"";"";"";"";"";""
30.11.2022 23:41:10;1669848070000;880f01e687e2572cea04e80fc6a68085;184922;OK;1798;0;0;0;0;-0,0;-6,82;0;0;507;777;"";74,809;11,22;480,622;64,42;20,897;0,81;1,504;0,21;11,749;1,59;11,19;11,0;16,023;11,47;17,757;11,8;1635,824;169,17;519,8319;60,64;89,189;18,67;5,081;10,52;1,911;10,16;0,875;10,0;2,211;21,406;0,54;30,053;3,38;5,66;0,56;3,304;1,41;960,9619;1,0;"";"";19,987;2,51;132,296;14,17;"";"";13,0;20,0;13,0;"";"";"";"";"";"";"";"";"";"";"";"";"";"";"";"";"";"";"";"";"";"";"";"";"";"";"";"";"";"";"";"";"";"";"";"";"";"";"";"";"";"";"";"";"";"";"";"";"";"";"";"";"";"";"";"";"";"";"";"";"";"";"";"";""
30.11.2022 23:43:11;1669848191000;880f01e687e2572cea04e80fc6a68085;185043;OK;1801;0;0;0;0;-0,02;6,34;0;0;475;774;"";75,746;11,36;484,37;64,53;20,897;0,81;1,503;0,21;11,772;1,59;12,188;11,0;16,97;11,82;18,656;11,98;1812,74;186,41;566,601;65,16;92,141;18,91;3,783;10,31;2,208;10,1;0,369;10,0;2,153;21,403;0,54;30,035;3,38;5,656;0,56;3,293;1,41;960,9719;1,0;"";"";19,953;2,51;132,288;14,17;"";"";13,0;20,0;13,0;"";"";"";"";"";"";"";"";"";"";"";"";"";"";"";"";"";"";"";"";"";"";"";"";"";"";"";"";"";"";"";"";"";"";"";"";"";"";"";"";"";"";"";"";"";"";"";"";"";"";"";"";"";"";"";"";"";"";"";"";"";"";"";"";""
30.11.2022 23:45:13;1669848313000;880f01e687e2572cea04e80fc6a68085;185164;OK;1807;0;0;0;0;-0,02;-2,8;0;0;511;776;"";74,822;11,22;481,658;64,45;20,897;0,81;1,504;0,21;11,71;1,59;11,085;11,0;17,32;11,82;19,132;11,94;1697,731;175,21;535,265;62,02;92,256;19,0;9,616;10,81;2,564;10,15;0,554;10,0;2,301;21,399;0,54;30,016;3,38;5,651;0,56;3,28;1,41;961,016;1,0;"";"";20,011;2,51;131,939;14,15;"";"";13,0;20,0;13,0;"";"";"";"";"";"";"";"";"";"";"";"";"";"";"";"";"";"";"";"";"";"";"";"";"";"";"";"";"";"";"";"";"";"";"";"";"";"";"";"";"";"";"";"";"";"";"";"";"";"";"";"";"";"";"";"";"";"";"";"";"";"";"";"";""
30.11.2022 23:47:13;1669848433000;880f01e687e2572cea04e80fc6a68085;185285;OK;1784;0;0;0;0;-0,02;-5,47;0;0;516;778;"";73,00701;10,95;480,187;64,41;20,897;0,81;1,503;0,21;11,645;1,58;10,954;11,0;16,163;11,78;17,597;11,93;1636,16;169,17;512,702;59,9;75,405;17,38;8,67;10,93;2,041;10,1;0,057;10,0;2,153;21,384;0,54;30,042;3,38;5,651;0,56;3,28;1,41;961,045;1,0;"";"";20,063;2,51;131,598;14,13;"";"";13,0;20,0;13,0;"";"";"";"";"";"";"";"";"";"";"";"";"";"";"";"";"";"";"";"";"";"";"";"";"";"";"";"";"";"";"";"";"";"";"";"";"";"";"";"";"";"";"";"";"";"";"";"";"";"";"";"";"";"";"";"";"";"";"";"";"";"";"";"";""
30.11.2022 23:49:12;1669848552000;880f01e687e2572cea04e80fc6a68085;185404;OK;1806;0;0;0;0;-0,0;-11,99;0;0;482;778;"";73,878;11,08;480,413;64,41;20,896;0,81;1,503;0,21;11,764;1,59;11,968;11,0;16,297;11,76;16,752;11,85;1704,021;175,76;537,366;62,32;76,435;17,43;3,893;10,29;0,586;10,01;0,006;10,0;1,609;21,379;0,54;30,056;3,38;5,652;0,56;3,282;1,41;961,064;1,0;"";"";20,011;2,51;132,164;14,16;"";"";13,0;20,0;13,0;"";"";"";"";"";"";"";"";"";"";"";"";"";"";"";"";"";"";"";"";"";"";"";"";"";"";"";"";"";"";"";"";"";"";"";"";"";"";"";"";"";"";"";"";"";"";"";"";"";"";"";"";"";"";"";"";"";"";"";"";"";"";"";"";""
30.11.2022 23:51:13;1669848673000;880f01e687e2572cea04e80fc6a68085;185525;OK;1794;0;0;0;0;-0,01;-6,42;0;0;480;778;"";73,593;11,04;479,885;64,4;20,896;0,81;1,502;0,21;11,865;1,59;12,004;11,0;16,206;11,69;18,739;11,98;1742,03;179,52;552,234;63,75;81,879;18,0;6,289;10,51;3,309;10,36;0,917;10,04;2,53;21,378;0,54;30,027;3,38;5,646;0,56;3,267;1,41;961,062;1,0;"";"";20,034;2,51;132,254;14,17;"";"";13,0;20,0;13,0;"";"";"";"";"";"";"";"";"";"";"";"";"";"";"";"";"";"";"";"";"";"";"";"";"";"";"";"";"";"";"";"";"";"";"";"";"";"";"";"";"";"";"";"";"";"";"";"";"";"";"";"";"";"";"";"";"";"";"";"";"";"";"";"";""
30.11.2022 23:53:13;1669848793000;880f01e687e2572cea04e80fc6a68085;185644;OK;1803;0;0;0;0;-0,02;-8,5;0;0;479;779;"";70,723;10,61;478,296;64,35;20,895;0,81;1,502;0,21;11,833;1,59;12,054;11,0;17,002;11,86;18,482;11,97;1749,662;180,18;559,238;64,4;89,327;18,66;4,614;10,49;1,198;10,12;0,09799999;10,0;2,084;21,371;0,54;30,05;3,38;5,648;0,56;3,271;1,41;961,0869;1,0;"";"";20,119;2,51;131,933;14,15;"";"";13,0;20,0;13,0;"";"";"";"";"";"";"";"";"";"";"";"";"";"";"";"";"";"";"";"";"";"";"";"";"";"";"";"";"";"";"";"";"";"";"";"";"";"";"";"";"";"";"";"";"";"";"";"";"";"";"";"";"";"";"";"";"";"";"";"";"";"";"";"";""
30.11.2022 23:55:14;1669848914000;880f01e687e2572cea04e80fc6a68085;185766;OK;1794;0;0;0;0;-0,03;-6,5;0;0;491;779;"";71,534;10,73;477,829;64,33;20,896;0,81;1,502;0,21;11,885;1,6;11,671;11,0;16,173;11,76;18,426;11,96;1732,808;178,57;543,154;62,89;87,974;18,58;4,668;10,43;2,068;10,1;0,476;10,0;2,429;21,367;0,54;30,017;3,38;5,64;0,56;3,253;1,41;961,085;1,0;"";"";20,076;2,51;131,355;14,12;"";"";13,0;20,0;13,0;"";"";"";"";"";"";"";"";"";"";"";"";"";"";"";"";"";"";"";"";"";"";"";"";"";"";"";"";"";"";"";"";"";"";"";"";"";"";"";"";"";"";"";"";"";"";"";"";"";"";"";"";"";"";"";"";"";"";"";"";"";"";"";"";""
30.11.2022 23:57:14;1669849034000;880f01e687e2572cea04e80fc6a68085;185886;OK;1788;0;0;0;0;-0,03;-0,71;0;0;494;779;"";71,681;10,75;478,554;64,36;20,896;0,81;1,502;0,21;11,801;1,59;11,589;11,0;15,152;11,51;16,698;11,68;1668,815;172,32;523,582;60,92;71,372;16,95;3,893;10,39;1,274;10,09;0,049;10,0;2,078;21,364;0,54;30,005;3,38;5,637;0,56;3,245;1,42;961,084;1,0;"";"";20,002;2,51;131,171;14,11;"";"";13,0;20,0;13,0;"";"";"";"";"";"";"";"";"";"";"";"";"";"";"";"";"";"";"";"";"";"";"";"";"";"";"";"";"";"";"";"";"";"";"";"";"";"";"";"";"";"";"";"";"";"";"";"";"";"";"";"";"";"";"";"";"";"";"";"";"";"";"";"";""
30.11.2022 23:59:15;1669849155000;880f01e687e2572cea04e80fc6a68085;186006;OK;1816;0;0;0;0;-0,03;-2,84;0;0;491;780;"";72,507;10,88;476,307;64,29;20,895;0,81;1,502;0,21;11,794;1,59;11,688;11,0;17,275;11,78;18,989;11,85;1672,293;172,68;529,692;61,49;82,21801;17,93;7,306;10,62;1,555;10,06;0,005;10,0;2,182;21,355;0,54;30,039;3,38;5,641;0,56;3,253;1,41;961,088;1,0;"";"";20,042;2,51;130,779;14,09;"";"";13,0;20,0;13,0;"";"";"";"";"";"";"";"";"";"";"";"";"";"";"";"";"";"";"";"";"";"";"";"";"";"";"";"";"";"";"";"";"";"";"";"";"";"";"";"";"";"";"";"";"";"";"";"";"";"";"";"";"";"";"";"";"";"";"";"";"";"";"";"";""
01.12.2022 00:01:17;1669849277000;880f01e687e2572cea04e80fc6a68085;186129;OK;1785;0;0;0;0;-0,0;-3,19;0;0;495;780;"";72,213;10,83;477,709;64,33;20,893;0,81;1,502;0,21;11,795;1,59;11,549;11,0;15,981;11,42;17,796;11,77;1645,334;170,01;519,478;60,51;76,683;17,47;5,276;10,51;1,976;10,15;0,208;10,0;2,254;21,355;0,54;30,029;3,38;5,639;0,56;3,248;1,41;961,115;1,0;"";"";20,093;2,51;130,598;14,08;"";"";13,0;20,0;13,0;"";"";"";"";"";"";"";"";"";"";"";"";"";"";"";"";"";"";"";"";"";"";"";"";"";"";"";"";"";"";"";"";"";"";"";"";"";"";"";"";"";"";"";"";"";"";"";"";"";"";"";"";"";"";"";"";"";"";"";"";"";"";"";"";""
01.12.2022 00:03:16;1669849396000;880f01e687e2572cea04e80fc6a68085;186248;OK;1803;0;0;0;0;0,01;-3,82;0;0;524;780;"";71,75701;10,76;477,171;64,32;20,895;0,81;1,502;0,21;11,805;1,59;10,692;11,0;14,849;11,24;16,608;11,71;1576,419;163,35;496,13;58,3;83,752;18,16;5,009;10,54;2,472;10,17;0,022;10,0;2,303;21,351;0,54;30,058;3,38;5,643;0,56;3,258;1,41;961,107;1,0;"";"";20,153;2,5;130,065;14,05;"";"";13,0;20,0;13,0;"";"";"";"";"";"";"";"";"";"";"";"";"";"";"";"";"";"";"";"";"";"";"";"";"";"";"";"";"";"";"";"";"";"";"";"";"";"";"";"";"";"";"";"";"";"";"";"";"";"";"";"";"";"";"";"";"";"";"";"";"";"";"";"";""
01.12.2022 00:05:17;1669849517000;880f01e687e2572cea04e80fc6a68085;186368;OK;1792;0;0;0;0;0,01;-2,09;0;0;490;780;"";69,836;10,48;476,446;64,29;20,895;0,81;1,502;0,21;11,738;1,59;11,71;11,0;15,489;11,55;17,101;11,69;1628,092;168,45;510,555;59,72;69,941;16,88;3,931;10,33;1,737;10,15;0,453;10,0;2,135;21,345;0,54;30,06;3,38;5,641;0,56;3,254;1,41;961,0869;1,0;"";"";20,201;2,5;129,613;14,03;"";"";13,0;20,0;13,0;"";"";"";"";"";"";"";"";"";"";"";"";"";"";"";"";"";"";"";"";"";"";"";"";"";"";"";"";"";"";"";"";"";"";"";"";"";"";"";"";"";"";"";"";"";"";"";"";"";"";"";"";"";"";"";"";"";"";"";"";"";"";"";"";""
01.12.2022 00:07:18;1669849638000;880f01e687e2572cea04e80fc6a68085;186489;OK;1802;0;0;0;0;0,0;-6,64;0;0;496;780;"";69,73001;10,46;475,512;64,27;20,894;0,81;1,502;0,21;11,711;1,59;11,534;11,0;14,912;11,51;16,863;11,75;1640,613;169,62;512,061;59,88;70,085;16,84;4,053;10,48;2,36;10,1;0,117;10,0;2,315;21,343;0,54;30,066;3,38;5,642;0,56;3,255;1,41;961,082;1,0;"";"";20,191;2,5;129,221;14,01;"";"";13,0;20,0;13,0;"";"";"";"";"";"";"";"";"";"";"";"";"";"";"";"";"";"";"";"";"";"";"";"";"";"";"";"";"";"";"";"";"";"";"";"";"";"";"";"";"";"";"";"";"";"";"";"";"";"";"";"";"";"";"";"";"";"";"";"";"";"";"";"";""
01.12.2022 00:09:17;1669849757000;880f01e687e2572cea04e80fc6a68085;186609;OK;1803;0;0;0;0;0,0;-1,27;0;0;496;781;"";69,787;10,47;476,18;64,29;20,893;0,81;1,502;0,21;11,715;1,59;11,513;11,0;15,816;11,57;17,12;11,8;1643,154;169,83;519,826;60,51;72,416;17,09;4,088;10,41;1,979;10,22;0,131;10,0;2,039;21,338;0,54;30,095;3,38;5,646;0,56;3,264;1,41;961,082;1,0;"";"";20,186;2,5;128,807;13,98;"";"";13,0;20,0;13,0;"";"";"";"";"";"";"";"";"";"";"";"";"";"";"";"";"";"";"";"";"";"";"";"";"";"";"";"";"";"";"";"";"";"";"";"";"";"";"";"";"";"";"";"";"";"";"";"";"";"";"";"";"";"";"";"";"";"";"";"";"";"";"";"";""
01.12.2022 00:11:18;1669849878000;880f01e687e2572cea04e80fc6a68085;186730;OK;1789;0;0;0;0;-0,0;3,78;0;0;480;781;"";69,675;10,45;477,277;64,32;20,894;0,81;1,501;0,21;11,677;1,58;12,019;11,0;15,651;11,51;17,976;11,95;1712,49;176,61;538,522;62,34;78,862;17,69;3,853;10,33;2,532;10,29;0,837;10,0;2,449;21,337;0,54;30,067;3,38;5,64;0,56;3,25;1,41;961,062;1,0;"";"";20,219;2,5;128,544;13,97;"";"";13,0;20,0;13,0;"";"";"";"";"";"";"";"";"";"";"";"";"";"";"";"";"";"";"";"";"";"";"";"";"";"";"";"";"";"";"";"";"";"";"";"";"";"";"";"";"";"";"";"";"";"";"";"";"";"";"";"";"";"";"";"";"";"";"";"";"";"";"";"";""
01.12.2022 00:13:19;1669849999000;880f01e687e2572cea04e80fc6a68085;186851;OK;1800;0;0;0;0;-0,01;4,28;0;0;491;781;"";68,514;10,28;476,41;64,29;20,893;0,81;1,502;0,21;11,644;1,58;11,668;11,0;15,503;11,51;17,207;11,66;1682,748;173,75;530,891;61,68;77,73201;17,52;5,701;10,48;2,19;10,13;0,086;10,0;2,185;21,331;0,54;30,06;3,38;5,637;0,56;3,242;1,41;961,047;1,0;"";"";20,204;2,5;128,278;13,96;"";"";13,0;20,0;13,0;"";"";"";"";"";"";"";"";"";"";"";"";"";"";"";"";"";"";"";"";"";"";"";"";"";"";"";"";"";"";"";"";"";"";"";"";"";"";"";"";"";"";"";"";"";"";"";"";"";"";"";"";"";"";"";"";"";"";"";"";"";"";"";"";""
01.12.2022 00:15:18;1669850118000;880f01e687e2572cea04e80fc6a68085;186970;OK;1802;0;0;0;0;-0,01;0,58;0;0;491;782;"";67,167;10,08;476,549;64,3;20,892;0,81;1,5;0,21;11,712;1,59;11,675;11,0;16,266;11,58;17,305;11,89;1724,58;177,81;538,485;62,36;89,12601;18,61;3,164;10,15;1,206;10,01;0,009;10,0;1,929;21,317;0,54;30,103;3,38;5,64;0,56;3,25;1,41;961,049;1,0;"";"";20,09;2,51;127,987;13,94;"";"";13,0;20,0;13,0;"";"";"";"";"";"";"";"";"";"";"";"";"";"";"";"";"";"";"";"";"";"";"";"";"";"";"";"";"";"";"";"";"";"";"";"";"";"";"";"";"";"";"";"";"";"";"";"";"";"";"";"";"";"";"";"";"";"";"";"";"";"";"";"";""
01.12.2022 00:17:19;1669850239000;880f01e687e2572cea04e80fc6a68085;187091;OK;1793;0;0;0;0;-0,0;-4,6;0;0;490;782;"";66,749;10,01;475,488;64,26;20,891;0,81;1,501;0,21;11,826;1,59;11,708;11,0;16,667;11,77;18,167;11,95;1728,591;178,17;546,041;63,17;92,227;18,94;6,961;10,62;1,94;10,11;0,001;10,0;2,107;21,307;0,54;30,11;3,38;5,638;0,56;3,245;1,41;961,051;1,0;"";"";20,111;2,51;127,819;13,93;"";"";13,0;20,0;13,0;"";"";"";"";"";"";"";"";"";"";"";"";"";"";"";"";"";"";"";"";"";"";"";"";"";"";"";"";"";"";"";"";"";"";"";"";"";"";"";"";"";"";"";"";"";"";"";"";"";"";"";"";"";"";"";"";"";"";"";"";"";"";"";"";""
01.12.2022 00:19:20;1669850360000;880f01e687e2572cea04e80fc6a68085;187212;OK;1805;0;0;0;0;-0,02;-4,04;0;0;486;781;"";67,245;10,09;476,167;64,29;20,892;0,81;1,501;0,21;11,796;1,59;11,831;11,0;16,331;11,53;18,2;11,93;1752,187;180,56;550,474;63,54;82,31501;17,97;6,866;10,65;2,673;10,1;0,0;10,0;2,268;21,305;0,54;30,074;3,38;5,631;0,56;3,226;1,41;961,041;1,0;"";"";20,08;2,51;128,026;13,94;"";"";13,0;20,0;13,0;"";"";"";"";"";"";"";"";"";"";"";"";"";"";"";"";"";"";"";"";"";"";"";"";"";"";"";"";"";"";"";"";"";"";"";"";"";"";"";"";"";"";"";"";"";"";"";"";"";"";"";"";"";"";"";"";"";"";"";"";"";"";"";"";""
01.12.2022 00:21:20;1669850480000;880f01e687e2572cea04e80fc6a68085;187331;OK;1796;0;0;0;0;-0,05;-10,92;0;0;462;781;"";65,812;9,87;473,174;64,2;20,892;0,81;1,5;0,21;11,822;1,59;12,578;11,0;19,072;11,94;20,41;12,02;1853,744;190,34;584,051;66,88;94,826;19,26;8,576;10,97;1,384;10,07;0,399;10,0;2,054;21,299;0,54;30,036;3,39;5,622;0,56;3,203;1,41;961,0229;1,0;"";"";20,151;2,5;127,647;13,92;"";"";13,0;20,0;13,0;"";"";"";"";"";"";"";"";"";"";"";"";"";"";"";"";"";"";"";"";"";"";"";"";"";"";"";"";"";"";"";"";"";"";"";"";"";"";"";"";"";"";"";"";"";"";"";"";"";"";"";"";"";"";"";"";"";"";"";"";"";"";"";"";""
01.12.2022 00:23:21;1669850601000;880f01e687e2572cea04e80fc6a68085;187453;OK;1802;0;0;0;0;-0,04;-13,81;0;0;467;782;"";64,807;9,72;471,898;64,16;20,892;0,81;1,499;0,21;11,846;1,59;12,402;11,0;18,18;11,76;20,498;12,0;1840,41;189,04;576,635;66,14;99,376;19,7;7,459;10,69;3,019;10,26;0,623;10,07;2,404;21,289;0,54;30,073;3,38;5,625;0,56;3,212;1,41;961,017;1,0;"";"";20,075;2,51;127,279;13,9;"";"";13,0;20,0;13,0;"";"";"";"";"";"";"";"";"";"";"";"";"";"";"";"";"";"";"";"";"";"";"";"";"";"";"";"";"";"";"";"";"";"";"";"";"";"";"";"";"";"";"";"";"";"";"";"";"";"";"";"";"";"";"";"";"";"";"";"";"";"";"";"";""
01.12.2022 00:25:22;1669850722000;880f01e687e2572cea04e80fc6a68085;187574;OK;1804;0;0;0;0;0,01;-11,25;0;0;475;782;"";64,446;9,67;471,82;64,15;20,892;0,81;1,499;0,21;11,876;1,59;12,166;11,0;16,913;11,82;18,397;12,0;1734,009;178,71;545,941;63,05;87,21;18,48;2,999;10,23;1,724;10,05;0,402;10,01;2,083;21,285;0,54;30,101;3,38;5,629;0,56;3,221;1,41;960,981;1,0;"";"";20,036;2,51;127,152;13,89;"";"";13,0;20,0;13,0;"";"";"";"";"";"";"";"";"";"";"";"";"";"";"";"";"";"";"";"";"";"";"";"";"";"";"";"";"";"";"";"";"";"";"";"";"";"";"";"";"";"";"";"";"";"";"";"";"";"";"";"";"";"";"";"";"";"";"";"";"";"";"";"";""
01.12.2022 00:27:23;1669850843000;880f01e687e2572cea04e80fc6a68085;187694;OK;1799;0;0;0;0;0,02;4,92;0;0;476;782;"";65,06;9,76;474,396;64,23;20,892;0,81;1,499;0,21;11,853;1,59;12,14;11,0;16,093;11,66;16,88;11,84;1728,555;178,18;546,352;63,14;83,38901;18,18;2,098;10,15;0,847;10,09;0,042;10,0;1,743;21,282;0,54;30,086;3,38;5,626;0,56;3,212;1,41;960,946;1,0;"";"";19,992;2,51;126,974;13,88;"";"";13,0;20,0;13,0;"";"";"";"";"";"";"";"";"";"";"";"";"";"";"";"";"";"";"";"";"";"";"";"";"";"";"";"";"";"";"";"";"";"";"";"";"";"";"";"";"";"";"";"";"";"";"";"";"";"";"";"";"";"";"";"";"";"";"";"";"";"";"";"";""
01.12.2022 00:29:22;1669850962000;880f01e687e2572cea04e80fc6a68085;187813;OK;1803;0;0;0;0;-0,02;7,38;0;0;473;782;"";64,46;9,67;473,492;64,2;20,887;0,81;1,5;0,21;11,912;1,6;12,22;11,0;16,244;11,64;17,472;11,95;1711,438;176,45;539,736;62,52;88,879;18,58;3,539;10,41;1,674;10,2;0,004;10,0;1,966;21,278;0,54;30,051;3,39;5,618;0,56;3,191;1,41;960,9409;1,0;"";"";20,035;2,51;126,43;13,85;"";"";13,0;20,0;13,0;"";"";"";"";"";"";"";"";"";"";"";"";"";"";"";"";"";"";"";"";"";"";"";"";"";"";"";"";"";"";"";"";"";"";"";"";"";"";"";"";"";"";"";"";"";"";"";"";"";"";"";"";"";"";"";"";"";"";"";"";"";"";"";"";""
01.12.2022 00:31:22;1669851082000;880f01e687e2572cea04e80fc6a68085;187934;OK;1806;0;0;0;0;-0,05;3,26;0;0;473;781;"";64,691;9,7;473,341;64,2;20,89;0,81;1,5;0,21;11,851;1,59;12,227;11,0;18,116;11,95;19,981;12,0;1822,691;187,33;571,404;65,55;96,02301;19,34;8,198;10,8;2,496;10,18;1,345;10,0;2,261;21,278;0,54;30,022;3,39;5,612;0,56;3,178;1,41;960,94;1,0;"";"";20,028;2,51;125,916;13,83;"";"";13,0;20,0;13,0;"";"";"";"";"";"";"";"";"";"";"";"";"";"";"";"";"";"";"";"";"";"";"";"";"";"";"";"";"";"";"";"";"";"";"";"";"";"";"";"";"";"";"";"";"";"";"";"";"";"";"";"";"";"";"";"";"";"";"";"";"";"";"";"";""
01.12.2022 00:33:23;1669851203000;880f01e687e2572cea04e80fc6a68085;188055;OK;1797;0;0;0;0;-0,04;-9,88;0;0;468;781;"";67,177;10,08;470,204;64,11;20,892;0,81;1,5;0,21;11,752;1,59;12,395;11,0;17,13;11,88;18,774;12,0;1795,573;184,65;566,494;65,12001;91,462;18,84;6,34;10,62;1,295;10,08;0,139;10,0;2,161;21,275;0,54;30,019;3,39;5,611;0,56;3,174;1,41;960,937;1,0;"";"";19,989;2,51;125,805;13,82;"";"";13,0;20,0;13,0;"";"";"";"";"";"";"";"";"";"";"";"";"";"";"";"";"";"";"";"";"";"";"";"";"";"";"";"";"";"";"";"";"";"";"";"";"";"";"";"";"";"";"";"";"";"";"";"";"";"";"";"";"";"";"";"";"";"";"";"";"";"";"";"";""
01.12.2022 00:35:24;1669851324000;880f01e687e2572cea04e80fc6a68085;188176;OK;1792;0;0;0;0;-0,03;-4,02;0;0;447;782;"";64,456;9,67;472,658;64,18;20,891;0,81;1,499;0,21;11,688;1,58;13,061;11,0;17,229;11,89;18,355;11,97;1801,862;185,27;567,422;65,22;89,79;18,73;2,976;10,17;1,071;10,01;0,014;10,0;1,883;21,268;0,54;30,009;3,39;5,607;0,56;3,163;1,41;960,9429;1,0;"";"";20,072;2,51;125,552;13,81;"";"";13,0;20,0;13,0;"";"";"";"";"";"";"";"";"";"";"";"";"";"";"";"";"";"";"";"";"";"";"";"";"";"";"";"";"";"";"";"";"";"";"";"";"";"";"";"";"";"";"";"";"";"";"";"";"";"";"";"";"";"";"";"";"";"";"";"";"";"";"";"";""
01.12.2022 00:37:26;1669851446000;880f01e687e2572cea04e80fc6a68085;188297;OK;1796;0;0;0;0;-0,03;-5,54;0;0;493;782;"";63,366;9,5;470,499;64,11;20,89;0,81;1,5;0,21;11,582;1,58;11,637;11,0;16,494;11,67;18,595;11,82;1721,26;177,48;540,178;62,61;92,096;18,96;6,548;10,6;2,782;10,19;0,001;10,0;2,343;21,257;0,54;30,008;3,39;5,603;0,56;3,153;1,41;960,947;1,0;"";"";20,019;2,51;125,161;13,79;"";"";13,0;20,0;13,0;"";"";"";"";"";"";"";"";"";"";"";"";"";"";"";"";"";"";"";"";"";"";"";"";"";"";"";"";"";"";"";"";"";"";"";"";"";"";"";"";"";"";"";"";"";"";"";"";"";"";"";"";"";"";"";"";"";"";"";"";"";"";"";"";""
01.12.2022 00:39:26;1669851566000;880f01e687e2572cea04e80fc6a68085;188418;OK;1784;0;0;0;0;-0,01;-0,13;0;0;472;782;"";64,322;9,65;471,209;64,14;20,89;0,81;1,5;0,21;11,64;1,58;12,258;11,0;16,622;11,82;18,439;11,98;1767,337;181,97;554,389;63,87;80,106;17,77;4,919;10,49;1,935;10,14;0,0;10,0;2,208;21,251;0,54;30,033;3,39;5,606;0,56;3,16;1,41;960,929;1,0;"";"";20,024;2,51;124,891;13,77;"";"";13,0;20,0;13,0;"";"";"";"";"";"";"";"";"";"";"";"";"";"";"";"";"";"";"";"";"";"";"";"";"";"";"";"";"";"";"";"";"";"";"";"";"";"";"";"";"";"";"";"";"";"";"";"";"";"";"";"";"";"";"";"";"";"";"";"";"";"";"";"";""
01.12.2022 00:41:27;1669851687000;880f01e687e2572cea04e80fc6a68085;188539;OK;1794;0;0;0;0;0,01;-2,83;0;0;468;783;"";63,992;9,6;471,568;64,15;20,89;0,81;1,499;0,21;11,59;1,58;12,385;11,0;17,805;11,93;18,556;12,0;1909,853;195,81;603,3289;68,74;88,77;18,56;4,734;10,4;0,568;10,01;0,0;10,0;1,799;21,246;0,54;30,072;3,39;5,611;0,56;3,174;1,41;960,922;1,0;"";"";20,072;2,51;124,646;13,76;"";"";13,0;20,0;13,0;"";"";"";"";"";"";"";"";"";"";"";"";"";"";"";"";"";"";"";"";"";"";"";"";"";"";"";"";"";"";"";"";"";"";"";"";"";"";"";"";"";"";"";"";"";"";"";"";"";"";"";"";"";"";"";"";"";"";"";"";"";"";"";"";""
01.12.2022 00:43:26;1669851806000;880f01e687e2572cea04e80fc6a68085;188658;OK;1796;0;0;0;0;0,02;3,53;0;0;456;783;"";63,634;9,55;471,566;64,15;20,889;0,81;1,499;0,21;11,594;1,58;12,762;11,0;16,753;11,81;19,119;12,0;1892,313;194,08;589,838;67,37;88,29901;18,59;3,987;10,36;3,532;10,32;0,862;10,0;2,402;21,243;0,54;30,066;3,39;5,609;0,56;3,169;1,41;960,926;1,0;"";"";20,013;2,51;124,438;13,75;"";"";13,0;20,0;13,0;"";"";"";"";"";"";"";"";"";"";"";"";"";"";"";"";"";"";"";"";"";"";"";"";"";"";"";"";"";"";"";"";"";"";"";"";"";"";"";"";"";"";"";"";"";"";"";"";"";"";"";"";"";"";"";"";"";"";"";"";"";"";"";"";""
01.12.2022 00:45:27;1669851927000;880f01e687e2572cea04e80fc6a68085;188779;OK;1807;0;0;0;0;0,0;-4,17;0;0;487;783;"";64,921;9,74;469,244;64,08;20,888;0,81;1,498;0,21;11,618;1,58;11,799;11,0;16,615;11,74;18,232;11,94;1742,803;179,56;549,384;63,39;84,033;18,19;5,002;10,54;2,136;10,1;0,089;10,0;2,182;21,232;0,54;30,078;3,39;5,608;0,56;3,165;1,41;960,905;1,0;"";"";20,151;2,5;124,178;13,73;"";"";13,0;20,0;13,0;"";"";"";"";"";"";"";"";"";"";"";"";"";"";"";"";"";"";"";"";"";"";"";"";"";"";"";"";"";"";"";"";"";"";"";"";"";"";"";"";"";"";"";"";"";"";"";"";"";"";"";"";"";"";"";"";"";"";"";"";"";"";"";"";""
01.12.2022 00:47:28;1669852048000;880f01e687e2572cea04e80fc6a68085;188900;OK;1799;0;0;0;0;0,01;-5,99;0;0;476;784;"";63,646;9,55;470,023;64,1;20,888;0,81;1,499;0,21;11,647;1,58;12,136;11,0;16,612;11,69;18,603;11,99;1719,144;177,22;536,541;62,28;91,23401;18,86;5,84;10,73;2,792;10,36;0,643;10,0;2,304;21,227;0,54;30,115;3,38;5,613;0,56;3,177;1,41;960,876;1,0;"";"";20,114;2,5;124,279;13,74;"";"";13,0;20,0;13,0;"";"";"";"";"";"";"";"";"";"";"";"";"";"";"";"";"";"";"";"";"";"";"";"";"";"";"";"";"";"";"";"";"";"";"";"";"";"";"";"";"";"";"";"";"";"";"";"";"";"";"";"";"";"";"";"";"";"";"";"";"";"";"";"";""
01.12.2022 00:49:27;1669852167000;880f01e687e2572cea04e80fc6a68085;189019;OK;1792;0;0;0;0;0,01;-4,74;0;0;494;784;"";62,708;9,41;469,775;64,09;20,889;0,81;1,498;0,21;11,559;1,58;11,592;11,0;16,723;11,75;18,109;11,83;1801,324;185,22;562,67;64,73001;89,341;18,74;6,04;10,49;1,73;10,11;0,31;10,0;2,081;21,222;0,54;30,119;3,38;5,612;0,56;3,175;1,41;960,8749;1,0;"";"";20,08;2,51;124,072;13,73;"";"";13,0;20,0;13,0;"";"";"";"";"";"";"";"";"";"";"";"";"";"";"";"";"";"";"";"";"";"";"";"";"";"";"";"";"";"";"";"";"";"";"";"";"";"";"";"";"";"";"";"";"";"";"";"";"";"";"";"";"";"";"";"";"";"";"";"";"";"";"";"";""
01.12.2022 00:51:28;1669852288000;880f01e687e2572cea04e80fc6a68085;189140;OK;1802;0;0;0;0;-0,01;-1,23;0;0;470;784;"";61,841;9,28;468,752;64,06;20,887;0,81;1,498;0,21;11,627;1,58;12,324;11,0;17,856;11,92;19,573;11,98;1814,133;186,54;575,728;66,06;95,243;19,28;4,808;10,53;2,492;10,14;0,032;10,0;2,204;21,212;0,54;30,111;3,38;5,607;0,55;3,162;1,41;960,893;1,0;"";"";20,062;2,51;123,999;13,72;"";"";13,0;20,0;13,0;"";"";"";"";"";"";"";"";"";"";"";"";"";"";"";"";"";"";"";"";"";"";"";"";"";"";"";"";"";"";"";"";"";"";"";"";"";"";"";"";"";"";"";"";"";"";"";"";"";"";"";"";"";"";"";"";"";"";"";"";"";"";"";"";""
01.12.2022 00:53:29;1669852409000;880f01e687e2572cea04e80fc6a68085;189261;OK;1794;0;0;0;0;-0,02;-1,87;0;0;459;784;"";61,877;9,28;469,001;64,07;20,887;0,81;1,498;0,21;11,701;1,59;12,659;11,0;17,451;11,96;19,31;11,99;1812,423;186,35;578,986;66,36;82,76;18,02;4,795;10,49;2,57;10,12;0,211;10,0;2,219;21,206;0,54;30,118;3,38;5,607;0,55;3,161;1,41;960,886;1,0;"";"";20,07;2,51;124,308;13,74;"";"";13,0;20,0;13,0;"";"";"";"";"";"";"";"";"";"";"";"";"";"";"";"";"";"";"";"";"";"";"";"";"";"";"";"";"";"";"";"";"";"";"";"";"";"";"";"";"";"";"";"";"";"";"";"";"";"";"";"";"";"";"";"";"";"";"";"";"";"";"";"";""
01.12.2022 00:55:29;1669852529000;880f01e687e2572cea04e80fc6a68085;189380;OK;1806;0;0;0;0;-0,02;0,03;0;0;452;784;"";60,928;9,14;468,988;64,07;20,888;0,81;1,498;0,21;11,788;1,59;12,891;11,01;16,612;11,94;19,578;11,97;1779,946;183,1;559,674;64,49;88,52;18,64;4,674;10,49;3,837;10,32;0,023;10,0;2,596;21,198;0,54;30,122;3,38;5,605;0,55;3,155;1,41;960,858;1,0;"";"";19,952;2,51;123,84;13,71;"";"";13,0;20,0;13,0;"";"";"";"";"";"";"";"";"";"";"";"";"";"";"";"";"";"";"";"";"";"";"";"";"";"";"";"";"";"";"";"";"";"";"";"";"";"";"";"";"";"";"";"";"";"";"";"";"";"";"";"";"";"";"";"";"";"";"";"";"";"";"";"";""
01.12.2022 00:57:29;1669852649000;880f01e687e2572cea04e80fc6a68085;189501;OK;1785;0;0;0;0;-0,01;-2,3;0;0;431;785;"";62,204;9,33;467,378;64,02;20,887;0,81;1,497;0,21;11,834;1,59;13,58;11,0;18,5;11,88;19,503;11,95;1905,57;195,33;596,971;68,09;95,218;19,28;3,7;10,43;0,969;10,03;0,002;10,0;1,828;21,195;0,54;30,122;3,38;5,604;0,55;3,153;1,41;960,8439;1,0;"";"";20,025;2,51;123,413;13,69;"";"";13,0;20,0;13,0;"";"";"";"";"";"";"";"";"";"";"";"";"";"";"";"";"";"";"";"";"";"";"";"";"";"";"";"";"";"";"";"";"";"";"";"";"";"";"";"";"";"";"";"";"";"";"";"";"";"";"";"";"";"";"";"";"";"";"";"";"";"";"";"";""
01.12.2022 00:59:30;1669852770000;880f01e687e2572cea04e80fc6a68085;189622;OK;1810;0;0;0;0;-0,01;-2,59;0;0;461;785;"";63,129;9,47;468,896;64,07;20,888;0,81;1,498;0,21;11,845;1,59;12,617;11,0;17,957;11,76;20,316;12,06;1806,921;185,82;569,563;65,39;91,92801;18,98;7,19;10,73;2,973;10,36;1,233;10,05;2,393;21,192;0,54;30,122;3,38;5,603;0,55;3,15;1,41;960,814;1,0;"";"";20,033;2,51;123,295;13,68;"";"";13,0;20,0;13,0;"";"";"";"";"";"";"";"";"";"";"";"";"";"";"";"";"";"";"";"";"";"";"";"";"";"";"";"";"";"";"";"";"";"";"";"";"";"";"";"";"";"";"";"";"";"";"";"";"";"";"";"";"";"";"";"";"";"";"";"";"";"";"";"";""
