DateTime;timestamp;DeviceID;uptime;Status;measuretime;person;window_open;window_event;door_event;dHdt;dCO2dt;bat;bat_e;health;performance;virus;tvoc;tvoc_e;co2;co2_e;oxygen;oxygen_e;co;co_e;o3;o3_e;pm1;pm1_e;pm2_5;pm2_5_e;pm10;pm10_e;cnt0_3;cnt0_3_e;cnt0_5;cnt0_5_e;cnt1;cnt1_e;cnt2_5;cnt2_5_e;cnt5;cnt5_e;cnt10;cnt10_e;TypPS;temperature;temperature_e;humidity;humidity_e;humidity_abs;humidity_abs_e;dewpt;dewpt_e;pressure;pressure_e;pressure_rel;pressure_rel_e;no2;no2_e;so2;so2_e;h2s;h2s_e;sound;sound_e;sound_max;tvoc_ionsc;tvoc_ionsc_e;radon;radon_e;n2o;n2o_e;no2_insplorion;no2_insplorion_e;ch4_MIPEX;ch4_MIPEX_e;c3h8_MIPEX;c3h8_MIPEX_e;flammable;ethanol;ethanol_e;iaq_spec;iaq_spec_e;resp_irr_spec;resp_irr_spec_e;nh3_MR100;nh3_MR100_e;acid_M100;acid_M100_e;h2_M1000;h2_M1000_e;no_M250;no_M250_e;cl2_M20;cl2_M20_e;ch2o_M10;ch2o_M10_e;pm1_SPS30;pm1_SPS30_e;pm2_5_SPS30;pm2_5_SPS30_e;pm4_SPS30;pm4_SPS30_e;pm10_SPS30;pm10_SPS30_e;cnt0_5_SPS30;cnt0_5_SPS30_e;cnt1_SPS30;cnt1_SPS30_e;cnt2_5_SPS30;cnt2_5_SPS30_e;cnt4_SPS30;cnt4_SPS30_e;cnt10_SPS30;cnt10_SPS30_e;TypPS_SPS30;br2;f2;hf;hcl;hcn;ch4s;clo2;cs2;ph3;sih4;c2h4;c2h4o;ash3;h2o2;refrigerant
03.01.2023 01:00:29;1672704029000;880f01e687e2572cea04e80fc6a68085;231759;OK;1822;0;0;0;0;0,07;-0,01;0;0;813;685;"";223,989;33,6;429,683;62,89;20,94;0,92;1,622;0,23;12,318;1,82;0,747;10,0;0,974;10,0;1,431;10,0;356,38;44,77;107,372;20,46;4,032;10,43;0,615;10,0;0,609;10,0;0,001;10,0;4,328;23,794;0,53;30,216;3,38;6,526;0,64;5,452;1,43;966,8679;1,0;"";"";19,194;2,58;84,7;15,89;"";"";34,041;11,53;57,0;"";"";"";"";"";"";"";"";"";"";"";"";"";"";"";"";"";"";"";"";"";"";"";"";"";"";"";"";"";"";"";"";"";"";"";"";"";"";"";"";"";"";"";"";"";"";"";"";"";"";"";"";"";"";"";"";"";"";"";"";"";"";"";"";""
03.01.2023 01:02:29;1672704149000;880f01e687e2572cea04e80fc6a68085;231879;OK;1836;0;0;0;0;0,03;-1,58;0;0;813;685;"";227,391;34,11;429,453;62,88;20,94;0,92;1,622;0,23;12,232;1,82;0,982;10,0;1,03;10,0;1,558;10,0;332,279;42,46;101,832;19,95;4,362;10,52;1,112;10,02;0,542;10,0;0,0;10,0;3,287;23,796;0,53;30,217;3,38;6,527;0,64;5,454;1,43;966,874;1,0;"";"";19,163;2,58;84,756;15,89;"";"";35,475;10,77;59,4;"";"";"";"";"";"";"";"";"";"";"";"";"";"";"";"";"";"";"";"";"";"";"";"";"";"";"";"";"";"";"";"";"";"";"";"";"";"";"";"";"";"";"";"";"";"";"";"";"";"";"";"";"";"";"";"";"";"";"";"";"";"";"";"";""
03.01.2023 01:04:29;1672704269000;880f01e687e2572cea04e80fc6a68085;231999;OK;1824;0;0;0;0;0,01;-0,6;0;0;813;685;"";223,6;33,54;430,228;62,91;20,939;0,92;1,622;0,23;12,308;1,82;0,846;10,0;0,926;10,0;2,28;10,0;331,448;42,4;100,187;19,82;3,346;10,29;1,681;10,07;1,621;10,07;0,716;10,0;5,449;23,797;0,53;30,217;3,38;6,527;0,64;5,455;1,43;966,895;1,0;"";"";19,135;2,58;84,877;15,9;"";"";32,547;12,06;54,6;"";"";"";"";"";"";"";"";"";"";"";"";"";"";"";"";"";"";"";"";"";"";"";"";"";"";"";"";"";"";"";"";"";"";"";"";"";"";"";"";"";"";"";"";"";"";"";"";"";"";"";"";"";"";"";"";"";"";"";"";"";"";"";"";""
03.01.2023 01:06:29;1672704389000;880f01e687e2572cea04e80fc6a68085;232119;OK;1827;0;0;0;0;0,0;-0,74;0;0;813;685;"";225,159;33,77;429,359;62,88;20,939;0,92;1,621;0,23;12,372;1,83;0,889;10,0;1,093;10,0;2,319;10,0;320,784;41,31;99,04;19,63;6,601;10,62;2,136;10,12;1,572;10,03;0,076;10,0;5,823;23,797;0,53;30,217;3,38;6,527;0,64;5,455;1,43;966,91;1,0;"";"";19,191;2,58;85,192;15,92;"";"";32,293;12,05;57,5;"";"";"";"";"";"";"";"";"";"";"";"";"";"";"";"";"";"";"";"";"";"";"";"";"";"";"";"";"";"";"";"";"";"";"";"";"";"";"";"";"";"";"";"";"";"";"";"";"";"";"";"";"";"";"";"";"";"";"";"";"";"";"";"";""
03.01.2023 01:08:30;1672704510000;880f01e687e2572cea04e80fc6a68085;232241;OK;1800;0;0;0;0;0,0;2,9;0;0;813;685;"";228,782;34,32;430,931;62,93;20,939;0,92;1,621;0,23;12,298;1,82;1,471;10,0;1,649;10,0;3,384;10,02;424,88;51,47;129,794;22,61;11,464;11,05;2,041;10,12;1,813;10,09;1,048;10,0;5,774;23,797;0,53;30,217;3,38;6,528;0,64;5,455;1,43;966,927;1,0;"";"";19,166;2,58;85,24501;15,92;"";"";33,469;11,28;55,0;"";"";"";"";"";"";"";"";"";"";"";"";"";"";"";"";"";"";"";"";"";"";"";"";"";"";"";"";"";"";"";"";"";"";"";"";"";"";"";"";"";"";"";"";"";"";"";"";"";"";"";"";"";"";"";"";"";"";"";"";"";"";"";"";""
03.01.2023 01:10:30;1672704630000;880f01e687e2572cea04e80fc6a68085;232360;OK;1829;0;0;0;0;-0,0;4,42;0;0;813;685;"";229,263;34,39;431,342;62,94;20,939;0,92;1,62;0,23;12,266;1,82;1,116;10,0;1,302;10,0;2,087;10,0;362,131;45,37;112,381;20,86;6,461;10,67;1,003;10,02;0,978;10,02;0,112;10,0;3,784;23,796;0,53;30,217;3,38;6,527;0,64;5,454;1,43;966,9279;1,0;"";"";19,093;2,58;84,992;15,91;"";"";32,956;11,4;53,5;"";"";"";"";"";"";"";"";"";"";"";"";"";"";"";"";"";"";"";"";"";"";"";"";"";"";"";"";"";"";"";"";"";"";"";"";"";"";"";"";"";"";"";"";"";"";"";"";"";"";"";"";"";"";"";"";"";"";"";"";"";"";"";"";""
03.01.2023 01:12:32;1672704752000;880f01e687e2572cea04e80fc6a68085;232482;OK;1817;0;0;0;0;0,0;1,64;0;0;813;686;"";224,892;33,73;429,791;62,89;20,939;0,92;1,62;0,23;12,301;1,82;0,887;10,0;0,938;10,0;1,339;10,0;345,543;43,74;107,211;20,42;6,174;10,57;0,476;10,0;0,473;10,0;0,012;10,0;2,975;23,796;0,53;30,221;3,38;6,528;0,64;5,456;1,43;966,922;1,0;"";"";19,037;2,58;84,821;15,9;"";"";30,837;12,33;53,9;"";"";"";"";"";"";"";"";"";"";"";"";"";"";"";"";"";"";"";"";"";"";"";"";"";"";"";"";"";"";"";"";"";"";"";"";"";"";"";"";"";"";"";"";"";"";"";"";"";"";"";"";"";"";"";"";"";"";"";"";"";"";"";"";""
03.01.2023 01:14:32;1672704872000;880f01e687e2572cea04e80fc6a68085;232602;OK;1809;0;0;0;0;0,02;-6,09;0;0;814;686;"";222,95;33,44;428,75;62,86;20,938;0,92;1,619;0,23;12,347;1,83;0,921;10,0;1,304;10,0;1,939;10,0;381,118;47,21;120,418;21,75;6,579;10,75;0,814;10,0;0,813;10,0;0,001;10,0;3,987;23,795;0,53;30,263;3,38;6,537;0,64;5,475;1,42;966,9439;1,0;"";"";19,04;2,58;84,74601;15,89;"";"";31,936;12,19;58,2;"";"";"";"";"";"";"";"";"";"";"";"";"";"";"";"";"";"";"";"";"";"";"";"";"";"";"";"";"";"";"";"";"";"";"";"";"";"";"";"";"";"";"";"";"";"";"";"";"";"";"";"";"";"";"";"";"";"";"";"";"";"";"";"";""
03.01.2023 01:16:34;1672704994000;880f01e687e2572cea04e80fc6a68085;232725;OK;1822;0;0;0;0;0,06;-3,93;0;0;815;687;"";225,638;33,85;430,322;62,91;20,938;0,92;1,618;0,23;12,283;1,82;1,155;10,0;1,226;10,0;1,417;10,0;324,585;41,72;99,56;19,73;5,064;10,45;0,248;10,0;0,248;10,0;0,0;10,0;1,844;23,794;0,53;30,31;3,38;6,547;0,64;5,497;1,42;966,997;1,0;"";"";19,041;2,58;84,826;15,9;"";"";32,489;11,74;58,4;"";"";"";"";"";"";"";"";"";"";"";"";"";"";"";"";"";"";"";"";"";"";"";"";"";"";"";"";"";"";"";"";"";"";"";"";"";"";"";"";"";"";"";"";"";"";"";"";"";"";"";"";"";"";"";"";"";"";"";"";"";"";"";"";""
03.01.2023 01:18:33;1672705113000;880f01e687e2572cea04e80fc6a68085;232843;OK;1826;0;0;0;0;0,07;11,12;0;0;816;688;"";225,807;33,87;433,42;63,0;20,941;0,92;1,617;0,23;12,285;1,82;0,863;10,0;0,894;10,0;1,242;10,0;317,53;40,95;98,231;19,57;5,507;10,61;0,414;10,0;0,414;10,0;0,0;10,0;2,79;23,795;0,53;30,332;3,38;6,552;0,64;5,508;1,42;967,0219;1,0;"";"";18,96;2,59;84,965;15,91;"";"";32,321;12,08;57,0;"";"";"";"";"";"";"";"";"";"";"";"";"";"";"";"";"";"";"";"";"";"";"";"";"";"";"";"";"";"";"";"";"";"";"";"";"";"";"";"";"";"";"";"";"";"";"";"";"";"";"";"";"";"";"";"";"";"";"";"";"";"";"";"";""
03.01.2023 01:20:34;1672705234000;880f01e687e2572cea04e80fc6a68085;232964;OK;1828;0;0;0;0;0,05;13,02;0;0;816;688;"";226,17;33,93;433,019;62,99;20,937;0,92;1,617;0,23;12,295;1,82;1,264;10,0;1,438;10,0;2,174;10,0;408,932;49,89;125,711;22,26;8,097;10,74;0,98;10,1;0,668;10,1;0,312;10,0;2,855;23,796;0,53;30,337;3,38;6,553;0,64;5,512;1,42;967,07;1,0;"";"";18,886;2,59;85,071;15,91;"";"";33,158;11,63;54,2;"";"";"";"";"";"";"";"";"";"";"";"";"";"";"";"";"";"";"";"";"";"";"";"";"";"";"";"";"";"";"";"";"";"";"";"";"";"";"";"";"";"";"";"";"";"";"";"";"";"";"";"";"";"";"";"";"";"";"";"";"";"";"";"";""
03.01.2023 01:22:34;1672705354000;880f01e687e2572cea04e80fc6a68085;233085;OK;1821;0;0;0;0;0,01;-0,34;0;0;816;688;"";228,338;34,25;429,437;62,88;20,935;0,92;1,616;0,23;12,288;1,82;0,78;10,0;0,844;10,0;1,437;10,0;342,981;43,53;100,625;19,9;4,359;10,51;0,938;10,01;0,9049999;10,01;0,867;10,0;3,155;23,795;0,53;30,338;3,38;6,553;0,64;5,511;1,42;967,109;1,0;"";"";18,765;2,6;85,08101;15,91;"";"";33,148;11,81;54,0;"";"";"";"";"";"";"";"";"";"";"";"";"";"";"";"";"";"";"";"";"";"";"";"";"";"";"";"";"";"";"";"";"";"";"";"";"";"";"";"";"";"";"";"";"";"";"";"";"";"";"";"";"";"";"";"";"";"";"";"";"";"";"";"";""
03.01.2023 01:24:35;1672705475000;880f01e687e2572cea04e80fc6a68085;233205;OK;1826;0;0;0;0;0,0;-9,11;0;0;816;688;"";231,042;34,66;430,724;62,92;20,935;0,92;1,617;0,23;12,227;1,82;1,001;10,0;1,416;10,0;1,516;10,0;354,127;44,68;108,227;20,58;5,67;10,51;0,494;10,0;0,09700001;10,0;0,093;10,0;1,662;23,797;0,53;30,338;3,38;6,553;0,64;5,512;1,42;967,119;1,0;"";"";18,741;2,6;85,234;15,92;"";"";33,525;11,37;54,7;"";"";"";"";"";"";"";"";"";"";"";"";"";"";"";"";"";"";"";"";"";"";"";"";"";"";"";"";"";"";"";"";"";"";"";"";"";"";"";"";"";"";"";"";"";"";"";"";"";"";"";"";"";"";"";"";"";"";"";"";"";"";"";"";""
03.01.2023 01:26:35;1672705595000;880f01e687e2572cea04e80fc6a68085;233325;OK;1829;0;0;0;0;-0,0;-5,71;0;0;816;688;"";229,282;34,39;430,291;62,91;20,935;0,92;1,617;0,23;12,183;1,82;0,586;10,0;0,64;10,0;0,651;10,0;308,419;40,19;91,842;18,93;3,588;10,31;0,053;10,0;0,01;10,0;0,01;10,0;1,085;23,796;0,53;30,338;3,38;6,553;0,64;5,512;1,42;967,111;1,0;"";"";18,752;2,6;85,546;15,94;"";"";33,157;11,65;53,8;"";"";"";"";"";"";"";"";"";"";"";"";"";"";"";"";"";"";"";"";"";"";"";"";"";"";"";"";"";"";"";"";"";"";"";"";"";"";"";"";"";"";"";"";"";"";"";"";"";"";"";"";"";"";"";"";"";"";"";"";"";"";"";"";""
03.01.2023 01:28:37;1672705717000;880f01e687e2572cea04e80fc6a68085;233447;OK;1823;0;0;0;0;-0,0;-2,39;0;0;816;688;"";226,8;34,02;429,082;62,87;20,936;0,92;1,616;0,23;12,281;1,82;0,551;10,0;0,738;10,0;0,8389999;10,0;342,342;43,37;103,348;20,01;5,847;10,69;0,139;10,0;0,135;10,0;0,001;10,0;1,588;23,795;0,53;30,338;3,38;6,553;0,64;5,511;1,42;967,0919;1,0;"";"";18,774;2,6;85,719;15,95;"";"";33,178;11,68;57,4;"";"";"";"";"";"";"";"";"";"";"";"";"";"";"";"";"";"";"";"";"";"";"";"";"";"";"";"";"";"";"";"";"";"";"";"";"";"";"";"";"";"";"";"";"";"";"";"";"";"";"";"";"";"";"";"";"";"";"";"";"";"";"";"";""
03.01.2023 01:30:37;1672705837000;880f01e687e2572cea04e80fc6a68085;233567;OK;1829;0;0;0;0;0,0;-3,23;0;0;816;688;"";229,113;34,37;429,718;62,89;20,935;0,92;1,616;0,23;12,36;1,83;0,95;10,0;1,072;10,0;1,083;10,0;340,977;43,32;102,216;19,99;7,891;10,78;0,16;10,0;0,014;10,0;0,0;10,0;1,186;23,796;0,53;30,342;3,38;6,554;0,64;5,513;1,42;967,132;1,0;"";"";18,846;2,59;85,66501;15,94;"";"";32,778;11,58;56,2;"";"";"";"";"";"";"";"";"";"";"";"";"";"";"";"";"";"";"";"";"";"";"";"";"";"";"";"";"";"";"";"";"";"";"";"";"";"";"";"";"";"";"";"";"";"";"";"";"";"";"";"";"";"";"";"";"";"";"";"";"";"";"";"";""
03.01.2023 01:32:36;1672705956000;880f01e687e2572cea04e80fc6a68085;233686;OK;1838;0;0;0;0;0,04;3,21;0;0;818;689;"";227,974;34,2;431,752;62,95;20,934;0,92;1,616;0,23;12,339;1,83;0,952;10,0;1,155;10,0;2,117;10,0;348,253;43,99;105,656;20,36;5,106;10,35;1,435;10,0;1,419;10,0;0,555;10,0;3,939;23,794;0,53;30,414;3,38;6,569;0,64;5,547;1,42;967,156;1,0;"";"";18,858;2,59;85,75;15,95;"";"";31,319;12,14;53,1;"";"";"";"";"";"";"";"";"";"";"";"";"";"";"";"";"";"";"";"";"";"";"";"";"";"";"";"";"";"";"";"";"";"";"";"";"";"";"";"";"";"";"";"";"";"";"";"";"";"";"";"";"";"";"";"";"";"";"";"";"";"";"";"";""
03.01.2023 01:34:38;1672706078000;880f01e687e2572cea04e80fc6a68085;233808;OK;1821;0;0;0;0;0,07;0,9700001;0;0;819;690;"";227,398;34,11;429,427;62,88;20,936;0,92;1,615;0,23;12,335;1,82;0,656;10,0;0,77;10,0;0,906;10,0;330,231;42,23;100,409;19,75;3,525;10,35;0,148;10,0;0,146;10,0;0,057;10,0;1,581;23,796;0,53;30,447;3,37;6,577;0,64;5,563;1,41;967,172;1,0;"";"";18,673;2,6;85,88099;15,96;"";"";32,099;12,09;57,2;"";"";"";"";"";"";"";"";"";"";"";"";"";"";"";"";"";"";"";"";"";"";"";"";"";"";"";"";"";"";"";"";"";"";"";"";"";"";"";"";"";"";"";"";"";"";"";"";"";"";"";"";"";"";"";"";"";"";"";"";"";"";"";"";""
03.01.2023 01:36:37;1672706197000;880f01e687e2572cea04e80fc6a68085;233927;OK;1829;0;0;0;0;0,07;-8,44;0;0;819;690;"";228,278;34,24;426,873;62,81;20,936;0,92;1,614;0,23;12,313;1,82;0,762;10,0;0,802;10,0;1,189;10,0;316,007;40,84;95,838;19,38;3,132;10,26;0,517;10,0;0,517;10,0;0,106;10,0;3,141;23,796;0,53;30,456;3,37;6,579;0,64;5,568;1,41;967,1989;1,0;"";"";18,661;2,6;85,571;15,94;"";"";33,798;11,59;54,6;"";"";"";"";"";"";"";"";"";"";"";"";"";"";"";"";"";"";"";"";"";"";"";"";"";"";"";"";"";"";"";"";"";"";"";"";"";"";"";"";"";"";"";"";"";"";"";"";"";"";"";"";"";"";"";"";"";"";"";"";"";"";"";"";""
03.01.2023 01:38:38;1672706318000;880f01e687e2572cea04e80fc6a68085;234048;OK;1840;0;0;0;0;0,03;-9,18;0;0;819;690;"";226,624;33,99;429,098;62,87;20,934;0,92;1,614;0,23;12,43;1,83;0,63;10,0;0,753;10,0;1,251;10,0;314,541;40,71;97,87601;19,54;6,771;10,7;0,623;10,0;0,623;10,0;0,111;10,0;3,864;23,795;0,53;30,458;3,37;6,579;0,64;5,568;1,41;967,241;1,0;"";"";18,555;2,61;85,649;15,94;"";"";32,086;11,96;54,3;"";"";"";"";"";"";"";"";"";"";"";"";"";"";"";"";"";"";"";"";"";"";"";"";"";"";"";"";"";"";"";"";"";"";"";"";"";"";"";"";"";"";"";"";"";"";"";"";"";"";"";"";"";"";"";"";"";"";"";"";"";"";"";"";""
03.01.2023 01:40:39;1672706439000;880f01e687e2572cea04e80fc6a68085;234169;OK;1839;0;0;0;0;0,01;3,74;0;0;819;690;"";228,337;34,25;430,068;62,9;20,938;0,92;1,613;0,23;12,481;1,83;0,813;10,0;1,103;10,0;1,156;10,0;334,588;42,65;97,959;19,57;8,184;10,81;0,929;10,0;0,067;10,0;0,012;10,0;1,524;23,795;0,53;30,459;3,37;6,579;0,64;5,569;1,41;967,281;1,0;"";"";18,554;2,61;85,766;15,95;"";"";33,399;11,7;54,5;"";"";"";"";"";"";"";"";"";"";"";"";"";"";"";"";"";"";"";"";"";"";"";"";"";"";"";"";"";"";"";"";"";"";"";"";"";"";"";"";"";"";"";"";"";"";"";"";"";"";"";"";"";"";"";"";"";"";"";"";"";"";"";"";""
03.01.2023 01:42:40;1672706560000;880f01e687e2572cea04e80fc6a68085;234289;OK;1843;0;0;0;0;0,0;11,18;0;0;819;690;"";228,907;34,34;430,652;62,92;20,941;0,92;1,612;0,23;12,548;1,84;0,75;10,0;0,8190001;10,0;1,351;10,0;304,638;39,75;92,99;19,05;4,719;10,45;0,763;10,05;0,505;10,0;0,001;10,0;3,835;23,794;0,53;30,459;3,37;6,579;0,64;5,568;1,41;967,3189;1,0;"";"";18,629;2,6;85,85501;15,96;"";"";33,262;11,56;52,3;"";"";"";"";"";"";"";"";"";"";"";"";"";"";"";"";"";"";"";"";"";"";"";"";"";"";"";"";"";"";"";"";"";"";"";"";"";"";"";"";"";"";"";"";"";"";"";"";"";"";"";"";"";"";"";"";"";"";"";"";"";"";"";"";""
03.01.2023 01:44:39;1672706679000;880f01e687e2572cea04e80fc6a68085;234410;OK;1829;0;0;0;0;0,0;7,24;0;0;819;690;"";225,809;33,87;431,037;62,93;20,938;0,92;1,612;0,23;12,544;1,84;1,271;10,0;1,278;10,0;1,767;10,0;373,561;46,49;112,107;20,98;4,047;10,46;0,613;10,04;0,585;10,04;0,0;10,0;2,945;23,796;0,53;30,469;3,37;6,581;0,64;5,574;1,41;967,352;1,0;"";"";18,548;2,61;86,034;15,97;"";"";31,903;12,06;57,4;"";"";"";"";"";"";"";"";"";"";"";"";"";"";"";"";"";"";"";"";"";"";"";"";"";"";"";"";"";"";"";"";"";"";"";"";"";"";"";"";"";"";"";"";"";"";"";"";"";"";"";"";"";"";"";"";"";"";"";"";"";"";"";"";""
03.01.2023 01:46:41;1672706801000;880f01e687e2572cea04e80fc6a68085;234532;OK;1805;0;0;0;0;0,03;3,03;0;0;820;691;"";226,191;33,93;431,224;62,94;20,934;0,92;1,611;0,23;12,568;1,84;0,659;10,0;0,787;10,0;1,202;10,0;367,046;45,82;113,081;21,1;3,575;10,32;0,957;10,0;0,954;10,0;0,0;10,0;3,684;23,794;0,53;30,512;3,37;6,59;0,64;5,593;1,41;967,356;1,0;"";"";18,523;2,61;86,02901;15,96;"";"";31,1;12,55;56,8;"";"";"";"";"";"";"";"";"";"";"";"";"";"";"";"";"";"";"";"";"";"";"";"";"";"";"";"";"";"";"";"";"";"";"";"";"";"";"";"";"";"";"";"";"";"";"";"";"";"";"";"";"";"";"";"";"";"";"";"";"";"";"";"";""
03.01.2023 01:48:41;1672706921000;880f01e687e2572cea04e80fc6a68085;234652;OK;1801;0;0;0;0;0,05;-1,41;0;0;820;692;"";229,653;34,45;430,34;62,91;20,936;0,92;1,612;0,23;12,462;1,83;0,734;10,0;0,748;10,0;1,055;10,0;349,711;44,21;107,971;20,53;3,144;10,33;0,415;10,03;0,251;10,0;0,126;10,0;2,406;23,795;0,53;30,549;3,37;6,598;0,64;5,611;1,41;967,355;1,0;"";"";18,562;2,61;86,111;15,97;"";"";32,268;12,11;54,3;"";"";"";"";"";"";"";"";"";"";"";"";"";"";"";"";"";"";"";"";"";"";"";"";"";"";"";"";"";"";"";"";"";"";"";"";"";"";"";"";"";"";"";"";"";"";"";"";"";"";"";"";"";"";"";"";"";"";"";"";"";"";"";"";""
03.01.2023 01:50:40;1672707040000;880f01e687e2572cea04e80fc6a68085;234770;OK;1842;0;0;0;0;0,07;-3,37;0;0;821;692;"";228,089;34,21;429,544;62,89;20,934;0,92;1,61;0,23;12,481;1,83;0,921;10,0;1,2;10,0;1,317;10,0;337,785;43,05;105,253;20,33;7,204;10,76;0,42;10,0;0,028;10,0;0,014;10,0;1,732;23,795;0,53;30,573;3,37;6,604;0,64;5,623;1,41;967,361;1,0;"";"";18,544;2,61;85,914;15,96;"";"";32,336;11,81;56,8;"";"";"";"";"";"";"";"";"";"";"";"";"";"";"";"";"";"";"";"";"";"";"";"";"";"";"";"";"";"";"";"";"";"";"";"";"";"";"";"";"";"";"";"";"";"";"";"";"";"";"";"";"";"";"";"";"";"";"";"";"";"";"";"";""
03.01.2023 01:52:40;1672707160000;880f01e687e2572cea04e80fc6a68085;234891;OK;1820;0;0;0;0;0,05;-3,55;0;0;821;693;"";227,316;34,1;430,634;62,92;20,931;0,92;1,609;0,23;12,548;1,84;0,766;10,0;0,8719999;10,0;1,079;10,0;339,289;43,12;103,653;20,07;4,642;10,44;0,315;10,03;0,151;10,0;0,001;10,0;1,76;23,796;0,53;30,579;3,37;6,605;0,64;5,626;1,41;967,364;1,0;"";"";18,476;2,61;86,055;15,97;"";"";32,62;11,77;57,3;"";"";"";"";"";"";"";"";"";"";"";"";"";"";"";"";"";"";"";"";"";"";"";"";"";"";"";"";"";"";"";"";"";"";"";"";"";"";"";"";"";"";"";"";"";"";"";"";"";"";"";"";"";"";"";"";"";"";"";"";"";"";"";"";""
03.01.2023 01:54:40;1672707280000;880f01e687e2572cea04e80fc6a68085;235011;OK;1816;0;0;0;0;0,02;0,31;0;0;821;693;"";228,796;34,32;430,513;62,92;20,93;0,92;1,609;0,23;12,519;1,83;0,802;10,0;0,843;10,0;1,762;10,0;327,129;41,93;100,087;19,71;3,746;10,32;0,898;10,04;0,8809999;10,04;0,374;10,04;4,779;23,797;0,53;30,579;3,37;6,606;0,64;5,627;1,41;967,3679;1,0;"";"";18,401;2,62;85,957;15,96;"";"";31,974;12,07;53,5;"";"";"";"";"";"";"";"";"";"";"";"";"";"";"";"";"";"";"";"";"";"";"";"";"";"";"";"";"";"";"";"";"";"";"";"";"";"";"";"";"";"";"";"";"";"";"";"";"";"";"";"";"";"";"";"";"";"";"";"";"";"";"";"";""
03.01.2023 01:56:41;1672707401000;880f01e687e2572cea04e80fc6a68085;235131;OK;1827;0;0;0;0;0,01;1,82;0;0;821;693;"";227,171;34,08;430,675;62,92;20,933;0,92;1,609;0,23;12,568;1,84;1,002;10,0;1,127;10,0;1,386;10,0;333,937;42,65;102,689;20,05;3,579;10,24;0,326;10,0;0,094;10,0;0,04;10,0;2,404;23,798;0,53;30,586;3,37;6,608;0,64;5,631;1,41;967,367;1,0;"";"";18,458;2,61;85,885;15,96;"";"";32,148;12,0;53,2;"";"";"";"";"";"";"";"";"";"";"";"";"";"";"";"";"";"";"";"";"";"";"";"";"";"";"";"";"";"";"";"";"";"";"";"";"";"";"";"";"";"";"";"";"";"";"";"";"";"";"";"";"";"";"";"";"";"";"";"";"";"";"";"";""
03.01.2023 01:58:43;1672707523000;880f01e687e2572cea04e80fc6a68085;235253;OK;1817;0;0;0;0;0,02;-0,99;0;0;822;693;"";226,213;33,93;429,999;62,9;20,939;0,92;1,608;0,23;12,595;1,84;0,916;10,0;0,949;10,0;0,975;10,0;304,838;39,7;94,684;19,17;4,031;10,45;0,034;10,0;0,01;10,0;0,004;10,0;1,159;23,796;0,53;30,604;3,37;6,611;0,64;5,638;1,4;967,3599;1,0;"";"";18,309;2,62;85,93;15,96;"";"";31,697;12,24;58,0;"";"";"";"";"";"";"";"";"";"";"";"";"";"";"";"";"";"";"";"";"";"";"";"";"";"";"";"";"";"";"";"";"";"";"";"";"";"";"";"";"";"";"";"";"";"";"";"";"";"";"";"";"";"";"";"";"";"";"";"";"";"";"";"";""
03.01.2023 02:00:41;1672707641000;880f01e687e2572cea04e80fc6a68085;235372;OK;1812;0;0;0;0;0,04;2,17;0;0;823;694;"";226,704;34,01;431,669;62,95;20,94;0,92;1,608;0,23;12,654;1,84;0,597;10,0;0,715;10,0;1,382;10,0;310,76;40,32;94,083;19,18;6,288;10,64;0,89;10,11;0,571;10,0;0,0;10,0;3,674;23,795;0,53;30,654;3,37;6,621;0,64;5,661;1,4;967,369;1,0;"";"";18,33;2,62;86,042;15,97;"";"";32,904;11,64;57,0;"";"";"";"";"";"";"";"";"";"";"";"";"";"";"";"";"";"";"";"";"";"";"";"";"";"";"";"";"";"";"";"";"";"";"";"";"";"";"";"";"";"";"";"";"";"";"";"";"";"";"";"";"";"";"";"";"";"";"";"";"";"";"";"";""
03.01.2023 02:02:42;1672707762000;880f01e687e2572cea04e80fc6a68085;235493;OK;1836;0;0;0;0;0,03;-0,06;0;0;822;694;"";230,481;34,57;429,603;62,89;20,936;0,92;1,607;0,23;12,554;1,84;0,719;10,0;0,731;10,0;0,803;10,0;311,822;40,53;93,34701;19,09;3,427;10,2;0,095;10,01;0,061;10,0;0,0;10,0;1,285;23,797;0,53;30,636;3,37;6,618;0,64;5,654;1,4;967,398;1,0;"";"";18,282;2,62;85,964;15,96;"";"";35,573;10,86;58,6;"";"";"";"";"";"";"";"";"";"";"";"";"";"";"";"";"";"";"";"";"";"";"";"";"";"";"";"";"";"";"";"";"";"";"";"";"";"";"";"";"";"";"";"";"";"";"";"";"";"";"";"";"";"";"";"";"";"";"";"";"";"";"";"";""
03.01.2023 02:04:43;1672707883000;880f01e687e2572cea04e80fc6a68085;235613;OK;1823;0;0;0;0;0,03;-4,05;0;0;824;695;"";229,714;34,46;429,213;62,88;20,931;0,92;1,606;0,23;12,547;1,84;0,405;10,0;0,417;10,0;0,844;10,0;304,189;39,73;92,805;19,02;4,796;10,53;0,632;10,0;0,629;10,0;0,0;10,0;4,347;23,796;0,53;30,685;3,37;6,628;0,64;5,676;1,4;967,4359;1,0;"";"";18,293;2,62;85,928;15,96;"";"";34,307;11,22;57,0;"";"";"";"";"";"";"";"";"";"";"";"";"";"";"";"";"";"";"";"";"";"";"";"";"";"";"";"";"";"";"";"";"";"";"";"";"";"";"";"";"";"";"";"";"";"";"";"";"";"";"";"";"";"";"";"";"";"";"";"";"";"";"";"";""
03.01.2023 02:06:44;1672708004000;880f01e687e2572cea04e80fc6a68085;235735;OK;1806;0;0;0;0;0,03;-8,52;0;0;824;695;"";226,031;33,9;428,264;62,85;20,935;0,92;1,605;0,23;12,545;1,84;0,791;10,0;0,9639999;10,0;1,019;10,0;277,547;37,11;86,926;18,46;4,377;10,29;0,065;10,0;0,065;10,0;0,0;10,0;1,581;23,796;0,53;30,698;3,37;6,631;0,64;5,683;1,4;967,458;1,0;"";"";18,258;2,62;86,143;15,97;"";"";33,202;11,74;58,5;"";"";"";"";"";"";"";"";"";"";"";"";"";"";"";"";"";"";"";"";"";"";"";"";"";"";"";"";"";"";"";"";"";"";"";"";"";"";"";"";"";"";"";"";"";"";"";"";"";"";"";"";"";"";"";"";"";"";"";"";"";"";"";"";""
03.01.2023 02:08:44;1672708124000;880f01e687e2572cea04e80fc6a68085;235854;OK;1811;0;0;0;0;0,04;-3,17;0;0;824;695;"";228,614;34,29;427,988;62,84;20,938;0,92;1,605;0,23;12,58;1,84;0,715;10,0;0,743;10,0;0,749;10,0;294,833;38,85;90,03501;18,77;6,989;10,66;0,007;10,0;0,007;10,0;0,0;10,0;1,076;23,796;0,53;30,7;3,37;6,631;0,64;5,683;1,4;967,476;1,0;"";"";18,229;2,62;86,102;15,97;"";"";31,708;12,05;53,1;"";"";"";"";"";"";"";"";"";"";"";"";"";"";"";"";"";"";"";"";"";"";"";"";"";"";"";"";"";"";"";"";"";"";"";"";"";"";"";"";"";"";"";"";"";"";"";"";"";"";"";"";"";"";"";"";"";"";"";"";"";"";"";"";""
03.01.2023 02:10:44;1672708244000;880f01e687e2572cea04e80fc6a68085;235974;OK;1833;0;0;0;0;0,0;1,88;0;0;824;695;"";224,312;33,65;430,036;62,9;20,937;0,92;1,604;0,23;12,574;1,84;0,945;10,0;1,146;10,0;2,049;10,0;347,252;43,99;107,758;20,52;6,247;10,56;1,583;10,16;1,226;10,12;0,0;10,0;3,561;23,796;0,53;30,7;3,37;6,631;0,64;5,683;1,4;967,512;1,0;"";"";18,284;2,62;86,288;15,98;"";"";33,267;11,59;54,4;"";"";"";"";"";"";"";"";"";"";"";"";"";"";"";"";"";"";"";"";"";"";"";"";"";"";"";"";"";"";"";"";"";"";"";"";"";"";"";"";"";"";"";"";"";"";"";"";"";"";"";"";"";"";"";"";"";"";"";"";"";"";"";"";""
03.01.2023 02:12:44;1672708364000;880f01e687e2572cea04e80fc6a68085;236095;OK;1835;0;0;0;0;0,0;0,31;0;0;824;696;"";225,184;33,78;427,947;62,84;20,937;0,92;1,603;0,23;12,669;1,84;0,79;10,0;0,8349999;10,0;0,9309999;10,0;294,335;38,75;90,023;18,75;3,038;10,21;0,169;10,02;0,131;10,01;0,0;10,0;1,291;23,796;0,53;30,709;3,37;6,633;0,64;5,687;1,4;967,543;1,0;"";"";18,386;2,62;86,398;15,99;"";"";33,495;11,57;55,5;"";"";"";"";"";"";"";"";"";"";"";"";"";"";"";"";"";"";"";"";"";"";"";"";"";"";"";"";"";"";"";"";"";"";"";"";"";"";"";"";"";"";"";"";"";"";"";"";"";"";"";"";"";"";"";"";"";"";"";"";"";"";"";"";""
03.01.2023 02:14:45;1672708485000;880f01e687e2572cea04e80fc6a68085;236215;OK;1825;0;0;0;0;0,0;1,09;0;0;824;696;"";228,773;34,32;429,811;62,89;20,936;0,92;1,603;0,23;12,669;1,84;0,85;10,0;0,855;10,0;1,688;10,0;310,081;40,27;91,722;18,97;5,081;10,55;1,076;10,07;1,072;10,07;0,0;10,0;3,886;23,795;0,53;30,702;3,37;6,631;0,64;5,683;1,4;967,552;1,0;"";"";18,361;2,62;86,229;15,98;"";"";32,828;11,72;54,4;"";"";"";"";"";"";"";"";"";"";"";"";"";"";"";"";"";"";"";"";"";"";"";"";"";"";"";"";"";"";"";"";"";"";"";"";"";"";"";"";"";"";"";"";"";"";"";"";"";"";"";"";"";"";"";"";"";"";"";"";"";"";"";"";""
03.01.2023 02:16:45;1672708605000;880f01e687e2572cea04e80fc6a68085;236336;OK;1818;0;0;0;0;0,04;1,35;0;0;826;697;"";226,897;34,03;430,521;62,92;20,936;0,92;1,603;0,23;12,734;1,85;1,211;10,0;1,441;10,0;1,657;10,0;339,229;43,11;104,586;20,21;5,029;10,49;0,613;10,01;0,495;10,01;0,0;10,0;1,998;23,794;0,53;30,789;3,37;6,65;0,64;5,723;1,39;967,56;1,0;"";"";18,257;2,62;86,186;15,98;"";"";32,35;11,91;55,0;"";"";"";"";"";"";"";"";"";"";"";"";"";"";"";"";"";"";"";"";"";"";"";"";"";"";"";"";"";"";"";"";"";"";"";"";"";"";"";"";"";"";"";"";"";"";"";"";"";"";"";"";"";"";"";"";"";"";"";"";"";"";"";"";""
03.01.2023 02:18:46;1672708726000;880f01e687e2572cea04e80fc6a68085;236457;OK;1841;0;0;0;0;0,08;3,37;0;0;827;698;"";225,631;33,84;429,227;62,88;20,936;0,92;1,602;0,23;12,752;1,85;0,345;10,0;0,412;10,0;1,083;10,0;291,163;38,47;87,625;18,54;3,378;10,28;0,82;10,02;0,808;10,02;0,114;10,0;5,311;23,795;0,53;30,824;3,37;6,658;0,64;5,741;1,39;967,58;1,0;"";"";18,154;2,63;86,254;15,98;"";"";33,941;11,46;53,7;"";"";"";"";"";"";"";"";"";"";"";"";"";"";"";"";"";"";"";"";"";"";"";"";"";"";"";"";"";"";"";"";"";"";"";"";"";"";"";"";"";"";"";"";"";"";"";"";"";"";"";"";"";"";"";"";"";"";"";"";"";"";"";"";""
03.01.2023 02:20:46;1672708846000;880f01e687e2572cea04e80fc6a68085;236577;OK;1809;0;0;0;0;0,08;-8,52;0;0;827;698;"";225,935;33,89;426,925;62,81;20,935;0,92;1,6;0,23;12,748;1,85;0,374;10,0;0,447;10,0;1,236;10,0;284,243;37,78;83,316;18,13;5,456;10,52;1,411;10,06;1,409;10,06;0,012;10,0;4,708;23,794;0,53;30,828;3,37;6,658;0,64;5,742;1,39;967,6049;1,0;"";"";18,105;2,63;86,419;15,99;"";"";32,05;12,01;56,2;"";"";"";"";"";"";"";"";"";"";"";"";"";"";"";"";"";"";"";"";"";"";"";"";"";"";"";"";"";"";"";"";"";"";"";"";"";"";"";"";"";"";"";"";"";"";"";"";"";"";"";"";"";"";"";"";"";"";"";"";"";"";"";"";""
03.01.2023 02:22:47;1672708967000;880f01e687e2572cea04e80fc6a68085;236697;OK;1834;0;0;0;0;0,03;-2,83;0;0;827;698;"";224,844;33,73;430,366;62,91;20,934;0,92;1,6;0,23;12,787;1,85;0,605;10,0;0,613;10,0;0,8780001;10,0;284,942;37,81;86,553;18,37;4,018;10,45;0,658;10,01;0,15;10,01;0,001;10,0;3,024;23,794;0,53;30,829;3,37;6,658;0,64;5,742;1,39;967,61;1,0;"";"";18,146;2,63;86,567;16,0;"";"";33,682;11,46;54,2;"";"";"";"";"";"";"";"";"";"";"";"";"";"";"";"";"";"";"";"";"";"";"";"";"";"";"";"";"";"";"";"";"";"";"";"";"";"";"";"";"";"";"";"";"";"";"";"";"";"";"";"";"";"";"";"";"";"";"";"";"";"";"";"";""
03.01.2023 02:24:48;1672709088000;880f01e687e2572cea04e80fc6a68085;236818;OK;1835;0;0;0;0;-0,0;4,01;0;0;827;698;"";228,192;34,23;428,851;62,87;20,936;0,92;1,6;0,23;12,788;1,85;0,898;10,0;1,027;10,0;1,536;10,0;339,696;43,13;101,608;19,89;6,567;10,63;0,7940001;10,02;0,74;10,02;0,233;10,0;3,229;23,795;0,53;30,829;3,37;6,659;0,64;5,742;1,39;967,5949;1,0;"";"";18,102;2,63;86,502;15,99;"";"";32,356;11,87;56,1;"";"";"";"";"";"";"";"";"";"";"";"";"";"";"";"";"";"";"";"";"";"";"";"";"";"";"";"";"";"";"";"";"";"";"";"";"";"";"";"";"";"";"";"";"";"";"";"";"";"";"";"";"";"";"";"";"";"";"";"";"";"";"";"";""
03.01.2023 02:26:48;1672709208000;880f01e687e2572cea04e80fc6a68085;236938;OK;1810;0;0;0;0;0,02;3,77;0;0;828;699;"";226,64;34,0;428,62;62,86;20,936;0,92;1,598;0,23;12,858;1,85;1,022;10,0;1,154;10,0;1,286;10,0;301,39;39,42;93,37501;19,04;3,401;10,22;0,157;10,0;0,151;10,0;0,025;10,0;1,798;23,795;0,53;30,859;3,37;6,665;0,64;5,757;1,39;967,59;1,0;"";"";18,078;2,63;86,348;15,98;"";"";32,375;12,13;55,8;"";"";"";"";"";"";"";"";"";"";"";"";"";"";"";"";"";"";"";"";"";"";"";"";"";"";"";"";"";"";"";"";"";"";"";"";"";"";"";"";"";"";"";"";"";"";"";"";"";"";"";"";"";"";"";"";"";"";"";"";"";"";"";"";""
03.01.2023 02:28:49;1672709329000;880f01e687e2572cea04e80fc6a68085;237060;OK;1808;0;0;0;0;0,05;-1,41;0;0;829;700;"";226,706;34,01;429,424;62,88;20,935;0,92;1,598;0,23;12,885;1,85;0,83;10,0;0,913;10,0;1,314;10,0;310,747;40,32;96,905;19,43;4,208;10,4;0,565;10,01;0,323;10,01;0,184;10,0;2,629;23,795;0,53;30,918;3,37;6,678;0,64;5,784;1,39;967,624;1,0;"";"";18,143;2,63;86,379;15,99;"";"";32,889;11,92;53,8;"";"";"";"";"";"";"";"";"";"";"";"";"";"";"";"";"";"";"";"";"";"";"";"";"";"";"";"";"";"";"";"";"";"";"";"";"";"";"";"";"";"";"";"";"";"";"";"";"";"";"";"";"";"";"";"";"";"";"";"";"";"";"";"";""
03.01.2023 02:30:48;1672709448000;880f01e687e2572cea04e80fc6a68085;237178;OK;1847;0;0;0;0;0,07;4,21;0;0;830;700;"";224,818;33,72;430,216;62,91;20,934;0,92;1,598;0,23;12,855;1,85;0,282;10,0;0,291;10,0;0,335;10,0;277,391;37,13;87,107;18,52;3,754;10,26;0,062;10,0;0,036;10,0;0,02;10,0;1,18;23,793;0,53;30,942;3,37;6,683;0,64;5,795;1,39;967,648;1,0;"";"";18,121;2,63;86,182;15,98;"";"";33,065;11,74;53,5;"";"";"";"";"";"";"";"";"";"";"";"";"";"";"";"";"";"";"";"";"";"";"";"";"";"";"";"";"";"";"";"";"";"";"";"";"";"";"";"";"";"";"";"";"";"";"";"";"";"";"";"";"";"";"";"";"";"";"";"";"";"";"";"";""
03.01.2023 02:32:50;1672709570000;880f01e687e2572cea04e80fc6a68085;237301;OK;1818;0;0;0;0;0,05;5,31;0;0;830;700;"";222,692;33,4;429,276;62,88;20,934;0,92;1,597;0,23;12,896;1,86;0,636;10,0;0,9940001;10,0;1,491;10,0;292,825;38,6;87,584;18,58;6,86;10,58;1,572;10,21;0,88;10,0;0,166;10,0;3,394;23,794;0,53;30,949;3,36;6,684;0,64;5,798;1,39;967,678;1,0;"";"";18,085;2,63;86,194;15,98;"";"";32,798;11,62;53,8;"";"";"";"";"";"";"";"";"";"";"";"";"";"";"";"";"";"";"";"";"";"";"";"";"";"";"";"";"";"";"";"";"";"";"";"";"";"";"";"";"";"";"";"";"";"";"";"";"";"";"";"";"";"";"";"";"";"";"";"";"";"";"";"";""
03.01.2023 02:34:51;1672709691000;880f01e687e2572cea04e80fc6a68085;237421;OK;1818;0;0;0;0;0,02;-2,43;0;0;830;701;"";224,365;33,65;429,955;62,9;20,934;0,92;1,596;0,23;12,925;1,86;0,668;10,0;0,763;10,0;1,119;10,0;290,554;38,33;89,411;18,76;3,578;10,34;0,591;10,02;0,094;10,0;0,018;10,0;3,056;23,794;0,53;30,949;3,36;6,685;0,64;5,799;1,39;967,686;1,0;"";"";17,99;2,64;86,228;15,98;"";"";31,744;12,2;53,9;"";"";"";"";"";"";"";"";"";"";"";"";"";"";"";"";"";"";"";"";"";"";"";"";"";"";"";"";"";"";"";"";"";"";"";"";"";"";"";"";"";"";"";"";"";"";"";"";"";"";"";"";"";"";"";"";"";"";"";"";"";"";"";"";""
03.01.2023 02:36:49;1672709809000;880f01e687e2572cea04e80fc6a68085;237540;OK;1835;0;0;0;0;0,0;-8,39;0;0;830;701;"";225,988;33,9;428,018;62,84;20,934;0,92;1,595;0,23;12,939;1,86;0,943;10,0;1,149;10,0;1,446;10,0;301,691;39,54;93,317;19,19;6,87;10,74;0,371;10,0;0,316;10,0;0,307;10,0;2,77;23,795;0,53;30,949;3,36;6,685;0,64;5,799;1,39;967,686;1,0;"";"";17,958;2,64;86,20501;15,98;"";"";31,26;12,18;53,5;"";"";"";"";"";"";"";"";"";"";"";"";"";"";"";"";"";"";"";"";"";"";"";"";"";"";"";"";"";"";"";"";"";"";"";"";"";"";"";"";"";"";"";"";"";"";"";"";"";"";"";"";"";"";"";"";"";"";"";"";"";"";"";"";""
03.01.2023 02:38:50;1672709930000;880f01e687e2572cea04e80fc6a68085;237660;OK;1825;0;0;0;0;0,0;-2,99;0;0;830;701;"";226,985;34,05;428,996;62,87;20,934;0,92;1,594;0,23;12,947;1,86;0,754;10,0;0,886;10,0;1,441;10,0;288,286;38,16;91,307;18,88;3,755;10,37;0,715;10,0;0,709;10,0;0,033;10,0;4,04;23,793;0,53;30,951;3,36;6,685;0,64;5,799;1,39;967,678;1,0;"";"";17,93;2,64;86,06501;15,97;"";"";32,941;11,93;53,5;"";"";"";"";"";"";"";"";"";"";"";"";"";"";"";"";"";"";"";"";"";"";"";"";"";"";"";"";"";"";"";"";"";"";"";"";"";"";"";"";"";"";"";"";"";"";"";"";"";"";"";"";"";"";"";"";"";"";"";"";"";"";"";"";""
03.01.2023 02:40:50;1672710050000;880f01e687e2572cea04e80fc6a68085;237781;OK;1822;0;0;0;0;0,04;-2,29;0;0;832;702;"";224,74;33,71;428,224;62,85;20,934;0,92;1,594;0,23;13,043;1,86;0,853;10,0;0,897;10,0;1,692;10,0;306,291;39,88;93,005;19,08;4,567;10,51;1,435;10,09;1,434;10,09;0,716;10,0;4,183;23,793;0,53;31,019;3,36;6,699;0,64;5,83;1,38;967,695;1,0;"";"";18,009;2,64;86,356;15,99;"";"";33,39;11,71;54,3;"";"";"";"";"";"";"";"";"";"";"";"";"";"";"";"";"";"";"";"";"";"";"";"";"";"";"";"";"";"";"";"";"";"";"";"";"";"";"";"";"";"";"";"";"";"";"";"";"";"";"";"";"";"";"";"";"";"";"";"";"";"";"";"";""
03.01.2023 02:42:50;1672710170000;880f01e687e2572cea04e80fc6a68085;237901;OK;1823;0;0;0;0;0,05;5,51;0;0;832;702;"";226,055;33,91;430,708;62,92;20,935;0,92;1,592;0,23;13,144;1,87;0,8;10,0;0,9309999;10,0;1,774;10,0;310,986;40,4;94,04799;19,2;4,671;10,44;1,741;10,15;1,446;10,08;0,295;10,0;4,073;23,793;0,53;31,019;3,36;6,699;0,64;5,83;1,38;967,7119;1,0;"";"";17,91;2,64;86,616;16,0;"";"";32,807;11,98;57,6;"";"";"";"";"";"";"";"";"";"";"";"";"";"";"";"";"";"";"";"";"";"";"";"";"";"";"";"";"";"";"";"";"";"";"";"";"";"";"";"";"";"";"";"";"";"";"";"";"";"";"";"";"";"";"";"";"";"";"";"";"";"";"";"";""
03.01.2023 02:44:51;1672710291000;880f01e687e2572cea04e80fc6a68085;238021;OK;1828;0;0;0;0;0,06;5,52;0;0;833;703;"";223,898;33,58;431,478;62,94;20,933;0,92;1,592;0,23;13,176;1,87;0,732;10,0;0,757;10,0;1,151;10,0;292,062;38,54;88,73;18,66;4,562;10,53;0,541;10,02;0,366;10,01;0,032;10,0;2,488;23,795;0,53;31,062;3,36;6,709;0,64;5,852;1,38;967,7199;1,0;"";"";17,906;2,64;86,476;15,99;"";"";30,545;12,51;53,4;"";"";"";"";"";"";"";"";"";"";"";"";"";"";"";"";"";"";"";"";"";"";"";"";"";"";"";"";"";"";"";"";"";"";"";"";"";"";"";"";"";"";"";"";"";"";"";"";"";"";"";"";"";"";"";"";"";"";"";"";"";"";"";"";""
03.01.2023 02:46:52;1672710412000;880f01e687e2572cea04e80fc6a68085;238142;OK;1825;0;0;0;0;0,03;3,29;0;0;833;703;"";223,915;33,59;430,111;62,9;20,934;0,92;1,591;0,23;13,127;1,87;0,928;10,0;0,9309999;10,0;1,121;10,0;287,233;38,03;89,326;18,69;3,226;10,25;0,216;10,0;0,197;10,0;0,162;10,0;1,769;23,794;0,53;31,069;3,36;6,71;0,64;5,855;1,38;967,736;1,0;"";"";17,902;2,64;86,323;15,98;"";"";32,707;11,85;54,3;"";"";"";"";"";"";"";"";"";"";"";"";"";"";"";"";"";"";"";"";"";"";"";"";"";"";"";"";"";"";"";"";"";"";"";"";"";"";"";"";"";"";"";"";"";"";"";"";"";"";"";"";"";"";"";"";"";"";"";"";"";"";"";"";""
03.01.2023 02:48:53;1672710533000;880f01e687e2572cea04e80fc6a68085;238263;OK;1830;0;0;0;0;0,02;-2,41;0;0;833;703;"";225,541;33,83;430,218;62,91;20,934;0,92;1,591;0,23;13,077;1,87;0,707;10,0;0,783;10,0;1,217;10,0;290,585;38,37;89,74601;18,77;5,81;10,57;0,631;10,0;0,629;10,0;0,017;10,0;3,718;23,793;0,53;31,07;3,36;6,71;0,64;5,854;1,38;967,695;1,0;"";"";17,844;2,64;85,958;15,96;"";"";32,954;11,5;54,7;"";"";"";"";"";"";"";"";"";"";"";"";"";"";"";"";"";"";"";"";"";"";"";"";"";"";"";"";"";"";"";"";"";"";"";"";"";"";"";"";"";"";"";"";"";"";"";"";"";"";"";"";"";"";"";"";"";"";"";"";"";"";"";"";""
03.01.2023 02:50:54;1672710654000;880f01e687e2572cea04e80fc6a68085;238384;OK;1827;0;0;0;0;0,0;2,31;0;0;833;703;"";224,884;33,73;431,873;62,96;20,934;0,92;1,591;0,23;13,152;1,87;0,893;10,0;0,9929999;10,0;1,17;10,0;323,215;41,61;100,917;19,78;6,734;10,66;0,264;10,0;0,264;10,0;0,199;10,0;1,769;23,793;0,53;31,07;3,36;6,71;0,64;5,854;1,38;967,674;1,0;"";"";17,684;2,65;85,615;15,95;"";"";34,159;11,34;54,6;"";"";"";"";"";"";"";"";"";"";"";"";"";"";"";"";"";"";"";"";"";"";"";"";"";"";"";"";"";"";"";"";"";"";"";"";"";"";"";"";"";"";"";"";"";"";"";"";"";"";"";"";"";"";"";"";"";"";"";"";"";"";"";"";""
03.01.2023 02:52:55;1672710775000;880f01e687e2572cea04e80fc6a68085;238505;OK;1806;0;0;0;0;0,0;1,23;0;0;833;704;"";222,828;33,42;429,166;62,87;20,934;0,92;1,59;0,23;13,165;1,87;0,737;10,0;0,861;10,0;1,957;10,0;320,425;41,28;101,06;19,9;6,556;10,65;1,586;10,04;1,586;10,04;0,339;10,0;5,652;23,793;0,53;31,074;3,36;6,711;0,64;5,856;1,38;967,686;1,0;"";"";17,717;2,65;85,437;15,94;"";"";33,453;11,6;55,4;"";"";"";"";"";"";"";"";"";"";"";"";"";"";"";"";"";"";"";"";"";"";"";"";"";"";"";"";"";"";"";"";"";"";"";"";"";"";"";"";"";"";"";"";"";"";"";"";"";"";"";"";"";"";"";"";"";"";"";"";"";"";"";"";""
03.01.2023 02:54:55;1672710895000;880f01e687e2572cea04e80fc6a68085;238625;OK;1819;0;0;0;0;0,0;-2,88;0;0;833;704;"";223,596;33,54;430,233;62,91;20,933;0,92;1,59;0,23;13,214;1,87;0,793;10,0;0,843;10,0;0,976;10,0;286,789;38,02;85,247;18,29;2,722;10,17;0,169;10,0;0,169;10,0;0,036;10,0;1,621;23,794;0,53;31,071;3,36;6,711;0,64;5,855;1,38;967,719;1,0;"";"";17,784;2,65;85,512;15,94;"";"";30,839;12,55;56,2;"";"";"";"";"";"";"";"";"";"";"";"";"";"";"";"";"";"";"";"";"";"";"";"";"";"";"";"";"";"";"";"";"";"";"";"";"";"";"";"";"";"";"";"";"";"";"";"";"";"";"";"";"";"";"";"";"";"";"";"";"";"";"";"";""
03.01.2023 02:56:56;1672711016000;880f01e687e2572cea04e80fc6a68085;238746;OK;1822;0;0;0;0;0,02;3,05;0;0;834;704;"";225,997;33,9;431,977;62,96;20,933;0,92;1,588;0,23;13,201;1,87;0,954;10,0;0,99;10,0;1,226;10,0;273,807;36,76;85,159;18,38;1,797;10,17;0,486;10,0;0,486;10,0;0,472;10,0;2,086;23,795;0,53;31,106;3,36;6,719;0,64;5,873;1,38;967,756;1,0;"";"";17,644;2,65;85,439;15,94;"";"";31,516;12,15;56,2;"";"";"";"";"";"";"";"";"";"";"";"";"";"";"";"";"";"";"";"";"";"";"";"";"";"";"";"";"";"";"";"";"";"";"";"";"";"";"";"";"";"";"";"";"";"";"";"";"";"";"";"";"";"";"";"";"";"";"";"";"";"";"";"";""
03.01.2023 02:58:56;1672711136000;880f01e687e2572cea04e80fc6a68085;238867;OK;1818;0;0;0;0;0,02;0,58;0;0;833;705;"";226,875;34,03;429,197;62,88;20,934;0,92;1,588;0,23;13,208;1,87;0,645;10,0;1,108;10,0;1,623;10,0;310,894;40,37;97,095;19,48;7,198;10,69;0,721;10,0;0,721;10,0;0,09700001;10,0;3,418;23,793;0,53;31,098;3,36;6,716;0,64;5,867;1,38;967,775;1,0;"";"";17,671;2,65;85,415;15,94;"";"";32,908;11,73;53,9;"";"";"";"";"";"";"";"";"";"";"";"";"";"";"";"";"";"";"";"";"";"";"";"";"";"";"";"";"";"";"";"";"";"";"";"";"";"";"";"";"";"";"";"";"";"";"";"";"";"";"";"";"";"";"";"";"";"";"";"";"";"";"";"";""
03.01.2023 03:00:57;1672711257000;880f01e687e2572cea04e80fc6a68085;238987;OK;1815;0;0;0;0;0,05;-5,7;0;0;835;706;"";224,57;33,69;428,43;62,85;20,939;0,92;1,587;0,23;13,195;1,87;0,788;10,0;0,8809999;10,0;1,532;10,0;273,58;36,73;83,17901;18,14;5,352;10,59;1,631;10,15;1,631;10,15;0,01;10,0;3,879;23,795;0,53;31,165;3,36;6,731;0,64;5,899;1,37;967,805;1,0;"";"";17,624;2,66;85,22799;15,93;"";"";32,759;11,84;54,2;"";"";"";"";"";"";"";"";"";"";"";"";"";"";"";"";"";"";"";"";"";"";"";"";"";"";"";"";"";"";"";"";"";"";"";"";"";"";"";"";"";"";"";"";"";"";"";"";"";"";"";"";"";"";"";"";"";"";"";"";"";"";"";"";""
03.01.2023 03:02:57;1672711377000;880f01e687e2572cea04e80fc6a68085;239107;OK;1819;0;0;0;0;0,06;-6,4;0;0;835;706;"";223,378;33,51;430,304;62,91;20,94;0,92;1,586;0,23;13,196;1,87;0,816;10,0;0,892;10,0;1,048;10,0;262,615;35,61;79,706;17,8;4,379;10,35;0,208;10,02;0,208;10,02;0,001;10,0;1,823;23,795;0,53;31,188;3,36;6,736;0,64;5,91;1,37;967,8109;1,0;"";"";17,629;2,66;85,297;15,93;"";"";32,745;11,89;57,0;"";"";"";"";"";"";"";"";"";"";"";"";"";"";"";"";"";"";"";"";"";"";"";"";"";"";"";"";"";"";"";"";"";"";"";"";"";"";"";"";"";"";"";"";"";"";"";"";"";"";"";"";"";"";"";"";"";"";"";"";"";"";"";"";""
03.01.2023 03:04:57;1672711497000;880f01e687e2572cea04e80fc6a68085;239228;OK;1801;0;0;0;0;0,05;-1,14;0;0;835;706;"";221,415;33,21;428,049;62,84;20,932;0,92;1,586;0,23;13,315;1,88;0,638;10,0;0,658;10,0;1,358;10,0;240,539;33,43;73,719;17,19;4,555;10,42;1,321;10,0;1,321;10,0;0,0;10,0;4,752;23,793;0,53;31,191;3,36;6,736;0,64;5,91;1,37;967,818;1,0;"";"";17,54;2,66;85,509;15,94;"";"";32,35;11,97;55,3;"";"";"";"";"";"";"";"";"";"";"";"";"";"";"";"";"";"";"";"";"";"";"";"";"";"";"";"";"";"";"";"";"";"";"";"";"";"";"";"";"";"";"";"";"";"";"";"";"";"";"";"";"";"";"";"";"";"";"";"";"";"";"";"";""
03.01.2023 03:06:57;1672711617000;880f01e687e2572cea04e80fc6a68085;239347;OK;1818;0;0;0;0;0,01;-2,73;0;0;835;707;"";225,156;33,77;428,802;62,86;20,931;0,92;1,585;0,22;13,344;1,88;0,336;10,0;0,399;10,0;0,901;10,0;226,741;32,17;70,473;16,88;4,526;10,46;0,537;10,0;0,537;10,0;0,396;10,0;4,002;23,793;0,53;31,191;3,36;6,736;0,64;5,911;1,37;967,825;1,0;"";"";17,533;2,66;85,471;15,94;"";"";31,708;11,98;54,0;"";"";"";"";"";"";"";"";"";"";"";"";"";"";"";"";"";"";"";"";"";"";"";"";"";"";"";"";"";"";"";"";"";"";"";"";"";"";"";"";"";"";"";"";"";"";"";"";"";"";"";"";"";"";"";"";"";"";"";"";"";"";"";"";""
03.01.2023 03:08:57;1672711737000;880f01e687e2572cea04e80fc6a68085;239468;OK;1814;0;0;0;0;-0,0;-3,8;0;0;835;707;"";222,84;33,43;428,669;62,86;20,934;0,92;1,584;0,22;13,362;1,88;0,757;10,0;0,863;10,0;1,072;10,0;274,336;36,8;84,421;18,24;6,487;10,65;0,525;10,0;0,525;10,0;0,042;10,0;2,096;23,793;0,53;31,191;3,36;6,736;0,64;5,91;1,37;967,836;1,0;"";"";17,563;2,66;85,467;15,94;"";"";31,638;11,88;54,1;"";"";"";"";"";"";"";"";"";"";"";"";"";"";"";"";"";"";"";"";"";"";"";"";"";"";"";"";"";"";"";"";"";"";"";"";"";"";"";"";"";"";"";"";"";"";"";"";"";"";"";"";"";"";"";"";"";"";"";"";"";"";"";"";""
03.01.2023 03:10:58;1672711858000;880f01e687e2572cea04e80fc6a68085;239588;OK;1818;0;0;0;0;-0,0;1,66;0;0;835;707;"";224,04;33,61;428,851;62,87;20,939;0,92;1,583;0,22;13,351;1,88;0,358;10,0;0,369;10,0;0,9440001;10,0;222,933;31,82;69,302;16,8;4,014;10,5;1,348;10,0;1,173;10,0;0,005;10,0;4,803;23,792;0,53;31,191;3,36;6,736;0,64;5,91;1,37;967,8579;1,0;"";"";17,391;2,67;85,294;15,93;"";"";32,456;11,74;52,6;"";"";"";"";"";"";"";"";"";"";"";"";"";"";"";"";"";"";"";"";"";"";"";"";"";"";"";"";"";"";"";"";"";"";"";"";"";"";"";"";"";"";"";"";"";"";"";"";"";"";"";"";"";"";"";"";"";"";"";"";"";"";"";"";""
03.01.2023 03:12:58;1672711978000;880f01e687e2572cea04e80fc6a68085;239708;OK;1826;0;0;0;0;-0,0;1,49;0;0;835;707;"";224,506;33,68;430,698;62,92;20,94;0,92;1,582;0,22;13,318;1,88;0,555;10,0;0,61;10,0;1,628;10,0;249,957;34,4;76,86;17,52;7,203;10,61;1,455;10,0;1,436;10,0;0,485;10,0;6,474;23,793;0,53;31,191;3,36;6,736;0,64;5,91;1,37;967,88;1,0;"";"";17,378;2,67;85,059;15,92;"";"";32,298;11,86;53,6;"";"";"";"";"";"";"";"";"";"";"";"";"";"";"";"";"";"";"";"";"";"";"";"";"";"";"";"";"";"";"";"";"";"";"";"";"";"";"";"";"";"";"";"";"";"";"";"";"";"";"";"";"";"";"";"";"";"";"";"";"";"";"";"";""
03.01.2023 03:14:58;1672712098000;880f01e687e2572cea04e80fc6a68085;239829;OK;1818;0;0;0;0;0,01;0,52;0;0;836;708;"";224,141;33,62;428,862;62,87;20,936;0,92;1,582;0,22;13,287;1,88;0,687;10,0;0,759;10,0;0,879;10,0;255,728;34,94;77,247;17,49;2,687;10,2;0,542;10,0;0,153;10,0;0,052;10,0;1,769;23,793;0,53;31,22;3,36;6,742;0,64;5,923;1,37;967,886;1,0;"";"";17,417;2,67;84,851;15,91;"";"";32,796;11,75;57,4;"";"";"";"";"";"";"";"";"";"";"";"";"";"";"";"";"";"";"";"";"";"";"";"";"";"";"";"";"";"";"";"";"";"";"";"";"";"";"";"";"";"";"";"";"";"";"";"";"";"";"";"";"";"";"";"";"";"";"";"";"";"";"";"";""
03.01.2023 03:16:59;1672712219000;880f01e687e2572cea04e80fc6a68085;239949;OK;1814;0;0;0;0;0,06;-3,15;0;0;837;709;"";221,066;33,16;428,035;62,84;20,939;0,92;1,581;0,22;13,334;1,88;0,305;10,0;0,363;10,0;0,755;10,0;265,989;35,99;82,168;17,99;4,165;10,36;0,515;10,0;0,474;10,0;0,136;10,0;3,516;23,793;0,53;31,289;3,36;6,758;0,63;5,956;1,37;967,909;1,0;"";"";17,367;2,67;84,991;15,92;"";"";32,74;11,89;55,7;"";"";"";"";"";"";"";"";"";"";"";"";"";"";"";"";"";"";"";"";"";"";"";"";"";"";"";"";"";"";"";"";"";"";"";"";"";"";"";"";"";"";"";"";"";"";"";"";"";"";"";"";"";"";"";"";"";"";"";"";"";"";"";"";""
03.01.2023 03:19:00;1672712340000;880f01e687e2572cea04e80fc6a68085;240070;OK;1823;0;0;0;0;0,08;-4,77;0;0;838;709;"";222,404;33,36;428,361;62,85;20,939;0,92;1,581;0,22;13,417;1,88;0,818;10,0;0,824;10,0;1,534;10,0;272,323;36,65;83,33;18,18;3,173;10,3;0,717;10,0;0,712;10,0;0,458;10,0;3,772;23,793;0,53;31,299;3,36;6,76;0,63;5,96;1,37;967,934;1,0;"";"";17,365;2,67;85,027;15,92;"";"";33,087;11,79;56,6;"";"";"";"";"";"";"";"";"";"";"";"";"";"";"";"";"";"";"";"";"";"";"";"";"";"";"";"";"";"";"";"";"";"";"";"";"";"";"";"";"";"";"";"";"";"";"";"";"";"";"";"";"";"";"";"";"";"";"";"";"";"";"";"";""
03.01.2023 03:21:01;1672712461000;880f01e687e2572cea04e80fc6a68085;240190;OK;1835;0;0;0;0;0,04;0,67;0;0;837;709;"";224,278;33,64;429,264;62,88;20,935;0,92;1,581;0,22;13,426;1,88;0,46;10,0;0,471;10,0;0,939;10,0;234,903;32,91;69,344;16,79;1,886;10,09;0,503;10,02;0,502;10,02;0,232;10,0;2,879;23,793;0,53;31,287;3,36;6,757;0,63;5,954;1,37;967,962;1,0;"";"";17,405;2,67;84,848;15,91;"";"";33,733;11,52;54,2;"";"";"";"";"";"";"";"";"";"";"";"";"";"";"";"";"";"";"";"";"";"";"";"";"";"";"";"";"";"";"";"";"";"";"";"";"";"";"";"";"";"";"";"";"";"";"";"";"";"";"";"";"";"";"";"";"";"";"";"";"";"";"";"";""
03.01.2023 03:23:00;1672712580000;880f01e687e2572cea04e80fc6a68085;240311;OK;1817;0;0;0;0;0,0;6,98;0;0;838;709;"";221,544;33,23;430,733;62,92;20,938;0,92;1,58;0,22;13,459;1,89;0,735;10,0;0,8679999;10,0;1,334;10,0;272,673;36,64;85,13;18,32;4,534;10,6;0,599;10,0;0,599;10,0;0,2;10,0;3,44;23,792;0,53;31,314;3,36;6,762;0,63;5,966;1,37;967,958;1,0;"";"";17,343;2,67;84,72;15,9;"";"";31,885;11,99;53,2;"";"";"";"";"";"";"";"";"";"";"";"";"";"";"";"";"";"";"";"";"";"";"";"";"";"";"";"";"";"";"";"";"";"";"";"";"";"";"";"";"";"";"";"";"";"";"";"";"";"";"";"";"";"";"";"";"";"";"";"";"";"";"";"";""
03.01.2023 03:25:02;1672712702000;880f01e687e2572cea04e80fc6a68085;240433;OK;1815;0;0;0;0;0,01;4,08;0;0;838;710;"";221,353;33,2;429,488;62,88;20,938;0,92;1,579;0,22;13,536;1,89;0,409;10,0;0,543;10,0;0,747;10,0;250,75;34,52;78,364;17,69;3,336;10,34;0,53;10,0;0,53;10,0;0,021;10,0;2,677;23,792;0,53;31,319;3,36;6,763;0,63;5,968;1,37;967,963;1,0;"";"";17,391;2,67;84,83001;15,91;"";"";33,277;11,41;54,3;"";"";"";"";"";"";"";"";"";"";"";"";"";"";"";"";"";"";"";"";"";"";"";"";"";"";"";"";"";"";"";"";"";"";"";"";"";"";"";"";"";"";"";"";"";"";"";"";"";"";"";"";"";"";"";"";"";"";"";"";"";"";"";"";""
03.01.2023 03:27:02;1672712822000;880f01e687e2572cea04e80fc6a68085;240552;OK;1811;0;0;0;0;0,02;5,23;0;0;838;710;"";223,178;33,48;430,695;62,92;20,938;0,92;1,579;0,22;13,544;1,89;0,152;10,0;0,242;10,0;1,054;10,0;226,461;32,12;66,304;16,5;3,259;10,27;1,417;10,11;1,417;10,11;0,002;10,0;5,218;23,791;0,53;31,319;3,36;6,763;0,63;5,968;1,37;967,986;1,0;"";"";17,303;2,67;84,696;15,9;"";"";33,054;11,48;54,4;"";"";"";"";"";"";"";"";"";"";"";"";"";"";"";"";"";"";"";"";"";"";"";"";"";"";"";"";"";"";"";"";"";"";"";"";"";"";"";"";"";"";"";"";"";"";"";"";"";"";"";"";"";"";"";"";"";"";"";"";"";"";"";"";""
03.01.2023 03:29:02;1672712942000;880f01e687e2572cea04e80fc6a68085;240673;OK;1829;0;0;0;0;0,0;1,89;0;0;838;710;"";222,14;33,32;430,698;62,92;20,938;0,92;1,579;0,22;13,568;1,89;0,191;10,0;0,395;10,0;0,808;10,0;234,301;32,83;67,328;16,52;4,869;10,62;0,61;10,01;0,61;10,01;0,0;10,0;3,715;23,791;0,53;31,32;3,36;6,763;0,63;5,968;1,37;968,009;1,0;"";"";17,296;2,67;84,61699;15,9;"";"";32,017;12,01;55,9;"";"";"";"";"";"";"";"";"";"";"";"";"";"";"";"";"";"";"";"";"";"";"";"";"";"";"";"";"";"";"";"";"";"";"";"";"";"";"";"";"";"";"";"";"";"";"";"";"";"";"";"";"";"";"";"";"";"";"";"";"";"";"";"";""
03.01.2023 03:31:03;1672713063000;880f01e687e2572cea04e80fc6a68085;240793;OK;1822;0;0;0;0;-0,0;-0,12;0;0;838;710;"";223,235;33,49;428,953;62,87;20,938;0,92;1,577;0,22;13,614;1,89;0,334;10,0;0,565;10,0;0,822;10,0;248,401;34,27;73,984;17,24;3,091;10,24;0,613;10,0;0,225;10,0;0,16;10,0;2,888;23,79;0,53;31,32;3,36;6,763;0,63;5,967;1,37;967,992;1,0;"";"";17,362;2,67;84,579;15,9;"";"";33,111;11,67;54,7;"";"";"";"";"";"";"";"";"";"";"";"";"";"";"";"";"";"";"";"";"";"";"";"";"";"";"";"";"";"";"";"";"";"";"";"";"";"";"";"";"";"";"";"";"";"";"";"";"";"";"";"";"";"";"";"";"";"";"";"";"";"";"";"";""
03.01.2023 03:33:04;1672713184000;880f01e687e2572cea04e80fc6a68085;240915;OK;1806;0;0;0;0;0,0;-5,2;0;0;838;710;"";223,982;33,6;429,495;62,88;20,938;0,92;1,577;0,22;13,628;1,89;0,513;10,0;0,625;10,0;0,879;10,0;243,913;33,78;75,058;17,29;6,183;10,52;0,594;10,0;0,313;10,0;0,017;10,0;3,04;23,791;0,53;31,32;3,36;6,763;0,63;5,968;1,37;967,982;1,0;"";"";17,293;2,67;84,304;15,88;"";"";30,818;12,47;53,4;"";"";"";"";"";"";"";"";"";"";"";"";"";"";"";"";"";"";"";"";"";"";"";"";"";"";"";"";"";"";"";"";"";"";"";"";"";"";"";"";"";"";"";"";"";"";"";"";"";"";"";"";"";"";"";"";"";"";"";"";"";"";"";"";""
03.01.2023 03:35:04;1672713304000;880f01e687e2572cea04e80fc6a68085;241034;OK;1819;0;0;0;0;0,0;-0,14;0;0;838;710;"";220,78;33,12;429,622;62,89;20,934;0,92;1,576;0,22;13,675;1,9;0,462;10,0;0,473;10,0;1,226;10,0;242,06;33,67;70,17601;16,79;1,967;10,19;1,083;10,1;1,053;10,1;0,002;10,0;4,806;23,79;0,53;31,32;3,36;6,763;0,63;5,967;1,37;967,982;1,0;"";"";17,282;2,67;84,083;15,87;"";"";31,778;12,45;57,2;"";"";"";"";"";"";"";"";"";"";"";"";"";"";"";"";"";"";"";"";"";"";"";"";"";"";"";"";"";"";"";"";"";"";"";"";"";"";"";"";"";"";"";"";"";"";"";"";"";"";"";"";"";"";"";"";"";"";"";"";"";"";"";"";""
03.01.2023 03:37:04;1672713424000;880f01e687e2572cea04e80fc6a68085;241154;OK;1833;0;0;0;0;0,0;2,76;0;0;838;710;"";223,473;33,52;429,921;62,9;20,937;0,92;1,576;0,22;13,699;1,9;0,399;10,0;0,605;10,0;0,685;10,0;240,882;33,48;70,96;16,95;2,985;10,2;0,496;10,01;0,112;10,01;0,0;10,0;1,713;23,791;0,53;31,32;3,36;6,763;0,63;5,968;1,37;967,968;1,0;"";"";17,173;2,68;84,00801;15,87;"";"";33,788;11,4;55,9;"";"";"";"";"";"";"";"";"";"";"";"";"";"";"";"";"";"";"";"";"";"";"";"";"";"";"";"";"";"";"";"";"";"";"";"";"";"";"";"";"";"";"";"";"";"";"";"";"";"";"";"";"";"";"";"";"";"";"";"";"";"";"";"";""
03.01.2023 03:39:04;1672713544000;880f01e687e2572cea04e80fc6a68085;241274;OK;1828;0;0;0;0;-0,0;5,1;0;0;838;710;"";222,195;33,33;430,361;62,91;20,935;0,92;1,576;0,22;13,668;1,9;0,261;10,0;0,404;10,0;1,173;10,0;213,38;30,8;63,376;16,16;4,526;10,49;1,213;10,0;1,113;10,0;0,644;10,0;5,437;23,79;0,53;31,32;3,36;6,763;0,63;5,967;1,37;967,972;1,0;"";"";17,065;2,68;83,8;15,85;"";"";33,046;11,66;53,3;"";"";"";"";"";"";"";"";"";"";"";"";"";"";"";"";"";"";"";"";"";"";"";"";"";"";"";"";"";"";"";"";"";"";"";"";"";"";"";"";"";"";"";"";"";"";"";"";"";"";"";"";"";"";"";"";"";"";"";"";"";"";"";"";""
03.01.2023 03:41:05;1672713665000;880f01e687e2572cea04e80fc6a68085;241395;OK;1829;0;0;0;0;-0,0;0,09;0;0;838;711;"";223,89;33,58;429,006;62,87;20,937;0,92;1,574;0,22;13,707;1,9;0,417;10,0;0,433;10,0;0,606;10,0;231,427;32,67;70,12001;16,86;1,966;10,07;0,229;10,0;0,219;10,0;0,069;10,0;1,992;23,791;0,53;31,32;3,36;6,763;0,63;5,968;1,37;967,9709;1,0;"";"";17,162;2,68;83,643;15,85;"";"";32,78;11,71;54,3;"";"";"";"";"";"";"";"";"";"";"";"";"";"";"";"";"";"";"";"";"";"";"";"";"";"";"";"";"";"";"";"";"";"";"";"";"";"";"";"";"";"";"";"";"";"";"";"";"";"";"";"";"";"";"";"";"";"";"";"";"";"";"";"";""
03.01.2023 03:43:05;1672713785000;880f01e687e2572cea04e80fc6a68085;241516;OK;1815;0;0;0;0;-0,0;-5,17;0;0;838;711;"";225,646;33,85;429,106;62,87;20,938;0,92;1,574;0,22;13,706;1,9;0,187;10,0;0,351;10,0;0,582;10,0;199,09;29,51;57,659;15,52;2,127;10,09;0,341;10,02;0,34;10,02;0,007;10,0;2,495;23,791;0,53;31,32;3,36;6,763;0,63;5,968;1,37;967,985;1,0;"";"";17,149;2,68;83,57;15,84;"";"";32,866;11,96;53,9;"";"";"";"";"";"";"";"";"";"";"";"";"";"";"";"";"";"";"";"";"";"";"";"";"";"";"";"";"";"";"";"";"";"";"";"";"";"";"";"";"";"";"";"";"";"";"";"";"";"";"";"";"";"";"";"";"";"";"";"";"";"";"";"";""
03.01.2023 03:45:06;1672713906000;880f01e687e2572cea04e80fc6a68085;241637;OK;1820;0;0;0;0;0,0;-2,33;0;0;838;711;"";223,89;33,58;430,167;62,91;20,938;0,92;1,574;0,22;13,637;1,9;0,252;10,0;0,329;10,0;0,352;10,0;209,977;30,55;63,363;16,1;1,492;10,16;0,035;10,0;0,035;10,0;0,001;10,0;1,244;23,79;0,53;31,32;3,36;6,763;0,63;5,967;1,37;967,97;1,0;"";"";17,109;2,68;83,316;15,83;"";"";32,137;11,99;53,8;"";"";"";"";"";"";"";"";"";"";"";"";"";"";"";"";"";"";"";"";"";"";"";"";"";"";"";"";"";"";"";"";"";"";"";"";"";"";"";"";"";"";"";"";"";"";"";"";"";"";"";"";"";"";"";"";"";"";"";"";"";"";"";"";""
03.01.2023 03:47:06;1672714026000;880f01e687e2572cea04e80fc6a68085;241756;OK;1835;0;0;0;0;-0,0;9,83;0;0;838;711;"";218,317;32,75;432,834;62,99;20,938;0,92;1,572;0,22;13,728;1,9;0,142;10,0;0,345;10,0;0,844;10,0;238,404;33,22;73,899;17,18;3,051;10,45;0,462;10,0;0,462;10,0;0,459;10,0;4,039;23,79;0,53;31,32;3,36;6,763;0,63;5,967;1,37;967,9709;1,0;"";"";17,024;2,69;83,08101;15,82;"";"";33,655;11,47;54,0;"";"";"";"";"";"";"";"";"";"";"";"";"";"";"";"";"";"";"";"";"";"";"";"";"";"";"";"";"";"";"";"";"";"";"";"";"";"";"";"";"";"";"";"";"";"";"";"";"";"";"";"";"";"";"";"";"";"";"";"";"";"";"";"";""
03.01.2023 03:49:08;1672714148000;880f01e687e2572cea04e80fc6a68085;241878;OK;1819;0;0;0;0;-0,0;8,55;0;0;838;711;"";220,38;33,06;431,301;62,94;20,938;0,92;1,571;0,22;13,766;1,9;0,123;10,0;0,161;10,0;0,213;10,0;212,338;30,81;64,16;16,24;2,922;10,39;0,048;10,0;0,048;10,0;0,047;10,0;1,326;23,789;0,53;31,32;3,36;6,763;0,63;5,967;1,37;967,993;1,0;"";"";17,125;2,68;82,94001;15,81;"";"";32,538;11,6;57,4;"";"";"";"";"";"";"";"";"";"";"";"";"";"";"";"";"";"";"";"";"";"";"";"";"";"";"";"";"";"";"";"";"";"";"";"";"";"";"";"";"";"";"";"";"";"";"";"";"";"";"";"";"";"";"";"";"";"";"";"";"";"";"";"";""
03.01.2023 03:51:06;1672714266000;880f01e687e2572cea04e80fc6a68085;241997;OK;1832;0;0;0;0;-0,0;-8,86;0;0;838;711;"";222,115;33,32;427,771;62,83;20,938;0,92;1,571;0,22;13,818;1,9;0,349;10,0;0,436;10,0;0,857;10,0;243,932;33,87;71,727;16,98;3,343;10,22;0,71;10,0;0,71;10,0;0,005;10,0;3,802;23,789;0,53;31,32;3,36;6,762;0,63;5,966;1,37;968,007;1,0;"";"";17,073;2,68;83,006;15,81;"";"";32,345;11,64;54,8;"";"";"";"";"";"";"";"";"";"";"";"";"";"";"";"";"";"";"";"";"";"";"";"";"";"";"";"";"";"";"";"";"";"";"";"";"";"";"";"";"";"";"";"";"";"";"";"";"";"";"";"";"";"";"";"";"";"";"";"";"";"";"";"";""
03.01.2023 03:53:09;1672714389000;880f01e687e2572cea04e80fc6a68085;242119;OK;1818;0;0;0;0;-0,0;-7,23;0;0;838;712;"";221,928;33,29;430,939;62,93;20,937;0,92;1,57;0,22;13,765;1,9;0,759;10,0;0,787;10,0;1,276;10,0;271,781;36,51;83,47;18,12;2,981;10,25;0,615;10,01;0,615;10,01;0,001;10,0;3,695;23,789;0,53;31,32;3,36;6,762;0,63;5,966;1,37;968,0289;1,0;"";"";17,066;2,68;83,234;15,83;"";"";31,619;12,1;52,5;"";"";"";"";"";"";"";"";"";"";"";"";"";"";"";"";"";"";"";"";"";"";"";"";"";"";"";"";"";"";"";"";"";"";"";"";"";"";"";"";"";"";"";"";"";"";"";"";"";"";"";"";"";"";"";"";"";"";"";"";"";"";"";"";""
03.01.2023 03:55:09;1672714509000;880f01e687e2572cea04e80fc6a68085;242240;OK;1819;0;0;0;0;-0,0;2,05;0;0;838;712;"";223,363;33,5;431,14;62,93;20,937;0,92;1,569;0,22;13,776;1,9;0,361;10,0;0,442;10,0;0,494;10,0;208,302;30,25;63,899;16,22;3,103;10,27;0,06599999;10,0;0,06599999;10,0;0,0;10,0;1,405;23,788;0,53;31,32;3,36;6,762;0,63;5,966;1,37;968,053;1,0;"";"";17,066;2,68;83,102;15,82;"";"";32,657;11,79;57,5;"";"";"";"";"";"";"";"";"";"";"";"";"";"";"";"";"";"";"";"";"";"";"";"";"";"";"";"";"";"";"";"";"";"";"";"";"";"";"";"";"";"";"";"";"";"";"";"";"";"";"";"";"";"";"";"";"";"";"";"";"";"";"";"";""
03.01.2023 03:57:09;1672714629000;880f01e687e2572cea04e80fc6a68085;242360;OK;1826;0;0;0;0;-0,0;3,59;0;0;838;712;"";223,641;33,55;429,885;62,9;20,936;0,92;1,569;0,22;13,778;1,9;0,14;10,0;0,368;10,0;0,374;10,0;200,402;29,59;63,108;16,13;2,338;10,27;0,007;10,0;0,007;10,0;0,0;10,0;1,372;23,788;0,53;31,32;3,36;6,762;0,63;5,965;1,37;968,085;1,0;"";"";17,03;2,69;82,949;15,81;"";"";32,43;11,81;54,6;"";"";"";"";"";"";"";"";"";"";"";"";"";"";"";"";"";"";"";"";"";"";"";"";"";"";"";"";"";"";"";"";"";"";"";"";"";"";"";"";"";"";"";"";"";"";"";"";"";"";"";"";"";"";"";"";"";"";"";"";"";"";"";"";""
03.01.2023 03:59:09;1672714749000;880f01e687e2572cea04e80fc6a68085;242480;OK;1824;0;0;0;0;-0,0;-8,88;0;0;838;712;"";221,964;33,29;428,235;62,85;20,936;0,92;1,568;0,22;13,746;1,9;0,314;10,0;0,339;10,0;0,339;10,0;238,118;33,18;71,291;16,96;0,929;10,11;0,001;10,0;0,001;10,0;0,0;10,0;1,04;23,788;0,53;31,32;3,36;6,762;0,63;5,965;1,37;968,1069;1,0;"";"";16,991;2,69;82,882;15,81;"";"";32,451;11,75;54,3;"";"";"";"";"";"";"";"";"";"";"";"";"";"";"";"";"";"";"";"";"";"";"";"";"";"";"";"";"";"";"";"";"";"";"";"";"";"";"";"";"";"";"";"";"";"";"";"";"";"";"";"";"";"";"";"";"";"";"";"";"";"";"";"";""
03.01.2023 04:01:11;1672714871000;880f01e687e2572cea04e80fc6a68085;242602;OK;1809;0;0;0;0;-0,0;-5,52;0;0;838;712;"";221,485;33,22;429,316;62,88;20,936;0,92;1,568;0,22;13,785;1,9;0,212;10,0;0,301;10,0;0,562;10,0;212,637;30,75;65,729;16,37;1,203;10,01;0,737;10,0;0,737;10,0;0,0;10,0;3,485;23,788;0,53;31,32;3,36;6,762;0,63;5,965;1,37;968,1049;1,0;"";"";16,982;2,69;82,836;15,81;"";"";32,312;11,82;52,7;"";"";"";"";"";"";"";"";"";"";"";"";"";"";"";"";"";"";"";"";"";"";"";"";"";"";"";"";"";"";"";"";"";"";"";"";"";"";"";"";"";"";"";"";"";"";"";"";"";"";"";"";"";"";"";"";"";"";"";"";"";"";"";"";""
03.01.2023 04:03:10;1672714990000;880f01e687e2572cea04e80fc6a68085;242720;OK;1833;0;0;0;0;-0,0;1,85;0;0;838;712;"";220,333;33,05;429,589;62,89;20,938;0,92;1,567;0,22;13,78;1,9;0,329;10,0;0,417;10,0;0,875;10,0;217,122;31,16;66,098;16,47;2,788;10,28;0,607;10,0;0,607;10,0;0,0;10,0;4,023;23,787;0,53;31,32;3,36;6,762;0,63;5,964;1,37;968,12;1,0;"";"";17,013;2,69;82,863;15,81;"";"";32,846;11,62;57,3;"";"";"";"";"";"";"";"";"";"";"";"";"";"";"";"";"";"";"";"";"";"";"";"";"";"";"";"";"";"";"";"";"";"";"";"";"";"";"";"";"";"";"";"";"";"";"";"";"";"";"";"";"";"";"";"";"";"";"";"";"";"";"";"";""
03.01.2023 04:05:11;1672715111000;880f01e687e2572cea04e80fc6a68085;242841;OK;1834;0;0;0;0;0,0;0,44;0;0;838;712;"";222,354;33,35;428,914;62,87;20,935;0,92;1,566;0,22;13,84;1,91;0,175;10,0;0,338;10,0;0,387;10,0;205,984;30,1;61,352;16,0;1,375;10,11;0,065;10,0;0,065;10,0;0,0;10,0;1,552;23,788;0,53;31,32;3,36;6,762;0,63;5,965;1,37;968,14;1,0;"";"";17,016;2,69;82,673;15,8;"";"";32,567;11,76;54,8;"";"";"";"";"";"";"";"";"";"";"";"";"";"";"";"";"";"";"";"";"";"";"";"";"";"";"";"";"";"";"";"";"";"";"";"";"";"";"";"";"";"";"";"";"";"";"";"";"";"";"";"";"";"";"";"";"";"";"";"";"";"";"";"";""
03.01.2023 04:07:11;1672715231000;880f01e687e2572cea04e80fc6a68085;242962;OK;1818;0;0;0;0;0,0;1,53;0;0;838;713;"";220,139;33,02;429,345;62,88;20,935;0,92;1,566;0,22;13,859;1,91;0,099;10,0;0,163;10,0;0,233;10,0;185,691;28,13;53,73;15,26;1,361;10,08;0,204;10,0;0,007;10,0;0,0;10,0;1,718;23,788;0,53;31,32;3,36;6,762;0,63;5,965;1,37;968,145;1,0;"";"";16,926;2,69;82,61001;15,79;"";"";33,104;11,73;54,5;"";"";"";"";"";"";"";"";"";"";"";"";"";"";"";"";"";"";"";"";"";"";"";"";"";"";"";"";"";"";"";"";"";"";"";"";"";"";"";"";"";"";"";"";"";"";"";"";"";"";"";"";"";"";"";"";"";"";"";"";"";"";"";"";""
03.01.2023 04:09:12;1672715352000;880f01e687e2572cea04e80fc6a68085;243082;OK;1824;0;0;0;0;0,0;3,91;0;0;838;713;"";220,544;33,08;429,944;62,9;20,935;0,92;1,565;0,22;13,855;1,91;0,011;10,0;0,024;10,0;0,115;10,0;199,532;29,46;59,546;15,85;0,732;10,04;0,107;10,0;0,001;10,0;0,0;10,0;1,835;23,787;0,53;31,32;3,36;6,762;0,63;5,965;1,37;968,111;1,0;"";"";16,875;2,69;82,495;15,79;"";"";32,031;12,02;53,2;"";"";"";"";"";"";"";"";"";"";"";"";"";"";"";"";"";"";"";"";"";"";"";"";"";"";"";"";"";"";"";"";"";"";"";"";"";"";"";"";"";"";"";"";"";"";"";"";"";"";"";"";"";"";"";"";"";"";"";"";"";"";"";"";""
03.01.2023 04:11:13;1672715473000;880f01e687e2572cea04e80fc6a68085;243203;OK;1840;0;0;0;0;-0,0;4,48;0;0;838;713;"";219,263;32,89;429,52;62,89;20,936;0,92;1,564;0,22;13,802;1,9;0,128;10,0;0,297;10,0;1,033;10,0;218,338;31,36;66,452;16,48;3,653;10,35;0,858;10,06;0,847;10,06;0,362;10,0;4,154;23,787;0,53;31,32;3,36;6,762;0,63;5,964;1,37;968,072;1,0;"";"";16,883;2,69;82,28;15,78;"";"";32,813;11,78;52,7;"";"";"";"";"";"";"";"";"";"";"";"";"";"";"";"";"";"";"";"";"";"";"";"";"";"";"";"";"";"";"";"";"";"";"";"";"";"";"";"";"";"";"";"";"";"";"";"";"";"";"";"";"";"";"";"";"";"";"";"";"";"";"";"";""
03.01.2023 04:13:13;1672715593000;880f01e687e2572cea04e80fc6a68085;243323;OK;1819;0;0;0;0;-0,0;-0,08;0;0;838;713;"";216,564;32,48;430,062;62,9;20,937;0,92;1,565;0,22;13,847;1,91;0,056;10,0;0,103;10,0;0,41;10,0;186,242;28,24;57,645;15,6;1,029;10,06;0,466;10,01;0,09;10,01;0,039;10,0;3,436;23,788;0,53;31,32;3,36;6,762;0,63;5,965;1,37;968,032;1,0;"";"";16,947;2,69;82,39;15,78;"";"";32,296;12,11;53,9;"";"";"";"";"";"";"";"";"";"";"";"";"";"";"";"";"";"";"";"";"";"";"";"";"";"";"";"";"";"";"";"";"";"";"";"";"";"";"";"";"";"";"";"";"";"";"";"";"";"";"";"";"";"";"";"";"";"";"";"";"";"";"";"";""
03.01.2023 04:15:14;1672715714000;880f01e687e2572cea04e80fc6a68085;243444;OK;1834;0;0;0;0;-0,0;-3,44;0;0;838;713;"";218,189;32,73;428,599;62,86;20,938;0,92;1,564;0,22;13,846;1,91;0,006;10,0;0,011;10,0;0,044;10,0;191,35;28,68;56,728;15,56;1,111;10,1;0,05;10,0;0,01;10,0;0,004;10,0;1,26;23,787;0,53;31,32;3,36;6,762;0,63;5,964;1,37;968,009;1,0;"";"";16,938;2,69;82,238;15,77;"";"";32,845;11,72;54,2;"";"";"";"";"";"";"";"";"";"";"";"";"";"";"";"";"";"";"";"";"";"";"";"";"";"";"";"";"";"";"";"";"";"";"";"";"";"";"";"";"";"";"";"";"";"";"";"";"";"";"";"";"";"";"";"";"";"";"";"";"";"";"";"";""
03.01.2023 04:17:14;1672715834000;880f01e687e2572cea04e80fc6a68085;243565;OK;1820;0;0;0;0;-0,0;-1,95;0;0;838;713;"";220,307;33,05;429,687;62,89;20,937;0,92;1,563;0,22;13,797;1,9;0,083;10,0;0,089;10,0;0,935;10,0;186,274;28,2;56,006;15,52;3,599;10,26;1,051;10,16;1,047;10,16;0,556;10,0;4,769;23,784;0,53;31,32;3,36;6,761;0,63;5,962;1,37;968,021;1,0;"";"";16,845;2,69;81,926;15,76;"";"";34,341;11,29;54,2;"";"";"";"";"";"";"";"";"";"";"";"";"";"";"";"";"";"";"";"";"";"";"";"";"";"";"";"";"";"";"";"";"";"";"";"";"";"";"";"";"";"";"";"";"";"";"";"";"";"";"";"";"";"";"";"";"";"";"";"";"";"";"";"";""
03.01.2023 04:19:15;1672715955000;880f01e687e2572cea04e80fc6a68085;243685;OK;1811;0;0;0;0;-0,0;1,93;0;0;838;713;"";219,305;32,9;429,109;62,87;20,937;0,92;1,562;0,22;13,743;1,9;0,322;10,0;0,405;10,0;0,617;10,0;208,99;30,48;64,314;16,3;3,988;10,49;0,248;10,02;0,247;10,02;0,195;10,0;2,354;23,785;0,53;31,32;3,36;6,761;0,63;5,962;1,37;968,0349;1,0;"";"";16,747;2,7;81,59201;15,74;"";"";32,684;11,89;57,4;"";"";"";"";"";"";"";"";"";"";"";"";"";"";"";"";"";"";"";"";"";"";"";"";"";"";"";"";"";"";"";"";"";"";"";"";"";"";"";"";"";"";"";"";"";"";"";"";"";"";"";"";"";"";"";"";"";"";"";"";"";"";"";"";""
03.01.2023 04:21:14;1672716074000;880f01e687e2572cea04e80fc6a68085;243805;OK;1821;0;0;0;0;-0,0;-2,48;0;0;838;714;"";221,171;33,18;427,902;62,84;20,932;0,92;1,561;0,22;13,722;1,9;0,299;10,0;0,584;10,0;0,681;10,0;233,177;32,79;69,009;16,78;4,28;10,39;0,739;10,0;0,026;10,0;0,021;10,0;2,222;23,784;0,53;31,32;3,36;6,761;0,63;5,962;1,37;967,9999;1,0;"";"";16,706;2,7;81,57901;15,74;"";"";31,913;12,21;53,5;"";"";"";"";"";"";"";"";"";"";"";"";"";"";"";"";"";"";"";"";"";"";"";"";"";"";"";"";"";"";"";"";"";"";"";"";"";"";"";"";"";"";"";"";"";"";"";"";"";"";"";"";"";"";"";"";"";"";"";"";"";"";"";"";""
03.01.2023 04:23:15;1672716195000;880f01e687e2572cea04e80fc6a68085;243925;OK;1822;0;0;0;0;-0,0;1,92;0;0;838;714;"";219,611;32,94;430,583;62,92;20,936;0,92;1,561;0,22;13,752;1,9;0,108;10,0;0,359;10,0;0,495;10,0;198,698;29,42;61,535;16,06;3,599;10,32;0,342;10,0;0,266;10,0;0,002;10,0;2,596;23,783;0,53;31,32;3,36;6,76;0,63;5,961;1,37;967,976;1,0;"";"";16,764;2,7;81,436;15,73;"";"";32,761;11,92;55,6;"";"";"";"";"";"";"";"";"";"";"";"";"";"";"";"";"";"";"";"";"";"";"";"";"";"";"";"";"";"";"";"";"";"";"";"";"";"";"";"";"";"";"";"";"";"";"";"";"";"";"";"";"";"";"";"";"";"";"";"";"";"";"";"";""
03.01.2023 04:25:15;1672716315000;880f01e687e2572cea04e80fc6a68085;244046;OK;1818;0;0;0;0;-0,0;6,43;0;0;838;714;"";217,488;32,62;430,857;62,93;20,938;0,92;1,561;0,22;13,743;1,9;0,08200001;10,0;0,149;10,0;0,283;10,0;178,905;27,48;52,902;15,21;2,766;10,26;0,451;10,0;0,443;10,0;0,0;10,0;2,305;23,783;0,53;31,32;3,36;6,76;0,63;5,961;1,37;967,9899;1,0;"";"";16,801;2,7;81,559;15,74;"";"";33,558;11,49;53,8;"";"";"";"";"";"";"";"";"";"";"";"";"";"";"";"";"";"";"";"";"";"";"";"";"";"";"";"";"";"";"";"";"";"";"";"";"";"";"";"";"";"";"";"";"";"";"";"";"";"";"";"";"";"";"";"";"";"";"";"";"";"";"";"";""
03.01.2023 04:27:16;1672716436000;880f01e687e2572cea04e80fc6a68085;244166;OK;1829;0;0;0;0;-0,0;3,55;0;0;838;714;"";218,508;32,78;428,936;62,87;20,937;0,92;1,56;0,22;13,739;1,9;0,009;10,0;0,087;10,0;0,102;10,0;166,962;26,3;49,92;14,89;1,146;10,03;0,048;10,0;0,047;10,0;0,0;10,0;1,246;23,783;0,53;31,32;3,36;6,76;0,63;5,961;1,37;968,003;1,0;"";"";16,848;2,69;81,554;15,74;"";"";33,003;11,71;53,4;"";"";"";"";"";"";"";"";"";"";"";"";"";"";"";"";"";"";"";"";"";"";"";"";"";"";"";"";"";"";"";"";"";"";"";"";"";"";"";"";"";"";"";"";"";"";"";"";"";"";"";"";"";"";"";"";"";"";"";"";"";"";"";"";""
03.01.2023 04:29:16;1672716556000;880f01e687e2572cea04e80fc6a68085;244286;OK;1817;0;0;0;0;0,0;-7,99;0;0;838;714;"";219,57;32,94;428,201;62,85;20,938;0,92;1,559;0,22;13,706;1,9;0,001;10,0;0,009;10,0;0,011;10,0;166,59;26,32;47,959;14,7;2,036;10,17;0,005;10,0;0,005;10,0;0,0;10,0;1,026;23,783;0,53;31,32;3,36;6,76;0,63;5,961;1,37;967,9979;1,0;"";"";16,719;2,7;81,302;15,72;"";"";33,14;11,51;57,1;"";"";"";"";"";"";"";"";"";"";"";"";"";"";"";"";"";"";"";"";"";"";"";"";"";"";"";"";"";"";"";"";"";"";"";"";"";"";"";"";"";"";"";"";"";"";"";"";"";"";"";"";"";"";"";"";"";"";"";"";"";"";"";"";""
03.01.2023 04:31:17;1672716677000;880f01e687e2572cea04e80fc6a68085;244407;OK;1847;0;0;0;0;-0,0;-2,35;0;0;838;714;"";217,182;32,58;430,199;62,91;20,938;0,92;1,559;0,22;13,841;1,91;0,0;10,0;0,001;10,0;0,08200001;10,0;158,846;25,52;46,157;14,52;1,857;10,14;0,184;10,0;0,184;10,0;0,0;10,0;1,727;23,78;0,53;31,32;3,36;6,759;0,63;5,959;1,37;968,0059;1,0;"";"";16,692;2,7;81,266;15,72;"";"";32,896;11,49;53,4;"";"";"";"";"";"";"";"";"";"";"";"";"";"";"";"";"";"";"";"";"";"";"";"";"";"";"";"";"";"";"";"";"";"";"";"";"";"";"";"";"";"";"";"";"";"";"";"";"";"";"";"";"";"";"";"";"";"";"";"";"";"";"";"";""
03.01.2023 04:33:18;1672716798000;880f01e687e2572cea04e80fc6a68085;244528;OK;1807;0;0;0;0;-0,0;5,61;0;0;838;714;"";218,057;32,71;430,191;62,91;20,937;0,92;1,558;0,22;13,852;1,91;0,0;10,0;0,0;10,0;0,215;10,0;150,882;24,74;46,733;14,59;1,948;10,14;0,344;10,01;0,344;10,01;0,0;10,0;2,281;23,781;0,53;31,32;3,36;6,76;0,63;5,96;1,37;968,025;1,0;"";"";16,625;2,71;81,229;15,72;"";"";32,5;11,97;56,4;"";"";"";"";"";"";"";"";"";"";"";"";"";"";"";"";"";"";"";"";"";"";"";"";"";"";"";"";"";"";"";"";"";"";"";"";"";"";"";"";"";"";"";"";"";"";"";"";"";"";"";"";"";"";"";"";"";"";"";"";"";"";"";"";""
03.01.2023 04:35:18;1672716918000;880f01e687e2572cea04e80fc6a68085;244649;OK;1811;0;0;0;0;-0,0;1,04;0;0;838;715;"";221,052;33,16;427,968;62,84;20,937;0,92;1,558;0,22;13,74;1,9;0,0;10,0;0,095;10,0;0,22;10,0;160,325;25,64;49,488;14,81;2,37;10,18;0,18;10,0;0,18;10,0;0,0;10,0;1,933;23,778;0,53;31,32;3,36;6,758;0,63;5,957;1,37;968,044;1,0;"";"";16,681;2,7;81,273;15,72;"";"";32,886;11,73;55,5;"";"";"";"";"";"";"";"";"";"";"";"";"";"";"";"";"";"";"";"";"";"";"";"";"";"";"";"";"";"";"";"";"";"";"";"";"";"";"";"";"";"";"";"";"";"";"";"";"";"";"";"";"";"";"";"";"";"";"";"";"";"";"";"";""
03.01.2023 04:37:18;1672717038000;880f01e687e2572cea04e80fc6a68085;244769;OK;1830;0;0;0;0;-0,0;-5,03;0;0;838;715;"";220,414;33,06;428,041;62,84;20,936;0,92;1,557;0,22;13,668;1,9;0,0;10,0;0,01;10,0;0,286;10,0;156,31;25,24;46,684;14,55;1,223;10,05;0,789;10,0;0,789;10,0;0,0;10,0;3,461;23,78;0,53;31,32;3,36;6,759;0,63;5,958;1,37;968,059;1,0;"";"";16,661;2,7;81,19;15,72;"";"";31,553;12,36;53,3;"";"";"";"";"";"";"";"";"";"";"";"";"";"";"";"";"";"";"";"";"";"";"";"";"";"";"";"";"";"";"";"";"";"";"";"";"";"";"";"";"";"";"";"";"";"";"";"";"";"";"";"";"";"";"";"";"";"";"";"";"";"";"";"";""
03.01.2023 04:39:19;1672717159000;880f01e687e2572cea04e80fc6a68085;244889;OK;1835;0;0;0;0;-0,0;-5,51;0;0;838;715;"";219,002;32,85;427,666;62,83;20,936;0,92;1,556;0,22;13,643;1,9;0,062;10,0;0,063;10,0;0,152;10,0;162,076;25,86;49,133;14,81;1,993;10,16;0,131;10,0;0,131;10,0;0,0;10,0;1,795;23,781;0,53;31,32;3,36;6,76;0,63;5,959;1,37;968,075;1,0;"";"";16,68;2,7;81,30301;15,72;"";"";33,105;11,65;54,7;"";"";"";"";"";"";"";"";"";"";"";"";"";"";"";"";"";"";"";"";"";"";"";"";"";"";"";"";"";"";"";"";"";"";"";"";"";"";"";"";"";"";"";"";"";"";"";"";"";"";"";"";"";"";"";"";"";"";"";"";"";"";"";"";""
03.01.2023 04:41:20;1672717280000;880f01e687e2572cea04e80fc6a68085;245011;OK;1807;0;0;0;0;0,0;-1,43;0;0;838;715;"";217,295;32,59;427,8;62,83;20,936;0,92;1,556;0,22;13,712;1,9;0,006;10,0;0,012;10,0;0,021;10,0;144,269;24,18;45,013;14,5;2,522;10,17;0,013;10,0;0,013;10,0;0,0;10,0;1,09;23,78;0,53;31,32;3,36;6,759;0,63;5,959;1,37;968,0739;1,0;"";"";16,573;2,71;81,28;15,72;"";"";33,44;11,45;53,1;"";"";"";"";"";"";"";"";"";"";"";"";"";"";"";"";"";"";"";"";"";"";"";"";"";"";"";"";"";"";"";"";"";"";"";"";"";"";"";"";"";"";"";"";"";"";"";"";"";"";"";"";"";"";"";"";"";"";"";"";"";"";"";"";""
03.01.2023 04:43:19;1672717399000;880f01e687e2572cea04e80fc6a68085;245130;OK;1821;0;0;0;0;-0,0;-0,56;0;0;838;715;"";219,879;32,98;427,989;62,84;20,938;0,92;1,556;0,22;13,572;1,89;0,031;10,0;0,065;10,0;0,301;10,0;188,313;28,42;57,658;15,73;2,324;10,12;0,376;10,0;0,376;10,0;0,0;10,0;3,175;23,778;0,53;31,32;3,36;6,758;0,63;5,957;1,37;968,054;1,0;"";"";16,502;2,71;81,34;15,72;"";"";32,868;11,79;53,8;"";"";"";"";"";"";"";"";"";"";"";"";"";"";"";"";"";"";"";"";"";"";"";"";"";"";"";"";"";"";"";"";"";"";"";"";"";"";"";"";"";"";"";"";"";"";"";"";"";"";"";"";"";"";"";"";"";"";"";"";"";"";"";"";""
03.01.2023 04:45:20;1672717520000;880f01e687e2572cea04e80fc6a68085;245250;OK;1823;0;0;0;0;-0,0;4,58;0;0;838;715;"";219,364;32,9;429,479;62,88;20,936;0,92;1,557;0,22;13,589;1,89;0,007;10,0;0,018;10,0;0,044;10,0;152,154;24,95;43,531;14,31;0,803;10,01;0,04;10,0;0,04;10,0;0,0;10,0;1,244;23,778;0,53;31,32;3,36;6,758;0,63;5,957;1,37;968,033;1,0;"";"";16,509;2,71;81,179;15,72;"";"";31,937;11,94;54,3;"";"";"";"";"";"";"";"";"";"";"";"";"";"";"";"";"";"";"";"";"";"";"";"";"";"";"";"";"";"";"";"";"";"";"";"";"";"";"";"";"";"";"";"";"";"";"";"";"";"";"";"";"";"";"";"";"";"";"";"";"";"";"";"";""
03.01.2023 04:47:21;1672717641000;880f01e687e2572cea04e80fc6a68085;245372;OK;1810;0;0;0;0;-0,0;4,11;0;0;838;715;"";217,478;32,62;429,11;62,87;20,937;0,92;1,556;0,22;13,637;1,9;0,001;10,0;0,002;10,0;0,094;10,0;131,403;22,86;38,647;13,8;0,559;10,05;0,182;10,0;0,182;10,0;0,0;10,0;1,83;23,776;0,53;31,32;3,36;6,758;0,63;5,955;1,37;968,014;1,0;"";"";16,577;2,71;81,193;15,72;"";"";32,825;11,63;53,1;"";"";"";"";"";"";"";"";"";"";"";"";"";"";"";"";"";"";"";"";"";"";"";"";"";"";"";"";"";"";"";"";"";"";"";"";"";"";"";"";"";"";"";"";"";"";"";"";"";"";"";"";"";"";"";"";"";"";"";"";"";"";"";"";""
03.01.2023 04:49:21;1672717761000;880f01e687e2572cea04e80fc6a68085;245492;OK;1821;0;0;0;0;-0,0;-1,4;0;0;838;715;"";218,004;32,7;427,395;62,82;20,936;0,92;1,555;0,22;13,57;1,89;0,04;10,0;0,058;10,0;0,133;10,0;161,008;25,75;46,72;14,53;1,799;10,19;0,172;10,0;0,172;10,0;0,0;10,0;1,702;23,777;0,53;31,32;3,36;6,758;0,63;5,956;1,37;967,9879;1,0;"";"";16,44;2,71;81,0;15,71;"";"";32,221;11,74;54,9;"";"";"";"";"";"";"";"";"";"";"";"";"";"";"";"";"";"";"";"";"";"";"";"";"";"";"";"";"";"";"";"";"";"";"";"";"";"";"";"";"";"";"";"";"";"";"";"";"";"";"";"";"";"";"";"";"";"";"";"";"";"";"";"";""
03.01.2023 04:51:21;1672717881000;880f01e687e2572cea04e80fc6a68085;245612;OK;1819;0;0;0;0;-0,0;-5,16;0;0;838;715;"";217,975;32,7;427,815;62,83;20,937;0,92;1,554;0,22;13,637;1,9;0,038;10,0;0,113;10,0;0,121;10,0;191,111;28,63;58,95;15,78;4,07;10,39;0,018;10,0;0,018;10,0;0,0;10,0;1,185;23,775;0,53;31,32;3,36;6,758;0,63;5,955;1,37;967,9279;1,0;"";"";16,466;2,71;80,01201;15,65;"";"";32,014;11,84;54,4;"";"";"";"";"";"";"";"";"";"";"";"";"";"";"";"";"";"";"";"";"";"";"";"";"";"";"";"";"";"";"";"";"";"";"";"";"";"";"";"";"";"";"";"";"";"";"";"";"";"";"";"";"";"";"";"";"";"";"";"";"";"";"";"";""
03.01.2023 04:53:21;1672718001000;880f01e687e2572cea04e80fc6a68085;245732;OK;1803;0;0;0;0;-0,0;-4,32;0;0;838;715;"";219,778;32,97;427,504;62,83;20,932;0,92;1,554;0,22;13,546;1,89;0,041;10,0;0,055;10,0;0,155;10,0;150,858;24,75;44,394;14,44;2,287;10,19;0,716;10,05;0,329;10,0;0,0;10,0;1,921;23,773;0,53;31,32;3,36;6,757;0,63;5,953;1,37;967,8909;1,0;"";"";16,49;2,71;79,163;15,61;"";"";32,092;11,91;55,6;"";"";"";"";"";"";"";"";"";"";"";"";"";"";"";"";"";"";"";"";"";"";"";"";"";"";"";"";"";"";"";"";"";"";"";"";"";"";"";"";"";"";"";"";"";"";"";"";"";"";"";"";"";"";"";"";"";"";"";"";"";"";"";"";""
03.01.2023 04:55:22;1672718122000;880f01e687e2572cea04e80fc6a68085;245853;OK;1815;0;0;0;0;-0,0;3,01;0;0;838;715;"";217,936;32,69;429,414;62,88;20,933;0,92;1,554;0,22;13,522;1,89;0,004;10,0;0,006;10,0;0,079;10,0;115,626;21,29;33,893;13,32;1,094;10,05;0,21;10,01;0,169;10,0;0,0;10,0;1,66;23,775;0,53;31,32;3,36;6,757;0,63;5,955;1,37;967,88;1,0;"";"";16,466;2,71;79,222;15,61;"";"";32,958;11,65;54,9;"";"";"";"";"";"";"";"";"";"";"";"";"";"";"";"";"";"";"";"";"";"";"";"";"";"";"";"";"";"";"";"";"";"";"";"";"";"";"";"";"";"";"";"";"";"";"";"";"";"";"";"";"";"";"";"";"";"";"";"";"";"";"";"";""
03.01.2023 04:57:22;1672718242000;880f01e687e2572cea04e80fc6a68085;245973;OK;1820;0;0;0;0;-0,0;1,42;0;0;838;716;"";218,932;32,84;428,036;62,84;20,936;0,92;1,553;0,22;13,516;1,89;0,011;10,0;0,12;10,0;0,128;10,0;116,869;21,38;36,809;13,66;1,846;10,07;0,022;10,0;0,018;10,0;0,0;10,0;1,234;23,774;0,53;31,32;3,36;6,757;0,63;5,954;1,37;967,879;1,0;"";"";16,529;2,71;79,594;15,63;"";"";32,232;11,69;57,6;"";"";"";"";"";"";"";"";"";"";"";"";"";"";"";"";"";"";"";"";"";"";"";"";"";"";"";"";"";"";"";"";"";"";"";"";"";"";"";"";"";"";"";"";"";"";"";"";"";"";"";"";"";"";"";"";"";"";"";"";"";"";"";"";""
03.01.2023 04:59:23;1672718363000;880f01e687e2572cea04e80fc6a68085;246093;OK;1822;0;0;0;0;-0,0;3,28;0;0;838;716;"";218,903;32,84;428,965;62,87;20,939;0,92;1,552;0,22;13,465;1,89;0,027;10,0;0,038;10,0;0,099;10,0;162,634;25,9;48,548;14,74;0,727;10,07;0,138;10,0;0,137;10,0;0,0;10,0;1,561;23,77;0,53;31,321;3,36;6,756;0,63;5,95;1,37;967,875;1,0;"";"";16,433;2,71;79,847;15,64;"";"";32,38;12,2;53,7;"";"";"";"";"";"";"";"";"";"";"";"";"";"";"";"";"";"";"";"";"";"";"";"";"";"";"";"";"";"";"";"";"";"";"";"";"";"";"";"";"";"";"";"";"";"";"";"";"";"";"";"";"";"";"";"";"";"";"";"";"";"";"";"";""
03.01.2023 05:01:24;1672718484000;880f01e687e2572cea04e80fc6a68085;246214;OK;1829;0;0;0;0;-0,0;2,78;0;0;838;716;"";220,085;33,01;429,524;62,89;20,934;0,92;1,551;0,22;13,404;1,88;0,003;10,0;0,004;10,0;0,011;10,0;162,21;25,88;47,079;14,59;2,317;10,13;0,015;10,0;0,015;10,0;0,0;10,0;1,06;23,77;0,53;31,321;3,36;6,755;0,63;5,95;1,37;967,8709;1,0;"";"";16,429;2,71;79,96;15,65;"";"";33,181;11,41;54,5;"";"";"";"";"";"";"";"";"";"";"";"";"";"";"";"";"";"";"";"";"";"";"";"";"";"";"";"";"";"";"";"";"";"";"";"";"";"";"";"";"";"";"";"";"";"";"";"";"";"";"";"";"";"";"";"";"";"";"";"";"";"";"";"";""
03.01.2023 05:03:24;1672718604000;880f01e687e2572cea04e80fc6a68085;246334;OK;1821;0;0;0;0;-0,0;3,33;0;0;838;716;"";220,788;33,12;428,162;62,84;20,938;0,92;1,551;0,22;13,274;1,88;0,004;10,0;0,004;10,0;0,005;10,0;117,265;21,46;36,099;13,63;2,383;10,21;0,002;10,0;0,002;10,0;0,0;10,0;1,006;23,771;0,53;31,321;3,36;6,756;0,63;5,951;1,37;967,867;1,0;"";"";16,43;2,71;79,947;15,65;"";"";33,58;11,29;53,2;"";"";"";"";"";"";"";"";"";"";"";"";"";"";"";"";"";"";"";"";"";"";"";"";"";"";"";"";"";"";"";"";"";"";"";"";"";"";"";"";"";"";"";"";"";"";"";"";"";"";"";"";"";"";"";"";"";"";"";"";"";"";"";"";""
03.01.2023 05:05:24;1672718724000;880f01e687e2572cea04e80fc6a68085;246455;OK;1812;0;0;0;0;-0,0;-2,64;0;0;838;716;"";216,595;32,49;427,944;62,84;20,932;0,92;1,551;0,22;13,312;1,88;0,0;10,0;0,029;10,0;0,029;10,0;159,631;25,68;49,506;14,89;3,909;10,4;0,0;10,0;0,0;10,0;0,0;10,0;1,043;23,77;0,53;31,321;3,36;6,755;0,63;5,95;1,37;967,865;1,0;"";"";16,429;2,71;80,08201;15,66;"";"";32,874;11,74;54,9;"";"";"";"";"";"";"";"";"";"";"";"";"";"";"";"";"";"";"";"";"";"";"";"";"";"";"";"";"";"";"";"";"";"";"";"";"";"";"";"";"";"";"";"";"";"";"";"";"";"";"";"";"";"";"";"";"";"";"";"";"";"";"";"";""
03.01.2023 05:07:26;1672718846000;880f01e687e2572cea04e80fc6a68085;246576;OK;1808;0;0;0;0;-0,0;-5,58;0;0;838;716;"";217,583;32,64;427,908;62,84;20,936;0,92;1,551;0,22;13,389;1,88;0,0;10,0;0,003;10,0;0,003;10,0;141,138;23,82;43,867;14,26;2,591;10,2;0,0;10,0;0,0;10,0;0,0;10,0;1,004;23,769;0,53;31,321;3,36;6,755;0,63;5,949;1,37;967,911;1,0;"";"";16,514;2,71;80,255;15,66;"";"";31,487;12,19;54,0;"";"";"";"";"";"";"";"";"";"";"";"";"";"";"";"";"";"";"";"";"";"";"";"";"";"";"";"";"";"";"";"";"";"";"";"";"";"";"";"";"";"";"";"";"";"";"";"";"";"";"";"";"";"";"";"";"";"";"";"";"";"";"";"";""
03.01.2023 05:09:25;1672718965000;880f01e687e2572cea04e80fc6a68085;246696;OK;1809;0;0;0;0;-0,0;-1,4;0;0;838;716;"";216,688;32,5;427,943;62,84;20,937;0,92;1,551;0,22;13,461;1,89;0,0;10,0;0,0;10,0;0,0;10,0;132,912;22,95;37,426;13,69;1,092;10,02;0,0;10,0;0,0;10,0;0,0;10,0;1,0;23,77;0,53;31,321;3,36;6,756;0,63;5,951;1,37;967,98;1,0;"";"";16,414;2,72;80,351;15,67;"";"";31,457;11,99;54,0;"";"";"";"";"";"";"";"";"";"";"";"";"";"";"";"";"";"";"";"";"";"";"";"";"";"";"";"";"";"";"";"";"";"";"";"";"";"";"";"";"";"";"";"";"";"";"";"";"";"";"";"";"";"";"";"";"";"";"";"";"";"";"";"";""
03.01.2023 05:11:26;1672719086000;880f01e687e2572cea04e80fc6a68085;246817;OK;1829;0;0;0;0;-0,0;-4,98;0;0;838;716;"";217,348;32,6;425,905;62,78;20,937;0,92;1,551;0,22;13,438;1,88;0,0;10,0;0,0;10,0;0,0;10,0;135,144;23,2;40,863;14,01;0,747;10,0;0,0;10,0;0,0;10,0;0,0;10,0;1,0;23,771;0,53;31,321;3,36;6,756;0,63;5,951;1,37;968,022;1,0;"";"";16,372;2,72;80,406;15,67;"";"";32,027;11,97;53,1;"";"";"";"";"";"";"";"";"";"";"";"";"";"";"";"";"";"";"";"";"";"";"";"";"";"";"";"";"";"";"";"";"";"";"";"";"";"";"";"";"";"";"";"";"";"";"";"";"";"";"";"";"";"";"";"";"";"";"";"";"";"";"";"";""
03.01.2023 05:13:27;1672719207000;880f01e687e2572cea04e80fc6a68085;246937;OK;1829;0;0;0;0;-0,0;-1,51;0;0;838;717;"";216,705;32,51;427,908;62,84;20,937;0,92;1,55;0,22;13,421;1,88;0,0;10,0;0,0;10,0;0,106;10,0;167,609;26,35;48,698;14,81;2,152;10,2;0,574;10,0;0,574;10,0;0,0;10,0;1,951;23,768;0,53;31,321;3,36;6,755;0,63;5,949;1,37;968,0369;1,0;"";"";16,383;2,72;80,485;15,68;"";"";32,147;12,2;54,7;"";"";"";"";"";"";"";"";"";"";"";"";"";"";"";"";"";"";"";"";"";"";"";"";"";"";"";"";"";"";"";"";"";"";"";"";"";"";"";"";"";"";"";"";"";"";"";"";"";"";"";"";"";"";"";"";"";"";"";"";"";"";"";"";""
03.01.2023 05:15:28;1672719328000;880f01e687e2572cea04e80fc6a68085;247059;OK;1815;0;0;0;0;-0,0;7,88;0;0;838;717;"";216,306;32,45;429,951;62,9;20,936;0,92;1,549;0,22;13,425;1,88;0,0;10,0;0,0;10,0;0,011;10,0;148,572;24,48;41,749;14,12;0,804;10,02;0,05900001;10,0;0,05900001;10,0;0,0;10,0;1,098;23,769;0,53;31,321;3,36;6,755;0,63;5,949;1,37;968,0389;1,0;"";"";16,355;2,72;80,533;15,68;"";"";33,303;11,31;53,1;"";"";"";"";"";"";"";"";"";"";"";"";"";"";"";"";"";"";"";"";"";"";"";"";"";"";"";"";"";"";"";"";"";"";"";"";"";"";"";"";"";"";"";"";"";"";"";"";"";"";"";"";"";"";"";"";"";"";"";"";"";"";"";"";""
03.01.2023 05:17:27;1672719447000;880f01e687e2572cea04e80fc6a68085;247177;OK;1839;0;0;0;0;0,0;10,5;0;0;838;717;"";216,536;32,48;429,038;62,87;20,935;0,92;1,548;0,22;13,332;1,88;0,0;10,0;0,0;10,0;0,439;10,0;126,009;22,37;36,531;13,68;2,635;10,29;0,608;10,0;0,608;10,0;0,0;10,0;4,953;23,77;0,53;31,321;3,36;6,755;0,63;5,95;1,37;968,0369;1,0;"";"";16,281;2,72;80,596;15,68;"";"";32,703;11,65;53,8;"";"";"";"";"";"";"";"";"";"";"";"";"";"";"";"";"";"";"";"";"";"";"";"";"";"";"";"";"";"";"";"";"";"";"";"";"";"";"";"";"";"";"";"";"";"";"";"";"";"";"";"";"";"";"";"";"";"";"";"";"";"";"";"";""
03.01.2023 05:19:29;1672719569000;880f01e687e2572cea04e80fc6a68085;247299;OK;1820;0;0;0;0;0,0;4,07;0;0;838;717;"";216,201;32,43;429,341;62,88;20,937;0,92;1,549;0,22;13,273;1,88;0,0;10,0;0,0;10,0;0,281;10,0;159,3;25,58;47,029;14,58;2,317;10,16;0,897;10,0;0,063;10,0;0,0;10,0;3,531;23,771;0,53;31,321;3,36;6,756;0,63;5,951;1,37;968,016;1,0;"";"";16,333;2,72;80,569;15,68;"";"";33,232;11,45;53,5;"";"";"";"";"";"";"";"";"";"";"";"";"";"";"";"";"";"";"";"";"";"";"";"";"";"";"";"";"";"";"";"";"";"";"";"";"";"";"";"";"";"";"";"";"";"";"";"";"";"";"";"";"";"";"";"";"";"";"";"";"";"";"";"";""
03.01.2023 05:21:29;1672719689000;880f01e687e2572cea04e80fc6a68085;247419;OK;1820;0;0;0;0;-0,0;-2,31;0;0;838;717;"";217,625;32,64;428,908;62,87;20,937;0,92;1,548;0,22;13,248;1,87;0,0;10,0;0,0;10,0;0,106;10,0;111,83;20,91;32,986;13,24;1,068;10,05;0,359;10,0;0,27;10,0;0,263;10,0;1,952;23,768;0,53;31,321;3,36;6,755;0,63;5,949;1,37;967,9959;1,0;"";"";16,33;2,72;80,613;15,68;"";"";31,361;12,6;57,2;"";"";"";"";"";"";"";"";"";"";"";"";"";"";"";"";"";"";"";"";"";"";"";"";"";"";"";"";"";"";"";"";"";"";"";"";"";"";"";"";"";"";"";"";"";"";"";"";"";"";"";"";"";"";"";"";"";"";"";"";"";"";"";"";""
03.01.2023 05:23:29;1672719809000;880f01e687e2572cea04e80fc6a68085;247539;OK;1820;0;0;0;0;-0,0;0,99;0;0;838;717;"";219,858;32,98;429,531;62,89;20,936;0,92;1,548;0,22;13,246;1,87;0,0;10,0;0,011;10,0;0,023;10,0;134,839;23,21;42,118;14,15;0,686;10,0;0,038;10,0;0,029;10,0;0,028;10,0;1,119;23,768;0,53;31,321;3,36;6,755;0,63;5,949;1,37;967,9879;1,0;"";"";16,337;2,72;80,67;15,69;"";"";32,078;11,89;56,6;"";"";"";"";"";"";"";"";"";"";"";"";"";"";"";"";"";"";"";"";"";"";"";"";"";"";"";"";"";"";"";"";"";"";"";"";"";"";"";"";"";"";"";"";"";"";"";"";"";"";"";"";"";"";"";"";"";"";"";"";"";"";"";"";""
03.01.2023 05:25:30;1672719930000;880f01e687e2572cea04e80fc6a68085;247661;OK;1811;0;0;0;0;-0,0;-1,44;0;0;838;717;"";220,432;33,06;429,067;62,87;20,937;0,92;1,547;0,22;13,185;1,87;0,0;10,0;0,001;10,0;0,002;10,0;109,961;20,7;29,996;12,96;1,536;10,11;0,004;10,0;0,003;10,0;0,003;10,0;1,012;23,767;0,53;31,321;3,36;6,754;0,63;5,948;1,37;967,993;1,0;"";"";16,336;2,72;80,509;15,68;"";"";32,508;11,57;53,6;"";"";"";"";"";"";"";"";"";"";"";"";"";"";"";"";"";"";"";"";"";"";"";"";"";"";"";"";"";"";"";"";"";"";"";"";"";"";"";"";"";"";"";"";"";"";"";"";"";"";"";"";"";"";"";"";"";"";"";"";"";"";"";"";""
03.01.2023 05:27:29;1672720049000;880f01e687e2572cea04e80fc6a68085;247779;OK;1822;0;0;0;0;-0,0;-1,27;0;0;838;717;"";219,296;32,89;429,298;62,88;20,937;0,92;1,546;0,22;13,203;1,87;0,0;10,0;0,0;10,0;0,0;10,0;122,35;21,95;34,569;13,37;2,139;10,06;0,0;10,0;0,0;10,0;0,0;10,0;1,001;23,767;0,53;31,321;3,36;6,754;0,63;5,948;1,37;968,007;1,0;"";"";16,268;2,72;80,251;15,67;"";"";33,064;11,76;58,3;"";"";"";"";"";"";"";"";"";"";"";"";"";"";"";"";"";"";"";"";"";"";"";"";"";"";"";"";"";"";"";"";"";"";"";"";"";"";"";"";"";"";"";"";"";"";"";"";"";"";"";"";"";"";"";"";"";"";"";"";"";"";"";"";""
03.01.2023 05:29:30;1672720170000;880f01e687e2572cea04e80fc6a68085;247900;OK;1834;0;0;0;0;-0,0;-6,31;0;0;838;717;"";219,591;32,94;427,114;62,81;20,937;0,92;1,547;0,22;13,144;1,87;0,0;10,0;0,0;10,0;0,049;10,0;113,598;21,12;32,756;13,26;0,53;10,03;0,138;10,0;0,0;10,0;0,0;10,0;1,441;23,766;0,53;31,321;3,36;6,754;0,63;5,947;1,37;968,0099;1,0;"";"";16,291;2,72;80,02101;15,65;"";"";33,506;11,29;54,3;"";"";"";"";"";"";"";"";"";"";"";"";"";"";"";"";"";"";"";"";"";"";"";"";"";"";"";"";"";"";"";"";"";"";"";"";"";"";"";"";"";"";"";"";"";"";"";"";"";"";"";"";"";"";"";"";"";"";"";"";"";"";"";"";""
03.01.2023 05:31:32;1672720292000;880f01e687e2572cea04e80fc6a68085;248022;OK;1816;0;0;0;0;-0,0;0,5;0;0;838;717;"";217,089;32,56;429,08;62,87;20,937;0,92;1,546;0,22;13,109;1,87;0,0;10,0;0,0;10,0;0,005;10,0;138,083;23,48;39,533;13,89;0,671;10,08;0,014;10,0;0,0;10,0;0,0;10,0;1,045;23,765;0,53;31,321;3,36;6,754;0,63;5,946;1,37;968,0099;1,0;"";"";16,261;2,72;80,013;15,65;"";"";32,958;11,65;53,9;"";"";"";"";"";"";"";"";"";"";"";"";"";"";"";"";"";"";"";"";"";"";"";"";"";"";"";"";"";"";"";"";"";"";"";"";"";"";"";"";"";"";"";"";"";"";"";"";"";"";"";"";"";"";"";"";"";"";"";"";"";"";"";"";""
03.01.2023 05:33:31;1672720411000;880f01e687e2572cea04e80fc6a68085;248141;OK;1826;0;0;0;0;-0,0;3,55;0;0;838;718;"";216,342;32,45;429,118;62,87;20,937;0,92;1,545;0,22;13,067;1,86;0,0;10,0;0,0;10,0;0,111;10,0;151,682;24,77;46,385;14,55;0,864;10,12;0,15;10,0;0,148;10,0;0,148;10,0;2,0;23,766;0,53;31,321;3,36;6,754;0,63;5,947;1,37;968,021;1,0;"";"";16,29;2,72;79,997;15,65;"";"";33,928;11,01;53,7;"";"";"";"";"";"";"";"";"";"";"";"";"";"";"";"";"";"";"";"";"";"";"";"";"";"";"";"";"";"";"";"";"";"";"";"";"";"";"";"";"";"";"";"";"";"";"";"";"";"";"";"";"";"";"";"";"";"";"";"";"";"";"";"";""
03.01.2023 05:35:31;1672720531000;880f01e687e2572cea04e80fc6a68085;248261;OK;1820;0;0;0;0;-0,0;4,38;0;0;838;717;"";219,581;32,94;428,728;62,86;20,94;0,92;1,546;0,22;13,079;1,87;0,0;10,0;0,0;10,0;0,041;10,0;106,921;20,46;33,231;13,29;1,908;10,14;0,659;10,0;0,484;10,0;0,484;10,0;1,369;23,765;0,53;31,321;3,36;6,754;0,63;5,946;1,37;968,053;1,0;"";"";16,329;2,72;79,972;15,65;"";"";32,607;11,38;58,3;"";"";"";"";"";"";"";"";"";"";"";"";"";"";"";"";"";"";"";"";"";"";"";"";"";"";"";"";"";"";"";"";"";"";"";"";"";"";"";"";"";"";"";"";"";"";"";"";"";"";"";"";"";"";"";"";"";"";"";"";"";"";"";"";""
03.01.2023 05:37:31;1672720651000;880f01e687e2572cea04e80fc6a68085;248382;OK;1824;0;0;0;0;0,0;-0,72;0;0;838;717;"";219,892;32,98;429,077;62,87;20,94;0,92;1,546;0,22;13,099;1,87;0,0;10,0;0,0;10,0;0,062;10,0;139,31;23,57;42,783;14,19;1,102;10,01;0,117;10,0;0,09799999;10,0;0,09799999;10,0;1,555;23,766;0,53;31,321;3,36;6,754;0,63;5,947;1,37;968,06;1,0;"";"";16,218;2,73;80,073;15,66;"";"";32,462;11,37;53,1;"";"";"";"";"";"";"";"";"";"";"";"";"";"";"";"";"";"";"";"";"";"";"";"";"";"";"";"";"";"";"";"";"";"";"";"";"";"";"";"";"";"";"";"";"";"";"";"";"";"";"";"";"";"";"";"";"";"";"";"";"";"";"";"";""
03.01.2023 05:39:32;1672720772000;880f01e687e2572cea04e80fc6a68085;248502;OK;1809;0;0;0;0;0,0;-6,39;0;0;838;717;"";217,793;32,67;426,116;62,78;20,936;0,92;1,546;0,22;13,093;1,87;0,0;10,0;0,0;10,0;0,007;10,0;92,99;19,02;27,712;12,59;0,972;10,0;0,012;10,0;0,01;10,0;0,01;10,0;1,059;23,765;0,53;31,321;3,36;6,754;0,63;5,946;1,37;968,064;1,0;"";"";16,303;2,72;80,037;15,65;"";"";33,275;11,19;53,7;"";"";"";"";"";"";"";"";"";"";"";"";"";"";"";"";"";"";"";"";"";"";"";"";"";"";"";"";"";"";"";"";"";"";"";"";"";"";"";"";"";"";"";"";"";"";"";"";"";"";"";"";"";"";"";"";"";"";"";"";"";"";"";"";""
03.01.2023 05:41:33;1672720893000;880f01e687e2572cea04e80fc6a68085;248623;OK;1829;0;0;0;0;-0,0;-7,42;0;0;838;717;"";219,175;32,88;426,561;62,8;20,935;0,92;1,546;0,22;13,145;1,87;0,0;10,0;0,0;10,0;0,325;10,0;105,577;20,34;29,696;12,93;0,643;10,0;0,468;10,0;0,468;10,0;0,296;10,0;3,663;23,765;0,53;31,321;3,36;6,754;0,63;5,946;1,37;968,094;1,0;"";"";16,33;2,72;80,048;15,66;"";"";34,041;11,46;54,4;"";"";"";"";"";"";"";"";"";"";"";"";"";"";"";"";"";"";"";"";"";"";"";"";"";"";"";"";"";"";"";"";"";"";"";"";"";"";"";"";"";"";"";"";"";"";"";"";"";"";"";"";"";"";"";"";"";"";"";"";"";"";"";"";""
03.01.2023 05:43:33;1672721013000;880f01e687e2572cea04e80fc6a68085;248743;OK;1815;0;0;0;0;-0,0;-6,25;0;0;838;717;"";217,128;32,57;426,7;62,8;20,939;0,92;1,546;0,22;13,169;1,87;0,0;10,0;0,0;10,0;0,035;10,0;114,052;21,1;35,694;13,45;1,05;10,0;0,05;10,0;0,05;10,0;0,032;10,0;1,284;23,763;0,53;31,321;3,36;6,753;0,63;5,945;1,37;968,13;1,0;"";"";16,39;2,72;80,126;15,66;"";"";33,222;11,28;56,4;"";"";"";"";"";"";"";"";"";"";"";"";"";"";"";"";"";"";"";"";"";"";"";"";"";"";"";"";"";"";"";"";"";"";"";"";"";"";"";"";"";"";"";"";"";"";"";"";"";"";"";"";"";"";"";"";"";"";"";"";"";"";"";"";""
03.01.2023 05:45:34;1672721134000;880f01e687e2572cea04e80fc6a68085;248864;OK;1821;0;0;0;0;-0,0;3,62;0;0;838;718;"";217,994;32,7;428,024;62,84;20,938;0,92;1,546;0,22;13,176;1,87;0,0;10,0;0,0;10,0;0,171;10,0;105,058;20,25;31,464;13,09;2,994;10,33;0,507;10,0;0,005;10,0;0,003;10,0;2,535;23,763;0,53;31,321;3,36;6,753;0,63;5,945;1,37;968,1669;1,0;"";"";16,444;2,72;80,172;15,66;"";"";32,479;11,85;54,3;"";"";"";"";"";"";"";"";"";"";"";"";"";"";"";"";"";"";"";"";"";"";"";"";"";"";"";"";"";"";"";"";"";"";"";"";"";"";"";"";"";"";"";"";"";"";"";"";"";"";"";"";"";"";"";"";"";"";"";"";"";"";"";"";""
03.01.2023 05:47:34;1672721254000;880f01e687e2572cea04e80fc6a68085;248984;OK;1825;0;0;0;0;-0,0;5,45;0;0;838;717;"";219,67;32,95;428,106;62,84;20,938;0,92;1,546;0,22;13,151;1,87;0,0;10,0;0,0;10,0;0,054;10,0;118,721;21,6;33,88;13,32;0,984;10,07;0,224;10,0;0,17;10,0;0,0;10,0;1,483;23,764;0,53;31,321;3,36;6,753;0,63;5,945;1,37;968,18;1,0;"";"";16,433;2,72;80,22201;15,67;"";"";31,749;11,91;57,5;"";"";"";"";"";"";"";"";"";"";"";"";"";"";"";"";"";"";"";"";"";"";"";"";"";"";"";"";"";"";"";"";"";"";"";"";"";"";"";"";"";"";"";"";"";"";"";"";"";"";"";"";"";"";"";"";"";"";"";"";"";"";"";"";""
03.01.2023 05:49:33;1672721373000;880f01e687e2572cea04e80fc6a68085;249104;OK;1814;0;0;0;0;-0,0;1,4;0;0;838;717;"";218,416;32,76;426,673;62,8;20,935;0,92;1,547;0,22;13,047;1,86;0,0;10,0;0,0;10,0;0,006;10,0;118,798;21,6;36,105;13,65;0,223;10,01;0,024;10,0;0,018;10,0;0,0;10,0;1,052;23,764;0,53;31,321;3,36;6,753;0,63;5,945;1,37;968,1769;1,0;"";"";16,464;2,71;80,18901;15,66;"";"";32,227;11,61;53,2;"";"";"";"";"";"";"";"";"";"";"";"";"";"";"";"";"";"";"";"";"";"";"";"";"";"";"";"";"";"";"";"";"";"";"";"";"";"";"";"";"";"";"";"";"";"";"";"";"";"";"";"";"";"";"";"";"";"";"";"";"";"";"";"";""
03.01.2023 05:51:34;1672721494000;880f01e687e2572cea04e80fc6a68085;249225;OK;1822;0;0;0;0;-0,0;-0,82;0;0;838;717;"";219,191;32,88;427,622;62,83;20,934;0,92;1,546;0,22;13,12;1,87;0,0;10,0;0,0;10,0;0,351;10,0;111,757;20,94;34,616;13,39;0,979;10,1;0,471;10,0;0,471;10,0;0,0;10,0;4,156;23,764;0,53;31,32;3,36;6,753;0,63;5,945;1,37;968,171;1,0;"";"";16,499;2,71;80,087;15,66;"";"";33,332;11,21;57,2;"";"";"";"";"";"";"";"";"";"";"";"";"";"";"";"";"";"";"";"";"";"";"";"";"";"";"";"";"";"";"";"";"";"";"";"";"";"";"";"";"";"";"";"";"";"";"";"";"";"";"";"";"";"";"";"";"";"";"";"";"";"";"";"";""
03.01.2023 05:53:35;1672721615000;880f01e687e2572cea04e80fc6a68085;249346;OK;1824;0;0;0;0;-0,01;-3,88;0;0;838;717;"";215,583;32,34;426,192;62,79;20,94;0,92;1,547;0,22;13,184;1,87;0,0;10,0;0,0;10,0;0,037;10,0;121,519;21,85;35,621;13,53;1,711;10,15;0,05;10,0;0,05;10,0;0,0;10,0;1,337;23,764;0,53;31,308;3,36;6,75;0,63;5,939;1,37;968,176;1,0;"";"";16,564;2,71;80,037;15,66;"";"";35,018;10,94;60,5;"";"";"";"";"";"";"";"";"";"";"";"";"";"";"";"";"";"";"";"";"";"";"";"";"";"";"";"";"";"";"";"";"";"";"";"";"";"";"";"";"";"";"";"";"";"";"";"";"";"";"";"";"";"";"";"";"";"";"";"";"";"";"";"";""
03.01.2023 05:55:35;1672721735000;880f01e687e2572cea04e80fc6a68085;249466;OK;1808;0;0;0;0;-0,01;2,35;0;0;838;717;"";215,657;32,35;427,483;62,82;20,934;0,92;1,545;0,22;13,176;1,87;0,0;10,0;0,0;10,0;0,004;10,0;126,013;22,33;36,812;13,68;1,113;10,02;0,005;10,0;0,005;10,0;0,0;10,0;1,036;23,762;0,53;31,304;3,36;6,749;0,63;5,936;1,37;968,176;1,0;"";"";16,496;2,71;80,044;15,66;"";"";33,094;11,25;55,5;"";"";"";"";"";"";"";"";"";"";"";"";"";"";"";"";"";"";"";"";"";"";"";"";"";"";"";"";"";"";"";"";"";"";"";"";"";"";"";"";"";"";"";"";"";"";"";"";"";"";"";"";"";"";"";"";"";"";"";"";"";"";"";"";""
03.01.2023 05:57:35;1672721855000;880f01e687e2572cea04e80fc6a68085;249586;OK;1822;0;0;0;0;-0,01;7,1;0;0;838;717;"";216,972;32,55;429,908;62,9;20,934;0,92;1,545;0,22;13,233;1,87;0,0;10,0;0,0;10,0;0,0;10,0;86,403;18,42;26,451;12,51;0,9150001;10,0;0,001;10,0;0,001;10,0;0,0;10,0;1,004;23,761;0,53;31,3;3,36;6,748;0,63;5,933;1,37;968,142;1,0;"";"";16,487;2,71;79,872;15,65;"";"";34,102;11,08;54,3;"";"";"";"";"";"";"";"";"";"";"";"";"";"";"";"";"";"";"";"";"";"";"";"";"";"";"";"";"";"";"";"";"";"";"";"";"";"";"";"";"";"";"";"";"";"";"";"";"";"";"";"";"";"";"";"";"";"";"";"";"";"";"";"";""
03.01.2023 05:59:37;1672721977000;880f01e687e2572cea04e80fc6a68085;249708;OK;1820;0;0;0;0;-0,01;9,37;0;0;837;717;"";217,043;32,56;429,864;62,9;20,934;0,92;1,545;0,22;13,178;1,87;0,0;10,0;0,0;10,0;0,0;10,0;95,414;19,29;29,635;12,9;0,094;10,0;0,0;10,0;0,0;10,0;0,0;10,0;1,0;23,763;0,53;31,285;3,36;6,745;0,63;5,927;1,37;968,0949;1,0;"";"";16,49;2,71;79,697;15,64;"";"";33,443;11,09;53,3;"";"";"";"";"";"";"";"";"";"";"";"";"";"";"";"";"";"";"";"";"";"";"";"";"";"";"";"";"";"";"";"";"";"";"";"";"";"";"";"";"";"";"";"";"";"";"";"";"";"";"";"";"";"";"";"";"";"";"";"";"";"";"";"";""
03.01.2023 06:01:37;1672722097000;880f01e687e2572cea04e80fc6a68085;249828;OK;1819;0;0;0;0;-0,01;-0,27;0;0;837;717;"";216,982;32,55;428,637;62,86;20,938;0,92;1,545;0,22;13,125;1,87;0,0;10,0;0,0;10,0;0,119;10,0;108,377;20,56;33,891;13,32;1,423;10,04;0,68;10,0;0,0;10,0;0,0;10,0;2,07;23,764;0,53;31,298;3,36;6,748;0,63;5,934;1,37;968,072;1,0;"";"";16,581;2,71;79,623;15,63;"";"";32,844;11,57;53,0;"";"";"";"";"";"";"";"";"";"";"";"";"";"";"";"";"";"";"";"";"";"";"";"";"";"";"";"";"";"";"";"";"";"";"";"";"";"";"";"";"";"";"";"";"";"";"";"";"";"";"";"";"";"";"";"";"";"";"";"";"";"";"";"";""
03.01.2023 06:03:37;1672722217000;880f01e687e2572cea04e80fc6a68085;249948;OK;1817;0;0;0;0;-0,01;-8,75;0;0;837;717;"";216,112;32,42;426,956;62,81;20,937;0,92;1,545;0,22;13,088;1,87;0,0;10,0;0,0;10,0;0,013;10,0;113,908;21,1;35,577;13,52;0,585;10,0;0,073;10,0;0,0;10,0;0,0;10,0;1,114;23,761;0,53;31,281;3,36;6,743;0,63;5,924;1,37;968,063;1,0;"";"";16,654;2,7;79,435;15,62;"";"";33,053;11,26;52,8;"";"";"";"";"";"";"";"";"";"";"";"";"";"";"";"";"";"";"";"";"";"";"";"";"";"";"";"";"";"";"";"";"";"";"";"";"";"";"";"";"";"";"";"";"";"";"";"";"";"";"";"";"";"";"";"";"";"";"";"";"";"";"";"";""
03.01.2023 06:05:37;1672722337000;880f01e687e2572cea04e80fc6a68085;250068;OK;1811;0;0;0;0;-0,02;-1,22;0;0;837;717;"";212,848;31,93;428,714;62,86;20,938;0,92;1,545;0,22;13,166;1,87;0,0;10,0;0,0;10,0;0,482;10,0;108,317;20,65;32,643;13,14;1,984;10,0;1,3;10,0;1,292;10,0;0,0;10,0;4,99;23,76;0,53;31,269;3,36;6,74;0,63;5,917;1,37;968,07;1,0;"";"";16,638;2,71;79,14;15,61;"";"";34,367;10,64;54,2;"";"";"";"";"";"";"";"";"";"";"";"";"";"";"";"";"";"";"";"";"";"";"";"";"";"";"";"";"";"";"";"";"";"";"";"";"";"";"";"";"";"";"";"";"";"";"";"";"";"";"";"";"";"";"";"";"";"";"";"";"";"";"";"";""
03.01.2023 06:07:39;1672722459000;880f01e687e2572cea04e80fc6a68085;250189;OK;1805;0;0;0;0;-0,02;4,48;0;0;837;717;"";212,718;31,91;428,409;62,85;20,94;0,92;1,545;0,22;13,274;1,88;0,0;10,0;0,0;10,0;0,084;10,0;95,401;19,3;28,556;12,82;0,388;10,0;0,167;10,0;0,166;10,0;0,0;10,0;1,718;23,759;0,53;31,277;3,36;6,742;0,63;5,92;1,37;968,092;1,0;"";"";16,702;2,7;79,263;15,61;"";"";32,087;11,71;56,5;"";"";"";"";"";"";"";"";"";"";"";"";"";"";"";"";"";"";"";"";"";"";"";"";"";"";"";"";"";"";"";"";"";"";"";"";"";"";"";"";"";"";"";"";"";"";"";"";"";"";"";"";"";"";"";"";"";"";"";"";"";"";"";"";""
03.01.2023 06:09:39;1672722579000;880f01e687e2572cea04e80fc6a68085;250309;OK;1825;0;0;0;0;-0,0;0,15;0;0;837;717;"";214,637;32,2;427,097;62,81;20,937;0,92;1,545;0,22;13,292;1,88;0,0;10,0;0,0;10,0;0,009;10,0;100,498;19,87;29,13;12,84;2,179;10,3;0,018;10,0;0,018;10,0;0,0;10,0;1,077;23,759;0,53;31,274;3,36;6,741;0,63;5,919;1,37;968,137;1,0;"";"";16,801;2,7;79,252;15,61;"";"";32,625;11,51;56,2;"";"";"";"";"";"";"";"";"";"";"";"";"";"";"";"";"";"";"";"";"";"";"";"";"";"";"";"";"";"";"";"";"";"";"";"";"";"";"";"";"";"";"";"";"";"";"";"";"";"";"";"";"";"";"";"";"";"";"";"";"";"";"";"";""
03.01.2023 06:11:39;1672722699000;880f01e687e2572cea04e80fc6a68085;250430;OK;1824;0;0;0;0;0,01;-7,64;0;0;837;718;"";215,211;32,28;426,868;62,81;20,939;0,92;1,544;0,22;13,346;1,88;0,0;10,0;0,0;10,0;0,2;10,0;118,782;21,52;33,312;13,23;0,749;10,07;0,371;10,0;0,371;10,0;0,0;10,0;2,6;23,757;0,53;31,287;3,36;6,743;0,63;5,923;1,37;968,191;1,0;"";"";16,806;2,7;79,53701;15,63;"";"";32,613;11,25;53,8;"";"";"";"";"";"";"";"";"";"";"";"";"";"";"";"";"";"";"";"";"";"";"";"";"";"";"";"";"";"";"";"";"";"";"";"";"";"";"";"";"";"";"";"";"";"";"";"";"";"";"";"";"";"";"";"";"";"";"";"";"";"";"";"";""
03.01.2023 06:13:39;1672722819000;880f01e687e2572cea04e80fc6a68085;250550;OK;1804;0;0;0;0;-0,01;-4,24;0;0;836;717;"";216,254;32,44;427,821;62,83;20,939;0,92;1,544;0,22;13,329;1,88;0,0;10,0;0,0;10,0;0,021;10,0;110,537;20,68;32,02;13,17;1,258;10,14;0,04;10,0;0,04;10,0;0,0;10,0;1,171;23,756;0,53;31,255;3,36;6,736;0,63;5,908;1,37;968,2349;1,0;"";"";16,862;2,69;79,476;15,63;"";"";31,614;12,04;55,4;"";"";"";"";"";"";"";"";"";"";"";"";"";"";"";"";"";"";"";"";"";"";"";"";"";"";"";"";"";"";"";"";"";"";"";"";"";"";"";"";"";"";"";"";"";"";"";"";"";"";"";"";"";"";"";"";"";"";"";"";"";"";"";"";""
03.01.2023 06:15:39;1672722939000;880f01e687e2572cea04e80fc6a68085;250670;OK;1821;0;0;0;0;-0,01;2,5;0;0;837;717;"";217,557;32,63;428,668;62,86;20,941;0,92;1,544;0,22;13,419;1,88;0,0;10,0;0,0;10,0;0,002;10,0;83,394;18,11;25,078;12,46;1,07;10,17;0,472;10,0;0,004;10,0;0,0;10,0;1,018;23,757;0,53;31,261;3,36;6,737;0,63;5,911;1,37;968,265;1,0;"";"";16,892;2,69;79,447;15,63;"";"";32,288;11,35;57,4;"";"";"";"";"";"";"";"";"";"";"";"";"";"";"";"";"";"";"";"";"";"";"";"";"";"";"";"";"";"";"";"";"";"";"";"";"";"";"";"";"";"";"";"";"";"";"";"";"";"";"";"";"";"";"";"";"";"";"";"";"";"";"";"";""
03.01.2023 06:17:39;1672723059000;880f01e687e2572cea04e80fc6a68085;250790;OK;1815;0;0;0;0;-0,0;3,69;0;0;837;718;"";215,934;32,39;428,675;62,86;20,939;0,92;1,543;0,22;13,427;1,88;0,0;10,0;0,0;10,0;0,152;10,0;106,25;20,38;29,233;12,94;0,953;10,03;0,268;10,0;0,172;10,0;0,0;10,0;2,372;23,757;0,53;31,281;3,36;6,742;0,63;5,92;1,37;968,277;1,0;"";"";16,918;2,69;79,651;15,64;"";"";32,554;11,45;54,1;"";"";"";"";"";"";"";"";"";"";"";"";"";"";"";"";"";"";"";"";"";"";"";"";"";"";"";"";"";"";"";"";"";"";"";"";"";"";"";"";"";"";"";"";"";"";"";"";"";"";"";"";"";"";"";"";"";"";"";"";"";"";"";"";""
03.01.2023 06:19:40;1672723180000;880f01e687e2572cea04e80fc6a68085;250911;OK;1818;0;0;0;0;0,01;5,4;0;0;837;717;"";216,009;32,4;428,992;62,87;20,94;0,92;1,543;0,22;13,443;1,89;0,0;10,0;0,0;10,0;0,016;10,0;91,189;18,88;28,021;12,71;2,467;10,15;0,029;10,0;0,018;10,0;0,0;10,0;1,146;23,757;0,53;31,264;3,36;6,738;0,63;5,913;1,37;968,273;1,0;"";"";17,044;2,69;79,645;15,64;"";"";32,331;11,54;53,9;"";"";"";"";"";"";"";"";"";"";"";"";"";"";"";"";"";"";"";"";"";"";"";"";"";"";"";"";"";"";"";"";"";"";"";"";"";"";"";"";"";"";"";"";"";"";"";"";"";"";"";"";"";"";"";"";"";"";"";"";"";"";"";"";""
03.01.2023 06:21:41;1672723301000;880f01e687e2572cea04e80fc6a68085;251031;OK;1828;0;0;0;0;-0,01;1,9;0;0;836;717;"";216,913;32,54;429,156;62,87;20,941;0,92;1,543;0,22;13,488;1,89;0,0;10,0;0,0;10,0;0,002;10,0;83,447;18,11;26,355;12,52;1,043;10,02;0,003;10,0;0,002;10,0;0,0;10,0;1,016;23,756;0,53;31,251;3,36;6,735;0,63;5,906;1,37;968,27;1,0;"";"";17,037;2,69;79,665;15,64;"";"";33,154;11,14;53,5;"";"";"";"";"";"";"";"";"";"";"";"";"";"";"";"";"";"";"";"";"";"";"";"";"";"";"";"";"";"";"";"";"";"";"";"";"";"";"";"";"";"";"";"";"";"";"";"";"";"";"";"";"";"";"";"";"";"";"";"";"";"";"";"";""
03.01.2023 06:23:40;1672723420000;880f01e687e2572cea04e80fc6a68085;251151;OK;1811;0;0;0;0;-0,03;-3,8;0;0;836;717;"";215,929;32,39;427,062;62,81;20,934;0,92;1,544;0,22;13,431;1,88;0,0;10,0;0,0;10,0;0,134;10,0;93,23501;19,14;28,308;12,8;1,129;10,07;0,273;10,0;0,0;10,0;0,0;10,0;2,205;23,756;0,53;31,242;3,36;6,733;0,63;5,901;1,37;968,288;1,0;"";"";17,079;2,68;79,61;15,63;"";"";31,636;11,65;57,1;"";"";"";"";"";"";"";"";"";"";"";"";"";"";"";"";"";"";"";"";"";"";"";"";"";"";"";"";"";"";"";"";"";"";"";"";"";"";"";"";"";"";"";"";"";"";"";"";"";"";"";"";"";"";"";"";"";"";"";"";"";"";"";"";""
03.01.2023 06:25:41;1672723541000;880f01e687e2572cea04e80fc6a68085;251272;OK;1819;0;0;0;0;-0,0;-11,93;0;0;837;717;"";213,25;31,99;424,969;62,75;20,939;0,92;1,544;0,22;13,578;1,89;0,0;10,0;0,0;10,0;0,273;10,0;119,626;21,83;35,732;13,61;1,055;10,01;0,792;10,0;0,763;10,0;0,0;10,0;3,454;23,755;0,53;31,271;3,36;6,739;0,63;5,914;1,37;968,322;1,0;"";"";17,104;2,68;79,669;15,64;"";"";32,506;11,43;53,0;"";"";"";"";"";"";"";"";"";"";"";"";"";"";"";"";"";"";"";"";"";"";"";"";"";"";"";"";"";"";"";"";"";"";"";"";"";"";"";"";"";"";"";"";"";"";"";"";"";"";"";"";"";"";"";"";"";"";"";"";"";"";"";"";""
03.01.2023 06:27:41;1672723661000;880f01e687e2572cea04e80fc6a68085;251392;OK;1820;0;0;0;0;0,03;-3,95;0;0;837;718;"";216,745;32,51;428,362;62,85;20,938;0,92;1,543;0,22;13,596;1,89;0,151;10,0;0,151;10,0;0,467;10,0;130,952;22,83;41,091;14,1;2,58;10,24;0,822;10,0;0,8190001;10,0;0,0;10,0;3,849;23,757;0,53;31,279;3,36;6,741;0,63;5,919;1,37;968,3599;1,0;"";"";17,159;2,68;79,85;15,65;"";"";32,939;11,55;58,4;"";"";"";"";"";"";"";"";"";"";"";"";"";"";"";"";"";"";"";"";"";"";"";"";"";"";"";"";"";"";"";"";"";"";"";"";"";"";"";"";"";"";"";"";"";"";"";"";"";"";"";"";"";"";"";"";"";"";"";"";"";"";"";"";""
03.01.2023 06:29:42;1672723782000;880f01e687e2572cea04e80fc6a68085;251512;OK;1817;0;0;0;0;0,01;7,23;0;0;837;718;"";218,428;32,76;429,191;62,88;20,938;0,92;1,543;0,22;13,533;1,89;0,016;10,0;0,016;10,0;0,9139999;10,0;74,432;17,28;24,065;12,4;1,697;10,05;1,509;10,02;1,509;10,02;0,543;10,0;6,372;23,755;0,53;31,264;3,36;6,737;0,63;5,91;1,37;968,3909;1,0;"";"";17,22;2,68;79,82;15,65;"";"";31,934;11,61;54,9;"";"";"";"";"";"";"";"";"";"";"";"";"";"";"";"";"";"";"";"";"";"";"";"";"";"";"";"";"";"";"";"";"";"";"";"";"";"";"";"";"";"";"";"";"";"";"";"";"";"";"";"";"";"";"";"";"";"";"";"";"";"";"";"";""
03.01.2023 06:31:42;1672723902000;880f01e687e2572cea04e80fc6a68085;251633;OK;1818;0;0;0;0;-0,01;10,02;0;0;836;717;"";216,359;32,45;428,064;62,84;20,938;0,92;1,543;0,22;13,564;1,89;0,002;10,0;0,002;10,0;0,113;10,0;82,13901;18,06;24,686;12,41;0,324;10,01;0,161;10,0;0,161;10,0;0,058;10,0;1,715;23,755;0,53;31,246;3,36;6,734;0,63;5,903;1,37;968,4099;1,0;"";"";17,237;2,68;79,959;15,65;"";"";32,668;11,36;53,3;"";"";"";"";"";"";"";"";"";"";"";"";"";"";"";"";"";"";"";"";"";"";"";"";"";"";"";"";"";"";"";"";"";"";"";"";"";"";"";"";"";"";"";"";"";"";"";"";"";"";"";"";"";"";"";"";"";"";"";"";"";"";"";"";""
03.01.2023 06:33:42;1672724022000;880f01e687e2572cea04e80fc6a68085;251753;OK;1825;0;0;0;0;-0,02;-1,53;0;0;836;717;"";218,482;32,77;428,045;62,84;20,937;0,92;1,542;0,22;13,525;1,89;0,0;10,0;0,0;10,0;0,012;10,0;80,542;17,86;22,666;12,19;0,175;10,0;0,157;10,0;0,017;10,0;0,006;10,0;1,076;23,755;0,53;31,257;3,36;6,736;0,63;5,908;1,37;968,429;1,0;"";"";17,338;2,67;79,887;15,65;"";"";32,551;11,5;52,6;"";"";"";"";"";"";"";"";"";"";"";"";"";"";"";"";"";"";"";"";"";"";"";"";"";"";"";"";"";"";"";"";"";"";"";"";"";"";"";"";"";"";"";"";"";"";"";"";"";"";"";"";"";"";"";"";"";"";"";"";"";"";"";"";""
03.01.2023 06:35:43;1672724143000;880f01e687e2572cea04e80fc6a68085;251873;OK;1824;0;0;0;0;0,0;0,19;0;0;837;718;"";216,778;32,52;429,419;62,88;20,936;0,92;1,543;0,22;13,481;1,89;0,0;10,0;0,0;10,0;0,001;10,0;103,452;20,13;30,92;13,14;1,226;10,0;0,017;10,0;0,002;10,0;0,001;10,0;1,008;23,754;0,53;31,262;3,36;6,737;0,63;5,909;1,37;968,436;1,0;"";"";17,33;2,67;79,793;15,64;"";"";33,501;11,19;55,6;"";"";"";"";"";"";"";"";"";"";"";"";"";"";"";"";"";"";"";"";"";"";"";"";"";"";"";"";"";"";"";"";"";"";"";"";"";"";"";"";"";"";"";"";"";"";"";"";"";"";"";"";"";"";"";"";"";"";"";"";"";"";"";"";""
03.01.2023 06:37:43;1672724263000;880f01e687e2572cea04e80fc6a68085;251993;OK;1825;0;0;0;0;0,02;-0,5;0;0;837;718;"";218,357;32,75;427,582;62,83;20,942;0,92;1,543;0,22;13,505;1,89;0,0;10,0;0,0;10,0;0,0;10,0;96,501;19,39;30,92;13,01;0,321;10,0;0,002;10,0;0,0;10,0;0,0;10,0;1,001;23,753;0,53;31,275;3,36;6,739;0,63;5,915;1,37;968,429;1,0;"";"";17,456;2,67;79,801;15,65;"";"";33,45;11,1;54,9;"";"";"";"";"";"";"";"";"";"";"";"";"";"";"";"";"";"";"";"";"";"";"";"";"";"";"";"";"";"";"";"";"";"";"";"";"";"";"";"";"";"";"";"";"";"";"";"";"";"";"";"";"";"";"";"";"";"";"";"";"";"";"";"";""
03.01.2023 06:39:44;1672724384000;880f01e687e2572cea04e80fc6a68085;252114;OK;1819;0;0;0;0;0,01;-0,05;0;0;837;718;"";215,244;32,29;428,654;62,86;20,938;0,92;1,543;0,22;13,529;1,89;0,0;10,0;0,0;10,0;0,0;10,0;94,366;19,21;27,54;12,71;1,009;10,0;0,0;10,0;0,0;10,0;0,0;10,0;1,0;23,753;0,53;31,278;3,36;6,74;0,63;5,916;1,37;968,421;1,0;"";"";17,429;2,67;79,652;15,64;"";"";33,168;11,72;56,0;"";"";"";"";"";"";"";"";"";"";"";"";"";"";"";"";"";"";"";"";"";"";"";"";"";"";"";"";"";"";"";"";"";"";"";"";"";"";"";"";"";"";"";"";"";"";"";"";"";"";"";"";"";"";"";"";"";"";"";"";"";"";"";"";""
03.01.2023 06:41:44;1672724504000;880f01e687e2572cea04e80fc6a68085;252234;OK;1829;0;0;0;0;-0,0;0,79;0;0;837;718;"";215,312;32,3;429,429;62,88;20,941;0,92;1,543;0,22;13,588;1,89;0,0;10,0;0,0;10,0;0,211;10,0;78,219;17,66;23,092;12,2;0,814;10,0;0,634;10,0;0,634;10,0;0,0;10,0;2,901;23,754;0,53;31,268;3,36;6,738;0,63;5,912;1,37;968,413;1,0;"";"";17,481;2,66;79,849;15,65;"";"";32,851;11,31;53,7;"";"";"";"";"";"";"";"";"";"";"";"";"";"";"";"";"";"";"";"";"";"";"";"";"";"";"";"";"";"";"";"";"";"";"";"";"";"";"";"";"";"";"";"";"";"";"";"";"";"";"";"";"";"";"";"";"";"";"";"";"";"";"";"";""
03.01.2023 06:43:46;1672724626000;880f01e687e2572cea04e80fc6a68085;252356;OK;1811;0;0;0;0;-0,02;3,36;0;0;836;717;"";217,94;32,69;428,277;62,85;20,939;0,92;1,543;0,22;13,604;1,89;0,0;10,0;0,0;10,0;0,06400001;10,0;90,14701;18,75;27,975;12,71;0,977;10,0;0,087;10,0;0,087;10,0;0,0;10,0;1,579;23,755;0,53;31,245;3,36;6,733;0,63;5,902;1,37;968,418;1,0;"";"";17,468;2,67;79,801;15,65;"";"";34,568;10,59;54,3;"";"";"";"";"";"";"";"";"";"";"";"";"";"";"";"";"";"";"";"";"";"";"";"";"";"";"";"";"";"";"";"";"";"";"";"";"";"";"";"";"";"";"";"";"";"";"";"";"";"";"";"";"";"";"";"";"";"";"";"";"";"";"";"";""
03.01.2023 06:45:45;1672724745000;880f01e687e2572cea04e80fc6a68085;252475;OK;1836;0;0;0;0;-0,02;-4,24;0;0;836;717;"";217,179;32,58;426,826;62,8;20,936;0,92;1,542;0,22;13,534;1,89;0,0;10,0;0,0;10,0;0,323;10,0;105,419;20,21;31,695;13,07;2,137;10,02;0,898;10,0;0,898;10,0;0,0;10,0;3,907;23,754;0,53;31,239;3,36;6,732;0,63;5,898;1,37;968,454;1,0;"";"";17,551;2,66;79,609;15,64;"";"";34,289;10,89;52,6;"";"";"";"";"";"";"";"";"";"";"";"";"";"";"";"";"";"";"";"";"";"";"";"";"";"";"";"";"";"";"";"";"";"";"";"";"";"";"";"";"";"";"";"";"";"";"";"";"";"";"";"";"";"";"";"";"";"";"";"";"";"";"";"";""
03.01.2023 06:47:46;1672724866000;880f01e687e2572cea04e80fc6a68085;252596;OK;1822;0;0;0;0;-0,0;-6,07;0;0;837;718;"";215,871;32,38;427,34;62,82;20,936;0,92;1,543;0,22;13,589;1,89;0,0;10,0;0,0;10,0;0,222;10,0;109,909;20,68;32,397;13,15;0,634;10,0;0,43;10,0;0,43;10,0;0,334;10,0;3,0;23,752;0,53;31,266;3,36;6,737;0,63;5,909;1,37;968,484;1,0;"";"";17,601;2,66;79,648;15,64;"";"";34,234;10,9;57,0;"";"";"";"";"";"";"";"";"";"";"";"";"";"";"";"";"";"";"";"";"";"";"";"";"";"";"";"";"";"";"";"";"";"";"";"";"";"";"";"";"";"";"";"";"";"";"";"";"";"";"";"";"";"";"";"";"";"";"";"";"";"";"";"";""
03.01.2023 06:49:47;1672724987000;880f01e687e2572cea04e80fc6a68085;252718;OK;1823;0;0;0;0;0,01;-5,16;0;0;837;718;"";216,095;32,41;427,066;62,81;20,937;0,92;1,543;0,22;13,563;1,89;0,0;10,0;0,0;10,0;0,252;10,0;119,354;21,58;36,846;13,6;2,166;10,22;0,406;10,0;0,044;10,0;0,034;10,0;3,271;23,75;0,53;31,263;3,36;6,735;0,63;5,906;1,37;968,505;1,0;"";"";17,618;2,66;79,609;15,64;"";"";34,581;10,75;56,6;"";"";"";"";"";"";"";"";"";"";"";"";"";"";"";"";"";"";"";"";"";"";"";"";"";"";"";"";"";"";"";"";"";"";"";"";"";"";"";"";"";"";"";"";"";"";"";"";"";"";"";"";"";"";"";"";"";"";"";"";"";"";"";"";""
03.01.2023 06:51:47;1672725107000;880f01e687e2572cea04e80fc6a68085;252837;OK;1832;0;0;0;0;-0,0;-0,42;0;0;836;717;"";218,102;32,72;427,783;62,83;20,937;0,92;1,543;0,22;13,579;1,89;0,0;10,0;0,0;10,0;0,339;10,0;98,713;19,66;30,642;13,05;2,287;10,22;0,782;10,0;0,742;10,0;0,741;10,0;4,052;23,75;0,53;31,234;3,36;6,729;0,63;5,893;1,37;968,503;1,0;"";"";17,687;2,66;79,471;15,63;"";"";32,268;11,4;53,1;"";"";"";"";"";"";"";"";"";"";"";"";"";"";"";"";"";"";"";"";"";"";"";"";"";"";"";"";"";"";"";"";"";"";"";"";"";"";"";"";"";"";"";"";"";"";"";"";"";"";"";"";"";"";"";"";"";"";"";"";"";"";"";"";""
03.01.2023 06:53:49;1672725229000;880f01e687e2572cea04e80fc6a68085;252959;OK;1817;0;0;0;0;-0,01;-2,88;0;0;836;717;"";219,023;32,85;426,427;62,79;20,936;0,92;1,543;0,22;13,583;1,89;0,0;10,0;0,0;10,0;0,067;10,0;83,463;18,25;25,249;12,45;1,598;10,02;0,081;10,0;0,077;10,0;0,076;10,0;1,604;23,75;0,53;31,252;3,36;6,733;0,63;5,901;1,37;968,4879;1,0;"";"";17,651;2,66;79,583;15,63;"";"";32,943;11,38;54,3;"";"";"";"";"";"";"";"";"";"";"";"";"";"";"";"";"";"";"";"";"";"";"";"";"";"";"";"";"";"";"";"";"";"";"";"";"";"";"";"";"";"";"";"";"";"";"";"";"";"";"";"";"";"";"";"";"";"";"";"";"";"";"";"";""
03.01.2023 06:55:49;1672725349000;880f01e687e2572cea04e80fc6a68085;253079;OK;1814;0;0;0;0;-0,01;1,85;0;0;836;717;"";216,062;32,41;427,491;62,82;20,941;0,92;1,543;0,22;13,56;1,89;0,0;10,0;0,0;10,0;0,007;10,0;121,931;21,98;36,006;13,54;0,636;10,0;0,009;10,0;0,008;10,0;0,008;10,0;1,064;23,749;0,53;31,245;3,36;6,731;0,63;5,897;1,37;968,511;1,0;"";"";17,728;2,65;79,416;15,63;"";"";32,647;11,39;53,1;"";"";"";"";"";"";"";"";"";"";"";"";"";"";"";"";"";"";"";"";"";"";"";"";"";"";"";"";"";"";"";"";"";"";"";"";"";"";"";"";"";"";"";"";"";"";"";"";"";"";"";"";"";"";"";"";"";"";"";"";"";"";"";"";""
03.01.2023 06:57:48;1672725468000;880f01e687e2572cea04e80fc6a68085;253198;OK;1827;0;0;0;0;-0,0;1,76;0;0;836;717;"";216,478;32,47;427,86;62,84;20,939;0,92;1,543;0,22;13,548;1,89;0,0;10,0;0,031;10,0;0,032;10,0;121,104;21,77;38,209;13,74;2,678;10,25;0,001;10,0;0,001;10,0;0,001;10,0;1,054;23,75;0,53;31,24;3,36;6,73;0,63;5,895;1,37;968,551;1,0;"";"";17,683;2,66;79,473;15,63;"";"";33,444;11,22;56,7;"";"";"";"";"";"";"";"";"";"";"";"";"";"";"";"";"";"";"";"";"";"";"";"";"";"";"";"";"";"";"";"";"";"";"";"";"";"";"";"";"";"";"";"";"";"";"";"";"";"";"";"";"";"";"";"";"";"";"";"";"";"";"";"";""
03.01.2023 06:59:48;1672725588000;880f01e687e2572cea04e80fc6a68085;253318;OK;1818;0;0;0;0;-0,0;8,2;0;0;836;718;"";217,707;32,66;429,566;62,89;20,935;0,92;1,542;0,22;13,522;1,89;0,0;10,0;0,003;10,0;0,003;10,0;88,935;18,69;27,096;12,63;0,286;10,03;0,0;10,0;0,0;10,0;0,0;10,0;1,006;23,748;0,53;31,246;3,36;6,731;0,63;5,896;1,37;968,552;1,0;"";"";17,663;2,66;79,441;15,63;"";"";32,088;11,82;54,3;"";"";"";"";"";"";"";"";"";"";"";"";"";"";"";"";"";"";"";"";"";"";"";"";"";"";"";"";"";"";"";"";"";"";"";"";"";"";"";"";"";"";"";"";"";"";"";"";"";"";"";"";"";"";"";"";"";"";"";"";"";"";"";"";""
03.01.2023 07:01:49;1672725709000;880f01e687e2572cea04e80fc6a68085;253440;OK;1806;0;0;0;0;-0,01;-1,71;0;0;836;718;"";216,247;32,44;426,92;62,81;20,935;0,92;1,541;0,22;13,566;1,89;0,0;10,0;0,0;10,0;0,0;10,0;92,464;19,12;29,395;12,92;1,029;10,0;0,21;10,0;0,0;10,0;0,0;10,0;1,001;23,748;0,53;31,224;3,36;6,726;0,63;5,886;1,37;968,533;1,0;"";"";17,723;2,65;79,419;15,63;"";"";32,387;11,39;53,2;"";"";"";"";"";"";"";"";"";"";"";"";"";"";"";"";"";"";"";"";"";"";"";"";"";"";"";"";"";"";"";"";"";"";"";"";"";"";"";"";"";"";"";"";"";"";"";"";"";"";"";"";"";"";"";"";"";"";"";"";"";"";"";"";""
03.01.2023 07:03:49;1672725829000;880f01e687e2572cea04e80fc6a68085;253560;OK;1815;0;0;0;0;-0,02;-4,96;0;0;835;717;"";214,997;32,25;427,355;62,82;20,936;0,92;1,542;0,22;13,584;1,89;0,0;10,0;0,0;10,0;0,104;10,0;84,684;18,29;26,305;12,54;0,395;10,04;0,162;10,0;0,14;10,0;0,0;10,0;1,932;23,748;0,53;31,207;3,36;6,723;0,63;5,878;1,37;968,512;1,0;"";"";17,715;2,65;79,422;15,63;"";"";34,69;9,67;53,5;"";"";"";"";"";"";"";"";"";"";"";"";"";"";"";"";"";"";"";"";"";"";"";"";"";"";"";"";"";"";"";"";"";"";"";"";"";"";"";"";"";"";"";"";"";"";"";"";"";"";"";"";"";"";"";"";"";"";"";"";"";"";"";"";""
03.01.2023 07:05:50;1672725950000;880f01e687e2572cea04e80fc6a68085;253680;OK;1825;0;0;0;0;-0,03;0,05;0;0;835;717;"";214,484;32,17;429,117;62,87;20,938;0,92;1,541;0,22;13,634;1,9;0,0;10,0;0,0;10,0;0,011;10,0;106,027;20,32;32,662;13,14;1,113;10,14;0,017;10,0;0,015;10,0;0,0;10,0;1,099;23,748;0,53;31,202;3,36;6,721;0,63;5,876;1,37;968,501;1,0;"";"";17,689;2,66;79,395;15,62;"";"";34,595;10,43;53,1;"";"";"";"";"";"";"";"";"";"";"";"";"";"";"";"";"";"";"";"";"";"";"";"";"";"";"";"";"";"";"";"";"";"";"";"";"";"";"";"";"";"";"";"";"";"";"";"";"";"";"";"";"";"";"";"";"";"";"";"";"";"";"";"";""
03.01.2023 07:07:50;1672726070000;880f01e687e2572cea04e80fc6a68085;253800;OK;1815;0;0;0;0;-0,02;2,06;0;0;835;717;"";217,543;32,63;427,006;62,81;20,936;0,92;1,542;0,22;13,669;1,9;0,0;10,0;0,0;10,0;0,001;10,0;114,561;21,22;33,089;13,3;0,251;10,03;0,002;10,0;0,002;10,0;0,0;10,0;1,011;23,745;0,53;31,198;3,36;6,72;0,63;5,872;1,37;968,499;1,0;"";"";17,693;2,65;79,347;15,62;"";"";32,799;11,06;54,3;"";"";"";"";"";"";"";"";"";"";"";"";"";"";"";"";"";"";"";"";"";"";"";"";"";"";"";"";"";"";"";"";"";"";"";"";"";"";"";"";"";"";"";"";"";"";"";"";"";"";"";"";"";"";"";"";"";"";"";"";"";"";"";"";""
03.01.2023 07:09:50;1672726190000;880f01e687e2572cea04e80fc6a68085;253921;OK;1825;0;0;0;0;-0,01;1,93;0;0;835;717;"";214,599;32,19;428,578;62,86;20,941;0,92;1,542;0,22;13,704;1,9;0,0;10,0;0,0;10,0;0,427;10,0;99,157;19,77;30,11;12,94;0,846;10,0;0,5440001;10,0;0,543;10,0;0,543;10,0;4,843;23,747;0,53;31,198;3,36;6,72;0,63;5,873;1,37;968,4999;1,0;"";"";17,763;2,65;79,065;15,61;"";"";34,035;10,49;57,4;"";"";"";"";"";"";"";"";"";"";"";"";"";"";"";"";"";"";"";"";"";"";"";"";"";"";"";"";"";"";"";"";"";"";"";"";"";"";"";"";"";"";"";"";"";"";"";"";"";"";"";"";"";"";"";"";"";"";"";"";"";"";"";"";""
03.01.2023 07:11:51;1672726311000;880f01e687e2572cea04e80fc6a68085;254041;OK;1830;0;0;0;0;-0,0;-2,22;0;0;835;717;"";211,571;31,74;428,229;62,85;20,936;0,92;1,541;0,22;13,732;1,9;0,0;10,0;0,0;10,0;0,046;10,0;91,825;19,0;27,674;12,72;1,031;10,0;0,058;10,0;0,058;10,0;0,058;10,0;1,41;23,744;0,53;31,196;3,36;6,719;0,63;5,87;1,37;968,493;1,0;"";"";17,771;2,65;79,098;15,61;"";"";34,03;10,24;53,7;"";"";"";"";"";"";"";"";"";"";"";"";"";"";"";"";"";"";"";"";"";"";"";"";"";"";"";"";"";"";"";"";"";"";"";"";"";"";"";"";"";"";"";"";"";"";"";"";"";"";"";"";"";"";"";"";"";"";"";"";"";"";"";"";""
03.01.2023 07:13:51;1672726431000;880f01e687e2572cea04e80fc6a68085;254161;OK;1811;0;0;0;0;-0,01;2,85;0;0;835;717;"";214,455;32,17;427,589;62,83;20,935;0,92;1,54;0,22;13,793;1,9;0,0;10,0;0,0;10,0;0,515;10,0;101,999;19,88;30,044;12,98;0,812;10,0;0,709;10,0;0,709;10,0;0,543;10,0;5,636;23,744;0,53;31,194;3,36;6,718;0,63;5,869;1,37;968,489;1,0;"";"";17,763;2,65;79,205;15,61;"";"";32,439;11,48;53,6;"";"";"";"";"";"";"";"";"";"";"";"";"";"";"";"";"";"";"";"";"";"";"";"";"";"";"";"";"";"";"";"";"";"";"";"";"";"";"";"";"";"";"";"";"";"";"";"";"";"";"";"";"";"";"";"";"";"";"";"";"";"";"";"";""
03.01.2023 07:15:52;1672726552000;880f01e687e2572cea04e80fc6a68085;254282;OK;1826;0;0;0;0;-0,01;-3,06;0;0;835;717;"";214,287;32,14;427,953;62,84;20,938;0,92;1,541;0,22;13,805;1,9;0,0;10,0;0,0;10,0;0,391;10,0;91,214;18,85;27,943;12,68;0,98;10,0;0,534;10,0;0,534;10,0;0,058;10,0;4,517;23,742;0,53;31,194;3,36;6,717;0,63;5,867;1,37;968,5189;1,0;"";"";17,742;2,65;79,127;15,61;"";"";32,447;11,64;54,7;"";"";"";"";"";"";"";"";"";"";"";"";"";"";"";"";"";"";"";"";"";"";"";"";"";"";"";"";"";"";"";"";"";"";"";"";"";"";"";"";"";"";"";"";"";"";"";"";"";"";"";"";"";"";"";"";"";"";"";"";"";"";"";"";""
03.01.2023 07:17:53;1672726673000;880f01e687e2572cea04e80fc6a68085;254404;OK;1814;0;0;0;0;-0,01;-2,26;0;0;835;718;"";214,101;32,12;427,355;62,82;20,935;0,92;1,539;0,22;13,735;1,9;0,0;10,0;0,0;10,0;0,185;10,0;98,921;19,81;31,151;13,06;1,036;10,0;0,301;10,0;0,301;10,0;0,006;10,0;2,667;23,742;0,53;31,199;3,36;6,718;0,63;5,869;1,37;968,551;1,0;"";"";17,696;2,65;78,928;15,6;"";"";33,783;11,01;54,4;"";"";"";"";"";"";"";"";"";"";"";"";"";"";"";"";"";"";"";"";"";"";"";"";"";"";"";"";"";"";"";"";"";"";"";"";"";"";"";"";"";"";"";"";"";"";"";"";"";"";"";"";"";"";"";"";"";"";"";"";"";"";"";"";""
03.01.2023 07:19:53;1672726793000;880f01e687e2572cea04e80fc6a68085;254524;OK;1826;0;0;0;0;-0,0;-0,41;0;0;835;718;"";215,115;32,27;427,923;62,84;20,937;0,92;1,54;0,22;13,777;1,9;0,0;10,0;0,0;10,0;0,02;10,0;92,56;19,11;27,532;12,7;1,636;10,0;0,032;10,0;0,032;10,0;0,001;10,0;1,178;23,738;0,53;31,194;3,36;6,716;0,63;5,863;1,37;968,591;1,0;"";"";17,74;2,65;78,796;15,59;"";"";32,967;11,49;53,4;"";"";"";"";"";"";"";"";"";"";"";"";"";"";"";"";"";"";"";"";"";"";"";"";"";"";"";"";"";"";"";"";"";"";"";"";"";"";"";"";"";"";"";"";"";"";"";"";"";"";"";"";"";"";"";"";"";"";"";"";"";"";"";"";""
03.01.2023 07:21:54;1672726914000;880f01e687e2572cea04e80fc6a68085;254644;OK;1823;0;0;0;0;-0,0;5,97;0;0;835;718;"";213,556;32,03;429,32;62,88;20,94;0,92;1,54;0,22;13,8;1,9;0,0;10,0;0,0;10,0;0,002;10,0;100,425;19,79;30,911;13,08;0,234;10,0;0,003;10,0;0,003;10,0;0,0;10,0;1,019;23,741;0,53;31,194;3,36;6,717;0,63;5,866;1,37;968,612;1,0;"";"";17,797;2,65;78,806;15,59;"";"";32,809;11,32;52,9;"";"";"";"";"";"";"";"";"";"";"";"";"";"";"";"";"";"";"";"";"";"";"";"";"";"";"";"";"";"";"";"";"";"";"";"";"";"";"";"";"";"";"";"";"";"";"";"";"";"";"";"";"";"";"";"";"";"";"";"";"";"";"";"";""
03.01.2023 07:23:53;1672727033000;880f01e687e2572cea04e80fc6a68085;254764;OK;1808;0;0;0;0;-0,0;5,39;0;0;835;718;"";213,83;32,07;428,532;62,86;20,94;0,92;1,54;0,22;13,828;1,91;0,0;10,0;0,0;10,0;0,817;10,0;97,705;19,49;28,814;12,85;2,255;10,15;1,42;10,14;1,42;10,14;0,0;10,0;6,063;23,741;0,53;31,194;3,36;6,717;0,63;5,866;1,37;968,611;1,0;"";"";17,884;2,65;78,737;15,59;"";"";32,728;11,62;55,0;"";"";"";"";"";"";"";"";"";"";"";"";"";"";"";"";"";"";"";"";"";"";"";"";"";"";"";"";"";"";"";"";"";"";"";"";"";"";"";"";"";"";"";"";"";"";"";"";"";"";"";"";"";"";"";"";"";"";"";"";"";"";"";"";""
03.01.2023 07:25:53;1672727153000;880f01e687e2572cea04e80fc6a68085;254884;OK;1828;0;0;0;0;-0,01;1,05;0;0;835;718;"";213,275;31,99;428,472;62,85;20,941;0,92;1,539;0,22;13,757;1,9;0,0;10,0;0,0;10,0;0,29;10,0;98,04;19,56;30,705;13,01;1,166;10,09;0,424;10,01;0,424;10,01;0,0;10,0;3,332;23,731;0,53;31,194;3,36;6,713;0,63;5,858;1,37;968,614;1,0;"";"";17,746;2,65;78,80001;15,59;"";"";32,299;11,87;54,2;"";"";"";"";"";"";"";"";"";"";"";"";"";"";"";"";"";"";"";"";"";"";"";"";"";"";"";"";"";"";"";"";"";"";"";"";"";"";"";"";"";"";"";"";"";"";"";"";"";"";"";"";"";"";"";"";"";"";"";"";"";"";"";"";""
03.01.2023 07:27:55;1672727275000;880f01e687e2572cea04e80fc6a68085;255005;OK;1824;0;0;0;0;-0,01;-5,12;0;0;835;718;"";213,637;32,05;427,74;62,83;20,94;0,92;1,539;0,22;13,805;1,9;0,0;10,0;0,0;10,0;0,031;10,0;103,38;20,06;32,959;13,29;1,564;10,01;0,223;10,0;0,045;10,0;0,0;10,0;1,249;23,737;0,53;31,194;3,36;6,715;0,63;5,862;1,37;968,639;1,0;"";"";17,774;2,65;78,945;15,6;"";"";31,551;11,95;54,8;"";"";"";"";"";"";"";"";"";"";"";"";"";"";"";"";"";"";"";"";"";"";"";"";"";"";"";"";"";"";"";"";"";"";"";"";"";"";"";"";"";"";"";"";"";"";"";"";"";"";"";"";"";"";"";"";"";"";"";"";"";"";"";"";""
03.01.2023 07:29:55;1672727395000;880f01e687e2572cea04e80fc6a68085;255125;OK;1818;0;0;0;0;0,0;6,96;0;0;835;718;"";212,335;31,85;430,924;62,93;20,94;0,92;1,538;0,22;13,861;1,91;0,0;10,0;0,0;10,0;0,05;10,0;91,979;18,95;26,134;12,61;0,307;10,0;0,164;10,0;0,145;10,0;0,0;10,0;1,446;23,738;0,53;31,194;3,36;6,716;0,63;5,863;1,37;968,664;1,0;"";"";17,833;2,65;78,83;15,6;"";"";32,296;11,8;53,9;"";"";"";"";"";"";"";"";"";"";"";"";"";"";"";"";"";"";"";"";"";"";"";"";"";"";"";"";"";"";"";"";"";"";"";"";"";"";"";"";"";"";"";"";"";"";"";"";"";"";"";"";"";"";"";"";"";"";"";"";"";"";"";"";""
03.01.2023 07:31:56;1672727516000;880f01e687e2572cea04e80fc6a68085;255246;OK;1833;0;0;0;0;0,0;6,76;0;0;835;718;"";212,666;31,9;429,481;62,88;20,938;0,92;1,538;0,22;13,864;1,91;0,0;10,0;0,0;10,0;0,005;10,0;98,17401;19,55;30,525;13,01;0,786;10,0;0,017;10,0;0,015;10,0;0,0;10,0;1,048;23,735;0,53;31,194;3,36;6,715;0,63;5,861;1,37;968,68;1,0;"";"";17,782;2,65;78,756;15,59;"";"";33,15;11,36;57,6;"";"";"";"";"";"";"";"";"";"";"";"";"";"";"";"";"";"";"";"";"";"";"";"";"";"";"";"";"";"";"";"";"";"";"";"";"";"";"";"";"";"";"";"";"";"";"";"";"";"";"";"";"";"";"";"";"";"";"";"";"";"";"";"";""
03.01.2023 07:33:56;1672727636000;880f01e687e2572cea04e80fc6a68085;255366;OK;1826;0;0;0;0;-0,0;0,78;0;0;835;718;"";212,159;31,82;427,956;62,84;20,939;0,92;1,538;0,22;13,875;1,91;0,0;10,0;0,0;10,0;0,001;10,0;103,804;20,19;31,884;13,08;0,8690001;10,0;0,002;10,0;0,002;10,0;0,0;10,0;1,005;23,734;0,53;31,194;3,36;6,715;0,63;5,86;1,37;968,692;1,0;"";"";17,821;2,65;78,802;15,59;"";"";34,32;10,6;54,7;"";"";"";"";"";"";"";"";"";"";"";"";"";"";"";"";"";"";"";"";"";"";"";"";"";"";"";"";"";"";"";"";"";"";"";"";"";"";"";"";"";"";"";"";"";"";"";"";"";"";"";"";"";"";"";"";"";"";"";"";"";"";"";"";""
03.01.2023 07:35:56;1672727756000;880f01e687e2572cea04e80fc6a68085;255487;OK;1815;0;0;0;0;-0,0;-10,84;0;0;835;718;"";213,961;32,09;427,639;62,83;20,94;0,92;1,539;0,22;13,938;1,91;0,0;10,0;0,0;10,0;0,127;10,0;103,066;20,16;31,295;13,14;0,918;10,03;0,468;10,0;0,468;10,0;0,0;10,0;2,142;23,736;0,53;31,194;3,36;6,715;0,63;5,862;1,37;968,695;1,0;"";"";17,824;2,65;78,68801;15,59;"";"";33,426;10,84;54,1;"";"";"";"";"";"";"";"";"";"";"";"";"";"";"";"";"";"";"";"";"";"";"";"";"";"";"";"";"";"";"";"";"";"";"";"";"";"";"";"";"";"";"";"";"";"";"";"";"";"";"";"";"";"";"";"";"";"";"";"";"";"";"";"";""
03.01.2023 07:37:57;1672727877000;880f01e687e2572cea04e80fc6a68085;255607;OK;1829;0;0;0;0;-0,0;-6,16;0;0;835;718;"";210,304;31,55;427,77;62,83;20,943;0,92;1,538;0,22;13,916;1,91;0,0;10,0;0,0;10,0;0,073;10,0;122,182;21,94;34,907;13,45;0,482;10,02;0,096;10,0;0,096;10,0;0,0;10,0;1,654;23,731;0,53;31,194;3,36;6,713;0,63;5,858;1,37;968,689;1,0;"";"";17,957;2,64;78,557;15,58;"";"";33,154;11,04;53,7;"";"";"";"";"";"";"";"";"";"";"";"";"";"";"";"";"";"";"";"";"";"";"";"";"";"";"";"";"";"";"";"";"";"";"";"";"";"";"";"";"";"";"";"";"";"";"";"";"";"";"";"";"";"";"";"";"";"";"";"";"";"";"";"";""
03.01.2023 07:39:58;1672727998000;880f01e687e2572cea04e80fc6a68085;255728;OK;1839;0;0;0;0;-0,01;-2,27;0;0;835;718;"";211,878;31,78;427,209;62,82;20,941;0,92;1,538;0,22;13,861;1,91;0,0;10,0;0,0;10,0;0,095;10,0;106,7;20,43;33,053;13,27;0,926;10,0;0,644;10,0;0,644;10,0;0,0;10,0;1,858;23,731;0,53;31,194;3,36;6,713;0,63;5,858;1,37;968,684;1,0;"";"";17,933;2,64;78,603;15,58;"";"";34,012;10,84;55,2;"";"";"";"";"";"";"";"";"";"";"";"";"";"";"";"";"";"";"";"";"";"";"";"";"";"";"";"";"";"";"";"";"";"";"";"";"";"";"";"";"";"";"";"";"";"";"";"";"";"";"";"";"";"";"";"";"";"";"";"";"";"";"";"";""
03.01.2023 07:41:58;1672728118000;880f01e687e2572cea04e80fc6a68085;255849;OK;1816;0;0;0;0;-0,0;2,47;0;0;835;718;"";208,36;31,25;427,906;62,84;20,941;0,92;1,538;0,22;13,913;1,91;0,0;10,0;0,0;10,0;0,048;10,0;88,413;18,62;26,093;12,58;1,253;10,09;0,09099999;10,0;0,09099999;10,0;0,0;10,0;1,429;23,73;0,53;31,194;3,36;6,713;0,63;5,857;1,37;968,68;1,0;"";"";17,937;2,64;78,412;15,57;"";"";33,241;10,96;52,5;"";"";"";"";"";"";"";"";"";"";"";"";"";"";"";"";"";"";"";"";"";"";"";"";"";"";"";"";"";"";"";"";"";"";"";"";"";"";"";"";"";"";"";"";"";"";"";"";"";"";"";"";"";"";"";"";"";"";"";"";"";"";"";"";""
03.01.2023 07:43:58;1672728238000;880f01e687e2572cea04e80fc6a68085;255969;OK;1826;0;0;0;0;-0,0;7,47;0;0;836;718;"";212,728;31,91;431,108;62,93;20,939;0,92;1,538;0,22;13,921;1,91;0,0;10,0;0,0;10,0;0,09799999;10,0;104,846;20,18;32,365;13,16;0,717;10,01;0,17;10,0;0,17;10,0;0,0;10,0;1,88;23,729;0,53;31,194;3,36;6,713;0,63;5,856;1,37;968,6979;1,0;"";"";17,962;2,64;78,213;15,56;"";"";34,86;10,28;53,8;"";"";"";"";"";"";"";"";"";"";"";"";"";"";"";"";"";"";"";"";"";"";"";"";"";"";"";"";"";"";"";"";"";"";"";"";"";"";"";"";"";"";"";"";"";"";"";"";"";"";"";"";"";"";"";"";"";"";"";"";"";"";"";"";""
03.01.2023 07:45:59;1672728359000;880f01e687e2572cea04e80fc6a68085;256089;OK;1832;0;0;0;0;-0,01;4,09;0;0;836;719;"";215,119;32,27;428,481;62,85;20,939;0,92;1,537;0,22;13,863;1,91;0,0;10,0;0,0;10,0;0,01;10,0;117,713;21,52;36,674;13,57;0,9610001;10,0;0,018;10,0;0,018;10,0;0,0;10,0;1,094;23,725;0,53;31,195;3,36;6,711;0,63;5,853;1,37;968,73;1,0;"";"";17,929;2,64;78,293;15,57;"";"";32,641;11,17;53,9;"";"";"";"";"";"";"";"";"";"";"";"";"";"";"";"";"";"";"";"";"";"";"";"";"";"";"";"";"";"";"";"";"";"";"";"";"";"";"";"";"";"";"";"";"";"";"";"";"";"";"";"";"";"";"";"";"";"";"";"";"";"";"";"";""
03.01.2023 07:47:59;1672728479000;880f01e687e2572cea04e80fc6a68085;256209;OK;1811;0;0;0;0;-0,01;-2,33;0;0;836;719;"";211,765;31,76;427,793;62,83;20,939;0,92;1,537;0,22;13,901;1,91;0,0;10,0;0,0;10,0;0,001;10,0;113,471;21,02;32,239;13,1;1,065;10,02;0,002;10,0;0,002;10,0;0,0;10,0;1,01;23,722;0,53;31,195;3,36;6,71;0,63;5,85;1,37;968,76;1,0;"";"";17,971;2,64;78,286;15,57;"";"";33,101;10,94;58,2;"";"";"";"";"";"";"";"";"";"";"";"";"";"";"";"";"";"";"";"";"";"";"";"";"";"";"";"";"";"";"";"";"";"";"";"";"";"";"";"";"";"";"";"";"";"";"";"";"";"";"";"";"";"";"";"";"";"";"";"";"";"";"";"";""
03.01.2023 07:49:59;1672728599000;880f01e687e2572cea04e80fc6a68085;256330;OK;1828;0;0;0;0;-0,02;-6,75;0;0;835;719;"";209,704;31,46;428,111;62,84;20,938;0,92;1,536;0,22;13,874;1,91;0,0;10,0;0,0;10,0;0,0;10,0;84,806;18,36;24,893;12,43;0,186;10,0;0,0;10,0;0,0;10,0;0,0;10,0;1,001;23,72;0,53;31,174;3,36;6,705;0,63;5,839;1,37;968,7759;1,0;"";"";18,035;2,64;78,13301;15,56;"";"";33,81;10,77;55,6;"";"";"";"";"";"";"";"";"";"";"";"";"";"";"";"";"";"";"";"";"";"";"";"";"";"";"";"";"";"";"";"";"";"";"";"";"";"";"";"";"";"";"";"";"";"";"";"";"";"";"";"";"";"";"";"";"";"";"";"";"";"";"";"";""
03.01.2023 07:52:02;1672728722000;880f01e687e2572cea04e80fc6a68085;256452;OK;1818;0;0;0;0;-0,02;-0,95;0;0;835;719;"";211,796;31,77;428,803;62,86;20,938;0,92;1,535;0,22;13,931;1,91;0,0;10,0;0,0;10,0;0,127;10,0;88,519;18,66;25,741;12,5;1,881;10,05;0,3;10,05;0,15;10,0;0,0;10,0;1,99;23,721;0,53;31,163;3,36;6,703;0,63;5,834;1,37;968,765;1,0;"";"";18,043;2,64;78,156;15,56;"";"";35,349;9,34;54,4;"";"";"";"";"";"";"";"";"";"";"";"";"";"";"";"";"";"";"";"";"";"";"";"";"";"";"";"";"";"";"";"";"";"";"";"";"";"";"";"";"";"";"";"";"";"";"";"";"";"";"";"";"";"";"";"";"";"";"";"";"";"";"";"";""
03.01.2023 07:54:01;1672728841000;880f01e687e2572cea04e80fc6a68085;256572;OK;1808;0;0;0;0;-0,04;1,77;0;0;835;718;"";208,701;31,31;429,074;62,87;20,938;0,92;1,536;0,22;13,961;1,91;0,0;10,0;0,0;10,0;0,014;10,0;103,376;20,13;31,212;13,09;0,201;10,01;0,032;10,01;0,016;10,0;0,0;10,0;1,106;23,718;0,53;31,139;3,36;6,696;0,63;5,82;1,38;968,7659;1,0;"";"";17,967;2,64;77,977;15,55;"";"";34,111;10,39;54,5;"";"";"";"";"";"";"";"";"";"";"";"";"";"";"";"";"";"";"";"";"";"";"";"";"";"";"";"";"";"";"";"";"";"";"";"";"";"";"";"";"";"";"";"";"";"";"";"";"";"";"";"";"";"";"";"";"";"";"";"";"";"";"";"";""
03.01.2023 07:56:01;1672728961000;880f01e687e2572cea04e80fc6a68085;256691;OK;1826;0;0;0;0;-0,04;3,35;0;0;834;718;"";210,477;31,57;428,609;62,86;20,938;0,92;1,537;0,22;13,986;1,91;0,0;10,0;0,0;10,0;0,001;10,0;81,94201;18,08;25,523;12,5;1,266;10,0;0,003;10,0;0,002;10,0;0,0;10,0;1,011;23,717;0,53;31,118;3,36;6,691;0,63;5,809;1,38;968,7819;1,0;"";"";17,935;2,64;77,878;15,54;"";"";33,995;10,61;53,1;"";"";"";"";"";"";"";"";"";"";"";"";"";"";"";"";"";"";"";"";"";"";"";"";"";"";"";"";"";"";"";"";"";"";"";"";"";"";"";"";"";"";"";"";"";"";"";"";"";"";"";"";"";"";"";"";"";"";"";"";"";"";"";"";""
03.01.2023 07:58:02;1672729082000;880f01e687e2572cea04e80fc6a68085;256812;OK;1822;0;0;0;0;-0,05;0,11;0;0;833;718;"";208,69;31,3;428,899;62,87;20,938;0,92;1,536;0,22;14,024;1,92;0,0;10,0;0,0;10,0;0,0;10,0;96,807;19,52;28,705;12,82;0,135;10,0;0,0;10,0;0,0;10,0;0,0;10,0;1,001;23,716;0,53;31,087;3,36;6,685;0,63;5,795;1,38;968,8109;1,0;"";"";17,968;2,64;78,103;15,56;"";"";32,925;11,18;54,2;"";"";"";"";"";"";"";"";"";"";"";"";"";"";"";"";"";"";"";"";"";"";"";"";"";"";"";"";"";"";"";"";"";"";"";"";"";"";"";"";"";"";"";"";"";"";"";"";"";"";"";"";"";"";"";"";"";"";"";"";"";"";"";"";""
03.01.2023 08:00:03;1672729203000;880f01e687e2572cea04e80fc6a68085;256934;OK;1799;0;0;0;0;-0,04;-7,11;0;0;833;718;"";209,675;31,45;426,707;62,8;20,937;0,92;1,535;0,22;14,075;1,92;0,0;10,0;0,0;10,0;0,0;10,0;103,81;20,1;31,681;13,13;1,637;10,06;0,0;10,0;0,0;10,0;0,0;10,0;1,0;23,713;0,53;31,086;3,36;6,683;0,63;5,792;1,38;968,835;1,0;"";"";18,062;2,64;78,116;15,56;"";"";32,893;11,32;54,6;"";"";"";"";"";"";"";"";"";"";"";"";"";"";"";"";"";"";"";"";"";"";"";"";"";"";"";"";"";"";"";"";"";"";"";"";"";"";"";"";"";"";"";"";"";"";"";"";"";"";"";"";"";"";"";"";"";"";"";"";"";"";"";"";""
03.01.2023 08:02:02;1672729322000;880f01e687e2572cea04e80fc6a68085;257052;OK;1839;0;0;0;0;-0,03;-2,95;0;0;833;718;"";210,933;31,64;428,722;62,86;20,935;0,92;1,536;0,22;14,052;1,92;0,0;10,0;0,0;10,0;0,0;10,0;92,388;19,01;27,757;12,68;0,602;10,01;0,0;10,0;0,0;10,0;0,0;10,0;1,0;23,714;0,53;31,082;3,36;6,683;0,63;5,791;1,38;968,86;1,0;"";"";18,093;2,64;78,09;15,56;"";"";35,201;10,36;53,6;"";"";"";"";"";"";"";"";"";"";"";"";"";"";"";"";"";"";"";"";"";"";"";"";"";"";"";"";"";"";"";"";"";"";"";"";"";"";"";"";"";"";"";"";"";"";"";"";"";"";"";"";"";"";"";"";"";"";"";"";"";"";"";"";""
03.01.2023 08:04:04;1672729444000;880f01e687e2572cea04e80fc6a68085;257174;OK;1815;0;0;0;0;0,0;6,63;0;0;833;718;"";210,509;31,58;430,15;62,9;20,936;0,92;1,536;0,22;14,007;1,92;0,0;10,0;0,0;10,0;0,0;10,0;105,614;20,32;31,801;13,17;0,062;10,0;0,0;10,0;0,0;10,0;0,0;10,0;1,0;23,716;0,53;31,084;3,36;6,684;0,63;5,793;1,38;968,878;1,0;"";"";17,978;2,64;78,078;15,56;"";"";33,917;10,94;53,6;"";"";"";"";"";"";"";"";"";"";"";"";"";"";"";"";"";"";"";"";"";"";"";"";"";"";"";"";"";"";"";"";"";"";"";"";"";"";"";"";"";"";"";"";"";"";"";"";"";"";"";"";"";"";"";"";"";"";"";"";"";"";"";"";""
03.01.2023 08:06:04;1672729564000;880f01e687e2572cea04e80fc6a68085;257294;OK;1811;0;0;0;0;-0,0;12,16;0;0;833;718;"";210,396;31,56;430,59;62,92;20,935;0,92;1,535;0,22;14,037;1,92;0,0;10,0;0,0;10,0;0,0;10,0;92,031;18,98;27,773;12,7;0,107;10,0;0,0;10,0;0,0;10,0;0,0;10,0;1,0;23,715;0,53;31,075;3,36;6,682;0,63;5,788;1,38;968,884;1,0;"";"";17,973;2,64;78,21;15,56;"";"";32,813;11,3;54,4;"";"";"";"";"";"";"";"";"";"";"";"";"";"";"";"";"";"";"";"";"";"";"";"";"";"";"";"";"";"";"";"";"";"";"";"";"";"";"";"";"";"";"";"";"";"";"";"";"";"";"";"";"";"";"";"";"";"";"";"";"";"";"";"";""
03.01.2023 08:08:03;1672729683000;880f01e687e2572cea04e80fc6a68085;257414;OK;1826;0;0;0;0;-0,01;0,9700001;0;0;833;718;"";211,242;31,69;428,926;62,87;20,935;0,92;1,535;0,22;14,063;1,92;0,0;10,0;0,0;10,0;0,0;10,0;96,917;19,52;26,066;12,6;0,978;10,0;0,0;10,0;0,0;10,0;0,0;10,0;1,0;23,713;0,53;31,079;3,36;6,682;0,63;5,788;1,38;968,9099;1,0;"";"";17,989;2,64;78,032;15,55;"";"";34,951;10,21;54,4;"";"";"";"";"";"";"";"";"";"";"";"";"";"";"";"";"";"";"";"";"";"";"";"";"";"";"";"";"";"";"";"";"";"";"";"";"";"";"";"";"";"";"";"";"";"";"";"";"";"";"";"";"";"";"";"";"";"";"";"";"";"";"";"";""
03.01.2023 08:10:03;1672729803000;880f01e687e2572cea04e80fc6a68085;257534;OK;1819;0;0;0;0;0,08;3,52;0;0;837;721;"";208,956;31,34;434,902;63,05;20,935;0,92;1,535;0,22;14,109;1,92;0,0;10,0;0,0;10,0;0,211;10,0;69,165;16,67;21,174;12,06;0,886;10,0;0,634;10,0;0,634;10,0;0,0;10,0;2,901;23,711;0,53;31,281;3,36;6,725;0,63;5,881;1,37;968,932;1,0;"";"";18,081;2,64;77,996;15,55;"";"";54,549;4,57;83,30001;"";"";"";"";"";"";"";"";"";"";"";"";"";"";"";"";"";"";"";"";"";"";"";"";"";"";"";"";"";"";"";"";"";"";"";"";"";"";"";"";"";"";"";"";"";"";"";"";"";"";"";"";"";"";"";"";"";"";"";"";"";"";"";"";""
03.01.2023 08:12:04;1672729924000;880f01e687e2572cea04e80fc6a68085;257654;OK;1809;1;0;0;0;0,16;31,6;0;0;838;722;"";187,378;28,11;441,838;63,26;20,933;0,92;1,533;0,22;14,121;1,92;0,0;10,0;0,0;10,0;0,06599999;10,0;101,638;19,99;31,173;13,16;0,335;10,0;0,09;10,0;0,09;10,0;0,0;10,0;1,592;23,704;0,53;31,319;3,36;6,73;0,63;5,892;1,37;968,9489;1,0;"";"";18,094;2,64;75,56;15,42;"";"";36,87;10,76;80,2;"";"";"";"";"";"";"";"";"";"";"";"";"";"";"";"";"";"";"";"";"";"";"";"";"";"";"";"";"";"";"";"";"";"";"";"";"";"";"";"";"";"";"";"";"";"";"";"";"";"";"";"";"";"";"";"";"";"";"";"";"";"";"";"";""
03.01.2023 08:14:06;1672730046000;880f01e687e2572cea04e80fc6a68085;257776;OK;1819;1;0;0;0;0,09;33,26;0;0;837;722;"";177,826;26,67;439,98;63,2;20,931;0,92;1,531;0,22;14,161;1,92;0,0;10,0;0,0;10,0;0,117;10,0;88,42401;18,57;24,926;12,47;1,403;10,13;0,468;10,0;0,468;10,0;0,0;10,0;2,05;23,692;0,53;31,249;3,36;6,71;0,63;5,849;1,37;968,966;1,0;"";"";18,005;2,64;72,632;15,27;"";"";44,309;7,94;76,4;"";"";"";"";"";"";"";"";"";"";"";"";"";"";"";"";"";"";"";"";"";"";"";"";"";"";"";"";"";"";"";"";"";"";"";"";"";"";"";"";"";"";"";"";"";"";"";"";"";"";"";"";"";"";"";"";"";"";"";"";"";"";"";"";""
03.01.2023 08:16:05;1672730165000;880f01e687e2572cea04e80fc6a68085;257894;OK;1838;1;0;0;0;-0,02;33,04;0;0;839;725;"";160,785;24,12;447,665;63,43;20,929;0,92;1,529;0,22;14,134;1,92;0,0;10,0;0,0;10,0;0,224;10,0;110,616;20,78;32,648;13,27;2,1;10,26;0,434;10,0;0,434;10,0;0,0;10,0;3,014;23,656;0,53;31,311;3,36;6,71;0,63;5,846;1,37;968,997;1,0;"";"";18,055;2,64;71,009;15,18;"";"";47,814;6,66;81,3;"";"";"";"";"";"";"";"";"";"";"";"";"";"";"";"";"";"";"";"";"";"";"";"";"";"";"";"";"";"";"";"";"";"";"";"";"";"";"";"";"";"";"";"";"";"";"";"";"";"";"";"";"";"";"";"";"";"";"";"";"";"";"";"";""
03.01.2023 08:18:05;1672730285000;880f01e687e2572cea04e80fc6a68085;258015;OK;1818;1;0;0;0;-0,03;53,0;0;0;841;729;"";158,472;23,77;462,643;63,88;20,924;0,92;1,525;0,22;14,247;1,93;0,0;10,0;0,0;10,0;0,067;10,0;112,761;21,02;33,549;13,23;0,808;10,07;0,189;10,0;0,189;10,0;0,0;10,0;1,602;23,614;0,53;31,428;3,36;6,719;0,63;5,864;1,36;969,031;1,0;"";"";18,098;2,64;67,967;15,01;"";"";33,644;11,54;53,6;"";"";"";"";"";"";"";"";"";"";"";"";"";"";"";"";"";"";"";"";"";"";"";"";"";"";"";"";"";"";"";"";"";"";"";"";"";"";"";"";"";"";"";"";"";"";"";"";"";"";"";"";"";"";"";"";"";"";"";"";"";"";"";"";""
03.01.2023 08:20:06;1672730406000;880f01e687e2572cea04e80fc6a68085;258136;OK;1828;1;0;0;0;0,05;77,11;0;0;843;731;"";165,706;24,86;466,036;63,98;20,92;0,92;1,522;0,21;14,786;1,96;0,0;10,0;0,0;10,0;0,007;10,0;80,829;17,88;26,426;12,56;0,708;10,01;0,02;10,0;0,02;10,0;0,0;10,0;1,064;23,59;0,53;31,514;3,36;6,728;0,63;5,883;1,35;969,063;1,0;"";"";18,134;2,63;69,084;15,07;"";"";33,512;11,19;54,1;"";"";"";"";"";"";"";"";"";"";"";"";"";"";"";"";"";"";"";"";"";"";"";"";"";"";"";"";"";"";"";"";"";"";"";"";"";"";"";"";"";"";"";"";"";"";"";"";"";"";"";"";"";"";"";"";"";"";"";"";"";"";"";"";""
03.01.2023 08:22:05;1672730525000;880f01e687e2572cea04e80fc6a68085;258255;OK;1815;1;0;0;0;0,07;45,51;0;0;844;733;"";175,563;26,33;464,261;63,93;20,92;0,92;1,521;0,21;15,295;1,98;0,0;10,0;0,0;10,0;0,175;10,0;99,76001;19,73;30,099;12,91;2,003;10,13;0,615;10,0;0,615;10,0;0,0;10,0;2,574;23,581;0,53;31,561;3,36;6,735;0,63;5,896;1,35;969,085;1,0;"";"";18,408;2,62;72,427;15,24;"";"";34,784;10,53;58,1;"";"";"";"";"";"";"";"";"";"";"";"";"";"";"";"";"";"";"";"";"";"";"";"";"";"";"";"";"";"";"";"";"";"";"";"";"";"";"";"";"";"";"";"";"";"";"";"";"";"";"";"";"";"";"";"";"";"";"";"";"";"";"";"";""
03.01.2023 08:24:07;1672730647000;880f01e687e2572cea04e80fc6a68085;258378;OK;1806;0;0;0;0;0,06;10,89;0;0;844;733;"";178,79;26,82;465,979;63,98;20,918;0,92;1,52;0,21;15,752;2,01;0,0;10,0;0,0;10,0;0,244;10,0;128,559;22,61;37,728;13,64;1,491;10,06;0,516;10,0;0,516;10,0;0,0;10,0;3,194;23,587;0,53;31,575;3,36;6,74;0,63;5,908;1,35;969,135;1,0;"";"";18,663;2,61;76,043;15,44;"";"";32,889;11,83;53,6;"";"";"";"";"";"";"";"";"";"";"";"";"";"";"";"";"";"";"";"";"";"";"";"";"";"";"";"";"";"";"";"";"";"";"";"";"";"";"";"";"";"";"";"";"";"";"";"";"";"";"";"";"";"";"";"";"";"";"";"";"";"";"";"";""
03.01.2023 08:26:06;1672730766000;880f01e687e2572cea04e80fc6a68085;258496;OK;1826;0;0;0;0;0,03;-0,23;0;0;844;733;"";181,648;27,25;464,042;63,92;20,923;0,92;1,519;0,21;16,1;2,03;0,0;10,0;0,0;10,0;0,331;10,0;79,222;17,73;22,542;12,22;1,367;10,01;0,996;10,0;0,996;10,0;0,0;10,0;3,982;23,593;0,53;31,573;3,36;6,742;0,63;5,912;1,35;969,161;1,0;"";"";19,041;2,59;78,964;15,59;"";"";33,12;11,4;64,0;"";"";"";"";"";"";"";"";"";"";"";"";"";"";"";"";"";"";"";"";"";"";"";"";"";"";"";"";"";"";"";"";"";"";"";"";"";"";"";"";"";"";"";"";"";"";"";"";"";"";"";"";"";"";"";"";"";"";"";"";"";"";"";"";""
03.01.2023 08:28:07;1672730887000;880f01e687e2572cea04e80fc6a68085;258617;OK;1821;0;0;0;0;0,02;-8,44;0;0;844;733;"";181,976;27,3;460,993;63,83;20,92;0,92;1,519;0,21;16,296;2,04;0,0;10,0;0,0;10,0;0,549;10,0;115,515;21,26;34,819;13,42;2,548;10,24;1,333;10,1;1,198;10,1;0,0;10,0;5,074;23,596;0,53;31,572;3,36;6,743;0,63;5,914;1,35;969,176;1,0;"";"";19,335;2,58;81,045;15,7;"";"";33,79;11,15;56,7;"";"";"";"";"";"";"";"";"";"";"";"";"";"";"";"";"";"";"";"";"";"";"";"";"";"";"";"";"";"";"";"";"";"";"";"";"";"";"";"";"";"";"";"";"";"";"";"";"";"";"";"";"";"";"";"";"";"";"";"";"";"";"";"";""
03.01.2023 08:30:08;1672731008000;880f01e687e2572cea04e80fc6a68085;258738;OK;1828;0;0;0;0;0,05;-11,41;0;0;846;734;"";185,718;27,86;462,19;63,87;20,925;0,92;1,519;0,21;16,392;2,04;0,0;10,0;0,0;10,0;0,213;10,0;101,914;19,89;31,008;13,06;0,934;10,1;0,546;10,03;0,247;10,03;0,0;10,0;2,243;23,597;0,53;31,665;3,35;6,763;0,63;5,958;1,35;969,191;1,0;"";"";19,625;2,56;82,376;15,77;"";"";36,972;8,38;52,7;"";"";"";"";"";"";"";"";"";"";"";"";"";"";"";"";"";"";"";"";"";"";"";"";"";"";"";"";"";"";"";"";"";"";"";"";"";"";"";"";"";"";"";"";"";"";"";"";"";"";"";"";"";"";"";"";"";"";"";"";"";"";"";"";""
03.01.2023 08:32:10;1672731130000;880f01e687e2572cea04e80fc6a68085;258859;OK;1828;0;0;0;0;0,11;-6,05;0;0;848;735;"";189,142;28,37;461,686;63,85;20,919;0,92;1,52;0,21;16,549;2,05;0,0;10,0;0,0;10,0;0,127;10,0;92,23101;18,98;28,53;12,73;2,697;10,31;0,224;10,0;0,192;10,0;0,0;10,0;2,074;23,598;0,53;31,714;3,35;6,774;0,63;5,981;1,34;969,2169;1,0;"";"";19,961;2,55;83,478;15,83;"";"";32,655;11,29;53,1;"";"";"";"";"";"";"";"";"";"";"";"";"";"";"";"";"";"";"";"";"";"";"";"";"";"";"";"";"";"";"";"";"";"";"";"";"";"";"";"";"";"";"";"";"";"";"";"";"";"";"";"";"";"";"";"";"";"";"";"";"";"";"";"";""
03.01.2023 08:34:10;1672731250000;880f01e687e2572cea04e80fc6a68085;258980;OK;1824;0;0;0;0;0,04;-5,57;0;0;845;733;"";187,776;28,17;458,148;63,74;20,924;0,92;1,52;0,21;16,686;2,06;0,0;10,0;0,0;10,0;0,228;10,0;115,448;21,19;32,77;13,27;3,395;10,37;0,789;10,0;0,786;10,0;0,0;10,0;3,043;23,599;0,53;31,612;3,35;6,752;0,63;5,935;1,35;969,244;1,0;"";"";20,032;2,54;83,526;15,83;"";"";35,197;10,41;68,1;"";"";"";"";"";"";"";"";"";"";"";"";"";"";"";"";"";"";"";"";"";"";"";"";"";"";"";"";"";"";"";"";"";"";"";"";"";"";"";"";"";"";"";"";"";"";"";"";"";"";"";"";"";"";"";"";"";"";"";"";"";"";"";"";""
03.01.2023 08:36:10;1672731370000;880f01e687e2572cea04e80fc6a68085;259100;OK;1828;0;1;0;0;-0,13;-27,31;0;0;842;731;"";188,705;28,31;452,237;63,57;20,924;0,92;1,519;0,21;16,906;2,07;0,0;10,0;0,0;10,0;0,045;10,0;108,255;20,6;33,914;13,32;0,802;10,04;0,22;10,0;0,219;10,0;0,0;10,0;1,408;23,599;0,53;31,473;3,36;6,723;0,63;5,872;1,36;969,269;1,0;"";"";19,834;2,55;82,69401;15,79;"";"";35,329;10,16;60,5;"";"";"";"";"";"";"";"";"";"";"";"";"";"";"";"";"";"";"";"";"";"";"";"";"";"";"";"";"";"";"";"";"";"";"";"";"";"";"";"";"";"";"";"";"";"";"";"";"";"";"";"";"";"";"";"";"";"";"";"";"";"";"";"";""
03.01.2023 08:38:09;1672731489000;880f01e687e2572cea04e80fc6a68085;259219;OK;1831;0;1;0;0;-0,14;-28,65;0;0;843;733;"";188,834;28,33;452,278;63,57;20,924;0,92;1,518;0,21;17,19;2,09;0,0;10,0;0,0;10,0;1,03;10,0;115,761;21,28;35,361;13,43;3,165;10,35;1,658;10,15;1,658;10,15;0,0;10,0;6,257;23,599;0,53;31,548;3,36;6,739;0,63;5,906;1,35;969,265;1,0;"";"";19,847;2,55;82,18801;15,76;"";"";34,998;10,08;55,2;"";"";"";"";"";"";"";"";"";"";"";"";"";"";"";"";"";"";"";"";"";"";"";"";"";"";"";"";"";"";"";"";"";"";"";"";"";"";"";"";"";"";"";"";"";"";"";"";"";"";"";"";"";"";"";"";"";"";"";"";"";"";"";"";""
03.01.2023 08:40:10;1672731610000;880f01e687e2572cea04e80fc6a68085;259341;OK;1827;0;0;0;0;-0,11;-18,98;0;0;840;730;"";176,369;26,46;450,868;63,53;20,92;0,92;1,516;0,21;17,514;2,1;0,0;10,0;0,0;10,0;1,381;10,0;129,372;22,56;39,317;13,82;3,251;10,27;2,572;10,23;1,95;10,14;1,478;10,13;6,614;23,599;0,53;31,377;3,36;6,702;0,63;5,827;1,36;969,252;1,0;"";"";19,614;2,56;81,128;15,71;"";"";32,594;11,29;53,9;"";"";"";"";"";"";"";"";"";"";"";"";"";"";"";"";"";"";"";"";"";"";"";"";"";"";"";"";"";"";"";"";"";"";"";"";"";"";"";"";"";"";"";"";"";"";"";"";"";"";"";"";"";"";"";"";"";"";"";"";"";"";"";"";""
03.01.2023 08:42:12;1672731732000;880f01e687e2572cea04e80fc6a68085;259463;OK;1810;0;0;0;0;-0,15;-6,87;0;0;837;728;"";167,285;25,09;450,034;63,5;20,924;0,92;1,515;0,21;17,793;2,12;0,0;10,0;0,0;10,0;0,193;10,0;89,053;18,69;25,784;12,53;1,716;10,12;0,265;10,02;0,201;10,01;0,152;10,01;1,868;23,597;0,53;31,229;3,36;6,67;0,63;5,757;1,37;969,253;1,0;"";"";19,34;2,58;79,469;15,62;"";"";33,376;10,96;54,1;"";"";"";"";"";"";"";"";"";"";"";"";"";"";"";"";"";"";"";"";"";"";"";"";"";"";"";"";"";"";"";"";"";"";"";"";"";"";"";"";"";"";"";"";"";"";"";"";"";"";"";"";"";"";"";"";"";"";"";"";"";"";"";"";""
03.01.2023 08:44:13;1672731853000;880f01e687e2572cea04e80fc6a68085;259583;OK;1821;0;0;0;0;-0,21;-6,45;0;0;836;728;"";164,907;24,74;450,228;63,51;20,923;0,92;1,513;0,21;18,084;2,13;0,0;10,0;0,0;10,0;0,021;10,0;91,574;18,87;27,731;12,68;1,874;10,23;0,028;10,0;0,021;10,0;0,016;10,0;1,093;23,595;0,53;31,205;3,36;6,664;0,63;5,744;1,37;969,2849;1,0;"";"";19,136;2,59;78,295;15,56;"";"";33,086;11,27;53,3;"";"";"";"";"";"";"";"";"";"";"";"";"";"";"";"";"";"";"";"";"";"";"";"";"";"";"";"";"";"";"";"";"";"";"";"";"";"";"";"";"";"";"";"";"";"";"";"";"";"";"";"";"";"";"";"";"";"";"";"";"";"";"";"";""
03.01.2023 08:46:13;1672731973000;880f01e687e2572cea04e80fc6a68085;259703;OK;1820;0;0;0;0;-0,12;-2,94;0;0;835;728;"";160,271;24,04;448,928;63,47;20,922;0,92;1,511;0,21;18,357;2,15;0,0;10,0;0,0;10,0;0,002;10,0;93,191;19,1;27,22;12,62;0,247;10,02;0,003;10,0;0,002;10,0;0,002;10,0;1,01;23,594;0,53;31,172;3,36;6,657;0,63;5,729;1,37;969,321;1,0;"";"";18,975;2,59;77,432;15,51;"";"";37,969;9,64;77,4;"";"";"";"";"";"";"";"";"";"";"";"";"";"";"";"";"";"";"";"";"";"";"";"";"";"";"";"";"";"";"";"";"";"";"";"";"";"";"";"";"";"";"";"";"";"";"";"";"";"";"";"";"";"";"";"";"";"";"";"";"";"";"";"";""
03.01.2023 08:48:13;1672732093000;880f01e687e2572cea04e80fc6a68085;259823;OK;1826;0;0;0;0;0,01;0,48;0;0;838;730;"";157,598;23,64;451,118;63,53;20,923;0,92;1,511;0,21;18,574;2,16;0,0;10,0;0,0;10,0;0,0;10,0;99,742;19,72;30,82;13,02;2,14;10,12;0,713;10,0;0,0;10,0;0,0;10,0;1,001;23,595;0,53;31,279;3,36;6,68;0,63;5,778;1,37;969,304;1,0;"";"";19,012;2,59;77,591;15,52;"";"";34,462;10,71;74,9;"";"";"";"";"";"";"";"";"";"";"";"";"";"";"";"";"";"";"";"";"";"";"";"";"";"";"";"";"";"";"";"";"";"";"";"";"";"";"";"";"";"";"";"";"";"";"";"";"";"";"";"";"";"";"";"";"";"";"";"";"";"";"";"";""
03.01.2023 08:50:14;1672732214000;880f01e687e2572cea04e80fc6a68085;259944;OK;1822;0;0;0;0;0,09;10,41;0;0;839;731;"";163,322;24,5;453,484;63,6;20,923;0,92;1,51;0,21;18,817;2,17;0,0;10,0;0,0;10,0;0,299;10,0;109,208;20,61;33,008;13,23;1,938;10,02;0,465;10,0;0,389;10,0;0,0;10,0;3,543;23,586;0,53;31,341;3,36;6,689;0,63;5,799;1,36;969,276;1,0;"";"";19,194;2,58;76,643;15,47;"";"";33,84;11,08;54,5;"";"";"";"";"";"";"";"";"";"";"";"";"";"";"";"";"";"";"";"";"";"";"";"";"";"";"";"";"";"";"";"";"";"";"";"";"";"";"";"";"";"";"";"";"";"";"";"";"";"";"";"";"";"";"";"";"";"";"";"";"";"";"";"";""
03.01.2023 08:52:14;1672732334000;880f01e687e2572cea04e80fc6a68085;260064;OK;1817;0;0;0;0;0,07;9,64;0;0;837;731;"";160,751;24,11;452,434;63,57;20,923;0,92;1,51;0,21;19,106;2,19;0,0;10,0;0,0;10,0;0,742;10,0;131,727;22,8;37,204;13,69;2,654;10,05;1,165;10,0;1,157;10,0;0,0;10,0;6,879;23,577;0,53;31,268;3,36;6,671;0,63;5,758;1,37;969,29;1,0;"";"";19,36;2,58;75,873;15,43;"";"";34,849;10,79;53,1;"";"";"";"";"";"";"";"";"";"";"";"";"";"";"";"";"";"";"";"";"";"";"";"";"";"";"";"";"";"";"";"";"";"";"";"";"";"";"";"";"";"";"";"";"";"";"";"";"";"";"";"";"";"";"";"";"";"";"";"";"";"";"";"";""
03.01.2023 08:54:15;1672732455000;880f01e687e2572cea04e80fc6a68085;260185;OK;1812;0;0;0;0;-0,05;0,95;0;0;836;730;"";159,232;23,88;451,318;63,54;20,921;0,92;1,51;0,21;19,327;2,2;0,0;10,0;0,0;10,0;0,562;10,0;115,41;21,38;34,352;13,35;3,62;10,25;0,686;10,0;0,686;10,0;0,0;10,0;5,969;23,574;0,53;31,215;3,36;6,658;0,63;5,73;1,37;969,329;1,0;"";"";19,205;2,58;75,45;15,41;"";"";33,811;11,02;58,2;"";"";"";"";"";"";"";"";"";"";"";"";"";"";"";"";"";"";"";"";"";"";"";"";"";"";"";"";"";"";"";"";"";"";"";"";"";"";"";"";"";"";"";"";"";"";"";"";"";"";"";"";"";"";"";"";"";"";"";"";"";"";"";"";""
03.01.2023 08:56:15;1672732575000;880f01e687e2572cea04e80fc6a68085;260305;OK;1825;0;0;0;0;-0,12;-2,3;0;0;835;730;"";159,387;23,91;453,455;63,6;20,921;0,92;1,509;0,21;19,46;2,21;0,0;10,0;0,0;10,0;0,198;10,0;86,29001;18,48;25,819;12,53;0,722;10,03;0,337;10,0;0,336;10,0;0,0;10,0;2,77;23,576;0,53;31,192;3,36;6,654;0,63;5,722;1,37;969,38;1,0;"";"";19,069;2,59;75,514;15,41;"";"";34,325;10,26;54,3;"";"";"";"";"";"";"";"";"";"";"";"";"";"";"";"";"";"";"";"";"";"";"";"";"";"";"";"";"";"";"";"";"";"";"";"";"";"";"";"";"";"";"";"";"";"";"";"";"";"";"";"";"";"";"";"";"";"";"";"";"";"";"";"";""
03.01.2023 08:58:15;1672732695000;880f01e687e2572cea04e80fc6a68085;260426;OK;1814;0;0;0;0;-0,04;4,23;0;0;836;730;"";161,436;24,22;453,977;63,62;20,92;0,92;1,509;0,21;19,715;2,22;0,0;10,0;0,0;10,0;0,021;10,0;102,866;19,96;32,096;13,15;0,584;10,08;0,036;10,0;0,036;10,0;0,0;10,0;1,189;23,577;0,53;31,211;3,36;6,658;0,63;5,731;1,37;969,417;1,0;"";"";19,078;2,59;76,056;15,44;"";"";33,029;11,34;54,3;"";"";"";"";"";"";"";"";"";"";"";"";"";"";"";"";"";"";"";"";"";"";"";"";"";"";"";"";"";"";"";"";"";"";"";"";"";"";"";"";"";"";"";"";"";"";"";"";"";"";"";"";"";"";"";"";"";"";"";"";"";"";"";"";""
03.01.2023 09:00:16;1672732816000;880f01e687e2572cea04e80fc6a68085;260546;OK;1810;0;0;0;0;0,12;8,32;0;0;842;734;"";162,974;24,45;454,733;63,64;20,92;0,92;1,507;0,21;19,994;2,23;0,0;10,0;0,0;10,0;0,002;10,0;91,689;18,94;28,508;12,82;0,354;10,01;0,004;10,0;0,004;10,0;0,0;10,0;1,02;23,577;0,53;31,463;3,36;6,712;0,63;5,847;1,36;969,4349;1,0;"";"";19,262;2,58;76,934;15,48;"";"";55,422;5,68;83,30001;"";"";"";"";"";"";"";"";"";"";"";"";"";"";"";"";"";"";"";"";"";"";"";"";"";"";"";"";"";"";"";"";"";"";"";"";"";"";"";"";"";"";"";"";"";"";"";"";"";"";"";"";"";"";"";"";"";"";"";"";"";"";"";"";""
03.01.2023 09:02:18;1672732938000;880f01e687e2572cea04e80fc6a68085;260668;OK;1812;1;0;0;0;0,25;34,62;0;0;844;735;"";171,758;25,76;466,404;63,99;20,919;0,92;1,508;0,21;20,074;2,24;0,0;10,0;0,0;10,0;0,119;10,0;111,982;20,89;32,9;13,19;0,663;10,0;0,159;10,0;0,159;10,0;0,158;10,0;2,067;23,588;0,53;31,548;3,36;6,735;0,63;5,897;1,35;969,4329;1,0;"";"";19,695;2,56;79,572;15,62;"";"";48,014;7,42;84,8;"";"";"";"";"";"";"";"";"";"";"";"";"";"";"";"";"";"";"";"";"";"";"";"";"";"";"";"";"";"";"";"";"";"";"";"";"";"";"";"";"";"";"";"";"";"";"";"";"";"";"";"";"";"";"";"";"";"";"";"";"";"";"";"";""
03.01.2023 09:04:17;1672733057000;880f01e687e2572cea04e80fc6a68085;260787;OK;1807;1;0;0;0;0,56;51,25;0;0;859;745;"";172,387;25,86;470,232;64,11;20,919;0,92;1,51;0,21;20,382;2,26;0,0;10,0;0,0;10,0;0,286;10,0;88,239;18,68;25,139;12,46;1,301;10,07;0,611;10,0;0,611;10,0;0,017;10,0;3,576;23,598;0,53;32,22;3,34;6,882;0,62;6,21;1,32;969,431;1,0;"";"";20,478;2,52;83,53;15,83;"";"";35,895;10,19;81,4;"";"";"";"";"";"";"";"";"";"";"";"";"";"";"";"";"";"";"";"";"";"";"";"";"";"";"";"";"";"";"";"";"";"";"";"";"";"";"";"";"";"";"";"";"";"";"";"";"";"";"";"";"";"";"";"";"";"";"";"";"";"";"";"";""
03.01.2023 09:06:18;1672733178000;880f01e687e2572cea04e80fc6a68085;260909;OK;1819;1;0;0;0;0,79;41,42;0;0;867;751;"";178,851;26,83;471,089;64,13;20,921;0,92;1,511;0,21;20,835;2,28;0,0;10,0;0,0;10,0;0,148;10,0;125,499;22,15;39,055;13,88;0,929;10,02;0,221;10,0;0,221;10,0;0,002;10,0;2,33;23,609;0,53;32,602;3,34;6,968;0,62;6,391;1,3;969,418;1,0;"";"";21,561;2,47;89,20401;16,13;"";"";35,571;10,05;58,5;"";"";"";"";"";"";"";"";"";"";"";"";"";"";"";"";"";"";"";"";"";"";"";"";"";"";"";"";"";"";"";"";"";"";"";"";"";"";"";"";"";"";"";"";"";"";"";"";"";"";"";"";"";"";"";"";"";"";"";"";"";"";"";"";""
03.01.2023 09:08:18;1672733298000;880f01e687e2572cea04e80fc6a68085;261029;OK;1819;0;0;0;0;0,7;16,65;0;0;868;751;"";181,671;27,25;474,174;64,23;20,921;0,92;1,511;0,21;20,823;2,28;0,0;10,0;0,0;10,0;0,27;10,0;104,693;20,26;32,651;13,15;0,714;10,0;0,638;10,0;0,638;10,0;0,615;10,0;3,431;23,629;0,53;32,617;3,34;6,979;0,62;6,415;1,3;969,417;1,0;"";"";22,267;2,43;92,936;16,33;"";"";33,495;11,12;55,9;"";"";"";"";"";"";"";"";"";"";"";"";"";"";"";"";"";"";"";"";"";"";"";"";"";"";"";"";"";"";"";"";"";"";"";"";"";"";"";"";"";"";"";"";"";"";"";"";"";"";"";"";"";"";"";"";"";"";"";"";"";"";"";"";""
03.01.2023 09:10:19;1672733419000;880f01e687e2572cea04e80fc6a68085;261149;OK;1818;0;0;0;0;0,31;21,78;0;0;869;750;"";183,532;27,53;478,388;64,35;20,916;0,92;1,512;0,21;20,621;2,27;0,0;10,0;0,0;10,0;0,138;10,0;90,99501;18,95;28,177;12,75;0,897;10,0;0,442;10,0;0,06800001;10,0;0,06599999;10,0;2,24;23,644;0,53;32,672;3,34;6,997;0,62;6,453;1,3;969,432;1,0;"";"";22,577;2,42;95,279;16,46;"";"";35,297;10,09;63,4;"";"";"";"";"";"";"";"";"";"";"";"";"";"";"";"";"";"";"";"";"";"";"";"";"";"";"";"";"";"";"";"";"";"";"";"";"";"";"";"";"";"";"";"";"";"";"";"";"";"";"";"";"";"";"";"";"";"";"";"";"";"";"";"";""
03.01.2023 09:12:19;1672733539000;880f01e687e2572cea04e80fc6a68085;261269;OK;1822;1;0;0;0;0,07;35,72;0;0;868;745;"";188,888;28,33;483,725;64,51;20,916;0,92;1,513;0,21;20,317;2,25;0,0;10,0;0,0;10,0;0,015;10,0;126,153;22,24;37,792;13,7;0,677;10,0;0,047;10,0;0,007;10,0;0,007;10,0;1,132;23,662;0,53;32,627;3,34;6,994;0,62;6,449;1,3;969,475;1,0;"";"";22,597;2,42;96,223;16,51;"";"";34,484;10,18;56,6;"";"";"";"";"";"";"";"";"";"";"";"";"";"";"";"";"";"";"";"";"";"";"";"";"";"";"";"";"";"";"";"";"";"";"";"";"";"";"";"";"";"";"";"";"";"";"";"";"";"";"";"";"";"";"";"";"";"";"";"";"";"";"";"";""
03.01.2023 09:14:19;1672733659000;880f01e687e2572cea04e80fc6a68085;261389;OK;1819;1;0;0;0;0,07;32,78;0;0;869;744;"";193,341;29,0;484,437;64,53;20,916;0,92;1,515;0,21;20,086;2,24;0,115;10,0;0,19;10,0;0,751;10,0;148,809;24,51;46,486;14,59;2,659;10,08;0,785;10,0;0,526;10,0;0,001;10,0;5,638;23,678;0,53;32,665;3,34;7,009;0,62;6,48;1,3;969,518;1,0;"";"";22,601;2,42;96,26201;16,51;"";"";32,924;11,57;54,2;"";"";"";"";"";"";"";"";"";"";"";"";"";"";"";"";"";"";"";"";"";"";"";"";"";"";"";"";"";"";"";"";"";"";"";"";"";"";"";"";"";"";"";"";"";"";"";"";"";"";"";"";"";"";"";"";"";"";"";"";"";"";"";"";""
03.01.2023 09:16:21;1672733781000;880f01e687e2572cea04e80fc6a68085;261511;OK;1829;1;0;0;0;0,06;36,25;0;0;869;736;"";196,012;29,4;493,191;64,8;20,917;0,92;1,516;0,21;19,599;2,21;0,012;10,0;0,02;10,0;0,246;10,0;107,767;20,55;31,821;13,2;1,746;10,16;0,746;10,0;0,718;10,0;0,468;10,0;2,988;23,696;0,53;32,66;3,34;7,015;0,62;6,494;1,3;969,5609;1,0;"";"";22,441;2,42;96,324;16,52;"";"";31,814;12,13;54,0;"";"";"";"";"";"";"";"";"";"";"";"";"";"";"";"";"";"";"";"";"";"";"";"";"";"";"";"";"";"";"";"";"";"";"";"";"";"";"";"";"";"";"";"";"";"";"";"";"";"";"";"";"";"";"";"";"";"";"";"";"";"";"";"";""
03.01.2023 09:18:22;1672733902000;880f01e687e2572cea04e80fc6a68085;261632;OK;1836;1;0;0;0;0,08;83,34;0;0;869;714;"";203,012;30,45;516,971;65,51;20,912;0,92;1,516;0,21;19,286;2,2;0,001;10,0;0,002;10,0;0,09099999;10,0;103,089;20,1;28,926;12,83;1,06;10,02;0,126;10,0;0,123;10,0;0,096;10,0;1,796;23,71;0,53;32,674;3,33;7,023;0,62;6,512;1,3;969,596;1,0;"";"";22,29;2,43;96,64901;16,54;"";"";31,091;12,71;55,3;"";"";"";"";"";"";"";"";"";"";"";"";"";"";"";"";"";"";"";"";"";"";"";"";"";"";"";"";"";"";"";"";"";"";"";"";"";"";"";"";"";"";"";"";"";"";"";"";"";"";"";"";"";"";"";"";"";"";"";"";"";"";"";"";""
03.01.2023 09:20:22;1672734022000;880f01e687e2572cea04e80fc6a68085;261752;OK;1825;1;0;0;0;0,04;82,44;0;0;868;719;"";205,633;30,84;509,26;65,28;20,913;0,92;1,517;0,21;18,987;2,18;0,0;10,0;0,0;10,0;0,137;10,0;99,277;19,73;30,532;13,01;0,611;10,02;0,201;10,0;0,201;10,0;0,01;10,0;2,234;23,734;0,53;32,644;3,33;7,026;0,62;6,519;1,3;969,624;1,0;"";"";22,077;2,44;96,17701;16,52;"";"";32,745;11,72;53,4;"";"";"";"";"";"";"";"";"";"";"";"";"";"";"";"";"";"";"";"";"";"";"";"";"";"";"";"";"";"";"";"";"";"";"";"";"";"";"";"";"";"";"";"";"";"";"";"";"";"";"";"";"";"";"";"";"";"";"";"";"";"";"";"";""
03.01.2023 09:22:22;1672734142000;880f01e687e2572cea04e80fc6a68085;261873;OK;1811;1;0;0;0;-0,02;36,3;0;0;865;717;"";211,179;31,68;507,935;65,24;20,917;0,92;1,519;0,21;18,553;2,16;0,0;10,0;0,0;10,0;0,015;10,0;108,801;20,62;33,563;13,32;0,526;10,06;0,021;10,0;0,021;10,0;0,001;10,0;1,132;23,752;0,53;32,498;3,34;7,002;0,63;6,47;1,31;969,6489;1,0;"";"";21,798;2,46;95,151;16,47;"";"";32,044;11,99;53,2;"";"";"";"";"";"";"";"";"";"";"";"";"";"";"";"";"";"";"";"";"";"";"";"";"";"";"";"";"";"";"";"";"";"";"";"";"";"";"";"";"";"";"";"";"";"";"";"";"";"";"";"";"";"";"";"";"";"";"";"";"";"";"";"";""
03.01.2023 09:24:23;1672734263000;880f01e687e2572cea04e80fc6a68085;261993;OK;1832;0;0;0;0;-0,09;-2,47;0;0;863;711;"";211,8;31,77;512,748;65,38;20,919;0,92;1,52;0,21;18,112;2,14;0,0;10,0;0,0;10,0;0,002;10,0;92,811;19,18;29,315;12,88;0,056;10,01;0,002;10,0;0,002;10,0;0,0;10,0;1,014;23,769;0,53;32,424;3,34;6,993;0,63;6,452;1,31;969,6779;1,0;"";"";21,374;2,48;93,864;16,4;"";"";33,173;11,57;53,2;"";"";"";"";"";"";"";"";"";"";"";"";"";"";"";"";"";"";"";"";"";"";"";"";"";"";"";"";"";"";"";"";"";"";"";"";"";"";"";"";"";"";"";"";"";"";"";"";"";"";"";"";"";"";"";"";"";"";"";"";"";"";"";"";""
03.01.2023 09:26:24;1672734384000;880f01e687e2572cea04e80fc6a68085;262114;OK;1837;0;0;0;0;-0,05;17,17;0;0;863;708;"";217,435;32,62;515,191;65,46;20,913;0,92;1,521;0,21;17,817;2,12;0,0;10,0;0,0;10,0;0,157;10,0;102,665;20,11;33,148;13,25;0,8389999;10,05;0,374;10,0;0,374;10,0;0,0;10,0;2,414;23,786;0,53;32,425;3,34;7,0;0,63;6,467;1,31;969,712;1,0;"";"";21,11;2,49;93,262;16,37;"";"";34,724;10,8;56,8;"";"";"";"";"";"";"";"";"";"";"";"";"";"";"";"";"";"";"";"";"";"";"";"";"";"";"";"";"";"";"";"";"";"";"";"";"";"";"";"";"";"";"";"";"";"";"";"";"";"";"";"";"";"";"";"";"";"";"";"";"";"";"";"";""
03.01.2023 09:28:24;1672734504000;880f01e687e2572cea04e80fc6a68085;262235;OK;1811;1;0;0;0;0,01;36,67;0;0;863;700;"";221,572;33,24;522,36;65,67;20,912;0,92;1,523;0,22;17,592;2,11;0,0;10,0;0,0;10,0;0,285;10,0;110,138;20,79;34,668;13,35;1,354;10,09;1,305;10,09;0,753;10,0;0,0;10,0;3,569;23,807;0,53;32,415;3,34;7,006;0,63;6,48;1,31;969,7269;1,0;"";"";20,96;2,5;92,65;16,34;"";"";32,6;11,67;54,4;"";"";"";"";"";"";"";"";"";"";"";"";"";"";"";"";"";"";"";"";"";"";"";"";"";"";"";"";"";"";"";"";"";"";"";"";"";"";"";"";"";"";"";"";"";"";"";"";"";"";"";"";"";"";"";"";"";"";"";"";"";"";"";"";""
03.01.2023 09:30:23;1672734623000;880f01e687e2572cea04e80fc6a68085;262353;OK;1831;1;0;0;0;0,06;35,89;0;0;863;696;"";223,412;33,51;525,568;65,77;20,912;0,92;1,524;0,22;17,374;2,1;0,0;10,0;0,0;10,0;0,048;10,0;112,37;20,86;33,503;13,26;0,588;10,02;0,18;10,01;0,083;10,0;0,0;10,0;1,432;23,822;0,53;32,413;3,34;7,012;0,63;6,493;1,31;969,737;1,0;"";"";20,856;2,5;92,13301;16,32;"";"";31,501;12,36;55,6;"";"";"";"";"";"";"";"";"";"";"";"";"";"";"";"";"";"";"";"";"";"";"";"";"";"";"";"";"";"";"";"";"";"";"";"";"";"";"";"";"";"";"";"";"";"";"";"";"";"";"";"";"";"";"";"";"";"";"";"";"";"";"";"";""
03.01.2023 09:32:24;1672734744000;880f01e687e2572cea04e80fc6a68085;262474;OK;1830;1;0;0;0;0,05;52,16;0;0;863;688;"";228,195;34,23;534,132;66,02;20,912;0,92;1,526;0,22;17,201;2,09;0,0;10,0;0,0;10,0;0,099;10,0;128,676;22,54;39,475;13,88;1,495;10,09;0,292;10,0;0,281;10,0;0,0;10,0;1,892;23,841;0,53;32,41;3,34;7,019;0,63;6,508;1,31;969,74;1,0;"";"";20,702;2,51;91,49501;16,29;"";"";33,062;11,91;53,3;"";"";"";"";"";"";"";"";"";"";"";"";"";"";"";"";"";"";"";"";"";"";"";"";"";"";"";"";"";"";"";"";"";"";"";"";"";"";"";"";"";"";"";"";"";"";"";"";"";"";"";"";"";"";"";"";"";"";"";"";"";"";"";"";""
03.01.2023 09:34:25;1672734865000;880f01e687e2572cea04e80fc6a68085;262596;OK;1806;1;0;0;0;0,01;39,6;0;0;861;686;"";227,277;34,09;533,274;66,0;20,911;0,92;1,527;0,22;16,802;2,07;0,0;10,0;0,0;10,0;0,01;10,0;98,573;19,75;30,987;13,1;0,154;10,01;0,03;10,0;0,029;10,0;0,0;10,0;1,092;23,853;0,53;32,324;3,34;7,005;0,63;6,48;1,31;969,747;1,0;"";"";20,414;2,53;90,773;16,25;"";"";31,711;12,54;53,8;"";"";"";"";"";"";"";"";"";"";"";"";"";"";"";"";"";"";"";"";"";"";"";"";"";"";"";"";"";"";"";"";"";"";"";"";"";"";"";"";"";"";"";"";"";"";"";"";"";"";"";"";"";"";"";"";"";"";"";"";"";"";"";"";""
03.01.2023 09:36:26;1672734986000;880f01e687e2572cea04e80fc6a68085;262716;OK;1817;1;0;0;0;0,01;29,6;0;0;863;682;"";228,57;34,29;539,001;66,17;20,909;0,92;1,527;0,22;16,492;2,05;0,0;10,0;0,0;10,0;0,001;10,0;116,122;21,39;34,658;13,41;1,309;10,0;0,003;10,0;0,003;10,0;0,0;10,0;1,01;23,866;0,53;32,379;3,34;7,022;0,63;6,516;1,31;969,77;1,0;"";"";20,242;2,53;90,418;16,23;"";"";31,411;12,54;58,5;"";"";"";"";"";"";"";"";"";"";"";"";"";"";"";"";"";"";"";"";"";"";"";"";"";"";"";"";"";"";"";"";"";"";"";"";"";"";"";"";"";"";"";"";"";"";"";"";"";"";"";"";"";"";"";"";"";"";"";"";"";"";"";"";""
03.01.2023 09:38:26;1672735106000;880f01e687e2572cea04e80fc6a68085;262835;OK;1855;1;0;0;0;0,12;52,26;0;0;866;669;"";237,696;35,65;556,318;66,69;20,903;0,92;1,528;0,22;16,382;2,04;0,0;10,0;0,052;10,0;0,13;10,0;132,037;22,97;37,439;13,74;4,31;10,31;1,944;10,18;1,19;10,0;0,0;10,0;1,781;23,881;0,53;32,528;3,34;7,06;0,63;6,596;1,3;969,783;1,0;"";"";20,25;2,53;90,793;16,25;"";"";34,039;11,44;52,9;"";"";"";"";"";"";"";"";"";"";"";"";"";"";"";"";"";"";"";"";"";"";"";"";"";"";"";"";"";"";"";"";"";"";"";"";"";"";"";"";"";"";"";"";"";"";"";"";"";"";"";"";"";"";"";"";"";"";"";"";"";"";"";"";""
03.01.2023 09:40:26;1672735226000;880f01e687e2572cea04e80fc6a68085;262956;OK;1819;2;0;0;0;0,21;102,7;0;0;867;658;"";239,179;35,88;569,073;67,07;20,902;0,92;1,53;0,22;16,241;2,04;0,0;10,0;0,006;10,0;0,039;10,0;102,415;20,02;30,536;13,06;2,053;10,28;0,207;10,02;0,127;10,0;0,0;10,0;1,308;23,896;0,53;32,57;3,33;7,075;0,63;6,628;1,3;969,794;1,0;"";"";20,279;2,53;91,104;16,27;"";"";33,625;11,66;57,1;"";"";"";"";"";"";"";"";"";"";"";"";"";"";"";"";"";"";"";"";"";"";"";"";"";"";"";"";"";"";"";"";"";"";"";"";"";"";"";"";"";"";"";"";"";"";"";"";"";"";"";"";"";"";"";"";"";"";"";"";"";"";"";"";""
03.01.2023 09:42:25;1672735345000;880f01e687e2572cea04e80fc6a68085;263075;OK;1821;1;0;0;0;0,2;99,95;0;0;869;655;"";243,325;36,5;573,62;67,21;20,902;0,92;1,53;0,22;16,086;2,03;0,0;10,0;0,001;10,0;0,004;10,0;123,946;22,15;34,957;13,4;1,242;10,07;0,023;10,0;0,014;10,0;0,0;10,0;1,034;23,915;0,53;32,631;3,33;7,096;0,63;6,672;1,3;969,802;1,0;"";"";20,278;2,53;91,539;16,3;"";"";32,592;12,04;55,9;"";"";"";"";"";"";"";"";"";"";"";"";"";"";"";"";"";"";"";"";"";"";"";"";"";"";"";"";"";"";"";"";"";"";"";"";"";"";"";"";"";"";"";"";"";"";"";"";"";"";"";"";"";"";"";"";"";"";"";"";"";"";"";"";""
03.01.2023 09:44:25;1672735465000;880f01e687e2572cea04e80fc6a68085;263195;OK;1826;1;0;0;0;0,21;98,71;0;0;872;638;"";250,897;37,63;596,292;67,89;20,901;0,92;1,532;0,22;16,023;2,02;0,0;10,0;0,0;10,0;0,0;10,0;98,166;19,67;25,643;12,52;0,133;10,01;0,002;10,0;0,001;10,0;0,0;10,0;1,004;23,934;0,53;32,8;3,33;7,141;0,63;6,764;1,29;969,806;1,0;"";"";20,406;2,53;92,149;16,33;"";"";34,077;10,96;54,2;"";"";"";"";"";"";"";"";"";"";"";"";"";"";"";"";"";"";"";"";"";"";"";"";"";"";"";"";"";"";"";"";"";"";"";"";"";"";"";"";"";"";"";"";"";"";"";"";"";"";"";"";"";"";"";"";"";"";"";"";"";"";"";"";""
03.01.2023 09:46:26;1672735586000;880f01e687e2572cea04e80fc6a68085;263316;OK;1818;4;0;0;0;0,37;217,08;0;0;878;595;"";264,856;39,73;655,765;69,67;20,89;0,92;1,534;0,22;16,119;2,03;0,0;10,0;0,0;10,0;0,123;10,0;111,262;20,84;33,215;13,27;1,131;10,07;0,267;10,0;0,267;10,0;0,0;10,0;2,105;23,947;0,53;33,069;3,33;7,205;0,63;6,895;1,28;969,81;1,0;"";"";20,751;2,51;93,679;16,42;"";"";32,941;11,48;56,3;"";"";"";"";"";"";"";"";"";"";"";"";"";"";"";"";"";"";"";"";"";"";"";"";"";"";"";"";"";"";"";"";"";"";"";"";"";"";"";"";"";"";"";"";"";"";"";"";"";"";"";"";"";"";"";"";"";"";"";"";"";"";"";"";""
03.01.2023 09:48:26;1672735706000;880f01e687e2572cea04e80fc6a68085;263436;OK;1831;5;0;0;0;0,38;289,74;0;0;879;589;"";266,436;39,97;662,044;69,86;20,891;0,92;1,536;0,22;16,11;2,03;0,0;10,0;0,0;10,0;0,013;10,0;133,743;23,11;41,329;14,06;0,317;10,01;0,225;10,0;0,028;10,0;0,0;10,0;1,118;23,963;0,53;33,116;3,32;7,222;0,63;6,93;1,28;969,82;1,0;"";"";20,989;2,5;95,276;16,5;"";"";33,408;11,38;62,5;"";"";"";"";"";"";"";"";"";"";"";"";"";"";"";"";"";"";"";"";"";"";"";"";"";"";"";"";"";"";"";"";"";"";"";"";"";"";"";"";"";"";"";"";"";"";"";"";"";"";"";"";"";"";"";"";"";"";"";"";"";"";"";"";""
03.01.2023 09:50:27;1672735827000;880f01e687e2572cea04e80fc6a68085;263557;OK;1824;2;0;0;0;0,21;126,48;0;0;878;607;"";264,891;39,73;637,563;69,13;20,896;0,92;1,537;0,22;15,859;2,02;0,0;10,0;0,0;10,0;0,001;10,0;129,594;22,66;39,305;13,85;0,502;10,0;0,024;10,0;0,003;10,0;0,0;10,0;1,013;23,972;0,53;33,049;3,33;7,211;0,63;6,908;1,28;969,8359;1,0;"";"";21,039;2,5;95,33999;16,51;"";"";32,118;12,4;54,1;"";"";"";"";"";"";"";"";"";"";"";"";"";"";"";"";"";"";"";"";"";"";"";"";"";"";"";"";"";"";"";"";"";"";"";"";"";"";"";"";"";"";"";"";"";"";"";"";"";"";"";"";"";"";"";"";"";"";"";"";"";"";"";"";""
03.01.2023 09:52:27;1672735947000;880f01e687e2572cea04e80fc6a68085;263677;OK;1817;0;1;0;0;0,06;-46,51;0;0;879;606;"";270,644;40,6;639,996;69,2;20,897;0,92;1,538;0,22;15,682;2,01;0,0;10,0;0,0;10,0;0,0;10,0;143,303;24,01;43,158;14,19;0,1;10,0;0,003;10,0;0,0;10,0;0,0;10,0;1,001;23,982;0,53;33,129;3,32;7,232;0,63;6,951;1,28;969,861;1,0;"";"";20,978;2,5;95,747;16,53;"";"";33,012;12,07;56,0;"";"";"";"";"";"";"";"";"";"";"";"";"";"";"";"";"";"";"";"";"";"";"";"";"";"";"";"";"";"";"";"";"";"";"";"";"";"";"";"";"";"";"";"";"";"";"";"";"";"";"";"";"";"";"";"";"";"";"";"";"";"";"";"";""
03.01.2023 09:54:25;1672736065000;880f01e687e2572cea04e80fc6a68085;263795;OK;1825;0;0;0;0;0,11;-19,23;0;0;882;594;"";278,069;41,71;656,124;69,68;20,897;0,92;1,54;0,22;15,628;2,0;0,0;10,0;0,0;10,0;0,413;10,0;91,862;18,9;27,483;12,65;0,996;10,0;0,525;10,0;0,525;10,0;0,0;10,0;4,714;23,993;0,53;33,234;3,32;7,259;0,63;7,007;1,27;969,905;1,0;"";"";21,007;2,5;96,16401;16,55;"";"";33,374;11,25;54,0;"";"";"";"";"";"";"";"";"";"";"";"";"";"";"";"";"";"";"";"";"";"";"";"";"";"";"";"";"";"";"";"";"";"";"";"";"";"";"";"";"";"";"";"";"";"";"";"";"";"";"";"";"";"";"";"";"";"";"";"";"";"";"";"";""
03.01.2023 09:56:27;1672736187000;880f01e687e2572cea04e80fc6a68085;263916;OK;1838;1;0;0;0;0,18;66,30001;0;0;883;595;"";297,999;44,7;655,538;69,67;20,897;0,92;1,541;0,22;15,382;1,99;0,0;10,0;0,0;10,0;0,09700001;10,0;130,642;22,82;39,082;13,78;1,967;10,22;0,564;10,0;0,564;10,0;0,0;10,0;1,875;24,009;0,53;33,282;3,32;7,277;0,63;7,042;1,27;969,961;1,0;"";"";20,954;2,5;96,381;16,57;"";"";32,204;11,94;53,2;"";"";"";"";"";"";"";"";"";"";"";"";"";"";"";"";"";"";"";"";"";"";"";"";"";"";"";"";"";"";"";"";"";"";"";"";"";"";"";"";"";"";"";"";"";"";"";"";"";"";"";"";"";"";"";"";"";"";"";"";"";"";"";"";""
03.01.2023 09:58:28;1672736308000;880f01e687e2572cea04e80fc6a68085;264038;OK;1810;2;0;0;0;0,17;100,79;0;0;884;577;"";348,169;52,23;679,244;70,38;20,889;0,92;1,543;0,22;15,345;1,99;0,0;10,0;0,0;10,0;0,01;10,0;143,412;24,07;41,815;14,05;1,205;10,09;0,058;10,0;0,058;10,0;0,0;10,0;1,09;24,023;0,53;33,346;3,32;7,296;0,63;7,082;1,27;969,996;1,0;"";"";20,914;2,5;96,56;16,58;"";"";33,105;11,67;56,9;"";"";"";"";"";"";"";"";"";"";"";"";"";"";"";"";"";"";"";"";"";"";"";"";"";"";"";"";"";"";"";"";"";"";"";"";"";"";"";"";"";"";"";"";"";"";"";"";"";"";"";"";"";"";"";"";"";"";"";"";"";"";"";"";""
03.01.2023 10:00:28;1672736428000;880f01e687e2572cea04e80fc6a68085;264158;OK;1822;2;0;0;0;0,16;109,11;0;0;872;558;"";417,409;62,61;696,045;70,88;20,888;0,92;1,546;0,22;15,273;1,99;0,0;10,0;0,0;10,0;0,154;10,0;117,505;21,49;35,692;13,53;1,975;10,13;0,508;10,0;0,508;10,0;0,0;10,0;2,384;24,038;0,53;33,414;3,32;7,318;0,63;7,126;1,26;970,019;1,0;"";"";20,945;2,5;96,968;16,6;"";"";32,138;11,98;57,4;"";"";"";"";"";"";"";"";"";"";"";"";"";"";"";"";"";"";"";"";"";"";"";"";"";"";"";"";"";"";"";"";"";"";"";"";"";"";"";"";"";"";"";"";"";"";"";"";"";"";"";"";"";"";"";"";"";"";"";"";"";"";"";"";""
03.01.2023 10:02:28;1672736548000;880f01e687e2572cea04e80fc6a68085;264278;OK;1824;2;0;0;0;0,12;102,25;0;0;870;558;"";427,396;64,11;692,201;70,77;20,889;0,92;1,549;0,22;15,178;1,98;0,0;10,0;0,0;10,0;0,016;10,0;86,095;18,39;26,177;12,58;0,211;10,01;0,054;10,0;0,054;10,0;0,0;10,0;1,148;24,047;0,53;33,388;3,32;7,315;0,63;7,122;1,26;970,0399;1,0;"";"";20,899;2,5;97,22301;16,62;"";"";31,046;12,27;53,9;"";"";"";"";"";"";"";"";"";"";"";"";"";"";"";"";"";"";"";"";"";"";"";"";"";"";"";"";"";"";"";"";"";"";"";"";"";"";"";"";"";"";"";"";"";"";"";"";"";"";"";"";"";"";"";"";"";"";"";"";"";"";"";"";""
03.01.2023 10:04:28;1672736668000;880f01e687e2572cea04e80fc6a68085;264398;OK;1813;1;0;0;0;0,07;33,87;0;0;870;555;"";428,421;64,26;693,881;70,82;20,89;0,92;1,553;0,22;15,046;1,97;0,0;10,0;0,0;10,0;0,002;10,0;101,942;19,94;31,378;13,07;1,023;10,0;0,006;10,0;0,006;10,0;0,0;10,0;1,016;24,063;0,53;33,41;3,32;7,327;0,63;7,146;1,26;970,058;1,0;"";"";20,739;2,51;97,11699;16,61;"";"";32,447;11,94;54,0;"";"";"";"";"";"";"";"";"";"";"";"";"";"";"";"";"";"";"";"";"";"";"";"";"";"";"";"";"";"";"";"";"";"";"";"";"";"";"";"";"";"";"";"";"";"";"";"";"";"";"";"";"";"";"";"";"";"";"";"";"";"";"";"";""
03.01.2023 10:06:28;1672736788000;880f01e687e2572cea04e80fc6a68085;264519;OK;1819;0;0;0;0;0,09;0,44;0;0;872;559;"";421,854;63,28;692,695;70,78;20,893;0,92;1,553;0,22;14,943;1,97;0,03;10,0;0,03;10,0;0,03;10,0;134,389;23,12;39,634;13,9;0,99;10,0;0,001;10,0;0,001;10,0;0,0;10,0;1,002;24,074;0,53;33,473;3,32;7,345;0,63;7,183;1,26;970,059;1,0;"";"";20,586;2,52;97,05501;16,61;"";"";32,012;12,24;53,2;"";"";"";"";"";"";"";"";"";"";"";"";"";"";"";"";"";"";"";"";"";"";"";"";"";"";"";"";"";"";"";"";"";"";"";"";"";"";"";"";"";"";"";"";"";"";"";"";"";"";"";"";"";"";"";"";"";"";"";"";"";"";"";"";""
03.01.2023 10:08:30;1672736910000;880f01e687e2572cea04e80fc6a68085;264640;OK;1811;0;0;0;0;0,1;-10,19;0;0;872;560;"";421,611;63,24;689,596;70,69;20,891;0,92;1,554;0,22;14,818;1,96;0,003;10,0;0,003;10,0;0,003;10,0;139,259;23,58;41,17;14,08;1,437;10,0;0,0;10,0;0,0;10,0;0,0;10,0;1,0;24,091;0,53;33,452;3,32;7,348;0,63;7,189;1,26;970,0689;1,0;"";"";20,501;2,52;96,515;16,59;"";"";31,855;12,39;56,9;"";"";"";"";"";"";"";"";"";"";"";"";"";"";"";"";"";"";"";"";"";"";"";"";"";"";"";"";"";"";"";"";"";"";"";"";"";"";"";"";"";"";"";"";"";"";"";"";"";"";"";"";"";"";"";"";"";"";"";"";"";"";"";"";""
03.01.2023 10:10:30;1672737030000;880f01e687e2572cea04e80fc6a68085;264760;OK;1819;0;0;0;0;0,09;4,53;0;0;872;552;"";423,239;63,49;698,829;70,96;20,891;0,92;1,555;0,22;14,684;1,95;0,0;10,0;0,0;10,0;0,284;10,0;137,056;23,33;39,604;13,87;2,027;10,09;0,5809999;10,0;0,5809999;10,0;0,0;10,0;3,553;24,108;0,53;33,488;3,32;7,363;0,63;7,22;1,26;970,089;1,0;"";"";20,455;2,53;96,32;16,58;"";"";33,216;11,64;54,5;"";"";"";"";"";"";"";"";"";"";"";"";"";"";"";"";"";"";"";"";"";"";"";"";"";"";"";"";"";"";"";"";"";"";"";"";"";"";"";"";"";"";"";"";"";"";"";"";"";"";"";"";"";"";"";"";"";"";"";"";"";"";"";"";""
03.01.2023 10:12:31;1672737151000;880f01e687e2572cea04e80fc6a68085;264881;OK;1819;1;0;0;0;0,03;50,02;0;0;880;547;"";398,135;59,72;709,606;71,29;20,894;0,92;1,557;0,22;14,475;1,94;0,0;10,0;0,0;10,0;0,034;10,0;97,108;19,43;30,148;12,96;0,597;10,01;0,062;10,0;0,062;10,0;0,0;10,0;1,306;24,119;0,53;33,394;3,32;7,347;0,63;7,188;1,26;970,12;1,0;"";"";20,221;2,54;95,92501;16,56;"";"";32,198;11,97;54,1;"";"";"";"";"";"";"";"";"";"";"";"";"";"";"";"";"";"";"";"";"";"";"";"";"";"";"";"";"";"";"";"";"";"";"";"";"";"";"";"";"";"";"";"";"";"";"";"";"";"";"";"";"";"";"";"";"";"";"";"";"";"";"";"";""
03.01.2023 10:14:30;1672737270000;880f01e687e2572cea04e80fc6a68085;265000;OK;1825;0;0;0;0;-0,06;13,75;0;0;883;560;"";384,142;57,62;691,799;70,75;20,901;0,92;1,556;0,22;14,246;1,93;0,0;10,0;0,0;10,0;0,024;10,0;133,648;23,02;41,146;14,06;1,238;10,0;0,208;10,0;0,208;10,0;0,0;10,0;1,219;24,126;0,53;33,322;3,32;7,334;0,63;7,162;1,27;970,138;1,0;"";"";19,843;2,56;94,423;16,48;"";"";33,86;11,89;54,6;"";"";"";"";"";"";"";"";"";"";"";"";"";"";"";"";"";"";"";"";"";"";"";"";"";"";"";"";"";"";"";"";"";"";"";"";"";"";"";"";"";"";"";"";"";"";"";"";"";"";"";"";"";"";"";"";"";"";"";"";"";"";"";"";""
03.01.2023 10:16:29;1672737389000;880f01e687e2572cea04e80fc6a68085;265120;OK;1807;0;0;0;0;-0,04;-12,49;0;0;881;554;"";398,623;59,79;700,0999;71,0;20,895;0,92;1,557;0,22;14,183;1,93;0,0;10,0;0,0;10,0;0,217;10,0;113,356;21,16;35,167;13,48;1,238;10,08;0,67;10,0;0,247;10,0;0,225;10,0;2,614;24,135;0,53;33,424;3,32;7,36;0,63;7,215;1,26;970,113;1,0;"";"";19,688;2,56;94,1;16,47;"";"";32,186;12,23;58,3;"";"";"";"";"";"";"";"";"";"";"";"";"";"";"";"";"";"";"";"";"";"";"";"";"";"";"";"";"";"";"";"";"";"";"";"";"";"";"";"";"";"";"";"";"";"";"";"";"";"";"";"";"";"";"";"";"";"";"";"";"";"";"";"";""
03.01.2023 10:18:30;1672737510000;880f01e687e2572cea04e80fc6a68085;265240;OK;1832;1;0;0;0;0,18;37,74;0;0;873;535;"";419,523;62,93;725,95;71,78;20,889;0,92;1,558;0,22;14,311;1,93;0,0;10,0;0,0;10,0;0,111;10,0;112,259;20,96;33,765;13,35;0,598;10,04;0,338;10,0;0,293;10,0;0,024;10,0;1,961;24,148;0,53;33,662;3,31;7,418;0,63;7,331;1,25;970,106;1,0;"";"";19,822;2,56;95,0;16,51;"";"";31,634;12,04;53,9;"";"";"";"";"";"";"";"";"";"";"";"";"";"";"";"";"";"";"";"";"";"";"";"";"";"";"";"";"";"";"";"";"";"";"";"";"";"";"";"";"";"";"";"";"";"";"";"";"";"";"";"";"";"";"";"";"";"";"";"";"";"";"";"";""
03.01.2023 10:20:31;1672737631000;880f01e687e2572cea04e80fc6a68085;265362;OK;1807;3;0;0;0;0,37;176,18;0;0;870;516;"";427,612;64,14;751,794;72,55001;20,884;0,92;1,559;0,22;14,47;1,94;0,0;10,0;0,0;10,0;0,252;10,0;113,584;21,07;35,594;13,49;2,072;10,11;0,841;10,0;0,8360001;10,0;0,002;10,0;3,266;24,163;0,53;33,813;3,31;7,457;0,63;7,409;1,25;970,13;1,0;"";"";20,034;2,55;96,159;16,58;"";"";32,449;12,21;54,5;"";"";"";"";"";"";"";"";"";"";"";"";"";"";"";"";"";"";"";"";"";"";"";"";"";"";"";"";"";"";"";"";"";"";"";"";"";"";"";"";"";"";"";"";"";"";"";"";"";"";"";"";"";"";"";"";"";"";"";"";"";"";"";"";""
03.01.2023 10:22:30;1672737750000;880f01e687e2572cea04e80fc6a68085;265481;OK;1817;2;0;0;0;0,26;142,29;0;0;873;519;"";419,308;62,9;748,895;72,47;20,886;0,92;1,56;0,22;14,476;1,94;0,0;10,0;0,0;10,0;0,318;10,0;130,93;22,76;40,38;13,97;1,831;10,09;0,691;10,0;0,089;10,0;0,0;10,0;3,861;24,175;0,53;33,755;3,31;7,45;0,63;7,394;1,25;970,1469;1,0;"";"";20,194;2,54;96,866;16,62;"";"";31,731;11,99;53,2;"";"";"";"";"";"";"";"";"";"";"";"";"";"";"";"";"";"";"";"";"";"";"";"";"";"";"";"";"";"";"";"";"";"";"";"";"";"";"";"";"";"";"";"";"";"";"";"";"";"";"";"";"";"";"";"";"";"";"";"";"";"";"";"";""
03.01.2023 10:24:32;1672737872000;880f01e687e2572cea04e80fc6a68085;265603;OK;1808;1;0;0;0;0,07;80,12;0;0;876;512;"";412,996;61,95;759,3969;72,78;20,885;0,92;1,56;0,22;14,484;1,94;0,0;10,0;0,0;10,0;0,285;10,0;124,489;22,13;37,044;13,63;0,8690001;10,02;0,425;10,01;0,199;10,0;0,19;10,0;3,027;24,186;0,53;33,736;3,31;7,45;0,63;7,395;1,25;970,159;1,0;"";"";20,152;2,54;97,032;16,63;"";"";31,992;11,5;53,8;"";"";"";"";"";"";"";"";"";"";"";"";"";"";"";"";"";"";"";"";"";"";"";"";"";"";"";"";"";"";"";"";"";"";"";"";"";"";"";"";"";"";"";"";"";"";"";"";"";"";"";"";"";"";"";"";"";"";"";"";"";"";"";"";""
03.01.2023 10:26:32;1672737992000;880f01e687e2572cea04e80fc6a68085;265722;OK;1813;0;0;0;0;-0,04;-17,51;0;0;884;524;"";389,83;58,47;745,533;72,37;20,888;0,92;1,56;0,22;14,247;1,93;0,0;10,0;0,0;10,0;0,147;10,0;129,289;22,58;39,145;13,88;1,882;10,25;0,206;10,0;0,182;10,0;0,02;10,0;2,267;24,192;0,53;33,725;3,31;7,45;0,63;7,396;1,25;970,162;1,0;"";"";19,93;2,55;96,00901;16,57;"";"";44,754;8,6;79,2;"";"";"";"";"";"";"";"";"";"";"";"";"";"";"";"";"";"";"";"";"";"";"";"";"";"";"";"";"";"";"";"";"";"";"";"";"";"";"";"";"";"";"";"";"";"";"";"";"";"";"";"";"";"";"";"";"";"";"";"";"";"";"";"";""
03.01.2023 10:28:32;1672738112000;880f01e687e2572cea04e80fc6a68085;265842;OK;1822;1;0;0;0;0,01;52,52;0;0;887;513;"";377,965;56,69;760,799;72,82;20,887;0,92;1,561;0,22;14,151;1,93;0,0;10,0;0,0;10,0;0,414;10,0;124,283;22,1;35,995;13,54;2,447;10,16;0,666;10,0;0,663;10,0;0,646;10,0;4,723;24,199;0,53;33,691;3,31;7,446;0,63;7,388;1,25;970,1489;1,0;"";"";19,888;2,55;96,328;16,59;"";"";34,464;11,44;54,5;"";"";"";"";"";"";"";"";"";"";"";"";"";"";"";"";"";"";"";"";"";"";"";"";"";"";"";"";"";"";"";"";"";"";"";"";"";"";"";"";"";"";"";"";"";"";"";"";"";"";"";"";"";"";"";"";"";"";"";"";"";"";"";"";""
03.01.2023 10:30:32;1672738232000;880f01e687e2572cea04e80fc6a68085;265962;OK;1821;0;1;0;0;-0,04;-107,15;0;0;890;549;"";371,784;55,77;710,175;71,31;20,889;0,92;1,56;0,22;14,068;1,92;0,0;10,0;0,0;10,0;0,36;10,0;129,439;22,62;40,113;13,85;1,044;10,06;0,553;10,0;0,552;10,0;0,551;10,0;3,482;24,209;0,53;33,621;3,31;7,435;0,63;7,366;1,25;970,124;1,0;"";"";19,544;2,57;95,296;16,54;"";"";32,586;11,96;54,5;"";"";"";"";"";"";"";"";"";"";"";"";"";"";"";"";"";"";"";"";"";"";"";"";"";"";"";"";"";"";"";"";"";"";"";"";"";"";"";"";"";"";"";"";"";"";"";"";"";"";"";"";"";"";"";"";"";"";"";"";"";"";"";"";""
03.01.2023 10:32:33;1672738353000;880f01e687e2572cea04e80fc6a68085;266083;OK;1819;0;1;0;0;0,09;-85,26;0;0;891;530;"";372,706;55,91;740,124;72,2;20,89;0,92;1,561;0,22;14,087;1,92;0,0;10,0;0,0;10,0;0,284;10,0;122,292;21,86;36,028;13,54;1,914;10,18;0,765;10,0;0,765;10,0;0,05900001;10,0;3,473;24,221;0,53;33,804;3,31;7,48;0,63;7,456;1,25;970,113;1,0;"";"";19,526;2,57;95,097;16,53;"";"";33,342;11,82;66,6;"";"";"";"";"";"";"";"";"";"";"";"";"";"";"";"";"";"";"";"";"";"";"";"";"";"";"";"";"";"";"";"";"";"";"";"";"";"";"";"";"";"";"";"";"";"";"";"";"";"";"";"";"";"";"";"";"";"";"";"";"";"";"";"";""
03.01.2023 10:34:34;1672738474000;880f01e687e2572cea04e80fc6a68085;266204;OK;1837;0;1;0;0;-0,01;-136,21;0;0;890;550;"";359,691;53,95;707,75;71,23001;20,898;0,92;1,559;0,22;13,916;1,91;0,0;10,0;0,057;10,0;0,147;10,0;138,155;23,5;42,972;14,25;3,078;10,42;0,128;10,0;0,128;10,0;0,006;10,0;1,882;24,23;0,53;33,622;3,31;7,444;0,63;7,385;1,25;970,128;1,0;"";"";19,343;2,58;94,77201;16,51;"";"";33,172;11,86;54,0;"";"";"";"";"";"";"";"";"";"";"";"";"";"";"";"";"";"";"";"";"";"";"";"";"";"";"";"";"";"";"";"";"";"";"";"";"";"";"";"";"";"";"";"";"";"";"";"";"";"";"";"";"";"";"";"";"";"";"";"";"";"";"";"";""
03.01.2023 10:36:34;1672738594000;880f01e687e2572cea04e80fc6a68085;266324;OK;1820;1;0;0;0;0,2;32,36;0;0;889;537;"";379,521;56,93;735,819;72,07;20,892;0,92;1,559;0,22;14,06;1,92;0,011;10,0;0,017;10,0;0,027;10,0;136,497;23,37;41,399;14,04;1,943;10,23;0,014;10,0;0,014;10,0;0,001;10,0;1,094;24,243;0,53;34,022;3,31;7,538;0,63;7,569;1,24;970,158;1,0;"";"";19,509;2,57;95,421;16,55;"";"";35,193;10,41;65,9;"";"";"";"";"";"";"";"";"";"";"";"";"";"";"";"";"";"";"";"";"";"";"";"";"";"";"";"";"";"";"";"";"";"";"";"";"";"";"";"";"";"";"";"";"";"";"";"";"";"";"";"";"";"";"";"";"";"";"";"";"";"";"";"";""
03.01.2023 10:38:34;1672738714000;880f01e687e2572cea04e80fc6a68085;266443;OK;1845;2;0;0;0;0,37;114,91;0;0;882;514;"";398,506;59,78;772,567;73,18;20,884;0,92;1,56;0,22;14,324;1,94;0,001;10,0;0,002;10,0;0,003;10,0;155,845;25,29;45,541;14,54;1,062;10,02;0,002;10,0;0,002;10,0;0,0;10,0;1,01;24,256;0,53;34,292;3,3;7,603;0,63;7,697;1,22;970,187;1,0;"";"";19,933;2,55;97,893;16,68;"";"";43,009;6,81;75,6;"";"";"";"";"";"";"";"";"";"";"";"";"";"";"";"";"";"";"";"";"";"";"";"";"";"";"";"";"";"";"";"";"";"";"";"";"";"";"";"";"";"";"";"";"";"";"";"";"";"";"";"";"";"";"";"";"";"";"";"";"";"";"";"";""
03.01.2023 10:40:35;1672738835000;880f01e687e2572cea04e80fc6a68085;266564;OK;1835;1;0;0;0;-0,73;29,67;0;0;852;543;"";241,258;36,19;682,623;70,48;20,907;0,92;1,556;0,22;12,65;1,85;0,0;10,0;0,017;10,0;0,017;10,0;140,301;23,74;41,858;14,14;1,068;10,04;0,525;10,0;0,525;10,0;0,525;10,0;1,027;24,242;0,53;32,054;3,34;7,101;0,64;6,692;1,33;970,198;1,0;"";"";18,194;2,64;88,77601;16,2;"";"";51,175;5,08;82,6;"";"";"";"";"";"";"";"";"";"";"";"";"";"";"";"";"";"";"";"";"";"";"";"";"";"";"";"";"";"";"";"";"";"";"";"";"";"";"";"";"";"";"";"";"";"";"";"";"";"";"";"";"";"";"";"";"";"";"";"";"";"";"";"";""
03.01.2023 10:42:35;1672738955000;880f01e687e2572cea04e80fc6a68085;266685;OK;1819;0;1;0;0;-1,96;-540,1599;0;0;837;643;"";176,126;26,42;545,8189;66,37001;20,926;0,92;1,548;0,22;10,67;1,74;0,0;10,0;0,002;10,0;0,414;10,0;152,016;24,87;47,312;14,63;3,199;10,37;0,981;10,0;0,981;10,0;0,056;10,0;4,714;24,2;0,53;31,28;3,35;6,914;0,65;6,305;1,37;970,208;1,0;"";"";14,92;2,8;74,251;15,43;"";"";37,115;9,86;73,9;"";"";"";"";"";"";"";"";"";"";"";"";"";"";"";"";"";"";"";"";"";"";"";"";"";"";"";"";"";"";"";"";"";"";"";"";"";"";"";"";"";"";"";"";"";"";"";"";"";"";"";"";"";"";"";"";"";"";"";"";"";"";"";"";""
03.01.2023 10:44:36;1672739076000;880f01e687e2572cea04e80fc6a68085;266806;OK;1819;0;1;0;0;-2,15;-849,56;0;0;829;682;"";144,696;21,7;497,927;64,94;20,927;0,92;1,541;0,22;9,371;1,67;0,0;10,0;0,0;10,0;0,06;10,0;132,47;23,0;41,716;14,19;2,205;10,3;0,105;10,0;0,105;10,0;0,006;10,0;1,536;24,15;0,53;30,9;3,36;6,81;0,65;6,084;1,39;970,218;1,0;"";"";12,4;2,92;59,598;14,65;"";"";36,577;10,64;74,1;"";"";"";"";"";"";"";"";"";"";"";"";"";"";"";"";"";"";"";"";"";"";"";"";"";"";"";"";"";"";"";"";"";"";"";"";"";"";"";"";"";"";"";"";"";"";"";"";"";"";"";"";"";"";"";"";"";"";"";"";"";"";"";"";""
03.01.2023 10:46:36;1672739196000;880f01e687e2572cea04e80fc6a68085;266926;OK;1819;0;1;0;0;-0,84;-594,83;0;0;831;697;"";152,713;22,91;485,119;64,55;20,926;0,92;1,534;0,22;8,815;1,64;0,0;10,0;0,0;10,0;0,006;10,0;138,104;23,48;41,293;14,14;1,727;10,07;0,011;10,0;0,011;10,0;0,001;10,0;1,057;24,107;0,53;30,972;3,36;6,809;0,65;6,081;1,39;970,22;1,0;"";"";11,025;2,99;52,216;14,26;"";"";34,363;11,07;53,9;"";"";"";"";"";"";"";"";"";"";"";"";"";"";"";"";"";"";"";"";"";"";"";"";"";"";"";"";"";"";"";"";"";"";"";"";"";"";"";"";"";"";"";"";"";"";"";"";"";"";"";"";"";"";"";"";"";"";"";"";"";"";"";"";""
03.01.2023 10:48:37;1672739317000;880f01e687e2572cea04e80fc6a68085;267047;OK;1828;0;1;0;0;-0,18;-105,03;0;0;834;692;"";169,133;25,37;495,13;64,85;20,928;0,92;1,53;0,22;9,132;1,66;0,023;10,0;0,023;10,0;0,122;10,0;130,095;22,7;39,22;13,86;2,764;10,22;0,195;10,0;0,195;10,0;0,0;10,0;1,898;24,072;0,53;31,124;3,36;6,829;0,65;6,122;1,38;970,204;1,0;"";"";10,884;3,0;51,4;14,21;"";"";32,487;11,79;53,0;"";"";"";"";"";"";"";"";"";"";"";"";"";"";"";"";"";"";"";"";"";"";"";"";"";"";"";"";"";"";"";"";"";"";"";"";"";"";"";"";"";"";"";"";"";"";"";"";"";"";"";"";"";"";"";"";"";"";"";"";"";"";"";"";""
03.01.2023 10:50:36;1672739436000;880f01e687e2572cea04e80fc6a68085;267167;OK;1811;1;0;0;0;0,11;27,02;0;0;837;687;"";177,12;26,57;504,772;65,14;20,926;0,92;1,526;0,22;9,997;1,7;0,002;10,0;0,002;10,0;0,013;10,0;132,156;22,95;41,551;14,18;0,354;10,02;0,021;10,0;0,021;10,0;0,0;10,0;1,096;24,048;0,53;31,253;3,36;6,848;0,64;6,16;1,37;970,191;1,0;"";"";11,242;2,98;53,469;14,32;"";"";31,733;12,17;53,5;"";"";"";"";"";"";"";"";"";"";"";"";"";"";"";"";"";"";"";"";"";"";"";"";"";"";"";"";"";"";"";"";"";"";"";"";"";"";"";"";"";"";"";"";"";"";"";"";"";"";"";"";"";"";"";"";"";"";"";"";"";"";"";"";""
03.01.2023 10:52:37;1672739557000;880f01e687e2572cea04e80fc6a68085;267287;OK;1825;1;0;0;0;0,16;69,47;0;0;839;688;"";184,963;27,74;507,195;65,22;20,925;0,92;1,524;0,22;11,215;1,77;0,0;10,0;0,0;10,0;0,001;10,0;110,932;20,89;32,544;13,24;0,038;10,0;0,002;10,0;0,002;10,0;0,0;10,0;1,01;24,037;0,53;31,349;3,35;6,865;0,64;6,196;1,37;970,19;1,0;"";"";11,951;2,94;57,036;14,5;"";"";32,184;12,21;56,2;"";"";"";"";"";"";"";"";"";"";"";"";"";"";"";"";"";"";"";"";"";"";"";"";"";"";"";"";"";"";"";"";"";"";"";"";"";"";"";"";"";"";"";"";"";"";"";"";"";"";"";"";"";"";"";"";"";"";"";"";"";"";"";"";""
03.01.2023 10:54:37;1672739677000;880f01e687e2572cea04e80fc6a68085;267407;OK;1816;1;0;0;0;0,15;65,04;0;0;841;677;"";197,577;29,64;520,408;65,61;20,925;0,92;1,523;0,22;12,362;1,83;0,06400001;10,0;0,06400001;10,0;0,06400001;10,0;152,228;24,84;46,084;14,5;1,401;10,0;0,0;10,0;0,0;10,0;0,0;10,0;1,001;24,035;0,53;31,42;3,35;6,88;0,64;6,227;1,36;970,1719;1,0;"";"";12,695;2,91;61,01;14,71;"";"";32,507;11,81;54,6;"";"";"";"";"";"";"";"";"";"";"";"";"";"";"";"";"";"";"";"";"";"";"";"";"";"";"";"";"";"";"";"";"";"";"";"";"";"";"";"";"";"";"";"";"";"";"";"";"";"";"";"";"";"";"";"";"";"";"";"";"";"";"";"";""
03.01.2023 10:56:37;1672739797000;880f01e687e2572cea04e80fc6a68085;267528;OK;1812;1;0;0;0;0,16;61,49;0;0;843;674;"";205,656;30,85;525,915;65,78;20,925;0,92;1,524;0,22;13,37;1,88;0,007;10,0;0,007;10,0;0,28;10,0;162,265;25,81;47,891;14,71;1,149;10,0;0,19;10,0;0,19;10,0;0,19;10,0;2,445;24,039;0,53;31,539;3,35;6,907;0,64;6,285;1,36;970,145;1,0;"";"";13,464;2,87;64,973;14,92;"";"";33,974;10,9;54,1;"";"";"";"";"";"";"";"";"";"";"";"";"";"";"";"";"";"";"";"";"";"";"";"";"";"";"";"";"";"";"";"";"";"";"";"";"";"";"";"";"";"";"";"";"";"";"";"";"";"";"";"";"";"";"";"";"";"";"";"";"";"";"";"";""
03.01.2023 10:58:38;1672739918000;880f01e687e2572cea04e80fc6a68085;267648;OK;1829;2;0;0;0;0,26;105,0;0;0;849;656;"";220,231;33,03;550,843;66,53;20,917;0,92;1,525;0,22;14,32;1,93;0,032;10,0;0,032;10,0;0,062;10,0;140,321;23,71;40,145;13,97;0,377;10,0;0,02;10,0;0,02;10,0;0,02;10,0;1,154;24,046;0,53;31,755;3,35;6,958;0,64;6,391;1,34;970,118;1,0;"";"";14,28;2,83;69,606;15,16;"";"";40,484;8,81;77,7;"";"";"";"";"";"";"";"";"";"";"";"";"";"";"";"";"";"";"";"";"";"";"";"";"";"";"";"";"";"";"";"";"";"";"";"";"";"";"";"";"";"";"";"";"";"";"";"";"";"";"";"";"";"";"";"";"";"";"";"";"";"";"";"";""
03.01.2023 11:00:38;1672740038000;880f01e687e2572cea04e80fc6a68085;267768;OK;1813;1;0;0;0;0,27;94,22;0;0;850;661;"";204,172;30,63;545,578;66,37001;20,919;0,92;1,525;0,22;14,878;1,96;0,003;10,0;0,022;10,0;0,518;10,0;137,648;23,54;42,026;14,14;3,219;10,29;0,864;10,0;0,864;10,0;0,002;10,0;5,477;24,059;0,53;31,827;3,35;6,978;0,64;6,435;1,34;970,1019;1,0;"";"";15,123;2,79;74,055;15,4;"";"";33,138;11,97;72,5;"";"";"";"";"";"";"";"";"";"";"";"";"";"";"";"";"";"";"";"";"";"";"";"";"";"";"";"";"";"";"";"";"";"";"";"";"";"";"";"";"";"";"";"";"";"";"";"";"";"";"";"";"";"";"";"";"";"";"";"";"";"";"";"";""
03.01.2023 11:02:38;1672740158000;880f01e687e2572cea04e80fc6a68085;267888;OK;1818;1;0;0;0;0,29;53,18;0;0;853;659;"";214,961;32,24;548,6209;66,46;20,919;0,92;1,526;0,22;15,346;1,99;0,0;10,0;0,002;10,0;0,547;10,0;119,443;21,68;37,846;13,71;1,695;10,26;0,682;10,1;0,682;10,1;0,0;10,0;3,862;24,08;0,53;31,943;3,34;7,012;0,64;6,506;1,33;970,087;1,0;"";"";15,776;2,76;78,37101;15,63;"";"";33,696;11,69;66,1;"";"";"";"";"";"";"";"";"";"";"";"";"";"";"";"";"";"";"";"";"";"";"";"";"";"";"";"";"";"";"";"";"";"";"";"";"";"";"";"";"";"";"";"";"";"";"";"";"";"";"";"";"";"";"";"";"";"";"";"";"";"";"";"";""
03.01.2023 11:04:39;1672740279000;880f01e687e2572cea04e80fc6a68085;268009;OK;1819;0;0;0;0;0,3;-21,65;0;0;857;667;"";222,425;33,36;541,653;66,25;20,922;0,92;1,527;0,22;15,518;2,0;0,0;10,0;0,0;10,0;0,058;10,0;140,882;23,78;41,618;14,04;0,54;10,05;0,073;10,01;0,073;10,01;0,0;10,0;1,305;24,11;0,53;32,114;3,34;7,062;0,64;6,61;1,33;970,077;1,0;"";"";16,443;2,72;82,847;15,87;"";"";31,473;12,44;53,0;"";"";"";"";"";"";"";"";"";"";"";"";"";"";"";"";"";"";"";"";"";"";"";"";"";"";"";"";"";"";"";"";"";"";"";"";"";"";"";"";"";"";"";"";"";"";"";"";"";"";"";"";"";"";"";"";"";"";"";"";"";"";"";"";""
03.01.2023 11:06:39;1672740399000;880f01e687e2572cea04e80fc6a68085;268129;OK;1816;1;0;0;0;0,37;32,52;0;0;860;648;"";234,7;35,2;564,32;66,93;20,916;0,92;1,528;0,22;15,623;2,0;0,0;10,0;0,0;10,0;0,006;10,0;150,347;24,62;42,845;14,19;2,213;10,08;0,008;10,0;0,008;10,0;0,0;10,0;1,033;24,13;0,53;32,231;3,34;7,095;0,64;6,68;1,32;970,086;1,0;"";"";17,128;2,69;86,421;16,06;"";"";32,308;11,6;53,4;"";"";"";"";"";"";"";"";"";"";"";"";"";"";"";"";"";"";"";"";"";"";"";"";"";"";"";"";"";"";"";"";"";"";"";"";"";"";"";"";"";"";"";"";"";"";"";"";"";"";"";"";"";"";"";"";"";"";"";"";"";"";"";"";""
03.01.2023 11:08:40;1672740520000;880f01e687e2572cea04e80fc6a68085;268250;OK;1835;1;0;0;0;0,27;60,09;0;0;859;649;"";236,837;35,53;562,015;66,86;20,915;0,92;1,53;0,22;15,509;2,0;0,0;10,0;0,0;10,0;0,001;10,0;138,076;23,45;40,21;13,95;1,802;10,02;0,469;10,0;0,001;10,0;0,0;10,0;1,003;24,153;0,53;32,242;3,34;7,107;0,64;6,706;1,32;970,087;1,0;"";"";17,545;2,67;89,172;16,21;"";"";32,453;12,38;54,1;"";"";"";"";"";"";"";"";"";"";"";"";"";"";"";"";"";"";"";"";"";"";"";"";"";"";"";"";"";"";"";"";"";"";"";"";"";"";"";"";"";"";"";"";"";"";"";"";"";"";"";"";"";"";"";"";"";"";"";"";"";"";"";"";""
03.01.2023 11:10:40;1672740640000;880f01e687e2572cea04e80fc6a68085;268370;OK;1822;1;0;0;0;0,14;48,75;0;0;859;648;"";238,872;35,83;562,133;66,86;20,916;0,92;1,533;0,22;15,308;1,99;0,0;10,0;0,0;10,0;0,028;10,0;131,728;22,93;39,368;13,88;0,251;10,0;0,109;10,0;0,0;10,0;0,0;10,0;1,248;24,176;0,53;32,243;3,34;7,117;0,64;6,726;1,32;970,064;1,0;"";"";17,872;2,65;90,575;16,28;"";"";31,443;12,57;52,9;"";"";"";"";"";"";"";"";"";"";"";"";"";"";"";"";"";"";"";"";"";"";"";"";"";"";"";"";"";"";"";"";"";"";"";"";"";"";"";"";"";"";"";"";"";"";"";"";"";"";"";"";"";"";"";"";"";"";"";"";"";"";"";"";""
03.01.2023 11:12:40;1672740760000;880f01e687e2572cea04e80fc6a68085;268490;OK;1820;0;0;0;0;0,07;10,21;0;0;859;642;"";238,853;35,83;567,969;67,04;20,918;0,92;1,534;0,22;14,958;1,97;0,0;10,0;0,0;10,0;0,003;10,0;157,233;25,33;46,072;14,54;1,009;10,0;0,012;10,0;0,0;10,0;0,0;10,0;1,026;24,196;0,53;32,242;3,34;7,124;0,64;6,743;1,32;970,03;1,0;"";"";17,945;2,65;91,582;16,34;"";"";34,316;11,27;58,1;"";"";"";"";"";"";"";"";"";"";"";"";"";"";"";"";"";"";"";"";"";"";"";"";"";"";"";"";"";"";"";"";"";"";"";"";"";"";"";"";"";"";"";"";"";"";"";"";"";"";"";"";"";"";"";"";"";"";"";"";"";"";"";"";""
03.01.2023 11:14:41;1672740881000;880f01e687e2572cea04e80fc6a68085;268611;OK;1842;1;0;0;0;0,07;38,74;0;0;859;634;"";244,934;36,74;576,086;67,28;20,914;0,92;1,535;0,22;14,507;1,94;0,132;10,0;0,132;10,0;0,133;10,0;171,384;26,69;53,198;15,22;1,441;10,0;0,001;10,0;0,0;10,0;0,0;10,0;1,003;24,215;0,53;32,241;3,34;7,132;0,64;6,759;1,32;970,008;1,0;"";"";17,903;2,65;92,137;16,37;"";"";31,332;12,8;54,3;"";"";"";"";"";"";"";"";"";"";"";"";"";"";"";"";"";"";"";"";"";"";"";"";"";"";"";"";"";"";"";"";"";"";"";"";"";"";"";"";"";"";"";"";"";"";"";"";"";"";"";"";"";"";"";"";"";"";"";"";"";"";"";"";""
03.01.2023 11:16:41;1672741001000;880f01e687e2572cea04e80fc6a68085;268731;OK;1818;1;0;0;0;0,1;70,67;0;0;862;626;"";246,432;36,96;586,631;67,6;20,913;0,92;1,537;0,22;14,134;1,92;0,014;10,0;0,014;10,0;0,014;10,0;159,767;25,53;47,262;14,6;1,35;10,0;0,0;10,0;0,0;10,0;0,0;10,0;1,0;24,233;0,53;32,35;3,33;7,163;0,64;6,824;1,31;970,0089;1,0;"";"";18,015;2,65;92,89801;16,41;"";"";32,176;12,19;53,3;"";"";"";"";"";"";"";"";"";"";"";"";"";"";"";"";"";"";"";"";"";"";"";"";"";"";"";"";"";"";"";"";"";"";"";"";"";"";"";"";"";"";"";"";"";"";"";"";"";"";"";"";"";"";"";"";"";"";"";"";"";"";"";"";""
03.01.2023 11:18:42;1672741122000;880f01e687e2572cea04e80fc6a68085;268852;OK;1820;2;0;0;0;0,31;114,37;0;0;868;611;"";252,298;37,84;608,999;68,27;20,913;0,92;1,538;0,22;14,019;1,92;0,002;10,0;0,002;10,0;0,17;10,0;143,9;24,01;44,365;14,31;1,304;10,12;0,362;10,0;0,362;10,0;0,0;10,0;2,514;24,253;0,53;32,603;3,33;7,228;0,64;6,955;1,3;970,0109;1,0;"";"";18,415;2,63;94,87201;16,52;"";"";32,671;11,5;53,5;"";"";"";"";"";"";"";"";"";"";"";"";"";"";"";"";"";"";"";"";"";"";"";"";"";"";"";"";"";"";"";"";"";"";"";"";"";"";"";"";"";"";"";"";"";"";"";"";"";"";"";"";"";"";"";"";"";"";"";"";"";"";"";"";""
03.01.2023 11:20:42;1672741242000;880f01e687e2572cea04e80fc6a68085;268972;OK;1828;3;0;0;0;0,32;151,99;0;0;868;596;"";245,939;36,89;627,7;68,83;20,911;0,92;1,54;0,22;13,765;1,91;0,0;10,0;0,255;10,0;0,51;10,0;162,413;25,88;48,496;14,7;2,037;10,11;0,827;10,0;0,827;10,0;0,789;10,0;3,681;24,267;0,53;32,624;3,33;7,238;0,64;6,977;1,3;970,019;1,0;"";"";18,489;2,62;96,39601;16,6;"";"";34,676;10,69;54,3;"";"";"";"";"";"";"";"";"";"";"";"";"";"";"";"";"";"";"";"";"";"";"";"";"";"";"";"";"";"";"";"";"";"";"";"";"";"";"";"";"";"";"";"";"";"";"";"";"";"";"";"";"";"";"";"";"";"";"";"";"";"";"";"";""
03.01.2023 11:22:42;1672741362000;880f01e687e2572cea04e80fc6a68085;269092;OK;1829;2;0;0;0;0,27;132,89;0;0;870;589;"";247,369;37,11;636,86;69,11;20,908;0,92;1,541;0,22;13,502;1,89;0,0;10,0;0,202;10,0;0,277;10,0;160,19;25,69;47,781;14,67;1,578;10,12;0,088;10,0;0,088;10,0;0,084;10,0;1,935;24,291;0,53;32,711;3,33;7,267;0,64;7,037;1,3;970,029;1,0;"";"";18,482;2,62;97,359;16,66;"";"";32,214;11,38;56,3;"";"";"";"";"";"";"";"";"";"";"";"";"";"";"";"";"";"";"";"";"";"";"";"";"";"";"";"";"";"";"";"";"";"";"";"";"";"";"";"";"";"";"";"";"";"";"";"";"";"";"";"";"";"";"";"";"";"";"";"";"";"";"";"";""
03.01.2023 11:24:43;1672741483000;880f01e687e2572cea04e80fc6a68085;269214;OK;1822;1;0;0;0;0,07;70,8;0;0;869;584;"";248,75;37,31;640,641;69,22;20,905;0,92;1,543;0,22;13,077;1,87;0,108;10,0;0,252;10,0;0,552;10,0;157,758;25,41;47,275;14,61;2,426;10,14;0,723;10,0;0,591;10,0;0,59;10,0;3,769;24,312;0,53;32,654;3,33;7,263;0,64;7,03;1,3;970,025;1,0;"";"";18,306;2,63;97,62;16,67;"";"";32,787;10,45;52,6;"";"";"";"";"";"";"";"";"";"";"";"";"";"";"";"";"";"";"";"";"";"";"";"";"";"";"";"";"";"";"";"";"";"";"";"";"";"";"";"";"";"";"";"";"";"";"";"";"";"";"";"";"";"";"";"";"";"";"";"";"";"";"";"";""
03.01.2023 11:26:44;1672741604000;880f01e687e2572cea04e80fc6a68085;269334;OK;1822;1;0;0;0;0,12;63,9;0;0;870;575;"";249,926;37,49;651,441;69,54;20,905;0,92;1,544;0,22;12,803;1,85;0,345;10,0;0,36;10,0;1,032;10,0;197,782;29,3;61,501;16,02;2,517;10,08;1,435;10,0;0,992;10,0;0,063;10,0;6,11;24,333;0,53;32,706;3,33;7,283;0,64;7,072;1,3;970,002;1,0;"";"";18,261;2,63;98,322;16,71;"";"";32,444;11,31;54,0;"";"";"";"";"";"";"";"";"";"";"";"";"";"";"";"";"";"";"";"";"";"";"";"";"";"";"";"";"";"";"";"";"";"";"";"";"";"";"";"";"";"";"";"";"";"";"";"";"";"";"";"";"";"";"";"";"";"";"";"";"";"";"";"";""
03.01.2023 11:28:44;1672741724000;880f01e687e2572cea04e80fc6a68085;269454;OK;1811;1;0;0;0;0,03;67,44;0;0;868;569;"";250,685;37,6;657,316;69,72;20,906;0,92;1,545;0,22;12,368;1,83;0,037;10,0;0,038;10,0;0,122;10,0;149,344;24,66;43,66;14,31;0,516;10,01;0,153;10,0;0,106;10,0;0,007;10,0;1,648;24,349;0,53;32,629;3,33;7,273;0,64;7,051;1,3;969,982;1,0;"";"";18,151;2,64;98,134;16,7;"";"";32,997;11,14;53,3;"";"";"";"";"";"";"";"";"";"";"";"";"";"";"";"";"";"";"";"";"";"";"";"";"";"";"";"";"";"";"";"";"";"";"";"";"";"";"";"";"";"";"";"";"";"";"";"";"";"";"";"";"";"";"";"";"";"";"";"";"";"";"";"";""
03.01.2023 11:30:45;1672741845000;880f01e687e2572cea04e80fc6a68085;269576;OK;1816;1;0;0;0;0,02;46,55;0;0;867;567;"";250,47;37,57;657,404;69,72;20,903;0,92;1,546;0,22;12,035;1,81;0,004;10,0;0,004;10,0;0,013;10,0;136,88;23,4;42,828;14,21;0,978;10,0;0,016;10,0;0,011;10,0;0,001;10,0;1,067;24,365;0,53;32,594;3,33;7,272;0,65;7,049;1,3;969,973;1,0;"";"";17,837;2,65;97,41;16,67;"";"";32,353;11,24;54,4;"";"";"";"";"";"";"";"";"";"";"";"";"";"";"";"";"";"";"";"";"";"";"";"";"";"";"";"";"";"";"";"";"";"";"";"";"";"";"";"";"";"";"";"";"";"";"";"";"";"";"";"";"";"";"";"";"";"";"";"";"";"";"";"";""
03.01.2023 11:32:46;1672741966000;880f01e687e2572cea04e80fc6a68085;269696;OK;1823;0;0;0;0;-0,02;-4,31;0;0;868;570;"";251,999;37,8;653,505;69,61;20,907;0,92;1,547;0,22;11,694;1,79;0,0;10,0;0,0;10,0;0,001;10,0;129,815;22,71;38,211;13,74;0,38;10,0;0,002;10,0;0,001;10,0;0,0;10,0;1,007;24,378;0,53;32,608;3,33;7,28;0,65;7,067;1,3;969,9739;1,0;"";"";17,576;2,67;96,603;16,63;"";"";32,804;11,49;53,7;"";"";"";"";"";"";"";"";"";"";"";"";"";"";"";"";"";"";"";"";"";"";"";"";"";"";"";"";"";"";"";"";"";"";"";"";"";"";"";"";"";"";"";"";"";"";"";"";"";"";"";"";"";"";"";"";"";"";"";"";"";"";"";"";""
03.01.2023 11:34:46;1672742086000;880f01e687e2572cea04e80fc6a68085;269816;OK;1815;0;0;0;0;0,04;0,92;0;0;868;564;"";257,151;38,57;660,05;69,8;20,91;0,92;1,548;0,22;11,382;1,78;0,054;10,0;0,119;10,0;0,269;10,0;141,891;23,83;44,083;14,34;2,706;10,26;0,201;10,0;0,201;10,0;0,0;10,0;2,449;24,387;0,53;32,625;3,33;7,287;0,65;7,082;1,3;969,968;1,0;"";"";17,502;2,67;95,86901;16,59;"";"";32,634;11,49;54,4;"";"";"";"";"";"";"";"";"";"";"";"";"";"";"";"";"";"";"";"";"";"";"";"";"";"";"";"";"";"";"";"";"";"";"";"";"";"";"";"";"";"";"";"";"";"";"";"";"";"";"";"";"";"";"";"";"";"";"";"";"";"";"";"";""
03.01.2023 11:36:47;1672742207000;880f01e687e2572cea04e80fc6a68085;269937;OK;1841;0;0;0;0;0,04;14,62;0;0;867;564;"";254,212;38,13;658,354;69,75;20,911;0,92;1,549;0,22;11,088;1,76;0,006;10,0;0,051;10,0;0,067;10,0;132,251;22,9;40,228;13,94;1,729;10,14;0,021;10,0;0,021;10,0;0,0;10,0;1,213;24,403;0,53;32,572;3,33;7,282;0,65;7,072;1,3;969,934;1,0;"";"";17,228;2,68;95,184;16,55;"";"";34,189;10,88;54,4;"";"";"";"";"";"";"";"";"";"";"";"";"";"";"";"";"";"";"";"";"";"";"";"";"";"";"";"";"";"";"";"";"";"";"";"";"";"";"";"";"";"";"";"";"";"";"";"";"";"";"";"";"";"";"";"";"";"";"";"";"";"";"";"";""
03.01.2023 11:38:48;1672742328000;880f01e687e2572cea04e80fc6a68085;270057;OK;1828;0;0;0;0;0,02;-0,7;0;0;867;566;"";254,819;38,22;655,793;69,67;20,913;0,92;1,549;0,22;10,874;1,75;0,001;10,0;0,005;10,0;0,007;10,0;134,049;23,12;38,791;13,83;1,783;10,18;0,002;10,0;0,002;10,0;0,0;10,0;1,023;24,415;0,53;32,581;3,33;7,289;0,65;7,087;1,3;969,914;1,0;"";"";17,01;2,7;94,58899;16,52;"";"";34,307;11,13;56,2;"";"";"";"";"";"";"";"";"";"";"";"";"";"";"";"";"";"";"";"";"";"";"";"";"";"";"";"";"";"";"";"";"";"";"";"";"";"";"";"";"";"";"";"";"";"";"";"";"";"";"";"";"";"";"";"";"";"";"";"";"";"";"";"";""
03.01.2023 11:40:47;1672742447000;880f01e687e2572cea04e80fc6a68085;270178;OK;1810;0;0;0;0;0,02;17,84;0;0;867;558;"";254,781;38,22;665,164;69,95;20,913;0,92;1,551;0,22;10,718;1,74;0,0;10,0;0,001;10,0;0,001;10,0;138,566;23,48;41,946;14,14;0,201;10,02;0,0;10,0;0,0;10,0;0,0;10,0;1,002;24,427;0,53;32,574;3,33;7,292;0,65;7,094;1,3;969,917;1,0;"";"";16,953;2,7;94,332;16,51;"";"";32,6;11,06;54,0;"";"";"";"";"";"";"";"";"";"";"";"";"";"";"";"";"";"";"";"";"";"";"";"";"";"";"";"";"";"";"";"";"";"";"";"";"";"";"";"";"";"";"";"";"";"";"";"";"";"";"";"";"";"";"";"";"";"";"";"";"";"";"";"";""
03.01.2023 11:42:48;1672742568000;880f01e687e2572cea04e80fc6a68085;270297;OK;1834;1;0;0;0;0,07;34,07;0;0;868;555;"";262,286;39,34;668,785;70,06;20,912;0,92;1,552;0,22;10,667;1,74;0,0;10,0;0,0;10,0;0,299;10,0;150,794;24,77;47,002;14,62;1,7;10,03;0,769;10,0;0,769;10,0;0,537;10,0;3,555;24,44;0,53;32,636;3,33;7,312;0,65;7,134;1,3;969,918;1,0;"";"";16,793;2,71;93,942;16,49;"";"";32,578;11,22;58,4;"";"";"";"";"";"";"";"";"";"";"";"";"";"";"";"";"";"";"";"";"";"";"";"";"";"";"";"";"";"";"";"";"";"";"";"";"";"";"";"";"";"";"";"";"";"";"";"";"";"";"";"";"";"";"";"";"";"";"";"";"";"";"";"";""
03.01.2023 11:44:49;1672742689000;880f01e687e2572cea04e80fc6a68085;270419;OK;1809;1;0;0;0;0,11;47,02;0;0;870;555;"";267,756;40,16;669,986;70,1;20,908;0,92;1,552;0,22;10,689;1,74;0,085;10,0;0,085;10,0;0,115;10,0;161,677;25,83;49,547;14,84;0,502;10,04;0,079;10,0;0,079;10,0;0,055;10,0;1,264;24,449;0,53;32,685;3,33;7,327;0,65;7,164;1,3;969,913;1,0;"";"";16,919;2,7;93,892;16,49;"";"";33,339;10,93;55,1;"";"";"";"";"";"";"";"";"";"";"";"";"";"";"";"";"";"";"";"";"";"";"";"";"";"";"";"";"";"";"";"";"";"";"";"";"";"";"";"";"";"";"";"";"";"";"";"";"";"";"";"";"";"";"";"";"";"";"";"";"";"";"";"";""
03.01.2023 11:46:48;1672742808000;880f01e687e2572cea04e80fc6a68085;270537;OK;1837;0;0;0;0;0,13;9,23;0;0;870;551;"";275,378;41,31;674,914;70,25;20,907;0,92;1,553;0,22;10,661;1,74;0,009;10,0;0,009;10,0;0,013;10,0;143,943;24,05;42,615;14,19;2,172;10,26;0,009;10,0;0,009;10,0;0,006;10,0;1,029;24,459;0,53;32,71;3,33;7,336;0,65;7,183;1,3;969,897;1,0;"";"";17,15;2,69;93,76;16,49;"";"";33,779;10,41;53,9;"";"";"";"";"";"";"";"";"";"";"";"";"";"";"";"";"";"";"";"";"";"";"";"";"";"";"";"";"";"";"";"";"";"";"";"";"";"";"";"";"";"";"";"";"";"";"";"";"";"";"";"";"";"";"";"";"";"";"";"";"";"";"";"";""
03.01.2023 11:48:48;1672742928000;880f01e687e2572cea04e80fc6a68085;270658;OK;1827;1;0;0;0;0,15;31,56;0;0;873;547;"";273,441;41,02;681,28;70,44;20,907;0,92;1,554;0,22;10,741;1,74;0,001;10,0;0,001;10,0;0,385;10,0;176,867;27,26;52,992;15,19;2,123;10,21;0,718;10,0;0,718;10,0;0,468;10,0;3,055;24,469;0,53;32,813;3,32;7,363;0,65;7,238;1,29;969,873;1,0;"";"";17,203;2,69;94,047;16,5;"";"";34,223;10,31;55,5;"";"";"";"";"";"";"";"";"";"";"";"";"";"";"";"";"";"";"";"";"";"";"";"";"";"";"";"";"";"";"";"";"";"";"";"";"";"";"";"";"";"";"";"";"";"";"";"";"";"";"";"";"";"";"";"";"";"";"";"";"";"";"";"";""
03.01.2023 11:50:49;1672743049000;880f01e687e2572cea04e80fc6a68085;270778;OK;1828;1;0;0;0;0,14;25,4;0;0;873;551;"";276,693;41,5;677,088;70,31;20,906;0,92;1,555;0,22;10,739;1,74;0,0;10,0;0,0;10,0;0,493;10,0;136,099;23,31;41,453;13,99;1,894;10,1;0,566;10,0;0,566;10,0;0,096;10,0;4,886;24,479;0,53;32,845;3,32;7,375;0,65;7,261;1,29;969,852;1,0;"";"";17,294;2,68;94,56401;16,53;"";"";33,95;10,7;54,3;"";"";"";"";"";"";"";"";"";"";"";"";"";"";"";"";"";"";"";"";"";"";"";"";"";"";"";"";"";"";"";"";"";"";"";"";"";"";"";"";"";"";"";"";"";"";"";"";"";"";"";"";"";"";"";"";"";"";"";"";"";"";"";"";""
03.01.2023 11:52:49;1672743169000;880f01e687e2572cea04e80fc6a68085;270899;OK;1832;1;0;0;0;0,13;39,13;0;0;874;543;"";278,171;41,73;687,2069;70,62;20,908;0,92;1,556;0,22;10,917;1,75;0,263;10,0;0,263;10,0;0,316;10,0;194,55;29,03;59,101;15,78;0,433;10,01;0,06;10,0;0,06;10,0;0,01;10,0;1,415;24,487;0,53;32,871;3,32;7,384;0,65;7,279;1,29;969,838;1,0;"";"";17,392;2,68;95,235;16,57;"";"";32,805;11,34;55,4;"";"";"";"";"";"";"";"";"";"";"";"";"";"";"";"";"";"";"";"";"";"";"";"";"";"";"";"";"";"";"";"";"";"";"";"";"";"";"";"";"";"";"";"";"";"";"";"";"";"";"";"";"";"";"";"";"";"";"";"";"";"";"";"";""
03.01.2023 11:54:48;1672743288000;880f01e687e2572cea04e80fc6a68085;271018;OK;1842;0;0;0;0;0,02;-19,18;0;0;872;554;"";274,138;41,12;670,126;70,1;20,906;0,92;1,556;0,22;10,889;1,75;0,029;10,0;0,029;10,0;0,035;10,0;144,982;24,25;44,795;14,43;0,048;10,0;0,007;10,0;0,007;10,0;0,001;10,0;1,046;24,493;0,53;32,792;3,32;7,369;0,65;7,25;1,29;969,843;1,0;"";"";17,357;2,68;95,223;16,57;"";"";32,898;11,15;57,5;"";"";"";"";"";"";"";"";"";"";"";"";"";"";"";"";"";"";"";"";"";"";"";"";"";"";"";"";"";"";"";"";"";"";"";"";"";"";"";"";"";"";"";"";"";"";"";"";"";"";"";"";"";"";"";"";"";"";"";"";"";"";"";"";""
03.01.2023 11:56:50;1672743410000;880f01e687e2572cea04e80fc6a68085;271140;OK;1813;0;1;0;0;-0,01;-66,85;0;0;873;561;"";272,177;40,83;661,342;69,84;20,911;0,92;1,557;0,22;10,841;1,75;0,202;10,0;0,216;10,0;0,301;10,0;161,965;25,79;46,68;14,59;1,385;10,0;0,119;10,0;0,119;10,0;0,0;10,0;1,785;24,499;0,53;32,808;3,32;7,375;0,65;7,262;1,29;969,851;1,0;"";"";17,177;2,69;95,102;16,56;"";"";33,256;11,44;58,5;"";"";"";"";"";"";"";"";"";"";"";"";"";"";"";"";"";"";"";"";"";"";"";"";"";"";"";"";"";"";"";"";"";"";"";"";"";"";"";"";"";"";"";"";"";"";"";"";"";"";"";"";"";"";"";"";"";"";"";"";"";"";"";"";""
03.01.2023 11:58:50;1672743530000;880f01e687e2572cea04e80fc6a68085;271260;OK;1810;0;1;0;0;-0,02;-61,4;0;0;872;555;"";273,977;41,1;668,888;70,07;20,909;0,92;1,557;0,22;10,814;1,75;0,022;10,0;0,286;10,0;0,295;10,0;167,264;26,34;49,702;14,91;2,797;10,17;0,013;10,0;0,013;10,0;0,0;10,0;1,478;24,505;0,53;32,803;3,32;7,376;0,65;7,265;1,29;969,875;1,0;"";"";17,054;2,69;94,826;16,55;"";"";32,017;11,78;55,8;"";"";"";"";"";"";"";"";"";"";"";"";"";"";"";"";"";"";"";"";"";"";"";"";"";"";"";"";"";"";"";"";"";"";"";"";"";"";"";"";"";"";"";"";"";"";"";"";"";"";"";"";"";"";"";"";"";"";"";"";"";"";"";"";""
03.01.2023 12:00:51;1672743651000;880f01e687e2572cea04e80fc6a68085;271381;OK;1839;0;0;0;0;-0,01;-9,63;0;0;871;561;"";270,762;40,61;659,066;69,77;20,906;0,92;1,557;0,22;10,709;1,74;0,002;10,0;0,042;10,0;0,043;10,0;157,746;25,43;48,128;14,75;1,559;10,16;0,001;10,0;0,001;10,0;0,0;10,0;1,068;24,512;0,53;32,756;3,32;7,368;0,65;7,25;1,3;969,887;1,0;"";"";16,935;2,7;94,936;16,55;"";"";33,259;11,17;59,7;"";"";"";"";"";"";"";"";"";"";"";"";"";"";"";"";"";"";"";"";"";"";"";"";"";"";"";"";"";"";"";"";"";"";"";"";"";"";"";"";"";"";"";"";"";"";"";"";"";"";"";"";"";"";"";"";"";"";"";"";"";"";"";"";""
03.01.2023 12:02:52;1672743772000;880f01e687e2572cea04e80fc6a68085;271502;OK;1829;0;1;0;0;0,03;-28,63;0;0;873;567;"";273,427;41,01;653,587;69,61;20,904;0,92;1,557;0,22;10,725;1,74;0,0;10,0;0,004;10,0;0,463;10,0;160,079;25,7;47,732;14,75;2,419;10,2;1,408;10,0;1,308;10,0;0,8059999;10,0;3,744;24,516;0,53;32,847;3,32;7,391;0,65;7,294;1,29;969,868;1,0;"";"";16,976;2,7;95,536;16,59;"";"";32,944;11,07;55,3;"";"";"";"";"";"";"";"";"";"";"";"";"";"";"";"";"";"";"";"";"";"";"";"";"";"";"";"";"";"";"";"";"";"";"";"";"";"";"";"";"";"";"";"";"";"";"";"";"";"";"";"";"";"";"";"";"";"";"";"";"";"";"";"";""
03.01.2023 12:04:51;1672743891000;880f01e687e2572cea04e80fc6a68085;271621;OK;1834;0;1;0;0;0,12;-43,81;0;0;876;565;"";274,413;41,16;657,856;69,74;20,907;0,92;1,558;0,22;10,775;1,75;0,025;10,0;0,026;10,0;0,516;10,0;176,13;27,23;53,536;15,23;3,049;10,41;0,847;10,01;0,733;10,0;0,234;10,0;4,628;24,52;0,53;32,96;3,32;7,418;0,65;7,348;1,29;969,85;1,0;"";"";17,131;2,69;95,72001;16,6;"";"";33,61;11,04;55,4;"";"";"";"";"";"";"";"";"";"";"";"";"";"";"";"";"";"";"";"";"";"";"";"";"";"";"";"";"";"";"";"";"";"";"";"";"";"";"";"";"";"";"";"";"";"";"";"";"";"";"";"";"";"";"";"";"";"";"";"";"";"";"";"";""
03.01.2023 12:06:51;1672744011000;880f01e687e2572cea04e80fc6a68085;271741;OK;1830;0;0;0;0;0,13;10,14;0;0;875;558;"";278,225;41,73;666,978;70,01;20,906;0,92;1,558;0,22;10,732;1,74;0,003;10,0;0,003;10,0;0,474;10,0;121,298;21,92;37,926;13,7;1,251;10,06;0,713;10,0;0,7;10,0;0,025;10,0;5,155;24,526;0,53;32,928;3,32;7,413;0,65;7,339;1,29;969,8319;1,0;"";"";17,048;2,69;95,12;16,57;"";"";34,366;10,4;54,0;"";"";"";"";"";"";"";"";"";"";"";"";"";"";"";"";"";"";"";"";"";"";"";"";"";"";"";"";"";"";"";"";"";"";"";"";"";"";"";"";"";"";"";"";"";"";"";"";"";"";"";"";"";"";"";"";"";"";"";"";"";"";"";"";""
03.01.2023 12:08:52;1672744132000;880f01e687e2572cea04e80fc6a68085;271862;OK;1821;0;0;0;0;0,04;18,0;0;0;874;566;"";280,32;42,05;655,251;69,66001;20,907;0,92;1,558;0,22;10,654;1,74;0,0;10,0;0,134;10,0;0,701;10,0;155,908;25,19;46,049;14,61;2,25;10,16;0,938;10,0;0,937;10,0;0,003;10,0;6,125;24,534;0,53;32,907;3,32;7,412;0,65;7,336;1,29;969,819;1,0;"";"";17,004;2,7;94,612;16,54;"";"";34,135;10,65;53,5;"";"";"";"";"";"";"";"";"";"";"";"";"";"";"";"";"";"";"";"";"";"";"";"";"";"";"";"";"";"";"";"";"";"";"";"";"";"";"";"";"";"";"";"";"";"";"";"";"";"";"";"";"";"";"";"";"";"";"";"";"";"";"";"";""
03.01.2023 12:10:53;1672744253000;880f01e687e2572cea04e80fc6a68085;271984;OK;1806;0;1;0;0;-0,12;-76,43;0;0;871;585;"";272,816;40,92;627,549;68,83;20,916;0,92;1,559;0,22;10,511;1,73;0,0;10,0;0,014;10,0;0,087;10,0;117,79;21,45;34,03;13,43;1,186;10,03;0,809;10,0;0,09700001;10,0;0,0;10,0;1,664;24,538;0,53;32,749;3,32;7,378;0,65;7,27;1,3;969,807;1,0;"";"";16,76;2,71;93,922;16,5;"";"";34,026;10,83;57,2;"";"";"";"";"";"";"";"";"";"";"";"";"";"";"";"";"";"";"";"";"";"";"";"";"";"";"";"";"";"";"";"";"";"";"";"";"";"";"";"";"";"";"";"";"";"";"";"";"";"";"";"";"";"";"";"";"";"";"";"";"";"";"";"";""
03.01.2023 12:12:54;1672744374000;880f01e687e2572cea04e80fc6a68085;272104;OK;1830;0;1;0;0;-0,12;-130,27;0;0;871;588;"";274,925;41,24;622,558;68,68;20,916;0,92;1,559;0,22;10,361;1,72;0,0;10,0;0,001;10,0;0,062;10,0;153,775;24,99;45,522;14,5;1,833;10,13;0,312;10,0;0,225;10,0;0,0;10,0;1,546;24,551;0,53;32,739;3,32;7,381;0,65;7,276;1,3;969,7849;1,0;"";"";16,575;2,72;93,38901;16,48;"";"";33,692;10,58;55,9;"";"";"";"";"";"";"";"";"";"";"";"";"";"";"";"";"";"";"";"";"";"";"";"";"";"";"";"";"";"";"";"";"";"";"";"";"";"";"";"";"";"";"";"";"";"";"";"";"";"";"";"";"";"";"";"";"";"";"";"";"";"";"";"";""
03.01.2023 12:14:55;1672744495000;880f01e687e2572cea04e80fc6a68085;272224;OK;1836;0;1;0;0;-0,05;-41,87;0;0;870;577;"";271,708;40,76;635,358;69,06;20,915;0,92;1,559;0,22;10,311;1,72;0,0;10,0;0,0;10,0;0,052;10,0;132,244;22,86;37,871;13,75;0,91;10,01;0,156;10,0;0,024;10,0;0,0;10,0;1,47;24,56;0,53;32,721;3,32;7,38;0,65;7,276;1,3;969,747;1,0;"";"";16,385;2,73;93,027;16,46;"";"";32,588;11,55;52,6;"";"";"";"";"";"";"";"";"";"";"";"";"";"";"";"";"";"";"";"";"";"";"";"";"";"";"";"";"";"";"";"";"";"";"";"";"";"";"";"";"";"";"";"";"";"";"";"";"";"";"";"";"";"";"";"";"";"";"";"";"";"";"";"";""
03.01.2023 12:16:54;1672744614000;880f01e687e2572cea04e80fc6a68085;272345;OK;1806;0;0;0;0;0,01;-1,4;0;0;868;580;"";266,206;39,93;629,1049;68,87001;20,912;0,92;1,559;0,22;10,238;1,72;0,0;10,0;0,0;10,0;0,264;10,0;139,774;23,64;39,583;13,92;1,089;10,01;0,541;10,0;0,527;10,0;0,396;10,0;3,256;24,568;0,53;32,612;3,33;7,359;0,65;7,234;1,3;969,716;1,0;"";"";16,313;2,73;92,609;16,44;"";"";38,777;9,55;83,8;"";"";"";"";"";"";"";"";"";"";"";"";"";"";"";"";"";"";"";"";"";"";"";"";"";"";"";"";"";"";"";"";"";"";"";"";"";"";"";"";"";"";"";"";"";"";"";"";"";"";"";"";"";"";"";"";"";"";"";"";"";"";"";"";""
03.01.2023 12:18:54;1672744734000;880f01e687e2572cea04e80fc6a68085;272464;OK;1845;1;0;0;0;-0,13;51,23;0;0;865;563;"";255,782;38,37;648,22;69,45;20,912;0,92;1,559;0,22;9,982;1,7;0,0;10,0;0,0;10,0;0,425;10,0;179,36;27,48;53,67;15,37;3,488;10,3;0,811;10,0;0,81;10,0;0,044;10,0;4,816;24,573;0,53;32,495;3,33;7,335;0,65;7,186;1,31;969,7;1,0;"";"";15,845;2,75;91,251;16,37;"";"";32,554;11,49;53,4;"";"";"";"";"";"";"";"";"";"";"";"";"";"";"";"";"";"";"";"";"";"";"";"";"";"";"";"";"";"";"";"";"";"";"";"";"";"";"";"";"";"";"";"";"";"";"";"";"";"";"";"";"";"";"";"";"";"";"";"";"";"";"";"";""
03.01.2023 12:20:56;1672744856000;880f01e687e2572cea04e80fc6a68085;272585;OK;1847;1;0;0;0;-0,03;58,31;0;0;870;562;"";270,492;40,57;653,812;69,61;20,911;0,92;1,558;0,22;10,223;1,72;0,0;10,0;0,017;10,0;0,208;10,0;146,516;24,31;44,256;14,37;2,076;10,19;0,304;10,0;0,304;10,0;0,005;10,0;2,748;24,587;0,53;32,711;3,32;7,39;0,65;7,296;1,3;969,703;1,0;"";"";15,786;2,76;91,916;16,4;"";"";33,973;10,76;61,6;"";"";"";"";"";"";"";"";"";"";"";"";"";"";"";"";"";"";"";"";"";"";"";"";"";"";"";"";"";"";"";"";"";"";"";"";"";"";"";"";"";"";"";"";"";"";"";"";"";"";"";"";"";"";"";"";"";"";"";"";"";"";"";"";""
03.01.2023 12:22:55;1672744975000;880f01e687e2572cea04e80fc6a68085;272705;OK;1814;1;0;0;0;0,1;69,21;0;0;870;569;"";279,82;41,97;643,118;69,29;20,913;0,92;1,559;0,22;10,525;1,73;0,0;10,0;0,002;10,0;0,172;10,0;132,464;22,96;39,671;13,93;2,285;10,06;0,233;10,0;0,233;10,0;0,0;10,0;2,536;24,599;0,53;32,702;3,32;7,393;0,65;7,302;1,3;969,722;1,0;"";"";15,996;2,75;92,938;16,46;"";"";35,987;9,58;67,2;"";"";"";"";"";"";"";"";"";"";"";"";"";"";"";"";"";"";"";"";"";"";"";"";"";"";"";"";"";"";"";"";"";"";"";"";"";"";"";"";"";"";"";"";"";"";"";"";"";"";"";"";"";"";"";"";"";"";"";"";"";"";"";"";""
03.01.2023 12:24:56;1672745096000;880f01e687e2572cea04e80fc6a68085;272826;OK;1839;1;0;0;0;0,27;22,98;0;0;875;553;"";299,544;44,93;668,72;70,06;20,907;0,92;1,561;0,22;10,793;1,75;0,0;10,0;0,0;10,0;0,018;10,0;121,931;21,91;38,464;13,79;0,726;10,09;0,025;10,0;0,025;10,0;0,0;10,0;1,164;24,607;0,53;32,923;3,32;7,446;0,65;7,408;1,29;969,743;1,0;"";"";16,34;2,73;94,182;16,52;"";"";37,664;9,01;69,4;"";"";"";"";"";"";"";"";"";"";"";"";"";"";"";"";"";"";"";"";"";"";"";"";"";"";"";"";"";"";"";"";"";"";"";"";"";"";"";"";"";"";"";"";"";"";"";"";"";"";"";"";"";"";"";"";"";"";"";"";"";"";"";"";""
03.01.2023 12:26:57;1672745217000;880f01e687e2572cea04e80fc6a68085;272947;OK;1825;5;0;0;0;0,38;273,41;0;0;882;489;"";327,765;49,16;761,82;72,85;20,897;0,92;1,564;0,22;11,1;1,76;0,0;10,0;0,088;10,0;0,09;10,0;186,095;28,16;57,278;15,61;1,475;10,23;0,003;10,0;0,003;10,0;0,0;10,0;1,15;24,614;0,53;33,224;3,31;7,517;0,65;7,547;1,27;969,774;1,0;"";"";16,97;2,7;96,426;16,64;"";"";34,259;10,47;70,9;"";"";"";"";"";"";"";"";"";"";"";"";"";"";"";"";"";"";"";"";"";"";"";"";"";"";"";"";"";"";"";"";"";"";"";"";"";"";"";"";"";"";"";"";"";"";"";"";"";"";"";"";"";"";"";"";"";"";"";"";"";"";"";"";""
03.01.2023 12:28:57;1672745337000;880f01e687e2572cea04e80fc6a68085;273067;OK;1814;8;0;0;0;0,25;440,6;0;0;876;471;"";327,262;49,09;779,516;73,39;20,903;0,92;1,566;0,22;11,018;1,76;0,0;10,0;0,02;10,0;0,443;10,0;151,163;24,68;45,306;14,5;2,428;10,12;0,727;10,0;0,727;10,0;0,145;10,0;4,519;24,616;0,53;32,979;3,32;7,462;0,65;7,44;1,29;969,7769;1,0;"";"";17,181;2,69;95,77201;16,61;"";"";31,69;11,91;53,7;"";"";"";"";"";"";"";"";"";"";"";"";"";"";"";"";"";"";"";"";"";"";"";"";"";"";"";"";"";"";"";"";"";"";"";"";"";"";"";"";"";"";"";"";"";"";"";"";"";"";"";"";"";"";"";"";"";"";"";"";"";"";"";"";""
03.01.2023 12:30:57;1672745457000;880f01e687e2572cea04e80fc6a68085;273187;OK;1834;4;0;0;0;-0,18;211,67;0;0;869;502;"";311,971;46,8;727,719;71,83;20,91;0,92;1,567;0,22;10,76;1,74;0,0;10,0;0,002;10,0;0,051;10,0;136,319;23,35;39,733;13,93;0,8719999;10,01;0,078;10,0;0,078;10,0;0,015;10,0;1,409;24,614;0,53;32,659;3,32;7,389;0,65;7,296;1,3;969,752;1,0;"";"";16,89;2,7;93,652;16,5;"";"";33,483;11,51;53,5;"";"";"";"";"";"";"";"";"";"";"";"";"";"";"";"";"";"";"";"";"";"";"";"";"";"";"";"";"";"";"";"";"";"";"";"";"";"";"";"";"";"";"";"";"";"";"";"";"";"";"";"";"";"";"";"";"";"";"";"";"";"";"";"";""
03.01.2023 12:32:58;1672745578000;880f01e687e2572cea04e80fc6a68085;273308;OK;1822;0;1;0;0;-0,63;-235,54;0;0;860;533;"";291,668;43,75;677,811;70,33;20,914;0,92;1,567;0,22;10,314;1,72;0,0;10,0;0,0;10,0;0,005;10,0;141,494;23,85;42,142;14,17;0,334;10,0;0,008;10,0;0,008;10,0;0,002;10,0;1,044;24,614;0,53;32,278;3,33;7,303;0,66;7,124;1,32;969,7289;1,0;"";"";16,204;2,73;90,48;16,33;"";"";32,124;11,95;55,7;"";"";"";"";"";"";"";"";"";"";"";"";"";"";"";"";"";"";"";"";"";"";"";"";"";"";"";"";"";"";"";"";"";"";"";"";"";"";"";"";"";"";"";"";"";"";"";"";"";"";"";"";"";"";"";"";"";"";"";"";"";"";"";"";""
03.01.2023 12:34:58;1672745698000;880f01e687e2572cea04e80fc6a68085;273428;OK;1813;0;1;0;0;-0,48;-344,58;0;0;861;541;"";293,672;44,05;667,153;70,01;20,914;0,92;1,566;0,22;10,069;1,71;0,0;10,0;0,0;10,0;0,373;10,0;136,713;23,32;40,153;13,96;0,51;10,0;0,475;10,0;0,475;10,0;0,0;10,0;4,359;24,612;0,53;32,294;3,33;7,306;0,66;7,13;1,32;969,722;1,0;"";"";15,634;2,76;87,893;16,19;"";"";32,763;11,59;52,2;"";"";"";"";"";"";"";"";"";"";"";"";"";"";"";"";"";"";"";"";"";"";"";"";"";"";"";"";"";"";"";"";"";"";"";"";"";"";"";"";"";"";"";"";"";"";"";"";"";"";"";"";"";"";"";"";"";"";"";"";"";"";"";"";""
03.01.2023 12:36:58;1672745818000;880f01e687e2572cea04e80fc6a68085;273548;OK;1821;0;1;0;0;-0,27;-170,63;0;0;858;543;"";290,255;43,54;662,358;69,87;20,914;0,92;1,566;0,22;9,871;1,7;0,0;10,0;0,0;10,0;0,248;10,0;135,948;23,18;41,238;14,05;2,061;10,21;0,504;10,0;0,504;10,0;0,0;10,0;3,236;24,606;0,53;32,167;3,33;7,275;0,66;7,067;1,33;969,712;1,0;"";"";15,219;2,78;86,239;16,1;"";"";32,702;11,67;53,7;"";"";"";"";"";"";"";"";"";"";"";"";"";"";"";"";"";"";"";"";"";"";"";"";"";"";"";"";"";"";"";"";"";"";"";"";"";"";"";"";"";"";"";"";"";"";"";"";"";"";"";"";"";"";"";"";"";"";"";"";"";"";"";"";""
03.01.2023 12:39:00;1672745940000;880f01e687e2572cea04e80fc6a68085;273669;OK;1835;0;1;0;0;-0,15;-81,57001;0;0;855;555;"";281,507;42,23;645,3579;69,36;20,915;0,92;1,565;0,22;9,718;1,69;0,0;10,0;0,0;10,0;0,361;10,0;127,614;22,47;38,364;13,81;1,705;10,15;0,86;10,0;0,86;10,0;0,0;10,0;4,247;24,602;0,53;32,051;3,33;7,247;0,66;7,011;1,33;969,7089;1,0;"";"";14,906;2,8;84,64701;16,02;"";"";33,399;11,67;55,7;"";"";"";"";"";"";"";"";"";"";"";"";"";"";"";"";"";"";"";"";"";"";"";"";"";"";"";"";"";"";"";"";"";"";"";"";"";"";"";"";"";"";"";"";"";"";"";"";"";"";"";"";"";"";"";"";"";"";"";"";"";"";"";"";""
03.01.2023 12:40:59;1672746059000;880f01e687e2572cea04e80fc6a68085;273788;OK;1846;0;1;0;0;-0,24;-86,91001;0;0;852;562;"";274,844;41,23;634,014;69,02;20,922;0,92;1,564;0,22;9,607;1,68;0,0;10,0;0,0;10,0;0,06;10,0;146,873;24,45;46,498;14,62;1,904;10,21;0,095;10,0;0,095;10,0;0,0;10,0;1,542;24,599;0,53;31,915;3,34;7,215;0,66;6,946;1,34;969,711;1,0;"";"";14,607;2,81;83,296;15,95;"";"";32,388;11,59;51,8;"";"";"";"";"";"";"";"";"";"";"";"";"";"";"";"";"";"";"";"";"";"";"";"";"";"";"";"";"";"";"";"";"";"";"";"";"";"";"";"";"";"";"";"";"";"";"";"";"";"";"";"";"";"";"";"";"";"";"";"";"";"";"";"";""
03.01.2023 12:42:58;1672746178000;880f01e687e2572cea04e80fc6a68085;273908;OK;1838;0;1;0;0;-0,22;-113,24;0;0;850;569;"";270,224;40,53;623,601;68,71;20,922;0,92;1,563;0,22;9,588;1,68;0,0;10,0;0,0;10,0;0,007;10,0;148,608;24,49;41,711;14,15;2,945;10,27;0,01;10,0;0,01;10,0;0,0;10,0;1,06;24,595;0,53;31,842;3,34;7,196;0,66;6,909;1,34;969,701;1,0;"";"";14,378;2,83;82,34401;15,9;"";"";32,277;11,43;53,1;"";"";"";"";"";"";"";"";"";"";"";"";"";"";"";"";"";"";"";"";"";"";"";"";"";"";"";"";"";"";"";"";"";"";"";"";"";"";"";"";"";"";"";"";"";"";"";"";"";"";"";"";"";"";"";"";"";"";"";"";"";"";"";"";""
03.01.2023 12:44:59;1672746299000;880f01e687e2572cea04e80fc6a68085;274029;OK;1831;0;1;0;0;-0,23;-95,26;0;0;847;578;"";263,623;39,54;610,002;68,3;20,923;0,92;1,562;0,22;9,53;1,68;0,0;10,0;0,0;10,0;0,159;10,0;147,015;24,42;44,131;14,33;2,17;10,14;0,69;10,0;0,69;10,0;0,0;10,0;2,434;24,592;0,53;31,7;3,34;7,163;0,66;6,841;1,35;969,677;1,0;"";"";14,173;2,84;81,227;15,84;"";"";32,272;11,66;54,1;"";"";"";"";"";"";"";"";"";"";"";"";"";"";"";"";"";"";"";"";"";"";"";"";"";"";"";"";"";"";"";"";"";"";"";"";"";"";"";"";"";"";"";"";"";"";"";"";"";"";"";"";"";"";"";"";"";"";"";"";"";"";"";"";""
03.01.2023 12:47:01;1672746421000;880f01e687e2572cea04e80fc6a68085;274152;OK;1803;0;1;0;0;-0,19;-92,93;0;0;846;586;"";260,792;39,12;600,795;68,02;20,924;0,92;1,562;0,22;9,618;1,68;0,0;10,0;0,0;10,0;0,024;10,0;136,026;23,34;37,067;13,66;2,182;10,3;0,071;10,0;0,071;10,0;0,0;10,0;1,22;24,586;0,53;31,679;3,34;7,156;0,66;6,826;1,35;969,648;1,0;"";"";14,037;2,84;80,494;15,8;"";"";31,406;12,09;55,6;"";"";"";"";"";"";"";"";"";"";"";"";"";"";"";"";"";"";"";"";"";"";"";"";"";"";"";"";"";"";"";"";"";"";"";"";"";"";"";"";"";"";"";"";"";"";"";"";"";"";"";"";"";"";"";"";"";"";"";"";"";"";"";"";""
03.01.2023 12:49:01;1672746541000;880f01e687e2572cea04e80fc6a68085;274271;OK;1837;0;1;0;0;-0,17;-80,85;0;0;844;591;"";254,925;38,24;592,838;67,79;20,923;0,92;1,561;0,22;9,76;1,69;0,0;10,0;0,0;10,0;0,003;10,0;112,493;20,97;32,939;13,21;0,401;10,03;0,008;10,0;0,008;10,0;0,0;10,0;1,024;24,582;0,53;31,591;3,34;7,135;0,66;6,782;1,35;969,616;1,0;"";"";13,904;2,85;79,849;15,76;"";"";33,249;11,22;55,9;"";"";"";"";"";"";"";"";"";"";"";"";"";"";"";"";"";"";"";"";"";"";"";"";"";"";"";"";"";"";"";"";"";"";"";"";"";"";"";"";"";"";"";"";"";"";"";"";"";"";"";"";"";"";"";"";"";"";"";"";"";"";"";"";""
03.01.2023 12:51:01;1672746661000;880f01e687e2572cea04e80fc6a68085;274391;OK;1834;0;1;0;0;-0,13;-67,74;0;0;843;596;"";253,381;38,01;585,786;67,57;20,931;0,92;1,561;0,22;9,786;1,69;0,0;10,0;0,0;10,0;0,0;10,0;129,262;22,61;39,559;13,88;0,251;10,0;0,001;10,0;0,001;10,0;0,0;10,0;1,003;24,578;0,53;31,539;3,34;7,121;0,66;6,754;1,36;969,5789;1,0;"";"";13,834;2,85;79,589;15,75;"";"";33,306;11,29;56,4;"";"";"";"";"";"";"";"";"";"";"";"";"";"";"";"";"";"";"";"";"";"";"";"";"";"";"";"";"";"";"";"";"";"";"";"";"";"";"";"";"";"";"";"";"";"";"";"";"";"";"";"";"";"";"";"";"";"";"";"";"";"";"";"";""
03.01.2023 12:53:01;1672746781000;880f01e687e2572cea04e80fc6a68085;274510;OK;1828;0;1;0;0;-0,16;-53,3;0;0;842;599;"";251,426;37,71;581,185;67,44;20,932;0,92;1,56;0,22;9,816;1,69;0,0;10,0;0,0;10,0;0,069;10,0;105,495;20,35;31,101;13,01;0,429;10,0;0,246;10,0;0,246;10,0;0,0;10,0;1,623;24,573;0,53;31,452;3,35;7,099;0,66;6,71;1,36;969,567;1,0;"";"";13,837;2,85;79,451;15,74;"";"";32,9;11,36;57,2;"";"";"";"";"";"";"";"";"";"";"";"";"";"";"";"";"";"";"";"";"";"";"";"";"";"";"";"";"";"";"";"";"";"";"";"";"";"";"";"";"";"";"";"";"";"";"";"";"";"";"";"";"";"";"";"";"";"";"";"";"";"";"";"";""
03.01.2023 12:55:02;1672746902000;880f01e687e2572cea04e80fc6a68085;274631;OK;1839;0;1;0;0;-0,15;-58,16;0;0;839;607;"";248,522;37,28;570,79;67,12;20,933;0,92;1,558;0,22;9,865;1,7;0,0;10,0;0,063;10,0;0,071;10,0;132,25;22,89;41,623;14,07;1,576;10,21;0,026;10,0;0,026;10,0;0,0;10,0;1,162;24,57;0,53;31,363;3,35;7,078;0,66;6,666;1,37;969,547;1,0;"";"";13,745;2,86;79,202;15,73;"";"";32,844;11,47;57,6;"";"";"";"";"";"";"";"";"";"";"";"";"";"";"";"";"";"";"";"";"";"";"";"";"";"";"";"";"";"";"";"";"";"";"";"";"";"";"";"";"";"";"";"";"";"";"";"";"";"";"";"";"";"";"";"";"";"";"";"";"";"";"";"";""
03.01.2023 12:57:01;1672747021000;880f01e687e2572cea04e80fc6a68085;274751;OK;1831;0;1;0;0;-0,15;-73,47;0;0;838;615;"";245,856;36,88;560,725;66,82;20,934;0,92;1,558;0,22;9,962;1,7;0,0;10,0;0,007;10,0;0,008;10,0;130,979;22,79;39,307;13,83;2,747;10,36;0,003;10,0;0,003;10,0;0,0;10,0;1,018;24,568;0,53;31,304;3,35;7,064;0,66;6,637;1,37;969,507;1,0;"";"";13,636;2,86;78,91201;15,71;"";"";33,469;11,0;55,4;"";"";"";"";"";"";"";"";"";"";"";"";"";"";"";"";"";"";"";"";"";"";"";"";"";"";"";"";"";"";"";"";"";"";"";"";"";"";"";"";"";"";"";"";"";"";"";"";"";"";"";"";"";"";"";"";"";"";"";"";"";"";"";"";""
03.01.2023 12:59:02;1672747142000;880f01e687e2572cea04e80fc6a68085;274872;OK;1816;0;1;0;0;-0,14;-72,16001;0;0;836;617;"";244,929;36,74;556,677;66,7;20,935;0,92;1,557;0,22;10,012;1,7;0,0;10,0;0,001;10,0;0,001;10,0;129,674;22,71;39,847;13,85;0,459;10,04;0,0;10,0;0,0;10,0;0,0;10,0;1,002;24,564;0,53;31,238;3,35;7,048;0,66;6,603;1,37;969,469;1,0;"";"";13,642;2,86;79,081;15,72;"";"";33,982;10,86;54,4;"";"";"";"";"";"";"";"";"";"";"";"";"";"";"";"";"";"";"";"";"";"";"";"";"";"";"";"";"";"";"";"";"";"";"";"";"";"";"";"";"";"";"";"";"";"";"";"";"";"";"";"";"";"";"";"";"";"";"";"";"";"";"";"";""
03.01.2023 13:01:02;1672747262000;880f01e687e2572cea04e80fc6a68085;274992;OK;1829;0;1;0;0;-0,09;-41,87;0;0;836;619;"";242,941;36,44;554,578;66,64;20,935;0,92;1,557;0,22;10,086;1,71;0,0;10,0;0,0;10,0;0,342;10,0;134,264;23,1;40,619;14,1;1,161;10,02;0,774;10,0;0,501;10,0;0,0;10,0;3,949;24,566;0,53;31,227;3,35;7,046;0,66;6,6;1,37;969,468;1,0;"";"";13,739;2,86;79,307;15,73;"";"";34,291;10,66;54,4;"";"";"";"";"";"";"";"";"";"";"";"";"";"";"";"";"";"";"";"";"";"";"";"";"";"";"";"";"";"";"";"";"";"";"";"";"";"";"";"";"";"";"";"";"";"";"";"";"";"";"";"";"";"";"";"";"";"";"";"";"";"";"";"";""
03.01.2023 13:03:03;1672747383000;880f01e687e2572cea04e80fc6a68085;275113;OK;1820;0;1;0;0;-0,09;-38,09;0;0;834;627;"";239,493;35,92;544,38;66,33;20,935;0,92;1,556;0,22;10,202;1,71;0,0;10,0;0,0;10,0;0,47;10,0;126,619;22,41;39,896;13,86;3,173;10,29;0,88;10,0;0,326;10,0;0,272;10,0;4,989;24,565;0,53;31,145;3,35;7,027;0,66;6,56;1,38;969,465;1,0;"";"";13,875;2,85;79,501;15,74;"";"";32,625;11,17;52,6;"";"";"";"";"";"";"";"";"";"";"";"";"";"";"";"";"";"";"";"";"";"";"";"";"";"";"";"";"";"";"";"";"";"";"";"";"";"";"";"";"";"";"";"";"";"";"";"";"";"";"";"";"";"";"";"";"";"";"";"";"";"";"";"";""
03.01.2023 13:05:04;1672747504000;880f01e687e2572cea04e80fc6a68085;275233;OK;1822;0;1;0;0;-0,11;-47,82;0;0;832;629;"";239,514;35,93;540,264;66,21;20,936;0,92;1,556;0,22;10,268;1,72;0,0;10,0;0,0;10,0;0,324;10,0;118,09;21,49;37,056;13,65;1,396;10,03;0,553;10,0;0,035;10,0;0,029;10,0;3,889;24,564;0,53;31,055;3,35;7,006;0,66;6,517;1,38;969,45;1,0;"";"";13,834;2,85;79,612;15,75;"";"";33,22;11,11;54,1;"";"";"";"";"";"";"";"";"";"";"";"";"";"";"";"";"";"";"";"";"";"";"";"";"";"";"";"";"";"";"";"";"";"";"";"";"";"";"";"";"";"";"";"";"";"";"";"";"";"";"";"";"";"";"";"";"";"";"";"";"";"";"";"";""
03.01.2023 13:07:03;1672747623000;880f01e687e2572cea04e80fc6a68085;275354;OK;1822;0;1;0;0;-0,15;-60,55;0;0;831;634;"";236,816;35,52;533,052;65,99;20,935;0,92;1,556;0,22;10,38;1,72;0,0;10,0;0,0;10,0;0,035;10,0;119,447;21,66;36,581;13,66;0,74;10,0;0,05900001;10,0;0,004;10,0;0,003;10,0;1,308;24,565;0,53;30,987;3,36;6,991;0,66;6,486;1,39;969,428;1,0;"";"";13,954;2,85;79,587;15,75;"";"";32,606;11,5;58,5;"";"";"";"";"";"";"";"";"";"";"";"";"";"";"";"";"";"";"";"";"";"";"";"";"";"";"";"";"";"";"";"";"";"";"";"";"";"";"";"";"";"";"";"";"";"";"";"";"";"";"";"";"";"";"";"";"";"";"";"";"";"";"";"";""
03.01.2023 13:09:05;1672747745000;880f01e687e2572cea04e80fc6a68085;275474;OK;1841;0;1;0;0;-0,1;-42,37;0;0;831;637;"";233,913;35,09;530,0139;65,9;20,938;0,92;1,556;0,22;10,481;1,73;0,0;10,0;0,0;10,0;0,107;10,0;110,177;20,73;32,963;13,24;1,831;10,01;0,229;10,0;0,223;10,0;0,0;10,0;1,961;24,564;0,53;30,981;3,36;6,99;0,66;6,483;1,39;969,413;1,0;"";"";14,039;2,84;79,787;15,76;"";"";35,67;10,28;54,0;"";"";"";"";"";"";"";"";"";"";"";"";"";"";"";"";"";"";"";"";"";"";"";"";"";"";"";"";"";"";"";"";"";"";"";"";"";"";"";"";"";"";"";"";"";"";"";"";"";"";"";"";"";"";"";"";"";"";"";"";"";"";"";"";""
03.01.2023 13:11:05;1672747865000;880f01e687e2572cea04e80fc6a68085;275596;OK;1797;0;1;0;0;-0,07;-41,34;0;0;830;640;"";232,59;34,89;525,68;65,77;20,938;0,92;1,556;0,22;10,56;1,73;0,0;10,0;0,0;10,0;0,011;10,0;135,523;23,29;39,207;13,81;0,494;10,0;0,024;10,0;0,023;10,0;0,0;10,0;1,099;24,561;0,53;30,949;3,36;6,981;0,66;6,465;1,39;969,4119;1,0;"";"";14,177;2,83;79,747;15,75;"";"";32,026;11,6;53,0;"";"";"";"";"";"";"";"";"";"";"";"";"";"";"";"";"";"";"";"";"";"";"";"";"";"";"";"";"";"";"";"";"";"";"";"";"";"";"";"";"";"";"";"";"";"";"";"";"";"";"";"";"";"";"";"";"";"";"";"";"";"";"";"";""
03.01.2023 13:13:03;1672747983000;880f01e687e2572cea04e80fc6a68085;275714;OK;1819;0;1;0;0;-0,01;-37,05;0;0;830;645;"";232,561;34,88;520,5;65,62;20,941;0,92;1,555;0,22;10,649;1,74;0,0;10,0;0,0;10,0;0,001;10,0;107,332;20,43;33,007;13,24;0,598;10,06;0,003;10,0;0,003;10,0;0,0;10,0;1,011;24,562;0,53;30,962;3,36;6,984;0,66;6,472;1,39;969,413;1,0;"";"";14,312;2,83;80,037;15,77;"";"";32,75;11,42;56,0;"";"";"";"";"";"";"";"";"";"";"";"";"";"";"";"";"";"";"";"";"";"";"";"";"";"";"";"";"";"";"";"";"";"";"";"";"";"";"";"";"";"";"";"";"";"";"";"";"";"";"";"";"";"";"";"";"";"";"";"";"";"";"";"";""
03.01.2023 13:15:04;1672748104000;880f01e687e2572cea04e80fc6a68085;275834;OK;1824;0;0;0;0;-0,02;-23,19;0;0;830;643;"";236,476;35,47;522,897;65,69;20,94;0,92;1,555;0,22;10,684;1,74;0,006;10,0;0,006;10,0;0,014;10,0;111,091;20,87;30,685;12,95;0,402;10,03;0,184;10,0;0,0;10,0;0,0;10,0;1,078;24,562;0,53;30,95;3,36;6,982;0,66;6,466;1,39;969,4019;1,0;"";"";14,508;2,82;80,475;15,79;"";"";32,39;11,83;53,6;"";"";"";"";"";"";"";"";"";"";"";"";"";"";"";"";"";"";"";"";"";"";"";"";"";"";"";"";"";"";"";"";"";"";"";"";"";"";"";"";"";"";"";"";"";"";"";"";"";"";"";"";"";"";"";"";"";"";"";"";"";"";"";"";""
03.01.2023 13:17:05;1672748225000;880f01e687e2572cea04e80fc6a68085;275955;OK;1826;0;0;0;0;-0,05;-6,13;0;0;828;643;"";235,196;35,28;520,99;65,63;20,942;0,92;1,556;0,22;10,789;1,75;0,001;10,0;0,001;10,0;0,06400001;10,0;108,798;20,62;29,385;12,89;2,169;10,15;0,234;10,0;0,215;10,0;0,0;10,0;1,574;24,561;0,53;30,882;3,36;6,966;0,66;6,434;1,39;969,4;1,0;"";"";14,693;2,81;80,96601;15,82;"";"";33,259;10,84;54,1;"";"";"";"";"";"";"";"";"";"";"";"";"";"";"";"";"";"";"";"";"";"";"";"";"";"";"";"";"";"";"";"";"";"";"";"";"";"";"";"";"";"";"";"";"";"";"";"";"";"";"";"";"";"";"";"";"";"";"";"";"";"";"";"";""
03.01.2023 13:19:05;1672748345000;880f01e687e2572cea04e80fc6a68085;276074;OK;1835;0;0;0;0;-0,07;-16,14;0;0;828;649;"";232,274;34,84;513,99;65,42;20,941;0,92;1,556;0,22;10,939;1,75;0,0;10,0;0,0;10,0;0,176;10,0;136,667;23,38;40,779;14,1;0,609;10,02;0,36;10,0;0,358;10,0;0,0;10,0;2,586;24,558;0,53;30,866;3,36;6,962;0,66;6,424;1,39;969,4099;1,0;"";"";14,893;2,8;81,09;15,82;"";"";33,475;10,94;53,1;"";"";"";"";"";"";"";"";"";"";"";"";"";"";"";"";"";"";"";"";"";"";"";"";"";"";"";"";"";"";"";"";"";"";"";"";"";"";"";"";"";"";"";"";"";"";"";"";"";"";"";"";"";"";"";"";"";"";"";"";"";"";"";"";""
03.01.2023 13:21:06;1672748466000;880f01e687e2572cea04e80fc6a68085;276196;OK;1822;0;1;0;0;-0,07;-39,16;0;0;827;653;"";228,739;34,31;509,294;65,28;20,944;0,92;1,556;0,22;11,056;1,76;0,0;10,0;0,0;10,0;0,09;10,0;136,494;23,36;42,03;14,13;0,191;10,0;0,165;10,0;0,165;10,0;0,0;10,0;1,809;24,557;0,53;30,808;3,36;6,948;0,66;6,396;1,4;969,408;1,0;"";"";15,022;2,79;81,394;15,84;"";"";33,769;10,97;54,1;"";"";"";"";"";"";"";"";"";"";"";"";"";"";"";"";"";"";"";"";"";"";"";"";"";"";"";"";"";"";"";"";"";"";"";"";"";"";"";"";"";"";"";"";"";"";"";"";"";"";"";"";"";"";"";"";"";"";"";"";"";"";"";"";""
03.01.2023 13:23:07;1672748587000;880f01e687e2572cea04e80fc6a68085;276318;OK;1813;0;1;0;0;-0,06;-46,57;0;0;827;657;"";228,095;34,21;504,843;65,15;20,945;0,92;1,556;0,22;11,136;1,76;0,048;10,0;0,048;10,0;0,058;10,0;129,728;22,6;38,356;13,76;0,386;10,0;0,017;10,0;0,017;10,0;0,0;10,0;1,083;24,555;0,53;30,818;3,36;6,95;0,66;6,399;1,4;969,401;1,0;"";"";15,158;2,79;81,63301;15,85;"";"";33,589;11,14;53,9;"";"";"";"";"";"";"";"";"";"";"";"";"";"";"";"";"";"";"";"";"";"";"";"";"";"";"";"";"";"";"";"";"";"";"";"";"";"";"";"";"";"";"";"";"";"";"";"";"";"";"";"";"";"";"";"";"";"";"";"";"";"";"";"";""
03.01.2023 13:25:08;1672748708000;880f01e687e2572cea04e80fc6a68085;276438;OK;1835;0;0;0;0;-0,07;-17,0;0;0;825;653;"";227,175;34,08;507,416;65,22;20,945;0,92;1,557;0,22;11,28;1,77;0,005;10,0;0,005;10,0;0,006;10,0;133,12;23,01;42,42;14,1;0,876;10,11;0,002;10,0;0,002;10,0;0,0;10,0;1,009;24,556;0,53;30,759;3,36;6,936;0,66;6,371;1,4;969,4;1,0;"";"";15,445;2,77;81,939;15,87;"";"";34,058;10,95;55,4;"";"";"";"";"";"";"";"";"";"";"";"";"";"";"";"";"";"";"";"";"";"";"";"";"";"";"";"";"";"";"";"";"";"";"";"";"";"";"";"";"";"";"";"";"";"";"";"";"";"";"";"";"";"";"";"";"";"";"";"";"";"";"";"";""
03.01.2023 13:27:08;1672748828000;880f01e687e2572cea04e80fc6a68085;276558;OK;1821;0;0;0;0;-0,05;-10,18;0;0;825;656;"";224,73;33,71;504,853;65,15;20,944;0,92;1,556;0,22;11,424;1,78;0,001;10,0;0,001;10,0;0,001;10,0;136,098;23,3;41,346;13,99;1,825;10,13;0,0;10,0;0,0;10,0;0,0;10,0;1,001;24,557;0,53;30,745;3,36;6,934;0,66;6,365;1,4;969,4039;1,0;"";"";15,603;2,76;82,20201;15,88;"";"";33,019;11,28;58,1;"";"";"";"";"";"";"";"";"";"";"";"";"";"";"";"";"";"";"";"";"";"";"";"";"";"";"";"";"";"";"";"";"";"";"";"";"";"";"";"";"";"";"";"";"";"";"";"";"";"";"";"";"";"";"";"";"";"";"";"";"";"";"";"";""
03.01.2023 13:29:08;1672748948000;880f01e687e2572cea04e80fc6a68085;276678;OK;1805;0;0;0;0;-0,04;-3,53;0;0;825;655;"";225,278;33,79;505,088;65,15;20,945;0,92;1,557;0,22;11,506;1,78;0,034;10,0;0,232;10,0;0,232;10,0;145,445;24,16;45,536;14,42;2,263;10,18;0,0;10,0;0,0;10,0;0,0;10,0;1,296;24,553;0,53;30,745;3,36;6,932;0,66;6,362;1,4;969,411;1,0;"";"";15,71;2,76;82,802;15,91;"";"";41,724;8,32;76,1;"";"";"";"";"";"";"";"";"";"";"";"";"";"";"";"";"";"";"";"";"";"";"";"";"";"";"";"";"";"";"";"";"";"";"";"";"";"";"";"";"";"";"";"";"";"";"";"";"";"";"";"";"";"";"";"";"";"";"";"";"";"";"";"";""
03.01.2023 13:31:09;1672749069000;880f01e687e2572cea04e80fc6a68085;276799;OK;1832;1;0;0;0;0,17;43,76;0;0;833;637;"";223,465;33,52;531,658;65,95;20,939;0,92;1,557;0,22;11,797;1,8;0,004;10,0;0,025;10,0;0,025;10,0;132,858;22,96;40,325;13,97;0,557;10,02;0,0;10,0;0,0;10,0;0,0;10,0;1,032;24,553;0,53;31,091;3,35;7,01;0,66;6,524;1,38;969,418;1,0;"";"";16,111;2,74;84,202;15,99;"";"";33,96;10,9;73,6;"";"";"";"";"";"";"";"";"";"";"";"";"";"";"";"";"";"";"";"";"";"";"";"";"";"";"";"";"";"";"";"";"";"";"";"";"";"";"";"";"";"";"";"";"";"";"";"";"";"";"";"";"";"";"";"";"";"";"";"";"";"";"";"";""
03.01.2023 13:33:08;1672749188000;880f01e687e2572cea04e80fc6a68085;276918;OK;1835;1;0;0;0;0,35;71,77;0;0;836;648;"";238,357;35,75;521,853;65,66;20,943;0,92;1,557;0,22;12,303;1,83;0,0;10,0;0,003;10,0;0,236;10,0;150,75;24,77;45,331;14,43;0,767;10,04;0,276;10,0;0,276;10,0;0,0;10,0;3,101;24,558;0,53;31,24;3,35;7,046;0,66;6,598;1,37;969,4119;1,0;"";"";16,67;2,71;87,199;16,15;"";"";33,51;10,88;54,6;"";"";"";"";"";"";"";"";"";"";"";"";"";"";"";"";"";"";"";"";"";"";"";"";"";"";"";"";"";"";"";"";"";"";"";"";"";"";"";"";"";"";"";"";"";"";"";"";"";"";"";"";"";"";"";"";"";"";"";"";"";"";"";"";""
03.01.2023 13:35:11;1672749311000;880f01e687e2572cea04e80fc6a68085;277041;OK;1815;1;0;0;0;0,39;34,73;0;0;839;652;"";234,585;35,19;517,682;65,53;20,942;0,92;1,559;0,22;12,651;1,85;0,0;10,0;0,062;10,0;0,318;10,0;169,746;26,48;53,279;15,26;1,305;10,0;0,565;10,0;0,028;10,0;0,0;10,0;3,404;24,567;0,53;31,335;3,35;7,071;0,66;6,65;1,37;969,401;1,0;"";"";17,338;2,68;90,002;16,29;"";"";31,964;11,73;57,6;"";"";"";"";"";"";"";"";"";"";"";"";"";"";"";"";"";"";"";"";"";"";"";"";"";"";"";"";"";"";"";"";"";"";"";"";"";"";"";"";"";"";"";"";"";"";"";"";"";"";"";"";"";"";"";"";"";"";"";"";"";"";"";"";""
03.01.2023 13:37:10;1672749430000;880f01e687e2572cea04e80fc6a68085;277160;OK;1851;0;1;0;0;0,24;-45,26;0;0;841;660;"";233,051;34,96;509,776;65,29;20,944;0,92;1,56;0,22;12,887;1,86;0,0;10,0;0,007;10,0;0,101;10,0;145,409;24,19;43,851;14,28;0,341;10,0;0,259;10,0;0,003;10,0;0,0;10,0;1,855;24,576;0,53;31,424;3,35;7,095;0,66;6,7;1,36;969,39;1,0;"";"";17,964;2,65;92,474;16,43;"";"";34,121;10,79;53,9;"";"";"";"";"";"";"";"";"";"";"";"";"";"";"";"";"";"";"";"";"";"";"";"";"";"";"";"";"";"";"";"";"";"";"";"";"";"";"";"";"";"";"";"";"";"";"";"";"";"";"";"";"";"";"";"";"";"";"";"";"";"";"";"";""
03.01.2023 13:39:11;1672749551000;880f01e687e2572cea04e80fc6a68085;277280;OK;1843;0;1;0;0;0,16;-30,56;0;0;842;654;"";241,473;36,22;516,158;65,48;20,943;0,92;1,561;0,22;13,041;1,87;0,0;10,0;0,001;10,0;0,08200001;10,0;153,031;24,94;46,104;14,54;0,298;10,0;0,117;10,0;0,0;10,0;0,0;10,0;1,733;24,585;0,53;31,462;3,35;7,107;0,66;6,726;1,36;969,382;1,0;"";"";18,518;2,62;94,568;16,54;"";"";34,642;10,67;54,2;"";"";"";"";"";"";"";"";"";"";"";"";"";"";"";"";"";"";"";"";"";"";"";"";"";"";"";"";"";"";"";"";"";"";"";"";"";"";"";"";"";"";"";"";"";"";"";"";"";"";"";"";"";"";"";"";"";"";"";"";"";"";"";"";""
03.01.2023 13:41:10;1672749670000;880f01e687e2572cea04e80fc6a68085;277400;OK;1816;0;0;0;0;0,11;10,37;0;0;842;652;"";279,755;41,96;518,603;65,56;20,94;0,92;1,562;0,22;13,004;1,86;0,0;10,0;0,0;10,0;0,009;10,0;158,847;25,49;44,718;14,45;1,187;10,1;0,013;10,0;0,0;10,0;0,0;10,0;1,078;24,596;0,53;31,461;3,35;7,111;0,66;6,735;1,36;969,386;1,0;"";"";18,706;2,61;95,919;16,61;"";"";32,685;11,38;53,5;"";"";"";"";"";"";"";"";"";"";"";"";"";"";"";"";"";"";"";"";"";"";"";"";"";"";"";"";"";"";"";"";"";"";"";"";"";"";"";"";"";"";"";"";"";"";"";"";"";"";"";"";"";"";"";"";"";"";"";"";"";"";"";"";""
03.01.2023 13:43:12;1672749792000;880f01e687e2572cea04e80fc6a68085;277522;OK;1818;1;0;0;0;0,1;32,21;0;0;843;648;"";306,107;45,92;522,466;65,67;20,941;0,92;1,564;0,22;12,973;1,86;0,0;10,0;0,005;10,0;0,006;10,0;163,645;25,99;48,267;14,72;0,959;10,09;0,001;10,0;0,0;10,0;0,0;10,0;1,016;24,604;0,53;31,525;3,34;7,129;0,66;6,771;1,36;969,395;1,0;"";"";18,877;2,6;96,946;16,67;"";"";33,538;10,73;56,3;"";"";"";"";"";"";"";"";"";"";"";"";"";"";"";"";"";"";"";"";"";"";"";"";"";"";"";"";"";"";"";"";"";"";"";"";"";"";"";"";"";"";"";"";"";"";"";"";"";"";"";"";"";"";"";"";"";"";"";"";"";"";"";"";""
03.01.2023 13:45:11;1672749911000;880f01e687e2572cea04e80fc6a68085;277641;OK;1833;0;0;0;0;0,06;17,31;0;0;843;645;"";324,403;48,66;524,856;65,75;20,941;0,92;1,567;0,22;12,926;1,86;0,0;10,0;0,001;10,0;0,001;10,0;132,394;22,96;40,014;13,94;0,372;10,01;0,0;10,0;0,0;10,0;0,0;10,0;1,002;24,611;0,53;31,513;3,34;7,129;0,66;6,771;1,36;969,399;1,0;"";"";19,021;2,59;97,517;16,7;"";"";33,92;11,09;56,9;"";"";"";"";"";"";"";"";"";"";"";"";"";"";"";"";"";"";"";"";"";"";"";"";"";"";"";"";"";"";"";"";"";"";"";"";"";"";"";"";"";"";"";"";"";"";"";"";"";"";"";"";"";"";"";"";"";"";"";"";"";"";"";"";""
03.01.2023 13:47:12;1672750032000;880f01e687e2572cea04e80fc6a68085;277762;OK;1837;1;0;0;0;0,09;29,17;0;0;844;641;"";345,64;51,85;529,076;65,87;20,94;0,92;1,569;0,22;12,911;1,86;0,0;10,0;0,0;10,0;0,0;10,0;167,832;26,37;50,291;14,95;2,054;10,22;0,0;10,0;0,0;10,0;0,0;10,0;1,0;24,625;0,53;31,562;3,34;7,145;0,66;6,806;1,36;969,387;1,0;"";"";19,041;2,59;97,84301;16,72;"";"";32,286;11,62;53,8;"";"";"";"";"";"";"";"";"";"";"";"";"";"";"";"";"";"";"";"";"";"";"";"";"";"";"";"";"";"";"";"";"";"";"";"";"";"";"";"";"";"";"";"";"";"";"";"";"";"";"";"";"";"";"";"";"";"";"";"";"";"";"";"";""
03.01.2023 13:49:12;1672750152000;880f01e687e2572cea04e80fc6a68085;277882;OK;1819;1;0;0;0;0,08;51,07;0;0;844;632;"";379,175;56,88;538,993;66,17;20,936;0,92;1,571;0,22;12,827;1,85;0,0;10,0;0,0;10,0;0,0;10,0;159,587;25,58;46,346;14,56;2,093;10,16;0,0;10,0;0,0;10,0;0,0;10,0;1,0;24,634;0,53;31,576;3,34;7,152;0,66;6,821;1,36;969,367;1,0;"";"";19,09;2,59;98,281;16,74;"";"";32,144;11,76;53,9;"";"";"";"";"";"";"";"";"";"";"";"";"";"";"";"";"";"";"";"";"";"";"";"";"";"";"";"";"";"";"";"";"";"";"";"";"";"";"";"";"";"";"";"";"";"";"";"";"";"";"";"";"";"";"";"";"";"";"";"";"";"";"";"";""
03.01.2023 13:51:14;1672750274000;880f01e687e2572cea04e80fc6a68085;278003;OK;1825;1;0;0;0;0,1;64,33;0;0;843;611;"";455,833;68,38;546,2379;66,39;20,935;0,92;1,575;0,22;12,786;1,85;0,0;10,0;0,025;10,0;0,025;10,0;167,088;26,3;51,079;15,04;2,642;10,2;0,0;10,0;0,0;10,0;0,0;10,0;1,038;24,645;0,53;31,631;3,34;7,169;0,66;6,855;1,35;969,349;1,0;"";"";19,136;2,59;98,62201;16,76;"";"";34,003;11,06;54,0;"";"";"";"";"";"";"";"";"";"";"";"";"";"";"";"";"";"";"";"";"";"";"";"";"";"";"";"";"";"";"";"";"";"";"";"";"";"";"";"";"";"";"";"";"";"";"";"";"";"";"";"";"";"";"";"";"";"";"";"";"";"";"";"";""
03.01.2023 13:53:13;1672750393000;880f01e687e2572cea04e80fc6a68085;278122;OK;1837;1;0;0;0;0,08;67,13;0;0;844;599;"";480,165;72,02;553,057;66,59;20,937;0,92;1,578;0,22;12,622;1,84;0,078;10,0;0,081;10,0;0,081;10,0;165,322;26,11;49,851;14,91;1,59;10,07;0,0;10,0;0,0;10,0;0,0;10,0;1,004;24,661;0,53;31,641;3,34;7,178;0,66;6,874;1,35;969,33;1,0;"";"";19,171;2,59;99,22;16,79;"";"";34,856;11,04;54,9;"";"";"";"";"";"";"";"";"";"";"";"";"";"";"";"";"";"";"";"";"";"";"";"";"";"";"";"";"";"";"";"";"";"";"";"";"";"";"";"";"";"";"";"";"";"";"";"";"";"";"";"";"";"";"";"";"";"";"";"";"";"";"";"";""
03.01.2023 13:55:14;1672750514000;880f01e687e2572cea04e80fc6a68085;278243;OK;1823;1;0;0;0;0,1;39,7;0;0;842;597;"";490,675;73,6;551,341;66,54;20,937;0,92;1,58;0,22;12,489;1,84;0,008;10,0;0,009;10,0;0,423;10,0;166,522;26,25;50,67;15,01;0,918;10,01;0,491;10,0;0,491;10,0;0,0;10,0;4,732;24,678;0,53;31,635;3,34;7,183;0,66;6,886;1,35;969,3069;1,0;"";"";19,145;2,59;99,763;16,82;"";"";31,873;12,21;54,6;"";"";"";"";"";"";"";"";"";"";"";"";"";"";"";"";"";"";"";"";"";"";"";"";"";"";"";"";"";"";"";"";"";"";"";"";"";"";"";"";"";"";"";"";"";"";"";"";"";"";"";"";"";"";"";"";"";"";"";"";"";"";"";"";""
03.01.2023 13:57:13;1672750633000;880f01e687e2572cea04e80fc6a68085;278363;OK;1838;0;0;0;0;0,04;-1,82;0;0;838;596;"";501,449;75,22;546,981;66,41;20,939;0,92;1,583;0,23;12,344;1,83;0,001;10,0;0,001;10,0;0,351;10,0;160,557;25,71;46,88;14,6;2,802;10,26;0,76;10,0;0,522;10,0;0,0;10,0;4,152;24,694;0,53;31,582;3,34;7,178;0,66;6,876;1,36;969,277;1,0;"";"";19,092;2,59;99,63901;16,82;"";"";32,733;11,86;54,3;"";"";"";"";"";"";"";"";"";"";"";"";"";"";"";"";"";"";"";"";"";"";"";"";"";"";"";"";"";"";"";"";"";"";"";"";"";"";"";"";"";"";"";"";"";"";"";"";"";"";"";"";"";"";"";"";"";"";"";"";"";"";"";"";""
03.01.2023 13:59:14;1672750754000;880f01e687e2572cea04e80fc6a68085;278484;OK;1829;0;0;0;0;0,01;-8,45;0;0;840;591;"";497,549;74,63;551,941;66,56;20,94;0,92;1,585;0,23;12,265;1,82;0,0;10,0;0,0;10,0;0,09700001;10,0;149,869;24,62;45,87;14,45;3,298;10,31;0,128;10,0;0,102;10,0;0,0;10,0;1,868;24,711;0,53;31,574;3,34;7,183;0,66;6,887;1,36;969,242;1,0;"";"";18,927;2,6;99,03701;16,79;"";"";32,476;11,56;53,4;"";"";"";"";"";"";"";"";"";"";"";"";"";"";"";"";"";"";"";"";"";"";"";"";"";"";"";"";"";"";"";"";"";"";"";"";"";"";"";"";"";"";"";"";"";"";"";"";"";"";"";"";"";"";"";"";"";"";"";"";"";"";"";"";""
03.01.2023 14:01:14;1672750874000;880f01e687e2572cea04e80fc6a68085;278604;OK;1812;0;0;0;0;0,01;-11,37;0;0;842;597;"";492,744;73,91;545,679;66,37001;20,941;0,92;1,586;0,23;12,151;1,82;0,0;10,0;0,0;10,0;0,137;10,0;159,44;25,59;43,478;14,26;2,094;10,22;0,566;10,0;0,563;10,0;0,0;10,0;2,234;24,725;0,53;31,573;3,34;7,188;0,66;6,899;1,36;969,224;1,0;"";"";18,815;2,6;98,783;16,78;"";"";32,811;10,96;54,4;"";"";"";"";"";"";"";"";"";"";"";"";"";"";"";"";"";"";"";"";"";"";"";"";"";"";"";"";"";"";"";"";"";"";"";"";"";"";"";"";"";"";"";"";"";"";"";"";"";"";"";"";"";"";"";"";"";"";"";"";"";"";"";"";""
03.01.2023 14:03:15;1672750995000;880f01e687e2572cea04e80fc6a68085;278725;OK;1824;0;0;0;0;-0,01;-10,4;0;0;841;596;"";488,272;73,24;545,332;66,36;20,941;0,92;1,587;0,23;12,0;1,81;0,0;10,0;0,0;10,0;0,271;10,0;134,604;23,15;38,848;13,84;1,948;10,16;0,567;10,0;0,567;10,0;0,0;10,0;3,443;24,742;0,53;31,474;3,34;7,173;0,67;6,868;1,36;969,221;1,0;"";"";18,717;2,61;98,503;16,76;"";"";31,938;11,8;54,7;"";"";"";"";"";"";"";"";"";"";"";"";"";"";"";"";"";"";"";"";"";"";"";"";"";"";"";"";"";"";"";"";"";"";"";"";"";"";"";"";"";"";"";"";"";"";"";"";"";"";"";"";"";"";"";"";"";"";"";"";"";"";"";"";""
03.01.2023 14:05:15;1672751115000;880f01e687e2572cea04e80fc6a68085;278845;OK;1817;0;0;0;0;-0,02;-13,75;0;0;833;587;"";512,388;76,86;549,284;66,48;20,939;0,92;1,589;0,23;11,989;1,81;0,0;10,0;0,0;10,0;0,074;10,0;167,748;26,43;48,695;14,78;0,366;10,04;0,146;10,0;0,146;10,0;0,0;10,0;1,665;24,751;0,53;31,504;3,34;7,183;0,67;6,889;1,36;969,205;1,0;"";"";18,645;2,61;98,037;16,74;"";"";33,723;10,49;55,1;"";"";"";"";"";"";"";"";"";"";"";"";"";"";"";"";"";"";"";"";"";"";"";"";"";"";"";"";"";"";"";"";"";"";"";"";"";"";"";"";"";"";"";"";"";"";"";"";"";"";"";"";"";"";"";"";"";"";"";"";"";"";"";"";""
03.01.2023 14:07:17;1672751237000;880f01e687e2572cea04e80fc6a68085;278967;OK;1811;1;0;0;0;-0,0;66,24;0;0;807;553;"";578,8599;86,83001;570,0819;67,1;20,931;0,92;1,593;0,23;11,888;1,8;0,0;10,0;0,0;10,0;0,008;10,0;142,776;23,91;40,898;14,05;0,924;10,15;0,015;10,0;0,015;10,0;0,0;10,0;1,069;24,757;0,53;31,503;3,34;7,185;0,67;6,894;1,36;969,199;1,0;"";"";18,689;2,61;97,056;16,69;"";"";34,362;10,57;54,6;"";"";"";"";"";"";"";"";"";"";"";"";"";"";"";"";"";"";"";"";"";"";"";"";"";"";"";"";"";"";"";"";"";"";"";"";"";"";"";"";"";"";"";"";"";"";"";"";"";"";"";"";"";"";"";"";"";"";"";"";"";"";"";"";""
03.01.2023 14:09:17;1672751357000;880f01e687e2572cea04e80fc6a68085;279086;OK;1834;1;0;0;0;0,04;77,79;0;0;823;564;"";539,745;80,96;565,662;66,97;20,931;0,92;1,596;0,23;11,809;1,8;0,116;10,0;0,151;10,0;0,298;10,0;169,457;26,6;52,06;15,13;2,76;10,31;0,124;10,0;0,124;10,0;0,122;10,0;1,932;24,764;0,53;31,477;3,34;7,182;0,67;6,887;1,36;969,19;1,0;"";"";18,672;2,61;96,71801;16,67;"";"";33,946;10,47;53,7;"";"";"";"";"";"";"";"";"";"";"";"";"";"";"";"";"";"";"";"";"";"";"";"";"";"";"";"";"";"";"";"";"";"";"";"";"";"";"";"";"";"";"";"";"";"";"";"";"";"";"";"";"";"";"";"";"";"";"";"";"";"";"";"";""
03.01.2023 14:11:17;1672751477000;880f01e687e2572cea04e80fc6a68085;279207;OK;1815;1;0;0;0;0,0;28,83;0;0;810;560;"";571,246;85,69;560,641;66,82;20,931;0,92;1,598;0,23;11,802;1,8;0,012;10,0;0,08200001;10,0;0,146;10,0;171,649;26,87;47,987;14,72;1,776;10,2;0,203;10,0;0,203;10,0;0,203;10,0;1,635;24,772;0,53;31,453;3,34;7,18;0,67;6,884;1,36;969,187;1,0;"";"";18,649;2,61;96,24;16,65;"";"";32,014;11,99;56,3;"";"";"";"";"";"";"";"";"";"";"";"";"";"";"";"";"";"";"";"";"";"";"";"";"";"";"";"";"";"";"";"";"";"";"";"";"";"";"";"";"";"";"";"";"";"";"";"";"";"";"";"";"";"";"";"";"";"";"";"";"";"";"";"";""
03.01.2023 14:13:16;1672751596000;880f01e687e2572cea04e80fc6a68085;279327;OK;1807;0;0;0;0;-0,0;-15,35;0;0;793;546;"";613,306;92,0;565,0219;66,95;20,93;0,92;1,601;0,23;11,749;1,8;0,001;10,0;0,054;10,0;0,061;10,0;146,405;24,24;39,576;13,91;1,971;10,18;0,022;10,0;0,022;10,0;0,022;10,0;1,136;24,779;0,53;31,452;3,34;7,183;0,67;6,89;1,36;969,189;1,0;"";"";18,676;2,61;96,086;16,64;"";"";31,868;11,95;57,6;"";"";"";"";"";"";"";"";"";"";"";"";"";"";"";"";"";"";"";"";"";"";"";"";"";"";"";"";"";"";"";"";"";"";"";"";"";"";"";"";"";"";"";"";"";"";"";"";"";"";"";"";"";"";"";"";"";"";"";"";"";"";"";"";""
03.01.2023 14:15:16;1672751716000;880f01e687e2572cea04e80fc6a68085;279446;OK;1844;0;0;0;0;0,03;-9,59;0;0;766;531;"";680,161;102,04;563,797;66,91;20,926;0,92;1,605;0,23;11,87;1,8;0,0;10,0;0,014;10,0;0,015;10,0;171,102;26,66;49,035;14,76;2,991;10,28;0,002;10,0;0,002;10,0;0,002;10,0;1,027;24,786;0,53;31,511;3,34;7,199;0,67;6,923;1,36;969,206;1,0;"";"";18,746;2,61;96,109;16,64;"";"";35,392;10,84;54,1;"";"";"";"";"";"";"";"";"";"";"";"";"";"";"";"";"";"";"";"";"";"";"";"";"";"";"";"";"";"";"";"";"";"";"";"";"";"";"";"";"";"";"";"";"";"";"";"";"";"";"";"";"";"";"";"";"";"";"";"";"";"";"";"";""
03.01.2023 14:17:18;1672751838000;880f01e687e2572cea04e80fc6a68085;279568;OK;1822;0;0;0;0;0,05;10,28;0;0;769;532;"";674,756;101,21;563,367;66,9;20,93;0,92;1,607;0,23;11,896;1,81;0,009;10,0;0,01;10,0;0,01;10,0;159,956;25,71;45,71;14,47;1,671;10,03;0,0;10,0;0,0;10,0;0,0;10,0;1,003;24,795;0,53;31,488;3,34;7,197;0,67;6,92;1,36;969,242;1,0;"";"";18,714;2,61;96,159;16,65;"";"";31,893;12,18;58,6;"";"";"";"";"";"";"";"";"";"";"";"";"";"";"";"";"";"";"";"";"";"";"";"";"";"";"";"";"";"";"";"";"";"";"";"";"";"";"";"";"";"";"";"";"";"";"";"";"";"";"";"";"";"";"";"";"";"";"";"";"";"";"";"";""
03.01.2023 14:19:17;1672751957000;880f01e687e2572cea04e80fc6a68085;279687;OK;1816;0;0;0;0;0,04;1,84;0;0;778;533;"";651,148;97,67;567,11;67,01;20,932;0,92;1,609;0,23;11,946;1,81;0,001;10,0;0,07;10,0;0,202;10,0;163,069;25,95;46,109;14,57;1,39;10,11;0,562;10,0;0,0;10,0;0,0;10,0;2,288;24,806;0,53;31,475;3,34;7,199;0,67;6,924;1,36;969,271;1,0;"";"";18,85;2,6;96,315;16,66;"";"";33,095;11,7;57,4;"";"";"";"";"";"";"";"";"";"";"";"";"";"";"";"";"";"";"";"";"";"";"";"";"";"";"";"";"";"";"";"";"";"";"";"";"";"";"";"";"";"";"";"";"";"";"";"";"";"";"";"";"";"";"";"";"";"";"";"";"";"";"";"";""
03.01.2023 14:21:18;1672752078000;880f01e687e2572cea04e80fc6a68085;279808;OK;1838;0;0;0;0;0,03;5,52;0;0;769;530;"";674,508;101,17;563,929;66,92;20,932;0,92;1,611;0,23;12,032;1,81;0,0;10,0;0,008;10,0;0,174;10,0;176,498;27,28;50,961;15,03;1,508;10,01;0,261;10,0;0,0;10,0;0,0;10,0;2,51;24,816;0,53;31,491;3,34;7,207;0,67;6,94;1,36;969,281;1,0;"";"";18,963;2,6;96,445;16,67;"";"";33,058;11,65;53,7;"";"";"";"";"";"";"";"";"";"";"";"";"";"";"";"";"";"";"";"";"";"";"";"";"";"";"";"";"";"";"";"";"";"";"";"";"";"";"";"";"";"";"";"";"";"";"";"";"";"";"";"";"";"";"";"";"";"";"";"";"";"";"";"";""
03.01.2023 14:23:18;1672752198000;880f01e687e2572cea04e80fc6a68085;279928;OK;1815;0;0;0;0;0,07;4,58;0;0;768;527;"";676,2589;101,44;567,784;67,03;20,932;0,92;1,613;0,23;12,042;1,81;0,026;10,0;0,111;10,0;0,129;10,0;159,902;25,66;48,042;14,78;1,818;10,13;0,028;10,0;0,0;10,0;0,0;10,0;1,288;24,82;0,53;31,542;3,34;7,22;0,67;6,967;1,36;969,261;1,0;"";"";18,988;2,6;96,81601;16,69;"";"";30,792;12,51;52,9;"";"";"";"";"";"";"";"";"";"";"";"";"";"";"";"";"";"";"";"";"";"";"";"";"";"";"";"";"";"";"";"";"";"";"";"";"";"";"";"";"";"";"";"";"";"";"";"";"";"";"";"";"";"";"";"";"";"";"";"";"";"";"";"";""
03.01.2023 14:25:19;1672752319000;880f01e687e2572cea04e80fc6a68085;280049;OK;1838;1;0;0;0;0,14;51,17;0;0;755;506;"";708,426;106,27;585,183;67,56;20,928;0,92;1,615;0,23;12,212;1,82;0,003;10,0;0,012;10,0;0,014;10,0;138,495;23,5;42,274;14,2;0,685;10,01;0,003;10,0;0,0;10,0;0,0;10,0;1,031;24,833;0,53;31,656;3,34;7,251;0,67;7,03;1,35;969,2249;1,0;"";"";19,17;2,59;97,821;16,74;"";"";32,788;11,29;53,1;"";"";"";"";"";"";"";"";"";"";"";"";"";"";"";"";"";"";"";"";"";"";"";"";"";"";"";"";"";"";"";"";"";"";"";"";"";"";"";"";"";"";"";"";"";"";"";"";"";"";"";"";"";"";"";"";"";"";"";"";"";"";"";"";""
03.01.2023 14:27:20;1672752440000;880f01e687e2572cea04e80fc6a68085;280170;OK;1826;1;0;0;0;0,15;72,17;0;0;749;499;"";723,436;108,58;587,9439;67,64;20,927;0,92;1,617;0,23;12,303;1,83;0,0;10,0;0,001;10,0;0,139;10,0;162,942;25,98;44,161;14,34;1,356;10,0;0,938;10,0;0,225;10,0;0,0;10,0;2,238;24,845;0,53;31,668;3,34;7,259;0,67;7,047;1,35;969,224;1,0;"";"";19,371;2,58;98,014;16,75;"";"";32,051;11,35;53,4;"";"";"";"";"";"";"";"";"";"";"";"";"";"";"";"";"";"";"";"";"";"";"";"";"";"";"";"";"";"";"";"";"";"";"";"";"";"";"";"";"";"";"";"";"";"";"";"";"";"";"";"";"";"";"";"";"";"";"";"";"";"";"";"";""
03.01.2023 14:29:20;1672752560000;880f01e687e2572cea04e80fc6a68085;280289;OK;1836;1;0;0;0;0,17;83,27;0;0;748;489;"";727,356;109,25;600,778;68,02;20,927;0,92;1,619;0,23;12,327;1,83;0,0;10,0;0,0;10,0;0,5;10,0;177,85;27,33;50,266;14,97;0,859;10,0;0,813;10,0;0,439;10,0;0,0;10,0;4,61;24,854;0,53;31,751;3,34;7,282;0,67;7,093;1,35;969,2459;1,0;"";"";19,44;2,57;98,577;16,78;"";"";34,313;10,34;53,2;"";"";"";"";"";"";"";"";"";"";"";"";"";"";"";"";"";"";"";"";"";"";"";"";"";"";"";"";"";"";"";"";"";"";"";"";"";"";"";"";"";"";"";"";"";"";"";"";"";"";"";"";"";"";"";"";"";"";"";"";"";"";"";"";""
03.01.2023 14:31:20;1672752680000;880f01e687e2572cea04e80fc6a68085;280410;OK;1826;1;0;0;0;0,1;51,79;0;0;743;484;"";740,108;111,12;602,61;68,08;20,926;0,92;1,621;0,23;12,388;1,83;0,0;10,0;0,0;10,0;0,24;10,0;208,688;30,44;60,232;15,86;0,566;10,02;0,295;10,02;0,255;10,02;0,0;10,0;2,382;24,863;0,53;31,764;3,34;7,288;0,67;7,106;1,35;969,25;1,0;"";"";19,463;2,57;98,85501;16,8;"";"";32,559;11,72;58,9;"";"";"";"";"";"";"";"";"";"";"";"";"";"";"";"";"";"";"";"";"";"";"";"";"";"";"";"";"";"";"";"";"";"";"";"";"";"";"";"";"";"";"";"";"";"";"";"";"";"";"";"";"";"";"";"";"";"";"";"";"";"";"";"";""
03.01.2023 14:33:20;1672752800000;880f01e687e2572cea04e80fc6a68085;280530;OK;1832;0;0;0;0;0,05;15,57;0;0;761;502;"";692,537;103,88;591,813;67,75;20,926;0,92;1,621;0,23;12,423;1,83;0,0;10,0;0,0;10,0;0,026;10,0;195,78;29,18;58,813;15,78;0,847;10,09;0,031;10,0;0,027;10,0;0,0;10,0;1,148;24,869;0,53;31,719;3,34;7,28;0,67;7,091;1,35;969,238;1,0;"";"";19,547;2,57;99,05001;16,81;"";"";33,751;10,94;54,8;"";"";"";"";"";"";"";"";"";"";"";"";"";"";"";"";"";"";"";"";"";"";"";"";"";"";"";"";"";"";"";"";"";"";"";"";"";"";"";"";"";"";"";"";"";"";"";"";"";"";"";"";"";"";"";"";"";"";"";"";"";"";"";"";""
03.01.2023 14:35:22;1672752922000;880f01e687e2572cea04e80fc6a68085;280653;OK;1812;0;0;0;0;0,07;1,43;0;0;749;482;"";723,505;108,6;611,155;68,33;20,927;0,92;1,621;0,23;12,467;1,84;0,0;10,0;0,0;10,0;0,003;10,0;160,554;25,71;47,851;14,75;1,196;10,13;0,003;10,0;0,003;10,0;0,0;10,0;1,015;24,874;0,53;31,859;3,34;7,315;0,67;7,16;1,34;969,2249;1,0;"";"";19,623;2,56;99,891;16,85;"";"";33,432;10,83;55,1;"";"";"";"";"";"";"";"";"";"";"";"";"";"";"";"";"";"";"";"";"";"";"";"";"";"";"";"";"";"";"";"";"";"";"";"";"";"";"";"";"";"";"";"";"";"";"";"";"";"";"";"";"";"";"";"";"";"";"";"";"";"";"";"";""
03.01.2023 14:37:23;1672753043000;880f01e687e2572cea04e80fc6a68085;280773;OK;1817;1;0;0;0;0,08;40,44;0;0;750;481;"";721,668;108,24;611,529;68,35;20,928;0,92;1,623;0,23;12,489;1,84;0,0;10,0;0,0;10,0;1,554;10,0;201,35;29,68;57,511;15,66;3,723;10,33;2,858;10,26;2,39;10,17;1,151;10,0;7,506;24,882;0,53;31,83;3,34;7,311;0,67;7,154;1,34;969,213;1,0;"";"";19,591;2,57;100,318;16,88;"";"";33,749;10,8;57,9;"";"";"";"";"";"";"";"";"";"";"";"";"";"";"";"";"";"";"";"";"";"";"";"";"";"";"";"";"";"";"";"";"";"";"";"";"";"";"";"";"";"";"";"";"";"";"";"";"";"";"";"";"";"";"";"";"";"";"";"";"";"";"";"";""
03.01.2023 14:39:23;1672753163000;880f01e687e2572cea04e80fc6a68085;280893;OK;1830;1;0;0;0;0,11;65,08;0;0;760;482;"";697,292;104,6;617,6859;68,53;20,928;0,92;1,623;0,23;12,476;1,84;0,074;10,0;0,074;10,0;0,336;10,0;166,643;26,33;50,221;14,92;0,681;10,03;0,364;10,03;0,255;10,02;0,123;10,0;2,278;24,89;0,53;31,902;3,33;7,331;0,67;7,194;1,34;969,193;1,0;"";"";19,669;2,56;100,369;16,88;"";"";34,334;11,0;53,6;"";"";"";"";"";"";"";"";"";"";"";"";"";"";"";"";"";"";"";"";"";"";"";"";"";"";"";"";"";"";"";"";"";"";"";"";"";"";"";"";"";"";"";"";"";"";"";"";"";"";"";"";"";"";"";"";"";"";"";"";"";"";"";"";""
03.01.2023 14:41:23;1672753283000;880f01e687e2572cea04e80fc6a68085;281013;OK;1820;1;0;0;0;0,26;58,35;0;0;763;483;"";687,943;103,19;625,431;68,76;20,924;0,92;1,623;0,23;12,816;1,85;0,008;10,0;0,008;10,0;0,036;10,0;176,192;27,22;49,068;14,79;1,276;10,06;0,039;10,0;0,027;10,0;0,013;10,0;1,136;24,9;0,53;32,218;3,33;7,408;0,67;7,347;1,32;969,219;1,0;"";"";19,919;2,55;101,967;16,97;"";"";33,406;11,39;53,8;"";"";"";"";"";"";"";"";"";"";"";"";"";"";"";"";"";"";"";"";"";"";"";"";"";"";"";"";"";"";"";"";"";"";"";"";"";"";"";"";"";"";"";"";"";"";"";"";"";"";"";"";"";"";"";"";"";"";"";"";"";"";"";"";""
03.01.2023 14:43:24;1672753404000;880f01e687e2572cea04e80fc6a68085;281134;OK;1824;1;0;0;0;0,4;24,72;0;0;741;473;"";744,999;112,09;622,613;68,68;20,922;0,92;1,624;0,23;13,077;1,87;0,001;10,0;0,001;10,0;0,004;10,0;169,187;26,57;51,387;15,04;1,807;10,01;0,004;10,0;0,003;10,0;0,001;10,0;1,015;24,91;0,53;32,306;3,33;7,432;0,67;7,396;1,32;969,252;1,0;"";"";20,391;2,53;103,438;17,05;"";"";33,705;10,99;52,6;"";"";"";"";"";"";"";"";"";"";"";"";"";"";"";"";"";"";"";"";"";"";"";"";"";"";"";"";"";"";"";"";"";"";"";"";"";"";"";"";"";"";"";"";"";"";"";"";"";"";"";"";"";"";"";"";"";"";"";"";"";"";"";"";""
03.01.2023 14:45:25;1672753525000;880f01e687e2572cea04e80fc6a68085;281254;OK;1839;1;0;0;0;0,27;31,79;0;0;683;425;"";896,356;136,74;637,346;69,12;20,92;0,92;1,629;0,23;13,094;1,87;0,0;10,0;0,0;10,0;0,034;10,0;151,237;24,69;43,023;14,25;1,065;10,03;0,1;10,0;0,0;10,0;0,0;10,0;1,302;24,917;0,53;32,206;3,33;7,412;0,67;7,355;1,33;969,271;1,0;"";"";20,684;2,51;104,613;17,11;"";"";47,734;7,13;82,3;"";"";"";"";"";"";"";"";"";"";"";"";"";"";"";"";"";"";"";"";"";"";"";"";"";"";"";"";"";"";"";"";"";"";"";"";"";"";"";"";"";"";"";"";"";"";"";"";"";"";"";"";"";"";"";"";"";"";"";"";"";"";"";"";""
03.01.2023 14:47:25;1672753645000;880f01e687e2572cea04e80fc6a68085;281374;OK;1842;1;0;0;0;-0,23;30,97;0;0;770;476;"";672,86;101,19;629,049;68,87001;20,927;0,92;1,63;0,23;12,706;1,85;0,0;10,0;0,0;10,0;0,401;10,0;136,148;23,2;38,454;13,78;2,105;10,21;0,856;10,0;0,742;10,0;0,552;10,0;4,551;24,911;0,53;31,86;3,33;7,33;0,67;7,193;1,34;969,294;1,0;"";"";20,161;2,54;100,798;16,91;"";"";34,769;10,92;53,6;"";"";"";"";"";"";"";"";"";"";"";"";"";"";"";"";"";"";"";"";"";"";"";"";"";"";"";"";"";"";"";"";"";"";"";"";"";"";"";"";"";"";"";"";"";"";"";"";"";"";"";"";"";"";"";"";"";"";"";"";"";"";"";"";""
03.01.2023 14:49:25;1672753765000;880f01e687e2572cea04e80fc6a68085;281494;OK;1845;0;0;0;0;-0,38;3,2;0;0;703;441;"";842,796;127,94;624,131;68,72;20,927;0,92;1,631;0,23;12,625;1,84;0,0;10,0;0,0;10,0;0,214;10,0;155,097;25,13;45,688;14,46;0,521;10,04;0,28;10,0;0,267;10,0;0,096;10,0;2,398;24,906;0,53;31,836;3,34;7,323;0,67;7,177;1,34;969,312;1,0;"";"";19,682;2,56;98,213;16,77;"";"";35,873;10,39;72,4;"";"";"";"";"";"";"";"";"";"";"";"";"";"";"";"";"";"";"";"";"";"";"";"";"";"";"";"";"";"";"";"";"";"";"";"";"";"";"";"";"";"";"";"";"";"";"";"";"";"";"";"";"";"";"";"";"";"";"";"";"";"";"";"";""
03.01.2023 14:51:25;1672753885000;880f01e687e2572cea04e80fc6a68085;281616;OK;1831;0;0;0;0;-0,11;5,42;0;0;652;406;"";980,5759;150,75;634,326;69,03;20,924;0,92;1,634;0,23;12,874;1,86;0,0;10,0;0,0;10,0;0,195;10,0;170,901;26,7;50,428;14,91;2,9;10,23;0,692;10,0;0,691;10,0;0,01;10,0;2,703;24,907;0,53;32,139;3,33;7,392;0,67;7,316;1,33;969,319;1,0;"";"";19,63;2,56;98,956;16,81;"";"";35,777;9,59;53,9;"";"";"";"";"";"";"";"";"";"";"";"";"";"";"";"";"";"";"";"";"";"";"";"";"";"";"";"";"";"";"";"";"";"";"";"";"";"";"";"";"";"";"";"";"";"";"";"";"";"";"";"";"";"";"";"";"";"";"";"";"";"";"";"";""
03.01.2023 14:53:25;1672754005000;880f01e687e2572cea04e80fc6a68085;281735;OK;1830;2;0;0;0;0,52;128,73;0;0;556;313;"";1253,174;197,42;688,851;70,67;20,912;0,92;1,644;0,24;13,483;1,89;0,0;10,0;0,0;10,0;0,04;10,0;182,252;27,85;53,273;15,22;2,69;10,28;0,237;10,0;0,237;10,0;0,001;10,0;1,351;24,913;0,53;32,703;3,32;7,525;0,66;7,576;1,3;969,317;1,0;"";"";20,311;2,53;103,69;17,06;"";"";41,981;8,28;75,6;"";"";"";"";"";"";"";"";"";"";"";"";"";"";"";"";"";"";"";"";"";"";"";"";"";"";"";"";"";"";"";"";"";"";"";"";"";"";"";"";"";"";"";"";"";"";"";"";"";"";"";"";"";"";"";"";"";"";"";"";"";"";"";"";""
03.01.2023 14:55:26;1672754126000;880f01e687e2572cea04e80fc6a68085;281856;OK;1819;9;0;0;0;0,69;486,96;0;0;570;246;"";1211,321;190,02;791,574;73,75;20,905;0,92;1,654;0,24;13,898;1,91;0,0;10,0;0,0;10,0;0,004;10,0;168,165;26,37;46,254;14,5;0,693;10,03;0,025;10,0;0,025;10,0;0,0;10,0;1,037;24,918;0,53;32,753;3,32;7,538;0,66;7,603;1,3;969,314;1,0;"";"";20,971;2,5;106,442;17,21;"";"";34,032;11,72;70,7;"";"";"";"";"";"";"";"";"";"";"";"";"";"";"";"";"";"";"";"";"";"";"";"";"";"";"";"";"";"";"";"";"";"";"";"";"";"";"";"";"";"";"";"";"";"";"";"";"";"";"";"";"";"";"";"";"";"";"";"";"";"";"";"";""
03.01.2023 14:57:26;1672754246000;880f01e687e2572cea04e80fc6a68085;281976;OK;1827;8;0;0;0;0,25;427,96;0;0;582;261;"";1176,406;183,96;770,366;73,11;20,91;0,92;1,659;0,24;13,81;1,91;0,0;10,0;0,574;10,0;0,671;10,0;185,287;28,14;55,722;15,4;3,592;10,42;0,293;10,0;0,293;10,0;0,0;10,0;2,227;24,919;0,53;32,44;3,32;7,467;0,67;7,464;1,31;969,317;1,0;"";"";20,955;2,5;104,422;17,1;"";"";34,012;11,51;58,9;"";"";"";"";"";"";"";"";"";"";"";"";"";"";"";"";"";"";"";"";"";"";"";"";"";"";"";"";"";"";"";"";"";"";"";"";"";"";"";"";"";"";"";"";"";"";"";"";"";"";"";"";"";"";"";"";"";"";"";"";"";"";"";"";""
03.01.2023 14:59:27;1672754367000;880f01e687e2572cea04e80fc6a68085;282096;OK;1866;0;1;0;0;-0,87;-65,99;0;0;765;447;"";654,002;99,63;655,337;69,66001;20,93;0,92;1,656;0,24;12,779;1,85;0,0;10,0;0,075;10,0;0,41;10,0;169,274;26,61;48,373;14,77;1,369;10,08;0,469;10,0;0,469;10,0;0,0;10,0;4,009;24,906;0,53;31,211;3,35;7,179;0,67;6,885;1,38;969,318;1,0;"";"";19,62;2,56;96,167;16,66;"";"";51,394;5,23;86,4;"";"";"";"";"";"";"";"";"";"";"";"";"";"";"";"";"";"";"";"";"";"";"";"";"";"";"";"";"";"";"";"";"";"";"";"";"";"";"";"";"";"";"";"";"";"";"";"";"";"";"";"";"";"";"";"";"";"";"";"";"";"";"";"";""
03.01.2023 15:01:28;1672754488000;880f01e687e2572cea04e80fc6a68085;282218;OK;1819;0;1;0;0;-1,64;-715,2;0;0;814;579;"";328,187;49,39;554,296;66,63;20,937;0,92;1,637;0,23;11,324;1,77;0,036;10,0;0,06800001;10,0;0,681;10,0;194,576;29,08;56,019;15,49;2,9;10,25;0,763;10,0;0,763;10,0;0,138;10,0;6,117;24,841;0,53;30,602;3,36;7,013;0,68;6,544;1,41;969,302;1,0;"";"";17,444;2,67;79,35;15,76;"";"";39,419;9,41;73,6;"";"";"";"";"";"";"";"";"";"";"";"";"";"";"";"";"";"";"";"";"";"";"";"";"";"";"";"";"";"";"";"";"";"";"";"";"";"";"";"";"";"";"";"";"";"";"";"";"";"";"";"";"";"";"";"";"";"";"";"";"";"";"";"";""
03.01.2023 15:03:27;1672754607000;880f01e687e2572cea04e80fc6a68085;282337;OK;1847;0;1;0;0;-1,33;-673,12;0;0;824;599;"";335,924;50,41;544,43;66,33;20,936;0,92;1,623;0,23;10,787;1,75;0,004;10,0;0,008;10,0;0,746;10,0;175,745;27,22;50,139;14,93;3,015;10,3;0,968;10,0;0,968;10,0;0,768;10,0;5,699;24,773;0,53;30,709;3,36;7,011;0,67;6,536;1,4;969,298;1,0;"";"";16,113;2,74;70,543;15,29;"";"";34,917;10,58;53,0;"";"";"";"";"";"";"";"";"";"";"";"";"";"";"";"";"";"";"";"";"";"";"";"";"";"";"";"";"";"";"";"";"";"";"";"";"";"";"";"";"";"";"";"";"";"";"";"";"";"";"";"";"";"";"";"";"";"";"";"";"";"";"";"";""
03.01.2023 15:05:28;1672754728000;880f01e687e2572cea04e80fc6a68085;282458;OK;1823;0;1;0;0;-0,44;-298,67;0;0;827;598;"";389,807;58,47;549,62;66,49;20,938;0,92;1,616;0,23;10,936;1,75;0,0;10,0;0,001;10,0;0,35;10,0;151,172;24,81;43,781;14,31;4,236;10,43;0,892;10,0;0,892;10,0;0,08200001;10,0;3,756;24,73;0,53;30,827;3,36;7,021;0,67;6,555;1,4;969,323;1,0;"";"";15,834;2,75;69,282;15,22;"";"";33,057;11,0;54,6;"";"";"";"";"";"";"";"";"";"";"";"";"";"";"";"";"";"";"";"";"";"";"";"";"";"";"";"";"";"";"";"";"";"";"";"";"";"";"";"";"";"";"";"";"";"";"";"";"";"";"";"";"";"";"";"";"";"";"";"";"";"";"";"";""
03.01.2023 15:07:28;1672754848000;880f01e687e2572cea04e80fc6a68085;282578;OK;1808;0;0;0;0;0,12;16,15;0;0;831;588;"";443,792;66,57;554,445;66,63;20,94;0,92;1,609;0,23;11,714;1,8;0,0;10,0;0,0;10,0;0,442;10,0;170,097;26,53;49,918;14,83;3,097;10,33;0,923;10,0;0,923;10,0;0,009;10,0;4,932;24,707;0,53;31,0;3,35;7,051;0,67;6,615;1,39;969,353;1,0;"";"";16,041;2,74;72,018;15,36;"";"";32,591;10,98;53,8;"";"";"";"";"";"";"";"";"";"";"";"";"";"";"";"";"";"";"";"";"";"";"";"";"";"";"";"";"";"";"";"";"";"";"";"";"";"";"";"";"";"";"";"";"";"";"";"";"";"";"";"";"";"";"";"";"";"";"";"";"";"";"";"";""
03.01.2023 15:09:29;1672754969000;880f01e687e2572cea04e80fc6a68085;282699;OK;1817;1;0;0;0;0,13;49,82;0;0;832;583;"";453,912;68,09;560,656;66,82;20,946;0,92;1,603;0,23;12,575;1,84;0,0;10,0;0,0;10,0;0,341;10,0;150,518;24,59;46,429;14,52;3,652;10,31;0,428;10,0;0,428;10,0;0,001;10,0;4,065;24,691;0,53;31,063;3,35;7,059;0,67;6,631;1,38;969,36;1,0;"";"";16,517;2,72;75,823;15,56;"";"";31,733;11,75;56,2;"";"";"";"";"";"";"";"";"";"";"";"";"";"";"";"";"";"";"";"";"";"";"";"";"";"";"";"";"";"";"";"";"";"";"";"";"";"";"";"";"";"";"";"";"";"";"";"";"";"";"";"";"";"";"";"";"";"";"";"";"";"";"";"";""
03.01.2023 15:11:30;1672755090000;880f01e687e2572cea04e80fc6a68085;282819;OK;1833;1;0;0;0;0,18;51,37;0;0;830;566;"";512,188;76,83;567,384;67,02;20,94;0,92;1,602;0,23;13,557;1,89;0,0;10,0;0,007;10,0;0,044;10,0;135,142;23,16;39,856;14,0;1,358;10,03;0,046;10,0;0,046;10,0;0,0;10,0;1,338;24,689;0,53;31,188;3,35;7,086;0,67;6,688;1,38;969,372;1,0;"";"";17,169;2,69;79,847;15,77;"";"";32,16;11,9;58,5;"";"";"";"";"";"";"";"";"";"";"";"";"";"";"";"";"";"";"";"";"";"";"";"";"";"";"";"";"";"";"";"";"";"";"";"";"";"";"";"";"";"";"";"";"";"";"";"";"";"";"";"";"";"";"";"";"";"";"";"";"";"";"";"";""
03.01.2023 15:13:30;1672755210000;880f01e687e2572cea04e80fc6a68085;282940;OK;1808;1;0;0;0;0,18;53,95;0;0;808;549;"";575,442;86,32;572,272;67,17;20,937;0,92;1,603;0,23;14,424;1,94;0,0;10,0;0,001;10,0;0,005;10,0;142,529;23,93;41,92;14,11;3,819;10,32;0,005;10,0;0,005;10,0;0,0;10,0;1,036;24,69;0,53;31,275;3,35;7,106;0,67;6,73;1,37;969,408;1,0;"";"";17,88;2,65;83,56501;15,97;"";"";32,593;11,29;55,8;"";"";"";"";"";"";"";"";"";"";"";"";"";"";"";"";"";"";"";"";"";"";"";"";"";"";"";"";"";"";"";"";"";"";"";"";"";"";"";"";"";"";"";"";"";"";"";"";"";"";"";"";"";"";"";"";"";"";"";"";"";"";"";"";""
03.01.2023 15:15:30;1672755330000;880f01e687e2572cea04e80fc6a68085;283060;OK;1828;1;0;0;0;0,18;46,17;0;0;785;531;"";633,3839;95,01;577,521;67,33;20,934;0,92;1,605;0,23;15,044;1,97;0,0;10,0;0,0;10,0;0,0;10,0;118,884;21,58;36,035;13,58;2,448;10,29;0,001;10,0;0,001;10,0;0,0;10,0;1,004;24,693;0,53;31,327;3,35;7,119;0,67;6,757;1,37;969,444;1,0;"";"";18,488;2,62;86,95;16,15;"";"";31,862;11,84;53,8;"";"";"";"";"";"";"";"";"";"";"";"";"";"";"";"";"";"";"";"";"";"";"";"";"";"";"";"";"";"";"";"";"";"";"";"";"";"";"";"";"";"";"";"";"";"";"";"";"";"";"";"";"";"";"";"";"";"";"";"";"";"";"";"";""
03.01.2023 15:17:31;1672755451000;880f01e687e2572cea04e80fc6a68085;283181;OK;1814;1;0;0;0;0,11;50,6;0;0;770;515;"";671,862;100,78;585,016;67,55001;20,935;0,92;1,607;0,23;15,463;2,0;0,25;10,0;0,25;10,0;0,25;10,0;185,557;28,19;56,896;15,61;3,247;10,35;0,0;10,0;0,0;10,0;0,0;10,0;1,0;24,704;0,53;31,332;3,35;7,125;0,67;6,768;1,37;969,459;1,0;"";"";18,829;2,6;89,891;16,31;"";"";32,514;11,16;57,4;"";"";"";"";"";"";"";"";"";"";"";"";"";"";"";"";"";"";"";"";"";"";"";"";"";"";"";"";"";"";"";"";"";"";"";"";"";"";"";"";"";"";"";"";"";"";"";"";"";"";"";"";"";"";"";"";"";"";"";"";"";"";"";"";""
03.01.2023 15:19:31;1672755571000;880f01e687e2572cea04e80fc6a68085;283300;OK;1837;1;0;0;0;0,07;45,06;0;0;763;508;"";687,698;103,15;588,266;67,65;20,935;0,92;1,609;0,23;15,652;2,01;0,031;10,0;0,031;10,0;0,499;10,0;151,175;24,76;44,988;14,44;2,697;10,16;1,09;10,0;1,09;10,0;0,0;10,0;4,603;24,712;0,53;31,332;3,35;7,128;0,67;6,776;1,37;969,466;1,0;"";"";19,134;2,59;91,978;16,42;"";"";33,898;10,95;56,3;"";"";"";"";"";"";"";"";"";"";"";"";"";"";"";"";"";"";"";"";"";"";"";"";"";"";"";"";"";"";"";"";"";"";"";"";"";"";"";"";"";"";"";"";"";"";"";"";"";"";"";"";"";"";"";"";"";"";"";"";"";"";"";"";""
03.01.2023 15:21:32;1672755692000;880f01e687e2572cea04e80fc6a68085;283421;OK;1843;0;0;0;0;0,03;19,65;0;0;763;510;"";687,729;103,16;585,701;67,57;20,935;0,92;1,611;0,23;15,617;2,0;0,003;10,0;0,003;10,0;0,15;10,0;152,603;24,9;47,134;14,68;1,522;10,02;0,406;10,0;0,406;10,0;0,0;10,0;2,255;24,716;0,53;31,332;3,35;7,13;0,67;6,779;1,37;969,447;1,0;"";"";19,314;2,58;93,289;16,49;"";"";33,781;10,6;58,2;"";"";"";"";"";"";"";"";"";"";"";"";"";"";"";"";"";"";"";"";"";"";"";"";"";"";"";"";"";"";"";"";"";"";"";"";"";"";"";"";"";"";"";"";"";"";"";"";"";"";"";"";"";"";"";"";"";"";"";"";"";"";"";"";""
03.01.2023 15:23:31;1672755811000;880f01e687e2572cea04e80fc6a68085;283541;OK;1834;0;0;0;0;-0,01;-24,88;0;0;774;523;"";660,631;99,08999;575,632;67,27;20,937;0,92;1,613;0,23;15,41;1,99;0,023;10,0;0,033;10,0;0,379;10,0;164,08;26,05;50,0;14,9;1,744;10,0;0,976;10,0;0,374;10,0;0,0;10,0;3,969;24,722;0,53;31,256;3,35;7,115;0,67;6,749;1,37;969,459;1,0;"";"";19,486;2,57;93,97201;16,52;"";"";31,535;11,97;53,4;"";"";"";"";"";"";"";"";"";"";"";"";"";"";"";"";"";"";"";"";"";"";"";"";"";"";"";"";"";"";"";"";"";"";"";"";"";"";"";"";"";"";"";"";"";"";"";"";"";"";"";"";"";"";"";"";"";"";"";"";"";"";"";"";""
03.01.2023 15:25:32;1672755932000;880f01e687e2572cea04e80fc6a68085;283662;OK;1820;0;1;0;0;-0,06;-59,24;0;0;783;533;"";638,458;95,77;568,266;67,05;20,945;0,92;1,613;0,23;15,255;1,99;0,034;10,0;0,035;10,0;0,226;10,0;197,192;29,32;58,584;15,81;1,487;10,08;0,505;10,0;0,44;10,0;0,0;10,0;2,701;24,728;0,53;31,216;3,35;7,108;0,67;6,735;1,38;969,468;1,0;"";"";19,522;2,57;94,20501;16,54;"";"";32,996;11,38;53,7;"";"";"";"";"";"";"";"";"";"";"";"";"";"";"";"";"";"";"";"";"";"";"";"";"";"";"";"";"";"";"";"";"";"";"";"";"";"";"";"";"";"";"";"";"";"";"";"";"";"";"";"";"";"";"";"";"";"";"";"";"";"";"";"";""
03.01.2023 15:27:33;1672756053000;880f01e687e2572cea04e80fc6a68085;283782;OK;1839;0;1;0;0;-0,06;-53,46;0;0;785;534;"";632,921;94,94;568,076;67,04;20,944;0,92;1,614;0,23;14,944;1,97;0,004;10,0;0,004;10,0;0,23;10,0;193,988;28,91;56,784;15,59;2,648;10,37;0,441;10,0;0,434;10,0;0,0;10,0;3,031;24,734;0,53;31,214;3,35;7,11;0,67;6,74;1,38;969,468;1,0;"";"";19,545;2,57;94,285;16,54;"";"";32,3;11,6;52,9;"";"";"";"";"";"";"";"";"";"";"";"";"";"";"";"";"";"";"";"";"";"";"";"";"";"";"";"";"";"";"";"";"";"";"";"";"";"";"";"";"";"";"";"";"";"";"";"";"";"";"";"";"";"";"";"";"";"";"";"";"";"";"";"";""
03.01.2023 15:29:33;1672756173000;880f01e687e2572cea04e80fc6a68085;283903;OK;1825;0;1;0;0;-0,02;-30,7;0;0;796;544;"";605,817;90,87001;564,103;66,92;20,941;0,92;1,613;0,23;14,66;1,95;0,0;10,0;0,06400001;10,0;0,439;10,0;164,721;26,06;48,666;14,73;2,577;10,3;0,461;10,0;0,046;10,0;0,0;10,0;4,463;24,741;0,53;31,208;3,35;7,112;0,67;6,743;1,38;969,475;1,0;"";"";19,492;2,57;94,138;16,54;"";"";31,783;12,33;54,7;"";"";"";"";"";"";"";"";"";"";"";"";"";"";"";"";"";"";"";"";"";"";"";"";"";"";"";"";"";"";"";"";"";"";"";"";"";"";"";"";"";"";"";"";"";"";"";"";"";"";"";"";"";"";"";"";"";"";"";"";"";"";"";"";""
03.01.2023 15:31:33;1672756293000;880f01e687e2572cea04e80fc6a68085;284022;OK;1833;0;1;0;0;0,01;-35,95;0;0;823;566;"";538,313;80,75;556,608;66,7;20,939;0,92;1,612;0,23;14,324;1,94;0,0;10,0;0,039;10,0;0,081;10,0;165,328;26,25;50,086;14,97;1,658;10,11;0,051;10,0;0,005;10,0;0,0;10,0;1,431;24,741;0,53;31,249;3,35;7,121;0,67;6,762;1,37;969,485;1,0;"";"";19,341;2,58;94,30201;16,54;"";"";38,541;9,15;77,4;"";"";"";"";"";"";"";"";"";"";"";"";"";"";"";"";"";"";"";"";"";"";"";"";"";"";"";"";"";"";"";"";"";"";"";"";"";"";"";"";"";"";"";"";"";"";"";"";"";"";"";"";"";"";"";"";"";"";"";"";"";"";"";"";""
03.01.2023 15:33:34;1672756414000;880f01e687e2572cea04e80fc6a68085;284143;OK;1850;0;1;0;0;0,26;-34,85;0;0;824;573;"";537,919;80,69;555,992;66,68;20,936;0,92;1,611;0,23;14,604;1,95;0,186;10,0;0,196;10,0;0,201;10,0;201,389;29,63;59,16;15,77;3,15;10,28;0,005;10,0;0,001;10,0;0,0;10,0;1,055;24,747;0,53;31,615;3,34;7,207;0,67;6,937;1,35;969,492;1,0;"";"";19,732;2,56;97,517;16,72;"";"";32,552;12,42;67,2;"";"";"";"";"";"";"";"";"";"";"";"";"";"";"";"";"";"";"";"";"";"";"";"";"";"";"";"";"";"";"";"";"";"";"";"";"";"";"";"";"";"";"";"";"";"";"";"";"";"";"";"";"";"";"";"";"";"";"";"";"";"";"";"";""
03.01.2023 15:35:34;1672756534000;880f01e687e2572cea04e80fc6a68085;284264;OK;1844;0;1;0;0;0,44;-47,6;0;0;826;586;"";533,3449;80,0;545,441;66,36;20,938;0,92;1,609;0,23;14,892;1,97;0,037;10,0;0,038;10,0;0,038;10,0;169,872;26,56;50,31;14,93;1,74;10,12;0,001;10,0;0,0;10,0;0,0;10,0;1,006;24,759;0,53;31,817;3,34;7,258;0,66;7,04;1,34;969,4929;1,0;"";"";20,173;2,54;101,149;16,91;"";"";34,613;12,18;59,9;"";"";"";"";"";"";"";"";"";"";"";"";"";"";"";"";"";"";"";"";"";"";"";"";"";"";"";"";"";"";"";"";"";"";"";"";"";"";"";"";"";"";"";"";"";"";"";"";"";"";"";"";"";"";"";"";"";"";"";"";"";"";"";"";""
03.01.2023 15:37:34;1672756654000;880f01e687e2572cea04e80fc6a68085;284383;OK;1830;0;0;0;0;0,53;-13,96;0;0;817;577;"";554,47;83,17;553,669;66,61;20,935;0,92;1,609;0,23;15,069;1,98;0,09799999;10,0;0,09799999;10,0;0,473;10,0;191,686;28,77;58,266;15,75;0,789;10,01;0,474;10,0;0,474;10,0;0,0;10,0;3,958;24,776;0,53;32,006;3,33;7,308;0,66;7,142;1,33;969,504;1,0;"";"";20,896;2,5;104,081;17,07;"";"";32,639;12,51;58,4;"";"";"";"";"";"";"";"";"";"";"";"";"";"";"";"";"";"";"";"";"";"";"";"";"";"";"";"";"";"";"";"";"";"";"";"";"";"";"";"";"";"";"";"";"";"";"";"";"";"";"";"";"";"";"";"";"";"";"";"";"";"";"";"";""
03.01.2023 15:39:34;1672756774000;880f01e687e2572cea04e80fc6a68085;284504;OK;1834;0;0;0;0;0,36;21,33;0;0;820;573;"";546,698;82,0;562,36;66,87;20,935;0,92;1,608;0,23;15,119;1,98;0,01;10,0;0,01;10,0;0,186;10,0;159,944;25,61;46,756;14,6;3,171;10,25;0,211;10,0;0,211;10,0;0,0;10,0;2,535;24,79;0,53;32,115;3,33;7,339;0,66;7,204;1,33;969,533;1,0;"";"";21,214;2,49;106,069;17,17;"";"";30,55;14,03;54,2;"";"";"";"";"";"";"";"";"";"";"";"";"";"";"";"";"";"";"";"";"";"";"";"";"";"";"";"";"";"";"";"";"";"";"";"";"";"";"";"";"";"";"";"";"";"";"";"";"";"";"";"";"";"";"";"";"";"";"";"";"";"";"";"";""
03.01.2023 15:41:35;1672756895000;880f01e687e2572cea04e80fc6a68085;284625;OK;1835;1;0;0;0;0,31;82,92;0;0;820;563;"";547,832;82,17;574,598;67,24;20,933;0,92;1,608;0,23;15,11;1,98;0,303;10,0;0,534;10,0;0,637;10,0;205,173;30,06;62,486;16,08;3,915;10,48;0,149;10,0;0,149;10,0;0,0;10,0;2,118;24,811;0,53;32,212;3,33;7,369;0,66;7,266;1,32;969,557;1,0;"";"";21,469;2,47;107,492;17,25;"";"";32,562;13,11;54,6;"";"";"";"";"";"";"";"";"";"";"";"";"";"";"";"";"";"";"";"";"";"";"";"";"";"";"";"";"";"";"";"";"";"";"";"";"";"";"";"";"";"";"";"";"";"";"";"";"";"";"";"";"";"";"";"";"";"";"";"";"";"";"";"";""
03.01.2023 15:43:35;1672757015000;880f01e687e2572cea04e80fc6a68085;284744;OK;1842;1;0;0;0;0,25;68,46;0;0;822;563;"";542,176;81,33;576,553;67,3;20,936;0,92;1,609;0,23;15,021;1,97;0,065;10,0;0,109;10,0;0,35;10,0;173,05;26,87;52,354;15,11;1,333;10,13;0,391;10,0;0,391;10,0;0,0;10,0;3,214;24,825;0,53;32,297;3,33;7,395;0,66;7,318;1,32;969,56;1,0;"";"";21,81;2,46;108,674;17,32;"";"";33,856;11,99;55,7;"";"";"";"";"";"";"";"";"";"";"";"";"";"";"";"";"";"";"";"";"";"";"";"";"";"";"";"";"";"";"";"";"";"";"";"";"";"";"";"";"";"";"";"";"";"";"";"";"";"";"";"";"";"";"";"";"";"";"";"";"";"";"";"";""
03.01.2023 15:45:34;1672757134000;880f01e687e2572cea04e80fc6a68085;284864;OK;1806;1;0;0;0;0,17;65,34;0;0;821;550;"";545,72;81,86;590,552;67,72;20,929;0,92;1,609;0,23;14,967;1,97;0,007;10,0;0,012;10,0;0,466;10,0;162,544;25,88;43,947;14,34;3,248;10,17;0,549;10,0;0,549;10,0;0,0;10,0;5,097;24,841;0,53;32,304;3,33;7,403;0,66;7,334;1,32;969,556;1,0;"";"";21,812;2,46;109,144;17,34;"";"";32,036;12,82;55,2;"";"";"";"";"";"";"";"";"";"";"";"";"";"";"";"";"";"";"";"";"";"";"";"";"";"";"";"";"";"";"";"";"";"";"";"";"";"";"";"";"";"";"";"";"";"";"";"";"";"";"";"";"";"";"";"";"";"";"";"";"";"";"";"";""
03.01.2023 15:47:35;1672757255000;880f01e687e2572cea04e80fc6a68085;284985;OK;1833;1;0;0;0;0,09;69,31;0;0;822;542;"";542,183;81,33;600,674;68,02;20,928;0,92;1,61;0,23;14,762;1,96;0,056;10,0;0,057;10,0;0,171;10,0;193,092;28,97;54,588;15,35;2,525;10,28;0,349;10,0;0,05900001;10,0;0,0;10,0;2,027;24,855;0,53;32,285;3,33;7,405;0,66;7,338;1,32;969,5539;1,0;"";"";21,707;2,46;109,434;17,36;"";"";32,466;13,19;54,5;"";"";"";"";"";"";"";"";"";"";"";"";"";"";"";"";"";"";"";"";"";"";"";"";"";"";"";"";"";"";"";"";"";"";"";"";"";"";"";"";"";"";"";"";"";"";"";"";"";"";"";"";"";"";"";"";"";"";"";"";"";"";"";"";""
03.01.2023 15:49:35;1672757375000;880f01e687e2572cea04e80fc6a68085;285104;OK;1844;1;0;0;0;0,08;73,22;0;0;826;543;"";533,343;80,0;603,765;68,11;20,93;0,92;1,611;0,23;14,59;1,95;0,006;10,0;0,006;10,0;0,034;10,0;173,638;26,9;50,92;14,95;0,797;10,03;0,113;10,0;0,006;10,0;0,0;10,0;1,253;24,867;0,53;32,381;3,33;7,431;0,66;7,392;1,32;969,551;1,0;"";"";21,691;2,46;109,664;17,37;"";"";31,695;12,97;54,6;"";"";"";"";"";"";"";"";"";"";"";"";"";"";"";"";"";"";"";"";"";"";"";"";"";"";"";"";"";"";"";"";"";"";"";"";"";"";"";"";"";"";"";"";"";"";"";"";"";"";"";"";"";"";"";"";"";"";"";"";"";"";"";"";""
03.01.2023 15:51:37;1672757497000;880f01e687e2572cea04e80fc6a68085;285227;OK;1816;1;0;0;0;0,1;42,19;0;0;826;540;"";532,368;79,86;605,328;68,16;20,93;0,92;1,612;0,23;14,38;1,94;0,17;10,0;0,177;10,0;0,45;10,0;219,17;31,43;62,319;16,08;1,771;10,02;0,537;10,0;0,526;10,0;0,0;10,0;3,468;24,875;0,53;32,343;3,33;7,426;0,66;7,381;1,32;969,555;1,0;"";"";21,525;2,47;109,522;17,37;"";"";31,585;13,52;53,9;"";"";"";"";"";"";"";"";"";"";"";"";"";"";"";"";"";"";"";"";"";"";"";"";"";"";"";"";"";"";"";"";"";"";"";"";"";"";"";"";"";"";"";"";"";"";"";"";"";"";"";"";"";"";"";"";"";"";"";"";"";"";"";"";""
03.01.2023 15:53:37;1672757617000;880f01e687e2572cea04e80fc6a68085;285346;OK;1845;1;0;0;0;0,1;46,76;0;0;819;528;"";549,038;82,36;616,116;68,48001;20,93;0,92;1,613;0,23;14,239;1,93;0,028;10,0;0,028;10,0;0,477;10,0;204,713;29,98;63,367;16,25;1,79;10,12;0,682;10,0;0,68;10,0;0,0;10,0;5,04;24,884;0,53;32,404;3,33;7,444;0,66;7,417;1,31;969,574;1,0;"";"";21,354;2,48;109,314;17,36;"";"";32,341;12,94;53,9;"";"";"";"";"";"";"";"";"";"";"";"";"";"";"";"";"";"";"";"";"";"";"";"";"";"";"";"";"";"";"";"";"";"";"";"";"";"";"";"";"";"";"";"";"";"";"";"";"";"";"";"";"";"";"";"";"";"";"";"";"";"";"";"";""
03.01.2023 15:55:37;1672757737000;880f01e687e2572cea04e80fc6a68085;285467;OK;1817;1;0;0;0;0,07;92,56;0;0;816;511;"";556,191;83,43;635,627;69,07;20,927;0,92;1,614;0,23;14,081;1,92;0,154;10,0;0,154;10,0;0,209;10,0;179,576;27,59;53,565;15,32;1,959;10,15;0,073;10,0;0,073;10,0;0,0;10,0;1,499;24,895;0,53;32,431;3,32;7,455;0,66;7,439;1,31;969,596;1,0;"";"";21,294;2,48;108,981;17,34;"";"";30,313;13,69;54,6;"";"";"";"";"";"";"";"";"";"";"";"";"";"";"";"";"";"";"";"";"";"";"";"";"";"";"";"";"";"";"";"";"";"";"";"";"";"";"";"";"";"";"";"";"";"";"";"";"";"";"";"";"";"";"";"";"";"";"";"";"";"";"";"";""
03.01.2023 15:57:38;1672757858000;880f01e687e2572cea04e80fc6a68085;285588;OK;1801;1;0;0;0;0,08;97,26001;0;0;820;509;"";548,037;82,21;639,72;69,19;20,926;0,92;1,616;0,23;13,843;1,91;0,111;10,0;0,111;10,0;0,117;10,0;202,772;29,75;61,386;16,03;0,327;10,02;0,008;10,0;0,008;10,0;0,0;10,0;1,053;24,906;0,53;32,431;3,32;7,46;0,66;7,449;1,31;969,6199;1,0;"";"";21,173;2,49;108,754;17,33;"";"";30,717;13,87;52,9;"";"";"";"";"";"";"";"";"";"";"";"";"";"";"";"";"";"";"";"";"";"";"";"";"";"";"";"";"";"";"";"";"";"";"";"";"";"";"";"";"";"";"";"";"";"";"";"";"";"";"";"";"";"";"";"";"";"";"";"";"";"";"";"";""
03.01.2023 15:59:36;1672757976000;880f01e687e2572cea04e80fc6a68085;285706;OK;1819;1;0;0;0;0,07;42,37;0;0;824;514;"";537,46;80,62;635,494;69,06;20,931;0,92;1,618;0,23;13,694;1,9;0,15;10,0;0,16;10,0;0,16;10,0;222,493;31,7;67,067;16,55;1,465;10,09;0,001;10,0;0,001;10,0;0,0;10,0;1,021;24,916;0,53;32,449;3,32;7,468;0,67;7,466;1,31;969,6509;1,0;"";"";21,002;2,5;108,845;17,34;"";"";31,601;13,43;54,6;"";"";"";"";"";"";"";"";"";"";"";"";"";"";"";"";"";"";"";"";"";"";"";"";"";"";"";"";"";"";"";"";"";"";"";"";"";"";"";"";"";"";"";"";"";"";"";"";"";"";"";"";"";"";"";"";"";"";"";"";"";"";"";"";""
03.01.2023 16:01:36;1672758096000;880f01e687e2572cea04e80fc6a68085;285826;OK;1823;0;0;0;0;0,11;-7,45;0;0;828;516;"";528,445;79,27;636,994;69,11;20,925;0,92;1,618;0,23;13,623;1,9;0,016;10,0;0,022;10,0;0,062;10,0;164,475;26,07;51,754;15,1;0,479;10,01;0,201;10,0;0,0;10,0;0,0;10,0;1,376;24,932;0,53;32,557;3,32;7,499;0,66;7,528;1,31;969,689;1,0;"";"";20,913;2,5;108,75;17,34;"";"";30,766;13,59;54,7;"";"";"";"";"";"";"";"";"";"";"";"";"";"";"";"";"";"";"";"";"";"";"";"";"";"";"";"";"";"";"";"";"";"";"";"";"";"";"";"";"";"";"";"";"";"";"";"";"";"";"";"";"";"";"";"";"";"";"";"";"";"";"";"";""
03.01.2023 16:03:39;1672758219000;880f01e687e2572cea04e80fc6a68085;285949;OK;1816;1;0;0;0;0,1;22,12;0;0;825;503;"";536,077;80,41;649,625;69,49;20,925;0,92;1,62;0,23;13,457;1,89;0,12;10,0;0,121;10,0;0,198;10,0;162,389;25,98;49,641;14,82;2,527;10,22;0,202;10,0;0,0;10,0;0,0;10,0;1,698;24,94;0,53;32,525;3,32;7,495;0,67;7,521;1,31;969,7189;1,0;"";"";20,817;2,51;108,547;17,33;"";"";29,737;14,37;53,9;"";"";"";"";"";"";"";"";"";"";"";"";"";"";"";"";"";"";"";"";"";"";"";"";"";"";"";"";"";"";"";"";"";"";"";"";"";"";"";"";"";"";"";"";"";"";"";"";"";"";"";"";"";"";"";"";"";"";"";"";"";"";"";"";""
03.01.2023 16:05:38;1672758338000;880f01e687e2572cea04e80fc6a68085;286068;OK;1823;0;0;0;0;0,08;2,75;0;0;829;520;"";524,722;78,71;632,173;68,97;20,924;0,92;1,621;0,23;13,292;1,88;0,013;10,0;0,013;10,0;0,022;10,0;203,811;29,92;58,394;15,76;0,828;10,06;0,022;10,0;0,0;10,0;0,0;10,0;1,077;24,955;0,53;32,573;3,32;7,513;0,67;7,556;1,31;969,755;1,0;"";"";20,676;2,51;108,564;17,33;"";"";29,816;14,18;52,9;"";"";"";"";"";"";"";"";"";"";"";"";"";"";"";"";"";"";"";"";"";"";"";"";"";"";"";"";"";"";"";"";"";"";"";"";"";"";"";"";"";"";"";"";"";"";"";"";"";"";"";"";"";"";"";"";"";"";"";"";"";"";"";"";""
03.01.2023 16:07:38;1672758458000;880f01e687e2572cea04e80fc6a68085;286188;OK;1826;0;0;0;0;0,03;-13,55;0;0;828;514;"";527,943;79,19;637,631;69,13;20,925;0,92;1,621;0,23;13,095;1,87;0,001;10,0;0,034;10,0;0,035;10,0;164,455;26,09;48,094;14,79;0,846;10,06;0,002;10,0;0,0;10,0;0,0;10,0;1,057;24,965;0,53;32,531;3,32;7,507;0,67;7,545;1,31;969,78;1,0;"";"";20,558;2,52;108,015;17,3;"";"";31,311;13,38;54,2;"";"";"";"";"";"";"";"";"";"";"";"";"";"";"";"";"";"";"";"";"";"";"";"";"";"";"";"";"";"";"";"";"";"";"";"";"";"";"";"";"";"";"";"";"";"";"";"";"";"";"";"";"";"";"";"";"";"";"";"";"";"";"";"";""
03.01.2023 16:09:39;1672758579000;880f01e687e2572cea04e80fc6a68085;286308;OK;1819;0;0;0;0;0,02;-2,62;0;0;831;509;"";520,444;78,07;644,583;69,34;20,925;0,92;1,622;0,23;12,966;1,86;0,0;10,0;0,027;10,0;0,049;10,0;133,44;23,1;39,578;13,93;3,096;10,28;0,114;10,0;0,114;10,0;0,0;10,0;1,243;24,971;0,53;32,515;3,32;7,506;0,67;7,544;1,31;969,81;1,0;"";"";20,436;2,53;107,691;17,29;"";"";32,148;12,8;69,9;"";"";"";"";"";"";"";"";"";"";"";"";"";"";"";"";"";"";"";"";"";"";"";"";"";"";"";"";"";"";"";"";"";"";"";"";"";"";"";"";"";"";"";"";"";"";"";"";"";"";"";"";"";"";"";"";"";"";"";"";"";"";"";"";""
03.01.2023 16:11:40;1672758700000;880f01e687e2572cea04e80fc6a68085;286430;OK;1822;1;0;0;0;0,09;53,38;0;0;833;506;"";515,149;77,27;653,716;69,61;20,926;0,92;1,623;0,23;13,1;1,87;0,0;10,0;0,012;10,0;0,056;10,0;163,818;26,12;47,242;14,69;2,921;10,17;0,182;10,0;0,182;10,0;0,0;10,0;1,412;24,977;0,53;32,645;3,32;7,539;0,67;7,607;1,3;969,835;1,0;"";"";20,383;2,53;108,039;17,31;"";"";31,666;13,43;54,5;"";"";"";"";"";"";"";"";"";"";"";"";"";"";"";"";"";"";"";"";"";"";"";"";"";"";"";"";"";"";"";"";"";"";"";"";"";"";"";"";"";"";"";"";"";"";"";"";"";"";"";"";"";"";"";"";"";"";"";"";"";"";"";"";""
03.01.2023 16:13:42;1672758822000;880f01e687e2572cea04e80fc6a68085;286552;OK;1820;1;0;0;0;0,15;22,94;0;0;836;520;"";507,983;76,2;638,129;69,14;20,926;0,92;1,623;0,23;13,05;1,87;0,0;10,0;0,001;10,0;0,006;10,0;147,131;24,44;44,621;14,44;1,315;10,02;0,019;10,0;0,019;10,0;0,0;10,0;1,043;24,985;0,53;32,697;3,32;7,554;0,67;7,637;1,3;969,84;1,0;"";"";20,338;2,53;108,221;17,32;"";"";31,811;12,95;54,5;"";"";"";"";"";"";"";"";"";"";"";"";"";"";"";"";"";"";"";"";"";"";"";"";"";"";"";"";"";"";"";"";"";"";"";"";"";"";"";"";"";"";"";"";"";"";"";"";"";"";"";"";"";"";"";"";"";"";"";"";"";"";"";"";""
03.01.2023 16:15:41;1672758941000;880f01e687e2572cea04e80fc6a68085;286671;OK;1815;0;1;0;0;0,13;-46,86;0;0;820;519;"";548,617;82,29;626,591;68,80001;20,92;0,92;1,624;0,23;12,935;1,86;0,0;10,0;0,194;10,0;0,682;10,0;148,1;24,46;45,396;14,42;2,844;10,24;0,846;10,0;0,846;10,0;0,634;10,0;4,175;24,996;0,53;32,688;3,32;7,557;0,67;7,643;1,3;969,848;1,0;"";"";20,266;2,53;107,919;17,3;"";"";31,776;12,62;54,5;"";"";"";"";"";"";"";"";"";"";"";"";"";"";"";"";"";"";"";"";"";"";"";"";"";"";"";"";"";"";"";"";"";"";"";"";"";"";"";"";"";"";"";"";"";"";"";"";"";"";"";"";"";"";"";"";"";"";"";"";"";"";"";"";""
03.01.2023 16:17:41;1672759061000;880f01e687e2572cea04e80fc6a68085;286791;OK;1821;0;0;0;0;0,02;-23,5;0;0;785;485;"";632,859;94,93;643,833;69,31;20,92;0,92;1,626;0,23;12,868;1,86;0,0;10,0;0,021;10,0;0,11;10,0;185,964;28,22;53,409;15,25;3,178;10,21;0,125;10,0;0,125;10,0;0,102;10,0;1,641;25,005;0,53;32,66;3,32;7,554;0,67;7,638;1,3;969,86;1,0;"";"";20,239;2,54;107,64;17,29;"";"";33,08;12,83;54,7;"";"";"";"";"";"";"";"";"";"";"";"";"";"";"";"";"";"";"";"";"";"";"";"";"";"";"";"";"";"";"";"";"";"";"";"";"";"";"";"";"";"";"";"";"";"";"";"";"";"";"";"";"";"";"";"";"";"";"";"";"";"";"";"";""
03.01.2023 16:19:42;1672759182000;880f01e687e2572cea04e80fc6a68085;286912;OK;1832;0;0;0;0;0,0;20,61;0;0;815;504;"";560,07;84,01;638,985;69,17;20,919;0,92;1,627;0,23;12,719;1,85;0,0;10,0;0,129;10,0;0,798;10,0;185,65;28,21;56,251;15,49;2,67;10,18;0,442;10,0;0,442;10,0;0,439;10,0;4,517;25,01;0,53;32,639;3,32;7,551;0,67;7,634;1,3;969,859;1,0;"";"";20,013;2,55;106,726;17,24;"";"";31,558;13,3;66,5;"";"";"";"";"";"";"";"";"";"";"";"";"";"";"";"";"";"";"";"";"";"";"";"";"";"";"";"";"";"";"";"";"";"";"";"";"";"";"";"";"";"";"";"";"";"";"";"";"";"";"";"";"";"";"";"";"";"";"";"";"";"";"";"";""
03.01.2023 16:21:44;1672759304000;880f01e687e2572cea04e80fc6a68085;287033;OK;1828;1;0;0;0;-0,04;38,75;0;0;817;503;"";554,401;83,16001;639,592;69,19;20,921;0,92;1,628;0,23;12,582;1,84;0,041;10,0;0,05900001;10,0;0,254;10,0;191,752;28,81;54,71;15,39;3,754;10,3;0,244;10,0;0,244;10,0;0,047;10,0;2,496;25,018;0,53;32,537;3,32;7,531;0,67;7,595;1,31;969,8759;1,0;"";"";19,82;2,56;105,548;17,18;"";"";31,316;13,68;72,4;"";"";"";"";"";"";"";"";"";"";"";"";"";"";"";"";"";"";"";"";"";"";"";"";"";"";"";"";"";"";"";"";"";"";"";"";"";"";"";"";"";"";"";"";"";"";"";"";"";"";"";"";"";"";"";"";"";"";"";"";"";"";"";"";""
03.01.2023 16:23:44;1672759424000;880f01e687e2572cea04e80fc6a68085;287154;OK;1819;0;1;0;0;-0,3;-84,03;0;0;791;505;"";620,098;93,01001;608,795;68,26;20,92;0,92;1,631;0,23;12,285;1,83;0,004;10,0;0,006;10,0;0,027;10,0;157,203;25,44;48,094;14,7;1,661;10,04;0,026;10,0;0,026;10,0;0,005;10,0;1,16;25,021;0,53;32,147;3,33;7,442;0,67;7,42;1,33;969,888;1,0;"";"";19,079;2,59;102,135;17,0;"";"";32,597;13,18;54,3;"";"";"";"";"";"";"";"";"";"";"";"";"";"";"";"";"";"";"";"";"";"";"";"";"";"";"";"";"";"";"";"";"";"";"";"";"";"";"";"";"";"";"";"";"";"";"";"";"";"";"";"";"";"";"";"";"";"";"";"";"";"";"";"";""
03.01.2023 16:25:43;1672759543000;880f01e687e2572cea04e80fc6a68085;287273;OK;1836;0;1;0;0;-0,44;-81,87;0;0;784;492;"";636,906;95,54;615,993;68,48001;20,918;0,92;1,632;0,23;12,008;1,81;0,0;10,0;0,001;10,0;0,003;10,0;163,359;26,03;48,165;14,74;1,973;10,23;0,003;10,0;0,003;10,0;0,001;10,0;1,018;25,029;0,53;31,976;3,33;7,406;0,67;7,349;1,34;969,897;1,0;"";"";18,489;2,62;99,63201;16,87;"";"";31,851;13,41;54,7;"";"";"";"";"";"";"";"";"";"";"";"";"";"";"";"";"";"";"";"";"";"";"";"";"";"";"";"";"";"";"";"";"";"";"";"";"";"";"";"";"";"";"";"";"";"";"";"";"";"";"";"";"";"";"";"";"";"";"";"";"";"";"";"";""
03.01.2023 16:27:45;1672759665000;880f01e687e2572cea04e80fc6a68085;287394;OK;1820;0;1;0;0;-0,37;-57,67;0;0;789;497;"";623,76;93,56;611,256;68,34;20,918;0,92;1,633;0,23;11,9;1,81;0,0;10,0;0,0;10,0;0,183;10,0;169,79;26,67;49,212;14,85;2,382;10,18;0,316;10,0;0,0;10,0;0,0;10,0;2,645;25,043;0,53;31,925;3,33;7,4;0,67;7,337;1,34;969,919;1,0;"";"";17,976;2,65;98,203;16,79;"";"";30,055;14,26;54,8;"";"";"";"";"";"";"";"";"";"";"";"";"";"";"";"";"";"";"";"";"";"";"";"";"";"";"";"";"";"";"";"";"";"";"";"";"";"";"";"";"";"";"";"";"";"";"";"";"";"";"";"";"";"";"";"";"";"";"";"";"";"";"";"";""
03.01.2023 16:29:46;1672759786000;880f01e687e2572cea04e80fc6a68085;287515;OK;1821;1;0;0;0;-0,05;38,51;0;0;776;478;"";654,85;98,23001;626,554;68,80001;20,914;0,92;1,635;0,23;11,979;1,81;0,231;10,0;0,24;10,0;0,739;10,0;188,207;28,45;57,68;15,65;3,261;10,31;0,897;10,0;0,864;10,0;0,0;10,0;5,325;25,053;0,53;31,99;3,33;7,419;0,67;7,376;1,34;969,9539;1,0;"";"";17,788;2,66;97,97;16,78;"";"";30,49;14,07;62,5;"";"";"";"";"";"";"";"";"";"";"";"";"";"";"";"";"";"";"";"";"";"";"";"";"";"";"";"";"";"";"";"";"";"";"";"";"";"";"";"";"";"";"";"";"";"";"";"";"";"";"";"";"";"";"";"";"";"";"";"";"";"";"";"";""
03.01.2023 16:31:44;1672759904000;880f01e687e2572cea04e80fc6a68085;287635;OK;1832;1;0;0;0;0,13;68,66001;0;0;772;465;"";666,918;100,04;641,652;69,25;20,915;0,92;1,637;0,23;12,03;1,81;0,029;10,0;0,03;10,0;0,23;10,0;159,313;25,61;47,471;14,7;1,488;10,08;0,461;10,0;0,457;10,0;0,0;10,0;2,775;25,06;0,53;32,126;3,33;7,453;0,67;7,444;1,33;969,979;1,0;"";"";17,825;2,66;98,878;16,83;"";"";32,786;12,56;54,7;"";"";"";"";"";"";"";"";"";"";"";"";"";"";"";"";"";"";"";"";"";"";"";"";"";"";"";"";"";"";"";"";"";"";"";"";"";"";"";"";"";"";"";"";"";"";"";"";"";"";"";"";"";"";"";"";"";"";"";"";"";"";"";"";""
03.01.2023 16:33:46;1672760026000;880f01e687e2572cea04e80fc6a68085;287755;OK;1841;4;0;0;0;0,29;228,69;0;0;768;425;"";676,401;101,45;693,737;70,81;20,91;0,92;1,639;0,23;12,274;1,83;0,003;10,0;0,003;10,0;0,025;10,0;166,113;26,3;48,385;14,79;2,0;10,16;0,049;10,0;0,049;10,0;0,0;10,0;1,189;25,069;0,53;32,289;3,33;7,495;0,67;7,527;1,32;969,997;1,0;"";"";18,106;2,64;100,674;16,93;"";"";31,144;13,79;55,9;"";"";"";"";"";"";"";"";"";"";"";"";"";"";"";"";"";"";"";"";"";"";"";"";"";"";"";"";"";"";"";"";"";"";"";"";"";"";"";"";"";"";"";"";"";"";"";"";"";"";"";"";"";"";"";"";"";"";"";"";"";"";"";"";""
03.01.2023 16:35:46;1672760146000;880f01e687e2572cea04e80fc6a68085;287876;OK;1824;4;0;0;0;0,24;217,91;0;0;768;424;"";675,866;101,38;694,54;70,84;20,912;0,92;1,639;0,23;12,466;1,84;0,199;10,0;0,219;10,0;0,222;10,0;213,105;30,98;63,869;16,28;3,176;10,25;0,005;10,0;0,005;10,0;0,0;10,0;1,05;25,08;0,53;32,308;3,32;7,504;0,67;7,545;1,32;970,02;1,0;"";"";18,419;2,63;101,837;16,99;"";"";30,363;14,26;53,9;"";"";"";"";"";"";"";"";"";"";"";"";"";"";"";"";"";"";"";"";"";"";"";"";"";"";"";"";"";"";"";"";"";"";"";"";"";"";"";"";"";"";"";"";"";"";"";"";"";"";"";"";"";"";"";"";"";"";"";"";"";"";"";"";""
03.01.2023 16:37:47;1672760267000;880f01e687e2572cea04e80fc6a68085;287997;OK;1835;4;0;0;0;0,19;247,29;0;0;764;381;"";684,831;102,72;752,817;72,58;20,904;0,92;1,641;0,24;12,557;1,84;0,28;10,0;0,39;10,0;0,39;10,0;211,436;30,73;65,358;16,42;2,402;10,2;0,001;10,0;0,001;10,0;0,0;10,0;1,167;25,089;0,53;32,421;3,32;7,534;0,67;7,604;1,31;970,0319;1,0;"";"";18,71;2,61;103,01;17,06;"";"";33,034;12,49;61,7;"";"";"";"";"";"";"";"";"";"";"";"";"";"";"";"";"";"";"";"";"";"";"";"";"";"";"";"";"";"";"";"";"";"";"";"";"";"";"";"";"";"";"";"";"";"";"";"";"";"";"";"";"";"";"";"";"";"";"";"";"";"";"";"";""
03.01.2023 16:39:48;1672760388000;880f01e687e2572cea04e80fc6a68085;288117;OK;1849;2;0;0;0;0,11;129,7;0;0;785;413;"";634,713;95,21;725,372;71,76;20,915;0,92;1,64;0,23;12,552;1,84;0,476;10,0;0,539;10,0;1,223;10,0;222,803;31,88;69,188;16,79;3,771;10,51;1,384;10,21;0,68;10,0;0,0;10,0;4,349;25,097;0,53;32,458;3,32;7,546;0,67;7,628;1,31;970,025;1,0;"";"";18,797;2,61;105,107;17,17;"";"";33,92;12,24;54,1;"";"";"";"";"";"";"";"";"";"";"";"";"";"";"";"";"";"";"";"";"";"";"";"";"";"";"";"";"";"";"";"";"";"";"";"";"";"";"";"";"";"";"";"";"";"";"";"";"";"";"";"";"";"";"";"";"";"";"";"";"";"";"";"";""
03.01.2023 16:41:47;1672760507000;880f01e687e2572cea04e80fc6a68085;288236;OK;1830;0;0;0;0;0,11;-11,9;0;0;782;440;"";641,614;96,24;685,205;70,56;20,92;0,92;1,64;0,23;12,613;1,84;0,162;10,0;0,169;10,0;0,543;10,0;203,757;30,01;60,698;15,95;2,42;10,1;0,727;10,02;0,649;10,0;0,0;10,0;4,021;25,114;0,53;32,412;3,32;7,543;0,67;7,622;1,32;970,028;1,0;"";"";18,886;2,6;107,663;17,31;"";"";30,718;13,27;53,4;"";"";"";"";"";"";"";"";"";"";"";"";"";"";"";"";"";"";"";"";"";"";"";"";"";"";"";"";"";"";"";"";"";"";"";"";"";"";"";"";"";"";"";"";"";"";"";"";"";"";"";"";"";"";"";"";"";"";"";"";"";"";"";"";""
03.01.2023 16:43:48;1672760628000;880f01e687e2572cea04e80fc6a68085;288358;OK;1830;0;1;0;0;0,0;-154,04;0;0;773;426;"";663,896;99,58;694,167;70,82;20,924;0,92;1,64;0,23;12,408;1,83;0,294;10,0;0,295;10,0;0,739;10,0;161,38;25,84;51,423;15,06;0,975;10,05;0,772;10,04;0,302;10,0;0,0;10,0;3,352;25,13;0,53;32,31;3,32;7,526;0,67;7,589;1,32;970,031;1,0;"";"";18,879;2,6;108,073;17,33;"";"";31,746;13,28;53,1;"";"";"";"";"";"";"";"";"";"";"";"";"";"";"";"";"";"";"";"";"";"";"";"";"";"";"";"";"";"";"";"";"";"";"";"";"";"";"";"";"";"";"";"";"";"";"";"";"";"";"";"";"";"";"";"";"";"";"";"";"";"";"";"";""
03.01.2023 16:45:49;1672760749000;880f01e687e2572cea04e80fc6a68085;288479;OK;1820;0;0;0;0;-0,06;-9,06;0;0;781;406;"";644,39;96,66;723,286;71,7;20,924;0,92;1,64;0,23;12,22;1,82;0,031;10,0;0,031;10,0;0,59;10,0;172,416;26,96;54,063;15,37;1,282;10,01;0,717;10,0;0,666;10,0;0,409;10,0;4,002;25,144;0,53;32,226;3,33;7,512;0,67;7,564;1,32;970,0319;1,0;"";"";18,666;2,62;107,711;17,31;"";"";31,977;13,34;58,5;"";"";"";"";"";"";"";"";"";"";"";"";"";"";"";"";"";"";"";"";"";"";"";"";"";"";"";"";"";"";"";"";"";"";"";"";"";"";"";"";"";"";"";"";"";"";"";"";"";"";"";"";"";"";"";"";"";"";"";"";"";"";"";"";""
03.01.2023 16:47:50;1672760870000;880f01e687e2572cea04e80fc6a68085;288599;OK;1824;1;0;0;0;-0,32;25,47;0;0;805;442;"";584,567;87,69;683,637;70,51;20,922;0,92;1,64;0,23;11,828;1,8;0,003;10,0;0,003;10,0;0,173;10,0;167,749;26,47;51,435;15,05;1,107;10,12;0,472;10,0;0,467;10,0;0,044;10,0;2,312;25,155;0,53;31,767;3,33;7,41;0,68;7,363;1,35;970,03;1,0;"";"";18,165;2,64;104,286;17,13;"";"";35,78;12,19;73,80001;"";"";"";"";"";"";"";"";"";"";"";"";"";"";"";"";"";"";"";"";"";"";"";"";"";"";"";"";"";"";"";"";"";"";"";"";"";"";"";"";"";"";"";"";"";"";"";"";"";"";"";"";"";"";"";"";"";"";"";"";"";"";"";"";""
03.01.2023 16:49:49;1672760989000;880f01e687e2572cea04e80fc6a68085;288718;OK;1827;0;1;0;0;-0,51;-115,15;0;0;813;466;"";564,202;84,63;654,721;69,64;20,925;0,92;1,64;0,23;11,384;1,78;0,09700001;10,0;0,09700001;10,0;0,292;10,0;183,181;27,93;55,017;15,39;2,652;10,33;0,233;10,0;0,233;10,0;0,186;10,0;2,185;25,154;0,53;31,574;3,34;7,364;0,68;7,272;1,36;970,031;1,0;"";"";17,389;2,68;99,334;16,87;"";"";30,608;14,56;53,9;"";"";"";"";"";"";"";"";"";"";"";"";"";"";"";"";"";"";"";"";"";"";"";"";"";"";"";"";"";"";"";"";"";"";"";"";"";"";"";"";"";"";"";"";"";"";"";"";"";"";"";"";"";"";"";"";"";"";"";"";"";"";"";"";""
03.01.2023 16:51:50;1672761110000;880f01e687e2572cea04e80fc6a68085;288839;OK;1828;0;1;0;0;-0,4;-240,39;0;0;807;469;"";579,231;86,88;648,845;69,47;20,918;0,92;1,639;0,23;11,296;1,77;0,06599999;10,0;0,06599999;10,0;0,086;10,0;161,227;25,78;46,901;14,64;0,9700001;10,04;0,025;10,0;0,025;10,0;0,02;10,0;1,126;25,156;0,53;31,699;3,33;7,394;0,68;7,332;1,35;970,027;1,0;"";"";16,953;2,7;97,78;16,79;"";"";30,867;13,92;54,8;"";"";"";"";"";"";"";"";"";"";"";"";"";"";"";"";"";"";"";"";"";"";"";"";"";"";"";"";"";"";"";"";"";"";"";"";"";"";"";"";"";"";"";"";"";"";"";"";"";"";"";"";"";"";"";"";"";"";"";"";"";"";"";"";""
03.01.2023 16:53:51;1672761231000;880f01e687e2572cea04e80fc6a68085;288960;OK;1840;0;1;0;0;0,03;-118,38;0;0;802;471;"";590,696;88,6;647,173;69,42;20,916;0,92;1,639;0,23;11,477;1,78;0,007;10,0;0,007;10,0;0,009;10,0;143,004;24,07;43,778;14,22;2,194;10,15;0,003;10,0;0,003;10,0;0,002;10,0;1,013;25,157;0,53;31,906;3,33;7,443;0,68;7,429;1,34;970,0049;1,0;"";"";17,065;2,69;98,237;16,81;"";"";34,762;11,16;74,7;"";"";"";"";"";"";"";"";"";"";"";"";"";"";"";"";"";"";"";"";"";"";"";"";"";"";"";"";"";"";"";"";"";"";"";"";"";"";"";"";"";"";"";"";"";"";"";"";"";"";"";"";"";"";"";"";"";"";"";"";"";"";"";"";""
03.01.2023 16:55:50;1672761350000;880f01e687e2572cea04e80fc6a68085;289079;OK;1824;0;0;0;0;0,27;10,17;0;0;805;468;"";582,91;87,44;653,164;69,59;20,918;0,92;1,64;0,23;11,749;1,8;0,001;10,0;0,001;10,0;0,285;10,0;146,191;24,35;44,683;14,35;1,94;10,1;0,362;10,0;0,362;10,0;0,0;10,0;3,559;25,161;0,53;31,912;3,33;7,446;0,68;7,435;1,34;970,002;1,0;"";"";17,41;2,68;99,71601;16,89;"";"";34,778;10,2;59,8;"";"";"";"";"";"";"";"";"";"";"";"";"";"";"";"";"";"";"";"";"";"";"";"";"";"";"";"";"";"";"";"";"";"";"";"";"";"";"";"";"";"";"";"";"";"";"";"";"";"";"";"";"";"";"";"";"";"";"";"";"";"";"";"";""
03.01.2023 16:57:51;1672761471000;880f01e687e2572cea04e80fc6a68085;289200;OK;1838;1;0;0;0;0,33;79,08;0;0;788;444;"";626,679;94,00001;679,128;70,37;20,913;0,92;1,641;0,24;12,125;1,82;0,0;10,0;0,0;10,0;0,03;10,0;142,78;23,98;42,997;14,22;0,254;10,01;0,039;10,0;0,039;10,0;0,0;10,0;1,273;25,164;0,53;32,264;3,32;7,529;0,68;7,597;1,32;970,02;1,0;"";"";17,969;2,65;101,416;16,98;"";"";39,27;8,97;75,3;"";"";"";"";"";"";"";"";"";"";"";"";"";"";"";"";"";"";"";"";"";"";"";"";"";"";"";"";"";"";"";"";"";"";"";"";"";"";"";"";"";"";"";"";"";"";"";"";"";"";"";"";"";"";"";"";"";"";"";"";"";"";"";"";""
03.01.2023 16:59:51;1672761591000;880f01e687e2572cea04e80fc6a68085;289321;OK;1825;0;0;0;0;-0,73;-9,04;0;0;812;517;"";353,479;53,02;616,485;68,49;20,937;0,92;1,635;0,23;11,021;1,76;0,0;10,0;0,203;10,0;0,625;10,0;190,541;28,66;59,114;15,76;2,842;10,21;0,626;10,0;0,626;10,0;0,0;10,0;4,436;25,142;0,53;30,524;3,36;7,115;0,69;6,765;1,42;970,0219;1,0;"";"";16,776;2,71;90,112;16,38;"";"";38,125;8,42;55,3;"";"";"";"";"";"";"";"";"";"";"";"";"";"";"";"";"";"";"";"";"";"";"";"";"";"";"";"";"";"";"";"";"";"";"";"";"";"";"";"";"";"";"";"";"";"";"";"";"";"";"";"";"";"";"";"";"";"";"";"";"";"";"";"";""
03.01.2023 17:01:51;1672761711000;880f01e687e2572cea04e80fc6a68085;289441;OK;1817;0;1;0;0;-1,55;-368,68;0;0;806;594;"";250,657;37,6;526,596;65,8;20,945;0,92;1,624;0,23;9,832;1,7;0,231;10,0;0,476;10,0;0,84;10,0;189,18;28,51;61,014;16,02;3,348;10,3;1,049;10,01;0,417;10,0;0,0;10,0;3,613;25,078;0,53;29,948;3,37;6,955;0,69;6,435;1,45;970,0171;1,0;"";"";14,719;2,81;73,311;15,48;"";"";34,606;10,24;54,7;"";"";"";"";"";"";"";"";"";"";"";"";"";"";"";"";"";"";"";"";"";"";"";"";"";"";"";"";"";"";"";"";"";"";"";"";"";"";"";"";"";"";"";"";"";"";"";"";"";"";"";"";"";"";"";"";"";"";"";"";"";"";"";"";""
03.01.2023 17:03:51;1672761831000;880f01e687e2572cea04e80fc6a68085;289561;OK;1829;0;1;0;0;-1,61;-508,46;0;0;804;616;"";229,431;34,41;505,451;65,16;20,944;0,92;1,615;0,23;9,182;1,66;0,025;10,0;0,051;10,0;0,648;10,0;179,897;27,62;52,482;15,14;1,489;10,06;0,756;10,0;0,688;10,0;0,644;10,0;4,866;24,996;0,53;29,852;3,37;6,901;0,69;6,318;1,45;970,051;1,0;"";"";13,166;2,89;62,796;14,92;"";"";32,993;11,18;58,8;"";"";"";"";"";"";"";"";"";"";"";"";"";"";"";"";"";"";"";"";"";"";"";"";"";"";"";"";"";"";"";"";"";"";"";"";"";"";"";"";"";"";"";"";"";"";"";"";"";"";"";"";"";"";"";"";"";"";"";"";"";"";"";"";""
03.01.2023 17:05:53;1672761953000;880f01e687e2572cea04e80fc6a68085;289682;OK;1825;0;1;0;0;-0,61;-350,37;0;0;804;622;"";223,091;33,46;503,24;65,1;20,949;0,92;1,607;0,23;9,254;1,66;0,003;10,0;0,025;10,0;1,166;10,0;165,105;26,1;49,969;14,93;1,936;10,2;1,545;10,15;1,538;10,15;0,326;10,0;8,509;24,924;0,53;29,845;3,37;6,872;0,68;6,253;1,45;970,078;1,0;"";"";12,566;2,92;57,619;14,64;"";"";35,506;9,42;55,7;"";"";"";"";"";"";"";"";"";"";"";"";"";"";"";"";"";"";"";"";"";"";"";"";"";"";"";"";"";"";"";"";"";"";"";"";"";"";"";"";"";"";"";"";"";"";"";"";"";"";"";"";"";"";"";"";"";"";"";"";"";"";"";"";""
03.01.2023 17:07:53;1672762073000;880f01e687e2572cea04e80fc6a68085;289803;OK;1814;0;1;0;0;-0,23;-48,13;0;0;806;629;"";218,063;32,71;500,73;65,02;20,946;0,92;1,599;0,23;9,922;1,7;0,0;10,0;0,003;10,0;0,274;10,0;161,862;25,86;49,537;14,81;2,134;10,09;0,457;10,02;0,456;10,02;0,035;10,0;2,885;24,852;0,53;29,932;3,37;6,864;0,68;6,232;1,45;970,1119;1,0;"";"";12,356;2,93;54,869;14,48;"";"";36,566;9,04;58,8;"";"";"";"";"";"";"";"";"";"";"";"";"";"";"";"";"";"";"";"";"";"";"";"";"";"";"";"";"";"";"";"";"";"";"";"";"";"";"";"";"";"";"";"";"";"";"";"";"";"";"";"";"";"";"";"";"";"";"";"";"";"";"";"";""
03.01.2023 17:09:53;1672762193000;880f01e687e2572cea04e80fc6a68085;289923;OK;1827;0;0;0;0;-0,13;-9,98;0;0;808;633;"";217,854;32,68;500,689;65,02;20,951;0,92;1,593;0,23;11,045;1,76;0,129;10,0;0,129;10,0;0,158;10,0;205,094;30,07;59,545;15,87;2,787;10,19;0,049;10,0;0,049;10,0;0,004;10,0;1,201;24,788;0,53;29,979;3,37;6,85;0,68;6,2;1,45;970,137;1,0;"";"";12,772;2,91;54,2;14,44;"";"";36,092;9,43;58,4;"";"";"";"";"";"";"";"";"";"";"";"";"";"";"";"";"";"";"";"";"";"";"";"";"";"";"";"";"";"";"";"";"";"";"";"";"";"";"";"";"";"";"";"";"";"";"";"";"";"";"";"";"";"";"";"";"";"";"";"";"";"";"";"";""
03.01.2023 17:11:55;1672762315000;880f01e687e2572cea04e80fc6a68085;290044;OK;1837;0;0;0;0;-0,05;-1,77;0;0;810;637;"";216,029;32,4;501,879;65,06;20,949;0,92;1,587;0,23;12,37;1,83;0,014;10,0;0,056;10,0;0,287;10,0;183,805;28,02;52,717;15,11;2,997;10,23;0,208;10,0;0,208;10,0;0,204;10,0;2,409;24,737;0,53;30,087;3,37;6,855;0,68;6,207;1,44;970,118;1,0;"";"";13,404;2,88;55,875;14,52;"";"";36,661;9,21;54,1;"";"";"";"";"";"";"";"";"";"";"";"";"";"";"";"";"";"";"";"";"";"";"";"";"";"";"";"";"";"";"";"";"";"";"";"";"";"";"";"";"";"";"";"";"";"";"";"";"";"";"";"";"";"";"";"";"";"";"";"";"";"";"";"";""
03.01.2023 17:13:55;1672762435000;880f01e687e2572cea04e80fc6a68085;290165;OK;1821;0;0;0;0;-0,05;0,56;0;0;810;641;"";216,36;32,45;500,667;65,02;20,946;0,92;1,583;0,23;13,775;1,91;0,024;10,0;0,029;10,0;0,395;10,0;164,046;26,04;50,7;14,94;2,884;10,27;0,568;10,0;0,23;10,0;0,022;10,0;4,223;24,682;0,53;30,12;3,37;6,841;0,67;6,176;1,44;970,1079;1,0;"";"";14,28;2,83;59,606;14,71;"";"";42,05;7,5;80,80001;"";"";"";"";"";"";"";"";"";"";"";"";"";"";"";"";"";"";"";"";"";"";"";"";"";"";"";"";"";"";"";"";"";"";"";"";"";"";"";"";"";"";"";"";"";"";"";"";"";"";"";"";"";"";"";"";"";"";"";"";"";"";"";"";""
03.01.2023 17:15:55;1672762555000;880f01e687e2572cea04e80fc6a68085;290284;OK;1833;1;0;0;0;0,03;31,95;0;0;815;634;"";215,648;32,35;514,233;65,43;20,943;0,92;1,58;0,22;15,159;1,98;0,003;10,0;0,003;10,0;0,57;10,0;170,124;26,63;50,913;15,01;2,134;10,29;0,852;10,0;0,814;10,0;0,791;10,0;3,722;24,624;0,53;30,323;3,37;6,864;0,67;6,223;1,42;970,094;1,0;"";"";15,187;2,79;63,467;14,91;"";"";42,985;7,78;78,80001;"";"";"";"";"";"";"";"";"";"";"";"";"";"";"";"";"";"";"";"";"";"";"";"";"";"";"";"";"";"";"";"";"";"";"";"";"";"";"";"";"";"";"";"";"";"";"";"";"";"";"";"";"";"";"";"";"";"";"";"";"";"";"";"";""
03.01.2023 17:17:54;1672762674000;880f01e687e2572cea04e80fc6a68085;290404;OK;1804;1;0;0;0;0,06;37,22;0;0;818;640;"";214,185;32,13;512,349;65,37;20,942;0,92;1,576;0,22;16,351;2,04;0,0;10,0;0,17;10,0;0,403;10,0;166,104;26,18;51,729;15,05;2,031;10,12;0,431;10,0;0,205;10,0;0,084;10,0;2,322;24,571;0,53;30,455;3,37;6,874;0,67;6,24;1,42;970,074;1,0;"";"";16,191;2,74;68,316;15,16;"";"";54,649;4,5;76,2;"";"";"";"";"";"";"";"";"";"";"";"";"";"";"";"";"";"";"";"";"";"";"";"";"";"";"";"";"";"";"";"";"";"";"";"";"";"";"";"";"";"";"";"";"";"";"";"";"";"";"";"";"";"";"";"";"";"";"";"";"";"";"";"";""
03.01.2023 17:19:55;1672762795000;880f01e687e2572cea04e80fc6a68085;290525;OK;1819;1;0;0;0;0,15;54,74;0;0;823;636;"";215,573;32,34;523,684;65,71;20,94;0,92;1,573;0,22;17,581;2,11;0,0;10,0;0,215;10,0;0,803;10,0;149,937;24,61;47,141;14,6;3,625;10,4;1,29;10,0;1,266;10,0;0,009;10,0;5,642;24,523;0,53;30,661;3,36;6,901;0,66;6,296;1,41;970,076;1,0;"";"";17,121;2,69;74,575;15,48;"";"";65,347;2,56;81,90001;"";"";"";"";"";"";"";"";"";"";"";"";"";"";"";"";"";"";"";"";"";"";"";"";"";"";"";"";"";"";"";"";"";"";"";"";"";"";"";"";"";"";"";"";"";"";"";"";"";"";"";"";"";"";"";"";"";"";"";"";"";"";"";"";""
03.01.2023 17:21:56;1672762916000;880f01e687e2572cea04e80fc6a68085;290646;OK;1827;1;0;0;0;0,22;90,9;0;0;829;620;"";219,175;32,88;547,369;66,42;20,937;0,92;1,571;0,22;18,522;2,16;0,0;10,0;0,099;10,0;0,257;10,0;139,714;23,67;43,111;14,24;2,006;10,11;0,238;10,0;0,235;10,0;0,101;10,0;2,167;24,499;0,53;30,907;3,36;6,947;0,66;6,391;1,39;970,091;1,0;"";"";18,423;2,63;80,366;15,79;"";"";50,811;6,08;78,3;"";"";"";"";"";"";"";"";"";"";"";"";"";"";"";"";"";"";"";"";"";"";"";"";"";"";"";"";"";"";"";"";"";"";"";"";"";"";"";"";"";"";"";"";"";"";"";"";"";"";"";"";"";"";"";"";"";"";"";"";"";"";"";"";""
03.01.2023 17:23:56;1672763036000;880f01e687e2572cea04e80fc6a68085;290766;OK;1817;2;0;0;0;0,22;142,48;0;0;830;612;"";220,993;33,15;558,752;66,76;20,936;0,92;1,569;0,22;19,298;2,2;0,0;10,0;0,011;10,0;0,194;10,0;175,971;27,21;53,862;15,26;0,909;10,01;0,125;10,0;0,125;10,0;0,111;10,0;1,932;24,465;0,53;30,954;3,36;6,945;0,66;6,384;1,39;970,1099;1,0;"";"";19,411;2,58;85,92601;16,08;"";"";40,0;9,07;75,5;"";"";"";"";"";"";"";"";"";"";"";"";"";"";"";"";"";"";"";"";"";"";"";"";"";"";"";"";"";"";"";"";"";"";"";"";"";"";"";"";"";"";"";"";"";"";"";"";"";"";"";"";"";"";"";"";"";"";"";"";"";"";"";"";""
03.01.2023 17:25:57;1672763157000;880f01e687e2572cea04e80fc6a68085;290887;OK;1813;1;0;0;0;0,13;86,2;0;0;831;618;"";228,842;34,33;553,128;66,59;20,934;0,92;1,569;0,22;19,963;2,24;0,0;10,0;0,099;10,0;0,119;10,0;159,921;25,66;48,819;14,88;1,781;10,09;0,013;10,0;0,013;10,0;0,012;10,0;1,247;24,463;0,53;30,987;3,36;6,951;0,66;6,397;1,39;970,118;1,0;"";"";20,346;2,53;89,31601;16,25;"";"";33,564;11,46;63,9;"";"";"";"";"";"";"";"";"";"";"";"";"";"";"";"";"";"";"";"";"";"";"";"";"";"";"";"";"";"";"";"";"";"";"";"";"";"";"";"";"";"";"";"";"";"";"";"";"";"";"";"";"";"";"";"";"";"";"";"";"";"";"";"";""
03.01.2023 17:27:59;1672763279000;880f01e687e2572cea04e80fc6a68085;291009;OK;1816;0;0;0;0;0,02;-9,8;0;0;830;623;"";237,817;35,67;546,424;66,39;20,934;0,92;1,568;0,22;20,283;2,25;0,126;10,0;0,136;10,0;0,887;10,0;162,036;25,89;48,951;14,84;2,436;10,15;1,121;10,1;0,8360001;10,04;0,25;10,0;3,982;24,477;0,53;30,961;3,36;6,951;0,66;6,398;1,39;970,123;1,0;"";"";21,076;2,5;93,055;16,45;"";"";32,166;12,36;54,9;"";"";"";"";"";"";"";"";"";"";"";"";"";"";"";"";"";"";"";"";"";"";"";"";"";"";"";"";"";"";"";"";"";"";"";"";"";"";"";"";"";"";"";"";"";"";"";"";"";"";"";"";"";"";"";"";"";"";"";"";"";"";"";"";""
03.01.2023 17:29:58;1672763398000;880f01e687e2572cea04e80fc6a68085;291128;OK;1825;0;1;0;0;0,03;-47,39;0;0;831;625;"";241,746;36,26;544,17;66,33;20,935;0,92;1,567;0,22;20,44;2,26;0,046;10,0;0,047;10,0;0,159;10,0;176,534;27,21;50,571;14,98;3,37;10,29;0,198;10,01;0,167;10,0;0,028;10,0;1,591;24,495;0,53;30,986;3,36;6,964;0,66;6,425;1,39;970,1489;1,0;"";"";21,694;2,46;96,673;16,65;"";"";32,69;12,15;53,2;"";"";"";"";"";"";"";"";"";"";"";"";"";"";"";"";"";"";"";"";"";"";"";"";"";"";"";"";"";"";"";"";"";"";"";"";"";"";"";"";"";"";"";"";"";"";"";"";"";"";"";"";"";"";"";"";"";"";"";"";"";"";"";"";""
03.01.2023 17:31:59;1672763519000;880f01e687e2572cea04e80fc6a68085;291248;OK;1833;0;1;0;0;0,05;-26,98;0;0;831;626;"";244,837;36,73;541,484;66,24;20,934;0,92;1,569;0,22;20,538;2,27;0,005;10,0;0,005;10,0;0,394;10,0;147,23;24,37;43,736;14,29;2,651;10,29;0,583;10,0;0,264;10,0;0,003;10,0;3,926;24,508;0,53;30,988;3,36;6,969;0,66;6,437;1,39;970,168;1,0;"";"";22,089;2,45;100,074;16,83;"";"";30,607;12,98;53,3;"";"";"";"";"";"";"";"";"";"";"";"";"";"";"";"";"";"";"";"";"";"";"";"";"";"";"";"";"";"";"";"";"";"";"";"";"";"";"";"";"";"";"";"";"";"";"";"";"";"";"";"";"";"";"";"";"";"";"";"";"";"";"";"";""
03.01.2023 17:34:00;1672763640000;880f01e687e2572cea04e80fc6a68085;291369;OK;1829;0;0;0;0;0,06;-23,61;0;0;831;629;"";249,977;37,5;537,443;66,12;20,936;0,92;1,569;0,22;20,5;2,27;0,001;10,0;0,001;10,0;0,09799999;10,0;135,071;23,26;42,228;14,15;0,414;10,03;0,193;10,0;0,159;10,0;0,131;10,0;1,813;24,525;0,53;30,987;3,36;6,976;0,66;6,452;1,39;970,174;1,0;"";"";22,3;2,43;102,579;16,96;"";"";32,095;12,57;54,5;"";"";"";"";"";"";"";"";"";"";"";"";"";"";"";"";"";"";"";"";"";"";"";"";"";"";"";"";"";"";"";"";"";"";"";"";"";"";"";"";"";"";"";"";"";"";"";"";"";"";"";"";"";"";"";"";"";"";"";"";"";"";"";"";""
03.01.2023 17:36:00;1672763760000;880f01e687e2572cea04e80fc6a68085;291490;OK;1814;0;0;0;0;0,1;-18,99;0;0;833;628;"";257,929;38,69;538,892;66,17;20,932;0,92;1,57;0,22;20,368;2,26;0,0;10,0;0,0;10,0;0,283;10,0;160,864;25,74;47,546;14,65;1,853;10,06;0,8;10,0;0,796;10,0;0,014;10,0;3,537;24,544;0,53;31,079;3,35;7,004;0,66;6,511;1,38;970,174;1,0;"";"";22,569;2,42;104,394;17,06;"";"";32,018;12,73;54,4;"";"";"";"";"";"";"";"";"";"";"";"";"";"";"";"";"";"";"";"";"";"";"";"";"";"";"";"";"";"";"";"";"";"";"";"";"";"";"";"";"";"";"";"";"";"";"";"";"";"";"";"";"";"";"";"";"";"";"";"";"";"";"";"";""
03.01.2023 17:38:01;1672763881000;880f01e687e2572cea04e80fc6a68085;291611;OK;1849;0;0;0;0;0,15;-3,56;0;0;833;626;"";266,505;39,98;540,209;66,21;20,938;0,92;1,573;0,22;20,076;2,24;0,0;10,0;0,0;10,0;0,138;10,0;169,957;26,58;51,593;15,01;2,041;10,16;0,375;10,0;0,375;10,0;0,001;10,0;2,245;24,561;0,53;31,111;3,35;7,018;0,66;6,541;1,38;970,163;1,0;"";"";22,689;2,42;105,472;17,12;"";"";33,274;12,06;54,1;"";"";"";"";"";"";"";"";"";"";"";"";"";"";"";"";"";"";"";"";"";"";"";"";"";"";"";"";"";"";"";"";"";"";"";"";"";"";"";"";"";"";"";"";"";"";"";"";"";"";"";"";"";"";"";"";"";"";"";"";"";"";"";"";""
03.01.2023 17:40:00;1672764000000;880f01e687e2572cea04e80fc6a68085;291730;OK;1844;0;0;0;0;0,12;8,54;0;0;833;626;"";271,505;40,73;539,527;66,19;20,934;0,92;1,573;0,22;19,658;2,22;0,0;10,0;0,077;10,0;0,406;10,0;146,567;24,39;43,491;14,28;1,299;10,09;0,494;10,0;0,494;10,0;0,0;10,0;3,96;24,575;0,53;31,094;3,35;7,019;0,66;6,545;1,38;970,162;1,0;"";"";22,701;2,41;105,956;17,15;"";"";32,051;12,78;53,4;"";"";"";"";"";"";"";"";"";"";"";"";"";"";"";"";"";"";"";"";"";"";"";"";"";"";"";"";"";"";"";"";"";"";"";"";"";"";"";"";"";"";"";"";"";"";"";"";"";"";"";"";"";"";"";"";"";"";"";"";"";"";"";"";""
03.01.2023 17:42:01;1672764121000;880f01e687e2572cea04e80fc6a68085;291851;OK;1816;0;0;0;0;0,06;-12,13;0;0;833;630;"";273,118;40,97;534,279;66,03;20,934;0,92;1,575;0,22;19,031;2,19;0,0;10,0;0,008;10,0;0,415;10,0;163,958;26,05;48,165;14,69;1,745;10,15;0,391;10,0;0,391;10,0;0,338;10,0;3,886;24,589;0,53;31,085;3,35;7,023;0,66;6,553;1,38;970,156;1,0;"";"";22,628;2,42;106,195;17,16;"";"";31,128;13,09;54,6;"";"";"";"";"";"";"";"";"";"";"";"";"";"";"";"";"";"";"";"";"";"";"";"";"";"";"";"";"";"";"";"";"";"";"";"";"";"";"";"";"";"";"";"";"";"";"";"";"";"";"";"";"";"";"";"";"";"";"";"";"";"";"";"";""
03.01.2023 17:44:02;1672764242000;880f01e687e2572cea04e80fc6a68085;291972;OK;1825;0;0;0;0;0,03;-23,85;0;0;833;631;"";274,853;41,23;532,584;65,98001;20,935;0,92;1,577;0,22;18,409;2,15;0,173;10,0;0,271;10,0;0,598;10,0;177,707;27,38;51,381;15,07;3,049;10,42;0,779;10,0;0,779;10,0;0,036;10,0;3,502;24,6;0,53;31,086;3,35;7,028;0,66;6,563;1,38;970,166;1,0;"";"";22,551;2,42;105,953;17,15;"";"";35,68;10,66;71,1;"";"";"";"";"";"";"";"";"";"";"";"";"";"";"";"";"";"";"";"";"";"";"";"";"";"";"";"";"";"";"";"";"";"";"";"";"";"";"";"";"";"";"";"";"";"";"";"";"";"";"";"";"";"";"";"";"";"";"";"";"";"";"";"";""
03.01.2023 17:46:02;1672764362000;880f01e687e2572cea04e80fc6a68085;292091;OK;1844;0;0;0;0;0,02;-13,99;0;0;832;628;"";278,134;41,72;534,015;66,02;20,936;0,92;1,578;0,22;17,784;2,12;0,019;10,0;0,034;10,0;0,315;10,0;125,134;22,24;36,618;13,61;1,231;10,12;0,46;10,0;0,46;10,0;0,004;10,0;3,467;24,608;0,53;31,059;3,35;7,025;0,66;6,557;1,38;970,157;1,0;"";"";22,421;2,43;105,271;17,12;"";"";31,774;13,01;54,7;"";"";"";"";"";"";"";"";"";"";"";"";"";"";"";"";"";"";"";"";"";"";"";"";"";"";"";"";"";"";"";"";"";"";"";"";"";"";"";"";"";"";"";"";"";"";"";"";"";"";"";"";"";"";"";"";"";"";"";"";"";"";"";"";""
03.01.2023 17:48:03;1672764483000;880f01e687e2572cea04e80fc6a68085;292213;OK;1817;0;0;0;0;0,01;-1,1;0;0;832;629;"";278,737;41,81;533,187;66,0;20,937;0,92;1,579;0,22;17,165;2,09;0,002;10,0;0,004;10,0;0,088;10,0;149,25;24,56;46,438;14,65;2,905;10,38;0,189;10,0;0,049;10,0;0,0;10,0;1,757;24,611;0,53;31,059;3,35;7,026;0,66;6,56;1,38;970,167;1,0;"";"";22,205;2,44;104,535;17,08;"";"";31,514;13,11;54,4;"";"";"";"";"";"";"";"";"";"";"";"";"";"";"";"";"";"";"";"";"";"";"";"";"";"";"";"";"";"";"";"";"";"";"";"";"";"";"";"";"";"";"";"";"";"";"";"";"";"";"";"";"";"";"";"";"";"";"";"";"";"";"";"";""
03.01.2023 17:50:03;1672764603000;880f01e687e2572cea04e80fc6a68085;292333;OK;1820;0;0;0;0;-0,03;-10,56;0;0;831;631;"";273,594;41,04;529,451;65,88;20,937;0,92;1,579;0,22;16,574;2,06;0,0;10,0;0,025;10,0;0,034;10,0;152,127;24,94;45,553;14,46;1,298;10,04;0,228;10,0;0,005;10,0;0,0;10,0;1,118;24,618;0,53;30,995;3,35;7,014;0,67;6,536;1,39;970,177;1,0;"";"";21,92;2,45;103,653;17,03;"";"";31,657;12,76;54,3;"";"";"";"";"";"";"";"";"";"";"";"";"";"";"";"";"";"";"";"";"";"";"";"";"";"";"";"";"";"";"";"";"";"";"";"";"";"";"";"";"";"";"";"";"";"";"";"";"";"";"";"";"";"";"";"";"";"";"";"";"";"";"";"";""
03.01.2023 17:52:04;1672764724000;880f01e687e2572cea04e80fc6a68085;292454;OK;1843;0;1;0;0;-0,05;-29,59;0;0;830;635;"";277,326;41,6;524,178;65,73;20,937;0,92;1,58;0,22;15,995;2,03;0,0;10,0;0,087;10,0;0,392;10,0;129,541;22,66;37,692;13,71;1,207;10,05;0,411;10,0;0,388;10,0;0,0;10,0;3,875;24,623;0,53;30,97;3,36;7,011;0,67;6,529;1,39;970,191;1,0;"";"";21,694;2,46;102,701;16,98;"";"";31,517;12,93;53,6;"";"";"";"";"";"";"";"";"";"";"";"";"";"";"";"";"";"";"";"";"";"";"";"";"";"";"";"";"";"";"";"";"";"";"";"";"";"";"";"";"";"";"";"";"";"";"";"";"";"";"";"";"";"";"";"";"";"";"";"";"";"";"";"";""
03.01.2023 17:54:05;1672764845000;880f01e687e2572cea04e80fc6a68085;292575;OK;1839;0;1;0;0;-0,05;-26,4;0;0;830;636;"";278,293;41,74;522,962;65,69;20,937;0,92;1,58;0,22;15,54;2,0;0,0;10,0;0,272;10,0;0,674;10,0;177,18;27,36;52,838;15,15;2,694;10,17;0,834;10,0;0,8309999;10,0;0,0;10,0;4,868;24,625;0,53;30,968;3,36;7,011;0,67;6,53;1,39;970,215;1,0;"";"";21,555;2,47;101,735;16,93;"";"";31,739;13,09;59,9;"";"";"";"";"";"";"";"";"";"";"";"";"";"";"";"";"";"";"";"";"";"";"";"";"";"";"";"";"";"";"";"";"";"";"";"";"";"";"";"";"";"";"";"";"";"";"";"";"";"";"";"";"";"";"";"";"";"";"";"";"";"";"";"";""
03.01.2023 17:56:06;1672764966000;880f01e687e2572cea04e80fc6a68085;292696;OK;1815;0;1;0;0;-0,01;-25,08;0;0;830;639;"";278,263;41,74;519,111;65,57;20,938;0,92;1,58;0,22;15,184;1,98;0,0;10,0;0,029;10,0;0,468;10,0;167,02;26,3;47,293;14,58;2,654;10,29;0,571;10,0;0,571;10,0;0,423;10,0;4,375;24,626;0,53;30,967;3,36;7,011;0,67;6,53;1,39;970,214;1,0;"";"";21,359;2,48;100,947;16,89;"";"";30,637;13,75;56,3;"";"";"";"";"";"";"";"";"";"";"";"";"";"";"";"";"";"";"";"";"";"";"";"";"";"";"";"";"";"";"";"";"";"";"";"";"";"";"";"";"";"";"";"";"";"";"";"";"";"";"";"";"";"";"";"";"";"";"";"";"";"";"";"";""
03.01.2023 17:58:06;1672765086000;880f01e687e2572cea04e80fc6a68085;292816;OK;1828;0;0;0;0;0,0;-20,42;0;0;830;640;"";279,622;41,94;517,494;65,52;20,938;0,92;1,581;0,22;14,868;1,97;0,0;10,0;0,013;10,0;0,06;10,0;128,865;22,6;40,031;13,99;1,597;10,09;0,061;10,0;0,061;10,0;0,045;10,0;1,375;24,628;0,53;30,967;3,36;7,012;0,67;6,532;1,39;970,214;1,0;"";"";21,209;2,49;100,222;16,85;"";"";30,212;13,8;58,5;"";"";"";"";"";"";"";"";"";"";"";"";"";"";"";"";"";"";"";"";"";"";"";"";"";"";"";"";"";"";"";"";"";"";"";"";"";"";"";"";"";"";"";"";"";"";"";"";"";"";"";"";"";"";"";"";"";"";"";"";"";"";"";"";""
03.01.2023 18:00:06;1672765206000;880f01e687e2572cea04e80fc6a68085;292936;OK;1823;0;0;0;0;0,02;-16,65;0;0;830;639;"";279,251;41,89;518,51;65,56;20,937;0,92;1,581;0,23;14,732;1,96;0,0;10,0;0,001;10,0;0,006;10,0;133,965;23,11;39,861;13,9;0,902;10,04;0,007;10,0;0,007;10,0;0,005;10,0;1,04;24,628;0,53;30,983;3,35;7,016;0,67;6,539;1,39;970,235;1,0;"";"";21,2;2,49;99,821;16,83;"";"";31,209;13,05;55,2;"";"";"";"";"";"";"";"";"";"";"";"";"";"";"";"";"";"";"";"";"";"";"";"";"";"";"";"";"";"";"";"";"";"";"";"";"";"";"";"";"";"";"";"";"";"";"";"";"";"";"";"";"";"";"";"";"";"";"";"";"";"";"";"";""
03.01.2023 18:02:07;1672765327000;880f01e687e2572cea04e80fc6a68085;293057;OK;1830;0;0;0;0;0,05;-0,28;0;0;832;640;"";284,908;42,74;518,822;65,56;20,937;0,92;1,581;0,23;14,698;1,96;0,0;10,0;0,0;10,0;0,226;10,0;139,285;23,6;41,126;14,03;1,822;10,05;0,302;10,0;0,302;10,0;0,001;10,0;3,032;24,626;0,53;31,062;3,35;7,033;0,67;6,575;1,38;970,239;1,0;"";"";21,149;2,49;99,566;16,82;"";"";31,018;13,38;56,2;"";"";"";"";"";"";"";"";"";"";"";"";"";"";"";"";"";"";"";"";"";"";"";"";"";"";"";"";"";"";"";"";"";"";"";"";"";"";"";"";"";"";"";"";"";"";"";"";"";"";"";"";"";"";"";"";"";"";"";"";"";"";"";"";""
03.01.2023 18:04:07;1672765447000;880f01e687e2572cea04e80fc6a68085;293176;OK;1831;0;0;0;0;0,06;7,23;0;0;832;640;"";284,098;42,61;519,023;65,57;20,937;0,92;1,581;0,23;14,573;1,95;0,021;10,0;0,021;10,0;0,247;10,0;154,128;25,03;45,568;14,5;2,509;10,13;0,447;10,0;0,447;10,0;0,0;10,0;3,027;24,626;0,53;31,045;3,35;7,029;0,67;6,567;1,38;970,2459;1,0;"";"";21,041;2,5;99,281;16,8;"";"";32,003;12,62;53,7;"";"";"";"";"";"";"";"";"";"";"";"";"";"";"";"";"";"";"";"";"";"";"";"";"";"";"";"";"";"";"";"";"";"";"";"";"";"";"";"";"";"";"";"";"";"";"";"";"";"";"";"";"";"";"";"";"";"";"";"";"";"";"";"";""
03.01.2023 18:06:07;1672765567000;880f01e687e2572cea04e80fc6a68085;293297;OK;1814;0;0;0;0;0,04;4,18;0;0;833;641;"";280,993;42,15;518,935;65,57;20,937;0,92;1,582;0,23;14,427;1,94;0,002;10,0;0,002;10,0;0,266;10,0;139,723;23,61;43,245;14,21;2,139;10,24;0,547;10,0;0,547;10,0;0,0;10,0;3,185;24,623;0,53;31,081;3,35;7,036;0,66;6,581;1,38;970,274;1,0;"";"";20,935;2,5;99,142;16,8;"";"";31,503;13,21;53,7;"";"";"";"";"";"";"";"";"";"";"";"";"";"";"";"";"";"";"";"";"";"";"";"";"";"";"";"";"";"";"";"";"";"";"";"";"";"";"";"";"";"";"";"";"";"";"";"";"";"";"";"";"";"";"";"";"";"";"";"";"";"";"";"";""
03.01.2023 18:08:08;1672765688000;880f01e687e2572cea04e80fc6a68085;293418;OK;1819;0;0;0;0;0,03;0,19;0;0;833;640;"";284,226;42,63;519,776;65,59;20,937;0,92;1,582;0,23;14,459;1,94;0,031;10,0;0,031;10,0;0,133;10,0;139,041;23,52;43,171;14,29;0,615;10,03;0,445;10,0;0,058;10,0;0,0;10,0;1,902;24,623;0,53;31,107;3,35;7,042;0,66;6,593;1,38;970,29;1,0;"";"";20,976;2,5;99,08;16,79;"";"";31,479;13,38;55,0;"";"";"";"";"";"";"";"";"";"";"";"";"";"";"";"";"";"";"";"";"";"";"";"";"";"";"";"";"";"";"";"";"";"";"";"";"";"";"";"";"";"";"";"";"";"";"";"";"";"";"";"";"";"";"";"";"";"";"";"";"";"";"";"";""
03.01.2023 18:10:08;1672765808000;880f01e687e2572cea04e80fc6a68085;293538;OK;1820;0;0;0;0;-0,0;-9,87;0;0;833;644;"";279,804;41,97;515,183;65,46;20,937;0,92;1,583;0,23;14,304;1,93;0,023;10,0;0,05;10,0;0,061;10,0;158,379;25,51;47,773;14,68;1,485;10,14;0,048;10,0;0,006;10,0;0,0;10,0;1,137;24,617;0,53;31,079;3,35;7,033;0,66;6,575;1,38;970,281;1,0;"";"";20,881;2,51;98,73401;16,77;"";"";29,619;13,56;54,7;"";"";"";"";"";"";"";"";"";"";"";"";"";"";"";"";"";"";"";"";"";"";"";"";"";"";"";"";"";"";"";"";"";"";"";"";"";"";"";"";"";"";"";"";"";"";"";"";"";"";"";"";"";"";"";"";"";"";"";"";"";"";"";"";""
03.01.2023 18:12:10;1672765930000;880f01e687e2572cea04e80fc6a68085;293659;OK;1828;0;0;0;0;0,04;-6,59;0;0;835;644;"";283,998;42,6;517,711;65,53;20,937;0,92;1,582;0,23;14,344;1,94;0,002;10,0;0,005;10,0;0,04;10,0;143,697;23,94;41,314;14,09;0,936;10,02;0,105;10,0;0,101;10,0;0,0;10,0;1,315;24,614;0,53;31,195;3,35;7,058;0,66;6,626;1,38;970,271;1,0;"";"";20,888;2,51;98,85;16,78;"";"";30,331;13,56;53,6;"";"";"";"";"";"";"";"";"";"";"";"";"";"";"";"";"";"";"";"";"";"";"";"";"";"";"";"";"";"";"";"";"";"";"";"";"";"";"";"";"";"";"";"";"";"";"";"";"";"";"";"";"";"";"";"";"";"";"";"";"";"";"";"";""
03.01.2023 18:14:08;1672766048000;880f01e687e2572cea04e80fc6a68085;293778;OK;1821;0;0;0;0;0,07;-1,44;0;0;836;644;"";284,568;42,69;517,277;65,52;20,936;0,92;1,581;0,23;14,336;1,94;0,0;10,0;0,001;10,0;0,08200001;10,0;149,861;24,58;46,181;14,47;1,689;10,11;0,115;10,0;0,114;10,0;0,0;10,0;1,73;24,613;0,53;31,209;3,35;7,061;0,66;6,632;1,38;970,272;1,0;"";"";21,003;2,5;99,085;16,79;"";"";31,294;13,46;53,9;"";"";"";"";"";"";"";"";"";"";"";"";"";"";"";"";"";"";"";"";"";"";"";"";"";"";"";"";"";"";"";"";"";"";"";"";"";"";"";"";"";"";"";"";"";"";"";"";"";"";"";"";"";"";"";"";"";"";"";"";"";"";"";"";""
03.01.2023 18:16:09;1672766169000;880f01e687e2572cea04e80fc6a68085;293899;OK;1827;0;0;0;0;0,11;4,61;0;0;838;646;"";290,553;43,58;517,147;65,51;20,934;0,92;1,582;0,23;14,375;1,94;0,0;10,0;0,0;10,0;0,571;10,0;165,461;26,15;46,563;14,5;1,728;10,03;0,887;10,0;0,887;10,0;0,0;10,0;6,139;24,61;0,53;31,287;3,35;7,077;0,66;6,666;1,37;970,278;1,0;"";"";21,134;2,49;99,418;16,81;"";"";32,177;12,79;58,1;"";"";"";"";"";"";"";"";"";"";"";"";"";"";"";"";"";"";"";"";"";"";"";"";"";"";"";"";"";"";"";"";"";"";"";"";"";"";"";"";"";"";"";"";"";"";"";"";"";"";"";"";"";"";"";"";"";"";"";"";"";"";"";"";""
03.01.2023 18:18:10;1672766290000;880f01e687e2572cea04e80fc6a68085;294019;OK;1845;0;0;0;0;0,04;3,6;0;0;837;644;"";285,67;42,85;518,012;65,54;20,936;0,92;1,582;0,23;14,409;1,94;0,0;10,0;0,0;10,0;0,18;10,0;144,386;24,03;42,919;14,21;1,208;10,08;0,328;10,0;0,328;10,0;0,23;10,0;2,501;24,607;0,53;31,246;3,35;7,067;0,66;6,644;1,37;970,265;1,0;"";"";21,222;2,49;99,596;16,82;"";"";33,188;12,2;53,9;"";"";"";"";"";"";"";"";"";"";"";"";"";"";"";"";"";"";"";"";"";"";"";"";"";"";"";"";"";"";"";"";"";"";"";"";"";"";"";"";"";"";"";"";"";"";"";"";"";"";"";"";"";"";"";"";"";"";"";"";"";"";"";"";""
03.01.2023 18:20:10;1672766410000;880f01e687e2572cea04e80fc6a68085;294139;OK;1835;0;0;0;0;-0,0;-4,0;0;0;836;646;"";286,244;42,94;515,73;65,47;20,937;0,92;1,582;0,23;14,346;1,94;0,159;10,0;0,197;10,0;0,217;10,0;177,201;27,31;51,809;15,07;2,173;10,24;0,036;10,0;0,036;10,0;0,025;10,0;1,222;24,602;0,53;31,224;3,35;7,06;0,66;6,629;1,37;970,2479;1,0;"";"";21,17;2,49;99,38;16,8;"";"";31,955;12,81;53,1;"";"";"";"";"";"";"";"";"";"";"";"";"";"";"";"";"";"";"";"";"";"";"";"";"";"";"";"";"";"";"";"";"";"";"";"";"";"";"";"";"";"";"";"";"";"";"";"";"";"";"";"";"";"";"";"";"";"";"";"";"";"";"";"";""
03.01.2023 18:22:10;1672766530000;880f01e687e2572cea04e80fc6a68085;294260;OK;1835;0;0;0;0;0,01;2,66;0;0;839;645;"";289,141;43,37;518,669;65,56;20,937;0,92;1,583;0,23;14,407;1,94;0,017;10,0;0,021;10,0;0,432;10,0;161,38;25,74;48,036;14,75;2,442;10,16;0,68;10,11;0,68;10,11;0,003;10,0;3,414;24,6;0,53;31,322;3,35;7,081;0,66;6,673;1,37;970,267;1,0;"";"";21,175;2,49;99,42801;16,81;"";"";31,353;13,02;55,0;"";"";"";"";"";"";"";"";"";"";"";"";"";"";"";"";"";"";"";"";"";"";"";"";"";"";"";"";"";"";"";"";"";"";"";"";"";"";"";"";"";"";"";"";"";"";"";"";"";"";"";"";"";"";"";"";"";"";"";"";"";"";"";"";""
03.01.2023 18:24:11;1672766651000;880f01e687e2572cea04e80fc6a68085;294381;OK;1828;0;0;0;0;0,07;1,76;0;0;840;647;"";294,413;44,16;517,794;65,53;20,934;0,92;1,582;0,23;14,558;1,95;0,002;10,0;0,033;10,0;0,588;10,0;153,196;24,94;46,642;14,61;1,818;10,19;0,43;10,01;0,43;10,01;0,358;10,0;3,585;24,597;0,53;31,396;3,35;7,096;0,66;6,705;1,37;970,302;1,0;"";"";21,334;2,48;99,989;16,84;"";"";32,246;12,82;54,1;"";"";"";"";"";"";"";"";"";"";"";"";"";"";"";"";"";"";"";"";"";"";"";"";"";"";"";"";"";"";"";"";"";"";"";"";"";"";"";"";"";"";"";"";"";"";"";"";"";"";"";"";"";"";"";"";"";"";"";"";"";"";"";"";""
03.01.2023 18:26:10;1672766770000;880f01e687e2572cea04e80fc6a68085;294500;OK;1821;0;0;0;0;0,14;2,96;0;0;842;650;"";291,722;43,76;515,773;65,47;20,934;0,92;1,582;0,23;14,758;1,96;0,0;10,0;0,004;10,0;0,065;10,0;115,806;21,36;36,247;13,57;0,588;10,06;0,047;10,0;0,047;10,0;0,039;10,0;1,285;24,596;0,53;31,476;3,35;7,114;0,66;6,741;1,36;970,327;1,0;"";"";21,466;2,48;100,621;16,87;"";"";32,549;12,45;56,4;"";"";"";"";"";"";"";"";"";"";"";"";"";"";"";"";"";"";"";"";"";"";"";"";"";"";"";"";"";"";"";"";"";"";"";"";"";"";"";"";"";"";"";"";"";"";"";"";"";"";"";"";"";"";"";"";"";"";"";"";"";"";"";"";""
03.01.2023 18:28:11;1672766891000;880f01e687e2572cea04e80fc6a68085;294620;OK;1815;0;0;0;0;0,13;-17,43;0;0;844;654;"";291,504;43,73;513,502;65,41;20,933;0,92;1,582;0,23;14,874;1,97;0,0;10,0;0,0;10,0;0,318;10,0;132,216;22,94;37,942;13,76;1,48;10,11;0,742;10,0;0,742;10,0;0,741;10,0;3,832;24,59;0,53;31,554;3,34;7,13;0,66;6,772;1,36;970,336;1,0;"";"";21,586;2,47;101,217;16,9;"";"";32,069;12,88;54,5;"";"";"";"";"";"";"";"";"";"";"";"";"";"";"";"";"";"";"";"";"";"";"";"";"";"";"";"";"";"";"";"";"";"";"";"";"";"";"";"";"";"";"";"";"";"";"";"";"";"";"";"";"";"";"";"";"";"";"";"";"";"";"";"";""
03.01.2023 18:30:11;1672767011000;880f01e687e2572cea04e80fc6a68085;294741;OK;1817;0;0;0;0;0,12;-5,3;0;0;844;652;"";290,199;43,53;516,121;65,48;20,932;0,92;1,582;0,23;14,928;1,97;0,0;10,0;0,0;10,0;0,063;10,0;153,323;25,04;44,176;14,38;1,277;10,11;0,079;10,0;0,079;10,0;0,079;10,0;1,56;24,589;0,53;31,577;3,34;7,134;0,66;6,782;1,36;970,3569;1,0;"";"";21,619;2,47;101,63;16,92;"";"";31,342;13,18;54,0;"";"";"";"";"";"";"";"";"";"";"";"";"";"";"";"";"";"";"";"";"";"";"";"";"";"";"";"";"";"";"";"";"";"";"";"";"";"";"";"";"";"";"";"";"";"";"";"";"";"";"";"";"";"";"";"";"";"";"";"";"";"";"";"";""
03.01.2023 18:32:12;1672767132000;880f01e687e2572cea04e80fc6a68085;294862;OK;1822;0;0;0;0;0,05;-0,03;0;0;844;653;"";286,858;43,03;514,991;65,45;20,931;0,92;1,582;0,23;14,969;1,97;0,019;10,0;0,019;10,0;0,026;10,0;163,499;26,0;49,495;14,84;0,512;10,05;0,008;10,0;0,008;10,0;0,008;10,0;1,06;24,583;0,53;31,58;3,34;7,133;0,66;6,778;1,36;970,404;1,0;"";"";21,744;2,46;101,692;16,93;"";"";32,119;12,84;57,0;"";"";"";"";"";"";"";"";"";"";"";"";"";"";"";"";"";"";"";"";"";"";"";"";"";"";"";"";"";"";"";"";"";"";"";"";"";"";"";"";"";"";"";"";"";"";"";"";"";"";"";"";"";"";"";"";"";"";"";"";"";"";"";"";""
03.01.2023 18:34:13;1672767253000;880f01e687e2572cea04e80fc6a68085;294983;OK;1847;0;0;0;0;0,01;7,54;0;0;844;653;"";287,517;43,13;514,966;65,45;20,93;0,92;1,582;0,23;14,974;1,97;0,002;10,0;0,002;10,0;0,143;10,0;120,71;21,78;36,966;13,59;0,539;10,01;0,189;10,0;0,189;10,0;0,001;10,0;2,268;24,578;0,53;31,58;3,34;7,131;0,66;6,774;1,36;970,4659;1,0;"";"";21,892;2,46;101,95;16,94;"";"";32,67;12,66;53,3;"";"";"";"";"";"";"";"";"";"";"";"";"";"";"";"";"";"";"";"";"";"";"";"";"";"";"";"";"";"";"";"";"";"";"";"";"";"";"";"";"";"";"";"";"";"";"";"";"";"";"";"";"";"";"";"";"";"";"";"";"";"";"";"";""
03.01.2023 18:36:14;1672767374000;880f01e687e2572cea04e80fc6a68085;295104;OK;1827;0;0;0;0;0,02;-7,58;0;0;846;655;"";285,224;42,78;514,422;65,43;20,936;0,92;1,583;0,23;15,029;1,97;0,0;10,0;0,0;10,0;0,099;10,0;138,92;23,62;42,276;14,12;1,826;10,23;0,25;10,0;0,25;10,0;0,0;10,0;1,89;24,573;0,53;31,666;3,34;7,148;0,66;6,809;1,35;970,489;1,0;"";"";21,87;2,46;102,107;16,95;"";"";32,154;12,75;53,8;"";"";"";"";"";"";"";"";"";"";"";"";"";"";"";"";"";"";"";"";"";"";"";"";"";"";"";"";"";"";"";"";"";"";"";"";"";"";"";"";"";"";"";"";"";"";"";"";"";"";"";"";"";"";"";"";"";"";"";"";"";"";"";"";""
03.01.2023 18:38:14;1672767494000;880f01e687e2572cea04e80fc6a68085;295224;OK;1807;0;0;0;0;0,07;-7,66;0;0;847;657;"";285,273;42,79;513,217;65,4;20,931;0,92;1,582;0,23;15,187;1,98;0,0;10,0;0,0;10,0;0,011;10,0;114,732;21,22;31,2;12,96;1,055;10,14;0,027;10,0;0,027;10,0;0,0;10,0;1,095;24,571;0,53;31,7;3,34;7,155;0,66;6,822;1,35;970,476;1,0;"";"";21,912;2,46;102,215;16,95;"";"";30,447;13,75;53,9;"";"";"";"";"";"";"";"";"";"";"";"";"";"";"";"";"";"";"";"";"";"";"";"";"";"";"";"";"";"";"";"";"";"";"";"";"";"";"";"";"";"";"";"";"";"";"";"";"";"";"";"";"";"";"";"";"";"";"";"";"";"";"";"";""
03.01.2023 18:40:13;1672767613000;880f01e687e2572cea04e80fc6a68085;295343;OK;1819;0;0;0;0;0,06;-11,92;0;0;846;658;"";280,378;42,06;511,383;65,34;20,931;0,92;1,581;0,22;15,214;1,98;0,0;10,0;0,0;10,0;0,001;10,0;116,009;21,41;34,622;13,37;1,1;10,1;0,003;10,0;0,003;10,0;0,0;10,0;1,01;24,568;0,53;31,673;3,34;7,147;0,66;6,808;1,35;970,474;1,0;"";"";21,898;2,46;102,158;16,95;"";"";31,361;13,3;52,9;"";"";"";"";"";"";"";"";"";"";"";"";"";"";"";"";"";"";"";"";"";"";"";"";"";"";"";"";"";"";"";"";"";"";"";"";"";"";"";"";"";"";"";"";"";"";"";"";"";"";"";"";"";"";"";"";"";"";"";"";"";"";"";"";""
03.01.2023 18:42:15;1672767735000;880f01e687e2572cea04e80fc6a68085;295464;OK;1828;0;0;0;0;0,01;-5,8;0;0;848;659;"";280,473;42,07;511,397;65,34;20,929;0,92;1,581;0,22;15,25;1,99;0,129;10,0;0,129;10,0;0,129;10,0;171,442;26,67;50,451;15,02;1,356;10,08;0,0;10,0;0,0;10,0;0,0;10,0;1,001;24,562;0,53;31,704;3,34;7,152;0,66;6,817;1,35;970,489;1,0;"";"";21,927;2,45;101,898;16,94;"";"";31,07;13,31;54,9;"";"";"";"";"";"";"";"";"";"";"";"";"";"";"";"";"";"";"";"";"";"";"";"";"";"";"";"";"";"";"";"";"";"";"";"";"";"";"";"";"";"";"";"";"";"";"";"";"";"";"";"";"";"";"";"";"";"";"";"";"";"";"";"";""
03.01.2023 18:44:16;1672767856000;880f01e687e2572cea04e80fc6a68085;295585;OK;1817;0;0;0;0;0,08;-5,68;0;0;851;663;"";280,507;42,08;510,436;65,31;20,93;0,92;1,581;0,22;15,351;1,99;0,044;10,0;0,198;10,0;0,483;10,0;156,607;25,27;48,698;14,76;3,216;10,37;0,338;10,0;0,338;10,0;0,0;10,0;3,801;24,558;0,53;31,86;3,34;7,186;0,66;6,885;1,34;970,5139;1,0;"";"";22,028;2,45;102,288;16,96;"";"";30,43;14,11;55,3;"";"";"";"";"";"";"";"";"";"";"";"";"";"";"";"";"";"";"";"";"";"";"";"";"";"";"";"";"";"";"";"";"";"";"";"";"";"";"";"";"";"";"";"";"";"";"";"";"";"";"";"";"";"";"";"";"";"";"";"";"";"";"";"";""
03.01.2023 18:46:16;1672767976000;880f01e687e2572cea04e80fc6a68085;295706;OK;1807;0;0;0;0;0,1;-5,04;0;0;850;663;"";276,385;41,46;509,705;65,29;20,932;0,92;1,58;0,22;15,41;1,99;0,005;10,0;0,025;10,0;0,338;10,0;164,897;26,1;51,916;15,16;2,029;10,06;0,939;10,0;0,939;10,0;0,0;10,0;3,828;24,551;0,53;31,841;3,34;7,178;0,66;6,87;1,34;970,5339;1,0;"";"";22,077;2,45;102,326;16,96;"";"";31,173;13,33;54,5;"";"";"";"";"";"";"";"";"";"";"";"";"";"";"";"";"";"";"";"";"";"";"";"";"";"";"";"";"";"";"";"";"";"";"";"";"";"";"";"";"";"";"";"";"";"";"";"";"";"";"";"";"";"";"";"";"";"";"";"";"";"";"";"";""
03.01.2023 18:48:16;1672768096000;880f01e687e2572cea04e80fc6a68085;295826;OK;1829;0;0;0;0;0,05;-10,39;0;0;850;665;"";276,465;41,47;508,106;65,24;20,928;0,92;1,581;0,22;15,454;2,0;0,0;10,0;0,003;10,0;0,074;10,0;147,477;24,37;41,989;14,16;0,682;10,01;0,111;10,0;0,111;10,0;0,0;10,0;1,646;24,545;0,53;31,839;3,34;7,176;0,66;6,864;1,34;970,545;1,0;"";"";22,225;2,44;102,295;16,95;"";"";30,549;13,48;58,1;"";"";"";"";"";"";"";"";"";"";"";"";"";"";"";"";"";"";"";"";"";"";"";"";"";"";"";"";"";"";"";"";"";"";"";"";"";"";"";"";"";"";"";"";"";"";"";"";"";"";"";"";"";"";"";"";"";"";"";"";"";"";"";"";""
03.01.2023 18:50:18;1672768218000;880f01e687e2572cea04e80fc6a68085;295948;OK;1810;0;0;0;0;-0,03;-2,03;0;0;850;663;"";278,298;41,74;509,938;65,3;20,926;0,92;1,581;0,22;15,41;1,99;0,0;10,0;0,032;10,0;0,129;10,0;150,628;24,76;45,376;14,44;0,973;10,05;0,226;10,0;0,226;10,0;0,0;10,0;1,921;24,541;0,53;31,842;3,34;7,174;0,66;6,861;1,34;970,542;1,0;"";"";22,205;2,44;102,333;16,96;"";"";31,884;13,21;55,9;"";"";"";"";"";"";"";"";"";"";"";"";"";"";"";"";"";"";"";"";"";"";"";"";"";"";"";"";"";"";"";"";"";"";"";"";"";"";"";"";"";"";"";"";"";"";"";"";"";"";"";"";"";"";"";"";"";"";"";"";"";"";"";"";""
03.01.2023 18:52:17;1672768337000;880f01e687e2572cea04e80fc6a68085;296067;OK;1820;0;0;0;0;0,05;3,07;0;0;853;666;"";276,396;41,46;509,855;65,3;20,93;0,92;1,581;0,22;15,452;2,0;0,0;10,0;0,003;10,0;0,014;10,0;165,244;26,2;49,773;14,85;0,57;10,01;0,025;10,0;0,025;10,0;0,0;10,0;1,102;24,536;0,53;31,985;3,34;7,205;0,66;6,923;1,33;970,506;1,0;"";"";22,148;2,44;102,344;16,96;"";"";30,67;13,58;53,5;"";"";"";"";"";"";"";"";"";"";"";"";"";"";"";"";"";"";"";"";"";"";"";"";"";"";"";"";"";"";"";"";"";"";"";"";"";"";"";"";"";"";"";"";"";"";"";"";"";"";"";"";"";"";"";"";"";"";"";"";"";"";"";"";""
03.01.2023 18:54:19;1672768459000;880f01e687e2572cea04e80fc6a68085;296188;OK;1851;0;0;0;0;0,16;2,7;0;0;856;668;"";273,282;40,99;509,233;65,28;20,928;0,92;1,58;0,22;15,633;2,01;0,0;10,0;0,0;10,0;0,128;10,0;173,111;26,88;51,753;15,06;1,659;10,09;0,172;10,0;0,172;10,0;0,0;10,0;2,15;24,532;0,53;32,085;3,34;7,226;0,65;6,965;1,33;970,4439;1,0;"";"";22,427;2,43;102,745;16,98;"";"";33,586;12,14;53,9;"";"";"";"";"";"";"";"";"";"";"";"";"";"";"";"";"";"";"";"";"";"";"";"";"";"";"";"";"";"";"";"";"";"";"";"";"";"";"";"";"";"";"";"";"";"";"";"";"";"";"";"";"";"";"";"";"";"";"";"";"";"";"";"";""
03.01.2023 18:56:20;1672768580000;880f01e687e2572cea04e80fc6a68085;296309;OK;1818;0;0;0;0;0,2;0,57;0;0;858;668;"";271,808;40,77;511,104;65,33;20,928;0,92;1,58;0,22;15,688;2,01;0,281;10,0;0,281;10,0;0,295;10,0;198,137;29,36;59,065;15,75;1,141;10,07;0,018;10,0;0,018;10,0;0,0;10,0;1,123;24,528;0,53;32,178;3,33;7,245;0,65;7,004;1,32;970,404;1,0;"";"";22,604;2,42;102,808;16,98;"";"";30,97;13,56;67,6;"";"";"";"";"";"";"";"";"";"";"";"";"";"";"";"";"";"";"";"";"";"";"";"";"";"";"";"";"";"";"";"";"";"";"";"";"";"";"";"";"";"";"";"";"";"";"";"";"";"";"";"";"";"";"";"";"";"";"";"";"";"";"";"";""
03.01.2023 18:58:20;1672768700000;880f01e687e2572cea04e80fc6a68085;296430;OK;1806;0;0;0;0;0,06;-1,68;0;0;856;669;"";269,398;40,41;508,94;65,27;20,927;0,92;1,58;0,22;15,656;2,01;0,038;10,0;0,099;10,0;0,101;10,0;183,235;27,87;54,768;15,31;3,687;10,49;0,002;10,0;0,002;10,0;0,0;10,0;1,105;24,52;0,53;32,08;3,34;7,22;0,65;6,953;1,33;970,42;1,0;"";"";22,635;2,42;102,484;16,96;"";"";31,111;13,44;53,7;"";"";"";"";"";"";"";"";"";"";"";"";"";"";"";"";"";"";"";"";"";"";"";"";"";"";"";"";"";"";"";"";"";"";"";"";"";"";"";"";"";"";"";"";"";"";"";"";"";"";"";"";"";"";"";"";"";"";"";"";"";"";"";"";""
03.01.2023 19:00:22;1672768822000;880f01e687e2572cea04e80fc6a68085;296552;OK;1817;0;0;0;0;-0,05;-12,52;0;0;856;673;"";269,52;40,43;504,673;65,14;20,932;0,92;1,58;0,22;15,671;2,01;0,028;10,0;0,283;10,0;0,424;10,0;196,622;29,14;57,784;15,72;2,334;10,2;0,918;10,0;0,295;10,0;0,0;10,0;2,651;24,514;0,53;32,086;3,34;7,219;0,65;6,95;1,33;970,472;1,0;"";"";22,485;2,43;101,99;16,93;"";"";30,878;13,15;54,5;"";"";"";"";"";"";"";"";"";"";"";"";"";"";"";"";"";"";"";"";"";"";"";"";"";"";"";"";"";"";"";"";"";"";"";"";"";"";"";"";"";"";"";"";"";"";"";"";"";"";"";"";"";"";"";"";"";"";"";"";"";"";"";"";""
03.01.2023 19:02:22;1672768942000;880f01e687e2572cea04e80fc6a68085;296672;OK;1822;0;1;0;0;-0,01;-25,14;0;0;858;677;"";268,821;40,32;502,289;65,07;20,932;0,92;1,579;0,22;15,725;2,01;0,003;10,0;0,088;10,0;0,267;10,0;180,929;27,63;52,907;15,14;2,034;10,08;1,228;10,05;0,221;10,0;0,0;10,0;2,743;24,509;0,53;32,183;3,33;7,238;0,65;6,989;1,32;970,487;1,0;"";"";22,387;2,43;101,756;16,92;"";"";31,028;13,87;54,9;"";"";"";"";"";"";"";"";"";"";"";"";"";"";"";"";"";"";"";"";"";"";"";"";"";"";"";"";"";"";"";"";"";"";"";"";"";"";"";"";"";"";"";"";"";"";"";"";"";"";"";"";"";"";"";"";"";"";"";"";"";"";"";"";""
03.01.2023 19:04:22;1672769062000;880f01e687e2572cea04e80fc6a68085;296792;OK;1829;0;0;0;0;-0,0;-7,84;0;0;856;673;"";271,042;40,66;505,933;65,18;20,932;0,92;1,578;0,22;15,623;2,01;0,0;10,0;0,009;10,0;0,046;10,0;174,377;27,05;48,622;14,8;1,528;10,01;0,131;10,01;0,024;10,0;0,0;10,0;1,341;24,504;0,53;32,07;3,34;7,211;0,65;6,933;1,33;970,479;1,0;"";"";22,29;2,44;101,426;16,9;"";"";31,113;13,46;56,0;"";"";"";"";"";"";"";"";"";"";"";"";"";"";"";"";"";"";"";"";"";"";"";"";"";"";"";"";"";"";"";"";"";"";"";"";"";"";"";"";"";"";"";"";"";"";"";"";"";"";"";"";"";"";"";"";"";"";"";"";"";"";"";"";""
03.01.2023 19:06:24;1672769184000;880f01e687e2572cea04e80fc6a68085;296914;OK;1814;0;0;0;0;-0,07;7,2;0;0;855;671;"";268,908;40,34;506,844;65,21;20,933;0,92;1,578;0,22;15,477;2,0;0,044;10,0;0,045;10,0;0,048;10,0;167,585;26,35;49,657;14,89;1,119;10,0;0,014;10,0;0,002;10,0;0,0;10,0;1,035;24,502;0,53;32,043;3,34;7,204;0,65;6,92;1,33;970,459;1,0;"";"";22,035;2,45;100,402;16,85;"";"";30,94;12,89;53,9;"";"";"";"";"";"";"";"";"";"";"";"";"";"";"";"";"";"";"";"";"";"";"";"";"";"";"";"";"";"";"";"";"";"";"";"";"";"";"";"";"";"";"";"";"";"";"";"";"";"";"";"";"";"";"";"";"";"";"";"";"";"";"";"";""
03.01.2023 19:08:24;1672769304000;880f01e687e2572cea04e80fc6a68085;297034;OK;1812;0;0;0;0;-0,06;6,88;0;0;856;674;"";265,496;39,82;504,775;65,14;20,93;0,92;1,578;0,22;15,436;2,0;0,005;10,0;0,005;10,0;0,939;10,0;168,569;26,46;51,943;15,11;3,628;10,4;1,342;10,02;1,341;10,02;0,0;10,0;7,605;24,5;0,53;32,085;3,34;7,213;0,65;6,937;1,33;970,435;1,0;"";"";21,914;2,45;99,921;16,82;"";"";31,567;13,4;55,3;"";"";"";"";"";"";"";"";"";"";"";"";"";"";"";"";"";"";"";"";"";"";"";"";"";"";"";"";"";"";"";"";"";"";"";"";"";"";"";"";"";"";"";"";"";"";"";"";"";"";"";"";"";"";"";"";"";"";"";"";"";"";"";"";""
03.01.2023 19:10:24;1672769424000;880f01e687e2572cea04e80fc6a68085;297153;OK;1839;0;0;0;0;0,03;-0,15;0;0;856;673;"";266,12;39,92;506,498;65,19001;20,933;0,92;1,579;0,22;15,462;2,0;0,001;10,0;0,001;10,0;0,115;10,0;163,184;26,0;46,328;14,48;1,845;10,2;0,148;10,0;0,148;10,0;0,0;10,0;1,836;24,496;0,53;32,104;3,34;7,215;0,65;6,942;1,33;970,4169;1,0;"";"";21,98;2,45;99,47001;16,8;"";"";31,933;12,92;56,7;"";"";"";"";"";"";"";"";"";"";"";"";"";"";"";"";"";"";"";"";"";"";"";"";"";"";"";"";"";"";"";"";"";"";"";"";"";"";"";"";"";"";"";"";"";"";"";"";"";"";"";"";"";"";"";"";"";"";"";"";"";"";"";"";""
03.01.2023 19:12:25;1672769545000;880f01e687e2572cea04e80fc6a68085;297274;OK;1838;0;0;0;0;0,06;-5,41;0;0;857;675;"";262,988;39,45;503,964;65,12001;20,933;0,92;1,578;0,22;15,497;2,0;0,051;10,0;0,063;10,0;0,362;10,0;196,965;29,25;59,243;15,79;3,151;10,39;0,85;10,0;0,85;10,0;0,0;10,0;3,689;24,492;0,53;32,115;3,34;7,216;0,65;6,944;1,33;970,4249;1,0;"";"";22,026;2,45;99,343;16,79;"";"";33,556;12,22;54,2;"";"";"";"";"";"";"";"";"";"";"";"";"";"";"";"";"";"";"";"";"";"";"";"";"";"";"";"";"";"";"";"";"";"";"";"";"";"";"";"";"";"";"";"";"";"";"";"";"";"";"";"";"";"";"";"";"";"";"";"";"";"";"";"";""
03.01.2023 19:14:24;1672769664000;880f01e687e2572cea04e80fc6a68085;297394;OK;1825;0;0;0;0;-0,04;-7,17;0;0;855;674;"";263,406;39,51;503,929;65,12001;20,933;0,92;1,578;0,22;15,432;2,0;0,07;10,0;0,502;10,0;0,748;10,0;234,157;32,88;70,704;16,93;6,9;10,71;0,343;10,0;0,343;10,0;0,0;10,0;3,649;24,485;0,53;32,034;3,34;7,195;0,65;6,901;1,33;970,418;1,0;"";"";21,932;2,45;98,875;16,77;"";"";32,443;12,86;54,6;"";"";"";"";"";"";"";"";"";"";"";"";"";"";"";"";"";"";"";"";"";"";"";"";"";"";"";"";"";"";"";"";"";"";"";"";"";"";"";"";"";"";"";"";"";"";"";"";"";"";"";"";"";"";"";"";"";"";"";"";"";"";"";"";""
03.01.2023 19:16:24;1672769784000;880f01e687e2572cea04e80fc6a68085;297514;OK;1829;0;0;0;0;-0,05;-4,24;0;0;856;674;"";267,566;40,13;505,029;65,15;20,933;0,92;1,578;0,22;15,412;1,99;0,29;10,0;0,474;10,0;0,534;10,0;255,24;34,92;76,767;17,51;5,286;10,58;0,137;10,0;0,137;10,0;0,0;10,0;1,64;24,482;0,53;32,084;3,34;7,205;0,65;6,921;1,33;970,404;1,0;"";"";21,801;2,46;98,32801;16,74;"";"";30,744;13,16;54,3;"";"";"";"";"";"";"";"";"";"";"";"";"";"";"";"";"";"";"";"";"";"";"";"";"";"";"";"";"";"";"";"";"";"";"";"";"";"";"";"";"";"";"";"";"";"";"";"";"";"";"";"";"";"";"";"";"";"";"";"";"";"";"";"";""
03.01.2023 19:18:26;1672769906000;880f01e687e2572cea04e80fc6a68085;297635;OK;1829;0;0;0;0;-0,1;0,26;0;0;853;675;"";262,454;39,37;503,283;65,1;20,933;0,92;1,578;0,22;15,412;1,99;0,486;10,0;0,657;10,0;0,989;10,0;227,97;32,3;69,795;16,83;3,895;10,48;0,464;10,0;0,464;10,0;0,0;10,0;3,311;24,473;0,53;31,988;3,34;7,18;0,65;6,87;1,33;970,411;1,0;"";"";21,752;2,46;97,459;16,69;"";"";30,991;13,23;54,2;"";"";"";"";"";"";"";"";"";"";"";"";"";"";"";"";"";"";"";"";"";"";"";"";"";"";"";"";"";"";"";"";"";"";"";"";"";"";"";"";"";"";"";"";"";"";"";"";"";"";"";"";"";"";"";"";"";"";"";"";"";"";"";"";""
03.01.2023 19:20:27;1672770027000;880f01e687e2572cea04e80fc6a68085;297757;OK;1823;0;0;0;0;-0,09;-10,01;0;0;853;678;"";261,05;39,16;499,629;64,99;20,932;0,92;1,578;0,22;15,33;1,99;0,182;10,0;0,204;10,0;0,239;10,0;206,803;30,22;63,07;16,19;1,832;10,18;0,05;10,0;0,05;10,0;0,0;10,0;1,252;24,468;0,53;31,973;3,34;7,174;0,65;6,858;1,33;970,45;1,0;"";"";21,592;2,47;96,771;16,65;"";"";32,977;12,15;53,3;"";"";"";"";"";"";"";"";"";"";"";"";"";"";"";"";"";"";"";"";"";"";"";"";"";"";"";"";"";"";"";"";"";"";"";"";"";"";"";"";"";"";"";"";"";"";"";"";"";"";"";"";"";"";"";"";"";"";"";"";"";"";"";"";""
03.01.2023 19:22:25;1672770145000;880f01e687e2572cea04e80fc6a68085;297875;OK;1841;0;0;0;0;-0,09;-13,2;0;0;853;677;"";259,938;38,99;500,929;65,03;20,931;0,92;1,578;0,22;15,333;1,99;0,699;10,0;0,728;10,0;1,012;10,0;266,929;36,07;77,887;17,61;2,316;10,29;0,38;10,0;0,38;10,0;0,0;10,0;2,326;24,463;0,53;31,971;3,34;7,172;0,65;6,853;1,33;970,48;1,0;"";"";21,439;2,48;96,538;16,64;"";"";33,312;12,17;53,3;"";"";"";"";"";"";"";"";"";"";"";"";"";"";"";"";"";"";"";"";"";"";"";"";"";"";"";"";"";"";"";"";"";"";"";"";"";"";"";"";"";"";"";"";"";"";"";"";"";"";"";"";"";"";"";"";"";"";"";"";"";"";"";"";""
03.01.2023 19:24:27;1672770267000;880f01e687e2572cea04e80fc6a68085;297996;OK;1822;0;0;0;0;0,0;-3,42;0;0;854;676;"";259,814;38,97;502,536;65,08;20,93;0,92;1,578;0,22;15,344;1,99;0,55;10,0;0,562;10,0;0,728;10,0;242,931;33,75;73,478;17,13;1,405;10,11;0,222;10,0;0,222;10,0;0,0;10,0;1,758;24,457;0,53;32,028;3,34;7,182;0,65;6,873;1,33;970,4969;1,0;"";"";21,496;2,48;96,226;16,62;"";"";31,431;13,21;56,9;"";"";"";"";"";"";"";"";"";"";"";"";"";"";"";"";"";"";"";"";"";"";"";"";"";"";"";"";"";"";"";"";"";"";"";"";"";"";"";"";"";"";"";"";"";"";"";"";"";"";"";"";"";"";"";"";"";"";"";"";"";"";"";"";""
03.01.2023 19:26:28;1672770388000;880f01e687e2572cea04e80fc6a68085;298118;OK;1822;0;0;0;0;0,09;-0,89;0;0;858;682;"";260,808;39,12;499,181;64,98001;20,929;0,92;1,578;0,22;15,47;2,0;0,136;10,0;0,137;10,0;0,155;10,0;192,216;28,76;54,09;15,27;2,027;10,25;0,024;10,0;0,024;10,0;0,0;10,0;1,081;24,453;0,53;32,161;3,33;7,211;0,65;6,931;1,33;970,498;1,0;"";"";21,746;2,46;96,446;16,63;"";"";30,738;13,46;53,9;"";"";"";"";"";"";"";"";"";"";"";"";"";"";"";"";"";"";"";"";"";"";"";"";"";"";"";"";"";"";"";"";"";"";"";"";"";"";"";"";"";"";"";"";"";"";"";"";"";"";"";"";"";"";"";"";"";"";"";"";"";"";"";"";""
03.01.2023 19:28:28;1672770508000;880f01e687e2572cea04e80fc6a68085;298237;OK;1831;0;0;0;0;0,08;-6,31;0;0;856;680;"";262,275;39,34;499,573;64,99;20,929;0,92;1,579;0,22;15,624;2,01;0,439;10,0;0,44;10,0;0,653;10,0;233,82;32,89;70,161;16,87;1,735;10,18;0,636;10,0;0,003;10,0;0,0;10,0;1,96;24,448;0,53;32,101;3,34;7,195;0,65;6,899;1,33;970,52;1,0;"";"";21,757;2,46;96,491;16,64;"";"";30,978;13,43;52,7;"";"";"";"";"";"";"";"";"";"";"";"";"";"";"";"";"";"";"";"";"";"";"";"";"";"";"";"";"";"";"";"";"";"";"";"";"";"";"";"";"";"";"";"";"";"";"";"";"";"";"";"";"";"";"";"";"";"";"";"";"";"";"";"";""
03.01.2023 19:30:28;1672770628000;880f01e687e2572cea04e80fc6a68085;298358;OK;1828;0;0;0;0;0,07;5,03;0;0;858;678;"";262,831;39,42;503,658;65,11;20,928;0,92;1,579;0,22;15,661;2,01;0,299;10,0;0,528;10,0;0,916;10,0;222,587;31,71;66,881;16,57;5,763;10,53;1,569;10,1;0,846;10,0;0,0;10,0;3,903;24,445;0,53;32,166;3,33;7,208;0,65;6,926;1,32;970,5359;1,0;"";"";21,896;2,46;96,796;16,65;"";"";31,763;13,33;54,0;"";"";"";"";"";"";"";"";"";"";"";"";"";"";"";"";"";"";"";"";"";"";"";"";"";"";"";"";"";"";"";"";"";"";"";"";"";"";"";"";"";"";"";"";"";"";"";"";"";"";"";"";"";"";"";"";"";"";"";"";"";"";"";"";""
03.01.2023 19:32:28;1672770748000;880f01e687e2572cea04e80fc6a68085;298478;OK;1819;0;0;0;0;-0,07;13,49;0;0;854;676;"";260,312;39,05;503,508;65,11;20,929;0,92;1,579;0,22;15,588;2,0;0,437;10,0;0,616;10,0;0,734;10,0;223,434;31,85;65,082;16,41;2,621;10,25;0,633;10,02;0,176;10,0;0,0;10,0;2,035;24,44;0,53;32,012;3,34;7,172;0,65;6,852;1,33;970,55;1,0;"";"";21,729;2,46;96,315;16,63;"";"";31,668;12,92;58,0;"";"";"";"";"";"";"";"";"";"";"";"";"";"";"";"";"";"";"";"";"";"";"";"";"";"";"";"";"";"";"";"";"";"";"";"";"";"";"";"";"";"";"";"";"";"";"";"";"";"";"";"";"";"";"";"";"";"";"";"";"";"";"";"";""
03.01.2023 19:34:29;1672770869000;880f01e687e2572cea04e80fc6a68085;298599;OK;1818;0;0;0;0;-0,1;6,37;0;0;854;677;"";258,532;38,78;502,497;65,07;20,931;0,92;1,579;0,22;15,441;2,0;0,342;10,0;0,361;10,0;0,662;10,0;222,943;31,84;66,833;16,55;2,652;10,26;0,856;10,0;0,808;10,0;0,789;10,0;2,408;24,435;0,53;31,997;3,34;7,167;0,65;6,841;1,33;970,559;1,0;"";"";21,531;2,47;95,68;16,59;"";"";30,299;13,79;54,2;"";"";"";"";"";"";"";"";"";"";"";"";"";"";"";"";"";"";"";"";"";"";"";"";"";"";"";"";"";"";"";"";"";"";"";"";"";"";"";"";"";"";"";"";"";"";"";"";"";"";"";"";"";"";"";"";"";"";"";"";"";"";"";"";""
03.01.2023 19:36:30;1672770990000;880f01e687e2572cea04e80fc6a68085;298719;OK;1830;0;0;0;0;-0,11;-3,71;0;0;854;677;"";258,655;38,8;502,143;65,06;20,929;0,92;1,579;0,22;15,429;2,0;0,46;10,0;0,631;10,0;0,885;10,0;267,749;36,08;78,428;17,7;5,656;10,52;0,57;10,0;0,565;10,0;0,095;10,0;2,388;24,431;0,53;32,009;3,34;7,168;0,65;6,843;1,33;970,548;1,0;"";"";21,423;2,48;95,233;16,57;"";"";31,589;13,01;57,0;"";"";"";"";"";"";"";"";"";"";"";"";"";"";"";"";"";"";"";"";"";"";"";"";"";"";"";"";"";"";"";"";"";"";"";"";"";"";"";"";"";"";"";"";"";"";"";"";"";"";"";"";"";"";"";"";"";"";"";"";"";"";"";"";""
03.01.2023 19:38:30;1672771110000;880f01e687e2572cea04e80fc6a68085;298840;OK;1824;0;0;0;0;-0,03;-4,05;0;0;853;678;"";258,059;38,71;500,762;65,02;20,928;0,92;1,58;0,22;15,483;2,0;0,189;10,0;0,241;10,0;0,557;10,0;223,98;31,83;66,405;16,51;4,548;10,55;0,778;10,0;0,777;10,0;0,01;10,0;3,305;24,428;0,53;31,977;3,34;7,159;0,65;6,825;1,33;970,5259;1,0;"";"";21,402;2,48;94,824;16,55;"";"";31,616;12,84;56,6;"";"";"";"";"";"";"";"";"";"";"";"";"";"";"";"";"";"";"";"";"";"";"";"";"";"";"";"";"";"";"";"";"";"";"";"";"";"";"";"";"";"";"";"";"";"";"";"";"";"";"";"";"";"";"";"";"";"";"";"";"";"";"";"";""
03.01.2023 19:40:30;1672771230000;880f01e687e2572cea04e80fc6a68085;298960;OK;1812;0;0;0;0;0,03;-8,16;0;0;855;680;"";257,553;38,63;499,977;65,0;20,932;0,92;1,58;0,22;15,53;2,0;0,323;10,0;0,333;10,0;0,84;10,0;254,571;34,91;72,581;17,1;2,019;10,24;0,886;10,0;0,886;10,0;0,001;10,0;4,568;24,422;0,53;32,059;3,34;7,175;0,65;6,857;1,33;970,5029;1,0;"";"";21,542;2,47;94,58899;16,53;"";"";31,375;12,85;54,5;"";"";"";"";"";"";"";"";"";"";"";"";"";"";"";"";"";"";"";"";"";"";"";"";"";"";"";"";"";"";"";"";"";"";"";"";"";"";"";"";"";"";"";"";"";"";"";"";"";"";"";"";"";"";"";"";"";"";"";"";"";"";"";"";""
03.01.2023 19:42:32;1672771352000;880f01e687e2572cea04e80fc6a68085;299082;OK;1816;0;0;0;0;-0,02;-4,14;0;0;853;678;"";257,01;38,55;501,702;65,05001;20,935;0,92;1,578;0,22;15,555;2,0;0,332;10,0;0,432;10,0;0,484;10,0;287,83;38,16;86,55601;18,47;3,189;10,24;0,09099999;10,0;0,09099999;10,0;0,0;10,0;1,517;24,418;0,53;31,982;3,34;7,156;0,65;6,819;1,33;970,48;1,0;"";"";21,482;2,48;94,12601;16,51;"";"";30,728;13,12;53,8;"";"";"";"";"";"";"";"";"";"";"";"";"";"";"";"";"";"";"";"";"";"";"";"";"";"";"";"";"";"";"";"";"";"";"";"";"";"";"";"";"";"";"";"";"";"";"";"";"";"";"";"";"";"";"";"";"";"";"";"";"";"";"";"";""
03.01.2023 19:44:32;1672771472000;880f01e687e2572cea04e80fc6a68085;299202;OK;1837;0;0;0;0;-0,04;2,89;0;0;853;678;"";255,862;38,38;501,401;65,04;20,93;0,92;1,579;0,22;15,581;2,0;0,302;10,0;0,504;10,0;0,542;10,0;259,733;35,35;79,041;17,71;4,022;10,34;0,16;10,0;0,16;10,0;0,0;10,0;1,476;24,414;0,53;31,975;3,34;7,153;0,65;6,812;1,33;970,474;1,0;"";"";21,381;2,48;93,638;16,48;"";"";31,602;12,98;53,4;"";"";"";"";"";"";"";"";"";"";"";"";"";"";"";"";"";"";"";"";"";"";"";"";"";"";"";"";"";"";"";"";"";"";"";"";"";"";"";"";"";"";"";"";"";"";"";"";"";"";"";"";"";"";"";"";"";"";"";"";"";"";"";"";""
03.01.2023 19:46:32;1672771592000;880f01e687e2572cea04e80fc6a68085;299321;OK;1832;0;0;0;0;-0,07;8,59;0;0;853;678;"";256,383;38,46;501,838;65,06;20,927;0,92;1,579;0,22;15,568;2,0;0,768;10,0;0,79;10,0;1,213;10,0;273,404;36,74;83,891;18,21;7,333;10,71;0,64;10,0;0,018;10,0;0,0;10,0;2,936;24,411;0,53;31,974;3,34;7,152;0,65;6,809;1,33;970,502;1,0;"";"";21,363;2,48;93,366;16,47;"";"";33,114;12,43;57,1;"";"";"";"";"";"";"";"";"";"";"";"";"";"";"";"";"";"";"";"";"";"";"";"";"";"";"";"";"";"";"";"";"";"";"";"";"";"";"";"";"";"";"";"";"";"";"";"";"";"";"";"";"";"";"";"";"";"";"";"";"";"";"";"";""
03.01.2023 19:48:32;1672771712000;880f01e687e2572cea04e80fc6a68085;299441;OK;1856;0;0;0;0;-0,01;-3,1;0;0;853;679;"";255,993;38,4;500,641;65,02;20,934;0,92;1,579;0,22;15,597;2,0;0,458;10,0;0,699;10,0;1,047;10,0;268,621;36,25;80,052;17,9;4,501;10,32;0,471;10,0;0,402;10,0;0,0;10,0;3,168;24,405;0,53;31,974;3,34;7,149;0,65;6,804;1,33;970,5259;1,0;"";"";21,401;2,48;92,979;16,45;"";"";32,895;12,67;56,7;"";"";"";"";"";"";"";"";"";"";"";"";"";"";"";"";"";"";"";"";"";"";"";"";"";"";"";"";"";"";"";"";"";"";"";"";"";"";"";"";"";"";"";"";"";"";"";"";"";"";"";"";"";"";"";"";"";"";"";"";"";"";"";"";""
03.01.2023 19:50:32;1672771832000;880f01e687e2572cea04e80fc6a68085;299562;OK;1820;0;0;0;0;-0,01;-7,39;0;0;853;681;"";256,827;38,52;499,102;64,97;20,931;0,92;1,579;0,22;15,673;2,01;0,715;10,0;0,763;10,0;1,024;10,0;274,633;36,83;83,09501;18,22;2,62;10,16;0,407;10,0;0,169;10,0;0,0;10,0;2,166;24,403;0,53;31,983;3,34;7,15;0,65;6,806;1,33;970,542;1,0;"";"";21,437;2,48;93,018;16,45;"";"";30,585;13,43;53,6;"";"";"";"";"";"";"";"";"";"";"";"";"";"";"";"";"";"";"";"";"";"";"";"";"";"";"";"";"";"";"";"";"";"";"";"";"";"";"";"";"";"";"";"";"";"";"";"";"";"";"";"";"";"";"";"";"";"";"";"";"";"";"";"";""
03.01.2023 19:52:33;1672771953000;880f01e687e2572cea04e80fc6a68085;299683;OK;1815;0;0;0;0;-0,01;-9,11;0;0;853;681;"";257,978;38,7;498,704;64,96;20,929;0,92;1,579;0,22;15,745;2,01;0,776;10,0;0,795;10,0;0,823;10,0;279,946;37,31;82,77301;18,1;1,869;10,17;0,043;10,0;0,018;10,0;0,0;10,0;1,139;24,398;0,53;31,982;3,34;7,148;0,65;6,801;1,33;970,558;1,0;"";"";21,545;2,47;92,942;16,44;"";"";30,888;13,63;57,2;"";"";"";"";"";"";"";"";"";"";"";"";"";"";"";"";"";"";"";"";"";"";"";"";"";"";"";"";"";"";"";"";"";"";"";"";"";"";"";"";"";"";"";"";"";"";"";"";"";"";"";"";"";"";"";"";"";"";"";"";"";"";"";"";""
03.01.2023 19:54:34;1672772074000;880f01e687e2572cea04e80fc6a68085;299803;OK;1843;0;0;0;0;-0,02;-4,52;0;0;853;682;"";254,541;38,18;497,852;64,94;20,932;0,92;1,579;0,22;15,766;2,01;0,487;10,0;0,495;10,0;0,498;10,0;298,19;39,13;92,074;19,02;3,682;10,5;0,105;10,0;0,002;10,0;0,0;10,0;1,024;24,391;0,53;31,959;3,34;7,14;0,65;6,784;1,34;970,545;1,0;"";"";21,571;2,47;92,76401;16,43;"";"";32,076;12,58;56,9;"";"";"";"";"";"";"";"";"";"";"";"";"";"";"";"";"";"";"";"";"";"";"";"";"";"";"";"";"";"";"";"";"";"";"";"";"";"";"";"";"";"";"";"";"";"";"";"";"";"";"";"";"";"";"";"";"";"";"";"";"";"";"";"";""
03.01.2023 19:56:35;1672772195000;880f01e687e2572cea04e80fc6a68085;299924;OK;1823;0;0;0;0;-0,03;-3,97;0;0;853;682;"";252,865;37,93;497,946;64,94;20,933;0,92;1,579;0,22;15,744;2,01;0,219;10,0;0,261;10,0;0,841;10,0;266,735;36,0;80,463;17,86;3,394;10,25;1,143;10,0;0,857;10,0;0,338;10,0;5,28;24,387;0,53;31,988;3,34;7,145;0,65;6,794;1,33;970,528;1,0;"";"";21,586;2,47;92,531;16,42;"";"";32,087;12,8;53,9;"";"";"";"";"";"";"";"";"";"";"";"";"";"";"";"";"";"";"";"";"";"";"";"";"";"";"";"";"";"";"";"";"";"";"";"";"";"";"";"";"";"";"";"";"";"";"";"";"";"";"";"";"";"";"";"";"";"";"";"";"";"";"";"";""
03.01.2023 19:58:36;1672772316000;880f01e687e2572cea04e80fc6a68085;300045;OK;1824;0;0;0;0;0,01;-3,78;0;0;854;682;"";251,366;37,7;498,184;64,95;20,932;0,92;1,579;0,22;15,881;2,02;0,484;10,0;0,53;10,0;0,696;10,0;309,206;40,2;92,894;18,99;4,476;10,59;0,244;10,0;0,214;10,0;0,036;10,0;2,396;24,387;0,53;32,012;3,34;7,15;0,65;6,805;1,33;970,5339;1,0;"";"";21,689;2,47;92,68001;16,43;"";"";31,895;13,11;54,2;"";"";"";"";"";"";"";"";"";"";"";"";"";"";"";"";"";"";"";"";"";"";"";"";"";"";"";"";"";"";"";"";"";"";"";"";"";"";"";"";"";"";"";"";"";"";"";"";"";"";"";"";"";"";"";"";"";"";"";"";"";"";"";"";""
03.01.2023 20:00:37;1672772437000;880f01e687e2572cea04e80fc6a68085;300166;OK;1825;0;0;0;0;0,0;0,04;0;0;853;682;"";252,309;37,85;497,934;64,94;20,931;0,92;1,579;0,22;15,949;2,02;0,75;10,0;0,761;10,0;0,778;10,0;284,496;37,84;86,735;18,48;4,298;10,55;0,026;10,0;0,023;10,0;0,004;10,0;1,157;24,383;0,53;31,979;3,34;7,141;0,65;6,786;1,33;970,548;1,0;"";"";21,693;2,47;92,516;16,42;"";"";31,705;13,16;54,6;"";"";"";"";"";"";"";"";"";"";"";"";"";"";"";"";"";"";"";"";"";"";"";"";"";"";"";"";"";"";"";"";"";"";"";"";"";"";"";"";"";"";"";"";"";"";"";"";"";"";"";"";"";"";"";"";"";"";"";"";"";"";"";"";""
03.01.2023 20:02:37;1672772557000;880f01e687e2572cea04e80fc6a68085;300286;OK;1824;0;0;0;0;0,03;-0,06;0;0;856;684;"";251,065;37,66;497,786;64,93;20,933;0,92;1,58;0,22;16,007;2,03;0,858;10,0;0,887;10,0;1,445;10,0;273,782;36,75;80,142;17,84;3,267;10,28;1,053;10,0;0,935;10,0;0,0;10,0;3,669;24,38;0,53;32,081;3,34;7,163;0,65;6,83;1,33;970,5629;1,0;"";"";21,733;2,46;92,6;16,42;"";"";31,57;13,36;54,6;"";"";"";"";"";"";"";"";"";"";"";"";"";"";"";"";"";"";"";"";"";"";"";"";"";"";"";"";"";"";"";"";"";"";"";"";"";"";"";"";"";"";"";"";"";"";"";"";"";"";"";"";"";"";"";"";"";"";"";"";"";"";"";"";""
03.01.2023 20:04:37;1672772677000;880f01e687e2572cea04e80fc6a68085;300406;OK;1813;0;0;0;0;0,04;-3,06;0;0;856;685;"";253,07;37,96;496,777;64,9;20,932;0,92;1,58;0,22;16,06;2,03;0,472;10,0;0,475;10,0;1,005;10,0;308,005;40,04;93,069;19,11;3,867;10,44;0,716;10,0;0,703;10,0;0,0;10,0;4,009;24,377;0,53;32,095;3,34;7,165;0,65;6,834;1,33;970,568;1,0;"";"";21,911;2,46;92,77201;16,43;"";"";31,987;12,82;58,1;"";"";"";"";"";"";"";"";"";"";"";"";"";"";"";"";"";"";"";"";"";"";"";"";"";"";"";"";"";"";"";"";"";"";"";"";"";"";"";"";"";"";"";"";"";"";"";"";"";"";"";"";"";"";"";"";"";"";"";"";"";"";"";"";""
03.01.2023 20:06:37;1672772797000;880f01e687e2572cea04e80fc6a68085;300527;OK;1832;0;0;0;0;0,05;-0,55;0;0;856;683;"";255,368;38,31;499,257;64,98001;20,926;0,92;1,58;0,22;16,094;2,03;0,763;10,0;0,81;10,0;1,239;10,0;296,357;38,99;88,904;18,73;3,602;10,33;0,551;10,0;0,549;10,0;0,0;10,0;3,044;24,372;0,53;32,096;3,34;7,163;0,65;6,83;1,33;970,562;1,0;"";"";21,958;2,45;92,72201;16,43;"";"";32,202;12,74;66,1;"";"";"";"";"";"";"";"";"";"";"";"";"";"";"";"";"";"";"";"";"";"";"";"";"";"";"";"";"";"";"";"";"";"";"";"";"";"";"";"";"";"";"";"";"";"";"";"";"";"";"";"";"";"";"";"";"";"";"";"";"";"";"";"";""
03.01.2023 20:08:37;1672772917000;880f01e687e2572cea04e80fc6a68085;300647;OK;1815;0;0;0;0;-0,05;5,58;0;0;854;681;"";250,768;37,62;499,934;65,0;20,93;0,92;1,579;0,22;16,103;2,03;0,8349999;10,0;0,84;10,0;1,012;10,0;300,951;39,4;87,322;18,57;2,946;10,33;0,439;10,0;0,439;10,0;0,0;10,0;1,939;24,369;0,53;32,014;3,34;7,144;0,65;6,79;1,33;970,533;1,0;"";"";21,936;2,45;92,403;16,41;"";"";30,509;13,62;54,4;"";"";"";"";"";"";"";"";"";"";"";"";"";"";"";"";"";"";"";"";"";"";"";"";"";"";"";"";"";"";"";"";"";"";"";"";"";"";"";"";"";"";"";"";"";"";"";"";"";"";"";"";"";"";"";"";"";"";"";"";"";"";"";"";""
03.01.2023 20:10:38;1672773038000;880f01e687e2572cea04e80fc6a68085;300768;OK;1824;0;0;0;0;-0,1;4,34;0;0;853;681;"";250,307;37,55;499,293;64,98001;20,932;0,92;1,58;0,22;16,024;2,03;0,879;10,0;0,879;10,0;0,963;10,0;286,633;38,02;86,987;18,46;2,357;10,15;0,106;10,0;0,106;10,0;0,0;10,0;1,565;24,364;0,53;31,98;3,34;7,134;0,65;6,771;1,33;970,513;1,0;"";"";21,849;2,46;91,809;16,38;"";"";29,857;14,08;57,1;"";"";"";"";"";"";"";"";"";"";"";"";"";"";"";"";"";"";"";"";"";"";"";"";"";"";"";"";"";"";"";"";"";"";"";"";"";"";"";"";"";"";"";"";"";"";"";"";"";"";"";"";"";"";"";"";"";"";"";"";"";"";"";"";""
03.01.2023 20:12:39;1672773159000;880f01e687e2572cea04e80fc6a68085;300890;OK;1808;0;0;0;0;-0,09;-6,5;0;0;853;683;"";251,275;37,69;497,462;64,92;20,931;0,92;1,58;0,22;16,058;2,03;0,8809999;10,0;0,8809999;10,0;0,89;10,0;331,609;42,4;99,69001;19,77;3,046;10,3;0,011;10,0;0,011;10,0;0,0;10,0;1,058;24,36;0,53;31,977;3,34;7,132;0,65;6,766;1,33;970,535;1,0;"";"";21,722;2,46;91,279;16,35;"";"";30,822;13,2;57,0;"";"";"";"";"";"";"";"";"";"";"";"";"";"";"";"";"";"";"";"";"";"";"";"";"";"";"";"";"";"";"";"";"";"";"";"";"";"";"";"";"";"";"";"";"";"";"";"";"";"";"";"";"";"";"";"";"";"";"";"";"";"";"";"";""
03.01.2023 20:14:38;1672773278000;880f01e687e2572cea04e80fc6a68085;301008;OK;1821;0;0;0;0;-0,04;-11,15;0;0;853;685;"";250,0;37,5;495,973;64,88;20,931;0,92;1,579;0,22;16,1;2,03;0,797;10,0;0,797;10,0;0,954;10,0;305,823;39,83;92,979;19,09;3,376;10,32;0,469;10,0;0,469;10,0;0,0;10,0;1,708;24,357;0,53;31,977;3,34;7,13;0,65;6,763;1,33;970,572;1,0;"";"";21,762;2,46;91,111;16,34;"";"";29,481;14,21;53,7;"";"";"";"";"";"";"";"";"";"";"";"";"";"";"";"";"";"";"";"";"";"";"";"";"";"";"";"";"";"";"";"";"";"";"";"";"";"";"";"";"";"";"";"";"";"";"";"";"";"";"";"";"";"";"";"";"";"";"";"";"";"";"";"";""
03.01.2023 20:16:40;1672773400000;880f01e687e2572cea04e80fc6a68085;301129;OK;1837;0;0;0;0;-0,01;-4,93;0;0;853;684;"";249,46;37,42;496,791;64,9;20,929;0,92;1,579;0,22;16,082;2,03;0,793;10,0;0,793;10,0;0,8690001;10,0;298,801;39,24;89,099;18,7;1,578;10,13;0,09700001;10,0;0,09700001;10,0;0,0;10,0;1,381;24,351;0,53;31,977;3,34;7,128;0,65;6,758;1,33;970,588;1,0;"";"";21,795;2,46;90,944;16,33;"";"";31,178;13,23;54,8;"";"";"";"";"";"";"";"";"";"";"";"";"";"";"";"";"";"";"";"";"";"";"";"";"";"";"";"";"";"";"";"";"";"";"";"";"";"";"";"";"";"";"";"";"";"";"";"";"";"";"";"";"";"";"";"";"";"";"";"";"";"";"";"";""
03.01.2023 20:18:40;1672773520000;880f01e687e2572cea04e80fc6a68085;301250;OK;1825;0;0;0;0;-0,01;-5,07;0;0;853;687;"";251,793;37,77;493,861;64,82;20,929;0,92;1,58;0,22;16,07;2,03;0,884;10,0;0,884;10,0;1,588;10,0;320,91;41,39;96,211;19,37;2,57;10,23;1,398;10,0;1,398;10,0;0,0;10,0;3,581;24,348;0,53;31,977;3,34;7,127;0,65;6,756;1,33;970,586;1,0;"";"";21,78;2,46;90,564;16,31;"";"";31,904;13,38;54,6;"";"";"";"";"";"";"";"";"";"";"";"";"";"";"";"";"";"";"";"";"";"";"";"";"";"";"";"";"";"";"";"";"";"";"";"";"";"";"";"";"";"";"";"";"";"";"";"";"";"";"";"";"";"";"";"";"";"";"";"";"";"";"";"";""
03.01.2023 20:20:41;1672773641000;880f01e687e2572cea04e80fc6a68085;301370;OK;1824;0;0;0;0;-0,01;-8,26;0;0;853;687;"";254,059;38,11;493,578;64,81;20,929;0,92;1,58;0,22;16,116;2,03;0,79;10,0;0,79;10,0;1,282;10,0;330,573;42,34;99,81;19,81;2,958;10,22;1,036;10,0;0,886;10,0;0,737;10,0;3,537;24,345;0,53;31,978;3,34;7,126;0,65;6,753;1,33;970,5729;1,0;"";"";21,77;2,46;90,63701;16,31;"";"";32,22;13,03;53,5;"";"";"";"";"";"";"";"";"";"";"";"";"";"";"";"";"";"";"";"";"";"";"";"";"";"";"";"";"";"";"";"";"";"";"";"";"";"";"";"";"";"";"";"";"";"";"";"";"";"";"";"";"";"";"";"";"";"";"";"";"";"";"";"";""
03.01.2023 20:22:39;1672773759000;880f01e687e2572cea04e80fc6a68085;301489;OK;1826;0;0;0;0;-0,01;-10,68;0;0;853;687;"";251,28;37,69;493,458;64,8;20,929;0,92;1,58;0,22;16,185;2,04;0,715;10,0;0,763;10,0;1,204;10,0;277,569;37,17;83,54;18,1;2,088;10,22;0,526;10,0;0,509;10,0;0,081;10,0;3,203;24,344;0,53;31,978;3,34;7,125;0,65;6,752;1,33;970,558;1,0;"";"";21,95;2,45;90,68801;16,32;"";"";31,987;13,1;58,8;"";"";"";"";"";"";"";"";"";"";"";"";"";"";"";"";"";"";"";"";"";"";"";"";"";"";"";"";"";"";"";"";"";"";"";"";"";"";"";"";"";"";"";"";"";"";"";"";"";"";"";"";"";"";"";"";"";"";"";"";"";"";"";"";""
03.01.2023 20:24:41;1672773881000;880f01e687e2572cea04e80fc6a68085;301610;OK;1843;0;0;0;0;-0,01;1,27;0;0;853;686;"";250,75;37,61;494,755;64,84;20,931;0,92;1,58;0,22;16,249;2,04;0,927;10,0;1,057;10,0;1,634;10,0;333,103;42,58;101,158;19,85;3,251;10,28;0,652;10,0;0,651;10,0;0,447;10,0;3,426;24,341;0,53;31,978;3,34;7,124;0,65;6,749;1,33;970,5259;1,0;"";"";21,944;2,45;90,498;16,31;"";"";31,549;13,02;57,3;"";"";"";"";"";"";"";"";"";"";"";"";"";"";"";"";"";"";"";"";"";"";"";"";"";"";"";"";"";"";"";"";"";"";"";"";"";"";"";"";"";"";"";"";"";"";"";"";"";"";"";"";"";"";"";"";"";"";"";"";"";"";"";"";""
03.01.2023 20:26:41;1672774001000;880f01e687e2572cea04e80fc6a68085;301730;OK;1842;0;0;0;0;-0,02;0,73;0;0;853;688;"";250,088;37,51;492,713;64,78;20,93;0,92;1,58;0,22;16,197;2,04;0,933;10,0;0,968;10,0;1,128;10,0;324,356;41,6;98,436;19,61;3,403;10,41;0,362;10,0;0,362;10,0;0,049;10,0;1,718;24,337;0,53;31,946;3,34;7,116;0,65;6,732;1,34;970,487;1,0;"";"";21,908;2,46;90,25599;16,29;"";"";34,678;12,17;63,3;"";"";"";"";"";"";"";"";"";"";"";"";"";"";"";"";"";"";"";"";"";"";"";"";"";"";"";"";"";"";"";"";"";"";"";"";"";"";"";"";"";"";"";"";"";"";"";"";"";"";"";"";"";"";"";"";"";"";"";"";"";"";"";"";""
03.01.2023 20:28:42;1672774122000;880f01e687e2572cea04e80fc6a68085;301852;OK;1816;0;0;0;0;-0,0;1,17;0;0;854;688;"";249,62;37,44;493,129;64,79;20,931;0,92;1,581;0,22;16,192;2,04;1,184;10,0;1,271;10,0;1,757;10,0;322,98;41,54;98,697;19,61;6,281;10,64;0,755;10,0;0,755;10,0;0,005;10,0;2,865;24,331;0,53;32,008;3,34;7,127;0,65;6,755;1,33;970,457;1,0;"";"";21,91;2,45;90,092;16,28;"";"";31,732;13,27;54,2;"";"";"";"";"";"";"";"";"";"";"";"";"";"";"";"";"";"";"";"";"";"";"";"";"";"";"";"";"";"";"";"";"";"";"";"";"";"";"";"";"";"";"";"";"";"";"";"";"";"";"";"";"";"";"";"";"";"";"";"";"";"";"";"";""
03.01.2023 20:30:41;1672774241000;880f01e687e2572cea04e80fc6a68085;301971;OK;1824;0;0;0;0;0,01;-8,75;0;0;854;690;"";249,954;37,49;490,934;64,73001;20,929;0,92;1,581;0,22;16,224;2,04;0,781;10,0;0,884;10,0;1,295;10,0;321,731;41,42;101,142;19,85;4,821;10,54;0,548;10,0;0,378;10,0;0,001;10,0;2,905;24,324;0,53;32,002;3,34;7,123;0,65;6,746;1,33;970,405;1,0;"";"";21,964;2,45;90,06801;16,28;"";"";31,22;13,15;58,2;"";"";"";"";"";"";"";"";"";"";"";"";"";"";"";"";"";"";"";"";"";"";"";"";"";"";"";"";"";"";"";"";"";"";"";"";"";"";"";"";"";"";"";"";"";"";"";"";"";"";"";"";"";"";"";"";"";"";"";"";"";"";"";"";""
03.01.2023 20:32:42;1672774362000;880f01e687e2572cea04e80fc6a68085;302092;OK;1818;0;0;0;0;0,04;-4,63;0;0;856;691;"";252,874;37,93;491,636;64,75;20,932;0,92;1,581;0,22;16,268;2,04;0,485;10,0;0,606;10,0;0,65;10,0;245,868;34,05;76,212;17,51;3,307;10,39;0,058;10,0;0,04;10,0;0,0;10,0;1,369;24,32;0,53;32,08;3,34;7,139;0,65;6,778;1,33;970,362;1,0;"";"";21,976;2,45;90,052;16,28;"";"";30,105;13,62;56,0;"";"";"";"";"";"";"";"";"";"";"";"";"";"";"";"";"";"";"";"";"";"";"";"";"";"";"";"";"";"";"";"";"";"";"";"";"";"";"";"";"";"";"";"";"";"";"";"";"";"";"";"";"";"";"";"";"";"";"";"";"";"";"";"";""
03.01.2023 20:34:43;1672774483000;880f01e687e2572cea04e80fc6a68085;302212;OK;1826;0;0;0;0;0,05;2,67;0;0;857;689;"";256,002;38,4;494,647;64,84;20,924;0,92;1,58;0,22;16,343;2,04;1,069;10,0;1,39;10,0;1,632;10,0;325,234;41,81;101,324;19,95;5,196;10,47;0,719;10,0;0,717;10,0;0,0;10,0;2,041;24,316;0,53;32,111;3,34;7,144;0,65;6,789;1,33;970,342;1,0;"";"";22,082;2,45;90,088;16,28;"";"";29,906;13,62;54,0;"";"";"";"";"";"";"";"";"";"";"";"";"";"";"";"";"";"";"";"";"";"";"";"";"";"";"";"";"";"";"";"";"";"";"";"";"";"";"";"";"";"";"";"";"";"";"";"";"";"";"";"";"";"";"";"";"";"";"";"";"";"";"";"";""
03.01.2023 20:36:43;1672774603000;880f01e687e2572cea04e80fc6a68085;302333;OK;1829;0;0;0;0;0,05;14,35;0;0;857;688;"";251,027;37,65;495,674;64,87;20,923;0,92;1,581;0,22;16,272;2,04;0,826;10,0;0,929;10,0;0,981;10,0;326,725;41,98;99,888;19,76;3,714;10,41;0,088;10,0;0,088;10,0;0,0;10,0;1,349;24,312;0,53;32,107;3,34;7,141;0,65;6,783;1,33;970,329;1,0;"";"";22,133;2,44;89,967;16,27;"";"";29,915;13,88;54,5;"";"";"";"";"";"";"";"";"";"";"";"";"";"";"";"";"";"";"";"";"";"";"";"";"";"";"";"";"";"";"";"";"";"";"";"";"";"";"";"";"";"";"";"";"";"";"";"";"";"";"";"";"";"";"";"";"";"";"";"";"";"";"";"";""
03.01.2023 20:38:44;1672774724000;880f01e687e2572cea04e80fc6a68085;302454;OK;1832;0;0;0;0;0,01;4,89;0;0;857;690;"";250,984;37,65;493,934;64,82;20,923;0,92;1,58;0,22;16,249;2,04;0,364;10,0;0,405;10,0;1,222;10,0;343,297;43,5;103,046;20,12;4,731;10,41;1,03;10,0;1,03;10,0;0,0;10,0;5,761;24,31;0,53;32,114;3,34;7,142;0,65;6,784;1,33;970,311;1,0;"";"";22,131;2,44;89,846;16,27;"";"";30,617;13,34;56,2;"";"";"";"";"";"";"";"";"";"";"";"";"";"";"";"";"";"";"";"";"";"";"";"";"";"";"";"";"";"";"";"";"";"";"";"";"";"";"";"";"";"";"";"";"";"";"";"";"";"";"";"";"";"";"";"";"";"";"";"";"";"";"";"";""
03.01.2023 20:40:45;1672774845000;880f01e687e2572cea04e80fc6a68085;302575;OK;1821;0;0;0;0;0,04;-1,51;0;0;859;692;"";266,83;40,02;494,343;64,83;20,923;0,92;1,581;0,22;16,339;2,04;0,82;10,0;0,929;10,0;1,479;10,0;295,846;38,85;88,879;18,65;4,28;10,4;0,612;10,03;0,612;10,03;0,21;10,0;3,172;24,306;0,53;32,217;3,34;7,163;0,65;6,828;1,32;970,302;1,0;"";"";22,174;2,44;89,989;16,27;"";"";31,419;13,55;55,9;"";"";"";"";"";"";"";"";"";"";"";"";"";"";"";"";"";"";"";"";"";"";"";"";"";"";"";"";"";"";"";"";"";"";"";"";"";"";"";"";"";"";"";"";"";"";"";"";"";"";"";"";"";"";"";"";"";"";"";"";"";"";"";"";""
03.01.2023 20:42:45;1672774965000;880f01e687e2572cea04e80fc6a68085;302695;OK;1816;0;0;0;0;0,05;-6,4;0;0;858;693;"";256,551;38,48;492,48;64,77;20,931;0,92;1,582;0,22;16,456;2,05;0,471;10,0;0,587;10,0;1,044;10,0;350,659;44,26;102,106;20,0;3,086;10,32;0,793;10,0;0,793;10,0;0,022;10,0;3,984;24,302;0,53;32,17;3,34;7,151;0,65;6,803;1,32;970,312;1,0;"";"";22,35;2,43;90,37001;16,29;"";"";30,216;13,45;53,6;"";"";"";"";"";"";"";"";"";"";"";"";"";"";"";"";"";"";"";"";"";"";"";"";"";"";"";"";"";"";"";"";"";"";"";"";"";"";"";"";"";"";"";"";"";"";"";"";"";"";"";"";"";"";"";"";"";"";"";"";"";"";"";"";""
03.01.2023 20:44:45;1672775085000;880f01e687e2572cea04e80fc6a68085;302814;OK;1838;0;0;0;0;-0,02;-4,08;0;0;857;692;"";255,269;38,29;491,962;64,76;20,93;0,92;1,582;0,22;16,33;2,04;0,492;10,0;0,558;10,0;0,912;10,0;316,408;40,99;95,906;19,4;1,911;10,19;0,488;10,0;0,088;10,0;0,002;10,0;3,563;24,295;0,53;32,113;3,34;7,136;0,65;6,771;1,33;970,303;1,0;"";"";22,2;2,44;89,908;16,27;"";"";31,717;13,14;62,7;"";"";"";"";"";"";"";"";"";"";"";"";"";"";"";"";"";"";"";"";"";"";"";"";"";"";"";"";"";"";"";"";"";"";"";"";"";"";"";"";"";"";"";"";"";"";"";"";"";"";"";"";"";"";"";"";"";"";"";"";"";"";"";"";""
03.01.2023 20:46:46;1672775206000;880f01e687e2572cea04e80fc6a68085;302936;OK;1828;0;0;0;0;-0,05;-0,07;0;0;858;691;"";255,349;38,3;494,513;64,84;20,926;0,92;1,582;0,22;16,308;2,04;0,796;10,0;0,936;10,0;1,182;10,0;376,068;46,7;112,001;21,0;5,945;10,6;1,438;10,15;0,562;10,0;0,0;10,0;2,178;24,29;0,53;32,168;3,34;7,146;0,65;6,791;1,32;970,284;1,0;"";"";22,143;2,44;89,775;16,26;"";"";32,569;12,52;55,8;"";"";"";"";"";"";"";"";"";"";"";"";"";"";"";"";"";"";"";"";"";"";"";"";"";"";"";"";"";"";"";"";"";"";"";"";"";"";"";"";"";"";"";"";"";"";"";"";"";"";"";"";"";"";"";"";"";"";"";"";"";"";"";"";""
03.01.2023 20:48:46;1672775326000;880f01e687e2572cea04e80fc6a68085;303056;OK;1831;0;0;0;0;-0,04;1,74;0;0;857;692;"";255,265;38,29;492,617;64,78;20,932;0,92;1,582;0,22;16,355;2,04;1,059;10,0;1,138;10,0;1,438;10,0;335,956;42,82;100,778;19,85;3,624;10,24;0,433;10,02;0,339;10,0;0,0;10,0;2,244;24,286;0,53;32,126;3,34;7,135;0,65;6,769;1,33;970,275;1,0;"";"";22,18;2,44;89,70201;16,25;"";"";33,052;12,63;54,1;"";"";"";"";"";"";"";"";"";"";"";"";"";"";"";"";"";"";"";"";"";"";"";"";"";"";"";"";"";"";"";"";"";"";"";"";"";"";"";"";"";"";"";"";"";"";"";"";"";"";"";"";"";"";"";"";"";"";"";"";"";"";"";"";""
03.01.2023 20:50:48;1672775448000;880f01e687e2572cea04e80fc6a68085;303178;OK;1819;0;0;0;0;-0,02;-6,03;0;0;857;694;"";254,686;38,2;490,748;64,72;20,933;0,92;1,582;0,22;16,252;2,04;0,802;10,0;0,854;10,0;0,885;10,0;338,951;43,15;104,731;20,25;2,582;10,2;0,045;10,0;0,035;10,0;0,0;10,0;1,169;24,28;0,53;32,118;3,34;7,131;0,65;6,76;1,33;970,264;1,0;"";"";22,153;2,44;89,216;16,23;"";"";32,239;12,94;53,2;"";"";"";"";"";"";"";"";"";"";"";"";"";"";"";"";"";"";"";"";"";"";"";"";"";"";"";"";"";"";"";"";"";"";"";"";"";"";"";"";"";"";"";"";"";"";"";"";"";"";"";"";"";"";"";"";"";"";"";"";"";"";"";"";""
03.01.2023 20:52:48;1672775568000;880f01e687e2572cea04e80fc6a68085;303298;OK;1809;0;0;0;0;-0,02;-4,77;0;0;858;693;"";257,162;38,57;493,033;64,79;20,934;0,92;1,583;0,22;16,255;2,04;1,496;10,0;1,597;10,0;1,6;10,0;384,748;47,64;119,76;21,74;5,556;10,49;0,005;10,0;0,004;10,0;0,0;10,0;1,089;24,276;0,53;32,178;3,34;7,142;0,64;6,783;1,32;970,252;1,0;"";"";22,113;2,44;88,859;16,21;"";"";31,182;13,13;56,1;"";"";"";"";"";"";"";"";"";"";"";"";"";"";"";"";"";"";"";"";"";"";"";"";"";"";"";"";"";"";"";"";"";"";"";"";"";"";"";"";"";"";"";"";"";"";"";"";"";"";"";"";"";"";"";"";"";"";"";"";"";"";"";"";""
03.01.2023 20:54:47;1672775687000;880f01e687e2572cea04e80fc6a68085;303417;OK;1839;0;0;0;0;-0,01;9,22;0;0;857;690;"";259,666;38,95;495,782;64,87;20,933;0,92;1,583;0,22;16,137;2,03;0,791;10,0;0,9110001;10,0;1,34;10,0;329,606;42,18;103,928;20,12;6,148;10,46;0,508;10,0;0,508;10,0;0,0;10,0;3,499;24,271;0,53;32,124;3,34;7,128;0,65;6,754;1,33;970,228;1,0;"";"";22,077;2,45;88,62;16,19;"";"";31,653;13,18;52,6;"";"";"";"";"";"";"";"";"";"";"";"";"";"";"";"";"";"";"";"";"";"";"";"";"";"";"";"";"";"";"";"";"";"";"";"";"";"";"";"";"";"";"";"";"";"";"";"";"";"";"";"";"";"";"";"";"";"";"";"";"";"";"";"";""
03.01.2023 20:56:49;1672775809000;880f01e687e2572cea04e80fc6a68085;303538;OK;1825;0;0;0;0;0,03;15,96;0;0;858;691;"";262,15;39,32;496,043;64,88;20,936;0,92;1,584;0,23;16,127;2,03;0,8349999;10,0;0,852;10,0;0,897;10,0;293,224;38,63;89,568;18,75;3,12;10,32;0,791;10,0;0,054;10,0;0,0;10,0;1,27;24,268;0,53;32,206;3,34;7,145;0,64;6,789;1,32;970,189;1,0;"";"";22,11;2,44;88,577;16,19;"";"";31,119;13,6;54,4;"";"";"";"";"";"";"";"";"";"";"";"";"";"";"";"";"";"";"";"";"";"";"";"";"";"";"";"";"";"";"";"";"";"";"";"";"";"";"";"";"";"";"";"";"";"";"";"";"";"";"";"";"";"";"";"";"";"";"";"";"";"";"";"";""
03.01.2023 20:58:49;1672775929000;880f01e687e2572cea04e80fc6a68085;303658;OK;1813;0;0;0;0;0,05;0,29;0;0;859;694;"";261,926;39,29;493,308;64,8;20,935;0,92;1,585;0,23;16,113;2,03;0,797;10,0;0,977;10,0;1,144;10,0;329,962;42,26;102,188;19,99;9,383;10,99;0,847;10,0;0,006;10,0;0,0;10,0;1,906;24,264;0,53;32,234;3,34;7,15;0,64;6,799;1,32;970,192;1,0;"";"";22,067;2,45;88,778;16,2;"";"";30,806;13,46;53,6;"";"";"";"";"";"";"";"";"";"";"";"";"";"";"";"";"";"";"";"";"";"";"";"";"";"";"";"";"";"";"";"";"";"";"";"";"";"";"";"";"";"";"";"";"";"";"";"";"";"";"";"";"";"";"";"";"";"";"";"";"";"";"";"";""
03.01.2023 21:00:50;1672776050000;880f01e687e2572cea04e80fc6a68085;303779;OK;1837;0;0;0;0;0,06;-8,94;0;0;859;694;"";260,524;39,08;493,455;64,8;20,934;0,92;1,585;0,23;16,167;2,03;0,592;10,0;0,677;10,0;0,843;10,0;345,949;43,82;104,709;20,22;4,339;10,42;0,471;10,0;0,381;10,0;0,0;10,0;2,084;24,261;0,53;32,235;3,34;7,149;0,64;6,797;1,32;970,232;1,0;"";"";22,282;2,44;88,726;16,2;"";"";31,682;13,3;55,8;"";"";"";"";"";"";"";"";"";"";"";"";"";"";"";"";"";"";"";"";"";"";"";"";"";"";"";"";"";"";"";"";"";"";"";"";"";"";"";"";"";"";"";"";"";"";"";"";"";"";"";"";"";"";"";"";"";"";"";"";"";"";"";"";""
03.01.2023 21:02:50;1672776170000;880f01e687e2572cea04e80fc6a68085;303900;OK;1824;0;0;0;0;-0,04;-7,81;0;0;857;693;"";256,832;38,52;492,435;64,77;20,934;0,92;1,585;0,23;16,179;2,03;0,83;10,0;0,8389999;10,0;0,98;10,0;295,33;38,87;88,56601;18,64;3,038;10,31;0,236;10,01;0,1;10,0;0,0;10,0;1,601;24,259;0,53;32,139;3,34;7,127;0,64;6,751;1,33;970,266;1,0;"";"";22,246;2,44;88,505;16,19;"";"";30,195;13,88;57,6;"";"";"";"";"";"";"";"";"";"";"";"";"";"";"";"";"";"";"";"";"";"";"";"";"";"";"";"";"";"";"";"";"";"";"";"";"";"";"";"";"";"";"";"";"";"";"";"";"";"";"";"";"";"";"";"";"";"";"";"";"";"";"";"";""
03.01.2023 21:04:51;1672776291000;880f01e687e2572cea04e80fc6a68085;304021;OK;1805;0;0;0;0;-0,08;-4,97;0;0;858;694;"";255,358;38,3;491,183;64,74;20,933;0,92;1,585;0,23;16,168;2,03;1,249;10,0;1,495;10,0;1,51;10,0;373,136;46,41;113,539;21,11;7,064;10,76;0,024;10,0;0,01;10,0;0,0;10,0;1,246;24,255;0,53;32,151;3,34;7,128;0,64;6,753;1,32;970,281;1,0;"";"";22,102;2,44;88,06;16,16;"";"";31,989;12,85;54,4;"";"";"";"";"";"";"";"";"";"";"";"";"";"";"";"";"";"";"";"";"";"";"";"";"";"";"";"";"";"";"";"";"";"";"";"";"";"";"";"";"";"";"";"";"";"";"";"";"";"";"";"";"";"";"";"";"";"";"";"";"";"";"";"";""
03.01.2023 21:06:49;1672776409000;880f01e687e2572cea04e80fc6a68085;304139;OK;1825;0;0;0;0;-0,05;-4,53;0;0;858;695;"";259,977;39,0;491,194;64,74;20,927;0,92;1,584;0,23;16,108;2,03;1,013;10,0;1,309;10,0;1,901;10,0;387,151;47,81;119,537;21,67;4,806;10,56;0,629;10,02;0,628;10,02;0,21;10,0;2,9;24,251;0,53;32,175;3,34;7,132;0,64;6,76;1,32;970,276;1,0;"";"";22,104;2,44;87,92601;16,16;"";"";31,167;13,31;55,0;"";"";"";"";"";"";"";"";"";"";"";"";"";"";"";"";"";"";"";"";"";"";"";"";"";"";"";"";"";"";"";"";"";"";"";"";"";"";"";"";"";"";"";"";"";"";"";"";"";"";"";"";"";"";"";"";"";"";"";"";"";"";"";"";""
03.01.2023 21:08:51;1672776531000;880f01e687e2572cea04e80fc6a68085;304261;OK;1814;0;0;0;0;0,0;-0,79;0;0;858;695;"";263,794;39,57;491,664;64,75;20,934;0,92;1,584;0,23;16,054;2,03;0,709;10,0;0,747;10,0;1,217;10,0;332,592;42,48;96,03;19,36;3,293;10,36;1,073;10,02;0,904;10,0;0,734;10,0;3,669;24,245;0,53;32,172;3,34;7,129;0,64;6,754;1,32;970,243;1,0;"";"";22,092;2,45;87,62401;16,14;"";"";31,494;13,04;53,3;"";"";"";"";"";"";"";"";"";"";"";"";"";"";"";"";"";"";"";"";"";"";"";"";"";"";"";"";"";"";"";"";"";"";"";"";"";"";"";"";"";"";"";"";"";"";"";"";"";"";"";"";"";"";"";"";"";"";"";"";"";"";"";"";""
03.01.2023 21:10:51;1672776651000;880f01e687e2572cea04e80fc6a68085;304380;OK;1814;0;0;0;0;0,01;2,27;0;0;858;695;"";258,198;38,73;491,233;64,74;20,935;0,92;1,585;0,23;16,149;2,03;0,85;10,0;1,293;10,0;1,746;10,0;374,553;46,54;114,243;21,09;6,114;10,62;0,87;10,0;0,393;10,0;0,092;10,0;3,615;24,24;0,53;32,155;3,34;7,123;0,64;6,742;1,32;970,232;1,0;"";"";22,051;2,45;87,616;16,14;"";"";31,789;13,3;54,1;"";"";"";"";"";"";"";"";"";"";"";"";"";"";"";"";"";"";"";"";"";"";"";"";"";"";"";"";"";"";"";"";"";"";"";"";"";"";"";"";"";"";"";"";"";"";"";"";"";"";"";"";"";"";"";"";"";"";"";"";"";"";"";"";""
03.01.2023 21:12:52;1672776772000;880f01e687e2572cea04e80fc6a68085;304501;OK;1828;0;0;0;0;-0,03;-5,85;0;0;857;696;"";259,324;38,9;489,511;64,69;20,935;0,92;1,585;0,23;16,09;2,03;1,049;10,0;1,256;10,0;1,305;10,0;385,66;47,69;116,236;21,35;6,708;10,71;0,093;10,0;0,042;10,0;0,01;10,0;1,403;24,236;0,53;32,123;3,34;7,114;0,64;6,724;1,33;970,224;1,0;"";"";22,009;2,45;87,12001;16,11;"";"";30,131;14,08;53,6;"";"";"";"";"";"";"";"";"";"";"";"";"";"";"";"";"";"";"";"";"";"";"";"";"";"";"";"";"";"";"";"";"";"";"";"";"";"";"";"";"";"";"";"";"";"";"";"";"";"";"";"";"";"";"";"";"";"";"";"";"";"";"";"";""
03.01.2023 21:14:52;1672776892000;880f01e687e2572cea04e80fc6a68085;304622;OK;1824;0;0;0;0;-0,02;-10,82;0;0;858;698;"";266,902;40,04;488,602;64,66001;20,934;0,92;1,585;0,23;16,012;2,03;1,262;10,0;1,511;10,0;1,516;10,0;366,595;45,84;113,843;21,1;5,261;10,57;0,01;10,0;0,004;10,0;0,001;10,0;1,221;24,235;0,53;32,157;3,34;7,121;0,64;6,739;1,32;970,224;1,0;"";"";22,03;2,45;86,762;16,09;"";"";30,374;13,91;56,4;"";"";"";"";"";"";"";"";"";"";"";"";"";"";"";"";"";"";"";"";"";"";"";"";"";"";"";"";"";"";"";"";"";"";"";"";"";"";"";"";"";"";"";"";"";"";"";"";"";"";"";"";"";"";"";"";"";"";"";"";"";"";"";"";""
03.01.2023 21:16:52;1672777012000;880f01e687e2572cea04e80fc6a68085;304741;OK;1846;0;0;0;0;-0,04;-6,61;0;0;857;696;"";270,101;40,52;489,662;64,69;20,934;0,92;1,586;0,23;15,94;2,02;0,667;10,0;0,838;10,0;0,904;10,0;318,041;41,06;97,057;19,37;5,256;10,59;0,198;10,0;0,197;10,0;0,0;10,0;1,493;24,23;0,53;32,123;3,34;7,112;0,64;6,719;1,33;970,213;1,0;"";"";22,009;2,45;86,531;16,08;"";"";32,521;12,47;54,3;"";"";"";"";"";"";"";"";"";"";"";"";"";"";"";"";"";"";"";"";"";"";"";"";"";"";"";"";"";"";"";"";"";"";"";"";"";"";"";"";"";"";"";"";"";"";"";"";"";"";"";"";"";"";"";"";"";"";"";"";"";"";"";"";""
03.01.2023 21:18:51;1672777131000;880f01e687e2572cea04e80fc6a68085;304861;OK;1838;0;0;0;0;0,04;-2,95;0;0;859;699;"";272,827;40,92;487,558;64,63;20,934;0,92;1,588;0,23;15,99;2,02;0,522;10,0;0,773;10,0;1,762;10,0;377,78;46,93;119,715;21,67;6,182;10,59;2,032;10,08;0,9139999;10,0;0,0;10,0;5,27;24,228;0,53;32,222;3,34;7,133;0,64;6,761;1,32;970,214;1,0;"";"";21,979;2,45;86,631;16,08;"";"";31,326;12,9;53,8;"";"";"";"";"";"";"";"";"";"";"";"";"";"";"";"";"";"";"";"";"";"";"";"";"";"";"";"";"";"";"";"";"";"";"";"";"";"";"";"";"";"";"";"";"";"";"";"";"";"";"";"";"";"";"";"";"";"";"";"";"";"";"";"";""
03.01.2023 21:20:53;1672777253000;880f01e687e2572cea04e80fc6a68085;304982;OK;1826;0;0;0;0;0,04;-4,17;0;0;858;699;"";259,311;38,9;487,161;64,61;20,933;0,92;1,587;0,23;16,044;2,03;1,605;10,0;1,661;10,0;1,835;10,0;386,364;47,72;122,388;21,9;5,585;10,55;0,368;10,01;0,109;10,0;0,0;10,0;1,761;24,227;0,53;32,188;3,34;7,125;0,64;6,745;1,32;970,236;1,0;"";"";22,022;2,45;86,795;16,09;"";"";32,914;12,83;56,6;"";"";"";"";"";"";"";"";"";"";"";"";"";"";"";"";"";"";"";"";"";"";"";"";"";"";"";"";"";"";"";"";"";"";"";"";"";"";"";"";"";"";"";"";"";"";"";"";"";"";"";"";"";"";"";"";"";"";"";"";"";"";"";"";""
03.01.2023 21:22:54;1672777374000;880f01e687e2572cea04e80fc6a68085;305104;OK;1825;0;0;0;0;-0,01;0,56;0;0;857;696;"";266,292;39,94;490,137;64,7;20,932;0,92;1,587;0,23;16,008;2,03;0,917;10,0;0,952;10,0;1,572;10,0;348,745;44,05;105,708;20,28;4,655;10,45;0,99;10,0;0,963;10,0;0,0;10,0;4,147;24,223;0,53;32,127;3,34;7,11;0,64;6,715;1,33;970,264;1,0;"";"";21,958;2,45;86,40201;16,07;"";"";32,167;13,21;54,2;"";"";"";"";"";"";"";"";"";"";"";"";"";"";"";"";"";"";"";"";"";"";"";"";"";"";"";"";"";"";"";"";"";"";"";"";"";"";"";"";"";"";"";"";"";"";"";"";"";"";"";"";"";"";"";"";"";"";"";"";"";"";"";"";""
03.01.2023 21:24:53;1672777493000;880f01e687e2572cea04e80fc6a68085;305223;OK;1813;0;0;0;0;-0,07;-5,71;0;0;857;701;"";265,871;39,88;484,956;64,55;20,931;0,92;1,587;0,23;15,995;2,02;1,127;10,0;1,467;10,0;1,682;10,0;361,402;45,3;111,795;20,98;3,0;10,21;0,273;10,0;0,27;10,0;0,0;10,0;2,037;24,221;0,53;32,135;3,34;7,111;0,64;6,716;1,33;970,29;1,0;"";"";21,896;2,45;86,216;16,06;"";"";31,405;13,28;54,4;"";"";"";"";"";"";"";"";"";"";"";"";"";"";"";"";"";"";"";"";"";"";"";"";"";"";"";"";"";"";"";"";"";"";"";"";"";"";"";"";"";"";"";"";"";"";"";"";"";"";"";"";"";"";"";"";"";"";"";"";"";"";"";"";""
03.01.2023 21:26:53;1672777613000;880f01e687e2572cea04e80fc6a68085;305342;OK;1849;0;0;0;0;-0,04;-6,71;0;0;857;699;"";270,076;40,51;486,977;64,61;20,932;0,92;1,587;0,23;15,91;2,02;1,105;10,0;1,359;10,0;1,732;10,0;381,524;47,33;116,928;21,48;4,008;10,38;0,473;10,05;0,473;10,05;0,0;10,0;2,448;24,219;0,53;32,126;3,34;7,108;0,64;6,71;1,33;970,296;1,0;"";"";21,897;2,45;86,184;16,06;"";"";31,509;13,07;54,4;"";"";"";"";"";"";"";"";"";"";"";"";"";"";"";"";"";"";"";"";"";"";"";"";"";"";"";"";"";"";"";"";"";"";"";"";"";"";"";"";"";"";"";"";"";"";"";"";"";"";"";"";"";"";"";"";"";"";"";"";"";"";"";"";""
03.01.2023 21:28:54;1672777734000;880f01e687e2572cea04e80fc6a68085;305463;OK;1827;0;0;0;0;-0,01;-2,76;0;0;857;698;"";268,689;40,3;487,753;64,63;20,931;0,92;1,588;0,23;15,846;2,02;0,465;10,0;0,862;10,0;1,02;10,0;360,815;45,25;110,066;20,73;4,309;10,39;0,222;10,01;0,222;10,01;0,0;10,0;2,422;24,216;0,53;32,121;3,34;7,106;0,64;6,705;1,33;970,28;1,0;"";"";21,88;2,46;85,783;16,04;"";"";32,08;12,86;55,6;"";"";"";"";"";"";"";"";"";"";"";"";"";"";"";"";"";"";"";"";"";"";"";"";"";"";"";"";"";"";"";"";"";"";"";"";"";"";"";"";"";"";"";"";"";"";"";"";"";"";"";"";"";"";"";"";"";"";"";"";"";"";"";"";""
03.01.2023 21:30:54;1672777854000;880f01e687e2572cea04e80fc6a68085;305584;OK;1830;0;0;0;0;-0,0;3,69;0;0;858;700;"";259,434;38,92;486,093;64,58;20,931;0,92;1,589;0,23;15,887;2,02;0,9440001;10,0;1,06;10,0;1,518;10,0;407,518;49,92;128,7;22,59;4,127;10,42;0,843;10,0;0,843;10,0;0,197;10,0;2,746;24,211;0,53;32,165;3,34;7,114;0,64;6,721;1,32;970,273;1,0;"";"";21,938;2,45;85,748;16,04;"";"";31,182;13,12;55,3;"";"";"";"";"";"";"";"";"";"";"";"";"";"";"";"";"";"";"";"";"";"";"";"";"";"";"";"";"";"";"";"";"";"";"";"";"";"";"";"";"";"";"";"";"";"";"";"";"";"";"";"";"";"";"";"";"";"";"";"";"";"";"";"";""
03.01.2023 21:32:54;1672777974000;880f01e687e2572cea04e80fc6a68085;305703;OK;1845;0;0;0;0;-0,02;-6,38;0;0;857;701;"";262,155;39,32;484,488;64,53;20,931;0,92;1,589;0,23;15,847;2,02;0,916;10,0;0,996;10,0;1,154;10,0;376,398;46,8;115,921;21,31;3,564;10,38;0,182;10,0;0,182;10,0;0,11;10,0;1,592;24,203;0,53;32,114;3,34;7,099;0,64;6,691;1,33;970,276;1,0;"";"";21,985;2,45;85,449;16,02;"";"";32,629;12,6;53,5;"";"";"";"";"";"";"";"";"";"";"";"";"";"";"";"";"";"";"";"";"";"";"";"";"";"";"";"";"";"";"";"";"";"";"";"";"";"";"";"";"";"";"";"";"";"";"";"";"";"";"";"";"";"";"";"";"";"";"";"";"";"";"";"";""
03.01.2023 21:34:54;1672778094000;880f01e687e2572cea04e80fc6a68085;305824;OK;1826;0;0;0;0;0,03;-2,76;0;0;858;700;"";273,207;40,98;486,928;64,61;20,93;0,92;1,588;0,23;15,9;2,02;1,51;10,0;1,579;10,0;2,344;10,0;438,805;52,94;134,534;23,19;5,966;10,66;1,604;10,0;1,407;10,0;0,537;10,0;3,294;24,202;0,53;32,211;3,34;7,12;0,64;6,734;1,32;970,266;1,0;"";"";22,035;2,45;85,388;16,02;"";"";32,224;12,98;55,4;"";"";"";"";"";"";"";"";"";"";"";"";"";"";"";"";"";"";"";"";"";"";"";"";"";"";"";"";"";"";"";"";"";"";"";"";"";"";"";"";"";"";"";"";"";"";"";"";"";"";"";"";"";"";"";"";"";"";"";"";"";"";"";"";""
03.01.2023 21:36:55;1672778215000;880f01e687e2572cea04e80fc6a68085;305945;OK;1816;0;0;0;0;0,03;5,09;0;0;859;701;"";264,778;39,72;487,14;64,61;20,931;0,92;1,588;0,23;15,973;2,02;1,568;10,0;1,816;10,0;2,383;10,0;421,058;51,1;128,982;22,61;7,159;10,72;1,037;10,0;0,616;10,0;0,247;10,0;2,576;24,196;0,53;32,225;3,34;7,121;0,64;6,735;1,32;970,247;1,0;"";"";22,025;2,45;85,338;16,01;"";"";30,434;13,48;53,9;"";"";"";"";"";"";"";"";"";"";"";"";"";"";"";"";"";"";"";"";"";"";"";"";"";"";"";"";"";"";"";"";"";"";"";"";"";"";"";"";"";"";"";"";"";"";"";"";"";"";"";"";"";"";"";"";"";"";"";"";"";"";"";"";""
03.01.2023 21:38:55;1672778335000;880f01e687e2572cea04e80fc6a68085;306064;OK;1870;0;0;0;0;0,04;2,28;0;0;858;702;"";261,497;39,22;485,314;64,56;20,931;0,92;1,588;0,23;15,943;2,02;1,513;10,0;1,753;10,0;1,816;10,0;401,743;49,28;118,322;21,63;7,458;10,7;0,115;10,0;0,06800001;10,0;0,027;10,0;1,354;24,195;0,53;32,211;3,34;7,117;0,64;6,728;1,32;970,239;1,0;"";"";21,954;2,45;85,346;16,01;"";"";32,222;12,72;53,2;"";"";"";"";"";"";"";"";"";"";"";"";"";"";"";"";"";"";"";"";"";"";"";"";"";"";"";"";"";"";"";"";"";"";"";"";"";"";"";"";"";"";"";"";"";"";"";"";"";"";"";"";"";"";"";"";"";"";"";"";"";"";"";"";""
03.01.2023 21:40:57;1672778457000;880f01e687e2572cea04e80fc6a68085;306186;OK;1835;0;0;0;0;-0,01;-10,5;0;0;859;703;"";271,174;40,68;484,566;64,54;20,932;0,92;1,589;0,23;15,952;2,02;0,959;10,0;1,276;10,0;1,397;10,0;378,202;46,92;114,927;21,21;4,542;10,4;0,148;10,0;0,143;10,0;0,003;10,0;1,719;24,191;0,53;32,238;3,34;7,121;0,64;6,737;1,32;970,225;1,0;"";"";21,893;2,45;85,40401;16,02;"";"";31,16;13,48;56,2;"";"";"";"";"";"";"";"";"";"";"";"";"";"";"";"";"";"";"";"";"";"";"";"";"";"";"";"";"";"";"";"";"";"";"";"";"";"";"";"";"";"";"";"";"";"";"";"";"";"";"";"";"";"";"";"";"";"";"";"";"";"";"";"";""
03.01.2023 21:42:56;1672778576000;880f01e687e2572cea04e80fc6a68085;306305;OK;1831;0;0;0;0;-0,04;-7,36;0;0;858;702;"";268,256;40,24;485,325;64,56;20,931;0,92;1,589;0,23;15,861;2,02;1,7;10,0;1,987;10,0;2,276;10,0;467,993;55,75;142,522;23,96;5,902;10,72;0,386;10,0;0,385;10,0;0,0;10,0;2,091;24,187;0,53;32,189;3,34;7,109;0,64;6,711;1,32;970,224;1,0;"";"";21,854;2,46;85,165;16,0;"";"";30,56;13,57;57,4;"";"";"";"";"";"";"";"";"";"";"";"";"";"";"";"";"";"";"";"";"";"";"";"";"";"";"";"";"";"";"";"";"";"";"";"";"";"";"";"";"";"";"";"";"";"";"";"";"";"";"";"";"";"";"";"";"";"";"";"";"";"";"";"";""
03.01.2023 21:44:57;1672778697000;880f01e687e2572cea04e80fc6a68085;306427;OK;1827;0;0;0;0;-0,04;4,53;0;0;858;701;"";271,549;40,73;486,867;64,61;20,93;0,92;1,59;0,23;15,786;2,01;1,297;10,0;1,861;10,0;1,892;10,0;392,988;48,55;123,877;22,2;6,604;10,66;0,041;10,0;0,041;10,0;0,0;10,0;1,516;24,182;0,53;32,198;3,34;7,109;0,64;6,711;1,32;970,237;1,0;"";"";21,843;2,46;84,99;15,99;"";"";30,54;13,58;54,1;"";"";"";"";"";"";"";"";"";"";"";"";"";"";"";"";"";"";"";"";"";"";"";"";"";"";"";"";"";"";"";"";"";"";"";"";"";"";"";"";"";"";"";"";"";"";"";"";"";"";"";"";"";"";"";"";"";"";"";"";"";"";"";"";""
03.01.2023 21:46:57;1672778817000;880f01e687e2572cea04e80fc6a68085;306547;OK;1825;0;0;0;0;-0,02;5,13;0;0;858;702;"";272,673;40,9;485,611;64,57;20,93;0,92;1,59;0,23;15,794;2,01;1,452;10,0;1,573;10,0;2,165;10,0;416,063;50,65;128,36;22,65;4,412;10,39;0,606;10,0;0,606;10,0;0,601;10,0;3,43;24,181;0,53;32,199;3,34;7,109;0,64;6,71;1,32;970,267;1,0;"";"";21,917;2,45;84,961;15,99;"";"";32,281;12,89;53,8;"";"";"";"";"";"";"";"";"";"";"";"";"";"";"";"";"";"";"";"";"";"";"";"";"";"";"";"";"";"";"";"";"";"";"";"";"";"";"";"";"";"";"";"";"";"";"";"";"";"";"";"";"";"";"";"";"";"";"";"";"";"";"";"";""
03.01.2023 21:48:58;1672778938000;880f01e687e2572cea04e80fc6a68085;306667;OK;1823;0;0;0;0;0,06;-0,86;0;0;860;703;"";270,801;40,62;485,654;64,57;20,931;0,92;1,589;0,23;15,883;2,02;1,493;10,0;1,598;10,0;2,01;10,0;400,567;49,19;124,729;22,2;4,44;10,35;0,749;10,0;0,275;10,0;0,274;10,0;2,629;24,174;0,53;32,263;3,34;7,12;0,64;6,733;1,32;970,317;1,0;"";"";21,936;2,45;85,304;16,01;"";"";30,257;13,8;57,0;"";"";"";"";"";"";"";"";"";"";"";"";"";"";"";"";"";"";"";"";"";"";"";"";"";"";"";"";"";"";"";"";"";"";"";"";"";"";"";"";"";"";"";"";"";"";"";"";"";"";"";"";"";"";"";"";"";"";"";"";"";"";"";"";""
03.01.2023 21:50:59;1672779059000;880f01e687e2572cea04e80fc6a68085;306788;OK;1824;0;0;0;0;0,05;-7,26;0;0;860;705;"";268,749;40,31;484,179;64,53;20,935;0,92;1,59;0,23;15,913;2,02;1,928;10,0;2,316;10,0;2,71;10,0;475,636;56,47;146,944;24,34;6,585;10,61;0,549;10,0;0,498;10,0;0,029;10,0;2,259;24,17;0,53;32,29;3,34;7,125;0,64;6,742;1,32;970,3569;1,0;"";"";21,994;2,45;85,559;16,02;"";"";30,238;13,82;56,1;"";"";"";"";"";"";"";"";"";"";"";"";"";"";"";"";"";"";"";"";"";"";"";"";"";"";"";"";"";"";"";"";"";"";"";"";"";"";"";"";"";"";"";"";"";"";"";"";"";"";"";"";"";"";"";"";"";"";"";"";"";"";"";"";""
03.01.2023 21:52:59;1672779179000;880f01e687e2572cea04e80fc6a68085;306908;OK;1849;0;0;0;0;-0,0;-4,4;0;0;859;704;"";268,732;40,31;484,307;64,53;20,935;0,92;1,591;0,23;15,857;2,02;1,516;10,0;1,591;10,0;1,634;10,0;432,978;52,28;133,783;22,99;4,009;10,41;0,061;10,0;0,055;10,0;0,003;10,0;1,163;24,168;0,53;32,248;3,34;7,115;0,64;6,721;1,32;970,3779;1,0;"";"";21,879;2,46;85,30101;16,01;"";"";31,097;13,52;54,4;"";"";"";"";"";"";"";"";"";"";"";"";"";"";"";"";"";"";"";"";"";"";"";"";"";"";"";"";"";"";"";"";"";"";"";"";"";"";"";"";"";"";"";"";"";"";"";"";"";"";"";"";"";"";"";"";"";"";"";"";"";"";"";"";""
03.01.2023 21:54:59;1672779299000;880f01e687e2572cea04e80fc6a68085;307029;OK;1823;0;0;0;0;-0,05;-10,3;0;0;859;706;"";262,538;39,38;481,919;64,46;20,935;0,92;1,59;0,23;15,767;2,01;1,554;10,0;1,795;10,0;2,176;10,0;434,875;52,45;132,883;22,95;8,455;10,79;0,367;10,0;0,367;10,0;0,23;10,0;2,266;24,165;0,53;32,234;3,34;7,11;0,64;6,712;1,32;970,368;1,0;"";"";21,858;2,46;85,108;16,0;"";"";30,332;13,47;54,0;"";"";"";"";"";"";"";"";"";"";"";"";"";"";"";"";"";"";"";"";"";"";"";"";"";"";"";"";"";"";"";"";"";"";"";"";"";"";"";"";"";"";"";"";"";"";"";"";"";"";"";"";"";"";"";"";"";"";"";"";"";"";"";"";""
03.01.2023 21:57:00;1672779420000;880f01e687e2572cea04e80fc6a68085;307149;OK;1822;0;0;0;0;-0,1;-9,94;0;0;857;706;"";263,736;39,56;480,897;64,43;20,935;0,92;1,59;0,23;15,661;2,01;2,023;10,0;2,412;10,0;2,932;10,0;476,05;56,48;149,688;24,66;8,396;10,77;1,097;10,0;0,907;10,0;0,025;10,0;2,583;24,16;0,53;32,143;3,34;7,088;0,64;6,666;1,32;970,34;1,0;"";"";21,79;2,46;84,557;15,97;"";"";30,397;13,6;54,2;"";"";"";"";"";"";"";"";"";"";"";"";"";"";"";"";"";"";"";"";"";"";"";"";"";"";"";"";"";"";"";"";"";"";"";"";"";"";"";"";"";"";"";"";"";"";"";"";"";"";"";"";"";"";"";"";"";"";"";"";"";"";"";"";""
03.01.2023 21:59:01;1672779541000;880f01e687e2572cea04e80fc6a68085;307270;OK;1827;0;0;0;0;-0,06;-8,47;0;0;858;707;"";265,841;39,88;481,026;64,43;20,935;0,92;1,591;0,23;15,519;2,0;1,825;10,0;2,155;10,0;2,776;10,0;515,755;60,46;159,463;25,59;9,707;10,93;0,973;10,0;0,953;10,0;0,003;10,0;2,887;24,16;0,53;32,202;3,34;7,101;0,64;6,693;1,32;970,315;1,0;"";"";21,722;2,46;84,127;15,95;"";"";33,235;12,37;53,5;"";"";"";"";"";"";"";"";"";"";"";"";"";"";"";"";"";"";"";"";"";"";"";"";"";"";"";"";"";"";"";"";"";"";"";"";"";"";"";"";"";"";"";"";"";"";"";"";"";"";"";"";"";"";"";"";"";"";"";"";"";"";"";"";""
03.01.2023 22:01:01;1672779661000;880f01e687e2572cea04e80fc6a68085;307391;OK;1829;0;0;0;0;0,01;-3,79;0;0;858;707;"";261,594;39,24;480,959;64,43;20,928;0,92;1,59;0,23;15,452;2,0;1,844;10,0;2,077;10,0;2,451;10,0;524,9279;61,32;160,919;25,69;6,668;10,74;0,966;10,0;0,9639999;10,0;0,0;10,0;2,073;24,156;0,53;32,239;3,34;7,108;0,64;6,706;1,32;970,33;1,0;"";"";21,773;2,46;84,04;15,94;"";"";30,654;13,41;53,9;"";"";"";"";"";"";"";"";"";"";"";"";"";"";"";"";"";"";"";"";"";"";"";"";"";"";"";"";"";"";"";"";"";"";"";"";"";"";"";"";"";"";"";"";"";"";"";"";"";"";"";"";"";"";"";"";"";"";"";"";"";"";"";"";""
03.01.2023 22:03:01;1672779781000;880f01e687e2572cea04e80fc6a68085;307511;OK;1809;0;0;0;0;0,06;-0,93;0;0;857;708;"";260,067;39,01;480,87;64,43;20,934;0,92;1,59;0,23;15,51;2,0;2,458;10,0;2,718;10,0;2,792;10,0;521,002;60,87;160,828;25,78;6,826;10,72;0,103;10,0;0,103;10,0;0,0;10,0;1,315;24,151;0,53;32,226;3,34;7,103;0,64;6,696;1,32;970,361;1,0;"";"";21,763;2,46;83,997;15,94;"";"";31,604;13,3;52,7;"";"";"";"";"";"";"";"";"";"";"";"";"";"";"";"";"";"";"";"";"";"";"";"";"";"";"";"";"";"";"";"";"";"";"";"";"";"";"";"";"";"";"";"";"";"";"";"";"";"";"";"";"";"";"";"";"";"";"";"";"";"";"";"";""
03.01.2023 22:05:03;1672779903000;880f01e687e2572cea04e80fc6a68085;307633;OK;1816;0;0;0;0;-0,03;-0,3;0;0;857;706;"";264,429;39,66;480,9;64,43;20,934;0,92;1,59;0,23;15,473;2,0;2,008;10,0;2,258;10,0;2,266;10,0;474,256;56,31;147,594;24,4;6,665;10,7;0,011;10,0;0,011;10,0;0,0;10,0;1,234;24,145;0,53;32,153;3,34;7,084;0,64;6,658;1,32;970,362;1,0;"";"";21,724;2,46;83,685;15,92;"";"";30,558;13,59;54,2;"";"";"";"";"";"";"";"";"";"";"";"";"";"";"";"";"";"";"";"";"";"";"";"";"";"";"";"";"";"";"";"";"";"";"";"";"";"";"";"";"";"";"";"";"";"";"";"";"";"";"";"";"";"";"";"";"";"";"";"";"";"";"";"";""
03.01.2023 22:07:04;1672780024000;880f01e687e2572cea04e80fc6a68085;307753;OK;1824;0;0;0;0;-0,07;-5,03;0;0;858;709;"";269,335;40,4;479,264;64,38;20,934;0,92;1,59;0,23;15,443;2,0;0,945;10,0;1,371;10,0;2,613;10,0;378,027;46,9;110,094;20,77;9,5;10,99;1,618;10,15;1,618;10,15;0,305;10,0;4,844;24,14;0,53;32,189;3,34;7,09;0,64;6,67;1,32;970,366;1,0;"";"";21,533;2,47;83,199;15,89;"";"";31,306;13,25;53,8;"";"";"";"";"";"";"";"";"";"";"";"";"";"";"";"";"";"";"";"";"";"";"";"";"";"";"";"";"";"";"";"";"";"";"";"";"";"";"";"";"";"";"";"";"";"";"";"";"";"";"";"";"";"";"";"";"";"";"";"";"";"";"";"";""
03.01.2023 22:09:03;1672780143000;880f01e687e2572cea04e80fc6a68085;307873;OK;1830;0;0;0;0;-0,01;-7,97;0;0;860;710;"";270,498;40,57;479,055;64,37;20,932;0,92;1,59;0,23;15,435;1,99;1,456;10,0;1,741;10,0;2,046;10,0;463,135;55,25;140,59;23,77;7,763;10,89;0,726;10,02;0,356;10,02;0,211;10,0;2,133;24,136;0,53;32,239;3,34;7,1;0,64;6,689;1,32;970,377;1,0;"";"";21,602;2,47;83,43101;15,91;"";"";31,493;13,2;58,2;"";"";"";"";"";"";"";"";"";"";"";"";"";"";"";"";"";"";"";"";"";"";"";"";"";"";"";"";"";"";"";"";"";"";"";"";"";"";"";"";"";"";"";"";"";"";"";"";"";"";"";"";"";"";"";"";"";"";"";"";"";"";"";"";""
03.01.2023 22:11:04;1672780264000;880f01e687e2572cea04e80fc6a68085;307993;OK;1836;0;0;0;0;0,04;-5,89;0;0;859;709;"";261,547;39,23;478,226;64,35;20,933;0,92;1,591;0,23;15,471;2,0;1,854;10,0;2,142;10,0;2,688;10,0;501,024;58,95;153,405;24,98;6,687;10,63;0,731;10,09;0,692;10,09;0,023;10,0;2,397;24,137;0,53;32,205;3,34;7,092;0,64;6,674;1,32;970,379;1,0;"";"";21,627;2,47;83,514;15,91;"";"";33,874;12,34;56,6;"";"";"";"";"";"";"";"";"";"";"";"";"";"";"";"";"";"";"";"";"";"";"";"";"";"";"";"";"";"";"";"";"";"";"";"";"";"";"";"";"";"";"";"";"";"";"";"";"";"";"";"";"";"";"";"";"";"";"";"";"";"";"";"";""
03.01.2023 22:13:05;1672780385000;880f01e687e2572cea04e80fc6a68085;308114;OK;1824;0;0;0;0;-0,03;-4,69;0;0;856;708;"";255,981;38,4;477,85;64,34;20,934;0,92;1,591;0,23;15,45;2,0;2,396;10,0;2,686;10,0;2,871;10,0;516,702;60,55;160,686;25,69;8,486;10,86;0,546;10,01;0,542;10,01;0,002;10,0;1,638;24,132;0,53;32,145;3,34;7,077;0,64;6,643;1,32;970,371;1,0;"";"";21,574;2,47;83,116;15,89;"";"";32,534;12,85;54,5;"";"";"";"";"";"";"";"";"";"";"";"";"";"";"";"";"";"";"";"";"";"";"";"";"";"";"";"";"";"";"";"";"";"";"";"";"";"";"";"";"";"";"";"";"";"";"";"";"";"";"";"";"";"";"";"";"";"";"";"";"";"";"";"";""
03.01.2023 22:15:04;1672780504000;880f01e687e2572cea04e80fc6a68085;308233;OK;1831;0;0;0;0;-0,09;-3,95;0;0;857;709;"";258,845;38,83;478,205;64,35;20,932;0,92;1,59;0,23;15,344;1,99;2,283;10,0;2,607;10,0;3,015;10,0;529,411;61,71;159,91;25,71;6,312;10,67;0,895;10,0;0,895;10,0;0,0;10,0;2,177;24,129;0,53;32,145;3,34;7,076;0,64;6,641;1,32;970,382;1,0;"";"";21,419;2,48;82,564;15,86;"";"";30,753;13,66;54,0;"";"";"";"";"";"";"";"";"";"";"";"";"";"";"";"";"";"";"";"";"";"";"";"";"";"";"";"";"";"";"";"";"";"";"";"";"";"";"";"";"";"";"";"";"";"";"";"";"";"";"";"";"";"";"";"";"";"";"";"";"";"";"";"";""
03.01.2023 22:17:05;1672780625000;880f01e687e2572cea04e80fc6a68085;308355;OK;1837;0;0;0;0;-0,05;4,93;0;0;857;707;"";269,951;40,49;480,431;64,41;20,932;0,92;1,591;0,23;15,291;1,99;1,863;10,0;1,924;10,0;2,629;10,0;474,802;56,48;143,659;24,03;7,165;10,65;0,929;10,0;0,699;10,0;0,0;10,0;3,195;24,127;0,53;32,139;3,34;7,074;0,64;6,636;1,33;970,374;1,0;"";"";21,368;2,48;82,555;15,86;"";"";31,976;13,03;54,7;"";"";"";"";"";"";"";"";"";"";"";"";"";"";"";"";"";"";"";"";"";"";"";"";"";"";"";"";"";"";"";"";"";"";"";"";"";"";"";"";"";"";"";"";"";"";"";"";"";"";"";"";"";"";"";"";"";"";"";"";"";"";"";"";""
03.01.2023 22:19:05;1672780745000;880f01e687e2572cea04e80fc6a68085;308474;OK;1828;0;0;0;0;0,05;2,1;0;0;859;710;"";268,118;40,22;477,899;64,34;20,933;0,92;1,591;0,23;15,315;1,99;2,014;10,0;2,207;10,0;2,755;10,0;475,639;56,47;143,377;23,93;8,946;10,81;0,84;10,0;0,814;10,0;0,737;10,0;2,492;24,126;0,53;32,249;3,34;7,098;0,64;6,685;1,32;970,362;1,0;"";"";21,406;2,48;82,56801;15,86;"";"";31,741;13,24;54,9;"";"";"";"";"";"";"";"";"";"";"";"";"";"";"";"";"";"";"";"";"";"";"";"";"";"";"";"";"";"";"";"";"";"";"";"";"";"";"";"";"";"";"";"";"";"";"";"";"";"";"";"";"";"";"";"";"";"";"";"";"";"";"";"";""
03.01.2023 22:21:06;1672780866000;880f01e687e2572cea04e80fc6a68085;308595;OK;1833;0;0;0;0;0,08;-1,9;0;0;860;711;"";270,253;40,54;478,138;64,34;20,929;0,92;1,591;0,23;15,384;1,99;1,8;10,0;2,116;10,0;2,785;10,0;490,017;57,91;148,79;24,55;10,234;11,01;0,943;10,0;0,595;10,0;0,079;10,0;3,146;24,123;0,53;32,258;3,34;7,098;0,64;6,686;1,32;970,351;1,0;"";"";21,549;2,47;83,087;15,89;"";"";32,528;12,63;53,0;"";"";"";"";"";"";"";"";"";"";"";"";"";"";"";"";"";"";"";"";"";"";"";"";"";"";"";"";"";"";"";"";"";"";"";"";"";"";"";"";"";"";"";"";"";"";"";"";"";"";"";"";"";"";"";"";"";"";"";"";"";"";"";"";""
03.01.2023 22:23:06;1672780986000;880f01e687e2572cea04e80fc6a68085;308716;OK;1826;0;0;0;0;0,03;-7,5;0;0;859;710;"";269,648;40,45;477,307;64,32;20,933;0,92;1,591;0,23;15,261;1,99;1,468;10,0;1,854;10,0;2,275;10,0;475,537;56,47;146,529;24,32;7,146;10,75;0,569;10,0;0,532;10,0;0,008;10,0;2,748;24,119;0,53;32,228;3,34;7,09;0,64;6,669;1,32;970,351;1,0;"";"";21,539;2,47;82,85399;15,87;"";"";31,74;13,01;53,9;"";"";"";"";"";"";"";"";"";"";"";"";"";"";"";"";"";"";"";"";"";"";"";"";"";"";"";"";"";"";"";"";"";"";"";"";"";"";"";"";"";"";"";"";"";"";"";"";"";"";"";"";"";"";"";"";"";"";"";"";"";"";"";"";""
03.01.2023 22:25:07;1672781107000;880f01e687e2572cea04e80fc6a68085;308836;OK;1822;0;0;0;0;-0,02;-4,96;0;0;860;711;"";273,053;40,96;476,692;64,3;20,935;0,92;1,591;0,23;15,193;1,98;1,373;10,0;1,672;10,0;2,056;10,0;476,666;56,56;143,78;24,11;5,922;10,54;0,967;10,0;0,298;10,0;0,001;10,0;2,592;24,115;0,53;32,244;3,34;7,092;0,64;6,673;1,32;970,3589;1,0;"";"";21,506;2,47;82,534;15,86;"";"";31,504;13,36;54,0;"";"";"";"";"";"";"";"";"";"";"";"";"";"";"";"";"";"";"";"";"";"";"";"";"";"";"";"";"";"";"";"";"";"";"";"";"";"";"";"";"";"";"";"";"";"";"";"";"";"";"";"";"";"";"";"";"";"";"";"";"";"";"";"";""
03.01.2023 22:27:07;1672781227000;880f01e687e2572cea04e80fc6a68085;308957;OK;1828;0;0;0;0;-0,02;-5,46;0;0;860;711;"";262,663;39,4;476,532;64,3;20,932;0,92;1,591;0,23;15,3;1,99;1,853;10,0;2,026;10,0;2,278;10,0;510,255;59,8;154,736;25,13;7,311;10,73;0,856;10,0;0,032;10,0;0,0;10,0;1,986;24,111;0,53;32,242;3,34;7,09;0,64;6,669;1,32;970,352;1,0;"";"";21,499;2,47;82,623;15,86;"";"";31,328;13,22;54,9;"";"";"";"";"";"";"";"";"";"";"";"";"";"";"";"";"";"";"";"";"";"";"";"";"";"";"";"";"";"";"";"";"";"";"";"";"";"";"";"";"";"";"";"";"";"";"";"";"";"";"";"";"";"";"";"";"";"";"";"";"";"";"";"";""
03.01.2023 22:29:06;1672781346000;880f01e687e2572cea04e80fc6a68085;309076;OK;1818;0;0;0;0;-0,03;-7,69;0;0;859;711;"";269,007;40,35;474,542;64,24;20,932;0,92;1,591;0,23;15,275;1,99;1,57;10,0;1,768;10,0;1,982;10,0;445,836;53,59;135,612;23,21;5,329;10,49;0,291;10,0;0,2;10,0;0,0;10,0;1,861;24,103;0,53;32,216;3,34;7,081;0,64;6,65;1,32;970,331;1,0;"";"";21,45;2,48;82,377;15,85;"";"";31,558;13,24;54,3;"";"";"";"";"";"";"";"";"";"";"";"";"";"";"";"";"";"";"";"";"";"";"";"";"";"";"";"";"";"";"";"";"";"";"";"";"";"";"";"";"";"";"";"";"";"";"";"";"";"";"";"";"";"";"";"";"";"";"";"";"";"";"";"";""
03.01.2023 22:31:07;1672781467000;880f01e687e2572cea04e80fc6a68085;309197;OK;1832;0;0;0;0;-0,06;-8,59;0;0;859;711;"";271,564;40,73;474,111;64,22;20,932;0,92;1,591;0,23;15,138;1,98;1,994;10,0;2,038;10,0;2,467;10,0;463,156;55,26;143,586;24,02;5,107;10,62;0,393;10,0;0,383;10,0;0,362;10,0;2,271;24,101;0,53;32,212;3,34;7,079;0,64;6,646;1,32;970,301;1,0;"";"";21,32;2,48;82,109;15,83;"";"";31,744;12,99;57,3;"";"";"";"";"";"";"";"";"";"";"";"";"";"";"";"";"";"";"";"";"";"";"";"";"";"";"";"";"";"";"";"";"";"";"";"";"";"";"";"";"";"";"";"";"";"";"";"";"";"";"";"";"";"";"";"";"";"";"";"";"";"";"";"";""
03.01.2023 22:33:09;1672781589000;880f01e687e2572cea04e80fc6a68085;309318;OK;1833;0;0;0;0;-0,03;-5,39;0;0;859;711;"";268,611;40,29;474,442;64,23;20,933;0,92;1,591;0,23;15,158;1,98;1,559;10,0;1,701;10,0;1,924;10,0;499,149;58,76;151,321;24,82;6,435;10,54;0,243;10,0;0,242;10,0;0,039;10,0;1,928;24,096;0,53;32,208;3,34;7,077;0,64;6,64;1,32;970,297;1,0;"";"";21,341;2,48;82,172;15,83;"";"";32,592;12,87;53,2;"";"";"";"";"";"";"";"";"";"";"";"";"";"";"";"";"";"";"";"";"";"";"";"";"";"";"";"";"";"";"";"";"";"";"";"";"";"";"";"";"";"";"";"";"";"";"";"";"";"";"";"";"";"";"";"";"";"";"";"";"";"";"";"";""
03.01.2023 22:35:09;1672781709000;880f01e687e2572cea04e80fc6a68085;309439;OK;1830;0;0;0;0;-0,02;2,43;0;0;857;710;"";266,781;40,02;474,266;64,23;20,931;0,92;1,592;0,23;15,087;1,98;2,303;10,0;2,408;10,0;2,781;10,0;506,889;59,57;157,875;25,38;7,642;10,69;0,46;10,0;0,46;10,0;0,004;10,0;2,195;24,092;0,53;32,168;3,34;7,066;0,64;6,619;1,32;970,3179;1,0;"";"";21,247;2,49;81,884;15,82;"";"";31,585;12,87;54,0;"";"";"";"";"";"";"";"";"";"";"";"";"";"";"";"";"";"";"";"";"";"";"";"";"";"";"";"";"";"";"";"";"";"";"";"";"";"";"";"";"";"";"";"";"";"";"";"";"";"";"";"";"";"";"";"";"";"";"";"";"";"";"";"";""
03.01.2023 22:37:11;1672781831000;880f01e687e2572cea04e80fc6a68085;309560;OK;1813;0;0;0;0;-0,01;6,85;0;0;856;711;"";265,863;39,88;475,903;64,28;20,931;0,92;1,592;0,23;15,069;1,97;2,785;10,0;3,278;10,0;3,419;10,0;575,458;66,25;182,998;27,83;9,931;10,95;0,201;10,0;0,201;10,0;0,0;10,0;1,601;24,088;0,53;32,234;3,34;7,079;0,64;6,645;1,32;970,34;1,0;"";"";21,149;2,49;81,729;15,81;"";"";32,349;12,79;53,4;"";"";"";"";"";"";"";"";"";"";"";"";"";"";"";"";"";"";"";"";"";"";"";"";"";"";"";"";"";"";"";"";"";"";"";"";"";"";"";"";"";"";"";"";"";"";"";"";"";"";"";"";"";"";"";"";"";"";"";"";"";"";"";"";""
03.01.2023 22:39:10;1672781950000;880f01e687e2572cea04e80fc6a68085;309679;OK;1829;0;0;0;0;0,01;-3,93;0;0;858;711;"";256,737;38,51;471,66;64,15;20,93;0,92;1,592;0,23;15,066;1,97;2,346;10,0;2,625;10,0;2,825;10,0;501,749;59,03;155,622;25,17;9,589;11,01;0,252;10,0;0,252;10,0;0,0;10,0;1,693;24,082;0,53;32,218;3,34;7,073;0,64;6,633;1,32;970,37;1,0;"";"";21,249;2,49;82,044;15,83;"";"";32,182;12,82;53,1;"";"";"";"";"";"";"";"";"";"";"";"";"";"";"";"";"";"";"";"";"";"";"";"";"";"";"";"";"";"";"";"";"";"";"";"";"";"";"";"";"";"";"";"";"";"";"";"";"";"";"";"";"";"";"";"";"";"";"";"";"";"";"";"";""
03.01.2023 22:41:11;1672782071000;880f01e687e2572cea04e80fc6a68085;309800;OK;1844;0;0;0;0;0,0;-14,13;0;0;857;711;"";254,868;38,23;471,367;64,14;20,93;0,92;1,592;0,23;14,997;1,97;2,399;10,0;2,537;10,0;2,609;10,0;526,395;61,34;162,404;25,88;9,254;10,94;0,172;10,0;0,027;10,0;0,0;10,0;1,279;24,079;0,53;32,206;3,34;7,07;0,64;6,625;1,32;970,369;1,0;"";"";21,231;2,49;81,601;15,8;"";"";31,597;12,88;51,7;"";"";"";"";"";"";"";"";"";"";"";"";"";"";"";"";"";"";"";"";"";"";"";"";"";"";"";"";"";"";"";"";"";"";"";"";"";"";"";"";"";"";"";"";"";"";"";"";"";"";"";"";"";"";"";"";"";"";"";"";"";"";"";"";""
03.01.2023 22:43:10;1672782190000;880f01e687e2572cea04e80fc6a68085;309920;OK;1827;0;0;0;0;-0,01;-7,94;0;0;859;712;"";262,741;39,41;473,458;64,2;20,93;0,92;1,592;0,23;15,037;1,97;1,867;10,0;2,061;10,0;2,069;10,0;474,135;56,27;146,72;24,42;7,434;10,76;0,488;10,0;0,003;10,0;0,0;10,0;1,136;24,076;0,53;32,25;3,34;7,078;0,64;6,642;1,32;970,353;1,0;"";"";21,272;2,49;81,54;15,8;"";"";30,737;13,72;55,8;"";"";"";"";"";"";"";"";"";"";"";"";"";"";"";"";"";"";"";"";"";"";"";"";"";"";"";"";"";"";"";"";"";"";"";"";"";"";"";"";"";"";"";"";"";"";"";"";"";"";"";"";"";"";"";"";"";"";"";"";"";"";"";"";""
03.01.2023 22:45:11;1672782311000;880f01e687e2572cea04e80fc6a68085;310041;OK;1828;0;0;0;0;-0,01;4,33;0;0;859;711;"";266,395;39,96;472,34;64,17;20,93;0,92;1,592;0,23;14,931;1,97;1,614;10,0;1,809;10,0;2,52;10,0;482,657;57,27;145,78;24,25;9,651;10,92;1,629;10,03;1,393;10,03;0,0;10,0;3,356;24,074;0,53;32,218;3,34;7,07;0,64;6,625;1,32;970,321;1,0;"";"";21,207;2,49;81,64901;15,8;"";"";31,165;13,23;53,8;"";"";"";"";"";"";"";"";"";"";"";"";"";"";"";"";"";"";"";"";"";"";"";"";"";"";"";"";"";"";"";"";"";"";"";"";"";"";"";"";"";"";"";"";"";"";"";"";"";"";"";"";"";"";"";"";"";"";"";"";"";"";"";"";""
03.01.2023 22:47:11;1672782431000;880f01e687e2572cea04e80fc6a68085;310161;OK;1845;0;0;0;0;0,03;2,29;0;0;858;712;"";263,494;39,52;471,797;64,15;20,931;0,92;1,592;0,23;14,922;1,97;1,801;10,0;1,853;10,0;3,019;10,18;509,255;59,8;157,324;25,32;8,966;10,88;2,014;10,15;1,299;10,0;0,5809999;10,0;3,386;24,071;0,53;32,253;3,34;7,076;0,64;6,639;1,32;970,301;1,0;"";"";21,137;2,49;81,505;15,8;"";"";32,092;12,69;54,2;"";"";"";"";"";"";"";"";"";"";"";"";"";"";"";"";"";"";"";"";"";"";"";"";"";"";"";"";"";"";"";"";"";"";"";"";"";"";"";"";"";"";"";"";"";"";"";"";"";"";"";"";"";"";"";"";"";"";"";"";"";"";"";"";""
03.01.2023 22:49:12;1672782552000;880f01e687e2572cea04e80fc6a68085;310281;OK;1822;0;0;0;0;-0,01;-3,64;0;0;860;712;"";266,232;39,93;472,878;64,19;20,93;0,92;1,592;0,23;14,848;1,96;1,781;10,0;2,011;10,0;2,71;10,02;501,082;58,99;151,033;24,71;6,147;10,68;1,607;10,13;1,531;10,12;0,062;10,0;2,772;24,068;0,53;32,261;3,34;7,077;0,64;6,639;1,32;970,283;1,0;"";"";21,145;2,49;81,358;15,79;"";"";31,36;13,21;54,4;"";"";"";"";"";"";"";"";"";"";"";"";"";"";"";"";"";"";"";"";"";"";"";"";"";"";"";"";"";"";"";"";"";"";"";"";"";"";"";"";"";"";"";"";"";"";"";"";"";"";"";"";"";"";"";"";"";"";"";"";"";"";"";"";""
03.01.2023 22:51:13;1672782673000;880f01e687e2572cea04e80fc6a68085;310402;OK;1820;0;0;0;0;-0,01;-3,12;0;0;857;712;"";260,914;39,14;470,343;64,11;20,931;0,92;1,593;0,23;14,714;1,96;2,402;10,0;2,514;10,0;3,145;10,0;512,038;59,99;152,504;24,9;9,247;10,87;0,942;10,03;0,82;10,01;0,007;10,0;2,473;24,064;0,53;32,244;3,34;7,072;0,64;6,628;1,32;970,2559;1,0;"";"";21,193;2,49;81,236;15,78;"";"";30,511;13,57;53,2;"";"";"";"";"";"";"";"";"";"";"";"";"";"";"";"";"";"";"";"";"";"";"";"";"";"";"";"";"";"";"";"";"";"";"";"";"";"";"";"";"";"";"";"";"";"";"";"";"";"";"";"";"";"";"";"";"";"";"";"";"";"";"";"";""
03.01.2023 22:53:13;1672782793000;880f01e687e2572cea04e80fc6a68085;310523;OK;1826;0;0;0;0;-0,02;-5,45;0;0;858;713;"";255,63;38,34;469,034;64,07;20,931;0,92;1,593;0,23;14,69;1,95;2,248;10,0;2,337;10,0;3,068;10,0;535,193;62,28;165,031;26,13;7,528;10,88;1,008;10,0;0,393;10,0;0,001;10,0;3,228;24,058;0,53;32,257;3,34;7,072;0,64;6,629;1,32;970,241;1,0;"";"";21,068;2,5;80,831;15,76;"";"";30,847;13,59;54,3;"";"";"";"";"";"";"";"";"";"";"";"";"";"";"";"";"";"";"";"";"";"";"";"";"";"";"";"";"";"";"";"";"";"";"";"";"";"";"";"";"";"";"";"";"";"";"";"";"";"";"";"";"";"";"";"";"";"";"";"";"";"";"";"";""
03.01.2023 22:55:14;1672782914000;880f01e687e2572cea04e80fc6a68085;310644;OK;1826;0;0;0;0;-0,01;-13,18;0;0;860;713;"";261,082;39,16;468,245;64,05;20,931;0,92;1,592;0,23;14,716;1,96;1,619;10,0;2,027;10,0;2,113;10,0;495,429;58,32;153,69;24,99;7,584;10,81;0,108;10,0;0,042;10,0;0,0;10,0;1,54;24,054;0,53;32,264;3,34;7,072;0,64;6,629;1,32;970,226;1,0;"";"";21,133;2,49;80,70601;15,75;"";"";32,422;12,42;58,5;"";"";"";"";"";"";"";"";"";"";"";"";"";"";"";"";"";"";"";"";"";"";"";"";"";"";"";"";"";"";"";"";"";"";"";"";"";"";"";"";"";"";"";"";"";"";"";"";"";"";"";"";"";"";"";"";"";"";"";"";"";"";"";"";""
03.01.2023 22:57:14;1672783034000;880f01e687e2572cea04e80fc6a68085;310764;OK;1807;0;0;0;0;0,03;-5,72;0;0;862;714;"";261,638;39,25;468,868;64,07;20,93;0,92;1,593;0,23;14,839;1,96;1,574;10,0;1,711;10,0;2,705;10,0;460,328;54,95;143,181;24,03;8,118;10,77;1,735;10,21;1,092;10,04;0,0;10,0;3,978;24,052;0,53;32,334;3,34;7,087;0,64;6,659;1,31;970,239;1,0;"";"";21,192;2,49;81,054;15,77;"";"";32,729;12,2;57,8;"";"";"";"";"";"";"";"";"";"";"";"";"";"";"";"";"";"";"";"";"";"";"";"";"";"";"";"";"";"";"";"";"";"";"";"";"";"";"";"";"";"";"";"";"";"";"";"";"";"";"";"";"";"";"";"";"";"";"";"";"";"";"";"";""
03.01.2023 22:59:14;1672783154000;880f01e687e2572cea04e80fc6a68085;310884;OK;1828;0;0;0;0;0,01;3,32;0;0;860;713;"";261,245;39,19;469,88;64,1;20,929;0,92;1,593;0,23;14,815;1,96;1,484;10,0;1,81;10,0;2,332;10,0;487,964;57,71;148,446;24,45;8,994;10,92;0,995;10,08;0,491;10,0;0,0;10,0;3,057;24,048;0,53;32,28;3,34;7,073;0,64;6,631;1,32;970,263;1,0;"";"";21,134;2,49;81,196;15,78;"";"";31,787;12,8;54,3;"";"";"";"";"";"";"";"";"";"";"";"";"";"";"";"";"";"";"";"";"";"";"";"";"";"";"";"";"";"";"";"";"";"";"";"";"";"";"";"";"";"";"";"";"";"";"";"";"";"";"";"";"";"";"";"";"";"";"";"";"";"";"";"";""
03.01.2023 23:01:15;1672783275000;880f01e687e2572cea04e80fc6a68085;311004;OK;1818;0;0;0;0;-0,02;5,99;0;0;858;713;"";257,085;38,56;469,575;64,09;20,929;0,92;1,593;0,23;14,813;1,96;2,126;10,0;2,515;10,0;2,57;10,0;529,93;61,75;163,894;26,03;8,022;10,82;0,106;10,01;0,052;10,0;0,0;10,0;1,424;24,047;0,53;32,268;3,34;7,07;0,64;6,624;1,32;970,27;1,0;"";"";21,12;2,49;81,144;15,77;"";"";31,681;13,06;54,9;"";"";"";"";"";"";"";"";"";"";"";"";"";"";"";"";"";"";"";"";"";"";"";"";"";"";"";"";"";"";"";"";"";"";"";"";"";"";"";"";"";"";"";"";"";"";"";"";"";"";"";"";"";"";"";"";"";"";"";"";"";"";"";"";""
03.01.2023 23:03:16;1672783396000;880f01e687e2572cea04e80fc6a68085;311125;OK;1824;0;0;0;0;-0,04;-1,74;0;0;860;714;"";259,6;38,94;469,357;64,08;20,929;0,92;1,593;0,23;14,783;1,96;1,781;10,0;2,111;10,0;2,117;10,0;474,362;56,29;145,975;24,3;5,398;10,5;0,011;10,0;0,006;10,0;0,0;10,0;1,226;24,043;0,53;32,281;3,34;7,071;0,64;6,627;1,32;970,278;1,0;"";"";21,033;2,5;80,927;15,76;"";"";31,694;12,9;57,7;"";"";"";"";"";"";"";"";"";"";"";"";"";"";"";"";"";"";"";"";"";"";"";"";"";"";"";"";"";"";"";"";"";"";"";"";"";"";"";"";"";"";"";"";"";"";"";"";"";"";"";"";"";"";"";"";"";"";"";"";"";"";"";"";""
03.01.2023 23:05:14;1672783514000;880f01e687e2572cea04e80fc6a68085;311244;OK;1816;0;0;0;0;0,04;-4,09;0;0;859;715;"";259,52;38,93;468,681;64,06;20,931;0,92;1,592;0,23;14,749;1,96;2,325;10,0;2,445;10,0;2,446;10,0;541,06;62,85;160,062;25,66;4,541;10,42;0,001;10,0;0,001;10,0;0,0;10,0;1,071;24,042;0,53;32,352;3,34;7,087;0,64;6,658;1,31;970,267;1,0;"";"";21,053;2,5;81,053;15,77;"";"";31,741;13,24;56,0;"";"";"";"";"";"";"";"";"";"";"";"";"";"";"";"";"";"";"";"";"";"";"";"";"";"";"";"";"";"";"";"";"";"";"";"";"";"";"";"";"";"";"";"";"";"";"";"";"";"";"";"";"";"";"";"";"";"";"";"";"";"";"";"";""
03.01.2023 23:07:17;1672783637000;880f01e687e2572cea04e80fc6a68085;311366;OK;1819;0;0;0;0;0,02;-6,08;0;0;856;714;"";254,855;38,23;467,456;64,02;20,929;0,92;1,593;0,23;14,777;1,96;2,373;10,0;2,615;10,0;3,1;10,02;559,267;64,7;172,984;26,92;6,564;10,72;0,35;10,0;0,35;10,0;0,35;10,0;2,243;24,038;0,53;32,289;3,34;7,071;0,64;6,626;1,32;970,2479;1,0;"";"";21,169;2,49;81,102;15,77;"";"";31,635;12,76;53,7;"";"";"";"";"";"";"";"";"";"";"";"";"";"";"";"";"";"";"";"";"";"";"";"";"";"";"";"";"";"";"";"";"";"";"";"";"";"";"";"";"";"";"";"";"";"";"";"";"";"";"";"";"";"";"";"";"";"";"";"";"";"";"";"";""
03.01.2023 23:09:17;1672783757000;880f01e687e2572cea04e80fc6a68085;311487;OK;1816;0;0;0;0;-0,02;-6,53;0;0;858;714;"";254,119;38,12;467,441;64,02;20,933;0,92;1,593;0,23;14,643;1,95;2,276;10,0;2,67;10,0;2,971;10,0;538,672;62,62;168,949;26,48;9,51;10,8;0,282;10,03;0,282;10,03;0,164;10,0;1,802;24,034;0,53;32,268;3,34;7,065;0,64;6,613;1,32;970,249;1,0;"";"";21,084;2,49;80,587;15,74;"";"";30,584;13,29;55,9;"";"";"";"";"";"";"";"";"";"";"";"";"";"";"";"";"";"";"";"";"";"";"";"";"";"";"";"";"";"";"";"";"";"";"";"";"";"";"";"";"";"";"";"";"";"";"";"";"";"";"";"";"";"";"";"";"";"";"";"";"";"";"";"";""
03.01.2023 23:11:16;1672783876000;880f01e687e2572cea04e80fc6a68085;311606;OK;1818;0;0;0;0;-0,01;-0,91;0;0;856;715;"";260,872;39,13;468,821;64,06;20,929;0,92;1,593;0,23;14,612;1,95;2,691;10,0;2,904;10,0;3,17;10,0;592,289;67,74;177,617;27,31;9,329;10,94;0,491;10,0;0,307;10,0;0,018;10,0;1,619;24,032;0,53;32,341;3,34;7,08;0,64;6,644;1,31;970,2579;1,0;"";"";21,029;2,5;80,526;15,74;"";"";29,974;13,64;57,5;"";"";"";"";"";"";"";"";"";"";"";"";"";"";"";"";"";"";"";"";"";"";"";"";"";"";"";"";"";"";"";"";"";"";"";"";"";"";"";"";"";"";"";"";"";"";"";"";"";"";"";"";"";"";"";"";"";"";"";"";"";"";"";"";""
03.01.2023 23:13:17;1672783997000;880f01e687e2572cea04e80fc6a68085;311727;OK;1820;0;0;0;0;-0,01;-2,02;0;0;858;714;"";258,394;38,76;465,816;63,97;20,929;0,92;1,594;0,23;14,572;1,95;1,943;10,0;2,217;10,0;2,245;10,0;549,877;63,75;163,797;25,94;7,032;10,72;0,052;10,0;0,033;10,0;0,002;10,0;1,219;24,028;0,53;32,274;3,34;7,064;0,64;6,611;1,32;970,255;1,0;"";"";20,941;2,5;80,25001;15,72;"";"";30,868;13,34;57,0;"";"";"";"";"";"";"";"";"";"";"";"";"";"";"";"";"";"";"";"";"";"";"";"";"";"";"";"";"";"";"";"";"";"";"";"";"";"";"";"";"";"";"";"";"";"";"";"";"";"";"";"";"";"";"";"";"";"";"";"";"";"";"";"";""
03.01.2023 23:15:17;1672784117000;880f01e687e2572cea04e80fc6a68085;311846;OK;1832;0;0;0;0;0,03;-3,7;0;0;861;715;"";255,526;38,33;466,435;63,99;20,928;0,92;1,595;0,23;14,701;1,96;1,966;10,0;2,252;10,0;2,668;10,0;565,998;65,31;173,869;26,93;7,343;10,73;0,531;10,0;0,529;10,0;0,0;10,0;2,2;24,023;0,53;32,367;3,34;7,082;0,64;6,648;1,31;970,2399;1,0;"";"";20,949;2,5;80,38;15,73;"";"";33,094;12,14;58,3;"";"";"";"";"";"";"";"";"";"";"";"";"";"";"";"";"";"";"";"";"";"";"";"";"";"";"";"";"";"";"";"";"";"";"";"";"";"";"";"";"";"";"";"";"";"";"";"";"";"";"";"";"";"";"";"";"";"";"";"";"";"";"";"";""
03.01.2023 23:17:17;1672784237000;880f01e687e2572cea04e80fc6a68085;311967;OK;1816;0;0;0;0;-0,03;-9,64;0;0;859;714;"";252,379;37,86;465,288;63,96;20,927;0,92;1,596;0,23;14,743;1,96;2,066;10,0;2,428;10,0;2,75;10,0;557,172;64,37;173,656;26,98;7,336;10,67;0,854;10,0;0,347;10,0;0,0;10,0;2,048;24,02;0,53;32,289;3,34;7,064;0,64;6,61;1,32;970,2379;1,0;"";"";20,954;2,5;80,237;15,72;"";"";31,263;13,13;53,3;"";"";"";"";"";"";"";"";"";"";"";"";"";"";"";"";"";"";"";"";"";"";"";"";"";"";"";"";"";"";"";"";"";"";"";"";"";"";"";"";"";"";"";"";"";"";"";"";"";"";"";"";"";"";"";"";"";"";"";"";"";"";"";"";""
03.01.2023 23:19:19;1672784359000;880f01e687e2572cea04e80fc6a68085;312088;OK;1836;0;0;0;0;-0,0;1,91;0;0;861;715;"";254,068;38,11;467,664;64,03;20,934;0,92;1,595;0,23;14,653;1,95;1,769;10,0;2,119;10,0;2,224;10,0;513,709;60,27;158,409;25,44;7,381;10,85;0,163;10,0;0,109;10,0;0,0;10,0;1,515;24,016;0,53;32,326;3,34;7,071;0,64;6,624;1,32;970,2479;1,0;"";"";20,968;2,5;79,997;15,71;"";"";34,117;12,18;56,3;"";"";"";"";"";"";"";"";"";"";"";"";"";"";"";"";"";"";"";"";"";"";"";"";"";"";"";"";"";"";"";"";"";"";"";"";"";"";"";"";"";"";"";"";"";"";"";"";"";"";"";"";"";"";"";"";"";"";"";"";"";"";"";"";""
03.01.2023 23:21:19;1672784479000;880f01e687e2572cea04e80fc6a68085;312209;OK;1822;0;0;0;0;-0,04;6,33;0;0;860;714;"";253,705;38,06;468,651;64,06;20,935;0,92;1,596;0,23;14,466;1,94;1,368;10,0;1,49;10,0;1,711;10,0;496,233;58,44;153,312;25,04;7,711;10,82;0,313;10,0;0,012;10,0;0,0;10,0;2,015;24,013;0,53;32,287;3,34;7,061;0,64;6,603;1,32;970,27;1,0;"";"";20,902;2,5;80,022;15,71;"";"";32,976;12,68;57,5;"";"";"";"";"";"";"";"";"";"";"";"";"";"";"";"";"";"";"";"";"";"";"";"";"";"";"";"";"";"";"";"";"";"";"";"";"";"";"";"";"";"";"";"";"";"";"";"";"";"";"";"";"";"";"";"";"";"";"";"";"";"";"";"";""
03.01.2023 23:23:19;1672784599000;880f01e687e2572cea04e80fc6a68085;312329;OK;1807;0;0;0;0;-0,03;6,19;0;0;858;714;"";251,92;37,79;466,874;64,01;20,93;0,92;1,596;0,23;14,435;1,94;2,188;10,0;2,754;10,0;2,896;10,0;532,773;62,07;161,501;25,78;8,121;10,82;0,173;10,0;0,141;10,0;0,0;10,0;1,673;24,013;0,53;32,272;3,34;7,057;0,64;6,596;1,32;970,294;1,0;"";"";20,851;2,51;79,444;15,68;"";"";31,383;13,27;54,6;"";"";"";"";"";"";"";"";"";"";"";"";"";"";"";"";"";"";"";"";"";"";"";"";"";"";"";"";"";"";"";"";"";"";"";"";"";"";"";"";"";"";"";"";"";"";"";"";"";"";"";"";"";"";"";"";"";"";"";"";"";"";"";"";""
03.01.2023 23:25:22;1672784722000;880f01e687e2572cea04e80fc6a68085;312452;OK;1813;0;0;0;0;-0,04;-3,0;0;0;859;714;"";250,741;37,61;466,403;63,99;20,934;0,92;1,596;0,23;14,409;1,94;1,961;10,0;2,169;10,0;2,184;10,0;536,26;62,35;162,882;25,93;7,953;10,74;0,018;10,0;0,015;10,0;0,0;10,0;1,155;24,008;0,53;32,269;3,34;7,055;0,64;6,591;1,32;970,3;1,0;"";"";20,881;2,5;79,288;15,67;"";"";30,962;13,49;53,3;"";"";"";"";"";"";"";"";"";"";"";"";"";"";"";"";"";"";"";"";"";"";"";"";"";"";"";"";"";"";"";"";"";"";"";"";"";"";"";"";"";"";"";"";"";"";"";"";"";"";"";"";"";"";"";"";"";"";"";"";"";"";"";"";""
03.01.2023 23:27:22;1672784842000;880f01e687e2572cea04e80fc6a68085;312572;OK;1811;0;0;0;0;-0,01;-10,63;0;0;858;715;"";249,429;37,41;465,023;63,95;20,931;0,92;1,597;0,23;14,405;1,94;2,475;10,0;2,522;10,0;3,998;10,07;587,123;67,34;178,336;27,42;7,454;10,69;1,969;10,16;1,969;10,16;0,0;10,0;3,828;24,005;0,53;32,315;3,34;7,064;0,63;6,609;1,32;970,275;1,0;"";"";20,778;2,51;79,367;15,68;"";"";29,996;13,71;54,9;"";"";"";"";"";"";"";"";"";"";"";"";"";"";"";"";"";"";"";"";"";"";"";"";"";"";"";"";"";"";"";"";"";"";"";"";"";"";"";"";"";"";"";"";"";"";"";"";"";"";"";"";"";"";"";"";"";"";"";"";"";"";"";"";""
03.01.2023 23:29:22;1672784962000;880f01e687e2572cea04e80fc6a68085;312692;OK;1822;0;0;0;0;0,06;-2,9;0;0;861;716;"";252,386;37,86;465,973;63,98;20,926;0,92;1,597;0,23;14,538;1,95;2,125;10,0;2,179;10,0;2,448;10,01;547,94;63,53;166,24;26,26;5,419;10,58;0,5;10,02;0,5;10,02;0,0;10,0;1,653;24,002;0,53;32,379;3,34;7,076;0,63;6,635;1,31;970,2479;1,0;"";"";20,86;2,51;79,471;15,68;"";"";30,258;13,67;53,5;"";"";"";"";"";"";"";"";"";"";"";"";"";"";"";"";"";"";"";"";"";"";"";"";"";"";"";"";"";"";"";"";"";"";"";"";"";"";"";"";"";"";"";"";"";"";"";"";"";"";"";"";"";"";"";"";"";"";"";"";"";"";"";"";""
03.01.2023 23:31:23;1672785083000;880f01e687e2572cea04e80fc6a68085;312812;OK;1843;0;0;0;0;0,0;-2,97;0;0;858;714;"";251,38;37,71;464,787;63,94;20,926;0,92;1,597;0,23;14,504;1,94;2,452;10,0;2,728;10,0;3,067;10,0;562,92;64,96;172,783;26,86;6,827;10,77;0,388;10,0;0,388;10,0;0,0;10,0;1,906;23,998;0,53;32,28;3,34;7,053;0,63;6,587;1,32;970,2379;1,0;"";"";20,735;2,51;79,202;15,67;"";"";31,724;13,0;54,1;"";"";"";"";"";"";"";"";"";"";"";"";"";"";"";"";"";"";"";"";"";"";"";"";"";"";"";"";"";"";"";"";"";"";"";"";"";"";"";"";"";"";"";"";"";"";"";"";"";"";"";"";"";"";"";"";"";"";"";"";"";"";"";"";""
03.01.2023 23:33:24;1672785204000;880f01e687e2572cea04e80fc6a68085;312933;OK;1841;0;0;0;0;-0,01;-4,29;0;0;860;716;"";252,29;37,84;463,919;63,92;20,926;0,92;1,597;0,23;14,509;1,94;2,217;10,0;2,513;10,0;2,811;10,0;559,621;64,57;175,159;27,07;11,297;11,1;0,904;10,0;0,904;10,0;0,0;10,0;1,787;23,992;0,53;32,36;3,34;7,068;0,63;6,618;1,31;970,239;1,0;"";"";20,866;2,51;79,232;15,67;"";"";34,155;11,63;53,2;"";"";"";"";"";"";"";"";"";"";"";"";"";"";"";"";"";"";"";"";"";"";"";"";"";"";"";"";"";"";"";"";"";"";"";"";"";"";"";"";"";"";"";"";"";"";"";"";"";"";"";"";"";"";"";"";"";"";"";"";"";"";"";"";""
03.01.2023 23:35:22;1672785322000;880f01e687e2572cea04e80fc6a68085;313052;OK;1826;0;0;0;0;0,0;-7,79;0;0;857;716;"";252,137;37,82;463,84;63,92;20,925;0,92;1,597;0,23;14,484;1,94;2,258;10,0;3,1;10,05;3,296;10,1;555,25;64,23;170,023;26,63;13,444;11,42;0,216;10,0;0,216;10,0;0,0;10,0;1,74;23,99;0,53;32,381;3,34;7,072;0,63;6,626;1,31;970,239;1,0;"";"";20,859;2,51;79,403;15,67;"";"";30,6;13,39;54,2;"";"";"";"";"";"";"";"";"";"";"";"";"";"";"";"";"";"";"";"";"";"";"";"";"";"";"";"";"";"";"";"";"";"";"";"";"";"";"";"";"";"";"";"";"";"";"";"";"";"";"";"";"";"";"";"";"";"";"";"";"";"";"";"";""
03.01.2023 23:37:24;1672785444000;880f01e687e2572cea04e80fc6a68085;313173;OK;1838;0;0;0;0;0,02;0,95;0;0;859;715;"";249,542;37,43;464,706;63,94;20,926;0,92;1,597;0,23;14,464;1,94;2,219;10,0;2,461;10,01;2,719;10,01;584,093;66,98;174,587;27,0;8,663;10,82;0,736;10,0;0,736;10,0;0,0;10,0;1,81;23,986;0,53;32,312;3,34;7,055;0,63;6,591;1,32;970,236;1,0;"";"";20,754;2,51;79,112;15,66;"";"";32,827;12,5;52,7;"";"";"";"";"";"";"";"";"";"";"";"";"";"";"";"";"";"";"";"";"";"";"";"";"";"";"";"";"";"";"";"";"";"";"";"";"";"";"";"";"";"";"";"";"";"";"";"";"";"";"";"";"";"";"";"";"";"";"";"";"";"";"";"";""
03.01.2023 23:39:23;1672785563000;880f01e687e2572cea04e80fc6a68085;313292;OK;1836;0;0;0;0;-0,06;4,6;0;0;857;715;"";253,774;38,07;464,87;63,95;20,925;0,92;1,598;0,23;14,408;1,94;2,597;10,0;2,924;10,0;3,302;10,0;585,063;67,15;175,726;27,09;7,838;10,84;0,505;10,0;0,505;10,0;0,0;10,0;2,029;23,984;0,53;32,292;3,34;7,05;0,63;6,58;1,32;970,208;1,0;"";"";20,785;2,51;78,854;15,64;"";"";31,856;12,88;56,0;"";"";"";"";"";"";"";"";"";"";"";"";"";"";"";"";"";"";"";"";"";"";"";"";"";"";"";"";"";"";"";"";"";"";"";"";"";"";"";"";"";"";"";"";"";"";"";"";"";"";"";"";"";"";"";"";"";"";"";"";"";"";"";"";""
03.01.2023 23:41:24;1672785684000;880f01e687e2572cea04e80fc6a68085;313414;OK;1814;0;0;0;0;-0,07;-3,83;0;0;836;715;"";251,661;37,75;462,536;63,88;20,926;0,92;1,598;0,23;14,408;1,94;3,261;10,0;3,667;10,0;3,982;10,09;616,806;70,17;189,84;28,53;10,723;11,07;0,621;10,0;0,449;10,0;0,0;10,0;1,729;23,981;0,53;32,28;3,34;7,046;0,63;6,572;1,32;970,193;1,0;"";"";20,735;2,51;78,635;15,63;"";"";30,542;13,53;53,7;"";"";"";"";"";"";"";"";"";"";"";"";"";"";"";"";"";"";"";"";"";"";"";"";"";"";"";"";"";"";"";"";"";"";"";"";"";"";"";"";"";"";"";"";"";"";"";"";"";"";"";"";"";"";"";"";"";"";"";"";"";"";"";"";""
03.01.2023 23:43:24;1672785804000;880f01e687e2572cea04e80fc6a68085;313533;OK;1846;0;0;0;0;-0,04;-7,74;0;0;850;714;"";246,229;36,93;462,176;63,87;20,924;0,92;1,598;0,23;14,289;1,93;3,03;10,0;3,228;10,0;3,761;10,01;649,409;73,37;194,752;29,0;9,396;10,97;0,693;10,0;0,674;10,0;0,0;10,0;2,274;23,979;0,53;32,27;3,34;7,043;0,63;6,566;1,32;970,2069;1,0;"";"";20,673;2,51;78,129;15,61;"";"";32,07;12,81;56,0;"";"";"";"";"";"";"";"";"";"";"";"";"";"";"";"";"";"";"";"";"";"";"";"";"";"";"";"";"";"";"";"";"";"";"";"";"";"";"";"";"";"";"";"";"";"";"";"";"";"";"";"";"";"";"";"";"";"";"";"";"";"";"";"";""
03.01.2023 23:45:26;1672785926000;880f01e687e2572cea04e80fc6a68085;313655;OK;1826;0;0;0;0;-0,02;-7,65;0;0;855;714;"";243,997;36,6;461,775;63,85;20,925;0,92;1,599;0,23;14,272;1,93;2,921;10,0;3,204;10,0;3,261;10,0;627,186;71,28;186,985;28,33;8,214;10,89;0,074;10,0;0,072;10,0;0,0;10,0;1,243;23,977;0,53;32,256;3,34;7,04;0,63;6,558;1,32;970,21;1,0;"";"";20,653;2,52;77,523;15,57;"";"";32,709;12,81;53,8;"";"";"";"";"";"";"";"";"";"";"";"";"";"";"";"";"";"";"";"";"";"";"";"";"";"";"";"";"";"";"";"";"";"";"";"";"";"";"";"";"";"";"";"";"";"";"";"";"";"";"";"";"";"";"";"";"";"";"";"";"";"";"";"";""
03.01.2023 23:47:26;1672786046000;880f01e687e2572cea04e80fc6a68085;313775;OK;1816;0;0;0;0;-0,02;-2,1;0;0;850;715;"";248,674;37,3;462,331;63,87;20,925;0,92;1,599;0,23;14,283;1,93;2,883;10,0;3,19;10,0;3,333;10,05;599,168;68,45;183,772;27,94;8,688;10,86;0,143;10,0;0,143;10,0;0,135;10,0;1,364;23,975;0,53;32,267;3,34;7,041;0,63;6,561;1,32;970,212;1,0;"";"";20,612;2,52;77,45201;15,57;"";"";30,759;13,25;56,7;"";"";"";"";"";"";"";"";"";"";"";"";"";"";"";"";"";"";"";"";"";"";"";"";"";"";"";"";"";"";"";"";"";"";"";"";"";"";"";"";"";"";"";"";"";"";"";"";"";"";"";"";"";"";"";"";"";"";"";"";"";"";"";"";""
03.01.2023 23:49:26;1672786166000;880f01e687e2572cea04e80fc6a68085;313895;OK;1851;0;0;0;0;0,01;2,76;0;0;857;715;"";253,282;37,99;462,787;63,88;20,925;0,92;1,599;0,23;14,28;1,93;2,653;10,0;2,764;10,0;3,207;10,01;603,84;68,94001;180,937;27,62;7,489;10,78;0,559;10,0;0,559;10,0;0,015;10,0;2,162;23,974;0,53;32,317;3,34;7,051;0,63;6,582;1,32;970,205;1,0;"";"";20,512;2,52;77,49401;15,57;"";"";31,502;13,02;54,2;"";"";"";"";"";"";"";"";"";"";"";"";"";"";"";"";"";"";"";"";"";"";"";"";"";"";"";"";"";"";"";"";"";"";"";"";"";"";"";"";"";"";"";"";"";"";"";"";"";"";"";"";"";"";"";"";"";"";"";"";"";"";"";"";""
03.01.2023 23:51:27;1672786287000;880f01e687e2572cea04e80fc6a68085;314016;OK;1835;0;0;0;0;0,02;7,73;0;0;858;715;"";249,615;37,44;464,035;63,92;20,925;0,92;1,599;0,23;14,255;1,93;2,424;10,0;2,938;10,0;3,414;10,0;553,541;64,11;170,776;26,63;8,749;10,82;0,573;10,0;0,573;10,0;0,165;10,0;2,345;23,971;0,53;32,282;3,34;7,043;0,63;6,564;1,32;970,185;1,0;"";"";20,66;2,52;77,79901;15,59;"";"";31,51;12,88;56,3;"";"";"";"";"";"";"";"";"";"";"";"";"";"";"";"";"";"";"";"";"";"";"";"";"";"";"";"";"";"";"";"";"";"";"";"";"";"";"";"";"";"";"";"";"";"";"";"";"";"";"";"";"";"";"";"";"";"";"";"";"";"";"";"";""
03.01.2023 23:53:27;1672786407000;880f01e687e2572cea04e80fc6a68085;314137;OK;1812;0;0;0;0;-0,01;3,01;0;0;858;715;"";246,801;37,02;462,845;63,89;20,924;0,92;1,599;0,23;14,234;1,93;2,31;10,0;2,515;10,0;2,734;10,0;566,817;65,37;171,55;26,74;6,256;10,55;0,249;10,0;0,249;10,0;0,018;10,0;1,708;23,968;0,53;32,272;3,34;7,039;0,63;6,557;1,32;970,174;1,0;"";"";20,554;2,52;77,652;15,58;"";"";31,639;12,96;53,6;"";"";"";"";"";"";"";"";"";"";"";"";"";"";"";"";"";"";"";"";"";"";"";"";"";"";"";"";"";"";"";"";"";"";"";"";"";"";"";"";"";"";"";"";"";"";"";"";"";"";"";"";"";"";"";"";"";"";"";"";"";"";"";"";""
03.01.2023 23:55:29;1672786529000;880f01e687e2572cea04e80fc6a68085;314258;OK;1833;0;0;0;0;-0,09;-3,26;0;0;839;713;"";243,17;36,48;462,652;63,88;20,921;0,92;1,599;0,23;14,175;1,93;3,08;10,0;3,551;10,0;3,575;10,0;701,213;78,59;215,258;31,03;10,311;11,05;0,027;10,0;0,027;10,0;0,002;10,0;1,245;23,966;0,53;32,165;3,34;7,015;0,63;6,508;1,32;970,162;1,0;"";"";20,575;2,52;77,222;15,56;"";"";32,07;12,94;54,9;"";"";"";"";"";"";"";"";"";"";"";"";"";"";"";"";"";"";"";"";"";"";"";"";"";"";"";"";"";"";"";"";"";"";"";"";"";"";"";"";"";"";"";"";"";"";"";"";"";"";"";"";"";"";"";"";"";"";"";"";"";"";"";"";""
03.01.2023 23:57:30;1672786650000;880f01e687e2572cea04e80fc6a68085;314379;OK;1838;0;0;0;0;-0,08;-7,75;0;0;855;713;"";244,292;36,64;461,007;63,83;20,921;0,92;1,6;0,23;14,147;1,93;2,467;10,0;2,693;10,0;2,695;10,0;609,445;69,59;185,799;28,11;6,498;10,64;0,003;10,0;0,003;10,0;0,0;10,0;1,109;23,965;0,53;32,191;3,34;7,02;0,63;6,518;1,32;970,148;1,0;"";"";20,513;2,52;76,846;15,54;"";"";32,713;12,05;54,2;"";"";"";"";"";"";"";"";"";"";"";"";"";"";"";"";"";"";"";"";"";"";"";"";"";"";"";"";"";"";"";"";"";"";"";"";"";"";"";"";"";"";"";"";"";"";"";"";"";"";"";"";"";"";"";"";"";"";"";"";"";"";"";"";""
03.01.2023 23:59:30;1672786770000;880f01e687e2572cea04e80fc6a68085;314500;OK;1835;0;0;0;0;-0,04;-7,71;0;0;840;714;"";244,214;36,63;459,977;63,8;20,925;0,92;1,6;0,23;14,159;1,93;2,934;10,0;3,238;10,0;3,463;10,05;585,255;67,19;180,835;27,69;9,141;10,82;0,267;10,0;0,267;10,0;0,0;10,0;1,536;23,961;0,53;32,211;3,34;7,023;0,63;6,523;1,32;970,1309;1,0;"";"";20,49;2,52;76,687;15,53;"";"";31,708;12,71;57,5;"";"";"";"";"";"";"";"";"";"";"";"";"";"";"";"";"";"";"";"";"";"";"";"";"";"";"";"";"";"";"";"";"";"";"";"";"";"";"";"";"";"";"";"";"";"";"";"";"";"";"";"";"";"";"";"";"";"";"";"";"";"";"";"";""
04.01.2023 00:01:31;1672786891000;880f01e687e2572cea04e80fc6a68085;314620;OK;1818;0;0;0;0;0,06;1,56;0;0;855;715;"";248,519;37,28;463,702;63,91;20,923;0,92;1,6;0,23;14,193;1,93;2,69;10,0;3,149;10,0;3,352;10,01;622,691;70,73;188,532;28,41;9,843;10,93;0,866;10,0;0,128;10,0;0,0;10,0;1,596;23,958;0,53;32,263;3,34;7,034;0,63;6,545;1,32;970,101;1,0;"";"";20,471;2,52;76,782;15,53;"";"";31,753;12,75;53,8;"";"";"";"";"";"";"";"";"";"";"";"";"";"";"";"";"";"";"";"";"";"";"";"";"";"";"";"";"";"";"";"";"";"";"";"";"";"";"";"";"";"";"";"";"";"";"";"";"";"";"";"";"";"";"";"";"";"";"";"";"";"";"";"";""
04.01.2023 00:03:31;1672787011000;880f01e687e2572cea04e80fc6a68085;314741;OK;1820;0;0;0;0;0,06;6,23;0;0;857;715;"";249,025;37,35;462,955;63,89;20,919;0,92;1,6;0,23;14,211;1,93;2,415;10,0;2,739;10,0;3,26;10,01;542,368;62,98;170,517;26,67;11,025;11,0;0,741;10,09;0,663;10,09;0,0;10,0;2,222;23,955;0,53;32,271;3,34;7,034;0,63;6,545;1,32;970,077;1,0;"";"";20,538;2,52;77,036;15,54;"";"";31,095;13,08;53,4;"";"";"";"";"";"";"";"";"";"";"";"";"";"";"";"";"";"";"";"";"";"";"";"";"";"";"";"";"";"";"";"";"";"";"";"";"";"";"";"";"";"";"";"";"";"";"";"";"";"";"";"";"";"";"";"";"";"";"";"";"";"";"";"";""
04.01.2023 00:05:32;1672787132000;880f01e687e2572cea04e80fc6a68085;314861;OK;1829;0;0;0;0;0,02;2,02;0;0;843;715;"";247,93;37,19;461,842;63,86;20,918;0,92;1,6;0,23;14,197;1,93;3,024;10,0;3,562;10,0;4,068;10,0;619,183;70,48;196,701;29,22;13,52;11,31;1,235;10,01;0,293;10,01;0,0;10,0;2,233;23,949;0,53;32,27;3,34;7,031;0,63;6,54;1,32;970,0419;1,0;"";"";20,536;2,52;77,04;15,54;"";"";31,201;13,0;53,5;"";"";"";"";"";"";"";"";"";"";"";"";"";"";"";"";"";"";"";"";"";"";"";"";"";"";"";"";"";"";"";"";"";"";"";"";"";"";"";"";"";"";"";"";"";"";"";"";"";"";"";"";"";"";"";"";"";"";"";"";"";"";"";"";""
04.01.2023 00:07:33;1672787253000;880f01e687e2572cea04e80fc6a68085;314982;OK;1818;0;0;0;0;-0,01;-11,1;0;0;843;716;"";247,931;37,19;459,516;63,79;20,919;0,92;1,6;0,23;14,249;1,93;3,064;10,0;3,701;10,0;4,141;10,02;648,026;73,27;198,809;29,41;12,938;11,35;0,924;10,0;0,49;10,0;0,0;10,0;2,035;23,944;0,53;32,285;3,34;7,033;0,63;6,543;1,32;970,02;1,0;"";"";20,593;2,52;77,095;15,55;"";"";30,92;13,2;53,8;"";"";"";"";"";"";"";"";"";"";"";"";"";"";"";"";"";"";"";"";"";"";"";"";"";"";"";"";"";"";"";"";"";"";"";"";"";"";"";"";"";"";"";"";"";"";"";"";"";"";"";"";"";"";"";"";"";"";"";"";"";"";"";"";""
04.01.2023 00:09:34;1672787374000;880f01e687e2572cea04e80fc6a68085;315104;OK;1803;0;0;0;0;-0,01;-2,06;0;0;840;715;"";245,385;36,81;461,853;63,86;20,917;0,92;1,601;0,23;14,279;1,93;3,008;10,0;3,318;10,0;4,342;10,07;674,409;75,82;210,058;30,57;8,727;10,92;1,546;10,08;1,127;10,0;0,0;10,0;3,075;23,942;0,53;32,279;3,34;7,031;0,63;6,538;1,32;970,0;1,0;"";"";20,667;2,51;77,254;15,55;"";"";32,192;12,62;53,3;"";"";"";"";"";"";"";"";"";"";"";"";"";"";"";"";"";"";"";"";"";"";"";"";"";"";"";"";"";"";"";"";"";"";"";"";"";"";"";"";"";"";"";"";"";"";"";"";"";"";"";"";"";"";"";"";"";"";"";"";"";"";"";"";""
04.01.2023 00:11:33;1672787493000;880f01e687e2572cea04e80fc6a68085;315222;OK;1836;0;0;0;0;-0,01;6,29;0;0;845;715;"";246,335;36,95;462,648;63,88;20,92;0,92;1,6;0,23;14,185;1,93;2,977;10,0;3,074;10,0;4,019;10,06;679,59;76,32;204,302;29,92;5,7;10,57;1,594;10,01;1,548;10,0;0,0;10,0;2,803;23,941;0,53;32,271;3,34;7,029;0,63;6,534;1,32;969,9829;1,0;"";"";20,619;2,52;76,844;15,53;"";"";31,46;12,96;53,6;"";"";"";"";"";"";"";"";"";"";"";"";"";"";"";"";"";"";"";"";"";"";"";"";"";"";"";"";"";"";"";"";"";"";"";"";"";"";"";"";"";"";"";"";"";"";"";"";"";"";"";"";"";"";"";"";"";"";"";"";"";"";"";"";""
04.01.2023 00:13:33;1672787613000;880f01e687e2572cea04e80fc6a68085;315343;OK;1820;0;0;0;0;-0,02;4,31;0;0;826;715;"";242,053;36,31;461,127;63,83;20,926;0,92;1,601;0,23;14,152;1,93;3,509;10,0;3,901;10,0;4,132;10,1;723,074;80,61;224,231;31,87;14,483;11,41;0,46;10,0;0,165;10,0;0,0;10,0;1,536;23,939;0,53;32,271;3,34;7,028;0,63;6,531;1,32;969,979;1,0;"";"";20,56;2,52;76,657;15,52;"";"";31,049;13,08;53,2;"";"";"";"";"";"";"";"";"";"";"";"";"";"";"";"";"";"";"";"";"";"";"";"";"";"";"";"";"";"";"";"";"";"";"";"";"";"";"";"";"";"";"";"";"";"";"";"";"";"";"";"";"";"";"";"";"";"";"";"";"";"";"";"";""
04.01.2023 00:15:33;1672787733000;880f01e687e2572cea04e80fc6a68085;315463;OK;1809;0;0;0;0;-0,02;-9,15;0;0;845;715;"";246,117;36,92;459,458;63,78;20,924;0,92;1,601;0,23;14,077;1,92;3,03;10,0;3,557;10,0;3,858;10,04;583,921;67,03;185,489;28,07;9,658;11,0;0,433;10,0;0,33;10,0;0,0;10,0;1,828;23,935;0,53;32,271;3,34;7,026;0,63;6,528;1,32;969,996;1,0;"";"";20,607;2,52;76,458;15,51;"";"";30,929;13,22;57,1;"";"";"";"";"";"";"";"";"";"";"";"";"";"";"";"";"";"";"";"";"";"";"";"";"";"";"";"";"";"";"";"";"";"";"";"";"";"";"";"";"";"";"";"";"";"";"";"";"";"";"";"";"";"";"";"";"";"";"";"";"";"";"";"";""
04.01.2023 00:17:34;1672787854000;880f01e687e2572cea04e80fc6a68085;315584;OK;1831;0;0;0;0;-0,01;-4,75;0;0;841;715;"";249,225;37,38;461,434;63,84;20,925;0,92;1,602;0,23;14,074;1,92;2,799;10,0;3,081;10,0;3,344;10,0;631,805;71,73;198,884;29,46;11,831;11,14;0,416;10,0;0,405;10,0;0,0;10,0;2,003;23,932;0,53;32,271;3,34;7,025;0,63;6,525;1,32;970,013;1,0;"";"";20,573;2,52;76,373;15,51;"";"";31,317;12,99;55,2;"";"";"";"";"";"";"";"";"";"";"";"";"";"";"";"";"";"";"";"";"";"";"";"";"";"";"";"";"";"";"";"";"";"";"";"";"";"";"";"";"";"";"";"";"";"";"";"";"";"";"";"";"";"";"";"";"";"";"";"";"";"";"";"";""
04.01.2023 00:19:35;1672787975000;880f01e687e2572cea04e80fc6a68085;315704;OK;1821;0;0;0;0;0,02;-1,15;0;0;841;717;"";249,053;37,36;459,399;63,78;20,924;0,92;1,601;0,23;14,131;1,92;3,119;10,0;3,283;10,0;3,311;10,0;659,901;74,39;202,95;29,8;10,645;10,99;0,044;10,0;0,043;10,0;0,0;10,0;1,164;23,929;0,53;32,341;3,34;7,039;0,63;6,555;1,31;970,0109;1,0;"";"";20,566;2,52;76,552;15,51;"";"";31,524;12,72;53,2;"";"";"";"";"";"";"";"";"";"";"";"";"";"";"";"";"";"";"";"";"";"";"";"";"";"";"";"";"";"";"";"";"";"";"";"";"";"";"";"";"";"";"";"";"";"";"";"";"";"";"";"";"";"";"";"";"";"";"";"";"";"";"";"";""
04.01.2023 00:21:36;1672788096000;880f01e687e2572cea04e80fc6a68085;315826;OK;1820;0;0;0;0;0,0;0,16;0;0;836;716;"";243,499;36,52;460,008;63,8;20,925;0,92;1,601;0,23;14,082;1,92;3,325;10,0;3,764;10,0;4,265;10,15;661,363;74,67;205,57;30,11;9,746;11,0;0,637;10,07;0,51;10,03;0,131;10,0;1,901;23,926;0,53;32,269;3,34;7,022;0,63;6,52;1,32;969,994;1,0;"";"";20,508;2,52;76,59;15,52;"";"";31,417;12,94;53,0;"";"";"";"";"";"";"";"";"";"";"";"";"";"";"";"";"";"";"";"";"";"";"";"";"";"";"";"";"";"";"";"";"";"";"";"";"";"";"";"";"";"";"";"";"";"";"";"";"";"";"";"";"";"";"";"";"";"";"";"";"";"";"";"";""
04.01.2023 00:23:35;1672788215000;880f01e687e2572cea04e80fc6a68085;315945;OK;1817;0;0;0;0;-0,07;-1,98;0;0;848;715;"";238,646;35,8;460,681;63,82;20,926;0,92;1,602;0,23;13,934;1,91;3,121;10,0;3,744;10,0;4,172;10,02;664,5949;74,88;200,425;29,54;10,652;11,11;0,805;10,01;0,791;10,0;0,014;10,0;2,049;23,92;0,53;32,201;3,34;7,005;0,63;6,483;1,32;969,9739;1,0;"";"";20,455;2,52;76,02;15,49;"";"";32,326;12,43;55,2;"";"";"";"";"";"";"";"";"";"";"";"";"";"";"";"";"";"";"";"";"";"";"";"";"";"";"";"";"";"";"";"";"";"";"";"";"";"";"";"";"";"";"";"";"";"";"";"";"";"";"";"";"";"";"";"";"";"";"";"";"";"";"";"";""
04.01.2023 00:25:36;1672788336000;880f01e687e2572cea04e80fc6a68085;316065;OK;1823;0;0;0;0;-0,05;-1,91;0;0;848;716;"";245,191;36,78;458,242;63,75;20,925;0,92;1,601;0,23;13,896;1,91;3,124;10,0;3,892;10,0;4,643;10,23;647,265;73,24;199,515;29,41;12,066;11,15;0,9610001;10,04;0,959;10,04;0,002;10,0;2,489;23,916;0,53;32,262;3,34;7,016;0,63;6,507;1,32;969,9659;1,0;"";"";20,385;2,53;75,866;15,48;"";"";30,942;13,29;53,8;"";"";"";"";"";"";"";"";"";"";"";"";"";"";"";"";"";"";"";"";"";"";"";"";"";"";"";"";"";"";"";"";"";"";"";"";"";"";"";"";"";"";"";"";"";"";"";"";"";"";"";"";"";"";"";"";"";"";"";"";"";"";"";"";""
04.01.2023 00:27:36;1672788456000;880f01e687e2572cea04e80fc6a68085;316185;OK;1834;0;0;0;0;-0,01;-7,18;0;0;847;715;"";242,422;36,36;456,958;63,71;20,925;0,92;1,601;0,23;13,933;1,91;3,135;10,0;3,772;10,0;3,855;10,02;628,839;71,47;190,843;28,61;10,16;11,08;0,106;10,0;0,106;10,0;0,0;10,0;1,369;23,914;0,53;32,223;3,34;7,007;0,63;6,488;1,32;969,959;1,0;"";"";20,424;2,53;75,99401;15,48;"";"";32,053;12,69;54,5;"";"";"";"";"";"";"";"";"";"";"";"";"";"";"";"";"";"";"";"";"";"";"";"";"";"";"";"";"";"";"";"";"";"";"";"";"";"";"";"";"";"";"";"";"";"";"";"";"";"";"";"";"";"";"";"";"";"";"";"";"";"";"";"";""
04.01.2023 00:29:37;1672788577000;880f01e687e2572cea04e80fc6a68085;316306;OK;1817;0;0;0;0;-0,0;-2,29;0;0;851;716;"";244,248;36,64;459,049;63,77;20,925;0,92;1,603;0,23;13,945;1,91;2,994;10,0;3,231;10,0;3,613;10,01;641,237;72,51;197,728;29,23;10,917;11,09;0,505;10,05;0,505;10,05;0,0;10,0;1,796;23,906;0,53;32,235;3,34;7,007;0,63;6,486;1,32;969,9369;1,0;"";"";20,386;2,53;75,574;15,46;"";"";30,42;13,42;54,2;"";"";"";"";"";"";"";"";"";"";"";"";"";"";"";"";"";"";"";"";"";"";"";"";"";"";"";"";"";"";"";"";"";"";"";"";"";"";"";"";"";"";"";"";"";"";"";"";"";"";"";"";"";"";"";"";"";"";"";"";"";"";"";"";""
04.01.2023 00:31:37;1672788697000;880f01e687e2572cea04e80fc6a68085;316427;OK;1829;0;0;0;0;-0,02;12,84;0;0;854;716;"";247,475;37,12;461,354;63,84;20,926;0,92;1,603;0,23;13,947;1,91;2,864;10,0;3,202;10,0;3,618;10,0;611,926;69,78;188,231;28,36;7,996;10,8;0,497;10,01;0,497;10,01;0,0;10,0;1,974;23,904;0,53;32,268;3,34;7,013;0,63;6,5;1,32;969,9249;1,0;"";"";20,432;2,53;76,03601;15,48;"";"";32,049;12,86;52,6;"";"";"";"";"";"";"";"";"";"";"";"";"";"";"";"";"";"";"";"";"";"";"";"";"";"";"";"";"";"";"";"";"";"";"";"";"";"";"";"";"";"";"";"";"";"";"";"";"";"";"";"";"";"";"";"";"";"";"";"";"";"";"";"";""
04.01.2023 00:33:38;1672788818000;880f01e687e2572cea04e80fc6a68085;316547;OK;1814;0;0;0;0;0,05;14,76;0;0;847;718;"";245,537;36,83;462,616;63,88;20,923;0,92;1,603;0,23;14,012;1,92;3,036;10,0;3,157;10,0;3,6;10,0;630,917;71,65;191,279;28,72;7,017;10,76;0,697;10,0;0,697;10,0;0,0;10,0;2,104;23,9;0,53;32,342;3,34;7,027;0,63;6,529;1,31;969,913;1,0;"";"";20,571;2,52;76,22;15,49;"";"";30,229;13,4;55,4;"";"";"";"";"";"";"";"";"";"";"";"";"";"";"";"";"";"";"";"";"";"";"";"";"";"";"";"";"";"";"";"";"";"";"";"";"";"";"";"";"";"";"";"";"";"";"";"";"";"";"";"";"";"";"";"";"";"";"";"";"";"";"";"";""
04.01.2023 00:35:38;1672788938000;880f01e687e2572cea04e80fc6a68085;316668;OK;1832;0;0;0;0;0,07;0,99;0;0;851;717;"";244,833;36,72;460,178;63,81;20,923;0,92;1,603;0,23;14,073;1,92;2,781;10,0;2,935;10,0;3,356;10,0;645,625;73,07;199,852;29,54;7,073;10,81;1,121;10,0;0,787;10,0;0,0;10,0;2,039;23,898;0,53;32,316;3,34;7,021;0,63;6,516;1,32;969,901;1,0;"";"";20,637;2,52;76,339;15,5;"";"";31,009;13,08;54,1;"";"";"";"";"";"";"";"";"";"";"";"";"";"";"";"";"";"";"";"";"";"";"";"";"";"";"";"";"";"";"";"";"";"";"";"";"";"";"";"";"";"";"";"";"";"";"";"";"";"";"";"";"";"";"";"";"";"";"";"";"";"";"";"";""
04.01.2023 00:37:38;1672789058000;880f01e687e2572cea04e80fc6a68085;316788;OK;1816;0;0;0;0;-0,0;-6,94;0;0;853;717;"";242,64;36,4;459,953;63,8;20,922;0,92;1,603;0,23;14,102;1,92;2,882;10,0;3,078;10,0;3,451;10,0;631,0999;71,63;189,664;28,55;7,799;10,73;0,492;10,0;0,457;10,0;0,0;10,0;1,891;23,894;0,53;32,295;3,34;7,015;0,63;6,503;1,32;969,875;1,0;"";"";20,696;2,51;76,209;15,49;"";"";31,889;12,68;53,4;"";"";"";"";"";"";"";"";"";"";"";"";"";"";"";"";"";"";"";"";"";"";"";"";"";"";"";"";"";"";"";"";"";"";"";"";"";"";"";"";"";"";"";"";"";"";"";"";"";"";"";"";"";"";"";"";"";"";"";"";"";"";"";"";""
04.01.2023 00:39:38;1672789178000;880f01e687e2572cea04e80fc6a68085;316907;OK;1830;0;0;0;0;0,02;-10,21;0;0;860;718;"";246,015;36,9;458,717;63,76;20,923;0,92;1,603;0,23;14,099;1,92;2,341;10,0;2,583;10,0;2,755;10,0;604,673;69,09;184,135;27,99;7,571;10,75;0,194;10,0;0,19;10,0;0,0;10,0;1,554;23,891;0,53;32,381;3,34;7,033;0,63;6,539;1,31;969,87;1,0;"";"";20,663;2,51;76,436;15,5;"";"";31,343;12,49;54,3;"";"";"";"";"";"";"";"";"";"";"";"";"";"";"";"";"";"";"";"";"";"";"";"";"";"";"";"";"";"";"";"";"";"";"";"";"";"";"";"";"";"";"";"";"";"";"";"";"";"";"";"";"";"";"";"";"";"";"";"";"";"";"";"";""
04.01.2023 00:41:39;1672789299000;880f01e687e2572cea04e80fc6a68085;317027;OK;1861;0;0;0;0;0,05;-9,76;0;0;853;719;"";246,851;37,03;457,384;63,72;20,917;0,92;1,603;0,23;14,161;1,93;2,706;10,0;2,937;10,0;3,392;10,19;586,125;67,26;177,835;27,37;8,945;10,84;0,605;10,08;0,604;10,08;0,0;10,0;1,809;23,891;0,53;32,399;3,34;7,037;0,63;6,547;1,31;969,87;1,0;"";"";20,783;2,51;76,703;15,52;"";"";33,331;11,89;53,3;"";"";"";"";"";"";"";"";"";"";"";"";"";"";"";"";"";"";"";"";"";"";"";"";"";"";"";"";"";"";"";"";"";"";"";"";"";"";"";"";"";"";"";"";"";"";"";"";"";"";"";"";"";"";"";"";"";"";"";"";"";"";"";"";""
04.01.2023 00:43:40;1672789420000;880f01e687e2572cea04e80fc6a68085;317149;OK;1830;0;0;0;0;0,01;-6,38;0;0;832;717;"";243,75;36,56;458,273;63,75;20,916;0,92;1,604;0,23;14,104;1,92;3,328;10,0;3,461;10,0;3,73;10,02;676,469;75,97;205,188;30,04;11,858;11,23;0,377;10,01;0,376;10,01;0,0;10,0;1,61;23,888;0,53;32,306;3,34;7,015;0,63;6,503;1,32;969,8649;1,0;"";"";20,666;2,51;76,433;15,5;"";"";31,136;12,69;54,6;"";"";"";"";"";"";"";"";"";"";"";"";"";"";"";"";"";"";"";"";"";"";"";"";"";"";"";"";"";"";"";"";"";"";"";"";"";"";"";"";"";"";"";"";"";"";"";"";"";"";"";"";"";"";"";"";"";"";"";"";"";"";"";"";""
04.01.2023 00:45:41;1672789541000;880f01e687e2572cea04e80fc6a68085;317271;OK;1803;0;0;0;0;-0,09;-7,68;0;0;833;717;"";243,351;36,5;454,748;63,64;20,917;0,92;1,603;0,23;14,054;1,92;3,415;10,0;3,715;10,0;3,93;10,0;662,914;74,76;202,101;29,75;12,373;11,14;0,288;10,0;0,288;10,0;0,0;10,0;1,589;23,886;0,53;32,277;3,34;7,008;0,63;6,488;1,32;969,8709;1,0;"";"";20,531;2,52;75,899;15,47;"";"";32,006;12,46;54,1;"";"";"";"";"";"";"";"";"";"";"";"";"";"";"";"";"";"";"";"";"";"";"";"";"";"";"";"";"";"";"";"";"";"";"";"";"";"";"";"";"";"";"";"";"";"";"";"";"";"";"";"";"";"";"";"";"";"";"";"";"";"";"";"";""
04.01.2023 00:47:40;1672789660000;880f01e687e2572cea04e80fc6a68085;317390;OK;1836;0;0;0;0;-0,09;-1,15;0;0;847;717;"";243,735;36,56;457,623;63,73;20,916;0,92;1,604;0,23;13,999;1,92;3,066;10,0;3,524;10,0;3,815;10,0;645,6049;73,07;199,27;29,46;9,854;10,9;0,606;10,0;0,032;10,0;0,0;10,0;1,839;23,882;0,53;32,274;3,34;7,005;0,63;6,483;1,32;969,888;1,0;"";"";20,549;2,52;75,503;15,45;"";"";31,978;12,37;57,0;"";"";"";"";"";"";"";"";"";"";"";"";"";"";"";"";"";"";"";"";"";"";"";"";"";"";"";"";"";"";"";"";"";"";"";"";"";"";"";"";"";"";"";"";"";"";"";"";"";"";"";"";"";"";"";"";"";"";"";"";"";"";"";"";""
04.01.2023 00:49:43;1672789783000;880f01e687e2572cea04e80fc6a68085;317512;OK;1811;0;0;0;0;-0,06;2,06;0;0;842;716;"";242,242;36,34;457,762;63,73;20,92;0,92;1,603;0,23;13,86;1,91;3,069;10,0;3,159;10,0;3,189;10,0;640,927;72,59;196,797;29,24;7,476;10,86;0,063;10,0;0,003;10,0;0,0;10,0;1,101;23,878;0,53;32,202;3,34;6,988;0,63;6,447;1,32;969,8939;1,0;"";"";20,428;2,53;75,198;15,44;"";"";31,26;13,12;57,5;"";"";"";"";"";"";"";"";"";"";"";"";"";"";"";"";"";"";"";"";"";"";"";"";"";"";"";"";"";"";"";"";"";"";"";"";"";"";"";"";"";"";"";"";"";"";"";"";"";"";"";"";"";"";"";"";"";"";"";"";"";"";"";"";""
04.01.2023 00:51:42;1672789902000;880f01e687e2572cea04e80fc6a68085;317631;OK;1837;0;0;0;0;-0,07;4,79;0;0;845;716;"";244,592;36,69;456,88;63,71;20,92;0,92;1,603;0,23;13,801;1,91;2,831;10,0;3,391;10,0;3,977;10,11;656,276;74,11;205,155;30,03;12,724;11,19;0,746;10,05;0,739;10,05;0,0;10,0;2,248;23,871;0,53;32,202;3,34;6,986;0,63;6,441;1,32;969,879;1,0;"";"";20,201;2,54;74,705;15,41;"";"";32,746;12,32;54,1;"";"";"";"";"";"";"";"";"";"";"";"";"";"";"";"";"";"";"";"";"";"";"";"";"";"";"";"";"";"";"";"";"";"";"";"";"";"";"";"";"";"";"";"";"";"";"";"";"";"";"";"";"";"";"";"";"";"";"";"";"";"";"";"";""
04.01.2023 00:53:44;1672790024000;880f01e687e2572cea04e80fc6a68085;317753;OK;1830;0;0;0;0;-0,0;1,8;0;0;846;718;"";243,826;36,57;458,685;63,76;20,916;0,92;1,603;0,23;13,913;1,91;2,891;10,0;3,078;10,0;3,51;10,09;650,235;73,41001;199,824;29,49;11,999;11,08;0,565;10,05;0,564;10,05;0,0;10,0;1,769;23,87;0,53;32,295;3,34;7,005;0,63;6,482;1,32;969,868;1,0;"";"";20,381;2,53;74,873;15,42;"";"";31,816;12,52;53,4;"";"";"";"";"";"";"";"";"";"";"";"";"";"";"";"";"";"";"";"";"";"";"";"";"";"";"";"";"";"";"";"";"";"";"";"";"";"";"";"";"";"";"";"";"";"";"";"";"";"";"";"";"";"";"";"";"";"";"";"";"";"";"";"";""
04.01.2023 00:55:43;1672790143000;880f01e687e2572cea04e80fc6a68085;317872;OK;1827;0;0;0;0;0,04;2,69;0;0;855;718;"";240,739;36,11;458,588;63,76;20,923;0,92;1,602;0,23;13,922;1,91;2,191;10,0;2,467;10,0;3,177;10,01;613,563;69,92;187,904;28,42;8,684;10,85;1,562;10,16;1,562;10,16;0,0;10,0;3,092;23,867;0,53;32,281;3,34;7,001;0,63;6,473;1,32;969,85;1,0;"";"";20,415;2,53;74,894;15,42;"";"";32,577;12,32;54,2;"";"";"";"";"";"";"";"";"";"";"";"";"";"";"";"";"";"";"";"";"";"";"";"";"";"";"";"";"";"";"";"";"";"";"";"";"";"";"";"";"";"";"";"";"";"";"";"";"";"";"";"";"";"";"";"";"";"";"";"";"";"";"";"";""
04.01.2023 00:57:43;1672790263000;880f01e687e2572cea04e80fc6a68085;317993;OK;1823;0;0;0;0;0,04;0,57;0;0;855;718;"";238,011;35,7;458,112;63,74;20,927;0,92;1,603;0,23;13,833;1,91;2,615;10,0;3,009;10,0;3,129;10,0;572,698;65,99;179,212;27,51;7,746;10,73;0,167;10,02;0,167;10,02;0,0;10,0;1,488;23,864;0,53;32,275;3,34;6,999;0,63;6,468;1,32;969,844;1,0;"";"";20,351;2,53;74,6;15,4;"";"";32,576;12,46;53,3;"";"";"";"";"";"";"";"";"";"";"";"";"";"";"";"";"";"";"";"";"";"";"";"";"";"";"";"";"";"";"";"";"";"";"";"";"";"";"";"";"";"";"";"";"";"";"";"";"";"";"";"";"";"";"";"";"";"";"";"";"";"";"";"";""
04.01.2023 00:59:44;1672790384000;880f01e687e2572cea04e80fc6a68085;318114;OK;1828;0;0;0;0;-0,03;-2,61;0;0;839;718;"";242,576;36,39;457,863;63,74;20,925;0,92;1,602;0,23;13,803;1,91;3,022;10,0;3,444;10,0;3,77;10,03;670,991;75,59;210,355;30,55;12,318;11,17;0,82;10,0;0,176;10,0;0,0;10,0;1,797;23,862;0,53;32,269;3,34;6,997;0,63;6,463;1,32;969,8339;1,0;"";"";20,378;2,53;74,47;15,39;"";"";32,764;12,43;54,0;"";"";"";"";"";"";"";"";"";"";"";"";"";"";"";"";"";"";"";"";"";"";"";"";"";"";"";"";"";"";"";"";"";"";"";"";"";"";"";"";"";"";"";"";"";"";"";"";"";"";"";"";"";"";"";"";"";"";"";"";"";"";"";"";""
