1674803633.000000, IBI
78.562500,0.703125
79.140625,0.578125
79.968750,0.828125
99.234375,0.718750
99.984375,0.750000
116.359375,0.671875
117.203125,0.843750
118.046875,0.843750
118.859375,0.812500
119.640625,0.781250
120.453125,0.812500
121.125000,0.671875
122.031250,0.906250
127.843750,0.687500
128.703125,0.859375
129.484375,0.781250
130.281250,0.796875
131.046875,0.765625
131.734375,0.687500
132.593750,0.859375
133.359375,0.765625
134.093750,0.734375
134.843750,0.750000
135.562500,0.718750
136.265625,0.703125
136.984375,0.718750
137.734375,0.750000
138.500000,0.765625
144.031250,0.812500
144.859375,0.828125
145.703125,0.843750
146.531250,0.828125
147.375000,0.843750
148.156250,0.781250
148.921875,0.765625
149.687500,0.765625
150.406250,0.718750
151.156250,0.750000
151.921875,0.765625
152.718750,0.796875
153.562500,0.843750
154.375000,0.812500
155.234375,0.859375
156.078125,0.843750
156.890625,0.812500
157.718750,0.828125
158.468750,0.750000
159.187500,0.718750
159.921875,0.734375
160.640625,0.718750
161.343750,0.703125
162.078125,0.734375
162.843750,0.765625
163.656250,0.812500
164.484375,0.828125
165.281250,0.796875
166.093750,0.812500
166.890625,0.796875
167.671875,0.781250
168.421875,0.750000
169.140625,0.718750
169.859375,0.718750
170.578125,0.718750
171.312500,0.734375
186.218750,0.796875
186.984375,0.765625
187.750000,0.765625
188.484375,0.734375
189.218750,0.734375
189.953125,0.734375
190.734375,0.781250
191.531250,0.796875
192.343750,0.812500
193.156250,0.812500
197.125000,0.781250
197.906250,0.781250
198.515625,0.609375
199.343750,0.828125
200.062500,0.718750
200.734375,0.671875
201.468750,0.734375
202.218750,0.750000
203.031250,0.812500
203.796875,0.765625
204.593750,0.796875
205.390625,0.796875
206.218750,0.828125
206.953125,0.734375
207.640625,0.687500
222.812500,0.828125
223.640625,0.828125
224.437500,0.796875
225.203125,0.765625
226.000000,0.796875
231.968750,0.812500
232.718750,0.750000
233.500000,0.781250
234.281250,0.781250
235.062500,0.781250
235.812500,0.750000
236.593750,0.781250
237.312500,0.718750
238.015625,0.703125
238.734375,0.718750
239.468750,0.734375
240.187500,0.718750
240.906250,0.718750
241.640625,0.734375
242.406250,0.765625
243.187500,0.781250
244.000000,0.812500
244.781250,0.781250
245.562500,0.781250
246.375000,0.812500
252.875000,0.765625
253.609375,0.734375
257.171875,0.640625
261.921875,0.718750
262.687500,0.765625
263.453125,0.765625
264.234375,0.781250
264.968750,0.734375
265.718750,0.750000
282.203125,0.750000
282.984375,0.781250
288.140625,0.859375
288.968750,0.828125
289.734375,0.765625
290.500000,0.765625
291.250000,0.750000
292.000000,0.750000
292.703125,0.703125
293.437500,0.734375
294.218750,0.781250
295.046875,0.828125
295.859375,0.812500
296.671875,0.812500
297.468750,0.796875
298.281250,0.812500
299.031250,0.750000
299.796875,0.765625
300.531250,0.734375
301.312500,0.781250
302.078125,0.765625
302.859375,0.781250
303.656250,0.796875
304.468750,0.812500
305.234375,0.765625
306.000000,0.765625
306.781250,0.781250
307.484375,0.703125
308.234375,0.750000
308.906250,0.671875
325.859375,0.843750
326.640625,0.781250
327.437500,0.796875
328.203125,0.765625
328.953125,0.750000
329.687500,0.734375
330.421875,0.734375
331.171875,0.750000
331.906250,0.734375
332.671875,0.765625
333.437500,0.765625
334.250000,0.812500
335.046875,0.796875
335.812500,0.765625
336.593750,0.781250
337.421875,0.828125
338.171875,0.750000
338.937500,0.765625
339.703125,0.765625
340.500000,0.796875
341.250000,0.750000
342.031250,0.781250
342.843750,0.812500
343.656250,0.812500
344.437500,0.781250
345.171875,0.734375
345.906250,0.734375
349.437500,0.703125
350.140625,0.703125
350.859375,0.718750
351.546875,0.687500
352.296875,0.750000
353.031250,0.734375
353.812500,0.781250
354.578125,0.765625
355.328125,0.750000
370.546875,0.765625
371.296875,0.750000
372.046875,0.750000
372.796875,0.750000
373.562500,0.765625
374.328125,0.765625
375.031250,0.703125
375.718750,0.687500
376.468750,0.750000
377.187500,0.718750
377.937500,0.750000
378.718750,0.781250
379.515625,0.796875
380.312500,0.796875
381.109375,0.796875
381.937500,0.828125
382.765625,0.828125
383.578125,0.812500
384.375000,0.796875
385.187500,0.812500
385.968750,0.781250
386.734375,0.765625
387.500000,0.765625
388.250000,0.750000
388.984375,0.734375
389.718750,0.734375
390.421875,0.703125
391.125000,0.703125
391.843750,0.718750
392.625000,0.781250
393.500000,0.875000
394.343750,0.843750
395.218750,0.875000
396.062500,0.843750
396.828125,0.765625
397.609375,0.781250
398.375000,0.765625
399.093750,0.718750
399.812500,0.718750
400.562500,0.750000
401.328125,0.765625
402.015625,0.687500
402.781250,0.765625
403.562500,0.781250
404.343750,0.781250
405.156250,0.812500
405.906250,0.750000
406.656250,0.750000
407.375000,0.718750
408.093750,0.718750
408.781250,0.687500
409.500000,0.718750
410.218750,0.718750
411.000000,0.781250
411.750000,0.750000
412.531250,0.781250
413.328125,0.796875
414.140625,0.812500
414.937500,0.796875
415.718750,0.781250
433.859375,0.750000
434.609375,0.750000
435.343750,0.734375
436.093750,0.750000
436.828125,0.734375
437.578125,0.750000
438.328125,0.750000
439.046875,0.718750
439.796875,0.750000
440.546875,0.750000
441.265625,0.718750
441.984375,0.718750
442.703125,0.718750
443.406250,0.703125
447.718750,0.750000
448.500000,0.781250
449.328125,0.828125
450.093750,0.765625
450.875000,0.781250
451.656250,0.781250
452.453125,0.796875
453.203125,0.750000
453.953125,0.750000
454.703125,0.750000
455.500000,0.796875
456.234375,0.734375
457.015625,0.781250
457.796875,0.781250
458.578125,0.781250
459.343750,0.765625
460.156250,0.812500
461.000000,0.843750
461.812500,0.812500
462.609375,0.796875
463.375000,0.765625
464.171875,0.796875
464.906250,0.734375
465.656250,0.750000
469.281250,0.750000
470.031250,0.750000
470.828125,0.796875
471.593750,0.765625
472.390625,0.796875
476.250000,0.750000
476.984375,0.734375
477.750000,0.765625
478.468750,0.718750
479.250000,0.781250
480.031250,0.781250
480.859375,0.828125
481.656250,0.796875
482.640625,0.984375
483.453125,0.812500
484.250000,0.796875
484.968750,0.718750
489.406250,0.734375
490.125000,0.718750
490.875000,0.750000
491.656250,0.781250
492.406250,0.750000
493.156250,0.750000
493.906250,0.750000
494.687500,0.781250
495.468750,0.781250
496.234375,0.765625
497.015625,0.781250
497.843750,0.828125
498.671875,0.828125
499.468750,0.796875
500.265625,0.796875
501.078125,0.812500
501.828125,0.750000
502.578125,0.750000
503.296875,0.718750
504.000000,0.703125
504.718750,0.718750
505.421875,0.703125
506.093750,0.671875
506.765625,0.671875
507.484375,0.718750
508.218750,0.734375
509.015625,0.796875
509.796875,0.781250
510.593750,0.796875
511.390625,0.796875
512.218750,0.828125
513.031250,0.812500
513.828125,0.796875
524.125000,0.812500
524.953125,0.828125
525.718750,0.765625
526.468750,0.750000
527.203125,0.734375
527.953125,0.750000
528.687500,0.734375
529.453125,0.765625
530.203125,0.750000
531.000000,0.796875
531.796875,0.796875
532.609375,0.812500
533.437500,0.828125
534.312500,0.875000
535.156250,0.843750
536.015625,0.859375
536.781250,0.765625
537.546875,0.765625
538.296875,0.750000
539.062500,0.765625
539.781250,0.718750
540.578125,0.796875
541.328125,0.750000
542.156250,0.828125
553.734375,0.750000
554.593750,0.859375
555.531250,0.937500
556.437500,0.906250
557.328125,0.890625
558.203125,0.875000
561.937500,0.718750
571.734375,0.687500
572.406250,0.671875
573.078125,0.671875
573.765625,0.687500
574.453125,0.687500
581.500000,0.718750
582.250000,0.750000
582.968750,0.718750
583.671875,0.703125
584.359375,0.687500
585.015625,0.656250
585.703125,0.687500
586.390625,0.687500
587.078125,0.687500
587.796875,0.718750
588.515625,0.718750
589.250000,0.734375
590.031250,0.781250
590.796875,0.765625
591.578125,0.781250
592.375000,0.796875
593.093750,0.718750
593.859375,0.765625
594.593750,0.734375
595.375000,0.781250
596.140625,0.765625
596.875000,0.734375
597.593750,0.718750
598.296875,0.703125
599.000000,0.703125
599.765625,0.765625
600.578125,0.812500
601.359375,0.781250
602.171875,0.812500
603.187500,1.015625
604.000000,0.812500
604.765625,0.765625
605.546875,0.781250
606.343750,0.796875
607.093750,0.750000
607.875000,0.781250
608.671875,0.796875
609.468750,0.796875
610.234375,0.765625
611.015625,0.781250
611.796875,0.781250
612.500000,0.703125
613.218750,0.718750
613.937500,0.718750
614.671875,0.734375
615.406250,0.734375
616.140625,0.734375
616.890625,0.750000
617.687500,0.796875
618.500000,0.812500
619.312500,0.812500
620.140625,0.828125
621.000000,0.859375
621.828125,0.828125
622.578125,0.750000
623.375000,0.796875
624.156250,0.781250
624.921875,0.765625
625.656250,0.734375
626.390625,0.734375
627.140625,0.750000
627.875000,0.734375
628.609375,0.734375
629.390625,0.781250
630.218750,0.828125
631.062500,0.843750
631.859375,0.796875
632.625000,0.765625
633.421875,0.796875
634.218750,0.796875
635.000000,0.781250
635.750000,0.750000
636.468750,0.718750
637.250000,0.781250
637.921875,0.671875
638.703125,0.781250
639.453125,0.750000
640.250000,0.796875
641.046875,0.796875
645.125000,0.765625
645.875000,0.750000
646.640625,0.765625
647.390625,0.750000
648.140625,0.750000
648.859375,0.718750
649.625000,0.765625
650.375000,0.750000
651.140625,0.765625
651.890625,0.750000
652.609375,0.718750
653.375000,0.765625
654.093750,0.718750
654.828125,0.734375
655.593750,0.765625
656.328125,0.734375
657.093750,0.765625
657.859375,0.765625
658.640625,0.781250
659.359375,0.718750
660.093750,0.734375
660.812500,0.718750
661.546875,0.734375
662.234375,0.687500
662.937500,0.703125
663.625000,0.687500
664.343750,0.718750
665.093750,0.750000
665.828125,0.734375
666.562500,0.734375
667.312500,0.750000
668.093750,0.781250
668.843750,0.750000
669.593750,0.750000
670.343750,0.750000
671.062500,0.718750
671.781250,0.718750
672.531250,0.750000
673.265625,0.734375
674.015625,0.750000
674.734375,0.718750
675.531250,0.796875
676.265625,0.734375
683.390625,0.765625
684.203125,0.812500
685.031250,0.828125
685.796875,0.765625
690.171875,0.687500
690.859375,0.687500
691.546875,0.687500
692.296875,0.750000
693.046875,0.750000
709.046875,0.687500
709.656250,0.609375
712.968750,0.687500
713.687500,0.718750
720.593750,0.687500
721.296875,0.703125
722.031250,0.734375
722.750000,0.718750
723.656250,0.906250
724.406250,0.750000
725.218750,0.812500
725.968750,0.750000
726.750000,0.781250
727.515625,0.765625
728.265625,0.750000
728.968750,0.703125
729.671875,0.703125
730.328125,0.656250
730.953125,0.625000
731.640625,0.687500
732.328125,0.687500
733.078125,0.750000
733.937500,0.859375
734.812500,0.875000
735.640625,0.828125
736.453125,0.812500
737.187500,0.734375
740.734375,0.718750
741.468750,0.734375
742.187500,0.718750
742.921875,0.734375
756.921875,0.859375
757.718750,0.796875
758.500000,0.781250
762.015625,0.703125
762.734375,0.718750
763.437500,0.703125
764.234375,0.796875
765.093750,0.859375
765.968750,0.875000
766.859375,0.890625
767.734375,0.875000
768.609375,0.875000
769.453125,0.843750
770.218750,0.765625
773.906250,0.703125
774.640625,0.734375
775.375000,0.734375
776.093750,0.718750
776.843750,0.750000
777.640625,0.796875
778.468750,0.828125
779.250000,0.781250
780.031250,0.781250
780.843750,0.812500
781.578125,0.734375
782.328125,0.750000
783.062500,0.734375
783.796875,0.734375
784.515625,0.718750
785.203125,0.687500
785.906250,0.703125
786.593750,0.687500
787.281250,0.687500
788.031250,0.750000
788.687500,0.656250
789.390625,0.703125
790.109375,0.718750
790.875000,0.765625
791.625000,0.750000
792.359375,0.734375
793.125000,0.765625
793.859375,0.734375
794.593750,0.734375
798.296875,0.734375
799.062500,0.765625
799.843750,0.781250
800.609375,0.765625
801.359375,0.750000
802.093750,0.734375
802.875000,0.781250
803.593750,0.718750
804.312500,0.718750
805.046875,0.734375
805.859375,0.812500
809.796875,0.781250
810.578125,0.781250
811.343750,0.765625
812.109375,0.765625
812.828125,0.718750
813.515625,0.687500
814.234375,0.718750
814.937500,0.703125
815.640625,0.703125
816.343750,0.703125
817.062500,0.718750
1007.906250,0.687500
1013.640625,0.750000
1095.406250,0.718750
1096.156250,0.750000
1096.890625,0.734375
1097.578125,0.687500
1098.250000,0.671875
1098.937500,0.687500
1099.609375,0.671875
1100.296875,0.687500
1100.968750,0.671875
1101.640625,0.671875
1102.390625,0.750000
1103.203125,0.812500
1104.046875,0.843750
1104.828125,0.781250
1105.609375,0.781250
1106.390625,0.781250
1107.218750,0.828125
1108.015625,0.796875
1108.765625,0.750000
1109.546875,0.781250
1110.406250,0.859375
1111.296875,0.890625
1112.093750,0.796875
1112.906250,0.812500
1113.734375,0.828125
1114.593750,0.859375
1115.375000,0.781250
1116.156250,0.781250
1116.968750,0.812500
1117.859375,0.890625
1118.671875,0.812500
1123.921875,0.750000
1124.687500,0.765625
1125.406250,0.718750
1126.140625,0.734375
1178.484375,0.656250
1179.234375,0.750000
1180.046875,0.812500
1180.796875,0.750000
1181.562500,0.765625
1182.343750,0.781250
1186.781250,0.734375
1187.562500,0.781250
1188.328125,0.765625
1189.109375,0.781250
1189.906250,0.796875
1190.750000,0.843750
1191.515625,0.765625
1192.296875,0.781250
1193.062500,0.765625
1193.859375,0.796875
1194.640625,0.781250
1195.390625,0.750000
1196.140625,0.750000
1196.937500,0.796875
1197.750000,0.812500
1198.515625,0.765625
1199.265625,0.750000
1200.015625,0.750000
1200.796875,0.781250
1201.593750,0.796875
1202.343750,0.750000
1203.109375,0.765625
1204.015625,0.906250
1204.765625,0.750000
1205.531250,0.765625
1212.453125,0.718750
1213.171875,0.718750
1213.906250,0.734375
1214.656250,0.750000
1215.390625,0.734375
1216.109375,0.718750
1216.843750,0.734375
1217.593750,0.750000
1218.328125,0.734375
1219.015625,0.687500
1219.734375,0.718750
1220.468750,0.734375
1221.265625,0.796875
1221.984375,0.718750
1222.703125,0.718750
1223.437500,0.734375
1224.187500,0.750000
1224.953125,0.765625
1225.640625,0.687500
1226.375000,0.734375
1227.156250,0.781250
1227.937500,0.781250
1228.703125,0.765625
1229.406250,0.703125
1230.093750,0.687500
1230.828125,0.734375
1231.609375,0.781250
1232.421875,0.812500
1233.218750,0.796875
1234.031250,0.812500
1238.109375,0.796875
1238.906250,0.796875
1239.718750,0.812500
1240.468750,0.750000
1241.250000,0.781250
1242.000000,0.750000
1242.765625,0.765625
1243.546875,0.781250
1244.296875,0.750000
1245.046875,0.750000
1245.796875,0.750000
1246.578125,0.781250
1247.406250,0.828125
1279.078125,0.734375
1279.781250,0.703125
1280.500000,0.718750
1281.109375,0.609375
1287.406250,0.796875
1288.203125,0.796875
1288.984375,0.781250
1289.703125,0.718750
1310.031250,0.687500
1310.781250,0.750000
1311.562500,0.781250
1312.375000,0.812500
1313.093750,0.718750
1313.812500,0.718750
1337.625000,0.546875
1344.531250,0.796875
1345.281250,0.750000
1346.000000,0.718750
1346.718750,0.718750
1347.500000,0.781250
1348.312500,0.812500
1349.093750,0.781250
1373.906250,0.734375
1374.671875,0.765625
1375.437500,0.765625
1376.234375,0.796875
1377.062500,0.828125
1377.953125,0.890625
1378.828125,0.875000
1379.656250,0.828125
1380.468750,0.812500
1381.281250,0.812500
1382.125000,0.843750
1382.984375,0.859375
1383.796875,0.812500
1384.609375,0.812500
1385.453125,0.843750
1386.390625,0.937500
1387.343750,0.953125
1388.234375,0.890625
1389.093750,0.859375
1389.937500,0.843750
1390.781250,0.843750
1391.593750,0.812500
1392.359375,0.765625
1393.171875,0.812500
1394.046875,0.875000
1394.890625,0.843750
1395.593750,0.703125
1400.281250,0.875000
1405.218750,0.687500
1405.906250,0.687500
1406.640625,0.734375
1407.328125,0.687500
1408.078125,0.750000
1408.796875,0.718750
1409.515625,0.718750
1410.093750,0.578125
1414.187500,0.796875
1414.968750,0.781250
1415.750000,0.781250
1416.500000,0.750000
1417.265625,0.765625
1418.031250,0.765625
1418.828125,0.796875
1419.609375,0.781250
1420.328125,0.718750
1429.375000,0.812500
1430.203125,0.828125
1431.015625,0.812500
1431.796875,0.781250
1432.593750,0.796875
1433.406250,0.812500
1434.218750,0.812500
1435.000000,0.781250
1435.781250,0.781250
1436.625000,0.843750
1437.515625,0.890625
1438.187500,0.671875
1442.640625,0.796875
1443.390625,0.750000
1444.203125,0.812500
1450.250000,0.859375
1451.125000,0.875000
1451.953125,0.828125
1452.734375,0.781250
1453.531250,0.796875
1454.328125,0.796875
1455.093750,0.765625
1460.937500,0.828125
1461.781250,0.843750
1479.343750,0.703125
1480.031250,0.687500
1480.703125,0.671875
1481.375000,0.671875
1482.031250,0.656250
1482.703125,0.671875
1483.390625,0.687500
1491.343750,0.765625
1492.093750,0.750000
1492.828125,0.734375
1493.546875,0.718750
1524.937500,0.859375
1525.859375,0.921875
1526.781250,0.921875
1527.718750,0.937500
1528.593750,0.875000
1529.453125,0.859375
1530.281250,0.828125
1537.812500,0.765625
1548.109375,0.734375
1553.703125,0.859375
1554.515625,0.812500
1555.312500,0.796875
1556.093750,0.781250
1556.906250,0.812500
1557.734375,0.828125
1561.703125,0.765625
1562.484375,0.781250
1563.265625,0.781250
1564.046875,0.781250
1565.000000,0.953125
1565.781250,0.781250
1566.484375,0.703125
1567.328125,0.843750
1568.328125,1.000000
1569.125000,0.796875
1569.921875,0.796875
1578.250000,1.015625
1579.109375,0.859375
1579.953125,0.843750
1580.781250,0.828125
1581.593750,0.812500
1582.359375,0.765625
1583.156250,0.796875
1583.968750,0.812500
1584.828125,0.859375
1585.656250,0.828125
1586.500000,0.843750
1587.343750,0.843750
1588.187500,0.843750
1589.046875,0.859375
1593.218750,0.828125
1594.062500,0.843750
1594.906250,0.843750
1595.750000,0.843750
1601.390625,0.796875
1602.218750,0.828125
1603.062500,0.843750
1603.921875,0.859375
1604.703125,0.781250
1605.531250,0.828125
1606.359375,0.828125
1607.203125,0.843750
1608.015625,0.812500
1608.859375,0.843750
1609.703125,0.843750
1610.562500,0.859375
1611.359375,0.796875
1612.171875,0.812500
1612.968750,0.796875
1613.812500,0.843750
1614.593750,0.781250
1615.375000,0.781250
1616.171875,0.796875
1616.984375,0.812500
1617.796875,0.812500
1622.562500,0.812500
1623.406250,0.843750
1624.343750,0.937500
1625.156250,0.812500
1625.984375,0.828125
1630.906250,0.781250
1631.656250,0.750000
1632.421875,0.765625
1643.500000,0.843750
1644.328125,0.828125
1645.093750,0.765625
1645.921875,0.828125
1646.734375,0.812500
1647.546875,0.812500
1648.312500,0.765625
1649.093750,0.781250
1649.750000,0.656250
1653.843750,0.812500
1654.656250,0.812500
1659.750000,0.843750
1660.593750,0.843750
1661.390625,0.796875
1662.187500,0.796875
1662.968750,0.781250
1663.796875,0.828125
1669.359375,0.796875
1670.109375,0.750000
1670.875000,0.765625
1671.671875,0.796875
1672.406250,0.734375
1673.203125,0.796875
1673.984375,0.781250
1674.640625,0.656250
1675.296875,0.656250
1680.265625,0.843750
1681.125000,0.859375
1681.937500,0.812500
1682.703125,0.765625
1683.500000,0.796875
1687.968750,0.765625
1688.750000,0.781250
1689.562500,0.812500
1690.390625,0.828125
1691.250000,0.859375
1692.109375,0.859375
1692.937500,0.828125
1693.765625,0.828125
1694.593750,0.828125
1695.421875,0.828125
1696.203125,0.781250
1697.000000,0.796875
1697.812500,0.812500
1698.593750,0.781250
1699.390625,0.796875
1700.171875,0.781250
1700.984375,0.812500
1701.812500,0.828125
1702.656250,0.843750
1703.468750,0.812500
1704.296875,0.828125
1705.109375,0.812500
1705.953125,0.843750
1706.781250,0.828125
1707.578125,0.796875
1708.359375,0.781250
1709.171875,0.812500
1709.968750,0.796875
1710.750000,0.781250
1711.546875,0.796875
1712.375000,0.828125
1713.234375,0.859375
1714.031250,0.796875
1714.859375,0.828125
1715.703125,0.843750
1716.531250,0.828125
1717.312500,0.781250
1718.125000,0.812500
1718.953125,0.828125
1719.765625,0.812500
1720.531250,0.765625
1721.296875,0.765625
1722.078125,0.781250
1722.875000,0.796875
1723.734375,0.859375
1724.531250,0.796875
1725.359375,0.828125
1726.218750,0.859375
1727.125000,0.906250
1728.000000,0.875000
1728.859375,0.859375
1729.734375,0.875000
1730.578125,0.843750
1731.375000,0.796875
1732.218750,0.843750
1733.109375,0.890625
1734.046875,0.937500
1734.890625,0.843750
1735.750000,0.859375
1736.625000,0.875000
1737.515625,0.890625
1738.328125,0.812500
1739.156250,0.828125
1740.031250,0.875000
1740.921875,0.890625
1741.859375,0.937500
1746.234375,0.906250
1747.062500,0.828125
1747.921875,0.859375
1748.781250,0.859375
1749.671875,0.890625
1750.546875,0.875000
1751.406250,0.859375
1752.296875,0.890625
1753.187500,0.890625
1754.062500,0.875000
1754.875000,0.812500
1755.703125,0.828125
1756.546875,0.843750
1757.437500,0.890625
1762.515625,0.859375
1763.375000,0.859375
1764.265625,0.890625
1765.125000,0.859375
1765.984375,0.859375
1766.843750,0.859375
1767.687500,0.843750
1768.484375,0.796875
1769.265625,0.781250
1770.046875,0.781250
1770.859375,0.812500
1771.703125,0.843750
1772.500000,0.796875
1773.343750,0.843750
1774.187500,0.843750
1775.078125,0.890625
1779.265625,0.875000
1783.406250,0.875000
1784.250000,0.843750
1785.140625,0.890625
1786.046875,0.906250
1786.968750,0.921875
1787.859375,0.890625
1792.093750,0.843750
1796.234375,0.843750
1797.062500,0.828125
1797.953125,0.890625
1798.750000,0.796875
1799.640625,0.890625
1800.484375,0.843750
1801.359375,0.875000
1802.171875,0.812500
1803.015625,0.843750
1803.875000,0.859375
1804.718750,0.843750
1809.406250,0.750000
1810.140625,0.734375
1810.843750,0.703125
1811.562500,0.718750
1812.312500,0.750000
1813.078125,0.765625
1813.859375,0.781250
1814.593750,0.734375
1815.359375,0.765625
1816.140625,0.781250
1816.953125,0.812500
1817.765625,0.812500
1818.562500,0.796875
1819.390625,0.828125
1820.250000,0.859375
1821.109375,0.859375
1821.937500,0.828125
1822.765625,0.828125
1823.609375,0.843750
1824.468750,0.859375
1825.312500,0.843750
1826.140625,0.828125
1827.000000,0.859375
1827.875000,0.875000
1828.750000,0.875000
1829.609375,0.859375
1830.484375,0.875000
1831.359375,0.875000
1840.515625,0.906250
1845.109375,0.890625
1845.984375,0.875000
1846.875000,0.890625
1847.734375,0.859375
1848.531250,0.796875
1849.250000,0.718750
1849.953125,0.703125
1850.687500,0.734375
1851.515625,0.828125
1852.500000,0.984375
1853.546875,1.046875
1854.562500,1.015625
1855.562500,1.000000
1856.515625,0.953125
1857.421875,0.906250
1858.265625,0.843750
1859.078125,0.812500
1859.921875,0.843750
1860.750000,0.828125
1861.609375,0.859375
1862.453125,0.843750
1863.281250,0.828125
1864.125000,0.843750
1864.953125,0.828125
1865.828125,0.875000
1866.734375,0.906250
1867.578125,0.843750
1868.468750,0.890625
1869.375000,0.906250
1870.296875,0.921875
1871.203125,0.906250
1872.078125,0.875000
1872.953125,0.875000
1873.859375,0.906250
1874.734375,0.875000
1875.562500,0.828125
1876.375000,0.812500
1877.203125,0.828125
1878.078125,0.875000
1879.015625,0.937500
1879.984375,0.968750
1880.937500,0.953125
1881.906250,0.968750
1882.859375,0.953125
1883.812500,0.953125
1884.718750,0.906250
1889.015625,0.921875
1889.937500,0.921875
1890.812500,0.875000
1891.734375,0.921875
1892.671875,0.937500
1893.531250,0.859375
1894.421875,0.890625
1895.328125,0.906250
1896.234375,0.906250
1897.046875,0.812500
1907.453125,0.843750
1908.281250,0.828125
1909.156250,0.875000
1910.031250,0.875000
1910.906250,0.875000
1911.718750,0.812500
1912.515625,0.796875
1913.328125,0.812500
1914.171875,0.843750
1915.015625,0.843750
1921.562500,0.796875
1922.343750,0.781250
1923.125000,0.781250
1923.937500,0.812500
1924.765625,0.828125
1925.750000,0.984375
1926.578125,0.828125
1927.375000,0.796875
1928.218750,0.843750
1928.984375,0.765625
1929.750000,0.765625
1930.531250,0.781250
1934.625000,0.890625
1935.500000,0.875000
1936.343750,0.843750
1937.203125,0.859375
1938.062500,0.859375
1938.921875,0.859375
1939.734375,0.812500
1940.531250,0.796875
1941.312500,0.781250
1942.093750,0.781250
1942.843750,0.750000
1943.625000,0.781250
1944.437500,0.812500
1945.250000,0.812500
1946.046875,0.796875
1946.859375,0.812500
1947.671875,0.812500
1948.421875,0.750000
1949.187500,0.765625
1949.953125,0.765625
1950.750000,0.796875
1951.546875,0.796875
1952.312500,0.765625
1953.093750,0.781250
1953.828125,0.734375
1954.562500,0.734375
1955.296875,0.734375
1956.000000,0.703125
1956.718750,0.718750
1957.453125,0.734375
1964.812500,0.750000
1965.546875,0.734375
1966.250000,0.703125
1966.953125,0.703125
1967.671875,0.718750
1973.953125,0.781250
1974.734375,0.781250
1975.515625,0.781250
1976.250000,0.734375
1977.015625,0.765625
1977.734375,0.718750
1978.468750,0.734375
1994.984375,0.859375
2000.406250,0.812500
2001.250000,0.843750
2002.093750,0.843750
2002.953125,0.859375
2003.781250,0.828125
2004.640625,0.859375
2005.500000,0.859375
2006.328125,0.828125
2007.125000,0.796875
2007.921875,0.796875
2008.718750,0.796875
2009.546875,0.828125
2010.343750,0.796875
2011.140625,0.796875
2011.984375,0.843750
2012.812500,0.828125
2013.671875,0.859375
2014.468750,0.796875
2015.203125,0.734375
2015.906250,0.703125
2019.687500,0.718750
2027.500000,0.812500
2028.296875,0.796875
2029.125000,0.828125
2030.046875,0.921875
2030.968750,0.921875
2031.890625,0.921875
2032.796875,0.906250
2033.734375,0.937500
2034.625000,0.890625
2035.546875,0.921875
2039.890625,0.843750
2040.750000,0.859375
2041.609375,0.859375
2042.296875,0.687500
2043.265625,0.968750
2059.906250,0.906250
2060.781250,0.875000
2061.609375,0.828125
2062.500000,0.890625
2063.375000,0.875000
2071.843750,0.828125
2072.656250,0.812500
2077.609375,0.859375
2078.437500,0.828125
2079.250000,0.812500
2080.078125,0.828125
2080.765625,0.687500
2081.718750,0.953125
2093.843750,0.687500
2099.156250,0.859375
2100.000000,0.843750
2100.812500,0.812500
2101.671875,0.859375
2102.546875,0.875000
2103.406250,0.859375
2112.765625,0.968750
2113.937500,1.171875
2119.468750,0.875000
2120.375000,0.906250
2121.296875,0.921875
2122.203125,0.906250
2123.093750,0.890625
2123.921875,0.828125
2133.328125,0.703125
2134.031250,0.703125
2134.734375,0.703125
2142.000000,0.953125
2142.984375,0.984375
2143.953125,0.968750
2156.859375,0.843750
2185.015625,0.859375
2185.875000,0.859375
2186.718750,0.843750
2187.562500,0.843750
2188.375000,0.812500
2192.718750,0.875000
2193.609375,0.890625
2202.359375,0.953125
2208.515625,0.875000
2214.484375,0.890625
2215.375000,0.890625
2223.187500,0.875000
2240.859375,0.906250
2241.734375,0.875000
2242.593750,0.859375
2243.437500,0.843750
2252.640625,1.000000
2259.062500,0.812500
2259.859375,0.796875
2260.531250,0.671875
2261.437500,0.906250
2266.703125,0.937500
2267.750000,1.046875
2268.718750,0.968750
2269.687500,0.968750
2270.640625,0.953125
2271.578125,0.937500
2272.484375,0.906250
2273.609375,1.125000
2291.765625,0.859375
2292.531250,0.765625
2293.359375,0.828125
2294.156250,0.796875
2294.937500,0.781250
2295.765625,0.828125
2296.625000,0.859375
2297.546875,0.921875
2298.453125,0.906250
2299.296875,0.843750
2300.187500,0.890625
2301.062500,0.875000
2301.953125,0.890625
2302.750000,0.796875
2310.156250,0.828125
2311.015625,0.859375
2323.125000,0.906250
2324.000000,0.875000
2324.843750,0.843750
2325.703125,0.859375
2326.578125,0.875000
2327.437500,0.859375
2328.265625,0.828125
2329.109375,0.843750
2329.968750,0.859375
2330.859375,0.890625
2331.765625,0.906250
2332.625000,0.859375
2333.515625,0.890625
2334.437500,0.921875
2335.328125,0.890625
2336.187500,0.859375
2337.031250,0.843750
2337.890625,0.859375
2338.765625,0.875000
2339.656250,0.890625
2340.531250,0.875000
2341.421875,0.890625
2342.312500,0.890625
2343.203125,0.890625
2344.046875,0.843750
2344.890625,0.843750
2345.734375,0.843750
2346.750000,1.015625
2347.562500,0.812500
2348.375000,0.812500
2352.328125,0.750000
2353.093750,0.765625
2353.859375,0.765625
2354.656250,0.796875
2355.343750,0.687500
2356.125000,0.781250
2361.343750,1.000000
2362.281250,0.937500
2363.218750,0.937500
2364.234375,1.015625
2365.140625,0.906250
2366.015625,0.875000
2366.718750,0.703125
2367.546875,0.828125
2372.734375,0.843750
2373.562500,0.828125
2374.421875,0.859375
2375.296875,0.875000
2376.171875,0.875000
2376.984375,0.812500
2377.781250,0.796875
2378.593750,0.812500
2384.171875,0.843750
2384.968750,0.796875
2385.781250,0.812500
2386.609375,0.828125
2387.468750,0.859375
2388.312500,0.843750
2389.125000,0.812500
2389.984375,0.859375
2390.875000,0.890625
2396.734375,0.843750
2397.578125,0.843750
2398.468750,0.890625
2403.921875,1.140625
2405.234375,1.312500
2406.156250,0.921875
2411.421875,0.828125
2412.218750,0.796875
2413.062500,0.843750
2413.906250,0.843750
2414.781250,0.875000
2415.703125,0.921875
2416.625000,0.921875
2417.515625,0.890625
2418.453125,0.937500
2419.375000,0.921875
2423.625000,0.812500
2433.640625,0.796875
2434.453125,0.812500
2435.281250,0.828125
2436.125000,0.843750
2436.921875,0.796875
2437.750000,0.828125
2438.609375,0.859375
2439.468750,0.859375
2440.281250,0.812500
2441.062500,0.781250
2441.828125,0.765625
2442.625000,0.796875
2443.406250,0.781250
2444.265625,0.859375
2445.187500,0.921875
2446.140625,0.953125
2447.093750,0.953125
2448.046875,0.953125
2449.031250,0.984375
2450.015625,0.984375
2461.875000,0.796875
2462.703125,0.828125
2463.562500,0.859375
2464.406250,0.843750
2465.265625,0.859375
2466.125000,0.859375
2467.203125,1.078125
2468.062500,0.859375
2468.906250,0.843750
2469.781250,0.875000
2470.625000,0.843750
2471.421875,0.796875
2472.171875,0.750000
2472.953125,0.781250
2473.750000,0.796875
2474.562500,0.812500
2475.328125,0.765625
2476.156250,0.828125
2477.015625,0.859375
2477.906250,0.890625
2478.750000,0.843750
2479.593750,0.843750
2480.468750,0.875000
2481.281250,0.812500
2482.078125,0.796875
2482.875000,0.796875
2483.687500,0.812500
2484.515625,0.828125
2485.390625,0.875000
2486.234375,0.843750
2487.109375,0.875000
2488.015625,0.906250
2488.921875,0.906250
2489.796875,0.875000
2490.671875,0.875000
2491.531250,0.859375
2492.375000,0.843750
2493.171875,0.796875
2494.015625,0.843750
2494.875000,0.859375
2495.781250,0.906250
2496.640625,0.859375
2497.500000,0.859375
2498.375000,0.875000
2499.265625,0.890625
2518.765625,0.796875
2519.406250,0.640625
2530.656250,0.734375
2531.421875,0.765625
2532.203125,0.781250
2532.953125,0.750000
2564.218750,0.671875
2564.968750,0.750000
2565.890625,0.921875
2566.687500,0.796875
2567.484375,0.796875
2568.328125,0.843750
2569.140625,0.812500
2569.953125,0.812500
2570.796875,0.843750
2571.453125,0.656250
2584.859375,0.796875
2585.656250,0.796875
2586.500000,0.843750
2587.484375,0.984375
2588.250000,0.765625
2589.031250,0.781250
2602.453125,0.921875
2603.359375,0.906250
2609.109375,0.796875
2609.984375,0.875000
2610.843750,0.859375
2611.687500,0.843750
2612.546875,0.859375
2613.484375,0.937500
2614.390625,0.906250
2615.250000,0.859375
2619.406250,0.812500
2620.250000,0.843750
2621.093750,0.843750
2621.906250,0.812500
2622.687500,0.781250
2623.468750,0.781250
2624.312500,0.843750
2625.218750,0.906250
2626.203125,0.984375
2627.203125,1.000000
2628.031250,0.828125
2628.875000,0.843750
2629.687500,0.812500
2630.437500,0.750000
2631.156250,0.718750
2631.890625,0.734375
2632.593750,0.703125
2633.328125,0.734375
2634.109375,0.781250
2647.640625,0.843750
2648.578125,0.937500
2649.468750,0.890625
2650.312500,0.843750
2651.140625,0.828125
2652.000000,0.859375
2652.921875,0.921875
2653.890625,0.968750
2654.796875,0.906250
2655.718750,0.921875
2656.671875,0.953125
2657.593750,0.921875
2658.500000,0.906250
2659.343750,0.843750
2660.203125,0.859375
2661.093750,0.890625
2662.062500,0.968750
2670.390625,0.796875
2695.140625,0.812500
2696.000000,0.859375
2702.781250,0.796875
2703.593750,0.812500
2704.421875,0.828125
2705.296875,0.875000
2711.234375,0.875000
2712.109375,0.875000
2712.968750,0.859375
2713.875000,0.906250
2714.734375,0.859375
2715.593750,0.859375
2716.437500,0.843750
2717.312500,0.875000
2718.187500,0.875000
2719.046875,0.859375
2719.890625,0.843750
2720.750000,0.859375
2721.625000,0.875000
2722.468750,0.843750
2727.203125,0.750000
2727.937500,0.734375
2728.734375,0.796875
2729.562500,0.828125
2730.359375,0.796875
2738.703125,0.859375
2739.578125,0.875000
2740.468750,0.890625
2741.328125,0.859375
2742.171875,0.843750
2743.046875,0.875000
2743.921875,0.875000
2744.812500,0.890625
2745.656250,0.843750
2746.562500,0.906250
2747.453125,0.890625
2748.343750,0.890625
2749.218750,0.875000
2750.078125,0.859375
2750.937500,0.859375
2751.828125,0.890625
2752.734375,0.906250
2753.546875,0.812500
2758.593750,0.875000
2759.531250,0.937500
2760.421875,0.890625
2761.265625,0.843750
2762.171875,0.906250
2763.031250,0.859375
2763.796875,0.765625
2764.562500,0.765625
2765.406250,0.843750
2766.140625,0.734375
2774.656250,0.859375
2775.500000,0.843750
2776.265625,0.765625
2777.265625,1.000000
2791.593750,0.890625
2792.515625,0.921875
2793.468750,0.953125
2794.328125,0.859375
2795.203125,0.875000
2796.078125,0.875000
2796.984375,0.906250
2797.921875,0.937500
2798.796875,0.875000
2799.718750,0.921875
2800.656250,0.937500
2801.625000,0.968750
2802.578125,0.953125
2803.484375,0.906250
2804.406250,0.921875
2805.328125,0.921875
2806.281250,0.953125
2807.156250,0.875000
2808.078125,0.921875
2822.671875,0.687500
2827.000000,0.843750
2828.015625,1.015625
2828.937500,0.921875
2829.812500,0.875000
2830.656250,0.843750
2831.500000,0.843750
2832.375000,0.875000
2833.281250,0.906250
2834.156250,0.875000
2835.046875,0.890625
2836.000000,0.953125
2836.953125,0.953125
2845.921875,0.906250
2846.812500,0.890625
2847.718750,0.906250
2854.765625,0.906250
2855.718750,0.953125
2856.718750,1.000000
2857.687500,0.968750
2858.640625,0.953125
2872.171875,0.859375
2873.000000,0.828125
2873.921875,0.921875
2933.984375,0.968750
2934.781250,0.796875
2935.890625,1.109375
2941.828125,1.015625
2948.656250,1.046875
2949.625000,0.968750
2956.296875,0.953125
2957.250000,0.953125
2958.203125,0.953125
2965.406250,0.921875
2966.312500,0.906250
2967.234375,0.921875
2968.156250,0.921875
2969.171875,1.015625
2970.109375,0.937500
2971.015625,0.906250
2971.750000,0.734375
2976.375000,0.859375
2977.234375,0.859375
2997.171875,0.812500
2997.968750,0.796875
2998.796875,0.828125
3002.937500,0.859375
3009.171875,0.937500
3020.062500,0.843750
3025.218750,0.812500
3035.109375,0.812500
3035.937500,0.828125
3036.765625,0.828125
3037.625000,0.859375
3038.468750,0.843750
3039.312500,0.843750
3040.218750,0.906250
3041.125000,0.906250
3042.078125,0.953125
3046.531250,0.859375
3047.390625,0.859375
3048.265625,0.875000
3049.171875,0.906250
3050.062500,0.890625
3050.906250,0.843750
3051.750000,0.843750
3052.578125,0.828125
3053.421875,0.843750
3054.234375,0.812500
3055.109375,0.875000
3056.046875,0.937500
3057.000000,0.953125
3057.890625,0.890625
3058.781250,0.890625
3059.703125,0.921875
3060.640625,0.937500
3061.531250,0.890625
3062.437500,0.906250
3063.390625,0.953125
3064.359375,0.968750
3065.296875,0.937500
3066.218750,0.921875
3066.937500,0.718750
3072.468750,0.906250
3073.312500,0.843750
3074.234375,0.921875
3075.171875,0.937500
3076.046875,0.875000
3082.218750,0.921875
3083.140625,0.921875
3084.234375,1.093750
3088.453125,0.812500
3096.296875,0.906250
3097.203125,0.906250
3098.125000,0.921875
3099.078125,0.953125
3100.015625,0.937500
3100.937500,0.921875
3101.828125,0.890625
3102.765625,0.937500
3103.718750,0.953125
3104.703125,0.984375
3105.625000,0.921875
3106.546875,0.921875
3107.484375,0.937500
3118.109375,0.859375
3118.984375,0.875000
3119.828125,0.843750
3120.796875,0.968750
3121.625000,0.828125
3129.468750,0.859375
3130.328125,0.859375
3131.218750,0.890625
3132.093750,0.875000
3132.921875,0.828125
3133.765625,0.843750
3134.625000,0.859375
3135.531250,0.906250
3136.437500,0.906250
3137.265625,0.828125
3138.125000,0.859375
3139.015625,0.890625
3139.921875,0.906250
3140.765625,0.843750
3149.703125,0.890625
3150.656250,0.953125
3151.562500,0.906250
3152.500000,0.937500
3153.375000,0.875000
3154.250000,0.875000
3155.093750,0.843750
3155.953125,0.859375
3156.843750,0.890625
3157.656250,0.812500
3158.515625,0.859375
3159.375000,0.859375
3160.265625,0.890625
3161.093750,0.828125
3161.906250,0.812500
3162.687500,0.781250
3163.484375,0.796875
3164.296875,0.812500
3165.078125,0.781250
3169.937500,0.859375
3170.843750,0.906250
3175.265625,0.906250
3176.140625,0.875000
3177.078125,0.937500
3177.953125,0.875000
3178.906250,0.953125
3221.031250,0.890625
3246.203125,1.359375
3260.875000,0.812500
3293.953125,0.953125
3294.890625,0.937500
3295.843750,0.953125
3296.796875,0.953125
3297.734375,0.937500
3298.671875,0.937500
3299.515625,0.843750
3300.343750,0.828125
3301.156250,0.812500
3322.828125,0.703125
3323.687500,0.859375
3324.640625,0.953125
3325.609375,0.968750
3326.546875,0.937500
3327.500000,0.953125
3328.484375,0.984375
3329.453125,0.968750
3330.421875,0.968750
3331.328125,0.906250
3332.234375,0.906250
3345.656250,0.890625
3346.640625,0.984375
3355.656250,0.953125
3356.609375,0.953125
3357.515625,0.906250
3358.421875,0.906250
3373.875000,0.968750
3374.765625,0.890625
3375.656250,0.890625
3376.609375,0.953125
3408.921875,0.875000
3409.687500,0.765625
3410.500000,0.812500
3414.343750,0.750000
3415.093750,0.750000
3415.859375,0.765625
3416.609375,0.750000
3417.343750,0.734375
3418.093750,0.750000
3418.781250,0.687500
3419.609375,0.828125
3432.640625,0.937500
3433.578125,0.937500
3434.546875,0.968750
3435.453125,0.906250
3436.343750,0.890625
3437.250000,0.906250
3438.187500,0.937500
3439.093750,0.906250
3439.968750,0.875000
3440.890625,0.921875
3441.812500,0.921875
3446.375000,0.906250
3447.265625,0.890625
3448.171875,0.906250
3449.093750,0.921875
3449.968750,0.875000
3454.343750,0.875000
3455.250000,0.906250
3456.125000,0.875000
3457.078125,0.953125
3457.968750,0.890625
3458.812500,0.843750
3464.906250,0.859375
3465.750000,0.843750
3466.593750,0.843750
3467.453125,0.859375
3468.328125,0.875000
3469.125000,0.796875
3469.968750,0.843750
3470.828125,0.859375
3471.718750,0.890625
3472.593750,0.875000
3473.453125,0.859375
3474.343750,0.890625
3481.375000,0.906250
3482.296875,0.921875
3488.500000,0.875000
3489.578125,1.078125
3490.500000,0.921875
3491.390625,0.890625
3492.265625,0.875000
3493.187500,0.921875
3494.109375,0.921875
3494.984375,0.875000
3495.875000,0.890625
3496.781250,0.906250
3502.875000,0.843750
3503.765625,0.890625
3504.625000,0.859375
3505.500000,0.875000
3506.265625,0.765625
3507.234375,0.968750
3508.078125,0.843750
3508.984375,0.906250
3509.875000,0.890625
3510.734375,0.859375
3511.625000,0.890625
3512.546875,0.921875
3513.437500,0.890625
3514.328125,0.890625
3515.203125,0.875000
3516.109375,0.906250
3517.000000,0.890625
3517.828125,0.828125
3518.687500,0.859375
3519.546875,0.859375
3520.406250,0.859375
3521.203125,0.796875
3522.015625,0.812500
3522.828125,0.812500
3523.687500,0.859375
3524.546875,0.859375
3525.375000,0.828125
3526.218750,0.843750
3527.062500,0.843750
3527.953125,0.890625
3528.781250,0.828125
3529.625000,0.843750
3530.484375,0.859375
3531.359375,0.875000
3532.203125,0.843750
3533.062500,0.859375
3533.953125,0.890625
3534.859375,0.906250
3535.703125,0.843750
3536.609375,0.906250
3537.484375,0.875000
3538.421875,0.937500
3539.359375,0.937500
3540.265625,0.906250
3541.187500,0.921875
3542.125000,0.937500
3543.078125,0.953125
3544.000000,0.921875
3544.906250,0.906250
3545.812500,0.906250
3546.750000,0.937500
3547.656250,0.906250
3548.546875,0.890625
3549.437500,0.890625
3550.515625,1.078125
3560.562500,0.875000
3561.421875,0.859375
3562.250000,0.828125
3563.046875,0.796875
3563.890625,0.843750
3564.656250,0.765625
3565.406250,0.750000
3580.015625,0.781250
3580.875000,0.859375
3581.734375,0.859375
3582.593750,0.859375
3583.390625,0.796875
3584.312500,0.921875
3593.890625,0.906250
3599.046875,0.828125
3599.875000,0.828125
3600.718750,0.843750
3601.593750,0.875000
3606.015625,0.859375
3606.859375,0.843750
3607.718750,0.859375
3608.578125,0.859375
3609.437500,0.859375
3610.250000,0.812500
3611.093750,0.843750
3611.953125,0.859375
3612.812500,0.859375
3613.640625,0.828125
3614.500000,0.859375
3615.390625,0.890625
3616.281250,0.890625
3617.109375,0.828125
3617.937500,0.828125
3618.781250,0.843750
3619.671875,0.890625
3620.531250,0.859375
3621.390625,0.859375
3622.250000,0.859375
3623.140625,0.890625
3623.984375,0.843750
3624.828125,0.843750
3625.687500,0.859375
3626.546875,0.859375
3627.390625,0.843750
3628.250000,0.859375
3629.109375,0.859375
3629.984375,0.875000
3630.796875,0.812500
3631.656250,0.859375
3632.546875,0.890625
3633.453125,0.906250
3634.312500,0.859375
3635.125000,0.812500
3636.015625,0.890625
3636.890625,0.875000
3637.796875,0.906250
3638.656250,0.859375
3639.531250,0.875000
3640.437500,0.906250
3641.312500,0.875000
3642.156250,0.843750
3643.000000,0.843750
3643.875000,0.875000
3644.734375,0.859375
3645.656250,0.921875
3646.531250,0.875000
3647.437500,0.906250
3648.375000,0.937500
3649.281250,0.906250
3650.218750,0.937500
3651.156250,0.937500
3681.500000,0.812500
3682.312500,0.812500
3683.156250,0.843750
3684.000000,0.843750
3699.781250,0.859375
3700.640625,0.859375
3701.515625,0.875000
3702.375000,0.859375
3703.234375,0.859375
3704.156250,0.921875
3705.093750,0.937500
3705.968750,0.875000
3706.921875,0.953125
3707.890625,0.968750
3708.875000,0.984375
3709.781250,0.906250
3720.312500,0.828125
3721.109375,0.796875
3721.890625,0.781250
3722.656250,0.765625
3723.421875,0.765625
3724.234375,0.812500
3724.953125,0.718750
3725.734375,0.781250
3726.484375,0.750000
3727.281250,0.796875
3728.062500,0.781250
3728.843750,0.781250
3729.656250,0.812500
3730.625000,0.968750
3731.468750,0.843750
3732.343750,0.875000
3733.234375,0.890625
3734.078125,0.843750
3734.937500,0.859375
3735.843750,0.906250
3736.781250,0.937500
3737.671875,0.890625
3738.656250,0.984375
3739.671875,1.015625
3740.703125,1.031250
3741.671875,0.968750
3742.625000,0.953125
3743.578125,0.953125
3744.484375,0.906250
3748.312500,0.828125
3749.281250,0.968750
3750.312500,1.031250
3751.343750,1.031250
3752.375000,1.031250
3753.375000,1.000000
3754.312500,0.937500
3755.296875,0.984375
3756.125000,0.828125
3756.968750,0.843750
3757.812500,0.843750
3758.718750,0.906250
3759.656250,0.937500
3760.625000,0.968750
3761.562500,0.937500
3762.500000,0.937500
3763.437500,0.937500
3764.390625,0.953125
3765.328125,0.937500
3766.265625,0.937500
3771.546875,0.937500
3772.468750,0.921875
3773.359375,0.890625
3774.281250,0.921875
3775.218750,0.937500
3776.140625,0.921875
3777.000000,0.859375
3777.875000,0.875000
3778.734375,0.859375
3779.656250,0.921875
3780.515625,0.859375
3781.406250,0.890625
3786.796875,0.921875
3787.671875,0.875000
3788.562500,0.890625
3789.484375,0.921875
3790.437500,0.953125
3791.359375,0.921875
3792.218750,0.859375
3793.109375,0.890625
3794.046875,0.937500
3794.859375,0.812500
3801.218750,0.921875
3802.062500,0.843750
3802.937500,0.875000
3803.828125,0.890625
3804.734375,0.906250
3805.578125,0.843750
3806.437500,0.859375
3823.218750,0.890625
3824.156250,0.937500
3833.078125,0.875000
3833.953125,0.875000
3834.843750,0.890625
3835.765625,0.921875
3836.656250,0.890625
3846.859375,0.828125
3847.734375,0.875000
3848.625000,0.890625
3849.500000,0.875000
3850.343750,0.843750
3851.250000,0.906250
3862.750000,0.953125
3863.750000,1.000000
3864.703125,0.953125
3865.671875,0.968750
3866.625000,0.953125
3867.609375,0.984375
3868.562500,0.953125
3869.453125,0.890625
3870.390625,0.937500
3871.375000,0.984375
3872.421875,1.046875
3873.421875,1.000000
3874.390625,0.968750
3875.359375,0.968750
3876.375000,1.015625
3877.375000,1.000000
3878.312500,0.937500
3879.265625,0.953125
3880.250000,0.984375
3881.265625,1.015625
3882.328125,1.062500
3883.343750,1.015625
3884.312500,0.968750
3885.281250,0.968750
3886.265625,0.984375
3887.265625,1.000000
3888.218750,0.953125
3889.171875,0.953125
3890.187500,1.015625
3891.187500,1.000000
3892.171875,0.984375
3893.109375,0.937500
3894.109375,1.000000
3895.093750,0.984375
3896.062500,0.968750
3896.968750,0.906250
3897.937500,0.968750
3898.906250,0.968750
3899.875000,0.968750
3900.828125,0.953125
3901.750000,0.921875
3902.718750,0.968750
3903.671875,0.953125
3904.640625,0.968750
3905.484375,0.843750
3906.437500,0.953125
3907.390625,0.953125
3908.375000,0.984375
3909.328125,0.953125
3910.421875,1.093750
3911.390625,0.968750
3912.375000,0.984375
3913.359375,0.984375
3914.296875,0.937500
3915.234375,0.937500
3916.218750,0.984375
3917.203125,0.984375
3918.156250,0.953125
3919.031250,0.875000
3920.015625,0.984375
3920.968750,0.953125
3921.921875,0.953125
3922.765625,0.843750
3935.921875,0.828125
3936.625000,0.703125
3946.265625,0.843750
3947.125000,0.859375
3948.000000,0.875000
3948.906250,0.906250
3949.843750,0.937500
3967.234375,0.828125
3968.000000,0.765625
3968.828125,0.828125
3969.640625,0.812500
3985.796875,0.812500
3989.843750,0.859375
3990.734375,0.890625
3991.593750,0.859375
3992.468750,0.875000
3993.359375,0.890625
3994.296875,0.937500
3995.234375,0.937500
3996.140625,0.906250
3997.062500,0.921875
3998.000000,0.937500
3998.859375,0.859375
3999.703125,0.843750
4016.171875,1.000000
4017.171875,1.000000
4018.203125,1.031250
4019.187500,0.984375
4020.187500,1.000000
4021.218750,1.031250
4022.250000,1.031250
4029.984375,0.875000
4031.140625,1.156250
4032.062500,0.921875
4037.765625,0.953125
4038.718750,0.953125
4039.656250,0.937500
4040.531250,0.875000
4041.484375,0.953125
4042.437500,0.953125
4047.140625,0.937500
4048.015625,0.875000
4048.921875,0.906250
4049.812500,0.890625
4050.734375,0.921875
4051.546875,0.812500
4057.000000,0.937500
4057.953125,0.953125
4088.281250,0.859375
4089.265625,0.984375
4090.296875,1.031250
4091.359375,1.062500
4092.390625,1.031250
4093.437500,1.046875
4094.515625,1.078125
4095.531250,1.015625
4096.484375,0.953125
4097.250000,0.765625
4102.343750,1.015625
4103.328125,0.984375
4104.203125,0.875000
4105.265625,1.062500
4106.343750,1.078125
4107.343750,1.000000
4108.328125,0.984375
4109.359375,1.031250
4110.406250,1.046875
4114.937500,0.843750
4115.812500,0.875000
4116.640625,0.828125
4117.484375,0.843750
4118.234375,0.750000
4119.078125,0.843750
4119.937500,0.859375
4120.859375,0.921875
4121.703125,0.843750
4122.578125,0.875000
4123.484375,0.906250
4124.375000,0.890625
4125.234375,0.859375
4126.046875,0.812500
4131.828125,1.000000
4132.718750,0.890625
4133.671875,0.953125
4149.093750,0.953125
4150.031250,0.937500
4151.109375,1.078125
4152.062500,0.953125
4153.046875,0.984375
4154.046875,1.000000
4154.984375,0.937500
4155.968750,0.984375
4156.953125,0.984375
4167.453125,0.890625
4168.328125,0.875000
4169.218750,0.890625
4170.125000,0.906250
4171.000000,0.875000
4171.843750,0.843750
4172.703125,0.859375
4173.625000,0.921875
4174.500000,0.875000
4175.343750,0.843750
4176.250000,0.906250
4203.687500,0.953125
4204.640625,0.953125
4205.531250,0.890625
4206.421875,0.890625
4207.343750,0.921875
4208.281250,0.937500
4209.203125,0.921875
4210.078125,0.875000
4211.156250,1.078125
4212.046875,0.890625
4212.984375,0.937500
4213.843750,0.859375
4214.687500,0.843750
4215.515625,0.828125
4216.328125,0.812500
4217.187500,0.859375
4218.078125,0.890625
4218.906250,0.828125
4219.765625,0.859375
4220.640625,0.875000
4221.515625,0.875000
4222.343750,0.828125
4223.171875,0.828125
4224.031250,0.859375
4224.906250,0.875000
4225.750000,0.843750
4226.625000,0.875000
4227.515625,0.890625
4228.468750,0.953125
4229.281250,0.812500
4230.125000,0.843750
4230.968750,0.843750
4231.843750,0.875000
4232.750000,0.906250
4233.609375,0.859375
4234.484375,0.875000
4235.390625,0.906250
4236.312500,0.921875
4237.171875,0.859375
4238.046875,0.875000
4238.937500,0.890625
4239.843750,0.906250
4240.671875,0.828125
4241.500000,0.828125
4242.328125,0.828125
4243.218750,0.890625
4244.093750,0.875000
4244.984375,0.890625
4245.921875,0.937500
4246.890625,0.968750
4247.812500,0.921875
4248.734375,0.921875
4249.671875,0.937500
4250.625000,0.953125
4251.562500,0.937500
4252.484375,0.921875
4253.437500,0.953125
4254.390625,0.953125
4255.359375,0.968750
4256.265625,0.906250
4257.187500,0.921875
4258.156250,0.968750
4259.109375,0.953125
4260.031250,0.921875
4260.953125,0.921875
4261.906250,0.953125
4275.953125,0.843750
4276.796875,0.843750
4277.656250,0.859375
4278.484375,0.828125
4279.359375,0.875000
4280.281250,0.921875
4281.234375,0.953125
4285.796875,0.875000
4286.687500,0.890625
4287.609375,0.921875
4288.515625,0.906250
4289.375000,0.859375
4290.265625,0.890625
4291.156250,0.890625
4292.031250,0.875000
4303.609375,0.890625
4304.515625,0.906250
4305.421875,0.906250
4306.328125,0.906250
4307.234375,0.906250
4317.171875,0.796875
4317.953125,0.781250
4360.593750,1.046875
4361.625000,1.031250
4362.609375,0.984375
4363.562500,0.953125
4364.515625,0.953125
4365.468750,0.953125
4366.453125,0.984375
4367.421875,0.968750
4368.406250,0.984375
4369.390625,0.984375
4370.375000,0.984375
4371.359375,0.984375
4372.312500,0.953125
4373.203125,0.890625
4374.140625,0.937500
4375.093750,0.953125
4376.078125,0.984375
4377.093750,1.015625
4378.031250,0.937500
4379.015625,0.984375
4380.015625,1.000000
4381.000000,0.984375
4381.953125,0.953125
4382.859375,0.906250
4383.765625,0.906250
4384.687500,0.921875
4385.640625,0.953125
4386.609375,0.968750
4387.500000,0.890625
4388.437500,0.937500
4389.406250,0.968750
4390.406250,1.000000
4391.578125,1.171875
4392.546875,0.968750
4393.531250,0.984375
4401.968750,0.921875
4402.906250,0.937500
4403.859375,0.953125
4404.734375,0.875000
4405.625000,0.890625
4406.500000,0.875000
4407.406250,0.906250
4408.343750,0.937500
4416.531250,0.937500
4417.453125,0.921875
4418.359375,0.906250
4419.281250,0.921875
4420.234375,0.953125
4421.218750,0.984375
4422.125000,0.906250
4423.031250,0.906250
4423.953125,0.921875
4424.875000,0.921875
4425.812500,0.937500
4434.218750,0.984375
4435.156250,0.937500
4436.125000,0.968750
4437.078125,0.953125
4438.015625,0.937500
4438.890625,0.875000
4439.781250,0.890625
4440.718750,0.937500
4441.671875,0.953125
4442.593750,0.921875
4443.515625,0.921875
4444.500000,0.984375
4445.484375,0.984375
4446.484375,1.000000
4447.406250,0.921875
4448.343750,0.937500
4462.578125,0.968750
4463.453125,0.875000
4464.359375,0.906250
4465.281250,0.921875
4466.234375,0.953125
4467.109375,0.875000
4468.000000,0.890625
4468.890625,0.890625
4486.640625,0.921875
4487.578125,0.937500
4488.500000,0.921875
4489.437500,0.937500
4490.328125,0.890625
4491.218750,0.890625
4492.109375,0.890625
4493.031250,0.921875
4493.953125,0.921875
4494.828125,0.875000
4495.718750,0.890625
4500.531250,0.953125
4501.500000,0.968750
4502.703125,1.203125
4503.640625,0.937500
4514.046875,0.953125
4515.000000,0.953125
4515.968750,0.968750
4525.843750,0.906250
4526.734375,0.890625
4527.625000,0.890625
4528.437500,0.812500
4529.250000,0.812500
4530.078125,0.828125
4530.937500,0.859375
4531.796875,0.859375
4532.578125,0.781250
4557.593750,0.906250
4558.468750,0.875000
4559.359375,0.890625
4560.250000,0.890625
4561.109375,0.859375
4561.937500,0.828125
4562.812500,0.875000
4563.703125,0.890625
4564.640625,0.937500
4565.531250,0.890625
4566.406250,0.875000
4567.296875,0.890625
4568.265625,0.968750
4569.281250,1.015625
4570.203125,0.921875
4571.171875,0.968750
4572.312500,1.140625
4573.281250,0.968750
4574.187500,0.906250
4575.125000,0.937500
4576.078125,0.953125
4577.000000,0.921875
4577.890625,0.890625
4578.812500,0.921875
4579.765625,0.953125
4580.703125,0.937500
4581.625000,0.921875
4590.781250,0.859375
4591.640625,0.859375
4592.531250,0.890625
4593.437500,0.906250
4594.312500,0.875000
4595.171875,0.859375
4620.156250,1.078125
4621.218750,1.062500
4622.234375,1.015625
4623.250000,1.015625
4624.265625,1.015625
4625.265625,1.000000
4626.296875,1.031250
4627.343750,1.046875
4628.406250,1.062500
4629.453125,1.046875
4630.500000,1.046875
4631.437500,0.937500
4632.562500,1.125000
4633.531250,0.968750
4634.546875,1.015625
4635.640625,1.093750
4636.687500,1.046875
4637.750000,1.062500
4638.859375,1.109375
4653.390625,0.937500
4654.328125,0.937500
4655.281250,0.953125
4656.250000,0.968750
4657.140625,0.890625
4658.062500,0.921875
4659.000000,0.937500
4659.968750,0.968750
4660.875000,0.906250
4661.796875,0.921875
4662.734375,0.937500
4663.671875,0.937500
4664.609375,0.937500
4665.546875,0.937500
4666.500000,0.953125
4667.531250,1.031250
4668.500000,0.968750
4669.468750,0.968750
4670.421875,0.953125
4671.390625,0.968750
4672.296875,0.906250
4673.203125,0.906250
4674.125000,0.921875
4675.062500,0.937500
4675.968750,0.906250
4684.406250,0.906250
4685.328125,0.921875
4686.281250,0.953125
4687.250000,0.968750
4688.203125,0.953125
4689.140625,0.937500
4690.125000,0.984375
4705.156250,0.718750
4705.843750,0.687500
4712.062500,0.921875
4713.000000,0.937500
4713.890625,0.890625
4714.843750,0.953125
4715.796875,0.953125
4716.734375,0.937500
4717.609375,0.875000
4718.359375,0.750000
4723.421875,0.812500
4728.218750,0.906250
4729.109375,0.890625
4730.000000,0.890625
4730.828125,0.828125
4731.671875,0.843750
4732.515625,0.843750
4739.953125,1.062500
4740.859375,0.906250
4746.312500,0.968750
4747.281250,0.968750
4748.265625,0.984375
4749.218750,0.953125
4750.093750,0.875000
4751.000000,0.906250
4751.921875,0.921875
4753.031250,1.109375
4753.937500,0.906250
4754.796875,0.859375
4765.921875,0.890625
4766.796875,0.875000
4767.718750,0.921875
4768.609375,0.890625
4769.546875,0.937500
4770.468750,0.921875
4771.328125,0.859375
4772.203125,0.875000
4773.140625,0.937500
4774.109375,0.968750
4775.000000,0.890625
4775.937500,0.937500
4776.906250,0.968750
4777.890625,0.984375
4778.812500,0.921875
4779.765625,0.953125
4780.734375,0.968750
4790.078125,1.031250
4791.046875,0.968750
4792.093750,1.046875
4793.109375,1.015625
4794.093750,0.984375
4795.046875,0.953125
4796.000000,0.953125
4796.953125,0.953125
4797.812500,0.859375
4798.703125,0.890625
4799.625000,0.921875
4800.593750,0.968750
4801.531250,0.937500
4802.531250,1.000000
4803.562500,1.031250
4804.562500,1.000000
4805.546875,0.984375
4806.562500,1.015625
4807.640625,1.078125
4814.781250,1.015625
4815.812500,1.031250
4822.906250,1.000000
4823.968750,1.062500
4824.984375,1.015625
4826.062500,1.078125
4827.140625,1.078125
4828.218750,1.078125
4829.250000,1.031250
4830.328125,1.078125
4831.437500,1.109375
4832.515625,1.078125
4833.609375,1.093750
4834.734375,1.125000
4835.890625,1.156250
4836.921875,1.031250
4838.000000,1.078125
4839.093750,1.093750
4840.187500,1.093750
4841.187500,1.000000
4842.281250,1.093750
4843.406250,1.125000
4844.515625,1.109375
4845.531250,1.015625
4846.593750,1.062500
4847.640625,1.046875
4848.593750,0.953125
4857.703125,0.984375
4858.703125,1.000000
4859.640625,0.937500
4860.593750,0.953125
4861.562500,0.968750
4862.515625,0.953125
4863.421875,0.906250
4864.359375,0.937500
4865.312500,0.953125
4866.203125,0.890625
4867.046875,0.843750
4867.890625,0.843750
4868.734375,0.843750
4869.562500,0.828125
4870.359375,0.796875
4871.187500,0.828125
4872.062500,0.875000
4872.968750,0.906250
4873.781250,0.812500
4874.593750,0.812500
4875.437500,0.843750
4876.281250,0.843750
4877.125000,0.843750
4877.968750,0.843750
4878.781250,0.812500
4879.656250,0.875000
4880.546875,0.890625
4881.390625,0.843750
4882.281250,0.890625
4895.031250,0.953125
4895.937500,0.906250
4896.859375,0.921875
4897.812500,0.953125
4898.765625,0.953125
4899.687500,0.921875
4900.625000,0.937500
4901.593750,0.968750
4902.578125,0.984375
4903.500000,0.921875
4904.421875,0.921875
4905.375000,0.953125
4906.328125,0.953125
4907.203125,0.875000
4908.109375,0.906250
4909.031250,0.921875
4909.953125,0.921875
4910.890625,0.937500
4911.843750,0.953125
4912.859375,1.015625
4913.859375,1.000000
4914.828125,0.968750
4915.828125,1.000000
4916.875000,1.046875
4917.812500,0.937500
4918.750000,0.937500
4919.703125,0.953125
4920.671875,0.968750
4945.046875,1.000000
4974.046875,0.828125
4987.390625,1.062500
4988.265625,0.875000
4993.437500,0.968750
4994.359375,0.921875
5000.281250,1.031250
5001.343750,1.062500
5002.390625,1.046875
5003.359375,0.968750
5004.359375,1.000000
5005.406250,1.046875
5006.437500,1.031250
5007.390625,0.953125
5008.375000,0.984375
5009.390625,1.015625
5010.375000,0.984375
5011.328125,0.953125
5012.312500,0.984375
5013.328125,1.015625
5019.234375,0.984375
5025.578125,0.921875
5026.562500,0.984375
5027.593750,1.031250
5028.531250,0.937500
5029.484375,0.953125
5030.484375,1.000000
5031.453125,0.968750
5032.328125,0.875000
5033.265625,0.937500
5034.234375,0.968750
5035.296875,1.062500
5036.296875,1.000000
5037.390625,1.093750
5038.578125,1.187500
5039.703125,1.125000
5040.687500,0.984375
5041.718750,1.031250
5042.734375,1.015625
5043.703125,0.968750
5044.640625,0.937500
5045.625000,0.984375
5046.640625,1.015625
5047.640625,1.000000
5048.593750,0.953125
5049.593750,1.000000
5050.656250,1.062500
5051.671875,1.015625
5052.640625,0.968750
5057.171875,0.843750
5058.031250,0.859375
5058.937500,0.906250
5066.703125,0.859375
5075.859375,0.890625
5079.843750,0.796875
5080.625000,0.781250
5081.421875,0.796875
5089.453125,0.828125
5090.328125,0.875000
5091.218750,0.890625
5092.093750,0.875000
5093.000000,0.906250
5101.687500,0.906250
5102.593750,0.906250
5103.390625,0.796875
5107.750000,0.906250
5108.687500,0.937500
5109.640625,0.953125
5110.625000,0.984375
5111.640625,1.015625
5112.609375,0.968750
5113.625000,1.015625
5114.656250,1.031250
5115.656250,1.000000
5116.625000,0.968750
5117.625000,1.000000
5118.640625,1.015625
5119.625000,0.984375
5126.250000,0.984375
5131.109375,0.953125
5132.078125,0.968750
5133.078125,1.000000
5134.078125,1.000000
5135.000000,0.921875
5135.937500,0.937500
5136.937500,1.000000
5137.953125,1.015625
5138.906250,0.953125
5139.828125,0.921875
5140.734375,0.906250
5141.671875,0.937500
5142.609375,0.937500
5143.531250,0.921875
5144.484375,0.953125
5145.468750,0.984375
5146.437500,0.968750
5147.359375,0.921875
5148.328125,0.968750
5149.343750,1.015625
5150.343750,1.000000
5151.296875,0.953125
5152.265625,0.968750
5153.281250,1.015625
5154.281250,1.000000
5155.250000,0.968750
5156.296875,1.046875
5157.359375,1.062500
5158.375000,1.015625
5159.343750,0.968750
5160.312500,0.968750
5161.312500,1.000000
5165.968750,0.953125
5166.875000,0.906250
5167.843750,0.968750
5168.843750,1.000000
5169.828125,0.984375
5170.750000,0.921875
5171.703125,0.953125
5172.703125,1.000000
5173.859375,1.156250
5174.828125,0.968750
5175.828125,1.000000
5176.859375,1.031250
5177.875000,1.015625
5178.828125,0.953125
5179.796875,0.968750
5180.796875,1.000000
5181.812500,1.015625
5182.765625,0.953125
5183.718750,0.953125
5184.687500,0.968750
5185.671875,0.984375
5186.593750,0.921875
5187.546875,0.953125
5188.484375,0.937500
5189.453125,0.968750
5190.437500,0.984375
5191.343750,0.906250
5192.296875,0.953125
5193.265625,0.968750
5194.234375,0.968750
5195.171875,0.937500
5196.125000,0.953125
5197.109375,0.984375
5198.078125,0.968750
5199.015625,0.937500
5199.968750,0.953125
5200.953125,0.984375
5201.953125,1.000000
5202.953125,1.000000
5204.000000,1.046875
5205.078125,1.078125
5206.109375,1.031250
5207.109375,1.000000
5208.140625,1.031250
5209.203125,1.062500
5215.015625,0.968750
5215.984375,0.968750
5220.609375,0.906250
5221.531250,0.921875
5222.421875,0.890625
5223.265625,0.843750
5224.109375,0.843750
5224.953125,0.843750
5225.843750,0.890625
5226.703125,0.859375
5227.562500,0.859375
5228.437500,0.875000
5229.359375,0.921875
5230.296875,0.937500
5231.156250,0.859375
5232.015625,0.859375
5232.937500,0.921875
5233.875000,0.937500
5234.750000,0.875000
5235.640625,0.890625
5236.515625,0.875000
5237.406250,0.890625
5238.296875,0.890625
5239.203125,0.906250
5240.156250,0.953125
5241.156250,1.000000
5242.109375,0.953125
5243.046875,0.937500
5243.968750,0.921875
5244.890625,0.921875
5245.796875,0.906250
5246.656250,0.859375
5247.515625,0.859375
5248.390625,0.875000
5249.312500,0.921875
5250.296875,0.984375
5251.312500,1.015625
5252.218750,0.906250
5253.171875,0.953125
5254.140625,0.968750
5255.125000,0.984375
5256.062500,0.937500
5257.015625,0.953125
5258.031250,1.015625
5259.078125,1.046875
5260.062500,0.984375
5261.031250,0.968750
5261.968750,0.937500
5262.968750,1.000000
5263.875000,0.906250
5264.718750,0.843750
5265.625000,0.906250
5266.562500,0.937500
5267.468750,0.906250
5268.406250,0.937500
5269.390625,0.984375
5270.328125,0.937500
5271.203125,0.875000
5272.093750,0.890625
5272.953125,0.859375
5281.328125,0.875000
5282.109375,0.781250
5282.890625,0.781250
5283.671875,0.781250
5284.453125,0.781250
5285.250000,0.796875
5286.062500,0.812500
5296.984375,0.906250
5297.890625,0.906250
5298.828125,0.937500
5299.750000,0.921875
5300.609375,0.859375
5305.046875,0.906250
5306.015625,0.968750
5306.843750,0.828125
5307.718750,0.875000
5308.609375,0.890625
5309.500000,0.890625
5310.343750,0.843750
5311.140625,0.796875
5311.937500,0.796875
5312.734375,0.796875
5313.546875,0.812500
5314.343750,0.796875
5315.125000,0.781250
5315.921875,0.796875
5316.734375,0.812500
5317.578125,0.843750
5318.375000,0.796875
5319.250000,0.875000
5320.156250,0.906250
5321.078125,0.921875
5321.921875,0.843750
5322.828125,0.906250
5327.156250,0.859375
5328.046875,0.890625
5337.765625,0.937500
5346.812500,0.968750
5347.765625,0.953125
5348.781250,1.015625
5349.812500,1.031250
5350.796875,0.984375
5351.796875,1.000000
5352.828125,1.031250
5354.031250,1.203125
5355.015625,0.984375
5356.046875,1.031250
5357.062500,1.015625
5358.031250,0.968750
5358.968750,0.937500
5359.968750,1.000000
5360.937500,0.968750
5361.937500,1.000000
5387.343750,1.000000
5388.359375,1.015625
5389.406250,1.046875
5390.343750,0.937500
5398.312500,0.953125
5399.250000,0.937500
5400.265625,1.015625
5401.281250,1.015625
5402.218750,0.937500
5407.437500,1.031250
5408.515625,1.078125
5409.640625,1.125000
5410.734375,1.093750
5411.718750,0.984375
5412.734375,1.015625
5413.828125,1.093750
5414.890625,1.062500
5415.890625,1.000000
5416.953125,1.062500
5418.031250,1.078125
5419.078125,1.046875
5419.890625,0.812500
5428.312500,0.968750
5429.343750,1.031250
5430.375000,1.031250
5431.437500,1.062500
5432.375000,0.937500
5433.343750,0.968750
5434.390625,1.046875
5441.218750,0.984375
5442.203125,0.984375
5546.750000,0.875000
5560.703125,0.781250
5561.437500,0.734375
5562.203125,0.765625
5562.968750,0.765625
5563.781250,0.812500
5564.593750,0.812500
5565.421875,0.828125
5566.234375,0.812500
5567.046875,0.812500
5567.843750,0.796875
5568.625000,0.781250
5569.421875,0.796875
5570.234375,0.812500
5575.046875,0.781250
5575.906250,0.859375
5581.125000,0.906250
5582.046875,0.921875
5582.921875,0.875000
5583.750000,0.828125
5584.546875,0.796875
5585.390625,0.843750
5586.203125,0.812500
5590.109375,0.796875
5590.921875,0.812500
5591.765625,0.843750
5592.609375,0.843750
5593.468750,0.859375
5594.328125,0.859375
5595.203125,0.875000
5596.062500,0.859375
5596.906250,0.843750
5597.718750,0.812500
5598.515625,0.796875
5599.265625,0.750000
5600.031250,0.765625
5600.765625,0.734375
5606.343750,0.718750
5607.015625,0.671875
5607.656250,0.640625
5608.343750,0.687500
5609.046875,0.703125
5609.765625,0.718750
5610.468750,0.703125
5611.203125,0.734375
5611.953125,0.750000
5612.734375,0.781250
5613.484375,0.750000
5614.218750,0.734375
5614.953125,0.734375
5615.687500,0.734375
5616.437500,0.750000
5617.171875,0.734375
5617.890625,0.718750
5618.609375,0.718750
5619.328125,0.718750
5620.062500,0.734375
5620.765625,0.703125
5621.484375,0.718750
5622.250000,0.765625
5623.062500,0.812500
5623.921875,0.859375
5624.718750,0.796875
5625.515625,0.796875
5626.312500,0.796875
5627.140625,0.828125
5627.937500,0.796875
5628.671875,0.734375
5629.421875,0.750000
5630.234375,0.812500
5631.046875,0.812500
5631.828125,0.781250
5632.640625,0.812500
5633.468750,0.828125
5634.296875,0.828125
5635.109375,0.812500
5635.875000,0.765625
5636.687500,0.812500
5637.531250,0.843750
5642.234375,0.812500
5643.015625,0.781250
5643.750000,0.734375
5644.718750,0.968750
5645.562500,0.843750
5646.343750,0.781250
5647.156250,0.812500
5647.968750,0.812500
5648.781250,0.812500
5649.578125,0.796875
5650.359375,0.781250
5651.171875,0.812500
5652.046875,0.875000
5652.906250,0.859375
5653.765625,0.859375
5654.562500,0.796875
5655.312500,0.750000
5656.093750,0.781250
5656.828125,0.734375
5662.859375,0.875000
5663.734375,0.875000
5664.531250,0.796875
5665.390625,0.859375
5666.234375,0.843750
5667.109375,0.875000
5668.000000,0.890625
5668.859375,0.859375
5669.734375,0.875000
5670.609375,0.875000
5671.500000,0.890625
5672.328125,0.828125
5673.187500,0.859375
5674.062500,0.875000
5674.968750,0.906250
5675.843750,0.875000
5676.671875,0.828125
5677.390625,0.718750
5681.953125,0.890625
5682.640625,0.687500
5687.093750,0.843750
5698.859375,0.859375
5699.750000,0.890625
5700.640625,0.890625
5701.515625,0.875000
5702.375000,0.859375
5703.250000,0.875000
5704.125000,0.875000
5704.984375,0.859375
5705.796875,0.812500
5706.656250,0.859375
5707.515625,0.859375
5712.531250,0.812500
5713.359375,0.828125
5714.390625,1.031250
5715.296875,0.906250
5730.265625,0.703125
5737.343750,0.906250
5738.156250,0.812500
5738.875000,0.718750
5739.687500,0.812500
5740.484375,0.796875
5741.343750,0.859375
5742.250000,0.906250
5743.156250,0.906250
5749.859375,0.828125
5750.765625,0.906250
5751.671875,0.906250
5752.609375,0.937500
5760.156250,0.968750
5770.984375,1.000000
5772.000000,1.015625
5772.953125,0.953125
5773.984375,1.031250
5775.046875,1.062500
5776.093750,1.046875
5777.062500,0.968750
5778.046875,0.984375
5785.500000,0.890625
5786.406250,0.906250
5787.359375,0.953125
5788.250000,0.890625
5789.218750,0.968750
5790.218750,1.000000
5791.187500,0.968750
5792.125000,0.937500
5793.062500,0.937500
5793.984375,0.921875
5794.890625,0.906250
5795.765625,0.875000
5796.687500,0.921875
5797.578125,0.890625
5798.546875,0.968750
5799.500000,0.953125
5800.453125,0.953125
5801.406250,0.953125
5802.343750,0.937500
5803.250000,0.906250
5804.140625,0.890625
5805.046875,0.906250
5811.328125,0.875000
5812.234375,0.906250
5813.140625,0.906250
5814.000000,0.859375
5814.875000,0.875000
5815.781250,0.906250
5827.640625,0.937500
5828.546875,0.906250
5829.453125,0.906250
5830.375000,0.921875
5831.265625,0.890625
5832.125000,0.859375
5833.000000,0.875000
5833.843750,0.843750
5834.718750,0.875000
5835.562500,0.843750
5836.390625,0.828125
5837.281250,0.890625
5838.171875,0.890625
5839.015625,0.843750
5839.921875,0.906250
5840.828125,0.906250
5841.734375,0.906250
5842.625000,0.890625
5843.531250,0.906250
5844.406250,0.875000
5845.312500,0.906250
5846.140625,0.828125
5869.421875,0.750000
5870.156250,0.734375
5870.906250,0.750000
5871.718750,0.812500
5872.640625,0.921875
5873.640625,1.000000
5874.625000,0.984375
5875.546875,0.921875
5876.390625,0.843750
5877.218750,0.828125
5878.062500,0.843750
5878.953125,0.890625
5879.890625,0.937500
5880.859375,0.968750
5881.859375,1.000000
5882.781250,0.921875
5883.718750,0.937500
5884.671875,0.953125
5885.687500,1.015625
5886.734375,1.046875
5887.718750,0.984375
5888.734375,1.015625
5910.375000,1.031250
5911.421875,1.046875
5912.484375,1.062500
5913.437500,0.953125
5914.468750,1.031250
5915.546875,1.078125
5930.343750,0.984375
5931.359375,1.015625
5932.390625,1.031250
5933.437500,1.046875
5934.500000,1.062500
5935.500000,1.000000
5936.500000,1.000000
5948.765625,0.984375
5949.734375,0.968750
5950.765625,1.031250
5951.796875,1.031250
5952.828125,1.031250
5953.812500,0.984375
5954.984375,1.171875
5955.968750,0.984375
5956.937500,0.968750
5962.890625,0.984375
5963.875000,0.984375
5964.859375,0.984375
5976.312500,1.000000
5977.265625,0.953125
5984.968750,1.000000
5985.921875,0.953125
5986.875000,0.953125
5987.828125,0.953125
5988.796875,0.968750
5989.750000,0.953125
6015.640625,0.937500
6016.578125,0.937500
6017.468750,0.890625
6018.218750,0.750000
6031.859375,0.828125
6032.703125,0.843750
6033.625000,0.921875
6034.593750,0.968750
6069.000000,0.921875
6069.875000,0.875000
6070.703125,0.828125
6071.515625,0.812500
6087.921875,0.937500
6088.875000,0.953125
6089.843750,0.968750
6090.812500,0.968750
6091.750000,0.937500
6092.671875,0.921875
6093.609375,0.937500
6094.578125,0.968750
6095.578125,1.000000
6096.578125,1.000000
6097.531250,0.953125
6098.500000,0.968750
6099.531250,1.031250
6100.531250,1.000000
6101.453125,0.921875
6102.359375,0.906250
6103.281250,0.921875
6104.234375,0.953125
6105.203125,0.968750
6106.125000,0.921875
6134.906250,0.937500
6135.859375,0.953125
6136.750000,0.890625
6137.640625,0.890625
6149.015625,0.953125
6149.968750,0.953125
6150.937500,0.968750
6151.906250,0.968750
6152.843750,0.937500
6153.703125,0.859375
6154.484375,0.781250
6162.000000,0.968750
6163.031250,1.031250
6163.953125,0.921875
6164.765625,0.812500
6165.828125,1.062500
6166.765625,0.937500
6167.859375,1.093750
6176.453125,0.984375
6177.453125,1.000000
6178.453125,1.000000
6179.453125,1.000000
6180.421875,0.968750
6181.359375,0.937500
6182.265625,0.906250
6206.796875,0.906250
6207.734375,0.937500
6208.671875,0.937500
6209.593750,0.921875
6210.562500,0.968750
6211.562500,1.000000
6212.515625,0.953125
6213.484375,0.968750
6214.468750,0.984375
6215.484375,1.015625
6216.453125,0.968750
6217.406250,0.953125
6218.375000,0.968750
6219.375000,1.000000
6227.046875,1.062500
6228.093750,1.046875
6229.093750,1.000000
6230.031250,0.937500
6230.968750,0.937500
6231.890625,0.921875
6238.546875,1.000000
6239.562500,1.015625
6240.593750,1.031250
6241.562500,0.968750
6242.515625,0.953125
6243.453125,0.937500
6244.421875,0.968750
6284.328125,0.796875
6285.125000,0.796875
6286.000000,0.875000
6290.203125,0.796875
6291.031250,0.828125
6291.921875,0.890625
6292.828125,0.906250
6293.734375,0.906250
6294.718750,0.984375
6295.765625,1.046875
6296.671875,0.906250
6297.640625,0.968750
6298.562500,0.921875
6299.515625,0.953125
6300.484375,0.968750
6301.390625,0.906250
6302.343750,0.953125
6303.234375,0.890625
6321.812500,0.953125
6322.828125,1.015625
6323.781250,0.953125
6324.750000,0.968750
6325.750000,1.000000
6326.718750,0.968750
6327.687500,0.968750
6328.656250,0.968750
6329.609375,0.953125
6371.875000,1.125000
6373.046875,1.171875
6374.234375,1.187500
6375.421875,1.187500
6376.484375,1.062500
6377.515625,1.031250
6378.515625,1.000000
6379.437500,0.921875
6380.296875,0.859375
6381.218750,0.921875
6382.218750,1.000000
6383.250000,1.031250
6384.234375,0.984375
6385.218750,0.984375
6386.218750,1.000000
6387.234375,1.015625
6388.171875,0.937500
6389.078125,0.906250
6390.000000,0.921875
6390.953125,0.953125
6391.890625,0.937500
6392.796875,0.906250
6393.734375,0.937500
6394.718750,0.984375
6395.703125,0.984375
6396.625000,0.921875
6397.578125,0.953125
6403.437500,1.000000
6404.406250,0.968750
6405.359375,0.953125
6406.328125,0.968750
6407.281250,0.953125
6408.265625,0.984375
6409.203125,0.937500
6410.203125,1.000000
6411.171875,0.968750
6412.187500,1.015625
6413.156250,0.968750
6414.093750,0.937500
6414.937500,0.843750
6565.250000,0.843750
6566.093750,0.843750
6586.296875,0.703125
6594.546875,0.718750
6664.406250,0.703125
6665.093750,0.687500
6813.687500,0.765625
6816.937500,0.734375
6817.609375,0.671875
6851.203125,1.078125
6852.265625,1.062500
6853.343750,1.078125
6881.234375,1.015625
6882.296875,1.062500
6883.156250,0.859375
6884.390625,1.234375
6919.000000,1.046875
6920.046875,1.046875
6921.078125,1.031250
6921.937500,0.859375
6943.531250,1.031250
6956.734375,0.625000
6957.250000,0.515625
6957.875000,0.625000
6977.187500,1.218750
7015.406250,0.578125
7016.046875,0.640625
7042.593750,0.593750
7049.468750,0.671875
7050.078125,0.609375
7050.687500,0.609375
7059.812500,0.640625
7115.609375,0.578125
7116.109375,0.500000
7225.843750,0.515625
7419.656250,0.781250
7420.484375,0.828125
7421.296875,0.812500
7454.046875,0.828125
7454.875000,0.828125
7455.718750,0.843750
7456.578125,0.859375
7457.390625,0.812500
7465.750000,0.687500
7466.421875,0.671875
7467.109375,0.687500
7467.812500,0.703125
7468.515625,0.703125
7469.187500,0.671875
7469.937500,0.750000
7470.656250,0.718750
7471.375000,0.718750
7472.093750,0.718750
7501.640625,0.750000
7502.421875,0.781250
7503.218750,0.796875
7504.031250,0.812500
7504.843750,0.812500
7505.703125,0.859375
7506.375000,0.671875
7524.812500,0.796875
7525.625000,0.812500
7526.406250,0.781250
7527.187500,0.781250
7528.015625,0.828125
7528.906250,0.890625
7529.718750,0.812500
7530.515625,0.796875
7531.343750,0.828125
7532.187500,0.843750
7538.203125,0.781250
7565.875000,0.906250
7566.875000,1.000000
7568.046875,1.171875
7574.734375,0.828125
7575.656250,0.921875
7581.937500,0.859375
7582.812500,0.875000
7583.703125,0.890625
7584.515625,0.812500
7585.375000,0.859375
7586.281250,0.906250
7587.078125,0.796875
7587.890625,0.812500
7588.656250,0.765625
7589.453125,0.796875
7590.343750,0.890625
7591.218750,0.875000
7592.078125,0.859375
7592.984375,0.906250
7593.953125,0.968750
7594.906250,0.953125
7595.796875,0.890625
7596.750000,0.953125
7597.703125,0.953125
7598.656250,0.953125
7599.562500,0.906250
7600.546875,0.984375
7601.562500,1.015625
7602.468750,0.906250
7603.453125,0.984375
7604.468750,1.015625
7605.375000,0.906250
7606.390625,1.015625
7607.453125,1.062500
7608.500000,1.046875
7609.515625,1.015625
7610.515625,1.000000
7611.390625,0.875000
7612.328125,0.937500
7613.343750,1.015625
7614.328125,0.984375
7615.312500,0.984375
7616.328125,1.015625
7617.296875,0.968750
7618.281250,0.984375
7619.296875,1.015625
7620.203125,0.906250
7621.125000,0.921875
7622.062500,0.937500
7630.984375,0.890625
7631.890625,0.906250
7632.796875,0.906250
7640.328125,1.015625
7641.218750,0.890625
7642.171875,0.953125
7643.156250,0.984375
7644.078125,0.921875
7644.937500,0.859375
7645.828125,0.890625
7646.734375,0.906250
7647.640625,0.906250
7648.484375,0.843750
7649.390625,0.906250
7650.343750,0.953125
7651.281250,0.937500
7652.187500,0.906250
7653.125000,0.937500
7654.078125,0.953125
7654.921875,0.843750
7655.796875,0.875000
7656.703125,0.906250
7657.609375,0.906250
7658.484375,0.875000
7659.390625,0.906250
7683.734375,1.000000
7684.734375,1.000000
7685.640625,0.906250
7686.562500,0.921875
7687.484375,0.921875
7688.343750,0.859375
7689.218750,0.875000
7690.140625,0.921875
7691.078125,0.937500
7691.968750,0.890625
7692.843750,0.875000
7693.718750,0.875000
7694.703125,0.984375
7695.593750,0.890625
7696.531250,0.937500
7697.468750,0.937500
7698.343750,0.875000
7724.859375,1.015625
7732.281250,0.937500
7757.546875,0.906250
7758.640625,1.093750
7759.562500,0.921875
7760.421875,0.859375
7782.953125,1.015625
7784.015625,1.062500
7785.093750,1.078125
7786.140625,1.046875
7793.625000,0.968750
7794.609375,0.984375
7795.609375,1.000000
7796.531250,0.921875
7810.671875,0.843750
7811.562500,0.890625
7812.484375,0.921875
7813.421875,0.937500
7814.343750,0.921875
7815.218750,0.875000
7816.062500,0.843750
7816.921875,0.859375
7817.765625,0.843750
7829.671875,0.921875
7830.593750,0.921875
7831.468750,0.875000
7832.375000,0.906250
7859.109375,0.593750
7859.734375,0.625000
7860.421875,0.687500
7861.234375,0.812500
7862.109375,0.875000
7862.984375,0.875000
7863.937500,0.953125
7882.234375,0.953125
7883.203125,0.968750
7884.156250,0.953125
7885.046875,0.890625
7885.953125,0.906250
7886.859375,0.906250
7907.125000,0.750000
7907.859375,0.734375
7908.625000,0.765625
7909.468750,0.843750
7910.421875,0.953125
7911.296875,0.875000
7912.203125,0.906250
7968.609375,0.718750
7969.359375,0.750000
7970.125000,0.765625
7970.843750,0.718750
7971.546875,0.703125
7972.296875,0.750000
7973.031250,0.734375
7973.781250,0.750000
7974.484375,0.703125
7975.187500,0.703125
7975.875000,0.687500
7989.296875,0.828125
7990.062500,0.765625
7990.859375,0.796875
7991.562500,0.703125
7994.656250,0.421875
8004.515625,0.734375
8005.265625,0.750000
8006.015625,0.750000
8006.765625,0.750000
8007.515625,0.750000
8008.328125,0.812500
8009.140625,0.812500
8009.921875,0.781250
8010.750000,0.828125
8011.562500,0.812500
8012.375000,0.812500
8013.187500,0.812500
8013.984375,0.796875
8022.453125,0.859375
8023.203125,0.750000
8024.000000,0.796875
8024.765625,0.765625
8025.546875,0.781250
8026.281250,0.734375
8027.031250,0.750000
8034.546875,0.875000
8035.359375,0.812500
8036.218750,0.859375
8037.015625,0.796875
8037.796875,0.781250
8038.437500,0.640625
8039.046875,0.609375
8039.625000,0.578125
8040.296875,0.671875
8113.843750,0.781250
8114.656250,0.812500
8115.421875,0.765625
8119.375000,0.796875
8120.140625,0.765625
8120.921875,0.781250
8121.734375,0.812500
8122.546875,0.812500
8165.593750,0.859375
8166.546875,0.953125
8207.906250,0.765625
8208.687500,0.781250
8209.468750,0.781250
8210.281250,0.812500
8211.000000,0.718750
8211.734375,0.734375
8212.421875,0.687500
8213.171875,0.750000
8213.984375,0.812500
8214.781250,0.796875
8215.609375,0.828125
8216.390625,0.781250
8221.218750,0.875000
8222.187500,0.968750
8223.218750,1.031250
8224.203125,0.984375
8225.140625,0.937500
8226.093750,0.953125
8227.031250,0.937500
8227.875000,0.843750
8228.750000,0.875000
8229.640625,0.890625
8230.546875,0.906250
8231.390625,0.843750
8232.078125,0.687500
8250.718750,0.890625
8251.671875,0.953125
8252.640625,0.968750
8253.562500,0.921875
8254.515625,0.953125
8255.500000,0.984375
8256.468750,0.968750
8269.390625,0.968750
8270.281250,0.890625
8271.187500,0.906250
8272.109375,0.921875
8273.000000,0.890625
8273.859375,0.859375
8274.765625,0.906250
8275.703125,0.937500
8276.687500,0.984375
8277.671875,0.984375
8278.593750,0.921875
8279.531250,0.937500
8293.531250,0.890625
8294.406250,0.875000
8295.296875,0.890625
8296.046875,0.750000
8312.375000,1.015625
8313.406250,1.031250
8318.265625,0.937500
8319.265625,1.000000
8320.296875,1.031250
8344.640625,1.203125
8356.843750,0.828125
8408.203125,1.031250
8409.187500,0.984375
8410.125000,0.937500
8411.062500,0.937500
8411.984375,0.921875
8412.890625,0.906250
8413.781250,0.890625
8414.671875,0.890625
8415.625000,0.953125
8416.609375,0.984375
8417.578125,0.968750
8418.578125,1.000000
8419.593750,1.015625
8420.734375,1.140625
8421.687500,0.953125
8422.671875,0.984375
8423.625000,0.953125
8424.609375,0.984375
8425.484375,0.875000
8426.390625,0.906250
8427.312500,0.921875
8428.218750,0.906250
8429.078125,0.859375
8429.953125,0.875000
8430.781250,0.828125
8431.656250,0.875000
8432.578125,0.921875
8433.562500,0.984375
8434.484375,0.921875
8435.421875,0.937500
8436.375000,0.953125
8437.328125,0.953125
8438.203125,0.875000
8439.093750,0.890625
8440.000000,0.906250
8440.937500,0.937500
8441.812500,0.875000
8442.734375,0.921875
8443.656250,0.921875
8444.562500,0.906250
8450.187500,0.968750
8451.140625,0.953125
8452.078125,0.937500
8453.000000,0.921875
8453.937500,0.937500
8454.859375,0.921875
8455.765625,0.906250
8456.656250,0.890625
8457.593750,0.937500
8458.531250,0.937500
8459.468750,0.937500
8460.390625,0.921875
8461.328125,0.937500
8462.250000,0.921875
8463.093750,0.843750
8463.968750,0.875000
8464.828125,0.859375
8465.687500,0.859375
8466.578125,0.890625
8467.546875,0.968750
8468.484375,0.937500
8469.421875,0.937500
8470.375000,0.953125
8471.359375,0.984375
8472.343750,0.984375
8473.234375,0.890625
8474.140625,0.906250
8475.062500,0.921875
8476.015625,0.953125
8476.906250,0.890625
8477.843750,0.937500
8478.828125,0.984375
8479.859375,1.031250
8480.796875,0.937500
8481.781250,0.984375
8482.812500,1.031250
8483.796875,0.984375
8484.718750,0.921875
8485.671875,0.953125
8486.625000,0.953125
8487.562500,0.937500
8488.500000,0.937500
8489.500000,1.000000
8496.218750,0.937500
8497.156250,0.937500
8498.093750,0.937500
8499.000000,0.906250
8499.906250,0.906250
8501.078125,1.171875
8510.359375,0.890625
8511.234375,0.875000
8512.125000,0.890625
8513.046875,0.921875
8513.937500,0.890625
8514.843750,0.906250
8515.828125,0.984375
8516.796875,0.968750
8517.750000,0.953125
8518.687500,0.937500
8519.640625,0.953125
8520.609375,0.968750
8521.546875,0.937500
8522.468750,0.921875
8523.359375,0.890625
8524.234375,0.875000
8525.109375,0.875000
8526.078125,0.968750
8526.890625,0.812500
8527.765625,0.875000
8528.656250,0.890625
8533.109375,0.812500
8534.187500,1.078125
8535.078125,0.890625
8535.984375,0.906250
8536.937500,0.953125
8537.890625,0.953125
8544.625000,0.921875
8545.562500,0.937500
8550.281250,0.906250
8551.171875,0.890625
8552.093750,0.921875
8553.031250,0.937500
8553.906250,0.875000
8554.796875,0.890625
8555.687500,0.890625
8556.593750,0.906250
8557.453125,0.859375
8558.328125,0.875000
8559.234375,0.906250
8560.171875,0.937500
8561.078125,0.906250
8561.937500,0.859375
8562.906250,0.968750
8563.640625,0.734375
8564.640625,1.000000
8565.468750,0.828125
8566.328125,0.859375
8567.265625,0.937500
8568.234375,0.968750
8575.890625,0.890625
8576.812500,0.921875
8577.687500,0.875000
8578.593750,0.906250
8579.500000,0.906250
8580.484375,0.984375
8581.406250,0.921875
8582.296875,0.890625
8583.187500,0.890625
8584.062500,0.875000
8584.921875,0.859375
8585.734375,0.812500
8586.656250,0.921875
8587.609375,0.953125
8588.562500,0.953125
8589.484375,0.921875
8590.437500,0.953125
8598.406250,0.859375
8599.234375,0.828125
8600.062500,0.828125
8606.125000,0.890625
8607.062500,0.937500
8607.953125,0.890625
8613.437500,0.921875
8614.296875,0.859375
8621.234375,0.890625
8622.125000,0.890625
8623.046875,0.921875
8623.968750,0.921875
8624.843750,0.875000
8625.703125,0.859375
8626.593750,0.890625
8627.500000,0.906250
8628.421875,0.921875
8632.828125,0.843750
8633.765625,0.937500
8638.265625,0.875000
8639.109375,0.843750
8639.875000,0.765625
8640.578125,0.703125
8641.250000,0.671875
8642.093750,0.843750
8643.000000,0.906250
8644.000000,1.000000
8644.984375,0.984375
8645.953125,0.968750
8658.218750,0.828125
8659.078125,0.859375
8659.937500,0.859375
8660.828125,0.890625
8661.718750,0.890625
8662.625000,0.906250
8663.531250,0.906250
8664.484375,0.953125
8665.421875,0.937500
8666.328125,0.906250
8667.250000,0.921875
8668.203125,0.953125
8669.093750,0.890625
8669.984375,0.890625
8670.875000,0.890625
8671.812500,0.937500
8672.734375,0.921875
8673.625000,0.890625
8674.546875,0.921875
8675.484375,0.937500
8676.406250,0.921875
8677.218750,0.812500
8678.031250,0.812500
8678.859375,0.828125
8679.750000,0.890625
8680.562500,0.812500
8681.406250,0.843750
8682.296875,0.890625
8683.218750,0.921875
8684.125000,0.906250
8684.968750,0.843750
8685.828125,0.859375
8686.703125,0.875000
8687.593750,0.890625
8707.531250,0.828125
8708.421875,0.890625
8709.406250,0.984375
8710.468750,1.062500
8711.453125,0.984375
8712.406250,0.953125
8713.359375,0.953125
8714.312500,0.953125
8715.265625,0.953125
8716.140625,0.875000
8717.031250,0.890625
8717.953125,0.921875
8718.859375,0.906250
8719.734375,0.875000
8720.562500,0.828125
8721.390625,0.828125
8722.203125,0.812500
8723.078125,0.875000
8723.937500,0.859375
8724.609375,0.671875
8729.359375,0.906250
8730.281250,0.921875
8731.281250,1.000000
8737.703125,0.843750
8738.546875,0.843750
8739.406250,0.859375
8740.312500,0.906250
8741.281250,0.968750
8742.171875,0.890625
8743.093750,0.921875
8744.031250,0.937500
8749.359375,0.843750
8750.218750,0.859375
8751.140625,0.921875
8757.234375,0.906250
8758.078125,0.843750
8758.953125,0.875000
8764.421875,0.906250
8765.343750,0.921875
8766.187500,0.843750
8767.093750,0.906250
8768.000000,0.906250
8768.937500,0.937500
8769.921875,0.984375
8770.812500,0.890625
8771.734375,0.921875
8772.671875,0.937500
8773.625000,0.953125
8774.515625,0.890625
8779.046875,0.890625
8779.968750,0.921875
8781.109375,1.140625
8782.000000,0.890625
8782.890625,0.890625
8783.828125,0.937500
8784.812500,0.984375
8785.750000,0.937500
8786.656250,0.906250
8787.578125,0.921875
8788.500000,0.921875
8789.390625,0.890625
8790.234375,0.843750
8791.156250,0.921875
8840.531250,0.843750
8841.406250,0.875000
8842.078125,0.671875
8842.890625,0.812500
8846.906250,0.984375
8847.875000,0.968750
8854.437500,0.953125
8855.406250,0.968750
8856.390625,0.984375
8857.312500,0.921875
8858.234375,0.921875
8859.187500,0.953125
8860.296875,1.109375
8865.484375,0.921875
8866.421875,0.937500
8867.296875,0.875000
8871.968750,0.968750
8872.921875,0.953125
8873.828125,0.906250
8878.406250,0.921875
8879.359375,0.953125
8880.312500,0.953125
8881.046875,0.734375
8885.968750,0.921875
8886.906250,0.937500
8887.828125,0.921875
8888.718750,0.890625
8894.265625,0.921875
8895.125000,0.859375
8896.000000,0.875000
8896.906250,0.906250
8897.828125,0.921875
8898.703125,0.875000
8899.593750,0.890625
8900.515625,0.921875
8901.609375,1.093750
8906.078125,0.890625
8906.984375,0.906250
8907.906250,0.921875
8908.812500,0.906250
8909.687500,0.875000
8910.578125,0.890625
8911.484375,0.906250
8912.375000,0.890625
8913.250000,0.875000
8914.171875,0.921875
8915.140625,0.968750
8929.093750,0.937500
8930.031250,0.937500
8930.937500,0.906250
8931.859375,0.921875
8932.812500,0.953125
8933.750000,0.937500
8934.625000,0.875000
8935.546875,0.921875
8936.484375,0.937500
8937.406250,0.921875
8938.281250,0.875000
8939.218750,0.937500
8940.171875,0.953125
8941.093750,0.921875
8945.109375,0.843750
8946.062500,0.953125
8947.031250,0.968750
8947.984375,0.953125
8948.921875,0.937500
8949.859375,0.937500
8956.218750,0.968750
8957.218750,1.000000
8958.250000,1.031250
8959.218750,0.968750
8960.187500,0.968750
8961.156250,0.968750
8962.109375,0.953125
8963.046875,0.937500
8963.953125,0.906250
8964.890625,0.937500
8965.843750,0.953125
8966.781250,0.937500
8967.703125,0.921875
8968.640625,0.937500
8969.578125,0.937500
8970.484375,0.906250
8971.406250,0.921875
8972.328125,0.921875
8977.484375,0.875000
8978.375000,0.890625
8979.203125,0.828125
8980.046875,0.843750
8980.921875,0.875000
8981.796875,0.875000
8982.671875,0.875000
8983.484375,0.812500
8984.328125,0.843750
8985.203125,0.875000
8986.125000,0.921875
8992.515625,0.843750
8993.625000,1.109375
8994.531250,0.906250
8995.437500,0.906250
8996.359375,0.921875
8997.312500,0.953125
8998.250000,0.937500
8999.156250,0.906250
9000.140625,0.984375
9001.109375,0.968750
9006.578125,0.812500
9007.609375,1.031250
9008.531250,0.921875
9009.390625,0.859375
9010.296875,0.906250
9011.218750,0.921875
9012.156250,0.937500
9013.062500,0.906250
9014.000000,0.937500
9014.953125,0.953125
9015.859375,0.906250
9016.765625,0.906250
9017.687500,0.921875
9018.609375,0.921875
9019.484375,0.875000
9020.359375,0.875000
9021.250000,0.890625
9022.171875,0.921875
9023.031250,0.859375
9023.937500,0.906250
9024.890625,0.953125
9025.828125,0.937500
9026.750000,0.921875
9027.703125,0.953125
9028.687500,0.984375
9029.656250,0.968750
9030.609375,0.953125
9031.562500,0.953125
9038.156250,0.937500
9039.156250,1.000000
9048.890625,0.968750
9055.656250,0.937500
9056.437500,0.781250
9057.531250,1.093750
9058.484375,0.953125
9059.390625,0.906250
9060.312500,0.921875
9061.046875,0.734375
9073.250000,0.953125
9074.234375,0.984375
9075.171875,0.937500
9076.125000,0.953125
9081.656250,1.062500
9082.531250,0.875000
9083.468750,0.937500
9084.484375,1.015625
9085.500000,1.015625
9086.484375,0.984375
9087.468750,0.984375
9088.453125,0.984375
9089.421875,0.968750
9090.359375,0.937500
9091.312500,0.953125
9092.296875,0.984375
9093.234375,0.937500
9094.156250,0.921875
9095.125000,0.968750
9100.390625,0.828125
9101.234375,0.843750
9102.093750,0.859375
9102.890625,0.796875
9103.750000,0.859375
9104.671875,0.921875
9105.531250,0.859375
9106.296875,0.765625
9113.625000,0.937500
9114.515625,0.890625
9115.421875,0.906250
9116.359375,0.937500
9129.828125,0.984375
9130.906250,1.078125
9141.593750,1.015625
9142.609375,1.015625
9143.390625,0.781250
9144.484375,1.093750
9145.515625,1.031250
9146.453125,0.937500
9157.937500,0.937500
9165.375000,0.921875
9166.328125,0.953125
9167.343750,1.015625
9168.328125,0.984375
9174.765625,0.953125
9175.765625,1.000000
9176.703125,0.937500
9226.031250,0.812500
9226.921875,0.890625
9228.062500,1.140625
9229.046875,0.984375
9230.093750,1.046875
9230.984375,0.890625
9244.218750,0.843750
9255.375000,0.875000
9256.156250,0.781250
9256.890625,0.734375
9257.578125,0.687500
9258.281250,0.703125
9259.015625,0.734375
9259.828125,0.812500
9260.765625,0.937500
9269.562500,0.953125
9270.531250,0.968750
9271.531250,1.000000
9272.484375,0.953125
9273.468750,0.984375
9274.484375,1.015625
9275.500000,1.015625
9290.703125,0.953125
9291.671875,0.968750
9292.578125,0.906250
9299.125000,0.843750
9328.625000,0.968750
9329.656250,1.031250
9339.187500,0.921875
9340.125000,0.937500
9341.109375,0.984375
9342.109375,1.000000
9343.000000,0.890625
9343.921875,0.921875
9350.359375,0.906250
9351.296875,0.937500
9352.390625,1.093750
9353.203125,0.812500
9365.546875,0.890625
9366.468750,0.921875
9367.390625,0.921875
9368.312500,0.921875
9369.140625,0.828125
9370.000000,0.859375
9370.875000,0.875000
9371.765625,0.890625
9382.390625,1.125000
9383.359375,0.968750
9384.328125,0.968750
9385.203125,0.875000
9386.109375,0.906250
9387.031250,0.921875
9388.015625,0.984375
9388.953125,0.937500
9389.921875,0.968750
9390.906250,0.984375
9391.875000,0.968750
9392.781250,0.906250
9393.734375,0.953125
9394.718750,0.984375
9395.718750,1.000000
9396.656250,0.937500
9397.656250,1.000000
9398.656250,1.000000
9399.640625,0.984375
9400.593750,0.953125
9401.593750,1.000000
9402.609375,1.015625
9403.656250,1.046875
9404.609375,0.953125
9405.656250,1.046875
9406.609375,0.953125
9407.578125,0.968750
9413.187500,0.906250
9414.156250,0.968750
9415.187500,1.031250
9416.109375,0.921875
9417.171875,1.062500
9420.921875,0.718750
9437.843750,1.031250
9438.875000,1.031250
9439.796875,0.921875
9457.453125,0.734375
9458.218750,0.765625
9459.000000,0.781250
9459.750000,0.750000
9460.531250,0.781250
9461.312500,0.781250
9462.156250,0.843750
9468.156250,0.859375
9469.046875,0.890625
9469.953125,0.906250
9470.859375,0.906250
9471.718750,0.859375
9472.593750,0.875000
9473.500000,0.906250
9474.468750,0.968750
9475.390625,0.921875
9476.390625,1.000000
9477.390625,1.000000
9478.359375,0.968750
9479.265625,0.906250
9480.187500,0.921875
9481.109375,0.921875
9482.062500,0.953125
9486.750000,0.921875
9487.703125,0.953125
9488.671875,0.968750
9516.000000,0.640625
9527.187500,0.890625
9528.187500,1.000000
9529.140625,0.953125
9530.078125,0.937500
9534.859375,0.984375
9550.125000,0.921875
9551.062500,0.937500
9566.203125,0.828125
9567.031250,0.828125
9567.890625,0.859375
9568.765625,0.875000
9569.625000,0.859375
9570.562500,0.937500
9571.500000,0.937500
9588.203125,1.000000
9589.187500,0.984375
9601.140625,0.937500
9602.078125,0.937500
9603.078125,1.000000
9630.890625,0.953125
9631.843750,0.953125
9663.296875,0.968750
9664.250000,0.953125
9665.171875,0.921875
9666.140625,0.968750
9671.781250,0.765625
9672.906250,1.125000
9673.875000,0.968750
9680.328125,0.906250
9699.765625,0.765625
9700.515625,0.750000
9701.281250,0.765625
9702.093750,0.812500
9702.906250,0.812500
9708.296875,0.953125
9709.296875,1.000000
9710.359375,1.062500
9711.375000,1.015625
9712.328125,0.953125
9713.312500,0.984375
9714.296875,0.984375
9715.250000,0.953125
9716.156250,0.906250
9717.078125,0.921875
9723.796875,0.937500
9730.468750,0.921875
9731.421875,0.953125
9732.406250,0.984375
9733.312500,0.906250
9734.234375,0.921875
9735.171875,0.937500
9736.109375,0.937500
9741.718750,0.953125
9751.781250,0.906250
9752.750000,0.968750
9753.765625,1.015625
9754.750000,0.984375
9755.734375,0.984375
9756.687500,0.953125
9762.937500,0.890625
9763.875000,0.937500
9764.843750,0.968750
9765.796875,0.953125
9766.656250,0.859375
9767.531250,0.875000
9768.437500,0.906250
9769.296875,0.859375
9770.171875,0.875000
9771.078125,0.906250
9772.031250,0.953125
9772.890625,0.859375
9773.843750,0.953125
9774.812500,0.968750
9783.000000,0.968750
9783.953125,0.953125
9790.281250,0.953125
9791.171875,0.890625
9792.015625,0.843750
9792.875000,0.859375
9793.765625,0.890625
9794.656250,0.890625
9795.484375,0.828125
9796.343750,0.859375
9797.218750,0.875000
9798.140625,0.921875
9799.015625,0.875000
9809.109375,0.875000
9809.968750,0.859375
9810.796875,0.828125
9815.765625,0.843750
9816.640625,0.875000
9817.500000,0.859375
9818.437500,0.937500
9819.453125,1.015625
9820.468750,1.015625
9821.328125,0.859375
9822.156250,0.828125
9822.984375,0.828125
9823.921875,0.937500
9824.937500,1.015625
9825.937500,1.000000
9826.859375,0.921875
9827.812500,0.953125
9828.796875,0.984375
9829.796875,1.000000
9830.734375,0.937500
9831.562500,0.828125
9832.687500,1.125000
9833.703125,1.015625
9834.656250,0.953125
9835.640625,0.984375
9836.656250,1.015625
9837.656250,1.000000
9838.562500,0.906250
9839.515625,0.953125
9840.484375,0.968750
9841.468750,0.984375
9842.406250,0.937500
9843.375000,0.968750
9844.375000,1.000000
9850.953125,0.968750
9855.500000,0.890625
9856.359375,0.859375
9857.250000,0.890625
9858.125000,0.875000
9859.062500,0.937500
9859.953125,0.890625
9870.718750,0.781250
9871.437500,0.718750
9876.234375,0.937500
9877.203125,0.968750
9878.125000,0.921875
9879.062500,0.937500
9879.984375,0.921875
9906.156250,0.875000
9907.093750,0.937500
9908.046875,0.953125
9909.015625,0.968750
9909.906250,0.890625
9910.843750,0.937500
9911.781250,0.937500
9912.765625,0.984375
9913.687500,0.921875
9914.656250,0.968750
9915.625000,0.968750
9922.562500,0.984375
9923.718750,1.156250
9924.734375,1.015625
9942.343750,0.828125
9943.156250,0.812500
9944.000000,0.843750
9950.703125,0.953125
9951.625000,0.921875
9952.515625,0.890625
9953.421875,0.906250
9954.375000,0.953125
9955.312500,0.937500
9960.765625,0.875000
9961.671875,0.906250
9962.578125,0.906250
9963.453125,0.875000
9964.343750,0.890625
9965.234375,0.890625
9966.125000,0.890625
9966.984375,0.859375
9967.843750,0.859375
9968.734375,0.890625
9969.656250,0.921875
9970.500000,0.843750
9977.312500,0.859375
9978.140625,0.828125
9978.984375,0.843750
9979.843750,0.859375
9980.703125,0.859375
9981.515625,0.812500
9982.343750,0.828125
9983.203125,0.859375
9984.078125,0.875000
9984.906250,0.828125
9985.796875,0.890625
9986.703125,0.906250
9987.640625,0.937500
9988.484375,0.843750
9989.343750,0.859375
9990.187500,0.843750
9991.015625,0.828125
9991.843750,0.828125
9992.625000,0.781250
9993.406250,0.781250
9994.156250,0.750000
10003.968750,0.843750
10004.843750,0.875000
10005.734375,0.890625
10006.593750,0.859375
10007.500000,0.906250
10008.484375,0.984375
10009.500000,1.015625
10018.781250,0.906250
10019.734375,0.953125
10020.671875,0.937500
10021.546875,0.875000
10022.437500,0.890625
10023.375000,0.937500
10024.312500,0.937500
10025.484375,1.171875
10031.203125,0.796875
10032.000000,0.796875
10032.843750,0.843750
10033.625000,0.781250
10034.437500,0.812500
10035.265625,0.828125
10036.140625,0.875000
10037.015625,0.875000
10037.859375,0.843750
10038.718750,0.859375
10039.625000,0.906250
10040.562500,0.937500
10041.484375,0.921875
10048.937500,0.890625
10049.859375,0.921875
10050.828125,0.968750
10051.765625,0.937500
10052.656250,0.890625
10053.578125,0.921875
10054.500000,0.921875
10055.406250,0.906250
10059.765625,0.859375
10060.640625,0.875000
10061.578125,0.937500
10062.515625,0.937500
10063.468750,0.953125
10064.406250,0.937500
10065.343750,0.937500
10066.312500,0.968750
10067.187500,0.875000
10068.046875,0.859375
10076.250000,0.937500
10077.203125,0.953125
10078.093750,0.890625
10082.515625,0.875000
10083.437500,0.921875
10084.375000,0.937500
10085.250000,0.875000
10086.125000,0.875000
10093.859375,0.906250
10094.765625,0.906250
10095.718750,0.953125
10101.078125,0.843750
10101.796875,0.718750
10106.781250,0.937500
10107.703125,0.921875
10108.578125,0.875000
10109.484375,0.906250
10110.437500,0.953125
10122.500000,0.687500
10123.468750,0.968750
10124.296875,0.828125
10131.515625,0.859375
10132.390625,0.875000
10133.265625,0.875000
10134.171875,0.906250
10135.000000,0.828125
10135.765625,0.765625
10136.500000,0.734375
10137.250000,0.750000
10146.703125,1.187500
10150.703125,0.859375
10151.562500,0.859375
10152.453125,0.890625
10158.875000,0.937500
10159.781250,0.906250
10160.687500,0.906250
10161.562500,0.875000
10168.796875,0.906250
10169.734375,0.937500
10170.640625,0.906250
10171.593750,0.953125
10184.765625,0.890625
10185.703125,0.937500
10186.656250,0.953125
10187.593750,0.937500
10188.515625,0.921875
10189.468750,0.953125
10190.421875,0.953125
10196.812500,0.937500
10206.031250,0.828125
10206.890625,0.859375
10207.765625,0.875000
10208.718750,0.953125
10209.609375,0.890625
10210.531250,0.921875
10211.468750,0.937500
10217.937500,0.906250
10224.328125,0.906250
10225.281250,0.953125
10226.234375,0.953125
10227.140625,0.906250
10228.046875,0.906250
10228.953125,0.906250
10229.875000,0.921875
10230.765625,0.890625
10231.625000,0.859375
10236.078125,0.906250
10236.984375,0.906250
10237.875000,0.890625
10238.765625,0.890625
10239.593750,0.828125
10240.468750,0.875000
10241.359375,0.890625
10242.187500,0.828125
10243.031250,0.843750
10252.062500,0.984375
10253.000000,0.937500
10253.937500,0.937500
10254.890625,0.953125
10255.859375,0.968750
10256.796875,0.937500
10257.765625,0.968750
10258.968750,1.203125
10263.640625,0.984375
10264.562500,0.921875
10269.890625,0.843750
10270.750000,0.859375
10274.343750,0.906250
10275.093750,0.750000
10276.078125,0.984375
10281.609375,0.953125
10282.578125,0.968750
10283.500000,0.921875
10284.437500,0.937500
10285.406250,0.968750
10286.375000,0.968750
10287.250000,0.875000
10288.156250,0.906250
10289.046875,0.890625
10298.796875,0.921875
10299.687500,0.890625
10300.625000,0.937500
10301.531250,0.906250
10302.406250,0.875000
10303.281250,0.875000
10304.187500,0.906250
10305.109375,0.921875
10326.250000,1.015625
10327.203125,0.953125
10328.171875,0.968750
10329.156250,0.984375
10330.140625,0.984375
10331.062500,0.921875
10331.984375,0.921875
10332.968750,0.984375
10333.937500,0.968750
10334.843750,0.906250
10335.812500,0.968750
10336.781250,0.968750
10337.765625,0.984375
10338.671875,0.906250
10343.781250,0.953125
10344.921875,1.140625
10345.859375,0.937500
10346.718750,0.859375
10347.609375,0.890625
10348.468750,0.859375
10349.359375,0.890625
10350.250000,0.890625
10351.125000,0.875000
10351.984375,0.859375
10353.000000,1.015625
10353.921875,0.921875
10354.906250,0.984375
10366.203125,0.765625
10366.953125,0.750000
10367.718750,0.765625
10368.515625,0.796875
10369.375000,0.859375
10370.250000,0.875000
10371.125000,0.875000
10381.296875,0.953125
10382.250000,0.953125
10383.234375,0.984375
10384.156250,0.921875
10385.125000,0.968750
10386.156250,1.031250
10387.187500,1.031250
10388.171875,0.984375
10389.156250,0.984375
10390.140625,0.984375
10391.156250,1.015625
10392.078125,0.921875
10393.015625,0.937500
10398.546875,0.890625
10406.093750,0.890625
10406.968750,0.875000
10407.890625,0.921875
10408.812500,0.921875
10409.718750,0.906250
10410.656250,0.937500
10411.609375,0.953125
10412.578125,0.968750
10413.515625,0.937500
10414.453125,0.937500
10415.390625,0.937500
10416.375000,0.984375
10425.593750,0.937500
10426.546875,0.953125
10431.000000,0.843750
10431.859375,0.859375
10451.859375,0.843750
10452.750000,0.890625
10461.406250,0.828125
10462.234375,0.828125
10463.125000,0.890625
10464.046875,0.921875
10464.937500,0.890625
10465.828125,0.890625
10466.671875,0.843750
10472.125000,0.781250
10472.890625,0.765625
10473.687500,0.796875
10474.500000,0.812500
10475.312500,0.812500
10476.109375,0.796875
10476.890625,0.781250
10477.671875,0.781250
10478.484375,0.812500
10479.296875,0.812500
10480.093750,0.796875
10480.921875,0.828125
10481.781250,0.859375
10482.703125,0.921875
10483.640625,0.937500
10484.578125,0.937500
10495.156250,0.937500
10496.125000,0.968750
10497.125000,1.000000
10498.078125,0.953125
10498.984375,0.906250
10519.406250,1.015625
10520.421875,1.015625
10521.390625,0.968750
10522.359375,0.968750
10560.859375,1.015625
10561.812500,0.953125
10568.406250,0.937500
10569.312500,0.906250
10570.265625,0.953125
10576.671875,0.875000
10577.593750,0.921875
10578.453125,0.859375
10579.312500,0.859375
10580.171875,0.859375
10581.062500,0.890625
10581.968750,0.906250
10583.125000,1.156250
10587.609375,1.000000
10588.609375,1.000000
10594.328125,0.937500
10595.296875,0.968750
10596.250000,0.953125
10597.187500,0.937500
10598.187500,1.000000
10603.109375,0.953125
10603.968750,0.859375
10604.875000,0.906250
10605.843750,0.968750
10606.812500,0.968750
10607.734375,0.921875
10615.359375,0.906250
10620.984375,1.031250
10628.515625,0.875000
10629.484375,0.968750
10630.421875,0.937500
10631.406250,0.984375
10632.343750,0.937500
10633.296875,0.953125
10634.265625,0.968750
10635.203125,0.937500
10636.109375,0.906250
10637.031250,0.921875
10637.953125,0.921875
10647.406250,0.921875
10648.328125,0.921875
10653.937500,0.921875
10654.890625,0.953125
10655.875000,0.984375
10656.875000,1.000000
10713.234375,0.921875
10719.546875,0.875000
10720.406250,0.859375
10721.312500,0.906250
10722.156250,0.843750
10723.000000,0.843750
10723.875000,0.875000
10724.828125,0.953125
10732.203125,0.921875
10733.062500,0.859375
10733.906250,0.843750
10734.765625,0.859375
10735.562500,0.796875
10736.390625,0.828125
10755.281250,0.875000
10832.515625,0.953125
10833.421875,0.906250
10834.312500,0.890625
10835.187500,0.875000
10878.718750,0.953125
10879.625000,0.906250
10880.500000,0.875000
10881.390625,0.890625
10882.328125,0.937500
10883.265625,0.937500
10884.171875,0.906250
10885.109375,0.937500
10886.093750,0.984375
10887.109375,1.015625
10888.109375,1.000000
10889.109375,1.000000
10890.125000,1.015625
10891.140625,1.015625
10892.093750,0.953125
10893.062500,0.968750
10894.046875,0.984375
10895.078125,1.031250
10896.031250,0.953125
10896.984375,0.953125
10898.000000,1.015625
10899.015625,1.015625
10899.968750,0.953125
10900.937500,0.968750
10901.937500,1.000000
10907.781250,0.953125
10912.734375,0.984375
10913.781250,1.046875
10914.796875,1.015625
10915.781250,0.984375
10916.796875,1.015625
10917.828125,1.031250
10918.812500,0.984375
10919.750000,0.937500
10920.703125,0.953125
10921.656250,0.953125
10922.562500,0.906250
10923.468750,0.906250
10924.437500,0.968750
10925.375000,0.937500
10926.265625,0.890625
10927.187500,0.921875
10928.125000,0.937500
10929.109375,0.984375
10930.046875,0.937500
10940.281250,0.937500
10941.187500,0.906250
10942.125000,0.937500
10943.093750,0.968750
10957.062500,0.906250
10965.781250,1.031250
10966.828125,1.046875
10967.828125,1.000000
10968.875000,1.046875
10969.968750,1.093750
10971.062500,1.093750
10972.046875,0.984375
10973.000000,0.953125
10973.968750,0.968750
10974.953125,0.984375
10992.453125,0.984375
11065.437500,0.953125
11066.406250,0.968750
11067.359375,0.953125
11068.296875,0.937500
11069.265625,0.968750
11070.250000,0.984375
11071.281250,1.031250
11072.234375,0.953125
11073.171875,0.937500
11083.625000,0.875000
11084.656250,1.031250
11085.578125,0.921875
11086.546875,0.968750
11087.500000,0.953125
11088.406250,0.906250
11089.328125,0.921875
11090.265625,0.937500
11091.203125,0.937500
11092.140625,0.937500
11123.750000,0.921875
11124.703125,0.953125
11125.640625,0.937500
11126.734375,1.093750
11127.640625,0.906250
11128.531250,0.890625
11129.421875,0.890625
11130.296875,0.875000
11131.171875,0.875000
11132.046875,0.875000
11132.937500,0.890625
11225.593750,0.859375
11226.484375,0.890625
11227.406250,0.921875
11228.281250,0.875000
11255.187500,0.812500
11264.328125,0.859375
11265.171875,0.843750
11266.046875,0.875000
11266.968750,0.921875
11267.921875,0.953125
11268.843750,0.921875
11269.750000,0.906250
11270.671875,0.921875
11271.609375,0.937500
11272.515625,0.906250
11273.421875,0.906250
11274.359375,0.937500
11275.312500,0.953125
11276.234375,0.921875
11277.156250,0.921875
11278.140625,0.984375
11279.125000,0.984375
11280.015625,0.890625
11280.921875,0.906250
11281.875000,0.953125
11282.796875,0.921875
11283.703125,0.906250
11284.640625,0.937500
11285.593750,0.953125
11286.500000,0.906250
11287.375000,0.875000
11288.250000,0.875000
11289.171875,0.921875
11290.046875,0.875000
11290.953125,0.906250
11291.906250,0.953125
11302.703125,1.015625
11313.328125,0.765625
11319.296875,0.921875
11320.250000,0.953125
11321.203125,0.953125
11322.171875,0.968750
11323.109375,0.937500
11324.078125,0.968750
11325.046875,0.968750
11331.765625,0.968750
11346.750000,0.875000
11347.656250,0.906250
11348.500000,0.843750
11359.046875,0.875000
11375.890625,0.828125
11376.687500,0.796875
11377.609375,0.921875
11378.375000,0.765625
11379.140625,0.765625
11379.953125,0.812500
11380.781250,0.828125
11381.609375,0.828125
11382.265625,0.656250
11383.031250,0.765625
11399.953125,0.921875
11405.968750,0.875000
11426.734375,0.687500
11427.703125,0.968750
11460.609375,0.796875
11461.250000,0.640625
11469.593750,0.796875
11470.578125,0.984375
11471.437500,0.859375
11510.171875,0.921875
11511.078125,0.906250
11512.000000,0.921875
11512.953125,0.953125
11513.937500,0.984375
11514.906250,0.968750
11515.875000,0.968750
11516.765625,0.890625
11517.687500,0.921875
11518.562500,0.875000
11519.421875,0.859375
11520.265625,0.843750
11524.562500,0.890625
11531.296875,1.000000
11532.281250,0.984375
11533.250000,0.968750
11534.250000,1.000000
11556.437500,0.671875
11557.203125,0.765625
11558.125000,0.921875
11559.062500,0.937500
11560.031250,0.968750
11590.671875,1.078125
11611.156250,0.953125
11622.296875,0.890625
11623.218750,0.921875
11624.171875,0.953125
11625.125000,0.953125
11626.046875,0.921875
11627.015625,0.968750
11628.031250,1.015625
11629.000000,0.968750
11635.140625,1.046875
11655.984375,0.953125
11656.953125,0.968750
11657.953125,1.000000
11658.875000,0.921875
11659.843750,0.968750
11660.812500,0.968750
11661.781250,0.968750
11662.671875,0.890625
11663.593750,0.921875
11664.546875,0.953125
11665.531250,0.984375
11700.687500,0.781250
11709.265625,0.984375
11710.265625,1.000000
11711.218750,0.953125
11717.671875,1.000000
11718.593750,0.921875
11719.546875,0.953125
11720.531250,0.984375
11721.468750,0.937500
11722.343750,0.875000
11723.250000,0.906250
11724.156250,0.906250
11725.000000,0.843750
11725.843750,0.843750
11726.718750,0.875000
11727.609375,0.890625
11728.640625,1.031250
11729.515625,0.875000
11730.437500,0.921875
11731.359375,0.921875
11732.203125,0.843750
11733.078125,0.875000
11733.953125,0.875000
11734.812500,0.859375
11735.609375,0.796875
11736.437500,0.828125
11737.312500,0.875000
11738.203125,0.890625
11739.031250,0.828125
11739.875000,0.843750
11740.781250,0.906250
11741.656250,0.875000
11742.468750,0.812500
11743.312500,0.843750
11744.171875,0.859375
11745.078125,0.906250
11745.875000,0.796875
11746.718750,0.843750
11747.578125,0.859375
11748.484375,0.906250
11749.359375,0.875000
11750.218750,0.859375
11751.109375,0.890625
11752.031250,0.921875
11752.921875,0.890625
11753.765625,0.843750
11754.609375,0.843750
11755.437500,0.828125
11771.156250,0.984375
11772.140625,0.984375
11779.890625,0.984375
11780.906250,1.015625
11781.890625,0.984375
11788.500000,1.046875
11789.453125,0.953125
11790.421875,0.968750
11791.406250,0.984375
11792.343750,0.937500
11798.062500,1.015625
11799.062500,1.000000
11800.015625,0.953125
11800.984375,0.968750
11801.968750,0.984375
11802.921875,0.953125
11803.812500,0.890625
11804.796875,0.984375
11805.578125,0.781250
11806.390625,0.812500
11832.015625,0.937500
11832.984375,0.968750
11833.890625,0.906250
11870.953125,0.890625
11871.890625,0.937500
11872.687500,0.796875
11873.500000,0.812500
11892.484375,0.859375
11893.312500,0.828125
11894.234375,0.921875
11895.031250,0.796875
11895.859375,0.828125
11933.562500,0.828125
11974.046875,0.843750
11974.875000,0.828125
11975.687500,0.812500
11976.531250,0.843750
12061.812500,0.765625
12094.703125,0.953125
12100.328125,0.781250
12101.140625,0.812500
12101.953125,0.812500
12102.796875,0.843750
12103.656250,0.859375
12104.562500,0.906250
12105.500000,0.937500
12109.890625,0.906250
12114.812500,1.031250
12115.859375,1.046875
12120.500000,0.859375
12121.375000,0.875000
12122.250000,0.875000
12123.187500,0.937500
12124.015625,0.828125
12124.968750,0.953125
12140.515625,0.875000
12141.406250,0.890625
12142.093750,0.687500
12147.656250,0.953125
12154.109375,0.906250
12166.218750,0.968750
12167.187500,0.968750
12168.109375,0.921875
12169.046875,0.937500
12170.000000,0.953125
12170.953125,0.953125
12171.875000,0.921875
12172.812500,0.937500
12177.453125,0.921875
12178.328125,0.875000
12179.234375,0.906250
12180.171875,0.937500
12181.140625,0.968750
12182.062500,0.921875
12183.015625,0.953125
12184.000000,0.984375
12188.593750,0.890625
12189.500000,0.906250
12190.406250,0.906250
12191.328125,0.921875
12192.218750,0.890625
12193.156250,0.937500
12194.093750,0.937500
12195.078125,0.984375
12196.015625,0.937500
12196.968750,0.953125
12200.765625,0.937500
12201.718750,0.953125
12202.671875,0.953125
12252.734375,0.953125
12253.703125,0.968750
12254.687500,0.984375
12261.296875,0.906250
12285.765625,0.812500
12291.421875,0.843750
12292.312500,0.890625
12293.281250,0.968750
12294.296875,1.015625
12295.296875,1.000000
12296.250000,0.953125
12297.203125,0.953125
12298.125000,0.921875
12299.265625,1.140625
12310.531250,0.921875
12311.281250,0.750000
12317.296875,0.921875
12318.250000,0.953125
12319.187500,0.937500
12320.078125,0.890625
12320.984375,0.906250
12321.890625,0.906250
12327.296875,0.953125
12328.281250,0.984375
12329.187500,0.906250
12330.250000,1.062500
12331.171875,0.921875
12335.921875,1.015625
12336.921875,1.000000
12337.984375,1.062500
12339.046875,1.062500
12340.046875,1.000000
12341.031250,0.984375
12346.906250,1.062500
12347.843750,0.937500
12348.859375,1.015625
12349.875000,1.015625
12350.890625,1.015625
12351.843750,0.953125
12352.828125,0.984375
12353.796875,0.968750
12354.765625,0.968750
12355.718750,0.953125
12356.718750,1.000000
12357.718750,1.000000
12362.609375,1.000000
12363.546875,0.937500
12364.515625,0.968750
12365.515625,1.000000
12366.531250,1.015625
12367.500000,0.968750
12374.250000,0.718750
12387.875000,0.843750
12388.781250,0.906250
12403.765625,0.890625
12404.671875,0.906250
12405.562500,0.890625
12412.000000,0.953125
12412.953125,0.953125
12427.390625,0.890625
12428.296875,0.906250
12429.265625,0.968750
12430.203125,0.937500
12448.421875,0.906250
12449.343750,0.921875
12450.281250,0.937500
12451.203125,0.921875
12452.171875,0.968750
12453.171875,1.000000
12454.187500,1.015625
12459.953125,0.968750
12460.953125,1.000000
12461.968750,1.015625
12462.937500,0.968750
12463.906250,0.968750
12464.906250,1.000000
12465.921875,1.015625
12467.140625,1.218750
12480.406250,0.968750
12481.328125,0.921875
12482.265625,0.937500
12483.265625,1.000000
12495.500000,1.250000
12496.390625,0.890625
12500.921875,0.953125
12501.875000,0.953125
12502.812500,0.937500
12525.453125,0.937500
12526.421875,0.968750
12535.171875,0.984375
12572.218750,0.953125
12573.140625,0.921875
12574.031250,0.890625
12574.953125,0.921875
12575.890625,0.937500
12576.859375,0.968750
12577.781250,0.921875
12578.734375,0.953125
12579.718750,0.984375
12580.750000,1.031250
12581.734375,0.984375
12582.703125,0.968750
12605.546875,0.937500
12606.531250,0.984375
12607.515625,0.984375
12608.515625,1.000000
12613.265625,0.968750
12637.609375,0.968750
12638.609375,1.000000
12639.640625,1.031250
12640.609375,0.968750
12647.250000,0.984375
12682.843750,0.781250
12694.109375,0.890625
12695.015625,0.906250
12695.937500,0.921875
12696.906250,0.968750
12697.828125,0.921875
12703.437500,0.921875
12737.312500,0.968750
12738.328125,1.015625
12739.343750,1.015625
12740.312500,0.968750
12741.265625,0.953125
12742.250000,0.984375
12743.250000,1.000000
12756.718750,0.843750
12762.453125,0.875000
12766.515625,1.093750
12767.609375,1.093750
12768.671875,1.062500
12769.734375,1.062500
12770.750000,1.015625
12771.781250,1.031250
12772.703125,0.921875
12778.468750,1.078125
12779.406250,0.937500
12784.953125,0.906250
12785.953125,1.000000
12786.859375,0.906250
12787.812500,0.953125
12788.781250,0.968750
12789.734375,0.953125
12790.640625,0.906250
12791.562500,0.921875
12792.546875,0.984375
12793.453125,0.906250
12794.343750,0.890625
12795.312500,0.968750
12796.281250,0.968750
12797.234375,0.953125
12798.203125,0.968750
12799.218750,1.015625
12800.187500,0.968750
12808.609375,0.937500
12809.562500,0.953125
12815.375000,0.921875
12816.343750,0.968750
12817.281250,0.937500
12818.187500,0.906250
12819.140625,0.953125
12820.171875,1.031250
12821.171875,1.000000
12822.156250,0.984375
12823.125000,0.968750
12824.140625,1.015625
12825.156250,1.015625
12826.140625,0.984375
12827.125000,0.984375
12828.140625,1.015625
12829.109375,0.968750
12830.062500,0.953125
12831.046875,0.984375
12832.046875,1.000000
12833.000000,0.953125
12833.968750,0.968750
12834.968750,1.000000
12835.968750,1.000000
12836.921875,0.953125
12837.890625,0.968750
12838.843750,0.953125
12839.812500,0.968750
12840.750000,0.937500
12841.687500,0.937500
12842.640625,0.953125
12843.406250,0.765625
12879.328125,0.984375
12880.250000,0.921875
12881.234375,0.984375
12882.234375,1.000000
12883.203125,0.968750
12884.140625,0.937500
12885.125000,0.984375
12895.359375,0.859375
12915.265625,0.984375
12916.218750,0.953125
12917.218750,1.000000
12918.250000,1.031250
12919.250000,1.000000
12920.187500,0.937500
12940.875000,0.953125
12941.781250,0.906250
12942.687500,0.906250
12943.593750,0.906250
12962.968750,0.890625
12963.687500,0.718750
12964.343750,0.656250
12970.093750,1.046875
12971.109375,1.015625
12972.046875,0.937500
12972.968750,0.921875
12999.468750,0.890625
13000.359375,0.890625
13001.281250,0.921875
13002.250000,0.968750
13003.203125,0.953125
13004.109375,0.906250
13005.078125,0.968750
13006.109375,1.031250
13007.125000,1.015625
13008.109375,0.984375
13009.140625,1.031250
13010.203125,1.062500
13011.250000,1.046875
13012.250000,1.000000
13013.265625,1.015625
13014.312500,1.046875
13015.281250,0.968750
13016.265625,0.984375
13017.265625,1.000000
13018.312500,1.046875
13019.343750,1.031250
13020.343750,1.000000
13036.484375,1.031250
13037.437500,0.953125
13050.640625,0.953125
13051.578125,0.937500
13057.593750,1.031250
13058.578125,0.984375
13073.515625,0.796875
13074.390625,0.875000
13131.750000,1.125000
13145.156250,0.796875
13146.000000,0.843750
13146.890625,0.890625
13270.250000,0.859375
13271.171875,0.921875
13272.109375,0.937500
13273.171875,1.062500
13274.156250,0.984375
13275.046875,0.890625
13275.921875,0.875000
13276.750000,0.828125
13277.515625,0.765625
13278.312500,0.796875
13279.125000,0.812500
13279.890625,0.765625
13280.671875,0.781250
13281.515625,0.843750
13282.375000,0.859375
13283.218750,0.843750
13284.156250,0.937500
13285.156250,1.000000
13286.062500,0.906250
13286.921875,0.859375
13287.765625,0.843750
13288.593750,0.828125
13289.421875,0.828125
13290.187500,0.765625
13290.812500,0.625000
13341.359375,0.843750
13342.109375,0.750000
13342.843750,0.734375
13343.593750,0.750000
13344.343750,0.750000
13345.109375,0.765625
13345.937500,0.828125
13346.796875,0.859375
13347.687500,0.890625
13348.546875,0.859375
13349.390625,0.843750
13350.140625,0.750000
13350.921875,0.781250
13351.546875,0.625000
13368.750000,0.828125
13369.609375,0.859375
13462.171875,0.546875
13462.765625,0.593750
13463.265625,0.500000
13463.812500,0.546875
13464.390625,0.578125
13465.078125,0.687500
13465.578125,0.500000
13466.281250,0.703125
13518.781250,0.562500
13519.359375,0.578125
13520.078125,0.718750
13538.062500,1.281250
13665.312500,1.062500
13679.078125,1.109375
13736.312500,0.781250
13777.156250,1.015625
13778.203125,1.046875
13862.609375,0.671875
13863.515625,0.906250
13864.218750,0.703125
13958.046874,0.984375
13958.968749,0.921875
13959.921874,0.953125
13960.890624,0.968750
13961.859374,0.968750
13962.781249,0.921875
13963.749999,0.968750
13964.734374,0.984375
13965.687499,0.953125
13966.499999,0.812500
13967.234374,0.734375
13979.734374,0.921875
13980.687499,0.953125
14100.718749,0.859375
14101.609374,0.890625
14102.656249,1.046875
14103.609374,0.953125
14104.546874,0.937500
14123.640624,0.921875
14124.656249,1.015625
14125.578124,0.921875
14126.421874,0.843750
14127.343749,0.921875
14138.171874,0.828125
14138.937499,0.765625
14139.890624,0.953125
14140.765624,0.875000
14141.703124,0.937500
14142.453124,0.750000
14143.203124,0.750000
14180.874999,0.875000
14186.078124,0.875000
14206.249999,0.875000
14207.156249,0.906250
14208.140624,0.984375
14236.890624,1.000000
14237.765624,0.875000
14238.640624,0.875000
14239.468749,0.828125
14240.281249,0.812500
14241.171874,0.890625
14242.078124,0.906250
14242.968749,0.890625
14243.781249,0.812500
14244.609374,0.828125
14245.437499,0.828125
14251.171874,0.812500
14251.999999,0.828125
14252.765624,0.765625
14267.046874,0.750000
14267.812499,0.765625
14268.609374,0.796875
14269.421874,0.812500
14273.296874,0.734375
14274.078124,0.781250
14274.874999,0.796875
14275.640624,0.765625
14276.437499,0.796875
14277.265624,0.828125
14278.093749,0.828125
14278.890624,0.796875
14279.671874,0.781250
14280.453124,0.781250
14281.249999,0.796875
14282.046874,0.796875
14282.796874,0.750000
14283.546874,0.750000
14284.281249,0.734375
14285.046874,0.765625
14285.812499,0.765625
14286.578124,0.765625
14307.937499,0.765625
14315.687499,0.781250
14316.484374,0.796875
14317.249999,0.765625
14356.968749,0.906250
14357.890624,0.921875
14358.812499,0.921875
14359.734374,0.921875
14360.640624,0.906250
14361.453124,0.812500
14362.265624,0.812500
14363.093749,0.828125
14385.656249,0.750000
14389.468749,0.765625
14390.203124,0.734375
14390.984374,0.781250
14406.749999,0.703125
14407.484374,0.734375
14408.218749,0.734375
14408.937499,0.718750
14417.562499,0.796875
14418.328124,0.765625
14419.124999,0.796875
14419.937499,0.812500
14420.749999,0.812500
14424.687499,0.796875
14425.453124,0.765625
14426.203124,0.750000
14431.499999,0.718750
14432.234374,0.734375
14432.953124,0.718750
14433.671874,0.718750
14434.374999,0.703125
14435.093749,0.718750
14435.843749,0.750000
14436.609374,0.765625
14437.406249,0.796875
14438.187499,0.781250
14438.999999,0.812500
14439.796874,0.796875
14440.562499,0.765625
14444.374999,0.750000
14445.124999,0.750000
14445.890624,0.765625
14446.671874,0.781250
14447.468749,0.796875
14448.203124,0.734375
14448.968749,0.765625
14449.703124,0.734375
14450.484374,0.781250
14451.249999,0.765625
14451.984374,0.734375
14452.749999,0.765625
14453.546874,0.796875
14454.359374,0.812500
14455.140624,0.781250
14455.984374,0.843750
14456.781249,0.796875
14457.593749,0.812500
14458.421874,0.828125
14459.265624,0.843750
14460.078124,0.812500
14460.859374,0.781250
14461.656249,0.796875
14466.093749,0.734375
14466.906249,0.812500
14467.718749,0.812500
14468.531249,0.812500
14469.374999,0.843750
14470.265624,0.890625
14471.187499,0.921875
14472.031249,0.843750
14472.890624,0.859375
14473.749999,0.859375
14474.609374,0.859375
14475.406249,0.796875
14476.218749,0.812500
14477.031249,0.812500
14477.859374,0.828125
14478.640624,0.781250
14479.468749,0.828125
14480.312499,0.843750
14481.109374,0.796875
14481.906249,0.796875
14482.718749,0.812500
14483.531249,0.812500
14484.359374,0.828125
14485.140624,0.781250
14485.937499,0.796875
14486.734374,0.796875
14496.453124,0.812500
14497.281249,0.828125
14498.093749,0.812500
14498.890624,0.796875
14499.640624,0.750000
14500.421874,0.781250
14501.171874,0.750000
14501.906249,0.734375
14502.609374,0.703125
14503.343749,0.734375
14510.859374,0.750000
14511.640624,0.781250
14512.406249,0.765625
14513.187499,0.781250
14513.921874,0.734375
14517.749999,0.796875
14518.499999,0.750000
14519.249999,0.750000
14520.015624,0.765625
14561.312499,0.750000
14562.078124,0.765625
14562.859374,0.781250
14563.640624,0.781250
14564.437499,0.796875
14565.187499,0.750000
14565.984374,0.796875
14566.812499,0.828125
14574.578124,0.781250
14575.296874,0.718750
14578.999999,0.718750
14579.749999,0.750000
14580.484374,0.734375
14581.218749,0.734375
14581.968749,0.750000
14582.687499,0.718750
14583.406249,0.718750
14584.140624,0.734375
14584.843749,0.703125
14585.562499,0.718750
14590.765624,0.812500
14591.562499,0.796875
14592.359374,0.796875
14593.140624,0.781250
14593.953124,0.812500
14601.984374,0.750000
14602.734374,0.750000
14603.499999,0.765625
14604.265624,0.765625
14605.062499,0.796875
14605.874999,0.812500
14606.703124,0.828125
14607.484374,0.781250
14608.234374,0.750000
14609.031249,0.796875
14609.765624,0.734375
14610.515624,0.750000
14611.203124,0.687500
14611.906249,0.703125
14612.578124,0.671875
14613.281249,0.703125
14613.968749,0.687500
14614.687499,0.718750
14615.406249,0.718750
14616.140624,0.734375
14616.937499,0.796875
14617.765624,0.828125
14618.593749,0.828125
14619.437499,0.843750
14620.328124,0.890625
14621.156249,0.828125
14621.999999,0.843750
14622.859374,0.859375
14623.703124,0.843750
14624.531249,0.828125
14625.281249,0.750000
14626.046874,0.765625
14626.812499,0.765625
14627.562499,0.750000
14628.281249,0.718750
14629.015624,0.734375
14629.749999,0.734375
14630.484374,0.734375
14631.249999,0.765625
14631.968749,0.718750
14632.734374,0.765625
14633.515624,0.781250
14634.328124,0.812500
14635.156249,0.828125
14635.953124,0.796875
14636.765624,0.812500
14637.499999,0.734375
14638.374999,0.875000
14639.171874,0.796875
14639.999999,0.828125
14640.781249,0.781250
14648.046874,0.781250
14648.812499,0.765625
14649.593749,0.781250
14650.374999,0.781250
14651.156249,0.781250
14651.921874,0.765625
14652.718749,0.796875
14653.515624,0.796875
14654.312499,0.796875
14655.109374,0.796875
14655.874999,0.765625
14656.671874,0.796875
14657.437499,0.765625
14658.218749,0.781250
14658.953124,0.734375
14659.703124,0.750000
14660.453124,0.750000
14661.171874,0.718750
14661.906249,0.734375
14662.656249,0.750000
14663.437499,0.781250
14667.546874,0.796875
14668.343749,0.796875
14669.109374,0.765625
14669.890624,0.781250
14689.312499,0.718750
14689.984374,0.671875
14690.812499,0.828125
14707.703124,0.890625
14708.562499,0.859375
14709.374999,0.812500
14713.203124,0.781250
14713.921874,0.718750
14714.687499,0.765625
14718.593749,0.781250
14722.484374,0.750000
14723.234374,0.750000
14723.999999,0.765625
14724.718749,0.718750
14725.468749,0.750000
14732.781249,0.718750
14733.499999,0.718750
14734.218749,0.718750
14735.078124,0.859375
14735.781249,0.703125
14736.484374,0.703125
14737.218749,0.734375
14737.937499,0.718750
14738.687499,0.750000
14739.406249,0.718750
14740.187499,0.781250
14740.953124,0.765625
14759.421874,0.875000
14760.312499,0.890625
14761.109374,0.796875
14774.718749,0.765625
14775.468749,0.750000
14776.234374,0.765625
14776.984374,0.750000
14777.781249,0.796875
14778.562499,0.781250
14779.359374,0.796875
14780.124999,0.765625
14780.921874,0.796875
14781.718749,0.796875
14782.484374,0.765625
14783.218749,0.734375
14783.999999,0.781250
14784.765624,0.765625
14785.515624,0.750000
14789.312499,0.765625
14822.734374,0.812500
14914.296874,0.828125
14919.453124,0.718750
14920.124999,0.671875
14920.796874,0.671875
14921.484374,0.687500
14922.234374,0.750000
14923.031249,0.796875
14923.828124,0.796875
14924.609374,0.781250
14925.390624,0.781250
14926.203124,0.812500
14930.390624,0.640625
14931.078124,0.687500
14931.812499,0.734375
14932.640624,0.828125
14933.468749,0.828125
15260.078124,0.734375
15260.812499,0.734375
15261.546874,0.734375
15282.031249,0.687500
15282.734374,0.703125
15283.484374,0.750000
15284.249999,0.765625
15285.046874,0.796875
15285.796874,0.750000
15286.609374,0.812500
15290.828124,0.859375
15291.687499,0.859375
15292.484374,0.796875
15293.234374,0.750000
15294.031249,0.796875
15294.812499,0.781250
15295.593749,0.781250
15296.359374,0.765625
15297.187499,0.828125
15298.062499,0.875000
15298.906249,0.843750
15299.703124,0.796875
15300.515624,0.812500
15301.328124,0.812500
15302.124999,0.796875
15302.859374,0.734375
15303.687499,0.828125
15309.515624,0.687500
15310.265624,0.750000
15310.937499,0.671875
15315.890624,0.656250
15316.453124,0.562500
15371.187499,0.781250
15371.953124,0.765625
15378.531249,0.734375
15379.312499,0.781250
15380.078124,0.765625
15380.812499,0.734375
15381.562499,0.750000
15382.296874,0.734375
15383.031249,0.734375
15540.031249,0.625000
15540.562499,0.531250
15541.234374,0.671875
15541.765624,0.531250
15542.374999,0.609375
15542.953124,0.578125
15565.343749,0.593750
15565.937499,0.593750
15566.515624,0.578125
15567.078124,0.562500
15567.640624,0.562500
15568.218749,0.578125
15568.718749,0.500000
15569.374999,0.656250
15569.859374,0.484375
15585.968749,0.546875
15775.703124,0.796875
15776.531249,0.828125
15777.203124,0.671875
15782.828124,0.625000
15783.562499,0.734375
15784.328124,0.765625
15785.062499,0.734375
15785.812499,0.750000
15786.578124,0.765625
15787.343749,0.765625
15788.109374,0.765625
15788.859374,0.750000
15811.296874,0.687500
15811.999999,0.703125
15812.687499,0.687500
15813.406249,0.718750
15814.156249,0.750000
15814.906249,0.750000
15815.687499,0.781250
15816.578124,0.890625
15821.234374,0.859375
15822.062499,0.828125
15822.874999,0.812500
15823.703124,0.828125
15824.562499,0.859375
15910.906249,0.734375
15953.968749,0.984375
15954.796874,0.828125
15955.624999,0.828125
15956.499999,0.875000
15971.624999,0.875000
15972.562499,0.937500
15973.562499,1.000000
15974.468749,0.906250
15975.328124,0.859375
15976.249999,0.921875
15977.312499,1.062500
15978.390624,1.078125
15979.359374,0.968750
15980.437499,1.078125
15981.531249,1.093750
15982.624999,1.093750
15983.609374,0.984375
15984.656249,1.046875
15985.781249,1.125000
15986.890624,1.109375
15987.874999,0.984375
15988.874999,1.000000
15989.937499,1.062500
15991.015624,1.078125
15992.015624,1.000000
15993.031249,1.015625
15994.093749,1.062500
15995.140624,1.046875
15996.062499,0.921875
15996.953124,0.890625
15998.093749,1.140625
15999.140624,1.046875
16000.171874,1.031250
16001.140624,0.968750
16002.187499,1.046875
16003.249999,1.062500
16004.203124,0.953125
16005.109374,0.906250
16006.046874,0.937500
16006.999999,0.953125
16007.921874,0.921875
16008.781249,0.859375
16009.749999,0.968750
16010.812499,1.062500
16011.781249,0.968750
16012.781249,1.000000
16013.843749,1.062500
16014.890624,1.046875
16015.843749,0.953125
16016.796874,0.953125
16017.796874,1.000000
16018.765624,0.968750
16019.656249,0.890625
16020.624999,0.968750
16021.656249,1.031250
16022.687499,1.031250
16023.609374,0.921875
16024.578124,0.968750
16025.609374,1.031250
16026.671874,1.062500
16027.656249,0.984375
16028.578124,0.921875
16029.562499,0.984375
16030.609374,1.046875
16031.656249,1.046875
16032.593749,0.937500
16033.593749,1.000000
16034.687499,1.093750
16035.765624,1.078125
16036.718749,0.953125
16037.656249,0.937500
16038.624999,0.968750
16039.593749,0.968750
16040.468749,0.875000
16041.374999,0.906250
16042.296874,0.921875
16043.234374,0.937500
16044.140624,0.906250
16044.999999,0.859375
16045.781249,0.781250
16046.499999,0.718750
16047.249999,0.750000
16048.093749,0.843750
16049.062499,0.968750
16050.062499,1.000000
16051.015624,0.953125
16051.859374,0.843750
16052.687499,0.828125
16053.562499,0.875000
16054.468749,0.906250
16055.343749,0.875000
16056.156249,0.812500
16056.968749,0.812500
16057.796874,0.828125
16058.703124,0.906250
16059.593749,0.890625
16072.328124,1.000000
16073.328124,1.000000
16074.406249,1.078125
16075.421874,1.015625
16076.421874,1.000000
16077.453124,1.031250
16078.484374,1.031250
16079.453124,0.968750
16080.468749,1.015625
16081.499999,1.031250
16082.468749,0.968750
16083.406249,0.937500
16084.359374,0.953125
16085.374999,1.015625
16086.343749,0.968750
16087.234374,0.890625
16088.124999,0.890625
16089.015624,0.890625
16089.890624,0.875000
16090.671874,0.781250
16091.406249,0.734375
16092.124999,0.718750
16092.843749,0.718750
16093.578124,0.734375
16094.499999,0.921875
16095.249999,0.750000
16099.562499,0.781250
16100.328124,0.765625
16101.140624,0.812500
16102.015624,0.875000
16102.984374,0.968750
16103.953124,0.968750
16104.859374,0.906250
16105.796874,0.937500
16106.703124,0.906250
16107.624999,0.921875
16108.609374,0.984375
16109.499999,0.890625
16110.359374,0.859375
16111.296874,0.937500
16112.312499,1.015625
16113.312499,1.000000
16114.265624,0.953125
16115.187499,0.921875
16116.171874,0.984375
16117.171874,1.000000
16118.328124,1.156250
16119.265624,0.937500
16120.249999,0.984375
16121.265624,1.015625
16122.218749,0.953125
16123.187499,0.968750
16124.234374,1.046875
16125.281249,1.046875
16126.281249,1.000000
16127.328124,1.046875
16128.374999,1.046875
16129.343749,0.968750
16130.328124,0.984375
16131.374999,1.046875
16132.421874,1.046875
16133.390624,0.968750
16134.390624,1.000000
16135.468749,1.078125
16136.546874,1.078125
16137.531249,0.984375
16138.546874,1.015625
16139.578124,1.031250
16140.640624,1.062500
16141.609374,0.968750
16142.609374,1.000000
16143.687499,1.078125
16144.765624,1.078125
16145.749999,0.984375
16146.718749,0.968750
16147.718749,1.000000
16148.718749,1.000000
16149.624999,0.906250
16150.531249,0.906250
16151.484374,0.953125
16152.484374,1.000000
16153.468749,0.984375
16154.406249,0.937500
16155.406249,1.000000
16156.437499,1.031250
16157.421874,0.984375
16158.312499,0.890625
16159.218749,0.906250
16160.187499,0.968750
16161.156249,0.968750
16162.031249,0.875000
16162.953124,0.921875
16163.968749,1.015625
16164.984374,1.015625
16165.937499,0.953125
16166.906249,0.968750
16167.874999,0.968750
16168.828124,0.953125
16169.703124,0.875000
16170.593749,0.890625
16171.531249,0.937500
16172.515624,0.984375
16173.421874,0.906250
16174.390624,0.968750
16175.421874,1.031250
16176.437499,1.015625
16177.374999,0.937500
16178.265624,0.890625
16179.218749,0.953125
16180.156249,0.937500
16181.046874,0.890625
16181.953124,0.906250
16182.953124,1.000000
16183.968749,1.015625
16184.937499,0.968750
16185.890624,0.953125
16186.843749,0.953125
16187.843749,1.000000
16188.812499,0.968750
16189.687499,0.875000
16190.578124,0.890625
16191.499999,0.921875
16192.421874,0.921875
16193.312499,0.890625
16194.187499,0.875000
16195.140624,0.953125
16196.124999,0.984375
16197.093749,0.968750
16198.031249,0.937500
16199.046874,1.015625
16200.062499,1.015625
16201.031249,0.968750
16201.906249,0.875000
16202.812499,0.906250
16203.734374,0.921875
16204.687499,0.953125
16205.578124,0.890625
16206.406249,0.828125
16207.296874,0.890625
16208.265624,0.968750
16209.281249,1.015625
16210.249999,0.968750
16211.171874,0.921875
16212.124999,0.953125
16213.109374,0.984375
16214.031249,0.921875
16214.906249,0.875000
16215.843749,0.937500
16216.781249,0.937500
16217.734374,0.953125
16218.624999,0.890625
16219.546874,0.921875
16220.515624,0.968750
16221.468749,0.953125
16222.374999,0.906250
16223.281249,0.906250
16242.734374,0.953125
16243.703124,0.968750
16244.656249,0.953125
16245.546874,0.890625
16246.390624,0.843750
16247.296874,0.906250
16248.296874,1.000000
16249.234374,0.937500
16250.109374,0.875000
16251.031249,0.921875
16251.999999,0.968750
16252.906249,0.906250
16253.765624,0.859375
16254.640624,0.875000
16255.546874,0.906250
16256.499999,0.953125
16257.374999,0.875000
16258.234374,0.859375
16259.124999,0.890625
16259.999999,0.875000
16260.906249,0.906250
16261.749999,0.843750
16283.531249,1.000000
16284.484374,0.953125
16285.374999,0.890625
16286.281249,0.906250
16287.249999,0.968750
16288.249999,1.000000
16289.218749,0.968750
16290.203124,0.984375
16291.218749,1.015625
16292.249999,1.031250
16293.249999,1.000000
16294.203124,0.953125
16295.156249,0.953125
16296.124999,0.968750
16322.468749,0.796875
16323.281249,0.812500
16324.093749,0.812500
16324.968749,0.875000
16325.890624,0.921875
16326.812499,0.921875
16327.671874,0.859375
16328.515624,0.843750
16329.374999,0.859375
16330.218749,0.843750
16331.078124,0.859375
16331.749999,0.671875
16335.968749,0.781250
16336.781249,0.812500
16354.874999,0.656250
16355.546874,0.671875
16356.187499,0.640625
16356.874999,0.687500
16357.546874,0.671875
16358.234374,0.687500
16359.078124,0.843750
16359.749999,0.671875
16360.437499,0.687500
16361.124999,0.687500
16361.828124,0.703125
16362.531249,0.703125
16363.249999,0.718750
16364.046874,0.796875
16378.562499,0.828125
16383.140624,0.781250
16383.999999,0.859375
16384.906249,0.906250
16385.781249,0.875000
16386.687499,0.906250
16387.593749,0.906250
16388.359374,0.765625
16389.437499,1.078125
16439.171874,0.843750
16440.015624,0.843750
16440.906249,0.890625
16480.453124,0.625000
16481.093749,0.640625
16481.749999,0.656250
16482.421874,0.671875
16483.124999,0.703125
16483.874999,0.750000
16484.734374,0.859375
16485.640624,0.906250
16491.328124,0.734375
16492.031249,0.703125
16492.703124,0.671875
16493.374999,0.671875
16494.062499,0.687500
16494.765624,0.703125
16495.468749,0.703125
16496.156249,0.687500
16496.874999,0.718750
16497.609374,0.734375
16498.374999,0.765625
16499.156249,0.781250
16512.937499,0.687500
16513.593749,0.656250
16522.296874,0.781250
16523.078124,0.781250
16523.828124,0.750000
16524.640624,0.812500
16525.421874,0.781250
16526.187499,0.765625
16526.937499,0.750000
16527.562499,0.625000
16528.312499,0.750000
16534.968749,0.828125
16535.781249,0.812500
16536.640624,0.859375
16537.515624,0.875000
16550.609374,0.750000
16577.109374,0.750000
16577.859374,0.750000
16578.562499,0.703125
16596.843749,0.937500
16597.718749,0.875000
16602.546874,0.781250
16603.343749,0.796875
16609.890624,0.640625
16610.578124,0.687500
16611.328124,0.750000
16638.781249,0.625000
16639.406249,0.625000
16640.015624,0.609375
16640.656249,0.640625
16641.359374,0.703125
16642.156249,0.796875
16642.984374,0.828125
16660.578124,0.750000
16678.406249,0.765625
16691.937499,0.718750
16692.749999,0.812500
16693.531249,0.781250
16694.390624,0.859375
16695.203124,0.812500
16705.890624,0.781250
16706.703124,0.812500
16729.843749,0.671875
16730.546874,0.703125
16731.234374,0.687500
16731.937499,0.703125
16732.656249,0.718750
16733.359374,0.703125
16734.093749,0.734375
16738.968749,0.828125
16739.796874,0.828125
16740.609374,0.812500
16741.374999,0.765625
16742.156249,0.781250
16742.937499,0.781250
16743.734374,0.796875
16744.484374,0.750000
16784.124999,0.812500
16784.937499,0.812500
16785.671874,0.734375
16786.374999,0.703125
16787.078124,0.703125
16787.765624,0.687500
16788.499999,0.734375
16796.921874,0.640625
16803.453124,0.718750
16804.249999,0.796875
16805.031249,0.781250
16805.812499,0.781250
16806.687499,0.875000
16807.578124,0.890625
16808.406249,0.828125
16809.234374,0.828125
16810.031249,0.796875
16834.906249,0.703125
16835.624999,0.718750
16859.359374,0.843750
16863.562499,0.781250
16867.781249,0.875000
16868.609374,0.828125
16869.421874,0.812500
16873.703124,0.890625
16874.468749,0.765625
16875.406249,0.937500
16876.171874,0.765625
16877.046874,0.875000
16882.265624,0.671875
16882.999999,0.734375
16883.749999,0.750000
16932.531249,0.921875
16933.468749,0.937500
16934.359374,0.890625
16935.234374,0.875000
16936.062499,0.828125
16936.859374,0.796875
16937.609374,0.750000
16938.374999,0.765625
16939.218749,0.843750
16940.093749,0.875000
16941.015624,0.921875
16941.984374,0.968750
16942.921874,0.937500
16943.859374,0.937500
16944.765624,0.906250
16945.671874,0.906250
16953.796874,0.781250
16954.656249,0.859375
16955.437499,0.781250
16956.203124,0.765625
16956.953124,0.750000
16957.734374,0.781250
16973.062499,0.734375
16984.296874,0.656250
16984.999999,0.703125
16985.687499,0.687500
16986.406249,0.718750
16987.093749,0.687500
16987.796874,0.703125
16988.453124,0.656250
16989.124999,0.671875
16995.546874,0.718750
17015.359374,0.718750
17015.984374,0.625000
17016.781249,0.796875
17017.374999,0.593750
17018.015624,0.640625
17122.453124,0.703125
17123.218749,0.765625
17123.984374,0.765625
17124.765624,0.781250
17125.499999,0.734375
17126.249999,0.750000
17127.031249,0.781250
17127.906249,0.875000
17128.718749,0.812500
17129.593749,0.875000
17130.531249,0.937500
17131.484374,0.953125
17132.421874,0.937500
17133.343749,0.921875
17134.296874,0.953125
17135.281249,0.984375
17136.203124,0.921875
17137.124999,0.921875
17138.078124,0.953125
17139.062499,0.984375
17149.953124,0.828125
17150.828124,0.875000
17151.718749,0.890625
17152.593749,0.875000
17153.390624,0.796875
17158.859374,0.968750
17159.765624,0.906250
17164.328124,0.906250
17165.265624,0.937500
17166.203124,0.937500
17167.109374,0.906250
17168.062499,0.953125
17168.984374,0.921875
17169.859374,0.875000
17170.781249,0.921875
17171.749999,0.968750
17172.703124,0.953125
17173.562499,0.859375
17174.421874,0.859375
17175.281249,0.859375
17176.218749,0.937500
17181.937499,0.968750
17182.937499,1.000000
17183.890624,0.953125
17184.781249,0.890625
17185.734374,0.953125
17186.703124,0.968750
17187.578124,0.875000
17188.484374,0.906250
17189.453124,0.968750
17190.437499,0.984375
17191.328124,0.890625
17192.249999,0.921875
17193.390624,1.140625
17197.781249,0.953125
17198.671874,0.890625
17199.578124,0.906250
17200.671874,1.093750
17201.546874,0.875000
17202.515624,0.968750
17203.499999,0.984375
17204.437499,0.937500
17205.359374,0.921875
17206.281249,0.921875
17207.234374,0.953125
17208.171874,0.937500
17209.078124,0.906250
17210.046874,0.968750
17211.046874,1.000000
17212.031249,0.984375
17212.937499,0.906250
17213.874999,0.937500
17214.843749,0.968750
17215.781249,0.937500
17216.703124,0.921875
17217.640624,0.937500
17218.640624,1.000000
17219.671874,1.031250
17220.593749,0.921875
17221.546874,0.953125
17222.515624,0.968750
17223.421874,0.906250
17224.296874,0.875000
17225.187499,0.890625
17226.109374,0.921875
17227.109374,1.000000
17228.078124,0.968750
17229.109374,1.031250
17230.187499,1.078125
17231.187499,1.000000
17232.140624,0.953125
17233.093749,0.953125
17234.062499,0.968750
17234.984374,0.921875
17235.859374,0.875000
17236.765624,0.906250
17237.749999,0.984375
17238.703124,0.953125
17239.578124,0.875000
17240.468749,0.890625
17241.359374,0.890625
17242.234374,0.875000
17246.796874,0.921875
17247.718749,0.921875
17248.687499,0.968750
17249.546874,0.859375
17250.468749,0.921875
17251.406249,0.937500
17252.343749,0.937500
17253.203124,0.859375
17254.109374,0.906250
17255.015624,0.906250
17255.937499,0.921875
17256.765624,0.828125
17257.640624,0.875000
17258.499999,0.859375
17259.406249,0.906250
17269.874999,0.906250
17306.578124,0.687500
17307.281249,0.703125
17307.968749,0.687500
17308.640624,0.671875
17309.296874,0.656250
17309.953124,0.656250
17310.718749,0.765625
17311.531249,0.812500
17312.406249,0.875000
17313.296874,0.890625
17314.156249,0.859375
17314.968749,0.812500
17315.781249,0.812500
17316.531249,0.750000
17317.249999,0.718750
17317.968749,0.718750
17318.703124,0.734375
17319.515624,0.812500
17320.406249,0.890625
17321.359374,0.953125
17322.265624,0.906250
17323.187499,0.921875
17323.999999,0.812500
17324.781249,0.781250
17325.531249,0.750000
17326.296874,0.765625
17327.171874,0.875000
17328.093749,0.921875
17329.078124,0.984375
17330.078124,1.000000
17331.031249,0.953125
17340.718749,0.781250
17341.531249,0.812500
17347.843749,0.656250
17369.093749,0.859375
17369.953124,0.859375
17370.859374,0.906250
17371.828124,0.968750
17372.812499,0.984375
17373.703124,0.890625
17374.609374,0.906250
17375.499999,0.890625
17376.374999,0.875000
17377.234374,0.859375
17381.734374,0.859375
17382.609374,0.875000
17399.546874,0.796875
17400.359374,0.812500
17441.937499,0.828125
17460.671874,0.968750
17461.609374,0.937500
17462.546874,0.937500
17463.437499,0.890625
17464.359374,0.921875
17465.249999,0.890625
17466.109374,0.859375
17466.953124,0.843750
17467.796874,0.843750
17474.093749,0.890625
17475.015624,0.921875
17475.921874,0.906250
17476.812499,0.890625
17486.187499,0.828125
17486.859374,0.671875
17487.812499,0.953125
17488.562499,0.750000
17489.359374,0.796875
17490.156249,0.796875
17490.953124,0.796875
17491.765624,0.812500
17492.562499,0.796875
17493.359374,0.796875
17494.187499,0.828125
17495.062499,0.875000
17495.921874,0.859375
17496.703124,0.781250
17497.484374,0.781250
17498.328124,0.843750
17499.234374,0.906250
17500.156249,0.921875
17501.046874,0.890625
17501.874999,0.828125
17502.687499,0.812500
17503.468749,0.781250
17504.234374,0.765625
17504.999999,0.765625
17505.765624,0.765625
17511.437499,0.953125
17512.421874,0.984375
17513.374999,0.953125
17514.281249,0.906250
17515.140624,0.859375
17530.156249,0.921875
17531.046874,0.890625
17531.906249,0.859375
17532.749999,0.843750
17548.515624,0.812500
17549.249999,0.734375
17549.999999,0.750000
17550.749999,0.750000
17557.687499,0.750000
17558.421874,0.734375
17576.890624,0.984375
17577.781249,0.890625
17578.687499,0.906250
17585.531249,0.906250
17595.109374,0.781250
17630.687499,0.921875
17635.562499,0.812500
17639.406249,0.828125
17644.968749,0.828125
17645.640624,0.671875
17646.593749,0.953125
17654.203124,0.875000
17655.093749,0.890625
17655.984374,0.890625
17656.812499,0.828125
17657.609374,0.796875
17664.812499,1.031250
17665.796874,0.984375
17666.749999,0.953125
17667.640624,0.890625
17668.484374,0.843750
17669.265624,0.781250
17670.031249,0.765625
17670.765624,0.734375
17671.468749,0.703125
17672.171874,0.703125
17672.874999,0.703125
17673.640624,0.765625
17674.453124,0.812500
17675.359374,0.906250
17676.343749,0.984375
17677.328124,0.984375
17678.203124,0.875000
17679.078124,0.875000
17679.999999,0.921875
17680.906249,0.906250
17686.374999,0.906250
17687.296874,0.921875
17688.249999,0.953125
17689.109374,0.859375
17689.999999,0.890625
17690.812499,0.812500
17696.093749,0.859375
17696.968749,0.875000
17697.874999,0.906250
17698.749999,0.875000
17699.593749,0.843750
17700.468749,0.875000
17701.312499,0.843750
17707.328124,0.859375
17708.140624,0.812500
17708.968749,0.828125
17709.781249,0.812500
17710.609374,0.828125
17711.390624,0.781250
17712.203124,0.812500
17713.046874,0.843750
17713.921874,0.875000
17714.749999,0.828125
17715.578124,0.828125
17716.421874,0.843750
17717.234374,0.812500
17717.999999,0.765625
17718.781249,0.781250
17728.781249,0.765625
17729.546874,0.765625
17730.312499,0.765625
17731.078124,0.765625
17731.843749,0.765625
17732.624999,0.781250
17733.359374,0.734375
17734.093749,0.734375
17734.859374,0.765625
17735.656249,0.796875
17736.437499,0.781250
17737.218749,0.781250
17737.999999,0.781250
17745.312499,0.843750
17746.109374,0.796875
17746.859374,0.750000
17747.624999,0.765625
17748.390624,0.765625
17749.171874,0.781250
17749.906249,0.734375
17750.656249,0.750000
17751.437499,0.781250
17752.234374,0.796875
17753.015624,0.781250
17753.828124,0.812500
17757.515624,0.750000
17758.249999,0.734375
17759.015624,0.765625
17759.843749,0.828125
17760.749999,0.906250
17761.656249,0.906250
17762.578124,0.921875
17763.484374,0.906250
17764.390624,0.906250
17765.203124,0.812500
17766.031249,0.828125
17766.874999,0.843750
17767.718749,0.843750
17768.531249,0.812500
17769.374999,0.843750
17770.281249,0.906250
17771.218749,0.937500
17772.124999,0.906250
17773.031249,0.906250
17773.953124,0.921875
17774.906249,0.953125
17775.781249,0.875000
17776.703124,0.921875
17777.624999,0.921875
17778.562499,0.937500
17779.437499,0.875000
17780.343749,0.906250
17781.296874,0.953125
17782.234374,0.937500
17783.156249,0.921875
17784.046874,0.890625
17784.953124,0.906250
17785.656249,0.703125
17786.640624,0.984375
17787.515624,0.875000
17788.343749,0.828125
17789.234374,0.890625
17790.124999,0.890625
17791.046874,0.921875
17791.953124,0.906250
17792.812499,0.859375
17793.656249,0.843750
17794.437499,0.781250
17795.218749,0.781250
17796.015624,0.796875
17796.749999,0.734375
17797.531249,0.781250
17798.328124,0.796875
17799.140624,0.812500
17799.968749,0.828125
17800.765624,0.796875
17801.578124,0.812500
17802.499999,0.921875
17808.874999,0.859375
17809.703124,0.828125
17810.531249,0.828125
17811.374999,0.843750
17812.234374,0.859375
17813.093749,0.859375
17813.953124,0.859375
17814.812499,0.859375
17815.656249,0.843750
17816.531249,0.875000
17817.406249,0.875000
17818.281249,0.875000
17819.140624,0.859375
17820.015624,0.875000
17820.906249,0.890625
17821.781249,0.875000
17822.656249,0.875000
17823.578124,0.921875
17824.499999,0.921875
17825.390624,0.890625
17826.296874,0.906250
17827.187499,0.890625
17828.062499,0.875000
17828.984374,0.921875
17829.906249,0.921875
17830.749999,0.843750
17831.624999,0.875000
17832.546874,0.921875
17833.406249,0.859375
17834.312499,0.906250
17835.249999,0.937500
17836.156249,0.906250
17837.124999,0.968750
17838.109374,0.984375
17839.015624,0.906250
17839.921874,0.906250
17840.859374,0.937500
17841.796874,0.937500
17842.703124,0.906250
17885.249999,0.828125
17886.109374,0.859375
17902.421874,0.859375
17903.359374,0.937500
17908.562499,0.843750
17909.343749,0.781250
17910.156249,0.812500
17910.968749,0.812500
17911.656249,0.687500
17912.593749,0.937500
17913.437499,0.843750
17914.281249,0.843750
17915.093749,0.812500
17915.953124,0.859375
17916.843749,0.890625
17917.703124,0.859375
17918.593749,0.890625
17919.499999,0.906250
17920.359374,0.859375
17921.249999,0.890625
17929.578124,0.953125
17930.390624,0.812500
17931.296874,0.906250
17932.203124,0.906250
17933.078124,0.875000
17934.015624,0.937500
17934.984374,0.968750
17948.749999,0.796875
17949.562499,0.812500
17950.421874,0.859375
17951.390624,0.968750
17952.390624,1.000000
17964.046874,0.921875
17964.953124,0.906250
17965.781249,0.828125
17966.656249,0.875000
17967.546874,0.890625
17968.531249,0.984375
17969.453124,0.921875
17970.468749,1.015625
17971.484374,1.015625
17972.453124,0.968750
17973.390624,0.937500
17974.343749,0.953125
17975.265624,0.921875
17976.140624,0.875000
17977.031249,0.890625
17977.843749,0.812500
17978.718749,0.875000
17979.624999,0.906250
17980.484374,0.859375
17981.406249,0.921875
17982.499999,1.093750
17983.453124,0.953125
17984.328124,0.875000
17985.187499,0.859375
17990.281249,1.031250
17991.265624,0.984375
17992.249999,0.984375
17996.765624,1.015625
17997.718749,0.953125
17998.703124,0.984375
17999.718749,1.015625
18000.687499,0.968750
18001.609374,0.921875
18002.593749,0.984375
18003.593749,1.000000
18004.499999,0.906250
18005.421874,0.921875
18006.390624,0.968750
18007.359374,0.968750
18008.281249,0.921875
18009.218749,0.937500
18010.187499,0.968750
18011.140624,0.953125
18012.031249,0.890625
18012.968749,0.937500
18013.921874,0.953125
18014.874999,0.953125
18015.765624,0.890625
18016.703124,0.937500
18017.640624,0.937500
18018.562499,0.921875
18019.468749,0.906250
18020.406249,0.937500
18021.406249,1.000000
18022.265624,0.859375
18022.999999,0.734375
18028.687499,0.890625
18029.562499,0.875000
18030.390624,0.828125
18035.234374,0.843750
18036.109374,0.875000
18037.015624,0.906250
18037.937499,0.921875
18038.812499,0.875000
18039.703124,0.890625
18040.656249,0.953125
18041.656249,1.000000
18042.562499,0.906250
18043.499999,0.937500
18044.468749,0.968750
18045.359374,0.890625
18046.281249,0.921875
18047.218749,0.937500
18048.140624,0.921875
18049.015624,0.875000
18049.953124,0.937500
18050.890624,0.937500
18051.781249,0.890625
18070.906249,0.921875
18071.812499,0.906250
18072.734374,0.921875
18073.687499,0.953125
18074.656249,0.968750
18075.531249,0.875000
18076.437499,0.906250
18077.374999,0.937500
18078.265624,0.890625
18079.171874,0.906250
18080.078124,0.906250
18080.999999,0.921875
18081.859374,0.859375
18082.718749,0.859375
18083.546874,0.828125
18084.374999,0.828125
18085.171874,0.796875
18092.531249,0.875000
18093.437499,0.906250
18094.390624,0.953125
18095.234374,0.843750
18096.078124,0.843750
18096.953124,0.875000
18097.874999,0.921875
18098.828124,0.953125
18099.703124,0.875000
18107.531249,0.937500
18108.437499,0.906250
18109.328124,0.890625
18113.999999,0.750000
18114.765624,0.765625
18115.531249,0.765625
18116.359374,0.828125
18117.249999,0.890625
18118.187499,0.937500
18119.109374,0.921875
18120.015624,0.906250
18124.890624,0.843750
18125.718749,0.828125
18126.484374,0.765625
18127.265624,0.781250
18128.046874,0.781250
18128.703124,0.656250
18141.515624,0.859375
18142.406249,0.890625
18143.265624,0.859375
18164.468749,0.968750
18165.406249,0.937500
18166.343749,0.937500
18167.281249,0.937500
18168.218749,0.937500
18169.124999,0.906250
18169.968749,0.843750
18170.781249,0.812500
18171.609374,0.828125
18172.468749,0.859375
18173.312499,0.843750
18174.156249,0.843750
18201.984374,1.000000
18202.968749,0.984375
18203.859374,0.890625
18204.812499,0.953125
18205.749999,0.937500
18206.640624,0.890625
18207.531249,0.890625
18208.453124,0.921875
18209.406249,0.953125
18210.328124,0.921875
18260.437499,0.859375
18261.374999,0.937500
18262.265624,0.890625
18263.140624,0.875000
18268.687499,0.734375
18269.499999,0.812500
18270.374999,0.875000
18271.281249,0.906250
18272.124999,0.843750
18273.031249,0.906250
18293.765624,0.843750
18294.640624,0.875000
18295.546874,0.906250
18296.437499,0.890625
18297.328124,0.890625
18298.187499,0.859375
18299.046874,0.859375
18299.906249,0.859375
18300.796874,0.890625
18301.656249,0.859375
18302.546874,0.890625
18303.374999,0.828125
18304.249999,0.875000
18305.124999,0.875000
18306.078124,0.953125
18306.984374,0.906250
18307.968749,0.984375
18308.921874,0.953125
18309.828124,0.906250
18310.718749,0.890625
18318.921874,0.921875
18319.796874,0.875000
18320.687499,0.890625
18321.593749,0.906250
18322.437499,0.843750
18323.234374,0.796875
18324.046874,0.812500
18324.890624,0.843750
18325.734374,0.843750
18326.484374,0.750000
18340.906249,0.937500
18341.749999,0.843750
18342.624999,0.875000
18374.140624,0.890625
18374.999999,0.859375
18392.156249,0.812500
18392.999999,0.843750
18405.312499,0.906250
18435.062499,0.734375
18461.406249,0.828125
18462.265624,0.859375
18463.109374,0.843750
18464.093749,0.984375
18477.859374,0.859375
18478.562499,0.703125
18479.234374,0.671875
18483.234374,0.781250
18510.499999,0.765625
18511.328124,0.828125
18512.218749,0.890625
18513.046874,0.828125
18513.921874,0.875000
18546.343749,0.796875
18547.171874,0.828125
18548.015624,0.843750
18562.546874,0.828125
18563.421874,0.875000
18564.296874,0.875000
18565.203124,0.906250
18566.046874,0.843750
18566.953124,0.906250
18567.890624,0.937500
18568.796874,0.906250
18569.687499,0.890625
18570.593749,0.906250
18571.437499,0.843750
18572.312499,0.875000
18573.203124,0.890625
18574.031249,0.828125
18574.921874,0.890625
18575.796874,0.875000
18581.937499,0.921875
18582.859374,0.921875
18583.781249,0.921875
18584.703124,0.921875
18585.640624,0.937500
18586.515624,0.875000
18587.374999,0.859375
18588.249999,0.875000
18589.124999,0.875000
18589.937499,0.812500
18590.765624,0.828125
18591.640624,0.875000
18592.546874,0.906250
18593.406249,0.859375
18594.265624,0.859375
18595.187499,0.921875
18596.156249,0.968750
18597.078124,0.921875
18598.015624,0.937500
18598.968749,0.953125
18599.921874,0.953125
18600.859374,0.937500
18601.765624,0.906250
18602.640624,0.875000
18603.499999,0.859375
18604.296874,0.796875
18605.124999,0.828125
18605.921874,0.796875
18606.687499,0.765625
18607.453124,0.765625
18608.234374,0.781250
18609.031249,0.796875
18609.843749,0.812500
18610.687499,0.843750
18611.531249,0.843750
18612.406249,0.875000
18613.078124,0.671875
18614.062499,0.984375
18614.890624,0.828125
18615.734374,0.843750
18616.546874,0.812500
18617.343749,0.796875
18618.187499,0.843750
18619.015624,0.828125
18619.812499,0.796875
18620.671874,0.859375
18621.484374,0.812500
18622.328124,0.843750
18623.156249,0.828125
18623.984374,0.828125
18624.812499,0.828125
18625.671874,0.859375
18626.515624,0.843750
18627.328124,0.812500
18628.156249,0.828125
18628.937499,0.781250
18629.781249,0.843750
18630.593749,0.812500
18631.499999,0.906250
18632.421874,0.921875
18633.390624,0.968750
18634.312499,0.921875
18643.671874,0.921875
18644.578124,0.906250
18645.374999,0.796875
18646.187499,0.812500
18646.937499,0.750000
18647.703124,0.765625
18648.468749,0.765625
18649.203124,0.734375
18649.968749,0.765625
18650.703124,0.734375
18651.453124,0.750000
18652.156249,0.703125
18652.890624,0.734375
18653.703124,0.812500
18654.531249,0.828125
18655.390624,0.859375
18656.265624,0.875000
18657.171874,0.906250
18658.062499,0.890625
18658.984374,0.921875
18659.906249,0.921875
18660.781249,0.875000
18661.656249,0.875000
18662.546874,0.890625
18663.421874,0.875000
18664.234374,0.812500
18671.515624,0.890625
18672.468749,0.953125
18673.484374,1.015625
18674.453124,0.968750
18675.374999,0.921875
18676.281249,0.906250
18677.171874,0.890625
18678.109374,0.937500
18678.984374,0.875000
18679.859374,0.875000
18680.796874,0.937500
18681.765624,0.968750
18682.656249,0.890625
18697.249999,0.937500
18698.203124,0.953125
18699.093749,0.890625
18699.984374,0.890625
18700.937499,0.953125
18701.859374,0.921875
18702.749999,0.890625
18703.687499,0.937500
18704.828124,1.140625
18705.796874,0.968750
18706.703124,0.906250
18707.671874,0.968750
18708.609374,0.937500
18709.468749,0.859375
18710.374999,0.906250
18711.265624,0.890625
18712.156249,0.890625
18712.968749,0.812500
18713.843749,0.875000
18714.749999,0.906250
18715.640624,0.890625
18716.531249,0.890625
18717.437499,0.906250
18718.328124,0.890625
18719.218749,0.890625
18720.046874,0.828125
18720.906249,0.859375
18721.781249,0.875000
18722.640624,0.859375
18723.484374,0.843750
18724.453124,0.968750
18725.296874,0.843750
18726.156249,0.859375
18727.031249,0.875000
18727.953124,0.921875
18728.953124,1.000000
18729.874999,0.921875
18730.812499,0.937500
18731.781249,0.968750
18732.749999,0.968750
18733.640624,0.890625
18734.546874,0.906250
18735.437499,0.890625
18736.343749,0.906250
18737.187499,0.843750
18738.046874,0.859375
18738.984374,0.937500
18739.937499,0.953125
18740.843749,0.906250
18741.749999,0.906250
18742.671874,0.921875
18743.515624,0.843750
18744.374999,0.859375
18745.265624,0.890625
18746.156249,0.890625
18747.062499,0.906250
18748.015624,0.953125
18748.953124,0.937500
18749.874999,0.921875
18750.718749,0.843750
18751.578124,0.859375
18752.421874,0.843750
18753.281249,0.859375
18754.140624,0.859375
18754.999999,0.859375
18755.843749,0.843750
18756.687499,0.843750
18765.093749,0.796875
18765.906249,0.812500
18771.624999,0.828125
18772.421874,0.796875
18773.281249,0.859375
18774.140624,0.859375
18774.984374,0.843750
18775.828124,0.843750
18776.671874,0.843750
18777.578124,0.906250
18778.468749,0.890625
18779.421874,0.953125
18780.312499,0.890625
18781.249999,0.937500
18782.171874,0.921875
18783.156249,0.984375
18783.999999,0.843750
18784.984374,0.984375
18785.906249,0.921875
18786.781249,0.875000
18787.703124,0.921875
18788.671874,0.968750
18789.640624,0.968750
18790.499999,0.859375
18791.343749,0.843750
18792.234374,0.890625
18793.140624,0.906250
18794.093749,0.953125
18795.078124,0.984375
18807.265624,0.906250
18808.187499,0.921875
18809.093749,0.906250
18809.984374,0.890625
18810.921874,0.937500
18811.859374,0.937500
18817.281249,0.890625
18818.203124,0.921875
18819.062499,0.859375
18819.953124,0.890625
18820.843749,0.890625
18821.781249,0.937500
18822.687499,0.906250
18823.609374,0.921875
18824.531249,0.921875
18825.390624,0.859375
18826.249999,0.859375
18827.031249,0.781250
18827.843749,0.812500
18828.703124,0.859375
18829.624999,0.921875
18830.515624,0.890625
18831.421874,0.906250
18832.328124,0.906250
18833.249999,0.921875
18834.140624,0.890625
18834.984374,0.843750
18835.843749,0.859375
18836.749999,0.906250
18837.609374,0.859375
18838.484374,0.875000
18839.406249,0.921875
18840.343749,0.937500
18841.296874,0.953125
18849.421874,0.828125
18850.499999,1.078125
18851.406249,0.906250
18870.015624,0.937500
18870.937499,0.921875
18871.890624,0.953125
18872.859374,0.968750
18873.749999,0.890625
18879.031249,0.781250
18887.874999,0.890625
18888.703124,0.828125
18889.546874,0.843750
18890.406249,0.859375
18891.296874,0.890625
18892.109374,0.812500
18892.937499,0.828125
18893.796874,0.859375
18894.656249,0.859375
18895.515624,0.859375
18896.374999,0.859375
18897.265624,0.890625
18898.203124,0.937500
18908.046874,0.765625
18908.796874,0.750000
18909.421874,0.625000
18910.312499,0.890625
18911.046874,0.734375
18911.796874,0.750000
18912.593749,0.796875
18913.374999,0.781250
18914.187499,0.812500
18915.031249,0.843750
18915.874999,0.843750
18916.703124,0.828125
18917.515624,0.812500
18918.312499,0.796875
18919.109374,0.796875
18919.859374,0.750000
18920.593749,0.734375
18921.312499,0.718750
18922.109374,0.796875
18922.999999,0.890625
18923.968749,0.968750
18974.859374,0.875000
18975.781249,0.921875
18976.593749,0.812500
19011.515624,0.765625
19012.296874,0.781250
19025.249999,0.937500
19026.078124,0.828125
19038.296874,0.859375
19039.187499,0.890625
19040.140624,0.953125
19041.093749,0.953125
19070.078124,0.765625
19078.218749,1.000000
19079.171874,0.953125
19084.406249,0.859375
19085.265624,0.859375
19086.109374,0.843750
19086.921874,0.812500
19087.718749,0.796875
19094.187499,0.796875
19117.843749,0.921875
19118.796874,0.953125
19119.781249,0.984375
19120.687499,0.906250
19121.624999,0.937500
19122.578124,0.953125
19123.468749,0.890625
19124.359374,0.890625
19125.265624,0.906250
19126.156249,0.890625
19126.999999,0.843750
19127.890624,0.890625
19128.796874,0.906250
19129.703124,0.906250
19130.640624,0.937500
19131.593749,0.953125
19132.515624,0.921875
19133.328124,0.812500
19140.156249,0.843750
19141.015624,0.859375
19141.859374,0.843750
19142.703124,0.843750
19143.531249,0.828125
19144.359374,0.828125
19145.187499,0.828125
19145.968749,0.781250
19146.749999,0.781250
19147.546874,0.796875
19148.312499,0.765625
19149.078124,0.765625
19149.921874,0.843750
19150.828124,0.906250
19151.749999,0.921875
19152.671874,0.921875
19153.593749,0.921875
19154.499999,0.906250
19155.265624,0.765625
19178.749999,0.687500
19183.421874,0.890625
19184.249999,0.828125
19185.171874,0.921875
19186.156249,0.984375
19192.968749,0.890625
19193.656249,0.687500
19198.078124,0.828125
19198.984374,0.906250
19199.874999,0.890625
19200.781249,0.906250
19201.640624,0.859375
19202.453124,0.812500
19203.249999,0.796875
19204.062499,0.812500
19204.874999,0.812500
19205.703124,0.828125
19206.484374,0.781250
19207.281249,0.796875
19208.062499,0.781250
19208.890624,0.828125
19209.687499,0.796875
19210.484374,0.796875
19211.312499,0.828125
19223.937499,0.906250
19224.828124,0.890625
19225.671874,0.843750
19226.499999,0.828125
19227.359374,0.859375
19228.234374,0.875000
19229.093749,0.859375
19229.906249,0.812500
19230.734374,0.828125
19231.593749,0.859375
19232.499999,0.906250
19233.406249,0.906250
19234.234374,0.828125
19235.062499,0.828125
19235.890624,0.828125
19236.671874,0.781250
19237.515624,0.843750
19238.406249,0.890625
19239.281249,0.875000
19253.046874,0.812500
19254.109374,1.062500
19255.046874,0.937500
19255.984374,0.937500
19256.968749,0.984375
19257.859374,0.890625
19258.781249,0.921875
19259.734374,0.953125
19260.687499,0.953125
19261.593749,0.906250
19262.546874,0.953125
19263.515624,0.968750
19269.640624,0.843750
19270.671874,1.031250
19277.796874,0.921875
19278.671874,0.875000
19279.531249,0.859375
19280.390624,0.859375
19281.281249,0.890625
19282.156249,0.875000
19286.640624,0.859375
19287.531249,0.890625
19288.437499,0.906250
19295.156249,0.843750
19295.999999,0.843750
19296.874999,0.875000
19297.718749,0.843750
19298.562499,0.843750
19299.406249,0.843750
19300.296874,0.890625
19301.203124,0.906250
19302.015624,0.812500
19302.874999,0.859375
19310.265624,0.828125
19311.156249,0.890625
19312.031249,0.875000
19331.703124,0.812500
19332.531249,0.828125
19333.374999,0.843750
19334.171874,0.796875
19335.015624,0.843750
19343.749999,0.953125
19344.671874,0.921875
19345.578124,0.906250
19351.015624,0.921875
19357.171874,0.937500
19358.109374,0.937500
19359.015624,0.906250
19359.921874,0.906250
19360.843749,0.921875
19361.671874,0.828125
19362.562499,0.890625
19363.453124,0.890625
19364.374999,0.921875
19372.609374,0.875000
19376.812499,0.812500
19377.609374,0.796875
19378.437499,0.828125
19379.249999,0.812500
19402.359374,0.906250
19403.281249,0.921875
19404.203124,0.921875
19405.046874,0.843750
19405.921874,0.875000
19406.828124,0.906250
19407.703124,0.875000
19413.078124,0.859375
19413.984374,0.906250
19418.249999,0.843750
19419.078124,0.828125
19430.203124,0.890625
19431.078124,0.875000
19431.968749,0.890625
19432.874999,0.906250
19433.734374,0.859375
19434.593749,0.859375
19435.484374,0.890625
19436.390624,0.906250
19437.218749,0.828125
19438.109374,0.890625
19439.031249,0.921875
19439.984374,0.953125
19440.906249,0.921875
19441.843749,0.937500
19442.781249,0.937500
19443.640624,0.859375
19444.515624,0.875000
19445.390624,0.875000
19446.140624,0.750000
19447.156249,1.015625
19453.171874,0.828125
19454.046874,0.875000
19464.593749,0.937500
19465.499999,0.906250
19466.374999,0.875000
19467.203124,0.828125
19468.015624,0.812500
19468.812499,0.796875
19485.359374,0.906250
19486.265624,0.906250
19487.218749,0.953125
19488.187499,0.968750
19489.124999,0.937500
19490.093749,0.968750
19491.046874,0.953125
19492.046874,1.000000
19492.906249,0.859375
19498.234374,0.890625
19499.078124,0.843750
19507.999999,0.890625
19508.937499,0.937500
19509.921874,0.984375
19510.874999,0.953125
19517.031249,0.843750
19545.265624,0.750000
19572.984374,1.078125
19574.046874,1.062500
19575.078124,1.031250
19576.015624,0.937500
19576.906249,0.890625
19577.749999,0.843750
19578.578124,0.828125
19579.421874,0.843750
19580.249999,0.828125
19581.062499,0.812500
19581.890624,0.828125
19582.734374,0.843750
19583.578124,0.843750
19584.421874,0.843750
19585.265624,0.843750
19586.124999,0.859375
19587.015624,0.890625
19587.843749,0.828125
19588.671874,0.828125
19589.499999,0.828125
19590.343749,0.843750
19591.124999,0.781250
19591.953124,0.828125
19592.781249,0.828125
19593.640624,0.859375
19594.484374,0.843750
19595.328124,0.843750
19596.124999,0.796875
19596.890624,0.765625
19597.656249,0.765625
19598.437499,0.781250
19599.218749,0.781250
19599.999999,0.781250
19600.812499,0.812500
19601.703124,0.890625
19602.578124,0.875000
19603.515624,0.937500
19604.499999,0.984375
19605.406249,0.906250
19606.359374,0.953125
19607.312499,0.953125
19616.890624,0.875000
19617.812499,0.921875
19618.656249,0.843750
19619.515624,0.859375
19620.406249,0.890625
19621.328124,0.921875
19622.203124,0.875000
19623.093749,0.890625
19623.999999,0.906250
19624.890624,0.890625
19625.796874,0.906250
19626.718749,0.921875
19627.656249,0.937500
19643.874999,0.781250
19649.999999,0.859375
19650.765624,0.765625
19651.593749,0.828125
19652.437499,0.843750
19653.265624,0.828125
19654.249999,0.984375
19655.171874,0.921875
19656.031249,0.859375
19656.890624,0.859375
19657.796874,0.906250
19658.578124,0.781250
19659.437499,0.859375
19660.312499,0.875000
19661.265624,0.953125
19662.156249,0.890625
19684.656249,0.859375
19685.562499,0.906250
19693.906249,0.921875
19694.765624,0.859375
19707.593749,0.906250
19708.468749,0.875000
19709.359374,0.890625
19710.296874,0.937500
19711.234374,0.937500
19712.156249,0.921875
19713.109374,0.953125
19714.078124,0.968750
19715.031249,0.953125
19715.999999,0.968750
19716.984374,0.984375
19735.874999,0.921875
19736.796874,0.921875
19737.640624,0.843750
19741.874999,0.812500
19783.453124,0.812500
19784.249999,0.796875
19784.999999,0.750000
19785.781249,0.781250
19786.609374,0.828125
19787.546874,0.937500
19788.453124,0.906250
19789.390624,0.937500
19790.359374,0.968750
19791.249999,0.890625
19792.156249,0.906250
19793.031249,0.875000
19793.890624,0.859375
19794.765624,0.875000
19795.640624,0.875000
19796.515624,0.875000
19797.328124,0.812500
19798.156249,0.828125
19799.015624,0.859375
19799.890624,0.875000
19800.765624,0.875000
19801.624999,0.859375
19802.453124,0.828125
19803.234374,0.781250
19824.031249,0.812500
19824.921874,0.890625
19842.156249,0.906250
19843.062499,0.906250
19843.968749,0.906250
19844.812499,0.843750
19849.328124,0.921875
19850.281249,0.953125
19861.859374,0.921875
19862.781249,0.921875
19863.718749,0.937500
19864.578124,0.859375
19865.453124,0.875000
19866.359374,0.906250
19871.921874,0.937500
19872.874999,0.953125
19873.734374,0.859375
19874.640624,0.906250
19875.593749,0.953125
19876.515624,0.921875
19877.390624,0.875000
19878.281249,0.890625
19879.203124,0.921875
19880.078124,0.875000
19880.968749,0.890625
19881.890624,0.921875
19882.781249,0.890625
19883.734374,0.953125
19884.765624,1.031250
19885.781249,1.015625
19886.765624,0.984375
19887.781249,1.015625
19888.796874,1.015625
19889.734374,0.937500
19890.703124,0.968750
19910.406249,0.843750
19911.359374,0.953125
19912.281249,0.921875
19913.234374,0.953125
19914.203124,0.968750
19915.124999,0.921875
19916.015624,0.890625
19916.921874,0.906250
19917.812499,0.890625
19918.624999,0.812500
19919.468749,0.843750
19920.359374,0.890625
19921.249999,0.890625
19922.140624,0.890625
19923.062499,0.921875
19923.921874,0.859375
19924.828124,0.906250
19925.640624,0.812500
19926.499999,0.859375
19927.406249,0.906250
19928.359374,0.953125
19929.312499,0.953125
19930.249999,0.937500
19931.171874,0.921875
19936.437499,0.921875
19937.296874,0.859375
19938.156249,0.859375
19939.062499,0.906250
19944.249999,0.906250
19945.171874,0.921875
19962.421874,0.968750
19963.406249,0.984375
19964.406249,1.000000
19965.328124,0.921875
19966.203124,0.875000
19967.281249,1.078125
19968.171874,0.890625
19969.062499,0.890625
19969.968749,0.906250
19970.859374,0.890625
19971.812499,0.953125
19972.796874,0.984375
19973.734374,0.937500
19974.671874,0.937500
19975.640624,0.968750
19976.578124,0.937500
19977.437499,0.859375
19978.328124,0.890625
19979.234374,0.906250
19980.156249,0.921875
19980.984374,0.828125
19981.734374,0.750000
19982.437499,0.703125
19983.171874,0.734375
19983.937499,0.765625
19984.718749,0.781250
19985.562499,0.843750
19986.499999,0.937500
19987.421874,0.921875
19988.296874,0.875000
19989.140624,0.843750
19998.203124,0.968750
20025.984374,0.875000
20026.890624,0.906250
20027.718749,0.828125
20028.562499,0.843750
20029.406249,0.843750
20030.234374,0.828125
20031.109374,0.875000
20031.984374,0.875000
20032.874999,0.890625
20033.749999,0.875000
20034.593749,0.843750
20035.437499,0.843750
20036.249999,0.812500
20036.999999,0.750000
20048.671874,0.781250
20049.515624,0.843750
20053.578124,0.734375
20054.499999,0.921875
20055.359374,0.859375
20056.249999,0.890625
20057.078124,0.828125
20057.921874,0.843750
20104.218749,0.812500
20138.828124,0.687500
20139.578124,0.750000
20140.374999,0.796875
20141.249999,0.875000
20142.171874,0.921875
20143.031249,0.859375
20143.859374,0.828125
20165.640624,0.921875
20166.515624,0.875000
20167.359374,0.843750
20168.234374,0.875000
20169.156249,0.921875
20170.062499,0.906250
20170.890624,0.828125
20171.624999,0.734375
20176.484374,0.937500
20177.328124,0.843750
20178.187499,0.859375
20178.999999,0.812500
20179.859374,0.859375
20195.546874,0.890625
20196.421874,0.875000
20197.234374,0.812500
20198.093749,0.859375
20198.953124,0.859375
20199.718749,0.765625
20200.578124,0.859375
20201.453124,0.875000
20202.296874,0.843750
20203.140624,0.843750
20203.968749,0.828125
20204.796874,0.828125
20205.562499,0.765625
20206.359374,0.796875
20207.171874,0.812500
20207.984374,0.812500
20208.781249,0.796875
20209.499999,0.718750
20256.749999,0.750000
20257.531249,0.781250
20258.187499,0.656250
20258.984374,0.796875
20266.296874,0.796875
20267.124999,0.828125
20271.984374,0.796875
20272.765624,0.781250
20273.624999,0.859375
20274.437499,0.812500
20285.109374,0.781250
20285.874999,0.765625
20286.640624,0.765625
20287.437499,0.796875
20296.671874,0.828125
20297.453124,0.781250
20303.171874,0.765625
20303.906249,0.734375
20304.687499,0.781250
20305.453124,0.765625
20306.281249,0.828125
20307.187499,0.906250
20308.156249,0.968750
20322.031249,0.875000
20322.890624,0.859375
20323.718749,0.828125
20324.499999,0.781250
20325.265624,0.765625
20326.031249,0.765625
20326.812499,0.781250
20327.546874,0.734375
20328.296874,0.750000
20329.124999,0.828125
20329.984374,0.859375
20330.906249,0.921875
20331.843749,0.937500
20332.765624,0.921875
20333.656249,0.890625
20334.499999,0.843750
20335.328124,0.828125
20336.140624,0.812500
20336.890624,0.750000
20337.718749,0.828125
20338.656249,0.937500
20339.640624,0.984375
20340.593749,0.953125
20341.546874,0.953125
20342.546874,1.000000
20343.578124,1.031250
20344.562499,0.984375
20345.499999,0.937500
20346.437499,0.937500
20347.296874,0.859375
20348.171874,0.875000
20348.999999,0.828125
20349.921874,0.921875
20350.906249,0.984375
20351.906249,1.000000
20352.874999,0.968750
20353.765624,0.890625
20354.703124,0.937500
20355.562499,0.859375
20356.406249,0.843750
20357.249999,0.843750
20358.124999,0.875000
20359.031249,0.906250
20359.937499,0.906250
20360.874999,0.937500
20371.359374,0.906250
20372.203124,0.843750
20385.249999,0.828125
20386.062499,0.812500
20386.874999,0.812500
20387.874999,1.000000
20388.812499,0.937500
20389.781249,0.968750
20390.656249,0.875000
20391.531249,0.875000
20392.390624,0.859375
20393.265624,0.875000
20394.140624,0.875000
20394.999999,0.859375
20395.796874,0.796875
20396.609374,0.812500
20397.296874,0.687500
20402.359374,0.921875
20403.312499,0.953125
20408.874999,0.953125
20409.859374,0.984375
20410.843749,0.984375
20411.812499,0.968750
20412.828124,1.015625
20413.796874,0.968750
20414.640624,0.843750
20415.609374,0.968750
20416.499999,0.890625
20417.453124,0.953125
20418.281249,0.828125
20419.234374,0.953125
20420.156249,0.921875
20421.078124,0.921875
20421.937499,0.859375
20422.921874,0.984375
20423.874999,0.953125
20424.781249,0.906250
20425.734374,0.953125
20426.703124,0.968750
20427.656249,0.953125
20428.499999,0.843750
20429.453124,0.953125
20430.343749,0.890625
20431.234374,0.890625
20432.140624,0.906250
20433.109374,0.968750
20434.046874,0.937500
20434.874999,0.828125
20435.828124,0.953125
20436.765624,0.937500
20437.624999,0.859375
20438.593749,0.968750
20439.453124,0.859375
20440.437499,0.984375
20441.343749,0.906250
20442.249999,0.906250
20443.093749,0.843750
20443.999999,0.906250
20452.609374,0.828125
20453.687499,1.078125
20454.640624,0.953125
20455.593749,0.953125
20456.453124,0.859375
20457.312499,0.859375
20458.187499,0.875000
20459.124999,0.937500
20459.953124,0.828125
20460.812499,0.859375
20461.687499,0.875000
20462.562499,0.875000
20463.406249,0.843750
20464.312499,0.906250
20465.265624,0.953125
20466.171874,0.906250
20467.031249,0.859375
20467.953124,0.921875
20468.859374,0.906250
20521.562499,0.843750
20603.765624,0.843750
20604.687499,0.921875
20605.593749,0.906250
20606.437499,0.843750
20607.312499,0.875000
20608.187499,0.875000
20683.140624,0.656250
20683.828124,0.687500
20684.515624,0.687500
20685.187499,0.671875
20685.890624,0.703125
20686.624999,0.734375
20687.234374,0.609375
20702.171874,0.765625
20702.953124,0.781250
20703.671874,0.718750
20704.437499,0.765625
20705.187499,0.750000
20705.953124,0.765625
20706.781249,0.828125
20707.624999,0.843750
20708.437499,0.812500
20709.312499,0.875000
20710.171874,0.859375
20710.984374,0.812500
20711.734374,0.750000
20719.468749,0.859375
20720.234374,0.765625
20721.015624,0.781250
20721.812499,0.796875
20722.546874,0.734375
20723.249999,0.703125
20723.984374,0.734375
20724.749999,0.765625
20725.624999,0.875000
20726.656249,1.031250
20727.656249,1.000000
20728.624999,0.968750
20729.515624,0.890625
20730.437499,0.921875
20731.343749,0.906250
20732.187499,0.843750
20733.015624,0.828125
20733.703124,0.687500
20734.578124,0.875000
20735.468749,0.890625
20736.296874,0.828125
20737.109374,0.812500
20737.984374,0.875000
20738.859374,0.875000
20739.671874,0.812500
20740.499999,0.828125
20741.328124,0.828125
20742.140624,0.812500
20742.937499,0.796875
20743.734374,0.796875
20744.499999,0.765625
20745.312499,0.812500
20746.140624,0.828125
20747.031249,0.890625
20747.921874,0.890625
20748.828124,0.906250
20749.749999,0.921875
20750.656249,0.906250
20751.593749,0.937500
20752.453124,0.859375
20753.328124,0.875000
20754.234374,0.906250
20755.093749,0.859375
20755.968749,0.875000
20756.874999,0.906250
20757.781249,0.906250
20758.624999,0.843750
20759.484374,0.859375
20760.390624,0.906250
20761.203124,0.812500
20762.031249,0.828125
20762.874999,0.843750
20763.734374,0.859375
20764.562499,0.828125
20765.453124,0.890625
20766.406249,0.953125
20767.359374,0.953125
20768.265624,0.906250
20769.203124,0.937500
20770.124999,0.921875
20770.999999,0.875000
20771.890624,0.890625
20772.624999,0.734375
20773.390624,0.765625
20774.156249,0.765625
20774.953124,0.796875
20775.796874,0.843750
20776.640624,0.843750
20777.484374,0.843750
20783.296874,0.859375
20784.187499,0.890625
20785.140624,0.953125
20786.015624,0.875000
20786.937499,0.921875
20787.859374,0.921875
20788.703124,0.843750
20789.546874,0.843750
20790.437499,0.890625
20791.312499,0.875000
20792.156249,0.843750
20793.062499,0.906250
20794.031249,0.968750
20794.874999,0.843750
20795.749999,0.875000
20796.656249,0.906250
20801.796874,0.843750
20807.109374,0.890625
20807.999999,0.890625
20808.874999,0.875000
20809.734374,0.859375
20810.593749,0.859375
20811.468749,0.875000
20812.296874,0.828125
20813.156249,0.859375
20814.062499,0.906250
20815.015624,0.953125
20815.906249,0.890625
20816.890624,0.984375
20817.859374,0.968750
20818.781249,0.921875
20819.687499,0.906250
20820.562499,0.875000
20821.437499,0.875000
20822.312499,0.875000
20823.203124,0.890625
20824.109374,0.906250
20824.937499,0.828125
20825.796874,0.859375
20826.703124,0.906250
20827.640624,0.937500
20828.499999,0.859375
20829.453124,0.953125
20830.421874,0.968750
20831.328124,0.906250
20832.218749,0.890625
20833.124999,0.906250
20834.015624,0.890625
20834.906249,0.890625
20835.749999,0.843750
20836.609374,0.859375
20837.421874,0.812500
20838.281249,0.859375
20839.156249,0.875000
20840.078124,0.921875
20840.921874,0.843750
20841.812499,0.890625
20842.687499,0.875000
20843.546874,0.859375
20844.359374,0.812500
20845.218749,0.859375
20846.140624,0.921875
20847.046874,0.906250
20847.984374,0.937500
20848.968749,0.984375
20849.921874,0.953125
20868.843749,0.843750
20869.656249,0.812500
20870.531249,0.875000
20871.453124,0.921875
20879.171874,0.921875
20882.968749,0.937500
20883.843749,0.875000
20884.718749,0.875000
20902.374999,0.953125
20903.281249,0.906250
20904.187499,0.906250
20905.109374,0.921875
20906.062499,0.953125
20907.046874,0.984375
20907.937499,0.890625
20926.828124,0.906250
20927.749999,0.921875
20928.624999,0.875000
20929.531249,0.906250
20930.437499,0.906250
20931.312499,0.875000
20932.156249,0.843750
20933.015624,0.859375
20933.874999,0.859375
20934.718749,0.843750
20935.515624,0.796875
20936.328124,0.812500
20937.124999,0.796875
20937.937499,0.812500
20938.765624,0.828125
20939.624999,0.859375
20940.499999,0.875000
20941.359374,0.859375
20942.249999,0.890625
20943.140624,0.890625
20943.999999,0.859375
20944.890624,0.890625
20995.218749,1.031250
20996.187499,0.968750
20997.203124,1.015625
20998.234374,1.031250
20999.156249,0.921875
21000.109374,0.953125
21001.046874,0.937500
21001.968749,0.921875
21002.890624,0.921875
21003.812499,0.921875
21004.671874,0.859375
21005.562499,0.890625
21006.484374,0.921875
21019.046874,0.921875
21019.953124,0.906250
21020.906249,0.953125
21021.874999,0.968750
21022.843749,0.968750
21023.765624,0.921875
21024.609374,0.843750
21025.484374,0.875000
21026.328124,0.843750
21027.203124,0.875000
21028.078124,0.875000
21028.968749,0.890625
21029.796874,0.828125
21030.624999,0.828125
21031.437499,0.812500
21032.265624,0.828125
21033.078124,0.812500
21041.031249,0.875000
21041.999999,0.968750
21042.828124,0.828125
21043.671874,0.843750
21044.562499,0.890625
21045.374999,0.812500
21046.234374,0.859375
21047.109374,0.875000
21076.968749,0.718750
21077.765624,0.796875
21078.609374,0.843750
21079.453124,0.843750
21080.343749,0.890625
21094.781249,0.906250
21095.749999,0.968750
21096.765624,1.015625
21097.765624,1.000000
21098.781249,1.015625
21099.796874,1.015625
21100.687499,0.890625
21101.656249,0.968750
21102.578124,0.921875
21103.453124,0.875000
21104.296874,0.843750
21105.171874,0.875000
21106.093749,0.921875
21111.718749,0.937500
21112.734374,1.015625
21113.593749,0.859375
21114.499999,0.906250
21115.421874,0.921875
21116.328124,0.906250
21117.218749,0.890625
21118.171874,0.953125
21119.109374,0.937500
21120.093749,0.984375
21120.953124,0.859375
21121.921874,0.968750
21122.843749,0.921875
21123.765624,0.921875
21124.593749,0.828125
21178.218749,0.968750
21179.140624,0.921875
21180.062499,0.921875
21181.015624,0.953125
21181.906249,0.890625
21182.812499,0.906250
21183.703124,0.890625
21184.624999,0.921875
21185.468749,0.843750
21186.359374,0.890625
21187.249999,0.890625
21188.124999,0.875000
21189.015624,0.890625
21189.890624,0.875000
21190.796874,0.906250
21191.703124,0.906250
21192.609374,0.906250
21193.468749,0.859375
21194.296874,0.828125
21195.124999,0.828125
21195.921874,0.796875
21196.687499,0.765625
21197.437499,0.750000
21198.249999,0.812500
21199.124999,0.875000
21200.046874,0.921875
21232.093749,0.953125
21233.046874,0.953125
21233.999999,0.953125
21247.578124,0.875000
21248.499999,0.921875
21249.421874,0.921875
21250.296874,0.875000
21251.156249,0.859375
21252.124999,0.968750
21274.859374,0.687500
21275.546874,0.687500
21276.328124,0.781250
21277.218749,0.890625
21278.140624,0.921875
21278.953124,0.812500
21285.265624,0.765625
21286.015624,0.750000
21286.796874,0.781250
21287.437499,0.640625
21291.484374,0.734375
21292.249999,0.765625
21293.062499,0.812500
21293.874999,0.812500
21294.749999,0.875000
21295.624999,0.875000
21296.499999,0.875000
21297.312499,0.812500
21298.140624,0.828125
21298.953124,0.812500
21299.812499,0.859375
21300.640624,0.828125
21301.499999,0.859375
21321.859374,0.796875
21322.656249,0.796875
21330.593749,0.906250
21331.499999,0.906250
21332.390624,0.890625
21333.234374,0.843750
21334.109374,0.875000
21334.999999,0.890625
21335.874999,0.875000
21336.734374,0.859375
21337.640624,0.906250
21338.578124,0.937500
21339.531249,0.953125
21340.453124,0.921875
21341.374999,0.921875
21342.343749,0.968750
21343.281249,0.937500
21344.156249,0.875000
21355.062499,0.859375
21403.046874,0.906250
21403.937499,0.890625
21404.843749,0.906250
21405.687499,0.843750
21406.515624,0.828125
21407.359374,0.843750
21408.218749,0.859375
21409.062499,0.843750
21410.062499,1.000000
21422.656249,0.937500
21423.531249,0.875000
21427.859374,0.875000
21428.546874,0.687500
21437.859374,0.906250
21438.812499,0.953125
21453.406249,0.812500
21454.312499,0.906250
21455.265624,0.953125
21456.218749,0.953125
21457.171874,0.953125
21458.093749,0.921875
21458.999999,0.906250
21459.906249,0.906250
21460.765624,0.859375
21461.578124,0.812500
21462.374999,0.796875
21471.421874,0.859375
21472.328124,0.906250
21473.218749,0.890625
21474.062499,0.843750
21474.906249,0.843750
21475.765624,0.859375
21486.593749,0.890625
21487.437499,0.843750
21488.296874,0.859375
21489.156249,0.859375
21500.499999,0.890625
21505.562499,0.796875
21506.390624,0.828125
21512.953124,0.843750
21513.796874,0.843750
21514.624999,0.828125
21515.437499,0.812500
21516.249999,0.812500
21517.046874,0.796875
21517.874999,0.828125
21528.656249,0.750000
21529.421874,0.765625
21530.374999,0.953125
21531.218749,0.843750
21532.078124,0.859375
21532.921874,0.843750
21533.749999,0.828125
21534.578124,0.828125
21535.421874,0.843750
21536.296874,0.875000
21537.156249,0.859375
21542.859374,0.984375
21543.828124,0.968750
21553.499999,0.906250
21554.437499,0.937500
21569.781249,0.921875
21570.703124,0.921875
21571.640624,0.937500
21572.515624,0.875000
21579.718749,0.906250
21580.562499,0.843750
21581.421874,0.859375
21582.296874,0.875000
21583.203124,0.906250
21584.109374,0.906250
21584.937499,0.828125
21585.796874,0.859375
21586.671874,0.875000
21587.593749,0.921875
21588.546874,0.953125
21589.406249,0.859375
21590.312499,0.906250
21591.218749,0.906250
21592.156249,0.937500
21599.093749,0.921875
21605.437499,0.921875
21606.374999,0.937500
21607.249999,0.875000
21608.156249,0.906250
21612.890624,0.937500
21613.859374,0.968750
21614.796874,0.937500
21615.718749,0.921875
21616.656249,0.937500
21617.609374,0.953125
21618.578124,0.968750
21619.484374,0.906250
21620.421874,0.937500
21621.406249,0.984375
21631.281249,0.859375
21700.578124,0.890625
21701.437499,0.859375
21702.328124,0.890625
21703.249999,0.921875
21709.812499,0.890625
21758.671874,1.000000
21759.687499,1.015625
21760.609374,0.921875
21761.562499,0.953125
21762.515624,0.953125
21763.499999,0.984375
21777.218749,0.906250
21778.093749,0.875000
21778.953124,0.859375
21779.843749,0.890625
21787.249999,1.062500
21788.171874,0.921875
21812.562499,0.890625
21813.421874,0.859375
21814.312499,0.890625
21815.203124,0.890625
21816.062499,0.859375
21816.906249,0.843750
21817.749999,0.843750
21818.656249,0.906250
21819.593749,0.937500
21826.187499,0.968750
21827.156249,0.968750
21828.078124,0.921875
21829.015624,0.937500
21836.624999,0.906250
21837.546874,0.921875
21838.515624,0.968750
21839.468749,0.953125
21840.390624,0.921875
21841.328124,0.937500
21850.703124,0.984375
21851.624999,0.921875
21852.531249,0.906250
21871.046874,0.859375
21880.828124,0.875000
21887.390624,0.937500
21950.484374,0.906250
21951.437499,0.953125
21952.374999,0.937500
21953.249999,0.875000
21954.140624,0.890625
21965.265624,0.937500
21966.218749,0.953125
21967.218749,1.000000
21968.156249,0.937500
21969.078124,0.921875
21969.953124,0.875000
21970.796874,0.843750
21971.640624,0.843750
21972.499999,0.859375
22000.265624,0.859375
22001.124999,0.859375
22001.984374,0.859375
22002.843749,0.859375
22003.703124,0.859375
22004.546874,0.843750
22040.937499,0.859375
22041.796874,0.859375
22042.656249,0.859375
22043.531249,0.875000
22044.437499,0.906250
22045.296874,0.859375
22046.140624,0.843750
22047.031249,0.890625
22047.953124,0.921875
22048.890624,0.937500
22049.781249,0.890625
22050.703124,0.921875
22062.421874,0.750000
22063.156249,0.734375
22063.968749,0.812500
22064.765624,0.796875
22087.718749,0.750000
22088.515624,0.796875
22092.453124,0.828125
22093.249999,0.796875
22094.046874,0.796875
22094.843749,0.796875
22161.656249,0.984375
22200.749999,0.859375
22201.624999,0.875000
22202.562499,0.937500
22203.546874,0.984375
22204.515624,0.968750
22205.406249,0.890625
22206.328124,0.921875
22207.265624,0.937500
22208.218749,0.953125
22209.109374,0.890625
22210.031249,0.921875
22210.968749,0.937500
22211.953124,0.984375
22212.874999,0.921875
22213.796874,0.921875
22214.765624,0.968750
22215.749999,0.984375
22216.640624,0.890625
22217.546874,0.906250
22218.468749,0.921875
22219.406249,0.937500
22220.281249,0.875000
22264.843749,0.812500
22265.640624,0.796875
22266.453124,0.812500
22322.968749,0.875000
22323.843749,0.875000
22324.765624,0.921875
22325.703124,0.937500
22326.609374,0.906250
22327.593749,0.984375
22328.593749,1.000000
22329.515624,0.921875
22337.031249,0.984375
22338.015624,0.984375
22339.093749,1.078125
22340.062499,0.968750
22340.999999,0.937500
22341.984374,0.984375
22342.953124,0.968750
22343.828124,0.875000
22344.781249,0.953125
22345.828124,1.046875
22346.874999,1.046875
22347.859374,0.984375
22359.171874,0.890625
22360.296874,1.125000
22361.249999,0.953125
22366.640624,0.906250
22367.609374,0.968750
22402.374999,0.875000
22403.296874,0.921875
22404.281249,0.984375
22405.249999,0.968750
22406.124999,0.875000
22407.015624,0.890625
22407.921874,0.906250
22408.874999,0.953125
22409.796874,0.921875
22410.687499,0.890625
22411.640624,0.953125
22412.624999,0.984375
22413.624999,1.000000
22414.531249,0.906250
22415.499999,0.968750
22416.515624,1.015625
22417.515624,1.000000
22418.437499,0.921875
22431.999999,0.796875
22432.999999,1.000000
22433.812499,0.812500
22434.624999,0.812500
22435.406249,0.781250
22436.234374,0.828125
22440.406249,0.843750
22441.281249,0.875000
22442.171874,0.890625
22443.093749,0.921875
22443.984374,0.890625
22444.812499,0.828125
22445.687499,0.875000
22481.015624,0.875000
22481.828124,0.812500
22482.656249,0.828125
22483.531249,0.875000
22484.499999,0.968750
22485.499999,1.000000
22486.515624,1.015625
22487.640624,1.125000
22488.765624,1.125000
22489.765624,1.000000
22490.796874,1.031250
22491.812499,1.015625
22492.781249,0.968750
22493.718749,0.937500
22494.687499,0.968750
22500.374999,0.937500
22542.859374,1.062500
22653.624999,0.937500
22654.468749,0.843750
22655.328124,0.859375
22742.515624,0.687500
22743.203124,0.687500
22743.859374,0.656250
22744.531249,0.671875
22745.218749,0.687500
22745.906249,0.687500
22746.640624,0.734375
22747.390624,0.750000
22748.187499,0.796875
22760.968749,0.843750
22761.874999,0.906250
22791.812499,0.968750
22792.874999,1.062500
22793.890624,1.015625
22794.937499,1.046875
22795.874999,0.937500
22796.874999,1.000000
22797.953124,1.078125
22799.046874,1.093750
22800.109374,1.062500
22801.203124,1.093750
22802.265624,1.062500
22807.124999,0.953125
22808.156249,1.031250
22809.234374,1.078125
22810.203124,0.968750
22811.203124,1.000000
22812.218749,1.015625
22813.249999,1.031250
22814.218749,0.968750
22821.828124,0.953125
22822.843749,1.015625
22823.906249,1.062500
22824.953124,1.046875
22825.874999,0.921875
22843.140624,0.984375
22869.859374,0.968750
22919.312499,0.937500
22920.343749,1.031250
22921.343749,1.000000
22922.281249,0.937500
22923.249999,0.968750
22924.218749,0.968750
22925.156249,0.937500
22926.062499,0.906250
22926.984374,0.921875
22927.953124,0.968750
22928.906249,0.953125
22929.781249,0.875000
22930.734374,0.953125
22931.703124,0.968750
22932.671874,0.968750
22940.093749,0.921875
22940.984374,0.890625
22941.937499,0.953125
22942.890624,0.953125
22943.828124,0.937500
22944.749999,0.921875
22945.781249,1.031250
22946.765624,0.984375
22947.656249,0.890625
22948.531249,0.875000
22949.562499,1.031250
22950.562499,1.000000
22951.468749,0.906250
22952.515624,1.046875
22953.546874,1.031250
22954.578124,1.031250
22955.453124,0.875000
22956.515624,1.062500
22957.468749,0.953125
22958.421874,0.953125
22959.359374,0.937500
22960.374999,1.015625
22961.390624,1.015625
22962.281249,0.890625
22963.249999,0.968750
22964.296874,1.046875
22974.921874,0.875000
22976.046874,1.125000
22977.046874,1.000000
22977.953124,0.906250
22978.937499,0.984375
22979.999999,1.062500
22980.890624,0.890625
22981.859374,0.968750
22982.921874,1.062500
22983.937499,1.015625
22984.828124,0.890625
23006.546874,0.906250
23007.515624,0.968750
23008.468749,0.953125
23009.437499,0.968750
23010.328124,0.890625
23011.281249,0.953125
23012.249999,0.968750
23013.218749,0.968750
23014.109374,0.890625
23015.046874,0.937500
23060.703124,0.906250
23061.624999,0.921875
23062.562499,0.937500
23063.468749,0.906250
23102.999999,0.875000
23113.874999,0.890625
23114.749999,0.875000
23115.593749,0.843750
23116.578124,0.984375
23117.499999,0.921875
23118.421874,0.921875
23119.312499,0.890625
23132.874999,0.828125
23133.703124,0.828125
23134.546874,0.843750
23135.406249,0.859375
23136.249999,0.843750
23137.124999,0.875000
23155.515624,0.859375
23156.453124,0.937500
23157.296874,0.843750
23158.171874,0.875000
23159.078124,0.906250
23159.999999,0.921875
23160.781249,0.781250
23161.578124,0.796875
23162.453124,0.875000
23163.249999,0.796875
23209.171874,0.859375
23237.796874,0.921875
23238.812499,1.015625
23269.421874,0.765625
23270.234374,0.812500
23270.984374,0.750000
23271.765624,0.781250
23272.593749,0.828125
23273.515624,0.921875
23274.484374,0.968750
23275.343749,0.859375
23276.281249,0.937500
23277.249999,0.968750
23278.249999,1.000000
23279.249999,1.000000
23280.187499,0.937500
23281.031249,0.843750
23281.874999,0.843750
23282.749999,0.875000
23283.640624,0.890625
23284.531249,0.890625
23285.359374,0.828125
23286.156249,0.796875
23287.015624,0.859375
23287.984374,0.968750
23309.453124,0.984375
23310.453124,1.000000
23311.499999,1.046875
23312.343749,0.843750
23313.343749,1.000000
23333.656249,1.046875
23346.296874,0.937500
23347.234374,0.937500
23348.218749,0.984375
23360.453124,0.875000
23361.374999,0.921875
23362.312499,0.937500
23363.281249,0.968750
23364.218749,0.937500
23365.062499,0.843750
23365.874999,0.812500
23366.703124,0.828125
23367.609374,0.906250
23368.624999,1.015625
23369.703124,1.078125
23370.765624,1.062500
23371.781249,1.015625
23372.687499,0.906250
23373.609374,0.921875
23374.531249,0.921875
23375.421874,0.890625
23376.249999,0.828125
23377.124999,0.875000
23403.296874,0.921875
23404.281249,0.984375
23405.296874,1.015625
23406.312499,1.015625
23431.687499,0.812500
23432.515624,0.828125
23433.281249,0.765625
23433.953124,0.671875
23447.593749,0.781250
23448.406249,0.812500
23449.296874,0.890625
23450.218749,0.921875
23451.171874,0.953125
23452.062499,0.890625
23452.968749,0.906250
23453.906249,0.937500
23454.796874,0.890625
23455.703124,0.906250
23461.406249,1.000000
23462.437499,1.031250
23463.437499,1.000000
23464.437499,1.000000
23465.406249,0.968750
23466.343749,0.937500
23467.281249,0.937500
23468.265624,0.984375
23469.281249,1.015625
23470.249999,0.968750
23471.218749,0.968750
23472.171874,0.953125
23473.109374,0.937500
23478.359374,0.890625
23479.218749,0.859375
23480.140624,0.921875
23489.484374,0.796875
23490.328124,0.843750
23491.124999,0.796875
23491.749999,0.625000
23492.593749,0.843750
23493.390624,0.796875
23497.609374,0.781250
23498.249999,0.640625
23498.921874,0.671875
23499.624999,0.703125
23500.374999,0.750000
23501.046874,0.671875
23501.812499,0.765625
23502.609374,0.796875
23508.671874,0.859375
23509.499999,0.828125
23516.109374,1.031250
23517.124999,1.015625
23518.374999,1.250000
23577.296874,0.906250
23623.640624,0.890625
23624.499999,0.859375
23625.343749,0.843750
23626.187499,0.843750
23626.999999,0.812500
23627.781249,0.781250
23628.515624,0.734375
23635.234374,0.906250
23635.984374,0.750000
23636.687499,0.703125
23637.390624,0.703125
23638.093749,0.703125
23666.249999,0.718750
23666.953124,0.703125
23684.421874,1.000000
23685.328124,0.906250
23686.218749,0.890625
23687.124999,0.906250
23688.046874,0.921875
23694.359374,0.953125
23729.156249,0.937500
23730.156249,1.000000
23731.109374,0.953125
23732.281249,1.171875
23748.078124,0.921875
23753.343749,1.000000
23754.281249,0.937500
23755.390624,1.109375
23756.218749,0.828125
23757.078124,0.859375
23761.984374,0.875000
23778.015624,0.875000
23791.984374,0.937500
23800.234374,1.015625
23804.593749,0.921875
23809.890624,0.875000
23810.765624,0.875000
23901.124999,0.750000
23901.890624,0.765625
23902.671874,0.781250
23903.499999,0.828125
23904.328124,0.828125
23905.156249,0.828125
23905.999999,0.843750
23906.812499,0.812500
23923.687499,0.734375
23924.421874,0.734375
23925.203124,0.781250
23925.984374,0.781250
23926.765624,0.781250
23927.484374,0.718750
23928.234374,0.750000
23929.046874,0.812500
23929.874999,0.828125
23930.703124,0.828125
23931.515624,0.812500
23932.390624,0.875000
23933.218749,0.828125
23934.031249,0.812500
23934.734374,0.703125
23939.093749,0.859375
23939.921874,0.828125
23947.437499,1.000000
23962.124999,0.890625
23963.046874,0.921875
23963.984374,0.937500
23964.937499,0.953125
23965.796874,0.859375
23966.656249,0.859375
23967.546874,0.890625
23975.671874,0.937500
23976.562499,0.890625
23977.406249,0.843750
23978.296874,0.890625
23979.187499,0.890625
23980.046874,0.859375
23980.906249,0.859375
23981.765624,0.859375
23982.640624,0.875000
23983.484374,0.843750
23984.328124,0.843750
23988.812499,0.937500
23989.765624,0.953125
23990.671874,0.906250
23991.593749,0.921875
23992.484374,0.890625
23993.406249,0.921875
23994.249999,0.843750
23995.140624,0.890625
23996.203124,1.062500
23997.093749,0.890625
23997.937499,0.843750
23998.812499,0.875000
23999.687499,0.875000
24000.578124,0.890625
24001.453124,0.875000
24002.328124,0.875000
24003.218749,0.890625
24004.140624,0.921875
24004.999999,0.859375
24005.843749,0.843750
24006.703124,0.859375
24007.531249,0.828125
24008.359374,0.828125
24009.203124,0.843750
24010.046874,0.843750
24010.890624,0.843750
24011.718749,0.828125
24012.593749,0.875000
24013.421874,0.828125
24014.249999,0.828125
24015.046874,0.796875
24015.859374,0.812500
24016.703124,0.843750
24017.515624,0.812500
24018.328124,0.812500
24019.140624,0.812500
24019.953124,0.812500
24020.796874,0.843750
24021.656249,0.859375
24022.453124,0.796875
24027.421874,0.796875
24028.265624,0.843750
24029.093749,0.828125
24029.843749,0.750000
24030.703124,0.859375
24031.499999,0.796875
24032.343749,0.843750
24033.187499,0.843750
24034.046874,0.859375
24034.953124,0.906250
24035.859374,0.906250
24036.687499,0.828125
24037.484374,0.796875
24038.296874,0.812500
24039.109374,0.812500
24039.906249,0.796875
24048.218749,0.812500
24049.078124,0.859375
24049.953124,0.875000
24050.796874,0.843750
24051.609374,0.812500
24060.593749,0.765625
24061.406249,0.812500
24062.234374,0.828125
24063.078124,0.843750
24063.874999,0.796875
24075.562499,0.734375
24102.562499,0.609375
24103.203124,0.640625
24103.859374,0.656250
24104.515624,0.656250
24105.171874,0.656250
24105.843749,0.671875
24106.437499,0.593750
24107.093749,0.656250
24123.796874,0.796875
24124.609374,0.812500
24125.453124,0.843750
24130.078124,0.890625
24134.890624,1.015625
24135.953124,1.062500
24141.687499,0.921875
24142.562499,0.875000
24143.437499,0.875000
24147.687499,0.843750
24148.562499,0.875000
24149.468749,0.906250
24176.374999,1.156250
24182.296874,0.812500
24183.156249,0.859375
24184.140624,0.984375
24185.124999,0.984375
24186.031249,0.906250
24187.031249,1.000000
24188.015624,0.984375
24188.984374,0.968750
24195.640624,0.812500
24196.531249,0.890625
24197.515624,0.984375
24198.453124,0.937500
24199.390624,0.937500
24200.359374,0.968750
24204.765624,0.875000
24217.265624,0.984375
24218.218749,0.953125
24224.484374,0.890625
24225.421874,0.937500
24226.359374,0.937500
24227.312499,0.953125
24228.265624,0.953125
24229.249999,0.984375
24230.218749,0.968750
24231.156249,0.937500
24232.078124,0.921875
24232.968749,0.890625
24241.921874,0.781250
24242.703124,0.781250
24243.484374,0.781250
24244.234374,0.750000
24244.984374,0.750000
24249.156249,0.921875
24250.140624,0.984375
24251.156249,1.015625
24252.156249,1.000000
24253.109374,0.953125
24254.062499,0.953125
24255.031249,0.968750
24255.953124,0.921875
24256.796874,0.843750
24257.640624,0.843750
24258.531249,0.890625
24259.421874,0.890625
24264.609374,0.906250
24265.484374,0.875000
24266.187499,0.703125
24274.218749,0.984375
24275.171874,0.953125
24276.046874,0.875000
24276.828124,0.781250
24281.765624,1.015625
24301.937499,0.890625
24302.812499,0.875000
24303.703124,0.890625
24304.609374,0.906250
24305.531249,0.921875
24309.843749,0.875000
24310.718749,0.875000
24311.578124,0.859375
24315.624999,0.781250
24316.484374,0.859375
24317.374999,0.890625
24318.281249,0.906250
24319.203124,0.921875
24320.078124,0.875000
24320.890624,0.812500
24321.671874,0.781250
24322.359374,0.687500
24323.312499,0.953125
24324.124999,0.812500
24324.921874,0.796875
24325.671874,0.750000
24326.296874,0.625000
24334.515624,0.843750
24338.531249,0.750000
24339.312499,0.781250
24340.093749,0.781250
24340.921874,0.828125
24341.781249,0.859375
24353.781249,0.937500
24354.671874,0.890625
24355.499999,0.828125
24356.343749,0.843750
24357.234374,0.890625
24367.828124,0.953125
24368.687499,0.859375
24369.499999,0.812500
24370.312499,0.812500
24371.359374,1.046875
24409.046874,0.828125
24409.890624,0.843750
24410.765624,0.875000
24428.859374,0.953125
24429.874999,1.015625
24430.718749,0.843750
24462.515624,0.828125
24463.328124,0.812500
24464.093749,0.765625
24464.859374,0.765625
24488.187499,0.734375
24488.953124,0.765625
24489.796874,0.843750
24490.593749,0.796875
24491.421874,0.828125
24492.281249,0.859375
24493.124999,0.843750
24493.953124,0.828125
24494.796874,0.843750
24495.609374,0.812500
24499.421874,0.781250
24500.218749,0.796875
24500.999999,0.781250
24501.796874,0.796875
24507.765624,0.953125
24508.671874,0.906250
24509.593749,0.921875
24516.609374,0.734375
24517.343749,0.734375
24683.531249,0.812500
24684.406249,0.875000
24685.203124,0.796875
24686.062499,0.859375
24686.999999,0.937500
24688.015624,1.015625
24688.968749,0.953125
24932.484374,0.468750
24932.859374,0.375000
24946.578124,0.484375
24946.921874,0.343750
24947.249999,0.328125
24949.609374,0.312500
25096.531249,0.718750
25097.390624,0.859375
25098.374999,0.984375
25099.234374,0.859375
25100.031249,0.796875
25100.859374,0.828125
25101.703124,0.843750
25102.546874,0.843750
25103.343749,0.796875
25104.093749,0.750000
25104.796874,0.703125
25105.546874,0.750000
25106.484374,0.937500
25107.421874,0.937500
25108.437499,1.015625
25109.374999,0.937500
25110.296874,0.921875
25111.265624,0.968750
25112.249999,0.984375
25113.109374,0.859375
25113.968749,0.859375
25114.843749,0.875000
25115.843749,1.000000
25116.749999,0.906250
25121.781249,0.843750
25122.609374,0.828125
25123.484374,0.875000
25261.562499,0.656250
25262.312499,0.750000
25263.109374,0.796875
25263.796874,0.687500
25286.562499,0.796875
25298.499999,0.875000
25299.406249,0.906250
25314.374999,0.843750
25315.312499,0.937500
25316.171874,0.859375
25317.046874,0.875000
25317.968749,0.921875
25318.843749,0.875000
25334.562499,0.781250
25335.343749,0.781250
25336.140624,0.796875
25340.093749,0.828125
25340.859374,0.765625
25341.671874,0.812500
25342.468749,0.796875
25343.265624,0.796875
25343.937499,0.671875
25344.765624,0.828125
25345.515624,0.750000
25396.718749,0.890625
25455.937500,0.828125
25456.687500,0.750000
25495.421875,0.984375
25496.468750,1.046875
25497.593750,1.125000
25498.609375,1.015625
25499.546875,0.937500
25500.562500,1.015625
25501.468750,0.906250
25502.500000,1.031250
25503.328125,0.828125
25504.218750,0.890625
25505.171875,0.953125
25508.921875,0.875000
25509.781250,0.859375
25510.671875,0.890625
25511.609375,0.937500
25519.796875,0.890625
25520.718750,0.921875
25521.671875,0.953125
25522.625000,0.953125
25523.515625,0.890625
25524.484375,0.968750
25525.468750,0.984375
25526.468750,1.000000
25532.265625,0.984375
25533.187500,0.921875
25534.140625,0.953125
25535.125000,0.984375
25536.109375,0.984375
25537.000000,0.890625
25537.921875,0.921875
25538.875000,0.953125
25539.765625,0.890625
25540.671875,0.906250
25541.609375,0.937500
25542.578125,0.968750
25543.468750,0.890625
25544.375000,0.906250
25570.421875,0.937500
25625.234375,0.984375
25638.656250,1.062500
25646.437500,0.828125
25647.312500,0.875000
25648.218750,0.906250
25649.140625,0.921875
25650.046875,0.906250
25650.968750,0.921875
25651.921875,0.953125
25652.906250,0.984375
25653.828125,0.921875
25654.781250,0.953125
25655.734375,0.953125
25656.671875,0.937500
25702.500000,0.906250
25703.406250,0.906250
25704.375000,0.968750
25705.312500,0.937500
25706.296875,0.984375
25707.343750,1.046875
25708.390625,1.046875
25709.359375,0.968750
25710.375000,1.015625
25721.859375,0.984375
25722.906250,1.046875
25724.000000,1.093750
25725.000000,1.000000
25726.031250,1.031250
25727.062500,1.031250
25728.078125,1.015625
25729.031250,0.953125
25730.046875,1.015625
25731.093750,1.046875
25749.609375,0.984375
25750.625000,1.015625
25751.656250,1.031250
25752.625000,0.968750
25753.562500,0.937500
25754.500000,0.937500
25760.375000,1.000000
25761.359375,0.984375
25762.421875,1.062500
25774.500000,0.875000
25775.421875,0.921875
25776.375000,0.953125
25777.250000,0.875000
25778.171875,0.921875
25800.781250,1.109375
25801.734375,0.953125
25802.671875,0.937500
25803.656250,0.984375
25804.671875,1.015625
25805.656250,0.984375
25806.609375,0.953125
25807.578125,0.968750
25808.531250,0.953125
25809.406250,0.875000
25810.312500,0.906250
25811.250000,0.937500
25812.187500,0.937500
25813.093750,0.906250
25814.062500,0.968750
25815.109375,1.046875
25816.078125,0.968750
25823.625000,0.906250
25824.390625,0.765625
25888.046875,0.859375
25888.906250,0.859375
25889.796875,0.890625
25890.718750,0.921875
25891.578125,0.859375
25892.453125,0.875000
25893.375000,0.921875
25894.343750,0.968750
25895.234375,0.890625
25896.156250,0.921875
25897.093750,0.937500
25898.062500,0.968750
25902.562500,0.890625
25903.484375,0.921875
25904.421875,0.937500
25905.343750,0.921875
25906.265625,0.921875
25907.218750,0.953125
25908.218750,1.000000
25909.187500,0.968750
25909.968750,0.781250
25911.062500,1.093750
25912.125000,1.062500
25926.718750,0.875000
25927.609375,0.890625
25928.515625,0.906250
25933.171875,0.953125
25934.046875,0.875000
25934.968750,0.921875
25935.906250,0.937500
25961.937500,0.906250
25962.890625,0.953125
25963.859375,0.968750
25964.828125,0.968750
25965.734375,0.906250
25966.671875,0.937500
25967.859375,1.187500
25975.859375,0.781250
25976.843750,0.984375
25977.750000,0.906250
25978.671875,0.921875
25979.562500,0.890625
25980.640625,1.078125
25981.609375,0.968750
25982.609375,1.000000
25983.546875,0.937500
25984.531250,0.984375
25985.515625,0.984375
25986.453125,0.937500
25987.390625,0.937500
25988.312500,0.921875
25989.265625,0.953125
25990.187500,0.921875
25991.078125,0.890625
25992.000000,0.921875
25992.984375,0.984375
25993.953125,0.968750
25994.984375,1.031250
25995.968750,0.984375
25996.953125,0.984375
25997.890625,0.937500
25998.843750,0.953125
25999.828125,0.984375
26000.734375,0.906250
26001.531250,0.796875
26002.359375,0.828125
26007.281250,0.968750
26008.234375,0.953125
26009.203125,0.968750
26010.187500,0.984375
26011.140625,0.953125
26015.906250,0.984375
26016.921875,1.015625
26017.937500,1.015625
26051.703125,0.781250
26052.453125,0.750000
26053.062500,0.609375
26134.562500,0.921875
26135.500000,0.937500
26136.218750,0.718750
26189.937500,0.906250
26190.781250,0.843750
26191.656250,0.875000
26192.562500,0.906250
26193.484375,0.921875
26194.359375,0.875000
26195.218750,0.859375
26196.109375,0.890625
26197.031250,0.921875
26201.828125,0.937500
26202.796875,0.968750
26203.812500,1.015625
26204.812500,1.000000
26205.765625,0.953125
26206.734375,0.968750
26207.734375,1.000000
26208.718750,0.984375
26209.671875,0.953125
26210.656250,0.984375
26211.656250,1.000000
26216.375000,0.937500
26217.296875,0.921875
26218.281250,0.984375
26219.296875,1.015625
26220.250000,0.953125
26221.218750,0.968750
26222.234375,1.015625
26223.250000,1.015625
26224.171875,0.921875
26237.765625,0.875000
26238.687500,0.921875
26239.640625,0.953125
26240.593750,0.953125
26241.562500,0.968750
26242.468750,0.906250
26243.375000,0.906250
26244.312500,0.937500
26245.296875,0.984375
26246.234375,0.937500
26247.187500,0.953125
26248.156250,0.968750
26249.171875,1.015625
26259.906250,0.828125
26260.750000,0.843750
26261.609375,0.859375
26262.531250,0.921875
26290.187500,0.984375
26291.109375,0.921875
26292.031250,0.921875
26292.968750,0.937500
26293.906250,0.937500
26294.796875,0.890625
26295.703125,0.906250
26296.609375,0.906250
26297.531250,0.921875
26298.406250,0.875000
26299.281250,0.875000
26300.203125,0.921875
26301.109375,0.906250
26301.906250,0.796875
26305.906250,0.812500
26306.734375,0.828125
26307.546875,0.812500
26308.328125,0.781250
26309.140625,0.812500
26310.015625,0.875000
26310.937500,0.921875
26311.875000,0.937500
26319.500000,0.921875
26320.406250,0.906250
26321.312500,0.906250
26322.265625,0.953125
26323.234375,0.968750
26324.125000,0.890625
26325.046875,0.921875
26325.984375,0.937500
26326.906250,0.921875
26327.796875,0.890625
26328.718750,0.921875
26329.687500,0.968750
26330.593750,0.906250
26331.515625,0.921875
26332.453125,0.937500
26333.406250,0.953125
26334.265625,0.859375
26335.171875,0.906250
26336.046875,0.875000
26336.937500,0.890625
26337.812500,0.875000
26338.703125,0.890625
26339.625000,0.921875
26340.562500,0.937500
26341.453125,0.890625
26342.375000,0.921875
26343.328125,0.953125
26344.234375,0.906250
26345.140625,0.906250
26346.078125,0.937500
26347.031250,0.953125
26347.875000,0.843750
26348.734375,0.859375
26349.609375,0.875000
26350.500000,0.890625
26351.328125,0.828125
26352.187500,0.859375
26353.062500,0.875000
26353.906250,0.843750
26354.734375,0.828125
26355.593750,0.859375
26356.484375,0.890625
26357.343750,0.859375
26358.187500,0.843750
26359.015625,0.828125
26435.578125,0.984375
26436.578125,1.000000
26437.546875,0.968750
26438.484375,0.937500
26458.812500,0.875000
26567.328125,0.890625
26568.234375,0.906250
26569.156250,0.921875
26570.140625,0.984375
26571.015625,0.875000
26571.921875,0.906250
26572.890625,0.968750
26573.890625,1.000000
26574.859375,0.968750
26604.859375,0.937500
26605.828125,0.968750
26606.843750,1.015625
26607.843750,1.000000
26608.796875,0.953125
26620.906250,0.812500
26700.671875,0.921875
26701.625000,0.953125
26706.859375,0.859375
26707.687500,0.828125
26708.546875,0.859375
26709.468750,0.921875
26710.328125,0.859375
26711.171875,0.843750
26712.031250,0.859375
26729.968750,0.828125
26730.890625,0.921875
26732.015625,1.125000
26733.125000,1.109375
26767.531250,0.921875
26768.484375,0.953125
26769.437500,0.953125
26770.343750,0.906250
26771.265625,0.921875
26772.265625,1.000000
26773.250000,0.984375
26781.656250,1.437500
26782.859375,1.203125
26818.296875,1.031250
26819.234375,0.937500
26820.171875,0.937500
26821.140625,0.968750
26822.093750,0.953125
26823.000000,0.906250
26823.937500,0.937500
26824.906250,0.968750
26825.843750,0.937500
26826.828125,0.984375
26827.859375,1.031250
26828.906250,1.046875
26835.937500,1.093750
26836.968750,1.031250
26837.890625,0.921875
26839.125000,1.234375
26840.078125,0.953125
26841.031250,0.953125
26842.000000,0.968750
26843.000000,1.000000
26843.953125,0.953125
26859.062500,0.828125
26859.953125,0.890625
26868.750000,0.968750
26869.734375,0.984375
26870.656250,0.921875
26871.578125,0.921875
26964.703125,0.906250
26965.625000,0.921875
26966.546875,0.921875
26967.437500,0.890625
26972.890625,0.906250
26973.765625,0.875000
26974.656250,0.890625
26975.562500,0.906250
26976.390625,0.828125
26981.640625,1.015625
26982.671875,1.031250
26983.671875,1.000000
26984.578125,0.906250
26985.546875,0.968750
26986.531250,0.984375
26987.484375,0.953125
26988.421875,0.937500
26989.375000,0.953125
26990.328125,0.953125
26991.218750,0.890625
26992.218750,1.000000
26993.171875,0.953125
26994.062500,0.890625
26994.984375,0.921875
26995.921875,0.937500
26996.828125,0.906250
27041.765625,0.937500
27042.718750,0.953125
27049.609375,0.968750
27050.531250,0.921875
27051.468750,0.937500
27052.421875,0.953125
27053.531250,1.109375
27077.406250,0.968750
27078.343750,0.937500
27079.218750,0.875000
27080.125000,0.906250
27081.062500,0.937500
27137.265625,1.015625
27138.343750,1.078125
27139.437500,1.093750
27145.546875,1.015625
27146.546875,1.000000
27147.515625,0.968750
27148.515625,1.000000
27149.515625,1.000000
27150.453125,0.937500
27151.437500,0.984375
27152.453125,1.015625
27153.468750,1.015625
27190.359375,1.015625
27191.312500,0.953125
27192.296875,0.984375
27193.328125,1.031250
27194.375000,1.046875
27195.359375,0.984375
27196.359375,1.000000
27197.375000,1.015625
27198.421875,1.046875
27199.421875,1.000000
27200.500000,1.078125
27201.609375,1.109375
27202.687500,1.078125
27203.562500,0.875000
27204.343750,0.781250
27205.156250,0.812500
27206.000000,0.843750
27206.953125,0.953125
27207.937500,0.984375
27208.937500,1.000000
27220.890625,0.968750
27221.859375,0.968750
27222.843750,0.984375
27223.843750,1.000000
27229.921875,1.078125
27230.875000,0.953125
27231.843750,0.968750
27232.875000,1.031250
27233.671875,0.796875
27241.000000,1.015625
27241.984375,0.984375
27243.015625,1.031250
27244.078125,1.062500
27245.125000,1.046875
27246.125000,1.000000
27247.156250,1.031250
27248.218750,1.062500
27249.187500,0.968750
27250.187500,1.000000
27251.187500,1.000000
27252.156250,0.968750
27253.093750,0.937500
27259.234375,1.015625
27260.203125,0.968750
27261.203125,1.000000
27262.203125,1.000000
27263.093750,0.890625
27264.000000,0.906250
27264.953125,0.953125
27265.906250,0.953125
27266.906250,1.000000
27267.828125,0.921875
27268.718750,0.890625
27269.640625,0.921875
27270.609375,0.968750
27271.562500,0.953125
27272.546875,0.984375
27273.578125,1.031250
27274.687500,1.109375
27275.656250,0.968750
27276.640625,0.984375
27277.656250,1.015625
27278.671875,1.015625
27279.578125,0.906250
27280.515625,0.937500
27281.562500,1.046875
27282.734375,1.171875
27283.765625,1.031250
27289.906250,0.984375
27290.843750,0.937500
27291.859375,1.015625
27292.875000,1.015625
27293.859375,0.984375
27306.015625,0.812500
27316.359375,1.140625
27317.390625,1.031250
27318.390625,1.000000
27319.437500,1.046875
27320.453125,1.015625
27321.453125,1.000000
27322.375000,0.921875
27323.359375,0.984375
27324.421875,1.062500
27325.359375,0.937500
27331.406250,0.984375
27332.343750,0.937500
27338.328125,1.015625
27339.218750,0.890625
27340.234375,1.015625
27341.234375,1.000000
27342.203125,0.968750
27343.125000,0.921875
27344.093750,0.968750
27345.062500,0.968750
27346.000000,0.937500
27346.890625,0.890625
27347.859375,0.968750
27348.828125,0.968750
27349.781250,0.953125
27350.687500,0.906250
27351.656250,0.968750
27352.656250,1.000000
27353.421875,0.765625
27354.500000,1.078125
27355.484375,0.984375
27356.500000,1.015625
27357.390625,0.890625
27358.375000,0.984375
27359.390625,1.015625
27367.437500,0.937500
27368.421875,0.984375
27369.359375,0.937500
27370.281250,0.921875
27371.281250,1.000000
27398.656250,0.968750
27399.546875,0.890625
27426.531250,0.828125
27427.421875,0.890625
27438.734375,0.843750
27439.562500,0.828125
27440.390625,0.828125
27441.250000,0.859375
27442.156250,0.906250
27443.031250,0.875000
27443.984375,0.953125
27482.593750,0.859375
27483.703125,1.109375
27484.671875,0.968750
27569.234375,0.953125
27570.125000,0.890625
27578.187500,0.921875
27579.093750,0.906250
27580.031250,0.937500
27580.984375,0.953125
27581.953125,0.968750
27582.937500,0.984375
27583.906250,0.968750
27584.890625,0.984375
27585.890625,1.000000
27586.906250,1.015625
27587.890625,0.984375
27588.875000,0.984375
27589.921875,1.046875
27590.953125,1.031250
27591.937500,0.984375
27592.890625,0.953125
27593.734375,0.843750
27594.765625,1.031250
27604.281250,1.265625
27605.359375,1.078125
27606.359375,1.000000
27607.359375,1.000000
27608.390625,1.031250
27609.406250,1.015625
27610.343750,0.937500
27611.312500,0.968750
27612.328125,1.015625
27613.562500,1.234375
27631.890625,1.031250
27632.843750,0.953125
27633.765625,0.921875
27634.828125,1.062500
27635.890625,1.062500
27663.906250,0.984375
27664.921875,1.015625
27665.984375,1.062500
27667.015625,1.031250
27668.015625,1.000000
27673.921875,1.015625
27675.125000,1.203125
27694.312500,1.109375
27695.250000,0.937500
27736.468750,0.984375
27737.437500,0.968750
27738.421875,0.984375
27739.390625,0.968750
27740.406250,1.015625
27741.359375,0.953125
27742.281250,0.921875
27743.500000,1.218750
27748.453125,1.125000
27749.421875,0.968750
27760.156250,0.984375
27761.078125,0.921875
27777.453125,0.890625
27778.359375,0.906250
27779.343750,0.984375
27780.265625,0.921875
27781.234375,0.968750
27782.234375,1.000000
27787.156250,0.890625
27788.265625,1.109375
27789.312500,1.046875
27790.406250,1.093750
27791.437500,1.031250
27792.453125,1.015625
27800.500000,1.015625
27818.421875,0.921875
27819.406250,0.984375
27820.421875,1.015625
27825.046875,0.859375
27825.968750,0.921875
27837.734375,0.890625
27838.406250,0.671875
27843.234375,0.906250
27856.906250,1.000000
27857.890625,0.984375
27858.796875,0.906250
27864.453125,0.937500
27865.375000,0.921875
27866.250000,0.875000
27867.062500,0.812500
27887.343750,1.078125
27894.218750,1.000000
27895.125000,0.906250
27896.031250,0.906250
27903.656250,0.937500
27904.765625,1.109375
27906.093750,1.328125
27907.562500,1.468750
27917.328125,1.046875
27918.359375,1.031250
27919.359375,1.000000
27920.312500,0.953125
27921.312500,1.000000
27922.390625,1.078125
27923.453125,1.062500
27924.468750,1.015625
27925.515625,1.046875
27926.562500,1.046875
27927.578125,1.015625
27928.500000,0.921875
27929.453125,0.953125
27930.437500,0.984375
27931.437500,1.000000
27932.375000,0.937500
27933.375000,1.000000
27934.421875,1.046875
27935.484375,1.062500
27936.437500,0.953125
27947.437500,1.015625
27948.375000,0.937500
27949.359375,0.984375
27950.359375,1.000000
27951.328125,0.968750
27952.281250,0.953125
27953.281250,1.000000
27954.312500,1.031250
27955.312500,1.000000
27956.328125,1.015625
27957.375000,1.046875
27958.406250,1.031250
27959.359375,0.953125
27960.312500,0.953125
27961.296875,0.984375
27962.250000,0.953125
27963.125000,0.875000
27964.046875,0.921875
27965.171875,1.125000
27966.140625,0.968750
27967.093750,0.953125
27968.078125,0.984375
27969.109375,1.031250
27970.109375,1.000000
27971.046875,0.937500
27972.000000,0.953125
27972.953125,0.953125
27973.906250,0.953125
27974.796875,0.890625
27975.734375,0.937500
27976.703125,0.968750
27977.656250,0.953125
27978.562500,0.906250
27979.484375,0.921875
27986.031250,0.906250
27986.968750,0.937500
27998.750000,1.015625
27999.765625,1.015625
28000.718750,0.953125
28001.687500,0.968750
28002.734375,1.046875
28003.718750,0.984375
28025.218750,0.953125
28026.093750,0.875000
28027.000000,0.906250
28027.937500,0.937500
28028.859375,0.921875
28029.718750,0.859375
28030.578125,0.859375
28031.453125,0.875000
28073.921875,0.953125
28074.828125,0.906250
28075.750000,0.921875
28076.718750,0.968750
28077.656250,0.937500
28078.468750,0.812500
28079.218750,0.750000
28079.937500,0.718750
28080.750000,0.812500
28086.781250,1.031250
28087.781250,1.000000
28088.765625,0.984375
28089.765625,1.000000
28090.781250,1.015625
28091.796875,1.015625
28092.781250,0.984375
28093.718750,0.937500
28094.703125,0.984375
28095.718750,1.015625
28096.765625,1.046875
28097.750000,0.984375
28098.750000,1.000000
28099.750000,1.000000
28100.734375,0.984375
28101.671875,0.937500
28102.640625,0.968750
28103.640625,1.000000
28110.093750,0.921875
28110.984375,0.890625
28111.843750,0.859375
28112.750000,0.906250
28113.578125,0.828125
28120.406250,0.796875
28121.328125,0.921875
28122.171875,0.843750
28123.062500,0.890625
28124.031250,0.968750
28124.921875,0.890625
28125.796875,0.875000
28153.078125,0.937500
28154.000000,0.921875
28172.687500,0.968750
28237.390625,0.953125
28238.390625,1.000000
28239.328125,0.937500
28342.625000,0.890625
28343.328125,0.703125
28383.187500,0.921875
28480.000000,0.937500
28523.296875,0.937500
28524.265625,0.968750
28525.203125,0.937500
28548.421875,1.000000
28549.421875,1.000000
28550.375000,0.953125
28551.375000,1.000000
28559.015625,1.015625
28560.062500,1.046875
28575.156250,0.937500
28576.062500,0.906250
28576.953125,0.890625
28577.859375,0.906250
28584.140625,1.000000
28585.125000,0.984375
28586.109375,0.984375
28587.062500,0.953125
28588.046875,0.984375
28589.062500,1.015625
28595.671875,0.968750
28596.640625,0.968750
28597.562500,0.921875
28598.484375,0.921875
28599.421875,0.937500
28600.375000,0.953125
28601.296875,0.921875
28602.218750,0.921875
28603.187500,0.968750
28604.203125,1.015625
28605.187500,0.984375
28617.296875,0.937500
28618.250000,0.953125
28619.203125,0.953125
28620.078125,0.875000
28620.984375,0.906250
28621.921875,0.937500
28622.828125,0.906250
28627.843750,0.984375
28628.828125,0.984375
28629.750000,0.921875
28630.640625,0.890625
28631.562500,0.921875
28632.515625,0.953125
28633.375000,0.859375
28634.312500,0.937500
28635.250000,0.937500
28646.296875,0.921875
28647.156250,0.859375
28648.046875,0.890625
28654.375000,0.828125
28659.843750,0.890625
28660.734375,0.890625
28661.593750,0.859375
28662.437500,0.843750
28663.265625,0.828125
28664.109375,0.843750
28665.015625,0.906250
28665.843750,0.828125
28670.468750,0.937500
28688.640625,0.953125
28689.640625,1.000000
28690.625000,0.984375
28691.546875,0.921875
28692.500000,0.953125
28693.500000,1.000000
28694.453125,0.953125
28695.406250,0.953125
28696.390625,0.984375
28697.375000,0.984375
28698.312500,0.937500
28699.265625,0.953125
28700.250000,0.984375
28728.265625,0.984375
28738.859375,0.890625
28739.828125,0.968750
28740.828125,1.000000
28741.843750,1.015625
28742.718750,0.875000
28743.578125,0.859375
28744.468750,0.890625
28745.390625,0.921875
28746.359375,0.968750
28747.453125,1.093750
28748.437500,0.984375
28749.484375,1.046875
28750.500000,1.015625
28751.453125,0.953125
28752.437500,0.984375
28753.453125,1.015625
28754.453125,1.000000
28755.390625,0.937500
28756.359375,0.968750
28757.390625,1.031250
28758.421875,1.031250
28759.375000,0.953125
28760.359375,0.984375
28761.390625,1.031250
28762.406250,1.015625
28763.343750,0.937500
28764.312500,0.968750
28765.328125,1.015625
28766.343750,1.015625
28767.296875,0.953125
28781.953125,0.968750
28782.984375,1.031250
28784.031250,1.046875
28785.062500,1.031250
28786.046875,0.984375
28787.062500,1.015625
28788.062500,1.000000
28789.031250,0.968750
28797.640625,0.828125
28798.468750,0.828125
28799.296875,0.828125
28800.171875,0.875000
28809.781250,0.890625
28810.656250,0.875000
28811.468750,0.812500
28820.859375,0.765625
28821.687500,0.828125
28822.546875,0.859375
28823.546875,1.000000
28824.593750,1.046875
28832.265625,0.937500
28833.234375,0.968750
28834.218750,0.984375
28835.125000,0.906250
28836.109375,0.984375
28837.062500,0.953125
28838.062500,1.000000
28838.968750,0.906250
28839.906250,0.937500
28840.859375,0.953125
28841.859375,1.000000
28842.796875,0.937500
28843.687500,0.890625
28849.609375,0.937500
28850.578125,0.968750
28856.468750,0.984375
28857.421875,0.953125
28858.390625,0.968750
28859.406250,1.015625
28860.343750,0.937500
28861.265625,0.921875
28862.187500,0.921875
28869.984375,0.953125
28870.906250,0.921875
28878.781250,0.656250
28879.718750,0.937500
28890.796875,0.890625
28915.921875,0.812500
28917.062500,1.140625
28918.109375,1.046875
28919.140625,1.031250
28920.203125,1.062500
28921.281250,1.078125
28922.375000,1.093750
28923.390625,1.015625
28924.421875,1.031250
28925.500000,1.078125
28926.500000,1.000000
28980.421875,0.984375
28995.125000,0.906250
28996.046875,0.921875
28996.984375,0.937500
28997.875000,0.890625
28998.781250,0.906250
28999.703125,0.921875
29000.593750,0.890625
29001.453125,0.859375
29007.609375,0.921875
29008.562500,0.953125
29009.484375,0.921875
29010.390625,0.906250
29011.359375,0.968750
29012.390625,1.031250
29013.375000,0.984375
29014.328125,0.953125
29015.328125,1.000000
29016.359375,1.031250
29017.156250,0.796875
29018.234375,1.078125
29019.203125,0.968750
29020.187500,0.984375
29021.093750,0.906250
29021.984375,0.890625
29022.875000,0.890625
29023.796875,0.921875
29024.750000,0.953125
29025.656250,0.906250
29026.609375,0.953125
29027.609375,1.000000
29028.843750,1.234375
29035.796875,0.890625
29044.125000,0.921875
29045.078125,0.953125
29046.062500,0.984375
29047.000000,0.937500
29047.921875,0.921875
29048.828125,0.906250
29049.781250,0.953125
29050.687500,0.906250
29051.640625,0.953125
29052.578125,0.937500
29053.515625,0.937500
29054.406250,0.890625
29055.375000,0.968750
29056.406250,1.031250
29057.375000,0.968750
29058.328125,0.953125
29059.375000,1.046875
29067.890625,0.921875
29068.828125,0.937500
29069.796875,0.968750
29070.765625,0.968750
29082.734375,0.968750
29083.609375,0.875000
29102.125000,0.875000
29103.046875,0.921875
29106.921875,0.968750
29108.062500,1.140625
29108.953125,0.890625
29109.859375,0.906250
29110.781250,0.921875
29111.734375,0.953125
29112.671875,0.937500
29113.625000,0.953125
29114.609375,0.984375
29115.609375,1.000000
29116.531250,0.921875
29117.500000,0.968750
29118.468750,0.968750
29128.812500,0.968750
29129.812500,1.000000
29136.546875,0.968750
29137.515625,0.968750
29138.500000,0.984375
29139.359375,0.859375
29140.453125,1.093750
29141.390625,0.937500
29142.390625,1.000000
29149.093750,1.000000
29190.453125,0.968750
29191.468750,1.015625
29192.468750,1.000000
29193.437500,0.968750
29194.421875,0.984375
29195.437500,1.015625
29196.328125,0.890625
29197.265625,0.937500
29198.203125,0.937500
29214.703125,0.953125
29215.640625,0.937500
29216.406250,0.765625
29217.484375,1.078125
29226.937500,0.937500
29227.875000,0.937500
29232.437500,0.921875
29233.343750,0.906250
29234.296875,0.953125
29235.265625,0.968750
29236.265625,1.000000
29237.250000,0.984375
29238.187500,0.937500
29239.171875,0.984375
29240.187500,1.015625
29241.187500,1.000000
29242.125000,0.937500
29243.093750,0.968750
29260.531250,0.984375
29261.578125,1.046875
29262.718750,1.140625
29263.843750,1.125000
29264.890625,1.046875
29265.953125,1.062500
29267.031250,1.078125
29268.046875,1.015625
29269.015625,0.968750
29270.000000,0.984375
29270.984375,0.984375
29271.921875,0.937500
29272.859375,0.937500
29273.843750,0.984375
29274.875000,1.031250
29275.843750,0.968750
29284.031250,0.859375
29284.937500,0.906250
29285.843750,0.906250
29286.687500,0.843750
29287.578125,0.890625
29288.687500,1.109375
29289.671875,0.984375
29290.546875,0.875000
29291.406250,0.859375
29292.109375,0.703125
29293.109375,1.000000
29308.140625,0.906250
29309.093750,0.953125
29310.062500,0.968750
29311.031250,0.968750
29312.062500,1.031250
29313.187500,1.125000
29314.265625,1.078125
29315.343750,1.078125
29316.437500,1.093750
29317.484375,1.046875
29318.453125,0.968750
29319.453125,1.000000
29320.468750,1.015625
29321.421875,0.953125
29322.343750,0.921875
29323.281250,0.937500
29324.312500,1.031250
29325.250000,0.937500
29326.203125,0.953125
29333.828125,0.921875
29334.781250,0.953125
29340.968750,0.875000
29341.828125,0.859375
29342.671875,0.843750
29343.515625,0.843750
29350.234375,0.890625
29351.171875,0.937500
29352.062500,0.890625
29353.000000,0.937500
29353.906250,0.906250
29354.875000,0.968750
29355.843750,0.968750
29356.781250,0.937500
29357.703125,0.921875
29358.625000,0.921875
29359.531250,0.906250
29360.390625,0.859375
29364.859375,0.921875
29365.812500,0.953125
29366.812500,1.000000
29367.781250,0.968750
29368.734375,0.953125
29369.687500,0.953125
29370.671875,0.984375
29371.609375,0.937500
29372.562500,0.953125
29373.515625,0.953125
29374.500000,0.984375
29375.437500,0.937500
29376.406250,0.968750
29377.421875,1.015625
29378.453125,1.031250
29379.437500,0.984375
29380.453125,1.015625
29381.468750,1.015625
29394.328125,0.890625
29402.421875,0.937500
29403.390625,0.968750
29404.281250,0.890625
29405.203125,0.921875
29406.140625,0.937500
29407.125000,0.984375
29412.843750,0.984375
29413.812500,0.968750
29414.703125,0.890625
29415.562500,0.859375
29420.734375,0.906250
29421.687500,0.953125
29422.578125,0.890625
29423.437500,0.859375
29424.265625,0.828125
29425.046875,0.781250
29425.796875,0.750000
29426.640625,0.843750
29443.750000,0.968750
29444.734375,0.984375
29445.734375,1.000000
29458.421875,0.859375
29459.375000,0.953125
29460.390625,1.015625
29461.359375,0.968750
29462.296875,0.937500
29463.265625,0.968750
29464.250000,0.984375
29465.281250,1.031250
29466.218750,0.937500
29467.187500,0.968750
29474.562500,1.015625
29480.718750,1.015625
29481.640625,0.921875
29521.671875,0.968750
29532.578125,0.984375
29533.500000,0.921875
29534.453125,0.953125
29535.421875,0.968750
29536.390625,0.968750
29537.296875,0.906250
29538.046875,0.750000
29564.593750,0.968750
29565.578125,0.984375
29566.515625,0.937500
29567.437500,0.921875
29568.421875,0.984375
29569.375000,0.953125
29570.296875,0.921875
29571.203125,0.906250
29572.093750,0.890625
29573.000000,0.906250
29592.406250,0.968750
29593.375000,0.968750
29601.250000,0.968750
29602.093750,0.843750
29602.859375,0.765625
29639.843750,0.984375
29640.859375,1.015625
29641.843750,0.984375
29642.781250,0.937500
29654.562500,0.906250
29655.437500,0.875000
29656.296875,0.859375
29657.187500,0.890625
29670.796875,0.921875
29671.703125,0.906250
29672.578125,0.875000
29673.468750,0.890625
29674.390625,0.921875
29675.375000,0.984375
29676.343750,0.968750
29677.328125,0.984375
29678.281250,0.953125
29679.281250,1.000000
29680.218750,0.937500
29681.171875,0.953125
29682.171875,1.000000
29683.140625,0.968750
29684.093750,0.953125
29685.062500,0.968750
29686.031250,0.968750
29687.000000,0.968750
29687.890625,0.890625
29688.828125,0.937500
29689.765625,0.937500
29690.687500,0.921875
29691.625000,0.937500
29692.593750,0.968750
29693.578125,0.984375
29694.515625,0.937500
29695.468750,0.953125
29696.437500,0.968750
29697.390625,0.953125
29698.312500,0.921875
29699.234375,0.921875
29700.171875,0.937500
29701.062500,0.890625
29701.953125,0.890625
29702.843750,0.890625
29745.375000,0.875000
29804.937500,0.937500
29805.828125,0.890625
29806.750000,0.921875
29807.656250,0.906250
29808.546875,0.890625
29809.390625,0.843750
29810.250000,0.859375
29811.140625,0.890625
29812.062500,0.921875
29812.921875,0.859375
29813.796875,0.875000
29814.718750,0.921875
29815.656250,0.937500
29816.562500,0.906250
29817.484375,0.921875
29818.421875,0.937500
29819.359375,0.937500
29820.281250,0.921875
29821.203125,0.921875
29822.156250,0.953125
29823.125000,0.968750
29824.031250,0.906250
29843.859375,0.781250
29866.953125,0.875000
29910.437500,0.812500
29911.390625,0.953125
29912.328125,0.937500
29924.796875,0.937500
29925.734375,0.937500
29926.640625,0.906250
29927.546875,0.906250
29928.500000,0.953125
29929.453125,0.953125
29930.359375,0.906250
29939.703125,0.921875
29940.609375,0.906250
29941.484375,0.875000
29942.375000,0.890625
29943.265625,0.890625
29944.062500,0.796875
29944.953125,0.890625
29954.968750,0.953125
29967.921875,0.937500
29968.890625,0.968750
29969.781250,0.890625
29970.718750,0.937500
29971.640625,0.921875
29972.578125,0.937500
29973.546875,0.968750
29984.906250,0.968750
29985.671875,0.765625
30016.515625,1.046875
30017.375000,0.859375
30018.343750,0.968750
30019.234375,0.890625
30020.125000,0.890625
30021.000000,0.875000
30021.875000,0.875000
30022.562500,0.687500
30029.406250,1.109375
30039.468750,0.953125
30040.375000,0.906250
30041.281250,0.906250
30052.187500,0.859375
30053.140625,0.953125
30054.046875,0.906250
30054.968750,0.921875
30062.562500,0.890625
30063.421875,0.859375
30064.312500,0.890625
30065.187500,0.875000
30066.093750,0.906250
30067.000000,0.906250
30110.000000,0.875000
30110.843750,0.843750
30111.640625,0.796875
30112.453125,0.812500
30113.296875,0.843750
30114.203125,0.906250
30115.046875,0.843750
30115.906250,0.859375
30116.781250,0.875000
30117.656250,0.875000
30122.031250,0.859375
30122.890625,0.859375
30123.765625,0.875000
30124.640625,0.875000
30125.468750,0.828125
30126.343750,0.875000
30127.281250,0.937500
30138.515625,0.937500
30139.484375,0.968750
30140.437500,0.953125
30187.781250,0.953125
30188.750000,0.968750
30189.750000,1.000000
30190.906250,1.156250
30191.859375,0.953125
30192.843750,0.984375
30193.828125,0.984375
30194.750000,0.921875
30195.718750,0.968750
30196.593750,0.875000
30197.500000,0.906250
30206.218750,0.968750
30207.203125,0.984375
30208.171875,0.968750
30223.062500,1.046875
30224.031250,0.968750
30225.062500,1.031250
30226.140625,1.078125
30227.218750,1.078125
30228.218750,1.000000
30229.281250,1.062500
30230.375000,1.093750
30231.375000,1.000000
30232.312500,0.937500
30285.656250,0.765625
30286.296875,0.640625
30286.921875,0.625000
30287.578125,0.656250
30288.281250,0.703125
30294.296875,0.921875
30295.375000,1.078125
30307.265625,0.812500
30308.140625,0.875000
30309.125000,0.984375
30310.187500,1.062500
30311.203125,1.015625
30312.203125,1.000000
30313.187500,0.984375
30314.140625,0.953125
30315.062500,0.921875
30315.968750,0.906250
30316.890625,0.921875
30317.781250,0.890625
30318.750000,0.968750
30319.765625,1.015625
30320.718750,0.953125
30321.703125,0.984375
30322.562500,0.859375
30323.390625,0.828125
30324.265625,0.875000
30325.171875,0.906250
30326.093750,0.921875
30327.078125,0.984375
30334.531250,0.796875
30335.453125,0.921875
30336.453125,1.000000
30337.453125,1.000000
30338.406250,0.953125
30339.359375,0.953125
30340.250000,0.890625
30341.093750,0.843750
30341.984375,0.890625
30342.859375,0.875000
30343.828125,0.968750
30344.937500,1.109375
30345.984375,1.046875
30347.140625,1.156250
30348.218750,1.078125
30349.234375,1.015625
30350.187500,0.953125
30351.187500,1.000000
30352.109375,0.921875
30353.031250,0.921875
30353.953125,0.921875
30354.828125,0.875000
30355.734375,0.906250
30356.671875,0.937500
30357.640625,0.968750
30358.609375,0.968750
30359.546875,0.937500
30360.468750,0.921875
30361.296875,0.828125
30362.125000,0.828125
30362.843750,0.718750
30363.671875,0.828125
30364.421875,0.750000
30374.296875,0.781250
30375.093750,0.796875
30375.812500,0.718750
30376.515625,0.703125
30377.250000,0.734375
30377.953125,0.703125
30378.656250,0.703125
30379.437500,0.781250
30380.265625,0.828125
30381.140625,0.875000
30381.984375,0.843750
30382.687500,0.703125
30383.656250,0.968750
30387.468750,0.796875
30388.359375,0.890625
30389.296875,0.937500
30390.234375,0.937500
30391.171875,0.937500
30392.093750,0.921875
30393.031250,0.937500
30394.078125,1.046875
30395.015625,0.937500
