UNIX,bpm,ibi,sdnn,sdsd,rmssd,pnn20,pnn50,hr_mad,sd1,sd2,s,sd1/sd2,breathingrate,vlf,lf,hf,lf/hf,p_total,vlf_perc,lf_perc,hf_perc,lf_nu,hf_nu,segment_indices,start,end
1677657549.0,82.52844500632112,727.0220588235294,131.69868674597402,121.0416906771749,160.06670892145266,0.7252747252747253,0.5164835164835165,101.5625,112.39354705130943,132.20250700564213,46680.01006685778,0.8501619946323159,0.16666666666666666,884.8854413326014,2458.6957670745305,8157.305013694769,0.30141030192530327,11500.8862221019,7.694063085608717,21.378315719266194,70.92762119512508,23.160282462755795,76.83971753724418,"0, 15360",0,15360
1677657579.0,83.87218551975191,715.3742283950618,145.65464349966922,136.47579116315532,187.02539531391068,0.7631578947368421,0.5789473684210527,93.75,131.63607957608474,143.7972384332661,59466.90801269422,0.9154284255408344,0.0,1501.3329607809983,3403.2036657989474,5482.654772268557,0.6207218596021147,10387.191398848503,14.453694970398178,32.763463530442095,52.78284149915972,38.29909838783202,61.70090161216797,"1920, 17280",1920,17280
1677657609.0,82.81498297389331,724.5065789473684,138.59652918019412,129.03376572829382,175.60017534213534,0.7452830188679245,0.5377358490566038,93.75,123.82882666860831,132.4669314037171,51532.250175359506,0.9347904820956214,0.16666666666666666,1423.5623716999503,2510.5528828286997,4857.832327171049,0.5168051743545287,8791.947581699698,16.19166127267493,28.5551393419858,55.25319938533927,34.07195486226195,65.92804513773805,"3840, 19200",3840,19200
1677657639.0,83.02397411384027,722.6828231292517,135.06270217469597,126.30181486225761,171.23460240996852,0.73,0.53,93.75,120.63491701462308,132.78014311729748,50321.784655146665,0.9085313073360273,0.16666666666666666,1111.360390093269,1557.4137901704182,5192.6991708965725,0.2999237465746576,7861.47335116026,14.13679523481747,19.810711308212504,66.05249345697001,23.07241077524483,76.92758922475517,"5760, 21120",5760,21120
1677657669.0,85.14759896612706,704.6587423312883,144.03161935396346,137.70607038738538,193.2273848317873,0.7521367521367521,0.5811965811965812,109.375,135.58277418287528,144.00343650368325,61337.66577945246,0.9415245738208992,0.16666666666666666,884.977537245346,1623.1363854432318,5840.4654434179465,0.27791216319453865,8348.579366106525,10.600336876932241,19.44206689862498,69.95759622444277,21.747360358462416,78.25263964153758,"7680, 23040",7680,23040
1677657699.0,84.49207029575653,710.1258116883117,150.77714637390955,149.4215337596062,201.68641957404154,0.7064220183486238,0.5321100917431193,93.75,141.26568682431625,152.14915160570675,67523.67844744527,0.9284684491071307,0.2,845.1205690928767,2046.769586035283,6763.571112682446,0.3026167023212579,9655.461267810606,8.752772608703236,21.198050815643654,70.04917657565312,23.2314465016452,76.7685534983548,"9600, 24960",9600,24960
1677657729.0,84.92721164613661,706.4873417721519,148.1831991831362,147.7046023254626,205.62919148846993,0.7706422018348624,0.5779816513761468,93.75,144.35277597922246,151.74811114376996,68817.40732538473,0.951265718506763,0.16666666666666666,1232.3657857511384,3421.024636513889,7028.188417561445,0.48675767256975083,11681.578839826472,10.549650887511751,29.285635815344186,60.16471329714406,32.739543339865605,67.26045666013438,"11520, 26880",11520,26880
1677657759.0,86.4381344710902,694.1380718954248,158.17535989470156,149.12210548322471,219.86323874172325,0.85,0.63,125.0,153.2646047282281,158.14537912155384,76146.20240436317,0.9691374201355939,0.2,987.7627449248905,5841.433774954886,6584.202094588186,0.8871893193795175,13413.398614467962,7.3640005289894965,43.549244623612374,49.08675484739813,47.011145637005484,52.98885436299452,"13440, 28800",13440,28800
1677657789.0,84.8104873183243,707.4596774193549,151.52675089565116,141.57261973764307,213.0010942362347,0.8796296296296297,0.6666666666666666,109.375,149.7224588749876,155.77210653991636,73270.05483526347,0.9611634727211027,0.16666666666666666,707.0415589195368,5131.462838574331,5617.082736244924,0.9135458884133805,11455.58713373879,6.172023752821631,44.79441148381857,49.03356476335981,47.740997168918085,52.25900283108191,"15360, 30720",15360,30720
1677657819.0,86.10103806228373,696.8557098765432,153.402485771934,138.20292772464418,204.27450093674085,0.8727272727272727,0.6363636363636364,109.375,142.66501954864435,156.4236186752754,70108.34279678199,0.9120427001807639,0.16666666666666666,377.4544255129633,3714.9536849147653,7780.126207579641,0.4774927277266456,11872.534318007369,3.1792237057632153,31.290317512750438,65.53045878148636,32.31777177416928,67.68222822583073,"17280, 32640",17280,32640
1677657849.0,82.23733938019652,729.5955882352941,143.9760756104409,131.71236684469764,182.45480411421028,0.7983870967741935,0.5403225806451613,109.375,128.16438757638463,162.57599354704732,65459.646564507595,0.7883352565167967,0.2,234.52946031617503,2268.55919170021,8193.802783605528,0.2768628012672247,10696.891435621914,2.1925010805958465,21.207649019841774,76.59984989956236,21.683050128208897,78.3169498717911,"19200, 34560",19200,34560
1677657879.0,80.58434782608695,744.5614640883978,146.18419956862448,122.85890664295707,166.7583460144801,0.746268656716418,0.48507462686567165,109.375,116.44745140599456,162.42700289003287,59420.74483711593,0.7169217515195573,0.16666666666666666,697.7039394219591,3265.518072209262,6691.020501723371,0.48804484627840844,10654.242513354591,6.548602010395578,30.649931875645674,62.80146611395875,32.79772430911647,67.20227569088351,"21120, 36480",21120,36480
1677657909.0,78.37643511538907,765.5362215909091,141.21067628829445,116.37693516922064,155.69514356120672,0.7313432835820896,0.47761194029850745,109.375,109.62498507095857,154.4846293495992,53204.05027057178,0.7096174262287084,0.13333333333333333,1491.5604547177966,2856.404371146595,5920.646874086047,0.4824480216255981,10268.61169995044,14.52543438491296,27.81685055985106,57.657715055235975,32.54400927302418,67.45599072697583,"23040, 38400",23040,38400
1677657939.0,77.61139182361048,773.0823863636364,141.61734135690605,106.41144034018704,146.2849810858513,0.75,0.48484848484848486,101.5625,103.37934749049377,155.44353256140548,50484.297426241035,0.6650604614228991,0.16666666666666666,1979.5749280906691,3162.027947788063,5440.836587801031,0.5811657631618061,10582.439463679762,18.706224919923372,29.879953092484328,51.41382198759231,36.755524101386285,63.24447589861371,"24960, 40320",24960,40320
1677657969.0,73.68354828562441,814.2930327868852,124.50052920294408,95.52326127861848,127.66554499672316,0.7172413793103448,0.4413793103448276,93.75,90.2267248833448,129.481208953489,36702.175850937325,0.6968325798977919,0.0,962.2001167674011,5043.147097242851,2355.299178577382,2.1411917191296896,8360.646392587634,11.508680927116671,60.32006211522107,28.17125695766225,68.16494854771031,31.8350514522897,"26880, 42240",26880,42240
1677657999.0,72.15502055196711,831.54296875,115.78376111779387,84.1650608760059,110.14441857934696,0.6666666666666666,0.4025157232704403,78.125,77.86448891998317,126.57595109611164,30962.820099055418,0.615160212075824,0.13333333333333333,452.7699600384366,3922.205803545452,2514.511045484433,1.5598284249293564,6889.486809068321,6.571896754958234,56.930304277276925,36.497798967764844,60.93488179671272,39.065118203287284,"28800, 44160",28800,44160
1677658029.0,71.91807362302795,834.2826354679803,115.59479507038651,80.54769712548497,102.8028055057494,0.6470588235294118,0.34705882352941175,78.125,72.64835771679081,127.46456942603344,29091.435854846368,0.569949422368292,0.13333333333333333,489.95974292778794,3556.0541844236927,2078.3804109093585,1.7109736820834471,6124.3943382608395,8.000133823305099,58.06376905236175,33.93609712433314,63.11288425229284,36.88711574770717,"30720, 46080",30720,46080
1677658059.0,70.69963177275118,848.6607142857143,108.4208870755617,75.46084538783828,97.5435295590629,0.6132596685082873,0.34806629834254144,62.5,68.97325903594427,123.86500839112658,26839.798825216752,0.5568421617358511,0.13333333333333333,745.2916219973454,3531.1823125136893,2222.2366114010947,1.5890217515079637,6498.710545912129,11.468300007086093,54.33666090475289,34.19503908816101,61.37537278636015,38.624627213639855,"32640, 48000",32640,48000
1677658089.0,70.3796521413877,852.5191326530612,108.19715483811963,81.3687890518153,106.32665946163237,0.6503067484662577,0.38650306748466257,62.5,75.14897242023292,118.60368248242118,28000.842105994903,0.6336141580711131,0.13333333333333333,343.37928403812737,5248.997224904152,1694.0224793695165,3.098540479142715,7286.398988311796,4.712606111591561,72.03828987850012,23.249104009908315,75.60107054965165,24.39892945034834,"34560, 49920",34560,49920
1677658119.0,69.97564276048715,857.4412128712871,101.90349944626671,84.55088078105442,111.62985588212817,0.6764705882352942,0.40588235294117647,46.875,78.8279630437275,111.62359346445258,27643.063826623948,0.7061944576155478,0.0,269.73867089869464,5849.442296640216,2003.0312275144834,2.920295108877887,8122.212195053394,3.321000048028435,72.01784632273774,24.661153629233837,74.49171625535529,25.508283744644714,"36480, 51840",36480,51840
1677658149.0,70.34744156664561,852.9094827586207,102.15575699776615,81.08477552746857,106.84441211750521,0.6647058823529411,0.3764705882352941,46.875,75.53293501158352,116.1817241284708,27569.192786750424,0.6501275099693056,0.13333333333333333,371.36983119373286,5615.776220350428,2479.373563313986,2.264998023470193,8466.519614858147,4.386334032014819,66.32921762202187,29.284448345963312,69.37211009588444,30.627889904115563,"38400, 53760",38400,53760
1677658179.0,70.3542139242715,852.827380952381,100.43805079700866,79.3896010526869,105.7625152661219,0.6555555555555556,0.39444444444444443,46.875,74.78516503483958,116.11876020936408,27281.46696921684,0.6440403333621602,0.13333333333333333,336.230276275571,3714.529013292035,3461.9987863040674,1.0729434764642312,7512.758075871674,4.475457253913498,49.442947260897306,46.08159548518919,51.759417883131306,48.24058211686869,"40320, 55680",40320,55680
1677658209.0,70.88698784331383,846.4176829268292,99.8583242197296,75.97684428394574,101.2753495603517,0.64,0.38857142857142857,62.5,71.5188046129499,117.68121338894274,26440.962320972518,0.6077334058119915,0.13333333333333333,202.81729836447357,2541.570001270913,4174.431955904683,0.6088421198663674,6918.819255540069,2.931385990493577,36.73415806079651,60.33445594870992,37.84349703107839,62.156502968921615,"42240, 57600",42240,57600
1677658239.0,72.18962855326492,831.1443236714975,103.07552687288235,78.72397581153339,104.37804074912022,0.6306818181818182,0.39204545454545453,62.5,73.60870544044164,124.80261484985006,28860.425998126942,0.5898009871748298,0.13333333333333333,193.79555136259802,3190.1454998755125,3388.8813263919396,0.9413565104895496,6772.82237763005,2.861370645163901,47.10215803698384,50.03647131785226,48.48962596015756,51.51037403984244,"44160, 59520",44160,59520
1677658269.0,71.42340480495996,840.0607638888889,101.72350982289996,80.01407749787943,103.30385761753092,0.5721925133689839,0.3689839572192513,62.5,72.92968192337128,122.94522968570209,28168.63969407769,0.5931883824188149,0.13333333333333333,1233.5911283922437,4288.525205209782,2372.577174489147,1.807538760518156,7894.693508091173,15.625573394685324,54.321617435997055,30.052809169317626,64.38161374429463,35.618386255705374,"46080, 61440",46080,61440
1677658299.0,70.68465767116442,848.8404977375566,101.90614171708081,78.96064428347042,101.45303519047114,0.5538461538461539,0.3641025641025641,62.5,71.70749139666667,124.30994295935007,28004.01292007262,0.5768443753539115,0.16666666666666666,3207.998997520702,4330.2443040762755,1817.6712283824604,2.3823033761335077,9355.914529979438,34.28845985329616,46.283495752347285,19.428044394356554,70.43434935327554,29.56565064672447,"48000, 63360",48000,63360
1677658329.0,70.52313563364605,850.7846320346321,99.36074704765927,72.5601662702162,92.6218000628899,0.5550239234449761,0.33014354066985646,62.5,65.4716523951195,123.04772632554928,25309.10385027935,0.5320833984522407,0.13333333333333333,3940.167477201904,3672.9996693512894,1484.9523968946223,2.4734797405171896,9098.119543447816,43.30749292077054,40.37097613205654,16.321530947172914,71.21042658359933,28.789573416400675,"49920, 65280",49920,65280
1677658359.0,70.48348043427322,851.2632978723404,98.37158924459345,62.6535587510112,80.53383375382539,0.5327102803738317,0.32242990654205606,62.5,56.8699296976348,125.60224760721539,22440.368022886127,0.4527779620272323,0.13333333333333333,2682.9149850183453,3020.76288110625,1325.8569478880606,2.2783475139742504,7029.534814012656,38.16632332014673,42.972443568878404,18.86123311097487,69.49682741877089,30.503172581229123,"51840, 67200",51840,67200
1677658389.0,69.95778715840925,857.6600609756098,95.15814809184046,58.31278965948458,76.06177089986954,0.5454545454545454,0.3203463203463203,46.875,53.74975614429698,123.54966442602905,20862.57644782807,0.43504574774849125,0.13333333333333333,1590.6709867829722,2846.9129986869457,1275.0455364556408,2.232793196234204,5712.629521925559,27.844812632743672,49.835421459771744,22.31976590748459,69.06699750652551,30.933002493474486,"53760, 69120",53760,69120
1677658419.0,69.849157054126,858.9939024390244,94.21386374824353,57.61430320329435,74.87818458786185,0.5347826086956522,0.3217391304347826,46.875,52.93815482852928,122.32638105449844,20344.114904862396,0.4327615545574298,0.13333333333333333,730.219390045609,3329.3023925075954,1476.729341298458,2.254510897427018,5536.251123851663,13.18978084103929,60.13640490699677,26.67381425196393,69.2734167585492,30.726583241450797,"55680, 71040",55680,71040
1677658449.0,69.17180996124588,867.4053784860557,95.17458669804455,62.587187373479566,80.30589442267251,0.5338983050847458,0.3177966101694915,46.875,56.78453373862994,122.3926020974356,21834.090440871943,0.4639539707916685,0.13333333333333333,292.79678234181375,4049.029377801008,1848.5296502405224,2.1904054269695736,6190.355810383345,4.729886153727922,65.40866957937055,29.86144426690152,68.65602122079336,31.343978779206633,"57600, 72960",57600,72960
1677658479.0,68.62622593534326,874.3013211382114,87.72625709978931,54.19281790842612,71.96346663622474,0.5454545454545454,0.31601731601731603,46.875,50.88504603920585,107.49363874022735,17183.942421002852,0.47337727734918633,0.13333333333333333,182.63205275970162,4115.498370094204,2015.9218767413438,2.041496953615455,6314.05229959525,2.8924697499165295,65.17998544861625,31.927544801467207,67.12145317747924,32.87854682252077,"59520, 74880",59520,74880
1677658509.0,68.40260680666184,877.1595528455284,86.09787795655123,54.163282128822715,70.88010630712044,0.5391304347826087,0.2956521739130435,31.25,50.11867580308252,105.43019734888934,16600.24432207872,0.4753730625887944,0.13333333333333333,290.59485817208133,3773.137647811748,1844.3540752803945,2.0457772715025575,5908.086581264224,4.918595118318311,63.86395317524891,31.217451706432776,67.16765833942036,32.83234166057963,"61440, 76800",61440,76800
1677658539.0,69.3210586881473,865.5378486055777,90.8838958871509,52.5414568454653,68.72020010937129,0.5296610169491526,0.2754237288135593,46.875,48.58979062331665,114.36618772091384,17457.92184581263,0.4248615048871754,0.13333333333333333,887.5307338704556,3939.5974693673115,1508.0869527599164,2.612314536743085,6335.215155997684,14.009480530905272,62.18569334046391,23.80482612863082,72.31691787001432,27.68308212998568,"63360, 78720",63360,78720
1677658569.0,69.29529243937233,865.8596837944664,92.65991184936252,54.77388855025935,70.55081142118424,0.5083333333333333,0.275,46.875,49.88336735231527,117.3583733253742,18391.608625940044,0.4250516255368881,0.13333333333333333,1887.7496525405227,3586.196095878145,1503.1950019811607,2.3857158194057715,6977.140750399829,27.056207120837346,51.39922246333695,21.5445704158257,70.46414840051429,29.5358515994857,"65280, 80640",65280,80640
1677658599.0,68.93727469358326,870.3564257028113,91.82686992398055,54.96812234803499,69.72892238178807,0.4915254237288136,0.2542372881355932,46.875,49.285786549600736,115.93195607891278,17950.424694895784,0.42512684350855595,0.16666666666666666,2841.0281712512474,2721.0832533976395,1004.005403985032,2.7102276965814083,6566.116828633919,43.26801129797021,41.44128599009045,15.290702711939339,73.04747627965267,26.952523720347315,"67200, 82560",67200,82560
1677658629.0,68.79524189453834,872.1533400809717,95.33288394681625,64.10607657087985,79.21910164666807,0.49145299145299143,0.26495726495726496,46.875,55.97955844677152,118.02311798449296,20756.132052613502,0.47431011316042904,0.13333333333333333,4225.0587287078915,2125.560599947962,643.8394861435291,3.3013827913532436,6994.458814799383,60.40579894141639,30.38920746020474,9.204993598378861,76.75166223266093,23.24833776733908,"69120, 84480",69120,84480
1677658659.0,68.20266062836116,879.7310756972112,97.94616104566789,68.70806407239537,85.12877041331757,0.5,0.275,62.5,60.154558958915715,118.62654487042504,22418.17737128086,0.5070918909812482,0.16666666666666666,4693.694104417564,2581.9847660622913,731.8716463084166,3.527920201699168,8007.550516788271,58.61585380669127,32.24437686217549,9.139769331133254,77.9148051322827,22.085194867717313,"71040, 86400",71040,86400
1677658689.0,67.68345323741008,886.4795918367347,99.15215305759048,70.6721273228342,88.11290060010793,0.5151515151515151,0.2943722943722944,62.5,62.28642782558801,118.46160355165705,23180.398850268084,0.5257942317016419,0.16666666666666666,3847.7211205908943,3183.6103291186273,1556.2100176925783,2.0457459423368998,8587.5414674021,44.80585200312175,37.07243034812072,18.12171764875754,67.16732061923939,32.832679380760595,"72960, 88320",72960,88320
1677658719.0,67.95262267343486,882.9681274900398,106.46256265042327,73.36055250467538,90.3855943392668,0.5,0.2791666666666667,62.5,63.91185218818793,135.19230179849802,27144.58703471615,0.472747718161109,0.13333333333333333,2128.8080966432144,3011.4524383394746,2460.511458772909,1.2239131939833874,7600.771993755598,28.00778787197055,39.62034962782108,32.37186250020838,55.03421614182527,44.965783858174724,"74880, 90240",74880,90240
1677658749.0,69.09878294631524,868.3220954356847,112.13715137145489,73.80267099671721,94.5666978309827,0.5550660792951542,0.33480176211453744,78.125,66.76364718633702,142.7755696962785,29946.345293613504,0.46761254273655506,0.16666666666666666,1486.1476493054934,2331.009395862355,2812.309272858523,0.8288595491110553,6629.4663180263715,22.41730447086618,35.16134307107106,42.42135245806276,45.32111552874221,54.67888447125778,"76800, 92160",76800,92160
1677658779.0,68.3679525222552,877.6041666666666,109.97669130111434,75.66283160941117,97.6357265300263,0.576036866359447,0.3548387096774194,62.5,68.8315849689767,137.68489916900242,29773.09297463718,0.499921090725344,0.16666666666666666,2697.737341049629,2288.0919016137664,3174.704828227463,0.72072587072332,8160.534070890859,33.05834296645643,28.038506815081316,38.903150218462244,41.88499068828189,58.11500931171812,"78720, 94080",78720,94080
1677658809.0,67.85282643616615,884.2667748917748,108.5541871865117,76.07337912426675,98.50169538411306,0.5821596244131455,0.3568075117370892,62.5,69.46924529313519,134.30663879914104,29311.627568635526,0.517243569746602,0.13333333333333333,4683.937290597509,3384.914678211154,3213.4094627623294,1.0533717278909716,11282.261431570992,41.51594358104939,30.002093983917042,28.481962435033555,51.299611930125046,48.700388069874954,"80640, 96000",80640,96000
1677658839.0,68.26143590529462,878.973599137931,111.6130875873195,76.90055963241238,100.59980054792862,0.5990566037735849,0.37264150943396224,70.3125,70.6923491830857,137.02099483651364,30430.52205674742,0.515923485064695,0.13333333333333333,4862.887629283723,4319.470622498032,3040.342436343069,1.420718459494813,12222.700688124825,39.78570492205823,35.33973982276019,24.874555255181583,58.68995024689105,41.31004975310896,"82560, 97920",82560,97920
1677658869.0,68.52182300458162,875.6334459459459,112.06981816346908,74.74791894946357,99.16817982320356,0.6080402010050251,0.38190954773869346,78.125,69.76145188832028,139.15319257617236,30497.10100239781,0.5013284323328256,0.13333333333333333,,,,,,,,,,,"84480, 99840",84480,99840
1677658899.0,69.84771573604061,859.0116279069767,116.1515925504299,76.47073591282651,100.37626624490879,0.6075268817204301,0.3709677419354839,78.125,70.71765975980398,141.2792619193105,31387.45985965798,0.5005523018671579,0.13333333333333333,2221.16833544658,3819.4625904171207,2602.038691878245,1.4678730959454316,8642.669617741947,25.700025960576983,44.19308800808961,30.10688603133339,59.47927785902199,40.52072214097801,"86400, 101760",86400,101760
1677658929.0,71.35725997449444,840.8394607843137,113.9142618890148,80.47030676648674,103.69929063357655,0.5872093023255814,0.36046511627906974,78.125,72.72425162835066,140.80979225756124,32170.809668041446,0.5164715497579004,0.13333333333333333,1852.7609359757073,2987.2308158926926,2734.524006845531,1.092413454193323,7574.515758713931,24.460453908809153,39.43791142629943,36.10163466489141,52.20829812597795,47.79170187402206,"88320, 103680",88320,103680
1677658959.0,71.4368514536786,839.9026381909548,112.73299235483873,81.25768454333507,105.64631971264859,0.6358024691358025,0.38271604938271603,78.125,73.18091672226964,131.31028055098318,30188.841512232942,0.5573129264152021,0.3,1520.971616680231,2980.7631655917553,3366.5675210437216,0.885401272055177,7868.302303315708,19.330365789826,37.88318052212686,42.78645368804714,46.96089289735376,53.03910710264624,"90240, 105600",90240,105600
1677658989.0,71.05873688086909,844.3718905472637,116.67555876592688,86.48410407852107,110.30449204773616,0.6242424242424243,0.38181818181818183,78.125,76.5803451074247,135.7138413832508,32650.612689367634,0.5642780745639988,0.23333333333333334,1073.4305878381506,3643.0264804653943,4496.724735754682,0.8101510976419569,9213.181804058227,11.651030129084454,39.54145872667695,48.8075111442386,44.755992949832894,55.24400705016711,"92160, 107520",92160,107520
1677659019.0,70.21437578814628,854.5258620689655,116.07745130132517,88.89390152346141,115.29279041896055,0.6746987951807228,0.39759036144578314,78.125,80.317216027074,132.27168913424165,33375.31849176306,0.6072139590321599,0.16666666666666666,1377.4630813537308,3816.8285285083753,5880.926159678207,0.64901827108083,11075.217769540313,12.437345341796414,34.46278536396487,53.09986929423872,39.357858094285305,60.642141905714695,"94080, 109440",94080,109440
1677659049.0,71.0432958230021,844.555412371134,113.7820512070854,90.41636296305676,118.77122051482272,0.7032258064516129,0.41935483870967744,78.125,82.13294959996014,128.72822042835597,33215.52015644911,0.6380337530236538,0.16666666666666666,1064.7420268587503,2859.036838566945,6408.036757472239,0.44616423824864915,10331.815622897933,10.305468716447193,27.672162792283974,62.02236849126883,30.851560732062374,69.14843926793763,"96000, 111360",96000,111360
1677659079.0,70.31499051233396,853.3031088082902,120.49575217470856,94.00696073876384,120.6808431812925,0.6797385620915033,0.38562091503267976,93.75,84.21221063190772,139.94244146492954,37023.2370042806,0.6017631945703322,0.0,1027.2636357476601,2351.692139233559,5728.9843779246585,0.410490234236852,9107.940152905878,11.278770155510003,25.82024145693639,62.90098838755361,29.102664043537203,70.8973359564628,"97920, 113280",97920,113280
1677659109.0,69.63181148748158,861.6751269035533,115.4802724076248,85.54113998144778,110.02468975810139,0.6521739130434783,0.36024844720496896,93.75,77.27806621939648,132.99926114356495,32289.055903996614,0.5810413197407113,0.26666666666666666,1165.4361826041788,2648.00878751031,2819.165487551427,0.9392881685034481,6632.610457665915,17.571304542047656,39.92408124089006,42.50461421706229,48.434687725048015,51.565312274951985,"99840, 115200",99840,115200
1677659139.0,68.316780378271,878.2615291262136,110.57134526804435,84.62884559540626,107.51639274688453,0.6337209302325582,0.36046511627906974,93.75,75.59351405947018,130.9604819688501,31101.022822870113,0.5772238535091115,0.16666666666666666,1124.198216593363,3347.3309884380997,2611.3752571296277,1.2818268762021663,7082.90446216109,15.871994640040011,47.25929886984221,36.86870649011778,56.17546578886901,43.82453421113099,"101760, 117120",101760,117120
1677659169.0,67.62186824621787,887.2869318181819,105.5487338282433,79.30788966839967,102.0474602620879,0.6335078534031413,0.35602094240837695,85.9375,71.91205001898808,126.91163151199166,28671.66867702043,0.5666308845158392,0.13333333333333333,982.7079145825664,4512.171374320066,3287.230411924021,1.372636173586349,8782.109700826653,11.189884299555777,51.37912788649564,37.43098781394858,57.85278791866122,42.14721208133879,"103680, 119040",103680,119040
1677659199.0,66.87330244447995,897.2190366972477,102.8591055809203,79.38588209532087,101.33611267440035,0.5824742268041238,0.35051546391752575,78.125,71.4955810870134,124.8108548438836,28033.765146326605,0.5728314350257578,0.13333333333333333,1063.3069415836292,5199.553456232819,3923.1867341473,1.3253392735492455,10186.047131963747,10.438857466572868,51.04584132461606,38.51530120881108,56.995522701783415,43.0044772982166,"105600, 120960",105600,120960
1677659229.0,66.49220402726631,902.3614253393665,105.16455585862215,88.28672598770629,111.95626142985596,0.5989847715736041,0.37055837563451777,78.125,79.03778588039445,127.44518278594816,31645.215890993117,0.6201708385725584,0.13333333333333333,1284.6629693568761,5089.190555322429,3769.2623989438616,1.3501820825072852,10143.115923623167,12.665368108087131,50.17383803600015,37.16079385591271,57.45010535808559,42.54989464191442,"107520, 122880",107520,122880
1677659259.0,66.9393228293664,896.3341346153846,110.2526960389926,90.73717406874678,115.6159004184027,0.6077348066298343,0.39226519337016574,78.125,81.55117728421241,130.99188228419325,33560.196144152666,0.6225666496438548,0.13333333333333333,1511.6262497300925,4872.170240621988,2972.0784792030386,1.6393141280470018,9355.87496955512,16.15697360908588,52.07605121355811,31.766975177356002,62.111368655463366,37.88863134453663,"109440, 124800",109440,124800
1677659289.0,66.53542666558204,901.7752347417841,113.02658265246777,90.71946693552057,117.07824207830062,0.6182795698924731,0.42473118279569894,78.125,82.53324088079884,135.31997645760865,35086.55149501471,0.6099117295268953,0.13333333333333333,,,,,,,,,,,"111360, 126720",111360,126720
1677659319.0,67.13625283684962,893.7049278846154,114.34307494910618,91.55103827462476,120.5785271024838,0.6519337016574586,0.44751381215469616,78.125,85.13889454178774,132.25118399542438,35373.45239950132,0.6437665960308784,0.13333333333333333,1047.225554007071,4387.846803245157,2716.67453242826,1.615153656011618,8151.7468896804885,12.846639722496553,53.827073664417235,33.32628661308621,61.76132910197314,38.238670898026854,"113280, 128640",113280,128640
1677659349.0,67.1789010989011,893.1375628140704,117.26653674392536,96.2606025293492,128.07889487392427,0.6586826347305389,0.46706586826347307,93.75,90.40677033021285,133.4387991988591,37899.45394704165,0.6775148672874586,0.13333333333333333,855.9355762567786,3816.686494150418,3458.0706613584243,1.1037040210887767,8130.692731765621,10.527215878085556,46.94171357920207,42.53107054271238,52.46479590401468,47.53520409598532,"115200, 130560",115200,130560
1677659379.0,68.51254651273733,875.7520053475936,121.86153838718303,89.97377366720075,121.44019661613969,0.6866666666666666,0.48,93.75,85.8324800220529,143.9334012720331,38811.740776579805,0.5963346885677364,0.13333333333333333,666.2756864338598,4450.832410607804,4714.564396222508,0.9440601583836641,9831.672493264172,6.776829546451383,45.27034859691611,47.9528218566325,48.56126258811751,51.43873741188251,"117120, 132480",117120,132480
1677659409.0,68.54312835328106,875.3612716763006,123.39735066787719,87.81772663845986,117.92754512914516,0.6791044776119403,0.4626865671641791,93.75,83.3429637048434,147.80603007785555,38700.00001515192,0.5638671416920081,0.16666666666666666,624.5219641908245,5874.055985888332,4371.631092140727,1.3436760472421034,10870.209042219882,5.745261767875684,54.03811429084301,40.216623941281306,57.33198702198029,42.6680129780197,"119040, 134400",119040,134400
1677659439.0,68.61988894497729,874.3820621468926,119.61338653454168,87.60208091976591,117.8996220118441,0.7,0.44285714285714284,93.75,83.36459656843077,141.88799594769438,37160.126196184174,0.5875380507817047,0.13333333333333333,829.2450119706943,6598.90930872634,6364.569569276797,1.036819416756909,13792.723889973831,6.012191780142041,47.84340904209067,46.14439917776728,50.90384587985551,49.096154120144476,"120960, 136320",120960,136320
1677659469.0,67.70780856423174,886.1607142857143,118.95612803790404,86.57943934411728,117.74983748880183,0.7088607594936709,0.43670886075949367,93.75,83.22572945492793,136.45870895322628,35678.676931047485,0.6098967965720317,0.16666666666666666,1255.1534147848542,5102.222579713513,6662.341148570358,0.7658302788665177,13019.717143068727,9.640404633929064,39.188428778038165,51.17116658803277,43.369415964375825,56.630584035624175,"122880, 138240",122880,138240
1677659499.0,67.47161650747883,889.2628205128206,113.82058529508843,78.56562963223467,107.65098365804364,0.6982248520710059,0.4437869822485207,78.125,76.11972987680528,134.90377726453127,32260.509429504946,0.5642520277808306,0.13333333333333333,1305.009594059928,4450.434032338314,4452.533535858359,0.9995284699142327,10207.9771622566,12.784213496138342,43.59760961058508,43.61817689327658,49.98820896794264,50.01179103205736,"124800, 140160",124800,140160
1677659529.0,68.55315747402078,875.2332089552239,126.33842692028682,86.16558853766496,114.45877176794463,0.6781609195402298,0.43103448275862066,93.75,80.92737480830043,155.239501585642,39468.22224246314,0.5213065874451722,0.16666666666666666,1510.8338659054843,3634.097546510422,3012.356101059553,1.2063970608362604,8157.2875134754595,18.521277611088944,44.550318233935755,36.928404154975304,54.67724201821663,45.322757981783376,"126720, 142080",126720,142080
1677659559.0,67.48280838780882,889.1153381642512,116.99772089271032,74.78133762855477,96.64391617411799,0.6338797814207651,0.366120218579235,62.5,68.3354082061605,145.6293073688704,31263.993352962167,0.4692421425384587,0.13333333333333333,1624.3363991877163,3719.073701070636,2463.414131416027,1.5097232956656084,7806.824231674379,20.806621885982114,47.638752848839054,31.55462526517883,60.154970002986396,39.8450299970136,"128640, 144000",128640,144000
1677659589.0,67.59669421487602,887.6173708920188,112.91283219193566,64.99421694455708,85.04697086486662,0.631578947368421,0.3368421052631579,62.5,60.12713965855799,145.68159672382953,27518.522333414974,0.4127298231947703,0.13333333333333333,3474.0861713067825,4183.88017656886,2514.444475083447,1.6639381851651387,10172.41082295909,34.152043520163225,41.12968154142831,24.718274938408463,62.46159142998247,37.53840857001754,"130560, 145920",130560,145920
1677659619.0,66.3121387283237,904.8117154811715,109.13646515703833,76.61881490061454,97.32978194645509,0.6343612334801763,0.3524229074889868,46.875,68.8191754531795,136.12648470975466,29430.7932040039,0.5055531669675739,0.13333333333333333,5055.052063284126,4165.821780165491,2951.9093548536384,1.4112295736032316,12172.783198303256,41.52749606177774,34.22242647635553,24.250077461866734,58.52738325095916,41.472616749040846,"132480, 147840",132480,147840
1677659649.0,66.35731497418244,904.1957171314741,110.84869696845897,73.31234375977775,93.99181108002604,0.6363636363636364,0.3512396694214876,46.875,66.46185496403513,140.31630461811207,29297.49370471557,0.4736573924528526,0.13333333333333333,5635.528768693378,3604.908927882415,2525.7345694261207,1.4272714843117884,11766.172266001913,47.89602464836513,30.637907098289876,21.466068253345,58.80147703034821,41.19852296965178,"134400, 149760",134400,149760
1677659679.0,66.16549711665392,906.8170362903226,112.88590891711436,78.6381804063909,99.11657608032348,0.6218487394957983,0.35294117647058826,46.875,70.07122683139275,142.54717308295972,31379.65778889627,0.4915651802551892,0.13333333333333333,2971.0034412672558,3457.2032404343718,2254.61500311315,1.5333896189197267,8682.821684814779,34.21702701165898,39.816586887654374,25.96638610068664,60.52719279609213,39.47280720390787,"136320, 151680",136320,151680
1677659709.0,67.11647076782171,893.9683406113537,114.43159238650425,71.70399682573593,90.08846718444518,0.5952380952380952,0.3238095238095238,46.875,63.70040619213794,147.50515577255442,29518.839175233814,0.43185206549905814,0.13333333333333333,2143.41408440069,3097.475774705557,1739.8678937444092,1.7802936566864331,6980.757752850656,30.70460486220722,44.37162675413961,24.92376838365317,64.03257628577965,35.96742371422034,"138240, 153600",138240,153600
1677659739.0,67.62386248736097,887.2607655502393,116.92335164210161,66.69451077329572,84.88512055678481,0.5846994535519126,0.3224043715846995,62.5,60.022814003369795,151.4455473075672,28557.66758193622,0.39633264279121305,0.13333333333333333,2054.683630910453,2997.866659292177,1450.4837596220007,2.066804705261524,6503.03404982463,31.595769223534397,46.099507342622964,22.304723433842646,67.39277208345341,32.607227916546584,"140160, 155520",140160,155520
1677659769.0,66.78549796660033,898.398631840796,104.50959230175184,57.61259393860933,77.84612583008145,0.6379310344827587,0.3218390804597701,62.5,55.04460786904454,127.45328047958468,22040.207201014495,0.4318806676605042,0.13333333333333333,2952.0914165523513,2720.043516243938,2165.770070920654,1.2559244181851985,7837.905003716943,37.66429186309851,34.70370609179393,27.632002045107566,55.67227377216564,44.32772622783437,"142080, 157440",142080,157440
1677659799.0,67.44730679156909,889.5833333333334,113.36105076787433,65.65119682559296,88.72051096710986,0.6626506024096386,0.35542168674698793,62.5,62.714535085427165,132.79058426039643,26162.868692066048,0.47228149070002395,0.13333333333333333,2528.540289496677,2719.275945072023,3278.169965560803,0.8295103590233861,8525.986200129502,29.656865846889016,31.89397544451479,38.44915870859621,45.3405663942886,54.6594336057114,"144000, 159360",144000,159360
1677659829.0,68.10468794938164,880.9966216216217,120.70181697200469,79.96689812910408,104.6922104060373,0.6688741721854304,0.3841059602649007,78.125,73.97355231571945,134.8245403542118,31332.517845758925,0.5486653403110124,0.13333333333333333,2023.4275804917988,2871.7540876537987,5002.70030182905,0.5740408008458651,9897.881969974647,20.44303606195641,29.01382433499714,50.54313960304644,36.46924530402163,63.53075469597837,"145920, 161280",145920,161280
1677659859.0,68.45402356732804,876.5007062146892,131.09356866746052,92.12102937331034,119.30668949212539,0.6549295774647887,0.3732394366197183,78.125,84.16050165205974,151.50839702083994,40058.51923308137,0.5554840741961219,0.16666666666666666,1091.125356271013,4470.503821659825,7313.82312513032,0.6112403520259001,12875.452303061156,8.474462338007315,34.72114001460715,56.80439764738555,37.9360131626144,62.06398683738559,"147840, 163200",147840,163200
1677659889.0,67.80291816451681,884.9176646706587,126.35353537014412,90.58263715965874,116.89441709535154,0.6589147286821705,0.37209302325581395,78.125,82.51756296449443,134.68316899303122,34914.80271279756,0.6126791014901354,0.16666666666666666,1007.8884167831079,5312.0106853176185,6157.169220310704,0.8627358604656903,12477.06832241143,8.07792656687412,42.5741892891308,49.347884143995095,46.31552324600673,53.684476753993266,"149760, 165120",149760,165120
1677659919.0,68.84725893575451,871.494391025641,133.26038870762517,93.97268439923685,122.55144943500542,0.6724137931034483,0.39655172413793105,85.9375,86.59643101051948,150.38892090333542,40913.41293192713,0.5758165594271439,0.16666666666666666,1506.4496899211285,4897.988206671596,5455.804434786978,0.8977572904632235,11860.242331379703,12.701677148158938,41.29753903689262,46.00078381494844,47.30622271745245,52.69377728254754,"151680, 167040",151680,167040
1677659949.0,67.08457506936594,894.3933823529412,120.8592176430701,97.46595592325617,129.56258379796387,0.6838235294117647,0.4485294117647059,78.125,91.5349799411808,125.88680077025013,36200.71597999603,0.7271213453762864,0.0,2353.326987334651,2910.093839136331,3258.4637013697243,0.8930876958712314,8521.884527840706,27.615100622948034,34.148477717917366,38.2364216591346,47.17624533818636,52.82375466181364,"153600, 168960",153600,168960
1677659979.0,67.13718760055777,893.6924846625767,124.2772782123482,98.22090993767283,128.18436656392754,0.6589147286821705,0.4263565891472868,78.125,90.62384735553971,131.5140945410013,37442.485282735266,0.6890808751094469,0.16666666666666666,2063.233552445014,2394.346094359215,2731.7617177896163,0.8764842404690338,7189.341364593845,28.698505854876377,33.304109137881795,37.99738500724182,46.70885166879704,53.291148331202955,"155520, 170880",155520,170880
1677660009.0,67.57719977863863,887.8734276729559,120.74538220806546,93.79943429494828,121.49661807013123,0.6446280991735537,0.4132231404958678,78.125,85.89535918583304,129.45298490223792,34932.65876585326,0.6635255204868445,0.2,1900.1635067857799,2629.921673069923,1759.7699642194382,1.4944690081901975,6289.855144075142,30.20997245978992,41.8121182893573,27.977909250852775,59.911307908951486,40.088692091048514,"157440, 172800",157440,172800
1677660039.0,67.50164798945286,888.8671875,116.80912221532547,95.32250586684832,124.98385742874396,0.6528925619834711,0.4297520661157025,85.9375,88.36485665600483,131.01780634938186,36371.37952656176,0.6744492150964924,0.23333333333333334,1078.485478595223,2776.133480727827,2282.440920921515,1.2163002578866262,6137.059880244566,17.57332500644013,45.23556124430704,37.191113749252814,54.87975979601431,45.12024020398569,"159360, 174720",159360,174720
1677660069.0,67.78685845047401,885.1273148148148,115.19293101802882,88.23174448161286,116.01505292452916,0.6341463414634146,0.4065040650406504,78.125,81.78674883888712,133.49993764222347,34301.56066107012,0.6126351089247216,0.13333333333333333,2163.056333127096,2518.2571630678153,3773.5118630146776,0.6673510656611443,8454.825359209588,25.583690274228353,29.78485132545941,44.63145840031224,40.02462825047129,59.97537174952872,"161280, 176640",161280,176640
1677660099.0,69.95527435365987,857.690868263473,131.29755184676029,97.15671906020509,128.61558661023355,0.6535433070866141,0.4409448818897638,78.125,90.69791434794453,147.1992029425752,41942.33757748504,0.6161576457946397,0.13333333333333333,3749.6181818642235,3000.8218785514605,5066.396083019562,0.5922991075666111,11816.836143435245,31.7311515227136,25.394461276494425,42.874387200791986,37.19772904173616,62.80227095826383,"163200, 178560",163200,178560
1677660129.0,72.48520049145537,827.7551775147929,144.3904631022414,104.33433570615533,143.4335141530161,0.6929133858267716,0.48031496062992124,93.75,101.37966980714697,167.61130290907883,53383.13160357445,0.6048498403603522,0.26666666666666666,6121.904556707883,4323.002617653109,4536.935159126863,0.9528464626514686,14981.842333487857,40.86216114438757,28.854946684295335,30.282892171317087,48.79269726908,51.20730273092,"165120, 180480",165120,180480
1677660159.0,73.5173642030276,816.1337209302326,144.58008914388023,101.58833578492181,140.72590049371667,0.7054263565891473,0.4806201550387597,101.5625,99.37545813371679,169.68677012788268,52975.736075481436,0.5856405779827355,0.13333333333333333,4814.991547176468,4405.942488406307,4460.784513071128,0.9877057444707046,13681.718548653902,35.19288552862534,32.20313641695102,32.60397805442364,49.690742566813654,50.30925743318635,"167040, 182400",167040,182400
1677660189.0,74.93123310215117,800.7341867469879,149.86420759327927,110.11499516042784,156.28175490328488,0.7317073170731707,0.5121951219512195,109.375,110.34388689463736,179.52499867177642,62233.336154568926,0.6146435744939226,0.13333333333333333,5026.7165224618375,4365.610400920216,5078.845311360676,0.8595675066446598,14471.17223474273,34.736070035802484,30.16763486816332,35.096295096034204,46.22405497908673,53.775945020913284,"168960, 184320",168960,184320
1677660219.0,74.67246061922867,803.5090782122905,146.7416442782726,103.32932485089923,147.54697541360753,0.725925925925926,0.5037037037037037,109.375,104.26352235791163,174.07049561678446,57017.40284973146,0.5989729734983198,0.13333333333333333,2676.5518238381046,5505.547677214679,5503.880977152058,1.0003028226935757,13685.980478204841,19.556887634762884,40.22764526065457,40.21546710458256,50.00756942124313,49.99243057875688,"170880, 186240",170880,186240
1677660249.0,75.75113808801214,792.0673076923077,147.6458667218936,117.45053455770174,166.7171934919934,0.717741935483871,0.5403225806451613,109.375,117.85853634901258,175.26999319107173,64896.08321958879,0.6724398980293697,0.23333333333333334,1447.5018154115983,4577.699731600972,5030.508273788363,0.9099875166597448,11055.709820800934,13.092798552727695,41.4057514695998,45.50144997767251,47.643636867908114,52.356363132091886,"172800, 188160",172800,188160
1677660279.0,76.08806488991888,788.5599415204679,147.7135078394735,116.41669979727887,165.47597565730453,0.7218045112781954,0.5338345864661654,109.375,116.89940525708467,175.8289009642126,64573.218872175836,0.6648475001324032,0.2,1250.380498339755,4120.313266829571,6088.055698651338,0.6767863946682234,11458.749463820664,10.912015331931721,35.95779172796178,53.130192940106504,40.36211152596663,59.63788847403337,"174720, 190080",174720,190080
1677660309.0,77.9548872180451,769.675925925926,143.51618501687182,117.85048282038673,170.19180547559176,0.75,0.5583333333333333,93.75,120.343744533797,168.49760796031006,63704.06313809311,0.7142163380867946,0.23333333333333334,1042.3038158123973,3749.0698391264527,6848.087967492964,0.5474622780727743,11639.461622431814,8.954914321841548,32.2099935610524,58.83509211710604,35.3780693610567,64.6219306389433,"176640, 192000",176640,192000
1677660339.0,76.98283423129934,779.39453125,140.25963685897494,122.10418508101924,172.4628157308962,0.7606837606837606,0.5299145299145299,93.75,121.84296558038713,163.6425014139129,62639.234697697495,0.7445679730365453,0.2,1041.0887073183715,5313.491065381565,7143.053159300604,0.7438683356938398,13497.63293200054,7.713120608355937,39.3660954639254,52.920783927718674,42.656221256398574,57.34377874360142,"178560, 193920",178560,193920
1677660369.0,77.06896551724138,778.5234899328859,141.94975772560264,121.92371395921352,169.75733574426417,0.7431192660550459,0.5321100917431193,93.75,119.81449811029343,165.27884973624145,62212.33863267547,0.7249233540861287,0.2,1604.1538738199558,5933.126505113128,6662.612052216405,0.8905105773252092,14199.892431149488,11.296943843750645,41.78289753870226,46.920158617547095,47.10423670758558,52.89576329241442,"180480, 195840",180480,195840
1677660399.0,76.3014968870049,786.3541666666666,150.1463767854741,122.26710868863724,171.92859370258097,0.7547169811320755,0.5471698113207547,93.75,120.50753071329261,170.94710125845006,64718.10631529184,0.7049404747208945,0.23333333333333334,1392.1253208741985,5763.396557850682,5591.64739032046,1.0307153072326294,12747.16926904534,10.92105463959574,45.21314839559131,43.865796964812944,50.75626817612575,49.24373182387425,"182400, 197760",182400,197760
1677660429.0,74.59713168187744,804.3204697986578,155.7098875127793,121.09987023704267,167.43452211664288,0.7142857142857143,0.5333333333333333,109.375,117.23584131425905,178.270579905558,65658.34843326715,0.6576286528958778,0.23333333333333334,1452.9707958479662,5097.793058838226,6015.193635084524,0.8474861106888694,12565.957489770717,11.562754346660435,40.56828190759097,47.868963745748594,45.87239415688318,54.127605843116804,"184320, 199680",184320,199680
1677660459.0,74.96189330124348,800.4066780821918,156.64302611644388,128.22702000723288,177.56801269841188,0.7326732673267327,0.5445544554455446,101.5625,124.4827426407815,181.92266833349294,71145.23829023211,0.6842618557715139,0.23333333333333334,1806.0056789781308,5507.10140988897,6315.329892623063,0.8720211775986264,13628.436981490164,13.251744726346882,40.40889954855859,46.339355725094535,46.581800891656016,53.418199108343984,"186240, 201600",186240,201600
1677660489.0,75.30451595083552,796.7649647887324,157.86463804218124,127.72548654868491,184.14840364859677,0.7653061224489796,0.6020408163265306,109.375,129.4841158659382,182.53142638980816,74251.29218319722,0.7093798499630204,0.0,3981.394507098392,5657.572206165783,6928.9490878137185,0.8165123072005295,16567.915801077892,24.03075048727231,34.14776049138122,41.82148902134647,44.94945087704229,55.05054912295771,"188160, 203520",188160,203520
1677660519.0,78.18037219659615,767.4560546875,153.7597094160494,128.93339294976272,193.1858303638071,0.7926829268292683,0.6341463414634146,109.375,135.72137022991419,167.5384914427018,71435.27302110592,0.8100906786326826,0.2,785.2029863181477,5164.2791720233345,5205.18796292323,0.9921407658683432,11154.670121264713,7.039230903128866,46.29701385949915,46.66375523737198,49.802744006188966,50.19725599381104,"190080, 205440",190080,205440
1677660549.0,77.82214156079856,770.9888059701492,155.88932810565004,127.42656237049802,192.17851990514194,0.8045977011494253,0.6436781609195402,117.1875,135.10367633296823,170.0945735041039,72195.06274280135,0.7942856350423699,0.23333333333333334,1126.4460071790459,5184.478793868067,6252.229008627576,0.8292208725422408,12563.153809674688,8.966267740124199,41.267335196322925,49.76639706355288,45.331916172036365,54.668083827963635,"192000, 207360",192000,207360
1677660579.0,78.0627802690583,768.6121323529412,150.8310634946872,116.7873893370189,179.0504696332073,0.7790697674418605,0.6511627906976745,93.75,126.36502905773348,163.18345453581736,64781.783002032185,0.7743740284037034,0.16666666666666666,721.9344310136419,5728.173670803642,8621.684607278088,0.6643914654414687,15071.792709095373,4.789970542641395,38.00592126872115,57.20410818863745,39.91798078976831,60.08201921023169,"193920, 209280",193920,209280
1677660609.0,78.63654379706698,763.0040322580645,151.2175401181558,117.91503868067566,172.37678681671358,0.7924528301886793,0.6226415094339622,109.375,121.83418918366755,168.099627448669,64340.702884923754,0.7247737013627286,0.16666666666666666,392.7617518571873,6754.570384722796,8929.44322453724,0.7564380236118076,16076.775361117223,2.4430381282001887,42.01446019491686,55.54250167688297,43.06659349450458,56.93340650549542,"195840, 211200",195840,211200
1677660639.0,78.40045057730217,765.301724137931,146.24738620284904,114.33603592357824,171.94157091463876,0.8229166666666666,0.65625,109.375,121.57663846599361,155.7802981805967,59499.39293148958,0.7804365499740497,0.13333333333333333,282.14930393651593,5798.318315149733,7556.830999353936,0.7672949567941184,13637.298618440185,2.068953037040614,42.5180857102397,55.412961252719676,43.41634959373138,56.58365040626862,"197760, 213120",197760,213120
1677660669.0,78.03680981595093,768.8679245283018,151.39951109097248,117.7743792093516,171.74342606966985,0.8055555555555556,0.6388888888888888,93.75,121.21736149104984,171.8569754546827,65445.812469740325,0.7053386175937554,0.16666666666666666,160.5318713315238,6537.117860477447,5902.031449939271,1.1076047147367727,12599.681181748241,1.2740947093492214,51.88320058405163,46.84270470659914,52.552772680388784,47.447227319611216,"199680, 215040",199680,215040
1677660699.0,74.62520821765686,804.0178571428571,153.60905892783106,116.08617100480872,158.42832529193663,0.7538461538461538,0.5461538461538461,109.375,111.9815998715048,182.0483217449873,64044.70362932842,0.6151201988468109,0.13333333333333333,1271.1227524195654,6885.257004700147,4219.682661707158,1.6317001909130713,12376.06241882687,10.270817238978141,55.63366417921478,34.095518581807085,62.00175067612664,37.99824932387336,"201600, 216960",201600,216960
1677660729.0,72.79827449199682,824.1953592814372,140.81427052895404,103.16339053809938,139.74004520444325,0.7804878048780488,0.5203252032520326,109.375,98.62216165207937,162.68611046733423,50405.1447393421,0.6062113192624501,0.13333333333333333,1688.4546107502065,5372.528704522558,3884.454959558647,1.3830843092419294,10945.438274831411,15.426103261965661,49.084637541435576,35.48925919659875,58.037573571280625,41.962426428719375,"203520, 218880",203520,218880
1677660759.0,71.4979079497908,839.185393258427,127.67507685576793,82.88174953914813,116.17543044287358,0.7753623188405797,0.4927536231884058,93.75,81.68359190823266,149.7401933325018,38425.81514219647,0.5455021132960087,0.13333333333333333,3028.543540262504,4677.248279397005,4511.800769220479,1.0366699503455936,12217.592588879988,24.788382148370005,38.28289612189285,36.92872172973714,50.900242828725666,49.099757171274334,"205440, 220800",205440,220800
1677660789.0,70.54545454545455,850.5154639175257,125.98091316749826,85.21696185440028,118.23269482586517,0.7924528301886793,0.4779874213836478,93.75,83.00217143780925,148.68080538042713,38769.859917490045,0.5582574779941026,0.16666666666666666,3416.2895116683753,3869.2844742995258,4092.1963118823123,0.9455275796677867,11377.770297850213,30.02600177570706,34.007405431893915,35.96659279239903,48.60006044371998,51.399939556280025,"207360, 222720",207360,222720
1677660819.0,69.66800710745348,861.2274484536083,123.84835746993144,88.55860529420771,119.98611369849742,0.76875,0.45625,93.75,84.2663949018434,145.2272718969289,38446.11548482649,0.5802380902785889,0.13333333333333333,2556.348894862079,4142.753394823814,4129.379651561786,1.003238680961914,10828.481941247679,23.607638713645315,38.25793326618854,38.13442802016615,50.080836122841816,49.9191638771582,"209280, 224640",209280,224640
1677660849.0,69.94337485843715,857.8367875647668,134.21887362279364,90.8436210009404,120.84147108014078,0.7375,0.41875,93.75,84.93017582476207,168.9139805664722,45068.95541562813,0.5028013403031478,0.13333333333333333,1589.4744599367345,5104.465900389757,3475.73604472316,1.468599984207467,10169.676405049651,15.62954804685326,50.1930021869249,34.17744976622185,59.491209333332094,40.50879066666792,"211200, 226560",211200,226560
1677660879.0,70.22883926109732,854.3498743718593,132.48725641517905,73.62809696939755,99.54342344523621,0.7125748502994012,0.3772455089820359,93.75,70.27580917364125,172.0818140360765,37991.87285835911,0.40838603176805255,0.13333333333333333,1212.3715832354699,6063.110327274452,3335.68189227687,1.817652439014769,10611.163802786792,11.425434624966083,57.13897589331444,31.435589481719482,64.50946233987383,35.490537660126165,"213120, 228480",213120,228480
1677660909.0,69.68901418377236,860.9678398058253,127.70537944196433,76.06874773533193,99.01750125092671,0.6818181818181818,0.3465909090909091,78.125,70.01414546789222,165.04782549386042,36303.24713387706,0.42420519784731525,0.13333333333333333,2250.1288677504344,6086.182541679296,3455.233159871917,1.7614390288801542,11791.544569301648,19.082562547475472,51.61480335260055,29.30263409992396,63.78699694102861,36.21300305897139,"215040, 230400",215040,230400
1677660939.0,70.78004750593824,847.6965206185567,128.46862566815295,81.10695183069556,107.05588149383648,0.7204968944099379,0.38509316770186336,78.125,75.6999397701952,163.31588522652297,38839.51838060587,0.46351853443526086,0.2,4536.8540387368475,5406.944409263878,4461.811774395867,1.2118270968514762,14405.610222396594,31.49366093276174,37.53360201886921,30.972737048369037,54.788509399152645,45.21149060084735,"216960, 232320",216960,232320
1677660969.0,70.83053856776485,847.0922459893048,130.75530983291264,92.03435289204187,117.44060504647629,0.6824324324324325,0.3783783783783784,62.5,82.98662359675049,161.59899755581824,42130.501645913995,0.5135342721917932,0.2,5633.493340434656,5899.658441485149,5057.6604428724395,1.1664797406079928,16590.812224792244,33.95550057529025,35.55979274281146,30.484706681898288,53.84217164572406,46.15782835427595,"218880, 234240",218880,234240
1677660999.0,71.71262221245743,836.6727941176471,140.57455962935478,91.60699889230955,116.7553882213191,0.671875,0.3828125,62.5,82.5454851676514,173.66995741334225,45036.838364022224,0.4753008890949945,0.16666666666666666,4699.556287173401,5296.473273131162,4730.64545220504,1.11960901036504,14726.675012509604,31.911862543183393,35.965167076967894,32.122970379848695,52.82148758993152,47.17851241006847,"220800, 236160",220800,236160
1677661029.0,73.69696969696969,814.1447368421053,146.9845366516384,96.78614970221744,124.15127714261232,0.6377952755905512,0.3937007874015748,109.375,87.16527528265874,181.27249536237946,49639.25924158401,0.48085218393671797,0.16666666666666666,3039.806047978878,4032.2072543699537,4093.9145622111223,0.9849270650612111,11165.927864559953,27.22394488707971,36.11170789637608,36.664347216544215,49.62031514396414,50.37968485603586,"222720, 238080",222720,238080
1677661059.0,74.3254013435045,807.2610294117648,146.25125806286152,96.51196005328579,124.9534883704828,0.6746031746031746,0.40476190476190477,101.5625,87.82738991714716,178.79519159443012,49332.79074595923,0.4912178517438563,0.2,2753.889414201225,4704.443705716833,5819.835891170355,0.8083464540390641,13278.169011088414,20.73997862131059,35.42991282750067,43.83010855118874,44.70086206288445,55.29913793711555,"224640, 240000",224640,240000
1677661089.0,73.56491633006348,815.6061746987951,139.03912377469783,103.17230633796801,139.8323414465727,0.7073170731707317,0.4959349593495935,93.75,98.33531520973047,161.21663071563268,49804.573739562824,0.609957637578858,0.16666666666666666,4088.300711662657,4784.2987497887725,8039.845599017499,0.595073461407447,16912.445060468926,24.173327375464076,28.288628478513562,47.53804414602238,37.3069627076844,62.693037292315594,"226560, 241920",226560,241920
1677661119.0,71.05950653120465,844.3627450980392,134.777459523959,103.26343727324078,140.68644183799447,0.7079646017699115,0.49557522123893805,93.75,99.23782556361148,155.39402549961756,48446.39097151524,0.6386205984724664,0.2,4555.667034560454,2576.7614522160243,7080.654490407493,0.3639157165071235,14213.08297718397,32.05263095891012,18.129504037600125,49.81786500348975,26.681686566313783,73.31831343368623,"228480, 243840",228480,243840
1677661149.0,71.72554002541295,836.5221088435375,141.2703929206716,107.91463594944103,155.76280176196065,0.7830188679245284,0.5660377358490566,109.375,109.87052729716201,160.04467327953768,55242.37043071853,0.6864991195630713,0.2,4001.387393711898,2175.5590832323282,5315.452746123574,0.4092895162728911,11492.3992230678,34.81768528959753,18.930416886889013,46.25189782351347,29.04225934748509,70.95774065251491,"230400, 245760",230400,245760
1677661179.0,73.4225621414914,817.1875,144.3347481767644,102.51501442008566,145.4710988352335,0.7431192660550459,0.5412844036697247,109.375,102.45827221325115,163.45125293814894,52612.041579708355,0.6268429906256029,0.16666666666666666,4030.472597531021,3149.196307945558,5465.641141822382,0.5761805845334984,12645.31004729896,31.873260382349663,24.90406558768582,43.22267402996452,36.555493081652855,63.44450691834716,"232320, 247680",232320,247680
1677661209.0,73.62071070948834,814.9880573248407,140.43699342020798,98.5398096783793,138.49198588188693,0.7280701754385965,0.5087719298245614,109.375,97.90099467418514,161.75103966978602,49748.96589957698,0.605257282265694,0.16666666666666666,4500.53397482836,3089.529411803332,5270.665857448742,0.5861744028863204,12860.729244080434,34.99439175970427,24.02297220606979,40.98263603422595,36.9552302583924,63.04476974160761,"234240, 249600",234240,249600
1677661239.0,71.65850244926521,837.3046875,136.79002048610798,99.18801278463688,139.443498529063,0.7520661157024794,0.512396694214876,109.375,98.5980187332296,161.35763433139687,49981.30357588259,0.6110527037768082,0.16666666666666666,5318.126619276597,2721.4037206137373,5515.282846920834,0.49342958396650294,13554.813186811169,39.23423027660118,20.07702860310655,40.68874112029226,33.040030093415524,66.95996990658446,"236160, 251520",236160,251520
1677661269.0,72.29400386847195,829.9443493150685,142.84902134923001,112.20850168050926,159.71944708444485,0.7843137254901961,0.5686274509803921,109.375,112.93787301079654,166.20054258742152,58968.748970070585,0.6795277034152352,0.16666666666666666,4859.380440176275,3041.8595690125817,4811.660176584864,0.6321850374669601,12712.90018577372,38.22401158796268,23.927345645461394,37.848642766575935,38.73243676146353,61.26756323853648,"238080, 253440",238080,253440
1677661299.0,73.77418905749687,813.2925724637681,146.2410489769628,114.82702096300127,163.63882697477797,0.7802197802197802,0.5714285714285714,117.1875,115.68712694959551,163.74202909151492,59510.70239633379,0.7065206629688113,0.16666666666666666,2314.1008899218555,3596.813277278289,6406.0349996514815,0.561472623467398,12316.949166851626,18.787938949604108,29.20214436670994,52.00991668368595,35.95789096965369,64.04210903034632,"240000, 255360",240000,255360
1677661329.0,74.05105438401776,810.2517985611511,149.1597365918379,113.62140508192427,157.94920841266287,0.7472527472527473,0.5384615384615384,109.375,111.68689035908535,176.43647944210792,61907.09930830039,0.6330147297896629,0.16666666666666666,1159.7928808920647,5224.252022839198,7900.765357765618,0.6612336636101096,14284.810261496881,8.119063954375072,36.57207850299971,55.30885754262521,39.803772226307395,60.19622777369261,"241920, 257280",241920,257280
1677661359.0,75.0321199143469,799.6575342465753,141.02498446943716,111.98423631398076,151.12482586729772,0.7157894736842105,0.5157894736842106,93.75,106.833476122883,163.7325406733379,54953.1046122273,0.6524877442415434,0.16666666666666666,1209.4846066972025,7076.201313111977,8083.936449733324,0.8753410367724266,16369.622369542503,7.388591986994047,43.22763930265143,49.38376871035451,46.67636550410801,53.32363449589198,"243840, 259200",243840,259200
1677661389.0,74.65553235908142,803.6912751677852,141.70241332572172,107.86935416206907,141.61721040568563,0.6568627450980392,0.47058823529411764,93.75,100.13140090124014,172.77894094672115,54351.429704695205,0.5795347532088247,0.16666666666666666,2135.275377345434,5529.597905348961,7597.18983256507,0.7278477999386755,15262.063115259465,13.99073874364025,36.23099880788924,49.77826244847051,42.12453203138079,57.87546796861922,"245760, 261120",245760,261120
1677661419.0,74.94333920926718,800.6048387096774,147.45492783462993,120.5687884540243,159.14562288170984,0.6481481481481481,0.4722222222222222,109.375,112.46578310760121,174.42949472609624,61629.721767757605,0.6447635664152119,0.13333333333333333,2164.2744332886136,5300.294959323724,5711.17619411069,0.9280566347767973,13175.745586723027,16.42620084793923,40.22766624049526,43.346132911565505,48.13430363181393,51.86569636818608,"247680, 263040",247680,263040
1677661449.0,71.31843213475867,841.297238372093,146.74371001066172,112.341440083015,146.24572443999043,0.664179104477612,0.43283582089552236,109.375,103.39684669883744,177.3932587832483,57622.7895517772,0.5828679590647525,0.16666666666666666,2664.1367422802246,5893.916245629387,4635.073760222927,1.2715906047082872,13193.12674813254,20.193368813479548,44.674142514879264,35.132488671641184,55.977983095751625,44.02201690424837,"249600, 264960",249600,264960
1677661479.0,69.37424303593056,864.8743016759777,139.35758590336593,102.82433911428367,131.82705936015358,0.6433566433566433,0.3916083916083916,109.375,93.2042477580778,167.6728174576284,49096.24079847874,0.555869753793759,0.13333333333333333,3412.5647160311464,5564.694049326114,4236.881965025004,1.3133936926404965,13214.140730382263,25.82509741390068,42.111660249929365,32.06324233616996,56.77346215729477,43.22653784270522,"251520, 266880",251520,266880
1677661509.0,69.21888412017168,866.8154761904761,133.71345157282897,96.99542191891291,123.60879464901895,0.6410256410256411,0.3782051282051282,93.75,87.39196178322733,163.00667083573884,44753.47253230688,0.5361250636870675,0.13333333333333333,4255.41490182923,4715.608734275283,4072.9141735977914,1.157797226576412,13043.937809702305,32.623698180038694,36.151726595689006,31.22457522427229,53.65644242732611,46.34355757267389,"253440, 268800",253440,268800
1677661539.0,67.99854703959316,882.3717948717949,124.21929110002931,81.59866357593036,108.14998874150004,0.6402439024390244,0.3902439024390244,78.125,76.47356075003029,151.52383132054956,36403.4151074993,0.5046965885402542,0.13333333333333333,4754.498794031426,3668.8561718265773,3204.4480913827147,1.144926073757516,11627.803057240719,40.88905505731596,31.55244506434905,27.55849987833498,53.37834659037065,46.62165340962935,"255360, 270720",255360,270720
1677661569.0,66.8439468159552,897.6130653266332,113.92520508835113,73.69261972611818,100.42407581667716,0.6627906976744186,0.4127906976744186,78.125,70.90933721385511,139.92484256862863,31170.812710999402,0.5067673181699408,0.13333333333333333,3448.255688483506,3557.4869975072493,2623.795679208911,1.3558551931832783,9629.538365199667,35.80914845248667,36.9434843352793,27.247367212234035,57.552569322022705,42.44743067797729,"257280, 272640",257280,272640
1677661599.0,66.88102893890675,897.1153846153846,119.72730562420402,80.82683835592758,111.70774206640274,0.6923076923076923,0.44970414201183434,78.125,78.95802081209249,142.84309712322056,35432.79277542382,0.5527604931723163,0.16666666666666666,2043.9429077597208,4075.4489362659906,3492.030294143814,1.167071472174963,9611.422138169524,21.26576981404945,42.40214275972017,36.332087426230395,53.85477531129334,46.14522468870666,"259200, 274560",259200,274560
1677661629.0,66.6972315288309,899.5875634517766,114.59393497984418,80.77967195875192,111.66943945895574,0.7023809523809523,0.4583333333333333,62.5,78.91156335070522,136.52030400169565,33844.47384605278,0.5780207122138045,0.13333333333333333,1294.3598709261857,3111.518791723691,4885.806192583952,0.6368485914252167,9291.684855233829,13.930303180666932,33.48713220693265,52.58256461240042,38.9069944991496,61.09300550085041,"261120, 276480",261120,276480
1677661659.0,65.65002742731761,913.937165775401,111.29039281601823,82.31221663516182,115.42093371089261,0.732484076433121,0.4840764331210191,62.5,81.60397155395835,124.57539787573549,31936.95095823963,0.6550568807764007,0.23333333333333334,747.7929158667831,2644.844771218112,5557.5776627271525,0.4758988414963981,8950.215349812048,8.355027076331595,29.55062719550824,62.094345728160164,32.244678843564195,67.7553211564358,"263040, 278400",263040,278400
1677661689.0,66.5017318159327,902.2321428571429,117.43532468850196,86.02103551276919,126.58295135086334,0.7730496453900709,0.5602836879432624,62.5,89.5009404238859,133.25865372263243,37469.06818002536,0.6716332329919464,0.23333333333333334,1270.0045559484365,1926.583770156909,5802.310918438639,0.3320373205156229,8998.899244543985,14.112887825902016,21.40910480051205,64.47800737358592,24.927028349858357,75.07297165014165,"264960, 280320",264960,280320
1677661719.0,67.23438121766813,892.4005681818181,114.2975041096694,86.57002840613949,130.08625229329303,0.8,0.6,62.5,91.9847357203817,124.90818933805635,36095.78993389619,0.7364187745243082,0.23333333333333334,1343.2354159508175,1933.8364848181452,5466.0511031617525,0.35379041438151715,8743.123003930716,15.363336594337383,22.118372164599936,62.51829124106268,26.133322456943766,73.86667754305623,"266880, 282240",266880,282240
1677661749.0,66.81354885205394,898.021449704142,113.68267401856268,92.68229839929221,139.1009832231744,0.8076923076923077,0.6230769230769231,62.5,98.25605371583183,120.42900371481673,37174.08466262619,0.8158836383676161,0.23333333333333334,982.9634979948506,2095.4993585666234,5105.336504387817,0.4104527403366325,8183.7993609492905,12.011089894081062,25.60545861578348,62.383451490135464,29.10077938794814,70.89922061205186,"268800, 284160",268800,284160
1677661779.0,67.37562854391784,890.529725609756,119.1277007336637,97.22361242222402,146.05742551263538,0.8145161290322581,0.6209677419354839,70.3125,103.18587207503569,127.21358195384921,41238.56959352399,0.8111230773493168,0.0,290.902906946494,3353.8931944686965,4980.3139921279935,0.6734300688209504,8625.110093543184,3.3727442756268804,38.88522184753843,57.74203387683469,40.242498408997115,59.75750159100288,"270720, 286080",270720,286080
1677661809.0,67.95249406175772,882.9697986577181,126.66179158932333,109.99890563930427,161.46533362960722,0.8148148148148148,0.6018518518518519,78.125,113.72314632976018,134.68151509255068,48117.907465620854,0.844385706914655,0.13333333333333333,541.5618193687158,4028.410413259725,4370.834777893334,0.9216569872726574,8940.807010521774,6.057191691213017,45.056451934584736,48.886356374202265,47.961576565271095,52.038423434728905,"272640, 288000",272640,288000
1677661839.0,68.04138423118088,881.8162751677852,129.44744029156536,103.4045247960616,149.22449580685313,0.7904761904761904,0.5523809523809524,78.125,105.1197891361432,144.2568457879533,47639.8939174607,0.7286987911177635,0.13333333333333333,537.2557267675011,4172.1594880378525,4322.703350457572,0.9651736771611256,9032.118565262925,5.94828027206994,46.19247918294351,47.85924054498656,49.11391234160066,50.88608765839934,"274560, 289920",274560,289920
1677661869.0,69.02554399243141,869.2434210526316,135.14643601384302,100.2878780409761,140.398027540943,0.7567567567567568,0.5135135135135135,93.75,99.1413797946971,162.07935559782936,50481.532769378486,0.6116841927771389,0.13333333333333333,765.0996280637628,4231.254483168716,5305.625001411825,0.7975034952607433,10301.979112644305,7.426724706951745,41.072248709720405,51.501026583327835,44.367284812709556,55.63271518729043,"276480, 291840",276480,291840
1677661899.0,68.1757656458056,880.078125,134.66708353815298,98.62531341816661,133.32468640581283,0.6833333333333333,0.4666666666666667,93.75,93.90174170808352,165.43938494386182,48804.78762250208,0.5675900073005409,0.13333333333333333,2820.5623797430676,4920.882878825236,5043.926606993783,0.9756055672979187,12785.371865562087,22.060855244581237,38.48838290014725,39.45076185527151,49.382608727524335,50.61739127247566,"278400, 293760",278400,293760
1677661929.0,67.91666666666667,883.4355828220858,132.57399640857204,86.51901269895944,117.93277797528447,0.6774193548387096,0.4435483870967742,109.375,82.65591175459788,166.68719040611134,43283.86361482414,0.49587440734478555,0.13333333333333333,6020.923151023218,5184.814607780357,3792.8961133425883,1.3669803898770916,14998.633872146162,40.14314371793971,34.56857905845034,25.288277223609974,57.75207921972154,42.24792078027847,"280320, 295680",280320,295680
1677661959.0,66.98648059310946,895.703125,132.40458957980601,88.0284954680008,116.77391448289526,0.6422764227642277,0.4065040650406504,85.9375,81.91155021326323,168.8252636590729,43444.265043948086,0.4851853830281946,0.13333333333333333,6906.615189884218,4657.684264257653,1933.6134079046722,2.408798079914472,13497.912862046542,51.16802323790556,34.50669975321991,14.325277008874536,70.66414681783995,29.33585318216004,"282240, 297600",282240,297600
1677661989.0,67.27708833037856,891.8340773809524,133.3148437447625,93.01361646837285,125.06557281947809,0.664179104477612,0.43283582089552236,109.375,88.12973051928243,167.1700978807185,46284.002843076065,0.5271859718725892,0.16666666666666666,4107.400066748814,4958.0009645646,1615.1118094065168,3.0697571125967116,10680.51284071993,38.45695546649379,46.42100092480579,15.122043608700428,75.42850906495623,24.57149093504377,"284160, 299520",284160,299520
1677662019.0,66.57585139318886,901.2276785714286,131.09801810083977,93.92909173095923,124.31381000381346,0.635036496350365,0.4233576642335766,78.125,87.79519646232275,163.79484433976327,45177.36068688081,0.5360070813963304,0.13333333333333333,1957.7280020618614,5310.821497104571,2225.2797193931283,2.3865860326776906,9493.82921855956,20.62105771014591,55.9397201576199,23.439222132234185,70.47173789914545,29.52826210085454,"286080, 301440",286080,301440
1677662049.0,65.92274678111588,910.15625,127.64003534993222,94.18052274024872,123.51979381330925,0.6351351351351351,0.39864864864864863,78.125,87.33782343632595,157.9564605148147,43340.07223107226,0.5529234014973041,0.13333333333333333,1782.3154696067963,5358.74651485273,2791.543063000454,1.9196359840829218,9932.60504745998,17.94408879735513,53.951068116043714,28.104843086601157,65.74915484492814,34.25084515507186,"288000, 303360",288000,303360
1677662079.0,64.7982391782832,925.9510869565217,112.75280992913814,93.04359397376518,119.41810893933574,0.6143790849673203,0.35947712418300654,62.5,84.43761836837811,136.35211555512058,36169.93501206107,0.6192615202530104,0.13333333333333333,1663.272232696051,4658.5421941749055,2997.7607713237826,1.5540073239792707,9319.57519819474,17.847082053892727,49.98663667714484,32.16628126896243,60.84584446524021,39.154155534759795,"289920, 305280",289920,305280
1677662109.0,63.47949080622348,945.187165775401,106.82509144776235,102.09590361483866,131.8297402485977,0.6369426751592356,0.37579617834394907,46.875,93.17519228616702,118.55532321927737,34703.33633032906,0.7859216250782108,0.13333333333333333,1760.813443938432,2811.877624036935,3316.9736108101583,0.8477238452765816,7889.664678785526,22.31797567611553,35.64001435444749,42.042009969436975,45.879358403240595,54.120641596759405,"291840, 307200",291840,307200
1677662139.0,64.27818366780727,933.442679558011,101.61259376137335,96.2422744027155,125.09893677511218,0.6621621621621622,0.38513513513513514,46.875,88.4386164835268,113.4370199977846,31517.126994999075,0.7796274662826472,0.13333333333333333,966.9559562787055,1560.825947050656,2585.404413325761,0.6037066924639738,5113.186316655123,18.911025266751004,30.525505044997,50.56346968825198,37.64445801098605,62.35554198901394,"293760, 309120",293760,309120
1677662169.0,64.32043695949022,932.8294836956521,97.05015573330334,97.79712652460327,125.10775590855279,0.6428571428571429,0.35714285714285715,39.0625,88.46218612135196,103.2584551014457,28696.779680016454,0.8567064656782127,0.16666666666666666,749.9825844059006,1151.6794950578176,2249.0700509761073,0.5120691970256699,4150.732130439826,18.068681881584826,27.746418194801258,54.18489992361392,33.865460524752464,66.13453947524752,"295680, 311040",295680,311040
1677662199.0,65.34173169126633,918.2493093922652,98.60428396632679,90.41138617453004,116.67596689121544,0.6466666666666666,0.3466666666666667,46.875,82.44974268877037,110.88207731389436,28721.06440969373,0.7435804296429681,0.23333333333333334,800.8871249613811,1343.3421078850108,2391.3715269451372,0.5617454639518378,4535.600759791529,17.65779589908598,29.61773266716613,52.7244714337479,35.96907927175265,64.03092072824735,"297600, 312960",297600,312960
1677662229.0,65.16047706777853,920.8035714285714,98.80124929496033,84.69539409759115,108.8665128202257,0.6293706293706294,0.32867132867132864,46.875,76.89816216330428,103.56276385858243,25018.972249825143,0.7425271332880866,0.23333333333333334,707.1460753046267,1796.6041638009706,2762.979680823961,0.6502415404174079,5266.7299199295585,13.426662958902677,34.112327594444025,52.46100944665329,39.40281010335841,60.59718989664159,"299520, 314880",299520,314880
1677662259.0,65.13521372492004,921.1607142857143,99.4658886764909,77.82058748689549,98.20160226544168,0.5972222222222222,0.2916666666666667,46.875,69.28625102546098,104.24620805712848,22691.186335721315,0.6646404921269757,0.23333333333333334,1059.973463259075,1946.8000476823718,3180.4157112114644,0.6121212522059919,6187.1892221529115,17.131744726084904,31.46501549866868,51.40323977524641,37.96992635438422,62.03007364561578,"301440, 316800",301440,316800
1677662289.0,65.17783922952226,920.558286516854,102.68553120900887,80.62858442631978,102.21012333255158,0.5945945945945946,0.33783783783783783,46.875,72.26479597845407,107.30826415897916,24361.825230188446,0.6734317859376837,0.23333333333333334,2209.300854181503,1865.9134366296898,3978.55909498882,0.4689922638022128,8053.773385800013,27.431872593743766,23.168188962450444,49.399938443805794,31.92612210144073,68.07387789855926,"303360, 318720",303360,318720
1677662319.0,66.3532248342375,904.2514534883721,118.09355431420374,101.31903397323156,128.9156850411837,0.6376811594202898,0.39855072463768115,78.125,91.14013676050172,121.29292032461217,34729.217741238754,0.7514052470382149,0.13333333333333333,3858.894353590663,2455.167341202652,3051.3666863531225,0.8046123568770343,9365.428381146437,41.203607529144215,26.215216659444582,32.5811758114112,44.58643729279641,55.41356270720359,"305280, 320640",305280,320640
1677662349.0,67.5325776035597,888.4600903614457,122.27482380887669,104.33190789225448,132.6816380186335,0.6461538461538462,0.4230769230769231,78.125,93.81623646316466,129.96996178766,38306.35866942327,0.7218301457719751,0.23333333333333334,1363.9506159827642,3912.445089450414,4102.936246864965,0.953571991872868,9379.331952298144,14.542087036897826,41.713472871506355,43.744440091595806,48.81171494267222,51.18828505732778,"307200, 322560",307200,322560
1677662379.0,67.19884933477167,892.8724315068494,120.1987504610996,103.86077676588607,131.16880605471022,0.6181818181818182,0.39090909090909093,85.9375,92.72859569020596,127.7461770222563,37214.43823842347,0.7258815711882362,0.2,1554.3744992401098,3501.1688103340966,3790.75269494318,0.923607814090488,8846.296004517386,17.570907625591143,39.577794011710836,42.85129836269803,48.01435133113058,51.98564866886943,"309120, 324480",309120,324480
1677662409.0,68.72131147540983,873.0916030534352,134.41164982575208,99.60000412220683,131.5500464743119,0.6595744680851063,0.425531914893617,93.75,92.90691352797084,149.1327351033809,43528.21802223105,0.6229813559281031,0.26666666666666666,1701.8260166647424,3481.8445799144224,5682.361103306182,0.612746095613067,10866.031699885345,15.66189077731753,32.04338691512525,52.29472230755722,37.993959326879576,62.00604067312044,"311040, 326400",311040,326400
1677662439.0,68.45771144278606,876.453488372093,138.15309490988648,110.4036483892989,149.61553270863348,0.7096774193548387,0.5053763440860215,93.75,105.79409104499918,153.84969474232327,51133.782892991156,0.6876457650578345,0.26666666666666666,2824.5567620403986,2207.165320918237,8274.872185507786,0.26673104688961363,13306.59426846642,21.226744462585373,16.587003980039526,62.1862515573751,21.056643992784153,78.94335600721585,"312960, 328320",312960,328320
1677662469.0,70.35389915440025,852.8311965811965,141.1838863845183,107.62508872108873,141.7776832168354,0.6933333333333334,0.4666666666666667,93.75,100.13402477013828,150.10123898370873,47218.89528038329,0.6671099149355213,0.23333333333333334,2251.365610463556,2826.1416620997716,9083.64651470013,0.31112413473225825,14161.153787263458,15.898179232319576,19.95700141779128,64.14481934988915,23.729571174112525,76.27042882588746,"314880, 330240",314880,330240
1677662499.0,70.75471698113208,848.0,149.6137735972193,118.27563860522075,168.56582988857528,0.8192771084337349,0.5662650602409639,109.375,119.09766959790082,162.67413233416087,60865.56184960137,0.7321242037010135,0.23333333333333334,1291.5346558730657,2620.34110135402,11636.979055490683,0.22517365450766733,15548.85481271777,8.306300826840891,16.852309272389515,74.8413899007696,18.37891744400533,81.62108255599466,"316800, 332160",316800,332160
1677662529.0,73.85861312637086,812.3629385964912,159.2165698349421,129.3175449237808,184.50513132678856,0.8309859154929577,0.5633802816901409,132.8125,130.34449915846415,174.8237552833616,71588.4608442679,0.745576589103674,0.16666666666666666,523.533178796763,5024.3976361537825,11334.17077516094,0.4432964471617853,16882.101590111484,3.101113780190833,29.761683457092637,67.13720276271654,30.714164649509062,69.28583535049094,"318720, 334080",318720,334080
1677662559.0,72.89042277825712,823.1534090909091,157.2825516054291,120.33488780547542,169.74152130020758,0.8382352941176471,0.5588235294117647,109.375,119.58809827266523,175.39884454647662,65896.83565914995,0.681806648053358,0.23333333333333334,194.47745247614932,5155.680938907452,10669.248864981453,0.48322810763458696,16019.407256365055,1.2140115384036871,32.183968210552386,66.60202025104391,32.57948694117093,67.42051305882906,"320640, 336000",320640,336000
1677662589.0,72.01363894677021,833.1755050505051,159.99039874048339,119.1527883415553,172.1075033991636,0.8448275862068966,0.5689655172413793,125.0,121.39610652648496,184.92233714109682,70525.14770384885,0.6564707563362614,0.26666666666666666,459.7160487038485,6355.684246855462,10152.964605134108,0.6259929482706507,16968.364900693417,2.7092536693683553,37.456079498831,59.834666831800654,38.49911827332553,61.500881726674464,"322560, 337920",322560,337920
1677662619.0,70.31893789104227,853.2552083333334,163.68130110751278,118.56711062610162,176.10329296088324,0.8533333333333334,0.6266666666666667,125.0,124.08379505174898,185.48687809234494,72306.63188610482,0.6689626583179306,0.23333333333333334,2197.179374283789,7101.1044518841345,9949.563983716336,0.7137101146850203,19247.84780988426,11.415195070045606,36.89297900743758,51.69182592251681,41.647073712709,58.352926287291005,"324480, 339840",324480,339840
1677662649.0,69.18403811792733,867.2520661157025,156.70290722285532,116.84371142255526,170.52206437614623,0.8333333333333334,0.6153846153846154,125.0,119.9603798639255,180.7079787883103,68102.81025130094,0.6638355465446971,0.13333333333333333,3988.355368975279,7021.90306577457,6442.452024460582,1.0899426241924564,17452.71045921043,22.852355101499313,40.233882766724385,36.9137621317763,52.15179649315037,47.84820350684962,"326400, 341760",326400,341760
1677662679.0,68.38271005342399,877.4147727272727,160.55416012331443,110.78992862180058,162.055605366705,0.8307692307692308,0.6153846153846154,101.5625,114.59061748408817,184.91687121610897,66569.52666448028,0.6196871963627819,0.23333333333333334,4140.972520715173,3589.0911390552783,8303.253649867975,0.43225117410598995,16033.317309638427,25.82729725074316,22.38520619122093,51.7874965580359,30.179844284351923,69.82015571564807,"328320, 343680",328320,343680
1677662709.0,69.50778024769768,863.2127192982456,167.00334437130866,124.06546924046022,177.21381722609857,0.8450704225352113,0.5915492957746479,117.1875,124.90019231249991,197.4885290503023,77491.64046904042,0.6324427697807531,0.13333333333333333,3567.76968530002,4476.654071514284,6575.794549966797,0.6807776668656547,14620.2183067811,24.40298503371341,30.61961167459406,44.97740329169253,40.50373111722632,59.496268882773684,"330240, 345600",330240,345600
1677662739.0,69.25982644206228,866.3030660377359,165.20729005565516,125.48329384240286,178.6762474869439,0.828125,0.609375,117.1875,126.10412762940287,197.1797189522437,78116.25564883174,0.6395390372776872,0.2,2165.3037901053185,5317.275837767361,5834.04722142483,0.9114214602583796,13316.62684929751,16.26015217374319,39.929600025158486,43.81024780109831,47.682914480575974,52.31708551942403,"332160, 347520",332160,347520
1677662769.0,71.03594080338267,844.6428571428571,181.14000884984645,115.39805178693217,157.72607866117292,0.7796610169491526,0.5423728813559322,140.625,111.27735522710869,230.30267658421988,80511.08012780658,0.48317873190855176,0.23333333333333334,2206.975236899548,9297.489960374567,6233.581826726295,1.4915164697945984,17738.04702400041,12.442041865789434,52.41552211353723,35.14243602067334,59.863801338530166,40.13619866146983,"334080, 349440",334080,349440
1677662799.0,72.52885624344177,827.2569444444445,183.0444937698479,117.69693812423017,155.87814357853958,0.7213114754098361,0.45901639344262296,156.25,110.189003634375,238.2710530996079,82482.04367991142,0.46245232981914547,0.1,,,,,,,,,,,"336000, 351360",336000,351360
1677662829.0,78.70713441072132,762.3197115384615,177.07752643592804,109.71215293667613,149.59798558692782,0.7719298245614035,0.5087719298245614,171.875,105.31882437081862,220.91067033324165,73092.45832544696,0.4767484712800254,0.13333333333333333,2497.89916330875,5829.406416018719,9019.148377995367,0.6463366796626964,17346.453957322836,14.400056457961297,33.605752682137236,51.99419085990147,39.259082765204425,60.74091723479558,"337920, 353280",337920,353280
1677662859.0,79.53304462436452,754.4034090909091,174.10908337738863,104.53326816330514,145.4703159335148,0.7796610169491526,0.559322033898305,164.0625,102.82963171903734,212.1067536064997,68520.8355290714,0.48480130863634263,0.23333333333333334,900.1787589498432,7080.028936114249,10263.97303975017,0.6897941867827218,18244.18073481426,4.934059643643448,38.80705326824493,56.258887088111635,40.82119539634902,59.17880460365098,"339840, 355200",339840,355200
1677662889.0,77.09425287356322,778.2681297709923,158.53663768085627,95.25453021678246,130.05019132216236,0.735632183908046,0.5057471264367817,125.0,91.85189023222327,186.7163209280989,53879.09002785367,0.49193284109102486,0.23333333333333334,2768.3824965631347,4564.288458979947,12379.525461602225,0.3686965605537203,19712.196417145307,14.044008277815486,23.154641737488028,62.80134998469648,26.937786736642362,73.06221326335763,"341760, 357120",341760,357120
1677662919.0,77.05882352941175,778.6259541984733,156.84705431890325,93.89705891392155,128.04289113868776,0.7362637362637363,0.5054945054945055,125.0,90.47150819614087,185.58259135973714,52747.142530059806,0.48749997256353117,0.23333333333333334,3154.6191564122446,3854.7938005319716,11218.426130715263,0.34361270962758467,18227.83908765948,17.306599763369476,21.14783755767147,61.54556267895905,25.57379125438798,74.42620874561202,"343680, 359040",343680,359040
1677662949.0,74.66195315952275,803.6221590909091,148.0843733970312,81.35048655078751,119.2337791020119,0.7368421052631579,0.5368421052631579,109.375,84.16939785115513,172.69909147010105,45666.12338922756,0.48737603153938514,0.2,3134.3057859531414,1995.166507295891,5465.345526422352,0.3650577072666692,10594.817819671385,29.583385380479875,18.831531992852845,51.58508262666727,26.743023780118754,73.25697621988125,"345600, 360960",345600,360960
1677662979.0,76.74518201284798,781.8080357142857,155.1570110654002,95.26425208447216,137.69239269519377,0.7450980392156863,0.5686274509803921,109.375,96.98645133103908,174.63413338660663,53209.60992288779,0.5553693854129284,0.23333333333333334,3596.920448895604,1836.1468843232155,4247.380152580905,0.432301046377374,9680.447485799725,37.15655143186238,18.96758271780994,43.87586585032767,30.182275400186636,69.81772459981335,"347520, 362880",347520,362880
1677663009.0,75.22707034728407,797.5852272727273,151.4761209789922,103.00702214148906,152.191302270209,0.776595744680851,0.6170212765957447,93.75,107.31828909570108,164.01744339698936,55298.538220872404,0.6543102177001191,0.2,,,,,,,,,,,"349440, 364800",349440,364800
1677663039.0,77.01288113484428,779.0904471544716,153.13621478826653,95.9206421291639,144.803424024418,0.8275862068965517,0.6436781609195402,109.375,102.23889984265188,171.37103100399872,55043.1715609153,0.5965938306122828,0.16666666666666666,4577.953920665725,1667.424400051001,3433.0715289712607,0.4856946282592178,9678.449849687986,47.30048707968775,17.228217596279173,35.47129532403307,32.69141713383619,67.30858286616382,"351360, 366720",351360,366720
1677663069.0,75.68336025848141,792.7766393442623,152.30421642743462,121.86534130683079,171.79888736802943,0.8095238095238095,0.6071428571428571,109.375,121.21491142935183,165.92527782876692,63185.65250056872,0.7305391500048853,0.2,5219.804200758443,1802.0299254347258,6355.244355480935,0.2835500611208767,13377.078481674103,39.020509656942664,13.47102753342901,47.50846280962833,22.091079242617383,77.90892075738262,"353280, 368640",353280,368640
1677663099.0,78.73015873015872,762.0967741935484,161.74606416809146,134.27574133554694,195.07183205917082,0.8426966292134831,0.6404494382022472,109.375,136.92987406251112,177.5083450320631,76360.16468634242,0.7713996434239622,0.16666666666666666,,,,,,,,,,,"355200, 370560",355200,370560
1677663129.0,83.42693174830907,719.1922169811321,177.86073509684135,140.57993799352374,241.7646332027227,0.9264705882352942,0.7941176470588235,140.625,168.6537054647726,191.16514698859874,101287.17892453221,0.8822408693297594,0.2,1140.968626697137,6345.10203805058,13439.371958735279,0.47212786858886,20925.442623482995,5.452542377367525,30.322426876313553,64.22503074631892,32.071118186318174,67.92888181368183,"357120, 372480",357120,372480
1677663159.0,86.87782805429865,690.625,175.33914310320634,133.86125953970236,237.21199642935431,0.9333333333333333,0.8133333333333334,156.25,165.94204456007458,188.5011466587582,98269.8528578271,0.8803237937882568,0.2,1856.4697189510694,5732.085194568652,13466.82299798301,0.4256449494752529,21055.377911502732,8.817080969783326,27.22385330085747,63.959065729359196,29.85630816648444,70.14369183351556,"359040, 374400",359040,374400
1677663189.0,90.75738585496866,661.1032196969697,175.1911135127524,134.51505323745363,235.36009065835546,0.9302325581395349,0.8372093023255814,156.25,164.6815895853538,187.47592329247925,96993.0071193608,0.8784146075570235,0.3333333333333333,2867.8801719292273,5419.150809077901,12468.679928071491,0.43462105373941307,20755.710909078618,13.817306400595543,26.10920354796205,60.07349005144241,30.29518161653567,69.70481838346431,"360960, 376320",360960,376320
1677663219.0,87.03114186851212,689.4083969465648,173.08003682414832,124.09668322809875,212.57578727983974,0.9195402298850575,0.8275862068965517,156.25,149.74356162536483,198.0735487596101,93180.38786239173,0.7559997918101601,0.2,1760.339683666366,5411.769269922787,9560.047436391036,0.5660818427869387,16732.15638998019,10.520698244970504,32.34352550734911,57.135776247680376,36.14637672955593,63.85362327044406,"362880, 378240",362880,378240
1677663249.0,86.20408163265306,696.0227272727273,174.63638462493913,125.04109418566043,204.42806658386343,0.9175257731958762,0.7938144329896907,140.625,143.9262667705244,204.3329756967508,92390.7288043359,0.704371217028251,0.13333333333333333,1986.756034923092,5249.615786690793,9307.964104811992,0.5639918383416271,16544.335926425876,12.008678037960374,31.7305923310328,56.26072963100683,36.06104741183648,63.938952588163524,"364800, 380160",364800,380160
1677663279.0,86.48648648648648,693.75,180.95993436345955,137.44838202273021,225.6538948285375,0.9072164948453608,0.7938144329896907,156.25,159.00390569809235,202.56676748851368,101187.26622494456,0.7849456634445652,0.2,5696.568831758958,3191.509245593459,7392.364061426406,0.431730528836757,16280.442138778822,34.99025876078726,19.60333274973852,45.406408489474224,30.154454357240436,69.84554564275956,"366720, 382080",366720,382080
1677663309.0,91.42857142857143,656.25,169.55678219562623,118.99915253028361,223.09014786819856,0.9487179487179487,0.8632478632478633,171.875,157.67502299345384,188.13503261408692,93192.81895056307,0.838094961914327,0.13333333333333333,,,,,,,,,,,"368640, 384000",368640,384000
1677663339.0,96.91756272401435,619.0828402366864,162.75193879423423,114.6178432880326,222.85873468410432,0.944,0.88,156.25,157.54721514517482,161.29359875704924,79832.1334268705,0.9767728934021898,0.16666666666666666,,,,,,,,,,,"370560, 385920",370560,385920
1677663369.0,101.85809486475893,589.054802955665,164.8082246798644,116.85298381993346,227.42775207053992,0.9423076923076923,0.8653846153846154,156.25,160.79767618172906,160.4859258908205,81071.19842396912,1.0019425397534276,0.13333333333333333,3720.863850407501,3345.5148866552627,4402.316448471762,0.7599442079672938,11468.695185534525,32.44365457633428,29.170841429938463,38.38550399372727,43.18001698730079,56.819983012699204,"372480, 387840",372480,387840
1677663399.0,104.3682664054848,574.8873873873874,163.33348483309783,119.74743213562978,219.81956618638566,0.9269662921348315,0.8426966292134831,132.8125,155.40734898670107,165.73224332661562,80914.8873313247,0.9377013541078616,0.13333333333333333,1305.957667023817,2296.944893893744,5152.318161218262,0.4458080464019002,8755.220722135822,14.916330592579632,26.235145483955407,58.84852392346497,30.834525199341446,69.16547480065854,"374400, 389760",374400,389760
1677663429.0,106.5374363944754,563.1823144104803,164.55016068193726,118.95085903795587,222.33859823810062,0.9230769230769231,0.8406593406593407,140.625,157.15969074386172,166.1894113752707,82052.98556627733,0.9456660893333386,0.23333333333333334,891.3243920906195,2798.088240422558,5406.717508421009,0.5175207019905352,9096.130140934187,9.798940629482672,30.761303950904004,59.43975541961332,34.10304065781127,65.89695934218874,"376320, 391680",376320,391680
1677663459.0,112.47053220621503,533.473069105691,155.21129701594944,116.21985797030179,219.65458361723506,0.9390862944162437,0.8578680203045685,140.625,155.03997247820115,147.76560254612897,71972.55236599456,1.0492291156177656,0.23333333333333334,505.7351283651676,2510.301067432413,5392.368827726077,0.46552844355251366,8408.405023523657,6.0146380550211935,29.854663998814335,64.13069794616447,31.765227457752342,68.23477254224765,"378240, 393600",378240,393600
1677663489.0,113.50190509179079,528.62548828125,150.9153328289311,111.92793194610674,212.95962219626426,0.9512195121951219,0.8585365853658536,125.0,150.32238587242534,144.52791253160618,68253.55284242689,1.0400924170239572,0.23333333333333334,512.9126653842183,2294.301152749647,5798.718560914178,0.3956565797509487,8605.932379048043,5.959989490888317,26.659530329744864,67.38048017936681,28.349135846982687,71.65086415301731,"380160, 395520",380160,395520
1677663519.0,114.00643086816721,526.2861010830325,146.77392095568132,114.83163259343326,214.55273517285718,0.9383259911894273,0.8458149779735683,125.0,151.60840525763612,135.4848853467734,64530.34698418985,1.119006041667265,0.0,620.1206341323589,2737.401817952747,6041.761567927838,0.45308008056524524,9399.284020012943,6.597530543943547,29.123514217936968,64.27895523811948,31.18066833515452,68.81933166484548,"382080, 397440",382080,397440
1677663549.0,114.2733470403636,525.0568181818181,149.22204858216446,114.29057716480028,213.71415887474518,0.9424778761061947,0.8584070796460177,125.0,151.00098833655096,142.44474894911585,67573.4521869327,1.0600670747820375,0.23333333333333334,980.1954414016203,3455.709457858107,5783.947104367265,0.5974656053214623,10219.852003626991,9.591092327498991,33.81369374656,56.59521392594101,37.400843143739095,62.59915685626092,"384000, 399360",384000,399360
1677663579.0,112.686230248307,532.4519230769231,150.29097133707324,115.39633714046668,215.03338017378596,0.9369369369369369,0.8558558558558559,125.0,151.94935792299142,143.55868791768964,68529.60401225158,1.0584476643455576,0.23333333333333334,882.6868290681444,2666.0103941110597,5349.739699181352,0.49834394643893193,8898.436922360557,9.919571681741912,29.96043481986976,60.11999349838831,33.25964960337249,66.7403503966275,"385920, 401280",385920,401280
1677663609.0,112.1385742838108,535.0522813688212,147.73125922437572,118.15747942778694,212.2657146855148,0.9285714285714286,0.8571428571428571,125.0,149.96607851752353,140.84611144129937,66357.15673341652,1.0647512876493228,0.3,511.6526925872069,1855.9327865660634,5178.31216681658,0.35840496416171386,7545.897645969851,6.780541117735315,24.595255245176684,68.62420363708802,26.384250177036815,73.61574982296318,"387840, 403200",387840,403200
1677663639.0,113.34680134680134,529.3488593155894,147.61081732798232,119.79067228161065,214.44973428924985,0.9289099526066351,0.8436018957345972,125.0,151.54477214826164,139.61066076848837,66467.51073076227,1.0854813759499584,0.3,377.83654811101866,1775.3684267373385,5747.1229521454125,0.30891429355528055,7900.32792699377,4.782542593200848,22.472085249414462,72.74537215738468,23.60080374064873,76.39919625935127,"389760, 405120",389760,405120
1677663669.0,110.64330236387157,542.2831632653061,145.39747767755034,113.1180308470006,205.82510841441845,0.934010152284264,0.8375634517766497,125.0,145.52926415170091,143.86295502934487,65773.23197565184,1.0115826143152429,0.23333333333333334,516.9999776839534,1960.4383047401834,7247.442343162653,0.2705007107217197,9724.88062558679,5.316260400397029,20.158996086616668,74.5247435129863,21.290874411873357,78.70912558812665,"391680, 407040",391680,407040
1677663699.0,109.64819277108434,547.204641350211,138.9369741252874,106.55356260398388,200.27094106616244,0.9263157894736842,0.8210526315789474,125.0,141.6048694719632,135.23472999894594,60161.17350034131,1.047104316125502,0.16666666666666666,752.9549436397234,2229.1411926273645,7649.708759993771,0.29140209942177975,10631.80489626086,7.082098956730602,20.966724035834588,71.95117700743481,22.564784396142294,77.4352156038577,"393600, 408960",393600,408960
1677663729.0,112.45935662400552,533.5260826771654,134.53145303832633,102.66219579479997,197.29827775943616,0.9433962264150944,0.8490566037735849,109.375,139.49969693684295,130.4747861479749,57180.734609771454,1.0691697687753454,0.16666666666666666,646.1491306394819,2246.0117004770805,4456.1866557363755,0.504021010337578,7348.347486852937,8.79312160721195,30.56485426819378,60.64202412459428,33.51156711730046,66.48843288269954,"395520, 410880",395520,410880
1677663759.0,114.13108572696018,525.7112873134329,134.63928524911043,95.55642190549747,193.9148958469459,0.9606986899563319,0.8777292576419214,109.375,137.1171033220115,135.1035772902247,58198.038988273365,1.0149035730376066,0.13333333333333333,831.6202315775738,2337.0618913102326,3407.3431992459628,0.6858897841072831,6576.025322133769,12.64624436251003,35.53912548730742,51.814630150182545,40.68414142923805,59.315858570761954,"397440, 412800",397440,412800
1677663789.0,118.42874147819501,506.63377192982455,134.53755235334364,99.2551494759299,187.72300666232348,0.9516129032258065,0.8467741935483871,109.375,132.71418419429318,138.61235762431068,57792.19169691871,0.9574484300598677,0.16666666666666666,254.02950934757507,2204.4153600535237,3198.15437925134,0.6892773451948114,5656.599248652439,4.490852156586699,38.970682969607175,56.53846487380611,40.80308938940529,59.19691061059471,"399360, 414720",399360,414720
1677663819.0,122.01508295625942,491.7424841772152,128.1880093325015,90.1702638088797,176.74508352102933,0.954225352112676,0.852112676056338,101.5625,124.95206228855878,134.534566918363,52811.33987727085,0.9287729179994388,0.16666666666666666,663.2232206203054,2726.798184682515,2712.281234442711,1.005352302724163,6102.302639745531,10.868409185421227,44.684741902545554,44.44684891203322,50.133450434541906,49.866549565458094,"401280, 416640",401280,416640
1677663849.0,122.25649189135409,490.771484375,131.36670509814695,93.64631790691425,178.31649748337807,0.9444444444444444,0.8506944444444444,93.75,126.03388126780348,141.0394482187969,55844.16269314591,0.8936073053283998,0.23333333333333334,332.3495029670369,4178.724877171723,3185.8112661193168,1.3116674304005111,7696.885646258077,4.317973765514006,54.29111291530302,41.39091331918297,56.741182280413774,43.25881771958623,"403200, 418560",403200,418560
1677663879.0,126.11006711409395,475.774863760218,126.2729415850767,75.79197232821429,160.0341507620581,0.9497041420118343,0.8550295857988166,93.75,113.15167246646433,137.58465503956316,48908.10653131671,0.8224149156308674,0.16666666666666666,1193.4911522790715,2189.3022083551928,3581.844106253199,0.6112220809758581,6964.637466887463,17.13644332462935,31.434546575668417,51.429010099702225,37.93530936502952,62.06469063497049,"405120, 420480",405120,420480
1677663909.0,126.3203307567859,474.98292349726773,125.65933405998345,75.60973420601539,159.00984379812235,0.9495548961424333,0.8486646884272997,93.75,112.41284118656445,137.45955320277997,48544.57745254626,0.8177884953600374,0.23333333333333334,1186.1421582161056,2148.1676209851184,3913.8305326529803,0.5488657730739783,7248.140311854204,16.364779201034384,29.637500497497662,53.99772030146796,35.436626118005314,64.56337388199469,"407040, 422400",407040,422400
1677663939.0,126.43769514618224,474.54202586206895,125.10990205680413,73.14462837323252,154.93581799936544,0.9495268138801262,0.8580441640378549,93.75,109.52661949448462,137.08286560956898,47168.57223895235,0.7989811053879747,0.23333333333333334,1196.0064722985453,1965.6924965118483,4709.007464027992,0.4174324444222549,7870.706432838386,15.195668679859955,24.974791186602133,59.829540133537904,29.449900491899655,70.55009950810036,"408960, 424320",408960,424320
1677663969.0,126.45401052957573,474.4807993730407,129.71752781940188,88.01112712240658,165.52656334531147,0.9407665505226481,0.8501742160278746,93.75,116.98289007099785,137.9882839513603,50712.43135454218,0.8477740770530441,0.3,1236.858569446049,2316.3817317721573,4512.215418601726,0.5133579665152539,8065.455719819933,15.335259561423303,28.71978735286978,55.944953085706906,33.921780429605946,66.07821957039405,"410880, 426240",410880,426240
1677663999.0,123.92932862190813,484.146897810219,137.54982872658252,85.91058296911406,160.35086623006507,0.9288702928870293,0.8284518828451883,101.5625,113.25610845250607,152.62641362064724,54305.17368146175,0.7420478917496154,0.23333333333333334,1610.593893928823,2771.474313000979,4452.733096699026,0.6224209385142744,8834.801303628828,18.230108845427953,31.369967673892297,50.399923480679746,38.36371460320611,61.63628539679389,"412800, 428160",412800,428160
1677664029.0,118.9288612388423,504.5032751091703,145.86452293278523,101.88960690252729,176.42212798901102,0.927461139896373,0.8341968911917098,125.0,124.61522171392875,158.90725854800803,62210.644769226186,0.7842009411815559,0.16666666666666666,1722.6554643085071,4090.148352077275,2346.473637536485,1.7431043275523175,8159.277453922266,21.112843312864733,50.128805830853196,28.758350856282085,63.54495197445502,36.45504802554498,"414720, 430080",414720,430080
1677664059.0,105.3530787217459,569.5134943181819,172.26816059226056,100.10651339910521,173.71287436378043,0.8984375,0.7890625,140.625,122.40332384388196,208.42016119380693,80146.17702281955,0.5872911869119075,0.13333333333333333,1677.4947594459732,5028.410696459315,4471.762522405621,1.124480710070051,11177.667978310908,15.007555804135315,44.98622347896197,40.00622071690273,52.929673813464426,47.07032618653557,"416640, 432000",416640,432000
1677664089.0,89.31818181818181,671.7557251908397,170.47045146914002,89.19211604179957,164.35766515617163,0.8941176470588236,0.788235294117647,140.625,114.17320698732969,210.66753918787307,75563.4355111439,0.541959180932522,0.26666666666666666,,,,,,,,,,,"418560, 433920",418560,433920
1677664119.0,78.82105263157895,761.2179487179487,167.738019871233,94.96192954775114,149.6925631121565,0.855072463768116,0.6521739130434783,125.0,105.30353932489604,209.05279048161387,69159.01672858848,0.5037174537699245,0.2,1560.0852642699006,4174.426481640198,8719.366724407013,0.4787534018904444,14453.878470317111,10.79354076121323,28.88101273449142,60.32544650429536,32.37547256211915,67.62452743788084,"420480, 435840",420480,435840
1677664149.0,74.96062992125984,800.4201680672269,159.16963637474714,124.92025517529662,173.5912687073534,0.7571428571428571,0.5857142857142857,125.0,122.51353527888503,175.05351769136902,67375.93221654257,0.6998633154855222,0.23333333333333334,900.7087967183734,3589.1184932990577,8813.709548229763,0.4072199649488034,13303.536838247193,6.770446142779623,26.978678955362234,66.25087490185815,28.937904172189498,71.0620958278105,"422400, 437760",422400,437760
1677664179.0,71.22102009273571,842.4479166666666,158.20324678103555,116.78049642678504,152.60658784513737,0.7241379310344828,0.47126436781609193,109.375,107.86243801672639,182.60803262020283,61878.52924077979,0.5906774004901745,0.23333333333333334,1472.9587153105858,4407.477290985738,8432.892027303325,0.5226531155285246,14313.32803359965,10.290819241010244,30.792819675755762,58.916361083233994,34.32515982782511,65.6748401721749,"424320, 439680",424320,439680
1677664209.0,69.39759036144578,864.5833333333334,157.04432755829393,109.17271762122823,139.6612959738134,0.6808510638297872,0.425531914893617,125.0,98.7327843265992,190.30235094355376,59027.63875108157,0.518820623271673,0.2,1109.4035876198336,6251.334708544898,7128.781509768843,0.8769148977252921,14489.519805933574,7.656593196177033,43.143836319440524,49.19957048438244,46.72107929816424,53.27892070183575,"426240, 441600",426240,441600
1677664239.0,65.96319018404908,909.5982142857143,151.12290528199114,104.89428831968705,134.9111776205464,0.6728971962616822,0.4205607476635514,93.75,95.31157263802729,173.27855759214307,51884.82213530809,0.5500482804246807,0.16666666666666666,1499.369935522509,6283.764772875826,8227.644428320691,0.7637380088092088,16010.779136719026,9.364753099890454,39.24708922168988,51.38815767841966,43.30223678316305,56.69776321683695,"428160, 443520",428160,443520
1677664269.0,65.31220876048462,918.6643835616438,148.29850882997894,107.47410661992032,140.38173403260126,0.68,0.43,78.125,99.26463014022164,158.38910750111575,49393.48998183486,0.6267137412812456,0.16666666666666666,2591.500981690875,3493.56190481227,6406.191338008024,0.5453414861471461,12491.254224511169,20.74652340839929,27.968063430788,51.2854131608127,35.289383675759225,64.71061632424076,"430080, 445440",430080,445440
1677664299.0,65.49047282992237,916.1637931034483,148.25236632207637,116.9770553714864,150.19677911695658,0.6666666666666666,0.4117647058823529,78.125,106.18079848966558,161.7735907324019,53963.91938825529,0.6563543407113015,0.0,3623.890930868103,3138.0645833839803,5265.037429360704,0.5960194254051131,12026.992943612788,30.131313353706204,26.091846882229376,43.776839764064405,37.34412099989492,62.655879000105074,"432000, 447360",432000,447360
1677664329.0,64.95263870094723,923.75,139.01766599369066,110.47501881089866,139.48152581463245,0.6513761467889908,0.3761467889908257,78.125,98.61812326671428,152.7462156691267,47323.52270291862,0.6456338236250465,0.16666666666666666,3288.5901126311715,3308.1296214691765,4106.958996228094,0.8054937058070029,10703.678730328444,30.7239239469425,30.906473417365603,38.369602635691884,44.61348733680413,55.386512663195866,"433920, 449280",433920,449280
1677664359.0,65.25139664804469,919.5205479452055,135.70323640425886,83.07940074562482,105.5188182439785,0.6346153846153846,0.3173076923076923,78.125,74.61299629231023,174.30523336171663,40857.7813478239,0.4280594153904376,0.16666666666666666,3066.6659054052116,3367.0284805007723,3968.703057140149,0.8483951638667206,10402.397443046133,29.48037625168069,32.36781231380067,38.15181143451864,45.89901447761495,54.10098552238505,"435840, 451200",435840,451200
1677664389.0,65.10652537646402,921.5666118421053,133.37331279897913,97.00615233645956,124.10158914004016,0.6666666666666666,0.37037037037037035,70.3125,87.74585962065301,165.1295235746136,45519.89310956313,0.5313759630694093,0.16666666666666666,1983.4034076123678,3822.750234772432,4404.298690274949,0.8679588973412218,10210.452332659748,19.425225670640838,37.43957770161426,43.13519662774491,46.46563147490237,53.53436852509765,"437760, 453120",437760,453120
1677664419.0,64.95655196385124,923.6943493150685,116.81963199423456,80.60371288220183,105.96203016335713,0.6804123711340206,0.3711340206185567,62.5,74.87234005008395,140.97965384027285,33161.00768663323,0.5310861391028299,0.13333333333333333,787.4852262451578,4141.021335311784,4825.094749249762,0.8582259106840665,9753.601310806704,8.073789374317025,42.45633180355295,49.46987882213002,46.18522999542768,53.81477000457234,"439680, 455040",439680,455040
1677664449.0,64.50634008886962,930.141129032258,111.92040546392403,93.706946036765,120.2026874888638,0.6636363636363637,0.36363636363636365,46.875,84.98450271949199,125.23367234307655,33435.72358185251,0.6786074474177973,0.0,,,,,,,,,,,"441600, 456960",441600,456960
1677664479.0,65.66347469220246,913.75,113.61885755307816,102.71509460525014,132.0516148328101,0.6792452830188679,0.37735849056603776,46.875,93.31866897883103,126.06230839635084,36957.59176375035,0.7402582910462739,0.16666666666666666,706.3111305340724,2152.139611054693,3241.982772518334,0.6638343760793449,6100.4335141071,11.57804816495001,35.278470064101576,53.14348177094841,39.897863971509146,60.10213602849086,"443520, 458880",443520,458880
1677664509.0,64.80329079211053,925.87890625,109.82395129346767,94.71912209243483,117.02407389858736,0.6186440677966102,0.3220338983050847,46.875,82.7365963976106,124.9857266722509,32486.87543802303,0.6619683591116778,0.16666666666666666,811.222955517408,1362.8323474920728,2291.132819030995,0.5948290453403156,4465.188122040476,18.167721792350825,30.52127503352073,51.31100317412845,37.29735466495639,62.70264533504362,"445440, 460800",445440,460800
1677664539.0,64.41193680514921,931.5043604651163,117.10070925250551,105.08591295297198,129.04939065725043,0.5954198473282443,0.3282442748091603,46.875,91.18291977698135,132.20492160980845,37871.3677598718,0.6897089659498453,0.13333333333333333,840.0353493502544,1558.8021387410256,2408.028434464789,0.6473354369204061,4806.865922556069,17.475739138227564,32.42865858659371,50.09560227517873,39.2959091641081,60.7040908358919,"447360, 462720",447360,462720
1677664569.0,62.82359734385526,955.0551470588235,97.3158101423137,93.8351527307294,115.57444123941517,0.5303030303030303,0.30303030303030304,31.25,81.69449041690116,98.35928357260543,25243.989891648755,0.8305722393412626,0.16666666666666666,841.7163682150061,1727.3165158882243,2720.934005576198,0.6348248477722411,5289.966889679428,15.911562128246404,32.65269049714033,51.43574737461327,38.8313676928333,61.16863230716671,"449280, 464640",449280,464640
1677664599.0,62.43605590947989,960.9831871345029,97.07749582745078,88.3988073345511,109.62458197813389,0.5223880597014925,0.31343283582089554,31.25,77.28862845759453,89.12229048580546,21639.7287537279,0.8672199517796764,0.2,1076.0192932092432,2050.887856857536,2944.0540116384263,0.6966203231156669,6070.961161705205,17.724035198851645,33.781930113377385,48.494034687770984,41.059293798650025,58.94070620134999,"451200, 466560",451200,466560
1677664629.0,63.51379940378882,944.6765988372093,123.42712227933875,82.36716063573793,101.1647355458694,0.49635036496350365,0.2773722627737226,31.25,71.49602884960478,148.95898224700215,33457.88539533511,0.47997124960917664,0.2,1146.2412961469367,2034.2910339988991,2941.8018202979497,0.6915119230543081,6122.334150443785,18.7222923149964,33.22737674897149,48.050330936032125,40.881291679320086,59.11870832067991,"453120, 468480",453120,468480
1677664659.0,64.18879056047197,934.7426470588235,134.0406337274332,92.99312182362796,115.89359205024591,0.5073529411764706,0.33088235294117646,31.25,81.88469102060668,160.65180027822308,41327.40954231914,0.5097029157394786,0.2,1345.2737685281486,1945.0494721963792,3087.971429056212,0.6298793615428144,6378.29466978074,21.091433340353866,30.494819899301422,48.4137467603447,38.64576584039827,61.354234159601724,"455040, 470400",455040,470400
1677664689.0,65.49408378637672,916.11328125,142.5928061255709,98.41033848128632,121.77249787925884,0.5245901639344263,0.3360655737704918,46.875,85.94580244398125,172.2770745364683,46515.9646508407,0.4988812508874354,0.16666666666666666,2358.68770050162,2286.0772072219115,4053.3727911846763,0.5639938207000599,8698.137698908207,27.11715751289708,26.28237545042384,46.60046703667909,36.061128454306186,63.9388715456938,"456960, 472320",456960,472320
1677664719.0,65.09803921568627,921.6867469879518,141.9261668965948,86.61246746979549,110.08293619316797,0.5303030303030303,0.36363636363636365,39.0625,77.82886943313892,172.9639568246009,42290.82977513391,0.4499716060038077,0.3333333333333333,5541.966363123296,3108.879158274666,3768.839612641943,0.8248902786540585,12419.685134039904,44.62243851846019,25.031867754471833,30.345693727067992,45.202184936973495,54.7978150630265,"458880, 474240",458880,474240
1677664749.0,66.0159224645206,908.871644295302,148.49022911660435,89.91380209727143,115.7934192081728,0.5535714285714286,0.36607142857142855,46.875,81.87112109969043,180.77297052652008,46495.84070091367,0.45289470467422355,0.0,7597.541515382114,4843.44214941813,4429.988823626671,1.0933305573111989,16870.972488426916,45.03321619778495,28.70873124083757,26.258052561377458,52.22923601304226,47.770763986957746,"460800, 476160",460800,476160
1677664779.0,66.95338835290015,896.1458333333334,150.92096470273955,100.91106187861007,136.51132223859807,0.6339285714285714,0.4642857142857143,62.5,96.42595358226767,186.09840053234993,56374.98711273276,0.518144988384818,0.16666666666666666,7014.820305013329,4330.1759143884865,5845.004403753868,0.7408336444721059,17190.000623155684,40.807562831405946,25.190085848836738,34.002351319757324,42.55625727504582,57.44374272495418,"462720, 478080",462720,478080
1677664809.0,68.05924800607671,881.5848214285714,151.8586927369966,100.40737335972892,139.08883177667428,0.71,0.49,62.5,98.27019512548044,186.29508682463955,57513.93634882306,0.5274975137588177,0.16666666666666666,2182.644423345767,4551.947064271902,7043.59185079734,0.6462536672616284,13778.183338415009,15.841307738011638,33.03735298383351,51.121339278154856,39.25601990224289,60.7439800977571,"464640, 480000",464640,480000
1677664839.0,68.3062645011601,878.3967391304348,153.24025085505554,101.4844449513569,142.85203448433325,0.7171717171717171,0.5050505050505051,70.3125,100.8753638935648,185.817317544171,58887.236427747666,0.5428738571128362,0.26666666666666666,1191.5687020325704,4629.008628419919,7431.871481307985,0.6228590793129846,13252.448811760474,8.991309598382676,34.92945865455484,56.07923174706249,38.38035521708167,61.619644782918336,"466560, 481920",466560,481920
1677664869.0,67.85340314136126,884.2592592592592,143.24711120287844,105.55712603912106,156.7537452619421,0.8020833333333334,0.5833333333333334,78.125,110.58106090411837,152.35609564248375,52928.60643865581,0.7258066074599734,0.26666666666666666,509.28640525606073,4913.015377635503,8008.053699573811,0.6135092947612194,13430.355482465375,3.7920545433140864,36.58142469907009,59.62652075761582,38.02328853965552,61.97671146034447,"468480, 483840",468480,483840
1677664899.0,69.23339011925043,866.6338582677165,147.2662853622821,102.33667089382006,149.39694411369786,0.7954545454545454,0.5340909090909091,93.75,105.55831240390482,168.11766467019172,55751.3848552741,0.627883527950415,0.13333333333333333,485.27474582699483,4235.564049330267,8107.649426495101,0.5224157861943078,12828.488221652362,3.782789814687061,33.01686041369502,63.20034977161792,34.31492177969516,65.68507822030485,"470400, 485760",470400,485760
1677664929.0,68.34782608695652,877.8625954198474,144.88487372824167,103.54691126653772,151.48999554426027,0.7912087912087912,0.5164835164835165,78.125,106.99815994450032,165.27323099833947,55555.709616552886,0.6474016348453631,0.26666666666666666,1456.0173314827443,4390.4415519970535,7421.562417482074,0.5915791453367047,13268.021300961871,10.973884488542309,33.09040174422064,55.935713767237054,37.1693199844959,62.830680015504115,"472320, 487680",472320,487680
1677664959.0,68.51823118696663,875.679347826087,144.99633925017375,104.18174175936088,143.39672094954483,0.7346938775510204,0.4489795918367347,62.5,100.74259867497135,168.3640252648528,53285.902087145194,0.598361784926997,0.26666666666666666,5566.129138912535,4837.524328573343,6752.695010770084,0.7163842467130271,17156.34847825596,32.44355374319351,28.196701266032484,39.35974499077401,41.73798775448699,58.262012245513,"474240, 489600",474240,489600
1677664989.0,69.32994278448824,865.4269366197183,145.32502444356976,106.36703946927028,147.97878901640726,0.7326732673267327,0.46534653465346537,62.5,104.22285260105409,174.25262142394826,57054.79492248412,0.598113541990768,0.26666666666666666,6789.793561907425,4759.797279482985,6106.500240358886,0.7794640288433439,17656.0910817493,38.45581408971027,26.958386527599416,34.585799382690304,43.80330347840734,56.196696521592656,"476160, 491520",476160,491520
1677665019.0,68.89470927187008,870.8941605839416,144.5588517118097,97.63617905392869,130.97817950007794,0.6907216494845361,0.4020618556701031,78.125,92.09607843303165,173.07890217720347,50076.635511129316,0.5321045908804117,0.26666666666666666,6652.597137355089,3214.0679453916196,5602.946925249396,0.5736388347545441,15469.612007996106,43.00429211745208,20.776655185212768,36.21905269733516,36.45301717811382,63.546982821886175,"478080, 493440",478080,493440
1677665049.0,70.6390041493776,849.3890977443609,144.18069399929476,100.01565962401975,135.33629447794843,0.7032967032967034,0.42857142857142855,78.125,95.5269250426438,179.4344635058606,53849.48218508776,0.5323778006532381,0.16666666666666666,5204.200235974939,1824.617186301063,4797.618864411265,0.38031724442224296,11826.436286687267,44.00480508091165,15.428292530988308,40.566902388100026,27.55288655264404,72.44711344735596,"480000, 495360",480000,495360
1677665079.0,71.19238095238094,842.7868150684932,130.75655626046418,92.03178882213749,119.48899587666308,0.6509433962264151,0.36792452830188677,85.9375,84.4574620647132,161.7994858719645,42930.41006031252,0.5219884452015271,0.23333333333333334,3912.502390296864,2497.5126792235224,6314.657490275368,0.39551039515123587,12724.672559795756,30.74737186290053,19.62732374831035,49.625304388789125,28.34163016810585,71.65836983189413,"481920, 497280",481920,497280
1677665109.0,70.9714681760425,845.41015625,134.29318088423864,95.30434011210417,125.74594713455431,0.6774193548387096,0.3951612903225806,93.75,88.6904788007861,164.65785311866657,45878.51168082165,0.5386349762307914,0.16666666666666666,4285.679795904291,3793.1036400108715,6877.013060413485,0.5515626634251017,14955.796496328647,28.655643963571855,25.36209717043157,45.98225886599658,35.54884868185198,64.45115131814802,"483840, 499200",483840,499200
1677665139.0,68.90701468189233,870.7386363636364,123.83887367152289,84.31922091870295,112.22900431461031,0.6692913385826772,0.3937007874015748,78.125,79.31496181467804,151.03818691416356,37634.98574071346,0.52513184536407,0.2,2911.610489393796,3167.935851793825,4757.915823104598,0.6658242746561893,10837.462164292217,26.86616520782059,29.231344052408225,43.902490739771196,39.96965855198678,60.030341448013225,"485760, 501120",485760,501120
1677665169.0,67.36130191271268,890.719126506024,112.23531063888444,76.07014488903926,102.04708354646077,0.6766917293233082,0.38345864661654133,78.125,71.88870547372278,135.33426659474668,30564.571362745988,0.5311936679643063,0.2,2108.7462820271776,1995.3669376540238,2903.9615575167472,0.6871189229379172,7008.074777197949,30.090236606612258,28.472397927977518,41.437365465410224,40.72735558803296,59.27264441196705,"487680, 503040",487680,503040
1677665199.0,67.45028722934158,889.5440251572327,118.53256503482585,84.83085555152043,113.98994077207963,0.7063492063492064,0.42063492063492064,93.75,80.12467445816132,139.02401395233892,34994.99809241325,0.5763369376288485,0.13333333333333333,1590.1078263893305,2219.6567432384,3309.7331817524196,0.6706452216378204,7119.49775138015,22.334550580918158,31.177153512101448,46.4882959069804,40.14288688895612,59.857113111043894,"489600, 504960",489600,504960
1677665229.0,66.81468830059778,898.0061349693251,112.01102734152776,83.66777889589055,111.63690079470864,0.6825396825396826,0.42857142857142855,78.125,78.78633228677941,118.5702648500085,29347.867255402634,0.6644695648309819,0.13333333333333333,1526.1698645718457,2077.7726380650824,3276.9408361804667,0.6340586363734569,6880.883338817395,22.179853798162863,30.19630672044188,47.62383948139526,38.80268567232404,61.19731432767596,"491520, 506880",491520,506880
1677665259.0,67.167404053915,893.2904411764706,107.36100676036659,86.66098642135232,117.79357164477751,0.7196969696969697,0.45454545454545453,78.125,83.19568036557574,114.35198243139726,29887.827530557297,0.7275403416419737,0.13333333333333333,1961.0628835071566,2504.9500270126637,3344.1624577986613,0.7490515364081863,7810.175368318482,25.109076186203108,32.072903729842565,42.81802008395433,42.82615582308238,57.173844176917626,"493440, 508800",493440,508800
1677665289.0,66.10919822921791,907.5892857142857,112.4982284441014,100.4274453065521,139.64660649516674,0.7463768115942029,0.5144927536231884,78.125,98.73334480080493,117.0608332712148,36309.9234918609,0.8434362035682127,0.26666666666666666,1408.0481428011217,2813.325599461232,3898.8767152643845,0.7215733671308093,8120.250457526738,17.33995952669155,34.64579835531469,48.01424211799377,41.91359955419097,58.086400445809026,"495360, 510720",495360,510720
1677665319.0,65.97490674805019,909.436677631579,121.90792739802282,99.05082770583404,144.26707275483898,0.7870370370370371,0.5740740740740741,78.125,101.96291843490366,129.34266474669994,41431.812671083906,0.7883162035866835,0.26666666666666666,1097.4519806011253,2747.862837167589,4451.836164856809,0.6172425793337731,8297.150982625524,13.22685320418083,33.11814914446771,53.65499765135145,38.16635718236207,61.83364281763793,"497280, 512640",497280,512640
1677665349.0,65.70342205323193,913.1944444444445,122.67924385457621,102.30231579562978,145.6641334465258,0.7636363636363637,0.5727272727272728,62.5,102.98755867450949,129.92695147476059,42037.2100245765,0.7926573932931513,0.16666666666666666,807.2307400774006,2850.4269310371983,6619.016323843246,0.43064207603919835,10276.673994957844,7.854980516784525,27.73686245604107,64.40815702717441,30.10131487474853,69.89868512525149,"499200, 514560",499200,514560
1677665379.0,67.0313045502153,895.1041666666666,128.45912564627534,96.46778209380726,135.4638493368746,0.75,0.5384615384615384,78.125,95.76613681946587,136.00858822031293,40919.29793411536,0.7041183065906066,0.16666666666666666,641.531443847694,2736.179170309058,8839.867526223059,0.30952716906586086,12217.57814037981,5.25088881344982,22.395430083363458,72.35368110318672,23.63655954436281,76.36344045563719,"501120, 516480",501120,516480
1677665409.0,67.8530859522908,884.2633928571429,130.82009243240975,93.91495420434234,137.01094658781872,0.7692307692307693,0.5824175824175825,93.75,96.6674311358656,137.4166059846302,41732.00667815156,0.7034625141788008,0.16666666666666666,362.4401315404077,3095.0748467192075,9450.134571893883,0.32751648383129106,12907.6495501535,2.8079483420441758,23.97860923240204,73.21344242555377,24.671368515595308,75.32863148440468,"503040, 518400",503040,518400
1677665439.0,69.72427706792199,860.5324074074074,135.99807916924013,97.32305832463805,142.19911474863028,0.788235294117647,0.611764705882353,93.75,100.54693370773512,142.96484273642426,45159.37829482354,0.7032983199450475,0.2,1474.98850972464,3289.5807587785985,5592.407531316465,0.5882226465717215,10356.976799819702,14.241496705392997,31.76197863874586,53.99652465586115,37.036535641991826,62.963464358008174,"504960, 520320",504960,520320
1677665469.0,69.62828649138713,861.71875,135.57300527776405,83.70045648629637,119.27276270866413,0.7415730337078652,0.5393258426966292,93.75,84.32944245539123,153.49754618251032,40665.91409720698,0.5493862576482009,0.2,2562.851874954301,3884.723961278442,6075.792415957801,0.6393773347284522,12523.368252190543,20.464557324711873,31.01980140685346,48.51564126843467,39.00123060041935,60.99876939958065,"506880, 522240",506880,522240
1677665499.0,71.58455392809587,838.1696428571429,148.80474660892534,100.71032609064163,136.99117904738412,0.7358490566037735,0.5377358490566038,101.5625,96.73810220652886,180.31562720365739,54800.03082213422,0.5364931687105969,0.2,3429.3099331774433,6100.91279746179,5546.165912945768,1.1000234924853478,15076.388643585002,22.746229314250357,40.466672368901335,36.78709831684831,52.3814850844114,47.618514915588605,"508800, 524160",508800,524160
1677665529.0,72.16843106934698,831.3884493670886,146.96559324680956,104.78834802701779,139.84950311934352,0.7272727272727273,0.5272727272727272,109.375,98.8852673567029,179.54803921471017,55777.896420304496,0.5507454594836998,0.2,6257.565657200838,6545.843907902265,5406.372536094582,1.2107644939745137,18209.782101197685,34.363759118178955,35.94685467143363,29.68938621038742,54.76677851822202,45.23322148177798,"510720, 526080",510720,526080
1677665559.0,72.03104786545924,832.9741379310345,149.84745792241043,107.0644628022553,140.25441048627567,0.7209302325581395,0.49612403100775193,93.75,99.13208347741583,184.86443879458804,57572.81747764938,0.5362420383487944,0.13333333333333333,2775.9132233809028,7255.231808287395,5548.287050251912,1.3076525678241508,15579.432081920211,17.817807534860815,46.569295787790786,35.61289667734839,56.665920427402796,43.33407957259719,"512640, 528000",512640,528000
1677665589.0,71.79112495970774,835.7579022988506,152.9990328411949,107.24555611146918,137.1293627908446,0.6846153846153846,0.45384615384615384,93.75,96.88279130961064,191.04621184319222,58148.02202470266,0.5071170497174293,0.13333333333333333,,,,,,,,,,,"514560, 529920",514560,529920
1677665619.0,71.86261558784676,834.9264705882352,153.72868431164792,106.15967191876423,135.74849899602867,0.6666666666666666,0.43902439024390244,85.9375,95.70566345632413,196.4437893242887,59064.40234878513,0.48719108802332034,0.16666666666666666,1398.5818025689005,7187.504532058185,7158.9095012398675,1.0039943277413081,15744.995835866954,8.882706716142433,45.649453369083254,45.46783991477431,50.099659157863236,49.90034084213676,"516480, 531840",516480,531840
1677665649.0,71.57465878997759,838.2855191256831,149.2078420358787,103.80880279757254,133.21237072541618,0.6857142857142857,0.42857142857142855,78.125,94.13134599985756,188.21637171858393,55659.78682437176,0.5001230506164481,0.16666666666666666,2122.4399206986773,6340.680402684367,6847.390145700297,0.9259995805359347,15310.510469083343,13.862633287012475,41.41390592748793,44.723460785499576,48.07890873362823,51.92109126637176,"518400, 533760",518400,533760
1677665679.0,69.81167257132202,859.4551282051282,134.657922155893,93.69442152798545,119.18282365569904,0.6558441558441559,0.38961038961038963,78.125,84.01611196741632,162.69118618851988,42941.42754659598,0.5164146499618111,0.16666666666666666,2822.6622934947823,6249.154205678801,4875.400850571625,1.281772391073466,13947.217349745208,20.238175276922515,44.805741883652246,34.95608283942524,56.17441932805808,43.82558067194192,"520320, 535680",520320,535680
1677665709.0,68.99671652681504,869.6065989847716,138.11533079685054,93.64054070378144,118.80274399664376,0.6477987421383647,0.36477987421383645,78.125,83.86528570254383,169.78282676076304,44732.77737109123,0.4939562339877661,0.16666666666666666,3057.374853122989,5400.8488883756545,4948.235204145365,1.0914697191134153,13406.458945644008,22.805237874661778,40.28542443812491,36.909337687213316,52.186733048953485,47.81326695104652,"522240, 537600",522240,537600
1677665739.0,67.20734506503443,892.75956284153,125.79571222103266,76.08353864571328,96.84197156655038,0.6068965517241379,0.3310344827586207,78.125,68.19196765227515,154.7288845089925,33147.78316755635,0.4407190542908101,0.16666666666666666,2805.4936057990635,3750.6482788830926,3743.60531488599,1.0018813318725392,10299.747199568146,27.2384705317495,36.414954718892055,36.34657474935845,50.046989095771714,49.953010904228286,"524160, 539520",524160,539520
1677665769.0,66.04921937020376,908.4134615384615,122.55859781718779,71.66021318666841,92.20493840852957,0.6219512195121951,0.32926829268292684,78.125,64.98115035465472,151.92455284011095,31014.532187563767,0.42771987239641535,0.16666666666666666,3421.3959510670156,3266.7190088579805,3408.874482962141,0.9582984135043205,10096.989442887138,33.88530779813018,32.3533963003124,33.761295901557425,48.93525965685036,51.06474034314963,"526080, 541440",526080,541440
1677665799.0,65.93429697766098,909.9968112244898,131.01238052733356,88.94476703539686,112.22224539142304,0.6144578313253012,0.3614457831325301,85.9375,79.25588747815299,155.83246453869234,38800.68075482475,0.5085967658457599,0.0,,,,,,,,,,,"528000, 543360",528000,543360
1677665829.0,65.66640886826501,913.7091708542714,131.98734133737025,88.68860168481345,111.80212187346606,0.6140350877192983,0.3684210526315789,78.125,79.04207012229982,156.5310837392778,38869.48358900713,0.5049608565539246,0.16666666666666666,2966.2519399651446,4696.822080628196,3267.9306196582947,1.4372465719970857,10931.004640251635,27.136132840364986,42.96789028277344,29.895976876861575,58.970093075950146,41.029906924049854,"529920, 545280",529920,545280
1677665859.0,63.969097054563015,937.9528985507246,118.00028165672741,87.83772989543213,108.99828369834445,0.6086956521739131,0.33695652173913043,62.5,77.07342554079447,136.47300397568262,33044.65983244712,0.5647521729244545,0.13333333333333333,2379.880360177807,4899.526001914675,4040.4283676582363,1.2126253842620052,11319.834729750719,21.023985040373603,43.282663739230856,35.69335122039554,54.80482113633809,45.195178863661916,"531840, 547200",531840,547200
1677665889.0,64.18004302498758,934.8700495049505,128.83897053382321,93.94488757921349,115.18564411185656,0.5988700564971752,0.3389830508474576,46.875,81.41924351682992,151.6607606438968,38792.71407763738,0.5368510824497598,0.13333333333333333,3212.548377824887,4455.659210753401,4003.26276166309,1.1130069335999244,11671.470350241378,27.52479577483953,38.17564605869262,34.29955816646785,52.67407862707282,47.32592137292718,"533760, 549120",533760,549120
1677665919.0,65.4526766595289,916.6928391959799,147.2273658354946,93.37523421211816,114.35336434871438,0.5976331360946746,0.3136094674556213,62.5,80.65511732468212,186.64062781609496,47292.03329037551,0.43214126671367115,0.16666666666666666,4070.4994186726562,3863.860894929856,3740.748392757878,1.0329111956340942,11675.10870636039,34.86476675335041,33.09486011744708,32.040373129202514,50.809459746809765,49.190540253190235,"535680, 551040",535680,551040
1677665949.0,68.23167606355715,879.3569711538462,154.7472314922888,97.74494125294571,118.52558919193817,0.6145251396648045,0.3128491620111732,109.375,83.61764983865993,203.87335571392242,53556.020750408694,0.41014506062279776,0.16666666666666666,5473.7435521756215,3764.14179149377,3076.3851026993016,1.2235600114533816,12314.270446368693,44.45040878397917,30.567314628076588,24.982276587944227,55.0270739332836,44.9729260667164,"537600, 552960",537600,552960
1677665979.0,69.64816525316986,861.472800925926,149.67014725182062,97.5663597430293,119.1128435985605,0.6216216216216216,0.31351351351351353,140.625,83.97356006882075,192.92650062745966,50896.07892339587,0.4352619251150643,0.16666666666666666,8031.3721007337135,4609.6170575245715,3378.856267822684,1.3642536681487736,16019.84542608097,50.13389260085062,28.7744165747063,21.091690824443077,57.70335419282624,42.29664580717376,"539520, 554880",539520,554880
1677666009.0,71.14262919953904,843.3761961722488,150.23127007430426,104.52150447615641,128.90658820301954,0.6285714285714286,0.33714285714285713,140.625,90.83003723034196,192.78152452706559,55010.39650400633,0.47115530107549214,0.16666666666666666,,,,,,,,,,,"541440, 556800",541440,556800
1677666039.0,71.13644460277877,843.4495192307693,142.72077408961883,90.05459272681045,109.4134784532572,0.6091954022988506,0.2988505747126437,125.0,76.91165396483436,185.8416664437278,44904.0088359531,0.41385581305106806,0.13333333333333333,6729.290770615416,3986.920275889347,2602.8782877542085,1.5317351927851013,13319.089334258972,50.523655196955026,29.93388043155704,19.54246437148793,60.50139829592826,39.49860170407174,"543360, 558720",543360,558720
1677666069.0,72.3608670181605,829.1774611398964,134.5154008066584,86.09212920708507,107.50118440251269,0.6455696202531646,0.3291139240506329,109.375,75.4263530659778,175.6829212222911,41629.62766454497,0.4293323024299047,0.23333333333333334,5004.427621868647,2471.3365251206105,2769.343342598476,0.8923908014965579,10245.107489587734,48.84699967232874,24.122114166515768,27.030886161155497,47.156792391446274,52.84320760855373,"545280, 560640",545280,560640
1677666099.0,74.28509672538637,807.6990223463687,132.99389189682893,98.33657896607797,124.97936669495421,0.676056338028169,0.39436619718309857,109.375,87.1416698348497,164.407427312539,45008.77406300265,0.530034872872216,0.16666666666666666,1940.5104882033197,1929.8789200536708,2923.004375014364,0.6602381223066719,6793.393783271355,28.56466959094587,28.408170961706546,43.027159447347586,39.767676301117696,60.23232369888229,"547200, 562560",547200,562560
1677666129.0,74.66781894782326,803.5590277777778,130.4376164154272,105.9223427965545,135.85416107575514,0.6805555555555556,0.4166666666666667,101.5625,95.38988601636386,153.849531971649,46105.0377491978,0.6200206448073048,0.16666666666666666,1762.8874802195942,2406.2821912238646,3241.3040290205563,0.7423808966019719,7410.473700464015,23.789133481564196,32.47136807291,43.739498445525804,42.60726790851408,57.39273209148592,"549120, 564480",549120,564480
1677666159.0,72.23636162443289,830.6066176470588,123.32699216573768,105.92209538856663,135.86190374305127,0.6642335766423357,0.4233576642335766,93.75,95.7020535881973,136.055690391595,40906.0778128564,0.7034035350726456,0.23333333333333334,1317.5480436432426,3951.7521382095897,3879.4398293501654,1.0186398841173772,9148.740011202997,14.401415299045032,43.19449600021983,42.404088700735144,50.46169414029802,49.53830585970199,"551040, 566400",551040,566400
1677666189.0,71.42390348121151,840.0548986486486,131.9509701971511,118.6522647346001,153.33715079217777,0.6666666666666666,0.45045045045045046,78.125,107.65084370163254,141.13345840327173,47730.644039340375,0.7627591991264985,0.16666666666666666,2238.031353167657,5440.197266516989,4209.56014070217,1.2923434004222454,11887.788760386815,18.826304860205422,45.762903229279544,35.41079191051504,56.37651846508678,43.62348153491322,"552960, 568320",552960,568320
1677666219.0,71.0015408320493,845.0520833333334,142.16904937038657,120.1153226325689,159.64534242547157,0.6966292134831461,0.5056179775280899,70.3125,111.81467361257693,155.2568924065508,54538.04454102901,0.7201913672198368,0.13333333333333333,4084.2248233087244,5512.426448184383,5979.174138671205,0.9219377660422932,15575.82541016431,26.22156268292198,35.39091061323235,38.38752670384567,47.969178936567374,52.030821063432626,"554880, 570240",554880,570240
1677666249.0,69.21263043772869,866.8937969924812,131.01708970653146,112.5229237119565,155.58143483452176,0.7078651685393258,0.5280898876404494,62.5,109.3100256537948,137.44414601651027,47199.36068323638,0.7953050662533426,0.16666666666666666,880.3096020523831,3291.955677709479,7325.815738357451,0.4493637016384446,11498.081018119312,7.656143670105843,28.63047905578186,63.71337727411231,31.004205578658954,68.99579442134105,"556800, 572160",556800,572160
1677666279.0,71.86525265127885,834.8958333333334,151.27137704763874,116.48988774582578,169.92787173523286,0.7808219178082192,0.6027397260273972,93.75,119.16131292183542,165.59160423057128,61990.26114305038,0.7196096292171559,0.16666666666666666,685.3146984210496,3477.7278354567366,8859.486316951836,0.3925428304801843,13022.528850829622,5.262531619405016,26.705472303370495,68.03199607722449,28.18892330549183,71.81107669450817,"558720, 574080",558720,574080
1677666309.0,73.64737550471062,814.6929824561404,164.8779753302414,131.67072207822005,192.1284015441867,0.803030303030303,0.6363636363636364,93.75,135.33438195216775,172.03967883508227,73145.33609223767,0.7866463298963704,0.0,1579.9022662728712,4205.898749074122,7337.687043452171,0.5731913509213071,13123.488058799165,12.038737408790972,32.04863470923121,55.91262788197781,36.434941660823995,63.565058339176005,"560640, 576000",560640,576000
1677666339.0,73.18317845329973,819.8605371900826,161.78315519636135,131.80534237299042,185.0660475729833,0.8,0.5714285714285714,93.75,130.62327591382473,165.53532901789038,67929.9258185929,0.7890960599698177,0.26666666666666666,2389.570862422192,4906.702577484542,7697.699309873814,0.6374245576455203,14993.972749780547,15.93687611882025,32.72449976645687,51.33862411472288,38.92848404338601,61.07151595661399,"562560, 577920",562560,577920
1677666369.0,73.29243353783231,818.6383928571429,167.6421391488406,129.39330492694236,174.65844156242892,0.7868852459016393,0.5409836065573771,93.75,123.46816320200097,186.8994359928597,72495.80068714637,0.660612818578639,0.26666666666666666,3971.787653383486,5381.192612719287,8560.083751025304,0.6286378462213927,17913.064017128076,22.172575554833895,30.040603927803254,47.78682051736287,38.598995330969196,61.4010046690308,"564480, 579840",564480,579840
1677666399.0,71.93083573487031,834.1346153846154,165.2439041263563,135.45945049019522,188.20632360408408,0.8405797101449275,0.6086956521739131,109.375,132.24618293364784,188.443217394175,78291.30442315582,0.7017826630343647,0.0,3243.7107280372356,5754.07280190899,8394.316284026801,0.6854724800944394,17392.09981397303,18.650483626084057,33.084405353320804,48.26511102059513,40.66945549036976,59.33054450963023,"566400, 581760",566400,581760
1677666429.0,72.04188481675392,832.8488372093024,161.4048499873009,115.55876366277334,163.78768082453868,0.7738095238095238,0.6071428571428571,125.0,115.77922478230667,179.50640336842937,65292.07268622728,0.6449865999747912,0.26666666666666666,2186.7027610410296,5283.94203478746,10625.468806444509,0.4972902495918739,18096.113602273,12.083825340079454,29.199319538554178,58.716855121366365,33.21268202524016,66.78731797475984,"568320, 583680",568320,583680
1677666459.0,72.84552845528455,823.6607142857143,163.04054728525745,128.88685830483408,179.0686758183593,0.7582417582417582,0.6153846153846154,125.0,126.4631789723506,173.17109579319637,68800.14800259216,0.7302787938893388,0.26666666666666666,1956.5499972484772,4284.685158597915,10766.16023462292,0.3979770935248378,17007.39539046931,11.504113077449228,25.193070780250032,63.30281614230074,28.468069710740718,71.53193028925928,"570240, 585600",570240,585600
1677666489.0,73.64526659412405,814.7163120567376,165.62710715870386,133.329839123478,181.8643173748235,0.7368421052631579,0.5894736842105263,125.0,127.98261631139044,184.2070752731248,74064.00008233321,0.6947757903524061,0.23333333333333334,1439.1699939315697,4718.755552481009,10140.61187997098,0.46533242848995743,16298.537426383558,8.830056073632022,28.952018386891794,62.217925539476184,31.756099806614397,68.2439001933856,"572160, 587520",572160,587520
1677666519.0,73.300822070503,818.5447080291971,164.16156610166476,138.50656972877945,186.9028319355443,0.7263157894736842,0.5684210526315789,125.0,131.25195800544523,184.96138969238703,76267.01402078604,0.709618143677083,0.23333333333333334,,,,,,,,,,,"574080, 589440",574080,589440
1677666549.0,72.81038961038962,824.0582191780821,162.102042451766,121.53079212016583,172.04898724921455,0.7450980392156863,0.5980392156862745,125.0,120.23868697900548,187.2192298708406,70720.37455944026,0.6422347056013217,0.23333333333333334,963.509718458054,4800.24964036071,8299.492266224355,0.5783787111768058,14063.251625043118,6.851258472416758,34.133284167458626,59.01545736012463,36.64384897497628,63.35615102502371,"576000, 591360",576000,591360
1677666579.0,74.54117647058824,804.9242424242424,161.4944307822053,125.13101701659062,182.14793183913966,0.735632183908046,0.6206896551724138,125.0,126.73032799540196,182.55344362911788,72680.92758655368,0.6942094625882371,0.23333333333333334,796.8890157797958,4931.513618276755,9035.843567903265,0.5457723544256858,14764.246201959815,5.3974243241352635,33.40172976539867,61.200845910466064,35.30742110007922,64.69257889992079,"577920, 593280",577920,593280
1677666609.0,75.08229005486004,799.1232014388489,155.44488109267624,119.91284229016316,175.71112383244704,0.7472527472527473,0.6373626373626373,109.375,122.60096336796775,173.00468359855284,66634.8793958167,0.7086569034885556,0.23333333333333334,753.5328094680214,5524.138349470043,12628.533224400742,0.4374330930845041,18906.20438333881,3.9856376996118588,29.218653503704946,66.79570879668319,30.431544618597993,69.568455381402,"579840, 595200",579840,595200
1677666639.0,75.1233342784236,798.6865942028985,160.20882138858454,121.38749473151482,171.2434131022238,0.6853932584269663,0.5730337078651685,109.375,120.00711575416793,181.81787009597255,68547.78670048973,0.6600402682685821,0.23333333333333334,646.2805711049365,4859.481657421009,17229.978015342127,0.2820364398082209,22735.740243868073,2.842575452449766,21.37375605675136,75.78366849079887,21.99909698747803,78.00090301252197,"581760, 597120",581760,597120
1677666669.0,75.66204287515762,793.0,165.76828707566474,122.8481611890842,183.99214597597407,0.7662337662337663,0.6363636363636364,125.0,127.42472453704929,187.78637579691033,75173.99944630006,0.6785621374090431,0.26666666666666666,1245.2074021715794,3830.1521579946984,16309.87307913413,0.23483641714507053,21385.232639300408,5.82274424213285,17.910266503044213,76.26698925482293,19.017613497989473,80.98238650201053,"583680, 599040",583680,599040
1677666699.0,74.82510781025395,801.8698770491803,164.61067176087596,106.79069937135078,166.15481297573055,0.7866666666666666,0.6133333333333333,125.0,116.5052827247665,192.05316556302262,70293.79018151826,0.6066303691648085,0.26666666666666666,1341.8086200126554,5866.546826341065,11068.338309355711,0.5300295909262424,18276.69375570943,7.3416375956591695,32.09851248127645,60.559849923064384,34.64178693468114,65.35821306531886,"585600, 600960",585600,600960
1677666729.0,77.76214175390423,771.583686440678,163.92585981042808,113.4791165266592,180.8724516060973,0.8309859154929577,0.676056338028169,109.375,126.8279802262309,192.4496656444494,76680.00099376714,0.6590189689419648,0.2,847.4562523219743,8618.595946597316,6782.993950260367,1.2706182564509716,16249.046149179656,5.215421536388207,53.04062692339902,41.743951540212784,55.95913152028369,44.04086847971631,"587520, 602880",587520,602880
1677666759.0,78.2532751091703,766.7410714285714,156.5000302520473,103.57731989254411,167.725367350464,0.8481012658227848,0.7088607594936709,109.375,118.3678885007268,179.18146740803857,66631.08145910728,0.6606034106818376,0.16666666666666666,728.6798958628001,8729.430489797149,6152.740356748397,1.4187873993776785,15610.850742408347,4.667778251721237,55.91899271756425,39.413229030714504,58.65697000665348,41.34302999334652,"589440, 604800",589440,604800
1677666789.0,79.6562453696844,753.2366071428571,163.09233163332868,125.77194121925982,201.60743838094444,0.8526315789473684,0.7263157894736842,109.375,142.525914018811,177.03802513636109,79270.25657656125,0.8050582009657664,0.16666666666666666,1085.0163075944697,6051.690441692641,9991.164148854825,0.6057042354154775,17127.870898141933,6.334799661014344,35.332415089310025,58.332785249675645,37.7220301258501,62.277969874149896,"591360, 606720",591360,606720
1677666819.0,80.92589393677665,741.4190573770492,155.45523356239676,117.82092697536093,190.2489460110971,0.8933333333333333,0.7333333333333333,109.375,134.0958016784186,161.92982233397007,68216.88638655722,0.8281105959707314,0.16666666666666666,171.03896831054197,5453.985935064548,10185.476582025098,0.5354669358024459,15810.50148540019,1.0818060924157504,34.49597054274904,64.4222233648352,34.87323128339504,65.12676871660496,"593280, 608640",593280,608640
1677666849.0,79.82339955849889,751.6592920353983,161.71796954113552,120.86908973359294,195.23435936874688,0.90625,0.71875,125.0,137.42666890000345,169.83731676146405,73325.32764617376,0.8091665101670132,0.16666666666666666,391.14756452409773,3573.738837865897,10151.123483910771,0.35205352821588337,14116.009886300766,2.7709499190964486,25.316919346550765,71.91213073435279,26.03843123581352,73.96156876418647,"595200, 610560",595200,610560
1677666879.0,79.14611704085388,758.0915178571429,157.721615433422,120.02162698727105,195.67349451338094,0.890625,0.734375,117.1875,136.87985328883832,160.39490944425796,68973.13789471785,0.853392752694612,0.16666666666666666,1111.3550385494932,2658.5511694045226,9791.314368919893,0.2715213779514052,13561.22057687391,8.195095952090762,19.604069960621224,72.200834087288,21.354055280522555,78.64594471947746,"597120, 612480",597120,612480
1677666909.0,74.21997238840314,808.4077380952381,170.55293493727137,123.15748652339407,187.54227066807542,0.7922077922077922,0.6623376623376623,140.625,132.55580897271227,204.90789690891617,85331.09783456569,0.6469043456711422,0.13333333333333333,5056.3671349898805,3234.6031933155487,4357.107408300028,0.7423739858131163,12648.077736605457,39.97735656190653,25.573871861604044,34.44877157648943,42.607040271361235,57.39295972863877,"599040, 614400",599040,614400
1677666939.0,76.37901331245106,785.5561023622047,157.88608449240817,120.65515076297623,178.16912162153756,0.7926829268292683,0.6463414634146342,109.375,125.04472448698337,182.01308881588005,71501.94678799629,0.6870095183840077,0.16666666666666666,4008.0837278003924,3053.6566757384,10213.094639400026,0.2989942601685113,17274.835042938816,23.20186397055478,17.676907872915397,59.12122815652983,23.01736576801536,76.98263423198463,"600960, 616320",600960,616320
1677666969.0,71.22031896042527,842.4562101910828,155.54140463612492,121.14370840982409,158.084596003325,0.6810344827586207,0.46551724137931033,109.375,111.2725164966824,179.85665150055962,62873.01491345639,0.6186733466253606,0.16666666666666666,7017.438782978919,3674.6338091841017,4008.3497377752255,0.9167448076084429,14700.422329938247,47.736307335113125,24.99679075002152,27.266901914865354,47.82821395782373,52.171786042176265,"602880, 618240",602880,618240
1677666999.0,69.83488872936108,859.1694078947369,150.06238040059046,113.00152359553688,145.599396226138,0.6637168141592921,0.40707964601769914,109.375,102.52554846880074,175.8604951475008,56643.52413038733,0.5829936301658237,0.0,5997.523930890326,3309.19931429558,2436.1900014776274,1.358350256871773,11742.913246663533,51.073560750305106,28.18039480310228,20.746044446592606,57.597477427867425,42.402522572132575,"604800, 620160",604800,620160
1677667029.0,66.20689655172414,906.25,121.97389368137725,80.35433949604399,101.07944813316732,0.6226415094339622,0.330188679245283,78.125,70.58191851464944,140.79578796721643,31220.006870191846,0.5013070315078181,0.16666666666666666,3929.764716406936,3233.594277886706,1817.191923394561,1.779445658027287,8980.550917688202,43.758615172114034,36.0066359795119,20.234748848374075,64.02160275694145,35.978397243058545,"606720, 622080",606720,622080
1677667059.0,66.42742022133878,903.2414596273292,126.46553930936038,97.74670205713109,123.69378210068565,0.6528925619834711,0.38016528925619836,78.125,87.08635943818277,151.88810598489258,41555.046721193336,0.5733586502609015,0.16666666666666666,2694.9828888602206,3452.3514671802513,2330.618755147715,1.4813025337391317,8477.953111188188,31.788131563309832,40.72152112547368,27.490347311216468,59.69858627061179,40.301413729388216,"608640, 624000",608640,624000
1677667089.0,66.06362259251244,908.2154088050314,121.5970329658201,100.69565475794884,125.80448764479846,0.6528925619834711,0.35537190082644626,78.125,88.23370179154149,143.51628622478586,39781.90358082603,0.6147992267117567,0.16666666666666666,1674.845148555654,4329.511412145908,2296.9825404313397,1.884869099324059,8301.339101132902,20.1756021305898,52.15437364262171,27.670024226788485,65.336382152164,34.663617847835994,"610560, 625920",610560,625920
1677667119.0,67.69105359690239,886.3800578034682,137.76203772710747,112.24482073376343,143.4355196220015,0.6788321167883211,0.40875912408759124,93.75,101.09663008398188,159.24596245458721,50577.22319483174,0.6348457978192822,0.16666666666666666,1815.204437344827,4873.871202459672,3809.768107883861,1.2793091506996912,10498.84374768836,17.289565222308408,46.42293303520022,36.287501742491386,56.12705719656217,43.87294280343782,"612480, 627840",612480,627840
1677667149.0,70.07140428425706,856.2694099378882,141.44558585396393,116.12896925401516,153.65978044042623,0.776,0.464,78.125,108.34248358792593,157.78753515407988,53705.81995665555,0.6866352496230406,0.26666666666666666,1562.8390549685937,6037.770697777533,6192.056098504325,0.9750833328586834,13792.665851250451,11.330942631564628,43.77522636227822,44.89383100615716,49.36922491505073,50.63077508494928,"614400, 629760",614400,629760
1677667179.0,67.52893124574541,888.508064516129,138.63485826767763,113.75411163567506,151.04402977582745,0.7807017543859649,0.4824561403508772,93.75,105.8235199663262,158.24393461561002,52608.891213249975,0.668736657890755,0.23333333333333334,1759.7727521436802,4098.314045366386,6505.125293604788,0.6300130835904811,12363.212091114854,14.233944537830803,33.14926586361604,52.61678959855316,38.650799182711566,61.34920081728845,"616320, 631680",616320,631680
1677667209.0,66.51685393258427,902.027027027027,151.35485081695793,119.60043942431818,159.63048744949847,0.7570093457943925,0.4953271028037383,101.5625,112.34387822739832,177.8435653550855,62767.87720706208,0.6317005510044212,0.23333333333333334,3546.6748053909914,3322.2530170459663,6291.068950331156,0.5280903838879537,13159.996772768114,26.950423063401505,25.245089907017913,47.80448702958058,34.55884478144034,65.44115521855966,"618240, 633600",618240,633600
1677667239.0,65.4846394984326,916.2454044117648,142.77453351048962,111.54635272456174,148.899363691765,0.7291666666666666,0.4791666666666667,101.5625,104.73047895679946,167.90044613121873,55242.68928998879,0.6237653405336979,0.23333333333333334,6161.142294949135,3597.0208587464413,5181.960456332804,0.6941428613857079,14940.123610028379,41.238897721124225,24.076245636495162,34.68485664238062,40.97310074652975,59.026899253470255,"620160, 635520",620160,635520
1677667269.0,64.21705063735236,934.3312937062936,143.378961144412,113.78373605779447,146.11473700160303,0.6476190476190476,0.42857142857142855,93.75,103.15054998545372,175.51911435097608,56878.199402858765,0.5876884142611907,0.2,4381.057279896587,2745.4384477021404,5215.667691954982,0.5263829311704235,12342.163419553708,35.49667210657469,22.2443858047815,42.258942088643806,34.48564055723523,65.51435944276477,"622080, 637440",622080,637440
1677667299.0,63.877711588175785,939.2947635135135,147.63545373007787,114.2470079022879,145.05958264413934,0.6486486486486487,0.4144144144144144,85.9375,102.27076096525965,177.2062648898971,56935.14510459472,0.5771283595915931,0.2,3401.9828557820215,2721.0155824535036,3044.0148510817903,0.8938903768772684,9167.013289317316,37.11113694736853,29.682683951428444,33.20617910120302,47.19863344736748,52.80136655263252,"624000, 639360",624000,639360
1677667329.0,66.17929117442668,906.6280241935484,154.35422142363907,111.50120181133069,152.54393898255185,0.7,0.525,101.5625,107.80038074433247,172.865962059114,58543.63102297126,0.6236067497629671,0.0,,,,,,,,,,,"625920, 641280",625920,641280
1677667359.0,63.70139968895801,941.89453125,142.3496872368215,121.44785287085175,158.9839876238583,0.6626506024096386,0.4578313253012048,78.125,111.7926528107918,156.85385112763004,55088.1668532974,0.712718572142851,0.16666666666666666,4898.14089423786,3957.6607888386457,3095.1037368391862,1.2786843754969999,11950.905419915693,40.98552136539638,33.11599121388215,25.898487420721473,56.11502800681241,43.88497199318759,"627840, 643200",627840,643200
1677667389.0,63.35151987529228,947.0964566929134,149.71633955572338,117.3702168122029,153.02418575986326,0.6049382716049383,0.43209876543209874,62.5,107.7453122283936,155.08803391433068,52496.040375381155,0.6947364636004812,0.16666666666666666,2697.5887882236016,3668.4775422808557,4545.600666545465,0.8070391157058678,10911.666997049922,24.7220593237763,33.61977178439064,41.65816889183306,44.66085480339042,55.339145196609586,"629760, 645120",629760,645120
1677667419.0,64.79404466501241,926.0110294117648,150.1358349963234,114.72787203717007,145.4823500727573,0.5824175824175825,0.38461538461538464,93.75,102.32781820557555,167.5137045841582,53851.01956818556,0.6108623677065567,0.16666666666666666,5413.0945829098155,2754.7183562176688,6523.330306379083,0.42228711821074955,14691.143245506566,36.84597238247925,18.7508780643074,44.40314955321335,29.690708212417103,70.3092917875829,"631680, 647040",631680,647040
1677667449.0,67.63108362463028,887.1660305343512,158.51518927113324,116.80007291530917,159.5084350378195,0.6904761904761905,0.5119047619047619,125.0,111.09692402960894,180.93767225866029,63151.098038494725,0.6140065948830701,0.16666666666666666,2293.4360650319204,3505.0615506773106,9478.634529061705,0.36978549388424187,15277.132144770936,15.012215927037843,22.943190629381476,62.04459344358068,26.99586873530519,73.0041312646948,"633600, 648960",633600,648960
1677667479.0,69.72542072630647,860.5182926829268,152.88774151255112,115.69181666848385,163.2544585276821,0.7307692307692307,0.5641025641025641,125.0,114.89468538586361,171.28803689608165,61826.810802144886,0.6707688842015792,0.13333333333333333,804.4976278915523,3388.519677582201,8566.289871156003,0.395564442547276,12759.307176629756,6.305182693344737,26.557238811435568,67.1375784952197,28.344405352236247,71.65559464776376,"635520, 650880",635520,650880
1677667509.0,71.25890736342043,842.0,150.70428411296078,123.79120169438947,177.5762475340427,0.8148148148148148,0.6049382716049383,109.375,124.22794575679808,154.2714281917967,60208.065929088385,0.805255692598844,0.13333333333333333,283.8079719881139,6410.27283209201,7530.56685896123,0.8512337719256696,14224.647663041353,1.9951845466479081,45.06454559677605,52.94026985657604,45.98197077186037,54.01802922813963,"637440, 652800",637440,652800
1677667539.0,67.60381669130493,887.5238549618321,151.33515213455746,113.7668864202832,151.13762805781533,0.7241379310344828,0.45977011494252873,125.0,106.783180905375,175.97220680890695,59033.265410876396,0.6068184450362312,0.13333333333333333,,,,,,,,,,,"639360, 654720",639360,654720
1677667569.0,69.19361022364218,867.1320921985815,148.60070713986082,89.49316647639607,122.467499765086,0.7216494845360825,0.44329896907216493,125.0,85.49383083434584,179.99804285113674,48345.09669342486,0.4749708912393651,0.13333333333333333,1494.1661756437948,9825.456279657257,6041.437454566,1.6263441198470687,17361.059909867054,8.606422553697856,56.59479507972332,34.79878236657881,61.92425842283647,38.075741577163534,"641280, 656640",641280,656640
1677667599.0,67.8278367803242,884.5925632911392,150.51505269537518,81.21159300187198,108.81065587304278,0.6782608695652174,0.4,140.625,75.70422469907034,187.7274435735281,44647.562602773236,0.40326668950466427,0.13333333333333333,,,,,,,,,,,"643200, 658560",643200,658560
1677667629.0,66.2771188892103,905.2898044692737,145.37168603020137,80.68532904278106,106.66756947453226,0.6944444444444444,0.3888888888888889,125.0,75.0572817855141,191.68468089687707,45199.13371379259,0.3915664070510339,0.13333333333333333,9359.59507670238,5313.243350885311,2830.2938727798874,1.8772762086598076,17503.13230036758,53.47382923287292,30.355957206435153,16.17021356069193,65.24490777109699,34.75509222890301,"645120, 660480",645120,660480
1677667659.0,64.66836014676828,927.8107541899441,144.92931319644487,80.07531429951723,106.52853956278247,0.696551724137931,0.3931034482758621,78.125,75.2227728443955,191.34326606051832,45218.108713922986,0.39312997208171374,0.16666666666666666,,,,,,,,,,,"647040, 662400",647040,662400
1677667689.0,64.35345648447915,932.3508522727273,148.21719579709855,96.75284049205897,123.95169256818255,0.6827586206896552,0.3931034482758621,78.125,87.51552541896727,189.41219250941774,52076.63433566455,0.46203744468358826,0.16666666666666666,,,,,,,,,,,"648960, 664320",648960,664320
1677667719.0,64.31313511479112,932.935393258427,141.03798298610616,94.1659199805605,119.40328145229235,0.6712328767123288,0.3767123287671233,78.125,84.29184570487188,178.53253645138562,47277.3158140947,0.47213716547305384,0.16666666666666666,7823.570641459624,4527.23283345752,2294.5836525281784,1.9730084054549082,14645.387127445323,53.42003303414441,30.912346625331104,15.667620340524488,66.3640372437162,33.6359627562838,"650880, 666240",650880,666240
1677667749.0,63.18623784592371,949.5738636363636,132.04211881886243,69.58022740423965,93.09209713477857,0.6433566433566433,0.3706293706293706,62.5,65.59057390129288,168.0254767735178,34623.139054028565,0.39036088550846776,0.16666666666666666,3211.9991403336126,3149.000017236654,3916.5525529232204,0.8040234299642721,10277.551710493486,31.25257095086302,30.639593027019195,38.1078360221178,44.56834742884661,55.43165257115339,"652800, 668160",652800,668160
1677667779.0,63.09528180649899,950.9427374301677,135.5204664460195,87.6266897425054,108.88038063588392,0.5850340136054422,0.35374149659863946,62.5,76.86654175192729,170.20664923393474,41102.07404064638,0.4516071616349176,0.16666666666666666,1698.620360076354,2911.4434038098357,5292.466224696654,0.5501109086391401,9902.529988582843,17.153397788593264,29.401005673970136,53.445596537436614,35.488487022008556,64.51151297799144,"654720, 670080",654720,670080
1677667809.0,60.9695603156708,984.0976331360947,111.71386361718768,75.50168262088309,95.5705583202644,0.5661764705882353,0.33088235294117646,46.875,67.37828238276197,123.90416678096646,26227.428993356607,0.5437935150467618,0.13333333333333333,2182.8028244360876,2339.0904795836973,5363.254804996869,0.4361326404638466,9885.148109016653,22.08164005600546,23.66267509386244,54.25568485013212,30.368548710304584,69.63145128969542,"656640, 672000",656640,672000
1677667839.0,60.42458100558659,992.9733727810651,106.40802568436493,88.46606249270374,112.68150224892315,0.6074074074074074,0.3925925925925926,46.875,79.63745183910167,113.26087528444631,28336.56098105479,0.7031329365864258,0.16666666666666666,2575.5589258155205,2186.6557456961564,4162.2049764077165,0.5253599373626712,8924.419647919392,28.859679703833486,24.501937738953654,46.63838255721288,34.44170287250446,65.55829712749555,"658560, 673920",658560,673920
1677667869.0,63.33863275039746,947.289156626506,146.78025902056496,110.31962244744457,135.53477296479005,0.6015625,0.390625,62.5,95.73640050250476,179.04579600634816,53850.66810289475,0.5347034258157638,0.16666666666666666,2984.3211999391237,1250.0955873674347,2208.048702679966,0.5661539919161028,6442.465489986524,46.3226571345649,19.403993538039884,34.27334932739523,36.149318319806135,63.850681680193865,"660480, 675840",660480,675840
1677667899.0,64.77527453866183,926.2793624161073,157.3168334018116,115.50585649043282,141.79934189145257,0.5849056603773585,0.39622641509433965,78.125,99.95386424899408,199.35796780260364,62601.25781701687,0.5013788279983092,0.16666666666666666,3477.1912855356395,1450.4026190442685,2511.133319567121,0.5775888550968272,7438.727224147029,46.74443867558749,19.49799441947652,33.757566904935985,36.61212826337928,63.3878717366207,"662400, 677760",662400,677760
1677667929.0,64.64780004131377,928.1058282208589,147.24369471461162,100.73993289763683,126.0839274542758,0.6311475409836066,0.4016393442622951,78.125,89.12830273616456,186.87450958474324,52325.76362496103,0.47694200206447607,0.16666666666666666,6054.6993360972,2013.08230919613,4747.643359211624,0.4240171716542784,12815.425004504954,47.24540414359115,15.708275835475447,37.0463200209334,29.776127710714213,70.22387228928578,"664320, 679680",664320,679680
1677667959.0,63.714341160489035,941.703216374269,143.75092233583572,96.2755855605162,120.51793242437238,0.6397058823529411,0.375,78.125,85.21436169701366,187.35124259458445,50155.578710558,0.45483745139289966,0.16666666666666666,9249.560885736772,2540.359372941541,6241.812003294444,0.4069906898190354,18031.732261972757,51.29601943593203,14.088271365358072,34.6157091987099,28.92632430079419,71.07367569920582,"666240, 681600",666240,681600
1677667989.0,64.38734001389027,931.8602071005918,144.60579372897442,99.277404105934,124.99281918712606,0.6470588235294118,0.38235294117647056,78.125,88.38024574852588,184.40594130802782,51201.18198553669,0.4792700556263389,0.16666666666666666,9182.95665048875,2258.112045050702,8267.942759482532,0.27311655519879663,19709.011455021984,46.59268006132734,11.457256748792037,41.95006318988062,21.45259631441597,78.54740368558402,"668160, 683520",668160,683520
1677668019.0,68.4248039914469,876.875,151.0479883734526,96.86051938156189,124.80819103822331,0.6822429906542056,0.411214953271028,117.1875,88.18691090469771,191.95239707607897,53179.90321267421,0.4594207326816839,0.2,3117.893303555351,4098.919354345746,5151.3063274555925,0.7957048355868875,12368.11898535669,25.209114718631017,33.14100842010564,41.64987686126332,44.31156055370473,55.688439446295284,"670080, 685440",670080,685440
1677668049.0,71.3689936536718,840.7012195121952,149.29129103636782,93.24151913479406,118.79280981281292,0.6942148760330579,0.39669421487603307,125.0,83.98947355805477,190.42249721785043,50245.01590787174,0.44106906896598297,0.13333333333333333,4562.700735034384,6025.808274147077,4565.799635737701,1.3197706327236767,15154.308644919161,30.10827377179055,39.763003481965974,30.128722746243472,56.89228987152556,43.107710128474444,"672000, 687360",672000,687360
1677668079.0,71.25859622311974,842.0036764705883,141.6470035256909,91.34239431012816,117.32157733967651,0.696969696969697,0.3787878787878788,125.0,82.93455776998779,178.38388498216358,46477.314266469264,0.4649218048944294,0.13333333333333333,8327.503414810368,4651.111077595038,3400.9396866131196,1.3675958723710628,16379.554179018525,50.84084294234044,28.39583438450909,20.763322673150473,57.763062029731636,42.236937970268364,"673920, 689280",673920,689280
1677668109.0,71.0641110376735,844.3080357142857,148.2699247662492,97.11811717063438,126.15018302973291,0.732824427480916,0.4122137404580153,125.0,89.1633249465799,183.31797050533433,51350.08519112413,0.4863861666196297,0.13333333333333333,9747.692759815753,4235.156010747897,3149.240708894522,1.3448181330777234,17132.089479458173,56.89727905929684,24.720604079414603,18.382116861288544,57.35276924494625,42.64723075505375,"675840, 691200",675840,691200
1677668139.0,73.29356902722047,818.6257102272727,148.49332114105758,87.04273161525087,117.57273965678209,0.7372262773722628,0.41605839416058393,132.8125,83.13644237862603,187.0891323904961,48864.09612068678,0.4443681004682945,0.13333333333333333,,,,,,,,,,,"677760, 693120",677760,693120
1677668169.0,73.61420989927434,815.0600282485875,147.76693329934855,98.79998606227969,134.28928192775342,0.7313432835820896,0.44776119402985076,125.0,94.94769747075665,185.951716340094,55466.977538463536,0.5106040392609406,0.16666666666666666,8377.073603807696,3926.201117621642,3054.2613999243413,1.2854830034256073,15357.536121353678,54.54698942338744,25.565306092052804,19.887704484559766,56.245572664458884,43.754427335541116,"679680, 695040",679680,695040
1677668199.0,75.35718559291612,796.2080792682926,144.45115209820867,111.16398718796498,152.96680816779067,0.7583333333333333,0.5,125.0,108.15254188952655,171.15435946852907,58153.32741914003,0.6319005967792076,0.16666666666666666,8503.753809997452,4105.760217223575,4429.828759281559,0.9268440024055146,17039.342786502584,49.9065833497613,24.09576630194846,25.99765034829025,48.1016626799275,51.898337320072514,"681600, 696960",681600,696960
1677668229.0,76.51992706433967,784.1094771241831,141.02088778807578,109.65128711928541,153.41735455678912,0.7964601769911505,0.5221238938053098,125.0,108.46112367996066,166.16185984495144,56618.103344517825,0.6527437992158228,0.16666666666666666,7947.221827827408,4376.171496543801,5790.488643046301,0.7557516759486388,18113.88196741751,43.87365359961237,24.159213935563205,31.96713246482443,43.044337436858974,56.955662563141026,"683520, 698880",683520,698880
1677668259.0,74.43997702469845,806.0185185185185,146.53088610593468,113.2610253277255,159.48699688452692,0.8137254901960784,0.5588235294117647,109.375,112.37990869949678,169.69171097996733,59909.98022593375,0.662259270358607,0.2,7576.192005592529,4241.416809467112,7481.374949484285,0.5669301215493131,19298.983764543926,39.256947920291545,21.977410112440424,38.76564196726804,36.18094475002861,63.81905524997139,"685440, 700800",685440,700800
1677668289.0,68.97558237440359,869.873046875,165.44144013327738,115.67937245407462,164.47788839984514,0.7528089887640449,0.550561797752809,109.375,115.92011952015207,198.16276909979888,72165.68782670356,0.5849742615464376,0.16666666666666666,3393.799734917622,3289.3214978087544,11622.803985896862,0.2830058479692185,18305.92521862324,18.539351026437025,17.968616491792588,63.49203248177037,22.058032581626104,77.94196741837389,"687360, 702720",687360,702720
1677668319.0,66.64886515353805,900.2403846153846,175.00841986295686,118.75740966793241,163.16419025424003,0.7126436781609196,0.5057471264367817,156.25,115.27878258535353,217.20275999626108,78661.92924994598,0.5307427151816023,0.2,6105.522328381858,4569.256627183441,6686.7598576906275,0.6833289551931812,17361.538813255927,35.166942251225755,26.31826980506308,38.51478794371116,40.59390489809292,59.406095101907084,"689280, 704640",689280,704640
1677668349.0,63.948899281396145,938.2491438356165,163.78791225382176,112.44298882743826,150.64193292521688,0.6831683168316832,0.46534653465346537,140.625,106.46936706707872,200.07992985137324,66923.41148902086,0.5321341683104752,0.16666666666666666,4680.023425066723,4268.676539420914,4461.908291835577,0.9566930246486152,13410.608256323216,34.89792062832088,31.830596031378345,33.27148334030076,48.89336306702575,51.10663693297424,"691200, 706560",691200,706560
1677668379.0,61.97894736842105,968.070652173913,146.64631978367683,101.5717886760278,137.44578775782261,0.6736842105263158,0.47368421052631576,101.5625,97.14534813070001,167.60005616400395,51150.047514943144,0.5796259879271106,0.16666666666666666,7807.740050598085,2809.3877171090853,5414.317612689444,0.5188812179257403,16031.445380396613,48.70265821536875,17.52423222265678,33.77310956197448,34.16206690832284,65.83793309167716,"693120, 708480",693120,708480
1677668409.0,61.99518072289157,967.8171641791045,153.4468849963806,104.81830075060466,143.49242933275335,0.6739130434782609,0.4782608695652174,101.5625,101.43881007330283,183.49635464369774,58476.51196450128,0.5528110368746597,0.23333333333333334,2177.5368689267325,3356.8726183400054,5507.728945443097,0.6094839908774677,11042.138432709835,19.720246057378457,30.40056632867444,49.8791876139471,37.86828538413642,62.13171461586357,"695040, 710400",695040,710400
1677668439.0,62.813039972353415,955.2156690140845,155.51354693405384,106.30260081186876,149.71941040068305,0.7281553398058253,0.5145631067961165,109.375,105.86625178932664,185.26401918839238,61616.70797612743,0.5714344979295345,0.13333333333333333,1810.7467971346875,5831.108069518545,6168.713918530502,0.9452712747793658,13810.568785183736,13.111312251507659,42.222070359435726,44.666617389056604,48.59328809482262,51.406711905177374,"696960, 712320",696960,712320
1677668469.0,64.37917559561326,931.9783834586466,153.7534991894113,108.70241890452169,159.21940667932165,0.7608695652173914,0.5543478260869565,125.0,112.53124268755529,179.37239125604663,63413.04171817829,0.6273609996474966,0.13333333333333333,1675.3561652324781,8181.3549973031895,5020.047218522635,1.6297366620609008,14876.758381058304,11.261567354388237,54.9942049722339,33.74422767337786,61.973378763472496,38.026621236527504,"698880, 714240",698880,714240
1677668499.0,65.69056603773585,913.3731617647059,154.38765650166715,116.28078401020328,171.0696236333339,0.7878787878787878,0.5959595959595959,125.0,120.62624745402347,169.27861419921481,64149.57527671184,0.7125899985928819,0.2,1977.0260959477528,8271.099146385097,4843.352962439409,1.7077217395734186,15091.478204772258,13.100281292011365,54.80642143968105,32.09329726830757,63.06858325266678,36.93141674733322,"700800, 716160",700800,716160
1677668529.0,66.02901665771091,908.69140625,155.98656381307322,116.71840264603476,174.09865731302375,0.813953488372093,0.6162790697674418,109.375,122.9936034345347,167.96739889497726,64901.89763597469,0.7322468779280036,0.13333333333333333,,,,,,,,,,,"702720, 718080",702720,718080
1677668559.0,66.41683482271549,903.3854166666666,156.1325513447139,114.37162104074272,171.7760791284965,0.7974683544303798,0.6329113924050633,109.375,121.40089002384602,166.4163790079903,63469.899626210565,0.729500850502324,0.16666666666666666,3889.9140075856785,4123.670535544077,6602.167959337982,0.6245934003711061,14615.752502467738,26.61453118427465,28.213877697011036,45.17159111871432,38.44613675202854,61.55386324797145,"704640, 720000",704640,720000
1677668589.0,66.47887323943662,902.542372881356,151.47193867029935,114.15615554207658,170.91625078866505,0.8076923076923077,0.6282051282051282,109.375,120.2548081354533,149.9134396660793,56636.041500643325,0.802161623422901,0.16666666666666666,3900.2353616614164,3468.9130719229106,6868.740727689346,0.5050289724780247,14237.889161273673,27.393353870669653,24.36395614989177,48.24268997943859,33.556096375108076,66.44390362489193,"706560, 721920",706560,721920
1677668619.0,67.47693659393762,889.1927083333334,155.06052237069648,114.11692507766014,171.8196487023379,0.8051948051948052,0.6233766233766234,140.625,121.27425394860967,165.1141173826288,62907.5384432127,0.7344874918694784,0.13333333333333333,3508.0726045015963,3871.9470804735956,6086.092664755515,0.6361958803052723,13466.112349730707,26.051116412761477,28.753265826948386,45.19561776029014,38.88262328264599,61.11737671735401,"708480, 723840",708480,723840
1677668649.0,66.23474968447623,905.8689024390244,149.62403412833117,98.26446584343705,147.7348421474682,0.7951807228915663,0.5903614457831325,109.375,104.45209509635228,164.8369861142149,54090.58686621102,0.6336690421164206,0.16666666666666666,2744.359650783372,4333.97413917976,5303.55004671123,0.8171836036255167,12381.883836674362,22.164314307769157,35.002542394581354,42.83314329764949,44.969787422422776,55.03021257757722,"710400, 725760",710400,725760
1677668679.0,66.80622347949081,898.119918699187,147.64611183169632,100.0417391908394,149.78031104836143,0.7804878048780488,0.5853658536585366,125.0,105.88590161970448,165.65939912004617,55106.660518475,0.6391783513772953,0.3,3820.4947247594328,4257.913943249759,5578.882687040952,0.7632198384705886,13657.291355050143,27.97402958930582,31.176855150529413,40.84911526016477,43.28557459588267,56.71442540411733,"712320, 727680",712320,727680
1677668709.0,67.26202440775305,892.0338114754098,151.01374825189728,113.98755756714579,170.19460485153346,0.7721518987341772,0.6075949367088608,125.0,120.30991670690972,168.60003695980168,63724.8709005023,0.7135817931973201,0.3,3055.6139961171716,5877.68597622122,6360.54934569015,0.9240846437586221,15293.84931802854,19.979365119775203,38.43169795907787,41.58893692114694,48.02723449595543,51.972765504044574,"714240, 729600",714240,729600
1677668739.0,68.12635222847253,880.7164634146342,161.9546564323942,116.44470465292981,176.11113121541945,0.7721518987341772,0.620253164556962,140.625,124.42755428932792,175.83881653872245,68735.51479456756,0.7076227919330146,0.13333333333333333,3724.605337769736,7120.890641809918,8680.98876568806,0.8202856649182073,19526.484745267713,19.074633178265238,36.4678575519625,44.45750926977226,45.06356780846626,54.93643219153374,"716160, 731520",716160,731520
1677668769.0,70.01744093863961,856.929347826087,160.20260535866794,112.88394167548564,172.3281589225594,0.8055555555555556,0.6527777777777778,140.625,121.71480833745996,181.1500608326959,69267.86094805741,0.6719004552246419,0.16666666666666666,1118.9619392008017,7784.282240465132,9656.191428060487,0.8061441509790636,18559.43560772642,6.0290730971095385,41.942451295364194,52.02847560752628,44.63343363496617,55.36656636503382,"718080, 733440",718080,733440
1677668799.0,69.61293483586478,861.9087837837837,160.67140410600354,113.27667394698837,172.8791056429621,0.8208955223880597,0.6567164179104478,140.625,122.24220831047208,183.52389066383657,70479.63838460082,0.6660833522453212,0.16666666666666666,1253.514149969104,6530.048740031071,11156.082423656117,0.5853352899387254,18939.645313656292,6.618466867831294,34.47819973335312,58.903333398815576,36.921860861455315,63.078139138544685,"720000, 735360",720000,735360
1677668829.0,75.27789745799224,797.0467032967033,165.77257488058254,130.85775548334493,205.81156050499203,0.8333333333333334,0.6875,125.0,144.95878021033926,181.62078931419472,82710.36880275622,0.7981397986304748,0.2,602.2723555555938,6120.171864986344,9344.92916377301,0.6549190216135709,16067.373384314948,3.748418245782071,38.09068052753966,58.16090122667826,39.57408266266799,60.42591733733202,"721920, 737280",721920,737280
1677668859.0,72.15189873417722,831.578947368421,158.8303216326927,120.53425214470221,180.72514131837178,0.7636363636363637,0.6727272727272727,140.625,125.2602533496355,181.0122853377135,71231.35568496559,0.691998629352357,0.2,578.9319234502248,2522.530658145707,17130.441377395495,0.1472542710705818,20231.903958991425,2.8614801880420004,12.46808339570359,84.67043641625442,12.835364817005102,87.16463518299489,"723840, 739200",723840,739200
1677668889.0,71.21661721068249,842.5,163.03517641907834,123.77079839673647,183.98002436244752,0.7457627118644068,0.6610169491525424,132.8125,128.947712361798,191.1973564075669,77454.27581267062,0.6744220463327218,0.2,792.6820578645838,3089.3980048088033,15857.283361695832,0.19482517492696255,19739.36342436922,4.015742761420455,15.650950531640694,80.33330670693884,16.305747402658458,83.69425259734155,"725760, 741120",725760,741120
1677668919.0,71.44551216520138,839.8008241758242,165.87125015224305,122.6776468438927,192.00321449132042,0.7547169811320755,0.7169811320754716,156.25,134.60550283187507,203.19943798585203,85928.09621202668,0.6624304878306165,0.16666666666666666,2008.444544641618,3515.107594531294,11984.645407414926,0.29330092589610446,17508.19754658784,11.471452382789925,20.07692445311911,68.45162316409096,22.678474902728585,77.3215250972714,"727680, 743040",727680,743040
1677668949.0,70.17395888244597,855.0180288461538,169.1831481728658,130.20111937541577,196.52311214576298,0.7543859649122807,0.7017543859649122,125.0,137.576881539388,207.78544935857062,89807.05718799723,0.6621102775198408,0.0,1992.8073618586923,5252.880025708583,9847.373658159586,0.5334295425416318,17093.061045726863,11.658575117280582,30.73106690285742,57.61035797986198,34.7867005129875,65.21329948701249,"729600, 744960",729600,744960
1677668979.0,70.48407414072341,851.2561274509804,169.6142875746738,133.83779106693862,203.00939757756953,0.75,0.6923076923076923,132.8125,141.90393219743916,205.54202471244662,91631.52891103849,0.6903888992820949,0.16666666666666666,3174.4199475286914,4365.646005097837,9725.53101911152,0.44888510421888117,17265.59697173805,18.385810538291146,25.28523057872795,56.32895888298089,30.98141480727575,69.01858519272425,"731520, 746880",731520,746880
1677669009.0,70.6322877319757,849.4698660714286,165.14834565618008,145.24946731366995,218.114069482082,0.7758620689655172,0.7068965517241379,132.8125,152.03849728859294,186.63524016038218,89145.02089544317,0.8146290976877729,0.16666666666666666,2827.476016855347,5219.268054895282,8635.507413247613,0.6043962219160943,16682.25148499824,16.94900726918064,31.286352801891194,51.76463992892818,37.67125686660353,62.32874313339646,"733440, 748800",733440,748800
1677669039.0,71.75654030966363,836.1607142857143,160.78412834254118,131.78291813648775,194.27425314313277,0.711864406779661,0.6610169491525424,140.625,136.6907732127767,183.78531314287676,78922.32584993268,0.7437524298065741,0.16666666666666666,1664.0548867559903,1909.9646222107065,12372.104667564729,0.15437669446961247,15946.124176531426,10.435481803189825,11.977610365167486,77.58690783164269,13.373164514599116,86.62683548540089,"735360, 750720",735360,750720
1677669069.0,71.32924335378323,841.1697247706422,159.15467773771468,131.78800488592094,195.23435936874688,0.765625,0.671875,140.625,135.26007572797488,183.9048306808217,78147.0585876357,0.7354895204614128,0.23333333333333334,993.0447023720667,2487.9282667758916,11513.815586284585,0.21608199715648962,14994.788555432544,6.622598902952127,16.591952981387834,76.78544811566005,17.768702905046247,82.23129709495375,"737280, 752640",737280,752640
1677669099.0,72.512969495746,827.4381868131868,147.7769986740053,122.45345990794694,206.14828328585358,0.8181818181818182,0.7727272727272727,125.0,142.98054253233065,134.12087785952124,60245.30406886035,1.0660573119875418,0.26666666666666666,124.74136973418533,1621.2039941092162,11960.562398836915,0.13554579960778998,13706.507762680318,0.9100886374122773,11.82798727567487,87.26192408691284,11.936621108070375,88.06337889192963,"739200, 754560",739200,754560
1677669129.0,70.58569111551631,850.030637254902,148.33280950723477,121.24538666267782,182.06258499694337,0.75,0.6730769230769231,132.8125,127.43431579587643,160.51636568274597,64262.198953540006,0.7939023242511305,0.23333333333333334,657.2501502063627,4051.116036903694,7702.288701047038,0.525962631906149,12410.654888157094,5.295853894330312,32.64224227820148,62.0619038274682,34.46759579224724,65.53240420775276,"741120, 756480",741120,756480
1677669159.0,69.89761092150171,858.3984375,150.5100057154848,120.05850884377138,172.84880382685614,0.7083333333333334,0.625,125.0,120.75638348800985,155.24306623393932,58894.15331943505,0.7778536357046653,0.3,617.7758854529716,4570.945144917061,6545.574006752373,0.6983260964128895,11734.295037122405,5.2647038744005235,38.953726069239785,55.78157005635969,41.118492961266696,58.8815070387333,"743040, 758400",743040,758400
1677669189.0,67.59430008382229,887.6488095238095,141.36043206829538,109.87585310952797,151.34696388703205,0.7096774193548387,0.532258064516129,93.75,106.42796586579352,149.56058495324336,50006.07747722057,0.7116043702227144,0.13333333333333333,709.547125536976,5670.880110228326,6234.7825737479325,0.9095553923734302,12615.209809513235,5.624536858688633,44.95272132495069,49.42274181636069,47.63178884498988,52.36821115501012,"744960, 760320",744960,760320
1677669219.0,65.09343299519487,921.7519685039371,141.877027877779,109.62521117592004,141.45025935675417,0.6511627906976745,0.45348837209302323,62.5,99.9804958965909,157.65324459511865,49518.56746675298,0.6341797541392722,0.13333333333333333,,,,,,,,,,,"746880, 762240",746880,762240
1677669249.0,62.59618842143114,958.5248161764706,137.08758908729732,83.17811456634917,107.9901053989562,0.6213592233009708,0.36893203883495146,46.875,76.3496858223222,158.04461779567615,37908.52071632369,0.4830894394710037,0.13333333333333333,1669.1298854482666,8700.681628828299,2834.318633163136,3.0697612918411457,13204.1301474397,12.640968142622505,65.89363730647091,21.46539455090659,75.4285342974599,24.5714657025401,"748800, 764160",748800,764160
1677669279.0,63.20148659410672,949.3447580645161,137.5871895217937,84.8298023347508,109.72953901732453,0.625,0.3522727272727273,62.5,77.57587230558292,162.63719939932034,39636.60307256201,0.4769872611684133,0.13333333333333333,3386.453622290006,6846.08634800149,2658.7430016138587,2.5749334718872454,12891.282971905353,26.26932966773192,53.10632279906913,20.624347533198954,72.02745147947915,27.97254852052084,"750720, 766080",750720,766080
1677669309.0,64.98119757014753,923.3440170940171,148.48469652827433,94.82056547956442,122.37623632251244,0.6463414634146342,0.3780487804878049,62.5,86.47262377747673,181.83446230220827,49397.46998420223,0.47555684814993715,0.0,2740.4617186016662,5701.272958399684,1488.2595292059887,3.8308324902454403,9929.994206207339,27.597817900926632,57.41466550741552,14.987516591657856,79.29963413098612,20.700365869013872,"752640, 768000",752640,768000
1677669339.0,65.25345622119815,919.4915254237288,154.901852408074,96.59770773005394,128.53472189736013,0.6951219512195121,0.43902439024390244,62.5,90.88767359877235,187.690887318625,53591.76338692001,0.48424126976650167,0.13333333333333333,4597.769280127322,2890.71391809581,2808.5470437786967,1.0292560078347714,10297.030242001829,44.65141086381307,28.073277927304904,27.275311208882023,50.7208555185205,49.279144481479506,"754560, 769920",754560,769920
1677669369.0,67.29539295392954,891.5914948453608,158.99354290877025,103.03182607276618,137.58962243141622,0.7213114754098361,0.4426229508196721,93.75,97.26627405165519,186.94927883859472,57126.280327890214,0.5202816221379029,0.16666666666666666,6837.995628645196,1525.247560454785,6754.99357622429,0.2257955604611135,15118.236765324273,45.23011337095254,10.088792655722571,44.681093973324884,18.420327805411116,81.5796721945889,"756480, 771840",756480,771840
1677669399.0,67.22100656455142,892.578125,157.4128528622869,110.63694357106363,146.6873205472387,0.7164179104477612,0.4626865671641791,93.75,102.32346874870173,184.0006833664227,59148.612692830255,0.556103743076501,0.16666666666666666,6786.4546686551475,3823.1969327321426,9060.786843421125,0.4219497708974467,19670.438444808417,34.50077987685264,19.43625681481031,46.062963308337046,29.674027840739978,70.32597215926002,"758400, 773760",758400,773760
1677669429.0,72.62234353675181,826.1920103092783,164.1105527928322,120.8242576590816,174.23029884006485,0.7966101694915254,0.6271186440677966,156.25,123.142484453195,187.609939759472,72579.44252713598,0.6563750546003669,0.1,1480.9720010844098,5821.865695111796,5865.98513963408,0.9924787664011989,13168.822835830286,11.246046966741165,44.20946175440541,44.54449127885343,49.811259378879456,50.188740621120544,"760320, 775680",760320,775680
1677669459.0,80.46183450930084,745.6951530612245,166.67667365758837,125.64935501890436,200.50392244708496,0.8771929824561403,0.7192982456140351,125.0,139.98338203611198,165.78991786408983,72909.5589469201,0.8443419469624602,0.23333333333333334,628.4067589808805,5507.068840112482,10285.206717191655,0.5354358926892011,16420.682316285016,3.8269223341448217,33.537393477559164,62.635684188296025,34.87191456436682,65.1280854356332,"762240, 777600",762240,777600
1677669489.0,85.16300731869595,704.53125,162.7566332893609,112.17064928256023,182.7954097110775,0.847457627118644,0.7288135593220338,109.375,127.63401882218136,185.17959662436064,74252.22133185876,0.6892445018178148,0.23333333333333334,1432.4727711620822,3750.8540331448494,7817.186017900078,0.4798215143602835,13000.512822207009,11.018586656944667,28.851585198529826,60.12982814452551,32.424282908720045,67.57571709127997,"764160, 779520",764160,779520
1677669519.0,86.23211446740859,695.7964601769911,162.7262772723056,110.47429495060386,188.04645611070978,0.8695652173913043,0.782608695652174,109.375,131.88118844176776,180.65387454545507,74847.9664181975,0.7300213669570901,0.16666666666666666,1309.9221549444908,3255.4300678184486,9309.225808730695,0.349699334263149,13874.578031493635,9.441167522148234,23.463272615779818,67.09555986207195,25.909424816754676,74.09057518324532,"766080, 781440",766080,781440
1677669549.0,84.66571834992888,708.6693548387096,166.74900039112262,112.54661765155828,189.32736665052022,0.8846153846153846,0.8076923076923077,132.8125,132.93133992604305,182.80407519346747,76341.92877496059,0.7271793026788791,0.2,854.0376801358107,3543.9397897790277,12251.392744341492,0.2892683194256306,16649.37021425633,5.129549461303498,21.285728794380848,73.58472174431566,22.436626656156392,77.56337334384361,"768000, 783360",768000,783360
1677669579.0,85.75198781931991,699.6922348484849,162.2921984314403,109.52220644199924,185.98978727292416,0.8850574712643678,0.7931034482758621,125.0,131.30102846374612,177.08333333333331,73045.87384706578,0.7414646313246841,0.16666666666666666,1686.7193682268319,5232.454541747286,10117.694561532035,0.5171587766289498,17036.868471506154,9.900407290505521,30.712537051621133,59.38705565787334,34.087320628237116,65.91267937176289,"769920, 785280",769920,785280
1677669609.0,92.87385393613657,646.0375816993464,150.69072928198815,104.45712131016738,190.67505862842825,0.9090909090909091,0.8272727272727273,125.0,134.65957787838684,161.1706154394183,68182.5101371202,0.8355094848477725,0.23333333333333334,1148.4557188619829,8552.047917525679,5746.538193849276,1.4882086621610278,15447.041830236936,7.434793868518754,55.36366128552461,37.20154484595664,59.81044454963465,40.18955545036535,"771840, 787200",771840,787200
1677669639.0,92.44102070293692,649.0625,152.10791039998546,104.06843681101996,189.6304158152714,0.9181818181818182,0.8181818181818182,117.1875,133.9044953270862,159.7472762769136,67201.42646586141,0.8382270949957841,0.3333333333333333,2739.2383595998804,9492.498224620673,6330.697062967043,1.499439655729123,18562.433647187594,14.756892397107121,51.13822037046789,34.10488723242499,59.99103248170697,40.00896751829303,"773760, 789120",773760,789120
1677669669.0,96.16737993342844,623.9121835443038,151.74597289761442,98.5187605512552,200.37196855161653,0.9416666666666667,0.8666666666666667,125.0,141.54598106956072,155.10605550674387,68972.53195540178,0.9125754671996441,0.26666666666666666,1210.711726564134,6319.940575035787,8871.563419651337,0.7123818290062078,16402.215721251257,7.381391314074084,38.53101728717945,54.087591398746476,41.6018096512764,58.3981903487236,"775680, 791040",775680,791040
1677669699.0,98.90499648135116,606.6427595628415,144.5149427348915,104.6721251445456,204.32756581552547,0.9300699300699301,0.8461538461538461,109.375,144.47611873234038,147.1116531075278,66771.78932796961,0.9820848021246759,0.2,1702.7956236907532,2213.365136156324,6771.851069561988,0.3268478756281164,10688.011829409064,15.931827648294249,20.70885747025506,63.35931488145069,24.63340987552095,75.36659012447903,"777600, 792960",777600,792960
1677669729.0,101.59980310115677,590.5523255813954,148.6868520264045,110.55395937583363,210.02364875345415,0.9314285714285714,0.8285714285714286,125.0,148.47000852401956,152.8477289741363,71293.11594979503,0.9713589434432651,0.16666666666666666,1434.4625849286442,1166.0640781632796,6345.780454671718,0.18375424212869382,8946.307117763641,16.034130798845467,13.034026920984658,70.93184228016987,15.523006008262033,84.47699399173798,"779520, 794880",779520,794880
1677669759.0,105.3715395823215,569.4137168141593,139.4747396798132,101.05958501424773,199.0222287339832,0.9354838709677419,0.8279569892473119,117.1875,140.72965413810365,142.71196933323571,63095.137654749495,0.9861096780852115,0.26666666666666666,851.9988615052273,2047.3072027304415,4930.6578299181065,0.41521989019555333,7829.963894153775,10.88126168935939,26.147083567767904,62.971654742872715,29.33960249372829,70.6603975062717,"781440, 796800",781440,796800
1677669789.0,106.91415313225059,561.1979166666666,139.29083105475706,97.90762858147059,205.4806186425407,0.9469026548672567,0.8672566371681416,109.375,145.2953489044059,137.91997770047647,62954.78761632966,1.0534757279322267,0.23333333333333334,569.5402326544045,3606.77914916972,5203.952450869722,0.6930845704723779,9380.271832693847,6.0716815334640755,38.45068899388087,55.47762947265506,40.93620499293809,59.06379500706191,"783360, 798720",783360,798720
1677669819.0,109.38298943130346,548.5313604240283,138.93958277872156,98.19032461702899,214.19056054629053,0.9512195121951219,0.8780487804878049,109.375,151.45409949253684,131.71110820664802,62669.078632022014,1.1498961747016285,0.23333333333333334,729.7560954722761,3812.852756780436,4256.676322031162,0.895734716085026,8799.285174283874,8.293356574065882,43.33139205356807,48.37525137236605,47.2500033092632,52.74999669073681,"785280, 800640",785280,800640
1677669849.0,109.99896211728075,545.4596920289855,139.78821939137674,96.58555622045441,214.11758579469395,0.9372384937238494,0.8744769874476988,109.375,151.40382045072977,128.40319322844115,61074.86715519189,1.17912815595924,0.23333333333333334,750.765934813205,3330.6167855443437,2740.783001677137,1.2152063054631748,6822.165722034686,11.00480353897489,48.82052007014276,40.17467639088234,54.85747771962434,45.14252228037565,"787200, 802560",787200,802560
1677669879.0,111.38448878831515,538.674645390071,136.50867612276204,96.71519911818517,209.8800961473418,0.9253112033195021,0.8630705394190872,93.75,148.40763214094926,126.06093790641708,58774.188651358585,1.1772689828083107,0.26666666666666666,686.2819728158905,2911.137133173341,2186.4012488568496,1.3314743278231371,5783.8203548460815,11.865547868216142,50.33242657224287,37.80202555954098,57.10868491810995,42.89131508189006,"789120, 804480",789120,804480
1677669909.0,110.5065307422746,542.9543357933579,138.72855516309542,99.57025153867868,205.8505776545786,0.9210526315789473,0.8421052631578947,93.75,145.55794412248102,134.46403909316345,61488.222447181004,1.0825046243154361,0.26666666666666666,456.69934588711135,2562.396153988228,1596.7629062601227,1.6047442885492467,4615.858406135462,9.894136814943463,55.5128846799602,34.59297850509633,61.60851549243762,38.39148450756238,"791040, 806400",791040,806400
1677669939.0,109.75252701289648,546.6844512195122,139.1313638878026,98.0862502916794,203.87992920720907,0.926829268292683,0.8439024390243902,101.5625,144.1612436389691,133.08147279067003,60272.05391833535,1.083255547267101,0.23333333333333334,445.8198466293894,1964.1489650514075,1316.6551906794343,1.4917717098262049,3726.6240023602313,11.963102431236221,52.70585290620753,35.331044662556245,59.86791261588938,40.13208738411063,"792960, 808320",792960,808320
1677669969.0,107.73347187946487,556.9299768518518,139.78477980676033,98.46574202291586,208.56661595735645,0.9261363636363636,0.8636363636363636,109.375,147.3681880754357,128.52622633366175,59503.89201555877,1.1466001319673005,0.13333333333333333,452.3732704203891,1974.5978698468657,2048.521340460112,0.963913741510429,4475.4924807273665,10.107787519885822,44.12023656279163,45.77197591732255,49.081266714346185,50.918733285653815,"794880, 810240",794880,810240
1677669999.0,103.79733611909114,578.0495169082126,150.44702399433538,114.40695164805086,229.1785034821838,0.9272727272727272,0.8606060606060606,125.0,161.8706135441365,131.08297836287903,66659.82758870562,1.2348713430665847,0.26666666666666666,842.0311651372562,3720.520178110272,5999.748924747473,0.620112645508223,10562.300267995,7.97204343535573,35.224525753957984,56.803430810686294,38.27589687837392,61.72410312162609,"796800, 812160",796800,812160
1677670029.0,101.2472226336839,592.6088483146067,153.45128045399744,118.48727487191627,222.48082291985435,0.9191176470588235,0.8235294117647058,125.0,156.70313615520357,145.02828879415767,71397.05259466858,1.0805004834444147,0.13333333333333333,749.6026554473402,3994.8814724977183,5483.280695912955,0.7285568064161594,10227.764823858013,7.329095539024946,39.05918391063288,53.61172055034218,42.14827095712789,57.85172904287212,"798720, 814080",798720,814080
1677670059.0,96.13351877607788,624.1319444444445,151.26350646892558,113.77054598451375,191.41059110555048,0.8811881188118812,0.7227722772277227,125.0,133.65620397018478,166.7309064379676,70009.19860258364,0.8016282453302184,0.23333333333333334,370.55348959432774,2746.551044407205,7755.674069447507,0.35413440789458833,10872.77860344904,3.40808456705613,25.26080171940547,71.3311137135384,26.152086959018895,73.84791304098111,"800640, 816000",800640,816000
1677670089.0,88.40978047474566,678.6579457364342,148.1148313810726,118.52213824475989,197.3038366161499,0.9166666666666666,0.75,109.375,137.9583974266468,149.5880398120028,64832.8158891731,0.9222555332634097,0.26666666666666666,362.35759174496155,2016.5454540155115,5239.105188027792,0.3849026468534448,7618.008233788265,4.7565922827149425,26.470770208300607,68.77263750898445,27.79275840998349,72.20724159001651,"802560, 817920",802560,817920
1677670119.0,85.24850894632206,703.8246268656717,145.48837444531904,116.24479097849657,199.25339626369998,0.9285714285714286,0.75,117.1875,138.88999609819442,130.61267999762555,56990.98709353474,1.0633729902848585,0.26666666666666666,518.7145421371665,1033.7410775451503,9784.570223284278,0.10565012606125136,11337.025842966596,4.575402308524974,9.118273980000456,86.30632371147456,9.555475423099487,90.44452457690052,"804480, 819840",804480,819840
1677670149.0,84.09217192351691,713.5027985074627,150.00272110903896,117.04579812249344,203.2592881894801,0.9176470588235294,0.7764705882352941,125.0,141.76572606113274,140.60036789268048,62619.20883996483,1.0082884432375154,0.23333333333333334,745.4081584155595,804.1471981489321,11950.638409558267,0.06728905775492006,13500.193766122758,5.5214626643810005,5.956560417427863,88.52197691819113,6.304670441994874,93.69532955800513,"806400, 821760",806400,821760
1677670179.0,83.90021196804175,715.1352611940298,143.6236336597871,117.05402047361831,200.67672211255473,0.9012345679012346,0.7530864197530864,101.5625,140.31599205816553,127.31802979479829,56123.78513193012,1.1020905074035185,0.23333333333333334,824.5735344482133,1467.4532034220977,11711.746749852717,0.12529755251415012,14003.773487723029,5.888223878878853,10.478984144585027,83.63279197653613,11.13461521658953,88.86538478341048,"808320, 823680",808320,823680
1677670209.0,83.23858742463393,720.8195364238411,147.53944193987854,129.1735864241893,214.130919722608,0.89,0.75,109.375,150.8023382273755,133.74027965554637,63360.73041600215,1.1275760647111936,0.23333333333333334,567.6899595245962,2140.9678556433364,9618.741198715981,0.22258295668971081,12327.399013883914,4.60510736194413,17.367555420507113,78.02733721754875,18.205959397011448,81.79404060298855,"810240, 825600",810240,825600
1677670239.0,84.02351404310907,714.0858208955224,152.58086874193157,129.6321984318237,221.4200625809958,0.8837209302325582,0.7674418604651163,109.375,156.19527333917802,139.4797519324146,68442.98252736346,1.119841920961137,0.26666666666666666,308.4008002305098,2507.512091089774,8070.282281294473,0.310709341221156,10886.195172614756,2.832953068913562,23.033870432505708,74.13317649858074,23.70543425986998,76.29456574013001,"812160, 827520",812160,827520
1677670269.0,83.68657461320912,716.9608778625955,158.3546378759548,134.41370523699516,222.21862708353584,0.8795180722891566,0.7710843373493976,109.375,155.82414932530656,146.2344259883273,71587.01636602194,1.065577741165714,0.16666666666666666,269.0792728939215,2342.9932114815024,6348.133991410633,0.36908376771059,8960.206475786057,3.003047682227834,26.14887522752044,70.84807709025172,26.958450345794354,73.04154965420564,"814080, 829440",814080,829440
1677670299.0,85.48409893992934,701.8849206349206,151.9829451806595,132.32884618493503,220.14426949442444,0.8701298701298701,0.8051948051948052,109.375,155.35033623081242,141.7875093006559,69199.03590574689,1.0956560066331158,0.16666666666666666,675.6324666088924,1969.5636932966931,5849.149638561418,0.33672650128696346,8494.345798467004,7.953908195388343,23.186761406065493,68.85933039854616,25.190381200849423,74.80961879915058,"816000, 831360",816000,831360
1677670329.0,85.51288795370857,701.6486220472441,149.56713850423608,130.85836879378527,204.26976481826736,0.8205128205128205,0.7435897435897436,109.375,143.48662030422952,151.07095472435077,68099.23807083504,0.9497962104366131,0.16666666666666666,3664.754405206635,1959.9003698145304,7586.58926957718,0.25833748212439617,13211.244044598345,27.73966170661298,14.835093222094184,57.42524507129284,20.53006334105667,79.46993665894334,"817920, 833280",817920,833280
1677670359.0,83.41658046401656,719.281462585034,157.0601336940412,135.4880200984385,211.62177405107738,0.8383838383838383,0.7575757575757576,125.0,148.69987474467396,160.59847921007636,75024.29167071082,0.9259108521828652,0.3,1037.4593739347024,3646.1529802786717,9846.491086928007,0.37029972891756613,14530.10344114138,7.140068741679977,25.093785430011064,67.76614582830896,27.023265137042326,72.97673486295768,"819840, 835200",819840,835200
1677670389.0,82.78899082568807,724.7340425531914,156.32378105627015,139.24754351886708,216.25694010768032,0.8315789473684211,0.7473684210526316,109.375,152.09654480682494,158.74692929501208,75853.31305268836,0.9581070039104302,0.3,1067.2173379764863,4851.710726696085,9123.924054866191,0.5317570266390428,15042.852119538762,7.094514587365424,32.2525986969873,60.652886715647284,34.715494519768306,65.2845054802317,"821760, 837120",821760,837120
1677670419.0,83.21417273014869,721.0310218978102,153.70347478742778,128.14161790976982,200.63402602275076,0.8369565217391305,0.75,109.375,141.3294026798486,161.06109692703856,71511.03252418776,0.8774893836956263,0.3333333333333333,,,,,,,,,,,"823680, 839040",823680,839040
1677670449.0,82.88208220917315,723.9200367647059,152.22357094029434,127.19949533175956,197.99888643065086,0.8666666666666667,0.7666666666666667,109.375,139.32959593716026,163.1314520861082,71405.38289997073,0.8540940091896918,0.3333333333333333,889.5615220511274,3795.0391306767706,9868.414107429013,0.38456423589073324,14553.014760156912,6.112558371661654,26.07733994104636,67.81010168729198,27.775109736481898,72.2248902635181,"825600, 840960",825600,840960
1677670479.0,84.31687715269805,711.6013071895425,153.60285133367069,121.15452656797017,188.84592861555925,0.8598130841121495,0.7663551401869159,109.375,132.91896787999673,171.66507280804646,71683.42954172425,0.7742924387922807,0.23333333333333334,1442.1066700583035,2381.4986185435537,9989.6050065526,0.2383976760824306,13813.210295154457,10.440054406209835,17.240732368919055,72.3192132248711,19.250494464474617,80.74950553552539,"827520, 842880",827520,842880
1677670509.0,83.93442622950819,714.84375,148.35361636055015,121.18730237645177,185.63876987925113,0.8446601941747572,0.7378640776699029,109.375,131.18536997950076,166.83955500457557,68759.75174033116,0.7862965708335953,0.16666666666666666,1365.7998109528717,2160.4269199365804,9343.727028651532,0.23121682742998206,12869.953759540984,10.612313272224094,16.786594266781837,72.60109246099407,18.77953763128949,81.2204623687105,"829440, 844800",829440,844800
1677670539.0,82.06915328069698,731.0907643312102,146.3953647787906,118.43805877667528,187.24532894101063,0.8636363636363636,0.7636363636363637,109.375,132.3557639358028,157.02124353936887,65290.67284703526,0.842916289238393,0.2,1017.2351334230833,3451.6501263495247,8361.811292265553,0.41278737413533917,12830.69655203816,7.92813647565763,26.901502286726817,65.17036123761555,29.217940483646753,70.78205951635324,"831360, 846720",831360,846720
1677670569.0,81.996825854855,731.7356418918919,148.75819413301693,126.75422763381538,202.81201357603376,0.8877551020408163,0.8061224489795918,109.375,143.37744094452066,152.79380637193708,68823.45129906466,0.9383720737704857,0.16666666666666666,611.2628543408204,4738.413698128531,8172.535110929164,0.5797972885784034,13522.211663398515,4.520435484643143,35.041706313134526,60.43785820222233,36.70073956767832,63.299260432321674,"833280, 848640",833280,848640
1677670599.0,83.6818043279488,717.0017482517483,153.62863265491606,123.3659210794788,198.40782150218212,0.8901098901098901,0.8131868131868132,125.0,140.2836950223894,163.17839762937112,71915.04116232057,0.8596952602820459,0.3,1314.6049509615877,3709.388395515253,8483.246446479518,0.4372604779217066,13507.239792956358,9.732595046155298,27.46222361025673,62.805181343587975,30.423189438423144,69.57681056157686,"835200, 850560",835200,850560
1677670629.0,83.75643744319903,716.3628472222222,156.10148589122682,122.97978341828282,196.71372362522143,0.8913043478260869,0.8152173913043478,125.0,139.09428997738326,168.31964888752177,73551.91612783943,0.8263698914339578,0.26666666666666666,977.8188192590667,2893.352687148691,8979.113248506363,0.32223145059786257,12850.28475491412,7.609316352971367,22.515864374462478,69.87481927256616,24.370275752566755,75.62972424743324,"837120, 852480",837120,852480
1677670659.0,81.2760736196319,738.2246376811594,150.33895591806998,120.55833379019502,192.6091319197084,0.8863636363636364,0.8068181818181818,125.0,136.17207336563266,157.87007959423022,67536.37569500819,0.8625578305631603,0.26666666666666666,6860.29831236679,2492.1696797616437,10064.362429458724,0.24762320487058176,19416.830421587158,35.331710497608704,12.835100403364033,51.83318909902726,19.84759532396387,80.15240467603613,"839040, 854400",839040,854400
1677670689.0,81.63919272839317,734.9411231884058,159.39330826358258,119.72446696888217,193.86496635441304,0.8735632183908046,0.8045977011494253,125.0,137.08317351933357,175.04696115200434,75385.63516615715,0.7831222696879359,0.26666666666666666,364.887021872205,2455.020904699358,13202.334093847552,0.18595355088335688,16022.242020419115,2.2773780436419857,15.322580332831215,82.4000416235268,15.679665594394441,84.32033440560555,"840960, 856320",840960,856320
1677670719.0,80.53262316910785,745.0396825396825,151.76666611986082,122.13736005916543,196.68476258554787,0.8666666666666667,0.7866666666666666,125.0,139.03936293166925,167.03371041998278,72961.16675275912,0.83240300764483,0.3,281.1787065148174,2527.0307586803037,14291.312379570583,0.17682286213914766,17099.521844765703,1.6443659013827243,14.778370890258826,83.57726320835846,15.025444170733667,84.97455582926634,"842880, 858240",842880,858240
1677670749.0,80.16293279022403,748.4756097560976,151.6918298543033,122.88198296941358,194.49575852562816,0.8648648648648649,0.7702702702702703,109.375,137.52797305353963,162.57705537721492,70242.53364889682,0.8459248615030217,0.26666666666666666,285.7263565408247,3650.202802464016,12291.558136338528,0.2969682738328045,16227.48729534337,1.7607553858496416,22.493949531616494,75.74529508253386,22.897111658344805,77.10288834165519,"844800, 860160",844800,860160
1677670779.0,80.36274851761422,746.6145833333334,156.88910094604955,121.7094890752408,194.7769947526123,0.8873239436619719,0.7746478873239436,117.1875,137.40062948875803,167.81159788604432,72437.01872251488,0.8187791023959057,0.13333333333333333,670.4132210005482,6673.64762634901,7104.056649300419,0.9394136274245795,14448.117496649978,4.640142365647248,46.19043019200529,49.169427442347455,48.43802343866492,51.561976561335065,"846720, 862080",846720,862080
1677670809.0,82.26038781163435,729.3911637931035,143.59588020930562,98.14425262836123,163.1725437010073,0.8571428571428571,0.7285714285714285,109.375,115.08812547902372,157.94488915505966,57106.55562658945,0.7286600161277643,0.3,1042.9918091845716,8806.923543669138,3234.209323842554,2.7230530438288576,13084.124676696265,7.971429766656171,67.30999406750442,24.718576165839398,73.14032359389697,26.85967640610302,"848640, 864000",848640,864000
1677670839.0,84.51740934511997,709.9129098360655,144.60980647744015,106.38267859738988,170.57271787520222,0.84,0.7066666666666667,109.375,120.49647729982262,160.0383797284611,60582.66433772144,0.7529223771464715,0.13333333333333333,681.6365992841131,6294.4515184418,3262.7183831614807,1.9292046628745985,10238.806500887393,6.657383350540281,61.476418349113864,31.86619830034587,65.86104027915066,34.13895972084934,"850560, 865920",850560,865920
1677670869.0,85.9046374918354,698.448905109489,149.54077556705187,112.6645232932013,179.08433846679867,0.8295454545454546,0.7159090909090909,109.375,125.70195104690171,167.23552546492922,66042.03245876412,0.751646222879017,0.1,784.5982683361754,4188.584584451635,4769.604037534524,0.8781828746137958,9742.786890322335,8.05311947360287,42.99164737568285,48.95523315071427,46.75704834090629,53.242951659093706,"852480, 867840",852480,867840
1677670899.0,86.81031437654539,691.162109375,151.16839737551558,115.83710881582203,182.6438190808479,0.825,0.7,109.375,129.06824279274673,169.51139131600763,68733.4524001501,0.7614133881547482,0.1,758.1153639905459,2712.6288291692854,6630.363198099265,0.40912220765627416,10101.107391259096,7.505269814739068,26.854766750788478,65.63996343447245,29.033834356833225,70.96616564316678,"854400, 869760",854400,869760
1677670929.0,87.68724881256851,684.25,150.8478123805579,122.20617439417124,193.02567480211667,0.825,0.7,125.0,136.4388177714577,159.28683366693767,68275.94182710153,0.856560549484873,0.23333333333333334,789.7100446619918,3025.362596981082,5243.848573674568,0.576935537797403,9058.921215317641,8.717484410027529,33.396499705345995,57.886015884626474,36.58586695327079,63.41413304672921,"856320, 871680",856320,871680
1677670959.0,85.31684698608964,703.2608695652174,143.96686813632846,114.82965661391543,186.50665311888662,0.8115942028985508,0.7101449275362319,109.375,131.71661094465273,143.5125744107251,59385.494292842995,0.917805366432122,0.2,833.911687617797,3974.2363671263656,6703.867589292084,0.5928273961547676,11512.015644036246,7.243837338336156,34.52250665751313,58.233656004150724,37.2185584945304,62.781441505469594,"858240, 873600",858240,873600
1677670989.0,85.38157150932732,702.7277542372881,145.20641323558917,114.01947722306934,187.00201520100288,0.8333333333333334,0.7083333333333334,117.1875,132.15548942573812,146.03656151402694,60631.271910275136,0.9049479668353084,0.23333333333333334,679.3067020615249,4429.562963273875,6779.462892155352,0.6533796310618364,11888.332557490752,5.714062075370686,37.25974977443611,57.026188150193214,39.51782269400657,60.48217730599343,"860160, 875520",860160,875520
1677671019.0,88.03868887694787,681.5185546875,149.3996507263952,128.24711520052833,208.99127560125334,0.8536585365853658,0.7682926829268293,117.1875,147.74376363640138,140.0086258841967,64985.104853917255,1.055247579949842,0.2,509.4624420382869,4161.060064748982,8318.8234495623,0.5001981458048516,12989.345956349569,3.922156232887514,32.034407881136886,64.0434358859756,33.342138650391206,66.65786134960881,"862080, 877440",862080,877440
1677671049.0,87.0912870912871,688.9322916666666,151.91909073294002,124.127201917466,206.24769832469914,0.8611111111111112,0.7777777777777778,125.0,145.7615428402778,148.06574719794116,67802.76922002016,0.9844379648820264,0.2,449.32631889539954,3007.653133271052,8230.16485074557,0.36544263545323624,11687.144302912022,3.8446202703550374,25.734713761698412,70.42066596794655,26.76367545326674,73.23632454673326,"864000, 879360",864000,879360
1677671079.0,87.30947368421053,687.2106481481482,156.40879490950266,119.70660016507625,207.18454268555504,0.8870967741935484,0.8225806451612904,125.0,146.42256381030967,152.8162510192832,70295.48322983483,0.9581609471091741,0.2,373.27904152032596,2350.3486905647505,7239.966610480686,0.32463529419629505,9963.594342565762,3.7464295382403283,23.589365541747895,72.66420492001177,24.507522607818117,75.49247739218188,"865920, 881280",865920,881280
1677671109.0,89.35653581545932,671.4673913043479,156.21549713574714,121.82550097787745,213.07998430201025,0.8985507246376812,0.8260869565217391,125.0,150.65804906251105,146.23258932569328,69212.79411487603,1.0302631565044729,0.13333333333333333,900.7767824646363,2393.3904797719206,6602.663941271714,0.36248861081833866,9896.83120350827,9.101668644659972,24.183402046136763,66.71492930920327,26.60489107506158,73.39510892493843,"867840, 883200",867840,883200
1677671139.0,90.17612524461839,665.3645833333334,147.93752603799706,105.72503544884975,195.08762739603375,0.9041095890410958,0.821917808219178,117.1875,137.6282582180122,145.94087272029782,63100.73606609213,0.9430412169850655,0.13333333333333333,771.5300023859303,2358.6097679127083,6088.659411510359,0.38737751752936844,9218.799181808998,8.369094360015483,25.584783022140638,66.04612261784388,27.921565156916156,72.07843484308385,"869760, 885120",869760,885120
1677671169.0,87.62042738138355,684.7718253968254,156.44926982130758,114.50755069717746,203.9326890585878,0.9066666666666666,0.8133333333333334,125.0,144.0428779719582,157.22860214774323,71149.72338556989,0.9161366062175202,0.13333333333333333,343.8327952483983,4992.440075641617,6887.869807940439,0.7248162661097713,12224.142678830456,2.812735455418412,40.840819735255806,56.34644480932576,42.02281021760972,57.97718978239029,"871680, 887040",871680,887040
1677671199.0,87.54550468836183,685.3578629032259,158.77911161088187,116.90334126330772,209.0877037589147,0.918918918918919,0.8243243243243243,125.0,147.83036988219772,159.68625222242107,74161.93701728809,0.9257551468882259,0.13333333333333333,577.6527343895949,5847.248312783417,6323.414929015759,0.924697869493366,12748.315976188771,4.531208164815896,45.86682918516354,49.601962650020575,48.04379347792244,51.95620652207756,"873600, 888960",873600,888960
1677671229.0,89.18800292611559,672.7362204724409,152.3038489617049,111.38054698008389,190.0945620158894,0.8846153846153846,0.782051282051282,125.0,134.15710169119586,156.7774550841934,66076.51819043024,0.8557167969026551,0.13333333333333333,1126.428013198289,2403.7917838215817,6247.345940085391,0.3847700778658538,9777.565737105262,11.520536332714835,24.584767297440294,63.89469636984486,27.785845752736392,72.2141542472636,"875520, 890880",875520,890880
1677671259.0,86.36794939377965,694.7021484375,145.21457900412463,104.40490435337017,176.41795290166095,0.8734177215189873,0.7341772151898734,109.375,124.66092751725867,154.16967547453595,60378.06418803308,0.8085956407026931,0.13333333333333333,826.408614044448,3636.3223290569094,6625.939522964047,0.5488010140228744,11088.670466065403,7.452729491542756,32.793131874421974,59.75413863403528,35.4339265699092,64.5660734300908,"877440, 892800",877440,892800
1677671289.0,84.91089108910892,706.6231343283582,131.2655712023775,99.91380240099926,156.6804415868875,0.8505747126436781,0.6666666666666666,93.75,110.78718243512822,131.57367300626328,45793.97985329393,0.8420163388602402,0.23333333333333334,865.0314043193864,1476.0358830552377,7600.187740441477,0.1942104502499432,9941.255027816102,8.70143057289032,14.847580903268446,76.45098852384123,16.26266544638726,83.73733455361275,"879360, 894720",879360,894720
1677671319.0,84.86187845303867,707.03125,126.18198143402279,109.29483646227436,162.282733166135,0.8279569892473119,0.6451612903225806,78.125,114.59737442743582,128.194736548222,46152.447226727665,0.8939319781224296,0.13333333333333333,632.9485916422146,1692.053928462769,7214.414294195438,0.23453794853785415,9539.41681430042,6.635086860796031,17.737498647991057,75.6274144912129,18.99803475588848,81.00196524411153,"881280, 896640",881280,896640
1677671349.0,83.71563981042654,716.7119565217391,123.07200416216055,106.61984016287975,156.76996815929596,0.8222222222222222,0.6666666666666666,78.125,110.82020294333175,123.01201770872474,42826.872047192446,0.9008892383648116,0.13333333333333333,460.32761837073275,1332.0997132367424,4562.995437190022,0.29193535947453725,6355.422768797497,7.2430684018496985,20.96004879135346,71.79688280679684,22.596746604510823,77.40325339548916,"883200, 898560",883200,898560
1677671379.0,82.321083172147,728.8533834586466,123.34720704090876,109.18181346935062,158.5321838132488,0.8275862068965517,0.6666666666666666,78.125,112.07587290826258,120.01830544130664,42258.053962980855,0.9338231571938983,0.16666666666666666,236.53517923004804,1354.877342871002,2706.355659270708,0.5006279711352151,4297.768181371758,5.503674680623442,31.52513783185377,62.97118748752278,33.361231482077024,66.63876851792298,"885120, 900480",885120,900480
1677671409.0,84.5913043478261,709.2927631578947,131.26955298062603,110.53055828478716,164.91738638514693,0.8431372549019608,0.6862745098039216,78.125,116.52960552533459,134.82415630497374,49357.58024315079,0.8643080640663778,0.13333333333333333,284.0435069772163,1953.0780739382685,2940.830667679125,0.6641246282566887,5177.952248594609,5.485633959917473,37.71912099939449,56.795245040688044,39.90834682570713,60.09165317429288,"887040, 902400",887040,902400
1677671439.0,83.8360567907849,715.6825153374233,125.15398509714989,112.19288973078314,159.75019774431524,0.808695652173913,0.6173913043478261,78.125,112.76576398523585,129.8430446322279,45998.72879118846,0.8684775091699185,0.13333333333333333,282.54278005358486,3378.541169046416,3723.7315556726717,0.9072998734024212,7384.815504772672,3.825996463567473,45.74983852830076,50.42416500813177,47.5698596772774,52.4301403227226,"888960, 904320",888960,904320
1677671469.0,81.29687878054682,738.0357142857143,128.05090565386686,103.9135684911318,146.16791081901488,0.7593984962406015,0.5714285714285714,78.125,103.3506788642637,145.14701600245382,47127.16535079346,0.7120413613085678,0.16666666666666666,954.5551160201024,2955.061804414748,7415.333065104369,0.3985069555838159,11324.94998553922,8.428779970233595,26.09337620199695,65.47784382776943,28.495171510781407,71.50482848921858,"890880, 906240",890880,906240
1677671499.0,80.6534422403734,743.9236111111111,128.5033042355716,101.44984922062604,138.4378527083543,0.7142857142857143,0.5214285714285715,78.125,97.83943278546035,147.12971156388653,45223.50121726155,0.6649875932297781,0.13333333333333333,2057.7696698206732,2962.231810698073,4119.857013412887,0.7190132572693736,9139.858493931632,22.514239921623734,32.41004018459185,45.07571989378443,41.82709203834269,58.1729079616573,"892800, 908160",892800,908160
1677671529.0,81.5364428009066,735.8672752808989,127.69960771440523,94.22078295874017,129.05741347254028,0.6814814814814815,0.4962962962962963,78.125,91.19261365644603,151.80283938304015,43490.00230491129,0.6007306189203885,0.16666666666666666,2911.9826466309405,3305.2501674334285,2938.4416087570694,1.124830984418137,9155.67442282144,31.80522277389562,36.1005646858167,32.09421254028767,52.93743326724692,47.06256673275308,"894720, 910080",894720,910080
1677671559.0,80.0838867528836,749.2143854748604,132.14225331359967,90.3264007483157,125.63030424856989,0.6911764705882353,0.5147058823529411,78.125,88.51907013291016,155.26280038059934,43177.16575094606,0.5701241373717418,0.16666666666666666,3955.429569424629,3964.756252908921,2067.0867297235022,1.9180405910879486,9987.272552057051,39.60470237302115,39.69808806401615,20.697209562962712,65.73042873172766,34.269571268272344,"896640, 912000",896640,912000
1677671589.0,78.83306320907617,761.1019736842105,127.69040818126986,82.35148520177714,113.73010833524388,0.6778523489932886,0.47651006711409394,93.75,80.17775224080752,149.57634781057172,37676.163626650115,0.5360322899603566,0.16666666666666666,4044.1336224143947,4944.413295391367,2686.8887543389246,1.8402002269006772,11675.435672144686,34.63796757548765,42.34885475997931,23.013177664533046,64.79121469928076,35.208785300719235,"898560, 913920",898560,913920
1677671619.0,78.56398378691372,763.7087264150944,130.7757398742273,98.70632705936671,131.65319955383399,0.7034883720930233,0.48255813953488375,93.75,92.87540751603471,151.79348637355957,44289.80222462822,0.6118537081852834,0.16666666666666666,,,,,,,,,,,"900480, 915840",900480,915840
1677671649.0,79.05437352245862,758.9712918660288,130.39306289248748,96.7706660682604,128.2023510043022,0.6787878787878788,0.4666666666666667,93.75,89.75554432153739,150.8876090459069,42546.58767799325,0.5948503319065096,0.16666666666666666,3737.238085376262,2839.8196402632525,4090.514080424186,0.69424516929392,10667.571806063701,35.033634207664086,26.621050149847893,38.34531564248802,40.97666511767291,59.0233348823271,"902400, 917760",902400,917760
1677671679.0,80.42096400757735,746.0741206030151,137.80693415649878,97.61194021843494,134.12835442007437,0.695364238410596,0.5165562913907285,109.375,94.21438134900502,159.65377006937965,47254.83508368917,0.5901168591763472,0.16666666666666666,3087.0412437858504,2976.8710223508924,3976.0488300986967,0.7487008207283505,10039.96109623544,30.747541889812304,29.65022467534354,39.60223343484415,42.814689159721986,57.18531084027801,"904320, 919680",904320,919680
1677671709.0,84.64237516869096,708.8647959183673,145.65288466219107,111.18601113689033,154.76122633503567,0.7448275862068966,0.5586206896551724,109.375,109.40021154987838,163.89806357990858,56330.27312857143,0.6674893477099578,0.2,4746.300785803089,1521.4295705466789,4689.793348595598,0.3244129234398537,10957.523704945366,43.315450767959376,13.88479378657447,42.79975544546615,24.49484731674671,75.50515268325329,"906240, 921600",906240,921600
1677671739.0,84.95575221238938,706.25,151.99824191375305,118.24198668609371,170.39313974765352,0.8028169014084507,0.6338028169014085,125.0,120.22959481463964,168.52899345655538,63655.49257901912,0.713405998271943,0.23333333333333334,6184.635061762099,1287.4757190924163,4926.706849686743,0.26132582237448904,12398.81763054126,49.88084546487611,10.383858827966426,39.735295707157455,20.718343963063738,79.28165603693625,"908160, 923520",908160,923520
1677671769.0,82.8414779499404,724.2748618784531,155.79773187115526,118.73501909087108,173.56674575303649,0.8267716535433071,0.6535433070866141,109.375,122.21604761814051,170.65963089321014,65525.28363412475,0.7161391770184767,0.23333333333333334,,,,,,,,,,,"910080, 925440",910080,925440
1677671799.0,85.07076923076923,705.2951388888889,159.35937328830653,123.18522375573987,181.63468266203026,0.8217054263565892,0.6511627906976745,125.0,127.87416811135103,179.59455092566748,72148.258014491,0.7120158571196125,0.23333333333333334,2951.4135446295168,1745.3974276385345,10927.036511506345,0.15973200289031733,15623.847483774396,18.8904400641046,11.171367548557782,69.93819238733762,13.773182294894738,86.22681770510526,"912000, 927360",912000,927360
1677671829.0,90.55875653222566,662.5532670454545,168.46911941784168,125.63560353005724,197.31808388870036,0.8770491803278688,0.7295081967213115,140.625,138.2475525403309,197.2746856837692,85679.84739938925,0.7007870881210849,0.2,1967.2135891125972,2716.7257662118386,6049.265553296102,0.44910010021490276,10733.204908620537,18.32829621591031,25.311412475036782,56.36029130905292,30.991654762034788,69.00834523796522,"913920, 929280",913920,929280
1677671859.0,94.35031655110039,635.9279141104295,166.6059596789894,124.72375531852035,205.1851384753203,0.8909090909090909,0.7727272727272727,140.625,145.05438814374847,187.65674943248683,85515.51852918931,0.7729771968363686,0.3333333333333333,4931.359090850409,2272.5317664301324,8643.660000982038,0.26291313704749397,15847.550858262579,31.117483925153664,14.339955661005387,54.54256041384096,20.817990512169853,79.18200948783014,"915840, 931200",915840,931200
1677671889.0,91.07425205394513,658.8031045751634,165.16110654063695,124.50755737030687,203.88949272853185,0.9019607843137255,0.7843137254901961,125.0,142.9627680107424,191.25807886916303,85899.8904726598,0.7474861655833175,0.3333333333333333,4063.3377564174207,1669.0459024410764,9088.434355545436,0.18364504128510148,14820.818014403932,27.416420284416002,11.26149650322255,61.322083212361456,15.515212321230633,84.48478767876937,"917760, 933120",917760,933120
1677671919.0,89.98100063331223,666.8074324324324,160.60460906062352,122.84623929074702,201.33403175328547,0.9010989010989011,0.7802197802197802,140.625,139.71911997518842,183.2330023228505,80428.39681133351,0.7625215883818132,0.2,2771.149421848245,2164.643156348615,11736.070347331064,0.18444360780786245,16671.862925527923,16.621714287280195,12.983810903544065,70.39447480917575,15.572173009504935,84.42782699049506,"919680, 935040",919680,935040
1677671949.0,89.39142001995344,671.2053571428571,156.51619544183515,123.55813085275686,195.75868153688313,0.8823529411764706,0.7647058823529411,125.0,135.49091046550546,176.84616513344258,75275.85213746162,0.7661512499480453,0.16666666666666666,,,,,,,,,,,"921600, 936960",921600,936960
1677671979.0,90.92291738679572,659.8996350364963,155.11980362334197,112.46953294594782,184.50090547376598,0.8953488372093024,0.7558139534883721,125.0,128.8117552660803,182.21258187703697,73736.70602738799,0.706931178621939,0.16666666666666666,406.0290758404424,3391.7895363379293,6920.816450371656,0.4900851742941089,10718.635062550027,3.7880669830720555,31.643856858123147,64.5680761588048,32.88974232807025,67.11025767192974,"923520, 938880",923520,938880
1677672009.0,97.56471716203261,614.9764150943396,156.8412851025525,118.89894681534678,197.43236713732276,0.9223300970873787,0.7572815533980582,140.625,138.73662056999603,174.62271537075046,76109.99989898496,0.7944935472766942,0.16666666666666666,262.1216166376005,5925.7885627259675,5684.582199760434,1.0424316782640064,11872.492379124003,2.207806147751268,49.91191717373159,47.88027667851714,51.03875392052457,48.96124607947542,"925440, 940800",925440,940800
1677672039.0,96.61538461538463,621.0191082802547,156.73595270563297,112.88583481653751,189.38326127739447,0.9381443298969072,0.7628865979381443,140.625,132.63681954021735,175.7561863264861,73235.99605512364,0.7546637322559453,0.13333333333333333,485.102240516656,6949.604839660304,6003.07269846813,1.157674609110383,13437.77977864509,3.609988022631281,51.716912720242696,44.67309925712601,53.653808791293905,46.3461912087061,"927360, 942720",927360,942720
1677672069.0,95.829979069393,626.108870967742,158.2643311999798,112.36664374387368,184.10221002848863,0.9292929292929293,0.7171717171717171,125.0,129.1841608165527,181.33418851584926,73593.39432280396,0.7124092917826222,0.26666666666666666,956.5650029146452,6400.289621584117,5993.310597727734,1.067905545227488,13350.165222226497,7.165192242880066,47.9416510211302,44.89315673598974,51.64189185004622,48.35810814995378,"929280, 944640",929280,944640
1677672099.0,96.43984388257255,622.1494932432432,167.73693701075487,132.52248863196616,207.9395658164047,0.925531914893617,0.7127659574468085,140.625,145.2195243341945,188.7601244365383,86116.25549107227,0.7693336967629396,0.2,1400.3660331097342,4156.7138079498745,6330.47757996719,0.6566193080130012,11887.557421026799,11.780099001942624,34.966929376067185,53.25297162199019,39.63610135635628,60.363898643643715,"931200, 946560",931200,946560
1677672129.0,96.82299546142208,619.6875,173.48516612259198,143.78856734476116,230.31760283249073,0.9405940594059405,0.7524752475247525,140.625,160.1786217147923,187.1602902809205,94182.04912312557,0.8558365744911502,0.3,2073.7888337206355,3442.0197633450666,5777.827899575963,0.5957290219041792,11293.636496641666,18.362454239936874,30.47751505344274,51.16003070662039,37.33271838305588,62.66728161694412,"933120, 948480",933120,948480
1677672159.0,96.01714591891408,624.8883928571429,167.49175865681514,138.7089285321953,223.35776878439685,0.967741935483871,0.7741935483870968,148.4375,156.57917113170814,173.89705394820174,85541.34744572043,0.9004130177981506,0.26666666666666666,2820.3896275870948,3306.769595710185,8068.541882037256,0.40983484303055345,14195.701105334536,19.867913579324615,23.294161881638587,56.8379245390368,29.069705934461126,70.93029406553889,"935040, 950400",935040,950400
1677672189.0,96.16695652173914,623.9149305555555,169.0267950158451,138.30232112689168,217.80222310196444,0.9473684210526315,0.7473684210526316,140.625,152.89525347543838,173.94583191653584,83552.20248019136,0.8789819899151241,0.26666666666666666,1356.6706290380012,2878.335265022649,8090.308877893579,0.355775695151464,12325.314771954228,11.007188490837185,23.353036561566675,65.63977494759615,26.241486436421003,73.75851356357899,"936960, 952320",936960,952320
1677672219.0,96.61976493957954,620.9909539473684,177.3707983384013,145.76636050163447,227.4166999788998,0.9090909090909091,0.7474747474747475,140.625,158.81760635572616,185.92613845474438,92766.02942610554,0.8541973047774742,0.3,528.3644083054199,3461.795197633162,7277.386650054235,0.4756920807014373,11267.546255992816,4.689258835076015,30.723594285596594,64.58714687932739,32.23518557308566,67.76481442691434,"938880, 954240",938880,954240
1677672249.0,92.39719877895493,649.3703358208955,177.68659220157303,142.90136197871277,214.7869243030462,0.9125,0.725,156.25,151.07336654373404,200.7580220483058,95281.96128343562,0.7525147189753802,0.13333333333333333,439.3102685761408,4383.534407148929,5388.222750742549,0.8135399388499364,10211.067426467618,4.302295247188612,42.92924749264293,52.76845726016846,44.85922374369356,55.14077625630644,"940800, 956160",940800,956160
1677672279.0,86.33199876809363,694.9914383561644,176.66522100281153,141.12148812763186,191.05053883241968,0.7684210526315789,0.5578947368421052,148.4375,134.94161204006826,204.68074318529924,86770.63025003207,0.6592784936192285,0.26666666666666666,,,,,,,,,,,"942720, 958080",942720,958080
1677672309.0,85.14412416851441,704.6875,176.682297117123,156.31662440410935,214.96890007333008,0.797979797979798,0.5858585858585859,148.4375,151.8107911163011,200.65928125394973,95699.96269107932,0.7565600263671476,0.26666666666666666,379.28260647362697,9172.719997049095,10375.418241613219,0.8840819505723247,19927.42084513594,1.9033201005849465,46.03064324447212,52.06603665494294,46.92375245693365,53.07624754306634,"944640, 960000",944640,960000
1677672339.0,86.35073951101721,694.8406040268457,183.85150135633222,153.1098873932497,212.74787506358828,0.7731958762886598,0.5876288659793815,156.25,150.42817755633442,209.47120602416373,98992.75247313073,0.7181329616204226,0.26666666666666666,,,,,,,,,,,"946560, 961920",946560,961920
1677672369.0,86.2224831229821,695.874183006536,180.0060328831579,134.1514725811886,189.1557462754169,0.801980198019802,0.6039603960396039,156.25,133.68171814907964,210.81213178106086,88535.50959736893,0.6341272535866908,0.16666666666666666,1787.4273751626347,4994.874240243833,8602.897300745984,0.5806037275152304,15385.198916152453,11.617837279218204,32.465451161634746,55.91671155914704,36.733035447661614,63.26696455233838,"948480, 963840",948480,963840
1677672399.0,86.13399794751503,696.5890522875817,179.59413760843512,127.46886398993142,182.03143258925107,0.7920792079207921,0.6138613861386139,156.25,128.63363600276952,214.51239042567593,86687.56436979784,0.5996559720746686,0.26666666666666666,2061.8398614685443,3094.9760028881537,8959.819384968248,0.3454283920143019,14116.635249324947,14.605745810193268,21.924317999476216,63.469936190330515,25.67423090404279,74.3257690959572,"950400, 965760",950400,965760
1677672429.0,83.4027149321267,719.4010416666666,164.7418453942863,124.3302805356222,173.08277473211305,0.7608695652173914,0.5760869565217391,125.0,122.38511658688151,197.1406569188644,75797.46444663915,0.6208009981282073,0.16666666666666666,3637.644065721119,3186.994277990134,10009.139084360293,0.31840843164722815,16833.777428071546,21.609196636133987,18.932139810020235,59.458663553845774,24.150970519007267,75.84902948099274,"952320, 967680",952320,967680
1677672459.0,83.60243407707911,717.6824534161491,164.24724535738818,128.34496658680789,182.37517741207245,0.8113207547169812,0.6226415094339622,125.0,128.94014715949262,192.78183735581925,78091.56911948441,0.6688397046528122,0.16666666666666666,2142.5294337466858,6314.879874299072,7433.462343363571,0.8495206651496467,15890.871651409328,13.48276847706255,39.73904020387087,46.77819131906658,45.93193691517424,54.06806308482576,"954240, 969600",954240,969600
1677672489.0,84.65037910699242,708.797770700637,162.07449099711187,130.61481178948188,191.0471759474607,0.8269230769230769,0.6634615384615384,125.0,135.08924983000293,181.95332557182016,77220.15344939406,0.7424390260824381,0.16666666666666666,,,,,,,,,,,"956160, 971520",956160,971520
1677672519.0,90.7393447376051,661.2346625766871,165.61021827370823,112.56858059438754,185.84138558617914,0.8727272727272727,0.7545454545454545,125.0,131.0628169493521,187.44481475252516,77179.64948732544,0.6992074820655262,0.2,2624.713905981824,4049.379480772201,4984.325750835892,0.8124227193804705,11658.419137589917,22.513463232069192,34.73352118312422,42.7530155848066,44.825233688208016,55.174766311791984,"958080, 973440",958080,973440
1677672549.0,91.54130702836005,655.4418103448276,166.01378985107505,109.23758230501393,181.06828349076025,0.8709677419354839,0.75,140.625,127.76037138464217,188.80120963802057,75779.33865144123,0.6766925467775919,0.3,2141.0969600321523,3651.1578334997744,7293.791744977273,0.5005843272141781,13086.0465385092,16.36167924156009,27.901152748886105,55.73716800955381,33.35929331899051,66.64070668100948,"960000, 975360",960000,975360
1677672579.0,91.5,655.7377049180328,165.2618198832569,114.58082254763981,184.08953026359688,0.8549618320610687,0.7404580152671756,125.0,129.52134949616368,183.46776549667166,74653.64290461894,0.7059624296700412,0.1,,,,,,,,,,,"961920, 977280",961920,977280
1677672609.0,91.4534567229178,656.0714285714286,162.00119677058572,117.54881354955448,188.10243665840503,0.8536585365853658,0.7317073170731707,125.0,132.3954964143148,177.4451521847909,73805.24460448053,0.7461206732570439,0.0,2828.693248555735,2828.2341874979397,6723.143658059835,0.4206713899542215,12380.07109411351,22.848764171481413,22.84505610668675,54.306179721831825,29.610745519959885,70.38925448004011,"963840, 979200",963840,979200
1677672639.0,94.2114930464445,636.8649732620321,167.39252073812455,120.29249641952967,190.5732025474649,0.8540145985401459,0.7299270072992701,140.625,134.0563769078063,187.0239051645955,78765.21656961205,0.7167873903062089,0.3333333333333333,2938.9729532456254,1823.105731151727,6797.771874248498,0.2681916611615146,11559.85055864585,25.423970131235883,15.771014702159698,58.80501516660442,21.147565417350442,78.85243458264955,"965760, 981120",965760,981120
1677672669.0,98.55415210964794,608.8023560209424,165.84088752420396,110.55478699214731,198.78791640349257,0.8951048951048951,0.8041958041958042,140.625,139.62472162523687,170.8031738813364,74921.7873557298,0.8174597605676789,0.3,3839.004836947951,2686.93936044867,6747.773635561516,0.39819642826905177,13273.717832958137,28.92185057162996,20.242552947578123,50.83559648079192,28.479290907788513,71.52070909221149,"967680, 983040",967680,983040
1677672699.0,102.95816146140248,582.760989010989,146.74003226855206,100.52955461503623,193.62984118388832,0.9197080291970803,0.8467153284671532,125.0,136.38865881991524,131.86156316771925,56499.727249937314,1.0343321855394496,0.26666666666666666,2333.4906210662866,3213.3910332046044,6023.353569434216,0.5334886946552672,11570.235223705107,20.1680482371303,27.772910153295815,52.05904160957389,34.78921602191512,65.21078397808489,"969600, 984960",969600,984960
1677672729.0,104.49322991981072,574.1998792270531,143.66980637515422,107.44932094980281,198.5438709508043,0.9135802469135802,0.8333333333333334,109.375,140.22262946712382,133.92530285531157,58997.093504376986,1.047021186269899,0.13333333333333333,2325.2289116142265,5492.537499562856,5886.172245096858,0.9331255136371693,13703.938656273942,16.967595739708667,40.07999187188612,42.95241238840521,48.27030149126203,51.72969850873797,"971520, 986880",971520,986880
1677672759.0,102.27742032021547,586.6397471910112,143.36889041798182,113.93875000066781,202.27296371945474,0.9037037037037037,0.8074074074074075,93.75,142.93854962702935,127.44637562848447,57230.39364551417,1.1215583724695766,0.0,1210.5638582189008,3106.7713032788533,3429.4710909783157,0.9059039195436382,7746.80625247607,15.62661848980636,40.103898329532285,44.26948318066135,47.53145792158051,52.468542078419475,"973440, 988800",973440,988800
1677672789.0,101.53973281917091,590.9016927083334,146.06545911591869,116.88594420352081,203.42724584028946,0.8940397350993378,0.8013245033112583,93.75,143.6315681286989,135.7629301793347,61260.562118217655,1.0579586632298683,0.13333333333333333,739.2141762275743,1060.2848978109935,2084.0453370185905,0.5087628752490692,3883.5444110571584,19.03452356880217,27.301989769762105,53.66348666143572,33.72053247035799,66.279467529642,"975360, 990720",975360,990720
1677672819.0,103.11159087842397,581.8938442211055,148.44027747398488,115.41758310847003,204.36445763138155,0.9,0.81875,125.0,144.1308160354422,147.6509375852792,66856.39072572459,0.9761591656144827,0.0,557.8316023695888,1032.3853512187268,2523.984775664588,0.4090299439095825,4114.2017292529035,13.558683775841134,25.09321173724258,61.34810448691629,29.029187468838494,70.97081253116151,"977280, 992640",977280,992640
1677672849.0,104.39206883651327,574.7563073394496,148.74036194899307,122.49005887782153,215.22286838494347,0.9044943820224719,0.8314606741573034,125.0,152.0151276245787,144.0830336914746,68809.6779454076,1.0550522412658876,0.0,418.78654911596595,2373.3301278505473,4243.444129007278,0.5592933606989118,7035.5608059737915,5.952425978045423,33.733346826245715,60.31422719570886,35.86838594940361,64.1316140505964,"979200, 994560",979200,994560
1677672879.0,102.82042127811496,583.5416666666666,149.7935500577007,123.74547373871141,218.97611383220328,0.918918918918919,0.8324324324324325,125.0,154.54066383978093,143.44899031313892,69645.03194015998,1.0773213774626762,0.16666666666666666,917.9392831958248,3265.528817017229,5511.7366239624425,0.5924682254990637,9695.204724175495,9.467972150262034,33.68189646242811,56.85013138730987,37.2043985564227,62.79560144357732,"981120, 996480",981120,996480
1677672909.0,99.99276672694393,600.0434027777778,158.5620262146232,126.29484850821952,214.414208428075,0.9106145251396648,0.8100558659217877,125.0,151.26293145115733,160.07516997402044,76068.76353451329,0.9449493726960071,0.13333333333333333,1691.5623263424336,3858.502318450861,5053.214242806317,0.7635738627040738,10603.278887599612,15.953200366357356,36.38970887546234,47.65709075818029,43.29695959166077,56.70304040833924,"983040, 998400",983040,998400
1677672939.0,96.86746987951808,619.4029850746268,160.73404547317878,127.39382056161794,219.74448247593466,0.9056603773584906,0.8050314465408805,140.625,154.72205685687172,157.10219623010363,76363.2422130259,0.9848497383846513,0.16666666666666666,398.0242991462819,5757.510270777732,6657.408711859401,0.8648275207321126,12812.943281783415,3.1064236404774084,44.93511088091192,51.95846547861067,46.375737762202796,53.6242622377972,"984960, 1000320",984960,1000320
1677672969.0,94.56963428149243,634.453125,161.6934423132533,124.06514668770555,214.40245827009807,0.9044585987261147,0.802547770700637,140.625,150.82005076997615,159.12765046452083,75397.09372428592,0.9477928589387616,0.16666666666666666,728.8739071191086,4332.710271809223,8702.692100664886,0.4978586191137572,13764.276279593218,5.2954030587117025,31.477937406944214,63.22665953434408,33.238024788235805,66.7619752117642,"986880, 1002240",986880,1002240
1677672999.0,93.25714285714285,643.3823529411765,161.7655762565711,119.98674955327098,211.8614025872811,0.91875,0.8125,125.0,149.40065809970517,164.40718999208565,77165.50269808006,0.9087233843416284,0.13333333333333333,761.4166619518878,4264.095712665034,9563.584412235767,0.4458679433214912,14589.096786852688,5.219080201305242,29.227962326685812,65.55295747200896,30.837390467156357,69.16260953284365,"988800, 1004160",988800,1004160
1677673029.0,90.01880406167733,666.5274064171123,160.48772172481938,124.42998443823713,199.39548767542144,0.8652482269503546,0.7375886524822695,125.0,140.73018745377755,173.4421372569683,76681.70405007018,0.8113956024727406,0.16666666666666666,762.5133776090809,4492.780652078704,8972.34269942063,0.5007366306203191,14227.636729108413,5.35938182937332,31.57784203814324,63.06277613248345,33.36605640213787,66.63394359786214,"990720, 1006080",990720,1006080
1677673059.0,89.81288981288982,668.0555555555555,162.40166480989254,122.3839533918242,190.98230872581001,0.8571428571428571,0.6917293233082706,117.1875,134.8644810766878,180.4013673632658,76434.12237885658,0.7475801489082814,0.16666666666666666,902.6526757572882,3933.244099516877,8622.47752379026,0.4561617109078767,13458.374299064424,6.706996370431139,29.2252541957486,64.06774943382027,31.32630857485412,68.67369142514586,"992640, 1008000",992640,1008000
1677673089.0,89.47288006111535,670.594262295082,165.1082357200811,131.6096057372188,203.85280387568366,0.8676470588235294,0.6985294117647058,109.375,143.536170167638,176.18505902575052,79447.5123487486,0.8146897981097212,0.16666666666666666,1017.640437730211,3258.565845606974,7497.025583679296,0.43464782255788653,11773.231867016482,8.643679570952822,27.677751380536982,63.67856904851019,30.296482225368518,69.7035177746315,"994560, 1009920",994560,1009920
1677673119.0,87.74571554123334,683.7940705128206,159.08989884452254,126.61624688938318,189.95440631581738,0.8482142857142857,0.6607142857142857,125.0,134.2380037165179,172.0268696770336,72547.36523550213,0.7803316073154083,0.16666666666666666,1167.7143441284488,2026.872635700554,6658.744746401398,0.30439260144277824,9853.3317262304,11.850959417309525,20.570429292508727,67.57861129018175,23.33596503890715,76.66403496109285,"996480, 1011840",996480,1011840
1677673149.0,86.25284565184397,695.629222972973,163.17498031535501,132.55144846750358,192.477913718477,0.8446601941747572,0.6601941747572816,125.0,136.07808790258127,182.4553411730853,78000.00889733875,0.7458158639131947,0.16666666666666666,1626.6326507453323,1777.579529933645,6079.461539207599,0.2923909491769457,9483.673719886578,17.15192549628106,18.74357535314811,64.10449915057082,22.62403256252713,77.37596743747287,"998400, 1013760",998400,1013760
1677673179.0,84.51564605479862,709.9277210884354,162.5031481413852,138.14149341634905,197.67262753779562,0.8431372549019608,0.6470588235294118,125.0,139.71818542372043,175.4361085490108,77005.50880821132,0.7964049509493536,0.16666666666666666,4314.300831075635,2424.797638247311,6957.65153334489,0.3485080600295011,13696.750002667835,31.498719259936124,17.70345255462071,50.797828185443166,25.843973081026807,74.15602691897318,"1000320, 1015680",1000320,1015680
1677673209.0,85.51431601272533,701.6369047619048,162.67100009823258,145.16193901316655,203.00477211139645,0.8470588235294118,0.6235294117647059,117.1875,143.37433989675574,174.74377250537933,78708.74930840722,0.8204832586657249,0.2,2441.2451787100204,4235.847494938684,11084.645651411525,0.3821364821345722,17761.73832506023,13.744404596174244,23.848158425812862,62.40743697801289,27.648245095477144,72.35175490452285,"1002240, 1017600",1002240,1017600
1677673239.0,89.97732426303854,666.8346774193549,169.2028858195214,155.76870400399775,221.44195114896033,0.8292682926829268,0.6219512195121951,140.625,156.58287341422042,176.26143288563043,86706.4544058928,0.8883558408141462,0.0,2341.999582180878,5390.528061513173,8380.446493227118,0.6432268335427799,16112.97413692117,14.534868375506386,33.454581480158595,52.01055014433503,39.14412912525227,60.85587087474773,"1004160, 1019520",1004160,1019520
1677673269.0,93.93415486481516,638.7453007518797,181.44027632693286,154.91419415234003,231.52407945516063,0.8690476190476191,0.6428571428571429,156.25,163.10619096040264,188.7273430676948,96706.38391694537,0.8642425008966397,0.3,1528.4409062769923,7849.1462011701315,9214.674000595185,0.8518094292498191,18592.26110804231,8.22084466969887,42.217276078243586,49.561879252057544,45.99876292858564,54.001237071414366,"1006080, 1021440",1006080,1021440
1677673299.0,85.73748308525035,699.810606060606,183.72371390321464,153.3152153414341,220.749787655617,0.8823529411764706,0.611764705882353,164.0625,155.41330914286917,207.22081666111387,101174.59192579573,0.7499888845483608,0.16666666666666666,1833.20584038769,9037.499563518544,5532.924815200397,1.6334036455167729,16403.63021910663,11.175610617291332,55.09450922023248,33.729880162476185,62.02633038416097,37.97366961583902,"1008000, 1023360",1008000,1023360
1677673329.0,82.22841225626742,729.6747967479674,175.53651333897056,140.82100537759115,202.4266842587706,0.88,0.6133333333333333,140.625,141.4670775402453,194.93722280091438,86636.32645557882,0.7257058221493331,0.26666666666666666,1632.2159711205868,6527.590943174565,6301.846541326646,1.0358219452612054,14461.653455621798,11.286510053150817,45.13723802887173,43.57625191797745,50.87979072395276,49.12020927604725,"1009920, 1025280",1009920,1025280
1677673359.0,78.52242744063325,764.1129032258065,175.97764963256077,134.62609996715602,184.5738735043652,0.8108108108108109,0.527027027027027,140.625,129.10665085596045,213.77692768256247,86708.03000895918,0.6039316415271484,0.23333333333333334,4419.561076337862,5083.706645899435,5679.142484357524,0.8951539180258038,15182.410206594821,29.109746187849186,33.48418713974157,37.40606667240924,47.23383728949532,52.766162710504666,"1011840, 1027200",1011840,1027200
1677673389.0,77.11327267022278,778.076171875,179.41512320362958,136.36876971243865,186.09116276811645,0.7922077922077922,0.5194805194805194,132.8125,129.81415570336463,215.24580995821157,87782.23454950612,0.6030972483439614,0.23333333333333334,5249.942276206606,5686.584911395316,4928.310517446586,1.153860920748476,15864.837705048507,33.09168599018174,35.843952627298115,31.064361382520165,53.57174688640083,46.42825311359916,"1013760, 1029120",1013760,1029120
1677673419.0,77.92998477929984,769.921875,174.61083146297858,139.97239570588837,192.87423946223177,0.8059701492537313,0.5074626865671642,125.0,134.660957499729,204.58965878417905,86551.62953535476,0.6582002154946766,0.23333333333333334,3236.00823738553,6531.485952401241,5216.757955244747,1.2520201259931396,14984.252145031518,21.596061025031045,43.5890019013525,34.814937073616456,55.595423484104046,44.40457651589595,"1015680, 1031040",1015680,1031040
1677673449.0,74.28914217156569,807.6550387596899,165.5516059960359,135.14330839878397,175.68299520053608,0.7105263157894737,0.42105263157894735,109.375,122.45007798279136,199.31197661843026,76672.97856322092,0.614363873462627,0.26666666666666666,3479.6397841530134,5823.611907149026,6337.426218102206,0.9189238196595453,15640.677909404245,22.2473719125743,37.23375636836989,40.51887171905581,47.88745703425477,52.11254296574523,"1017600, 1032960",1017600,1032960
1677673479.0,69.60428899668113,862.0158450704225,146.48129346507474,99.57107106664753,125.36567606157197,0.6363636363636364,0.3522727272727273,85.9375,88.43318888039849,184.60235791244554,51286.422111351756,0.4790469086117588,0.16666666666666666,1147.7181053938016,3717.9011683243466,5554.800402757592,0.6693131883692264,10420.41967647574,11.014125544144763,35.678996468036374,53.306877987818865,40.09512373307774,59.904876266922265,"1019520, 1034880",1019520,1034880
1677673509.0,66.91503425069102,896.6594827586207,117.24583615387847,84.7931632867073,109.99588808104075,0.6947368421052632,0.3684210526315789,78.125,77.5433681490933,136.1957311425011,33178.59789695623,0.5693524128737922,0.16666666666666666,,,,,,,,,,,"1021440, 1036800",1021440,1036800
1677673539.0,68.08692174376749,881.2265037593985,125.43890065880913,88.53869665383284,114.23969135417077,0.7215189873417721,0.3924050632911392,62.5,80.59530798553827,146.86531019559365,37185.94810081096,0.5487702159087282,0.16666666666666666,957.2960580111459,5182.313002748899,5840.388377103799,0.8873233538826344,11979.997437863844,7.990786834273661,43.25804767177778,48.751165493948555,47.01490881555709,52.985091184442915,"1023360, 1038720",1023360,1038720
1677673569.0,68.63018729342637,874.2508561643835,118.52239407548018,79.76131007356643,105.03302724946478,0.7252747252747253,0.3956043956043956,54.6875,74.24415605126616,137.0943034995133,31976.546455363685,0.5415553685024538,0.16666666666666666,1211.0012025771855,3865.521350216728,5587.366988528735,0.691832370802369,10663.88954132265,11.356092895416321,36.24870020678482,52.39520689779885,40.892489276243154,59.10751072375686,"1025280, 1040640",1025280,1040640
1677673599.0,69.71048884670148,860.7026143790849,130.61758860869136,93.53948341965422,120.95866601417433,0.7244897959183674,0.3979591836734694,62.5,85.50921673989947,152.9433023241746,41085.943462662675,0.5590909535787084,0.0,1172.5391453533216,2369.216891387899,4485.15766075307,0.5282349185000782,8026.91369749429,14.607596263547041,29.515913346962755,55.8764903894902,34.56503395554701,65.43496604445299,"1027200, 1042560",1027200,1042560
1677673629.0,75.558340644191,794.0883757961783,163.5677270303196,113.13413228380846,149.76312585821128,0.7102803738317757,0.4672897196261682,78.125,105.67900857122144,206.90771310343027,68693.44288566652,0.5107543212678302,0.16666666666666666,1746.0503783694467,2745.708255183082,3729.227191400167,0.7362673589624302,8220.985824952695,21.238941600771994,33.398771310968435,45.362287088259585,42.40518346220674,57.594816537793264,"1029120, 1044480",1029120,1044480
1677673659.0,74.40453686200378,806.4024390243902,163.90828440097428,109.88102154173899,141.7653120150792,0.6551724137931034,0.4482758620689655,78.125,100.10624162242358,209.84182211839612,65993.79114271289,0.4770557204080225,0.23333333333333334,4084.758013346282,3259.8645626043804,5445.894066745689,0.5985912547418284,12790.516642696351,31.9358328318877,25.486574574497975,42.57759259361433,37.444922394405346,62.55507760559465,"1031040, 1046400",1031040,1046400
1677673689.0,71.898618563763,834.5083841463414,156.2672820510251,105.57847788410479,140.05741152201037,0.7457627118644068,0.4915254237288136,62.5,99.0078782156351,200.62455802104031,62402.74861002505,0.49349829947165164,0.23333333333333334,5118.393609594848,3556.851913242029,5062.700228555759,0.702560245060509,13737.945751392637,37.25734329003293,25.890711592608124,36.851945117358945,41.26492716476767,58.73507283523234,"1032960, 1048320",1032960,1048320
1677673719.0,70.91689426453374,846.0607394366198,148.93699760389657,101.7486975015669,128.00004471881954,0.6435643564356436,0.4158415841584158,62.5,90.49674187022461,188.44568142829155,53575.84206143048,0.4802271996063808,0.16666666666666666,5535.596973132854,4260.594454122808,6407.753155106625,0.6649123883193518,16203.944582362288,34.16203347892374,26.293563474417155,39.5444030466591,39.936779435616344,60.063220564383656,"1034880, 1050240",1034880,1050240
1677673749.0,71.0530612244898,844.4393382352941,154.5155067184968,104.99097570527537,132.61254128979263,0.6195652173913043,0.42391304347826086,62.5,93.44575353374694,196.10995488862832,57571.70388184503,0.47649673667415393,0.16666666666666666,9674.677167514474,4673.6454955868985,7740.154022790577,0.6038181516576459,22088.476685891947,43.79965764544439,21.158749704872072,35.04159264968355,37.64879148135106,62.35120851864893,"1036800, 1052160",1036800,1052160
1677673779.0,71.70124481327801,836.8055555555555,162.55415170845166,117.76284431342951,147.93537559057197,0.5842696629213483,0.42696629213483145,62.5,104.26493820606416,204.57530108647651,67010.26908712657,0.5096653293546423,0.16666666666666666,,,,,,,,,,,"1038720, 1054080",1038720,1054080
1677673809.0,75.76515880654476,791.920731707317,182.49281592128287,128.62627270018154,173.68806861935823,0.6626506024096386,0.5542168674698795,109.375,121.77278175042187,233.08094941279452,89167.55908309169,0.5224484543125745,0.16666666666666666,7310.548976193195,3877.956512865924,5665.93695621903,0.6844334031301588,16854.44244527815,43.374611767363916,23.008512595160642,33.616875637475445,40.632856238678585,59.367143761321415,"1040640, 1056000",1040640,1056000
1677673839.0,70.01554770318022,856.952519379845,170.30366118789567,123.43357951180623,154.65037667147672,0.5679012345679012,0.41975308641975306,93.75,109.1819283578481,224.44313548691196,76985.15001508204,0.48645697325955806,0.26666666666666666,2740.3693959212983,5204.407845459766,5498.223780378455,0.946561663065219,13443.001021759519,20.385101447850804,38.714628058390005,40.90027049375919,48.62736593582572,51.37263406417427,"1042560, 1057920",1042560,1057920
1677673869.0,65.3909926058705,917.5575657894736,137.81220825961105,92.70589042736705,122.26648011030994,0.6574074074074074,0.39814814814814814,78.125,86.03748499485664,170.76475901126787,46156.81456591354,0.5038363037726038,0.23333333333333334,1997.0693725075669,6053.436276534207,5462.582479828854,1.1081638215783727,13513.088128870628,14.778778569798865,44.79683858200464,40.42438284819649,52.56535617562659,47.43464382437341,"1044480, 1059840",1044480,1059840
1677673899.0,69.16358253145818,867.5085616438356,170.95037698332038,105.67277321883678,142.08123992190207,0.7156862745098039,0.4803921568627451,109.375,99.70484980884174,235.02169527483164,73616.32122122172,0.4242367909577371,0.23333333333333334,1328.96150703259,7595.712331427242,5465.069079900919,1.3898657492477573,14389.742918360751,9.235477760599093,52.785601344798245,37.978920894602666,58.156645396723086,41.84335460327693,"1046400, 1061760",1046400,1061760
1677673929.0,68.57142857142857,875.0,173.5336632808363,101.41081284580538,136.2845095675841,0.7403846153846154,0.46153846153846156,117.1875,95.7074882398075,237.9500362585702,71545.375388465,0.4022167415675711,0.2,3028.324806586528,6352.727292173515,6180.0669847635445,1.0279382582479526,15561.119083523587,19.460842053403326,40.82436011237717,39.71479783421951,50.6888340444864,49.3111659555136,"1048320, 1063680",1048320,1063680
1677673959.0,68.51722190852625,875.692246835443,168.4455849179129,99.04623037629361,134.4761869851738,0.7589285714285714,0.4642857142857143,109.375,94.74433332545833,229.91875622529375,68434.88129993655,0.41207744370633187,0.2,,,,,,,,,,,"1050240, 1065600",1050240,1065600
1677673989.0,70.8639904134212,846.6923701298701,165.14619171328766,104.54755964488446,146.29762401237645,0.7837837837837838,0.5315315315315315,125.0,103.05073209333744,217.71153890282193,70482.67880737092,0.4733361061736619,0.2,,,,,,,,,,,"1052160, 1067520",1052160,1067520
1677674019.0,68.56382388821116,875.097049689441,162.73887362571512,97.77518798789245,133.04972686070548,0.7333333333333333,0.4583333333333333,125.0,94.02515862888309,217.21542508200167,64162.99237461609,0.4328659375520286,0.2,,,,,,,,,,,"1054080, 1069440",1054080,1069440
1677674049.0,65.3811126509602,917.6962209302326,152.0497296641832,72.23949315181468,99.92578399092774,0.689922480620155,0.40310077519379844,93.75,70.59089406634281,203.99386964007059,45239.278662023746,0.34604419334215436,0.16666666666666666,,,,,,,,,,,"1056000, 1071360",1056000,1071360
1677674079.0,64.21879331054237,934.3059392265193,153.38989933557758,76.47321321453968,101.37110462194208,0.6293706293706294,0.3706293706293706,78.125,71.67515689968835,199.686051572373,44964.13620299906,0.3589392265273513,0.13333333333333333,8930.108040604011,3761.1001119296716,2859.9299008577536,1.3151022026105037,15551.138053391438,57.4241448435763,24.185368935808786,18.390486220614907,56.80536268021332,43.19463731978667,"1057920, 1073280",1057920,1073280
1677674109.0,62.63138818412468,957.9861111111111,146.83703048746438,79.95831664034566,102.14941715280384,0.5821917808219178,0.3356164383561644,62.5,72.02474925701405,181.08724254753218,40975.04917142051,0.39773508196254537,0.13333333333333333,6922.99021706496,3412.970614607579,3453.7831909229053,0.9881832257384922,13789.744022595445,50.20390665498333,24.750065041201577,25.046028303815095,49.70282481743807,50.297175182561915,"1059840, 1075200",1059840,1075200
1677674139.0,62.559563047367924,959.0859826589596,134.97093629308523,79.17059552441778,102.16169398923454,0.5882352941176471,0.34558823529411764,62.5,72.23904387577375,161.298191335491,36605.92280266047,0.447860222595557,0.13333333333333333,4395.923220669168,3338.897117435295,2937.9597107469667,1.136467973070465,10672.78004885143,41.188174032896356,31.28423055804112,27.52759540906252,53.19377530556514,46.80622469443487,"1061760, 1077120",1061760,1077120
1677674169.0,64.01988195091643,937.208850931677,139.03051408360125,76.19611422157777,99.20835278542172,0.5950413223140496,0.35537190082644626,93.75,69.96429105165114,173.22688157824504,38075.147793909186,0.4038881864882437,0.1,,,,,,,,,,,"1063680, 1079040",1063680,1079040
1677674199.0,64.47053659607154,930.6576797385621,147.8958455183146,82.0274171509822,109.15155747858113,0.6086956521739131,0.41739130434782606,93.75,77.18084973417939,191.94623892272142,46541.35628945433,0.40209618155244403,0.13333333333333333,3145.1839434095778,3623.5531899173175,2374.4471865611868,1.5260618178520782,9143.184319888082,34.3992184054327,39.63119481289941,25.969586781667893,60.41268693692126,39.58731306307873,"1065600, 1080960",1065600,1080960
1677674229.0,62.20534018545413,964.5474137931035,129.85267021951887,74.59217353015084,97.97480170870372,0.5887850467289719,0.38317757009345793,62.5,69.21390080035384,142.61789227743895,31011.1029437102,0.4853100806293639,0.16666666666666666,3933.809439419079,3665.8307482164946,2784.345219635701,1.316586291945553,10383.985407271275,37.883426113681466,35.302734012410454,26.813839873908076,56.833034734045505,43.16696526595449,"1067520, 1082880",1067520,1082880
1677674259.0,62.4688995215311,960.4779411764706,135.72632420890668,72.14216620752717,96.20008090644338,0.5833333333333334,0.3958333333333333,62.5,68.01584300438515,155.13923865066087,33149.853516615425,0.4384180533304132,0.2,7793.42877780466,4944.073225642198,4085.554807410185,1.2101350878159494,16823.056810857044,46.32587802220961,29.38867342141683,24.285448556373552,54.75389692183034,45.24610307816966,"1069440, 1084800",1069440,1084800
1677674289.0,64.31671107727446,932.8835227272727,159.45735854284558,85.7228062826034,115.38625151356756,0.625,0.42045454545454547,62.5,81.39455150805396,205.3889213831853,52519.69815054595,0.39629475124512503,0.13333333333333333,7345.796127634805,6614.75687105783,8737.472124686978,0.7570561343902205,22698.02512337961,32.363150924828375,29.14243347208406,38.49441560308757,43.086621967997274,56.91337803200272,"1071360, 1086720",1071360,1086720
1677674319.0,64.28785607196401,933.3022388059702,156.9964002957031,83.74896350934074,111.73058649417953,0.6222222222222222,0.4111111111111111,62.5,78.89512397112861,201.5199525626785,49947.99825635482,0.39150031035557115,0.13333333333333333,2926.662316017024,5888.483172082033,7214.781394554608,0.8161693127010605,16029.926882653665,18.257490114842817,36.7343108623539,45.00819902280329,44.939054249696,55.06094575030401,"1073280, 1088640",1073280,1088640
1677674349.0,62.623822179270356,958.1018518518518,134.3528170192761,71.97914861652002,92.55106590705434,0.5638297872340425,0.32978723404255317,46.875,65.43293046517056,146.53684386443527,30122.643157966155,0.44652886427459926,0.16666666666666666,1236.1031144245176,5548.86181719119,2932.5652879163963,1.8921528669984657,9717.530219532106,12.720342376090244,57.101564819814534,30.17809280409522,65.42368104360196,34.57631895639804,"1075200, 1090560",1075200,1090560
1677674379.0,61.55567509413663,974.7273489932886,119.5541546769601,78.57635947706667,99.13491286355637,0.5789473684210527,0.2982456140350877,46.875,69.95081505486543,131.30943849940246,28856.16390226232,0.5327173419843978,0.16666666666666666,789.9718726745027,3239.063711579529,2276.670581499262,1.4227195352287196,6305.706165753294,12.527889056500793,51.36718436344366,36.10492658005554,58.724070803119446,41.275929196880554,"1077120, 1092480",1077120,1092480
1677674409.0,60.57940529687351,990.435606060606,96.00488821801682,67.34281283860282,86.93393284877635,0.6074074074074074,0.2814814814814815,46.875,61.22652366361667,101.69508663860546,19560.927570301752,0.6020598013864504,0.16666666666666666,,,,,,,,,,,"1079040, 1094400",1079040,1094400
1677674439.0,60.515272244355906,991.4852528089888,92.18720578055884,75.77000128988169,95.79871377655135,0.6174496644295302,0.28859060402684567,46.875,67.67816258832292,93.95493287572454,19976.436482612946,0.720325804264495,0.13333333333333333,1064.891622780161,788.8263222054104,946.9876150678084,0.8329848349166922,2800.70556005338,38.022262602994395,28.165271403623585,33.81246599338201,45.44417493527985,54.555825064720146,"1080960, 1096320",1080960,1096320
1677674469.0,60.35238646703615,994.1611842105264,80.52616293898892,69.22317511435837,87.64536713063781,0.6190476190476191,0.27380952380952384,46.875,61.96779388705612,82.64456804882091,16089.043353737063,0.7498108508528917,0.13333333333333333,1113.1027402567406,1549.4245029227652,1300.2727094338818,1.1916150294328336,3962.799952613387,28.088794629228552,39.0992359304171,32.81196944035437,54.37154853520103,45.628451464798964,"1082880, 1098240",1082880,1098240
1677674499.0,60.85968142159609,985.8743686868687,81.5775676390233,66.90496738498703,83.63919804983183,0.5921787709497207,0.25139664804469275,46.875,59.12480302358555,79.91963965148484,14844.75712884912,0.7398031733053123,0.13333333333333333,836.4069581722763,2571.3303851566493,1860.0214225561156,1.3824197689202014,5267.758765885042,15.877852334260238,48.812607020068,35.30954064567176,58.025868780746556,41.974131219253444,"1084800, 1100160",1084800,1100160
1677674529.0,61.27193982220196,979.2410714285714,86.85139450134483,69.85318902637353,88.1650807382863,0.6145833333333334,0.2916666666666667,46.875,62.339975215689506,87.77343095070988,17190.146293175134,0.7102374208283734,0.13333333333333333,678.9926632388872,2769.4618172672276,2347.6254340253668,1.1796864087123802,5796.079914531481,11.714687741564251,47.78163617661392,40.50367608182183,54.12184082981293,45.87815917018707,"1086720, 1102080",1086720,1102080
1677674559.0,61.47310090048487,976.0366586538462,88.61225137102734,69.5427452082442,89.14178535126892,0.6542553191489362,0.3191489361702128,46.875,63.03054173832803,86.5885737980445,17145.947869456606,0.7279313998789008,0.0,482.58962205853146,2845.776294054014,2516.5561242277126,1.1308217077524283,5844.922040340258,8.256562170167763,48.688011138782436,43.05542669104982,53.0697478647901,46.9302521352099,"1088640, 1104000",1088640,1104000
1677674589.0,61.911594538301316,969.1238038277512,89.13113792257451,73.27440817608642,92.46698943059782,0.6470588235294118,0.32620320855614976,31.25,65.38080512317492,82.67833516831831,16982.11822559355,0.7907852158618252,0.13333333333333333,498.04354636806846,2515.23259171653,2481.4407324589747,1.0136178385465888,5494.716870543572,9.064043846153602,45.77547216673435,45.16048398711206,50.33814357138437,49.661856428615614,"1090560, 1105920",1090560,1105920
1677674619.0,61.87514052312074,969.6947674418604,89.06800748913973,71.78194549995754,90.04575145461207,0.6288659793814433,0.30927835051546393,31.25,63.66887953007264,81.80557633984007,16362.889155953175,0.7782951038151332,0.13333333333333333,698.9090771597344,2489.5333446441123,2662.5647020391575,0.9350132760107098,5851.007123843005,11.945107267288428,42.54880043641034,45.506092296301226,48.32076800725447,51.67923199274552,"1092480, 1107840",1092480,1107840
1677674649.0,61.84956843403206,970.0956937799043,98.76471542285205,81.34108088172036,101.30717646533428,0.6270270270270271,0.34054054054054056,31.25,71.63377159819264,97.53257554087367,21949.133667951384,0.7344599606945945,0.0,,,,,,,,,,,"1094400, 1109760",1094400,1109760
1677674679.0,61.2639405204461,979.3689320388349,87.24699009788826,66.04135678683043,81.67605290562983,0.572972972972973,0.2810810810810811,31.25,57.75118965363214,79.94135800672781,14503.817593493704,0.7224194221065376,0.16666666666666666,704.7756938710464,1767.8221528386593,2916.3210872141017,0.6061822755351749,5388.918933923807,13.078238929044002,32.80476426746809,54.11699680348791,37.74056561128449,62.25943438871551,"1096320, 1111680",1096320,1111680
1677674709.0,62.34778373112518,962.34375,105.38700535852368,78.23335856367855,95.79006259023147,0.5722543352601156,0.30057803468208094,31.25,67.7338028278365,102.75174768126581,21864.751676735315,0.6591985475317229,0.13333333333333333,394.45679687846086,2388.6221434632153,2942.0135255451355,0.8119004629730991,5725.092465886812,6.8899637731416075,41.72198366569473,51.38805256116366,44.809330289638176,55.19066971036184,"1098240, 1113600",1098240,1113600
1677674739.0,62.92943873652034,953.4488341968912,115.07248949539073,80.56813302596146,100.45966535628581,0.6073619631901841,0.3374233128834356,31.25,71.03247662410604,125.30789096532943,27963.09578230139,0.5668635556539653,0.13333333333333333,386.37567599533827,3435.7826576667335,3133.171468286176,1.096583028552243,6955.329801948248,5.555102159025028,49.39783957770545,45.04705826326953,52.3033437559336,47.6966562440664,"1100160, 1115520",1100160,1115520
1677674769.0,63.994265746796884,937.5840053763441,126.42518885318894,75.72316163235219,95.5572112017951,0.6118421052631579,0.3223684210526316,46.875,67.33694640041108,152.8712272659863,32339.182926386206,0.44048149285312554,0.2,1295.729814260204,2311.3350191028585,4881.735359253609,0.47346585773470706,8488.800192616673,15.263992376533901,27.228053042327407,57.50795458113869,32.132801398100206,67.8671986018998,"1102080, 1117440",1102080,1117440
1677674799.0,65.77607655502393,912.1857541899441,141.6068281457636,82.57381500812672,103.95702972728819,0.6083916083916084,0.32867132867132864,62.5,73.50287345955154,170.15243112931086,39290.93363726531,0.43198250516733144,0.2,3250.0100267732664,2955.502719848165,5893.2850863725735,0.5015034359499028,12098.797832994005,26.862255834297294,24.428069306095573,48.709674859607134,33.40008580350896,66.59991419649103,"1104000, 1119360",1104000,1119360
1677674829.0,66.26565427472636,905.4464285714286,145.28747452930017,80.55588833967595,104.14685047020058,0.6376811594202898,0.34782608695652173,62.5,73.63315151371106,178.86204995651903,41375.32950169484,0.41167565468253947,0.23333333333333334,4820.773626988395,5177.773697810211,6145.795733389601,0.842490366166873,16144.343058188208,29.860450868846964,32.071752186807686,38.06779694434535,45.7256320921555,54.27436790784451,"1105920, 1121280",1105920,1121280
1677674859.0,69.28646748681898,865.9699675324675,169.92494765594475,92.96972455800807,120.8163259824342,0.6283185840707964,0.40707964601769914,85.9375,85.4300433802237,220.05438554035655,59059.603608624726,0.3882224077036464,0.2,3735.691573152235,8193.806563953338,8855.246564704128,0.9253052982864187,20784.7447018097,17.973237712306243,39.422214135927845,42.60454815176591,48.060185525379744,51.939814474620256,"1107840, 1123200",1107840,1123200
1677674889.0,68.42311257596045,876.8966763005781,166.6535219762079,88.96794958091132,118.40106282306581,0.6541353383458647,0.43609022556390975,62.5,83.67730122748085,211.29058866051477,55544.06885015554,0.39602947655149473,0.2,5348.918029100502,7133.753771657428,8679.326377429488,0.8219248201345085,21161.998178187416,25.276053726409742,33.71020879781804,41.013737475772224,45.1129931955056,54.88700680449439,"1109760, 1125120",1109760,1125120
1677674919.0,69.40025325198572,864.5501592356688,166.33822718791743,92.53218270993749,123.43108050151683,0.7017543859649122,0.4473684210526316,78.125,87.26151793715378,217.66179444213958,59669.835604726024,0.4009041557375852,0.2,4623.099715301461,5188.471727450706,6837.972535326418,0.7587734084402882,16649.543978078585,27.76712516203692,31.1628458670222,41.07002897094089,43.1421924392854,56.8578075607146,"1111680, 1127040",1111680,1127040
1677674949.0,69.38680345068781,864.7177419354839,159.98006102998963,85.61729831202324,112.91722245632971,0.6846846846846847,0.43243243243243246,78.125,79.84397532765057,208.88752720602682,52396.77211552865,0.3822342884498798,0.13333333333333333,4052.739229231148,3905.2894616151457,5215.243218728017,0.7488221158298413,13173.27190957431,30.764864318071382,29.64555418291175,39.589581499016866,42.818655428228865,57.18134457177113,"1113600, 1128960",1113600,1128960
1677674979.0,66.00124249326983,909.0737951807229,135.90524601586486,75.36508160380329,103.31785579909736,0.6538461538461539,0.4076923076923077,54.6875,73.02827644483305,164.62757539893116,37769.697419118245,0.4435968656397231,0.16666666666666666,1491.003591930684,2294.325019518805,3562.7362869215426,0.6439783455040017,7348.0648983710325,20.29110538015552,31.22352689110607,48.485367728738396,39.17194817469292,60.82805182530708,"1115520, 1130880",1115520,1130880
1677675009.0,65.1264,921.2853773584906,124.7896076352393,72.52787204518444,97.17736064077145,0.5983606557377049,0.3770491803278688,46.875,68.68844788722902,138.91007142463874,29975.560346100374,0.4944814093231084,0.23333333333333334,1877.0661950157769,2533.5883119878445,3666.525440987531,0.6910052453653384,8077.1799479911515,23.239128100428367,31.36723866871339,45.393633230858256,40.86357787826069,59.1364221217393,"1117440, 1132800",1117440,1132800
1677675039.0,63.65047427421673,942.6481213872833,102.61975860220517,75.0991684669837,95.52815182017586,0.5642857142857143,0.3357142857142857,31.25,67.54634497371443,108.83645086509425,23095.43239132589,0.6206224517320944,0.2,2916.6552744581527,2553.7586392367134,3347.469397329734,0.7628923034438608,8817.8833110246,33.07659187110801,28.961129889798663,37.96227823909333,43.27503738904122,56.72496261095878,"1119360, 1134720",1119360,1134720
1677675069.0,63.95661857267358,938.1359011627907,104.22300139591448,69.08644413049251,90.15619197200411,0.5857142857142857,0.3357142857142857,39.0625,63.69018826251951,119.59774248527161,23930.14815210967,0.5325367096319809,0.2,3338.2403587207805,2646.367301460032,3638.699689011903,0.7272837902648293,9623.307349192715,34.689117136021025,27.499561277984455,37.811321585994534,42.10563396495032,57.89436603504967,"1121280, 1136640",1121280,1136640
1677675099.0,64.55550479671082,929.4327445652174,122.05662878172473,95.18718939110838,120.21716843190208,0.6143790849673203,0.38562091503267976,46.875,84.99284747254755,142.522776989824,38055.42074513447,0.5963457158754069,0.0,2626.5436817850286,2707.444634091913,4111.72449534041,0.6584693690348442,9445.712811217352,27.806728134544276,28.66321142938688,43.53006043606883,39.70343868443252,60.29656131556748,"1123200, 1138560",1123200,1138560
1677675129.0,64.4551920341394,930.8792372881356,126.17091687283272,97.49161280352591,120.81188645975625,0.6083916083916084,0.35664335664335667,46.875,85.4050643537523,149.69002821134413,40163.020526240434,0.5705461170277203,0.2,2085.7302233485148,2736.9815936859527,3686.5822273118324,0.7424170749289631,8509.2940443463,24.511201663483526,32.1646141198334,43.32418421668307,42.60845957098021,57.39154042901979,"1125120, 1140480",1125120,1140480
1677675159.0,63.36970987490019,946.8245967741935,126.86961849585443,100.39955111929427,124.80837026904761,0.5947712418300654,0.3660130718954248,62.5,88.24528139207916,142.42757887705596,39485.301341665916,0.6195800145437621,0.2,1703.5668657192377,3109.4247888008645,5676.435989953886,0.5477776538489822,10489.427644473988,16.24079905462436,29.64341710711893,54.115783838256704,35.3912367507555,64.6087632492445,"1127040, 1142400",1127040,1142400
1677675189.0,62.3904589058854,961.6855053191489,112.94152533188368,88.82269447656465,110.14655320795903,0.56875,0.325,46.875,77.85203166998305,114.89437311004866,28100.793479287957,0.6775965572780005,0.16666666666666666,1618.7582514468406,3603.244364596921,2801.70575811168,1.28608950249846,8023.708374155442,20.17468950717227,44.90746917227274,34.91784132055499,56.257180704994134,43.74281929500587,"1128960, 1144320",1128960,1144320
1677675219.0,63.03118730621922,951.9097222222222,121.5836924940117,92.7506925700408,116.45255650549998,0.6,0.36,62.5,82.29166666666666,124.88631983505816,32286.47255134066,0.6589325938609786,0.13333333333333333,1685.269484465116,3378.279577184531,4515.345380571702,0.7481774465626363,9578.894442221348,17.593569849114044,35.26794869242872,47.13848145845725,42.79756886429032,57.202431135709695,"1130880, 1146240",1130880,1146240
1677675249.0,61.90378710337769,969.2460317460317,109.26161878753705,89.27599194410166,113.02748810878626,0.6121212121212121,0.3575757575757576,46.875,79.86312604756385,115.38921930749032,28950.856275834267,0.6921194763849109,0.16666666666666666,1896.9979429183525,2117.943409276189,4380.511332056734,0.48349227949189527,8395.452684251275,22.59554087508422,25.227268724284066,52.177190400631716,32.59149280220684,67.40850719779316,"1132800, 1148160",1132800,1148160
1677675279.0,62.761139517896275,956.0055865921788,116.85045922948673,82.67375694139922,108.26069279367589,0.64,0.3933333333333333,46.875,76.54588113283938,126.91512518898647,30520.038831173122,0.6031265463344627,0.13333333333333333,2443.664608667224,2059.516189736923,3560.473720959941,0.5784388121201063,8063.654519364089,30.304678887209253,25.540729514033536,44.1545915987572,36.64626133610884,63.35373866389115,"1134720, 1150080",1134720,1150080
1677675309.0,63.55140186915888,944.1176470588235,122.38478578451853,85.37179654374326,112.39635584609383,0.6423357664233577,0.40145985401459855,62.5,79.42019054232165,130.04195663595584,32446.233757755883,0.6107274344129826,0.0,,,,,,,,,,,"1136640, 1152000",1136640,1152000
1677675339.0,64.56219892320772,929.3363764044943,129.1150797844324,87.98780072654624,112.26178083098819,0.6344827586206897,0.3793103448275862,62.5,79.17509199070139,148.5239848342562,36943.24515980615,0.5330795028093006,0.1,,,,,,,,,,,"1138560, 1153920",1138560,1153920
1677675369.0,66.08104052026013,907.9760174418604,133.47294940202406,93.70718817749903,122.59286133676501,0.6617647058823529,0.41911764705882354,70.3125,86.37734810163383,151.5819791374339,41133.65605719435,0.5698391628949415,0.2,4211.516232620265,1995.5936782682202,3769.0698682359,0.5294658226121584,9976.179779124384,42.21572110632025,20.003585765806786,37.78069312787298,34.61769558916259,65.3823044108374,"1140480, 1155840",1140480,1155840
1677675399.0,68.21582257530619,879.5613354037267,131.82134672741878,101.4579397158932,136.7888442112186,0.717948717948718,0.4700854700854701,78.125,96.46467522103451,146.6209316510041,44433.871413447334,0.6579188532961002,0.16666666666666666,4263.4880803965025,2614.017592295072,3769.471357433421,0.6934706075270245,10646.977030124996,40.04411832892298,24.55173505962174,35.40414661145528,40.949668948769045,59.05033105123095,"1142400, 1157760",1142400,1157760
1677675429.0,69.26984906123451,866.1777210884354,140.22960318079038,107.84999422723672,147.58699599462938,0.7708333333333334,0.53125,93.75,102.97931437501391,156.31301456925814,50570.23915034616,0.6588019216364516,0.26666666666666666,4844.737864333691,2561.3693210243205,4047.1057557468575,0.632889149829405,11453.212941104868,42.30025137266267,22.36376232761486,35.33598629972247,38.75885573099226,61.241144269007755,"1144320, 1159680",1144320,1159680
1677675459.0,69.86024096385542,858.8576158940398,149.66912599609594,119.0782839956188,163.1594222245334,0.7722772277227723,0.5445544554455446,93.75,113.69731641220613,167.42249638776477,59801.75097461511,0.6791041757546935,0.13333333333333333,4596.849363086002,3540.50284293775,4046.5983006719225,0.874933111682932,12183.950506695674,37.72872649605569,29.05874281902304,33.21253068492128,46.66476399777247,53.335236002227525,"1146240, 1161600",1146240,1161600
1677675489.0,72.86624203821655,823.4265734265734,156.00981282502443,120.54159743384486,173.77372536631702,0.7956989247311828,0.6129032258064516,93.75,122.60284654547266,177.8203931901234,68490.76112689868,0.6894757364212281,0.1,1242.5594219844554,6482.602133198307,6500.305556705654,0.9972765244105971,14225.467111888416,8.734753046850965,45.57039907519598,45.69484787795306,49.93182026734614,50.06817973265386,"1148160, 1163520",1148160,1163520
1677675519.0,73.82587201318319,812.7232142857143,154.3747482543597,118.82664221992586,177.28601508146633,0.8295454545454546,0.6590909090909091,109.375,125.0246512325869,181.26729391871433,71197.53795198379,0.6897253692585695,0.13333333333333333,1410.1356924596234,7453.497482709024,7397.126856497351,1.0076206109892734,16260.760031665997,8.67201588187479,45.83732536606024,45.490658752064974,50.189792108816775,49.81020789118323,"1150080, 1165440",1150080,1165440
1677675549.0,75.53232462173315,794.3618881118881,163.08949471148108,130.24235507305312,195.73957428413414,0.8131868131868132,0.6923076923076923,125.0,138.28086383494082,185.34708787654714,80518.8796620065,0.7460643996038643,0.13333333333333333,2898.030740880189,8648.364480419827,6739.773441799881,1.2831832635178684,18286.168663099896,15.848211805725033,47.294568040770464,36.85722015350451,56.20150094919554,43.79849905080447,"1152000, 1167360",1152000,1167360
1677675579.0,76.20127569099928,787.3883928571429,174.27000595880344,135.3270605454401,215.87191732833438,0.8539325842696629,0.7528089887640449,125.0,152.6426793216716,196.37024604855827,94167.60772111457,0.7773208130722933,0.13333333333333333,3598.9862882250554,6758.837051997024,5913.327340020763,1.1429837489722483,16271.150680242841,22.118818508608033,41.53877734169044,36.34240414970152,53.3360903702798,46.66390962972021,"1153920, 1169280",1153920,1169280
1677675609.0,75.75766055687701,791.9991134751773,169.70171310553013,135.0476240867512,203.61551609299622,0.8064516129032258,0.6774193548387096,125.0,143.6233509735726,198.0659374201074,89368.55209571669,0.7251289789871368,0.13333333333333333,2559.159522839791,7368.935162210599,6864.2231578265855,1.0735279131781346,16792.317842876975,15.24006123982071,43.88277563086015,40.877163129319136,51.77301479065784,48.22698520934215,"1155840, 1171200",1155840,1171200
1677675639.0,78.06098514464425,768.6298076923077,175.08042616444752,138.46122221123272,203.86601262334332,0.788235294117647,0.6705882352941176,125.0,144.14917966111466,193.7811289035071,87755.33521794749,0.7438762508855722,0.23333333333333334,,,,,,,,,,,"1157760, 1173120",1157760,1173120
1677675669.0,79.84442782348542,751.4613309352518,173.98145189796404,122.74631487131184,187.67492959974388,0.8064516129032258,0.6881720430107527,140.625,132.4949882150208,199.16000576457125,82899.41268567514,0.6652690519182063,0.3,3094.6337144107474,6054.3115920480495,9936.851073692776,0.6092786887061717,19085.796380151573,16.214328460661125,31.721556027624185,52.0641155117147,37.86035899077367,62.139641009226324,"1159680, 1175040",1159680,1175040
1677675699.0,79.41076487252126,755.5650684931506,178.0560778815013,127.39914059909066,189.86584410084782,0.8137254901960784,0.6764705882352942,140.625,133.84365288584317,207.54442274762528,87268.74307820483,0.6448915905034822,0.23333333333333334,2882.670407157428,6787.831099498453,8214.225708653215,0.8263506921106225,17884.727215309096,16.11805633071048,37.9532268945548,45.928716774734724,45.24600317344585,54.75399682655415,"1161600, 1176960",1161600,1176960
1677675729.0,83.62109192720484,717.5223214285714,171.6320102276657,126.43362844057087,190.44053788532548,0.8333333333333334,0.6979166666666666,148.4375,134.6475818285787,202.9300308265429,85840.99683104455,0.6635172787396385,0.13333333333333333,,,,,,,,,,,"1163520, 1178880",1163520,1178880
1677675759.0,81.90127970749543,732.5892857142857,175.20202897407512,125.98972031315286,188.0511600356692,0.8369565217391305,0.6521739130434783,148.4375,132.9616208737844,210.51754912824185,87935.54887675037,0.6315939997609777,0.16666666666666666,2488.7347177973625,8755.989915817685,6143.561315595158,1.4252303291237598,17388.285949210207,14.312708711294245,50.35568164333869,35.33160964536706,58.76680297160469,41.23319702839532,"1165440, 1180800",1165440,1180800
1677675789.0,81.68944099378882,734.4890510948906,175.3037675586793,124.2896725187988,187.0292121976612,0.8555555555555555,0.6444444444444445,140.625,132.08947849430174,212.5316632297242,88194.54807423573,0.6215049394853087,0.16666666666666666,,,,,,,,,,,"1167360, 1182720",1167360,1182720
1677675819.0,85.21497919556172,704.1015625,182.53535376787357,124.45447349629292,184.76053221487243,0.8333333333333334,0.6354166666666666,171.875,130.18712188882301,228.54318479754141,93472.99831874484,0.5696390465729763,0.3,4670.244254954272,8920.522512113237,7159.43472062197,1.2459814021934785,20750.20148768948,22.50698268026457,42.99005249373379,34.50296482600164,55.4760338165144,44.5239661834856,"1169280, 1184640",1169280,1184640
1677675849.0,85.38873559487095,702.668795620438,173.18102014092975,121.69561244748606,188.71231248084513,0.8681318681318682,0.7032967032967034,171.875,133.18410568022628,205.31126883424557,85904.3306935591,0.6486935979522397,0.3,1099.8527914987928,7142.385435080435,10889.158738253198,0.6559171012898828,19131.396964832427,5.748941352900449,37.33331888000472,56.917739767094815,39.61050349555263,60.38949650444737,"1171200, 1186560",1171200,1186560
1677675879.0,85.40310711365494,702.5505514705883,170.05225082252272,128.35277955973552,195.78068884596357,0.8681318681318682,0.7142857142857143,156.25,137.4053419195001,198.35424647662205,85623.89747005275,0.6927269990949987,0.26666666666666666,1455.6899311311795,6142.238525012791,12466.704170192625,0.4926914476480985,20064.632626336595,7.255004157018346,30.612265070582765,62.13273077239889,33.00691837046355,66.99308162953645,"1173120, 1188480",1173120,1188480
1677675909.0,83.60997159987377,717.6177536231884,175.01291603999792,133.8889417276214,201.11404185106102,0.8791208791208791,0.6813186813186813,164.0625,138.49337145518737,205.17732121049255,89270.55110119308,0.6749935647766171,0.26666666666666666,1438.9966912875489,7122.420734470085,13365.478587904363,0.5328967973444522,21926.896013661997,6.562701307065773,32.482576330148675,60.954722362785546,34.76403618740856,65.23596381259145,"1175040, 1190400",1175040,1190400
1677675939.0,87.62236544156072,684.7566793893129,177.42367412905884,137.46651785471718,207.97018018465192,0.8780487804878049,0.6951219512195121,156.25,143.8412975223986,196.51026064439495,88801.17173374152,0.7319785595455185,0.26666666666666666,5083.221583436187,7820.358496262787,11734.72467733499,0.6664288009557994,24638.304757033966,20.631377172916018,31.740651694107164,47.62797113297682,39.99143561210425,60.00856438789575,"1176960, 1192320",1176960,1192320
1677675969.0,86.11121239744759,696.7733739837398,170.92932511522983,144.50045420785378,214.26294599403244,0.8472222222222222,0.6944444444444444,156.25,148.64477170530304,184.63425099129887,86220.74675913356,0.8050769069510734,0.0,668.6261025943193,7165.8354190231075,9429.554163679672,0.7599336399831231,17264.015685297098,3.8729465657503703,41.50735002590326,54.619703408346375,43.17967579677666,56.82032420322333,"1178880, 1194240",1178880,1194240
1677675999.0,89.80355472404116,668.125,176.21121027051598,147.08918569394328,221.81741854894346,0.8585858585858586,0.7272727272727273,148.4375,154.58327583808932,192.83942453002473,93650.09146266732,0.8016165585166481,0.2,756.2080848438296,5837.325988515864,7326.620235731725,0.7967283414045928,13920.15430909142,5.432469123923008,41.93434827589114,52.63318260018584,44.343283458296774,55.656716541703226,"1180800, 1196160",1180800,1196160
1677676029.0,87.99609946367626,681.8484042553191,174.9580096586898,146.7622315074949,219.42351182407228,0.8461538461538461,0.7252747252747253,140.625,152.9234519590898,185.592202262027,89162.79845047437,0.8239756309545049,0.13333333333333333,603.4430030092318,6822.598412144474,6860.183572648873,0.9945212602394127,14286.22498780258,4.223950018457953,47.756481631568406,48.01956834997364,49.86265526796316,50.137344732036844,"1182720, 1198080",1182720,1198080
1677676059.0,86.962988000676,689.9486940298508,166.12733678480598,146.29732316580962,217.2524528523184,0.8372093023255814,0.7209302325581395,109.375,151.1405150458722,170.52897854963692,80970.89901052247,0.886303995551576,0.23333333333333334,1052.522635501978,5005.279785576128,6572.540098488914,0.7615441991334351,12630.34251956702,8.333286558708934,39.62901067664564,52.037702764645424,43.23162595114361,56.76837404885639,"1184640, 1200000",1184640,1200000
1677676089.0,89.0242214532872,673.973880597015,172.51820628737306,149.63047632279185,237.83218288081918,0.8795180722891566,0.7831325301204819,125.0,164.84719808019082,179.7887228145937,93109.4775526048,0.9168939825563405,0.2,1265.9381070327797,3642.752534761816,9389.615366956463,0.3879554584931388,14298.306008751058,8.853762860145682,25.476811956131904,65.66942518372241,27.95157842560238,72.04842157439762,"1186560, 1201920",1186560,1201920
1677676119.0,89.20943134535366,672.5746268656717,175.97991646206424,145.6167965859365,234.36856987064172,0.8888888888888888,0.7654320987654321,125.0,162.40290668283052,182.96598206365132,93349.93539615908,0.8876125761253958,0.2,1548.6137102492426,4017.3538406112734,12441.17448511275,0.3229079252460035,18007.142035973266,8.599997196420968,22.30978037817282,69.09022242540621,24.4089493368147,75.5910506631853,"1188480, 1203840",1188480,1203840
1677676149.0,93.4626354820308,641.9677734375,162.87267755300337,137.84566259689618,221.39169412279787,0.8375,0.7375,140.625,156.16690905920953,165.15026070842438,81024.83417767819,0.9456049805148348,0.2,912.3954998424068,4733.858122069194,10763.7105954754,0.43979797487857986,16409.964217387,5.560009075922834,28.847461574922175,65.59252934915499,30.545811464672234,69.45418853532777,"1190400, 1205760",1190400,1205760
1677676179.0,88.54526958290946,677.6194852941177,166.82729053870375,136.91957383285333,216.21112829488337,0.8372093023255814,0.7558139534883721,125.0,152.33272601423724,176.30629907408502,84374.44238200483,0.8640231620438363,0.16666666666666666,698.7174669365028,2915.614175507186,12568.291480166148,0.23198174390753726,16182.623122609837,4.31770215275098,18.01694418399687,77.66535366325215,18.82996603275543,81.17003396724456,"1192320, 1207680",1192320,1207680
1677676209.0,88.78263604907204,675.8078231292517,172.2643967257159,132.0747894187229,198.45595386634284,0.81,0.67,140.625,139.21164754610155,196.25845921259037,85832.90886563537,0.7093281385405417,0.0,,,,,,,,,,,"1194240, 1209600",1194240,1209600
1677676239.0,85.76587993030255,699.5789007092199,168.59857430546117,129.082721478395,184.84939420304855,0.776595744680851,0.5957446808510638,125.0,130.279495228996,198.1844501707165,81113.94352222247,0.6573648695282247,0.26666666666666666,,,,,,,,,,,"1196160, 1211520",1196160,1211520
1677676269.0,83.60808709175738,717.6339285714286,156.54707091271953,117.1719382671634,162.19589600404677,0.7333333333333333,0.5333333333333333,109.375,114.26855964347247,191.18044204299005,68630.9621299073,0.5977000493480255,0.23333333333333334,,,,,,,,,,,"1198080, 1213440",1198080,1213440
1677676299.0,83.68189949585299,717.0009328358209,161.46453209625528,115.4549685469209,162.53183353485673,0.7380952380952381,0.5476190476190477,117.1875,114.45666349453752,196.41320194594593,70625.51537601778,0.5827340645158703,0.2,,,,,,,,,,,"1200000, 1215360",1200000,1215360
1677676329.0,82.66397578203835,725.830078125,156.34591020017768,109.40089032402012,148.37229793910893,0.7073170731707317,0.5,101.5625,103.7443180974981,201.03862608265374,65522.98901002494,0.5160417185444021,0.26666666666666666,1405.2229253190721,9336.735512800835,5227.11659399972,1.7862114504043403,15969.075032119628,8.79965134168796,58.46760375301173,32.7327449053003,64.10896955236912,35.8910304476309,"1201920, 1217280",1201920,1217280
1677676359.0,84.06993227279887,713.69154676259,160.7077228705373,113.52792825904851,157.64352546105934,0.75,0.5520833333333334,125.0,111.14498787593838,206.15609853925042,71983.99442568918,0.5391302448167804,0.23333333333333334,1641.6594604692034,4722.574481436658,6099.250651881993,0.7742876544972708,12463.484593787854,13.171753437938632,37.8912851048937,48.936961457167676,43.639353096702834,56.36064690329717,"1203840, 1219200",1203840,1219200
1677676389.0,84.2346208869814,712.2961956521739,167.14430250963608,120.3758260245903,170.28442524720467,0.7916666666666666,0.59375,132.8125,120.0017883026245,207.26860084191543,78139.58610651316,0.5789675224090036,0.23333333333333334,1454.7093490536672,4315.342706847418,6313.755615962293,0.68348269545585,12083.807671863378,12.038501344579448,35.71177913477973,52.249719520640824,40.59933002582947,59.400669974170555,"1205760, 1221120",1205760,1221120
1677676419.0,86.09088173337345,696.9379194630873,169.6905763432319,130.53648745571388,189.42498993202472,0.8037383177570093,0.6355140186915887,125.0,133.94114764092237,203.6742508608817,85703.78769027632,0.657624353961218,0.26666666666666666,1421.5674066850638,5919.494207685101,8566.012734236156,0.6910442922909046,15907.07434860632,8.936699329689201,37.21296624356151,53.8503344267493,40.86494336317636,59.13505663682364,"1207680, 1223040",1207680,1223040
1677676449.0,87.69302470094765,684.2049319727892,163.23900767857702,118.14108449675251,174.45973150462737,0.8235294117647058,0.6470588235294118,125.0,123.34625029044145,195.47841136586183,75748.6025450984,0.6309967910450418,0.23333333333333334,652.3507736402471,6158.509772668943,10214.577440800813,0.6029138070919674,17025.437987110003,3.8316240330154407,36.17240142269212,59.995974544292444,37.613613684305555,62.386386315694445,"1209600, 1224960",1209600,1224960
1677676479.0,90.28416779431664,664.568345323741,170.0029069148297,131.64316439770823,199.6493247979748,0.8617021276595744,0.7127659574468085,140.625,140.86769091687492,195.09420094478202,86338.72459272594,0.7220496059580215,0.3,208.45175939902634,3037.4919486414447,9718.457624929792,0.31254876708518736,12964.401332970263,1.6078780195496165,23.42948101210569,74.96264096834469,23.812354628108245,76.18764537189175,"1211520, 1226880",1211520,1226880
1677676509.0,90.5718901453958,662.457191780822,173.66055179965448,129.87278347060197,198.15637895569583,0.8921568627450981,0.7156862745098039,156.25,139.81489266193873,202.73799772550692,89050.9299925463,0.6896333900428391,0.16666666666666666,545.2495396030308,4059.6114711302666,7922.677982941246,0.5124039472349172,12527.538993674543,4.352407443140592,32.40549858340144,63.242093973457976,33.88009851281663,66.11990148718336,"1213440, 1228800",1213440,1228800
1677676539.0,88.16471633832026,680.5443548387096,175.99212875425633,129.48941010251315,197.1453139812518,0.8785046728971962,0.7009345794392523,156.25,139.16992934320885,210.51171116042661,92038.92571278375,0.6611030264114396,0.16666666666666666,2132.9058902691804,4979.067040126095,7841.608293411369,0.6349548273546867,14953.581223806645,14.263512253997837,33.29682011021707,52.43966763578509,38.83623062430579,61.163769375694216,"1215360, 1230720",1215360,1230720
1677676569.0,88.11722421896599,680.9111445783133,172.44088937257777,129.3499141310219,195.09786935837604,0.8728813559322034,0.6864406779661016,148.4375,137.33973949112672,203.5627976634691,87830.32766077327,0.6746799565909748,0.13333333333333333,2897.919517655182,7221.216814740223,7900.218109772561,0.914052841883895,18019.354442167965,16.082260476954826,40.07478091357981,43.84295860946537,47.75483841837114,52.24516158162885,"1217280, 1232640",1217280,1232640
1677676599.0,83.42989571263037,719.1666666666666,161.45443543681984,122.55566875271066,182.40661959955668,0.8686868686868687,0.6666666666666666,125.0,128.18746673036046,187.35167840285635,75448.91969920322,0.6842077307400632,0.13333333333333333,3126.986411715709,7796.159606261888,5619.42497116491,1.3873589639983643,16542.570989142507,18.902662795088286,47.127859456542716,33.969477748369,58.11270885191084,41.88729114808916,"1219200, 1234560",1219200,1234560
1677676629.0,82.45398773006134,727.6785714285714,158.95097851324928,115.29857757983656,170.15683852198376,0.8495575221238938,0.6460176991150443,125.0,119.50391011942635,183.28992186228032,68813.01303780254,0.6519938952738424,0.13333333333333333,2221.2581368091555,7710.3999466263185,5938.4632310406905,1.2983830406364414,15870.121314476164,13.996478620380818,48.58437937454936,37.41914200506983,56.49115128681547,43.50884871318454,"1221120, 1236480",1221120,1236480
1677676659.0,84.19733750978857,712.6116071428571,166.16632003622567,115.3913661495463,177.44256724813854,0.8728813559322034,0.6779661016949152,140.625,124.0084232408039,188.62105611964967,73483.73636723087,0.6574474016418429,0.2,1917.2195883243753,6641.144738849773,5773.80671954667,1.1502194412512654,14332.171046720818,13.377035356852183,46.337325428231324,40.2856392149165,53.49311885032183,46.506881149678165,"1223040, 1238400",1223040,1238400
1677676689.0,81.45454545454545,736.6071428571429,158.98009160552672,117.23226939421394,184.2160331648687,0.8773584905660378,0.7075471698113207,125.0,129.55372713623348,172.18962412654142,70082.04441033328,0.7523898596876255,0.2,1335.090107968318,6162.072753563652,6135.979926098043,1.004252430382738,13633.142787630013,9.792973848845092,45.19920937932806,45.00781677182684,50.10608519960548,49.89391480039454,"1224960, 1240320",1224960,1240320
1677676719.0,81.38537089687259,737.233231707317,161.01958244485235,125.27427943532582,191.3720814983443,0.875,0.7142857142857143,125.0,134.31395532305004,173.15365231505697,73063.8693001167,0.7756923029186977,0.3,2179.4891696399327,5221.184501940582,6838.9739431949465,0.7634455907140676,14239.647614775462,15.305780231376183,36.6665288579398,48.02769091068401,43.292835046015085,56.70716495398492,"1226880, 1242240",1226880,1242240
1677676749.0,84.20579139724487,712.5400641025641,168.19039571918302,127.92401917435804,203.10188477944152,0.8942307692307693,0.7596153846153846,132.8125,141.9700884734962,177.67423057002165,79244.87214613832,0.7990471551109128,0.26666666666666666,1999.2728481253816,1758.5627893119174,9627.832033856215,0.1826540786262101,13385.667671293515,14.935921742723075,13.137654635511954,71.92642362176497,15.44442131704175,84.55557868295824,"1228800, 1244160",1228800,1244160
1677676779.0,85.45352112676056,702.1360759493671,162.73796195182837,126.26818849105021,206.79772600095646,0.9166666666666666,0.7777777777777778,125.0,145.03788633137222,168.89537241130128,76957.16937783416,0.8587439919796601,0.26666666666666666,,,,,,,,,,,"1230720, 1246080",1230720,1246080
1677676809.0,85.19045625784847,704.3042452830189,165.03922878453832,124.1325931487299,207.18996021643034,0.897196261682243,0.7850467289719626,125.0,145.32167067051932,177.1917106669467,80895.36813261326,0.820138087292746,0.26666666666666666,3069.335679413746,2322.8072950458327,17490.91604188898,0.13280078010110755,22883.05901634856,13.413135355814498,10.150772645328264,76.43609199885722,11.723224633483609,88.27677536651639,"1232640, 1248000",1232640,1248000
1677676839.0,89.38227394807521,671.2740384615385,169.82206180398794,127.67770423725926,205.14109364915512,0.9047619047619048,0.7619047619047619,140.625,143.41200837240987,182.06995749762214,82030.18317168104,0.7876752998873131,0.26666666666666666,2902.628413617432,4970.58710128379,14068.633257685897,0.35330987809837794,21941.848772587116,13.228732198919397,22.653456200526527,64.11781160055409,26.107093712700607,73.89290628729938,"1234560, 1249920",1234560,1249920
1677676869.0,88.12467888337044,680.8535447761194,169.72425612474706,137.95379757034075,223.37942915078943,0.9069767441860465,0.8023255813953488,140.625,156.23209444795668,174.47220326230675,85634.02810203974,0.8954555025196343,0.3,2150.116268948179,4134.024175219672,13950.58829237296,0.29633332219257147,20234.728736540812,10.625871475437174,20.4303414641495,68.94378706041333,22.85934621285241,77.14065378714758,"1236480, 1251840",1236480,1251840
1677676899.0,78.03208556149733,768.9144736842105,149.81933684949095,119.56813087233367,179.11488292492967,0.8028169014084507,0.647887323943662,109.375,124.81951268730197,167.2533763435252,65585.41169045168,0.7462899429362345,0.2,1451.089874331143,5164.061923420024,5843.775900871561,0.8836858242031215,12458.927698622727,11.646988484342467,41.44868682391411,46.904324691743426,46.91259088160085,53.087409118399144,"1238400, 1253760",1238400,1253760
1677676929.0,78.85153552607669,760.9236725663717,153.542428083215,129.98549190661262,192.0127033946592,0.835820895522388,0.6567164179104478,125.0,133.37737814970137,164.2859019694156,68838.65007883422,0.811861374292066,0.23333333333333334,1013.5638423952342,5224.233348665118,4909.088094757865,1.0641962922286479,11146.885285818218,9.092798718263971,46.8672029424374,44.03999833929861,51.55499485369526,48.44500514630473,"1240320, 1255680",1240320,1255680
1677676959.0,77.86627694556083,770.5518018018018,156.6293534266857,126.10072073608615,179.53787979100886,0.835820895522388,0.5671641791044776,109.375,124.5844496844163,174.76720182067564,68402.76286342675,0.7128594403671311,0.13333333333333333,1191.9590655250583,6821.517442028147,5414.97190130624,1.259751216877526,13428.448408859447,8.876372230306673,50.79899951455029,40.32462825514302,55.74734101120309,44.2526589887969,"1242240, 1257600",1242240,1257600
1677676989.0,76.27964274715121,786.5794573643411,141.3230430763388,109.71229464278578,151.28609334710805,0.7931034482758621,0.5172413793103449,93.75,106.02563635106263,161.0097147026537,53630.62286477365,0.6585045911475996,0.16666666666666666,1165.1172731703577,5700.686077464221,5668.52035434907,1.005674447846072,12534.323704983648,9.29541394169601,45.48060359409442,45.223982464209584,50.14145984290137,49.85854015709862,"1244160, 1259520",1244160,1259520
1677677019.0,74.40258342303552,806.4236111111111,138.63502189182208,117.83854019853797,148.11407434088477,0.7142857142857143,0.42857142857142855,78.125,104.27428539380048,153.27113670808706,50209.68227956076,0.6803256479554682,0.13333333333333333,1484.8190936011474,4067.2526067030303,5197.723482308658,0.7825065378230721,10749.795182612836,13.812533805320825,37.835628843250646,48.351837351428536,43.89922399828764,56.10077600171237,"1246080, 1261440",1246080,1261440
1677677049.0,73.22255516208118,819.4196428571429,130.5181475745845,109.8973536549533,137.2745617375816,0.7156862745098039,0.4117647058823529,70.3125,96.91044872457019,143.0364892937102,43547.91026954448,0.67752256227133,0.13333333333333333,2337.968996889672,2213.302099120905,4063.510006643689,0.5446774083248811,8614.781102654266,27.139041248179012,25.69191338406699,47.169045367754,35.26156370187056,64.73843629812944,"1248000, 1263360",1248000,1263360
1677677079.0,68.74935132330047,872.7355072463768,102.38312428220863,50.40340196541797,71.99378770942671,0.67,0.35,62.5,50.90142031263715,117.90794169539112,18854.839132987763,0.43170476543588776,0.16666666666666666,2302.1670208511564,1363.4487684636545,1642.2171898351792,0.8302487496191029,5307.83297914999,43.373011733685544,25.68748439936783,30.93950386694662,45.36261804805974,54.637381951940256,"1249920, 1265280",1249920,1265280
1677677109.0,69.52268986597696,863.0275974025974,107.41212076127776,67.98159279714875,93.43787071504083,0.7094017094017094,0.41025641025641024,62.5,66.07055200223729,125.82282919251078,26116.637088778352,0.5251078236458058,0.13333333333333333,3748.601214318515,1264.1668763516145,2058.0989983169175,0.6142400717290234,7070.867088987047,53.01473167494552,17.878526925227717,29.10674139982675,38.05134579958151,61.94865420041848,"1251840, 1267200",1251840,1267200
1677677139.0,69.59193470955353,862.1688741721854,100.70256635551458,60.95828071182995,88.29137740777071,0.7192982456140351,0.43859649122807015,62.5,62.43113078123796,115.32363106694062,22618.790699922793,0.5413559233579739,0.13333333333333333,2708.8934832824607,1891.286526073028,1766.751367193801,1.0704882198999122,6366.93137654929,42.54629621515742,29.70483603826834,27.748867746574238,51.7022125318665,48.297787468133485,"1253760, 1269120",1253760,1269120
1677677169.0,71.48936170212765,839.2857142857143,129.1998671223189,67.3743218001175,96.89628867866031,0.7413793103448276,0.47413793103448276,62.5,68.45237298871876,141.82810602691148,30500.059330334687,0.4826432144255675,0.13333333333333333,2489.6441514875078,2237.56269980237,1769.6060674341932,1.2644411323965914,6496.812918724071,38.32100727900376,34.44092861830185,27.238064102694395,55.83899330862087,44.16100669137913,"1255680, 1271040",1255680,1271040
1677677199.0,71.49950347567031,839.1666666666666,124.98107495625976,73.23346172684305,104.78476280207312,0.7345132743362832,0.48672566371681414,70.3125,73.70048066500355,135.76504981987878,31434.617219070067,0.5428531184040585,0.13333333333333333,2129.1878154449755,2789.5599916142464,2539.298280102354,1.0985554605667691,7458.046087161576,28.54886910809254,37.4033622079146,34.047768683992864,52.348173837163,47.65182616283698,"1257600, 1272960",1257600,1272960
1677677229.0,71.50653045389888,839.0842013888889,133.9954449224021,80.64460268120848,113.32165227792966,0.7523809523809524,0.49523809523809526,78.125,80.10003511235185,144.3933247099913,36335.379079559665,0.5547350285979621,0.13333333333333333,1431.9204688957848,3603.0607076707633,3955.2645617560725,0.910953149002772,8990.245738322621,15.927489754723313,40.077444071545635,43.99506617373105,47.67009329758564,52.32990670241437,"1259520, 1274880",1259520,1274880
1677677259.0,75.65870763065621,793.0349576271186,154.14278826857282,80.39146830170579,126.4500913750806,0.8571428571428571,0.6363636363636364,93.75,89.41083875717621,180.7851230257451,50781.173272193155,0.4945696706716485,0.16666666666666666,1247.0224879333227,5957.161330630939,9078.57337336736,0.656178133461662,16282.757191931621,7.658546235346697,36.58570388547471,55.75574987917861,39.62002155469538,60.37997844530463,"1261440, 1276800",1261440,1276800
1677677289.0,76.13382899628253,788.0859375,156.00261177419785,101.4029524881964,156.48601361270389,0.8837209302325582,0.686046511627907,109.375,110.52068388949327,171.00662868186376,59375.37717770907,0.6462947357152047,0.16666666666666666,3521.0041473068395,5263.005657324759,10921.321431038821,0.4819019099984634,19705.33123567042,17.86828196489866,26.70853686436751,55.42318117073384,32.51915033964448,67.48084966035552,"1263360, 1278720",1263360,1278720
1677677319.0,80.5925925925926,744.4852941176471,152.13310940427903,108.89069082993365,168.17854002819,0.8918918918918919,0.6891891891891891,109.375,117.53993069490649,164.25526031749249,60653.32165914688,0.7155930986180354,0.16666666666666666,1327.9100605222711,2721.9920820201446,6865.371704880684,0.39648138498969315,10915.2738474231,12.165613791135135,24.93746029709331,62.89692591177157,28.391455070675317,71.60854492932467,"1265280, 1280640",1265280,1280640
1677677349.0,83.82386149793,715.7866379310345,155.0589544943113,111.97381727644094,180.3074760351858,0.9104477611940298,0.746268656716418,140.625,125.73726349293469,169.24239158926557,66853.32787039765,0.7429418971937392,0.13333333333333333,1845.0879687294437,2377.069571007717,5703.077579152685,0.4168047055324964,9925.235118889846,18.589866603944184,23.949755774386087,57.460377621669714,29.41864209688965,70.58135790311036,"1267200, 1282560",1267200,1282560
1677677379.0,85.12147543890761,704.875,154.58128929466204,113.8796574849472,193.0093369934902,0.9333333333333333,0.7866666666666666,125.0,135.4041660896903,161.50093523981008,68700.03228936828,0.8384110338966824,0.13333333333333333,1202.7034594911634,3649.26653368162,6750.631028103519,0.5405815424497912,11602.601021276303,10.365808987878687,31.45214186879103,58.182049143330275,35.089446910429224,64.91055308957077,"1269120, 1284480",1269120,1284480
1677677409.0,83.17937701396349,721.3326446280992,149.4969816040057,112.40983667250742,185.13199622643762,0.9285714285714286,0.7571428571428571,109.375,130.40003957235567,157.79916025151775,64644.604627206994,0.8263671325278896,0.13333333333333333,710.6474950267077,1523.5837276873033,7542.160854644917,0.20200891456047224,9776.392077358927,7.269015904880604,15.584314905043133,77.14666919007627,16.805941462949882,83.19405853705013,"1271040, 1286400",1271040,1286400
1677677439.0,83.68038740920096,717.0138888888889,148.65035876421976,111.24722549162347,176.65656161283556,0.8985507246376812,0.7101449275362319,109.375,124.6783728496134,159.92225557743674,62639.73402422765,0.7796186490706559,0.23333333333333334,836.9883682232776,1616.129400672285,8224.603996472488,0.19649935746030314,10677.721765368051,7.83864186214284,15.135526437053388,77.02583170080376,16.422855243097988,83.577144756902,"1272960, 1288320",1272960,1288320
1677677469.0,85.73799644339063,699.8064159292036,162.0794652002161,119.92792088368326,194.031014207024,0.9206349206349206,0.7777777777777778,140.625,136.46328274245812,182.7548846836231,78349.22062944261,0.7467011509908319,0.13333333333333333,992.0827894840097,2351.1022333190103,8806.984249062505,0.26695883253899116,12150.169271865525,8.165176692486412,19.35036607895772,72.48445722855588,21.070837163983025,78.92916283601699,"1274880, 1290240",1274880,1290240
1677677499.0,83.28075709779179,720.4545454545455,166.22086016604186,118.4041388960274,190.16785870416425,0.9047619047619048,0.746031746031746,132.8125,134.26709861258368,196.71739778555886,82977.86337692925,0.682537996760957,0.13333333333333333,1868.2819147800967,1963.1780766230358,12103.143233181574,0.16220398608857675,15934.603224584705,11.72468425130045,12.320219392687143,75.9550963560124,13.956584905071429,86.04341509492856,"1276800, 1292160",1276800,1292160
1677677529.0,81.9568345323741,732.0926966292135,169.41631614752416,112.57829031027764,177.55367502053534,0.9148936170212766,0.723404255319149,140.625,125.27952632952233,199.5298552406538,78530.40963582924,0.6278735890346944,0.13333333333333333,401.39405532675624,4157.337563281491,14868.08417876929,0.27961487931430423,19426.815797377538,2.0661855216691825,21.399994763128902,76.53381971520191,21.85148702429429,78.1485129757057,"1278720, 1294080",1278720,1294080
1677677559.0,80.44924406047517,745.8118556701031,162.3102372610932,111.2094020545209,173.22439568829233,0.8888888888888888,0.7222222222222222,125.0,122.48387271232859,200.74732262004412,77246.45252437139,0.6101395082820341,0.13333333333333333,107.67596091533154,9173.237801974563,9774.822148719359,0.9384557245551919,19055.735911609256,0.5650580036099919,48.13898473680035,51.29595725958965,48.412543689670024,51.587456310329976,"1280640, 1296000",1280640,1296000
1677677589.0,81.11044055522028,739.7321428571429,170.12541017459688,113.4971831232964,175.89272640425776,0.8923076923076924,0.7076923076923077,140.625,124.32370675237642,204.64031396357956,79927.27680544743,0.6075230454078695,0.13333333333333333,,,,,,,,,,,"1282560, 1297920",1282560,1297920
1677677619.0,81.71751412429379,734.2367256637168,168.36977268727736,112.47837162337025,180.79303449947793,0.8970588235294118,0.7647058823529411,140.625,127.72056640823241,196.1597647931186,78708.31963860808,0.6511048101170691,0.16666666666666666,,,,,,,,,,,"1284480, 1299840",1284480,1299840
1677677649.0,84.4563206577595,710.4264018691589,173.33989366661248,132.92291138032783,202.226191904777,0.8769230769230769,0.7230769230769231,156.25,142.98540872406585,196.00590669308892,88046.22758295467,0.7294954072376812,0.13333333333333333,314.46089389797186,5256.935135549507,6469.302758371426,0.8125968642829264,12040.698787818905,2.611649867166343,43.65971799633207,53.728632136501595,44.83053459349298,55.16946540650701,"1286400, 1301760",1286400,1301760
1677677679.0,84.42371752165222,710.7007575757576,167.8662387792758,134.29596603169898,209.67084777522044,0.8983050847457628,0.7627118644067796,140.625,148.15320234200584,180.9042451754737,84199.53134768394,0.8189592355795743,0.13333333333333333,40.9075766234497,4032.057913328242,7581.161306538617,0.5318522783377084,11654.126796490309,0.3510136566882831,34.59768358228704,65.05130276102467,34.71955395822165,65.28044604177835,"1288320, 1303680",1288320,1303680
1677677709.0,82.00076952674105,731.7004504504505,165.14482219280865,129.0172778657287,200.40242716219782,0.8714285714285714,0.7428571428571429,140.625,141.49470644912833,175.93541284059415,78206.58633113402,0.8042423305496162,0.26666666666666666,512.8528006703598,4284.792832499739,10677.287102642491,0.4012997675635516,15474.93273581259,3.314087430464232,27.68860392254716,68.9973086469886,28.637681733244985,71.36231826675503,"1290240, 1305600",1290240,1305600
1677677739.0,81.12207792207792,739.626024590164,163.85941587243855,122.60834554174677,189.829281856093,0.8625,0.725,125.0,134.00658070361695,174.08031214966556,73286.78250830564,0.7697974518129586,0.2,485.280519567241,3619.139145473284,14468.592657882198,0.2501376070948856,18573.012322922725,2.612826132507919,19.486010575713447,77.90116329177862,20.008805884670913,79.99119411532908,"1292160, 1307520",1292160,1307520
1677677769.0,82.14894643718836,730.3806390977444,165.1445602103586,122.48846897022146,186.22316196202974,0.8522727272727273,0.6931818181818182,140.625,131.57403512805976,175.03824547953135,72352.41272456145,0.7516873513420002,0.2,592.5580068170827,2522.894947120412,11589.024319966562,0.21769692404335994,14704.477273904056,4.029779473145174,17.157324943456356,78.81289558339847,17.8777592145423,82.12224078545769,"1294080, 1309440",1294080,1309440
1677677799.0,81.4336917562724,736.7957746478874,163.79553412102382,118.97399317463618,181.75393196515395,0.865979381443299,0.7010309278350515,140.625,128.37757802457912,176.76069537981664,71289.36595358823,0.7262789827157349,0.2,1575.6187551376556,3199.6265577512163,9302.613926612581,0.3439491935269764,14077.859239501453,11.192175801250972,22.72807607546818,66.07974812328085,25.592425307711043,74.40757469228895,"1296000, 1311360",1296000,1311360
1677677829.0,81.13105639396346,739.5441729323309,167.52901933804958,129.39345177957287,195.79469970144692,0.8539325842696629,0.6966292134831461,125.0,138.22668362539252,180.093291111647,78205.85993101024,0.7675282225793758,0.2,1303.915826795959,6183.089072473281,6843.611712630798,0.9034833260720454,14330.616611900037,9.098811740683908,43.14600857676208,47.75517968255402,47.464735503433,52.535264496567,"1297920, 1313280",1297920,1313280
1677677859.0,80.85677981484844,742.0528017241379,171.50105885152269,129.70043197212925,189.79881900074864,0.8421052631578947,0.6447368421052632,132.8125,132.87072772390925,189.1585914548261,78959.65784524938,0.7024303083565769,0.2,1257.5964961158395,6037.069104922016,6769.0183379632645,0.8918677426331976,14063.68393900112,8.942155565856387,42.926655143181506,48.131189290962105,47.142182433527346,52.857817566472654,"1299840, 1315200",1299840,1315200
1677677889.0,82.46886843530048,727.5472689075631,161.10674862206966,114.98647182964021,165.56066503495987,0.8181818181818182,0.6103896103896104,140.625,115.73107054828148,178.80440638751278,65009.68480139715,0.6472495442727737,0.16666666666666666,751.5509673455732,8027.586122910518,5994.555419749646,1.339146201979025,14773.692510005736,5.087089546750566,54.337032650934745,40.57587780231469,57.24935879792575,42.75064120207425,"1301760, 1317120",1301760,1317120
1677677919.0,81.31017369727047,737.9150390625,160.23024733651854,122.97394255392184,177.4338897930523,0.8255813953488372,0.6627906976744186,140.625,124.85705176442464,168.88204239000632,66243.98054855183,0.7393151456333472,0.13333333333333333,370.387895159389,9198.681521795028,7816.5396574690785,1.176822727817321,17385.609074423497,2.1304280659587476,52.90974553964572,44.95982639439552,54.06148662354833,45.93851337645167,"1303680, 1319040",1303680,1319040
1677677949.0,80.29520295202951,747.2426470588235,159.79303721917415,117.42766460156513,161.47670846379697,0.8125,0.5625,125.0,114.04192781075834,183.96301649504002,65909.03379879076,0.6199176877154171,0.26666666666666666,369.0907091117478,8120.450086509143,10494.364652121669,0.7737914924528008,18983.90544774256,1.9442296008466353,42.77544527843597,55.2803251207174,43.623587989070856,56.37641201092914,"1305600, 1320960",1305600,1320960
1677677979.0,79.37624660018133,755.8936403508771,159.242053452737,122.62402535055561,170.01137650240912,0.8292682926829268,0.5853658536585366,117.1875,120.14822134820193,175.58550576759828,66275.93778322199,0.6842718641436605,0.23333333333333334,271.2719732463074,7756.075436190882,10530.328834130045,0.7365463660595785,18557.676243567235,1.4617777015068907,41.79443231142379,56.743789987069306,42.41443709509963,57.58556290490037,"1307520, 1322880",1307520,1322880
1677678009.0,78.51800069905627,764.1559829059829,149.05976052508126,116.54802312166204,157.00218658212938,0.8023255813953488,0.5348837209302325,109.375,110.80830746970786,166.3915393063388,57923.318275980295,0.6659491698415133,0.26666666666666666,1314.2953067743777,5475.230795947251,6817.436975089674,0.8031215860085353,13606.963077811302,9.658990762733692,40.238448246219164,50.10256099104715,44.54062289755837,55.45937710244163,"1309440, 1324800",1309440,1324800
1677678039.0,74.94193548387096,800.6198347107438,133.19024115923554,87.79003114046799,114.92975975231192,0.735632183908046,0.41379310344827586,78.125,81.10064259867542,149.74356162536483,38152.44075020459,0.5415968587789881,0.0,,,,,,,,,,,"1311360, 1326720",1311360,1326720
1677678069.0,77.32522796352583,775.9433962264151,114.23434635867596,90.24992209283914,116.11044549026609,0.7012987012987013,0.42857142857142855,62.5,82.08994400953513,117.84864553819178,30392.360192808726,0.6965709587466735,0.16666666666666666,1000.4016046225081,2307.937217238333,1770.3862599274244,1.3036348448236064,5078.725081788265,19.69788851556142,45.443239790913964,34.85887169352461,56.590342334547735,43.409657665452265,"1313280, 1328640",1313280,1328640
1677678099.0,75.86137619286791,790.916313559322,117.38453582936833,86.42587728701533,111.35825080141895,0.6896551724137931,0.42528735632183906,78.125,78.74125260479224,124.66254075269639,30838.139303331314,0.6316352300327162,0.16666666666666666,1672.595350180774,2475.3211918118036,1575.2210643792343,1.571411941972273,5723.137606371812,29.225146505626608,43.251121361400145,27.523732132973247,61.11085961462091,38.889140385379086,"1315200, 1330560",1315200,1330560
1677678129.0,72.32876712328768,829.5454545454545,120.57838072349224,58.32626445264603,83.67767399372427,0.69,0.38,78.125,59.00377371406002,139.84785259345242,25923.01215569811,0.4219140488741587,0.16666666666666666,688.9070989325716,3111.4779471644483,2082.911780176773,1.4938116807330086,5883.296826273792,11.70954176331935,52.88663888704583,35.40381934963484,59.900741193654646,40.09925880634535,"1317120, 1332480",1317120,1332480
1677678159.0,69.93555617820118,857.9326923076923,115.49573975851604,58.20273366066623,82.16058930878606,0.6907216494845361,0.36082474226804123,85.9375,57.69294240613883,134.76577993318867,24425.990889628116,0.42809786308319975,0.13333333333333333,532.3869086150046,4941.633741563619,2270.492888223376,2.176458586236915,7744.5135384019995,6.874375078242257,63.80818778429399,29.317437137463756,68.51839956822232,31.481600431777686,"1319040, 1334400",1319040,1334400
1677678189.0,67.95490224061653,882.9385080645161,128.2573318346624,60.96984234767445,88.14086270074499,0.6842105263157895,0.4,93.75,61.419856063300614,150.44514972172496,29029.319673705453,0.408254145626546,0.16666666666666666,956.2453313095384,5211.645158755096,2409.998720807677,2.162509512456707,8577.889210872312,11.14779298032336,60.75673199590215,28.095475023774487,68.37954175122219,31.620458248777826,"1320960, 1336320",1320960,1336320
1677678219.0,67.94993526111351,883.0030487804878,124.84692503585416,60.83504092257691,88.41772718964778,0.6914893617021277,0.40425531914893614,78.125,61.61935450162123,146.96837598201245,28450.566109449177,0.4192694795046443,0.16666666666666666,1106.8059404489445,5374.925698669935,2368.3830045187483,2.2694495309309617,8850.114643637628,12.50611980766408,60.73283697555245,26.761043216783477,69.41381139120217,30.586188608797837,"1322880, 1338240",1322880,1338240
1677678249.0,67.16831683168317,893.2783018867924,126.9285139989606,71.84845807485624,99.71272212273117,0.6875,0.4375,85.9375,69.91587352037581,147.0408700193748,32297.11459437587,0.475485989107405,0.16666666666666666,1802.9459794900831,5819.891856092627,3048.811302124598,1.908905235308256,10671.649137707307,16.894726918256115,54.53601201644238,28.569261065301507,65.62280586311263,34.37719413688739,"1324800, 1340160",1324800,1340160
1677678279.0,69.70426269630839,860.7794943820224,162.947075167501,86.50652584295219,121.12408147608767,0.7222222222222222,0.48148148148148145,125.0,82.8024195892623,190.39318870989106,49527.26064370916,0.4349022155169181,0.16666666666666666,3023.4122485189514,6113.49199850751,11449.796602569033,0.5339389170577759,20586.700849595494,14.686239774929057,29.696317264102245,55.6174429609687,34.808355868688416,65.19164413131159,"1326720, 1342080",1326720,1342080
1677678309.0,68.82748319641524,871.7447916666666,161.70884254072,80.61620967630743,115.33787416986345,0.7441860465116279,0.5348837209302325,125.0,81.37750271552483,189.4629201554893,48437.136164040785,0.429516776415879,0.23333333333333334,2211.487092626483,5579.448372562317,13888.4382546649,0.4017333173287696,21679.3737198537,10.200880898147123,25.73620642672315,64.06291267512974,28.65975377501461,71.34024622498538,"1328640, 1344000",1328640,1344000
1677678339.0,73.77750232414006,813.2560483870968,179.4172542502287,87.75451227675491,126.35393636467558,0.7272727272727273,0.5454545454545454,117.1875,87.20994534277396,228.3743621205977,62569.579214163925,0.38187274846867875,0.23333333333333334,0.0,9410.38757818902,9114.082889364214,1.0325106423127424,18524.470467553234,0.0,50.799765610962545,49.200234389037455,50.799765610962545,49.200234389037455,"1330560, 1345920",1330560,1345920
1677678369.0,65.93000220118864,910.0560897435897,168.06652262904754,107.52380325390185,147.5644467934157,0.7659574468085106,0.6170212765957447,78.125,104.31733765150909,214.6829160790441,70356.43948456371,0.48591354895282163,0.13333333333333333,,,,,,,,,,,"1332480, 1347840",1332480,1347840
1677678399.0,70.60445874511606,849.8046875,182.92754376279655,104.31580179468337,142.40898084989072,0.7954545454545454,0.6363636363636364,125.0,100.67299356190641,238.65049906558943,75478.83744365869,0.42184279503324223,0.16666666666666666,,,,,,,,,,,"1334400, 1349760",1334400,1349760
1677678429.0,76.819697358297,781.0496794871794,186.2856911032975,116.9599311560662,167.4206346267076,0.8333333333333334,0.6904761904761905,140.625,117.396945296812,231.44426134534828,85359.7405162986,0.5072363627181873,0.13333333333333333,622.2369817037685,9197.223072268234,11955.071583911666,0.769315600305166,21774.53163788367,2.857636582277576,42.238442714729906,54.90392070299251,43.48097084389449,56.51902915610551,"1336320, 1351680",1336320,1351680
1677678459.0,80.0,750.0,192.57191821471747,111.77957458970107,165.37287843069836,0.8727272727272727,0.7090909090909091,179.6875,116.81042985864032,236.77456221256205,86889.34774608695,0.4933402843915931,0.0,998.7266230205821,8655.713284220717,15021.300910512893,0.5762292717379013,24675.740817754195,4.047402792875821,35.07782541626038,60.8747717908638,36.55745278112802,63.44254721887199,"1338240, 1353600",1338240,1353600
1677678489.0,82.54119894912826,726.9097222222222,175.71820285673485,117.27933760515059,183.5647370190876,0.8679245283018868,0.7924528301886793,148.4375,129.29249531484848,204.93543422547424,83241.5668489308,0.630893802252851,0.13333333333333333,816.6427327392984,4564.348196640946,13552.41695950954,0.336792190668116,18933.407888889786,4.313236885465866,24.10737793970692,71.57938517482721,25.19405731266207,74.80594268733793,"1340160, 1355520",1340160,1355520
1677678519.0,82.87076537013802,724.0188953488372,168.3472945963423,112.03219067074734,181.20958601161254,0.8461538461538461,0.7692307692307693,156.25,128.12818516931316,201.3611292565233,81053.20373362514,0.6363104221872172,0.16666666666666666,167.80454683284424,4388.055582537311,7740.513804735617,0.566894613617602,12296.373934105774,1.3646669150765984,35.685768878306504,62.949564206616884,36.17949852471391,63.8205014752861,"1342080, 1357440",1342080,1357440
1677678549.0,89.4536213468869,670.7386363636364,172.72143194371088,128.40468478205767,208.86464986752955,0.8714285714285714,0.7857142857142857,148.4375,147.2517421763817,193.42029839279311,89477.19548418082,0.7613044928580688,0.2,42.06910414409816,2852.836074811007,11042.357193203603,0.25835390260395513,13937.262372158708,0.30184625230372397,20.469128001133686,79.22902574656258,20.531100358121392,79.46889964187861,"1344000, 1359360",1344000,1359360
1677678579.0,91.12374975485389,658.4452479338843,167.94201491927248,135.43858994162886,225.99215446119373,0.8795180722891566,0.7951807228915663,140.625,159.14050518937398,176.1714293613622,88077.72389549165,0.903327547300224,0.13333333333333333,1081.330090587604,4157.533468506712,7369.498290789384,0.5641542075805784,12608.361849883699,8.57629328426657,32.97441426576016,58.44929244997327,36.06768468520809,63.932315314791886,"1345920, 1361280",1345920,1361280
1677678609.0,93.23621227887618,643.5267857142857,162.79362331324307,133.04571131749861,227.83170620447194,0.8979591836734694,0.826530612244898,148.4375,159.67090882002307,164.87387930917646,82704.19265199556,0.9684427241540389,0.16666666666666666,1809.3554494827192,3505.6403254967718,6294.528087415685,0.5569345750486699,11609.523862395177,15.585096089456922,30.19624548817214,54.21865842237092,35.77122532790179,64.22877467209821,"1347840, 1363200",1347840,1363200
1677678639.0,94.55639097744361,634.5419847328244,162.77607611915167,128.23632680732464,222.40007500844968,0.9213483146067416,0.8426966292134831,140.625,155.10554469720955,165.74158827381845,80762.30253605096,0.9358275512659062,0.16666666666666666,3272.808386676404,2592.663270274792,7076.164114702098,0.36639388632720277,12941.635771653295,25.288985445294312,20.03350516133077,54.67750939337491,26.81466083780943,73.18533916219057,"1349760, 1365120",1349760,1365120
1677678669.0,95.65006075334144,627.2865853658536,161.3950045472654,127.8350233282083,217.38764668380512,0.9156626506024096,0.8313253012048193,140.625,152.11973315570023,172.85491617674344,82607.05955037393,0.8800428505033575,0.2,4232.335227110152,1954.5266880934769,7832.010537596098,0.24955618722818845,14018.872452799727,30.190268449620618,13.94211049907324,55.867621051306145,19.971585894169607,80.0284141058304,"1351680, 1367040",1351680,1367040
1677678699.0,96.46738072054528,621.9718992248062,162.45058225944192,127.65505882341631,212.98199014235922,0.9,0.8111111111111111,140.625,150.0162751587307,174.96434408584193,82458.95061579494,0.8574105538047737,0.2,3399.8208375486824,2196.1946186143214,7031.4765950795145,0.3123376134326002,12627.49205124252,26.92395943511322,17.39216789606468,55.683872668822076,23.80009612127462,76.19990387872538,"1353600, 1368960",1353600,1368960
1677678729.0,96.31067961165049,622.983870967742,153.79840485723028,117.19571587569193,204.22010118971704,0.9259259259259259,0.8271604938271605,140.625,144.0028065500002,166.40703013401097,75282.23410287629,0.8653649213860245,0.2,1619.7480930893337,3157.77439811353,3856.915913756922,0.8187304231472404,8634.438404959785,18.759159740590885,36.57185621128115,44.668984048127975,45.01659029436919,54.9834097056308,"1355520, 1370880",1355520,1370880
1677678759.0,99.53997809419496,602.7728873239437,158.37381374804352,119.51358972206972,207.74248899002544,0.90625,0.8229166666666666,132.8125,146.63548340339403,172.60034268766222,79511.61991551629,0.8495665832410645,0.0,1555.069246214041,2584.726917873941,5878.859809128219,0.4396646631818955,10018.655973216202,15.521735154609074,25.79913837528637,58.679126470104556,30.53938006717233,69.46061993282767,"1357440, 1372800",1357440,1372800
1677678789.0,98.88412017167381,606.7708333333334,157.48995065242266,117.30518473345292,203.7599088937363,0.8837209302325582,0.813953488372093,132.8125,144.05475199032057,177.10042512248359,80148.80757950793,0.8134071495914905,0.2,1293.7190082612333,1705.5390534482217,8663.372261183915,0.19686780182468425,11662.63032289337,11.092857892629112,14.623965659790342,74.28317644758056,16.44858367185996,83.55141632814004,"1359360, 1374720",1359360,1374720
1677678819.0,100.62893081761007,596.25,154.11541941025888,119.38545044792589,210.8571091666371,0.9135802469135802,0.8271604938271605,125.0,148.92312632109986,162.65806824314004,76100.52057928436,0.9155594181684902,0.2,630.0203727516728,1526.1300772014777,12902.865552250447,0.11827838328016202,15059.016002203596,4.183675564588559,10.134328013053164,85.68199642235828,10.576828189526914,89.42317181047308,"1361280, 1376640",1361280,1376640
1677678849.0,99.25686591276252,604.4921875,155.8872917678788,127.25133319143738,206.49959556025598,0.8873239436619719,0.7323943661971831,140.625,145.74760834606684,168.83647344119606,77306.77956835527,0.863247172695947,0.2,520.0129895741973,1648.755304866016,13133.46998581724,0.1255384377964466,15302.238280257454,3.398280565563434,10.774602216155508,85.82711721828106,11.153633992475893,88.84636600752411,"1363200, 1378560",1363200,1378560
1677678879.0,95.91801878736123,625.534188034188,158.30554464640116,115.24540907624494,185.36289306853223,0.8611111111111112,0.7083333333333334,140.625,130.88933244366305,181.29214807259405,74547.50627757258,0.7219801510170842,0.23333333333333334,534.8260150387474,3154.7392589107812,11152.787749679299,0.28286553368699197,14842.353023628828,3.603377538502901,21.25498062125647,75.14164184024062,22.049507626417274,77.95049237358272,"1365120, 1380480",1365120,1380480
1677678909.0,95.71286141575274,626.875,159.08183821542923,115.15560259128902,189.37338327737328,0.8783783783783784,0.7432432432432432,140.625,133.90687054612175,174.1053451264694,73242.78297085829,0.7691140696964379,0.2,1134.205836403777,2550.031362703567,9432.418280537244,0.2703475701417182,13116.655479644589,8.647065848179995,19.44117055343031,71.9117635983897,21.28138601560505,78.71861398439496,"1367040, 1382400",1367040,1382400
1677678939.0,99.07615480649189,605.5947580645161,164.48044604079894,131.06957760064475,213.30549591172903,0.8918918918918919,0.7567567567567568,140.625,150.66643467999876,174.20038644428413,82454.71562351623,0.8649029876187305,0.23333333333333334,729.2112110564836,2509.0748834780416,7706.115215842845,0.3255952984351552,10944.40131037737,6.662869812394881,22.92564766515791,70.4114825224472,24.56219472259108,75.4378052774089,"1368960, 1384320",1368960,1384320
1677678969.0,100.37286181049396,597.7711397058823,164.69586606383672,130.56750526057755,208.07973776738868,0.8928571428571429,0.7619047619047619,148.4375,146.58039063186996,171.93835114620276,79176.9020364578,0.8525171356751561,0.23333333333333334,1302.604422533602,4022.1467133501537,8240.942819790951,0.48806875636739144,13565.693955674706,9.602195263948923,29.649398891736293,60.74840584431479,32.79880410625942,67.20119589374059,"1370880, 1386240",1370880,1386240
1677678999.0,97.40987983978638,615.953947368421,168.7353199362977,124.39202309871504,202.8281058096464,0.9240506329113924,0.7848101265822784,140.625,142.6816933404032,174.05467846276494,78019.61966882621,0.8197521296213058,0.23333333333333334,1703.9544802204537,3633.1262480390974,8439.394369126974,0.43049608646442855,13776.475097386525,12.368580991691433,26.371958155887945,61.259460852420624,30.09418134994202,69.90581865005798,"1372800, 1388160",1372800,1388160
1677679029.0,99.36305732484077,603.8461538461538,163.02455022355286,132.54256345312564,213.25809814935997,0.9358974358974359,0.7692307692307693,132.8125,149.44876919309186,172.75806410059417,81111.14724569878,0.8650755029650616,0.23333333333333334,1258.6423589946573,4198.907609933793,7966.681589080322,0.5270585453909822,13424.23155800877,9.375898751118928,31.278569591037513,59.34553165784357,34.514625976965156,65.48537402303485,"1374720, 1390080",1374720,1390080
1677679059.0,96.89440993788818,619.2307692307693,171.02212411810882,130.60857123911188,215.01831715537347,0.9315068493150684,0.7808219178082192,148.4375,151.1266559288866,182.3393973067519,86570.80585661464,0.8288206397580897,0.23333333333333334,2285.7873368933356,3636.809722787535,10335.838842790665,0.3518640120171998,16258.435902471536,14.059085084229167,22.368755177948472,63.57215973782235,26.02806265196466,73.97193734803534,"1376640, 1392000",1376640,1392000
1677679089.0,98.21669626998225,610.8940972222222,170.66055561533543,131.20512908451101,220.54298143270438,0.9404761904761905,0.8214285714285714,148.4375,155.3805774315492,182.83990952861205,89251.92698439873,0.8498176236913647,0.23333333333333334,1340.2545097336597,6271.713230500182,7562.969068274703,0.8292660162804173,15174.936808508544,8.832026957648896,41.329419091772756,49.83855395057835,45.33326530422434,54.66673469577565,"1378560, 1393920",1378560,1393920
1677679119.0,98.58190709046454,608.6309523809524,162.67950795123593,135.02168178655282,226.57147970710406,0.9333333333333333,0.8222222222222222,140.625,159.70070809211666,176.4295529461484,88517.27752372363,0.9051811639564836,0.23333333333333334,406.2864539377636,6791.960703427889,4641.7108435241935,1.4632451120697407,11839.958000889845,3.4314856007701104,57.364736453604245,39.20377794562566,59.40314688538038,40.59685311461962,"1380480, 1395840",1380480,1395840
1677679149.0,97.23653395784544,617.0520231213873,162.12421200653327,132.59233130455647,220.7744647417921,0.9338842975206612,0.8429752066115702,140.625,155.9358181002376,173.98487327472927,85232.89639673982,0.8962607792575653,0.0,509.01974988295876,4282.22626353563,6834.75924717435,0.6265365185037063,11626.005260592938,4.378285907097536,36.83316984252966,58.78854425037281,38.51967117713863,61.48032882286137,"1382400, 1397760",1382400,1397760
1677679179.0,96.85877694676638,619.4585755813954,157.81990343861003,130.14418966738648,218.1499747903368,0.9344262295081968,0.8524590163934426,125.0,153.93915804102707,169.73696094219034,82087.19235568013,0.9069277379925299,0.2,430.0040881189637,3207.3594012447984,7274.742027374048,0.4408897785207861,10912.10551673781,3.940615195292888,29.392672168768055,66.66671263593905,30.59843890164884,69.40156109835115,"1384320, 1399680",1384320,1399680
1677679209.0,95.41053834071111,628.8613505747127,158.28582835973194,132.20647735700285,230.13273780348717,0.9365079365079365,0.8650793650793651,140.625,162.6461593478574,162.41851608442747,82990.6609713574,1.0014015844308761,0.16666666666666666,442.61950596861675,1644.4415727002909,7676.595711437821,0.21421495080822592,9763.656790106728,4.533337411215767,16.84247621615052,78.62418637263372,17.642259359896418,82.35774064010357,"1386240, 1401600",1386240,1401600
1677679239.0,94.97359268324102,631.7545572916666,153.8351799594728,131.47121976421087,223.0925850324902,0.9295774647887324,0.823943661971831,125.0,157.7440626239511,156.2805279143961,77447.56431472723,1.0093647924606235,0.16666666666666666,338.95585541655635,1881.1361983497995,8327.374679640487,0.2258978694628657,10547.466733406844,3.2136233655327513,17.83495739684775,78.95141923761949,18.427136149754805,81.5728638502452,"1388160, 1403520",1388160,1403520
1677679269.0,90.27580772261624,664.6298882681564,154.39062123434564,127.11805536586846,211.97084852639526,0.944,0.808,125.0,149.8801604616168,165.65627063289816,78001.3109916287,0.9047659946043218,0.16666666666666666,721.6860022685697,3110.1689635185935,8089.033907738172,0.38449201709283576,11920.888873525335,6.053961327257531,26.09007597097775,67.85596270176472,27.771342293485684,72.22865770651431,"1390080, 1405440",1390080,1405440
1677679299.0,91.38227848101265,656.5824468085107,158.69887354512588,127.48052217273393,212.42581560852847,0.9485294117647058,0.8088235294117647,125.0,150.1998037037293,167.2528769241589,78921.0463553988,0.8980401800313286,0.13333333333333333,1011.2755130531972,2931.107308584786,8624.537023788442,0.33985677149974813,12566.919845426426,8.047123125570332,23.323991436545416,68.62888543788425,25.36515683831897,74.63484316168105,"1392000, 1407360",1392000,1407360
1677679329.0,89.45091514143095,670.7589285714286,159.62292724084273,130.08744388124302,213.89706198309503,0.925,0.7916666666666666,125.0,151.17226753107235,163.46576330403087,77633.4357648559,0.9247946755058808,0.23333333333333334,2121.3774777532444,2535.572724318636,7806.298204493447,0.32481115349386913,12463.248406565328,17.021063919706165,20.34439691487622,62.634539165417614,24.51754369951206,75.48245630048794,"1393920, 1409280",1393920,1409280
1677679359.0,87.58206195099399,685.0717905405405,157.00527801638842,112.34355285069788,197.52838872103462,0.9611650485436893,0.8058252427184466,117.1875,139.33215179546218,170.3896163696231,74583.77173580807,0.8177267768078748,0.2,2732.6870580129007,2741.9852561800403,7069.117422744599,0.387882261986173,12543.78973693754,21.785179083207936,21.85930499222058,56.355515924571485,27.947778612796863,72.05222138720315,"1395840, 1411200",1395840,1411200
1677679389.0,87.4762331838565,685.9005905511812,158.4834790274723,122.70252936215816,194.41289916919632,0.8837209302325582,0.6976744186046512,109.375,137.32052070726635,174.5724022145562,75311.43145010475,0.7866107068773341,0.13333333333333333,4796.257585999736,3282.4688497053835,5100.658497068626,0.6435382513045785,13179.384932773744,36.39212004554686,24.906085272179332,38.70179468227382,39.15566010062511,60.84433989937489,"1397760, 1413120",1397760,1413120
1677679419.0,85.90163934426229,698.4732824427481,150.58547397805353,115.67572572356183,181.83199389177796,0.8723404255319149,0.6382978723404256,93.75,128.44025547380775,171.70950070391692,69285.97915101181,0.7480090207430081,0.13333333333333333,6128.379188407902,5106.609140000015,5585.713128022465,0.9142268897378786,16820.701456430383,36.43355304938894,30.35907362857219,33.207373322038855,47.75958872164139,52.240411278358614,"1399680, 1415040",1399680,1415040
1677679449.0,82.87769784172662,723.9583333333334,147.04453526929896,104.06375938849226,152.69896817375394,0.8481012658227848,0.5316455696202531,109.375,106.54985486881009,171.9935389688337,57572.47076178142,0.6194991713503702,0.16666666666666666,4933.883751707057,4500.702226280748,5307.574174924291,0.8479772638024314,14742.160152912096,33.46784799873742,30.529462301301212,36.00268969996135,45.886780125076754,54.11321987492323,"1401600, 1416960",1401600,1416960
1677679479.0,78.75831485587582,761.8243243243244,156.84313401487015,128.83020694783588,185.40496217739158,0.84,0.6133333333333333,125.0,128.07841293953916,186.52733825545963,75053.04261835528,0.6866468697694523,0.3,6501.7007641773835,1161.6096615684596,7833.28456227032,0.14829151837065274,15496.594988016164,41.955673289553495,7.495902567414044,50.548424143032456,12.914100295808879,87.08589970419112,"1403520, 1418880",1403520,1418880
1677679509.0,83.21733694519692,721.0036057692307,163.95398009551914,136.19882261710947,193.75245014131792,0.8194444444444444,0.5833333333333334,140.625,133.41527822577177,185.02817208631578,77552.05266935521,0.7210538628870713,0.3333333333333333,1872.3489911258837,2618.748176421814,6553.2177166975625,0.39961257043990134,11044.314884245261,16.95305694151109,23.711277737630102,59.33566532085881,28.551656285446352,71.44834371455364,"1405440, 1420800",1405440,1420800
1677679539.0,79.5814889336016,753.9441747572815,168.05691968765075,127.35834192414119,175.30947661372934,0.7391304347826086,0.5362318840579711,140.625,122.2022766864531,200.86816603864966,77115.25236631326,0.6083705501793638,0.26666666666666666,3394.7749467869917,2870.263823268647,8163.659583960174,0.35159033687638014,14428.698354015813,23.527936224698703,19.89274259427422,56.57932118102708,26.013084533360164,73.98691546663986,"1407360, 1422720",1407360,1422720
1677679569.0,79.70695970695971,752.7573529411765,176.4822135964195,121.63342262075186,166.14979558570252,0.7560975609756098,0.524390243902439,156.25,115.5407736422403,215.38941659634708,78182.49105063459,0.5364273485116066,0.23333333333333334,2065.3297537520366,6902.34291078991,10758.626470717443,0.6415635796610778,19726.29913525939,10.469930216461147,34.990561906528384,54.53950787701048,39.082469153801334,60.91753084619866,"1409280, 1424640",1409280,1424640
1677679599.0,76.85569253081943,780.6838768115942,183.24745633109936,122.82789083456562,166.60520497265261,0.7551020408163265,0.5,164.0625,117.02827844332839,229.8803061283033,84516.6852866369,0.5090835331409873,0.16666666666666666,3000.554320142177,9213.51454094717,11235.303160875295,0.8200503723861585,23449.372021964642,12.795883477525996,39.2910928800866,47.9130236423874,45.05646573457413,54.94353426542585,"1411200, 1426560",1411200,1426560
1677679629.0,73.73553043715103,813.7189716312057,182.25592597309767,120.60272309768295,163.69005343560127,0.7708333333333334,0.5,125.0,115.61444208553705,234.98185324438708,85348.57710133793,0.49201434276414147,0.13333333333333333,,,,,,,,,,,"1413120, 1428480",1413120,1428480
1677679659.0,72.15300301979644,831.5662202380952,192.24847799841604,106.89851654105009,142.0181883654798,0.7661290322580645,0.47580645161290325,125.0,99.94258760784459,249.01183069921353,78184.46044329373,0.4013567842427827,0.26666666666666666,,,,,,,,,,,"1415040, 1430400",1415040,1430400
1677679689.0,73.94165828423624,811.4505597014926,193.9687709387781,111.05527329099891,146.95596738388693,0.7446808510638298,0.48936170212765956,140.625,103.74051799368493,251.9681725254212,82119.06029402006,0.41172072231947665,0.13333333333333333,,,,,,,,,,,"1416960, 1432320",1416960,1432320
1677679719.0,77.43772241992882,774.8161764705883,188.07806292342465,99.77453856529915,136.40038755152548,0.8095238095238095,0.5238095238095238,164.0625,95.39781528865359,242.74597124623907,72751.22869932644,0.3929944328175194,0.26666666666666666,,,,,,,,,,,"1418880, 1434240",1418880,1434240
1677679749.0,75.10575392312941,798.8735465116279,180.6179542101554,91.54440474270545,126.08672829235671,0.7843137254901961,0.5098039215686274,125.0,87.23443886646147,225.79074872112224,61879.099961578,0.3863508109192114,0.26666666666666666,2333.5262103282,8752.948920132301,4366.999177687036,2.0043394935485805,15453.474308147537,15.100333839477731,56.640654040609384,28.259012119912878,66.7148136171905,33.2851863828095,"1420800, 1436160",1420800,1436160
1677679779.0,76.78127286027798,781.4405487804878,179.4760139062784,69.69415485593393,104.45110904000732,0.8125,0.5208333333333334,148.4375,71.21953956337806,223.1182339803266,49921.09444913025,0.31920089314465366,0.13333333333333333,2058.1130204352753,8962.711523605667,4535.164777533094,1.9762703150294223,15555.989321574038,13.230357631969783,57.61582460831088,29.153817759719328,66.40090132437737,33.59909867562263,"1422720, 1438080",1422720,1438080
1677679809.0,75.91896509641201,790.3163580246913,166.60994762479967,80.27611723244675,119.12200057255656,0.8163265306122449,0.5714285714285714,125.0,82.90693680411528,194.669978651811,50703.70829897911,0.425884552812345,0.2,3210.6295311255403,9040.010925854409,5683.220590305462,1.5906493126934083,17933.861047285412,17.90261183947069,50.40749954524023,31.689888615289075,61.39963849602111,38.60036150397889,"1424640, 1440000",1424640,1440000
1677679839.0,82.29907452508523,729.0482954545455,172.9673186910253,91.7251122648033,146.56088097149373,0.9122807017543859,0.6666666666666666,156.25,102.43797282355976,213.48254085404696,68702.60606886854,0.47984239092223574,0.2,5320.888620903927,4437.242972150243,4202.411189017898,1.055880248878555,13960.542782072069,38.113766090362454,31.784172302014557,30.102061607622986,51.35903462541256,48.64096537458743,"1426560, 1441920",1426560,1441920
1677679869.0,87.00495633703092,689.6158854166666,177.53207625811768,117.57342053503672,187.07226602263563,0.875,0.703125,156.25,125.73739940086745,206.25476253675157,81473.86738858769,0.6096217990528238,0.16666666666666666,4933.314192113737,3474.344884344572,3172.789646194125,1.0950441951019896,11580.448722652434,42.600371628637454,30.00181571158318,27.39781265977935,52.268310027163004,47.731689972836996,"1428480, 1443840",1428480,1443840
1677679899.0,88.35398230088495,679.0865384615385,177.3722480719424,123.8010684342205,196.91107173151678,0.8727272727272727,0.6909090909090909,156.25,135.52416796758348,205.3507663529297,87430.49763593433,0.6599642668713614,0.23333333333333334,4113.742029009051,4707.932229305663,6009.456894890821,0.7834205838647914,14831.131153205533,27.737210240500946,31.74358166395226,40.51920809554681,43.927976998396346,56.072023001603654,"1430400, 1445760",1430400,1445760
1677679929.0,86.08633436680181,696.9747340425532,168.39776337204083,117.87724632316682,183.08945683874992,0.8983050847457628,0.6949152542372882,156.25,127.96192528472105,208.16705590927808,83684.04002263078,0.6147078591556222,0.23333333333333334,2930.464522762707,4918.501441190443,9143.728987816823,0.5379098011045487,16992.694951769972,17.24543711918672,28.944799251387302,53.80976362942597,34.976680733695446,65.02331926630455,"1432320, 1447680",1432320,1447680
1677679959.0,87.91073489803772,682.5105042016806,173.92108104447416,131.23525174461577,216.09201168905523,0.9113924050632911,0.7468354430379747,156.25,150.71215509645893,197.17419588519454,93357.28885941925,0.7643604398630929,0.23333333333333334,4464.162129152351,4396.370131605407,9846.006051771794,0.44651304381579954,18706.538312529552,23.86418082581466,23.50178348423096,52.63403568995438,30.868234871766493,69.13176512823351,"1434240, 1449600",1434240,1449600
1677679989.0,91.3802221047065,656.5972222222222,174.23637405320935,138.05119755676319,217.1831424872059,0.898876404494382,0.6966292134831461,171.875,152.90666623832755,199.47613915078438,95822.44459107971,0.7665411356430211,0.3,,,,,,,,,,,"1436160, 1451520",1436160,1451520
1677680019.0,92.29424617625637,650.094696969697,183.3319637439451,141.2557994784089,224.4223325388118,0.8983050847457628,0.7203389830508474,171.875,158.4304387138889,214.52384835211365,106773.64695293547,0.7385213342520569,0.13333333333333333,2164.0211761438677,4623.417269674752,10404.852692014787,0.4443520159802933,17192.291137833407,12.587159900879739,26.892385852519947,60.52045424660031,30.764800482430037,69.23519951756995,"1438080, 1453440",1438080,1453440
1677680049.0,95.36,629.1946308724832,174.28085541771995,142.02356190070103,230.0708329638789,0.900990099009901,0.7425742574257426,156.25,161.96218880332236,194.82976627053014,99133.13019437614,0.8313010475947006,0.13333333333333333,794.3188545111408,3091.0503744122384,12771.728386707826,0.24202287120584623,16657.097615631206,4.768651014962794,18.556956594356283,76.67439239068092,19.486184740774767,80.51381525922524,"1440000, 1455360",1440000,1455360
1677680079.0,93.15898141775637,644.0602836879433,171.30579706707175,136.19341540182214,221.2252116660427,0.8876404494382022,0.7303370786516854,156.25,155.7995970199355,190.3198395990303,93153.73352025547,0.8186198419890288,0.3,729.536433238666,4069.3648372294974,9440.453684719902,0.4310560671269514,14239.354955188064,5.1233811892080245,28.578294803633906,66.29832400715807,30.121535908258142,69.87846409174186,"1441920, 1457280",1441920,1457280
1677680109.0,91.75355450236968,653.9256198347107,167.91023878818427,140.68965356599537,230.15609233898942,0.9178082191780822,0.7671232876712328,156.25,162.57587214806932,179.7472469244096,91805.39688948676,0.9044693308512175,0.3,1518.5610579136069,3417.8289339420294,7146.324802422365,0.47826386687371103,12082.714794278001,12.568045209779761,28.286928824643013,59.145025965577226,32.35307833676282,67.64692166323717,"1443840, 1459200",1443840,1459200
1677680139.0,89.93800229621124,667.1262254901961,164.74733374235183,140.85226976759427,222.01890103780082,0.8852459016393442,0.7213114754098361,148.4375,156.6391954795083,171.59858884529885,84443.07283194682,0.9128233310864993,0.16666666666666666,1154.389573269033,4643.974668951228,7643.724683780669,0.607553890422734,13442.08892600093,8.58787335527967,34.54801329255026,56.86411335217007,37.79368729361647,62.20631270638354,"1445760, 1461120",1445760,1461120
1677680169.0,87.75137111517367,683.75,162.29133237021625,131.22594606756618,212.3223025700569,0.8888888888888888,0.7142857142857143,140.625,150.1172286282766,176.04253321759825,83022.92311483009,0.852732722510437,0.26666666666666666,1248.6873813429509,2959.1483552044847,12963.204436504402,0.22827290657173613,17171.04017305184,7.272054393668217,17.23336690952806,75.49457869680373,18.584868668061276,81.41513133193872,"1447680, 1463040",1447680,1463040
1677680199.0,84.12994208008058,713.1824712643678,167.6846327630229,123.9978636174637,187.96445451391676,0.8367346938775511,0.673469387755102,109.375,132.648845228333,175.512764816541,73141.19537683314,0.7557789051240087,0.3,283.6766630016864,2982.904883659275,10689.313210161165,0.27905486769942833,13955.894756822127,2.0326655362818307,21.373798926085534,76.59353553763263,21.817271076208815,78.18272892379117,"1449600, 1464960",1449600,1464960
1677680229.0,72.71489361702127,825.1404494382023,169.27580776407487,114.45078583912648,171.5132756613032,0.7543859649122807,0.6140350877192983,125.0,120.94999065123953,203.167353292186,77198.63739054145,0.5953219781196578,0.13333333333333333,596.0165145448472,7758.636100367463,7711.729465891061,1.0060825051869193,16066.38208080337,3.709712065524614,48.29112155646871,47.99916637800668,50.151601571002004,49.848398428997996,"1451520, 1466880",1451520,1466880
1677680259.0,66.3132530120482,904.796511627907,165.98708342166645,125.78288412510217,172.30848114242986,0.7037037037037037,0.5370370370370371,117.1875,121.82657959079235,204.66903938653297,78332.87654219329,0.5952369735840389,0.2,3233.8482473067456,6625.876871216874,11979.685400653918,0.5530927273645431,21839.410519177538,14.8073971340346,30.339082940899825,54.85351992506558,35.6123441710458,64.38765582895421,"1453440, 1468800",1453440,1468800
1677680289.0,62.56055363321799,959.070796460177,160.81977049788986,124.28407477001998,156.82958384798587,0.6621621621621622,0.44594594594594594,78.125,110.72617821254528,202.83358360865518,70556.99021918986,0.5458966717571737,0.16666666666666666,2367.245668050448,9532.16814863336,6861.59830322686,1.3892052153724286,18761.012119910665,12.617899572369767,50.80838969512243,36.57371073250782,58.145077134191666,41.85492286580834,"1455360, 1470720",1455360,1470720
1677680319.0,61.56412930135558,974.5934959349594,154.96676275680264,117.87862091588593,148.24145335447525,0.6705882352941176,0.4117647058823529,62.5,104.46013663066017,197.33410932440108,64759.371030073504,0.529356718857642,0.13333333333333333,1915.43928580493,7937.057164731901,4482.9588789634745,1.770495197262899,14335.455329500306,13.361551773407793,55.36662060812661,31.271827618465593,63.90536966142564,36.09463033857436,"1457280, 1472640",1457280,1472640
1677680349.0,63.91883322764743,938.6904761904761,155.96246218779058,107.77748528462944,138.4825729369814,0.6811594202898551,0.42028985507246375,93.75,96.94885634816417,195.40958650849856,59516.64322649402,0.4961315259932131,0.13333333333333333,2631.8181484307725,4963.495056867851,3496.7432039096284,1.4194622731569997,11092.056409208253,23.727053409554657,44.748195228680274,31.52475136176507,58.66850204301121,41.3314979569888,"1459200, 1474560",1459200,1474560
1677680379.0,66.5546218487395,901.5151515151515,161.18247673300323,97.96724485800094,126.30083198023006,0.6610169491525424,0.3898305084745763,109.375,89.22155159064363,197.2793543552912,55296.963293865185,0.452259953314525,0.13333333333333333,2572.8415934358063,5533.022089407585,4474.137583338079,1.2366678463382188,12580.001266181469,20.451838906823625,43.98268308829095,35.56547800488543,55.290634609105716,44.70936539089428,"1461120, 1476480",1461120,1476480
1677680409.0,65.69008470353762,913.379854368932,156.5800019259616,89.8965434831038,113.1394958801622,0.6379310344827587,0.3448275862068966,93.75,80.00147796608248,191.157783218372,48044.078572412625,0.4185101784461037,0.16666666666666666,2752.9476564188235,5246.055392310021,6772.893053421543,0.7745664003449468,14771.896102150387,18.636386536851344,35.51375771960877,45.84985574353988,43.6482061304882,56.3517938695118,"1463040, 1478400",1463040,1478400
1677680439.0,68.72659946513063,873.0244252873563,150.70633724524194,94.53229052258429,120.8472105406432,0.7045454545454546,0.4090909090909091,109.375,84.52450549582065,185.53047788030634,49266.053546893425,0.4555828587384496,0.13333333333333333,936.2599447246673,5535.513737412948,8788.893060593105,0.6298305940520105,15260.666742730722,6.135118212778259,36.27307922211026,57.59180256511147,38.643930010305816,61.35606998969418,"1464960, 1480320",1464960,1480320
1677680469.0,70.26252983293556,853.9402173913044,161.92865012216805,92.64570952241208,119.88516357603294,0.6956521739130435,0.43478260869565216,117.1875,83.53768707512798,205.1995945341975,53852.86558848278,0.407104542602817,0.13333333333333333,994.9538806522733,6831.767603751603,9224.714795468597,0.7405939105139091,17051.436279872472,5.835015093870523,40.06564310254513,54.09934180358435,42.54834548371189,57.4516545162881,"1466880, 1482240",1466880,1482240
1677680499.0,71.82849936948297,835.3230337078652,158.55145264291536,124.4346228205645,161.99543187018736,0.7446808510638298,0.48936170212765956,109.375,112.48793538497891,196.79615580829693,69546.04371223968,0.5715962027965407,0.13333333333333333,82.41078895463252,8172.899138553872,11615.248312840025,0.7036353350723614,19870.55824034853,0.4147381666776314,41.13069718372702,58.45456464959533,41.30199230943251,58.69800769056749,"1468800, 1484160",1468800,1484160
1677680529.0,76.5234093637455,784.0737951807229,163.82512191613827,130.4437686311284,172.70946421020992,0.7777777777777778,0.5333333333333333,125.0,121.5540646173545,205.7575138698193,78573.31242925074,0.5907636728846779,0.3333333333333333,881.8258907055636,5349.12051895536,13546.726613556604,0.39486443268164423,19777.67302321753,4.458693849728252,27.046258236122558,68.49504791414918,28.308445138464993,71.69155486153501,"1470720, 1486080",1470720,1486080
1677680559.0,77.5,774.1935483870968,167.73195954878608,136.36210648020634,178.67189840624795,0.7592592592592593,0.5185185185185185,140.625,124.96064329193817,201.69100585963577,79178.9351583815,0.6195647781086624,0.3333333333333333,289.86192017486184,5318.600134174867,11319.46686851457,0.4698631301239734,16927.9289228643,1.7123294969850076,31.419083565450904,66.86858693756409,31.966454596649655,68.03354540335035,"1472640, 1488000",1472640,1488000
1677680589.0,79.37743190661479,755.8823529411765,161.72354924301467,139.12015163597883,188.5911292432794,0.7872340425531915,0.574468085106383,125.0,130.38697757186466,189.18531110402915,77494.61134111462,0.689202437604511,0.3333333333333333,271.95095902161427,3876.3439453658843,9492.680159294026,0.4083508429988196,13640.975063681526,1.9936328433417585,28.41691248073954,69.58945467591869,28.994965638626866,71.00503436137313,"1474560, 1489920",1474560,1489920
1677680619.0,78.34544438233651,765.8390410958904,153.97516016681251,129.6795733151423,174.78473014381825,0.7368421052631579,0.5789473684210527,109.375,119.61185425013473,182.64935002423246,68634.46088936728,0.6548715023309175,0.3333333333333333,240.26351740158137,3073.1102311866885,7915.914459213117,0.3882192319056681,11229.288207801386,2.1396148442842686,27.36691920554403,70.49346595017171,27.965268235964643,72.03473176403537,"1476480, 1491840",1476480,1491840
1677680649.0,80.02526049889485,749.7632575757576,156.1195578678658,140.1074660423788,205.58265955744974,0.8,0.6857142857142857,125.0,141.82945079300313,159.36812210049013,71009.71164424927,0.8899486856196503,0.26666666666666666,0.0,4795.564062120746,6907.6026253271,0.6942443452866772,11703.166687447847,0.0,40.97663641127316,59.02336358872682,40.97663641127316,59.02336358872682,"1478400, 1493760",1478400,1493760
1677680679.0,84.72420506164828,708.1801470588235,163.24949945642248,153.63857303532455,224.07499561204187,0.8048780487804879,0.7073170731707317,125.0,153.8879312670393,174.30704218315472,84269.29634021585,0.8828555022196989,0.13333333333333333,0.0,8369.824557975737,4483.189722342688,1.8669351681155466,12853.014280318424,0.0,65.11954608805104,34.88045391194897,65.11954608805104,34.88045391194897,"1480320, 1495680",1480320,1495680
1677680709.0,83.56341380482829,718.017578125,174.72402746901724,171.29696835375546,247.31358281850956,0.8333333333333334,0.7222222222222222,132.8125,174.1752444745246,173.21868626219083,94783.12907269492,1.0055222576326774,0.13333333333333333,0.0,6982.626018463428,6073.653375592565,1.14965830064054,13056.279394055993,0.0,53.48097882802922,46.51902117197077,53.48097882802922,46.51902117197077,"1482240, 1497600",1482240,1497600
1677680739.0,88.47359999999999,678.1684027777778,172.9695992774019,149.6241755343066,229.19033968637413,0.8444444444444444,0.7111111111111111,132.8125,161.09502134696086,189.8810366078498,96097.83099247736,0.8483997360919246,0.2,0.0,6946.075762273027,8040.931016237261,0.8638397404786381,14987.006778510287,0.0,46.34731848011794,53.652681519882066,46.34731848011794,53.652681519882066,"1484160, 1499520",1484160,1499520
1677680769.0,91.28526645768025,657.2802197802198,170.1698351113376,154.7462471217844,243.31467809023061,0.864406779661017,0.7457627118644068,140.625,171.1272368885604,182.27189414798477,97991.57035914008,0.938856962498145,0.13333333333333333,441.56553888649137,1329.1746793687519,8583.922350125176,0.15484467649563127,10354.66256838042,4.264412635085578,12.836484729377803,82.89910263553662,13.408268631025468,86.59173136897454,"1486080, 1501440",1486080,1501440
1677680799.0,92.24291497975709,650.4564606741573,169.00830116937618,158.1848870907584,235.1108730822746,0.8301886792452831,0.7169811320754716,140.625,165.4514122036914,188.92460829811057,98199.4106991182,0.8757536336538011,0.26666666666666666,240.13141186244678,3064.3976113341687,13371.47143790283,0.22917430034272923,16676.000461099444,1.4399820413930056,18.37609454666646,80.18392341194054,18.64457305028496,81.35542694971504,"1488000, 1503360",1488000,1503360
1677680829.0,90.57728119180634,662.4177631578947,167.1771037749353,152.17679426906562,209.54613955799456,0.7804878048780488,0.6341463414634146,140.625,147.60583043192608,202.00435618528536,93672.93332629769,0.7307061749526674,0.16666666666666666,0.0,7038.197226968235,11310.283525542241,0.6222830056447066,18348.480752510477,0.0,38.358474044262515,61.641525955737485,38.358474044262515,61.641525955737485,"1489920, 1505280",1489920,1505280
1677680859.0,90.14084507042253,665.625,167.77059532662452,148.69834016076797,206.46014276512363,0.7857142857142857,0.6428571428571429,148.4375,144.72084820810318,200.4516277231654,91136.12504024287,0.7219739238434648,0.16666666666666666,532.683395449507,8775.130204568055,9872.528270117546,0.8888432592417965,19180.341870135107,2.7772361882606775,45.750645447208825,51.4721183645305,47.057544605293955,52.942455394706045,"1491840, 1507200",1491840,1507200
1677680889.0,85.52826956025129,701.5224358974359,173.6611326688722,159.23250630013732,226.48304862417973,0.8205128205128205,0.717948717948718,156.25,158.61590212538994,184.56771539462898,91971.30202747717,0.8593913718130454,0.26666666666666666,,,,,,,,,,,"1493760, 1509120",1493760,1509120
1677680919.0,84.72895668755108,708.1404320987655,173.33010523026365,154.8700965406121,231.92315094029135,0.8292682926829268,0.7317073170731707,156.25,160.3836758621207,194.34406321151712,97922.23425271267,0.8252563685856709,0.13333333333333333,,,,,,,,,,,"1495680, 1511040",1495680,1511040
1677680949.0,82.00294550810015,731.6810344827586,173.91531430908748,154.67389215996403,242.03999883745257,0.8723404255319149,0.7659574468085106,156.25,167.275592713879,178.31270438533753,93705.42546469903,0.9381024941015583,0.2,51.50840890324813,4997.865941380165,8047.792084131989,0.6210232432861391,13097.166434415401,0.3932790284156394,38.15990249804936,61.44681847353501,38.31056993527128,61.689430064728704,"1497600, 1512960",1497600,1512960
1677680979.0,75.48306148055207,794.8803191489362,184.54331653163138,141.5856079373889,203.5572324310782,0.8,0.64,187.5,143.85458152245272,210.14318035568036,94970.53211978784,0.6845550794414071,0.13333333333333333,376.9583036642677,7334.990986927454,7718.746090165194,0.9502827144778477,15430.695380756915,2.4429119645143103,47.53506440205324,50.022023633432454,48.72538260342775,51.274617396572246,"1499520, 1514880",1499520,1514880
1677681009.0,74.0924249642687,809.7993827160494,178.52068697669552,136.69669828970643,196.40320453088336,0.7948717948717948,0.6153846153846154,140.625,138.3673975504405,203.38955108376607,88412.21744574953,0.6803073059217966,0.0,854.2697693926507,3166.0688252151726,11028.474340757635,0.2870813067510542,15048.812935365459,5.676658837223461,21.038661579577173,73.28467958319936,22.304830723998784,77.69516927600121,"1501440, 1516800",1501440,1516800
1677681039.0,66.68303806349763,899.7790404040404,179.14643369572656,139.04826733894606,184.97904637053853,0.6730769230769231,0.5192307692307693,109.375,130.79924778335527,207.89578026638793,85428.10907379849,0.629157780960033,0.3,,,,,,,,,,,"1503360, 1518720",1503360,1518720
1677681069.0,64.80047647409172,925.9191176470588,162.4001556453479,111.82729837081874,150.4249569816353,0.6341463414634146,0.4634146341463415,93.75,105.9231860077262,183.44058951339858,61043.06692245028,0.5774250196682318,0.13333333333333333,920.6786427714912,7445.462284202,7473.148465523843,0.9962952453775582,15839.289392497332,5.81262593262292,47.00628986379102,47.18108420358607,49.90720925096075,50.09279074903925,"1505280, 1520640",1505280,1520640
1677681099.0,63.06442880346508,951.407967032967,150.36033280890774,101.86769120218955,133.59729799631015,0.6170212765957447,0.40425531914893614,78.125,94.46287550627248,169.56221257670217,50319.939381187774,0.5570986251641521,0.13333333333333333,3255.1296951163777,6066.269544791549,5035.94437403018,1.204594231833585,14357.343613938108,22.672228112979745,42.25203288233915,35.075739004681104,54.640178879163216,45.35982112083679,"1507200, 1522560",1507200,1522560
1677681129.0,64.30963900260514,932.9861111111111,155.5233876709684,107.68495326194066,144.42083466659324,0.6818181818181818,0.45454545454545453,78.125,101.92782109558783,148.19326463988438,47453.80907542303,0.6878033313003568,0.23333333333333334,4380.833177016058,5265.550343089995,6550.071464095971,0.8038920448353821,16196.454984202024,27.04809899011302,32.51051139416618,40.4413896157208,44.56431010586019,55.43568989413982,"1509120, 1524480",1509120,1524480
1677681159.0,67.0188679245283,895.2702702702703,158.07067893331916,101.83661008233346,133.10760282031762,0.6571428571428571,0.4,109.375,94.1212885817322,197.47085486321308,58390.30493174893,0.47663382349222866,0.26666666666666666,1079.2630542566121,5840.821477641782,8104.793560056825,0.7206625849703727,15024.87809195522,7.183173451733246,38.87433523183883,53.94249131642792,41.882853225566095,58.1171467744339,"1511040, 1526400",1511040,1526400
1677681189.0,70.38890265048303,852.4070945945946,169.927966978632,124.85323016098803,175.72791849699271,0.7142857142857143,0.5142857142857142,132.8125,123.29190102007048,188.34947875680245,72953.95556347031,0.654591145321222,0.16666666666666666,794.838220107948,3636.8840077107134,7249.24629432345,0.501691329008726,11680.968522142111,6.804557503954191,31.13512377690891,62.0603187191369,33.4084188486255,66.5915811513745,"1512960, 1528320",1512960,1528320
1677681219.0,77.32274532047646,775.9683098591549,171.803835738927,137.01742068116593,209.45336945414473,0.8055555555555556,0.6388888888888888,125.0,148.06741704736498,201.70924404844916,93828.58672377403,0.7340636159034943,0.23333333333333334,1257.790409975397,5857.271816422612,9757.19722461236,0.6003026977509223,16872.25945101037,7.454783478332988,34.71539679335513,57.82981972831188,37.51182189435738,62.48817810564262,"1514880, 1530240",1514880,1530240
1677681249.0,80.30983733539891,747.1064814814815,180.87430316646243,120.6169038733792,181.03435447450298,0.84,0.68,125.0,118.05388070707374,231.77137172222112,85958.7183943496,0.5093548863686314,0.3333333333333333,0.0,3719.946890944755,6466.624021199885,0.5752533128181646,10186.57091214464,0.0,36.51814651886198,63.48185348113802,36.51814651886198,63.48185348113802,"1516800, 1532160",1516800,1532160
1677681279.0,76.02168277162384,789.2485119047619,173.80033046947145,129.83789899498566,197.34016915243362,0.8444444444444444,0.6444444444444445,117.1875,139.37112462087123,213.67994619492066,93559.18776873314,0.6522424172352407,0.23333333333333334,858.6416749627998,3561.593344544754,14897.075904733247,0.23908002935080228,19317.310924240803,4.444933760864781,18.43731437834549,77.11775186078971,19.29496268905768,80.70503731094232,"1518720, 1534080",1518720,1534080
1677681309.0,72.54113345521024,827.116935483871,161.43621593893982,133.11218623132132,199.4991336741458,0.8163265306122449,0.6122448979591837,109.375,141.00879242010086,188.48603615710698,83497.84125529484,0.7481126734638694,0.26666666666666666,1727.6737178338306,5460.835461089161,10810.354490142809,0.5051486023024043,17998.863669065802,9.598793288284861,30.339890125811458,60.06131658590367,33.56137736364939,66.4386226363506,"1520640, 1536000",1520640,1536000
1677681339.0,71.78209008367456,835.8630952380952,153.26196209413254,129.73019195777346,188.4246269529885,0.7627118644067796,0.576271186440678,109.375,133.19368648353785,180.74754958877597,75632.06013241659,0.7369045211764734,0.16666666666666666,1194.3894822134755,5170.5085892237585,8463.693907004332,0.6109044875718841,14828.591978441566,8.054638525019298,34.8685067114994,57.07685476348131,37.9230731731774,62.0769268268226,"1522560, 1537920",1522560,1537920
1677681369.0,71.48772267693789,839.3049568965517,154.93528290271615,125.12844731875468,184.31795075671238,0.8,0.5692307692307692,93.75,130.3075312470624,184.3331551653019,75461.05043907791,0.7069131493474862,0.23333333333333334,681.7568333427232,4001.8894210860017,5221.534772828615,0.7664201418155249,9905.18102725734,6.882830626382765,40.401981650547285,52.715187723069945,43.38832668811165,56.61167331188837,"1524480, 1539840",1524480,1539840
1677681399.0,69.122285034216,868.0268595041322,148.6524570855635,115.88971957202078,167.61301677239783,0.8382352941176471,0.5588235294117647,78.125,118.43908398018453,173.63746146837417,64608.30396290117,0.6821055950634056,0.16666666666666666,1118.9531419758162,2237.2208612964773,5851.102225396419,0.3823588744674347,9207.276228668714,12.152922473333966,24.29840058811789,63.548676938548134,27.659884964007023,72.34011503599298,"1526400, 1541760",1526400,1541760
1677681429.0,68.4432945235015,876.6381048387096,150.22164388989006,107.79433220515611,157.77381951705422,0.84,0.6,93.75,111.51147487042657,180.50469369089672,63235.059569857214,0.6177760400036089,0.26666666666666666,1003.3691937004628,3290.5891491775387,5855.6979979832895,0.5619465263254393,10149.656340861291,9.885745487372017,32.42069523014315,57.693559282484834,35.977321685105814,64.02267831489418,"1528320, 1543680",1528320,1543680
1677681459.0,68.54181661148696,875.3780241935484,145.27298106720548,109.95156355129255,155.51776478054737,0.7922077922077922,0.5584415584415584,93.75,109.89424940479466,167.53918230968583,57841.72432264704,0.6559316327667276,0.3333333333333333,1806.48212381523,1711.354017993108,7133.932990067742,0.23988927571589896,10651.76913187608,16.959456231634046,16.06638293419048,66.97416083417546,19.347636955516812,80.6523630444832,"1530240, 1545600",1530240,1545600
1677681489.0,68.3085416347186,878.3674568965517,145.78081449633095,113.51568072156346,156.36484749804936,0.7647058823529411,0.5294117647058824,93.75,110.55470518092194,161.09913052668983,55952.60358956458,0.686252649654158,0.26666666666666666,,,,,,,,,,,"1532160, 1547520",1532160,1547520
1677681519.0,66.51328837762792,902.0753816793894,150.67368727824464,111.27725924787707,155.12054584277197,0.7976190476190477,0.5476190476190477,93.75,109.59014147583237,168.6734680263444,58072.18068480991,0.649717722402648,0.26666666666666666,2685.108214535011,4532.231869196022,5507.923732039135,0.8228566860562003,12725.263815770168,21.100609412964857,35.61601499828488,43.28337558875026,45.141052083281046,54.85894791671895,"1534080, 1549440",1534080,1549440
1677681549.0,63.95331874544128,938.1843065693431,154.43596389279688,95.77937918590646,125.48733128288289,0.6888888888888889,0.4444444444444444,93.75,88.6166111200186,182.17295241614184,50716.45708021046,0.4864421965209723,0.23333333333333334,8298.847798917403,5647.300783342624,7838.238015396577,0.7204809004587107,21784.3865976566,38.09539351367428,25.92361624701481,35.98099023931091,41.8767159964762,58.12328400352379,"1536000, 1551360",1536000,1551360
1677681579.0,63.335064935064935,947.3425196850394,156.72667385730995,91.17666899372244,113.49283703712292,0.6626506024096386,0.3614457831325301,62.5,80.25056107581437,186.99220109763496,47143.45895691781,0.42916528392493136,0.13333333333333333,8251.034448618802,5610.590133917934,5814.755846531814,0.9648883430358207,19676.38042906855,41.93370055210603,28.514340603159045,29.55195884473492,49.10652284419556,50.893477155804455,"1537920, 1553280",1537920,1553280
1677681609.0,63.34132243056535,947.2489316239316,159.26218480378185,105.53970092918694,127.8070241288274,0.64,0.37333333333333335,62.5,89.93993945035395,189.8232227699703,53635.43484899645,0.47380893727288614,0.13333333333333333,5422.1398595576775,4102.545712199209,4329.357126397581,0.947610832838108,13854.042698154468,39.1376003213847,29.61262500472674,31.24977467388855,48.655040157957295,51.344959842042705,"1539840, 1555200",1539840,1555200
1677681639.0,66.50205761316872,902.2277227722773,182.18611569964693,107.64232791457356,138.30045973128668,0.6885245901639344,0.4918032786885246,93.75,97.38963959199616,212.84011134656456,65120.25744244009,0.45757183162443466,0.16666666666666666,4822.076931481358,4641.706766372522,4314.471238649731,1.0758460329486872,13778.25493650361,34.99773341184101,33.688640453842616,31.31362613431638,51.82687038790034,48.17312961209966,"1541760, 1557120",1541760,1557120
1677681669.0,65.89815332960268,910.4959239130435,172.30836024175014,122.82238034397871,157.61125782681262,0.6785714285714286,0.5,78.125,111.22143171084979,201.16355460057275,70289.04700057268,0.552890566741522,0.2,4149.027482666201,5085.731128427498,4566.516402353279,1.1137003966101273,13801.275013446979,30.062638985337834,36.8497194894843,33.08764152517786,52.68960531947848,47.310394680521526,"1543680, 1559040",1543680,1559040
1677681699.0,62.39744272775706,961.577868852459,165.3612424483584,117.84481513175272,142.57267477533202,0.6296296296296297,0.3333333333333333,46.875,100.80487712398345,195.5611367029204,61931.838159063416,0.5154647739500385,0.16666666666666666,3986.195974287128,4168.216276101341,4722.1325596681245,0.8826978538684408,12876.544810056592,30.957031044336567,32.37061135255756,36.67235760310588,46.884732568995744,53.11526743100425,"1545600, 1560960",1545600,1560960
1677681729.0,60.51282051282052,991.5254237288135,140.01521610648564,99.55202754900243,117.04132143074982,0.5609756097560976,0.2682926829268293,23.4375,82.69213353960951,154.11527173917904,40036.835751281076,0.5365602811871603,0.13333333333333333,4103.629333523956,5070.630828317633,7124.2615885611685,0.7117412471854095,16298.521750402759,25.17792347286066,31.11098605118793,43.7110904759514,41.579955402471896,58.420044597528104,"1547520, 1562880",1547520,1562880
1677681759.0,66.77685950413223,898.5148514851485,189.59768936906076,132.33990601914485,173.63015128566775,0.5967741935483871,0.4838709677419355,93.75,122.73314854918601,226.18359831126395,87211.31945897888,0.5426262092633527,0.2,975.1503550347032,8485.978402199185,18072.01443411308,0.4695646095866817,27533.143191346968,3.5417327700571817,30.820957648112376,65.63730958183045,31.95263457785281,68.04736542214718,"1549440, 1564800",1549440,1564800
1677681789.0,66.63275991024682,900.457974137931,179.2187261889813,121.19175803344336,156.96949728187028,0.6025641025641025,0.47435897435897434,85.9375,110.99094210303883,204.2780154514191,71229.35972149114,0.5433327803668351,0.2,2189.854600566633,9428.277597502525,18362.22771629854,0.513460444079662,29980.3599143677,7.304297235995401,31.448180156717015,61.247522607287586,33.92625463640037,66.07374536359963,"1551360, 1566720",1551360,1566720
1677681819.0,66.0125786163522,908.9176829268292,174.14893724865055,115.62943072504157,150.47466081208367,0.6744186046511628,0.45348837209302323,62.5,106.3864503164999,194.1146849080139,64877.57112810992,0.5480597738749842,0.2,3809.3206399944684,8120.724742786184,15410.927135977914,0.5269458917775148,27340.972518758565,13.932644997835771,29.70166747804811,56.36568752411612,34.50979465710459,65.49020534289542,"1553280, 1568640",1553280,1568640
1677681849.0,62.232044198895025,964.1335227272727,131.72514212012703,93.72481018088247,116.82988820101582,0.6288659793814433,0.36082474226804123,39.0625,82.4791031801791,130.82009456259883,33897.54621456941,0.6304773242669685,0.13333333333333333,2668.6940065226518,4930.421020077937,3486.6124444809916,1.4141006775451543,11085.72747108158,24.07324204464031,44.475394446954596,31.451363508405098,58.57670687467443,41.42329312532557,"1555200, 1570560",1555200,1570560
1677681879.0,60.40629232211688,993.2740066225166,103.41823672716009,79.42195184141634,98.81105124092176,0.6311475409836066,0.30327868852459017,46.875,69.86521027374904,119.94233397489154,26325.90675817582,0.5824900013065818,0.23333333333333334,813.4594232845365,3782.473467682998,1469.6827599448402,2.5736666243706643,6065.615650912374,13.410995191595731,62.35926714403753,24.22973766436676,72.01753534645655,27.982464653543435,"1557120, 1572480",1557120,1572480
1677681909.0,59.97565922920892,1000.4058441558442,108.51569990069065,66.82964142085761,83.75865333980437,0.6033057851239669,0.2727272727272727,46.875,58.69113189486294,131.3289395280322,24214.906435553632,0.4469017423409202,0.16666666666666666,870.1938250692034,2162.870831573569,969.7957999387921,2.2302332426167206,4002.8604565815644,21.739299546113763,54.0331309330892,24.227569520797033,69.04248316168253,30.957516838317478,"1559040, 1574400",1559040,1574400
1677681939.0,62.40837696335079,961.4093959731543,125.55660794756915,82.35489114474707,108.33159140182597,0.6956521739130435,0.391304347826087,46.875,76.32290666785839,142.073185340905,34065.66662060344,0.5372083865419175,0.16666666666666666,928.5767480330668,1497.1244562434308,940.730246847182,1.5914492611043183,3366.43145112368,27.583414708269718,44.472150346138974,27.944434945591304,61.411553951326034,38.588446048673966,"1560960, 1576320",1560960,1576320
1677681969.0,64.87671232876713,924.831081081081,153.5809984051691,91.64073609749755,121.77816949836158,0.7079646017699115,0.4336283185840708,62.5,85.7889463956431,180.79558504654804,48726.927523613536,0.4745079719372333,0.13333333333333333,1360.8471877132627,1367.4681903370958,1270.172171393376,1.076600653938896,3998.4875494437347,34.03404839668895,34.199636073078096,31.76631553023295,51.8443761392832,48.155623860716794,"1562880, 1578240",1562880,1578240
1677681999.0,66.04422604422604,908.4821428571429,153.60754524088972,103.91360288255008,137.8570440954744,0.7528089887640449,0.4606741573033708,62.5,96.553242934254,180.9520142094898,54888.34794569806,0.5335847923885138,0.13333333333333333,2623.7169787337702,3086.320267720743,2097.3676759104787,1.4715208511931293,7807.404922364991,33.60549382058954,39.53068014801832,26.863826031392154,59.53908300966796,40.46091699033205,"1564800, 1580160",1564800,1580160
1677682029.0,68.59349855165755,874.7184684684685,166.16860558176367,118.02304438999987,167.7589333462327,0.8082191780821918,0.547945205479452,93.75,117.38412579525988,199.90899808679885,73721.06239099315,0.5871878050446366,0.13333333333333333,2483.939945713687,4539.108872221997,5580.7491219494395,0.8133511779573454,12603.797939885124,19.70786867229265,36.01381816712438,44.27831316058296,44.85348386149599,55.146516138504005,"1566720, 1582080",1566720,1582080
1677682059.0,73.95770392749245,811.2745098039215,177.380710259906,124.1171274662546,190.20131224338195,0.835820895522388,0.6417910447761194,109.375,133.47785398922613,206.18045804401086,86458.27939613545,0.6473836330343888,0.0,3103.693863732825,5525.857268892374,7225.629690676966,0.7647578834578581,15855.180823302164,19.57526626988299,34.8520608530121,45.57267287710492,43.33500309738779,56.6649969026122,"1568640, 1584000",1568640,1584000
1677682089.0,77.13907284768213,777.815934065934,180.39423244799474,125.72533496999054,201.42229342895135,0.875,0.6964285714285714,125.0,141.31586513353938,206.5949659130373,91719.25726296104,0.6840237588026415,0.26666666666666666,2720.0837359327384,4642.222696996365,8457.036265292578,0.5489183859891801,15819.34269822168,17.194669764872813,29.345231249830736,53.46009898529646,35.43881917565504,64.56118082434496,"1570560, 1585920",1570560,1585920
1677682119.0,74.95268138801262,800.5050505050505,172.59560090502055,118.64944573078387,197.02375332685142,0.85,0.75,125.0,137.83645310228874,192.2771076106334,83260.98458190584,0.716863566417961,0.2,2950.1788751390277,4238.1101216277875,6738.675080649823,0.6289233522770026,13926.964077416638,21.183215945267712,30.430969004221986,48.3858150505103,38.60975726069968,61.39024273930033,"1572480, 1587840",1572480,1587840
1677682149.0,73.78995433789954,813.1188118811881,174.36623871335817,110.45197696016909,177.38561822223167,0.8,0.7166666666666667,125.0,124.3062072016982,205.32751866153953,80184.39321804396,0.6054045167058376,0.13333333333333333,1653.828423015917,5860.6443523613325,7984.351523621661,0.7340163236829751,15498.82429899891,10.670670181884311,37.81347694056948,51.5158528775462,42.33041602076481,57.669583979235185,"1574400, 1589760",1574400,1589760
1677682179.0,75.70307785153892,792.5701530612245,187.88200632101857,125.85901425811943,192.07132086573245,0.7678571428571429,0.6785714285714286,156.25,133.44639765656004,221.04695568297063,92670.4486074609,0.6037015856845872,0.23333333333333334,891.8257924548855,8452.635852473342,9931.910448543189,0.8510584037447875,19276.372093471415,4.6265230206721935,43.849723441145386,51.52375353818243,45.976853135646714,54.02314686435327,"1576320, 1591680",1576320,1591680
1677682209.0,77.7327935222672,771.875,188.88468965705533,123.1611910354586,191.67927535931662,0.8,0.6727272727272727,171.875,133.4129747189047,224.70549338003573,94180.63845557153,0.593723690115882,0.13333333333333333,1069.2256018075896,9755.186513889885,9857.769685211819,0.9895936733563755,20682.181800909293,5.169791137608997,47.167105520081044,47.66310334230995,49.73848110840468,50.26151889159532,"1578240, 1593600",1578240,1593600
1677682239.0,76.3062536528346,786.3051470588235,166.11276915163225,117.86059082796665,169.61490568295793,0.7258064516129032,0.5645161290322581,156.25,118.20281848914313,188.55859573725292,70020.3117588033,0.6268757890722357,0.13333333333333333,3755.4323755552455,9961.346473199215,6286.014423923993,1.5846839987015058,20002.793272678453,18.77453975732849,49.79977714815102,31.42568309452048,61.31055090284227,38.68944909715773,"1580160, 1595520",1580160,1595520
1677682269.0,74.33590249148592,807.1469907407408,172.11370782903182,111.3664942070416,158.5649409077386,0.7014925373134329,0.5373134328358209,171.875,110.53514059426041,202.27163327505104,70240.11629151528,0.546468819203895,0.13333333333333333,,,,,,,,,,,"1582080, 1597440",1582080,1597440
1677682299.0,80.10157808815526,749.0489130434783,177.10408900194776,122.69153110771565,176.19569198763062,0.76,0.56,140.625,124.48243545219988,212.46149569457936,83087.97675422346,0.5859058604724671,0.16666666666666666,3141.2870531861945,4498.082638956942,6651.79274632387,0.6762211046702888,14291.162438467007,21.98062660550905,31.47457499223167,46.54479840225928,40.34199920202657,59.658000797973436,"1584000, 1599360",1584000,1599360
1677682329.0,81.83163085593519,733.2128099173553,165.4590585709309,130.98964046500038,192.0419771781045,0.8048780487804879,0.6097560975609756,125.0,135.74544533014583,182.1066729818583,77660.64610145437,0.7454171948090499,0.2,1508.4242928950375,4349.557219655821,10268.524758839629,0.42358150969169334,16126.506271390488,9.353695509182197,26.97147879681931,63.67482569399849,29.754636935641912,70.24536306435809,"1585920, 1601280",1585920,1601280
1677682359.0,87.1092611862643,688.7901376146789,151.2995662212636,124.75579917383331,188.93733990972288,0.8378378378378378,0.6216216216216216,109.375,133.5825213057536,157.49339772980585,66093.97342314984,0.8481785473631503,0.23333333333333334,432.37912690127513,4000.142069466102,8635.81232069631,0.463203914225821,13068.333517063687,3.308601868300236,30.60942747017441,66.08197066152535,31.65682580003905,68.34317419996094,"1587840, 1603200",1587840,1603200
1677682389.0,85.76944917660421,699.5497881355932,159.27177376543312,123.76772975107193,192.36843616969756,0.875,0.6375,125.0,135.9532138906157,177.50865646530363,75815.6544529347,0.7658962475285791,0.2,2419.1865223872833,4650.366938983399,9568.82802663771,0.4859912756335159,16638.381488008392,14.539794775897153,27.949635259505317,57.51056996459753,32.70485389803688,67.29514610196313,"1589760, 1605120",1589760,1605120
1677682419.0,86.0952380952381,696.9026548672566,167.0304761406308,123.70107797686082,188.92849825405284,0.8481012658227848,0.6329113924050633,125.0,133.55044928005364,185.46784801445193,77815.09624565374,0.720073321116268,0.23333333333333334,3432.1397365328808,4397.5659711015305,8663.845927870878,0.5075766591087364,16493.55163550529,20.808979244619408,26.662334882651905,52.52868587272869,33.668381374968384,66.33161862503162,"1591680, 1607040",1591680,1607040
1677682449.0,83.83679312813172,715.6762295081967,171.04212490594466,134.01847022996816,203.03620218154893,0.8409090909090909,0.6477272727272727,148.4375,143.4667331455575,188.1642830259282,84808.28322378597,0.7624546531277056,0.2,3111.8298707227887,4001.2586355051417,10390.959106969816,0.38507115602266845,17504.04761319775,17.77777311561083,22.859047940936026,59.363178943453136,27.801543216626357,72.19845678337364,"1593600, 1608960",1593600,1608960
1677682479.0,81.8276060664235,733.2488738738739,186.05996978922167,135.67370736876032,214.6975040911911,0.8701298701298701,0.6883116883116883,171.875,151.72615527957788,211.95645728758544,101031.54110757574,0.7158364374514609,0.16666666666666666,1754.1838524062855,7713.3421948165615,6278.906673516792,1.2284530724672083,15746.432720739638,11.140198440602033,48.984695972804765,39.8751055865932,55.12582192754633,44.87417807245366,"1595520, 1610880",1595520,1610880
1677682509.0,88.49102592510526,678.0348557692307,177.44496155153934,129.15274351317692,204.18609285453968,0.8648648648648649,0.6756756756756757,164.0625,144.2515428485653,203.21370915455344,92092.30484471426,0.7098514339839903,0.16666666666666666,,,,,,,,,,,"1597440, 1612800",1597440,1612800
1677682539.0,84.20283234353586,712.5651041666666,174.81620461749006,127.87619637851022,198.8086707046463,0.8333333333333334,0.6666666666666666,156.25,139.43314836433203,195.44323849742173,85612.37728721305,0.7134201696426117,0.16666666666666666,917.025590150638,9076.651566222863,11381.577096813788,0.7974862788359817,21375.25425318729,4.290127168961741,42.4633618796344,53.24651095140385,44.36675195943185,55.63324804056814,"1599360, 1614720",1599360,1614720
1677682569.0,91.01429069362146,659.2371323529412,158.4916713861075,113.27589205232432,174.40589975281725,0.7692307692307693,0.6153846153846154,140.625,119.540164551471,169.02493613421134,63476.72364508048,0.7072338986512154,0.26666666666666666,0.0,5219.815210815376,6422.97820619776,0.8126783313352349,11642.793417013138,0.0,44.83301407021337,55.16698592978662,44.83301407021337,55.16698592978662,"1601280, 1616640",1601280,1616640
1677682599.0,86.39708117968988,694.4679054054054,167.28637302543373,119.96945915920594,184.84604879724202,0.8095238095238095,0.6666666666666666,156.25,129.24816046160868,182.69210149044613,74181.2273932072,0.707464413661954,0.13333333333333333,1732.2308273549568,5815.103247456678,8038.7942958223375,0.7233800285794992,15586.128370633973,11.113926346318792,37.309478718351826,51.57659493532938,41.97449294893752,58.02550705106248,"1603200, 1618560",1603200,1618560
1677682629.0,88.72358410819949,676.2576219512196,147.14869717610608,110.95040461373098,178.8514669277896,0.8222222222222222,0.6666666666666666,117.1875,123.4412847130365,157.4483368628078,61058.81664967797,0.7840113599967509,0.2,1110.9086736385887,3827.5746728346166,7270.030085376724,0.5264867721157823,12208.51343184993,9.099458995068288,31.35168498769987,59.548856017231834,34.49009724375449,65.50990275624551,"1605120, 1620480",1605120,1620480
1677682659.0,91.07501933488012,658.7975543478261,150.59884519718372,114.41177677313684,183.62890927660433,0.8653846153846154,0.6923076923076923,132.8125,127.48461019559721,158.92336700456158,63649.55778297811,0.8021766251147826,0.16666666666666666,1107.7234113662373,3013.788896605052,7228.478655633705,0.4169326687097812,11349.990963604994,9.759685403435785,26.553227278057754,63.68708731850645,29.42501629872281,70.57498370127719,"1607040, 1622400",1607040,1622400
1677682689.0,91.15416098226466,658.2255747126437,154.36733232747008,110.96320657192851,181.00444854760266,0.8695652173913043,0.717391304347826,140.625,126.91196552684016,162.02356638849463,64599.71921877255,0.7832932477398685,0.16666666666666666,626.2824769704938,1757.2509424126133,5986.105930032483,0.293554935871821,8369.639349415591,7.482789291443291,20.99553958122835,71.52167112732835,22.693658207409104,77.30634179259091,"1608960, 1624320",1608960,1624320
1677682719.0,92.00977995110024,652.1045918367347,157.3708367504198,116.95256800763396,188.29403627630435,0.8703703703703703,0.7037037037037037,125.0,131.4982404062437,170.61653474681856,70484.06310089616,0.7707238961415825,0.13333333333333333,,,,,,,,,,,"1610880, 1626240",1610880,1626240
1677682749.0,90.63016285107388,662.03125,163.97549776471942,118.4449709405932,188.77364488887116,0.8703703703703703,0.7037037037037037,125.0,132.0300800317072,188.92349446982135,78362.58054617252,0.6988547422448704,0.16666666666666666,992.7466712398804,2419.279677423613,14316.742747860832,0.16898254861673023,17728.769096524324,5.599636758958667,13.64606682083702,80.75429642020431,14.4555236360619,85.54447636393809,"1612800, 1628160",1612800,1628160
1677682779.0,91.92411924119241,652.7122641509434,171.04596126112287,133.39415706888283,216.1046158202401,0.9322033898305084,0.7627118644067796,148.4375,152.39540390908365,193.67911699970497,92726.64326511812,0.7868447887921536,0.13333333333333333,616.2767733381141,6386.848663900464,12587.448321067652,0.5073982034318087,19590.57375830623,3.145782154934683,32.60164170124163,64.25257614382369,33.66052860330095,66.33947139669903,"1614720, 1630080",1614720,1630080
1677682809.0,90.7220136895562,661.3609813084112,170.89348704858773,125.19419626687448,209.18947907397717,0.9354838709677419,0.7741935483870968,156.25,146.68518634642902,190.7504903136739,87902.6145018263,0.768989825951257,0.16666666666666666,525.8556247278656,5522.961322437046,12757.296015134012,0.4329257011740688,18806.112962298925,2.796195182821996,29.367904646266144,67.83590017091186,30.212711016303974,69.78728898369604,"1616640, 1632000",1616640,1632000
1677682839.0,88.06981936269536,681.2776548672566,181.66553658637943,128.60257286145242,206.60086948227817,0.8787878787878788,0.7121212121212122,171.875,144.90231966135698,217.61593629692254,99064.01068075883,0.6658626299484214,0.13333333333333333,710.650531325846,6042.641645001746,11986.297389832129,0.5041291274925037,18739.58956615972,3.792241707412585,32.24532545746708,63.96243283512033,33.51634632147074,66.48365367852927,"1618560, 1633920",1618560,1633920
1677682869.0,85.63380281690141,700.6578947368421,197.55108506308682,129.65977070169066,192.57545221947476,0.8169014084507042,0.6338028169014085,203.125,135.36656733641783,249.1581110302836,105958.62610035727,0.5432958484741638,0.13333333333333333,1792.1788680551263,6463.736925915591,11630.514385375709,0.5557567543223316,19886.430179346426,9.0120692949529,32.50325406632647,58.48467663872063,35.72259948595964,64.27740051404037,"1620480, 1635840",1620480,1635840
1677682899.0,79.85242327687405,751.3860887096774,189.58862844939506,128.07735394576983,185.63525855491463,0.775,0.6,156.25,130.7981433235006,235.06912188849833,96593.30743484444,0.5564241797165637,0.16666666666666666,2410.8574757664956,9000.548467393246,11202.505745040891,0.8034406473192478,22613.911688200635,10.660948486079123,39.80093577569556,49.53811573822531,44.550434665733775,55.449565334266225,"1622400, 1637760",1622400,1637760
1677682929.0,81.76316772506537,733.8267543859649,184.66805323951678,134.12211766451662,197.2178517868827,0.7611940298507462,0.6268656716417911,171.875,138.39551578602658,223.10663307601624,97002.82303519417,0.6203110767167235,0.13333333333333333,4451.458984957098,9378.1429024486,9190.886776607233,1.020374108657064,23020.488664012933,19.33694392819687,40.738244262855716,39.924811808947396,50.504216238214575,49.49578376178542,"1624320, 1639680",1624320,1639680
1677682959.0,80.05751258087706,749.4612068965517,181.63801542066352,138.02225459271355,200.44856775341134,0.7424242424242424,0.6212121212121212,156.25,141.07226596953964,223.53851034616466,99070.38880903817,0.6310870809288279,0.13333333333333333,,,,,,,,,,,"1626240, 1641600",1626240,1641600
1677682989.0,77.5681506177682,773.5133495145631,175.21270699334593,143.20601519009824,203.21986651097092,0.7368421052631579,0.5964912280701754,125.0,143.1275477884737,220.86389441444973,99311.10837160774,0.6480350632588944,0.13333333333333333,,,,,,,,,,,"1628160, 1643520",1628160,1643520
1677683019.0,73.10108509423186,820.78125,162.3866040647673,128.05411514261726,171.77166315013557,0.6909090909090909,0.5272727272727272,85.9375,121.2332782198596,211.81220728991238,80671.97838119851,0.5723620926811114,0.2,2213.87026578122,5628.255605237281,9280.057645722549,0.6064892935047133,17122.18351674105,12.929836101900378,32.87113235139845,54.199031546701164,37.7524640815749,62.24753591842511,"1630080, 1645440",1630080,1645440
1677683049.0,75.07460126907907,799.2050438596491,172.22642074307808,130.50661516769333,176.41559979948468,0.746268656716418,0.582089552238806,117.1875,124.72624532986895,226.4163521930435,88718.7697149245,0.5508711898314077,0.23333333333333334,2724.905178842114,3623.3514152403714,8403.05736184176,0.43119441641491,14751.313955924245,18.472287872008653,24.562906233754212,56.964805894237145,30.128290850591522,69.87170914940849,"1632000, 1647360",1632000,1647360
1677683079.0,79.46733849199208,755.0271739130435,171.54176968095584,139.85513906093846,205.68795737060464,0.8333333333333334,0.7083333333333334,140.625,144.91125789388488,202.70671325015283,92282.66565259607,0.7148813947521081,0.26666666666666666,2991.9623760272107,2537.824237732391,8829.07096337544,0.287439556014414,14358.85757713504,20.837050301213335,17.6742768294715,61.488672869315174,22.326450563959202,77.6735494360408,"1633920, 1649280",1633920,1649280
1677683109.0,76.05136933312703,788.9404296875,165.01301215622377,134.18126496609565,185.62837676045365,0.7790697674418605,0.627906976744186,117.1875,130.96804353231875,199.01730637743503,81885.32111841154,0.6580736415150685,0.26666666666666666,6018.076586582647,4432.570760415881,9395.45206797787,0.47177833789639856,19846.0994149764,30.323724882891824,22.33472012677183,47.34155499033634,32.0549858459466,67.94501415405341,"1635840, 1651200",1635840,1651200
1677683139.0,76.29947544110634,786.375,171.4457822461667,132.9871447399709,186.3321473005854,0.8235294117647058,0.6470588235294118,125.0,131.30353991201304,209.4662463208592,86405.2950530415,0.6268482021245706,0.26666666666666666,6567.458923133196,4324.659541772013,9264.396626708338,0.46680423086641687,20156.515091613546,32.58231342711467,21.45539306827577,45.962293504609555,31.82457624837115,68.17542375162884,"1637760, 1653120",1637760,1653120
1677683169.0,73.90440132513015,811.859631147541,158.5435856142188,123.52473410150104,167.78802304059755,0.8255813953488372,0.5930232558139535,117.1875,118.34980817157492,195.028821502739,72513.05917482646,0.6068324017940744,0.23333333333333334,8296.255229412205,3888.7644527739435,7102.125966847991,0.5475493494379436,19287.145649034137,43.01442722722253,20.162467394280736,36.82310537849675,35.38170525139045,64.61829474860956,"1639680, 1655040",1639680,1655040
1677683199.0,71.92988485994157,834.1456422018349,149.02907914798934,81.07383973397326,115.90695906306306,0.8082191780821918,0.5342465753424658,109.375,81.53476880229815,190.27591306260751,48738.990693013264,0.4285080937988736,0.23333333333333334,7211.895393087586,3325.9522684490134,3196.0395642898816,1.0406480275183942,13733.887225826482,52.5116835059317,24.217122317668245,23.27119417640004,50.995958807453576,49.004041192546424,"1641600, 1656960",1641600,1656960
1677683229.0,73.24780553679946,819.137168141593,156.74431363678653,113.23257979249985,153.0233240238641,0.8125,0.5625,109.375,108.19316501429536,194.67351529515523,66169.30443712445,0.5557672539598298,0.26666666666666666,7301.180712789783,2730.355515831047,2711.680190005074,1.0068869942314023,12743.216418625903,57.29464581734748,21.425952649130796,21.27940153352174,50.1715840067527,49.8284159932473,"1643520, 1658880",1643520,1658880
1677683259.0,62.483683504693786,960.2506868131868,134.33720174831225,88.67450274044003,120.6788384782171,0.7548387096774194,0.4967741935483871,109.375,85.30602648650769,162.82713534547207,43637.14896521597,0.5239054676329776,0.13333333333333333,1027.3569116555877,5629.8024653185075,4876.391208723366,1.1545018076579594,11533.550585697461,8.907551096447209,48.81239669854935,42.28005220500343,53.58555762424516,46.414442375754845,"1645440, 1660800",1645440,1660800
1677683289.0,61.35857629685725,977.8584123222748,132.74517642262765,79.7695509715068,111.15857276256794,0.7575757575757576,0.494949494949495,109.375,78.60048540743317,162.937322554152,40234.228340458074,0.4823970602641418,0.13333333333333333,1764.6482109582244,4236.536208717827,4914.416265038727,0.8620629552398005,10915.60068471478,16.166295029730048,38.81175512997915,45.021949840290794,46.29612295405888,53.70387704594111,"1647360, 1662720",1647360,1662720
1677683319.0,60.98346324761419,983.8732798165138,125.64686780742366,77.2073504908019,108.30711596943769,0.7607655502392344,0.4880382775119617,85.9375,76.56104689272519,156.96810998237274,37754.538425124345,0.487749052347785,0.13333333333333333,1763.1797935668496,4235.862334958125,4783.416714366236,0.885530696549264,10782.45884289121,16.352297924413595,39.28475310388775,44.36294897169864,46.96453354855936,53.03546645144065,"1649280, 1664640",1649280,1664640
1677683349.0,59.622088765197006,1006.3384433962265,122.3890477113848,78.61572837738902,109.11078220087914,0.7536945812807881,0.4729064039408867,93.75,77.0861199730484,150.4637315527847,36438.28157876785,0.5123235957098774,0.13333333333333333,2380.0525503725185,5029.323952166875,4619.690270094361,1.088671243768069,12029.066772633754,19.785845364057348,41.80976003565494,38.404394600287716,52.122671148765896,47.87732885123411,"1651200, 1666560",1651200,1666560
1677683379.0,58.95988112927192,1017.641129032258,122.80431857843317,73.98542547763428,101.81116536439971,0.7380952380952381,0.4238095238095238,78.125,71.75836872054882,153.43820645033665,34590.4286112105,0.46766949627878274,0.16666666666666666,5066.374088626015,5472.65589049213,4238.454012624117,1.2911915227089823,14777.483991742263,34.28441601734863,37.03374602571236,28.681837956939003,56.35458711816227,43.645412881837714,"1653120, 1668480",1653120,1668480
1677683409.0,58.59282283130828,1024.0162037037037,124.98057440793802,76.30206940554766,101.68175966320479,0.7033492822966507,0.3827751196172249,78.125,71.7784724877312,158.85987179559524,35822.69804369431,0.45183514046951045,0.16666666666666666,6924.648007193387,4227.602794061753,3344.4006839079116,1.2640838205791256,14496.651485163053,47.76722413641926,29.162615921260127,23.070159942320604,55.832023933450834,44.16797606654916,"1655040, 1670400",1655040,1670400
1677683439.0,58.45626072041167,1026.4084507042253,124.19760296536107,73.34003870218255,96.90736137215141,0.6666666666666666,0.3627450980392157,78.125,68.505849948444,160.1462955131897,34466.281339094705,0.42777043158517414,0.16666666666666666,5691.287267425845,3064.52776026073,2796.3037266992865,1.095920922681046,11552.118754385861,49.26617695360082,26.527841562373617,24.205981484025564,52.28827628091871,47.711723719081284,"1656960, 1672320",1656960,1672320
1677683469.0,58.089612447774094,1032.8869047619048,113.00160597759104,70.79280396869444,92.59707743768159,0.64,0.32,78.125,65.4760213742405,139.703534803951,28736.875692258192,0.46867834422460697,0.16666666666666666,2376.770557741427,3192.2500986616265,2602.549042326249,1.2265859535189707,8171.569698729303,29.085850642759862,39.06532302059454,31.84882633664559,55.08819237723265,44.911807622767334,"1658880, 1674240",1658880,1674240
1677683499.0,58.83798708874543,1019.7493654822335,126.28363218503861,68.22241884166786,90.7657382635495,0.6630434782608695,0.31521739130434784,93.75,64.11899023185451,160.61753815952179,32354.114048372696,0.3992029199711239,0.16666666666666666,1762.3190929327486,3926.1218052525114,2922.7324854088015,1.3433052203213756,8611.173383594061,20.465493080075532,45.593342862338915,33.94116405758555,57.325234829509164,42.67476517049084,"1660800, 1676160",1660800,1676160
1677683529.0,58.310760896330954,1028.9695945945946,126.06733643325771,77.997372643616,102.90314804328843,0.6745562130177515,0.3254437869822485,78.125,72.70134187391847,157.15092386727807,35892.95695101447,0.46262115477805554,0.16666666666666666,1641.5321892614586,4352.095115352449,3238.393415765759,1.3439056212765124,9232.020720379667,17.78085469021727,47.14130575709398,35.077839552688744,57.33616614412184,42.66383385587816,"1662720, 1678080",1662720,1678080
1677683559.0,92.60210035005834,647.9334677419355,182.6428541063677,119.96506295466732,173.5423207732309,0.8205128205128205,0.5128205128205128,156.25,121.79091803636547,202.7196082345949,77564.0602523043,0.60078508979469,0.23333333333333334,0.0,2606.291359320566,7240.921101462618,0.3599392014911076,9847.212460783183,0.0,26.46730097172371,73.5326990282763,26.46730097172371,73.5326990282763,"1664640, 1680000",1664640,1680000
1677683589.0,88.30257186081694,679.4819078947369,187.73103606301794,121.32969593056362,175.17823803635468,0.8043478260869565,0.5,156.25,123.02855961034733,210.77963750887864,81467.51427926277,0.5836833247479374,0.23333333333333334,3461.710057960417,3482.3627054184853,6292.8203656024825,0.553386637961829,13236.893128981385,26.151983129494415,26.30800650489548,47.54001036561011,35.62452672361839,64.37547327638161,"1666560, 1681920",1666560,1681920
1677683619.0,84.52830188679245,709.8214285714286,178.77592457454386,119.73327710414367,178.9299621990376,0.8235294117647058,0.5490196078431373,140.625,125.85312962516076,197.97356979595713,78274.64500270109,0.635706724664672,0.26666666666666666,4388.303462265507,3644.4890520843924,8117.885044451639,0.44894563450061475,16150.677558801539,27.171017725346385,22.565548961122545,50.263433313531074,30.9842980861974,69.0157019138026,"1668480, 1683840",1668480,1683840
1677683649.0,86.26215840666976,695.5541237113403,183.12817491989006,123.58021765792773,188.63030359194582,0.8620689655172413,0.603448275862069,156.25,133.19541459795258,203.34363305202845,85088.27619190072,0.6550262361245045,0.0,3859.521367820382,8383.343248923466,5305.575990018415,1.5801004951574293,17548.440606762262,21.99352896537782,47.772582400814336,30.233888633807837,61.241819771094484,38.75818022890551,"1670400, 1685760",1670400,1685760
1677683679.0,85.81005586592178,699.21875,176.98277628995035,122.27396708387711,187.96304880960787,0.8787878787878788,0.6060606060606061,140.625,132.49086246284463,199.70714471426032,83124.56820114897,0.6634257510036092,0.1,,,,,,,,,,,"1672320, 1687680",1672320,1687680
1677683709.0,86.12236867991345,696.6831140350877,174.53105494211138,124.45452571130352,194.7357555995523,0.8857142857142857,0.6571428571428571,140.625,136.6593803310323,189.79391063894803,81483.86005059857,0.7200409110648681,0.16666666666666666,5531.602418774431,8745.132679791106,4822.189406052989,1.8135191182689536,19098.924504618524,28.962900070298577,45.7886132681259,25.248486661575537,64.45732344569032,35.542676554309686,"1674240, 1689600",1674240,1689600
1677683739.0,85.248,703.8288288288288,173.37702849928235,127.66920151607825,186.44024181521527,0.8260869565217391,0.6231884057971014,125.0,131.20932972261988,190.30282975968922,78444.0189289923,0.6894765037824636,0.23333333333333334,8377.839504238445,9677.4373313641,4362.522963508361,2.21831206673614,22417.799799110908,37.371372656163665,43.16854204286324,19.46008530097311,68.92781124814435,31.072188751855652,"1676160, 1691520",1676160,1691520
1677683769.0,87.63963963963964,684.6217105263158,181.70605092299553,123.56800934575853,177.68193643619006,0.8285714285714286,0.6,164.0625,125.03547009504042,207.45387288503434,81490.06249915817,0.6027145618261458,0.2,2860.9926376941685,8500.003649888326,7609.270045443005,1.117059008173689,18970.266333025498,15.081457410608106,44.80698109699492,40.11156149239699,52.76466096886623,47.23533903113377,"1678080, 1693440",1678080,1693440
1677683799.0,78.39811542991754,765.3245192307693,170.07609697364322,130.8631388407896,186.5495831800466,0.8421052631578947,0.5789473684210527,117.1875,131.8864052218742,202.1640369403649,83763.30505114126,0.6523732272955084,0.2,1914.0179274864054,3549.0660555040017,7610.808605358656,0.46631918361541214,13073.892588349063,14.64000040196217,27.14620784529612,58.2137917527417,31.80202433590468,68.19797566409534,"1680000, 1695360",1680000,1695360
1677683829.0,81.66515837104072,734.7074468085107,176.0107282162216,112.32821003690835,164.5287652800927,0.8571428571428571,0.6326530612244898,140.625,116.07142857142857,207.7031393320781,75738.77264724571,0.5588332893989256,0.26666666666666666,1688.156665632775,3718.8177734739993,7943.736936623567,0.468144628043871,13350.711375730341,12.644694489475663,27.85482862159893,59.500476888925405,31.886819534095785,68.11318046590421,"1681920, 1697280",1681920,1697280
1677683859.0,82.58064516129032,726.5625,170.5545579061918,98.43918404399192,145.86433202288174,0.8518518518518519,0.6111111111111112,140.625,102.50327639340132,209.93748087003644,67604.81078658869,0.48825619879118604,0.23333333333333334,,,,,,,,,,,"1683840, 1699200",1683840,1699200
1677683889.0,82.1741921677723,730.15625,169.5993526806264,103.60918531312753,154.09450732423917,0.84,0.64,140.625,107.6935485097645,205.62464380668234,69568.83374904633,0.5237385291765534,0.23333333333333334,4087.58984986956,2504.82336743879,8511.933274614117,0.29427196931972477,15104.346491922468,27.06234163825313,16.583460719590377,56.354197642156485,22.73648632554373,77.26351367445626,"1685760, 1701120",1685760,1701120
1677683919.0,83.61809045226131,717.5480769230769,185.19076159840677,135.54368022381183,196.50131620357365,0.8421052631578947,0.6842105263157895,148.4375,133.707596606309,210.66493774319545,88490.81897065739,0.6346931674472621,0.26666666666666666,4132.6163936381845,3193.4210976622944,13842.428845911072,0.23069803234752417,21168.46633721155,19.522512060184326,15.085746160309471,65.3917417795062,18.74529951977527,81.25470048022471,"1687680, 1703040",1687680,1703040
1677683949.0,88.10196987253765,681.0290404040404,168.62325283844027,121.82471146910933,173.10774922787812,0.8225806451612904,0.6290322580645161,156.25,119.60867087035341,202.9579628172191,76263.83354334651,0.5893273129572707,0.26666666666666666,1655.1009209938018,6193.857032767079,9083.638241822857,0.6818696284325088,16932.596195583737,9.774643544771212,36.57948823218571,53.645868223043074,40.542359342561326,59.45764065743867,"1689600, 1704960",1689600,1704960
1677683979.0,83.0224939943219,722.695707070707,171.67176106887806,121.95500210799,182.82295668368903,0.8301886792452831,0.6981132075471698,156.25,128.97852088153903,205.94760092488985,83449.55057744114,0.626268625137217,0.23333333333333334,1210.6097170866315,2138.612325317945,13481.495160152834,0.15863317086958034,16830.71720255741,7.192858762445848,12.706602455378341,80.1005387821758,13.69140594779645,86.30859405220355,"1691520, 1706880",1691520,1706880
1677684009.0,88.20344544708779,680.2455357142857,176.4549165981988,118.78277418329974,186.74409467193675,0.873015873015873,0.7301587301587301,156.25,131.03690454018638,201.21287953283877,82832.21486993598,0.6512351736350983,0.3,1812.023928828903,2772.1598645213553,14397.605931760198,0.1925431129078306,18981.789725110455,9.546117384452055,14.604312368154337,75.84957024739361,16.145589272520656,83.85441072747935,"1693440, 1708800",1693440,1708800
1677684039.0,92.57473481195757,648.125,158.321888292491,119.64530721300605,188.17118598673852,0.8688524590163934,0.7540983606557377,125.0,131.79357284030036,179.8438499438825,74462.85700273082,0.7328222393005072,0.26666666666666666,480.3468403369492,3948.1434306664028,6242.2388094978405,0.6324883669396193,10670.729080501193,4.501537211873322,36.999753258480844,58.498709529645836,38.74382076763755,61.25617923236245,"1695360, 1710720",1695360,1710720
1677684069.0,88.18535985236826,680.3850446428571,172.97346315555112,134.45544828793774,204.10857120143345,0.828125,0.703125,140.625,142.85700448915048,198.62359099611572,89141.97284529149,0.7192348289179012,0.26666666666666666,3404.5505678861437,8625.621988396859,8449.326366521082,1.0208650505647783,20479.498922804087,16.624188808131183,42.11832535996356,41.257485831905235,50.51624057130749,49.4837594286925,"1697280, 1712640",1697280,1712640
1677684099.0,89.95486782720826,667.0011467889908,161.9335748185082,126.17467654596658,204.0290532431783,0.8461538461538461,0.7538461538461538,140.625,142.93993681348329,186.7862710136941,83878.06642269222,0.7652593310940061,0.23333333333333334,935.2955979954405,4485.245258974709,10605.235199498182,0.4229274669162398,16025.77605646833,5.8361953561552244,27.98769459382513,66.17611005001964,29.72234894255051,70.27765105744948,"1699200, 1714560",1699200,1714560
1677684129.0,84.70051340559041,708.3782327586207,178.74146535961577,119.22400189221236,178.31412048471122,0.7777777777777778,0.625,164.0625,125.24155248319292,224.81921432876217,88456.9052132057,0.5570767287712658,0.26666666666666666,,,,,,,,,,,"1701120, 1716480",1701120,1716480
1677684159.0,81.06382978723404,740.1574803149606,180.1888562603771,137.3833329401827,201.62073579717702,0.8024691358024691,0.6296296296296297,171.875,141.84616858054642,221.15577613346727,98552.07414411385,0.6413857736862474,0.26666666666666666,913.0523180360938,7017.623774174625,10953.004528817777,0.6407030834061089,18883.680621028496,4.8351395914805755,37.16237271223459,58.00248769628484,39.05051985859658,60.94948014140343,"1703040, 1718400",1703040,1718400
1677684189.0,76.49902024820379,784.3237704918033,170.67904683111172,120.05661971529442,164.99896063974197,0.7439024390243902,0.5121951219512195,156.25,115.6918297709846,216.4677757418806,78676.64231947003,0.5344528966239172,0.23333333333333334,1741.6909553735245,6217.67857648053,9001.225618759881,0.6907591076843992,16960.595150613935,10.269043862593932,36.65955422711369,53.07140191029238,40.85496890390478,59.145031096095224,"1704960, 1720320",1704960,1720320
1677684219.0,75.85492227979275,790.983606557377,171.3891216865427,120.49133325749841,164.27559476862461,0.7317073170731707,0.5,156.25,114.99141336548348,216.71386822780303,78289.22407087094,0.5306140041052103,0.0,1872.4757055429282,6498.2225273727145,9553.782346454856,0.680172762129548,17924.480579370498,10.446471222703005,36.253337989897446,53.30019078739955,40.48231095399129,59.517689046008705,"1706880, 1722240",1706880,1722240
1677684249.0,73.17073170731707,820.0,157.99772545831158,107.7432363405586,149.8206602356088,0.7469879518072289,0.5060240963855421,125.0,104.78812688450505,194.82231363961588,64135.81923689716,0.5378651188710504,0.23333333333333334,3805.084056261264,5195.095176164021,7318.7713751395995,0.7098315973922507,16318.950607564886,23.316965335365143,31.834738036131807,44.84829662850304,41.51470814288671,58.48529185711329,"1708800, 1724160",1708800,1724160
1677684279.0,74.52434586726737,805.1060267857143,156.20758103650434,118.1531509532553,161.9324502160423,0.7391304347826086,0.5217391304347826,125.0,112.44455002051596,193.75789221582684,68445.9388438616,0.58033532845859,0.23333333333333334,1072.0102676672507,7031.667413529722,9528.45041916967,0.7379654722643219,17632.128100366645,6.079868870989879,39.87985666564835,54.040274463361776,42.46145760898563,57.53854239101438,"1710720, 1726080",1710720,1726080
1677684309.0,71.82364729458918,835.3794642857143,148.21600855549892,104.40662343057107,144.79036335561898,0.7536231884057971,0.5072463768115942,109.375,100.00447145275055,181.78249959628343,57111.210114880494,0.5501325577261187,0.2,1498.5635418277943,5304.39100455006,7019.648872952849,0.7556490503375765,13822.603419330702,10.841398659619184,38.374760843763696,50.78384049661713,43.041008121314455,56.95899187868554,"1712640, 1728000",1712640,1728000
1677684339.0,71.21614967996061,842.5055309734513,146.87208139576214,105.3110238799232,143.84944153647987,0.7714285714285715,0.4857142857142857,109.375,98.32646292602702,168.554796040267,52066.861958186106,0.58335013441289,0.2,969.7149786582418,4221.259316075591,7504.6856519091225,0.5624831621030978,12695.659946642954,7.638161251433473,33.249624941252435,59.1122138073141,35.99931031231064,64.00068968768937,"1714560, 1729920",1714560,1729920
1677684369.0,72.28915662650603,830.0,155.85700577773204,124.80621001183889,175.18042817954486,0.8192771084337349,0.5662650602409639,109.375,122.00320283402421,179.1513030887771,68665.89357548156,0.6810065052865757,0.2,1232.3850710150311,4342.583617368061,7806.869327696102,0.556251608050113,13381.838016079193,9.209385657891213,32.451324041960085,58.33929030014872,35.74303828331858,64.25696171668142,"1716480, 1731840",1716480,1731840
1677684399.0,73.15508021390374,820.1754385964912,150.84178793969105,133.36637956763911,193.16227102213458,0.8428571428571429,0.6285714285714286,109.375,135.13076504154887,155.28881656366917,65924.11199107124,0.8701899340326584,0.2,345.0833035247065,2444.567458131424,8971.401419616857,0.2724844585357796,11761.052181272988,2.9341193135268915,20.785278565670218,76.2806021208029,21.413578508402498,78.5864214915975,"1718400, 1733760",1718400,1733760
1677684429.0,75.96081386586285,789.8809523809524,161.63317557578338,141.7575918381446,219.19597395937728,0.9166666666666666,0.7166666666666667,140.625,153.80729510584916,159.9471449970531,77286.43940922168,0.961613257358754,0.23333333333333334,275.77369905541127,2494.131959465826,6987.085517678695,0.35696313622542386,9756.991176199932,2.82642152765395,25.56251117198631,71.61106730035974,26.306030480560068,73.69396951943993,"1720320, 1735680",1720320,1735680
1677684459.0,78.34092058674759,765.88326446281,171.92762472769923,133.90104386501957,211.7687263369922,0.918918918918919,0.7432432432432432,140.625,149.44738295365678,183.55710798535955,86180.57622977684,0.8141737718246065,0.16666666666666666,586.3579977148615,4054.855849179039,9977.567116536173,0.4063972511353779,14618.780963430074,4.010991061304482,27.737304904715042,68.25170403398047,28.89633429013711,71.1036657098629,"1722240, 1737600",1722240,1737600
1677684489.0,81.58343925912475,735.4433760683761,174.4444987531166,143.56148130744324,220.2757004636317,0.9230769230769231,0.7051282051282052,140.625,155.4603340392885,181.6353711360983,88709.45168779338,0.8558924017217054,0.26666666666666666,823.2520237427033,2970.1823599184945,12681.313153423287,0.23421725526245693,16474.747537084484,4.997053957212829,18.028697272796716,76.97424876999047,18.976987581708254,81.02301241829174,"1724160, 1739520",1724160,1739520
1677684519.0,81.031652989449,740.4513888888889,171.8859599479773,143.55360980793515,217.60862948192104,0.92,0.68,140.625,153.49629021937668,176.82800219736438,85270.49746902079,0.8680542013252726,0.26666666666666666,1282.4214805246074,2343.374380854259,13465.795863782485,0.1740242021013391,17091.59172516135,7.503230249975451,13.710685455962919,78.78608429406164,14.822880294108087,85.17711970589191,"1726080, 1741440",1726080,1741440
1677684549.0,82.44274809160305,727.7777777777778,162.92974987724534,150.62576269177504,218.66897981162037,0.9193548387096774,0.6612903225806451,117.1875,153.61256516421435,165.91171353592478,80067.0196348477,0.9258693186298308,0.23333333333333334,836.10541140382,4128.244912538829,8576.063785358827,0.48136826122802695,13540.414109301477,6.17488804001544,30.488320956911984,63.33679100307258,32.49484100793286,67.50515899206712,"1728000, 1743360",1728000,1743360
1677684579.0,84.02387041773231,714.0827922077922,167.6836372332584,153.91920251553432,234.39542394670775,0.9215686274509803,0.7450980392156863,125.0,165.31375585127319,169.11292929978276,87828.54293572222,0.9775346955183133,0.23333333333333334,1832.4692659539999,3045.257297558682,9340.180968472829,0.3260383613377245,14217.907531985511,12.888459584025005,21.41846323523962,65.69307718073536,24.58740039834239,75.41259960165763,"1729920, 1745280",1729920,1745280
1677684609.0,78.67219917012447,762.6582278481013,171.45330802010412,149.8985622248296,213.92355696707745,0.8571428571428571,0.6964285714285714,140.625,151.26563979761727,194.57439853585342,92464.67722264928,0.7774180001884686,0.26666666666666666,2071.4439999938054,5681.460534752522,6969.262923931912,0.815216845276826,14722.16745867824,14.070237998636243,38.59119623994961,47.338565761414145,44.91016306938816,55.08983693061183,"1731840, 1747200",1731840,1747200
1677684639.0,79.56379498364231,754.1118421052631,160.1561180409564,132.58982609337366,184.97350854551135,0.8363636363636363,0.6727272727272727,125.0,130.73430270167262,179.66543387687372,73791.09552357554,0.7276541729850271,0.23333333333333334,4079.4447582651324,3936.8186200240048,2738.57614930088,1.437542140659123,10754.839527590017,37.93124711716892,36.60508936395242,25.463663518878647,58.97506823288826,41.02493176711174,"1733760, 1749120",1733760,1749120
1677684669.0,80.2458512599877,747.7022058823529,166.2529868006409,109.71204482648862,155.39849502306893,0.8260869565217391,0.6739130434782609,109.375,109.5036207008579,194.75789641949243,66999.78776563393,0.5622551008920128,0.2,2776.8991039176576,942.2059870518808,5583.79993378554,0.16873920953917698,9302.905024755079,29.849806017887044,10.128083480855343,60.02211050125761,14.437712721703699,85.56228727829631,"1735680, 1751040",1735680,1751040
1677684699.0,81.27573209625979,738.2277397260274,177.77243748726949,116.23188628428629,158.92000655689188,0.8085106382978723,0.6170212765957447,109.375,110.62489130234843,206.63621765606487,71814.00927061324,0.535360608886472,0.23333333333333334,2652.9515865815165,709.626202012325,10638.28998319331,0.06670491245617612,14000.86777178715,18.948479693004618,5.068444424868276,75.98307588212711,6.253361325821829,93.74663867417817,"1737600, 1752960",1737600,1752960
1677684729.0,79.95373048004626,750.4340277777778,182.3283486571816,117.4745208556634,174.334536130409,0.8292682926829268,0.7073170731707317,132.8125,122.93217321366727,209.18333687588938,80787.19297895703,0.5876767004945723,0.16666666666666666,3920.294326198625,1280.6214199784715,13921.472415661876,0.09198893491594698,19122.38816183897,20.50107075026353,6.696974295993561,72.80195495374291,8.423980497845209,91.57601950215478,"1739520, 1754880",1739520,1754880
1677684759.0,81.25534950071327,738.4129213483146,186.18641117609596,126.19508695299956,185.46209737754842,0.7924528301886793,0.6981132075471698,140.625,130.80556045351787,210.2943107377111,86417.87883505994,0.6220118841762898,0.16666666666666666,1909.6266280836726,3347.322756009578,15103.782486029759,0.2216214884652691,20360.73187012301,9.378968498110945,16.440090549600438,74.18094095228861,18.141583997813726,81.85841600218627,"1741440, 1756800",1741440,1756800
1677684789.0,77.89764868603044,770.2414772727273,167.44615272046664,115.45814714293225,160.28445267470818,0.7307692307692307,0.6153846153846154,132.8125,112.41354645746645,201.72937065837513,71242.2546852568,0.5572492795203167,0.2,705.2173813855304,4168.558896857771,6374.311188049357,0.6539622515877545,11248.087466292658,6.2696648074516474,37.0601571987217,56.67017799382667,39.53912799158325,60.46087200841674,"1743360, 1758720",1743360,1758720
1677684819.0,80.7766990291262,742.7884615384615,178.34894245696483,118.40923581462374,173.09637515189567,0.7903225806451613,0.6290322580645161,148.4375,121.66572928202919,221.4042374532816,84626.04897018998,0.5495185217839464,0.16666666666666666,1748.6808631452245,3769.7642673855485,9165.804939584252,0.4112856745516275,14684.250070115024,11.908547285666913,25.67216064412896,62.41929207020413,29.14262377688309,70.85737622311692,"1745280, 1760640",1745280,1760640
1677684849.0,82.88332315210751,723.9091981132076,175.62275609005883,125.85382132743753,183.9634227845825,0.8412698412698413,0.6349206349206349,132.8125,129.93688636770153,205.54142462881217,83903.81164733513,0.6321688516188643,0.13333333333333333,2339.9894882359113,6195.915716058691,12061.966500297924,0.5136737625581745,20597.871704592526,11.36034597066737,30.080368520196394,58.55928550913623,33.935566253724545,66.06443374627545,"1747200, 1762560",1747200,1762560
1677684879.0,85.47945205479452,701.9230769230769,192.82907087165268,123.51043042512899,182.04684932614535,0.8305084745762712,0.6271186440677966,164.0625,128.70354016319303,229.32318898115963,92723.18436992097,0.5612321228175788,0.13333333333333333,1095.3766104434135,8143.782811559389,13773.881706299537,0.5912482033176457,23013.04112830234,4.759808164146878,35.38768633904646,59.85250549680667,37.15625268797997,62.843747312020035,"1749120, 1764480",1749120,1764480
1677684909.0,87.47839748625296,685.8836206896551,184.51336741857887,130.04500820618705,193.0882970164467,0.8076923076923077,0.6346153846153846,156.25,136.13652576291346,214.64456288886183,91800.36918085787,0.6342416687880509,0.16666666666666666,2032.5401534477737,3163.7291234262043,13772.313204832004,0.22971661160858675,18968.582481705984,10.715298074634898,16.678785177951088,72.60591674741401,18.680451206404012,81.31954879359598,"1751040, 1766400",1751040,1766400
1677684939.0,91.15346038114343,658.2306338028169,179.4012680720677,139.18631348344243,206.16054457361352,0.8,0.6444444444444445,156.25,144.57834672263127,202.70909462762907,92071.74215752161,0.7132306865077644,0.16666666666666666,0.0,4230.524805876411,7149.328283861731,0.5917373825770497,11379.853089738142,0.0,37.1755660860975,62.824433913902496,37.1755660860975,62.824433913902496,"1752960, 1768320",1752960,1768320
1677684969.0,90.5526897568165,662.59765625,174.90490645805392,126.75697843219575,188.78255629439525,0.7906976744186046,0.627906976744186,148.4375,133.41794146535904,201.41404054778894,84421.65273054209,0.6624063600655652,0.16666666666666666,,,,,,,,,,,"1754880, 1770240",1754880,1770240
1677684999.0,89.85740402193784,667.724609375,178.99071311301822,124.52466036298219,186.81941699196418,0.8260869565217391,0.6304347826086957,148.4375,132.01390687790524,212.77202110731494,88243.77438426898,0.6204476800609133,0.3,0.0,7146.115613011169,3353.721835768406,2.130801528259081,10499.837448779575,0.0,68.05929756409498,31.940702435905024,68.05929756409498,31.940702435905024,"1756800, 1772160",1756800,1772160
1677685029.0,92.6939169616994,647.2916666666666,188.55904616031788,155.34085273720953,244.197756795634,0.9019607843137255,0.6862745098039216,140.625,172.025662706509,193.34438270400562,104489.98604470982,0.8897370603720417,0.23333333333333334,,,,,,,,,,,"1758720, 1774080",1758720,1774080
1677685059.0,88.55051244509517,677.5793650793651,187.2166672781559,167.08637520962702,248.71353229821617,0.8604651162790697,0.627906976744186,78.125,172.71530841714033,180.80235675628313,98103.5656293652,0.955271333381766,0.23333333333333334,0.0,8819.090042038279,9795.460039249341,0.900324232522122,18614.55008128762,0.0,47.37740103051816,52.62259896948185,47.37740103051816,52.62259896948185,"1760640, 1776000",1760640,1776000
1677685089.0,88.40287769784173,678.7109375,187.95805188496695,161.89275889758645,265.6883798625102,0.8620689655172413,0.7241379310344828,93.75,184.92302394370137,170.3472597725291,98963.71983706062,1.0855650052172006,0.16666666666666666,0.0,5155.384079187303,5340.798877008707,0.9652833214484849,10496.18295619601,0.0,49.1167513057118,50.883248694288206,49.1167513057118,50.883248694288206,"1762560, 1777920",1762560,1777920
1677685119.0,88.52005532503458,677.8125,166.5918126176974,132.86634363523402,229.0075501109352,0.90625,0.75,132.8125,158.64707914561663,176.8832104398211,88159.38776709621,0.8969029833365177,0.0,0.0,3022.70872365681,4105.277110528081,0.7362983404713416,7127.98583418489,0.0,42.406211150985925,57.59378884901408,42.406211150985925,57.59378884901408,"1764480, 1779840",1764480,1779840
1677685149.0,87.27272727272727,687.5,164.7162827541583,132.63887961379982,226.0423524238007,0.8928571428571429,0.75,109.375,157.95269649095184,171.41055057810703,85057.86293793542,0.9214875978067475,0.2,0.0,2578.4287057697543,4044.220824163557,0.637558832189396,6622.649529933311,0.0,38.933491710767285,61.066508289232715,38.933491710767285,61.066508289232715,"1766400, 1781760",1766400,1781760
1677685179.0,85.36720921000398,702.8459821428571,171.73520774680702,126.5245045637486,226.56634848948144,0.9142857142857143,0.8,109.375,159.51811801325198,178.8234828265127,89615.76964841691,0.892042339696571,0.16666666666666666,0.0,3067.1496596906973,6889.8139821623545,0.4451716211252598,9956.963641853052,0.0,30.80406607892245,69.19593392107755,30.80406607892245,69.19593392107755,"1768320, 1783680",1768320,1783680
1677685209.0,82.55105696882838,726.8229166666666,169.93439648947782,140.34335610176436,231.64813267495785,0.8974358974358975,0.7435897435897436,109.375,162.59511452962548,174.0525903860252,88907.38898273931,0.9341723335976294,0.16666666666666666,0.0,2246.356804597078,7866.144563434168,0.2855727842886697,10112.501368031246,0.0,22.2136613172534,77.7863386827466,22.2136613172534,77.7863386827466,"1770240, 1785600",1770240,1785600
1677685239.0,79.20159680638723,757.5604838709677,146.3803746532876,130.58584724291035,187.4841202625165,0.8048780487804879,0.5609756097560976,93.75,132.47238464847194,150.05616651816712,62449.515621994076,0.8828186653191202,0.16666666666666666,0.0,1097.959571908227,15998.065816066322,0.06863076977753041,17096.02538797455,0.0,6.422308969431798,93.57769103056819,6.422308969431798,93.57769103056819,"1772160, 1787520",1772160,1787520
1677685269.0,77.00883752549286,779.1313559322034,145.7106988028644,103.73923351867599,140.75259734046912,0.7352941176470589,0.47058823529411764,109.375,99.13963133992729,154.70588945163956,48184.12971784137,0.6408264849601472,0.16666666666666666,0.0,1537.1338298702885,12427.372401272525,0.12368936732859882,13964.506231142814,0.0,11.007434165071041,88.99256583492895,11.007434165071041,88.99256583492895,"1774080, 1789440",1774080,1789440
1677685299.0,77.87831513260531,770.4326923076923,146.95740008869373,108.31411168698445,153.9312749753621,0.7837837837837838,0.5405405405405406,109.375,108.75364830408449,155.31529684184872,53064.97190988926,0.7002120880264867,0.16666666666666666,0.0,3961.0641119075144,5636.22515554962,0.7027867061001485,9597.289267457134,0.0,41.27273859858373,58.72726140141627,41.27273859858373,58.72726140141627,"1776000, 1791360",1776000,1791360
1677685329.0,77.10039113428944,778.2061688311688,159.06631841822247,124.80018752211694,187.23940223681552,0.8222222222222222,0.6222222222222222,125.0,132.35362357858855,159.77618351758323,66435.12428608497,0.828368913718753,0.23333333333333334,571.3689386912662,4378.773416236655,6009.835023694386,0.7286012675843672,10959.977378622309,5.213231003612605,39.95239465345572,54.834374342931675,42.14975895525927,57.85024104474071,"1777920, 1793280",1777920,1793280
1677685359.0,76.40036730945822,785.3365384615385,154.49195884457268,124.2629638294834,175.70310763116856,0.8,0.55,109.375,124.11798192647188,156.4295842983353,60996.29687748919,0.7934431487701187,0.26666666666666666,,,,,,,,,,,"1779840, 1795200",1779840,1795200
1677685389.0,73.25482807348092,819.0586419753087,166.79075598887655,119.67851420742805,165.20322293402288,0.7884615384615384,0.5192307692307693,140.625,116.31264758858826,189.72630359267507,69327.31167299846,0.6130549395949906,0.16666666666666666,1196.2266401857873,3636.185306921099,9707.239864542305,0.37458488279485247,14539.651811649192,8.22734034956304,25.008750924886535,66.76390872555042,27.250764029445296,72.74923597055471,"1781760, 1797120",1781760,1797120
1677685419.0,72.18707015130674,831.1737804878048,161.1731828703571,105.06616096748584,143.60504559345384,0.7551020408163265,0.46938775510204084,140.625,101.27111248998082,187.17025748114494,59548.70088203043,0.5410641298080312,0.26666666666666666,1920.8564740667819,3719.6358593553114,8004.833489133813,0.4646737329895173,13645.325822555906,14.077029006457144,27.25941401272151,58.66355698082134,31.72540904663325,68.27459095336674,"1783680, 1799040",1783680,1799040
1677685449.0,71.71477079796266,836.6477272727273,156.4030389845445,95.88528503259789,133.8528770130067,0.75,0.4772727272727273,140.625,94.2393580427337,183.44549716955686,54311.1811459958,0.513718567622454,0.26666666666666666,2760.358091253049,2330.8294805168707,9465.663077648549,0.24624048641882287,14556.85064941847,18.962605014865098,16.011907634773905,65.02548735036099,19.758665289908507,80.2413347100915,"1785600, 1800960",1785600,1800960
1677685479.0,69.4498869630746,863.9322916666666,166.8788830404186,112.00515355933192,162.2578106852745,0.7837837837837838,0.5945945945945946,125.0,113.8347777956029,200.5200798472115,71710.4925851538,0.5676976484466821,0.26666666666666666,2686.593843057464,1975.7303542779164,7737.648062940279,0.2553399092601203,12399.97226027566,21.666127848238744,15.933344952773261,62.40052719898799,20.34030045381207,79.65969954618792,"1787520, 1802880",1787520,1802880
1677685509.0,70.3891708967851,852.4038461538462,174.35989494713607,121.01398425039676,182.94850042728896,0.8125,0.65625,125.0,128.9205832171053,198.37413587183673,80344.69051024031,0.6498860481509385,0.16666666666666666,2006.9034663870614,1593.2544972586588,7599.475350909698,0.20965322258304814,11199.633314555418,17.919367625892022,14.225952337100287,67.8546800370077,17.33167974664363,82.66832025335637,"1789440, 1804800",1789440,1804800
1677685539.0,72.84823284823284,823.6301369863014,184.10669930436634,127.2843033240738,202.42021256353894,0.8536585365853658,0.6829268292682927,171.875,143.1202744583558,222.5792466606476,100077.32795459792,0.6430081717212484,0.2,2216.2540587320627,1217.5862580803052,14121.501665926346,0.08622215164398621,17555.34198273871,12.624385562589406,6.935702302339065,80.43991213507154,7.937800892155427,92.06219910784458,"1791360, 1806720",1791360,1806720
1677685569.0,76.91479820627802,780.0839552238806,162.38679666002855,115.24093138597529,177.0853489307375,0.8421052631578947,0.6052631578947368,125.0,125.0963341782465,196.63656973419256,77278.51099456444,0.6361804131721174,0.23333333333333334,1684.7058774869304,1292.4465420431634,15184.115667420545,0.08511832828146008,18161.268086950637,9.276366988368158,7.11649944186343,83.60713356976842,7.844151744839198,92.1558482551608,"1793280, 1808640",1793280,1808640
1677685599.0,77.02594276544531,778.9583333333334,160.62000100305758,111.62775599195564,170.25319547127984,0.8409090909090909,0.5909090909090909,125.0,120.18170348167061,194.09356202945264,73282.34507317912,0.6191946926268151,0.23333333333333334,1931.5116232480598,2033.2267822573306,12446.805507271356,0.16335330226454736,16411.543912776746,11.769225573861675,12.389003698027576,75.84177072811075,14.04159011252806,85.95840988747194,"1795200, 1810560",1795200,1810560
1677685629.0,86.76770460181868,691.501524390244,150.30240920429472,119.0953124052717,188.4599520657073,0.8913043478260869,0.6521739130434783,117.1875,129.99973445197904,163.84751363352882,66916.34217944824,0.7934190246105549,0.26666666666666666,209.04489896876228,4736.890383874786,4784.926512350731,0.9899609474979488,9730.86179519428,2.1482670637867036,48.6790428594327,49.17269007678059,49.747757549848565,50.25224245015144,"1797120, 1812480",1797120,1812480
1677685659.0,86.10733182161754,696.8047752808989,149.3328280169669,116.69103168195917,184.66608378367695,0.92,0.66,109.375,128.12576219285486,162.5144224369025,65415.13520581335,0.7883962559852231,0.3,244.87044380923018,5309.744911595289,6572.509165591645,0.8078718154388934,12127.124520996163,2.0191962520486735,43.7840388494595,54.19676489849184,44.68634382923703,55.313656170762975,"1799040, 1814400",1799040,1814400
1677685689.0,87.00395952485702,689.6237864077669,150.54903917442562,130.32782628684419,209.4240076720116,0.9322033898305084,0.6949152542372882,109.375,146.51088183640454,159.02140358898572,73193.97568830995,0.9213280635799412,0.3,605.0731844414597,6999.720881214955,7173.587695482835,0.9757629206404818,14778.38176113925,4.094312856584477,47.364596437894114,48.541090705521405,49.38663998837317,50.61336001162684,"1800960, 1816320",1800960,1816320
1677685719.0,88.4113584036838,678.6458333333334,156.10322967822358,126.2140538970923,206.65010119261171,0.9444444444444444,0.7361111111111112,117.1875,145.83333333333331,176.77243268989915,80988.1006514684,0.8249778040287516,0.23333333333333334,1756.130475279021,6737.3815578101385,6543.303180309159,1.0296606121026184,15036.815213398317,11.678872489662895,44.80590778163518,43.515219728701936,50.730679107771905,49.269320892228095,"1802880, 1818240",1802880,1818240
1677685749.0,89.24864756561811,672.2790948275862,155.47303059672652,124.38398971308587,204.91995388443752,0.9577464788732394,0.7464788732394366,125.0,144.19130971254035,174.91819615795646,79236.2565264715,0.8243356773604685,0.23333333333333334,1647.6085326851403,5407.893909769328,6811.297839345382,0.7939593947178014,13866.80028179985,11.881677814655076,38.99885914465199,49.11946304069294,44.25737823584881,55.74262176415118,"1804800, 1820160",1804800,1820160
1677685779.0,91.93672509619495,652.6227678571429,160.1219767179173,121.27779069059966,209.96257965592162,0.9538461538461539,0.8,109.375,148.39501299456396,170.22014657148128,79356.0676523463,0.8717828998710667,0.23333333333333334,201.41076556586154,3232.8175350772162,6387.201766361852,0.5061398799240733,9821.43006700493,2.050727482574055,32.91595534481133,65.0333171726146,33.60510445746836,66.39489554253164,"1806720, 1822080",1806720,1822080
1677685809.0,93.19953325554259,643.7800480769231,162.16826299061086,128.8661009105006,230.7989904519603,0.9830508474576272,0.847457627118644,132.8125,163.16847875946934,158.8998499218689,81453.47635193757,1.0268636429782616,0.2,126.71775766476814,1994.7081937910427,8309.658016107609,0.24004696582271617,10431.08396756342,1.214809103817117,19.12273163550215,79.66245926068073,19.35789308298139,80.64210691701861,"1808640, 1824000",1808640,1824000
1677685839.0,95.35353535353536,629.2372881355932,165.25508610168797,134.69583790897178,229.85219435541615,0.9466666666666667,0.8266666666666667,140.625,162.4231923180239,168.30355037682492,85879.83319775794,0.9650609981451066,0.16666666666666666,603.1528836595048,4494.5565181205475,6864.127483259779,0.654789196308178,11961.836885039831,5.042309884812449,37.57413314790893,57.383556967278636,39.56934199044855,60.43065800955144,"1810560, 1825920",1810560,1825920
1677685869.0,90.90550404419018,660.0260416666666,161.19765372555293,136.63191686961463,218.54839420054975,0.9166666666666666,0.75,125.0,153.2837167956324,167.2925148113676,80560.54673579484,0.9162616568258839,0.2,1274.5741546809718,6259.05176944491,7562.157719944923,0.8276806701527638,15095.783644070805,8.443246039642256,41.462251427426146,50.09450253293159,45.28584690254362,54.71415309745639,"1812480, 1827840",1812480,1827840
1677685899.0,91.52762730227519,655.5397727272727,160.61451247906504,133.99736767382674,213.2521185108901,0.9012345679012346,0.7530864197530864,132.8125,150.016153616307,167.62240437224034,78998.70363850877,0.8949648120018909,0.2,1600.434920819577,6643.360142682109,7735.414488305795,0.858824068538974,15979.209551807482,10.015732728397348,41.575023602657794,48.40924366894486,46.20254724881011,53.79745275118988,"1814400, 1829760",1814400,1829760
1677685929.0,94.27700643413478,636.4224137931035,171.38208288449752,135.41662408604296,210.8106840057671,0.8865979381443299,0.7422680412371134,171.875,148.704863265481,188.33152273273447,87982.85743591601,0.7895909357485069,0.3,1807.3921935492358,4901.139850611498,5376.274780790272,0.9116237637487471,12084.806824951007,14.955904713491877,40.55621179225071,44.48788349425742,47.68845109777395,52.31154890222604,"1816320, 1831680",1816320,1831680
1677685959.0,93.21448890574625,643.6767578125,166.97857896110816,132.74181137507367,199.84452321834053,0.8658536585365854,0.6829268292682927,156.25,140.6415235847202,185.30023904648,81872.75693052888,0.7589926721543097,0.26666666666666666,1946.1498216293467,4242.5294403491025,7496.964698233351,0.5658996155269144,13685.6439602118,14.22037448356378,30.999852492753615,54.779773023682594,36.13894593980682,63.86105406019319,"1818240, 1832104",1818240,1832104
