1672818827.000000, IBI
34.109375,0.937500
42.312500,1.000000
43.250000,0.937500
44.328125,1.078125
45.359375,1.031250
53.343750,1.046875
54.375000,1.031250
55.390625,1.015625
56.468750,1.078125
93.375000,0.921875
94.343750,0.968750
95.281250,0.937500
96.140625,0.859375
97.046875,0.906250
98.062500,1.015625
98.984375,0.921875
99.890625,0.906250
100.875000,0.984375
101.843750,0.968750
102.750000,0.906250
103.703125,0.953125
118.625000,1.046875
119.687500,1.062500
120.656250,0.968750
121.703125,1.046875
122.750000,1.046875
123.703125,0.953125
124.796875,1.093750
125.890625,1.093750
126.890625,1.000000
127.937500,1.046875
129.015625,1.078125
129.968750,0.953125
130.921875,0.953125
131.890625,0.968750
133.000000,1.109375
134.015625,1.015625
134.984375,0.968750
135.968750,0.984375
136.968750,1.000000
137.875000,0.906250
138.843750,0.968750
139.875000,1.031250
140.812500,0.937500
141.843750,1.031250
142.859375,1.015625
143.812500,0.953125
144.812500,1.000000
145.843750,1.031250
146.781250,0.937500
147.796875,1.015625
148.828125,1.031250
149.750000,0.921875
150.765625,1.015625
151.828125,1.062500
152.765625,0.937500
153.781250,1.015625
154.859375,1.078125
155.796875,0.937500
156.812500,1.015625
157.875000,1.062500
158.828125,0.953125
159.921875,1.093750
161.015625,1.093750
162.031250,1.015625
163.093750,1.062500
164.125000,1.031250
165.140625,1.015625
166.250000,1.109375
167.281250,1.031250
168.312500,1.031250
169.406250,1.093750
170.468750,1.062500
171.453125,0.984375
172.515625,1.062500
173.609375,1.093750
174.593750,0.984375
175.625000,1.031250
176.640625,1.015625
177.562500,0.921875
178.562500,1.000000
179.593750,1.031250
180.531250,0.937500
181.562500,1.031250
182.796875,1.234375
195.578125,0.953125
196.593750,1.015625
197.625000,1.031250
198.531250,0.906250
199.500000,0.968750
200.546875,1.046875
201.531250,0.984375
202.562500,1.031250
203.640625,1.078125
204.609375,0.968750
205.656250,1.046875
206.750000,1.093750
207.796875,1.046875
208.843750,1.046875
209.906250,1.062500
210.781250,0.875000
211.937500,1.156250
683.343750,0.906250
684.296875,0.953125
685.390625,1.093750
697.296875,0.843750
697.968750,0.671875
725.125000,0.734375
726.156250,1.031250
726.953125,0.796875
741.593750,0.796875
742.406250,0.812500
743.203125,0.796875
744.031250,0.828125
744.812500,0.781250
745.546875,0.734375
746.312500,0.765625
747.140625,0.828125
747.968750,0.828125
751.515625,0.843750
758.484375,1.078125
759.421875,0.937500
760.375000,0.953125
761.421875,1.046875
762.468750,1.046875
763.437500,0.968750
764.390625,0.953125
765.390625,1.000000
766.406250,1.015625
767.296875,0.890625
768.218750,0.921875
769.218750,1.000000
770.281250,1.062500
771.328125,1.046875
772.296875,0.968750
773.203125,0.906250
774.218750,1.015625
775.281250,1.062500
776.328125,1.046875
777.281250,0.953125
778.281250,1.000000
779.343750,1.062500
780.390625,1.046875
781.328125,0.937500
782.250000,0.921875
783.250000,1.000000
784.265625,1.015625
785.234375,0.968750
786.109375,0.875000
787.031250,0.921875
788.000000,0.968750
789.000000,1.000000
789.921875,0.921875
822.734375,0.859375
823.640625,0.906250
824.593750,0.953125
825.562500,0.968750
826.421875,0.859375
827.234375,0.812500
828.093750,0.859375
829.031250,0.937500
830.015625,0.984375
830.937500,0.921875
831.812500,0.875000
832.671875,0.859375
833.546875,0.875000
834.484375,0.937500
835.468750,0.984375
836.406250,0.937500
837.265625,0.859375
838.156250,0.890625
839.046875,0.890625
839.968750,0.921875
840.781250,0.812500
847.796875,0.937500
848.687500,0.890625
849.515625,0.828125
850.328125,0.812500
851.187500,0.859375
852.078125,0.890625
867.312500,0.843750
868.171875,0.859375
869.015625,0.843750
869.843750,0.828125
870.718750,0.875000
871.656250,0.937500
872.625000,0.968750
873.609375,0.984375
881.437500,0.906250
882.421875,0.984375
883.406250,0.984375
884.359375,0.953125
893.656250,0.875000
894.562500,0.906250
895.515625,0.953125
902.578125,0.875000
903.562500,0.984375
909.890625,0.796875
910.750000,0.859375
911.578125,0.828125
912.359375,0.781250
913.203125,0.843750
914.125000,0.921875
914.984375,0.859375
915.796875,0.812500
916.609375,0.812500
917.437500,0.828125
918.296875,0.859375
919.109375,0.812500
919.921875,0.812500
920.765625,0.843750
921.656250,0.890625
922.515625,0.859375
923.328125,0.812500
924.171875,0.843750
1017.703125,0.843750
1018.578125,0.875000
1019.421875,0.843750
1020.265625,0.843750
1021.125000,0.859375
1022.000000,0.875000
1033.390625,0.796875
1034.140625,0.750000
1034.937500,0.796875
1035.750000,0.812500
1036.437500,0.687500
1045.031250,0.671875
1064.062500,0.843750
1064.890625,0.828125
1065.671875,0.781250
1066.515625,0.843750
1067.359375,0.843750
1068.203125,0.843750
1068.984375,0.781250
1069.765625,0.781250
1070.562500,0.796875
1071.328125,0.765625
1072.078125,0.750000
1072.843750,0.765625
1073.671875,0.828125
1074.515625,0.843750
1075.343750,0.828125
1076.140625,0.796875
1076.968750,0.828125
1077.796875,0.828125
1078.578125,0.781250
1079.359375,0.781250
1080.140625,0.781250
1080.937500,0.796875
1081.781250,0.843750
1082.546875,0.765625
1083.359375,0.812500
1084.203125,0.843750
1085.062500,0.859375
1085.859375,0.796875
1086.687500,0.828125
1087.578125,0.890625
1088.515625,0.937500
1089.390625,0.875000
1090.265625,0.875000
1091.265625,1.000000
1092.156250,0.890625
1093.000000,0.843750
1093.859375,0.859375
1094.734375,0.875000
1095.593750,0.859375
1096.453125,0.859375
1097.359375,0.906250
1098.296875,0.937500
1099.203125,0.906250
1100.093750,0.890625
1100.843750,0.750000
1101.687500,0.843750
1102.437500,0.750000
1103.218750,0.781250
1104.000000,0.781250
1104.781250,0.781250
1105.593750,0.812500
1106.484375,0.890625
1107.375000,0.890625
1108.187500,0.812500
1109.031250,0.843750
1109.890625,0.859375
1110.781250,0.890625
1111.593750,0.812500
1112.453125,0.859375
1113.312500,0.859375
1114.187500,0.875000
1115.015625,0.828125
1115.875000,0.859375
1116.843750,0.968750
1117.812500,0.968750
1118.703125,0.890625
1119.609375,0.906250
1120.531250,0.921875
1121.406250,0.875000
1122.234375,0.828125
1123.093750,0.859375
1123.906250,0.812500
1124.796875,0.890625
1125.593750,0.796875
1126.390625,0.796875
1127.203125,0.812500
1128.046875,0.843750
1128.968750,0.921875
1129.859375,0.890625
1130.734375,0.875000
1131.609375,0.875000
1132.468750,0.859375
1133.312500,0.843750
1134.125000,0.812500
1134.937500,0.812500
1135.796875,0.859375
1136.625000,0.828125
1137.421875,0.796875
1138.234375,0.812500
1139.078125,0.843750
1149.406250,0.875000
1150.234375,0.828125
1151.078125,0.843750
1151.921875,0.843750
1152.734375,0.812500
1153.515625,0.781250
1154.296875,0.781250
1155.140625,0.843750
1156.031250,0.890625
1156.984375,0.953125
1157.921875,0.937500
1158.875000,0.953125
1159.875000,1.000000
1160.812500,0.937500
1161.718750,0.906250
1172.875000,0.656250
1173.593750,0.718750
1174.312500,0.718750
1175.078125,0.765625
1175.984375,0.906250
1176.828125,0.843750
1177.703125,0.875000
1178.609375,0.906250
1179.546875,0.937500
1185.656250,0.828125
1186.531250,0.875000
1187.343750,0.812500
1188.156250,0.812500
1189.015625,0.859375
1189.953125,0.937500
1190.921875,0.968750
1191.812500,0.890625
1192.671875,0.859375
1193.578125,0.906250
1194.500000,0.921875
1195.453125,0.953125
1196.328125,0.875000
1197.234375,0.906250
1198.140625,0.906250
1199.031250,0.890625
1199.859375,0.828125
1200.718750,0.859375
1201.578125,0.859375
1202.484375,0.906250
1203.328125,0.843750
1226.140625,0.812500
1227.015625,0.875000
1227.875000,0.859375
1228.687500,0.812500
1229.500000,0.812500
1230.328125,0.828125
1231.218750,0.890625
1232.140625,0.921875
1233.015625,0.875000
1233.843750,0.828125
1234.625000,0.781250
1235.453125,0.828125
1236.281250,0.828125
1237.125000,0.843750
1237.953125,0.828125
1238.781250,0.828125
1283.640625,0.718750
1284.390625,0.750000
1285.078125,0.687500
1285.828125,0.750000
1286.593750,0.765625
1287.437500,0.843750
1288.234375,0.796875
1289.046875,0.812500
1289.828125,0.781250
1290.640625,0.812500
1291.468750,0.828125
1292.328125,0.859375
1293.234375,0.906250
1294.140625,0.906250
1295.015625,0.875000
1295.781250,0.765625
1296.546875,0.765625
1297.281250,0.734375
1298.093750,0.812500
1298.984375,0.890625
1299.875000,0.890625
1300.687500,0.812500
1301.468750,0.781250
1324.468750,0.921875
1325.250000,0.781250
1326.093750,0.843750
1326.921875,0.828125
1327.734375,0.812500
1328.609375,0.875000
1329.453125,0.843750
1335.890625,0.671875
1336.546875,0.656250
1337.375000,0.828125
1341.765625,0.859375
1342.609375,0.843750
1351.546875,0.812500
1352.343750,0.796875
1364.796875,0.687500
1379.984375,0.859375
1380.781250,0.796875
1381.609375,0.828125
1382.359375,0.750000
1383.203125,0.843750
1384.000000,0.796875
1384.750000,0.750000
1385.625000,0.875000
1386.484375,0.859375
1387.296875,0.812500
1388.078125,0.781250
1388.890625,0.812500
1389.656250,0.765625
1402.234375,0.765625
1403.046875,0.812500
1403.890625,0.843750
1404.640625,0.750000
1405.484375,0.843750
1406.484375,1.000000
1410.078125,0.796875
1410.843750,0.765625
1411.609375,0.765625
1412.375000,0.765625
1413.187500,0.812500
1414.046875,0.859375
1414.859375,0.812500
1423.015625,0.765625
1429.468750,0.828125
1430.328125,0.859375
1431.187500,0.859375
1431.984375,0.796875
1432.828125,0.843750
1433.687500,0.859375
1434.515625,0.828125
1435.343750,0.828125
1436.203125,0.859375
1437.078125,0.875000
1437.750000,0.671875
1438.703125,0.953125
1439.531250,0.828125
1440.406250,0.875000
1441.203125,0.796875
1442.031250,0.828125
1442.875000,0.843750
1443.734375,0.859375
1444.531250,0.796875
1445.328125,0.796875
1446.171875,0.843750
1446.843750,0.671875
1447.718750,0.875000
1457.375000,0.765625
1458.093750,0.718750
1458.828125,0.734375
1459.562500,0.734375
1460.328125,0.765625
1461.093750,0.765625
1461.859375,0.765625
1462.609375,0.750000
1463.359375,0.750000
1464.187500,0.828125
1465.015625,0.828125
1465.765625,0.750000
1466.546875,0.781250
1467.234375,0.687500
1467.906250,0.671875
1474.203125,0.859375
1475.093750,0.890625
1475.921875,0.828125
1479.062500,0.593750
1479.625000,0.562500
1500.062500,0.812500
1500.890625,0.828125
1501.703125,0.812500
1502.500000,0.796875
1503.234375,0.734375
1503.937500,0.703125
1504.812500,0.875000
1517.375000,0.765625
1518.156250,0.781250
1518.906250,0.750000
1519.656250,0.750000
1520.359375,0.703125
1631.687500,0.859375
1632.468750,0.781250
1633.171875,0.703125
1634.015625,0.843750
1634.750000,0.734375
1635.484375,0.734375
1636.203125,0.718750
1636.968750,0.765625
1637.765625,0.796875
1638.500000,0.734375
1639.265625,0.765625
1640.015625,0.750000
1734.359375,0.609375
1735.015625,0.656250
1772.687500,0.750000
1773.421875,0.734375
1774.156250,0.734375
1774.921875,0.765625
1781.703125,0.750000
1782.484375,0.781250
1783.312500,0.828125
1784.187500,0.875000
1785.015625,0.828125
1785.812500,0.796875
1786.515625,0.703125
1787.281250,0.765625
1788.093750,0.812500
1788.718750,0.625000
2049.109375,0.625000
2056.703125,0.765625
2057.609375,0.906250
2058.421875,0.812500
2147.781250,0.750000
2216.984375,1.031250
2217.765625,0.781250
2218.671875,0.906250
2221.750000,0.718750
2222.562500,0.812500
2223.375000,0.812500
2262.218750,0.812500
2268.531250,0.843750
2269.453125,0.921875
2270.375000,0.921875
2271.218750,0.843750
2272.031250,0.812500
2348.937500,0.796875
2399.703125,0.781250
2400.343750,0.640625
2401.062500,0.718750
2406.000000,0.812500
2406.812500,0.812500
2407.640625,0.828125
2408.500000,0.859375
2409.250000,0.750000
2410.015625,0.765625
2410.796875,0.781250
2432.234375,0.531250
2449.296875,0.609375
2469.187500,0.703125
2474.484375,0.625000
2539.234375,0.656250
2540.093750,0.859375
2577.265625,0.859375
2578.156250,0.890625
2579.015625,0.859375
2579.906250,0.890625
2580.812500,0.906250
2581.687500,0.875000
2582.500000,0.812500
2583.328125,0.828125
2584.171875,0.843750
2585.046875,0.875000
2585.890625,0.843750
2586.687500,0.796875
2587.718750,1.031250
2588.562500,0.843750
2589.343750,0.781250
2590.125000,0.781250
2590.921875,0.796875
2591.734375,0.812500
2592.531250,0.796875
2607.750000,0.765625
2608.515625,0.765625
2609.312500,0.796875
2610.140625,0.828125
2610.890625,0.750000
2611.656250,0.765625
2612.453125,0.796875
2613.234375,0.781250
2614.000000,0.765625
2614.796875,0.796875
2615.609375,0.812500
2616.421875,0.812500
2617.203125,0.781250
2618.000000,0.796875
2640.093750,0.859375
2640.921875,0.828125
2641.828125,0.906250
2642.734375,0.906250
2643.593750,0.859375
2644.468750,0.875000
2672.421875,0.843750
2673.218750,0.796875
2674.078125,0.859375
2674.890625,0.812500
2675.734375,0.843750
2676.593750,0.859375
2677.437500,0.843750
2678.265625,0.828125
2679.109375,0.843750
2679.953125,0.843750
2680.734375,0.781250
2681.515625,0.781250
2682.312500,0.796875
2683.109375,0.796875
2683.906250,0.796875
2762.531250,0.765625
2763.328125,0.796875
2764.156250,0.828125
2764.859375,0.703125
2765.734375,0.875000
2773.437500,0.812500
2774.234375,0.796875
2775.062500,0.828125
2775.937500,0.875000
2776.750000,0.812500
2818.687500,0.859375
2841.359375,0.796875
2842.156250,0.796875
2851.703125,0.796875
2852.484375,0.781250
2853.093750,0.609375
2857.390625,0.859375
2858.265625,0.875000
2859.078125,0.812500
2859.906250,0.828125
2860.703125,0.796875
2861.515625,0.812500
2862.281250,0.765625
2863.046875,0.765625
2863.859375,0.812500
2864.687500,0.828125
2865.468750,0.781250
2866.312500,0.843750
2867.109375,0.796875
2867.906250,0.796875
2868.531250,0.625000
2874.109375,0.828125
2893.031250,0.718750
2893.734375,0.703125
2909.312500,1.015625
2910.296875,0.984375
2911.218750,0.921875
2912.203125,0.984375
2913.187500,0.984375
2914.046875,0.859375
2914.921875,0.875000
2915.828125,0.906250
2916.671875,0.843750
2917.546875,0.875000
2918.484375,0.937500
2919.390625,0.906250
2920.265625,0.875000
2921.187500,0.921875
2922.078125,0.890625
2922.937500,0.859375
2923.859375,0.921875
2924.765625,0.906250
2925.609375,0.843750
2926.484375,0.875000
2927.328125,0.843750
2928.125000,0.796875
2928.937500,0.812500
2929.781250,0.843750
2930.640625,0.859375
2931.421875,0.781250
2932.218750,0.796875
2933.062500,0.843750
2933.890625,0.828125
2934.671875,0.781250
2935.453125,0.781250
2936.265625,0.812500
2937.093750,0.828125
2937.906250,0.812500
2938.781250,0.875000
2939.718750,0.937500
2940.640625,0.921875
2941.500000,0.859375
2942.375000,0.875000
2943.281250,0.906250
2944.171875,0.890625
2945.015625,0.843750
2945.906250,0.890625
2946.781250,0.875000
2947.593750,0.812500
2948.625000,1.031250
2949.546875,0.921875
2950.406250,0.859375
2951.265625,0.859375
2952.140625,0.875000
2952.968750,0.828125
2953.734375,0.765625
2954.531250,0.796875
2955.328125,0.796875
2956.046875,0.718750
2956.765625,0.718750
2957.515625,0.750000
2958.265625,0.750000
2959.046875,0.781250
2959.875000,0.828125
2960.781250,0.906250
2961.578125,0.796875
2962.406250,0.828125
2963.265625,0.859375
2964.078125,0.812500
2964.875000,0.796875
2965.671875,0.796875
2966.500000,0.828125
2967.265625,0.765625
2968.046875,0.781250
2968.859375,0.812500
2969.687500,0.828125
2970.468750,0.781250
2971.296875,0.828125
2972.203125,0.906250
2973.125000,0.921875
2973.937500,0.812500
2974.796875,0.859375
2975.687500,0.890625
2976.515625,0.828125
2977.312500,0.796875
2978.171875,0.859375
2979.015625,0.843750
2979.781250,0.765625
2980.578125,0.796875
2981.390625,0.812500
2982.265625,0.875000
2983.171875,0.906250
2983.984375,0.812500
2984.812500,0.828125
2985.640625,0.828125
2986.421875,0.781250
2987.187500,0.765625
2987.984375,0.796875
2988.875000,0.890625
2989.750000,0.875000
2990.640625,0.890625
2991.593750,0.953125
2992.546875,0.953125
2993.453125,0.906250
2994.375000,0.921875
2995.312500,0.937500
2996.203125,0.890625
2997.078125,0.875000
2997.968750,0.890625
2998.859375,0.890625
2999.734375,0.875000
3000.687500,0.953125
3001.671875,0.984375
3002.546875,0.875000
3003.437500,0.890625
3004.328125,0.890625
3005.171875,0.843750
3006.000000,0.828125
3016.750000,0.875000
3017.671875,0.921875
3018.546875,0.875000
3019.406250,0.859375
3020.281250,0.875000
3021.125000,0.843750
3021.921875,0.796875
3022.734375,0.812500
3023.625000,0.890625
3024.468750,0.843750
3025.359375,0.890625
3026.281250,0.921875
3027.125000,0.843750
3028.015625,0.890625
3028.937500,0.921875
3029.765625,0.828125
3030.656250,0.890625
3031.625000,0.968750
3032.546875,0.921875
3033.437500,0.890625
3034.343750,0.906250
3035.218750,0.875000
3036.046875,0.828125
3036.953125,0.906250
3037.828125,0.875000
3038.640625,0.812500
3039.500000,0.859375
3040.437500,0.937500
3041.281250,0.843750
3042.187500,0.906250
3043.125000,0.937500
3044.015625,0.890625
3044.890625,0.875000
3045.812500,0.921875
3046.734375,0.921875
3047.562500,0.828125
3048.437500,0.875000
3049.343750,0.906250
3050.171875,0.828125
3050.968750,0.796875
3051.796875,0.828125
3052.578125,0.781250
3053.312500,0.734375
3054.062500,0.750000
3054.875000,0.812500
3055.718750,0.843750
3056.562500,0.843750
3057.468750,0.906250
3058.328125,0.859375
3059.140625,0.812500
3059.984375,0.843750
3060.843750,0.859375
3061.656250,0.812500
3062.484375,0.828125
3063.343750,0.859375
3064.140625,0.796875
3064.953125,0.812500
3065.796875,0.843750
3066.625000,0.828125
3076.296875,0.734375
3077.093750,0.796875
3077.921875,0.828125
3078.750000,0.828125
3079.546875,0.796875
3080.343750,0.796875
3081.015625,0.671875
3081.843750,0.828125
3082.562500,0.718750
3083.328125,0.765625
3118.890625,0.750000
3119.656250,0.765625
3120.359375,0.703125
3121.093750,0.734375
3121.828125,0.734375
3122.546875,0.718750
3123.328125,0.781250
3124.109375,0.781250
3124.828125,0.718750
3125.562500,0.734375
3126.328125,0.765625
3127.062500,0.734375
3127.812500,0.750000
3128.562500,0.750000
3129.328125,0.765625
3130.046875,0.718750
3130.796875,0.750000
3131.593750,0.796875
3132.375000,0.781250
3133.140625,0.765625
3133.937500,0.796875
3134.718750,0.781250
3135.484375,0.765625
3136.265625,0.781250
3137.031250,0.765625
3137.796875,0.765625
3138.546875,0.750000
3139.281250,0.734375
3140.046875,0.765625
3140.812500,0.765625
3141.593750,0.781250
3142.375000,0.781250
3146.328125,0.765625
3147.093750,0.765625
3147.859375,0.765625
3148.671875,0.812500
3149.453125,0.781250
3150.218750,0.765625
3151.015625,0.796875
3151.843750,0.828125
3152.578125,0.734375
3153.343750,0.765625
3154.156250,0.812500
3154.953125,0.796875
3155.703125,0.750000
3156.468750,0.765625
3157.234375,0.765625
3158.031250,0.796875
3158.781250,0.750000
3159.578125,0.796875
3160.375000,0.796875
3161.156250,0.781250
3161.859375,0.703125
3162.625000,0.765625
3163.406250,0.781250
3164.156250,0.750000
3164.921875,0.765625
3165.718750,0.796875
3166.500000,0.781250
3167.250000,0.750000
3168.046875,0.796875
3168.859375,0.812500
3169.640625,0.781250
3170.390625,0.750000
3171.203125,0.812500
3171.968750,0.765625
3172.718750,0.750000
3173.484375,0.765625
3174.265625,0.781250
3175.031250,0.765625
3175.796875,0.765625
3176.562500,0.765625
3177.328125,0.765625
3178.093750,0.765625
3178.906250,0.812500
3179.750000,0.843750
3180.562500,0.812500
3181.359375,0.796875
3182.187500,0.828125
3183.031250,0.843750
3183.812500,0.781250
3184.609375,0.796875
3185.437500,0.828125
3186.265625,0.828125
3187.078125,0.812500
3187.921875,0.843750
3188.968750,1.046875
3189.796875,0.828125
3190.640625,0.843750
3191.515625,0.875000
3192.390625,0.875000
3193.203125,0.812500
3194.062500,0.859375
3194.937500,0.875000
3195.750000,0.812500
3196.531250,0.781250
3197.375000,0.843750
3198.203125,0.828125
3214.578125,0.765625
3215.265625,0.687500
3216.062500,0.796875
3216.953125,0.890625
3220.734375,0.781250
3221.484375,0.750000
3222.218750,0.734375
3222.921875,0.703125
3223.656250,0.734375
3224.312500,0.656250
3225.187500,0.875000
3234.687500,0.718750
3250.296875,0.843750
3251.125000,0.828125
3260.015625,0.765625
3260.734375,0.718750
3261.484375,0.750000
3262.343750,0.859375
3263.203125,0.859375
3264.046875,0.843750
3264.953125,0.906250
3265.906250,0.953125
3266.828125,0.921875
3267.734375,0.906250
3268.656250,0.921875
3269.531250,0.875000
3270.375000,0.843750
3271.296875,0.921875
3272.234375,0.937500
3273.109375,0.875000
3273.984375,0.875000
3281.875000,0.578125
3285.671875,0.953125
3286.531250,0.859375
3287.328125,0.796875
3288.187500,0.859375
3289.125000,0.937500
3289.890625,0.765625
3290.593750,0.703125
3294.890625,0.843750
3295.765625,0.875000
3296.609375,0.843750
3297.406250,0.796875
3329.671875,0.718750
3330.562500,0.890625
3331.578125,1.015625
3361.734375,1.000000
3362.640625,0.906250
3363.609375,0.968750
3364.593750,0.984375
3365.484375,0.890625
3366.484375,1.000000
3367.421875,0.937500
3368.375000,0.953125
3369.515625,1.140625
3370.375000,0.859375
3371.390625,1.015625
3372.359375,0.968750
3373.312500,0.953125
3374.203125,0.890625
3375.156250,0.953125
3376.093750,0.937500
3376.968750,0.875000
3377.890625,0.921875
3378.796875,0.906250
3379.625000,0.828125
3380.312500,0.687500
3380.921875,0.609375
3381.484375,0.562500
3382.265625,0.781250
3383.062500,0.796875
3387.562500,0.859375
3388.453125,0.890625
3389.421875,0.968750
3390.281250,0.859375
3391.187500,0.906250
3391.906250,0.718750
3398.593750,1.015625
3399.515625,0.921875
3400.484375,0.968750
3401.468750,0.984375
3402.375000,0.906250
3403.281250,0.906250
3404.281250,1.000000
3405.171875,0.890625
3406.156250,0.984375
3407.296875,1.140625
3408.234375,0.937500
3409.187500,0.953125
3428.812500,0.843750
3429.468750,0.656250
3434.437500,1.062500
3471.468750,0.875000
3472.328125,0.859375
3473.125000,0.796875
3473.875000,0.750000
3485.187500,0.968750
3486.031250,0.843750
3486.875000,0.843750
3487.781250,0.906250
3488.703125,0.921875
3489.734375,1.031250
3490.703125,0.968750
3491.765625,1.062500
3492.718750,0.953125
3493.640625,0.921875
3494.625000,0.984375
3495.562500,0.937500
3496.453125,0.890625
3497.390625,0.937500
3498.328125,0.937500
3499.203125,0.875000
3500.125000,0.921875
3501.078125,0.953125
3501.937500,0.859375
3502.796875,0.859375
3503.671875,0.875000
3504.531250,0.859375
3505.328125,0.796875
3506.218750,0.890625
3507.109375,0.890625
3518.390625,0.937500
3519.171875,0.781250
3519.906250,0.734375
3536.656250,0.921875
3537.546875,0.890625
3553.281250,0.828125
3554.140625,0.859375
3598.062500,0.765625
3598.781250,0.718750
3599.453125,0.671875
3600.171875,0.718750
3614.468750,0.906250
3615.312500,0.843750
3616.062500,0.750000
3627.515625,0.750000
3628.328125,0.812500
3629.187500,0.859375
3630.000000,0.812500
3630.921875,0.921875
3631.906250,0.984375
3632.859375,0.953125
3633.812500,0.953125
3634.812500,1.000000
3635.750000,0.937500
3636.656250,0.906250
3637.515625,0.859375
3647.937500,0.859375
3648.812500,0.875000
3649.671875,0.859375
3650.484375,0.812500
3651.296875,0.812500
3652.125000,0.828125
3652.890625,0.765625
3653.687500,0.796875
3654.515625,0.828125
3655.375000,0.859375
3656.250000,0.875000
3657.171875,0.921875
3658.046875,0.875000
3658.953125,0.906250
3659.890625,0.937500
3660.765625,0.875000
3661.640625,0.875000
3662.562500,0.921875
3663.406250,0.843750
3664.281250,0.875000
3665.203125,0.921875
3666.046875,0.843750
3666.906250,0.859375
3667.796875,0.890625
3668.625000,0.828125
3669.437500,0.812500
3670.265625,0.828125
3671.140625,0.875000
3691.093750,0.718750
3692.109375,1.015625
3692.968750,0.859375
3693.937500,0.968750
3694.781250,0.843750
3695.640625,0.859375
3696.578125,0.937500
3697.406250,0.828125
3698.359375,0.953125
3699.359375,1.000000
3700.218750,0.859375
3701.125000,0.906250
3702.031250,0.906250
3702.843750,0.812500
3703.796875,0.953125
3712.609375,0.890625
3713.421875,0.812500
3806.562500,0.906250
3807.421875,0.859375
3852.781250,0.687500
3853.515625,0.734375
3874.968750,0.828125
3879.906250,0.906250
3880.890625,0.984375
3885.531250,1.031250
3886.406250,0.875000
3887.406250,1.000000
3888.296875,0.890625
3889.109375,0.812500
3890.140625,1.031250
3890.890625,0.750000
3891.906250,1.015625
3892.828125,0.921875
3893.781250,0.953125
3894.656250,0.875000
3895.453125,0.796875
3896.390625,0.937500
3897.156250,0.765625
3898.062500,0.906250
3898.843750,0.781250
3899.750000,0.906250
3900.656250,0.906250
3901.546875,0.890625
3935.921875,0.859375
3936.781250,0.859375
3937.781250,1.000000
3944.968750,0.937500
3945.828125,0.859375
3946.734375,0.906250
3947.640625,0.906250
3948.468750,0.828125
3949.218750,0.750000
3950.203125,0.984375
3951.078125,0.875000
3951.812500,0.734375
3956.421875,0.890625
3989.734375,0.750000
3990.500000,0.765625
3991.359375,0.859375
4004.937500,0.781250
4005.546875,0.609375
4063.640625,0.984375
4064.468750,0.828125
4065.437500,0.968750
4066.406250,0.968750
4067.296875,0.890625
4068.109375,0.812500
4068.937500,0.828125
4069.828125,0.890625
4070.703125,0.875000
4071.421875,0.718750
4072.343750,0.921875
4073.046875,0.703125
4180.453125,0.781250
4181.140625,0.687500
4182.031250,0.890625
4188.234375,0.781250
4193.296875,0.781250
4194.093750,0.796875
4194.718750,0.625000
4205.390625,0.781250
4206.187500,0.796875
4206.968750,0.781250
4207.718750,0.750000
4208.453125,0.734375
4209.187500,0.734375
4209.953125,0.765625
4213.984375,0.750000
4214.765625,0.781250
4215.531250,0.765625
4216.328125,0.796875
4217.171875,0.843750
4218.078125,0.906250
4218.937500,0.859375
4219.859375,0.921875
4220.765625,0.906250
4221.703125,0.937500
4222.625000,0.921875
4223.531250,0.906250
4224.375000,0.843750
4225.203125,0.828125
4226.015625,0.812500
4226.843750,0.828125
4227.656250,0.812500
4228.421875,0.765625
4229.234375,0.812500
4241.453125,0.796875
4252.890625,0.875000
4257.781250,0.859375
4258.671875,0.890625
4259.578125,0.906250
4260.500000,0.921875
4261.343750,0.843750
4262.187500,0.843750
4263.093750,0.906250
4264.031250,0.937500
4264.968750,0.937500
4265.953125,0.984375
4266.890625,0.937500
4267.750000,0.859375
4268.609375,0.859375
4269.484375,0.875000
4270.296875,0.812500
4271.218750,0.921875
4272.218750,1.000000
4273.203125,0.984375
4274.156250,0.953125
4275.140625,0.984375
4276.093750,0.953125
4276.968750,0.875000
4277.828125,0.859375
4278.656250,0.828125
4293.250000,0.765625
4293.875000,0.625000
4299.656250,0.734375
4300.593750,0.937500
4301.609375,1.015625
4302.468750,0.859375
4377.812500,0.812500
4378.578125,0.765625
4418.953125,0.796875
4419.734375,0.781250
4420.453125,0.718750
4421.250000,0.796875
4422.000000,0.750000
4422.734375,0.734375
4423.484375,0.750000
4424.234375,0.750000
4425.046875,0.812500
4425.781250,0.734375
4426.531250,0.750000
4427.265625,0.734375
4428.046875,0.781250
4428.750000,0.703125
4429.453125,0.703125
4430.171875,0.718750
4430.921875,0.750000
4431.562500,0.640625
4446.468750,0.765625
4447.281250,0.812500
4451.046875,0.734375
4451.765625,0.718750
4452.343750,0.578125
4478.296875,0.953125
4479.250000,0.953125
4480.109375,0.859375
4480.984375,0.875000
4481.875000,0.890625
4482.750000,0.875000
4483.546875,0.796875
4484.625000,1.078125
4485.531250,0.906250
4486.312500,0.781250
4513.750000,0.921875
4514.562500,0.812500
4515.437500,0.875000
4526.828125,0.921875
4527.968750,1.140625
4528.765625,0.796875
4529.640625,0.875000
4530.515625,0.875000
4531.437500,0.921875
4532.359375,0.921875
4533.250000,0.890625
4534.218750,0.968750
4535.171875,0.953125
4536.031250,0.859375
4536.937500,0.906250
4537.953125,1.015625
4538.968750,1.015625
4539.953125,0.984375
4540.937500,0.984375
4541.875000,0.937500
4542.750000,0.875000
4543.734375,0.984375
4544.718750,0.984375
4545.671875,0.953125
4546.515625,0.843750
4547.375000,0.859375
4548.296875,0.921875
4549.171875,0.875000
4550.015625,0.843750
4550.906250,0.890625
4551.796875,0.890625
4552.609375,0.812500
4553.421875,0.812500
4554.250000,0.828125
4555.031250,0.781250
4555.796875,0.765625
4556.609375,0.812500
4557.468750,0.859375
4558.250000,0.781250
4559.140625,0.890625
4569.281250,0.796875
4570.156250,0.875000
4570.812500,0.656250
4574.515625,0.984375
4575.312500,0.796875
4606.421875,0.703125
4607.156250,0.734375
4607.781250,0.625000
4608.406250,0.625000
4622.750000,0.953125
4623.484375,0.734375
4629.796875,0.781250
4630.718750,0.921875
4645.843750,0.890625
4652.562500,0.796875
4653.312500,0.750000
4654.265625,0.953125
4655.093750,0.828125
4655.953125,0.859375
4656.812500,0.859375
4657.640625,0.828125
4668.453125,0.718750
4669.296875,0.843750
4945.500000,0.828125
4946.312500,0.812500
4947.062500,0.750000
4947.906250,0.843750
4948.703125,0.796875
4949.328125,0.625000
4954.937500,0.953125
4955.656250,0.718750
4956.515625,0.859375
4957.406250,0.890625
4958.468750,1.062500
5077.859375,0.906250
5078.765625,0.906250
5086.000000,0.859375
5086.843750,0.843750
5087.890625,1.046875
5094.046875,0.890625
5099.890625,0.890625
5100.734375,0.843750
5114.359375,0.859375
5324.484375,1.031250
5371.000000,0.671875
5371.968750,0.968750
5372.734375,0.765625
5384.781250,1.062500
5388.906250,0.796875
5389.781250,0.875000
5390.562500,0.781250
5391.421875,0.859375
5392.218750,0.796875
5393.171875,0.953125
5394.093750,0.921875
5394.796875,0.703125
5395.687500,0.890625
5396.484375,0.796875
5397.328125,0.843750
5398.093750,0.765625
5399.046875,0.953125
5399.890625,0.843750
5400.765625,0.875000
5401.640625,0.875000
5402.328125,0.687500
5403.281250,0.953125
5404.125000,0.843750
5405.015625,0.890625
5405.718750,0.703125
5411.531250,0.781250
5412.312500,0.781250
5413.187500,0.875000
5414.062500,0.875000
5461.453125,0.718750
5803.921875,0.875000
6630.437500,0.734375
6631.171875,0.734375
6632.015625,0.843750
6646.781250,0.781250
6647.625000,0.843750
6661.453125,0.843750
6662.296875,0.843750
6667.125000,0.687500
6668.031250,0.906250
6668.890625,0.859375
6669.671875,0.781250
6670.437500,0.765625
6675.312500,0.796875
6728.203125,0.875000
6729.093750,0.890625
6730.031250,0.937500
6737.078125,0.828125
6757.703125,0.906250
6758.625000,0.921875
6759.546875,0.921875
6779.187500,0.703125
6779.921875,0.734375
6780.625000,0.703125
6781.390625,0.765625
6781.968750,0.578125
6875.687500,0.703125
7116.203125,0.953125
7117.281250,1.078125
7118.203125,0.921875
7194.734375,0.781250
7195.484375,0.750000
7196.406250,0.921875
7197.437500,1.031250
7198.437500,1.000000
7199.406250,0.968750
7210.031250,0.703125
7227.296875,0.796875
7259.500000,1.078125
7260.593750,1.093750
7261.578125,0.984375
7262.562500,0.984375
7283.156250,1.015625
7300.343750,0.937500
7301.156250,0.812500
7302.046875,0.890625
7302.796875,0.750000
7303.640625,0.843750
7304.515625,0.875000
7305.281250,0.765625
7395.015625,0.968750
7395.968750,0.953125
7396.859375,0.890625
7397.781250,0.921875
7398.703125,0.921875
7399.562500,0.859375
7400.468750,0.906250
7401.390625,0.921875
7402.390625,1.000000
7403.359375,0.968750
7404.421875,1.062500
7416.203125,0.843750
7417.140625,0.937500
7417.984375,0.843750
7418.953125,0.968750
7419.921875,0.968750
7420.765625,0.843750
7421.734375,0.968750
7422.671875,0.937500
7423.578125,0.906250
7424.531250,0.953125
7425.437500,0.906250
7426.312500,0.875000
7427.234375,0.921875
7428.187500,0.953125
7429.062500,0.875000
7429.968750,0.906250
7430.937500,0.968750
7431.796875,0.859375
7432.703125,0.906250
7433.703125,1.000000
7434.562500,0.859375
7435.515625,0.953125
7436.468750,0.953125
7437.312500,0.843750
7438.250000,0.937500
7453.781250,0.843750
7454.703125,0.921875
7455.656250,0.953125
7456.546875,0.890625
7457.468750,0.921875
7458.468750,1.000000
7459.375000,0.906250
7460.375000,1.000000
7461.390625,1.015625
7462.296875,0.906250
7463.218750,0.921875
7464.140625,0.921875
7465.140625,1.000000
7466.062500,0.921875
7467.062500,1.000000
7467.937500,0.875000
7468.875000,0.937500
7469.812500,0.937500
7470.687500,0.875000
7471.546875,0.859375
7472.531250,0.984375
7473.609375,1.078125
7474.593750,0.984375
7475.468750,0.875000
7476.312500,0.843750
7477.203125,0.890625
7478.015625,0.812500
7478.859375,0.843750
7479.718750,0.859375
7480.625000,0.906250
7990.375000,1.015625
8035.078125,1.000000
8043.359375,1.062500
8044.359375,1.000000
8050.921875,1.031250
8052.046875,1.125000
8056.781250,0.906250
8057.828125,1.046875
8070.421875,0.906250
8071.375000,0.953125
8072.296875,0.921875
8073.234375,0.937500
8074.109375,0.875000
8075.078125,0.968750
8076.078125,1.000000
8103.875000,0.828125
8104.937500,1.062500
8105.828125,0.890625
8255.781250,0.812500
8256.687500,0.906250
8257.718750,1.031250
8258.562500,0.843750
8259.390625,0.828125
8260.421875,1.031250
8297.203125,0.875000
8298.234375,1.031250
8299.234375,1.000000
8329.687500,1.062500
8330.781250,1.093750
8331.750000,0.968750
8332.703125,0.953125
8333.828125,1.125000
8343.984375,1.093750
8344.937500,0.953125
8346.125000,1.187500
8347.078125,0.953125
8348.109375,1.031250
8349.125000,1.015625
8359.250000,0.718750
8684.828125,1.015625
8761.312500,0.515625
9108.031250,0.875000
9527.500000,1.078125
9528.609375,1.109375
9529.640625,1.031250
9708.312500,1.031250
9709.375000,1.062500
9710.484375,1.109375
9857.078125,0.859375
10261.171875,0.796875
10261.921875,0.750000
10262.750000,0.828125
10450.093750,0.968750
10451.046875,0.953125
10451.968750,0.921875
10485.078125,1.046875
10486.296875,1.218750
10487.500000,1.203125
10488.531250,1.031250
10500.109375,1.093750
10501.140625,1.031250
10724.875000,1.109375
10725.781250,0.906250
10726.656250,0.875000
10727.375000,0.718750
10756.750000,0.984375
10757.750000,1.000000
10758.875000,1.125000
10759.781250,0.906250
10844.937500,1.015625
10845.937500,1.000000
11034.437500,1.000000
11035.609375,1.171875
11436.468750,1.078125
11647.828125,1.015625
11653.156250,1.093750
11747.937500,0.859375
11748.906250,0.968750
11749.890625,0.984375
11750.828125,0.937500
11751.828125,1.000000
11752.843750,1.015625
11753.812500,0.968750
11754.843750,1.031250
11761.828125,0.937500
11762.812500,0.984375
11763.796875,0.984375
11823.609375,1.046875
11866.625000,1.000000
11867.625000,1.000000
11868.640625,1.015625
11869.750000,1.109375
11879.156250,1.140625
11880.218750,1.062500
11888.859375,1.171875
11889.812500,0.953125
11890.828125,1.015625
11891.765625,0.937500
11892.859375,1.093750
11893.921875,1.062500
11923.406250,1.000000
11924.406250,1.000000
11928.687500,1.062500
11929.640625,0.953125
11930.812500,1.171875
11931.890625,1.078125
11932.921875,1.031250
11933.906250,0.984375
11934.921875,1.015625
11935.906250,0.984375
11936.843750,0.937500
11937.812500,0.968750
11938.843750,1.031250
11939.703125,0.859375
11940.640625,0.937500
11941.578125,0.937500
11942.609375,1.031250
11948.375000,1.062500
11949.390625,1.015625
11955.218750,1.109375
11956.296875,1.078125
11957.328125,1.031250
11958.359375,1.031250
11959.406250,1.046875
11960.484375,1.078125
11968.625000,0.937500
11969.640625,1.015625
11970.687500,1.046875
11971.750000,1.062500
11972.781250,1.031250
11973.859375,1.078125
11974.921875,1.062500
11976.000000,1.078125
11977.156250,1.156250
11978.218750,1.062500
11979.296875,1.078125
11980.375000,1.078125
11981.375000,1.000000
11991.562500,0.890625
11992.484375,0.921875
11993.468750,0.984375
11994.406250,0.937500
11995.343750,0.937500
11996.375000,1.031250
11997.437500,1.062500
11998.421875,0.984375
11999.484375,1.062500
12000.578125,1.093750
12001.578125,1.000000
12002.640625,1.062500
12003.703125,1.062500
12004.671875,0.968750
12005.671875,1.000000
12006.578125,0.906250
12007.609375,1.031250
12008.437500,0.828125
12047.781250,0.906250
12048.625000,0.843750
12049.484375,0.859375
12050.328125,0.843750
12051.140625,0.812500
12052.031250,0.890625
12119.671875,0.984375
12225.671875,0.687500
12280.703125,0.578125
12356.687500,1.000000
12357.656250,0.968750
12358.750000,1.093750
12359.890625,1.140625
12360.906250,1.015625
12361.953125,1.046875
12363.031250,1.078125
12388.953125,1.187500
12457.640625,0.968750
12503.125000,1.000000
12591.796875,0.859375
12626.656250,0.671875
12627.328125,0.671875
12627.984375,0.656250
12628.625000,0.640625
12629.265625,0.640625
12630.093750,0.828125
12686.656250,1.015625
12687.687500,1.031250
12688.734375,1.046875
13051.625000,0.718750
13052.343750,0.718750
13053.015625,0.671875
13053.703125,0.687500
13054.390625,0.687500
13055.062500,0.671875
13055.750000,0.687500
13056.437500,0.687500
13057.156250,0.718750
13057.953125,0.796875
13215.640625,0.640625
13216.203125,0.562500
13216.812500,0.609375
13217.406250,0.593750
13281.421875,0.843750
13311.515625,0.781250
13312.406250,0.890625
13318.203125,0.921875
13319.296875,1.093750
13324.531250,0.734375
13325.156250,0.625000
13334.750000,0.875000
13335.640625,0.890625
13336.531250,0.890625
13378.296875,0.921875
13410.953125,0.625000
13756.031250,0.625000
13830.296875,1.015625
13831.250000,0.953125
13832.234375,0.984375
13833.265625,1.031250
14237.562500,0.437500
14238.109375,0.546875
14238.515625,0.406250
14251.109375,0.984375
14256.750000,0.906250
14265.281250,0.953125
14266.265625,0.984375
14267.203125,0.937500
14387.406250,0.562500
14615.375000,0.375000
14615.765625,0.390625
14917.265625,1.062500
14918.484375,1.218750
14950.921875,1.156250
14952.218750,1.296875
14953.281250,1.062500
14954.515625,1.234375
14955.640625,1.125000
14956.859375,1.218750
14958.093750,1.234375
14959.203125,1.109375
14960.484375,1.281250
14961.625000,1.140625
14962.750000,1.125000
14963.968750,1.218750
14965.000000,1.031250
14966.234375,1.234375
14967.375000,1.140625
14968.468750,1.093750
14969.625000,1.156250
14970.703125,1.078125
14971.796875,1.093750
14972.953125,1.156250
14973.984375,1.031250
14975.359375,1.375000
14976.437500,1.078125
14977.546875,1.109375
14978.718750,1.171875
14979.781250,1.062500
14980.906250,1.125000
14982.078125,1.171875
14983.109375,1.031250
15097.078125,1.046875
15098.156250,1.078125
15167.203125,1.125000
15168.406250,1.203125
15169.593750,1.187500
15170.671875,1.078125
15171.828125,1.156250
15172.968750,1.140625
15174.031250,1.062500
15175.187500,1.156250
15176.328125,1.140625
15207.671875,1.203125
15208.718750,1.046875
15209.890625,1.171875
15211.109375,1.218750
15212.171875,1.062500
15213.390625,1.218750
15214.593750,1.203125
15215.640625,1.046875
15226.812500,1.093750
15227.953125,1.140625
15229.140625,1.187500
15230.312500,1.171875
15231.468750,1.156250
15232.640625,1.171875
15233.796875,1.156250
15241.812500,1.171875
15243.015625,1.203125
15244.171875,1.156250
15245.359375,1.187500
15246.531250,1.171875
15261.703125,1.171875
15262.828125,1.125000
15263.843750,1.015625
15264.937500,1.093750
15266.062500,1.125000
15267.109375,1.046875
15286.703125,1.046875
15287.812500,1.109375
15288.890625,1.078125
15289.937500,1.046875
15291.093750,1.156250
15292.171875,1.078125
15293.234375,1.062500
15294.312500,1.078125
15295.421875,1.109375
15296.484375,1.062500
15297.625000,1.140625
15298.781250,1.156250
15299.828125,1.046875
15300.921875,1.093750
15302.031250,1.109375
15303.109375,1.078125
15303.968750,0.859375
15309.468750,1.046875
15310.640625,1.171875
15311.812500,1.171875
15312.859375,1.046875
15313.953125,1.093750
15315.062500,1.109375
15316.015625,0.953125
15345.234375,1.015625
15352.015625,1.140625
15353.125000,1.109375
15354.328125,1.203125
15355.546875,1.218750
15356.734375,1.187500
15357.781250,1.046875
15358.968750,1.187500
15360.187500,1.218750
15374.109375,1.218750
15375.359375,1.250000
15376.484375,1.125000
15377.765625,1.281250
15378.984375,1.218750
15380.046875,1.062500
15381.234375,1.187500
15382.421875,1.187500
15397.343750,1.171875
15398.453125,1.109375
15399.484375,1.031250
15400.703125,1.218750
15401.906250,1.203125
15402.953125,1.046875
15404.234375,1.281250
15405.453125,1.218750
15406.515625,1.062500
15407.640625,1.125000
15408.843750,1.203125
15409.984375,1.140625
15411.000000,1.015625
15418.031250,1.078125
15419.250000,1.218750
15420.453125,1.203125
15421.531250,1.078125
15422.750000,1.218750
15423.921875,1.171875
15425.031250,1.109375
15426.171875,1.140625
15427.406250,1.234375
15428.562500,1.156250
15429.750000,1.187500
15430.968750,1.218750
15432.031250,1.062500
15433.296875,1.265625
15434.500000,1.203125
15435.578125,1.078125
15436.750000,1.171875
15437.921875,1.171875
15438.968750,1.046875
15440.046875,1.078125
15441.203125,1.156250
15442.250000,1.046875
15443.234375,0.984375
15444.312500,1.078125
15445.390625,1.078125
15446.359375,0.968750
15447.343750,0.984375
15448.484375,1.140625
15449.593750,1.109375
15450.578125,0.984375
15451.734375,1.156250
15452.890625,1.156250
15453.953125,1.062500
15454.984375,1.031250
15456.093750,1.109375
15457.187500,1.093750
15463.609375,1.109375
15464.671875,1.062500
15465.796875,1.125000
15466.968750,1.171875
15468.046875,1.078125
15469.015625,0.968750
15470.125000,1.109375
15471.281250,1.156250
15472.421875,1.140625
15473.625000,1.203125
15474.718750,1.093750
15475.781250,1.062500
15476.937500,1.156250
15478.078125,1.140625
15479.125000,1.046875
15480.250000,1.125000
15481.406250,1.156250
15490.437500,1.093750
15491.500000,1.062500
15492.640625,1.140625
15493.765625,1.125000
15494.875000,1.109375
15496.062500,1.187500
15497.218750,1.156250
15498.281250,1.062500
15499.437500,1.156250
15500.593750,1.156250
15501.781250,1.187500
15502.812500,1.031250
15503.781250,0.968750
15504.843750,1.062500
15506.000000,1.156250
15507.062500,1.062500
15508.250000,1.187500
15509.421875,1.171875
15510.515625,1.093750
15511.609375,1.093750
15512.718750,1.109375
15513.781250,1.062500
15514.781250,1.000000
15516.062500,1.281250
15517.187500,1.125000
15518.156250,0.968750
15519.375000,1.218750
15520.546875,1.171875
15521.609375,1.062500
15522.750000,1.140625
15523.750000,1.000000
15524.812500,1.062500
15525.906250,1.093750
15526.906250,1.000000
15527.921875,1.015625
15529.031250,1.109375
15530.125000,1.093750
15531.078125,0.953125
15532.140625,1.062500
15533.250000,1.109375
15534.250000,1.000000
15535.328125,1.078125
15536.468750,1.140625
15537.468750,1.000000
15538.546875,1.078125
15539.703125,1.156250
15540.734375,1.031250
15541.796875,1.062500
15542.984375,1.187500
15544.046875,1.062500
15545.156250,1.109375
15546.328125,1.171875
15547.421875,1.093750
15548.453125,1.031250
15549.359375,0.906250
15550.296875,0.937500
15551.296875,1.000000
15552.250000,0.953125
15558.093750,1.093750
15559.296875,1.203125
15560.484375,1.187500
15561.609375,1.125000
15562.781250,1.171875
15564.000000,1.218750
15565.140625,1.140625
15566.281250,1.140625
15567.546875,1.265625
15568.781250,1.234375
15569.906250,1.125000
15571.125000,1.218750
15572.296875,1.171875
15573.359375,1.062500
15574.531250,1.171875
15575.734375,1.203125
15576.968750,1.234375
15578.156250,1.187500
15579.328125,1.171875
15580.437500,1.109375
15581.546875,1.109375
15582.687500,1.140625
15583.765625,1.078125
15584.734375,0.968750
15585.875000,1.140625
15586.984375,1.109375
15588.015625,1.031250
15589.125000,1.109375
15590.375000,1.250000
15591.468750,1.093750
15592.515625,1.046875
15593.750000,1.234375
15594.875000,1.125000
15595.921875,1.046875
15597.078125,1.156250
15598.234375,1.156250
15599.281250,1.046875
15600.437500,1.156250
15601.546875,1.109375
15602.578125,1.031250
15603.765625,1.187500
15604.921875,1.156250
15606.046875,1.125000
15607.250000,1.203125
15608.406250,1.156250
15609.453125,1.046875
15610.656250,1.203125
15611.859375,1.203125
15612.953125,1.093750
15614.234375,1.281250
15615.453125,1.218750
15616.546875,1.093750
15617.718750,1.171875
15618.906250,1.187500
15619.937500,1.031250
15621.062500,1.125000
15622.000000,0.937500
15623.000000,1.000000
15624.015625,1.015625
15625.000000,0.984375
15631.984375,1.078125
15633.187500,1.203125
15634.421875,1.234375
15635.546875,1.125000
15636.703125,1.156250
15637.875000,1.171875
15638.890625,1.015625
15640.062500,1.171875
15641.296875,1.234375
15642.375000,1.078125
15643.531250,1.156250
15644.765625,1.234375
15645.890625,1.125000
15646.968750,1.078125
15647.921875,0.953125
15653.843750,1.046875
15655.046875,1.203125
15656.218750,1.171875
15657.281250,1.062500
15658.312500,1.031250
15659.609375,1.296875
15660.640625,1.031250
15661.765625,1.125000
15662.906250,1.140625
15663.937500,1.031250
15665.015625,1.078125
15666.125000,1.109375
15667.140625,1.015625
15668.125000,0.984375
15669.171875,1.046875
15670.265625,1.093750
15671.296875,1.031250
15672.484375,1.187500
15673.562500,1.078125
15674.609375,1.046875
15675.687500,1.078125
15676.703125,1.015625
15677.593750,0.890625
15678.671875,1.078125
15679.828125,1.156250
15680.921875,1.093750
15681.906250,0.984375
15683.078125,1.171875
15684.312500,1.234375
15685.468750,1.156250
15686.484375,1.015625
15687.609375,1.125000
15688.765625,1.156250
15689.828125,1.062500
15690.859375,1.031250
15692.000000,1.140625
15693.156250,1.156250
15694.281250,1.125000
15695.312500,1.031250
15696.406250,1.093750
15697.703125,1.296875
15698.718750,1.015625
15699.843750,1.125000
15700.968750,1.125000
15702.109375,1.140625
15703.265625,1.156250
15704.359375,1.093750
15705.468750,1.109375
15706.484375,1.015625
15707.515625,1.031250
15708.671875,1.156250
15709.828125,1.156250
15710.843750,1.015625
15717.484375,1.078125
15718.484375,1.000000
15719.687500,1.203125
15720.828125,1.140625
15721.843750,1.015625
15722.953125,1.109375
15724.125000,1.171875
15725.203125,1.078125
15726.343750,1.140625
15727.484375,1.140625
15728.453125,0.968750
15729.531250,1.078125
15730.687500,1.156250
15731.671875,0.984375
15732.796875,1.125000
15733.906250,1.109375
15734.937500,1.031250
15736.062500,1.125000
15737.140625,1.078125
15738.109375,0.968750
15739.203125,1.093750
15740.343750,1.140625
15741.343750,1.000000
15742.359375,1.015625
15743.484375,1.125000
15744.500000,1.015625
15745.671875,1.171875
15746.890625,1.218750
15747.906250,1.015625
15749.000000,1.093750
15750.140625,1.140625
15751.187500,1.046875
15752.265625,1.078125
15753.453125,1.187500
15754.625000,1.171875
15755.703125,1.078125
15757.015625,1.312500
15758.156250,1.140625
15759.234375,1.078125
15760.281250,1.046875
15761.421875,1.140625
15762.468750,1.046875
15763.421875,0.953125
15764.515625,1.093750
15765.578125,1.062500
15766.531250,0.953125
15767.703125,1.171875
15768.859375,1.156250
15769.890625,1.031250
15771.109375,1.218750
15772.312500,1.203125
15773.312500,1.000000
15774.375000,1.062500
15775.500000,1.125000
15776.562500,1.062500
15777.593750,1.031250
15778.765625,1.171875
15779.921875,1.156250
15780.968750,1.046875
15782.093750,1.125000
15783.281250,1.187500
15784.296875,1.015625
15785.375000,1.078125
15786.515625,1.140625
15787.531250,1.015625
15788.671875,1.140625
15789.812500,1.140625
15790.875000,1.062500
15791.984375,1.109375
15793.046875,1.062500
15794.109375,1.062500
15795.281250,1.171875
15796.468750,1.187500
15797.484375,1.015625
15798.593750,1.109375
15799.734375,1.140625
15800.843750,1.109375
15801.906250,1.062500
15803.156250,1.250000
15804.312500,1.156250
15805.343750,1.031250
15806.562500,1.218750
15807.796875,1.234375
15808.906250,1.109375
15810.015625,1.109375
15811.296875,1.281250
15812.531250,1.234375
15813.562500,1.031250
15814.765625,1.203125
15815.906250,1.140625
15817.171875,1.265625
15818.140625,0.968750
15819.265625,1.125000
15820.375000,1.109375
15821.359375,0.984375
15822.468750,1.109375
15823.609375,1.140625
15824.625000,1.015625
15825.734375,1.109375
15826.890625,1.156250
15827.921875,1.031250
15829.031250,1.109375
15830.125000,1.093750
15831.093750,0.968750
15832.203125,1.109375
15833.406250,1.203125
15834.437500,1.031250
15835.531250,1.093750
15836.671875,1.140625
15837.734375,1.062500
15838.781250,1.046875
15839.921875,1.140625
15841.078125,1.156250
15842.140625,1.062500
15843.281250,1.140625
15844.421875,1.140625
15845.421875,1.000000
15846.546875,1.125000
15847.718750,1.171875
15848.718750,1.000000
15849.843750,1.125000
15851.031250,1.187500
15852.046875,1.015625
15853.234375,1.187500
15854.453125,1.218750
15855.531250,1.078125
15856.703125,1.171875
15857.843750,1.140625
15858.968750,1.125000
15860.234375,1.265625
15861.421875,1.187500
15862.453125,1.031250
15863.578125,1.125000
15864.750000,1.171875
15865.781250,1.031250
15866.953125,1.171875
15868.093750,1.140625
15869.125000,1.031250
15870.250000,1.125000
15871.390625,1.140625
15872.406250,1.015625
15873.484375,1.078125
15874.640625,1.156250
15875.750000,1.109375
15876.750000,1.000000
15877.859375,1.109375
15878.984375,1.125000
15880.015625,1.031250
15881.156250,1.140625
15882.046875,0.890625
15887.500000,0.921875
15888.421875,0.921875
15889.312500,0.890625
15890.343750,1.031250
15891.203125,0.859375
15892.187500,0.984375
15893.218750,1.031250
15894.187500,0.968750
15895.375000,1.187500
15896.562500,1.187500
15897.609375,1.046875
15898.875000,1.265625
15900.078125,1.203125
15901.125000,1.046875
15902.250000,1.125000
15903.390625,1.140625
15904.453125,1.062500
15905.406250,0.953125
15906.484375,1.078125
15907.656250,1.171875
15908.703125,1.046875
15909.859375,1.156250
15911.000000,1.140625
15912.031250,1.031250
15913.234375,1.203125
15914.500000,1.265625
15915.625000,1.125000
15916.796875,1.171875
15918.031250,1.234375
15919.125000,1.093750
15920.265625,1.140625
15921.437500,1.171875
15922.578125,1.140625
15923.593750,1.015625
15924.718750,1.125000
15925.953125,1.234375
15927.015625,1.062500
15928.109375,1.093750
15929.218750,1.109375
15930.406250,1.187500
15931.437500,1.031250
15932.578125,1.140625
15933.750000,1.171875
15934.812500,1.062500
15936.046875,1.234375
15937.171875,1.125000
15938.296875,1.125000
15939.468750,1.171875
15940.656250,1.187500
15941.734375,1.078125
15942.984375,1.250000
15944.156250,1.171875
15945.187500,1.031250
15946.281250,1.093750
15947.437500,1.156250
15948.515625,1.078125
15949.718750,1.203125
15950.906250,1.187500
15951.953125,1.046875
15953.125000,1.171875
15954.265625,1.140625
15955.296875,1.031250
15956.453125,1.156250
15957.578125,1.125000
15958.578125,1.000000
15959.734375,1.156250
15960.937500,1.203125
15961.937500,1.000000
15962.968750,1.031250
15963.875000,0.906250
15969.640625,1.078125
15970.843750,1.203125
15972.078125,1.234375
15973.171875,1.093750
15974.296875,1.125000
15975.468750,1.171875
15976.593750,1.125000
15977.656250,1.062500
15978.828125,1.171875
15979.968750,1.140625
15980.984375,1.015625
15982.140625,1.156250
15983.312500,1.171875
15984.312500,1.000000
15985.203125,0.890625
15986.125000,0.921875
15987.312500,1.187500
15988.250000,0.937500
15989.359375,1.109375
15990.500000,1.140625
15991.562500,1.062500
15992.812500,1.250000
15994.000000,1.187500
15995.171875,1.171875
15996.359375,1.187500
15997.687500,1.328125
15998.796875,1.109375
16000.015625,1.218750
16001.234375,1.218750
16002.296875,1.062500
16003.453125,1.156250
16004.625000,1.171875
16005.812500,1.187500
16006.906250,1.093750
16008.078125,1.171875
16009.250000,1.171875
16010.359375,1.109375
16011.468750,1.109375
16012.593750,1.125000
16013.562500,0.968750
16014.609375,1.046875
16015.718750,1.109375
16016.687500,0.968750
16017.796875,1.109375
16019.015625,1.218750
16020.078125,1.062500
16021.062500,0.984375
16022.109375,1.046875
16023.046875,0.937500
16023.984375,0.937500
16025.015625,1.031250
16025.984375,0.968750
16026.937500,0.953125
16028.015625,1.078125
16029.109375,1.093750
16030.109375,1.000000
16031.187500,1.078125
16032.250000,1.062500
16033.218750,0.968750
16034.250000,1.031250
16035.390625,1.140625
16036.500000,1.109375
16037.593750,1.093750
16038.765625,1.171875
16039.921875,1.156250
16040.984375,1.062500
16042.140625,1.156250
16043.312500,1.171875
16044.343750,1.031250
16045.453125,1.109375
16046.562500,1.109375
16047.656250,1.093750
16048.812500,1.156250
16049.906250,1.093750
16050.984375,1.078125
16052.187500,1.203125
16053.343750,1.156250
16054.375000,1.031250
16055.500000,1.125000
16056.687500,1.187500
16057.765625,1.078125
16058.921875,1.156250
16060.062500,1.140625
16061.062500,1.000000
16062.156250,1.093750
16063.281250,1.125000
16064.265625,0.984375
16065.359375,1.093750
16066.546875,1.187500
16067.609375,1.062500
16068.703125,1.093750
16069.890625,1.187500
16070.890625,1.000000
16071.921875,1.031250
16073.109375,1.187500
16074.234375,1.125000
16075.328125,1.093750
16076.500000,1.171875
16077.609375,1.109375
16078.671875,1.062500
16079.781250,1.109375
16080.828125,1.046875
16081.968750,1.140625
16083.250000,1.281250
16084.437500,1.187500
16085.656250,1.218750
16086.937500,1.281250
16088.078125,1.140625
16089.234375,1.156250
16090.453125,1.218750
16091.640625,1.187500
16092.796875,1.156250
16093.968750,1.171875
16095.140625,1.171875
16096.203125,1.062500
16097.359375,1.156250
16098.546875,1.187500
16099.640625,1.093750
16100.828125,1.187500
16102.031250,1.203125
16103.125000,1.093750
16104.281250,1.156250
16105.421875,1.140625
16106.468750,1.046875
16107.531250,1.062500
16108.640625,1.109375
16109.687500,1.046875
16110.640625,0.953125
16111.687500,1.046875
16112.718750,1.031250
16113.687500,0.968750
16114.765625,1.078125
16115.843750,1.078125
16116.828125,0.984375
16118.078125,1.250000
16119.171875,1.093750
16120.156250,0.984375
16121.250000,1.093750
16122.359375,1.109375
16123.312500,0.953125
16124.343750,1.031250
16125.421875,1.078125
16126.312500,0.890625
16127.187500,0.875000
16149.468750,1.031250
16150.343750,0.875000
16151.328125,0.984375
16152.390625,1.062500
16153.421875,1.031250
16154.375000,0.953125
16155.437500,1.062500
16156.500000,1.062500
16157.453125,0.953125
16158.515625,1.062500
16159.593750,1.078125
16160.562500,0.968750
16161.609375,1.046875
16162.703125,1.093750
16163.687500,0.984375
16164.765625,1.078125
16165.828125,1.062500
16166.781250,0.953125
16167.812500,1.031250
16168.843750,1.031250
16169.796875,0.953125
16170.859375,1.062500
16171.984375,1.125000
16172.984375,1.000000
16174.109375,1.125000
16175.203125,1.093750
16181.500000,1.046875
16182.484375,0.984375
16183.562500,1.078125
16184.640625,1.078125
16185.656250,1.015625
16186.734375,1.078125
16187.781250,1.046875
16188.796875,1.015625
16189.843750,1.046875
16190.875000,1.031250
16191.875000,1.000000
16192.843750,0.968750
16193.890625,1.046875
16194.937500,1.046875
16195.921875,0.984375
16196.984375,1.062500
16198.031250,1.046875
16199.062500,1.031250
16200.125000,1.062500
16201.187500,1.062500
16202.171875,0.984375
16203.218750,1.046875
16204.218750,1.000000
16205.156250,0.937500
16206.171875,1.015625
16207.187500,1.015625
16211.812500,0.953125
16212.828125,1.015625
16213.781250,0.953125
16214.843750,1.062500
16215.890625,1.046875
16216.921875,1.031250
16218.015625,1.093750
16219.062500,1.046875
16220.140625,1.078125
16221.218750,1.078125
16222.234375,1.015625
16223.343750,1.109375
16224.453125,1.109375
16225.546875,1.093750
16226.718750,1.171875
16227.812500,1.093750
16228.968750,1.156250
16230.125000,1.156250
16231.171875,1.046875
16232.343750,1.171875
16233.453125,1.109375
16234.593750,1.140625
16235.750000,1.156250
16236.796875,1.046875
16237.937500,1.140625
16239.203125,1.265625
16240.281250,1.078125
16241.406250,1.125000
16242.468750,1.062500
16243.531250,1.062500
16244.656250,1.125000
16245.687500,1.031250
16246.828125,1.140625
16247.937500,1.109375
16249.000000,1.062500
16250.125000,1.125000
16251.187500,1.062500
16252.250000,1.062500
16253.390625,1.140625
16254.453125,1.062500
16255.562500,1.109375
16256.656250,1.093750
16257.671875,1.015625
16258.750000,1.078125
16259.843750,1.093750
16260.843750,1.000000
16261.921875,1.078125
16262.968750,1.046875
16263.968750,1.000000
16265.078125,1.109375
16266.171875,1.093750
16267.218750,1.046875
16268.359375,1.140625
16269.421875,1.062500
16270.453125,1.031250
16271.562500,1.109375
16272.468750,0.906250
16290.640625,1.015625
16291.593750,0.953125
16299.531250,1.015625
16300.546875,1.015625
16301.578125,1.031250
16302.531250,0.953125
16303.578125,1.046875
16304.640625,1.062500
16305.640625,1.000000
16306.687500,1.046875
16307.781250,1.093750
16308.796875,1.015625
16309.843750,1.046875
16310.828125,0.984375
16311.828125,1.000000
16312.921875,1.093750
16313.984375,1.062500
16315.031250,1.046875
16316.109375,1.078125
16317.062500,0.953125
16318.078125,1.015625
16319.109375,1.031250
16320.062500,0.953125
16321.109375,1.046875
16322.140625,1.031250
16323.109375,0.968750
16324.156250,1.046875
16325.156250,1.000000
16326.171875,1.015625
16327.218750,1.046875
16328.203125,0.984375
16329.234375,1.031250
16330.281250,1.046875
16331.234375,0.953125
16332.234375,1.000000
16333.187500,0.953125
16334.156250,0.968750
16335.203125,1.046875
16336.156250,0.953125
16337.218750,1.062500
16338.265625,1.046875
16339.203125,0.937500
16340.218750,1.015625
16341.203125,0.984375
16342.093750,0.890625
16342.953125,0.859375
16343.765625,0.812500
16344.671875,0.906250
16345.593750,0.921875
16346.625000,1.031250
16347.640625,1.015625
16348.640625,1.000000
16349.703125,1.062500
16350.765625,1.062500
16351.750000,0.984375
16352.765625,1.015625
16353.750000,0.984375
16354.718750,0.968750
16355.781250,1.062500
16356.750000,0.968750
16357.796875,1.046875
16359.046875,1.250000
16360.031250,0.984375
16361.093750,1.062500
16362.171875,1.078125
16363.250000,1.078125
16364.421875,1.171875
16365.453125,1.031250
16366.531250,1.078125
16367.593750,1.062500
16368.640625,1.046875
16369.750000,1.109375
16370.781250,1.031250
16371.875000,1.093750
16373.000000,1.125000
16374.000000,1.000000
16375.062500,1.062500
16376.109375,1.046875
16377.140625,1.031250
16378.281250,1.140625
16379.265625,0.984375
16380.375000,1.109375
16381.468750,1.093750
16382.437500,0.968750
16383.531250,1.093750
16384.609375,1.078125
16385.656250,1.046875
16386.781250,1.125000
16387.812500,1.031250
16388.843750,1.031250
16389.953125,1.109375
16390.937500,0.984375
16392.046875,1.109375
16393.109375,1.062500
16394.171875,1.062500
16395.328125,1.156250
16396.343750,1.015625
16397.484375,1.140625
16398.640625,1.156250
16399.640625,1.000000
16400.765625,1.125000
16401.843750,1.078125
16402.906250,1.062500
16404.015625,1.109375
16405.078125,1.062500
16406.171875,1.093750
16407.281250,1.109375
16408.328125,1.046875
16409.406250,1.078125
16410.468750,1.062500
16411.484375,1.015625
16412.625000,1.140625
16413.671875,1.046875
16414.765625,1.093750
16415.859375,1.093750
16421.703125,1.000000
16422.687500,0.984375
16423.703125,1.015625
16424.703125,1.000000
16425.671875,0.968750
16426.703125,1.031250
16427.718750,1.015625
16428.703125,0.984375
16429.765625,1.062500
16430.796875,1.031250
16431.796875,1.000000
16432.859375,1.062500
16433.906250,1.046875
16434.906250,1.000000
16435.953125,1.046875
16437.000000,1.046875
16438.031250,1.031250
16439.125000,1.093750
16440.109375,0.984375
16441.203125,1.093750
16442.234375,1.031250
16443.234375,1.000000
16444.312500,1.078125
16445.328125,1.015625
16446.312500,0.984375
16447.359375,1.046875
16448.343750,0.984375
16449.375000,1.031250
16450.437500,1.062500
16451.406250,0.968750
16452.453125,1.046875
16453.531250,1.078125
16454.500000,0.968750
16455.562500,1.062500
16456.656250,1.093750
16464.609375,1.078125
16465.671875,1.062500
16466.656250,0.984375
16467.765625,1.109375
16468.828125,1.062500
16469.812500,0.984375
16470.906250,1.093750
16472.000000,1.093750
16473.015625,1.015625
16474.156250,1.140625
16475.203125,1.046875
16476.203125,1.000000
16477.281250,1.078125
16478.328125,1.046875
16479.515625,1.187500
16480.593750,1.078125
16481.578125,0.984375
16482.640625,1.062500
16483.718750,1.078125
16484.734375,1.015625
16485.828125,1.093750
16486.937500,1.109375
16487.953125,1.015625
16489.062500,1.109375
16499.093750,1.078125
16500.031250,0.937500
16501.093750,1.062500
16502.156250,1.062500
16503.156250,1.000000
16504.203125,1.046875
16505.218750,1.015625
16506.203125,0.984375
16507.250000,1.046875
16508.203125,0.953125
16509.203125,1.000000
16510.203125,1.000000
16511.140625,0.937500
16512.187500,1.046875
16513.234375,1.046875
16514.250000,1.015625
16515.281250,1.031250
16516.187500,0.906250
16517.078125,0.890625
16517.921875,0.843750
16518.796875,0.875000
16519.640625,0.843750
16520.515625,0.875000
16528.328125,0.906250
16529.421875,1.093750
16530.531250,1.109375
16531.609375,1.078125
16532.625000,1.015625
16533.671875,1.046875
16534.734375,1.062500
16535.687500,0.953125
16536.734375,1.046875
16537.828125,1.093750
16538.828125,1.000000
16539.937500,1.109375
16541.031250,1.093750
16542.093750,1.062500
16543.234375,1.140625
16544.281250,1.046875
16545.296875,1.015625
16563.984375,1.093750
16565.015625,1.031250
16566.140625,1.125000
16567.203125,1.062500
16568.265625,1.062500
16569.421875,1.156250
16570.468750,1.046875
16571.515625,1.046875
16572.625000,1.109375
16573.656250,1.031250
16574.687500,1.031250
16575.718750,1.031250
16576.734375,1.015625
16577.796875,1.062500
16578.906250,1.109375
16579.953125,1.046875
16581.046875,1.093750
16582.093750,1.046875
16583.125000,1.031250
16584.187500,1.062500
16585.203125,1.015625
16586.187500,0.984375
16587.218750,1.031250
16588.281250,1.062500
16589.312500,1.031250
16590.390625,1.078125
16591.421875,1.031250
16592.406250,0.984375
16593.453125,1.046875
16594.500000,1.046875
16595.484375,0.984375
16596.546875,1.062500
16597.578125,1.031250
16729.156250,1.000000
16817.281250,0.843750
16818.453125,1.171875
16877.796875,0.906250
16878.796875,1.000000
16879.703125,0.906250
16913.281250,0.828125
16914.109375,0.828125
16915.031250,0.921875
16925.093750,0.937500
16933.609375,0.984375
16934.578125,0.968750
16935.390625,0.812500
16936.500000,1.109375
16937.484375,0.984375
16938.437500,0.953125
16939.437500,1.000000
16950.890625,0.968750
16951.796875,0.906250
16988.625000,0.828125
16989.546875,0.921875
16990.484375,0.937500
16991.421875,0.937500
16992.437500,1.015625
16993.500000,1.062500
17008.015625,0.906250
17029.375000,0.921875
17030.343750,0.968750
17031.265625,0.921875
17032.265625,1.000000
17033.281250,1.015625
17108.015625,0.828125
17108.859375,0.843750
17109.796875,0.937500
17110.656250,0.859375
17111.515625,0.859375
17112.593750,1.078125
17113.625000,1.031250
17114.640625,1.015625
17115.734375,1.093750
17121.562500,1.000000
17122.578125,1.015625
17123.546875,0.968750
17124.484375,0.937500
17125.484375,1.000000
17126.500000,1.015625
17127.406250,0.906250
17128.406250,1.000000
17129.453125,1.046875
17130.421875,0.968750
17131.453125,1.031250
17132.453125,1.000000
17133.406250,0.953125
17134.437500,1.031250
17135.515625,1.078125
17153.796875,1.093750
17154.781250,0.984375
17155.828125,1.046875
17157.000000,1.171875
17158.093750,1.093750
17159.093750,1.000000
17160.203125,1.109375
17161.343750,1.140625
17168.750000,1.000000
17177.437500,1.109375
17178.375000,0.937500
17215.453125,1.015625
17216.500000,1.046875
17217.453125,0.953125
17218.453125,1.000000
17228.828125,0.828125
17229.703125,0.875000
17230.703125,1.000000
17231.687500,0.984375
17232.609375,0.921875
17233.593750,0.984375
17271.281250,1.015625
17272.265625,0.984375
17273.093750,0.828125
17274.187500,1.093750
17281.046875,1.015625
17288.453125,1.000000
17298.265625,1.062500
17299.156250,0.890625
17299.937500,0.781250
17300.984375,1.046875
17302.156250,1.171875
17310.015625,1.031250
17311.078125,1.062500
17312.015625,0.937500
17313.109375,1.093750
17314.218750,1.109375
17315.171875,0.953125
17316.156250,0.984375
17317.156250,1.000000
17318.078125,0.921875
17319.078125,1.000000
17320.187500,1.109375
17321.218750,1.031250
17322.203125,0.984375
17323.296875,1.093750
17324.406250,1.109375
17325.390625,0.984375
17326.421875,1.031250
17327.453125,1.031250
17328.390625,0.937500
17329.375000,0.984375
17330.500000,1.125000
17331.546875,1.046875
17332.656250,1.109375
17333.781250,1.125000
17334.765625,0.984375
17357.390625,0.906250
17358.203125,0.812500
17369.000000,0.703125
17369.828125,0.828125
17374.687500,0.828125
17375.500000,0.812500
17376.281250,0.781250
17377.062500,0.781250
17377.921875,0.859375
17378.890625,0.968750
17388.171875,1.031250
17388.984375,0.812500
17398.953125,0.906250
17399.906250,0.953125
17400.859375,0.953125
17401.765625,0.906250
17402.734375,0.968750
17403.718750,0.984375
17404.578125,0.859375
17405.531250,0.953125
17406.562500,1.031250
17428.671875,0.968750
17429.734375,1.062500
17430.734375,1.000000
17431.640625,0.906250
17432.609375,0.968750
17433.640625,1.031250
17434.562500,0.921875
17435.578125,1.015625
17436.640625,1.062500
17437.578125,0.937500
17438.578125,1.000000
17439.640625,1.062500
17440.578125,0.937500
17441.765625,1.187500
17442.812500,1.046875
17443.750000,0.937500
17444.718750,0.968750
17445.765625,1.046875
17446.703125,0.937500
17447.703125,1.000000
17448.765625,1.062500
17449.734375,0.968750
17450.687500,0.953125
17451.671875,0.984375
17452.703125,1.031250
17453.640625,0.937500
17454.671875,1.031250
17455.718750,1.046875
17465.421875,0.984375
17466.343750,0.921875
17467.328125,0.984375
17475.250000,0.921875
17476.234375,0.984375
17477.312500,1.078125
17478.234375,0.921875
17479.250000,1.015625
17480.296875,1.046875
17481.234375,0.937500
17482.265625,1.031250
17483.296875,1.031250
17484.234375,0.937500
17485.234375,1.000000
17486.281250,1.046875
17487.421875,1.140625
17492.218750,1.015625
17493.296875,1.078125
17494.234375,0.937500
17495.203125,0.968750
17496.250000,1.046875
17497.187500,0.937500
17498.187500,1.000000
17504.953125,0.968750
17505.968750,1.015625
17506.875000,0.906250
17507.859375,0.984375
17508.890625,1.031250
17509.812500,0.921875
17510.796875,0.984375
17511.781250,0.984375
17512.671875,0.890625
17513.625000,0.953125
17514.593750,0.968750
17515.484375,0.890625
17521.078125,0.859375
17521.937500,0.859375
17522.828125,0.890625
17523.578125,0.750000
17524.578125,1.000000
17525.437500,0.859375
17526.406250,0.968750
17527.328125,0.921875
17533.734375,1.000000
17534.625000,0.890625
17535.609375,0.984375
17536.671875,1.062500
17537.625000,0.953125
17538.640625,1.015625
17539.687500,1.046875
17540.625000,0.937500
17541.609375,0.984375
17542.671875,1.062500
17543.656250,0.984375
17544.687500,1.031250
17545.781250,1.093750
17546.796875,1.015625
17547.781250,0.984375
17548.859375,1.078125
17549.906250,1.046875
17550.906250,1.000000
17552.015625,1.109375
17553.093750,1.078125
17554.046875,0.953125
17555.031250,0.984375
17555.875000,0.843750
17556.953125,1.078125
17557.953125,1.000000
17559.015625,1.062500
17560.031250,1.015625
17561.250000,1.218750
17562.390625,1.140625
17563.437500,1.046875
17564.453125,1.015625
17565.531250,1.078125
17566.609375,1.078125
17567.531250,0.921875
17587.921875,1.015625
17588.984375,1.062500
17589.968750,0.984375
17590.937500,0.968750
17591.953125,1.015625
17592.906250,0.953125
17593.812500,0.906250
17594.687500,0.875000
17595.671875,0.984375
17596.640625,0.968750
17597.500000,0.859375
17598.343750,0.843750
17599.250000,0.906250
17600.203125,0.953125
17601.125000,0.921875
17601.968750,0.843750
17602.875000,0.906250
17603.859375,0.984375
17604.796875,0.937500
17605.703125,0.906250
17606.703125,1.000000
17607.734375,1.031250
17608.734375,1.000000
17609.703125,0.968750
17610.734375,1.031250
17617.671875,0.953125
17634.796875,0.984375
17635.703125,0.906250
17636.656250,0.953125
17637.671875,1.015625
17643.390625,0.890625
17644.343750,0.953125
17645.328125,0.984375
17646.234375,0.906250
17647.218750,0.984375
17648.234375,1.015625
17649.203125,0.968750
17650.140625,0.937500
17650.968750,0.828125
17651.843750,0.875000
17652.796875,0.953125
17653.671875,0.875000
17654.625000,0.953125
17655.625000,1.000000
17656.578125,0.953125
17657.531250,0.953125
17658.546875,1.015625
17659.500000,0.953125
17660.453125,0.953125
17661.453125,1.000000
17662.453125,1.000000
17663.359375,0.906250
17664.343750,0.984375
17665.359375,1.015625
17666.281250,0.921875
17667.218750,0.937500
17668.234375,1.015625
17669.234375,1.000000
17670.171875,0.937500
17671.093750,0.921875
17672.109375,1.015625
17673.015625,0.906250
17673.984375,0.968750
17674.937500,0.953125
17675.781250,0.843750
17676.640625,0.859375
17677.578125,0.937500
17683.015625,0.968750
17684.000000,0.984375
17684.890625,0.890625
17690.406250,0.953125
17691.281250,0.875000
17692.234375,0.953125
17693.218750,0.984375
17694.109375,0.890625
17705.234375,0.906250
17706.171875,0.937500
17707.078125,0.906250
17707.953125,0.875000
17708.875000,0.921875
17709.859375,0.984375
17710.781250,0.921875
17711.765625,0.984375
17721.640625,0.937500
17722.671875,1.031250
17723.656250,0.984375
17724.671875,1.015625
17725.750000,1.078125
17734.796875,0.890625
17735.765625,0.968750
17736.656250,0.890625
17737.578125,0.921875
17738.562500,0.984375
17739.468750,0.906250
17740.437500,0.968750
17741.625000,1.187500
17742.578125,0.953125
17743.531250,0.953125
17744.531250,1.000000
17745.531250,1.000000
17746.437500,0.906250
17747.453125,1.015625
17759.265625,0.953125
17760.250000,0.984375
17761.265625,1.015625
17762.156250,0.890625
17763.140625,0.984375
17764.203125,1.062500
17765.140625,0.937500
17766.140625,1.000000
17767.187500,1.046875
17768.125000,0.937500
17769.093750,0.968750
17770.125000,1.031250
17771.031250,0.906250
17771.781250,0.750000
17772.609375,0.828125
17789.546875,0.859375
17790.453125,0.906250
17791.421875,0.968750
17792.312500,0.890625
17793.281250,0.968750
17794.312500,1.031250
17795.203125,0.890625
17796.187500,0.984375
17797.203125,1.015625
17798.109375,0.906250
17799.109375,1.000000
17800.140625,1.031250
17801.062500,0.921875
17802.234375,1.171875
17803.265625,1.031250
17804.187500,0.921875
17805.156250,0.968750
17806.156250,1.000000
17807.062500,0.906250
17808.031250,0.968750
17809.031250,1.000000
17809.953125,0.921875
17810.953125,1.000000
17812.015625,1.062500
17812.953125,0.937500
17813.953125,1.000000
17814.937500,0.984375
17815.859375,0.921875
17816.843750,0.984375
17817.828125,0.984375
17818.718750,0.890625
17819.687500,0.968750
17820.656250,0.968750
17821.500000,0.843750
17822.390625,0.890625
17829.750000,0.859375
17830.687500,0.937500
17831.593750,0.906250
17832.593750,1.000000
17833.625000,1.031250
17834.578125,0.953125
17835.578125,1.000000
17836.609375,1.031250
17837.546875,0.937500
17838.531250,0.984375
17839.562500,1.031250
17840.593750,1.031250
17841.625000,1.031250
17842.703125,1.078125
17843.750000,1.046875
17844.765625,1.015625
17845.828125,1.062500
17846.812500,0.984375
17847.796875,0.984375
17848.843750,1.046875
17849.843750,1.000000
17850.781250,0.937500
17851.796875,1.015625
17852.781250,0.984375
17853.640625,0.859375
17854.593750,0.953125
17855.609375,1.015625
17856.500000,0.890625
17857.484375,0.984375
17858.531250,1.046875
17859.484375,0.953125
17860.453125,0.968750
17861.515625,1.062500
17862.390625,0.875000
17867.218750,1.046875
17868.171875,0.953125
17869.109375,0.937500
17876.906250,1.031250
17877.828125,0.921875
17878.765625,0.937500
17879.750000,0.984375
17880.593750,0.843750
17887.437500,0.968750
17888.515625,1.078125
17889.484375,0.968750
17890.468750,0.984375
17891.500000,1.031250
17892.437500,0.937500
17893.406250,0.968750
17894.328125,0.921875
17908.796875,0.921875
17909.765625,0.968750
17917.062500,0.890625
17917.953125,0.890625
17918.968750,1.015625
17919.953125,0.984375
17920.906250,0.953125
17922.125000,1.218750
17923.093750,0.968750
17924.031250,0.937500
17945.281250,0.875000
17946.250000,0.968750
17947.265625,1.015625
17948.187500,0.921875
17949.156250,0.968750
17950.171875,1.015625
17959.718750,1.046875
17960.718750,1.000000
17961.609375,0.890625
17962.578125,0.968750
17963.609375,1.031250
17964.515625,0.906250
17965.500000,0.984375
17966.515625,1.015625
17967.437500,0.921875
17968.406250,0.968750
17969.421875,1.015625
17970.328125,0.906250
17971.312500,0.984375
17972.359375,1.046875
17973.265625,0.906250
17974.234375,0.968750
17975.281250,1.046875
17982.281250,1.109375
17983.218750,0.937500
17984.218750,1.000000
17985.234375,1.015625
17986.171875,0.937500
17987.093750,0.921875
17988.093750,1.000000
17989.140625,1.046875
17990.093750,0.953125
17991.078125,0.984375
17992.156250,1.078125
17993.156250,1.000000
17994.078125,0.921875
17995.015625,0.937500
17996.031250,1.015625
17997.015625,0.984375
17997.968750,0.953125
17999.031250,1.062500
18000.093750,1.062500
18001.062500,0.968750
18002.125000,1.062500
18003.187500,1.062500
18004.125000,0.937500
18005.140625,1.015625
18006.218750,1.078125
18007.156250,0.937500
18024.593750,0.843750
18025.593750,1.000000
18043.156250,0.796875
18044.031250,0.875000
18044.890625,0.859375
18045.765625,0.875000
18046.593750,0.828125
18047.375000,0.781250
18048.171875,0.796875
18048.984375,0.812500
18049.875000,0.890625
18050.812500,0.937500
18051.703125,0.890625
18052.515625,0.812500
18053.328125,0.812500
18054.187500,0.859375
18055.000000,0.812500
18055.843750,0.843750
18056.734375,0.890625
18057.640625,0.906250
18058.531250,0.890625
18059.531250,1.000000
18060.484375,0.953125
18061.421875,0.937500
18062.406250,0.984375
18068.984375,0.968750
18069.875000,0.890625
18070.796875,0.921875
18071.796875,1.000000
18077.140625,0.968750
18078.031250,0.890625
18079.000000,0.968750
18080.000000,1.000000
18080.906250,0.906250
18081.796875,0.890625
18082.734375,0.937500
18083.625000,0.890625
18084.515625,0.890625
18085.468750,0.953125
18086.406250,0.937500
18087.312500,0.906250
18088.281250,0.968750
18089.250000,0.968750
18090.203125,0.953125
18091.187500,0.984375
18092.140625,0.953125
18093.078125,0.937500
18094.062500,0.984375
18107.796875,1.078125
18108.781250,0.984375
18109.796875,1.015625
18110.609375,0.812500
18147.671875,0.781250
18148.437500,0.765625
18149.234375,0.796875
18150.062500,0.828125
18174.171875,0.765625
18264.703125,0.859375
18376.656250,0.890625
18377.468750,0.812500
18378.343750,0.875000
18379.125000,0.781250
18380.015625,0.890625
18397.687500,0.906250
18403.875000,0.921875
18404.828125,0.953125
18405.718750,0.890625
18406.546875,0.828125
18407.421875,0.875000
18408.093750,0.671875
18445.171875,1.031250
18446.156250,0.984375
18447.218750,1.062500
18448.296875,1.078125
18449.343750,1.046875
18608.640625,0.921875
18614.343750,1.015625
18615.328125,0.984375
18616.343750,1.015625
18617.437500,1.093750
18618.453125,1.015625
18619.500000,1.046875
18620.546875,1.046875
18621.484375,0.937500
18622.453125,0.968750
18623.468750,1.015625
18624.390625,0.921875
18625.375000,0.984375
18626.359375,0.984375
18627.312500,0.953125
18628.281250,0.968750
18629.328125,1.046875
18634.968750,1.000000
18635.859375,0.890625
18636.843750,0.984375
18637.812500,0.968750
18638.703125,0.890625
18639.687500,0.984375
18640.671875,0.984375
18766.312500,0.906250
18767.250000,0.937500
18767.968750,0.718750
18980.875000,0.937500
19003.890625,0.921875
19166.984375,0.828125
19167.890625,0.906250
19168.843750,0.953125
19169.671875,0.828125
19170.656250,0.984375
19171.609375,0.953125
19172.531250,0.921875
19182.046875,0.968750
19187.796875,0.984375
19188.781250,0.984375
19189.671875,0.890625
19190.562500,0.890625
19191.484375,0.921875
19192.296875,0.812500
19193.015625,0.718750
19193.734375,0.718750
19203.625000,0.953125
19204.578125,0.953125
19205.515625,0.937500
19206.468750,0.953125
19207.390625,0.921875
19208.312500,0.921875
19209.265625,0.953125
19210.218750,0.953125
19211.234375,1.015625
19212.250000,1.015625
19213.203125,0.953125
19225.296875,0.828125
19226.015625,0.718750
19231.515625,0.968750
19232.421875,0.906250
19233.390625,0.968750
19234.328125,0.937500
19241.515625,0.968750
19242.484375,0.968750
19249.000000,0.906250
19249.937500,0.937500
19250.875000,0.937500
19251.843750,0.968750
19252.859375,1.015625
19253.812500,0.953125
19254.812500,1.000000
19255.796875,0.984375
19256.671875,0.875000
19257.609375,0.937500
19258.562500,0.953125
19259.437500,0.875000
19260.312500,0.875000
19261.281250,0.968750
19262.187500,0.906250
19263.078125,0.890625
19264.078125,1.000000
19270.843750,0.921875
19271.609375,0.765625
19272.453125,0.843750
19273.250000,0.796875
19274.125000,0.875000
19330.078125,0.968750
19331.031250,0.953125
19331.937500,0.906250
19332.906250,0.968750
19333.781250,0.875000
19334.734375,0.953125
19340.656250,1.000000
19341.640625,0.984375
19342.640625,1.000000
19343.593750,0.953125
19344.500000,0.906250
19345.468750,0.968750
19346.390625,0.921875
19347.187500,0.796875
19348.093750,0.906250
19349.062500,0.968750
19349.937500,0.875000
19350.859375,0.921875
19351.843750,0.984375
19352.718750,0.875000
19353.593750,0.875000
19354.515625,0.921875
19355.468750,0.953125
19356.281250,0.812500
19357.203125,0.921875
19358.171875,0.968750
19359.046875,0.875000
19359.984375,0.937500
19360.984375,1.000000
19361.937500,0.953125
19680.312500,1.031250
19681.390625,1.078125
19682.484375,1.093750
19683.484375,1.000000
19684.484375,1.000000
19685.546875,1.062500
19690.453125,0.968750
19691.437500,0.984375
19697.265625,1.000000
19698.234375,0.968750
19702.828125,0.812500
19703.562500,0.734375
19704.375000,0.812500
19705.250000,0.875000
19706.328125,1.078125
19707.312500,0.984375
19713.984375,0.953125
19714.968750,0.984375
19715.968750,1.000000
19717.031250,1.062500
19718.078125,1.046875
19719.109375,1.031250
19720.031250,0.921875
19720.953125,0.921875
19721.890625,0.937500
19722.906250,1.015625
19723.937500,1.031250
19725.015625,1.078125
19726.359375,1.343750
19727.609375,1.250000
19731.875000,0.921875
19732.734375,0.859375
19733.531250,0.796875
19734.171875,0.640625
19734.968750,0.796875
19742.437500,0.859375
19750.296875,0.828125
19751.296875,1.000000
19752.343750,1.046875
19753.328125,0.984375
19762.250000,0.937500
19773.109375,0.750000
19780.656250,0.796875
19785.796875,1.062500
19786.828125,1.031250
19787.765625,0.937500
19788.640625,0.875000
19789.562500,0.921875
19790.500000,0.937500
19791.500000,1.000000
19792.484375,0.984375
19793.468750,0.984375
19794.453125,0.984375
19795.312500,0.859375
19796.437500,1.125000
19797.437500,1.000000
19798.437500,1.000000
19863.640625,1.031250
19864.656250,1.015625
19865.656250,1.000000
19866.671875,1.015625
19867.703125,1.031250
19868.687500,0.984375
19869.750000,1.062500
19870.734375,0.984375
19871.734375,1.000000
19872.703125,0.968750
19873.703125,1.000000
19874.734375,1.031250
19875.703125,0.968750
19876.703125,1.000000
19882.703125,0.984375
19883.671875,0.968750
19884.531250,0.859375
19885.437500,0.906250
19886.359375,0.921875
19887.281250,0.921875
19888.062500,0.781250
19889.062500,1.000000
19890.015625,0.953125
19890.859375,0.843750
19891.765625,0.906250
19892.718750,0.953125
19893.593750,0.875000
19894.515625,0.921875
19895.531250,1.015625
19906.843750,1.171875
19907.875000,1.031250
19908.890625,1.015625
20057.875000,0.875000
20058.687500,0.812500
20059.515625,0.828125
20060.312500,0.796875
20061.187500,0.875000
20062.093750,0.906250
20063.062500,0.968750
20079.078125,0.828125
20079.921875,0.843750
20080.875000,0.953125
20081.796875,0.921875
20082.796875,1.000000
20083.796875,1.000000
20084.828125,1.031250
20085.859375,1.031250
20087.046875,1.187500
20087.984375,0.937500
20112.000000,0.890625
20112.828125,0.828125
20133.500000,0.750000
20157.406250,0.843750
20158.218750,0.812500
20159.078125,0.859375
20159.953125,0.875000
20383.796875,0.984375
20384.828125,1.031250
20392.859375,0.968750
20443.500000,1.109375
20450.046875,1.000000
20450.984375,0.937500
20451.937500,0.953125
20452.921875,0.984375
20540.421875,0.921875
20541.328125,0.906250
20542.250000,0.921875
20543.046875,0.796875
20544.062500,1.015625
20544.921875,0.859375
20545.812500,0.890625
20546.750000,0.937500
20547.734375,0.984375
20657.328125,0.984375
20684.078125,0.937500
20722.218750,1.093750
20723.250000,1.031250
20724.343750,1.093750
20725.406250,1.062500
20726.421875,1.015625
20727.500000,1.078125
20728.484375,0.984375
20729.562500,1.078125
20730.656250,1.093750
20731.718750,1.062500
20732.828125,1.109375
20733.875000,1.046875
20734.890625,1.015625
20736.031250,1.140625
20737.078125,1.046875
20738.140625,1.062500
20739.250000,1.109375
20740.234375,0.984375
20741.375000,1.140625
20742.453125,1.078125
20765.937500,1.109375
20767.078125,1.140625
20768.156250,1.078125
20769.250000,1.093750
20770.375000,1.125000
20771.468750,1.093750
20772.546875,1.078125
20773.640625,1.093750
20774.718750,1.078125
20775.578125,0.859375
20776.796875,1.218750
20777.859375,1.062500
20778.937500,1.078125
20780.015625,1.078125
20780.875000,0.859375
20787.281250,0.953125
20788.296875,1.015625
20789.390625,1.093750
20790.343750,0.953125
20791.375000,1.031250
20798.640625,1.000000
20799.562500,0.921875
20800.640625,1.078125
20801.593750,0.953125
20802.687500,1.093750
20803.656250,0.968750
20852.046875,0.984375
20852.890625,0.843750
20859.546875,1.031250
20860.531250,0.984375
20861.656250,1.125000
20862.609375,0.953125
20863.640625,1.031250
20864.640625,1.000000
20865.593750,0.953125
20866.546875,0.953125
20867.468750,0.921875
20879.375000,0.890625
20880.296875,0.921875
20881.187500,0.890625
20882.109375,0.921875
20883.046875,0.937500
20896.015625,0.968750
20896.953125,0.937500
20897.937500,0.984375
20899.000000,1.062500
20900.093750,1.093750
20901.078125,0.984375
20902.156250,1.078125
20903.281250,1.125000
20904.296875,1.015625
20905.375000,1.078125
20923.937500,1.046875
20925.031250,1.093750
20926.140625,1.109375
20927.203125,1.062500
20928.296875,1.093750
20929.390625,1.093750
20937.703125,1.078125
20938.750000,1.046875
20939.843750,1.093750
20940.890625,1.046875
20941.828125,0.937500
20942.781250,0.953125
20943.828125,1.046875
20944.828125,1.000000
20945.796875,0.968750
20946.687500,0.890625
20947.671875,0.984375
20948.703125,1.031250
20949.703125,1.000000
20950.796875,1.093750
20951.890625,1.093750
20952.890625,1.000000
21042.875000,1.078125
21074.312500,1.078125
21075.375000,1.062500
21076.437500,1.062500
21077.500000,1.062500
21078.562500,1.062500
21079.593750,1.031250
21080.593750,1.000000
21090.312500,0.984375
21091.281250,0.968750
21092.281250,1.000000
21093.250000,0.968750
21094.140625,0.890625
21103.328125,1.062500
21104.359375,1.031250
21105.375000,1.015625
21106.421875,1.046875
21107.421875,1.000000
21108.437500,1.015625
21109.500000,1.062500
21110.359375,0.859375
21111.390625,1.031250
21112.437500,1.046875
21113.500000,1.062500
21114.468750,0.968750
21115.375000,0.906250
21116.343750,0.968750
21117.406250,1.062500
21118.453125,1.046875
21119.515625,1.062500
21120.437500,0.921875
21121.421875,0.984375
21122.468750,1.046875
21163.671875,0.984375
21164.718750,1.046875
21165.937500,1.218750
21167.015625,1.078125
21168.125000,1.109375
21309.609375,0.687500
21341.000000,0.625000
21341.562500,0.562500
21342.156250,0.593750
21397.796875,0.718750
21398.843750,1.046875
21399.687500,0.843750
21400.593750,0.906250
21420.265625,1.109375
21457.703125,0.984375
21458.656250,0.953125
21471.875000,0.843750
21472.812500,0.937500
21529.781250,0.875000
21530.812500,1.031250
21531.625000,0.812500
21537.546875,0.812500
21538.421875,0.875000
21539.328125,0.906250
21540.156250,0.828125
21540.906250,0.750000
21541.734375,0.828125
21542.500000,0.765625
21575.203125,0.937500
21592.968750,0.937500
21613.484375,0.968750
21614.437500,0.953125
21615.359375,0.921875
21616.265625,0.906250
21617.218750,0.953125
21636.156250,0.750000
21637.078125,0.921875
21637.937500,0.859375
21670.921875,0.718750
21690.515625,0.640625
21691.171875,0.656250
21691.843750,0.671875
21692.703125,0.859375
21824.453125,0.890625
21983.625000,0.546875
22071.625000,1.046875
22072.625000,1.000000
22077.046875,0.812500
22077.812500,0.765625
22087.703125,0.671875
22088.359375,0.656250
22089.015625,0.656250
22089.703125,0.687500
22267.781250,0.812500
22268.531250,0.750000
22269.359375,0.828125
22270.343750,0.984375
22271.140625,0.796875
22272.093750,0.953125
22273.031250,0.937500
22273.890625,0.859375
22274.843750,0.953125
22275.718750,0.875000
22276.656250,0.937500
22277.609375,0.953125
22278.484375,0.875000
22279.562500,1.078125
22280.484375,0.921875
22281.500000,1.015625
22282.593750,1.093750
22283.531250,0.937500
22284.734375,1.203125
22306.203125,1.140625
22307.421875,1.218750
22308.609375,1.187500
22309.546875,0.937500
22310.484375,0.937500
22311.562500,1.078125
22312.734375,1.171875
22321.109375,1.031250
22322.109375,1.000000
22323.062500,0.953125
22323.953125,0.890625
22324.828125,0.875000
22325.687500,0.859375
22326.500000,0.812500
22331.906250,0.921875
22332.875000,0.968750
22333.906250,1.031250
22334.796875,0.890625
22335.796875,1.000000
22337.015625,1.218750
22338.156250,1.140625
22339.328125,1.171875
22340.468750,1.140625
22341.546875,1.078125
22342.468750,0.921875
22343.421875,0.953125
22344.296875,0.875000
22345.296875,1.000000
22346.500000,1.203125
22347.656250,1.156250
22348.734375,1.078125
22349.812500,1.078125
22350.656250,0.843750
22351.562500,0.906250
22352.625000,1.062500
22353.765625,1.140625
22354.906250,1.140625
22355.968750,1.062500
22357.000000,1.031250
22357.968750,0.968750
22358.937500,0.968750
22359.843750,0.906250
22360.953125,1.109375
22362.062500,1.109375
22362.968750,0.906250
22363.953125,0.984375
22364.859375,0.906250
22371.218750,1.109375
22372.453125,1.234375
22373.531250,1.078125
22374.406250,0.875000
22375.312500,0.906250
22376.296875,0.984375
22377.375000,1.078125
22386.921875,1.140625
22388.015625,1.093750
22389.109375,1.093750
22390.187500,1.078125
22416.515625,0.781250
22417.593750,1.078125
22972.484375,1.000000
22973.437500,0.953125
22974.515625,1.078125
22975.468750,0.953125
22976.359375,0.890625
22977.515625,1.156250
22987.656250,1.015625
22988.859375,1.203125
22996.078125,0.984375
22997.187500,1.109375
22998.156250,0.968750
22999.156250,1.000000
23025.812500,0.937500
23026.750000,0.937500
23085.296875,1.156250
23086.343750,1.046875
23087.390625,1.046875
23088.500000,1.109375
23089.593750,1.093750
23090.640625,1.046875
23171.359375,1.156250
23172.593750,1.234375
23173.734375,1.140625
23192.781250,1.062500
23193.984375,1.203125
23195.031250,1.046875
23196.171875,1.140625
23197.343750,1.171875
23198.421875,1.078125
23199.593750,1.171875
23200.734375,1.140625
23201.781250,1.046875
23202.937500,1.156250
23204.078125,1.140625
23205.156250,1.078125
23206.328125,1.171875
23207.421875,1.093750
23208.562500,1.140625
23209.703125,1.140625
23217.546875,1.093750
23218.796875,1.250000
23219.921875,1.125000
23221.046875,1.125000
23222.265625,1.218750
23223.312500,1.046875
23224.531250,1.218750
23225.687500,1.156250
23226.781250,1.093750
23227.953125,1.171875
23229.031250,1.078125
23229.968750,0.937500
23235.828125,1.078125
23236.968750,1.140625
23238.093750,1.125000
23239.187500,1.093750
23240.406250,1.218750
23241.515625,1.109375
23242.687500,1.171875
23243.859375,1.171875
23244.906250,1.046875
23246.062500,1.156250
23247.203125,1.140625
23248.328125,1.125000
23249.593750,1.265625
23250.734375,1.140625
23251.843750,1.109375
23253.078125,1.234375
23273.515625,1.156250
23274.640625,1.125000
23275.812500,1.171875
23276.906250,1.093750
23278.031250,1.125000
23284.781250,1.140625
23285.796875,1.015625
23294.328125,1.093750
23295.343750,1.015625
23296.468750,1.125000
23297.515625,1.046875
23315.500000,1.031250
23316.640625,1.140625
23317.750000,1.109375
23318.843750,1.093750
23320.000000,1.156250
23321.171875,1.171875
23322.390625,1.218750
23323.578125,1.187500
23324.640625,1.062500
23325.734375,1.093750
23326.859375,1.125000
23327.921875,1.062500
23329.062500,1.140625
23330.218750,1.156250
23331.281250,1.062500
23366.359375,1.140625
23367.546875,1.187500
23368.609375,1.062500
23369.718750,1.109375
23370.859375,1.140625
23371.953125,1.093750
23373.093750,1.140625
23374.187500,1.093750
23375.312500,1.125000
23376.468750,1.156250
23377.500000,1.031250
23395.140625,1.234375
23396.312500,1.171875
23397.390625,1.078125
23398.484375,1.093750
23399.656250,1.171875
23400.703125,1.046875
23401.812500,1.109375
23402.953125,1.140625
23403.984375,1.031250
23405.156250,1.171875
23406.265625,1.109375
23407.281250,1.015625
23408.406250,1.125000
23409.468750,1.062500
23410.500000,1.031250
23411.640625,1.140625
23412.750000,1.109375
23413.828125,1.078125
23464.765625,1.015625
23465.843750,1.078125
23466.859375,1.015625
23467.843750,0.984375
23468.937500,1.093750
23470.000000,1.062500
23471.031250,1.031250
23472.140625,1.109375
23473.234375,1.093750
23474.250000,1.015625
23475.328125,1.078125
23476.406250,1.078125
23477.437500,1.031250
23498.296875,1.031250
23499.421875,1.125000
23500.515625,1.093750
23501.546875,1.031250
23502.734375,1.187500
23503.875000,1.140625
23504.968750,1.093750
23538.640625,0.984375
23539.718750,1.078125
23540.875000,1.156250
23541.859375,0.984375
23542.968750,1.109375
23544.093750,1.125000
23554.281250,1.015625
23555.281250,1.000000
23556.359375,1.078125
23557.406250,1.046875
23558.468750,1.062500
23559.421875,0.953125
23560.421875,1.000000
23561.500000,1.078125
23562.515625,1.015625
23563.578125,1.062500
23564.687500,1.109375
23565.703125,1.015625
23566.781250,1.078125
23567.875000,1.093750
23568.859375,0.984375
23589.718750,1.156250
23590.781250,1.062500
23591.953125,1.171875
23600.750000,1.078125
23601.937500,1.187500
23603.093750,1.156250
23604.234375,1.140625
23605.406250,1.171875
23606.531250,1.125000
23607.734375,1.203125
23608.828125,1.093750
23610.015625,1.187500
23611.140625,1.125000
23612.281250,1.140625
23613.437500,1.156250
23614.484375,1.046875
23615.687500,1.203125
23616.859375,1.171875
23617.906250,1.046875
23637.968750,1.093750
23639.031250,1.062500
23640.015625,0.984375
23641.031250,1.015625
23642.031250,1.000000
23669.656250,1.125000
23670.796875,1.140625
23671.984375,1.187500
23673.125000,1.140625
23674.250000,1.125000
23675.437500,1.187500
23676.546875,1.109375
23677.625000,1.078125
23678.781250,1.156250
23679.968750,1.187500
23681.062500,1.093750
23682.281250,1.218750
23683.468750,1.187500
23684.531250,1.062500
23685.625000,1.093750
23686.796875,1.171875
23705.687500,1.093750
23731.218750,1.187500
23732.312500,1.093750
23733.406250,1.093750
23734.562500,1.156250
23735.640625,1.078125
23736.671875,1.031250
23737.796875,1.125000
23738.843750,1.046875
23740.000000,1.156250
23741.156250,1.156250
23742.203125,1.046875
23743.296875,1.093750
23753.625000,1.000000
23754.765625,1.140625
23756.093750,1.328125
23757.109375,1.015625
23758.312500,1.203125
23759.468750,1.156250
23760.484375,1.015625
23761.609375,1.125000
23762.781250,1.171875
23763.921875,1.140625
23765.140625,1.218750
23766.343750,1.203125
23767.421875,1.078125
23774.343750,1.078125
23775.562500,1.218750
23776.765625,1.203125
23777.828125,1.062500
23779.046875,1.218750
23780.234375,1.187500
23781.281250,1.046875
23791.500000,1.109375
23800.546875,1.187500
23801.562500,1.015625
23814.828125,1.187500
23815.937500,1.109375
23817.078125,1.140625
23818.218750,1.140625
23819.296875,1.078125
23820.484375,1.187500
23821.656250,1.171875
23822.687500,1.031250
23823.828125,1.140625
23824.875000,1.046875
23825.906250,1.031250
23827.031250,1.125000
23828.125000,1.093750
23829.171875,1.046875
23830.359375,1.187500
23831.484375,1.125000
23832.562500,1.078125
23833.703125,1.140625
23834.843750,1.140625
23859.968750,0.671875
23865.890625,0.843750
24063.968750,0.796875
24174.828125,0.734375
24489.093750,0.687500
24522.453125,1.250000
24556.281250,0.906250
24583.078125,0.890625
24616.187500,0.828125
24647.859375,0.812500
24827.312500,1.078125
24828.421875,1.109375
24829.531250,1.109375
24830.625000,1.093750
24831.687500,1.062500
24832.750000,1.062500
24833.796875,1.046875
24834.765625,0.968750
24835.609375,0.843750
24836.593750,0.984375
24837.812500,1.218750
24929.218750,1.046875
24930.171875,0.953125
24931.125000,0.953125
24947.281250,1.109375
24952.359375,0.640625
24953.234375,0.875000
24954.156250,0.921875
24955.140625,0.984375
24956.187500,1.046875
24957.125000,0.937500
25025.125000,1.031250
25034.828125,0.984375
25035.875000,1.046875
25037.218750,1.343750
25049.421875,0.890625
25050.203125,0.781250
25063.734375,0.953125
25064.843750,1.109375
25072.218750,1.046875
25101.546875,1.140625
25102.765625,1.218750
25121.984375,1.343750
25123.406250,1.421875
25140.781250,1.078125
25141.906250,1.125000
25143.046875,1.140625
25144.156250,1.109375
25145.328125,1.171875
25286.921875,0.578125
25289.093750,0.375000
25289.531250,0.437500
25307.093750,1.046875
25308.203125,1.109375
25309.203125,1.000000
25310.375000,1.171875
25370.125000,1.093750
25371.109375,0.984375
25372.125000,1.015625
25373.078125,0.953125
25393.328125,0.984375
25603.296875,1.109375
25662.921875,1.093750
25685.375000,1.171875
25691.593750,1.109375
25692.593750,1.000000
25736.765625,0.968750
25757.343750,0.921875
25764.687500,1.046875
25765.734375,1.046875
25766.734375,1.000000
25767.750000,1.015625
25801.859375,1.125000
25803.000000,1.140625
25804.078125,1.078125
25805.062500,0.984375
25806.125000,1.062500
25807.250000,1.125000
25808.328125,1.078125
25809.437500,1.109375
25810.562500,1.125000
25811.578125,1.015625
25812.640625,1.062500
25813.750000,1.109375
25814.828125,1.078125
25815.843750,1.015625
25816.921875,1.078125
25817.984375,1.062500
25819.000000,1.015625
25820.093750,1.093750
25821.156250,1.062500
25828.453125,1.015625
25829.453125,1.000000
25830.531250,1.078125
25831.562500,1.031250
25832.562500,1.000000
25833.625000,1.062500
25834.640625,1.015625
25835.625000,0.984375
25836.593750,0.968750
25845.640625,0.906250
25846.593750,0.953125
25847.531250,0.937500
25848.453125,0.921875
25849.515625,1.062500
25850.531250,1.015625
25861.625000,1.078125
25876.000000,0.953125
25876.984375,0.984375
25905.265625,0.921875
25906.203125,0.937500
25914.718750,0.984375
25915.703125,0.984375
25916.734375,1.031250
25917.796875,1.062500
25949.187500,1.109375
25950.187500,1.000000
25964.890625,1.125000
26000.890625,0.921875
26001.843750,0.953125
26002.750000,0.906250
26003.656250,0.906250
26054.796875,0.890625
26056.046875,1.250000
26057.125000,1.078125
26058.156250,1.031250
26059.156250,1.000000
26060.203125,1.046875
26061.218750,1.015625
26062.281250,1.062500
26063.406250,1.125000
26064.406250,1.000000
26065.515625,1.109375
26196.078125,1.031250
26201.234375,1.234375
26267.000000,0.656250
26267.640625,0.640625
26268.296875,0.656250
26382.593750,0.937500
26383.562500,0.968750
26412.218750,1.062500
26413.187500,0.968750
26540.890625,0.703125
26541.562500,0.671875
26542.328125,0.765625
26584.953125,0.843750
26585.828125,0.875000
26586.671875,0.843750
26587.468750,0.796875
26588.375000,0.906250
26589.140625,0.765625
26613.625000,0.671875
26614.296875,0.671875
26614.890625,0.593750
26621.781250,1.046875
26622.796875,1.015625
26623.718750,0.921875
26624.703125,0.984375
26634.671875,1.078125
26635.796875,1.125000
26642.140625,1.015625
26643.187500,1.046875
26644.265625,1.078125
26645.265625,1.000000
26646.328125,1.062500
26647.453125,1.125000
26648.375000,0.921875
26649.359375,0.984375
26650.359375,1.000000
26651.312500,0.953125
26652.250000,0.937500
26653.250000,1.000000
26654.250000,1.000000
26655.312500,1.062500
26656.375000,1.062500
26657.421875,1.046875
26658.453125,1.031250
26659.437500,0.984375
26660.468750,1.031250
26661.484375,1.015625
26662.515625,1.031250
26663.562500,1.046875
26664.531250,0.968750
26665.546875,1.015625
26666.562500,1.015625
26667.546875,0.984375
26668.593750,1.046875
26669.593750,1.000000
26680.500000,0.937500
26681.453125,0.953125
26682.468750,1.015625
26683.421875,0.953125
26684.375000,0.953125
26685.343750,0.968750
26686.265625,0.921875
26687.265625,1.000000
26688.265625,1.000000
26689.203125,0.937500
26690.203125,1.000000
26691.234375,1.031250
26692.281250,1.046875
26693.281250,1.000000
26694.171875,0.890625
26695.046875,0.875000
26695.968750,0.921875
26696.921875,0.953125
26697.890625,0.968750
26698.812500,0.921875
26699.796875,0.984375
26700.781250,0.984375
26701.703125,0.921875
26702.609375,0.906250
26703.500000,0.890625
26704.531250,1.031250
26705.625000,1.093750
26706.640625,1.015625
26707.750000,1.109375
26708.703125,0.953125
26709.703125,1.000000
26710.703125,1.000000
26711.734375,1.031250
26712.656250,0.921875
26713.625000,0.968750
26714.609375,0.984375
26715.562500,0.953125
26716.515625,0.953125
26717.453125,0.937500
26718.375000,0.921875
26719.265625,0.890625
26720.109375,0.843750
26720.937500,0.828125
26721.781250,0.843750
26722.640625,0.859375
26723.593750,0.953125
26724.609375,1.015625
26725.656250,1.046875
26726.609375,0.953125
26727.593750,0.984375
26728.578125,0.984375
26729.468750,0.890625
26730.468750,1.000000
26737.687500,0.875000
26738.625000,0.937500
26739.546875,0.921875
26740.531250,0.984375
26741.578125,1.046875
26742.500000,0.921875
26743.468750,0.968750
26744.421875,0.953125
26745.359375,0.937500
26746.328125,0.968750
26747.390625,1.062500
26748.406250,1.015625
26763.062500,0.906250
26764.125000,1.062500
26765.218750,1.093750
26766.234375,1.015625
26767.312500,1.078125
26768.390625,1.078125
26769.421875,1.031250
26770.453125,1.031250
26771.515625,1.062500
26778.687500,1.109375
26779.796875,1.109375
26780.734375,0.937500
26781.750000,1.015625
26782.781250,1.031250
26783.687500,0.906250
26784.609375,0.921875
26785.406250,0.796875
26803.843750,0.890625
26804.890625,1.046875
26805.968750,1.078125
26822.125000,1.093750
26823.187500,1.062500
26824.109375,0.921875
26825.062500,0.953125
26906.281250,1.000000
26907.171875,0.890625
26908.015625,0.843750
26928.078125,1.046875
26929.078125,1.000000
26930.015625,0.937500
26931.156250,1.140625
26932.218750,1.062500
26944.593750,0.984375
26945.421875,0.828125
26946.218750,0.796875
26955.640625,1.109375
26956.453125,0.812500
26957.312500,0.859375
27086.281250,0.890625
27087.187500,0.906250
27088.156250,0.968750
27089.109375,0.953125
27090.062500,0.953125
27098.843750,0.875000
27099.765625,0.921875
27100.843750,1.078125
27101.890625,1.046875
27102.968750,1.078125
27104.078125,1.109375
27105.140625,1.062500
27106.203125,1.062500
27107.281250,1.078125
27108.296875,1.015625
27109.359375,1.062500
27110.421875,1.062500
27111.437500,1.015625
27112.531250,1.093750
27113.625000,1.093750
27114.703125,1.078125
27115.828125,1.125000
27181.875000,0.843750
27194.406250,1.093750
27195.515625,1.109375
27214.968750,1.078125
27215.968750,1.000000
27256.937500,1.046875
27257.937500,1.000000
27258.984375,1.046875
27260.031250,1.046875
27261.062500,1.031250
27262.125000,1.062500
27263.140625,1.015625
27264.203125,1.062500
27265.296875,1.093750
27266.234375,0.937500
27267.234375,1.000000
27268.296875,1.062500
27269.328125,1.031250
27270.359375,1.031250
27314.500000,0.921875
27321.359375,1.015625
27322.296875,0.937500
27330.421875,0.968750
27331.437500,1.015625
27436.609375,1.031250
27608.421875,1.359375
27621.296875,1.187500
27622.437500,1.140625
27631.921875,1.125000
27632.937500,1.015625
27634.046875,1.109375
27635.062500,1.015625
27635.984375,0.921875
27637.171875,1.187500
27638.171875,1.000000
27639.078125,0.906250
27640.296875,1.218750
27641.218750,0.921875
27644.953125,0.687500
27649.281250,0.843750
27696.875000,1.062500
27795.046875,1.078125
27796.140625,1.093750
27797.250000,1.109375
27798.250000,1.000000
27799.359375,1.109375
27800.484375,1.125000
27801.421875,0.937500
27802.468750,1.046875
27803.531250,1.062500
27804.546875,1.015625
27805.625000,1.078125
27812.859375,1.109375
27820.171875,1.062500
27821.250000,1.078125
27838.265625,1.015625
27839.203125,0.937500
27840.296875,1.093750
27841.343750,1.046875
27842.437500,1.093750
27843.421875,0.984375
27844.468750,1.046875
27845.531250,1.062500
27846.515625,0.984375
27847.640625,1.125000
27848.718750,1.078125
27876.546875,1.171875
27877.640625,1.093750
27878.781250,1.140625
27879.906250,1.125000
27880.843750,0.937500
27972.406250,0.828125
27973.234375,0.828125
27974.156250,0.921875
27975.156250,1.000000
27976.140625,0.984375
27977.156250,1.015625
27977.953125,0.796875
27978.968750,1.015625
27979.921875,0.953125
28009.812500,0.828125
28010.546875,0.734375
28068.375000,1.078125
28069.531250,1.156250
28085.203125,0.390625
28114.906250,0.921875
28115.937500,1.031250
28116.937500,1.000000
28117.890625,0.953125
28118.859375,0.968750
28119.843750,0.984375
28120.781250,0.937500
28121.734375,0.953125
28122.750000,1.015625
28123.687500,0.937500
28124.640625,0.953125
28125.546875,0.906250
28147.390625,0.921875
28148.171875,0.781250
28160.156250,1.000000
28161.312500,1.156250
28185.015625,0.968750
28185.937500,0.921875
28186.828125,0.890625
28187.546875,0.718750
28210.015625,0.875000
28218.156250,0.734375
28353.546875,0.984375
28354.437500,0.890625
28595.468750,0.828125
28644.281250,0.968750
28645.203125,0.921875
28755.234375,0.859375
29014.468750,1.000000
29015.515625,1.046875
29028.265625,1.234375
29099.281250,1.093750
29100.250000,0.968750
29108.125000,0.843750
29151.281250,0.953125
29152.265625,0.984375
29595.109375,1.093750
29596.093750,0.984375
29597.062500,0.968750
29598.140625,1.078125
29599.125000,0.984375
29600.203125,1.078125
29601.250000,1.046875
29602.281250,1.031250
29603.359375,1.078125
29604.531250,1.171875
29605.640625,1.109375
29742.593750,1.125000
29743.703125,1.109375
29744.906250,1.203125
29746.062500,1.156250
29747.171875,1.109375
29748.500000,1.328125
29749.656250,1.156250
29768.796875,0.875000
29775.796875,1.140625
29776.812500,1.015625
29777.953125,1.140625
29779.156250,1.203125
29780.218750,1.062500
29781.468750,1.250000
29782.703125,1.234375
29783.781250,1.078125
29784.968750,1.187500
29786.203125,1.234375
29787.312500,1.109375
29788.421875,1.109375
29789.375000,0.953125
29790.421875,1.046875
29791.546875,1.125000
29792.593750,1.046875
29793.640625,1.046875
29794.875000,1.234375
29796.109375,1.234375
29797.234375,1.125000
29798.406250,1.171875
29799.562500,1.156250
29800.625000,1.062500
29801.843750,1.218750
29803.062500,1.218750
29804.156250,1.093750
29805.375000,1.218750
29806.546875,1.171875
29807.671875,1.125000
